HMM 27 1762
0.990656 0.004651 0.000000 0.000000 0.000000 0.000000 0.000000 0.004693 0.000000 0.000000 0.000000 0.000000 0.000000 0.000000 0.000000 0.000000 0.000000 0.000000 0.000000 0.000000 0.000000 0.000000 0.000000 0.000000 0.000000 0.000000
0.838582 0.160374 0.000000 0.000000 0.001044 0.000000 0.000000 0.000000 0.000000 0.000000 0.000000 0.000000 0.000000 0.000000 0.000000 0.000000 0.000000 0.000000 0.000000 0.000000 0.000000 0.000000 0.000000 0.000000 0.000000 0.000000 0.000000e+00
0.000615 0.873749 0.006527 0.004554 0.060821 0.000000 0.000000 0.000000 0.000000 0.000000 0.000000 0.047301 0.000000 0.000000 0.005260 0.000000 0.000000 0.000000 0.000000 0.000000 0.000000 0.000000 0.000000 0.000000 0.000000 0.000000 1.173911e-03
0.000000 0.000000 0.000000 0.056238 0.000000 0.004872 0.118234 0.046865 0.095333 0.000000 0.126149 0.000000 0.246257 0.071951 0.000000 0.000000 0.027934 0.000000 0.000000 0.004687 0.004687 0.000000 0.009373 0.000000 0.004687 0.000000 1.827341e-01
0.000000 0.000000 0.085506 0.544939 0.000000 0.000000 0.000000 0.010692 0.121844 0.000000 0.000000 0.000000 0.023925 0.000000 0.000000 0.000000 0.000000 0.000000 0.000000 0.000000 0.000000 0.000000 0.030442 0.020295 0.000000 0.000000 1.623572e-01
0.000000 0.001540 0.044543 0.000000 0.879569 0.013125 0.015621 0.000000 0.036371 0.000000 0.008089 0.000000 0.000000 0.000000 0.000000 0.000000 0.000000 0.000000 0.000000 0.000000 0.000000 0.000000 0.001142 0.000000 0.000000 0.000000 0.000000e+00
0.000000 0.000000 0.282933 0.000000 0.000000 0.592999 0.000000 0.000000 0.000000 0.000000 0.050212 0.000000 0.000000 0.000000 0.000000 0.000000 0.000000 0.000000 0.000000 0.000000 0.000000 0.000000 0.000000 0.000000 0.000000 0.000000 7.385674e-02
0.000000 0.000000 0.264888 0.044148 0.000000 0.014716 0.133071 0.132444 0.086254 0.015982 0.029432 0.000000 0.102471 0.000000 0.000000 0.014716 0.014716 0.000000 0.000000 0.000000 0.000000 0.000000 0.000000 0.000000 0.000000 0.014716 1.324443e-01
0.000000 0.006907 0.000000 0.061984 0.000000 0.000000 0.006846 0.855799 0.034232 0.020508 0.006846 0.000000 0.006877 0.000000 0.000000 0.000000 0.000000 0.000000 0.000000 0.000000 0.000000 0.000000 0.000000 0.000000 0.000000 0.000000 0.000000e+00
0.000000 0.000000 0.089296 0.013228 0.000000 0.009921 0.009950 0.000000 0.490105 0.006616 0.049642 0.000000 0.003323 0.000000 0.000000 0.003275 0.000000 0.000000 0.006614 0.000000 0.000000 0.003307 0.003307 0.000000 0.000000 0.000000 3.114156e-01
0.000000 0.000000 0.000000 0.000000 0.000000 0.000000 0.000000 0.000000 0.671375 0.000000 0.328625 0.000000 0.000000 0.000000 0.000000 0.000000 0.000000 0.000000 0.000000 0.000000 0.000000 0.000000 0.000000 0.000000 0.000000 0.000000 0.000000e+00
0.000000 0.000000 0.050753 0.050753 0.000000 0.000000 0.115978 0.000000 0.029002 0.000000 0.557558 0.000000 0.000000 0.007280 0.000000 0.000000 0.007344 0.007250 0.000000 0.000000 0.000000 0.000000 0.000000 0.007250 0.000000 0.000000 1.668310e-01
0.000000 0.000000 0.243101 0.000000 0.000000 0.000000 0.000000 0.000000 0.000000 0.000000 0.000000 0.745444 0.011455 0.000000 0.000000 0.000000 0.000000 0.000000 0.000000 0.000000 0.000000 0.000000 0.000000 0.000000 0.000000 0.000000 0.000000e+00
0.000000 0.000000 0.014288 0.000000 0.000000 0.000000 0.000000 0.000000 0.079744 0.000000 0.000000 0.000000 0.032991 0.830620 0.000000 0.000000 0.000000 0.000000 0.000000 0.000000 0.000000 0.000000 0.028226 0.000000 0.000000 0.000000 1.413138e-02
0.000000 0.000000 0.035241 0.000000 0.000000 0.000000 0.000000 0.000000 0.736433 0.000000 0.000000 0.000000 0.000000 0.112287 0.000000 0.000000 0.000000 0.011803 0.000000 0.000000 0.000000 0.000000 0.000000 0.000000 0.000000 0.000000 1.042367e-01
0.000000 0.000000 0.118421 0.000000 0.000000 0.000000 0.000000 0.000000 0.000000 0.000000 0.000000 0.000000 0.000000 0.000000 0.881579 0.000000 0.000000 0.000000 0.000000 0.000000 0.000000 0.000000 0.000000 0.000000 0.000000 0.000000 0.000000e+00
0.000000 0.000000 0.251221 0.000000 0.000000 0.000000 0.000000 0.000000 0.000000 0.000000 0.000000 0.000000 0.000000 0.000000 0.000000 0.500000 0.000000 0.000000 0.000000 0.000000 0.000000 0.000000 0.000000 0.000000 0.000000 0.000000 2.487787e-01
0.000000 0.000000 0.000000 0.000000 0.000000 0.000000 0.000000 0.000000 0.000000 0.000000 0.061795 0.000000 0.000000 0.000000 0.000000 0.000000 0.750314 0.156576 0.000000 0.000000 0.000000 0.000000 0.000000 0.000000 0.000000 0.000000 3.131519e-02
0.000000 0.000000 0.000000 0.000000 0.000000 0.000000 0.000000 0.000000 0.000000 0.000000 0.000000 0.000000 0.000000 0.000000 0.000000 0.000000 0.000000 0.720000 0.000000 0.000000 0.000000 0.000000 0.000000 0.000000 0.000000 0.000000 2.800000e-01
0.000000 0.000000 0.000000 0.000000 0.000000 0.000000 0.000000 0.000000 0.000000 0.000000 0.000000 0.000000 0.000000 0.000000 0.000000 0.000000 0.000000 0.000000 0.666667 0.000000 0.000000 0.000000 0.000000 0.000000 0.000000 0.000000 3.333333e-01
0.000000 0.000000 0.000000 0.000000 0.000000 0.000000 0.000000 0.000000 0.000000 0.000000 0.333333 0.000000 0.000000 0.000000 0.000000 0.000000 0.000000 0.000000 0.000000 0.666667 0.000000 0.000000 0.000000 0.000000 0.000000 0.000000 0.000000e+00
0.000000 0.000000 0.000000 0.000000 0.000000 0.000000 0.000000 0.000000 0.500000 0.000000 0.000000 0.000000 0.000000 0.000000 0.000000 0.000000 0.000000 0.000000 0.000000 0.000000 0.500000 0.000000 0.000000 0.000000 0.000000 0.000000 0.000000e+00
0.000000 0.000000 0.000000 0.000000 0.000000 0.000000 0.000000 0.000000 0.000000 0.000000 0.000000 0.000000 0.000000 0.000000 0.000000 0.000000 0.000000 0.000000 0.000000 0.000000 0.000000 0.000000 0.000000 0.000000 0.000000 0.000000 1.000000e+00
0.000000 0.000000 0.000000 0.054054 0.000000 0.000000 0.000000 0.000000 0.054054 0.000000 0.054054 0.000000 0.027027 0.000000 0.000000 0.000000 0.000000 0.000000 0.000000 0.000000 0.000000 0.000000 0.756757 0.000000 0.000000 0.000000 5.405405e-02
0.000000 0.000000 0.000000 0.000000 0.000000 0.000000 0.000000 0.000000 0.000000 0.000000 0.000000 0.000000 0.000000 0.000000 0.000000 0.000000 0.000000 0.000000 0.000000 0.000000 0.000000 0.000000 0.000000 0.400000 0.000000 0.000000 6.000000e-01
0.000000 0.000000 0.000000 0.000000 0.000000 0.000000 0.000000 0.000000 0.000000 0.000000 0.000000 0.000000 0.000000 0.000000 0.000000 0.000000 0.000000 0.000000 0.000000 0.000000 0.000000 0.000000 0.000000 0.000000 0.000000 0.000000 1.000000e+00
0.000000 0.000000 0.000000 0.000000 0.000000 0.000000 0.000000 0.000000 0.000000 0.000000 0.000000 0.000000 0.000000 0.000000 0.000000 0.000000 0.000000 0.000000 0.000000 0.000000 0.000000 0.000000 0.000000 0.000000 0.000000 0.500000 5.000000e-01
7.541275e-04 8.968520e-09 5.800406e-09 5.793685e-09 6.406086e-09 5.730602e-09 5.740471e-09 5.871932e-09 6.578882e-09 5.688225e-09 5.998740e-09 5.896167e-09 5.837653e-09 5.753682e-09 5.753682e-09 5.688225e-09 5.743768e-09 5.707705e-09 5.688225e-09 5.684991e-09 5.681761e-09 5.678535e-09 5.707705e-09 5.684991e-09 5.678535e-09 5.681761e-09 0.000000e+00 A.V.
7.541275e-04 8.968520e-09 5.800406e-09 5.793685e-09 6.406086e-09 5.730602e-09 5.740471e-09 5.871932e-09 6.578882e-09 5.688225e-09 5.998740e-09 5.896167e-09 5.837653e-09 5.753682e-09 5.753682e-09 5.688225e-09 5.743768e-09 5.707705e-09 5.688225e-09 5.684991e-09 5.681761e-09 5.678535e-09 5.707705e-09 5.684991e-09 5.678535e-09 5.681761e-09 0.000000e+00 Aho
2.194817e-01 2.672536e-02 5.800406e-09 2.997770e-02 3.149219e-02 5.730602e-09 5.740471e-09 2.262399e-01 6.578882e-09 5.688225e-09 5.998740e-09 8.069893e-02 5.837653e-09 5.753682e-09 5.753682e-09 5.688225e-09 3.131487e-02 3.999960e-02 5.688225e-09 5.684991e-09 5.681761e-09 5.678535e-09 5.707705e-09 5.684991e-09 5.678535e-09 5.681761e-09 0.000000e+00 and
3.770638e-03 8.968520e-09 5.800406e-09 5.793685e-09 6.406086e-09 5.730602e-09 5.740471e-09 5.871932e-09 6.578882e-09 5.688225e-09 5.998740e-09 5.896167e-09 5.837653e-09 5.753682e-09 5.753682e-09 5.688225e-09 5.743768e-09 5.707705e-09 5.688225e-09 5.684991e-09 5.681761e-09 5.678535e-09 5.707705e-09 5.684991e-09 5.678535e-09 5.681761e-09 0.000000e+00 J.D.
1.508255e-03 8.968520e-09 5.800406e-09 5.793685e-09 6.406086e-09 5.730602e-09 5.740471e-09 5.871932e-09 6.578882e-09 5.688225e-09 5.998740e-09 5.896167e-09 5.837653e-09 5.753682e-09 5.753682e-09 5.688225e-09 5.743768e-09 5.707705e-09 5.688225e-09 5.684991e-09 5.681761e-09 5.678535e-09 5.707705e-09 5.684991e-09 5.678535e-09 5.681761e-09 0.000000e+00 Ullman
7.173529e-09 7.597809e-03 5.800406e-09 5.793685e-09 6.406086e-09 5.730602e-09 5.740471e-09 5.871932e-09 6.578882e-09 5.688225e-09 7.250385e-03 5.896167e-09 5.837653e-09 5.753682e-09 5.753682e-09 5.688225e-09 5.743768e-09 5.707705e-09 5.688225e-09 5.684991e-09 5.681761e-09 5.678535e-09 5.707705e-09 5.684991e-09 5.678535e-09 5.681761e-09 0.000000e+00 The
7.173529e-09 8.968520e-09 5.800406e-09 5.793685e-09 6.406086e-09 5.730602e-09 5.740471e-09 5.871932e-09 6.578882e-09 5.688225e-09 5.998740e-09 5.896167e-09 5.837653e-09 5.753682e-09 5.753682e-09 5.688225e-09 5.743768e-09 5.707705e-09 5.688225e-09 5.684991e-09 5.681761e-09 5.678535e-09 5.707705e-09 5.684991e-09 5.678535e-09 5.681761e-09 0.000000e+00 theory
7.173529e-09 4.987616e-02 5.800406e-09 5.793685e-09 8.901786e-02 8.170626e-02 5.740471e-09 5.871932e-09 6.578882e-09 5.688225e-09 1.923196e-11 2.968200e-02 5.837653e-09 5.753682e-09 2.631554e-02 5.688225e-09 6.139100e-02 5.707705e-09 5.688225e-09 5.684991e-09 5.681761e-09 5.678535e-09 5.707705e-09 5.684991e-09 5.678535e-09 5.681761e-09 0.000000e+00 of
7.173529e-09 1.753341e-03 5.800406e-09 5.793685e-09 6.406086e-09 5.730602e-09 5.740471e-09 5.871932e-09 6.578882e-09 5.688225e-09 5.998740e-09 5.896167e-09 5.837653e-09 5.753682e-09 5.753682e-09 5.688225e-09 5.743768e-09 5.707705e-09 5.688225e-09 5.684991e-09 5.681761e-09 5.678535e-09 5.707705e-09 5.684991e-09 5.678535e-09 5.681761e-09 0.000000e+00 parsing
7.173529e-09 1.344228e-02 5.800406e-09 5.793685e-09 6.406086e-09 5.730602e-09 5.740471e-09 5.871932e-09 6.578882e-09 5.688225e-09 5.998740e-09 5.896167e-09 5.837653e-09 5.753682e-09 5.753682e-09 5.688225e-09 5.743768e-09 5.707705e-09 5.688225e-09 5.684991e-09 5.681761e-09 5.678535e-09 5.707705e-09 5.684991e-09 5.678535e-09 5.681761e-09 0.000000e+00 translation
7.173529e-09 8.968520e-09 5.800406e-09 5.793685e-09 6.406086e-09 5.730602e-09 5.740471e-09 5.871932e-09 6.578882e-09 5.688225e-09 5.998740e-09 5.896167e-09 5.837653e-09 5.753682e-09 5.753682e-09 5.688225e-09 5.743768e-09 5.707705e-09 5.688225e-09 5.684991e-09 5.681761e-09 5.678535e-09 5.707705e-09 5.684991e-09 5.678535e-09 5.681761e-09 0.000000e+00 compiling.
7.173529e-09 8.968520e-09 5.800406e-09 5.793685e-09 6.406086e-09 5.730602e-09 5.740471e-09 5.871932e-09 6.578882e-09 5.688225e-09 5.998740e-09 5.896167e-09 5.837653e-09 5.753682e-09 5.753682e-09 5.688225e-09 5.743768e-09 5.707705e-09 5.688225e-09 5.684991e-09 5.681761e-09 5.678535e-09 5.707705e-09 5.684991e-09 5.678535e-09 5.681761e-09 0.000000e+00 Volumen
7.173529e-09 8.968520e-09 5.800406e-09 5.793685e-09 6.406086e-09 5.730602e-09 5.740471e-09 5.871932e-09 6.578882e-09 5.688225e-09 5.998740e-09 5.896167e-09 5.837653e-09 5.753682e-09 5.753682e-09 5.688225e-09 5.743768e-09 5.707705e-09 5.688225e-09 5.684991e-09 5.681761e-09 5.678535e-09 5.707705e-09 5.684991e-09 5.678535e-09 5.681761e-09 0.000000e+00 I:
7.173529e-09 8.968520e-09 5.800406e-09 5.793685e-09 6.406086e-09 5.730602e-09 5.740471e-09 5.871932e-09 6.578882e-09 5.688225e-09 5.998740e-09 5.896167e-09 5.837653e-09 5.753682e-09 5.753682e-09 5.688225e-09 5.743768e-09 5.707705e-09 5.688225e-09 5.684991e-09 5.681761e-09 5.678535e-09 5.707705e-09 5.684991e-09 5.678535e-09 5.681761e-09 0.000000e+00 1972
7.173529e-09 8.968520e-09 5.800406e-09 2.029445e-02 6.406086e-09 5.730602e-09 5.740471e-09 5.871932e-09 6.578882e-09 5.688225e-09 5.998740e-09 5.896167e-09 5.837653e-09 5.753682e-09 5.753682e-09 5.688225e-09 5.743768e-09 5.707705e-09 5.688225e-09 5.684991e-09 5.681761e-09 5.678535e-09 5.707705e-09 5.684991e-09 5.678535e-09 5.681761e-09 0.000000e+00 Prentice-Hall
1.508255e-03 8.968520e-09 5.800406e-09 5.793685e-09 6.406086e-09 5.730602e-09 5.740471e-09 5.871932e-09 6.578882e-09 5.688225e-09 5.998740e-09 5.896167e-09 5.837653e-09 5.753682e-09 5.753682e-09 5.688225e-09 5.743768e-09 5.707705e-09 5.688225e-09 5.684991e-09 5.681761e-09 5.678535e-09 5.707705e-09 5.684991e-09 5.678535e-09 5.681761e-09 0.000000e+00 J.E.
1.508255e-03 8.968520e-09 5.800406e-09 5.793685e-09 6.406086e-09 5.730602e-09 5.740471e-09 5.871932e-09 6.578882e-09 5.688225e-09 5.998740e-09 5.896167e-09 5.837653e-09 5.753682e-09 5.753682e-09 5.688225e-09 5.743768e-09 5.707705e-09 5.688225e-09 5.684991e-09 5.681761e-09 5.678535e-09 5.707705e-09 5.684991e-09 5.678535e-09 5.681761e-09 0.000000e+00 Hopcroft
7.173529e-09 5.844468e-04 5.800406e-09 5.793685e-09 6.406086e-09 5.730602e-09 5.740471e-09 5.871932e-09 6.578882e-09 5.688225e-09 5.998740e-09 5.896167e-09 5.837653e-09 5.753682e-09 5.753682e-09 5.688225e-09 5.743768e-09 5.707705e-09 5.688225e-09 5.684991e-09 5.681761e-09 5.678535e-09 5.707705e-09 5.684991e-09 5.678535e-09 5.681761e-09 0.000000e+00 Design
7.173529e-09 1.178424e-03 5.800406e-09 5.793685e-09 1.157618e-02 5.730602e-09 5.740471e-09 5.871932e-09 6.578882e-09 5.688225e-09 5.998740e-09 1.839216e-02 5.837653e-09 5.753682e-09 5.753682e-09 5.688225e-09 5.743768e-09 5.707705e-09 5.688225e-09 5.684991e-09 5.681761e-09 5.678535e-09 5.707705e-09 5.684991e-09 5.678535e-09 5.681761e-09 0.000000e+00 Analysis
7.173529e-09 2.640636e-03 5.800406e-09 5.993180e-17 6.406086e-09 5.730602e-09 5.740471e-09 5.871932e-09 6.578882e-09 5.688225e-09 5.998740e-09 2.982316e-02 5.837653e-09 5.753682e-09 2.631534e-02 5.688225e-09 5.743768e-09 3.999960e-02 5.688225e-09 5.684991e-09 5.681761e-09 5.678535e-09 1.621605e-01 5.684991e-09 5.678535e-09 5.681761e-09 0.000000e+00 Computer
7.173529e-09 2.909825e-03 5.800406e-09 5.793685e-09 2.308378e-03 5.730602e-09 5.740471e-09 5.871932e-09 6.578882e-09 5.688225e-09 5.998740e-09 5.896167e-09 5.837653e-09 5.753682e-09 5.753682e-09 5.688225e-09 5.743768e-09 5.707705e-09 5.688225e-09 5.684991e-09 5.681761e-09 5.678535e-09 5.707705e-09 5.684991e-09 5.678535e-09 5.681761e-09 0.000000e+00 Algorithms
7.173529e-09 8.968520e-09 1.405942e-02 5.793685e-09 6.406086e-09 5.730602e-09 5.740471e-09 5.871932e-09 6.578882e-09 5.688225e-09 5.998740e-09 5.896167e-09 5.837653e-09 5.753682e-09 5.753682e-09 5.688225e-09 5.743768e-09 5.707705e-09 5.688225e-09 5.684991e-09 5.681761e-09 5.678535e-09 5.707705e-09 5.684991e-09 5.678535e-09 5.681761e-09 0.000000e+00 1974
7.173529e-09 8.968520e-09 5.800406e-09 4.058889e-02 6.406086e-09 5.730602e-09 5.740471e-09 5.871932e-09 6.578882e-09 5.688225e-09 5.998740e-09 5.896167e-09 5.837653e-09 5.753682e-09 5.753682e-09 5.688225e-09 5.743768e-09 5.707705e-09 5.688225e-09 5.684991e-09 5.681761e-09 5.678535e-09 5.707705e-09 5.684991e-09 5.678535e-09 5.681761e-09 0.000000e+00 Addison-Wesley
2.865685e-02 8.968520e-09 5.800406e-09 5.793685e-09 6.406086e-09 5.730602e-09 5.740471e-09 6.846268e-03 6.578882e-09 5.688225e-09 5.998740e-09 5.896167e-09 5.837653e-09 5.753682e-09 5.753682e-09 5.688225e-09 5.743768e-09 5.707705e-09 5.688225e-09 5.684991e-09 5.681761e-09 5.678535e-09 5.707705e-09 5.684991e-09 5.678535e-09 5.681761e-09 0.000000e+00 F.
7.541275e-04 8.968520e-09 5.800406e-09 5.793685e-09 6.406086e-09 5.730602e-09 5.740471e-09 5.871932e-09 6.578882e-09 5.688225e-09 5.998740e-09 5.896167e-09 5.837653e-09 5.753682e-09 5.753682e-09 5.688225e-09 5.743768e-09 5.707705e-09 5.688225e-09 5.684991e-09 5.681761e-09 5.678535e-09 5.707705e-09 5.684991e-09 5.678535e-09 5.681761e-09 0.000000e+00 Amaya
2.262383e-02 8.968520e-09 5.800406e-09 5.793685e-09 6.406086e-09 5.730602e-09 5.740471e-09 6.846268e-03 6.578882e-09 5.688225e-09 5.998740e-09 5.896167e-09 5.837653e-09 5.753682e-09 5.753682e-09 5.688225e-09 5.743768e-09 5.707705e-09 5.688225e-09 5.684991e-09 5.681761e-09 5.678535e-09 5.707705e-09 5.684991e-09 5.678535e-09 5.681761e-09 0.000000e+00 J.M.
2.186970e-02 8.968520e-09 5.800406e-09 5.793685e-09 6.406086e-09 5.730602e-09 5.740471e-09 5.871932e-09 6.578882e-09 5.688225e-09 5.998740e-09 5.896167e-09 5.837653e-09 5.753682e-09 5.753682e-09 5.688225e-09 5.743768e-09 5.707705e-09 5.688225e-09 5.684991e-09 5.681761e-09 5.678535e-09 5.707705e-09 5.684991e-09 5.678535e-09 5.681761e-09 0.000000e+00 Benedí
2.790272e-02 8.968520e-09 5.800406e-09 5.793685e-09 6.406086e-09 5.730602e-09 5.740471e-09 5.871932e-09 6.578882e-09 5.688225e-09 5.998740e-09 5.896167e-09 5.837653e-09 5.753682e-09 5.753682e-09 5.688225e-09 5.743768e-09 5.707705e-09 5.688225e-09 5.684991e-09 5.681761e-09 5.678535e-09 5.707705e-09 5.684991e-09 5.678535e-09 5.681761e-09 0.000000e+00 J.A.
2.488621e-02 8.968520e-09 5.800406e-09 5.793685e-09 6.406086e-09 5.730602e-09 5.740471e-09 6.846268e-03 6.578882e-09 5.688225e-09 5.998740e-09 5.896167e-09 5.837653e-09 5.753682e-09 5.753682e-09 5.688225e-09 5.743768e-09 5.707705e-09 5.688225e-09 5.684991e-09 5.681761e-09 5.678535e-09 5.707705e-09 5.684991e-09 5.678535e-09 5.681761e-09 0.000000e+00 Sánchez
7.173529e-09 8.185109e-03 5.800406e-09 5.793685e-09 3.420621e-03 5.730602e-09 5.740471e-09 5.871932e-09 6.578882e-09 5.688225e-09 5.998740e-09 5.896167e-09 5.837653e-09 5.753682e-09 5.753682e-09 5.688225e-09 5.743768e-09 5.707705e-09 5.688225e-09 5.684991e-09 5.681761e-09 5.678535e-09 5.707705e-09 5.684991e-09 5.678535e-09 5.681761e-09 0.000000e+00 Learning
7.173529e-09 5.844468e-03 5.800406e-09 5.793685e-09 6.406086e-09 5.730602e-09 5.740471e-09 5.871932e-09 6.578882e-09 5.688225e-09 5.998740e-09 5.896167e-09 5.837653e-09 5.753682e-09 5.753682e-09 5.688225e-09 5.743768e-09 5.707705e-09 5.688225e-09 5.684991e-09 5.681761e-09 5.678535e-09 5.707705e-09 5.684991e-09 5.678535e-09 5.681761e-09 0.000000e+00 stochastic
7.173529e-09 6.428915e-03 5.800406e-09 5.793685e-09 6.406086e-09 5.730602e-09 5.740471e-09 5.871932e-09 6.578882e-09 5.688225e-09 5.998740e-09 5.896167e-09 5.837653e-09 5.753682e-09 5.753682e-09 5.688225e-09 5.743768e-09 5.707705e-09 5.688225e-09 5.684991e-09 5.681761e-09 5.678535e-09 5.707705e-09 5.684991e-09 5.678535e-09 5.681761e-09 0.000000e+00 context-free
7.173529e-09 4.675575e-03 5.800406e-09 5.793685e-09 6.406086e-09 5.730602e-09 5.740471e-09 5.871932e-09 6.578882e-09 5.688225e-09 5.998740e-09 5.896167e-09 5.837653e-09 5.753682e-09 5.753682e-09 5.688225e-09 5.743768e-09 5.707705e-09 5.688225e-09 5.684991e-09 5.681761e-09 5.678535e-09 5.707705e-09 5.684991e-09 5.678535e-09 5.681761e-09 0.000000e+00 grammars
7.173529e-09 6.428915e-03 5.800406e-09 5.793685e-09 6.406086e-09 5.730602e-09 5.740471e-09 5.871932e-09 6.578882e-09 5.688225e-09 5.998740e-09 5.896167e-09 5.837653e-09 5.753682e-09 5.753682e-09 5.688225e-09 5.743768e-09 5.707705e-09 5.688225e-09 5.684991e-09 5.681761e-09 5.678535e-09 5.707705e-09 5.684991e-09 5.678535e-09 5.681761e-09 0.000000e+00 from
7.173529e-09 1.753341e-03 5.800406e-09 5.793685e-09 6.406086e-09 5.730602e-09 5.740471e-09 5.871932e-09 6.578882e-09 5.688225e-09 5.998740e-09 5.896167e-09 5.837653e-09 5.753682e-09 5.753682e-09 5.688225e-09 5.743768e-09 5.707705e-09 5.688225e-09 5.684991e-09 5.681761e-09 5.678535e-09 5.707705e-09 5.684991e-09 5.678535e-09 5.681761e-09 0.000000e+00 bracketed
7.173529e-09 2.031105e-03 5.800406e-09 5.793685e-09 1.741351e-03 5.730602e-09 5.740471e-09 5.871932e-09 6.578882e-09 5.688225e-09 5.998740e-09 5.896167e-09 5.837653e-09 5.753682e-09 5.753682e-09 5.688225e-09 5.743768e-09 5.707705e-09 5.688225e-09 5.684991e-09 5.681761e-09 5.678535e-09 5.707705e-09 5.684991e-09 5.678535e-09 5.681761e-09 0.000000e+00 corpora
7.173529e-09 4.675575e-03 5.800406e-09 5.793685e-09 6.406086e-09 5.730602e-09 5.740471e-09 5.871932e-09 6.578882e-09 5.688225e-09 5.998740e-09 5.896167e-09 5.837653e-09 5.753682e-09 5.753682e-09 5.688225e-09 5.743768e-09 5.707705e-09 5.688225e-09 5.684991e-09 5.681761e-09 5.678535e-09 5.707705e-09 5.684991e-09 5.678535e-09 5.681761e-09 0.000000e+00 by
7.173529e-09 1.753341e-03 5.800406e-09 5.793685e-09 6.406086e-09 5.730602e-09 5.740471e-09 5.871932e-09 6.578882e-09 5.688225e-09 5.998740e-09 5.896167e-09 5.837653e-09 5.753682e-09 5.753682e-09 5.688225e-09 5.743768e-09 5.707705e-09 5.688225e-09 5.684991e-09 5.681761e-09 5.678535e-09 5.707705e-09 5.684991e-09 5.678535e-09 5.681761e-09 0.000000e+00 means
7.173529e-09 1.168894e-03 5.800406e-09 5.793685e-09 6.406086e-09 5.730602e-09 5.740471e-09 5.871932e-09 6.578882e-09 5.688225e-09 5.998740e-09 5.896167e-09 5.837653e-09 5.753682e-09 5.753682e-09 5.688225e-09 5.743768e-09 5.707705e-09 5.688225e-09 5.684991e-09 5.681761e-09 5.678535e-09 5.707705e-09 5.684991e-09 5.678535e-09 5.681761e-09 0.000000e+00 reestimation
7.173529e-09 1.168894e-03 5.800406e-09 5.793685e-09 6.406086e-09 5.730602e-09 5.740471e-09 5.871932e-09 6.578882e-09 5.688225e-09 5.998740e-09 5.896167e-09 5.837653e-09 5.753682e-09 5.753682e-09 5.688225e-09 5.743768e-09 5.707705e-09 5.688225e-09 5.684991e-09 5.681761e-09 5.678535e-09 5.707705e-09 5.684991e-09 5.678535e-09 5.681761e-09 0.000000e+00 algorithms
7.173529e-09 8.968520e-09 5.800406e-09 5.793685e-09 4.568259e-02 5.730602e-09 5.740471e-09 5.871932e-09 6.578882e-09 5.688225e-09 5.998740e-09 4.294391e-08 5.837653e-09 5.753682e-09 5.753682e-09 5.688225e-09 5.743768e-09 5.707705e-09 5.688225e-09 5.684991e-09 5.681761e-09 5.678535e-09 5.707705e-09 5.684991e-09 5.678535e-09 5.681761e-09 0.000000e+00 Proc.
7.173529e-09 8.968520e-09 5.800406e-09 5.793685e-09 4.568261e-03 5.730602e-09 5.740471e-09 5.871932e-09 6.578882e-09 5.688225e-09 5.998740e-09 5.896167e-09 5.837653e-09 5.753682e-09 5.753682e-09 5.688225e-09 5.743768e-09 5.707705e-09 5.688225e-09 5.684991e-09 5.681761e-09 5.678535e-09 5.707705e-09 5.684991e-09 5.678535e-09 5.681761e-09 0.000000e+00 VIII
7.173529e-09 8.968520e-09 5.800406e-09 5.793685e-09 7.994456e-03 5.730602e-09 5.740471e-09 5.871932e-09 6.578882e-09 5.688225e-09 5.998740e-09 5.896167e-09 5.837653e-09 5.753682e-09 5.753682e-09 5.688225e-09 5.743768e-09 5.707705e-09 5.688225e-09 5.684991e-09 5.681761e-09 5.678535e-09 5.707705e-09 5.684991e-09 5.678535e-09 5.681761e-09 0.000000e+00 Spanish
7.173529e-09 8.968520e-09 5.800406e-09 5.793685e-09 7.994456e-03 5.730602e-09 5.740471e-09 5.871932e-09 6.578882e-09 5.688225e-09 5.998740e-09 5.896167e-09 5.837653e-09 5.753682e-09 5.753682e-09 5.688225e-09 5.743768e-09 5.707705e-09 5.688225e-09 5.684991e-09 5.681761e-09 5.678535e-09 5.707705e-09 5.684991e-09 5.678535e-09 5.681761e-09 0.000000e+00 Symposium
7.173529e-09 8.808976e-03 5.800406e-09 5.793685e-09 4.560000e-02 7.385600e-02 5.740471e-09 5.871932e-09 6.578882e-09 5.688225e-09 5.998740e-09 5.032471e-02 5.837653e-09 5.753682e-09 5.753682e-09 5.688225e-09 5.743768e-09 5.707705e-09 5.688225e-09 5.684991e-09 5.681761e-09 5.678535e-09 5.707705e-09 5.684991e-09 5.678535e-09 5.681761e-09 0.000000e+00 on
7.173529e-09 1.999546e-03 5.800406e-09 5.793685e-09 1.691418e-02 5.730602e-09 5.740471e-09 5.871932e-09 6.578882e-09 5.688225e-09 5.998740e-09 3.072502e-02 5.837653e-09 5.753682e-09 5.753682e-09 5.688225e-09 5.743768e-09 5.707705e-09 5.688225e-09 5.684991e-09 5.681761e-09 5.678535e-09 5.707705e-09 5.684991e-09 5.678535e-09 5.681761e-09 0.000000e+00 Pattern
7.173529e-09 3.063443e-03 5.800406e-09 5.793685e-09 2.512260e-02 5.730602e-09 5.740471e-09 5.871932e-09 6.578882e-09 5.688225e-09 5.998740e-09 3.384610e-02 5.837653e-09 5.753682e-09 5.753682e-09 5.688225e-09 5.743768e-09 5.707705e-09 5.688225e-09 5.684991e-09 5.681761e-09 5.678535e-09 5.707705e-09 5.684991e-09 5.678535e-09 5.681761e-09 0.000000e+00 Recognition
7.173529e-09 8.968520e-09 5.800406e-09 5.793685e-09 1.142065e-02 5.730602e-09 5.740471e-09 5.871932e-09 6.578882e-09 5.688225e-09 5.998740e-09 5.896167e-09 5.837653e-09 5.753682e-09 5.753682e-09 5.688225e-09 5.743768e-09 5.707705e-09 5.688225e-09 5.684991e-09 5.681761e-09 5.678535e-09 5.707705e-09 5.684991e-09 5.678535e-09 5.681761e-09 0.000000e+00 Image
7.173529e-09 8.968520e-09 5.800406e-09 5.793685e-09 6.406086e-09 1.723307e-01 5.740471e-09 5.871932e-09 6.578882e-09 5.688225e-09 5.998740e-09 5.896167e-09 5.837653e-09 5.753682e-09 5.753682e-09 5.688225e-09 5.743768e-09 5.707705e-09 5.688225e-09 5.684991e-09 5.681761e-09 5.678535e-09 5.707705e-09 5.684991e-09 5.678535e-09 5.681761e-09 0.000000e+00 AERFAI
7.173529e-09 8.968520e-09 3.749179e-02 5.793685e-09 6.406086e-09 5.730602e-09 5.740471e-09 5.871932e-09 6.578882e-09 5.688225e-09 5.998740e-09 5.896167e-09 5.837653e-09 5.753682e-09 5.753682e-09 5.688225e-09 5.743768e-09 5.707705e-09 5.688225e-09 5.684991e-09 5.681761e-09 5.678535e-09 5.707705e-09 5.684991e-09 5.678535e-09 5.681761e-09 0.000000e+00 1999
7.173529e-09 8.968520e-09 5.800406e-09 5.793685e-09 6.406086e-09 5.730602e-09 1.030111e-01 5.871932e-09 6.578882e-09 5.688225e-09 5.998740e-09 5.896167e-09 5.837653e-09 5.753682e-09 5.753682e-09 5.688225e-09 5.743768e-09 5.707705e-09 5.688225e-09 5.684991e-09 5.681761e-09 5.678535e-09 5.707705e-09 5.684991e-09 5.678535e-09 5.681761e-09 0.000000e+00 May
7.541275e-04 8.968520e-09 5.800406e-09 5.793685e-09 6.406086e-09 5.730602e-09 5.740471e-09 2.053880e-02 6.578882e-09 5.688225e-09 5.998740e-09 5.896167e-09 5.837653e-09 5.753682e-09 5.753682e-09 5.688225e-09 5.743768e-09 5.707705e-09 5.688225e-09 5.684991e-09 5.681761e-09 5.678535e-09 5.707705e-09 5.684991e-09 5.678535e-09 5.681761e-09 0.000000e+00 M.I.
7.173529e-09 8.968520e-09 5.800406e-09 5.793685e-09 6.406086e-09 5.730602e-09 5.740471e-09 2.053880e-02 6.578882e-09 5.688225e-09 5.998740e-09 5.896167e-09 5.837653e-09 5.753682e-09 5.753682e-09 5.688225e-09 5.743768e-09 5.707705e-09 5.688225e-09 5.684991e-09 5.681761e-09 5.678535e-09 5.707705e-09 5.684991e-09 5.678535e-09 5.681761e-09 0.000000e+00 Torres
2.262383e-02 8.968520e-09 5.800406e-09 5.793685e-09 6.406086e-09 5.730602e-09 5.740471e-09 7.530895e-02 6.578882e-09 5.688225e-09 5.998740e-09 5.896167e-09 5.837653e-09 5.753682e-09 5.753682e-09 5.688225e-09 5.743768e-09 5.707705e-09 5.688225e-09 5.684991e-09 5.681761e-09 5.678535e-09 5.707705e-09 5.684991e-09 5.678535e-09 5.681761e-09 0.000000e+00 A.
7.173529e-09 8.968520e-09 5.800406e-09 5.793685e-09 6.406086e-09 5.730602e-09 5.740471e-09 4.107761e-02 6.578882e-09 5.688225e-09 5.998740e-09 5.896167e-09 5.837653e-09 5.753682e-09 5.753682e-09 5.688225e-09 5.743768e-09 5.707705e-09 5.688225e-09 5.684991e-09 5.681761e-09 5.678535e-09 5.707705e-09 5.684991e-09 5.678535e-09 5.681761e-09 0.000000e+00 Sanfeliu
7.173529e-09 8.968520e-09 5.800406e-09 5.793685e-09 6.406086e-09 5.730602e-09 5.740471e-09 5.871932e-09 6.614026e-03 5.688225e-09 5.998740e-09 5.896167e-09 5.837653e-09 5.753682e-09 5.753682e-09 5.688225e-09 5.743768e-09 5.707705e-09 5.688225e-09 5.684991e-09 5.681761e-09 5.678535e-09 5.707705e-09 5.684991e-09 5.678535e-09 5.681761e-09 0.000000e+00 119
7.173529e-09 8.968520e-09 5.800406e-09 5.793685e-09 6.406086e-09 5.730602e-09 5.740471e-09 5.871932e-09 3.307013e-03 5.688225e-09 5.998740e-09 5.896167e-09 5.837653e-09 5.753682e-09 5.753682e-09 5.688225e-09 5.743768e-09 5.707705e-09 5.688225e-09 5.684991e-09 5.681761e-09 5.678535e-09 5.707705e-09 5.684991e-09 5.678535e-09 5.681761e-09 0.000000e+00 126
7.173529e-09 8.968520e-09 5.800406e-09 5.793685e-09 6.406086e-09 5.730602e-09 5.740471e-09 5.871932e-09 1.028748e-05 4.944957e-01 5.998740e-09 5.896167e-09 5.561850e-02 1.776143e-01 5.753682e-09 5.688225e-09 5.743768e-09 5.707705e-09 5.688225e-09 5.684991e-09 5.681761e-09 5.678535e-09 5.707705e-09 5.684991e-09 5.678535e-09 5.681761e-09 0.000000e+00 1
7.173529e-09 8.968520e-09 5.800406e-09 5.793685e-09 6.406086e-09 5.730602e-09 5.740471e-09 5.871932e-09 6.578882e-09 5.688225e-09 2.175116e-02 5.896167e-09 5.837653e-09 5.753682e-09 5.753682e-09 5.688225e-09 5.743768e-09 5.707705e-09 5.688225e-09 5.684991e-09 5.681761e-09 5.678535e-09 5.707705e-09 5.684991e-09 5.678535e-09 5.681761e-09 0.000000e+00 Bilbao
7.173529e-09 8.968520e-09 5.800406e-09 5.793685e-09 6.406086e-09 5.730602e-09 5.740471e-09 5.871932e-09 6.578882e-09 5.688225e-09 5.075270e-02 5.896167e-09 5.837653e-09 5.753682e-09 5.753682e-09 5.688225e-09 5.743768e-09 5.707705e-09 5.688225e-09 5.684991e-09 5.681761e-09 5.678535e-09 5.707705e-09 5.684991e-09 5.678535e-09 5.681761e-09 0.000000e+00 España
2.262383e-03 8.968520e-09 5.800406e-09 5.793685e-09 6.406086e-09 5.730602e-09 5.740471e-09 5.871932e-09 6.578882e-09 5.688225e-09 5.998740e-09 5.896167e-09 5.837653e-09 5.753682e-09 5.753682e-09 5.688225e-09 5.743768e-09 5.707705e-09 5.688225e-09 5.684991e-09 5.681761e-09 5.678535e-09 5.707705e-09 5.684991e-09 5.678535e-09 5.681761e-09 0.000000e+00 J.C.
7.541275e-04 8.968520e-09 5.800406e-09 5.793685e-09 6.406086e-09 5.730602e-09 5.740471e-09 5.871932e-09 6.578882e-09 5.688225e-09 5.998740e-09 5.896167e-09 5.837653e-09 5.753682e-09 5.753682e-09 5.688225e-09 5.743768e-09 5.707705e-09 5.688225e-09 5.684991e-09 5.681761e-09 5.678535e-09 5.707705e-09 5.684991e-09 5.678535e-09 5.681761e-09 0.000000e+00 Amengual
1.432842e-02 8.968520e-09 5.800406e-09 5.793685e-09 6.406086e-09 5.730602e-09 5.740471e-09 5.871932e-09 6.578882e-09 5.688225e-09 5.998740e-09 5.896167e-09 5.837653e-09 5.753682e-09 5.753682e-09 5.688225e-09 5.743768e-09 5.707705e-09 5.688225e-09 5.684991e-09 5.681761e-09 5.678535e-09 5.707705e-09 5.684991e-09 5.678535e-09 5.681761e-09 0.000000e+00 Casacuberta
7.541275e-04 8.968520e-09 5.800406e-09 5.793685e-09 6.406086e-09 5.730602e-09 5.740471e-09 5.871932e-09 6.578882e-09 5.688225e-09 5.998740e-09 5.896167e-09 5.837653e-09 5.753682e-09 5.753682e-09 5.688225e-09 5.743768e-09 5.707705e-09 5.688225e-09 5.684991e-09 5.681761e-09 5.678535e-09 5.707705e-09 5.684991e-09 5.678535e-09 5.681761e-09 0.000000e+00 Castaño
7.541275e-04 8.968520e-09 5.800406e-09 5.793685e-09 6.406086e-09 5.730602e-09 5.740471e-09 5.871932e-09 6.578882e-09 5.688225e-09 5.998740e-09 5.896167e-09 5.837653e-09 5.753682e-09 5.753682e-09 5.688225e-09 5.743768e-09 5.707705e-09 5.688225e-09 5.684991e-09 5.681761e-09 5.678535e-09 5.707705e-09 5.684991e-09 5.678535e-09 5.681761e-09 0.000000e+00 Castellanos
2.262383e-03 8.968520e-09 5.800406e-09 5.793685e-09 6.406086e-09 5.730602e-09 5.740471e-09 5.871932e-09 6.578882e-09 5.688225e-09 5.998740e-09 5.896167e-09 5.837653e-09 5.753682e-09 5.753682e-09 5.688225e-09 5.743768e-09 5.707705e-09 5.688225e-09 5.684991e-09 5.681761e-09 5.678535e-09 5.707705e-09 5.684991e-09 5.678535e-09 5.681761e-09 0.000000e+00 V.
1.508255e-03 8.968520e-09 5.800406e-09 5.793685e-09 6.406086e-09 5.730602e-09 5.740471e-09 5.871932e-09 6.578882e-09 5.688225e-09 5.998740e-09 5.896167e-09 5.837653e-09 5.753682e-09 5.753682e-09 5.688225e-09 5.743768e-09 5.707705e-09 5.688225e-09 5.684991e-09 5.681761e-09 5.678535e-09 5.707705e-09 5.684991e-09 5.678535e-09 5.681761e-09 0.000000e+00 Jiménez
1.885319e-02 8.968520e-09 5.800406e-09 5.793685e-09 6.406086e-09 5.730602e-09 5.740471e-09 6.846268e-03 6.578882e-09 5.688225e-09 5.998740e-09 5.896167e-09 5.837653e-09 5.753682e-09 5.753682e-09 5.688225e-09 5.743768e-09 2.399976e-01 5.688225e-09 5.684991e-09 5.681761e-09 5.678535e-09 5.707705e-09 5.684991e-09 5.678535e-09 5.681761e-09 0.000000e+00 D.
3.016510e-03 8.968520e-09 5.800406e-09 5.793685e-09 6.406086e-09 5.730602e-09 5.740471e-09 5.871932e-09 6.578882e-09 5.688225e-09 5.998740e-09 5.896167e-09 5.837653e-09 5.753682e-09 5.753682e-09 5.688225e-09 5.743768e-09 5.707705e-09 5.688225e-09 5.684991e-09 5.681761e-09 5.678535e-09 5.707705e-09 5.684991e-09 5.678535e-09 5.681761e-09 0.000000e+00 Llorens
2.262383e-03 8.968520e-09 5.800406e-09 5.793685e-09 6.406086e-09 5.730602e-09 5.740471e-09 5.871932e-09 6.578882e-09 5.688225e-09 5.998740e-09 5.896167e-09 5.837653e-09 5.753682e-09 5.753682e-09 5.688225e-09 5.743768e-09 5.707705e-09 5.688225e-09 5.684991e-09 5.681761e-09 5.678535e-09 5.707705e-09 5.684991e-09 5.678535e-09 5.681761e-09 0.000000e+00 Marzal
1.131191e-02 8.968520e-09 5.800406e-09 5.793685e-09 6.406086e-09 5.730602e-09 5.740471e-09 1.369254e-02 6.578882e-09 5.688225e-09 5.998740e-09 5.896167e-09 5.837653e-09 5.753682e-09 5.753682e-09 5.688225e-09 5.743768e-09 5.707705e-09 5.688225e-09 5.684991e-09 5.681761e-09 5.678535e-09 5.707705e-09 5.684991e-09 5.678535e-09 5.681761e-09 0.000000e+00 M.
1.508255e-03 8.968520e-09 5.800406e-09 5.793685e-09 6.406086e-09 5.730602e-09 5.740471e-09 5.871932e-09 6.578882e-09 5.688225e-09 5.998740e-09 5.896167e-09 5.837653e-09 5.753682e-09 5.753682e-09 5.688225e-09 5.743768e-09 5.707705e-09 5.688225e-09 5.684991e-09 5.681761e-09 5.678535e-09 5.707705e-09 5.684991e-09 5.678535e-09 5.681761e-09 0.000000e+00 Pastor
7.541275e-04 8.968520e-09 5.800406e-09 5.793685e-09 6.406086e-09 5.730602e-09 5.740471e-09 5.871932e-09 6.578882e-09 5.688225e-09 5.998740e-09 5.896167e-09 5.837653e-09 5.753682e-09 5.753682e-09 5.688225e-09 5.743768e-09 5.707705e-09 5.688225e-09 5.684991e-09 5.681761e-09 5.678535e-09 5.707705e-09 5.684991e-09 5.678535e-09 5.681761e-09 0.000000e+00 Prat
2.413208e-02 8.968520e-09 5.800406e-09 5.793685e-09 6.406086e-09 5.730602e-09 5.740471e-09 5.871932e-09 6.578882e-09 5.688225e-09 5.998740e-09 5.896167e-09 5.837653e-09 5.753682e-09 5.753682e-09 5.688225e-09 5.743768e-09 5.707705e-09 5.688225e-09 5.684991e-09 5.681761e-09 5.678535e-09 5.707705e-09 5.684991e-09 5.678535e-09 5.681761e-09 0.000000e+00 E.
9.049530e-03 8.968520e-09 5.800406e-09 5.793685e-09 6.406086e-09 5.730602e-09 5.740471e-09 5.871932e-09 6.578882e-09 5.688225e-09 5.998740e-09 5.896167e-09 5.837653e-09 5.753682e-09 5.753682e-09 5.688225e-09 5.743768e-09 5.707705e-09 5.688225e-09 5.684991e-09 5.681761e-09 5.678535e-09 5.707705e-09 5.684991e-09 5.678535e-09 5.681761e-09 0.000000e+00 Vidal
2.262383e-03 8.968520e-09 5.800406e-09 5.793685e-09 6.406086e-09 5.730602e-09 5.740471e-09 5.871932e-09 6.578882e-09 5.688225e-09 5.998740e-09 5.896167e-09 5.837653e-09 5.753682e-09 5.753682e-09 5.688225e-09 5.743768e-09 5.707705e-09 5.688225e-09 5.684991e-09 5.681761e-09 5.678535e-09 5.707705e-09 5.684991e-09 5.678535e-09 5.681761e-09 0.000000e+00 Vilar
7.173529e-09 5.844468e-04 5.800406e-09 5.793685e-09 6.406086e-09 5.730602e-09 5.740471e-09 5.871932e-09 6.578882e-09 5.688225e-09 5.998740e-09 5.896167e-09 5.837653e-09 5.753682e-09 5.753682e-09 5.688225e-09 5.743768e-09 5.707705e-09 5.688225e-09 5.684991e-09 5.681761e-09 5.678535e-09 5.707705e-09 5.684991e-09 5.678535e-09 5.681761e-09 0.000000e+00 {E}u{T}rans-{I}
7.173529e-09 3.208671e-03 5.800406e-09 5.793685e-09 9.409378e-03 5.730602e-09 5.740471e-09 5.871932e-09 6.578882e-09 5.688225e-09 5.998740e-09 6.061293e-02 5.837653e-09 5.753682e-09 5.753682e-09 5.688225e-09 5.743768e-09 5.707705e-09 5.688225e-09 5.684991e-09 5.681761e-09 5.678535e-09 5.707705e-09 5.684991e-09 5.678535e-09 5.681761e-09 0.000000e+00 Speech
7.173529e-09 7.296403e-03 5.800406e-09 5.793685e-09 2.309081e-02 5.730602e-09 5.740471e-09 5.871932e-09 6.578882e-09 5.688225e-09 5.998740e-09 7.225512e-03 5.837653e-09 5.753682e-09 5.753682e-09 5.688225e-09 5.743768e-09 5.707705e-09 5.688225e-09 5.684991e-09 5.681761e-09 5.678535e-09 5.707705e-09 5.684991e-09 5.678535e-09 5.681761e-09 0.000000e+00 Translation
7.173529e-09 1.233513e-07 5.800406e-09 5.793685e-09 6.406086e-09 5.730602e-09 5.740471e-09 5.871932e-09 6.578882e-09 5.688225e-09 5.998740e-09 9.435220e-03 5.837653e-09 5.753682e-09 5.753682e-09 5.688225e-09 5.743768e-09 5.707705e-09 5.688225e-09 5.684991e-09 5.681761e-09 5.678535e-09 5.707705e-09 5.684991e-09 5.678535e-09 5.681761e-09 0.000000e+00 System
7.173529e-09 6.984236e-03 5.800406e-09 5.793685e-09 2.373454e-02 5.730602e-09 5.740471e-09 5.871932e-09 6.578882e-09 5.688225e-09 5.998740e-09 1.971380e-02 5.837653e-09 5.753682e-09 5.753682e-09 5.688225e-09 5.743768e-09 5.707705e-09 5.688225e-09 5.684991e-09 5.681761e-09 5.678535e-09 5.707705e-09 5.684991e-09 5.678535e-09 5.681761e-09 0.000000e+00 Machine
7.173529e-09 8.968520e-09 5.800406e-09 5.793685e-09 6.406086e-09 5.730602e-09 5.740471e-09 5.871932e-09 3.307683e-03 5.688225e-09 5.998740e-09 5.896167e-09 1.411019e-02 5.753682e-09 5.753682e-09 5.688225e-09 5.743768e-09 5.707705e-09 5.688225e-09 5.684991e-09 5.681761e-09 5.678535e-09 5.707705e-09 5.684991e-09 5.678535e-09 5.681761e-09 0.000000e+00 15
7.173529e-09 8.968520e-09 5.800406e-09 5.793685e-09 6.406086e-09 5.730602e-09 5.740471e-09 5.871932e-09 6.614026e-03 5.688225e-09 5.998740e-09 5.896167e-09 5.837653e-09 5.753682e-09 5.753682e-09 5.688225e-09 5.743768e-09 5.707705e-09 5.688225e-09 5.684991e-09 5.681761e-09 5.678535e-09 5.707705e-09 5.684991e-09 5.678535e-09 5.681761e-09 0.000000e+00 75
7.173529e-09 8.968520e-09 5.800406e-09 5.793685e-09 6.406086e-09 5.730602e-09 5.740471e-09 5.871932e-09 3.307013e-03 5.688225e-09 5.998740e-09 5.896167e-09 5.837653e-09 5.753682e-09 5.753682e-09 5.688225e-09 5.743768e-09 5.707705e-09 5.688225e-09 5.684991e-09 5.681761e-09 5.678535e-09 5.707705e-09 5.684991e-09 5.678535e-09 5.681761e-09 0.000000e+00 103
7.173529e-09 8.968520e-09 6.404049e-02 5.793685e-09 1.524699e-03 5.730602e-09 5.740471e-09 5.871932e-09 6.578882e-09 5.688225e-09 5.998740e-09 5.896167e-09 5.837653e-09 5.753682e-09 5.753682e-09 5.688225e-09 5.743768e-09 5.707705e-09 5.688225e-09 5.684991e-09 5.681761e-09 5.678535e-09 5.707705e-09 5.684991e-09 5.678535e-09 5.681761e-09 0.000000e+00 2000
3.016510e-03 8.968520e-09 5.800406e-09 5.793685e-09 6.406086e-09 5.730602e-09 5.740471e-09 5.871932e-09 6.578882e-09 5.688225e-09 5.998740e-09 5.896167e-09 5.837653e-09 5.753682e-09 5.753682e-09 5.688225e-09 5.743768e-09 5.707705e-09 5.688225e-09 5.684991e-09 5.681761e-09 5.678535e-09 5.707705e-09 5.684991e-09 5.678535e-09 5.681761e-09 0.000000e+00 L.R.
2.262383e-03 8.968520e-09 5.800406e-09 5.793685e-09 6.406086e-09 5.730602e-09 5.740471e-09 5.871932e-09 6.578882e-09 5.688225e-09 5.998740e-09 5.896167e-09 5.837653e-09 5.753682e-09 5.753682e-09 5.688225e-09 5.743768e-09 5.707705e-09 5.688225e-09 5.684991e-09 5.681761e-09 5.678535e-09 5.707705e-09 5.684991e-09 5.678535e-09 5.681761e-09 0.000000e+00 Bahl
6.787148e-03 8.968520e-09 5.800406e-09 5.793685e-09 6.406086e-09 5.730602e-09 5.740471e-09 5.871932e-09 6.578882e-09 5.688225e-09 5.998740e-09 5.896167e-09 5.837653e-09 5.753682e-09 5.753682e-09 5.688225e-09 5.743768e-09 5.707705e-09 5.688225e-09 5.684991e-09 5.681761e-09 5.678535e-09 5.707705e-09 5.684991e-09 5.678535e-09 5.681761e-09 0.000000e+00 Jelinek
5.278893e-03 8.968520e-09 5.800406e-09 5.793685e-09 6.406086e-09 5.730602e-09 5.740471e-09 5.871932e-09 6.578882e-09 5.688225e-09 5.998740e-09 5.896167e-09 5.837653e-09 5.753682e-09 5.753682e-09 5.688225e-09 5.743768e-09 5.707705e-09 5.688225e-09 5.684991e-09 5.681761e-09 5.678535e-09 5.707705e-09 5.684991e-09 5.678535e-09 5.681761e-09 0.000000e+00 R.L.
6.033020e-03 8.968520e-09 5.800406e-09 5.793685e-09 6.406086e-09 5.730602e-09 5.740471e-09 5.871932e-09 6.578882e-09 5.688225e-09 5.998740e-09 5.896167e-09 5.837653e-09 5.753682e-09 5.753682e-09 5.688225e-09 5.743768e-09 5.707705e-09 5.688225e-09 5.684991e-09 5.681761e-09 5.678535e-09 5.707705e-09 5.684991e-09 5.678535e-09 5.681761e-09 0.000000e+00 Mercer
7.173529e-09 1.636451e-02 5.800406e-09 5.793685e-09 6.406086e-09 5.730602e-09 5.740471e-09 5.871932e-09 6.578882e-09 5.688225e-09 5.998740e-09 5.896167e-09 5.837653e-09 5.753682e-09 5.753682e-09 5.688225e-09 5.743768e-09 5.707705e-09 5.688225e-09 5.684991e-09 5.681761e-09 5.678535e-09 5.707705e-09 5.684991e-09 5.678535e-09 5.681761e-09 0.000000e+00 A
7.173529e-09 2.337787e-03 5.800406e-09 5.793685e-09 6.406086e-09 5.730602e-09 5.740471e-09 5.871932e-09 6.578882e-09 5.688225e-09 5.998740e-09 5.896167e-09 5.837653e-09 5.753682e-09 5.753682e-09 5.688225e-09 5.743768e-09 5.707705e-09 5.688225e-09 5.684991e-09 5.681761e-09 5.678535e-09 5.707705e-09 5.684991e-09 5.678535e-09 5.681761e-09 0.000000e+00 Maximum
7.173529e-09 1.168894e-03 5.800406e-09 5.793685e-09 6.406086e-09 5.730602e-09 5.740471e-09 5.871932e-09 6.578882e-09 5.688225e-09 5.998740e-09 5.896167e-09 5.837653e-09 5.753682e-09 5.753682e-09 5.688225e-09 5.743768e-09 5.707705e-09 5.688225e-09 5.684991e-09 5.681761e-09 5.678535e-09 5.707705e-09 5.684991e-09 5.678535e-09 5.681761e-09 0.000000e+00 Likelihood
7.173529e-09 1.168894e-03 5.800406e-09 5.793685e-09 6.406086e-09 5.730602e-09 5.740471e-09 5.871932e-09 6.578882e-09 5.688225e-09 5.998740e-09 5.896167e-09 5.837653e-09 5.753682e-09 5.753682e-09 5.688225e-09 5.743768e-09 5.707705e-09 5.688225e-09 5.684991e-09 5.681761e-09 5.678535e-09 5.707705e-09 5.684991e-09 5.678535e-09 5.681761e-09 0.000000e+00 Approach
7.173529e-09 1.168894e-02 5.800406e-09 5.793685e-09 6.406086e-09 5.730602e-09 5.740471e-09 5.871932e-09 6.578882e-09 5.688225e-09 5.998740e-09 5.896167e-09 5.837653e-09 5.753682e-09 5.753682e-09 5.688225e-09 5.743768e-09 5.707705e-09 5.688225e-09 5.684991e-09 5.681761e-09 5.678535e-09 5.707705e-09 5.684991e-09 5.678535e-09 5.681761e-09 0.000000e+00 to
7.173529e-09 2.337787e-03 5.800406e-09 5.793685e-09 6.406086e-09 5.730602e-09 5.740471e-09 5.871932e-09 6.578882e-09 5.688225e-09 5.998740e-09 5.896167e-09 5.837653e-09 5.753682e-09 5.753682e-09 5.688225e-09 5.743768e-09 5.707705e-09 5.688225e-09 5.684991e-09 5.681761e-09 5.678535e-09 5.707705e-09 5.684991e-09 5.678535e-09 5.681761e-09 0.000000e+00 Continuous
7.173529e-09 8.968520e-09 5.800406e-09 5.793685e-09 2.634745e-03 5.730602e-09 5.740471e-09 5.871932e-09 6.578882e-09 5.688225e-09 5.998740e-09 6.508558e-02 5.837653e-09 5.753682e-09 5.753682e-09 5.688225e-09 5.743768e-09 5.707705e-09 5.688225e-09 5.684991e-09 5.681761e-09 5.678535e-09 5.707705e-09 5.684991e-09 5.678535e-09 5.681761e-09 0.000000e+00 IEEE
7.173529e-09 8.968520e-09 5.800406e-09 5.793685e-09 6.406086e-09 5.730602e-09 5.740471e-09 5.871932e-09 6.578882e-09 5.688225e-09 5.998740e-09 4.403412e-02 5.837653e-09 5.753682e-09 5.753682e-09 5.688225e-09 5.743768e-09 5.707705e-09 5.688225e-09 5.684991e-09 5.681761e-09 5.678535e-09 5.707705e-09 5.684991e-09 5.678535e-09 5.681761e-09 0.000000e+00 Trans.
7.173529e-09 8.968520e-09 5.800406e-09 5.793685e-09 2.284130e-03 5.730602e-09 5.740471e-09 5.871932e-09 6.578882e-09 5.688225e-09 5.998740e-09 1.887177e-02 5.837653e-09 5.753682e-09 5.753682e-09 5.688225e-09 5.743768e-09 5.707705e-09 5.688225e-09 5.684991e-09 5.681761e-09 5.678535e-09 2.702676e-02 5.684991e-09 5.678535e-09 5.681761e-09 0.000000e+00 Intelligence
7.173529e-09 8.968520e-09 1.874589e-02 5.793685e-09 6.406086e-09 5.730602e-09 5.740471e-09 5.871932e-09 6.578882e-09 5.688225e-09 5.998740e-09 5.896167e-09 5.837653e-09 5.753682e-09 5.753682e-09 5.688225e-09 5.743768e-09 5.707705e-09 5.688225e-09 5.684991e-09 5.681761e-09 5.678535e-09 5.707705e-09 5.684991e-09 5.678535e-09 5.681761e-09 0.000000e+00 1983
7.173529e-09 8.968520e-09 5.800406e-09 5.793685e-09 6.406086e-09 5.730602e-09 5.740471e-09 5.871932e-09 6.578882e-09 5.688225e-09 5.998740e-09 5.896167e-09 1.411305e-02 5.753682e-09 5.753682e-09 5.688225e-09 5.743768e-09 5.707705e-09 5.688225e-09 5.684991e-09 5.681761e-09 5.678535e-09 5.707705e-09 5.684991e-09 5.678535e-09 5.681761e-09 0.000000e+00 PAMI-5
7.173529e-09 8.968520e-09 5.800406e-09 5.793685e-09 6.406086e-09 5.730602e-09 5.740471e-09 5.871932e-09 1.756708e-08 1.766557e-01 5.998740e-09 5.896167e-09 5.837653e-09 2.233756e-01 5.753682e-09 5.688225e-09 5.743768e-09 5.707705e-09 5.688225e-09 5.684991e-09 5.681761e-09 9.999900e-01 5.707705e-09 5.684991e-09 5.678535e-09 5.681761e-09 0.000000e+00 2
7.173529e-09 8.968520e-09 5.800406e-09 5.793685e-09 6.406086e-09 5.730602e-09 5.740471e-09 5.871932e-09 9.921039e-03 5.688225e-09 5.998740e-09 5.896167e-09 5.837653e-09 5.753682e-09 5.753682e-09 5.688225e-09 5.743768e-09 5.707705e-09 5.688225e-09 5.684991e-09 5.681761e-09 5.678535e-09 5.707705e-09 5.684991e-09 5.678535e-09 5.681761e-09 0.000000e+00 179
7.173529e-09 8.968520e-09 5.800406e-09 5.793685e-09 6.406086e-09 5.730602e-09 5.740471e-09 5.871932e-09 6.614026e-03 5.688225e-09 5.998740e-09 5.896167e-09 5.837653e-09 5.753682e-09 5.753682e-09 5.688225e-09 5.743768e-09 5.707705e-09 5.688225e-09 5.684991e-09 5.681761e-09 5.678535e-09 5.707705e-09 5.684991e-09 5.678535e-09 5.681761e-09 0.000000e+00 190
1.508255e-03 8.968520e-09 5.800406e-09 5.793685e-09 6.406086e-09 5.730602e-09 5.740471e-09 5.871932e-09 6.578882e-09 5.688225e-09 5.998740e-09 5.896167e-09 5.837653e-09 5.753682e-09 5.753682e-09 5.688225e-09 5.743768e-09 5.707705e-09 5.688225e-09 5.684991e-09 5.681761e-09 5.678535e-09 5.707705e-09 5.684991e-09 5.678535e-09 5.681761e-09 0.000000e+00 P.E.
4.524765e-03 8.968520e-09 5.800406e-09 5.793685e-09 6.406086e-09 5.730602e-09 5.740471e-09 5.871932e-09 6.578882e-09 5.688225e-09 5.998740e-09 5.896167e-09 5.837653e-09 5.753682e-09 1.315777e-02 5.688225e-09 5.743768e-09 5.707705e-09 5.688225e-09 5.684991e-09 5.681761e-09 5.678535e-09 5.707705e-09 5.684991e-09 5.678535e-09 5.681761e-09 0.000000e+00 Brown
2.262383e-03 8.968520e-09 5.800406e-09 5.793685e-09 6.406086e-09 5.730602e-09 5.740471e-09 5.871932e-09 6.578882e-09 5.688225e-09 5.998740e-09 5.896167e-09 5.837653e-09 5.753682e-09 5.753682e-09 5.688225e-09 5.743768e-09 5.707705e-09 5.688225e-09 5.684991e-09 5.681761e-09 5.678535e-09 5.707705e-09 5.684991e-09 5.678535e-09 5.681761e-09 0.000000e+00 P.V.
3.016193e-03 5.844999e-03 5.800406e-09 5.793685e-09 2.283575e-03 5.730602e-09 5.740471e-09 1.369254e-02 6.578882e-09 5.688225e-09 7.159734e-03 5.896167e-09 5.837653e-09 5.753682e-09 1.578932e-01 5.688225e-09 6.302128e-02 5.707705e-09 5.688225e-09 5.684991e-09 5.681761e-09 5.678535e-09 5.707705e-09 5.684991e-09 5.678535e-09 5.681761e-09 0.000000e+00 de
1.508255e-03 8.968520e-09 5.800406e-09 5.793685e-09 6.406086e-09 5.730602e-09 5.740471e-09 5.871932e-09 6.578882e-09 5.688225e-09 5.998740e-09 5.896167e-09 5.837653e-09 5.753682e-09 5.753682e-09 5.688225e-09 5.743768e-09 5.707705e-09 5.688225e-09 5.684991e-09 5.681761e-09 5.678535e-09 5.707705e-09 5.684991e-09 5.678535e-09 5.681761e-09 0.000000e+00 Souza
7.173529e-09 1.753341e-03 5.800406e-09 5.793685e-09 6.406086e-09 5.730602e-09 5.740471e-09 5.871932e-09 6.578882e-09 5.688225e-09 5.998740e-09 5.896167e-09 5.837653e-09 5.753682e-09 5.753682e-09 5.688225e-09 5.743768e-09 5.707705e-09 5.688225e-09 5.684991e-09 5.681761e-09 5.678535e-09 5.707705e-09 5.684991e-09 5.678535e-09 5.681761e-09 0.000000e+00 new
7.173529e-09 4.675575e-03 5.800406e-09 5.793685e-09 6.406086e-09 5.730602e-09 5.740471e-09 5.871932e-09 6.578882e-09 5.688225e-09 5.998740e-09 5.896167e-09 5.837653e-09 5.753682e-09 5.753682e-09 5.688225e-09 5.743768e-09 5.707705e-09 5.688225e-09 5.684991e-09 5.681761e-09 5.678535e-09 5.707705e-09 5.684991e-09 5.678535e-09 5.681761e-09 0.000000e+00 Algorithm
7.173529e-09 3.521433e-02 5.800406e-09 9.137795e-02 2.025963e-02 7.176689e-05 5.740471e-09 5.871932e-09 6.578882e-09 5.688225e-09 5.998740e-09 5.896167e-09 5.837653e-09 5.753682e-09 5.753682e-09 5.688225e-09 5.743768e-09 5.707705e-09 5.688225e-09 5.684991e-09 5.681761e-09 5.678535e-09 5.707705e-09 5.684991e-09 5.678535e-09 5.681761e-09 0.000000e+00 for
7.173529e-09 2.024347e-02 5.800406e-09 5.793685e-09 7.656753e-02 5.730602e-09 5.740471e-09 5.871932e-09 6.578882e-09 5.688225e-09 5.998740e-09 1.358762e-02 5.837653e-09 5.753682e-09 5.753682e-09 5.688225e-09 5.743768e-09 5.707705e-09 5.688225e-09 5.684991e-09 5.681761e-09 5.678535e-09 5.707705e-09 5.684991e-09 5.678535e-09 5.681761e-09 0.000000e+00 the
7.173529e-09 3.506681e-03 5.800406e-09 5.793685e-09 6.406086e-09 5.730602e-09 5.740471e-09 5.871932e-09 6.578882e-09 5.688225e-09 5.998740e-09 5.896167e-09 5.837653e-09 5.753682e-09 5.753682e-09 5.688225e-09 5.743768e-09 5.707705e-09 5.688225e-09 5.684991e-09 5.681761e-09 5.678535e-09 5.707705e-09 5.684991e-09 5.678535e-09 5.681761e-09 0.000000e+00 estimation
7.173529e-09 3.506681e-03 5.800406e-09 5.793685e-09 6.406086e-09 5.730602e-09 5.740471e-09 5.871932e-09 6.578882e-09 5.688225e-09 5.998740e-09 5.896167e-09 5.837653e-09 5.753682e-09 5.753682e-09 5.688225e-09 5.743768e-09 5.707705e-09 5.688225e-09 5.684991e-09 5.681761e-09 5.678535e-09 5.707705e-09 5.684991e-09 5.678535e-09 5.681761e-09 0.000000e+00 Hidden
7.173529e-09 4.675575e-03 5.800406e-09 5.793685e-09 6.406086e-09 5.730602e-09 5.740471e-09 5.871932e-09 6.578882e-09 5.688225e-09 5.998740e-09 5.896167e-09 5.837653e-09 5.753682e-09 5.753682e-09 5.688225e-09 5.743768e-09 5.707705e-09 5.688225e-09 5.684991e-09 5.681761e-09 5.678535e-09 5.707705e-09 5.684991e-09 5.678535e-09 5.681761e-09 0.000000e+00 Markov
7.173529e-09 1.052004e-02 5.800406e-09 5.793685e-09 6.406086e-09 5.730602e-09 5.740471e-09 5.871932e-09 6.578882e-09 5.688225e-09 5.998740e-09 5.896167e-09 5.837653e-09 5.753682e-09 5.753682e-09 5.688225e-09 5.743768e-09 5.707705e-09 5.688225e-09 5.684991e-09 5.681761e-09 5.678535e-09 5.707705e-09 5.684991e-09 5.678535e-09 5.681761e-09 0.000000e+00 Models
7.173529e-09 1.168894e-03 5.800406e-09 5.793685e-09 6.406086e-09 5.730602e-09 5.740471e-09 5.871932e-09 6.578882e-09 5.688225e-09 5.998740e-09 5.896167e-09 5.837653e-09 5.753682e-09 5.753682e-09 5.688225e-09 5.743768e-09 5.707705e-09 5.688225e-09 5.684991e-09 5.681761e-09 5.678535e-09 5.707705e-09 5.684991e-09 5.678535e-09 5.681761e-09 0.000000e+00 Parameters
7.173529e-09 8.968520e-09 5.800406e-09 5.793685e-09 1.142065e-03 5.730602e-09 5.740471e-09 5.871932e-09 6.578882e-09 5.688225e-09 5.998740e-09 5.896167e-09 5.837653e-09 5.753682e-09 5.753682e-09 5.688225e-09 5.743768e-09 5.707705e-09 5.688225e-09 5.684991e-09 5.681761e-09 5.678535e-09 5.707705e-09 5.684991e-09 5.678535e-09 5.681761e-09 0.000000e+00 ICASSP'88
7.173529e-09 8.968520e-09 9.372946e-03 5.793685e-09 6.406086e-09 5.730602e-09 5.740471e-09 5.871932e-09 6.578882e-09 5.688225e-09 5.998740e-09 5.896167e-09 5.837653e-09 5.753682e-09 5.753682e-09 5.688225e-09 5.743768e-09 5.707705e-09 5.688225e-09 5.684991e-09 5.681761e-09 5.678535e-09 5.707705e-09 5.684991e-09 5.678535e-09 5.681761e-09 0.000000e+00 1988
7.173529e-09 8.968520e-09 5.800406e-09 5.793685e-09 6.406086e-09 5.730602e-09 5.740471e-09 5.871932e-09 3.307013e-03 5.688225e-09 5.998740e-09 5.896167e-09 5.837653e-09 5.753682e-09 5.753682e-09 5.688225e-09 5.743768e-09 5.707705e-09 5.688225e-09 5.684991e-09 5.681761e-09 5.678535e-09 5.707705e-09 5.684991e-09 5.678535e-09 5.681761e-09 0.000000e+00 493
7.173529e-09 8.968520e-09 5.800406e-09 5.793685e-09 6.406086e-09 5.730602e-09 5.740471e-09 5.871932e-09 3.307013e-03 5.688225e-09 5.998740e-09 5.896167e-09 5.837653e-09 5.753682e-09 5.753682e-09 5.688225e-09 5.743768e-09 5.707705e-09 5.688225e-09 5.684991e-09 5.681761e-09 5.678535e-09 5.707705e-09 5.684991e-09 5.678535e-09 5.681761e-09 0.000000e+00 496
7.173529e-09 1.168894e-03 5.800406e-09 5.793685e-09 6.406086e-09 5.730602e-09 5.740471e-09 5.871932e-09 6.578882e-09 5.688225e-09 5.998740e-09 5.896167e-09 5.837653e-09 5.753682e-09 5.753682e-09 5.688225e-09 5.743768e-09 5.707705e-09 5.688225e-09 5.684991e-09 5.681761e-09 5.678535e-09 5.707705e-09 5.684991e-09 5.678535e-09 5.681761e-09 0.000000e+00 Estimating
7.173529e-09 5.844468e-03 5.800406e-09 5.793685e-09 6.406086e-09 5.730602e-09 5.740471e-09 5.871932e-09 6.578882e-09 5.688225e-09 5.998740e-09 5.896167e-09 5.837653e-09 5.753682e-09 5.753682e-09 5.688225e-09 5.743768e-09 5.707705e-09 5.688225e-09 5.684991e-09 5.681761e-09 5.678535e-09 5.707705e-09 5.684991e-09 5.678535e-09 5.681761e-09 0.000000e+00 Model
7.173529e-09 5.844468e-04 5.800406e-09 5.793685e-09 6.406086e-09 5.730602e-09 5.740471e-09 5.871932e-09 6.578882e-09 5.688225e-09 5.998740e-09 5.896167e-09 5.837653e-09 5.753682e-09 5.753682e-09 5.688225e-09 5.743768e-09 5.707705e-09 5.688225e-09 5.684991e-09 5.681761e-09 5.678535e-09 5.707705e-09 5.684991e-09 5.678535e-09 5.681761e-09 0.000000e+00 so
7.173529e-09 1.753341e-03 5.800406e-09 5.793685e-09 6.406086e-09 5.730602e-09 5.740471e-09 5.871932e-09 6.578882e-09 5.688225e-09 5.998740e-09 5.896167e-09 5.837653e-09 5.753682e-09 5.753682e-09 5.688225e-09 5.743768e-09 5.707705e-09 5.688225e-09 5.684991e-09 5.681761e-09 5.678535e-09 5.707705e-09 5.684991e-09 5.678535e-09 5.681761e-09 0.000000e+00 as
7.173529e-09 5.844468e-04 5.800406e-09 5.793685e-09 6.406086e-09 5.730602e-09 5.740471e-09 5.871932e-09 6.578882e-09 5.688225e-09 5.998740e-09 5.896167e-09 5.837653e-09 5.753682e-09 5.753682e-09 5.688225e-09 5.743768e-09 5.707705e-09 5.688225e-09 5.684991e-09 5.681761e-09 5.678535e-09 5.707705e-09 5.684991e-09 5.678535e-09 5.681761e-09 0.000000e+00 Maximize
7.173529e-09 5.844468e-04 5.800406e-09 5.793685e-09 6.406086e-09 5.730602e-09 5.740471e-09 5.871932e-09 6.578882e-09 5.688225e-09 5.998740e-09 5.896167e-09 5.837653e-09 5.753682e-09 5.753682e-09 5.688225e-09 5.743768e-09 5.707705e-09 5.688225e-09 5.684991e-09 5.681761e-09 5.678535e-09 5.707705e-09 5.684991e-09 5.678535e-09 5.681761e-09 0.000000e+00 Accuracy
7.173529e-09 8.968520e-09 5.800406e-09 5.793685e-09 6.406086e-09 5.730602e-09 5.740471e-09 5.871932e-09 6.578882e-09 5.688225e-09 5.998740e-09 1.572647e-02 5.837653e-09 5.753682e-09 5.753682e-09 5.688225e-09 5.743768e-09 5.707705e-09 5.688225e-09 5.684991e-09 5.681761e-09 5.678535e-09 5.707705e-09 5.684991e-09 5.678535e-09 5.681761e-09 0.000000e+00 Audio
7.173529e-09 8.968520e-09 5.800406e-09 5.793685e-09 1.483900e-02 5.730602e-09 5.740471e-09 5.871932e-09 6.578882e-09 5.688225e-09 5.998740e-09 3.461985e-02 5.837653e-09 5.753682e-09 5.753682e-09 5.688225e-09 5.743768e-09 5.707705e-09 5.688225e-09 5.684991e-09 5.681761e-09 5.678535e-09 5.707705e-09 5.684991e-09 5.678535e-09 5.681761e-09 0.000000e+00 Processing
7.173529e-09 8.968520e-09 3.749179e-02 5.793685e-09 6.406086e-09 5.730602e-09 5.740471e-09 5.871932e-09 6.578882e-09 5.688225e-09 5.998740e-09 5.896167e-09 5.837653e-09 5.753682e-09 5.753682e-09 5.688225e-09 5.743768e-09 5.707705e-09 5.688225e-09 5.684991e-09 5.681761e-09 5.678535e-09 5.707705e-09 5.684991e-09 5.678535e-09 5.681761e-09 0.000000e+00 1993
7.173529e-09 8.968520e-09 5.800406e-09 5.793685e-09 6.406086e-09 5.730602e-09 5.740471e-09 5.871932e-09 6.614026e-03 5.688225e-09 5.998740e-09 5.896167e-09 5.837653e-09 5.753682e-09 5.753682e-09 5.688225e-09 5.743768e-09 5.707705e-09 5.688225e-09 5.684991e-09 5.681761e-09 5.678535e-09 5.707705e-09 5.684991e-09 5.678535e-09 5.681761e-09 0.000000e+00 77
7.173529e-09 8.968520e-09 5.800406e-09 5.793685e-09 6.406086e-09 5.730602e-09 5.740471e-09 5.871932e-09 3.307013e-03 5.688225e-09 5.998740e-09 5.896167e-09 5.837653e-09 5.753682e-09 5.753682e-09 5.688225e-09 5.743768e-09 5.707705e-09 5.688225e-09 5.684991e-09 5.681761e-09 5.678535e-09 5.707705e-09 5.684991e-09 5.678535e-09 5.681761e-09 0.000000e+00 83
1.508255e-03 8.968520e-09 5.800406e-09 5.793685e-09 6.406086e-09 5.730602e-09 5.740471e-09 5.871932e-09 6.578882e-09 5.688225e-09 5.998740e-09 5.896167e-09 5.837653e-09 5.753682e-09 5.753682e-09 5.688225e-09 5.743768e-09 5.707705e-09 5.688225e-09 5.684991e-09 5.681761e-09 5.678535e-09 5.707705e-09 5.684991e-09 5.678535e-09 5.681761e-09 0.000000e+00 J.K.
1.508255e-03 8.968520e-09 5.800406e-09 5.793685e-09 6.406086e-09 5.730602e-09 5.740471e-09 5.871932e-09 6.578882e-09 5.688225e-09 5.998740e-09 5.896167e-09 5.837653e-09 5.753682e-09 5.753682e-09 5.688225e-09 5.743768e-09 5.707705e-09 5.688225e-09 5.684991e-09 5.681761e-09 5.678535e-09 5.707705e-09 5.684991e-09 5.678535e-09 5.681761e-09 0.000000e+00 Baker
7.173529e-09 5.844468e-04 5.800406e-09 5.793685e-09 6.406086e-09 5.730602e-09 5.740471e-09 5.871932e-09 6.578882e-09 5.688225e-09 5.998740e-09 5.896167e-09 5.837653e-09 5.753682e-09 5.753682e-09 5.688225e-09 5.743768e-09 5.707705e-09 5.688225e-09 5.684991e-09 5.681761e-09 5.678535e-09 5.707705e-09 5.684991e-09 5.678535e-09 5.681761e-09 0.000000e+00 dragon
7.173529e-09 3.506681e-03 5.800406e-09 5.793685e-09 6.406086e-09 5.730602e-09 5.740471e-09 5.871932e-09 6.578882e-09 5.688225e-09 5.998740e-09 3.145295e-03 5.837653e-09 5.753682e-09 5.753682e-09 5.688225e-09 5.743768e-09 5.707705e-09 5.688225e-09 5.684991e-09 5.681761e-09 5.678535e-09 5.707705e-09 5.684991e-09 5.678535e-09 5.681761e-09 0.000000e+00 system
7.173529e-09 5.843430e-04 5.800406e-09 5.793685e-09 1.142268e-03 5.730602e-09 5.740471e-09 5.871932e-09 6.578882e-09 5.688225e-09 5.998740e-09 5.896167e-09 5.837653e-09 5.753682e-09 5.753682e-09 5.688225e-09 5.743768e-09 5.707705e-09 5.688225e-09 5.684991e-09 5.681761e-09 5.678535e-09 5.707705e-09 5.684991e-09 5.678535e-09 5.681761e-09 0.000000e+00 -
7.173529e-09 2.922234e-03 5.800406e-09 5.793685e-09 6.406086e-09 5.730602e-09 5.740471e-09 5.871932e-09 6.578882e-09 5.688225e-09 5.998740e-09 5.896167e-09 5.837653e-09 5.753682e-09 5.753682e-09 5.688225e-09 5.743768e-09 5.707705e-09 5.688225e-09 5.684991e-09 5.681761e-09 5.678535e-09 5.707705e-09 5.684991e-09 5.678535e-09 5.681761e-09 0.000000e+00 an
7.173529e-09 5.844468e-04 5.800406e-09 5.793685e-09 6.406086e-09 5.730602e-09 5.740471e-09 5.871932e-09 6.578882e-09 5.688225e-09 5.998740e-09 5.896167e-09 5.837653e-09 5.753682e-09 5.753682e-09 5.688225e-09 5.743768e-09 5.707705e-09 5.688225e-09 5.684991e-09 5.681761e-09 5.678535e-09 5.707705e-09 5.684991e-09 5.678535e-09 5.681761e-09 0.000000e+00 overview
7.173529e-09 8.968520e-09 5.800406e-09 5.793685e-09 1.142065e-03 5.730602e-09 5.740471e-09 5.871932e-09 6.578882e-09 5.688225e-09 5.998740e-09 3.145295e-03 5.837653e-09 5.753682e-09 5.753682e-09 5.688225e-09 5.743768e-09 5.707705e-09 5.688225e-09 5.684991e-09 5.681761e-09 5.678535e-09 5.707705e-09 5.684991e-09 5.678535e-09 5.681761e-09 0.000000e+00 Acoustics
7.173529e-09 8.968520e-09 5.800406e-09 5.793685e-09 1.142065e-03 5.730602e-09 5.740471e-09 5.871932e-09 6.578882e-09 5.688225e-09 5.998740e-09 1.258118e-02 5.837653e-09 5.753682e-09 5.753682e-09 5.688225e-09 5.743768e-09 5.707705e-09 5.688225e-09 5.684991e-09 5.681761e-09 5.678535e-09 5.707705e-09 5.684991e-09 5.678535e-09 5.681761e-09 0.000000e+00 Signal
7.173529e-09 8.968520e-09 1.874589e-02 5.793685e-09 6.406086e-09 5.730602e-09 5.740471e-09 5.871932e-09 6.578882e-09 5.688225e-09 5.998740e-09 5.896167e-09 5.837653e-09 5.753682e-09 5.753682e-09 5.688225e-09 5.743768e-09 5.707705e-09 5.688225e-09 5.684991e-09 5.681761e-09 5.678535e-09 5.707705e-09 5.684991e-09 5.678535e-09 5.681761e-09 0.000000e+00 1975
7.173529e-09 8.968520e-09 5.800406e-09 5.793685e-09 6.406086e-09 5.730602e-09 5.740471e-09 5.871932e-09 3.616101e-13 5.688225e-09 5.998740e-09 5.896167e-09 1.322403e-02 2.434918e-02 5.753682e-09 5.688225e-09 5.743768e-09 5.707705e-09 5.688225e-09 5.684991e-09 5.681761e-09 5.678535e-09 5.707705e-09 5.684991e-09 5.678535e-09 5.681761e-09 0.000000e+00 23
7.173529e-09 8.968520e-09 5.800406e-09 5.793685e-09 6.406086e-09 5.730602e-09 5.740471e-09 5.871932e-09 5.946840e-03 5.688225e-09 5.998740e-09 5.896167e-09 2.847290e-03 5.753682e-09 5.753682e-09 5.688225e-09 5.743768e-09 5.707705e-09 5.688225e-09 5.684991e-09 5.681761e-09 5.678535e-09 5.707705e-09 5.684991e-09 5.678535e-09 5.681761e-09 0.000000e+00 143
7.173529e-09 8.968520e-09 5.800406e-09 5.793685e-09 6.406086e-09 5.730602e-09 5.740471e-09 5.871932e-09 3.307013e-03 5.688225e-09 5.998740e-09 5.896167e-09 5.837653e-09 5.753682e-09 5.753682e-09 5.688225e-09 5.743768e-09 5.707705e-09 5.688225e-09 5.684991e-09 5.681761e-09 5.678535e-09 5.707705e-09 5.684991e-09 5.678535e-09 5.681761e-09 0.000000e+00 159
7.173529e-09 5.844468e-04 5.800406e-09 5.793685e-09 6.406086e-09 5.730602e-09 5.740471e-09 5.871932e-09 6.578882e-09 5.688225e-09 5.998740e-09 5.896167e-09 5.837653e-09 5.753682e-09 5.753682e-09 5.688225e-09 5.743768e-09 5.707705e-09 5.688225e-09 5.684991e-09 5.681761e-09 5.678535e-09 5.707705e-09 5.684991e-09 5.678535e-09 5.681761e-09 0.000000e+00 Trainable
7.173529e-09 2.168053e-02 5.800406e-09 5.793685e-09 2.174707e-03 5.730602e-09 5.740471e-09 5.871932e-09 6.578882e-09 5.688225e-09 5.998740e-09 5.896167e-09 5.837653e-09 5.753682e-09 5.753682e-09 5.688225e-09 5.743768e-09 5.707705e-09 5.688225e-09 5.684991e-09 5.681761e-09 5.678535e-09 5.707705e-09 5.684991e-09 5.678535e-09 5.681761e-09 0.000000e+00 Grammars
7.173529e-09 8.968520e-09 5.800406e-09 5.793685e-09 1.142757e-03 5.730602e-09 5.740471e-09 5.871932e-09 6.578882e-09 5.688225e-09 5.998740e-09 6.288685e-03 5.837653e-09 5.753682e-09 5.753682e-09 5.688225e-09 5.743768e-09 5.707705e-09 5.688225e-09 5.684991e-09 5.681761e-09 5.678535e-09 5.707705e-09 5.684991e-09 5.678535e-09 5.681761e-09 0.000000e+00 Communications
7.173529e-09 8.968520e-09 5.800406e-09 5.793685e-09 1.142065e-03 5.730602e-09 5.740471e-09 5.871932e-09 6.578882e-09 5.688225e-09 5.998740e-09 5.896167e-09 5.837653e-09 5.753682e-09 5.753682e-09 5.688225e-09 5.743768e-09 5.707705e-09 5.688225e-09 5.684991e-09 5.681761e-09 5.678535e-09 5.707705e-09 5.684991e-09 5.678535e-09 5.681761e-09 0.000000e+00 97th
7.173529e-09 8.968520e-09 5.800406e-09 5.793685e-09 1.598891e-02 5.730602e-09 5.740471e-09 5.871932e-09 6.578882e-09 5.688225e-09 5.998740e-09 5.896167e-09 5.837653e-09 5.753682e-09 5.753682e-09 5.688225e-09 5.743768e-09 5.707705e-09 5.688225e-09 5.684991e-09 5.681761e-09 5.678535e-09 5.707705e-09 5.684991e-09 5.678535e-09 5.681761e-09 0.000000e+00 Meeting
7.173529e-09 8.968520e-09 5.800406e-09 5.793685e-09 4.854796e-18 4.923733e-02 5.740471e-09 5.871932e-09 6.578882e-09 5.688225e-09 5.998740e-09 5.896167e-09 5.837653e-09 5.753682e-09 5.753682e-09 5.688225e-09 5.743768e-09 5.707705e-09 5.688225e-09 5.684991e-09 5.681761e-09 5.678535e-09 5.707705e-09 5.684991e-09 5.678535e-09 5.681761e-09 0.000000e+00 Acoustical
7.173529e-09 5.844468e-04 5.800406e-09 5.793685e-09 4.438528e-34 4.923733e-02 5.740471e-09 5.871932e-09 6.578882e-09 5.688225e-09 5.998740e-09 3.145295e-03 5.837653e-09 5.753682e-09 5.753682e-09 5.688225e-09 5.743768e-09 5.707705e-09 5.688225e-09 5.684991e-09 5.681761e-09 5.678535e-09 5.707705e-09 5.684991e-09 5.678535e-09 5.681761e-09 0.000000e+00 Society
7.173529e-09 8.968520e-09 5.800406e-09 5.793685e-09 1.848955e-142 4.923733e-02 5.740471e-09 5.871932e-09 6.578882e-09 5.688225e-09 5.998740e-09 5.896167e-09 5.837653e-09 5.753682e-09 5.753682e-09 5.688225e-09 5.743768e-09 5.707705e-09 5.688225e-09 5.684991e-09 5.681761e-09 5.678535e-09 5.707705e-09 5.684991e-09 5.678535e-09 5.681761e-09 0.000000e+00 America
7.173529e-09 8.968520e-09 1.405942e-02 5.793685e-09 6.406086e-09 5.730602e-09 5.740471e-09 5.871932e-09 6.578882e-09 5.688225e-09 5.998740e-09 5.896167e-09 5.837653e-09 5.753682e-09 5.753682e-09 5.688225e-09 5.743768e-09 5.707705e-09 5.688225e-09 5.684991e-09 5.681761e-09 5.678535e-09 5.707705e-09 5.684991e-09 5.678535e-09 5.681761e-09 0.000000e+00 1979
7.173529e-09 8.968520e-09 5.800406e-09 5.793685e-09 6.406086e-09 5.730602e-09 2.207381e-01 5.871932e-09 6.578882e-09 5.688225e-09 5.998740e-09 5.896167e-09 5.837653e-09 5.753682e-09 5.753682e-09 5.688225e-09 5.743768e-09 5.707705e-09 5.688225e-09 5.684991e-09 5.681761e-09 5.678535e-09 5.707705e-09 5.684991e-09 5.678535e-09 5.681761e-09 0.000000e+00 June
7.173529e-09 8.968520e-09 5.800406e-09 5.793685e-09 6.406086e-09 5.730602e-09 5.740471e-09 6.846268e-03 6.578882e-09 5.688225e-09 5.998740e-09 5.896167e-09 5.837653e-09 5.753682e-09 5.753682e-09 5.688225e-09 5.743768e-09 5.707705e-09 5.688225e-09 5.684991e-09 5.681761e-09 5.678535e-09 5.707705e-09 5.684991e-09 5.678535e-09 5.681761e-09 0.000000e+00 Klatt
7.173529e-09 8.968520e-09 5.800406e-09 5.793685e-09 6.406086e-09 5.730602e-09 5.740471e-09 6.846268e-03 6.578882e-09 5.688225e-09 5.998740e-09 5.896167e-09 5.837653e-09 5.753682e-09 5.753682e-09 5.688225e-09 5.743768e-09 5.707705e-09 5.688225e-09 5.684991e-09 5.681761e-09 5.678535e-09 5.707705e-09 5.684991e-09 5.678535e-09 5.681761e-09 0.000000e+00 Wolf
7.173529e-09 8.968520e-09 5.800406e-09 5.793685e-09 6.406086e-09 5.730602e-09 5.740471e-09 5.871932e-09 5.085504e-16 3.288386e-01 5.998740e-09 5.896167e-09 5.837653e-09 5.753682e-09 5.753682e-09 5.688225e-09 5.743768e-09 5.707705e-09 5.688225e-09 5.684991e-09 5.681761e-09 5.678535e-09 5.707705e-09 5.684991e-09 5.678535e-09 5.681761e-09 0.000000e+00 31
7.173529e-09 8.968520e-09 5.800406e-09 5.793685e-09 6.406086e-09 5.730602e-09 5.740471e-09 5.871932e-09 6.557365e-03 5.688225e-09 5.998740e-09 5.896167e-09 1.435485e-02 5.753682e-09 5.753682e-09 5.688225e-09 5.743768e-09 5.707705e-09 5.688225e-09 5.684991e-09 5.681761e-09 5.678535e-09 5.707705e-09 5.684991e-09 5.678535e-09 5.681761e-09 0.000000e+00 35
1.583668e-02 8.968520e-09 5.800406e-09 5.793685e-09 6.406086e-09 5.730602e-09 5.740471e-09 5.871932e-09 6.578882e-09 5.688225e-09 5.998740e-09 5.896167e-09 5.837653e-09 5.753682e-09 5.753682e-09 5.688225e-09 5.743768e-09 5.707705e-09 5.688225e-09 5.684991e-09 5.681761e-09 5.678535e-09 5.707705e-09 5.684991e-09 5.678535e-09 5.681761e-09 0.000000e+00 S.
7.541275e-04 8.968520e-09 5.800406e-09 5.793685e-09 6.406086e-09 5.730602e-09 5.740471e-09 5.871932e-09 6.578882e-09 5.688225e-09 5.998740e-09 5.896167e-09 5.837653e-09 5.753682e-09 5.753682e-09 5.688225e-09 5.743768e-09 5.707705e-09 5.688225e-09 5.684991e-09 5.681761e-09 5.678535e-09 5.707705e-09 5.684991e-09 5.678535e-09 5.681761e-09 0.000000e+00 Bangalore
7.541275e-03 8.968520e-09 5.800406e-09 5.793685e-09 6.406086e-09 5.730602e-09 5.740471e-09 5.871932e-09 6.578882e-09 5.688225e-09 5.998740e-09 5.896167e-09 5.837653e-09 5.753682e-09 5.753682e-09 5.688225e-09 5.743768e-09 5.707705e-09 5.688225e-09 5.684991e-09 5.681761e-09 5.678535e-09 5.707705e-09 5.684991e-09 5.678535e-09 5.681761e-09 0.000000e+00 G.
7.541275e-04 8.968520e-09 5.800406e-09 5.793685e-09 6.406086e-09 5.730602e-09 5.740471e-09 5.871932e-09 6.578882e-09 5.688225e-09 5.998740e-09 5.896167e-09 5.837653e-09 5.753682e-09 5.753682e-09 5.688225e-09 5.743768e-09 5.707705e-09 5.688225e-09 5.684991e-09 5.681761e-09 5.678535e-09 5.707705e-09 5.684991e-09 5.678535e-09 5.681761e-09 0.000000e+00 Riccardi
7.173529e-09 2.922234e-03 5.800406e-09 5.793685e-09 6.406086e-09 5.730602e-09 5.740471e-09 5.871932e-09 6.578882e-09 5.688225e-09 5.998740e-09 5.896167e-09 5.837653e-09 5.753682e-09 5.753682e-09 5.688225e-09 5.743768e-09 5.707705e-09 5.688225e-09 5.684991e-09 5.681761e-09 5.678535e-09 5.707705e-09 5.684991e-09 5.678535e-09 5.681761e-09 0.000000e+00 finite-state
7.173529e-09 1.753341e-03 5.800406e-09 5.793685e-09 6.406086e-09 5.730602e-09 5.740471e-09 5.871932e-09 6.578882e-09 5.688225e-09 5.998740e-09 5.896167e-09 5.837653e-09 5.753682e-09 5.753682e-09 5.688225e-09 5.743768e-09 5.707705e-09 5.688225e-09 5.684991e-09 5.681761e-09 5.678535e-09 5.707705e-09 5.684991e-09 5.678535e-09 5.681761e-09 0.000000e+00 approach
7.173529e-09 9.351149e-03 5.800406e-09 5.793685e-09 6.406086e-09 5.730602e-09 5.740471e-09 5.871932e-09 6.578882e-09 5.688225e-09 5.998740e-09 5.896167e-09 5.837653e-09 5.753682e-09 5.753682e-09 5.688225e-09 5.743768e-09 5.707705e-09 5.688225e-09 5.684991e-09 5.681761e-09 5.678535e-09 5.707705e-09 5.684991e-09 5.678535e-09 5.681761e-09 0.000000e+00 machine
1.508145e-03 7.985485e-08 5.800406e-09 5.793685e-09 1.142076e-03 5.730602e-09 5.740471e-09 5.871932e-09 6.578882e-09 5.688225e-09 5.998740e-09 5.896167e-09 5.837653e-09 5.753682e-09 5.753682e-09 5.688225e-09 5.743768e-09 5.707705e-09 5.688225e-09 5.684991e-09 5.681761e-09 5.678535e-09 5.707705e-09 5.684991e-09 5.678535e-09 5.681761e-09 0.000000e+00 NAACL
7.173529e-09 5.892739e-04 6.088545e-02 5.793685e-09 6.406086e-09 5.730602e-09 5.740471e-09 5.871932e-09 6.578882e-09 5.688225e-09 5.998740e-09 5.896167e-09 5.837653e-09 5.753682e-09 5.753682e-09 5.688225e-09 5.743768e-09 5.707705e-09 5.688225e-09 5.684991e-09 5.681761e-09 5.678535e-09 5.707705e-09 5.684991e-09 5.678535e-09 5.681761e-09 0.000000e+00 2001
1.508255e-03 8.968520e-09 5.800406e-09 5.793685e-09 6.406086e-09 5.730602e-09 5.740471e-09 5.871932e-09 6.578882e-09 5.688225e-09 5.998740e-09 5.896167e-09 5.837653e-09 5.753682e-09 5.753682e-09 5.688225e-09 5.743768e-09 5.707705e-09 5.688225e-09 5.684991e-09 5.681761e-09 5.678535e-09 5.707705e-09 5.684991e-09 5.678535e-09 5.681761e-09 0.000000e+00 Barrachina
7.541275e-04 8.968520e-09 5.800406e-09 5.793685e-09 6.406086e-09 5.730602e-09 5.740471e-09 5.871932e-09 6.578882e-09 5.688225e-09 5.998740e-09 5.896167e-09 5.837653e-09 5.753682e-09 5.753682e-09 5.688225e-09 5.743768e-09 5.707705e-09 5.688225e-09 5.684991e-09 5.681761e-09 5.678535e-09 5.707705e-09 5.684991e-09 5.678535e-09 5.681761e-09 0.000000e+00 O.
7.541275e-04 8.968520e-09 5.800406e-09 5.793685e-09 6.406086e-09 5.730602e-09 5.740471e-09 5.871932e-09 6.578882e-09 5.688225e-09 5.998740e-09 5.896167e-09 5.837653e-09 5.753682e-09 5.753682e-09 5.688225e-09 5.743768e-09 5.707705e-09 5.688225e-09 5.684991e-09 5.681761e-09 5.678535e-09 5.707705e-09 5.684991e-09 5.678535e-09 5.681761e-09 0.000000e+00 Bender
2.413208e-02 8.968520e-09 5.800406e-09 5.793685e-09 6.406086e-09 5.730602e-09 5.740471e-09 3.423134e-02 6.578882e-09 5.688225e-09 5.998740e-09 6.290589e-03 5.837653e-09 5.753682e-09 5.753682e-09 5.688225e-09 5.743768e-09 5.707705e-09 5.688225e-09 5.684991e-09 5.681761e-09 5.678535e-09 5.707705e-09 5.684991e-09 5.678535e-09 5.681761e-09 0.000000e+00 J.
3.770638e-03 8.968520e-09 5.800406e-09 5.793685e-09 6.406086e-09 5.730602e-09 5.740471e-09 5.871932e-09 6.578882e-09 5.688225e-09 5.998740e-09 5.896167e-09 5.837653e-09 5.753682e-09 5.753682e-09 5.688225e-09 5.743768e-09 5.707705e-09 5.688225e-09 5.684991e-09 5.681761e-09 5.678535e-09 5.707705e-09 5.684991e-09 5.678535e-09 5.681761e-09 0.000000e+00 Civera
3.016510e-03 8.968520e-09 5.800406e-09 5.793685e-09 6.406086e-09 5.730602e-09 5.740471e-09 5.871932e-09 6.578882e-09 5.688225e-09 5.998740e-09 5.896167e-09 5.837653e-09 5.753682e-09 5.753682e-09 5.688225e-09 5.743768e-09 5.707705e-09 5.688225e-09 5.684991e-09 5.681761e-09 5.678535e-09 5.707705e-09 5.684991e-09 5.678535e-09 5.681761e-09 0.000000e+00 Cubel
7.541275e-04 8.968520e-09 5.800406e-09 5.793685e-09 6.406086e-09 5.730602e-09 5.740471e-09 5.871932e-09 6.578882e-09 5.688225e-09 5.998740e-09 5.896167e-09 5.837653e-09 5.753682e-09 5.753682e-09 5.688225e-09 5.743768e-09 5.707705e-09 5.688225e-09 5.684991e-09 5.681761e-09 5.678535e-09 5.707705e-09 5.684991e-09 5.678535e-09 5.681761e-09 0.000000e+00 Khadivi
3.016510e-03 8.968520e-09 5.800406e-09 5.793685e-09 6.406086e-09 5.730602e-09 5.740471e-09 5.871932e-09 6.578882e-09 5.688225e-09 5.998740e-09 5.896167e-09 5.837653e-09 5.753682e-09 5.753682e-09 5.688225e-09 5.743768e-09 5.707705e-09 5.688225e-09 5.684991e-09 5.681761e-09 5.678535e-09 5.707705e-09 5.684991e-09 5.678535e-09 5.681761e-09 0.000000e+00 Lagarda
1.432842e-02 8.968520e-09 5.800406e-09 5.793685e-09 6.406086e-09 5.730602e-09 5.740471e-09 5.871932e-09 6.578882e-09 5.688225e-09 5.998740e-09 5.896167e-09 5.837653e-09 5.753682e-09 5.753682e-09 5.688225e-09 5.743768e-09 5.707705e-09 5.688225e-09 5.684991e-09 5.681761e-09 5.678535e-09 5.707705e-09 5.684991e-09 5.678535e-09 5.681761e-09 0.000000e+00 H.
9.803658e-03 8.968520e-09 5.800406e-09 5.793685e-09 6.406086e-09 5.730602e-09 5.740471e-09 5.871932e-09 6.578882e-09 5.688225e-09 5.998740e-09 5.896167e-09 5.837653e-09 5.753682e-09 5.753682e-09 5.688225e-09 5.743768e-09 5.707705e-09 5.688225e-09 5.684991e-09 5.681761e-09 5.678535e-09 5.707705e-09 5.684991e-09 5.678535e-09 5.681761e-09 0.000000e+00 Ney
7.541275e-04 8.968520e-09 5.800406e-09 5.793685e-09 6.406086e-09 5.730602e-09 5.740471e-09 5.871932e-09 6.578882e-09 5.688225e-09 5.998740e-09 5.896167e-09 5.837653e-09 5.753682e-09 5.753682e-09 5.688225e-09 5.743768e-09 5.707705e-09 5.688225e-09 5.684991e-09 5.681761e-09 5.678535e-09 5.707705e-09 5.684991e-09 5.678535e-09 5.681761e-09 0.000000e+00 TomÃ¡s
7.173529e-09 1.587548e-02 5.800406e-09 5.793685e-09 1.118850e-02 5.730602e-09 5.740471e-09 5.871932e-09 6.578882e-09 5.688225e-09 5.998740e-09 3.271180e-03 5.837653e-09 5.753682e-09 5.753682e-09 5.688225e-09 5.743768e-09 5.707705e-09 5.688225e-09 5.684991e-09 5.681761e-09 5.678535e-09 5.707705e-09 5.684991e-09 5.678535e-09 5.681761e-09 0.000000e+00 Statistical
7.173529e-09 1.168894e-03 5.800406e-09 5.793685e-09 6.406086e-09 5.730602e-09 5.740471e-09 5.871932e-09 6.578882e-09 5.688225e-09 5.998740e-09 5.896167e-09 5.837653e-09 5.753682e-09 5.753682e-09 5.688225e-09 5.743768e-09 5.707705e-09 5.688225e-09 5.684991e-09 5.681761e-09 5.678535e-09 5.707705e-09 5.684991e-09 5.678535e-09 5.681761e-09 0.000000e+00 approaches
7.173529e-09 5.844468e-04 5.800406e-09 5.793685e-09 6.406086e-09 5.730602e-09 5.740471e-09 5.871932e-09 6.578882e-09 5.688225e-09 5.998740e-09 5.896167e-09 5.837653e-09 5.753682e-09 5.753682e-09 5.688225e-09 5.743768e-09 5.707705e-09 5.688225e-09 5.684991e-09 5.681761e-09 5.678535e-09 5.707705e-09 5.684991e-09 5.678535e-09 5.681761e-09 0.000000e+00 computer-assisted
7.173529e-09 8.968520e-09 5.800406e-09 1.095050e-01 2.020486e-02 1.173145e-01 5.740471e-09 5.871932e-09 6.578882e-09 5.688225e-09 5.998740e-09 5.583401e-02 5.837653e-09 5.753682e-09 5.753682e-09 5.688225e-09 5.743768e-09 5.707705e-09 5.688225e-09 5.684991e-09 5.681761e-09 5.678535e-09 5.707705e-09 5.684991e-09 5.678535e-09 5.681761e-09 0.000000e+00 Computational
7.173529e-09 8.968520e-09 5.800406e-09 1.095050e-01 1.709017e-02 1.352182e-01 5.740471e-09 5.871932e-09 6.578882e-09 5.688225e-09 5.998740e-09 5.583401e-02 5.837653e-09 5.753682e-09 5.753682e-09 5.688225e-09 5.743768e-09 5.707705e-09 5.688225e-09 5.684991e-09 5.681761e-09 5.678535e-09 5.707705e-09 5.684991e-09 5.678535e-09 5.681761e-09 0.000000e+00 Linguistics
7.173529e-09 8.968520e-09 1.874589e-02 5.793685e-09 6.406086e-09 5.730602e-09 5.740471e-09 5.871932e-09 6.578882e-09 5.688225e-09 5.998740e-09 5.896167e-09 5.837653e-09 5.753682e-09 5.753682e-09 5.688225e-09 5.743768e-09 5.707705e-09 5.688225e-09 5.684991e-09 5.681761e-09 5.678535e-09 5.707705e-09 5.684991e-09 5.678535e-09 5.681761e-09 0.000000e+00 2009
7.173529e-09 8.968520e-09 5.800406e-09 5.793685e-09 6.406086e-09 5.730602e-09 5.740471e-09 5.871932e-09 3.308173e-03 5.688225e-09 5.998740e-09 5.896167e-09 1.410810e-02 5.753682e-09 5.753682e-09 5.688225e-09 5.743768e-09 5.707705e-09 5.688225e-09 5.684991e-09 5.681761e-09 5.678535e-09 5.707705e-09 5.684991e-09 5.678535e-09 5.681761e-09 0.000000e+00 28
1.508255e-03 8.968520e-09 5.800406e-09 5.793685e-09 6.406086e-09 5.730602e-09 5.740471e-09 5.871932e-09 6.578882e-09 5.688225e-09 5.998740e-09 5.896167e-09 5.837653e-09 5.753682e-09 5.753682e-09 5.688225e-09 5.743768e-09 5.707705e-09 5.688225e-09 5.684991e-09 5.681761e-09 5.678535e-09 5.707705e-09 5.684991e-09 5.678535e-09 5.681761e-09 0.000000e+00 L.E.
1.508255e-03 8.968520e-09 5.800406e-09 5.793685e-09 6.406086e-09 5.730602e-09 5.740471e-09 5.871932e-09 6.578882e-09 5.688225e-09 5.998740e-09 5.896167e-09 5.837653e-09 5.753682e-09 5.753682e-09 5.688225e-09 5.743768e-09 5.707705e-09 5.688225e-09 5.684991e-09 5.681761e-09 5.678535e-09 5.707705e-09 5.684991e-09 5.678535e-09 5.681761e-09 0.000000e+00 Baum
7.541275e-04 8.968520e-09 5.800406e-09 5.793685e-09 6.406086e-09 5.730602e-09 5.740471e-09 5.871932e-09 6.578882e-09 5.688225e-09 5.998740e-09 5.896167e-09 5.837653e-09 5.753682e-09 5.753682e-09 5.688225e-09 5.743768e-09 5.707705e-09 5.688225e-09 5.684991e-09 5.681761e-09 5.678535e-09 5.707705e-09 5.684991e-09 5.678535e-09 5.681761e-09 0.000000e+00 Eagon
7.173529e-09 2.922234e-03 5.800406e-09 5.793685e-09 6.406086e-09 5.730602e-09 5.740471e-09 5.871932e-09 6.578882e-09 5.688225e-09 5.998740e-09 5.896167e-09 5.837653e-09 5.753682e-09 5.753682e-09 5.688225e-09 5.743768e-09 5.707705e-09 5.688225e-09 5.684991e-09 5.681761e-09 5.678535e-09 5.707705e-09 5.684991e-09 5.678535e-09 5.681761e-09 0.000000e+00 An
7.173529e-09 5.844468e-04 5.800406e-09 5.793685e-09 6.406086e-09 5.730602e-09 5.740471e-09 5.871932e-09 6.578882e-09 5.688225e-09 5.998740e-09 5.896167e-09 5.837653e-09 5.753682e-09 5.753682e-09 5.688225e-09 5.743768e-09 5.707705e-09 5.688225e-09 5.684991e-09 5.681761e-09 5.678535e-09 5.707705e-09 5.684991e-09 5.678535e-09 5.681761e-09 0.000000e+00 Inequality
7.173529e-09 7.597809e-03 5.800406e-09 5.793685e-09 6.406086e-09 5.730602e-09 5.740471e-09 5.871932e-09 6.578882e-09 5.688225e-09 5.998740e-09 5.896167e-09 5.837653e-09 5.753682e-09 5.753682e-09 5.688225e-09 5.743768e-09 5.707705e-09 5.688225e-09 5.684991e-09 5.681761e-09 5.678535e-09 5.707705e-09 5.684991e-09 5.678535e-09 5.681761e-09 0.000000e+00 with
7.173529e-09 2.283874e-03 5.800406e-09 5.793685e-09 6.957743e-03 5.730602e-09 5.740471e-09 5.871932e-09 6.578882e-09 5.688225e-09 5.998740e-09 5.896167e-09 5.837653e-09 5.753682e-09 5.753682e-09 5.688225e-09 5.743768e-09 5.707705e-09 5.688225e-09 5.684991e-09 5.681761e-09 5.678535e-09 5.707705e-09 5.684991e-09 5.678535e-09 5.681761e-09 0.000000e+00 Applications
7.173529e-09 5.844468e-04 5.800406e-09 5.793685e-09 6.406086e-09 5.730602e-09 5.740471e-09 5.871932e-09 6.578882e-09 5.688225e-09 5.998740e-09 5.896167e-09 5.837653e-09 5.753682e-09 5.753682e-09 5.688225e-09 5.743768e-09 5.707705e-09 5.688225e-09 5.684991e-09 5.681761e-09 5.678535e-09 5.707705e-09 5.684991e-09 5.678535e-09 5.681761e-09 0.000000e+00 Prediction
7.173529e-09 1.753341e-03 5.800406e-09 5.793685e-09 6.406086e-09 5.730602e-09 5.740471e-09 5.871932e-09 6.578882e-09 5.688225e-09 5.998740e-09 5.896167e-09 5.837653e-09 5.753682e-09 5.753682e-09 5.688225e-09 5.743768e-09 5.707705e-09 5.688225e-09 5.684991e-09 5.681761e-09 5.678535e-09 5.707705e-09 5.684991e-09 5.678535e-09 5.681761e-09 0.000000e+00 Functions
7.173529e-09 5.844468e-04 5.800406e-09 5.793685e-09 6.406086e-09 5.730602e-09 5.740471e-09 5.871932e-09 6.578882e-09 5.688225e-09 5.998740e-09 5.896167e-09 5.837653e-09 5.753682e-09 5.753682e-09 5.688225e-09 5.743768e-09 5.707705e-09 5.688225e-09 5.684991e-09 5.681761e-09 5.678535e-09 5.707705e-09 5.684991e-09 5.678535e-09 5.681761e-09 0.000000e+00 Chains
7.173529e-09 8.968520e-09 5.800406e-09 5.793685e-09 6.406086e-09 5.730602e-09 5.740471e-09 5.871932e-09 6.578882e-09 5.688225e-09 5.998740e-09 3.145295e-03 5.837653e-09 5.753682e-09 5.753682e-09 5.688225e-09 5.743768e-09 5.707705e-09 5.688225e-09 5.684991e-09 5.681761e-09 5.678535e-09 5.707705e-09 5.684991e-09 5.678535e-09 5.681761e-09 0.000000e+00 Bull.
7.173529e-09 8.968520e-09 5.800406e-09 5.793685e-09 6.406086e-09 5.730602e-09 5.740471e-09 5.871932e-09 6.578882e-09 5.688225e-09 5.998740e-09 3.145295e-03 5.837653e-09 5.753682e-09 5.753682e-09 5.688225e-09 5.743768e-09 5.707705e-09 5.688225e-09 5.684991e-09 5.681761e-09 5.678535e-09 5.707705e-09 5.684991e-09 5.678535e-09 5.681761e-09 0.000000e+00 Amer.
7.173529e-09 8.968520e-09 5.800406e-09 5.793685e-09 6.406086e-09 5.730602e-09 5.740471e-09 5.871932e-09 6.578882e-09 5.688225e-09 5.998740e-09 3.145295e-03 5.837653e-09 5.753682e-09 5.753682e-09 5.688225e-09 5.743768e-09 5.707705e-09 5.688225e-09 5.684991e-09 5.681761e-09 5.678535e-09 5.707705e-09 5.684991e-09 5.678535e-09 5.681761e-09 0.000000e+00 Math.
7.173529e-09 8.968520e-09 5.800406e-09 5.793685e-09 6.406086e-09 5.730602e-09 5.740471e-09 5.871932e-09 6.578882e-09 5.688225e-09 5.998740e-09 3.145295e-03 5.837653e-09 5.753682e-09 5.753682e-09 5.688225e-09 5.743768e-09 5.707705e-09 5.688225e-09 5.684991e-09 5.681761e-09 5.678535e-09 5.707705e-09 5.684991e-09 5.678535e-09 5.681761e-09 0.000000e+00 Soc.
7.173529e-09 8.968520e-09 4.686473e-03 5.793685e-09 6.406086e-09 5.730602e-09 5.740471e-09 5.871932e-09 6.578882e-09 5.688225e-09 5.998740e-09 5.896167e-09 5.837653e-09 5.753682e-09 5.753682e-09 5.688225e-09 5.743768e-09 5.707705e-09 5.688225e-09 5.684991e-09 5.681761e-09 5.678535e-09 5.707705e-09 5.684991e-09 5.678535e-09 5.681761e-09 0.000000e+00 1967
7.173529e-09 8.968520e-09 5.800406e-09 5.793685e-09 6.406086e-09 5.730602e-09 5.740471e-09 5.871932e-09 6.578882e-09 5.688225e-09 5.998740e-09 5.896167e-09 1.411305e-02 5.753682e-09 5.753682e-09 5.688225e-09 5.743768e-09 5.707705e-09 5.688225e-09 5.684991e-09 5.681761e-09 5.678535e-09 5.707705e-09 5.684991e-09 5.678535e-09 5.681761e-09 0.000000e+00 73
7.173529e-09 8.968520e-09 5.800406e-09 5.793685e-09 6.406086e-09 5.730602e-09 5.740471e-09 5.871932e-09 6.614026e-03 5.688225e-09 5.998740e-09 5.896167e-09 5.837653e-09 5.753682e-09 5.753682e-09 5.688225e-09 5.743768e-09 5.707705e-09 5.688225e-09 5.684991e-09 5.681761e-09 5.678535e-09 5.707705e-09 5.684991e-09 5.678535e-09 5.681761e-09 0.000000e+00 360
7.173529e-09 8.968520e-09 5.800406e-09 5.793685e-09 6.406086e-09 5.730602e-09 5.740471e-09 5.871932e-09 3.307013e-03 5.688225e-09 5.998740e-09 5.896167e-09 5.837653e-09 5.753682e-09 5.753682e-09 5.688225e-09 5.743768e-09 5.707705e-09 5.688225e-09 5.684991e-09 5.681761e-09 5.678535e-09 5.707705e-09 5.684991e-09 5.678535e-09 5.681761e-09 0.000000e+00 363
7.541275e-04 8.968520e-09 5.800406e-09 5.793685e-09 6.406086e-09 5.730602e-09 5.740471e-09 5.871932e-09 6.578882e-09 5.688225e-09 5.998740e-09 5.896167e-09 5.837653e-09 5.753682e-09 5.753682e-09 5.688225e-09 5.743768e-09 5.707705e-09 5.688225e-09 5.684991e-09 5.681761e-09 5.678535e-09 5.707705e-09 5.684991e-09 5.678535e-09 5.681761e-09 0.000000e+00 G.R.
7.541275e-04 8.968520e-09 5.800406e-09 5.793685e-09 6.406086e-09 5.730602e-09 5.740471e-09 5.871932e-09 6.578882e-09 5.688225e-09 5.998740e-09 5.896167e-09 5.837653e-09 5.753682e-09 5.753682e-09 5.688225e-09 5.743768e-09 5.707705e-09 5.688225e-09 5.684991e-09 5.681761e-09 5.678535e-09 5.707705e-09 5.684991e-09 5.678535e-09 5.681761e-09 0.000000e+00 Sell
7.173529e-09 1.753341e-03 5.800406e-09 5.793685e-09 6.406086e-09 5.730602e-09 5.740471e-09 5.871932e-09 6.578882e-09 5.688225e-09 5.998740e-09 5.896167e-09 5.837653e-09 5.753682e-09 5.753682e-09 5.688225e-09 5.743768e-09 5.707705e-09 5.688225e-09 5.684991e-09 5.681761e-09 5.678535e-09 5.707705e-09 5.684991e-09 5.678535e-09 5.681761e-09 0.000000e+00 Growth
7.173529e-09 1.168894e-03 5.800406e-09 5.793685e-09 6.406086e-09 5.730602e-09 5.740471e-09 5.871932e-09 6.578882e-09 5.688225e-09 5.998740e-09 5.896167e-09 5.837653e-09 5.753682e-09 5.753682e-09 5.688225e-09 5.743768e-09 5.707705e-09 5.688225e-09 5.684991e-09 5.681761e-09 5.678535e-09 5.707705e-09 5.684991e-09 5.678535e-09 5.681761e-09 0.000000e+00 transformation
7.173529e-09 1.168894e-03 5.800406e-09 5.793685e-09 6.406086e-09 5.730602e-09 5.740471e-09 5.871932e-09 6.578882e-09 5.688225e-09 5.998740e-09 5.896167e-09 5.837653e-09 5.753682e-09 5.753682e-09 5.688225e-09 5.743768e-09 5.707705e-09 5.688225e-09 5.684991e-09 5.681761e-09 5.678535e-09 5.707705e-09 5.684991e-09 5.678535e-09 5.681761e-09 0.000000e+00 functions
7.173529e-09 5.844468e-04 5.800406e-09 5.793685e-09 6.406086e-09 5.730602e-09 5.740471e-09 5.871932e-09 6.578882e-09 5.688225e-09 5.998740e-09 5.896167e-09 5.837653e-09 5.753682e-09 5.753682e-09 5.688225e-09 5.743768e-09 5.707705e-09 5.688225e-09 5.684991e-09 5.681761e-09 5.678535e-09 5.707705e-09 5.684991e-09 5.678535e-09 5.681761e-09 0.000000e+00 manifolds
7.173529e-09 8.968520e-09 5.800406e-09 5.793685e-09 6.406086e-09 5.730602e-09 5.740471e-09 5.871932e-09 6.578882e-09 5.688225e-09 5.998740e-09 3.145295e-03 5.837653e-09 5.753682e-09 5.753682e-09 5.688225e-09 5.743768e-09 5.707705e-09 5.688225e-09 5.684991e-09 5.681761e-09 5.678535e-09 5.707705e-09 5.684991e-09 5.678535e-09 5.681761e-09 0.000000e+00 Pacific
7.173529e-09 1.175032e-18 5.800406e-09 5.793685e-09 6.406086e-09 5.730602e-09 5.740471e-09 5.871932e-09 6.578882e-09 5.688225e-09 5.998740e-09 9.435884e-03 5.837653e-09 5.753682e-09 5.753682e-09 5.688225e-09 5.743768e-09 5.707705e-09 5.688225e-09 5.684991e-09 5.681761e-09 5.678535e-09 5.707705e-09 5.684991e-09 5.678535e-09 5.681761e-09 0.000000e+00 Mathematics
7.173529e-09 8.968520e-09 4.686473e-03 5.793685e-09 6.406086e-09 5.730602e-09 5.740471e-09 5.871932e-09 6.578882e-09 5.688225e-09 5.998740e-09 5.896167e-09 5.837653e-09 5.753682e-09 5.753682e-09 5.688225e-09 5.743768e-09 5.707705e-09 5.688225e-09 5.684991e-09 5.681761e-09 5.678535e-09 5.707705e-09 5.684991e-09 5.678535e-09 5.681761e-09 0.000000e+00 1968
7.173529e-09 8.968520e-09 5.800406e-09 5.793685e-09 6.406086e-09 5.730602e-09 2.963791e-02 5.871932e-09 1.592184e-11 5.688225e-09 5.998740e-09 5.896167e-09 4.214143e-02 5.753682e-09 5.753682e-09 5.688225e-09 5.743768e-09 5.707705e-09 5.688225e-09 5.684991e-09 5.681761e-09 5.678535e-09 5.707705e-09 5.684991e-09 5.678535e-09 5.681761e-09 0.000000e+00 27
7.173529e-09 8.968520e-09 5.800406e-09 5.793685e-09 6.406086e-09 5.730602e-09 5.740471e-09 5.871932e-09 6.614026e-03 5.688225e-09 5.998740e-09 5.896167e-09 5.837653e-09 5.753682e-09 5.753682e-09 5.688225e-09 5.743768e-09 5.707705e-09 5.688225e-09 5.684991e-09 5.681761e-09 5.678535e-09 5.707705e-09 5.684991e-09 5.678535e-09 5.681761e-09 0.000000e+00 211
7.173529e-09 8.968520e-09 5.800406e-09 5.793685e-09 6.406086e-09 5.730602e-09 5.740471e-09 5.871932e-09 6.614026e-03 5.688225e-09 5.998740e-09 5.896167e-09 5.837653e-09 5.753682e-09 5.753682e-09 5.688225e-09 5.743768e-09 5.707705e-09 5.688225e-09 5.684991e-09 5.681761e-09 5.678535e-09 5.707705e-09 5.684991e-09 5.678535e-09 5.681761e-09 0.000000e+00 227
7.173529e-09 5.844468e-04 5.800406e-09 5.793685e-09 6.406086e-09 5.730602e-09 5.740471e-09 5.871932e-09 6.578882e-09 5.688225e-09 5.998740e-09 5.896167e-09 5.837653e-09 5.753682e-09 5.753682e-09 5.688225e-09 5.743768e-09 5.707705e-09 5.688225e-09 5.684991e-09 5.681761e-09 5.678535e-09 5.707705e-09 5.684991e-09 5.678535e-09 5.681761e-09 0.000000e+00 inequality
7.173529e-09 8.968520e-09 5.800406e-09 5.793685e-09 6.406086e-09 5.730602e-09 5.740471e-09 5.871932e-09 6.578882e-09 5.688225e-09 5.998740e-09 5.896167e-09 5.837653e-09 5.753682e-09 5.753682e-09 5.688225e-09 5.743768e-09 5.707705e-09 5.688225e-09 5.684991e-09 5.681761e-09 5.678535e-09 5.707705e-09 5.684991e-09 5.678535e-09 5.681761e-09 0.000000e+00 Associated
7.173529e-09 8.968520e-09 5.800406e-09 5.793685e-09 6.406086e-09 5.730602e-09 5.740471e-09 5.871932e-09 6.578882e-09 5.688225e-09 5.998740e-09 5.896167e-09 5.837653e-09 5.753682e-09 5.753682e-09 5.688225e-09 5.743768e-09 5.707705e-09 5.688225e-09 5.684991e-09 5.681761e-09 5.678535e-09 5.707705e-09 5.684991e-09 5.678535e-09 5.681761e-09 0.000000e+00 Maximization
7.173529e-09 8.968520e-09 5.800406e-09 5.793685e-09 6.406086e-09 5.730602e-09 5.740471e-09 5.871932e-09 6.578882e-09 5.688225e-09 5.998740e-09 5.896167e-09 5.837653e-09 5.753682e-09 5.753682e-09 5.688225e-09 5.743768e-09 5.707705e-09 5.688225e-09 5.684991e-09 5.681761e-09 5.678535e-09 5.707705e-09 5.684991e-09 5.678535e-09 5.681761e-09 0.000000e+00 Technique
7.173529e-09 1.212748e-02 5.800406e-09 5.793685e-09 1.170577e-02 5.730602e-09 5.740471e-09 5.871932e-09 6.578882e-09 5.688225e-09 5.998740e-09 5.896167e-09 5.837653e-09 5.753682e-09 5.753682e-09 5.688225e-09 5.743768e-09 3.999960e-02 5.688225e-09 5.684991e-09 5.681761e-09 5.678535e-09 1.621605e-01 5.684991e-09 5.678535e-09 5.681761e-09 0.000000e+00 in
7.173529e-09 6.428915e-03 5.800406e-09 5.793685e-09 6.406086e-09 5.730602e-09 5.740471e-09 5.871932e-09 6.578882e-09 5.688225e-09 5.998740e-09 5.896167e-09 5.837653e-09 5.753682e-09 5.753682e-09 5.688225e-09 5.743768e-09 5.707705e-09 5.688225e-09 5.684991e-09 5.681761e-09 5.678535e-09 5.707705e-09 5.684991e-09 5.678535e-09 5.681761e-09 0.000000e+00 Estimation
7.173529e-09 1.110449e-02 5.800406e-09 5.793685e-09 6.406086e-09 5.730602e-09 5.740471e-09 5.871932e-09 6.578882e-09 5.688225e-09 5.998740e-09 5.896167e-09 5.837653e-09 5.753682e-09 5.753682e-09 5.688225e-09 5.743768e-09 5.707705e-09 5.688225e-09 5.684991e-09 5.681761e-09 5.678535e-09 5.707705e-09 5.684991e-09 5.678535e-09 5.681761e-09 0.000000e+00 Probabilistic
7.173529e-09 8.968520e-09 5.800406e-09 5.793685e-09 6.406086e-09 5.730602e-09 5.740471e-09 5.871932e-09 6.578882e-09 5.688225e-09 5.998740e-09 5.896167e-09 5.837653e-09 5.753682e-09 5.753682e-09 5.688225e-09 5.743768e-09 5.707705e-09 5.688225e-09 5.684991e-09 5.681761e-09 5.678535e-09 5.707705e-09 5.684991e-09 5.678535e-09 5.681761e-09 0.000000e+00 Processes
7.173529e-09 8.968520e-09 5.800406e-09 5.793685e-09 6.406086e-09 5.730602e-09 5.740471e-09 5.871932e-09 6.578882e-09 5.688225e-09 5.998740e-09 5.896167e-09 5.837653e-09 5.753682e-09 5.753682e-09 5.688225e-09 5.743768e-09 5.707705e-09 5.688225e-09 5.684991e-09 5.681761e-09 5.678535e-09 5.707705e-09 5.684991e-09 5.678535e-09 5.681761e-09 0.000000e+00 Inequalities
7.173529e-09 8.968520e-09 5.800406e-09 5.793685e-09 6.406086e-09 5.730602e-09 4.633083e-02 5.871932e-09 6.578882e-09 5.688225e-09 5.998740e-09 5.896167e-09 1.422858e-02 8.077223e-02 5.753682e-09 5.688225e-09 5.743768e-09 5.707705e-09 5.688225e-09 5.684991e-09 5.681761e-09 5.678535e-09 5.707705e-09 5.684991e-09 5.678535e-09 5.681761e-09 0.000000e+00 3
7.173529e-09 8.968520e-09 5.800406e-09 5.793685e-09 6.406086e-09 5.730602e-09 5.740471e-09 5.871932e-09 3.370478e-03 5.688225e-09 5.998740e-09 5.896167e-09 7.044698e-02 1.167524e-02 5.753682e-09 5.688225e-09 5.743768e-09 5.707705e-09 5.688225e-09 5.684991e-09 5.681761e-09 5.678535e-09 5.707705e-09 5.684991e-09 5.678535e-09 5.681761e-09 0.000000e+00 8
1.508255e-03 8.968520e-09 5.800406e-09 5.793685e-09 6.406086e-09 5.730602e-09 5.740471e-09 5.871932e-09 6.578882e-09 5.688225e-09 5.998740e-09 5.896167e-09 5.837653e-09 5.753682e-09 5.753682e-09 5.688225e-09 5.743768e-09 5.707705e-09 5.688225e-09 5.684991e-09 5.681761e-09 5.678535e-09 5.707705e-09 5.684991e-09 5.678535e-09 5.681761e-09 0.000000e+00 J.R.
1.508255e-03 8.968520e-09 5.800406e-09 5.793685e-09 6.406086e-09 5.730602e-09 5.740471e-09 5.871932e-09 6.578882e-09 5.688225e-09 5.998740e-09 5.896167e-09 5.837653e-09 5.753682e-09 5.753682e-09 5.688225e-09 5.743768e-09 5.707705e-09 5.688225e-09 5.684991e-09 5.681761e-09 5.678535e-09 5.707705e-09 5.684991e-09 5.678535e-09 5.681761e-09 0.000000e+00 Bellegarda
7.173529e-09 1.753468e-03 5.800406e-09 5.793685e-09 1.141816e-03 5.730602e-09 5.740471e-09 5.871932e-09 6.578882e-09 5.688225e-09 5.998740e-09 5.896167e-09 5.837653e-09 5.753682e-09 5.753682e-09 5.688225e-09 5.743768e-09 5.707705e-09 5.688225e-09 5.684991e-09 5.681761e-09 5.678535e-09 5.707705e-09 5.684991e-09 5.678535e-09 5.681761e-09 0.000000e+00 Large
7.173529e-09 5.844468e-04 5.800406e-09 5.793685e-09 6.406086e-09 5.730602e-09 5.740471e-09 5.871932e-09 6.578882e-09 5.688225e-09 5.998740e-09 5.896167e-09 5.837653e-09 5.753682e-09 5.753682e-09 5.688225e-09 5.743768e-09 5.707705e-09 5.688225e-09 5.684991e-09 5.681761e-09 5.678535e-09 5.707705e-09 5.684991e-09 5.678535e-09 5.681761e-09 0.000000e+00 Vocabulary
7.173529e-09 5.844468e-04 5.800406e-09 5.793685e-09 6.406086e-09 5.730602e-09 5.740471e-09 5.871932e-09 6.578882e-09 5.688225e-09 5.998740e-09 5.896167e-09 5.837653e-09 5.753682e-09 5.753682e-09 5.688225e-09 5.743768e-09 5.707705e-09 5.688225e-09 5.684991e-09 5.681761e-09 5.678535e-09 5.707705e-09 5.684991e-09 5.678535e-09 5.681761e-09 0.000000e+00 Multispan
7.173529e-09 1.481722e-02 5.800406e-09 5.793685e-09 1.928321e-02 5.730602e-09 5.740471e-09 5.871932e-09 6.578882e-09 5.688225e-09 5.998740e-09 3.385258e-02 5.837653e-09 5.753682e-09 5.753682e-09 5.688225e-09 5.743768e-09 5.707705e-09 5.688225e-09 5.684991e-09 5.681761e-09 5.678535e-09 5.707705e-09 5.684991e-09 5.678535e-09 5.681761e-09 0.000000e+00 Language
7.173529e-09 8.968520e-09 5.800406e-09 5.793685e-09 6.406086e-09 5.730602e-09 5.740471e-09 5.871932e-09 6.578882e-09 5.688225e-09 5.998740e-09 2.516236e-02 5.837653e-09 5.753682e-09 5.753682e-09 5.688225e-09 5.743768e-09 5.707705e-09 5.688225e-09 5.684991e-09 5.681761e-09 5.678535e-09 5.707705e-09 5.684991e-09 5.678535e-09 5.681761e-09 0.000000e+00 Transactions
7.173529e-09 8.968520e-09 5.800406e-09 5.793685e-09 6.406086e-09 5.730602e-09 5.740471e-09 5.871932e-09 5.952492e-03 5.688225e-09 5.998740e-09 5.896167e-09 2.823170e-03 5.753682e-09 5.753682e-09 5.688225e-09 5.743768e-09 5.707705e-09 5.688225e-09 5.684991e-09 5.681761e-09 5.678535e-09 5.707705e-09 5.684991e-09 5.678535e-09 5.681761e-09 0.000000e+00 76
7.173529e-09 8.968520e-09 5.800406e-09 5.793685e-09 6.406086e-09 5.730602e-09 5.740471e-09 5.871932e-09 6.614026e-03 5.688225e-09 5.998740e-09 5.896167e-09 5.837653e-09 5.753682e-09 5.753682e-09 5.688225e-09 5.743768e-09 5.707705e-09 5.688225e-09 5.684991e-09 5.681761e-09 5.678535e-09 5.707705e-09 5.684991e-09 5.678535e-09 5.681761e-09 0.000000e+00 84
7.173529e-09 5.844468e-04 5.800406e-09 5.793685e-09 6.406086e-09 5.730602e-09 5.740471e-09 5.871932e-09 6.578882e-09 5.688225e-09 5.998740e-09 5.896167e-09 5.837653e-09 5.753682e-09 5.753682e-09 5.688225e-09 5.743768e-09 5.707705e-09 5.688225e-09 5.684991e-09 5.681761e-09 5.678535e-09 5.707705e-09 5.684991e-09 5.678535e-09 5.681761e-09 0.000000e+00 multispan
7.173529e-09 5.260196e-03 5.800406e-09 5.793685e-09 1.141724e-03 5.730602e-09 5.740471e-09 5.871932e-09 6.578882e-09 5.688225e-09 5.998740e-09 5.896167e-09 5.837653e-09 5.753682e-09 5.753682e-09 5.688225e-09 5.743768e-09 5.707705e-09 5.688225e-09 5.684991e-09 5.681761e-09 5.678535e-09 5.707705e-09 5.684991e-09 5.678535e-09 5.681761e-09 0.000000e+00 language
7.173529e-09 2.337787e-03 5.800406e-09 5.793685e-09 6.406086e-09 5.730602e-09 5.740471e-09 5.871932e-09 6.578882e-09 5.688225e-09 5.998740e-09 5.896167e-09 5.837653e-09 5.753682e-09 5.753682e-09 5.688225e-09 5.743768e-09 5.707705e-09 5.688225e-09 5.684991e-09 5.681761e-09 5.678535e-09 5.707705e-09 5.684991e-09 5.678535e-09 5.681761e-09 0.000000e+00 modeling
7.173529e-09 5.844468e-04 5.800406e-09 5.793685e-09 6.406086e-09 5.730602e-09 5.740471e-09 5.871932e-09 6.578882e-09 5.688225e-09 5.998740e-09 5.896167e-09 5.837653e-09 5.753682e-09 5.753682e-09 5.688225e-09 5.743768e-09 5.707705e-09 5.688225e-09 5.684991e-09 5.681761e-09 5.678535e-09 5.707705e-09 5.684991e-09 5.678535e-09 5.681761e-09 0.000000e+00 framework
7.173529e-09 5.843436e-04 5.800406e-09 5.793685e-09 1.142267e-03 5.730602e-09 5.740471e-09 5.871932e-09 6.578882e-09 5.688225e-09 5.998740e-09 5.896167e-09 5.837653e-09 5.753682e-09 5.753682e-09 5.688225e-09 5.743768e-09 5.707705e-09 5.688225e-09 5.684991e-09 5.681761e-09 5.678535e-09 5.707705e-09 5.684991e-09 5.678535e-09 5.681761e-09 0.000000e+00 large
7.173529e-09 5.844468e-04 5.800406e-09 5.793685e-09 6.406086e-09 5.730602e-09 5.740471e-09 5.871932e-09 6.578882e-09 5.688225e-09 5.998740e-09 5.896167e-09 5.837653e-09 5.753682e-09 5.753682e-09 5.688225e-09 5.743768e-09 5.707705e-09 5.688225e-09 5.684991e-09 5.681761e-09 5.678535e-09 5.707705e-09 5.684991e-09 5.678535e-09 5.681761e-09 0.000000e+00 vocabulary
7.173529e-09 2.337787e-03 5.800406e-09 5.793685e-09 6.406086e-09 5.730602e-09 5.740471e-09 5.871932e-09 6.578882e-09 5.688225e-09 5.998740e-09 5.896167e-09 5.837653e-09 5.753682e-09 5.753682e-09 5.688225e-09 5.743768e-09 5.707705e-09 5.688225e-09 5.684991e-09 5.681761e-09 5.678535e-09 5.707705e-09 5.684991e-09 5.678535e-09 5.681761e-09 0.000000e+00 speech
7.173529e-09 3.506681e-03 5.800406e-09 5.793685e-09 6.406086e-09 5.730602e-09 5.740471e-09 5.871932e-09 6.578882e-09 5.688225e-09 5.998740e-09 5.896167e-09 5.837653e-09 5.753682e-09 5.753682e-09 5.688225e-09 5.743768e-09 5.707705e-09 5.688225e-09 5.684991e-09 5.681761e-09 5.678535e-09 5.707705e-09 5.684991e-09 5.678535e-09 5.681761e-09 0.000000e+00 recognition
7.173529e-09 8.968520e-09 6.092415e-02 5.793685e-09 6.406086e-09 5.730602e-09 5.740471e-09 5.871932e-09 6.578882e-09 5.688225e-09 5.998740e-09 5.896167e-09 5.837653e-09 5.753682e-09 5.753682e-09 5.688225e-09 5.743768e-09 5.707705e-09 5.688225e-09 5.684991e-09 5.681761e-09 5.678535e-09 5.707705e-09 5.684991e-09 5.678535e-09 5.681761e-09 0.000000e+00 1998
7.173529e-09 8.968520e-09 5.800406e-09 5.793685e-09 6.406086e-09 5.730602e-09 5.740471e-09 5.871932e-09 6.578882e-09 5.688225e-09 5.998740e-09 5.896167e-09 2.690015e-02 3.651742e-02 5.753682e-09 5.688225e-09 5.743768e-09 5.707705e-09 5.688225e-09 5.684991e-09 5.681761e-09 5.678535e-09 5.707705e-09 5.684991e-09 5.678535e-09 5.681761e-09 0.000000e+00 6
7.173529e-09 8.968520e-09 5.800406e-09 5.793685e-09 6.406086e-09 5.730602e-09 5.740471e-09 5.871932e-09 6.108768e-04 1.136516e-22 5.998740e-09 5.896167e-09 1.692298e-08 6.863679e-02 5.753682e-09 5.688225e-09 5.743768e-09 5.707705e-09 5.688225e-09 5.684991e-09 5.681761e-09 5.678535e-09 5.707705e-09 5.684991e-09 5.678535e-09 5.681761e-09 0.000000e+00 5
7.173529e-09 8.968520e-09 5.800406e-09 5.793685e-09 6.406086e-09 5.730602e-09 5.740471e-09 5.871932e-09 3.307013e-03 5.688225e-09 5.998740e-09 5.896167e-09 5.837653e-09 5.753682e-09 5.753682e-09 5.688225e-09 5.743768e-09 5.707705e-09 5.688225e-09 5.684991e-09 5.681761e-09 5.678535e-09 5.707705e-09 5.684991e-09 5.678535e-09 5.681761e-09 0.000000e+00 456
7.173529e-09 8.968520e-09 5.800406e-09 5.793685e-09 6.406086e-09 5.730602e-09 5.740471e-09 5.871932e-09 3.307013e-03 5.688225e-09 5.998740e-09 5.896167e-09 5.837653e-09 5.753682e-09 5.753682e-09 5.688225e-09 5.743768e-09 5.707705e-09 5.688225e-09 5.684991e-09 5.681761e-09 5.678535e-09 5.707705e-09 5.684991e-09 5.678535e-09 5.681761e-09 0.000000e+00 476
7.173529e-09 2.337787e-03 5.800406e-09 5.793685e-09 6.406086e-09 5.730602e-09 5.740471e-09 5.871932e-09 6.578882e-09 5.688225e-09 5.998740e-09 5.896167e-09 5.837653e-09 5.753682e-09 5.753682e-09 5.688225e-09 5.743768e-09 5.707705e-09 5.688225e-09 5.684991e-09 5.681761e-09 5.678535e-09 5.707705e-09 5.684991e-09 5.678535e-09 5.681761e-09 0.000000e+00 Combination
7.173529e-09 1.168894e-03 5.800406e-09 5.793685e-09 6.406086e-09 5.730602e-09 5.740471e-09 5.871932e-09 6.578882e-09 5.688225e-09 5.998740e-09 5.896167e-09 5.837653e-09 5.753682e-09 5.753682e-09 5.688225e-09 5.743768e-09 5.707705e-09 5.688225e-09 5.684991e-09 5.681761e-09 5.678535e-09 5.707705e-09 5.684991e-09 5.678535e-09 5.681761e-09 0.000000e+00 N-Grams
7.173529e-09 1.870230e-02 5.800406e-09 5.793685e-09 6.406086e-09 5.730602e-09 5.740471e-09 5.871932e-09 6.578882e-09 5.688225e-09 5.998740e-09 5.896167e-09 5.837653e-09 5.753682e-09 5.753682e-09 5.688225e-09 5.743768e-09 5.707705e-09 5.688225e-09 5.684991e-09 5.681761e-09 5.678535e-09 5.707705e-09 5.684991e-09 5.678535e-09 5.681761e-09 0.000000e+00 Stochastic
7.173529e-09 1.985284e-02 5.800406e-09 5.793685e-09 1.177930e-03 5.730602e-09 5.740471e-09 5.871932e-09 6.578882e-09 5.688225e-09 5.998740e-09 5.896167e-09 5.837653e-09 5.753682e-09 5.753682e-09 5.688225e-09 5.743768e-09 5.707705e-09 5.688225e-09 5.684991e-09 5.681761e-09 5.678535e-09 5.707705e-09 5.684991e-09 5.678535e-09 5.681761e-09 0.000000e+00 Context-Free
7.173529e-09 5.260022e-03 5.800406e-09 5.793685e-09 6.406086e-09 5.730602e-09 5.740471e-09 5.871932e-09 6.578882e-09 5.688225e-09 5.998740e-09 5.896167e-09 5.837653e-09 5.753682e-09 5.753682e-09 5.688225e-09 5.743768e-09 5.707705e-09 5.688225e-09 5.684991e-09 5.681761e-09 5.678535e-09 5.707705e-09 5.684991e-09 5.678535e-09 5.681761e-09 0.000000e+00 Modeling
7.173529e-09 2.864459e-03 5.800406e-09 5.793685e-09 3.094866e-02 5.730602e-09 5.740471e-09 5.871932e-09 6.578882e-09 5.688225e-09 5.998740e-09 5.896167e-09 5.837653e-09 5.753682e-09 5.753682e-09 5.688225e-09 5.743768e-09 5.707705e-09 5.688225e-09 5.684991e-09 5.681761e-09 5.678535e-09 5.707705e-09 5.684991e-09 5.678535e-09 5.681761e-09 0.000000e+00 Proceedings
7.173529e-09 8.968520e-09 5.800406e-09 5.793685e-09 2.284130e-03 5.730602e-09 5.740471e-09 5.871932e-09 6.578882e-09 5.688225e-09 5.998740e-09 5.896167e-09 5.837653e-09 5.753682e-09 5.753682e-09 5.688225e-09 5.743768e-09 5.707705e-09 5.688225e-09 5.684991e-09 5.681761e-09 5.678535e-09 5.707705e-09 5.684991e-09 5.678535e-09 5.681761e-09 0.000000e+00 COLING
7.173529e-09 8.968520e-09 5.800406e-09 5.793685e-09 6.406086e-09 5.730602e-09 5.740471e-09 5.871932e-09 6.614026e-03 5.688225e-09 5.998740e-09 5.896167e-09 5.837653e-09 5.753682e-09 5.753682e-09 5.688225e-09 5.743768e-09 5.707705e-09 5.688225e-09 5.684991e-09 5.681761e-09 5.678535e-09 5.707705e-09 5.684991e-09 5.678535e-09 5.681761e-09 0.000000e+00 55
7.173529e-09 8.968520e-09 5.800406e-09 5.793685e-09 6.406086e-09 5.730602e-09 5.740471e-09 5.871932e-09 3.307013e-03 5.688225e-09 5.998740e-09 5.896167e-09 5.837653e-09 5.753682e-09 5.753682e-09 5.688225e-09 5.743768e-09 5.707705e-09 5.688225e-09 5.684991e-09 5.681761e-09 5.678535e-09 5.707705e-09 5.684991e-09 5.678535e-09 5.681761e-09 0.000000e+00 61
7.173529e-09 8.968520e-09 5.800406e-09 5.793685e-09 1.598893e-02 7.385600e-02 5.740471e-09 5.871932e-09 6.578882e-09 5.688225e-09 5.998740e-09 6.290589e-03 5.837653e-09 5.753682e-09 1.315758e-02 5.688225e-09 5.743768e-09 5.707705e-09 5.688225e-09 5.684991e-09 5.681761e-09 5.678535e-09 5.707705e-09 5.684991e-09 5.678535e-09 5.681761e-09 0.000000e+00 International
7.173529e-09 8.968520e-09 5.800406e-09 5.793685e-09 6.406086e-09 7.385600e-02 5.740471e-09 5.871932e-09 6.578882e-09 5.688225e-09 5.998740e-09 5.896167e-09 5.837653e-09 5.753682e-09 5.753682e-09 5.688225e-09 5.743768e-09 5.707705e-09 5.688225e-09 5.684991e-09 5.681761e-09 5.678535e-09 5.707705e-09 5.684991e-09 5.678535e-09 5.681761e-09 0.000000e+00 Committee
7.173529e-09 8.968520e-09 5.800406e-09 5.793685e-09 6.406086e-09 5.730602e-09 5.740471e-09 5.871932e-09 6.578882e-09 5.688225e-09 7.250385e-03 5.896167e-09 5.837653e-09 5.753682e-09 5.753682e-09 5.688225e-09 5.743768e-09 5.707705e-09 5.688225e-09 5.684991e-09 5.681761e-09 5.678535e-09 5.707705e-09 5.684991e-09 5.678535e-09 5.681761e-09 0.000000e+00 Saarbrücken
7.173529e-09 8.968520e-09 5.800406e-09 5.793685e-09 6.406086e-09 5.730602e-09 5.740471e-09 5.871932e-09 6.578882e-09 5.688225e-09 1.450077e-02 5.896167e-09 5.837653e-09 5.753682e-09 5.753682e-09 5.688225e-09 5.743768e-09 5.707705e-09 5.688225e-09 5.684991e-09 5.681761e-09 5.678535e-09 5.707705e-09 5.684991e-09 5.678535e-09 5.681761e-09 0.000000e+00 Germany
7.173529e-09 1.168894e-03 5.800406e-09 5.793685e-09 6.406086e-09 5.730602e-09 5.740471e-09 5.871932e-09 6.578882e-09 5.688225e-09 5.998740e-09 5.896167e-09 5.837653e-09 5.753682e-09 5.753682e-09 5.688225e-09 5.743768e-09 5.707705e-09 5.688225e-09 5.684991e-09 5.681761e-09 5.678535e-09 5.707705e-09 5.684991e-09 5.678535e-09 5.681761e-09 0.000000e+00 General
7.173529e-09 1.168894e-03 5.800406e-09 5.793685e-09 6.406086e-09 5.730602e-09 5.740471e-09 5.871932e-09 6.578882e-09 5.688225e-09 5.998740e-09 5.896167e-09 5.837653e-09 5.753682e-09 5.753682e-09 5.688225e-09 5.743768e-09 5.707705e-09 5.688225e-09 5.684991e-09 5.681761e-09 5.678535e-09 5.707705e-09 5.684991e-09 5.678535e-09 5.681761e-09 0.000000e+00 Form
7.173529e-09 5.844468e-04 5.800406e-09 5.793685e-09 6.406086e-09 5.730602e-09 5.740471e-09 5.871932e-09 6.578882e-09 5.688225e-09 5.998740e-09 5.896167e-09 5.837653e-09 5.753682e-09 5.753682e-09 5.688225e-09 5.743768e-09 5.707705e-09 5.688225e-09 5.684991e-09 5.681761e-09 5.678535e-09 5.707705e-09 5.684991e-09 5.678535e-09 5.681761e-09 0.000000e+00 Chomsky
7.173529e-09 5.844468e-04 5.800406e-09 5.793685e-09 6.406086e-09 5.730602e-09 5.740471e-09 5.871932e-09 6.578882e-09 5.688225e-09 5.998740e-09 5.896167e-09 5.837653e-09 5.753682e-09 5.753682e-09 5.688225e-09 5.743768e-09 5.707705e-09 5.688225e-09 5.684991e-09 5.681761e-09 5.678535e-09 5.707705e-09 5.684991e-09 5.678535e-09 5.681761e-09 0.000000e+00 Normal
7.173529e-09 8.968520e-09 5.800406e-09 5.793685e-09 6.406086e-09 5.730602e-09 5.740471e-09 5.871932e-09 6.578882e-09 5.688225e-09 5.998740e-09 5.896167e-09 5.837653e-09 5.753682e-09 7.894661e-02 5.688225e-09 5.743768e-09 5.707705e-09 5.688225e-09 5.684991e-09 5.681761e-09 5.678535e-09 5.707705e-09 5.684991e-09 5.678535e-09 5.681761e-09 0.000000e+00 Departamento
7.173529e-09 8.968520e-09 5.800406e-09 5.793685e-09 6.406086e-09 5.730602e-09 5.740471e-09 5.871932e-09 6.578882e-09 5.688225e-09 5.998740e-09 5.896167e-09 5.837653e-09 5.753682e-09 7.894661e-02 5.688225e-09 5.743768e-09 5.707705e-09 5.688225e-09 5.684991e-09 5.681761e-09 5.678535e-09 5.707705e-09 5.684991e-09 5.678535e-09 5.681761e-09 0.000000e+00 Sistemas
7.173529e-09 8.968520e-09 5.800406e-09 5.793685e-09 6.406086e-09 5.730602e-09 5.740471e-09 5.871932e-09 6.578882e-09 5.688225e-09 5.998740e-09 5.896167e-09 5.837653e-09 5.753682e-09 7.894661e-02 5.688225e-09 5.743768e-09 5.707705e-09 5.688225e-09 5.684991e-09 5.681761e-09 5.678535e-09 5.707705e-09 5.684991e-09 5.678535e-09 5.681761e-09 0.000000e+00 Informáticos
7.173529e-09 5.844468e-04 5.800406e-09 5.793685e-09 6.406086e-09 5.730602e-09 5.740471e-09 5.871932e-09 6.578882e-09 5.688225e-09 5.998740e-09 5.896167e-09 5.837653e-09 5.753682e-09 7.894661e-02 5.688225e-09 5.743768e-09 5.707705e-09 5.688225e-09 5.684991e-09 5.681761e-09 5.678535e-09 5.707705e-09 5.684991e-09 5.678535e-09 5.681761e-09 0.000000e+00 y
7.173529e-09 8.968520e-09 5.800406e-09 5.793685e-09 6.406086e-09 5.730602e-09 5.740471e-09 5.871932e-09 6.578882e-09 5.688225e-09 5.998740e-09 5.896167e-09 5.837653e-09 5.753682e-09 6.578884e-02 5.688225e-09 5.743768e-09 5.707705e-09 5.688225e-09 5.684991e-09 5.681761e-09 5.678535e-09 5.707705e-09 5.684991e-09 5.678535e-09 5.681761e-09 0.000000e+00 Computaci\'{o}n.
7.173529e-09 8.968520e-09 5.800406e-09 5.793685e-09 6.406086e-09 5.730602e-09 5.740471e-09 5.871932e-09 6.578882e-09 5.688225e-09 5.998740e-09 5.896167e-09 5.837653e-09 5.753682e-09 7.894661e-02 5.688225e-09 6.262975e-02 5.707705e-09 5.688225e-09 5.684991e-09 5.681761e-09 5.678535e-09 5.707705e-09 5.684991e-09 5.678535e-09 5.681761e-09 0.000000e+00 Universidad
7.173529e-09 8.968520e-09 5.800406e-09 5.793685e-09 6.406086e-09 5.730602e-09 5.740471e-09 5.871932e-09 6.578882e-09 5.688225e-09 5.998740e-09 5.896167e-09 5.837653e-09 5.753682e-09 6.578884e-02 5.688225e-09 3.131487e-02 5.707705e-09 5.688225e-09 5.684991e-09 5.681761e-09 5.678535e-09 5.707705e-09 5.684991e-09 5.678535e-09 5.681761e-09 0.000000e+00 Polit\'{e}cnica
7.173529e-09 8.968520e-09 5.800406e-09 5.793685e-09 6.406086e-09 5.730602e-09 5.740471e-09 5.871932e-09 6.578882e-09 5.688225e-09 5.998740e-09 5.896167e-09 5.837653e-09 5.753682e-09 7.894661e-02 5.688225e-09 5.743768e-09 5.707705e-09 5.688225e-09 5.684991e-09 5.681761e-09 5.678535e-09 5.707705e-09 5.684991e-09 5.678535e-09 5.681761e-09 0.000000e+00 Valencia.
7.173529e-09 8.968520e-09 5.800406e-09 5.793685e-09 6.406086e-09 5.730602e-09 5.740471e-09 5.871932e-09 6.578882e-09 5.688225e-09 5.998740e-09 5.896167e-09 5.837653e-09 1.180284e-02 5.753682e-09 5.688225e-09 5.743768e-09 5.707705e-09 5.688225e-09 5.684991e-09 5.681761e-09 5.678535e-09 5.707705e-09 5.684991e-09 5.678535e-09 5.681761e-09 0.000000e+00 DSIC-II/13/00
3.016510e-03 8.968520e-09 5.800406e-09 5.793685e-09 6.406086e-09 5.730602e-09 5.740471e-09 5.871932e-09 6.578882e-09 5.688225e-09 5.998740e-09 5.896167e-09 5.837653e-09 5.753682e-09 5.753682e-09 5.688225e-09 5.743768e-09 5.707705e-09 5.688225e-09 5.684991e-09 5.681761e-09 5.678535e-09 5.707705e-09 5.684991e-09 5.678535e-09 5.681761e-09 0.000000e+00 González
7.541275e-04 8.968520e-09 5.800406e-09 5.793685e-09 6.406086e-09 5.730602e-09 5.740471e-09 5.871932e-09 6.578882e-09 5.688225e-09 5.998740e-09 5.896167e-09 5.837653e-09 5.753682e-09 5.753682e-09 5.688225e-09 5.743768e-09 5.707705e-09 5.688225e-09 5.684991e-09 5.681761e-09 5.678535e-09 5.707705e-09 5.684991e-09 5.678535e-09 5.681761e-09 0.000000e+00 Francisco
3.016510e-03 8.968520e-09 5.800406e-09 5.793685e-09 6.406086e-09 5.730602e-09 5.740471e-09 5.871932e-09 6.578882e-09 5.688225e-09 5.998740e-09 5.896167e-09 5.837653e-09 5.753682e-09 5.753682e-09 5.688225e-09 5.743768e-09 5.707705e-09 5.688225e-09 5.684991e-09 5.681761e-09 5.678535e-09 5.707705e-09 5.684991e-09 5.678535e-09 5.681761e-09 0.000000e+00 Nevado
7.173529e-09 1.168894e-03 5.800406e-09 5.793685e-09 6.406086e-09 5.730602e-09 5.740471e-09 5.871932e-09 6.578882e-09 5.688225e-09 5.998740e-09 5.896167e-09 5.837653e-09 5.753682e-09 5.753682e-09 5.688225e-09 5.743768e-09 5.707705e-09 5.688225e-09 5.684991e-09 5.681761e-09 5.678535e-09 5.707705e-09 5.684991e-09 5.678535e-09 5.681761e-09 0.000000e+00 hybrid
7.173529e-09 4.091128e-03 5.800406e-09 5.793685e-09 6.406086e-09 5.730602e-09 5.740471e-09 5.871932e-09 6.578882e-09 5.688225e-09 5.998740e-09 5.896167e-09 5.837653e-09 5.753682e-09 5.753682e-09 5.688225e-09 5.743768e-09 5.707705e-09 5.688225e-09 5.684991e-09 5.681761e-09 5.678535e-09 5.707705e-09 5.684991e-09 5.678535e-09 5.681761e-09 0.000000e+00 model
7.173529e-09 5.843525e-04 5.800406e-09 5.793685e-09 1.142250e-03 5.730602e-09 5.740471e-09 5.871932e-09 6.578882e-09 5.688225e-09 5.998740e-09 5.896167e-09 5.837653e-09 5.753682e-09 5.753682e-09 5.688225e-09 5.743768e-09 5.707705e-09 5.688225e-09 5.684991e-09 5.681761e-09 5.678535e-09 5.707705e-09 5.684991e-09 5.678535e-09 5.681761e-09 0.000000e+00 combining
7.173529e-09 1.168894e-03 5.800406e-09 5.793685e-09 6.406086e-09 5.730602e-09 5.740471e-09 5.871932e-09 6.578882e-09 5.688225e-09 5.998740e-09 5.896167e-09 5.837653e-09 5.753682e-09 5.753682e-09 5.688225e-09 5.743768e-09 5.707705e-09 5.688225e-09 5.684991e-09 5.681761e-09 5.678535e-09 5.707705e-09 5.684991e-09 5.678535e-09 5.681761e-09 0.000000e+00 word-based
7.173529e-09 1.753341e-03 5.800406e-09 5.793685e-09 6.406086e-09 5.730602e-09 5.740471e-09 5.871932e-09 6.578882e-09 5.688225e-09 5.998740e-09 5.896167e-09 5.837653e-09 5.753682e-09 5.753682e-09 5.688225e-09 5.743768e-09 5.707705e-09 5.688225e-09 5.684991e-09 5.681761e-09 5.678535e-09 5.707705e-09 5.684991e-09 5.678535e-09 5.681761e-09 0.000000e+00 category-based
7.173529e-09 1.168894e-03 5.800406e-09 5.793685e-09 6.406086e-09 5.730602e-09 5.740471e-09 5.871932e-09 6.578882e-09 5.688225e-09 5.998740e-09 5.896167e-09 5.837653e-09 5.753682e-09 5.753682e-09 5.688225e-09 5.743768e-09 5.707705e-09 5.688225e-09 5.684991e-09 5.681761e-09 5.678535e-09 5.707705e-09 5.684991e-09 5.678535e-09 5.681761e-09 0.000000e+00 n-gram
7.173529e-09 7.013362e-03 5.800406e-09 5.793685e-09 6.406086e-09 5.730602e-09 5.740471e-09 5.871932e-09 6.578882e-09 5.688225e-09 5.998740e-09 5.896167e-09 5.837653e-09 5.753682e-09 5.753682e-09 5.688225e-09 5.743768e-09 5.707705e-09 5.688225e-09 5.684991e-09 5.681761e-09 5.678535e-09 5.707705e-09 5.684991e-09 5.678535e-09 5.681761e-09 0.000000e+00 models
7.173529e-09 8.968520e-09 5.800406e-09 5.793685e-09 6.406086e-09 5.730602e-09 5.740471e-09 5.871932e-09 6.578882e-09 5.688225e-09 5.998740e-09 5.896167e-09 5.837653e-09 5.753682e-09 1.315777e-02 5.688225e-09 5.743768e-09 5.707705e-09 5.688225e-09 5.684991e-09 5.681761e-09 5.678535e-09 5.707705e-09 5.684991e-09 5.678535e-09 5.681761e-09 0.000000e+00 Computación.
7.173529e-09 8.968520e-09 5.800406e-09 5.793685e-09 6.406086e-09 5.730602e-09 5.740471e-09 5.871932e-09 6.578882e-09 5.688225e-09 5.998740e-09 5.896167e-09 5.837653e-09 5.753682e-09 1.315777e-02 5.688225e-09 3.131487e-02 5.707705e-09 5.688225e-09 5.684991e-09 5.681761e-09 5.678535e-09 5.707705e-09 5.684991e-09 5.678535e-09 5.681761e-09 0.000000e+00 Politécnica
7.173529e-09 8.968520e-09 5.800406e-09 5.793685e-09 6.406086e-09 5.730602e-09 5.740471e-09 5.871932e-09 6.578882e-09 5.688225e-09 5.998740e-09 5.896167e-09 5.837653e-09 1.180284e-02 5.753682e-09 5.688225e-09 5.743768e-09 5.707705e-09 5.688225e-09 5.684991e-09 5.681761e-09 5.678535e-09 5.707705e-09 5.684991e-09 5.678535e-09 5.681761e-09 0.000000e+00 DSIC-II/03/01
7.173529e-09 5.844468e-04 5.800406e-09 5.793685e-09 6.406086e-09 5.730602e-09 5.740471e-09 5.871932e-09 6.578882e-09 5.688225e-09 5.998740e-09 5.896167e-09 5.837653e-09 5.753682e-09 5.753682e-09 5.688225e-09 5.743768e-09 5.707705e-09 5.688225e-09 5.684991e-09 5.681761e-09 5.678535e-09 5.707705e-09 5.684991e-09 5.678535e-09 5.681761e-09 0.000000e+00 their
7.173529e-09 1.753341e-03 5.800406e-09 5.793685e-09 6.406086e-09 5.730602e-09 5.740471e-09 5.871932e-09 6.578882e-09 5.688225e-09 5.998740e-09 5.896167e-09 5.837653e-09 5.753682e-09 5.753682e-09 5.688225e-09 5.743768e-09 5.707705e-09 5.688225e-09 5.684991e-09 5.681761e-09 5.678535e-09 5.707705e-09 5.684991e-09 5.678535e-09 5.681761e-09 0.000000e+00 use
7.173529e-09 8.968520e-09 3.749179e-02 5.793685e-09 6.406086e-09 5.730602e-09 5.740471e-09 5.871932e-09 6.578882e-09 5.688225e-09 5.998740e-09 5.896167e-09 5.837653e-09 5.753682e-09 5.753682e-09 5.688225e-09 5.743768e-09 5.707705e-09 5.688225e-09 5.684991e-09 5.681761e-09 5.678535e-09 5.707705e-09 5.684991e-09 5.678535e-09 5.681761e-09 0.000000e+00 2005
7.173529e-09 8.968520e-09 5.800406e-09 5.793685e-09 6.406086e-09 5.730602e-09 5.740471e-09 5.871932e-09 3.298401e-03 5.688225e-09 5.998740e-09 5.896167e-09 5.648895e-02 5.753682e-09 5.753682e-09 5.688225e-09 5.743768e-09 5.707705e-09 5.688225e-09 5.684991e-09 5.681761e-09 5.678535e-09 5.707705e-09 5.684991e-09 5.678535e-09 5.681761e-09 0.000000e+00 19
7.173529e-09 8.968520e-09 5.800406e-09 5.793685e-09 6.406086e-09 5.730602e-09 5.740471e-09 5.871932e-09 6.614026e-03 5.688225e-09 5.998740e-09 5.896167e-09 5.837653e-09 5.753682e-09 5.753682e-09 5.688225e-09 5.743768e-09 5.707705e-09 5.688225e-09 5.684991e-09 5.681761e-09 5.678535e-09 5.707705e-09 5.684991e-09 5.678535e-09 5.681761e-09 0.000000e+00 249
7.173529e-09 8.968520e-09 5.800406e-09 5.793685e-09 6.406086e-09 5.730602e-09 5.740471e-09 5.871932e-09 3.307013e-03 5.688225e-09 5.998740e-09 5.896167e-09 5.837653e-09 5.753682e-09 5.753682e-09 5.688225e-09 5.743768e-09 5.707705e-09 5.688225e-09 5.684991e-09 5.681761e-09 5.678535e-09 5.707705e-09 5.684991e-09 5.678535e-09 5.681761e-09 0.000000e+00 274
7.541275e-04 8.968520e-09 5.800406e-09 5.793685e-09 6.406086e-09 5.730602e-09 5.740471e-09 5.871932e-09 6.578882e-09 5.688225e-09 5.998740e-09 5.896167e-09 5.837653e-09 5.753682e-09 5.753682e-09 5.688225e-09 5.743768e-09 5.707705e-09 5.688225e-09 5.684991e-09 5.681761e-09 5.678535e-09 5.707705e-09 5.684991e-09 5.678535e-09 5.681761e-09 0.000000e+00 J.M
7.173529e-09 1.168894e-03 5.800406e-09 5.793685e-09 6.406086e-09 5.730602e-09 5.740471e-09 5.871932e-09 6.578882e-09 5.688225e-09 5.998740e-09 5.896167e-09 5.837653e-09 5.753682e-09 5.753682e-09 5.688225e-09 5.743768e-09 5.707705e-09 5.688225e-09 5.684991e-09 5.681761e-09 5.678535e-09 5.707705e-09 5.684991e-09 5.678535e-09 5.681761e-09 0.000000e+00 Corrective
7.173529e-09 1.168894e-03 5.800406e-09 5.793685e-09 6.406086e-09 5.730602e-09 5.740471e-09 5.871932e-09 6.578882e-09 5.688225e-09 5.998740e-09 5.896167e-09 5.837653e-09 5.753682e-09 5.753682e-09 5.688225e-09 5.743768e-09 5.707705e-09 5.688225e-09 5.684991e-09 5.681761e-09 5.678535e-09 5.707705e-09 5.684991e-09 5.678535e-09 5.681761e-09 0.000000e+00 Training
7.173529e-09 8.968520e-09 5.800406e-09 5.793685e-09 2.284130e-03 5.730602e-09 5.740471e-09 5.871932e-09 6.578882e-09 5.688225e-09 5.998740e-09 5.896167e-09 5.837653e-09 5.753682e-09 5.753682e-09 5.688225e-09 5.743768e-09 5.707705e-09 5.688225e-09 5.684991e-09 5.681761e-09 5.678535e-09 5.707705e-09 5.684991e-09 5.678535e-09 5.681761e-09 0.000000e+00 VI
7.173529e-09 8.968520e-09 4.217826e-02 5.793685e-09 6.406086e-09 5.730602e-09 5.740471e-09 5.871932e-09 6.578882e-09 5.688225e-09 5.998740e-09 5.896167e-09 5.837653e-09 5.753682e-09 5.753682e-09 5.688225e-09 5.743768e-09 5.707705e-09 5.688225e-09 5.684991e-09 5.681761e-09 5.678535e-09 5.707705e-09 5.684991e-09 5.678535e-09 5.681761e-09 0.000000e+00 1995
7.173529e-09 8.968520e-09 5.800406e-09 5.793685e-09 6.406086e-09 5.730602e-09 5.886349e-02 5.871932e-09 6.578882e-09 5.688225e-09 5.998740e-09 5.896167e-09 1.411305e-02 5.753682e-09 5.753682e-09 5.688225e-09 5.743768e-09 5.707705e-09 5.688225e-09 5.684991e-09 5.681761e-09 5.678535e-09 5.707705e-09 5.684991e-09 5.678535e-09 5.681761e-09 0.000000e+00 April
7.173529e-09 8.968520e-09 5.800406e-09 5.793685e-09 6.406086e-09 5.730602e-09 5.740471e-09 1.369254e-02 6.578882e-09 5.688225e-09 5.998740e-09 5.896167e-09 5.837653e-09 5.753682e-09 5.753682e-09 5.688225e-09 5.743768e-09 5.707705e-09 5.688225e-09 5.684991e-09 5.681761e-09 5.678535e-09 5.707705e-09 5.684991e-09 5.678535e-09 5.681761e-09 0.000000e+00 Calvo
1.357286e-02 8.968520e-09 5.800406e-09 5.793685e-09 6.406086e-09 5.730602e-09 5.740471e-09 2.739815e-02 6.578882e-09 5.688225e-09 5.998740e-09 5.896167e-09 5.837653e-09 5.753682e-09 5.753682e-09 5.688225e-09 5.743768e-09 5.707705e-09 5.688225e-09 5.684991e-09 5.681761e-09 5.678535e-09 5.707705e-09 5.684991e-09 5.678535e-09 5.681761e-09 0.000000e+00 R.
7.173529e-09 8.968520e-09 5.800406e-09 5.793685e-09 6.406086e-09 5.730602e-09 5.740471e-09 1.369254e-02 6.578882e-09 5.688225e-09 5.998740e-09 5.896167e-09 5.837653e-09 5.753682e-09 5.753682e-09 5.688225e-09 5.743768e-09 5.707705e-09 5.688225e-09 5.684991e-09 5.681761e-09 5.678535e-09 5.707705e-09 5.684991e-09 5.678535e-09 5.681761e-09 0.000000e+00 Medina
7.173529e-09 8.968520e-09 5.800406e-09 5.793685e-09 6.406086e-09 5.730602e-09 5.740471e-09 5.871932e-09 6.614026e-03 5.688225e-09 5.998740e-09 5.896167e-09 5.837653e-09 5.753682e-09 5.753682e-09 5.688225e-09 5.743768e-09 5.707705e-09 5.688225e-09 5.684991e-09 5.681761e-09 5.678535e-09 5.707705e-09 5.684991e-09 5.678535e-09 5.681761e-09 0.000000e+00 442
7.173529e-09 8.968520e-09 5.800406e-09 5.793685e-09 6.406086e-09 5.730602e-09 5.740471e-09 5.871932e-09 9.921039e-03 5.688225e-09 5.998740e-09 5.896167e-09 5.837653e-09 5.753682e-09 5.753682e-09 5.688225e-09 5.743768e-09 5.707705e-09 5.688225e-09 5.684991e-09 5.681761e-09 5.678535e-09 5.707705e-09 5.684991e-09 5.678535e-09 5.681761e-09 0.000000e+00 450
7.173529e-09 8.968520e-09 5.800406e-09 5.793685e-09 6.406086e-09 5.730602e-09 5.740471e-09 5.871932e-09 6.578882e-09 5.688225e-09 1.450077e-02 5.896167e-09 5.837653e-09 5.753682e-09 5.753682e-09 5.688225e-09 5.743768e-09 5.707705e-09 5.688225e-09 5.684991e-09 5.681761e-09 5.678535e-09 5.707705e-09 5.684991e-09 5.678535e-09 5.681761e-09 0.000000e+00 Córdoba
7.173529e-09 5.844468e-04 5.800406e-09 5.793685e-09 6.406086e-09 5.730602e-09 5.740471e-09 5.871932e-09 6.578882e-09 5.688225e-09 5.998740e-09 5.896167e-09 5.837653e-09 5.753682e-09 5.753682e-09 5.688225e-09 5.743768e-09 5.707705e-09 5.688225e-09 5.684991e-09 5.681761e-09 5.678535e-09 5.707705e-09 5.684991e-09 5.678535e-09 5.681761e-09 0.000000e+00 Probabilidad
7.173529e-09 1.753372e-03 5.800406e-09 5.793685e-09 2.284070e-03 5.730602e-09 5.740471e-09 6.846268e-03 6.578882e-09 5.688225e-09 5.998740e-09 5.896167e-09 5.837653e-09 5.753682e-09 5.753682e-09 5.688225e-09 5.743768e-09 5.707705e-09 5.688225e-09 5.684991e-09 5.681761e-09 5.678535e-09 5.707705e-09 5.684991e-09 5.678535e-09 5.681761e-09 0.000000e+00 la
7.173529e-09 5.844468e-04 5.800406e-09 5.793685e-09 6.406086e-09 5.730602e-09 5.740471e-09 5.871932e-09 6.578882e-09 5.688225e-09 5.998740e-09 5.896167e-09 5.837653e-09 5.753682e-09 5.753682e-09 5.688225e-09 5.743768e-09 5.707705e-09 5.688225e-09 5.684991e-09 5.681761e-09 5.678535e-09 5.707705e-09 5.684991e-09 5.678535e-09 5.681761e-09 0.000000e+00 mejor
7.173529e-09 5.844468e-04 5.800406e-09 5.793685e-09 6.406086e-09 5.730602e-09 5.740471e-09 5.871932e-09 6.578882e-09 5.688225e-09 5.998740e-09 5.896167e-09 5.837653e-09 5.753682e-09 5.753682e-09 5.688225e-09 5.743768e-09 5.707705e-09 5.688225e-09 5.684991e-09 5.681761e-09 5.678535e-09 5.707705e-09 5.684991e-09 5.678535e-09 5.681761e-09 0.000000e+00 Derivaci\'{o}n
7.173529e-09 5.844468e-04 5.800406e-09 5.793685e-09 6.406086e-09 5.730602e-09 5.740471e-09 5.871932e-09 6.578882e-09 5.688225e-09 5.998740e-09 5.896167e-09 5.837653e-09 5.753682e-09 5.753682e-09 5.688225e-09 5.743768e-09 5.707705e-09 5.688225e-09 5.684991e-09 5.681761e-09 5.678535e-09 5.707705e-09 5.684991e-09 5.678535e-09 5.681761e-09 0.000000e+00 que
7.173529e-09 5.844468e-04 5.800406e-09 5.793685e-09 6.406086e-09 5.730602e-09 5.740471e-09 5.871932e-09 6.578882e-09 5.688225e-09 5.998740e-09 5.896167e-09 5.837653e-09 5.753682e-09 5.753682e-09 5.688225e-09 5.743768e-09 5.707705e-09 5.688225e-09 5.684991e-09 5.681761e-09 5.678535e-09 5.707705e-09 5.684991e-09 5.678535e-09 5.681761e-09 0.000000e+00 genera
7.173529e-09 1.168894e-03 5.800406e-09 5.793685e-09 6.406086e-09 5.730602e-09 5.740471e-09 5.871932e-09 6.578882e-09 5.688225e-09 5.998740e-09 5.896167e-09 5.837653e-09 5.753682e-09 5.753682e-09 5.688225e-09 5.743768e-09 5.707705e-09 5.688225e-09 5.684991e-09 5.681761e-09 5.678535e-09 5.707705e-09 5.684991e-09 5.678535e-09 5.681761e-09 0.000000e+00 una
7.173529e-09 5.844468e-04 5.800406e-09 5.793685e-09 6.406086e-09 5.730602e-09 5.740471e-09 5.871932e-09 6.578882e-09 5.688225e-09 5.998740e-09 5.896167e-09 5.837653e-09 5.753682e-09 5.753682e-09 5.688225e-09 5.743768e-09 5.707705e-09 5.688225e-09 5.684991e-09 5.681761e-09 5.678535e-09 5.707705e-09 5.684991e-09 5.678535e-09 5.681761e-09 0.000000e+00 Subcadena
7.173529e-09 5.844468e-04 5.800406e-09 5.793685e-09 6.406086e-09 5.730602e-09 5.740471e-09 5.871932e-09 6.578882e-09 5.688225e-09 5.998740e-09 5.896167e-09 5.837653e-09 5.753682e-09 5.753682e-09 5.688225e-09 5.743768e-09 5.707705e-09 5.688225e-09 5.684991e-09 5.681761e-09 5.678535e-09 5.707705e-09 5.684991e-09 5.678535e-09 5.681761e-09 0.000000e+00 Inicial
7.173529e-09 1.227338e-02 5.800406e-09 5.793685e-09 6.406086e-09 5.730602e-09 5.740471e-09 5.871932e-09 6.578882e-09 5.688225e-09 5.998740e-09 5.896167e-09 5.837653e-09 5.753682e-09 5.753682e-09 5.688225e-09 5.743768e-09 5.707705e-09 5.688225e-09 5.684991e-09 5.681761e-09 5.678535e-09 5.707705e-09 5.684991e-09 5.678535e-09 5.681761e-09 0.000000e+00 a
7.173529e-09 5.844468e-04 5.800406e-09 5.793685e-09 6.406086e-09 5.730602e-09 5.740471e-09 5.871932e-09 6.578882e-09 5.688225e-09 5.998740e-09 5.896167e-09 5.837653e-09 5.753682e-09 5.753682e-09 5.688225e-09 5.743768e-09 5.707705e-09 5.688225e-09 5.684991e-09 5.681761e-09 5.678535e-09 5.707705e-09 5.684991e-09 5.678535e-09 5.681761e-09 0.000000e+00 partir
7.173529e-09 5.844468e-04 5.800406e-09 5.793685e-09 6.406086e-09 5.730602e-09 5.740471e-09 5.871932e-09 6.578882e-09 5.688225e-09 5.998740e-09 5.896167e-09 5.837653e-09 5.753682e-09 5.753682e-09 5.688225e-09 5.743768e-09 5.707705e-09 5.688225e-09 5.684991e-09 5.681761e-09 5.678535e-09 5.707705e-09 5.684991e-09 5.678535e-09 5.681761e-09 0.000000e+00 Gramática
7.173529e-09 5.844468e-04 5.800406e-09 5.793685e-09 6.406086e-09 5.730602e-09 5.740471e-09 5.871932e-09 6.578882e-09 5.688225e-09 5.998740e-09 5.896167e-09 5.837653e-09 5.753682e-09 5.753682e-09 5.688225e-09 5.743768e-09 5.707705e-09 5.688225e-09 5.684991e-09 5.681761e-09 5.678535e-09 5.707705e-09 5.684991e-09 5.678535e-09 5.681761e-09 0.000000e+00 Incontextual
7.173529e-09 5.844468e-04 5.800406e-09 5.793685e-09 6.406086e-09 5.730602e-09 5.740471e-09 5.871932e-09 6.578882e-09 5.688225e-09 5.998740e-09 5.896167e-09 5.837653e-09 5.753682e-09 5.753682e-09 5.688225e-09 5.743768e-09 5.707705e-09 5.688225e-09 5.684991e-09 5.681761e-09 5.678535e-09 5.707705e-09 5.684991e-09 5.678535e-09 5.681761e-09 0.000000e+00 Probabilística
7.173529e-09 8.968520e-09 5.155121e-02 5.793685e-09 6.406086e-09 5.730602e-09 5.740471e-09 5.871932e-09 6.578882e-09 5.688225e-09 5.998740e-09 5.896167e-09 5.837653e-09 5.753682e-09 5.753682e-09 5.688225e-09 5.743768e-09 5.707705e-09 5.688225e-09 5.684991e-09 5.681761e-09 5.678535e-09 5.707705e-09 5.684991e-09 5.678535e-09 5.681761e-09 0.000000e+00 1996
7.173529e-09 8.968520e-09 5.800406e-09 5.793685e-09 6.406086e-09 5.730602e-09 5.740471e-09 5.871932e-09 6.578882e-09 5.688225e-09 5.998740e-09 5.896167e-09 5.837653e-09 1.180284e-02 5.753682e-09 5.688225e-09 5.743768e-09 5.707705e-09 5.688225e-09 5.684991e-09 5.681761e-09 5.678535e-09 5.707705e-09 5.684991e-09 5.678535e-09 5.681761e-09 0.000000e+00 DSIC-II/29/96
7.173529e-09 2.922234e-03 5.800406e-09 5.793685e-09 6.406086e-09 5.730602e-09 5.740471e-09 5.871932e-09 6.578882e-09 5.688225e-09 5.998740e-09 5.896167e-09 5.837653e-09 5.753682e-09 5.753682e-09 5.688225e-09 5.743768e-09 5.707705e-09 5.688225e-09 5.684991e-09 5.681761e-09 5.678535e-09 5.707705e-09 5.684991e-09 5.678535e-09 5.681761e-09 0.000000e+00 Study
7.173529e-09 5.844468e-04 5.800406e-09 5.793685e-09 6.406086e-09 5.730602e-09 5.740471e-09 5.871932e-09 6.578882e-09 5.688225e-09 5.998740e-09 5.896167e-09 5.837653e-09 5.753682e-09 5.753682e-09 5.688225e-09 5.743768e-09 5.707705e-09 5.688225e-09 5.684991e-09 5.681761e-09 5.678535e-09 5.707705e-09 5.684991e-09 5.678535e-09 5.681761e-09 0.000000e+00 Different
7.173529e-09 1.753341e-03 5.800406e-09 5.793685e-09 6.406086e-09 5.730602e-09 5.740471e-09 5.871932e-09 6.578882e-09 5.688225e-09 5.998740e-09 5.896167e-09 5.837653e-09 5.753682e-09 5.753682e-09 5.688225e-09 5.743768e-09 5.707705e-09 5.688225e-09 5.684991e-09 5.681761e-09 5.678535e-09 5.707705e-09 5.684991e-09 5.678535e-09 5.681761e-09 0.000000e+00 Probability
7.173529e-09 5.844468e-04 5.800406e-09 5.793685e-09 6.406086e-09 5.730602e-09 5.740471e-09 5.871932e-09 6.578882e-09 5.688225e-09 5.998740e-09 5.896167e-09 5.837653e-09 5.753682e-09 5.753682e-09 5.688225e-09 5.743768e-09 5.707705e-09 5.688225e-09 5.684991e-09 5.681761e-09 5.678535e-09 5.707705e-09 5.684991e-09 5.678535e-09 5.681761e-09 0.000000e+00 Distributions
7.173529e-09 5.844468e-04 5.800406e-09 5.793685e-09 6.406086e-09 5.730602e-09 5.740471e-09 5.871932e-09 6.578882e-09 5.688225e-09 5.998740e-09 5.896167e-09 5.837653e-09 5.753682e-09 5.753682e-09 5.688225e-09 5.743768e-09 5.707705e-09 5.688225e-09 5.684991e-09 5.681761e-09 5.678535e-09 5.707705e-09 5.684991e-09 5.678535e-09 5.681761e-09 0.000000e+00 Grammars:
7.173529e-09 5.844468e-04 5.800406e-09 5.793685e-09 6.406086e-09 5.730602e-09 5.740471e-09 5.871932e-09 6.578882e-09 5.688225e-09 5.998740e-09 5.896167e-09 5.837653e-09 5.753682e-09 5.753682e-09 5.688225e-09 5.743768e-09 5.707705e-09 5.688225e-09 5.684991e-09 5.681761e-09 5.678535e-09 5.707705e-09 5.684991e-09 5.678535e-09 5.681761e-09 0.000000e+00 Proposal
7.173529e-09 4.091128e-03 5.800406e-09 5.793685e-09 6.406086e-09 5.730602e-09 5.740471e-09 5.871932e-09 6.578882e-09 5.688225e-09 5.998740e-09 5.896167e-09 5.837653e-09 5.753682e-09 5.753682e-09 5.688225e-09 5.743768e-09 5.707705e-09 5.688225e-09 5.684991e-09 5.681761e-09 5.678535e-09 5.707705e-09 5.684991e-09 5.678535e-09 5.681761e-09 0.000000e+00 based
7.173529e-09 2.337787e-03 5.800406e-09 5.793685e-09 6.406086e-09 5.730602e-09 5.740471e-09 5.871932e-09 6.578882e-09 5.688225e-09 5.998740e-09 5.896167e-09 5.837653e-09 5.753682e-09 5.753682e-09 5.688225e-09 5.743768e-09 5.707705e-09 5.688225e-09 5.684991e-09 5.681761e-09 5.678535e-09 5.707705e-09 5.684991e-09 5.678535e-09 5.681761e-09 0.000000e+00 $k$-best
7.173529e-09 2.337787e-03 5.800406e-09 5.793685e-09 6.406086e-09 5.730602e-09 5.740471e-09 5.871932e-09 6.578882e-09 5.688225e-09 5.998740e-09 5.896167e-09 5.837653e-09 5.753682e-09 5.753682e-09 5.688225e-09 5.743768e-09 5.707705e-09 5.688225e-09 5.684991e-09 5.681761e-09 5.678535e-09 5.707705e-09 5.684991e-09 5.678535e-09 5.681761e-09 0.000000e+00 derivations
7.173529e-09 8.968520e-09 5.800406e-09 5.793685e-09 6.406086e-09 5.730602e-09 5.740471e-09 5.871932e-09 6.578882e-09 5.688225e-09 5.998740e-09 5.896167e-09 5.837653e-09 1.180284e-02 5.753682e-09 5.688225e-09 5.743768e-09 5.707705e-09 5.688225e-09 5.684991e-09 5.681761e-09 5.678535e-09 5.707705e-09 5.684991e-09 5.678535e-09 5.681761e-09 0.000000e+00 DSIC-II/5/98
7.541275e-04 8.968520e-09 5.800406e-09 5.793685e-09 6.406086e-09 5.730602e-09 5.740471e-09 5.871932e-09 6.578882e-09 5.688225e-09 5.998740e-09 5.896167e-09 5.837653e-09 5.753682e-09 5.753682e-09 5.688225e-09 5.743768e-09 5.707705e-09 5.688225e-09 5.684991e-09 5.681761e-09 5.678535e-09 5.707705e-09 5.684991e-09 5.678535e-09 5.681761e-09 0.000000e+00 D.M.
7.541275e-04 8.968520e-09 5.800406e-09 5.793685e-09 6.406086e-09 5.730602e-09 5.740471e-09 5.871932e-09 6.578882e-09 5.688225e-09 5.998740e-09 5.896167e-09 5.837653e-09 5.753682e-09 5.753682e-09 5.688225e-09 5.743768e-09 5.707705e-09 5.688225e-09 5.684991e-09 5.681761e-09 5.678535e-09 5.707705e-09 5.684991e-09 5.678535e-09 5.681761e-09 0.000000e+00 Bikel
7.173529e-09 9.351149e-03 5.800406e-09 5.793685e-09 6.406086e-09 5.730602e-09 5.740471e-09 5.871932e-09 6.578882e-09 5.688225e-09 5.998740e-09 5.896167e-09 5.837653e-09 5.753682e-09 5.753682e-09 5.688225e-09 5.743768e-09 5.707705e-09 5.688225e-09 5.684991e-09 5.681761e-09 5.678535e-09 5.707705e-09 5.684991e-09 5.678535e-09 5.681761e-09 0.000000e+00 statistical
7.173529e-09 5.844468e-04 5.800406e-09 5.793685e-09 6.406086e-09 5.730602e-09 5.740471e-09 5.871932e-09 6.578882e-09 5.688225e-09 5.998740e-09 5.896167e-09 5.837653e-09 5.753682e-09 5.753682e-09 5.688225e-09 5.743768e-09 5.707705e-09 5.688225e-09 5.684991e-09 5.681761e-09 5.678535e-09 5.707705e-09 5.684991e-09 5.678535e-09 5.681761e-09 0.000000e+00 word-sense
7.173529e-09 5.844468e-04 5.800406e-09 5.793685e-09 6.406086e-09 5.730602e-09 5.740471e-09 5.871932e-09 6.578882e-09 5.688225e-09 5.998740e-09 5.896167e-09 5.837653e-09 5.753682e-09 5.753682e-09 5.688225e-09 5.743768e-09 5.707705e-09 5.688225e-09 5.684991e-09 5.681761e-09 5.678535e-09 5.707705e-09 5.684991e-09 5.678535e-09 5.681761e-09 0.000000e+00 disambiguation
7.173529e-09 8.968520e-09 5.800406e-09 5.793685e-09 5.710326e-03 5.730602e-09 5.740471e-09 5.871932e-09 6.578882e-09 5.688225e-09 5.998740e-09 5.896167e-09 5.837653e-09 5.753682e-09 5.753682e-09 5.688225e-09 5.743768e-09 5.707705e-09 5.688225e-09 5.684991e-09 5.681761e-09 5.678535e-09 5.707705e-09 5.684991e-09 5.678535e-09 5.681761e-09 0.000000e+00 Joint
7.173529e-09 8.968520e-09 5.800406e-09 5.793685e-09 1.142065e-03 5.730602e-09 5.740471e-09 5.871932e-09 6.578882e-09 5.688225e-09 5.998740e-09 5.896167e-09 5.837653e-09 5.753682e-09 5.753682e-09 5.688225e-09 5.743768e-09 5.707705e-09 5.688225e-09 5.684991e-09 5.681761e-09 5.678535e-09 5.707705e-09 5.684991e-09 5.678535e-09 5.681761e-09 0.000000e+00 SIGDAT
7.173529e-09 8.968520e-09 5.800406e-09 5.793685e-09 3.426196e-03 5.730602e-09 5.740471e-09 5.871932e-09 6.578882e-09 5.688225e-09 5.998740e-09 5.896167e-09 5.837653e-09 5.753682e-09 5.753682e-09 5.688225e-09 5.743768e-09 5.707705e-09 5.688225e-09 5.684991e-09 5.681761e-09 5.678535e-09 5.707705e-09 5.684991e-09 5.678535e-09 4.999950e-01 0.000000e+00 conference
7.173529e-09 8.968520e-09 5.800406e-09 5.793685e-09 5.710326e-03 5.730602e-09 5.740471e-09 5.871932e-09 6.578882e-09 5.688225e-09 5.998740e-09 5.896167e-09 5.837653e-09 5.753682e-09 5.753682e-09 5.688225e-09 5.743768e-09 5.707705e-09 5.688225e-09 5.684991e-09 5.681761e-09 5.678535e-09 5.707705e-09 5.684991e-09 5.678535e-09 5.681761e-09 0.000000e+00 Empirical
7.173529e-09 1.727101e-06 5.800406e-09 5.793685e-09 2.280756e-03 5.730602e-09 5.740471e-09 5.871932e-09 6.578882e-09 5.688225e-09 5.998740e-09 5.896167e-09 5.837653e-09 5.753682e-09 5.753682e-09 5.688225e-09 5.743768e-09 5.707705e-09 5.688225e-09 5.684991e-09 5.681761e-09 5.678535e-09 5.707705e-09 5.684991e-09 5.678535e-09 5.681761e-09 0.000000e+00 methods
7.173529e-09 8.968520e-09 5.800406e-09 5.793685e-09 1.142065e-03 5.730602e-09 5.740471e-09 5.871932e-09 6.578882e-09 5.688225e-09 5.998740e-09 5.896167e-09 5.837653e-09 5.753682e-09 5.753682e-09 5.688225e-09 5.743768e-09 5.707705e-09 5.688225e-09 5.684991e-09 5.681761e-09 5.678535e-09 5.707705e-09 5.684991e-09 5.678535e-09 5.681761e-09 0.000000e+00 natural
7.173529e-09 8.968520e-09 5.800406e-09 5.793685e-09 1.142065e-03 5.730602e-09 5.740471e-09 5.871932e-09 6.578882e-09 5.688225e-09 5.998740e-09 5.896167e-09 5.837653e-09 5.753682e-09 5.753682e-09 5.688225e-09 5.743768e-09 5.707705e-09 5.688225e-09 5.684991e-09 5.681761e-09 5.678535e-09 5.707705e-09 5.684991e-09 5.678535e-09 5.681761e-09 0.000000e+00 processing
7.173529e-09 8.968520e-09 5.800406e-09 5.793685e-09 1.142065e-03 5.730602e-09 5.740471e-09 5.871932e-09 6.578882e-09 5.688225e-09 5.998740e-09 5.896167e-09 5.837653e-09 5.753682e-09 5.753682e-09 5.688225e-09 5.743768e-09 5.707705e-09 5.688225e-09 5.684991e-09 5.681761e-09 5.678535e-09 5.707705e-09 5.684991e-09 5.678535e-09 5.681761e-09 0.000000e+00 very
7.173529e-09 8.968520e-09 5.800406e-09 5.793685e-09 6.406086e-09 5.730602e-09 5.740471e-09 5.871932e-09 3.307013e-03 5.688225e-09 5.998740e-09 5.896167e-09 5.837653e-09 5.753682e-09 5.753682e-09 5.688225e-09 5.743768e-09 5.707705e-09 5.688225e-09 5.684991e-09 5.681761e-09 5.678535e-09 5.707705e-09 5.684991e-09 5.678535e-09 5.681761e-09 0.000000e+00 155
7.173529e-09 8.968520e-09 5.800406e-09 5.793685e-09 6.406086e-09 5.730602e-09 5.740471e-09 5.871932e-09 3.307013e-03 5.688225e-09 5.998740e-09 5.896167e-09 5.837653e-09 5.753682e-09 5.753682e-09 5.688225e-09 5.743768e-09 5.707705e-09 5.688225e-09 5.684991e-09 5.681761e-09 5.678535e-09 5.707705e-09 5.684991e-09 5.678535e-09 5.681761e-09 0.000000e+00 163
7.173529e-09 8.968520e-09 5.800406e-09 5.793685e-09 6.406086e-09 5.730602e-09 5.740471e-09 5.871932e-09 6.578882e-09 5.688225e-09 7.320878e-03 5.896167e-09 5.837653e-09 5.753682e-09 5.753682e-09 2.487763e-01 5.743768e-09 5.707705e-09 5.688225e-09 5.684991e-09 5.681761e-09 5.678535e-09 5.707705e-09 5.684991e-09 5.678535e-09 5.681761e-09 0.000000e+00 Hong
7.173529e-09 8.968520e-09 5.800406e-09 5.793685e-09 6.406086e-09 5.730602e-09 5.740471e-09 5.871932e-09 6.578882e-09 5.688225e-09 7.320878e-03 5.896167e-09 5.837653e-09 5.753682e-09 5.753682e-09 2.487763e-01 5.743768e-09 5.707705e-09 5.688225e-09 5.684991e-09 5.681761e-09 5.678535e-09 5.707705e-09 5.684991e-09 5.678535e-09 5.681761e-09 0.000000e+00 Kong
7.541275e-04 8.968520e-09 5.800406e-09 5.793685e-09 6.406086e-09 5.730602e-09 5.740471e-09 5.871932e-09 6.578882e-09 5.688225e-09 5.998740e-09 5.896167e-09 5.837653e-09 5.753682e-09 5.753682e-09 5.688225e-09 5.743768e-09 5.707705e-09 5.688225e-09 5.684991e-09 5.681761e-09 5.678535e-09 5.707705e-09 5.684991e-09 5.678535e-09 5.681761e-09 0.000000e+00 Bird
7.541275e-04 8.968520e-09 5.800406e-09 5.793685e-09 6.406086e-09 5.730602e-09 5.740471e-09 5.871932e-09 6.578882e-09 5.688225e-09 5.998740e-09 5.896167e-09 5.837653e-09 5.753682e-09 5.753682e-09 5.688225e-09 5.743768e-09 5.707705e-09 5.688225e-09 5.684991e-09 5.681761e-09 5.678535e-09 5.707705e-09 5.684991e-09 5.678535e-09 5.681761e-09 0.000000e+00 Loper
7.173529e-09 5.844468e-04 5.800406e-09 5.793685e-09 6.406086e-09 5.730602e-09 5.740471e-09 5.871932e-09 6.578882e-09 5.688225e-09 5.998740e-09 5.896167e-09 5.837653e-09 5.753682e-09 5.753682e-09 5.688225e-09 5.743768e-09 5.707705e-09 5.688225e-09 5.684991e-09 5.681761e-09 5.678535e-09 5.707705e-09 5.684991e-09 5.678535e-09 5.681761e-09 0.000000e+00 NLTK:
7.173529e-09 4.254693e-03 5.800406e-09 5.793685e-09 1.110103e-02 5.730602e-09 5.740471e-09 5.871932e-09 6.578882e-09 5.688225e-09 5.998740e-09 5.896167e-09 5.837653e-09 5.753682e-09 5.753682e-09 5.688225e-09 5.743768e-09 5.707705e-09 5.688225e-09 5.684991e-09 5.681761e-09 5.678535e-09 5.707705e-09 5.684991e-09 5.678535e-09 5.681761e-09 0.000000e+00 Natural
7.173529e-09 1.168894e-03 5.800406e-09 5.793685e-09 6.406086e-09 5.730602e-09 5.740471e-09 5.871932e-09 6.578882e-09 5.688225e-09 5.998740e-09 5.896167e-09 5.837653e-09 5.753682e-09 5.753682e-09 5.688225e-09 5.743768e-09 5.707705e-09 5.688225e-09 5.684991e-09 5.681761e-09 5.678535e-09 5.707705e-09 5.684991e-09 5.678535e-09 5.681761e-09 0.000000e+00 Toolkit
7.173529e-09 8.968520e-09 5.800406e-09 2.029630e-02 5.710117e-03 5.730602e-09 5.740471e-09 5.871932e-09 6.578882e-09 5.688225e-09 5.998740e-09 5.896167e-09 5.837653e-09 5.753682e-09 5.753682e-09 5.688225e-09 5.743768e-09 5.707705e-09 5.688225e-09 5.684991e-09 5.681761e-09 5.678535e-09 5.707705e-09 5.684991e-09 5.678535e-09 5.681761e-09 0.000000e+00 ACL
7.173529e-09 8.968520e-09 5.800406e-09 5.793685e-09 1.142065e-03 5.730602e-09 5.740471e-09 5.871932e-09 6.578882e-09 5.688225e-09 5.998740e-09 5.896167e-09 5.837653e-09 5.753682e-09 5.753682e-09 5.688225e-09 5.743768e-09 5.707705e-09 5.688225e-09 5.684991e-09 5.681761e-09 5.678535e-09 5.707705e-09 5.684991e-09 5.678535e-09 5.681761e-09 0.000000e+00 demonstration
7.173529e-09 8.968520e-09 5.800406e-09 5.793685e-09 1.142065e-03 5.730602e-09 5.740471e-09 5.871932e-09 6.578882e-09 5.688225e-09 5.998740e-09 5.896167e-09 5.837653e-09 5.753682e-09 5.753682e-09 5.688225e-09 5.743768e-09 5.707705e-09 5.688225e-09 5.684991e-09 5.681761e-09 5.678535e-09 5.707705e-09 5.684991e-09 5.678535e-09 5.681761e-09 0.000000e+00 session
7.173529e-09 8.968520e-09 5.800406e-09 5.793685e-09 6.406086e-09 5.730602e-09 5.740471e-09 5.871932e-09 3.307013e-03 5.688225e-09 5.998740e-09 5.896167e-09 5.837653e-09 5.753682e-09 5.753682e-09 5.688225e-09 5.743768e-09 5.707705e-09 5.688225e-09 5.684991e-09 5.681761e-09 5.678535e-09 5.707705e-09 5.684991e-09 5.678535e-09 5.681761e-09 0.000000e+00 214
7.173529e-09 8.968520e-09 5.800406e-09 5.793685e-09 6.406086e-09 5.730602e-09 5.740471e-09 5.871932e-09 3.307013e-03 5.688225e-09 5.998740e-09 5.896167e-09 5.837653e-09 5.753682e-09 5.753682e-09 5.688225e-09 5.743768e-09 5.707705e-09 5.688225e-09 5.684991e-09 5.681761e-09 5.678535e-09 5.707705e-09 5.684991e-09 5.678535e-09 5.681761e-09 0.000000e+00 217
7.173529e-09 8.968520e-09 5.550232e-02 5.793685e-09 2.463334e-03 5.730602e-09 5.740471e-09 5.871932e-09 6.578882e-09 5.688225e-09 5.998740e-09 5.896167e-09 5.837653e-09 5.753682e-09 5.753682e-09 5.688225e-09 5.743768e-09 5.707705e-09 5.688225e-09 5.684991e-09 5.681761e-09 5.678535e-09 5.707705e-09 5.684991e-09 5.678535e-09 5.681761e-09 0.000000e+00 2004
7.173529e-09 8.968520e-09 5.800406e-09 5.793685e-09 6.406086e-09 5.730602e-09 5.740471e-09 5.871932e-09 6.578882e-09 5.688225e-09 2.175116e-02 5.896167e-09 5.837653e-09 5.753682e-09 5.753682e-09 5.688225e-09 5.743768e-09 5.707705e-09 5.688225e-09 5.684991e-09 5.681761e-09 5.678535e-09 5.707705e-09 5.684991e-09 5.678535e-09 5.681761e-09 0.000000e+00 Barcelona
7.173529e-09 8.968520e-09 5.800406e-09 5.793685e-09 6.406086e-09 5.730602e-09 1.177270e-01 5.871932e-09 6.578882e-09 5.688225e-09 5.998740e-09 5.896167e-09 5.837653e-09 5.753682e-09 5.753682e-09 5.688225e-09 5.743768e-09 5.707705e-09 5.688225e-09 5.684991e-09 5.681761e-09 5.678535e-09 5.707705e-09 5.684991e-09 5.678535e-09 5.681761e-09 0.000000e+00 July
3.016510e-03 8.968520e-09 5.800406e-09 5.793685e-09 6.406086e-09 5.730602e-09 5.740471e-09 5.871932e-09 6.578882e-09 5.688225e-09 5.998740e-09 5.896167e-09 5.837653e-09 5.753682e-09 5.753682e-09 5.688225e-09 5.743768e-09 5.707705e-09 5.688225e-09 5.684991e-09 5.681761e-09 5.678535e-09 5.707705e-09 5.684991e-09 5.678535e-09 5.681761e-09 0.000000e+00 T.L.
3.016510e-03 8.968520e-09 5.800406e-09 5.793685e-09 6.406086e-09 5.730602e-09 5.740471e-09 5.871932e-09 6.578882e-09 5.688225e-09 5.998740e-09 5.896167e-09 5.837653e-09 5.753682e-09 5.753682e-09 5.688225e-09 5.743768e-09 5.707705e-09 5.688225e-09 5.684991e-09 5.681761e-09 5.678535e-09 5.707705e-09 5.684991e-09 5.678535e-09 5.681761e-09 0.000000e+00 Booth
1.508255e-03 8.968520e-09 5.800406e-09 5.793685e-09 6.406086e-09 5.730602e-09 5.740471e-09 5.871932e-09 6.578882e-09 5.688225e-09 5.998740e-09 5.896167e-09 5.837653e-09 5.753682e-09 5.753682e-09 5.688225e-09 5.743768e-09 5.707705e-09 5.688225e-09 5.684991e-09 5.681761e-09 5.678535e-09 5.707705e-09 5.684991e-09 5.678535e-09 5.681761e-09 0.000000e+00 R.A.
1.508255e-03 8.968520e-09 5.800406e-09 5.793685e-09 6.406086e-09 5.730602e-09 5.740471e-09 5.871932e-09 6.578882e-09 5.688225e-09 5.998740e-09 5.896167e-09 5.837653e-09 5.753682e-09 5.753682e-09 5.688225e-09 5.743768e-09 5.707705e-09 5.688225e-09 5.684991e-09 5.681761e-09 5.678535e-09 5.707705e-09 5.684991e-09 5.678535e-09 5.681761e-09 0.000000e+00 Thompson
7.173529e-09 5.844468e-04 5.800406e-09 5.793685e-09 6.406086e-09 5.730602e-09 5.740471e-09 5.871932e-09 6.578882e-09 5.688225e-09 5.998740e-09 5.896167e-09 5.837653e-09 5.753682e-09 5.753682e-09 5.688225e-09 5.743768e-09 5.707705e-09 5.688225e-09 5.684991e-09 5.681761e-09 5.678535e-09 5.707705e-09 5.684991e-09 5.678535e-09 5.681761e-09 0.000000e+00 Applying
7.173529e-09 5.844468e-04 5.800406e-09 5.793685e-09 6.406086e-09 5.730602e-09 5.740471e-09 5.871932e-09 6.578882e-09 5.688225e-09 5.998740e-09 5.896167e-09 5.837653e-09 5.753682e-09 5.753682e-09 5.688225e-09 5.743768e-09 5.707705e-09 5.688225e-09 5.684991e-09 5.681761e-09 5.678535e-09 5.707705e-09 5.684991e-09 5.678535e-09 5.681761e-09 0.000000e+00 Measures
7.173529e-09 5.844468e-04 5.800406e-09 5.793685e-09 6.406086e-09 5.730602e-09 5.740471e-09 5.871932e-09 6.578882e-09 5.688225e-09 5.998740e-09 5.896167e-09 5.837653e-09 5.753682e-09 5.753682e-09 5.688225e-09 5.743768e-09 5.707705e-09 5.688225e-09 5.684991e-09 5.681761e-09 5.678535e-09 5.707705e-09 5.684991e-09 5.678535e-09 5.681761e-09 0.000000e+00 Abstract
7.173529e-09 2.337577e-03 5.800406e-09 5.793685e-09 1.142477e-03 5.730602e-09 5.740471e-09 5.871932e-09 6.578882e-09 5.688225e-09 5.998740e-09 5.896167e-09 5.837653e-09 5.753682e-09 5.753682e-09 5.688225e-09 5.743768e-09 5.707705e-09 5.688225e-09 5.684991e-09 5.681761e-09 5.678535e-09 5.707705e-09 5.684991e-09 5.678535e-09 5.681761e-09 0.000000e+00 Languages
7.173529e-09 8.968520e-09 5.800406e-09 5.793685e-09 6.406086e-09 5.730602e-09 5.740471e-09 5.871932e-09 6.578882e-09 5.688225e-09 5.998740e-09 1.258118e-02 5.837653e-09 5.753682e-09 5.753682e-09 5.688225e-09 5.743768e-09 5.707705e-09 5.688225e-09 5.684991e-09 5.681761e-09 5.678535e-09 5.707705e-09 5.684991e-09 5.678535e-09 5.681761e-09 0.000000e+00 Computers
7.173529e-09 8.968520e-09 1.405942e-02 5.793685e-09 6.406086e-09 5.730602e-09 5.740471e-09 5.871932e-09 6.578882e-09 5.688225e-09 5.998740e-09 5.896167e-09 5.837653e-09 5.753682e-09 5.753682e-09 5.688225e-09 5.743768e-09 5.707705e-09 5.688225e-09 5.684991e-09 5.681761e-09 5.678535e-09 5.707705e-09 5.684991e-09 5.678535e-09 5.681761e-09 0.000000e+00 1973
7.173529e-09 8.968520e-09 5.800406e-09 5.793685e-09 6.406086e-09 5.730602e-09 5.740471e-09 5.871932e-09 6.578882e-09 5.688225e-09 5.998740e-09 5.896167e-09 1.411305e-02 5.753682e-09 5.753682e-09 5.688225e-09 5.743768e-09 5.707705e-09 5.688225e-09 5.684991e-09 5.681761e-09 5.678535e-09 5.707705e-09 5.684991e-09 5.678535e-09 5.681761e-09 0.000000e+00 C-22
7.541275e-04 8.968520e-09 5.800406e-09 5.793685e-09 6.406086e-09 5.730602e-09 5.740471e-09 5.871932e-09 6.578882e-09 5.688225e-09 5.998740e-09 5.896167e-09 5.837653e-09 5.753682e-09 5.753682e-09 5.688225e-09 5.743768e-09 5.707705e-09 5.688225e-09 5.684991e-09 5.681761e-09 5.678535e-09 5.707705e-09 5.684991e-09 5.678535e-09 5.681761e-09 0.000000e+00 Brill
7.173529e-09 5.844468e-04 5.800406e-09 5.793685e-09 6.406086e-09 5.730602e-09 5.740471e-09 5.871932e-09 6.578882e-09 5.688225e-09 5.998740e-09 5.896167e-09 5.837653e-09 5.753682e-09 5.753682e-09 5.688225e-09 5.743768e-09 5.707705e-09 5.688225e-09 5.684991e-09 5.681761e-09 5.678535e-09 5.707705e-09 5.684991e-09 5.678535e-09 5.681761e-09 0.000000e+00 Transformation-Based
7.173529e-09 5.844468e-04 5.800406e-09 5.793685e-09 6.406086e-09 5.730602e-09 5.740471e-09 5.871932e-09 6.578882e-09 5.688225e-09 5.998740e-09 5.896167e-09 5.837653e-09 5.753682e-09 5.753682e-09 5.688225e-09 5.743768e-09 5.707705e-09 5.688225e-09 5.684991e-09 5.681761e-09 5.678535e-09 5.707705e-09 5.684991e-09 5.678535e-09 5.681761e-09 0.000000e+00 Error-Driven
7.173529e-09 5.844468e-04 5.800406e-09 5.793685e-09 6.406086e-09 5.730602e-09 5.740471e-09 5.871932e-09 6.578882e-09 5.688225e-09 5.998740e-09 5.896167e-09 5.837653e-09 5.753682e-09 5.753682e-09 5.688225e-09 5.743768e-09 5.707705e-09 5.688225e-09 5.684991e-09 5.681761e-09 5.678535e-09 5.707705e-09 5.684991e-09 5.678535e-09 5.681761e-09 0.000000e+00 Processing:
7.173529e-09 5.844468e-04 5.800406e-09 5.793685e-09 6.406086e-09 5.730602e-09 5.740471e-09 5.871932e-09 6.578882e-09 5.688225e-09 5.998740e-09 5.896167e-09 5.837653e-09 5.753682e-09 5.753682e-09 5.688225e-09 5.743768e-09 5.707705e-09 5.688225e-09 5.684991e-09 5.681761e-09 5.678535e-09 5.707705e-09 5.684991e-09 5.678535e-09 5.681761e-09 0.000000e+00 Case
7.173529e-09 1.753341e-03 5.800406e-09 5.793685e-09 6.406086e-09 5.730602e-09 5.740471e-09 5.871932e-09 6.578882e-09 5.688225e-09 5.998740e-09 5.896167e-09 5.837653e-09 5.753682e-09 5.753682e-09 5.688225e-09 5.743768e-09 5.707705e-09 5.688225e-09 5.684991e-09 5.681761e-09 5.678535e-09 5.707705e-09 5.684991e-09 5.678535e-09 5.681761e-09 0.000000e+00 Part-of-Speech
7.173529e-09 1.168894e-03 5.800406e-09 5.793685e-09 6.406086e-09 5.730602e-09 5.740471e-09 5.871932e-09 6.578882e-09 5.688225e-09 5.998740e-09 5.896167e-09 5.837653e-09 5.753682e-09 5.753682e-09 5.688225e-09 5.743768e-09 5.707705e-09 5.688225e-09 5.684991e-09 5.681761e-09 5.678535e-09 5.707705e-09 5.684991e-09 5.678535e-09 5.681761e-09 0.000000e+00 Tagging
7.173529e-09 8.968520e-09 5.800406e-09 5.793685e-09 6.406086e-09 5.730602e-09 5.740471e-09 5.871932e-09 6.578882e-09 5.688225e-09 5.998740e-09 5.896167e-09 2.822610e-02 5.753682e-09 5.753682e-09 5.688225e-09 5.743768e-09 5.707705e-09 5.688225e-09 5.684991e-09 5.681761e-09 5.678535e-09 5.707705e-09 5.684991e-09 5.678535e-09 5.681761e-09 0.000000e+00 21
7.173529e-09 8.968520e-09 5.800406e-09 5.793685e-09 6.406086e-09 5.730602e-09 2.242714e-02 5.871932e-09 1.985168e-03 5.688225e-09 5.998740e-09 5.896167e-09 1.092583e-02 1.192268e-01 5.753682e-09 5.688225e-09 5.743768e-09 5.707705e-09 5.688225e-09 5.684991e-09 5.681761e-09 5.678535e-09 5.707705e-09 5.684991e-09 5.678535e-09 5.681761e-09 0.000000e+00 4
7.173529e-09 8.968520e-09 5.800406e-09 5.793685e-09 6.406086e-09 5.730602e-09 5.740471e-09 5.871932e-09 3.307013e-03 5.688225e-09 5.998740e-09 5.896167e-09 5.837653e-09 5.753682e-09 5.753682e-09 5.688225e-09 5.743768e-09 5.707705e-09 5.688225e-09 5.684991e-09 5.681761e-09 5.678535e-09 5.707705e-09 5.684991e-09 5.678535e-09 5.681761e-09 0.000000e+00 543
7.173529e-09 8.968520e-09 5.800406e-09 5.793685e-09 6.406086e-09 5.730602e-09 5.740471e-09 5.871932e-09 6.614026e-03 5.688225e-09 5.998740e-09 5.896167e-09 5.837653e-09 5.753682e-09 5.753682e-09 5.688225e-09 5.743768e-09 5.707705e-09 5.688225e-09 5.684991e-09 5.681761e-09 5.678535e-09 5.707705e-09 5.684991e-09 5.678535e-09 5.681761e-09 0.000000e+00 565
2.262383e-03 8.968520e-09 5.800406e-09 5.793685e-09 6.406086e-09 5.730602e-09 5.740471e-09 5.871932e-09 6.578882e-09 5.688225e-09 5.998740e-09 5.896167e-09 5.837653e-09 5.753682e-09 5.753682e-09 5.688225e-09 5.743768e-09 5.707705e-09 5.688225e-09 5.684991e-09 5.681761e-09 5.678535e-09 5.707705e-09 5.684991e-09 5.678535e-09 5.681761e-09 0.000000e+00 P.F.
7.173529e-09 8.968520e-09 5.800406e-09 5.793685e-09 6.406086e-09 5.730602e-09 5.740471e-09 5.871932e-09 6.578882e-09 5.688225e-09 5.998740e-09 5.896167e-09 5.837653e-09 5.753682e-09 5.753682e-09 5.688225e-09 5.743768e-09 5.707705e-09 5.688225e-09 5.684991e-09 5.681761e-09 5.678535e-09 5.707705e-09 5.684991e-09 5.678535e-09 5.681761e-09 0.000000e+00 acoustic-Modeling
7.173529e-09 5.844468e-04 5.800406e-09 5.793685e-09 6.406086e-09 5.730602e-09 5.740471e-09 5.871932e-09 6.578882e-09 5.688225e-09 5.998740e-09 5.896167e-09 5.837653e-09 5.753682e-09 5.753682e-09 5.688225e-09 5.743768e-09 5.707705e-09 5.688225e-09 5.684991e-09 5.681761e-09 5.678535e-09 5.707705e-09 5.684991e-09 5.678535e-09 5.681761e-09 0.000000e+00 Problem
7.173529e-09 8.968520e-09 5.800406e-09 5.793685e-09 6.406086e-09 5.730602e-09 5.740471e-09 5.871932e-09 6.578882e-09 5.688225e-09 5.998740e-09 5.896167e-09 5.837653e-09 5.753682e-09 5.753682e-09 5.688225e-09 5.743768e-09 5.707705e-09 5.688225e-09 5.684991e-09 5.681761e-09 5.678535e-09 5.707705e-09 5.684991e-09 5.678535e-09 5.681761e-09 0.000000e+00 Automatic
7.173529e-09 8.968520e-09 9.372946e-03 5.793685e-09 6.406086e-09 5.730602e-09 5.740471e-09 5.871932e-09 6.578882e-09 5.688225e-09 5.998740e-09 5.896167e-09 5.837653e-09 5.753682e-09 5.753682e-09 5.688225e-09 5.743768e-09 5.707705e-09 5.688225e-09 5.684991e-09 5.681761e-09 5.678535e-09 5.707705e-09 5.684991e-09 5.678535e-09 5.681761e-09 0.000000e+00 1987
7.173529e-09 8.968520e-09 5.800406e-09 5.793685e-09 6.406086e-09 5.730602e-09 5.740471e-09 5.871932e-09 6.578882e-09 5.688225e-09 5.998740e-09 5.896167e-09 5.837653e-09 5.753682e-09 5.753682e-09 5.688225e-09 5.743768e-09 5.707705e-09 5.688225e-09 5.684991e-09 5.681761e-09 5.678535e-09 5.707705e-09 5.684991e-09 5.678535e-09 5.681761e-09 0.000000e+00 Carnegie-Mellon
7.173529e-09 8.968520e-09 5.800406e-09 2.029445e-02 6.406086e-09 2.559253e-02 5.740471e-09 5.871932e-09 6.578882e-09 5.688225e-09 1.373935e-12 5.896167e-09 5.837653e-09 5.753682e-09 1.315777e-02 5.688225e-09 9.270587e-02 5.707705e-09 5.688225e-09 5.684991e-09 5.681761e-09 5.678535e-09 5.707705e-09 5.684991e-09 5.678535e-09 5.681761e-09 0.000000e+00 University
7.173529e-09 8.968520e-09 5.800406e-09 5.793685e-09 6.406086e-09 5.730602e-09 5.740471e-09 5.871932e-09 6.578882e-09 5.688225e-09 5.998740e-09 5.896167e-09 5.837653e-09 5.753682e-09 5.753682e-09 5.688225e-09 5.743768e-09 2.399976e-01 5.688225e-09 5.684991e-09 5.681761e-09 5.678535e-09 5.707705e-09 5.684991e-09 5.678535e-09 5.681761e-09 0.000000e+00 Ph.
7.173529e-09 8.968520e-09 5.800406e-09 5.793685e-09 6.406086e-09 5.730602e-09 5.740471e-09 5.871932e-09 6.578882e-09 5.688225e-09 5.998740e-09 5.896167e-09 5.837653e-09 5.753682e-09 5.753682e-09 5.688225e-09 5.743768e-09 2.399976e-01 5.688225e-09 5.684991e-09 5.681761e-09 5.678535e-09 5.707705e-09 5.684991e-09 5.678535e-09 5.681761e-09 0.000000e+00 dissertation
7.541275e-04 8.968520e-09 5.800406e-09 5.793685e-09 6.406086e-09 5.730602e-09 5.740471e-09 5.871932e-09 6.578882e-09 5.688225e-09 5.998740e-09 5.896167e-09 5.837653e-09 5.753682e-09 5.753682e-09 5.688225e-09 5.743768e-09 5.707705e-09 5.688225e-09 5.684991e-09 5.681761e-09 5.678535e-09 5.707705e-09 5.684991e-09 5.678535e-09 5.681761e-09 0.000000e+00 Cocke
1.508255e-03 8.968520e-09 5.800406e-09 5.793685e-09 6.406086e-09 5.730602e-09 5.740471e-09 5.871932e-09 6.578882e-09 5.688225e-09 5.998740e-09 5.896167e-09 5.837653e-09 5.753682e-09 5.753682e-09 5.688225e-09 5.743768e-09 5.707705e-09 5.688225e-09 5.684991e-09 5.681761e-09 5.678535e-09 5.707705e-09 5.684991e-09 5.678535e-09 5.681761e-09 0.000000e+00 S.A.
3.016510e-03 8.968520e-09 5.800406e-09 5.793685e-09 6.406086e-09 5.730602e-09 5.740471e-09 5.871932e-09 6.578882e-09 5.688225e-09 5.998740e-09 5.896167e-09 5.837653e-09 5.753682e-09 5.753682e-09 5.688225e-09 5.743768e-09 5.707705e-09 5.688225e-09 5.684991e-09 5.681761e-09 5.678535e-09 5.707705e-09 5.684991e-09 5.678535e-09 5.681761e-09 0.000000e+00 Della
3.770638e-03 8.968520e-09 5.800406e-09 5.793685e-09 6.406086e-09 5.730602e-09 5.740471e-09 5.871932e-09 6.578882e-09 5.688225e-09 5.998740e-09 5.896167e-09 5.837653e-09 5.753682e-09 5.753682e-09 5.688225e-09 5.743768e-09 5.707705e-09 5.688225e-09 5.684991e-09 5.681761e-09 5.678535e-09 5.707705e-09 5.684991e-09 5.678535e-09 5.681761e-09 0.000000e+00 Pietra
1.508255e-03 8.968520e-09 5.800406e-09 5.793685e-09 6.406086e-09 5.730602e-09 5.740471e-09 5.871932e-09 6.578882e-09 5.688225e-09 5.998740e-09 5.896167e-09 5.837653e-09 5.753682e-09 5.753682e-09 5.688225e-09 5.743768e-09 5.707705e-09 5.688225e-09 5.684991e-09 5.681761e-09 5.678535e-09 5.707705e-09 5.684991e-09 5.678535e-09 5.681761e-09 0.000000e+00 V.J.
2.262383e-03 8.968520e-09 5.800406e-09 5.793685e-09 6.406086e-09 5.730602e-09 5.740471e-09 5.871932e-09 6.578882e-09 5.688225e-09 5.998740e-09 5.896167e-09 5.837653e-09 5.753682e-09 5.753682e-09 5.688225e-09 5.743768e-09 5.707705e-09 5.688225e-09 5.684991e-09 5.681761e-09 5.678535e-09 5.707705e-09 5.684991e-09 5.678535e-09 5.681761e-09 0.000000e+00 Lafferty
1.508255e-03 8.968520e-09 5.800406e-09 5.793685e-09 6.406086e-09 5.730602e-09 5.740471e-09 5.871932e-09 6.578882e-09 5.688225e-09 5.998740e-09 5.896167e-09 5.837653e-09 5.753682e-09 5.753682e-09 5.688225e-09 5.743768e-09 5.707705e-09 5.688225e-09 5.684991e-09 5.681761e-09 5.678535e-09 5.707705e-09 5.684991e-09 5.678535e-09 5.681761e-09 0.000000e+00 P.S.
7.541275e-04 8.968520e-09 5.800406e-09 5.793685e-09 6.406086e-09 5.730602e-09 5.740471e-09 5.871932e-09 6.578882e-09 5.688225e-09 5.998740e-09 5.896167e-09 5.837653e-09 5.753682e-09 5.753682e-09 5.688225e-09 5.743768e-09 5.707705e-09 5.688225e-09 5.684991e-09 5.681761e-09 5.678535e-09 5.707705e-09 5.684991e-09 5.678535e-09 5.681761e-09 0.000000e+00 Roossin
7.173529e-09 8.968520e-09 5.155121e-02 5.793685e-09 6.406086e-09 5.730602e-09 5.740471e-09 5.871932e-09 6.578882e-09 5.688225e-09 5.998740e-09 5.896167e-09 5.837653e-09 5.753682e-09 5.753682e-09 5.688225e-09 5.743768e-09 5.707705e-09 5.688225e-09 5.684991e-09 5.681761e-09 5.678535e-09 5.707705e-09 5.684991e-09 5.678535e-09 5.681761e-09 0.000000e+00 1990
7.173529e-09 8.968520e-09 5.800406e-09 5.793685e-09 6.406086e-09 5.730602e-09 3.312063e-02 5.871932e-09 2.030125e-12 5.688225e-09 5.998740e-09 5.896167e-09 5.291442e-02 5.753682e-09 5.753682e-09 5.688225e-09 5.743768e-09 5.707705e-09 5.688225e-09 5.684991e-09 5.681761e-09 5.678535e-09 5.707705e-09 5.684991e-09 5.678535e-09 5.681761e-09 0.000000e+00 16
7.173529e-09 8.968520e-09 5.800406e-09 5.793685e-09 6.406086e-09 5.730602e-09 5.740471e-09 5.871932e-09 3.307013e-03 5.688225e-09 5.998740e-09 5.896167e-09 5.837653e-09 5.753682e-09 5.753682e-09 5.688225e-09 5.743768e-09 5.707705e-09 5.688225e-09 5.684991e-09 5.681761e-09 5.678535e-09 5.707705e-09 5.684991e-09 5.678535e-09 5.681761e-09 0.000000e+00 79
7.173529e-09 8.968520e-09 5.800406e-09 5.793685e-09 6.406086e-09 5.730602e-09 5.740471e-09 5.871932e-09 3.307013e-03 5.688225e-09 5.998740e-09 5.896167e-09 5.837653e-09 5.753682e-09 5.753682e-09 5.688225e-09 5.743768e-09 5.707705e-09 5.688225e-09 5.684991e-09 5.681761e-09 5.678535e-09 5.707705e-09 5.684991e-09 5.678535e-09 5.681761e-09 0.000000e+00 85
7.541275e-04 8.968520e-09 5.800406e-09 5.793685e-09 6.406086e-09 5.730602e-09 5.740471e-09 5.871932e-09 6.578882e-09 5.688225e-09 5.998740e-09 5.896167e-09 5.837653e-09 5.753682e-09 5.753682e-09 5.688225e-09 5.743768e-09 5.707705e-09 5.688225e-09 5.684991e-09 5.681761e-09 5.678535e-09 5.707705e-09 5.684991e-09 5.678535e-09 5.681761e-09 0.000000e+00 deSouza
7.541275e-04 8.968520e-09 5.800406e-09 5.793685e-09 6.406086e-09 5.730602e-09 5.740471e-09 5.871932e-09 6.578882e-09 5.688225e-09 5.998740e-09 5.896167e-09 5.837653e-09 5.753682e-09 5.753682e-09 5.688225e-09 5.743768e-09 5.707705e-09 5.688225e-09 5.684991e-09 5.681761e-09 5.678535e-09 5.707705e-09 5.684991e-09 5.678535e-09 5.681761e-09 0.000000e+00 V.J.Della
7.541275e-04 8.968520e-09 5.800406e-09 5.793685e-09 6.406086e-09 5.730602e-09 5.740471e-09 5.871932e-09 6.578882e-09 5.688225e-09 5.998740e-09 5.896167e-09 5.837653e-09 5.753682e-09 5.753682e-09 5.688225e-09 5.743768e-09 5.707705e-09 5.688225e-09 5.684991e-09 5.681761e-09 5.678535e-09 5.707705e-09 5.684991e-09 5.678535e-09 5.681761e-09 0.000000e+00 Lai
7.173529e-09 5.844468e-04 5.800406e-09 5.793685e-09 6.406086e-09 5.730602e-09 5.740471e-09 5.871932e-09 6.578882e-09 5.688225e-09 5.998740e-09 5.896167e-09 5.837653e-09 5.753682e-09 5.753682e-09 5.688225e-09 5.743768e-09 5.707705e-09 5.688225e-09 5.684991e-09 5.681761e-09 5.678535e-09 5.707705e-09 5.684991e-09 5.678535e-09 5.681761e-09 0.000000e+00 Class-Based
7.173529e-09 8.968520e-09 3.280531e-02 5.793685e-09 6.406086e-09 5.730602e-09 5.740471e-09 5.871932e-09 6.578882e-09 5.688225e-09 5.998740e-09 5.896167e-09 5.837653e-09 5.753682e-09 5.753682e-09 5.688225e-09 5.743768e-09 5.707705e-09 5.688225e-09 5.684991e-09 5.681761e-09 5.678535e-09 5.707705e-09 5.684991e-09 5.678535e-09 5.681761e-09 0.000000e+00 1992
7.173529e-09 8.968520e-09 5.800406e-09 5.793685e-09 6.406086e-09 5.730602e-09 5.740471e-09 5.871932e-09 3.309332e-03 5.688225e-09 5.998740e-09 5.896167e-09 2.821620e-02 5.753682e-09 5.753682e-09 5.688225e-09 5.743768e-09 5.707705e-09 5.688225e-09 5.684991e-09 5.681761e-09 5.678535e-09 5.707705e-09 5.684991e-09 5.678535e-09 5.681761e-09 0.000000e+00 18
7.173529e-09 8.968520e-09 5.800406e-09 5.793685e-09 6.406086e-09 5.730602e-09 5.740471e-09 5.871932e-09 3.307013e-03 5.688225e-09 5.998740e-09 5.896167e-09 5.837653e-09 5.753682e-09 5.753682e-09 5.688225e-09 5.743768e-09 5.707705e-09 5.688225e-09 5.684991e-09 5.681761e-09 5.678535e-09 5.707705e-09 5.684991e-09 5.678535e-09 5.681761e-09 0.000000e+00 467
7.173529e-09 8.968520e-09 5.800406e-09 5.793685e-09 6.406086e-09 5.730602e-09 5.740471e-09 5.871932e-09 3.307013e-03 5.688225e-09 5.998740e-09 5.896167e-09 5.837653e-09 5.753682e-09 5.753682e-09 5.688225e-09 5.743768e-09 5.707705e-09 5.688225e-09 5.684991e-09 5.681761e-09 5.678535e-09 5.707705e-09 5.684991e-09 5.678535e-09 5.681761e-09 0.000000e+00 479
7.173529e-09 5.844468e-04 5.800406e-09 5.793685e-09 6.406086e-09 5.730602e-09 5.740471e-09 5.871932e-09 6.578882e-09 5.688225e-09 5.998740e-09 5.896167e-09 5.837653e-09 5.753682e-09 5.753682e-09 5.688225e-09 5.743768e-09 5.707705e-09 5.688225e-09 5.684991e-09 5.681761e-09 5.678535e-09 5.707705e-09 5.684991e-09 5.678535e-09 5.681761e-09 0.000000e+00 mathematics
7.173529e-09 5.844468e-04 5.800406e-09 5.793685e-09 6.406086e-09 5.730602e-09 5.740471e-09 5.871932e-09 6.578882e-09 5.688225e-09 5.998740e-09 5.896167e-09 5.837653e-09 5.753682e-09 5.753682e-09 5.688225e-09 5.743768e-09 5.707705e-09 5.688225e-09 5.684991e-09 5.681761e-09 5.678535e-09 5.707705e-09 5.684991e-09 5.678535e-09 5.681761e-09 0.000000e+00 translation:
7.173529e-09 5.844468e-04 5.800406e-09 5.793685e-09 6.406086e-09 5.730602e-09 5.740471e-09 5.871932e-09 6.578882e-09 5.688225e-09 5.998740e-09 5.896167e-09 5.837653e-09 5.753682e-09 5.753682e-09 5.688225e-09 5.743768e-09 5.707705e-09 5.688225e-09 5.684991e-09 5.681761e-09 5.678535e-09 5.707705e-09 5.684991e-09 5.678535e-09 5.681761e-09 0.000000e+00 parameter
7.173529e-09 8.968520e-09 5.800406e-09 5.793685e-09 6.406086e-09 5.730602e-09 5.740471e-09 5.871932e-09 6.614026e-03 5.688225e-09 5.998740e-09 5.896167e-09 5.837653e-09 5.753682e-09 5.753682e-09 5.688225e-09 5.743768e-09 5.707705e-09 5.688225e-09 5.684991e-09 5.681761e-09 5.678535e-09 5.707705e-09 5.684991e-09 5.678535e-09 5.681761e-09 0.000000e+00 263
7.173529e-09 8.968520e-09 5.800406e-09 5.793685e-09 6.406086e-09 5.730602e-09 5.740471e-09 5.871932e-09 6.614026e-03 5.688225e-09 5.998740e-09 5.896167e-09 5.837653e-09 5.753682e-09 5.753682e-09 5.688225e-09 5.743768e-09 5.707705e-09 5.688225e-09 5.684991e-09 5.681761e-09 5.678535e-09 5.707705e-09 5.684991e-09 5.678535e-09 5.681761e-09 0.000000e+00 311
5.278893e-03 8.968520e-09 5.800406e-09 5.793685e-09 6.406086e-09 5.730602e-09 5.740471e-09 1.369254e-02 6.578882e-09 5.688225e-09 5.998740e-09 5.896167e-09 5.837653e-09 5.753682e-09 5.753682e-09 5.688225e-09 5.743768e-09 5.707705e-09 5.688225e-09 5.684991e-09 5.681761e-09 5.678535e-09 5.707705e-09 5.684991e-09 5.678535e-09 5.681761e-09 0.000000e+00 C.
7.541275e-04 8.968520e-09 5.800406e-09 5.793685e-09 6.406086e-09 5.730602e-09 5.740471e-09 5.871932e-09 6.578882e-09 5.688225e-09 5.998740e-09 5.896167e-09 5.837653e-09 5.753682e-09 5.753682e-09 5.688225e-09 5.743768e-09 5.707705e-09 5.688225e-09 5.684991e-09 5.681761e-09 5.678535e-09 5.707705e-09 5.684991e-09 5.678535e-09 5.681761e-09 0.000000e+00 Callison-Burch
7.541275e-04 8.968520e-09 5.800406e-09 5.793685e-09 6.406086e-09 5.730602e-09 5.740471e-09 5.871932e-09 6.578882e-09 5.688225e-09 5.998740e-09 5.896167e-09 5.837653e-09 5.753682e-09 5.753682e-09 5.688225e-09 5.743768e-09 5.707705e-09 5.688225e-09 5.684991e-09 5.681761e-09 5.678535e-09 5.707705e-09 5.684991e-09 5.678535e-09 5.681761e-09 0.000000e+00 Bannard
1.508255e-03 8.968520e-09 5.800406e-09 5.793685e-09 6.406086e-09 5.730602e-09 5.740471e-09 5.871932e-09 6.578882e-09 5.688225e-09 5.998740e-09 5.896167e-09 5.837653e-09 5.753682e-09 5.753682e-09 5.688225e-09 5.743768e-09 5.707705e-09 5.688225e-09 5.684991e-09 5.681761e-09 5.678535e-09 5.707705e-09 5.684991e-09 5.678535e-09 5.681761e-09 0.000000e+00 Schroeder
7.173529e-09 5.844468e-04 5.800406e-09 5.793685e-09 6.406086e-09 5.730602e-09 5.740471e-09 5.871932e-09 6.578882e-09 5.688225e-09 5.998740e-09 5.896167e-09 5.837653e-09 5.753682e-09 5.753682e-09 5.688225e-09 5.743768e-09 5.707705e-09 5.688225e-09 5.684991e-09 5.681761e-09 5.678535e-09 5.707705e-09 5.684991e-09 5.678535e-09 5.681761e-09 0.000000e+00 Scaling
7.173529e-09 2.922234e-03 5.800406e-09 5.793685e-09 6.406086e-09 5.730602e-09 5.740471e-09 5.871932e-09 6.578882e-09 5.688225e-09 5.998740e-09 5.896167e-09 5.837653e-09 5.753682e-09 5.753682e-09 5.688225e-09 5.743768e-09 5.707705e-09 5.688225e-09 5.684991e-09 5.681761e-09 5.678535e-09 5.707705e-09 5.684991e-09 5.678535e-09 5.681761e-09 0.000000e+00 Phrase-Based
7.173529e-09 5.844468e-04 5.800406e-09 5.793685e-09 6.406086e-09 5.730602e-09 5.740471e-09 5.871932e-09 6.578882e-09 5.688225e-09 5.998740e-09 5.896167e-09 5.837653e-09 5.753682e-09 5.753682e-09 5.688225e-09 5.743768e-09 5.707705e-09 5.688225e-09 5.684991e-09 5.681761e-09 5.678535e-09 5.707705e-09 5.684991e-09 5.678535e-09 5.681761e-09 0.000000e+00 Larger
7.173529e-09 5.843347e-04 5.800406e-09 5.793685e-09 1.142284e-03 5.730602e-09 5.740471e-09 5.871932e-09 6.578882e-09 5.688225e-09 5.998740e-09 5.896167e-09 5.837653e-09 5.753682e-09 5.753682e-09 5.688225e-09 5.743768e-09 5.707705e-09 5.688225e-09 5.684991e-09 5.681761e-09 5.678535e-09 5.707705e-09 5.684991e-09 5.678535e-09 5.681761e-09 0.000000e+00 Corpora
7.173529e-09 5.844468e-04 5.800406e-09 5.793685e-09 6.406086e-09 5.730602e-09 5.740471e-09 5.871932e-09 6.578882e-09 5.688225e-09 5.998740e-09 5.896167e-09 5.837653e-09 5.753682e-09 5.753682e-09 5.688225e-09 5.743768e-09 5.707705e-09 5.688225e-09 5.684991e-09 5.681761e-09 5.678535e-09 5.707705e-09 5.684991e-09 5.678535e-09 5.681761e-09 0.000000e+00 Longer
7.173529e-09 1.753341e-03 5.800406e-09 5.793685e-09 6.406086e-09 5.730602e-09 5.740471e-09 5.871932e-09 6.578882e-09 5.688225e-09 5.998740e-09 5.896167e-09 5.837653e-09 5.753682e-09 5.753682e-09 5.688225e-09 5.743768e-09 5.707705e-09 5.688225e-09 5.684991e-09 5.681761e-09 5.678535e-09 5.707705e-09 5.684991e-09 5.678535e-09 5.681761e-09 0.000000e+00 Phrases
7.173529e-09 8.968520e-09 5.800406e-09 5.793685e-09 4.568261e-03 5.730602e-09 5.740471e-09 5.871932e-09 6.578882e-09 5.688225e-09 5.998740e-09 5.896167e-09 5.837653e-09 5.753682e-09 5.753682e-09 5.688225e-09 5.743768e-09 5.707705e-09 5.688225e-09 5.684991e-09 5.681761e-09 5.678535e-09 5.707705e-09 5.684991e-09 5.678535e-09 5.681761e-09 0.000000e+00 43rd
7.173529e-09 8.968520e-09 5.800406e-09 5.793685e-09 1.713098e-02 5.730602e-09 5.740471e-09 5.871932e-09 6.578882e-09 5.688225e-09 5.998740e-09 5.896167e-09 5.837653e-09 5.753682e-09 5.753682e-09 5.688225e-09 5.743768e-09 5.707705e-09 5.688225e-09 5.684991e-09 5.681761e-09 5.678535e-09 5.707705e-09 5.684991e-09 5.678535e-09 5.681761e-09 0.000000e+00 Annual
7.173529e-09 8.968520e-09 5.800406e-09 5.793685e-09 6.406086e-09 5.730602e-09 5.740471e-09 5.871932e-09 6.614026e-03 5.688225e-09 5.998740e-09 5.896167e-09 5.837653e-09 5.753682e-09 5.753682e-09 5.688225e-09 5.743768e-09 5.707705e-09 5.688225e-09 5.684991e-09 5.681761e-09 5.678535e-09 5.707705e-09 5.684991e-09 5.678535e-09 5.681761e-09 0.000000e+00 255
7.173529e-09 8.968520e-09 5.800406e-09 5.793685e-09 6.406086e-09 5.730602e-09 5.740471e-09 5.871932e-09 3.307013e-03 5.688225e-09 5.998740e-09 5.896167e-09 5.837653e-09 5.753682e-09 5.753682e-09 5.688225e-09 5.743768e-09 5.707705e-09 5.688225e-09 5.684991e-09 5.681761e-09 5.678535e-09 5.707705e-09 5.684991e-09 5.678535e-09 5.681761e-09 0.000000e+00 262
7.541275e-04 8.968520e-09 5.800406e-09 5.793685e-09 6.406086e-09 5.730602e-09 5.740471e-09 5.871932e-09 6.578882e-09 5.688225e-09 5.998740e-09 5.896167e-09 5.837653e-09 5.753682e-09 5.753682e-09 5.688225e-09 5.743768e-09 5.707705e-09 5.688225e-09 5.684991e-09 5.681761e-09 5.678535e-09 5.707705e-09 5.684991e-09 5.678535e-09 5.681761e-09 0.000000e+00 LLorens
7.541275e-04 8.968520e-09 5.800406e-09 5.793685e-09 6.406086e-09 5.730602e-09 5.740471e-09 5.871932e-09 6.578882e-09 5.688225e-09 5.998740e-09 5.896167e-09 5.837653e-09 5.753682e-09 5.753682e-09 5.688225e-09 5.743768e-09 5.707705e-09 5.688225e-09 5.684991e-09 5.681761e-09 5.678535e-09 5.707705e-09 5.684991e-09 5.678535e-09 5.681761e-09 0.000000e+00 Martínez
7.541275e-04 8.968520e-09 5.800406e-09 5.793685e-09 6.406086e-09 5.730602e-09 5.740471e-09 5.871932e-09 6.578882e-09 5.688225e-09 5.998740e-09 5.896167e-09 5.837653e-09 5.753682e-09 5.753682e-09 5.688225e-09 5.743768e-09 5.707705e-09 5.688225e-09 5.684991e-09 5.681761e-09 5.678535e-09 5.707705e-09 5.684991e-09 5.678535e-09 5.681761e-09 0.000000e+00 Molau
1.508255e-03 8.968520e-09 5.800406e-09 5.793685e-09 6.406086e-09 5.730602e-09 5.740471e-09 5.871932e-09 6.578882e-09 5.688225e-09 5.998740e-09 5.896167e-09 5.837653e-09 5.753682e-09 5.753682e-09 5.688225e-09 5.743768e-09 5.707705e-09 5.688225e-09 5.684991e-09 5.681761e-09 5.678535e-09 5.707705e-09 5.684991e-09 5.678535e-09 5.681761e-09 0.000000e+00 Picó
1.508255e-03 8.968520e-09 5.800406e-09 5.793685e-09 6.406086e-09 5.730602e-09 5.740471e-09 5.871932e-09 6.578882e-09 5.688225e-09 5.998740e-09 5.896167e-09 5.837653e-09 5.753682e-09 5.753682e-09 5.688225e-09 5.743768e-09 5.707705e-09 5.688225e-09 5.684991e-09 5.681761e-09 5.678535e-09 5.707705e-09 5.684991e-09 5.678535e-09 5.681761e-09 0.000000e+00 Sanchis
7.173529e-09 8.968520e-09 5.800406e-09 5.793685e-09 1.142065e-03 5.730602e-09 5.740471e-09 5.871932e-09 6.578882e-09 5.688225e-09 5.998740e-09 5.896167e-09 5.837653e-09 5.753682e-09 5.753682e-09 5.688225e-09 5.743768e-09 5.707705e-09 5.688225e-09 5.684991e-09 5.681761e-09 5.678535e-09 5.707705e-09 5.684991e-09 5.678535e-09 5.681761e-09 0.000000e+00 Int.
7.173529e-09 8.968520e-09 5.800406e-09 5.793685e-09 2.284130e-03 5.730602e-09 5.740471e-09 5.871932e-09 6.578882e-09 5.688225e-09 5.998740e-09 5.896167e-09 5.837653e-09 5.753682e-09 5.753682e-09 5.688225e-09 5.743768e-09 5.707705e-09 5.688225e-09 5.684991e-09 5.681761e-09 5.678535e-09 5.707705e-09 5.684991e-09 5.678535e-09 5.681761e-09 0.000000e+00 Conf.
7.173529e-09 5.844468e-04 5.800406e-09 5.793685e-09 6.406086e-09 5.730602e-09 5.740471e-09 5.871932e-09 6.578882e-09 5.688225e-09 5.998740e-09 5.896167e-09 5.837653e-09 5.753682e-09 5.753682e-09 5.688225e-09 5.743768e-09 5.707705e-09 5.688225e-09 5.684991e-09 5.681761e-09 5.678535e-09 5.707705e-09 5.684991e-09 5.678535e-09 5.681761e-09 0.000000e+00 Speech-to-speech
7.173529e-09 1.168894e-03 5.800406e-09 5.793685e-09 6.406086e-09 5.730602e-09 5.740471e-09 5.871932e-09 6.578882e-09 5.688225e-09 5.998740e-09 5.896167e-09 5.837653e-09 5.753682e-09 5.753682e-09 5.688225e-09 5.743768e-09 5.707705e-09 5.688225e-09 5.684991e-09 5.681761e-09 5.678535e-09 5.707705e-09 5.684991e-09 5.678535e-09 5.681761e-09 0.000000e+00 transducers
7.173529e-09 5.844468e-04 5.800406e-09 5.793685e-09 6.406086e-09 5.730602e-09 5.740471e-09 5.871932e-09 6.578882e-09 5.688225e-09 5.998740e-09 5.896167e-09 5.837653e-09 5.753682e-09 5.753682e-09 5.688225e-09 5.743768e-09 5.707705e-09 5.688225e-09 5.684991e-09 5.681761e-09 5.678535e-09 5.707705e-09 5.684991e-09 5.678535e-09 5.681761e-09 0.000000e+00 inferred
7.173529e-09 8.968520e-09 5.800406e-09 5.793685e-09 6.406086e-09 5.730602e-09 5.740471e-09 5.871932e-09 3.308766e-03 5.688225e-09 5.998740e-09 5.896167e-09 4.233167e-02 5.753682e-09 5.753682e-09 5.688225e-09 5.743768e-09 5.707705e-09 5.688225e-09 5.684991e-09 5.681761e-09 5.678535e-09 5.707705e-09 5.684991e-09 5.678535e-09 5.681761e-09 0.000000e+00 30
7.173529e-09 8.968520e-09 5.800406e-09 5.793685e-09 6.406086e-09 5.730602e-09 5.740471e-09 5.871932e-09 6.614026e-03 5.688225e-09 5.998740e-09 5.896167e-09 5.837653e-09 5.753682e-09 5.753682e-09 5.688225e-09 5.743768e-09 5.707705e-09 5.688225e-09 5.684991e-09 5.681761e-09 5.678535e-09 5.707705e-09 5.684991e-09 5.678535e-09 5.681761e-09 0.000000e+00 205
7.173529e-09 8.968520e-09 5.800406e-09 5.793685e-09 6.406086e-09 5.730602e-09 5.740471e-09 5.871932e-09 6.614026e-03 5.688225e-09 5.998740e-09 5.896167e-09 5.837653e-09 5.753682e-09 5.753682e-09 5.688225e-09 5.743768e-09 5.707705e-09 5.688225e-09 5.684991e-09 5.681761e-09 5.678535e-09 5.707705e-09 5.684991e-09 5.678535e-09 5.681761e-09 0.000000e+00 225
7.541275e-04 8.968520e-09 5.800406e-09 5.793685e-09 6.406086e-09 5.730602e-09 5.740471e-09 5.871932e-09 6.578882e-09 5.688225e-09 5.998740e-09 5.896167e-09 5.837653e-09 5.753682e-09 5.753682e-09 5.688225e-09 5.743768e-09 5.707705e-09 5.688225e-09 5.684991e-09 5.681761e-09 5.678535e-09 5.707705e-09 5.684991e-09 5.678535e-09 5.681761e-09 0.000000e+00 A.L.
7.541275e-04 8.968520e-09 5.800406e-09 5.793685e-09 6.406086e-09 5.730602e-09 5.740471e-09 5.871932e-09 6.578882e-09 5.688225e-09 5.998740e-09 5.896167e-09 5.837653e-09 5.753682e-09 5.753682e-09 5.688225e-09 5.743768e-09 5.707705e-09 5.688225e-09 5.684991e-09 5.681761e-09 5.678535e-09 5.707705e-09 5.684991e-09 5.678535e-09 5.681761e-09 0.000000e+00 Lapalme
7.541275e-04 8.968520e-09 5.800406e-09 5.793685e-09 6.406086e-09 5.730602e-09 5.740471e-09 5.871932e-09 6.578882e-09 5.688225e-09 5.998740e-09 5.896167e-09 5.837653e-09 5.753682e-09 5.753682e-09 5.688225e-09 5.743768e-09 5.707705e-09 5.688225e-09 5.684991e-09 5.681761e-09 5.678535e-09 5.707705e-09 5.684991e-09 5.678535e-09 5.681761e-09 0.000000e+00 Macklovitch
7.173529e-09 5.848709e-04 5.800406e-09 5.793685e-09 1.141237e-03 5.730602e-09 5.740471e-09 5.871932e-09 6.578882e-09 5.688225e-09 5.998740e-09 5.896167e-09 5.837653e-09 5.753682e-09 5.753682e-09 5.688225e-09 5.743768e-09 5.707705e-09 5.688225e-09 5.684991e-09 5.681761e-09 5.678535e-09 5.707705e-09 5.684991e-09 5.678535e-09 5.681761e-09 0.000000e+00 Human
7.173529e-09 5.844468e-04 5.800406e-09 5.793685e-09 6.406086e-09 5.730602e-09 5.740471e-09 5.871932e-09 6.578882e-09 5.688225e-09 5.998740e-09 5.896167e-09 5.837653e-09 5.753682e-09 5.753682e-09 5.688225e-09 5.743768e-09 5.707705e-09 5.688225e-09 5.684991e-09 5.681761e-09 5.678535e-09 5.707705e-09 5.684991e-09 5.678535e-09 5.681761e-09 0.000000e+00 interaction
7.173529e-09 5.844468e-04 5.800406e-09 5.793685e-09 6.406086e-09 5.730602e-09 5.740471e-09 5.871932e-09 6.578882e-09 5.688225e-09 5.998740e-09 5.896167e-09 5.837653e-09 5.753682e-09 5.753682e-09 5.688225e-09 5.743768e-09 5.707705e-09 5.688225e-09 5.684991e-09 5.681761e-09 5.678535e-09 5.707705e-09 5.684991e-09 5.678535e-09 5.681761e-09 0.000000e+00 high
7.173529e-09 5.844468e-04 5.800406e-09 5.793685e-09 6.406086e-09 5.730602e-09 5.740471e-09 5.871932e-09 6.578882e-09 5.688225e-09 5.998740e-09 5.896167e-09 5.837653e-09 5.753682e-09 5.753682e-09 5.688225e-09 5.743768e-09 5.707705e-09 5.688225e-09 5.684991e-09 5.681761e-09 5.678535e-09 5.707705e-09 5.684991e-09 5.678535e-09 5.681761e-09 0.000000e+00 quality
7.173529e-09 8.968520e-09 5.800406e-09 5.793685e-09 6.406086e-09 5.730602e-09 5.740471e-09 5.871932e-09 6.578882e-09 5.688225e-09 5.998740e-09 1.258118e-02 5.837653e-09 5.753682e-09 5.753682e-09 5.688225e-09 5.743768e-09 5.707705e-09 5.688225e-09 5.684991e-09 5.681761e-09 5.678535e-09 5.707705e-09 5.684991e-09 5.678535e-09 5.681761e-09 0.000000e+00 ACM
7.173529e-09 8.968520e-09 5.800406e-09 5.793685e-09 6.406086e-09 5.730602e-09 5.740471e-09 5.871932e-09 6.603845e-03 5.688225e-09 5.998740e-09 5.896167e-09 1.415650e-02 5.753682e-09 5.753682e-09 5.688225e-09 5.743768e-09 5.707705e-09 5.688225e-09 5.684991e-09 5.681761e-09 5.678535e-09 5.707705e-09 5.684991e-09 5.678535e-09 5.681761e-09 0.000000e+00 52
7.173529e-09 8.968520e-09 5.800406e-09 5.793685e-09 6.406086e-09 5.730602e-09 5.740471e-09 5.871932e-09 6.578882e-09 5.688225e-09 5.998740e-09 5.896167e-09 1.623883e-02 4.543356e-02 5.753682e-09 5.688225e-09 5.743768e-09 5.707705e-09 5.688225e-09 5.684991e-09 5.681761e-09 5.678535e-09 5.707705e-09 5.684991e-09 5.678535e-09 5.681761e-09 0.000000e+00 10
7.173529e-09 8.968520e-09 5.800406e-09 5.793685e-09 6.406086e-09 5.730602e-09 5.740471e-09 5.871932e-09 9.921039e-03 5.688225e-09 5.998740e-09 5.896167e-09 5.837653e-09 5.753682e-09 5.753682e-09 5.688225e-09 5.743768e-09 5.707705e-09 5.688225e-09 5.684991e-09 5.681761e-09 5.678535e-09 5.707705e-09 5.684991e-09 5.678535e-09 5.681761e-09 0.000000e+00 135
7.173529e-09 8.968520e-09 5.800406e-09 5.793685e-09 6.406086e-09 5.730602e-09 5.740471e-09 5.871932e-09 6.614026e-03 5.688225e-09 5.998740e-09 5.896167e-09 5.837653e-09 5.753682e-09 5.753682e-09 5.688225e-09 5.743768e-09 5.707705e-09 5.688225e-09 5.684991e-09 5.681761e-09 5.678535e-09 5.707705e-09 5.684991e-09 5.678535e-09 5.681761e-09 0.000000e+00 138
7.173529e-09 2.337787e-03 5.800406e-09 5.793685e-09 6.406086e-09 5.730602e-09 5.740471e-09 5.871932e-09 6.578882e-09 5.688225e-09 5.998740e-09 5.896167e-09 5.837653e-09 5.753682e-09 5.753682e-09 5.688225e-09 5.743768e-09 5.707705e-09 5.688225e-09 5.684991e-09 5.681761e-09 5.678535e-09 5.707705e-09 5.684991e-09 5.678535e-09 5.681761e-09 0.000000e+00 grammar
7.173529e-09 5.260022e-03 5.800406e-09 5.793685e-09 6.406086e-09 5.730602e-09 5.740471e-09 5.871932e-09 6.578882e-09 5.688225e-09 5.998740e-09 5.896167e-09 5.837653e-09 5.753682e-09 5.753682e-09 5.688225e-09 5.743768e-09 5.707705e-09 5.688225e-09 5.684991e-09 5.681761e-09 5.678535e-09 5.707705e-09 5.684991e-09 5.678535e-09 5.681761e-09 0.000000e+00 using
7.173529e-09 5.844468e-04 5.800406e-09 5.793685e-09 6.406086e-09 5.730602e-09 5.740471e-09 5.871932e-09 6.578882e-09 5.688225e-09 5.998740e-09 5.896167e-09 5.837653e-09 5.753682e-09 5.753682e-09 5.688225e-09 5.743768e-09 5.707705e-09 5.688225e-09 5.684991e-09 5.681761e-09 5.678535e-09 5.707705e-09 5.684991e-09 5.678535e-09 5.681761e-09 0.000000e+00 inside-outside
7.173529e-09 3.506681e-03 5.800406e-09 5.793685e-09 6.406086e-09 5.730602e-09 5.740471e-09 5.871932e-09 6.578882e-09 5.688225e-09 5.998740e-09 5.896167e-09 5.837653e-09 5.753682e-09 5.753682e-09 5.688225e-09 5.743768e-09 5.707705e-09 5.688225e-09 5.684991e-09 5.681761e-09 5.678535e-09 5.707705e-09 5.684991e-09 5.678535e-09 5.681761e-09 0.000000e+00 algorithm
7.173529e-09 6.428915e-03 5.800406e-09 5.793685e-09 1.248078e-15 5.730602e-09 5.740471e-09 5.871932e-09 6.578882e-09 5.688225e-09 5.998740e-09 5.896167e-09 5.837653e-09 5.753682e-09 5.753682e-09 5.688225e-09 5.743768e-09 5.707705e-09 5.688225e-09 5.684991e-09 5.681761e-09 5.678535e-09 5.707705e-09 5.684991e-09 5.678535e-09 5.681761e-09 0.000000e+00 Grammatical
7.173529e-09 5.840350e-03 5.800406e-09 5.793685e-09 8.046827e-06 5.730602e-09 5.740471e-09 5.871932e-09 6.578882e-09 5.688225e-09 5.998740e-09 5.896167e-09 5.837653e-09 5.753682e-09 5.753682e-09 5.688225e-09 5.743768e-09 5.707705e-09 5.688225e-09 5.684991e-09 5.681761e-09 5.678535e-09 5.707705e-09 5.684991e-09 5.678535e-09 5.681761e-09 0.000000e+00 Inference
7.173529e-09 8.968520e-09 5.800406e-09 5.793685e-09 4.568261e-03 5.730602e-09 5.740471e-09 5.871932e-09 6.578882e-09 5.688225e-09 5.998740e-09 5.896167e-09 5.837653e-09 5.753682e-09 5.753682e-09 5.688225e-09 5.743768e-09 5.707705e-09 5.688225e-09 5.684991e-09 5.681761e-09 5.678535e-09 5.707705e-09 5.684991e-09 5.678535e-09 5.681761e-09 0.000000e+00 LNAI
7.173529e-09 8.968520e-09 5.800406e-09 5.793685e-09 2.284130e-03 5.730602e-09 5.740471e-09 5.871932e-09 6.578882e-09 5.688225e-09 5.998740e-09 5.896167e-09 5.837653e-09 5.753682e-09 5.753682e-09 5.688225e-09 5.743768e-09 5.707705e-09 5.688225e-09 5.684991e-09 5.681761e-09 5.678535e-09 5.707705e-09 5.684991e-09 5.678535e-09 5.681761e-09 0.000000e+00 862
7.173529e-09 5.844468e-04 3.280531e-02 5.793685e-09 6.406086e-09 5.730602e-09 5.740471e-09 5.871932e-09 6.578882e-09 5.688225e-09 5.998740e-09 5.896167e-09 5.837653e-09 5.753682e-09 5.753682e-09 5.688225e-09 5.743768e-09 5.707705e-09 5.688225e-09 5.684991e-09 5.681761e-09 5.678535e-09 5.707705e-09 5.684991e-09 5.678535e-09 5.681761e-09 0.000000e+00 1994
2.262383e-03 8.968520e-09 5.800406e-09 5.793685e-09 6.406086e-09 5.730602e-09 5.740471e-09 2.053880e-02 6.578882e-09 5.688225e-09 5.998740e-09 5.896167e-09 5.837653e-09 5.753682e-09 5.753682e-09 5.688225e-09 5.743768e-09 5.707705e-09 5.688225e-09 5.684991e-09 5.681761e-09 5.678535e-09 5.707705e-09 5.684991e-09 5.678535e-09 5.681761e-09 0.000000e+00 R.C.
7.541275e-04 8.968520e-09 5.800406e-09 5.793685e-09 6.406086e-09 5.730602e-09 5.740471e-09 2.053880e-02 6.578882e-09 5.688225e-09 5.998740e-09 5.896167e-09 5.837653e-09 5.753682e-09 5.753682e-09 5.688225e-09 5.743768e-09 5.707705e-09 5.688225e-09 5.684991e-09 5.681761e-09 5.678535e-09 5.707705e-09 5.684991e-09 5.678535e-09 5.681761e-09 0.000000e+00 Carrasco
7.173529e-09 8.968520e-09 5.800406e-09 5.793685e-09 6.406086e-09 5.730602e-09 5.740471e-09 2.738507e-02 6.578882e-09 5.688225e-09 5.998740e-09 5.896167e-09 5.837653e-09 5.753682e-09 5.753682e-09 5.688225e-09 5.743768e-09 5.707705e-09 5.688225e-09 5.684991e-09 5.681761e-09 5.678535e-09 5.707705e-09 5.684991e-09 5.678535e-09 5.681761e-09 0.000000e+00 Oncina
7.173529e-09 8.968520e-09 5.800406e-09 9.132501e-02 6.406086e-09 5.730602e-09 5.740471e-09 5.871932e-09 6.578882e-09 5.688225e-09 5.998740e-09 5.896167e-09 5.837653e-09 5.753682e-09 5.753682e-09 5.688225e-09 5.743768e-09 5.707705e-09 5.688225e-09 5.684991e-09 5.681761e-09 5.678535e-09 5.707705e-09 5.684991e-09 5.678535e-09 5.681761e-09 0.000000e+00 Springer-Verlag
7.173529e-09 8.968520e-09 5.800406e-09 5.793685e-09 6.406086e-09 5.730602e-09 5.740471e-09 5.871932e-09 3.307013e-03 5.688225e-09 5.998740e-09 5.896167e-09 5.837653e-09 5.753682e-09 5.753682e-09 5.688225e-09 5.743768e-09 5.707705e-09 5.688225e-09 5.684991e-09 5.681761e-09 5.678535e-09 5.707705e-09 5.684991e-09 5.678535e-09 5.681761e-09 0.000000e+00 129
7.173529e-09 8.968520e-09 5.800406e-09 5.793685e-09 6.406086e-09 5.730602e-09 5.740471e-09 5.871932e-09 6.578882e-09 5.688225e-09 5.998740e-09 9.435884e-03 5.837653e-09 5.753682e-09 5.753682e-09 5.688225e-09 5.743768e-09 5.707705e-09 5.688225e-09 5.684991e-09 5.681761e-09 5.678535e-09 5.707705e-09 5.684991e-09 5.678535e-09 5.681761e-09 0.000000e+00 Letters
7.173529e-09 8.968520e-09 5.800406e-09 5.793685e-09 6.406086e-09 5.730602e-09 5.740471e-09 5.871932e-09 3.307013e-03 5.688225e-09 5.998740e-09 5.896167e-09 5.837653e-09 5.753682e-09 5.753682e-09 5.688225e-09 5.743768e-09 5.707705e-09 5.688225e-09 5.684991e-09 5.681761e-09 5.678535e-09 5.707705e-09 5.684991e-09 5.678535e-09 5.681761e-09 0.000000e+00 573
7.173529e-09 1.168894e-03 5.800406e-09 5.793685e-09 6.406086e-09 5.730602e-09 5.740471e-09 5.871932e-09 6.578882e-09 5.688225e-09 5.998740e-09 5.896167e-09 5.837653e-09 5.753682e-09 5.753682e-09 5.688225e-09 5.743768e-09 5.707705e-09 5.688225e-09 5.684991e-09 5.681761e-09 5.678535e-09 5.707705e-09 5.684991e-09 5.678535e-09 5.681761e-09 0.000000e+00 Regular
7.173529e-09 1.168894e-03 5.800406e-09 5.793685e-09 6.406086e-09 5.730602e-09 5.740471e-09 5.871932e-09 6.578882e-09 5.688225e-09 5.998740e-09 5.896167e-09 5.837653e-09 5.753682e-09 5.753682e-09 5.688225e-09 5.743768e-09 5.707705e-09 5.688225e-09 5.684991e-09 5.681761e-09 5.678535e-09 5.707705e-09 5.684991e-09 5.678535e-09 5.681761e-09 0.000000e+00 Syntax-Directed
7.173529e-09 5.844468e-04 5.800406e-09 5.793685e-09 6.406086e-09 5.730602e-09 5.740471e-09 5.871932e-09 6.578882e-09 5.688225e-09 5.998740e-09 5.896167e-09 5.837653e-09 5.753682e-09 5.753682e-09 5.688225e-09 5.743768e-09 5.707705e-09 5.688225e-09 5.684991e-09 5.681761e-09 5.678535e-09 5.707705e-09 5.684991e-09 5.678535e-09 5.681761e-09 0.000000e+00 Schemes
7.173529e-09 8.968520e-09 5.800406e-09 5.793685e-09 6.406086e-09 5.730602e-09 5.740471e-09 5.871932e-09 9.921039e-03 5.688225e-09 5.998740e-09 5.896167e-09 5.837653e-09 5.753682e-09 5.753682e-09 5.688225e-09 5.743768e-09 5.707705e-09 5.688225e-09 5.684991e-09 5.681761e-09 5.678535e-09 5.707705e-09 5.684991e-09 5.678535e-09 5.681761e-09 0.000000e+00 201
7.173529e-09 8.968520e-09 5.800406e-09 5.793685e-09 6.406086e-09 5.730602e-09 5.740471e-09 5.871932e-09 3.307013e-03 5.688225e-09 5.998740e-09 5.896167e-09 5.837653e-09 5.753682e-09 5.753682e-09 5.688225e-09 5.743768e-09 5.707705e-09 5.688225e-09 5.684991e-09 5.681761e-09 5.678535e-09 5.707705e-09 5.684991e-09 5.678535e-09 5.681761e-09 0.000000e+00 207
7.173529e-09 1.168894e-03 5.800406e-09 5.793685e-09 6.406086e-09 5.730602e-09 5.740471e-09 5.871932e-09 6.578882e-09 5.688225e-09 5.998740e-09 5.896167e-09 5.837653e-09 5.753682e-09 5.753682e-09 5.688225e-09 5.743768e-09 5.707705e-09 5.688225e-09 5.684991e-09 5.681761e-09 5.678535e-09 5.707705e-09 5.684991e-09 5.678535e-09 5.681761e-09 0.000000e+00 Transformations
7.173529e-09 8.968520e-09 5.800406e-09 5.793685e-09 6.406086e-09 5.730602e-09 5.740471e-09 5.871932e-09 6.578882e-09 5.688225e-09 5.998740e-09 3.145295e-03 5.837653e-09 5.753682e-09 5.753682e-09 5.688225e-09 5.743768e-09 5.707705e-09 5.688225e-09 5.684991e-09 5.681761e-09 5.678535e-09 5.707705e-09 5.684991e-09 5.678535e-09 5.681761e-09 0.000000e+00 IJPRAI
7.173529e-09 8.968520e-09 5.800406e-09 5.793685e-09 6.406086e-09 5.730602e-09 5.740471e-09 5.871932e-09 1.322805e-02 5.688225e-09 5.998740e-09 5.896167e-09 5.837653e-09 5.753682e-09 5.753682e-09 5.688225e-09 5.743768e-09 5.707705e-09 5.688225e-09 5.684991e-09 5.681761e-09 5.678535e-09 5.707705e-09 5.684991e-09 5.678535e-09 5.681761e-09 0.000000e+00 183
2.262383e-03 8.968520e-09 5.800406e-09 5.793685e-09 6.406086e-09 5.730602e-09 5.740471e-09 5.871932e-09 6.578882e-09 5.688225e-09 5.998740e-09 5.896167e-09 5.837653e-09 5.753682e-09 5.753682e-09 5.688225e-09 5.743768e-09 5.707705e-09 5.688225e-09 5.684991e-09 5.681761e-09 5.678535e-09 5.707705e-09 5.684991e-09 5.678535e-09 5.681761e-09 0.000000e+00 M.J.
2.262383e-03 8.968520e-09 5.800406e-09 5.793685e-09 6.406086e-09 5.730602e-09 5.740471e-09 5.871932e-09 6.578882e-09 5.688225e-09 5.998740e-09 5.896167e-09 5.837653e-09 5.753682e-09 5.753682e-09 5.688225e-09 5.743768e-09 5.707705e-09 5.688225e-09 5.684991e-09 5.681761e-09 5.678535e-09 5.707705e-09 5.684991e-09 5.678535e-09 5.681761e-09 0.000000e+00 Castro
9.798390e-03 8.968520e-09 5.800406e-09 5.793685e-09 6.406086e-09 5.730602e-09 5.740471e-09 4.797170e-02 6.578882e-09 5.688225e-09 5.998740e-09 5.896167e-09 5.837653e-09 5.753682e-09 5.753682e-09 5.688225e-09 5.743768e-09 5.707705e-09 5.688225e-09 5.684991e-09 5.681761e-09 5.678535e-09 5.707705e-09 5.684991e-09 5.678535e-09 5.681761e-09 0.000000e+00 P.
2.262383e-03 8.968520e-09 5.800406e-09 5.793685e-09 6.406086e-09 5.730602e-09 5.740471e-09 5.871932e-09 6.578882e-09 5.688225e-09 5.998740e-09 5.896167e-09 5.837653e-09 5.753682e-09 5.753682e-09 5.688225e-09 5.743768e-09 5.707705e-09 5.688225e-09 5.684991e-09 5.681761e-09 5.678535e-09 5.707705e-09 5.684991e-09 5.678535e-09 5.681761e-09 0.000000e+00 Aibar
1.508255e-03 8.968520e-09 5.800406e-09 5.793685e-09 6.406086e-09 5.730602e-09 5.740471e-09 5.871932e-09 6.578882e-09 5.688225e-09 5.998740e-09 5.896167e-09 5.837653e-09 5.753682e-09 5.753682e-09 5.688225e-09 5.743768e-09 5.707705e-09 5.688225e-09 5.684991e-09 5.681761e-09 5.678535e-09 5.707705e-09 5.684991e-09 5.678535e-09 5.681761e-09 0.000000e+00 Segarra
7.173529e-09 5.844468e-04 5.800406e-09 5.793685e-09 6.406086e-09 5.730602e-09 5.740471e-09 5.871932e-09 6.578882e-09 5.688225e-09 5.998740e-09 5.896167e-09 5.837653e-09 5.753682e-09 5.753682e-09 5.688225e-09 5.743768e-09 5.707705e-09 5.688225e-09 5.684991e-09 5.681761e-09 5.678535e-09 5.707705e-09 5.684991e-09 5.678535e-09 5.681761e-09 0.000000e+00 fast
7.173529e-09 1.168894e-03 5.800406e-09 5.793685e-09 6.406086e-09 5.730602e-09 5.740471e-09 5.871932e-09 6.578882e-09 5.688225e-09 5.998740e-09 5.896167e-09 5.837653e-09 5.753682e-09 5.753682e-09 5.688225e-09 5.743768e-09 5.707705e-09 5.688225e-09 5.684991e-09 5.681761e-09 5.678535e-09 5.707705e-09 5.684991e-09 5.678535e-09 5.681761e-09 0.000000e+00 version
7.173529e-09 1.168894e-03 5.800406e-09 5.793685e-09 6.406086e-09 5.730602e-09 5.740471e-09 5.871932e-09 6.578882e-09 5.688225e-09 5.998740e-09 5.896167e-09 5.837653e-09 5.753682e-09 5.753682e-09 5.688225e-09 5.743768e-09 5.707705e-09 5.688225e-09 5.684991e-09 5.681761e-09 5.678535e-09 5.707705e-09 5.684991e-09 5.678535e-09 5.681761e-09 0.000000e+00 ATROS
7.173529e-09 8.968520e-09 5.800406e-09 5.793685e-09 2.284130e-03 5.730602e-09 5.740471e-09 5.871932e-09 6.578882e-09 5.688225e-09 5.998740e-09 5.896167e-09 5.837653e-09 5.753682e-09 5.753682e-09 5.688225e-09 5.743768e-09 5.707705e-09 5.688225e-09 5.684991e-09 5.681761e-09 5.678535e-09 5.707705e-09 5.684991e-09 5.678535e-09 5.681761e-09 0.000000e+00 EUROSPEECH'99
7.173529e-09 8.968520e-09 5.800406e-09 5.793685e-09 6.406086e-09 5.730602e-09 5.740471e-09 5.871932e-09 3.307013e-03 5.688225e-09 5.998740e-09 5.896167e-09 5.837653e-09 5.753682e-09 5.753682e-09 5.688225e-09 5.743768e-09 5.707705e-09 5.688225e-09 5.684991e-09 5.681761e-09 5.678535e-09 5.707705e-09 5.684991e-09 5.678535e-09 5.681761e-09 0.000000e+00 1239
7.173529e-09 8.968520e-09 5.800406e-09 5.793685e-09 6.406086e-09 5.730602e-09 5.740471e-09 5.871932e-09 3.307013e-03 5.688225e-09 5.998740e-09 5.896167e-09 5.837653e-09 5.753682e-09 5.753682e-09 5.688225e-09 5.743768e-09 5.707705e-09 5.688225e-09 5.684991e-09 5.681761e-09 5.678535e-09 5.707705e-09 5.684991e-09 5.678535e-09 5.681761e-09 0.000000e+00 1242
7.173529e-09 8.968520e-09 5.800406e-09 5.793685e-09 6.406086e-09 5.730602e-09 5.740471e-09 5.871932e-09 6.578882e-09 5.688225e-09 2.175116e-02 5.896167e-09 5.837653e-09 5.753682e-09 5.753682e-09 5.688225e-09 5.743768e-09 5.707705e-09 5.688225e-09 5.684991e-09 5.681761e-09 5.678535e-09 5.707705e-09 5.684991e-09 5.678535e-09 5.681761e-09 0.000000e+00 Budapest
7.173529e-09 8.968520e-09 5.800406e-09 5.793685e-09 6.406086e-09 5.730602e-09 5.740471e-09 5.871932e-09 6.578882e-09 5.688225e-09 7.250385e-03 5.896167e-09 5.837653e-09 5.753682e-09 5.753682e-09 5.688225e-09 5.743768e-09 5.707705e-09 5.688225e-09 5.684991e-09 5.681761e-09 5.678535e-09 5.707705e-09 5.684991e-09 5.678535e-09 5.681761e-09 0.000000e+00 Hungría
6.033020e-03 8.968520e-09 5.800406e-09 5.793685e-09 6.406086e-09 5.730602e-09 5.740471e-09 5.871932e-09 6.578882e-09 5.688225e-09 5.998740e-09 5.896167e-09 5.837653e-09 5.753682e-09 5.753682e-09 5.688225e-09 5.743768e-09 5.707705e-09 5.688225e-09 5.684991e-09 5.681761e-09 5.678535e-09 5.707705e-09 5.684991e-09 5.678535e-09 5.681761e-09 0.000000e+00 Charniak
7.173529e-09 5.844468e-04 5.800406e-09 5.793685e-09 6.406086e-09 5.730602e-09 5.740471e-09 5.871932e-09 6.578882e-09 5.688225e-09 5.998740e-09 5.896167e-09 5.837653e-09 5.753682e-09 5.753682e-09 5.688225e-09 5.743768e-09 5.707705e-09 5.688225e-09 5.684991e-09 5.681761e-09 5.678535e-09 5.707705e-09 5.684991e-09 5.678535e-09 5.681761e-09 0.000000e+00 Maximum-Entropy-Inspired
7.173529e-09 1.168894e-03 5.800406e-09 5.793685e-09 6.406086e-09 5.730602e-09 5.740471e-09 5.871932e-09 6.578882e-09 5.688225e-09 5.998740e-09 5.896167e-09 5.837653e-09 5.753682e-09 5.753682e-09 5.688225e-09 5.743768e-09 5.707705e-09 5.688225e-09 5.684991e-09 5.681761e-09 5.678535e-09 5.707705e-09 5.684991e-09 5.678535e-09 5.681761e-09 0.000000e+00 Parser
7.173529e-09 8.968520e-09 5.800406e-09 5.793685e-09 1.142065e-03 5.730602e-09 5.740471e-09 5.871932e-09 6.578882e-09 5.688225e-09 5.998740e-09 5.896167e-09 5.837653e-09 5.753682e-09 5.753682e-09 5.688225e-09 5.743768e-09 5.707705e-09 5.688225e-09 5.684991e-09 5.681761e-09 5.678535e-09 5.707705e-09 5.684991e-09 5.678535e-09 5.681761e-09 0.000000e+00 NAACL-2000
7.173529e-09 8.968520e-09 5.800406e-09 5.793685e-09 6.406086e-09 5.730602e-09 5.740471e-09 5.871932e-09 3.307013e-03 5.688225e-09 5.998740e-09 5.896167e-09 5.837653e-09 5.753682e-09 5.753682e-09 5.688225e-09 5.743768e-09 5.707705e-09 5.688225e-09 5.684991e-09 5.681761e-09 5.678535e-09 5.707705e-09 5.684991e-09 5.678535e-09 5.681761e-09 0.000000e+00 132
7.173529e-09 8.968520e-09 5.800406e-09 5.793685e-09 6.406086e-09 5.730602e-09 5.740471e-09 5.871932e-09 3.307013e-03 5.688225e-09 5.998740e-09 5.896167e-09 5.837653e-09 5.753682e-09 5.753682e-09 5.688225e-09 5.743768e-09 5.707705e-09 5.688225e-09 5.684991e-09 5.681761e-09 5.678535e-09 5.707705e-09 5.684991e-09 5.678535e-09 5.681761e-09 0.000000e+00 139
7.173529e-09 5.844468e-04 5.800406e-09 5.793685e-09 6.406086e-09 5.730602e-09 5.740471e-09 5.871932e-09 6.578882e-09 5.688225e-09 5.998740e-09 5.896167e-09 5.837653e-09 5.753682e-09 5.753682e-09 5.688225e-09 5.743768e-09 5.707705e-09 5.688225e-09 5.684991e-09 5.681761e-09 5.678535e-09 5.707705e-09 5.684991e-09 5.678535e-09 5.681761e-09 0.000000e+00 Immediate-Head
7.173529e-09 6.428915e-03 5.800406e-09 5.793685e-09 6.406086e-09 5.730602e-09 5.740471e-09 5.871932e-09 6.578882e-09 5.688225e-09 5.998740e-09 5.896167e-09 5.837653e-09 5.753682e-09 5.753682e-09 5.688225e-09 5.743768e-09 5.707705e-09 5.688225e-09 5.684991e-09 5.681761e-09 5.678535e-09 5.707705e-09 5.684991e-09 5.678535e-09 5.681761e-09 0.000000e+00 Parsing
7.173529e-09 8.968520e-09 5.800406e-09 5.793685e-09 4.568261e-03 5.730602e-09 5.740471e-09 5.871932e-09 6.578882e-09 5.688225e-09 5.998740e-09 5.896167e-09 5.837653e-09 5.753682e-09 5.753682e-09 5.688225e-09 5.743768e-09 5.707705e-09 5.688225e-09 5.684991e-09 5.681761e-09 5.678535e-09 5.707705e-09 5.684991e-09 5.678535e-09 5.681761e-09 0.000000e+00 39th
7.173529e-09 8.968520e-09 5.800406e-09 9.137795e-02 1.712495e-02 1.439406e-06 5.740471e-09 5.871932e-09 6.578882e-09 5.688225e-09 5.998740e-09 5.896167e-09 5.837653e-09 5.753682e-09 5.753682e-09 5.688225e-09 5.743768e-09 5.707705e-09 5.688225e-09 5.684991e-09 5.681761e-09 5.678535e-09 5.707705e-09 5.684991e-09 5.678535e-09 5.681761e-09 0.000000e+00 Association
7.173529e-09 8.968520e-09 5.800406e-09 5.793685e-09 6.406086e-09 5.730602e-09 5.740471e-09 5.871932e-09 3.307013e-03 5.688225e-09 5.998740e-09 5.896167e-09 5.837653e-09 5.753682e-09 5.753682e-09 5.688225e-09 5.743768e-09 5.707705e-09 5.688225e-09 5.684991e-09 5.681761e-09 5.678535e-09 5.707705e-09 5.684991e-09 5.678535e-09 5.681761e-09 0.000000e+00 116
7.173529e-09 8.968520e-09 5.800406e-09 5.793685e-09 6.406086e-09 5.730602e-09 5.740471e-09 5.871932e-09 6.614026e-03 5.688225e-09 5.998740e-09 5.896167e-09 5.837653e-09 5.753682e-09 5.753682e-09 5.688225e-09 5.743768e-09 5.707705e-09 5.688225e-09 5.684991e-09 5.681761e-09 5.678535e-09 5.707705e-09 5.684991e-09 5.678535e-09 5.681761e-09 0.000000e+00 123
7.173529e-09 8.968520e-09 5.800406e-09 5.793685e-09 6.406086e-09 5.730602e-09 5.740471e-09 5.871932e-09 6.578882e-09 5.688225e-09 2.175116e-02 5.896167e-09 5.837653e-09 5.753682e-09 5.753682e-09 5.688225e-09 5.743768e-09 5.707705e-09 5.688225e-09 5.684991e-09 5.681761e-09 5.678535e-09 5.707705e-09 5.684991e-09 5.678535e-09 5.681761e-09 0.000000e+00 Toulouse
7.541275e-03 8.968520e-09 5.800406e-09 5.793685e-09 6.406086e-09 5.730602e-09 5.740471e-09 5.871932e-09 6.578882e-09 5.688225e-09 5.998740e-09 5.896167e-09 5.837653e-09 5.753682e-09 5.753682e-09 5.688225e-09 5.743768e-09 5.707705e-09 5.688225e-09 5.684991e-09 5.681761e-09 5.678535e-09 5.707705e-09 5.684991e-09 5.678535e-09 5.681761e-09 0.000000e+00 K.
2.262383e-03 8.968520e-09 5.800406e-09 5.793685e-09 6.406086e-09 5.730602e-09 5.740471e-09 5.871932e-09 6.578882e-09 5.688225e-09 5.998740e-09 5.896167e-09 5.837653e-09 5.753682e-09 5.753682e-09 5.688225e-09 5.743768e-09 5.707705e-09 5.688225e-09 5.684991e-09 5.681761e-09 5.678535e-09 5.707705e-09 5.684991e-09 5.678535e-09 5.681761e-09 0.000000e+00 Knight
2.262383e-03 8.968520e-09 5.800406e-09 5.793685e-09 6.406086e-09 5.730602e-09 5.740471e-09 5.871932e-09 6.578882e-09 5.688225e-09 5.998740e-09 5.896167e-09 5.837653e-09 5.753682e-09 5.753682e-09 5.688225e-09 5.743768e-09 5.707705e-09 5.688225e-09 5.684991e-09 5.681761e-09 5.678535e-09 5.707705e-09 5.684991e-09 5.678535e-09 5.681761e-09 0.000000e+00 Yamada
7.173529e-09 1.168894e-03 5.800406e-09 5.793685e-09 6.406086e-09 5.730602e-09 5.740471e-09 5.871932e-09 6.578882e-09 5.688225e-09 5.998740e-09 5.896167e-09 5.837653e-09 5.753682e-09 5.753682e-09 5.688225e-09 5.743768e-09 5.707705e-09 5.688225e-09 5.684991e-09 5.681761e-09 5.678535e-09 5.707705e-09 5.684991e-09 5.678535e-09 5.681761e-09 0.000000e+00 Syntax-based
7.173529e-09 8.968520e-09 5.800406e-09 5.793685e-09 2.284130e-03 5.730602e-09 5.740471e-09 5.871932e-09 6.578882e-09 5.688225e-09 5.998740e-09 5.896167e-09 5.837653e-09 5.753682e-09 5.753682e-09 5.688225e-09 5.743768e-09 5.707705e-09 5.688225e-09 5.684991e-09 5.681761e-09 5.678535e-09 5.707705e-09 5.684991e-09 5.678535e-09 5.681761e-09 0.000000e+00 MT
7.173529e-09 8.968520e-09 5.800406e-09 5.793685e-09 4.568261e-03 5.730602e-09 5.740471e-09 5.871932e-09 6.578882e-09 5.688225e-09 5.998740e-09 5.896167e-09 5.837653e-09 5.753682e-09 5.753682e-09 5.688225e-09 5.743768e-09 5.707705e-09 5.688225e-09 5.684991e-09 5.681761e-09 5.678535e-09 5.707705e-09 5.684991e-09 5.678535e-09 5.681761e-09 0.000000e+00 Summit
7.173529e-09 8.968520e-09 5.800406e-09 5.793685e-09 2.284130e-03 5.730602e-09 5.740471e-09 5.871932e-09 6.578882e-09 5.688225e-09 5.998740e-09 5.896167e-09 5.837653e-09 5.753682e-09 5.753682e-09 5.688225e-09 5.743768e-09 5.707705e-09 5.688225e-09 5.684991e-09 5.681761e-09 5.678535e-09 5.707705e-09 5.684991e-09 5.678535e-09 5.681761e-09 0.000000e+00 IX
7.173529e-09 8.968520e-09 5.800406e-09 5.793685e-09 1.238705e-03 5.730602e-09 5.740471e-09 5.871932e-09 6.578882e-09 5.688225e-09 2.113764e-02 5.896167e-09 5.837653e-09 5.753682e-09 5.753682e-09 5.688225e-09 5.743768e-09 5.707705e-09 5.688225e-09 5.684991e-09 5.681761e-09 5.678535e-09 5.707705e-09 5.684991e-09 5.678535e-09 5.681761e-09 0.000000e+00 New
7.173529e-09 8.968520e-09 5.800406e-09 5.793685e-09 6.406086e-09 5.730602e-09 5.740471e-09 5.871932e-09 6.578882e-09 5.688225e-09 7.250385e-03 5.896167e-09 5.837653e-09 5.753682e-09 5.753682e-09 5.688225e-09 5.743768e-09 5.707705e-09 5.688225e-09 5.684991e-09 5.681761e-09 5.678535e-09 5.707705e-09 5.684991e-09 5.678535e-09 5.681761e-09 0.000000e+00 Orleans
7.173529e-09 8.968520e-09 5.800406e-09 5.793685e-09 6.406086e-09 5.730602e-09 5.740471e-09 5.871932e-09 6.578882e-09 5.688225e-09 4.350231e-02 5.896167e-09 5.837653e-09 5.753682e-09 1.315777e-02 5.688225e-09 5.743768e-09 5.707705e-09 5.688225e-09 5.684991e-09 5.681761e-09 5.678535e-09 5.707705e-09 5.684991e-09 5.678535e-09 5.681761e-09 0.000000e+00 USA
7.173529e-09 8.968520e-09 5.800406e-09 5.793685e-09 6.406086e-09 5.730602e-09 5.886349e-02 5.871932e-09 6.578882e-09 5.688225e-09 5.998740e-09 5.896167e-09 5.837653e-09 5.753682e-09 5.753682e-09 5.688225e-09 5.743768e-09 5.707705e-09 5.688225e-09 5.684991e-09 5.681761e-09 5.678535e-09 5.707705e-09 5.684991e-09 5.678535e-09 5.681761e-09 0.000000e+00 September
7.173529e-09 5.845208e-04 7.909898e-02 5.793685e-09 1.281085e-03 5.730602e-09 5.740471e-09 5.871932e-09 6.578882e-09 5.688225e-09 5.998740e-09 5.896167e-09 5.837653e-09 5.753682e-09 5.753682e-09 5.688225e-09 5.743768e-09 5.707705e-09 5.688225e-09 5.684991e-09 5.681761e-09 5.678535e-09 5.707705e-09 5.684991e-09 5.678535e-09 5.681761e-09 0.000000e+00 2003
2.262383e-03 8.968520e-09 5.800406e-09 5.793685e-09 6.406086e-09 5.730602e-09 5.740471e-09 5.871932e-09 6.578882e-09 5.688225e-09 5.998740e-09 5.896167e-09 5.837653e-09 5.753682e-09 5.753682e-09 5.688225e-09 5.743768e-09 5.707705e-09 5.688225e-09 5.684991e-09 5.681761e-09 5.678535e-09 5.707705e-09 5.684991e-09 5.678535e-09 5.681761e-09 0.000000e+00 Eugene
3.770638e-03 8.968520e-09 5.800406e-09 5.793685e-09 6.406086e-09 5.730602e-09 5.740471e-09 5.871932e-09 6.578882e-09 5.688225e-09 5.998740e-09 5.896167e-09 5.837653e-09 5.753682e-09 5.753682e-09 5.688225e-09 5.743768e-09 5.707705e-09 5.688225e-09 5.684991e-09 5.681761e-09 5.678535e-09 5.707705e-09 5.684991e-09 5.678535e-09 5.681761e-09 0.000000e+00 Johnson
2.262383e-03 8.968520e-09 5.800406e-09 5.793685e-09 6.406086e-09 5.730602e-09 5.740471e-09 5.871932e-09 6.578882e-09 5.688225e-09 5.998740e-09 5.896167e-09 5.837653e-09 5.753682e-09 5.753682e-09 5.688225e-09 5.743768e-09 5.707705e-09 5.688225e-09 5.684991e-09 5.681761e-09 5.678535e-09 5.707705e-09 5.684991e-09 5.678535e-09 5.681761e-09 0.000000e+00 Mark
7.173529e-09 5.844468e-04 5.800406e-09 5.793685e-09 6.406086e-09 5.730602e-09 5.740471e-09 5.871932e-09 6.578882e-09 5.688225e-09 5.998740e-09 5.896167e-09 5.837653e-09 5.753682e-09 5.753682e-09 5.688225e-09 5.743768e-09 5.707705e-09 5.688225e-09 5.684991e-09 5.681761e-09 5.678535e-09 5.707705e-09 5.684991e-09 5.678535e-09 5.681761e-09 0.000000e+00 Coarse-to-Fine
7.173529e-09 5.844468e-04 5.800406e-09 5.793685e-09 6.406086e-09 5.730602e-09 5.740471e-09 5.871932e-09 6.578882e-09 5.688225e-09 5.998740e-09 5.896167e-09 5.837653e-09 5.753682e-09 5.753682e-09 5.688225e-09 5.743768e-09 5.707705e-09 5.688225e-09 5.684991e-09 5.681761e-09 5.678535e-09 5.707705e-09 5.684991e-09 5.678535e-09 5.681761e-09 0.000000e+00 n-Best
7.173529e-09 5.844468e-04 5.800406e-09 5.793685e-09 6.406086e-09 5.730602e-09 5.740471e-09 5.871932e-09 6.578882e-09 5.688225e-09 5.998740e-09 5.896167e-09 5.837653e-09 5.753682e-09 5.753682e-09 5.688225e-09 5.743768e-09 5.707705e-09 5.688225e-09 5.684991e-09 5.681761e-09 5.678535e-09 5.707705e-09 5.684991e-09 5.678535e-09 5.681761e-09 0.000000e+00 MaxEnt
7.173529e-09 1.168894e-03 5.800406e-09 5.793685e-09 6.406086e-09 5.730602e-09 5.740471e-09 5.871932e-09 6.578882e-09 5.688225e-09 5.998740e-09 5.896167e-09 5.837653e-09 5.753682e-09 5.753682e-09 5.688225e-09 5.743768e-09 5.707705e-09 5.688225e-09 5.684991e-09 5.681761e-09 5.678535e-09 5.707705e-09 5.684991e-09 5.678535e-09 5.681761e-09 0.000000e+00 Discriminative
7.173529e-09 1.168894e-03 5.800406e-09 5.793685e-09 6.406086e-09 5.730602e-09 5.740471e-09 5.871932e-09 6.578882e-09 5.688225e-09 5.998740e-09 5.896167e-09 5.837653e-09 5.753682e-09 5.753682e-09 5.688225e-09 5.743768e-09 5.707705e-09 5.688225e-09 5.684991e-09 5.681761e-09 5.678535e-09 5.707705e-09 5.684991e-09 5.678535e-09 5.681761e-09 0.000000e+00 Reranking
7.173529e-09 8.968520e-09 5.800406e-09 5.793685e-09 2.284130e-03 5.730602e-09 5.740471e-09 5.871932e-09 6.578882e-09 5.688225e-09 5.998740e-09 5.896167e-09 5.837653e-09 5.753682e-09 5.753682e-09 5.688225e-09 5.743768e-09 5.707705e-09 5.688225e-09 5.684991e-09 5.681761e-09 5.678535e-09 5.707705e-09 5.684991e-09 5.678535e-09 5.681761e-09 0.000000e+00 (ACL'05)
7.173529e-09 8.968520e-09 5.800406e-09 5.793685e-09 6.406086e-09 5.730602e-09 5.740471e-09 5.871932e-09 6.578882e-09 5.688225e-09 2.175116e-02 5.896167e-09 5.837653e-09 5.753682e-09 5.753682e-09 5.688225e-09 5.743768e-09 5.707705e-09 5.688225e-09 5.684991e-09 5.681761e-09 5.678535e-09 5.707705e-09 5.684991e-09 5.678535e-09 5.681761e-09 0.000000e+00 Ann
7.173529e-09 8.968520e-09 5.800406e-09 5.793685e-09 6.406086e-09 5.730602e-09 5.740471e-09 5.871932e-09 6.578882e-09 5.688225e-09 2.175116e-02 5.896167e-09 5.837653e-09 5.753682e-09 5.753682e-09 5.688225e-09 5.743768e-09 5.707705e-09 5.688225e-09 5.684991e-09 5.681761e-09 5.678535e-09 5.707705e-09 5.684991e-09 5.678535e-09 5.681761e-09 0.000000e+00 Arbor
7.173529e-09 8.968520e-09 5.800406e-09 5.793685e-09 6.406086e-09 5.730602e-09 5.740471e-09 5.871932e-09 6.578882e-09 5.688225e-09 2.175116e-02 5.896167e-09 5.837653e-09 5.753682e-09 5.753682e-09 5.688225e-09 5.743768e-09 5.707705e-09 5.688225e-09 5.684991e-09 5.681761e-09 5.678535e-09 5.707705e-09 5.684991e-09 5.678535e-09 5.681761e-09 0.000000e+00 Michigan
7.173529e-09 8.968520e-09 5.800406e-09 5.793685e-09 6.406086e-09 5.730602e-09 5.740471e-09 5.871932e-09 3.307013e-03 5.688225e-09 5.998740e-09 5.896167e-09 5.837653e-09 5.753682e-09 5.753682e-09 5.688225e-09 5.743768e-09 5.707705e-09 5.688225e-09 5.684991e-09 5.681761e-09 5.678535e-09 5.707705e-09 5.684991e-09 5.678535e-09 5.681761e-09 0.000000e+00 173
7.173529e-09 8.968520e-09 5.800406e-09 5.793685e-09 6.406086e-09 5.730602e-09 5.740471e-09 5.871932e-09 6.614026e-03 5.688225e-09 5.998740e-09 5.896167e-09 5.837653e-09 5.753682e-09 5.753682e-09 5.688225e-09 5.743768e-09 5.707705e-09 5.688225e-09 5.684991e-09 5.681761e-09 5.678535e-09 5.707705e-09 5.684991e-09 5.678535e-09 5.681761e-09 0.000000e+00 180
7.173529e-09 8.968520e-09 5.800406e-09 5.793685e-09 6.406086e-09 5.730602e-09 5.740471e-09 5.871932e-09 6.578882e-09 5.688225e-09 5.998740e-09 5.896167e-09 5.837653e-09 5.753682e-09 5.753682e-09 5.688225e-09 5.743768e-09 5.707705e-09 3.333300e-01 5.684991e-09 5.681761e-09 5.678535e-09 5.707705e-09 5.684991e-09 5.678535e-09 5.681761e-09 0.000000e+00 http://www.aclweb.org/anthology/P/P05/P
7.173529e-09 8.968520e-09 5.800406e-09 5.793685e-09 6.406086e-09 5.730602e-09 5.740471e-09 5.871932e-09 6.578882e-09 5.688225e-09 5.998740e-09 5.896167e-09 5.837653e-09 5.753682e-09 5.753682e-09 5.688225e-09 5.743768e-09 5.707705e-09 3.333300e-01 5.684991e-09 5.681761e-09 5.678535e-09 5.707705e-09 5.684991e-09 5.678535e-09 5.681761e-09 0.000000e+00 05
7.173529e-09 8.968520e-09 5.800406e-09 5.793685e-09 6.406086e-09 5.730602e-09 5.740471e-09 5.871932e-09 6.578882e-09 5.688225e-09 5.998740e-09 5.896167e-09 5.837653e-09 5.753682e-09 5.753682e-09 5.688225e-09 5.743768e-09 5.707705e-09 1.666650e-01 5.684991e-09 5.681761e-09 5.678535e-09 5.707705e-09 5.684991e-09 5.678535e-09 5.681761e-09 0.000000e+00 1022
7.173529e-09 5.844468e-04 5.800406e-09 5.793685e-09 6.406086e-09 5.730602e-09 5.740471e-09 5.871932e-09 6.578882e-09 5.688225e-09 5.998740e-09 5.896167e-09 5.837653e-09 5.753682e-09 5.753682e-09 5.688225e-09 5.743768e-09 5.707705e-09 5.688225e-09 5.684991e-09 5.681761e-09 5.678535e-09 5.707705e-09 5.684991e-09 5.678535e-09 5.681761e-09 0.000000e+00 Tree-bank
7.173529e-09 8.968520e-09 5.800406e-09 5.793685e-09 6.406086e-09 5.730602e-09 5.740471e-09 5.871932e-09 6.578882e-09 5.688225e-09 5.998740e-09 5.896167e-09 5.837653e-09 5.753682e-09 1.315777e-02 5.688225e-09 5.743768e-09 5.707705e-09 5.688225e-09 5.684991e-09 5.681761e-09 5.678535e-09 5.707705e-09 5.684991e-09 5.678535e-09 5.681761e-09 0.000000e+00 Departament
7.173529e-09 8.968520e-09 5.800406e-09 5.281008e-11 6.406086e-09 5.730602e-09 5.740471e-09 5.871932e-09 6.578882e-09 5.688225e-09 5.998740e-09 9.435884e-03 5.837653e-09 5.753682e-09 2.631554e-02 5.688225e-09 5.743768e-09 3.999960e-02 5.688225e-09 5.684991e-09 5.681761e-09 5.678535e-09 1.621605e-01 5.684991e-09 5.678535e-09 5.681761e-09 0.000000e+00 Science
7.173529e-09 8.968520e-09 5.800406e-09 5.793685e-09 6.406086e-09 5.730602e-09 5.740471e-09 5.871932e-09 6.578882e-09 5.688225e-09 5.998740e-09 5.896167e-09 5.837653e-09 5.753682e-09 5.753682e-09 5.688225e-09 5.743768e-09 5.707705e-09 5.688225e-09 3.333300e-01 5.681761e-09 5.678535e-09 5.707705e-09 5.684991e-09 5.678535e-09 5.681761e-09 0.000000e+00 CS-
7.173529e-09 8.968520e-09 5.800406e-09 5.793685e-09 6.406086e-09 5.730602e-09 5.740471e-09 5.871932e-09 6.578882e-09 5.688225e-09 5.998740e-09 5.896167e-09 5.837653e-09 5.753682e-09 5.753682e-09 5.688225e-09 5.743768e-09 5.707705e-09 5.688225e-09 3.333300e-01 5.681761e-09 5.678535e-09 5.707705e-09 5.684991e-09 5.678535e-09 5.681761e-09 0.000000e+00 96
7.173529e-09 8.968520e-09 5.800406e-09 5.793685e-09 6.406086e-09 5.730602e-09 5.740471e-09 5.871932e-09 6.578882e-09 5.688225e-09 5.998740e-09 5.896167e-09 5.837653e-09 5.753682e-09 5.753682e-09 5.688225e-09 5.743768e-09 5.707705e-09 5.688225e-09 3.333300e-01 5.681761e-09 5.678535e-09 5.707705e-09 5.684991e-09 5.678535e-09 5.681761e-09 0.000000e+00 02
7.173529e-09 8.968520e-09 5.800406e-09 5.793685e-09 6.406086e-09 5.730602e-09 5.740471e-09 5.871932e-09 6.578882e-09 5.688225e-09 7.250385e-03 5.896167e-09 5.837653e-09 5.753682e-09 5.753682e-09 5.688225e-09 5.743768e-09 5.707705e-09 5.688225e-09 5.684991e-09 5.681761e-09 5.678535e-09 5.707705e-09 5.684991e-09 5.678535e-09 5.681761e-09 0.000000e+00 Providence
7.173529e-09 8.968520e-09 5.800406e-09 5.793685e-09 6.406086e-09 5.730602e-09 5.740471e-09 5.871932e-09 6.578882e-09 5.688225e-09 7.250385e-03 5.896167e-09 5.837653e-09 5.753682e-09 5.753682e-09 5.688225e-09 5.743768e-09 5.707705e-09 5.688225e-09 5.684991e-09 5.681761e-09 5.678535e-09 5.707705e-09 5.684991e-09 5.678535e-09 5.681761e-09 0.000000e+00 Rhode
7.173529e-09 8.968520e-09 5.800406e-09 5.793685e-09 6.406086e-09 5.730602e-09 5.740471e-09 5.871932e-09 6.578882e-09 5.688225e-09 7.250385e-03 5.896167e-09 5.837653e-09 5.753682e-09 5.753682e-09 5.688225e-09 5.743768e-09 5.707705e-09 5.688225e-09 5.684991e-09 5.681761e-09 5.678535e-09 5.707705e-09 5.684991e-09 5.678535e-09 5.681761e-09 0.000000e+00 Island
7.173529e-09 8.968520e-09 5.800406e-09 5.793685e-09 6.406086e-09 5.730602e-09 4.414762e-02 5.871932e-09 6.578882e-09 5.688225e-09 5.998740e-09 5.896167e-09 5.837653e-09 5.753682e-09 5.753682e-09 5.688225e-09 5.743768e-09 5.707705e-09 5.688225e-09 5.684991e-09 5.681761e-09 5.678535e-09 5.707705e-09 5.684991e-09 5.678535e-09 5.681761e-09 0.000000e+00 January
7.541275e-04 8.968520e-09 5.800406e-09 5.793685e-09 6.406086e-09 5.730602e-09 5.740471e-09 5.871932e-09 6.578882e-09 5.688225e-09 5.998740e-09 5.896167e-09 5.837653e-09 5.753682e-09 5.753682e-09 5.688225e-09 5.743768e-09 5.707705e-09 5.688225e-09 5.684991e-09 5.681761e-09 5.678535e-09 5.707705e-09 5.684991e-09 5.678535e-09 5.681761e-09 0.000000e+00 Sharon
7.541275e-04 8.968520e-09 5.800406e-09 5.793685e-09 6.406086e-09 5.730602e-09 5.740471e-09 5.871932e-09 6.578882e-09 5.688225e-09 5.998740e-09 5.896167e-09 5.837653e-09 5.753682e-09 5.753682e-09 5.688225e-09 5.743768e-09 5.707705e-09 5.688225e-09 5.684991e-09 5.681761e-09 5.678535e-09 5.707705e-09 5.684991e-09 5.678535e-09 5.681761e-09 0.000000e+00 Goldwater
7.173529e-09 5.844468e-04 5.800406e-09 5.793685e-09 6.406086e-09 5.730602e-09 5.740471e-09 5.871932e-09 6.578882e-09 5.688225e-09 5.998740e-09 5.896167e-09 5.837653e-09 5.753682e-09 5.753682e-09 5.688225e-09 5.743768e-09 5.707705e-09 5.688225e-09 5.684991e-09 5.681761e-09 5.678535e-09 5.707705e-09 5.684991e-09 5.678535e-09 5.681761e-09 0.000000e+00 Edge-Based
7.173529e-09 5.844468e-04 5.800406e-09 5.793685e-09 6.406086e-09 5.730602e-09 5.740471e-09 5.871932e-09 6.578882e-09 5.688225e-09 5.998740e-09 5.896167e-09 5.837653e-09 5.753682e-09 5.753682e-09 5.688225e-09 5.743768e-09 5.707705e-09 5.688225e-09 5.684991e-09 5.681761e-09 5.678535e-09 5.707705e-09 5.684991e-09 5.678535e-09 5.681761e-09 0.000000e+00 Best-First
7.173529e-09 5.844468e-04 5.800406e-09 5.793685e-09 6.406086e-09 5.730602e-09 5.740471e-09 5.871932e-09 6.578882e-09 5.688225e-09 5.998740e-09 5.896167e-09 5.837653e-09 5.753682e-09 5.753682e-09 5.688225e-09 5.743768e-09 5.707705e-09 5.688225e-09 5.684991e-09 5.681761e-09 5.678535e-09 5.707705e-09 5.684991e-09 5.678535e-09 5.681761e-09 0.000000e+00 Chart
7.173529e-09 8.968520e-09 5.800406e-09 5.793685e-09 1.142065e-03 5.730602e-09 5.740471e-09 5.871932e-09 6.578882e-09 5.688225e-09 5.998740e-09 5.896167e-09 5.837653e-09 5.753682e-09 5.753682e-09 5.688225e-09 5.743768e-09 5.707705e-09 5.688225e-09 5.684991e-09 5.681761e-09 5.678535e-09 5.707705e-09 5.684991e-09 5.678535e-09 5.681761e-09 0.000000e+00 Sixth
7.173529e-09 1.106849e-03 5.800406e-09 5.793685e-09 1.611015e-02 5.730602e-09 5.740471e-09 5.871932e-09 6.578882e-09 5.688225e-09 5.998740e-09 5.896167e-09 5.837653e-09 5.753682e-09 5.753682e-09 5.688225e-09 5.743768e-09 5.707705e-09 5.688225e-09 5.684991e-09 5.681761e-09 5.678535e-09 5.707705e-09 5.684991e-09 5.678535e-09 5.681761e-09 0.000000e+00 Workshop
7.173529e-09 8.968520e-09 5.800406e-09 5.793685e-09 1.142065e-03 5.730602e-09 5.740471e-09 5.871932e-09 6.578882e-09 5.688225e-09 5.998740e-09 5.896167e-09 5.837653e-09 5.753682e-09 5.753682e-09 5.688225e-09 5.743768e-09 5.707705e-09 5.688225e-09 5.684991e-09 5.681761e-09 5.678535e-09 5.707705e-09 5.684991e-09 5.678535e-09 5.681761e-09 0.000000e+00 Very
7.173529e-09 8.968520e-09 5.800406e-09 5.793685e-09 6.406086e-09 5.730602e-09 5.740471e-09 5.871932e-09 6.614026e-03 5.688225e-09 5.998740e-09 5.896167e-09 5.837653e-09 5.753682e-09 5.753682e-09 5.688225e-09 5.743768e-09 5.707705e-09 5.688225e-09 5.684991e-09 5.681761e-09 5.678535e-09 5.707705e-09 5.684991e-09 5.678535e-09 5.681761e-09 0.000000e+00 127
7.173529e-09 8.968520e-09 5.800406e-09 5.793685e-09 6.406086e-09 5.730602e-09 5.740471e-09 5.871932e-09 9.921039e-03 5.688225e-09 5.998740e-09 5.896167e-09 5.837653e-09 5.753682e-09 5.753682e-09 5.688225e-09 5.743768e-09 5.707705e-09 5.688225e-09 5.684991e-09 5.681761e-09 5.678535e-09 5.707705e-09 5.684991e-09 5.678535e-09 5.681761e-09 0.000000e+00 133
1.508255e-03 8.968520e-09 5.800406e-09 5.793685e-09 6.406086e-09 5.730602e-09 5.740471e-09 5.871932e-09 6.578882e-09 5.688225e-09 5.998740e-09 5.896167e-09 5.837653e-09 5.753682e-09 5.753682e-09 5.688225e-09 5.743768e-09 5.707705e-09 5.688225e-09 5.684991e-09 5.681761e-09 5.678535e-09 5.707705e-09 5.684991e-09 5.678535e-09 5.681761e-09 0.000000e+00 Chaudhuri
7.541275e-04 8.968520e-09 5.800406e-09 5.793685e-09 6.406086e-09 5.730602e-09 5.740471e-09 5.871932e-09 6.578882e-09 5.688225e-09 5.998740e-09 5.896167e-09 5.837653e-09 5.753682e-09 5.753682e-09 5.688225e-09 5.743768e-09 5.707705e-09 5.688225e-09 5.684991e-09 5.681761e-09 5.678535e-09 5.707705e-09 5.684991e-09 5.678535e-09 5.681761e-09 0.000000e+00 Pham
7.541275e-04 8.968520e-09 5.800406e-09 5.793685e-09 6.406086e-09 5.730602e-09 5.740471e-09 5.871932e-09 6.578882e-09 5.688225e-09 5.998740e-09 5.896167e-09 5.837653e-09 5.753682e-09 5.753682e-09 5.688225e-09 5.743768e-09 5.707705e-09 5.688225e-09 5.684991e-09 5.681761e-09 5.678535e-09 5.707705e-09 5.684991e-09 5.678535e-09 5.681761e-09 0.000000e+00 O.N.
7.541275e-04 8.968520e-09 5.800406e-09 5.793685e-09 6.406086e-09 5.730602e-09 5.740471e-09 5.871932e-09 6.578882e-09 5.688225e-09 5.998740e-09 5.896167e-09 5.837653e-09 5.753682e-09 5.753682e-09 5.688225e-09 5.743768e-09 5.707705e-09 5.688225e-09 5.684991e-09 5.681761e-09 5.678535e-09 5.707705e-09 5.684991e-09 5.678535e-09 5.681761e-09 0.000000e+00 Garcia
7.173529e-09 5.844468e-04 5.800406e-09 5.793685e-09 6.406086e-09 5.730602e-09 5.740471e-09 5.871932e-09 6.578882e-09 5.688225e-09 5.998740e-09 5.896167e-09 5.837653e-09 5.753682e-09 5.753682e-09 5.688225e-09 5.743768e-09 5.707705e-09 5.688225e-09 5.684991e-09 5.681761e-09 5.678535e-09 5.707705e-09 5.684991e-09 5.678535e-09 5.681761e-09 0.000000e+00 Solution
7.173529e-09 1.168894e-03 5.800406e-09 5.793685e-09 6.406086e-09 5.730602e-09 5.740471e-09 5.871932e-09 6.578882e-09 5.688225e-09 5.998740e-09 5.896167e-09 5.837653e-09 5.753682e-09 5.753682e-09 5.688225e-09 5.743768e-09 5.707705e-09 5.688225e-09 5.684991e-09 5.681761e-09 5.678535e-09 5.707705e-09 5.684991e-09 5.678535e-09 5.681761e-09 0.000000e+00 Open
7.173529e-09 8.968520e-09 5.800406e-09 5.793685e-09 6.406086e-09 5.730602e-09 5.886349e-02 5.871932e-09 6.578882e-09 5.688225e-09 5.998740e-09 5.896167e-09 5.837653e-09 5.753682e-09 5.753682e-09 5.688225e-09 5.743768e-09 5.707705e-09 5.688225e-09 5.684991e-09 5.681761e-09 5.678535e-09 5.707705e-09 5.684991e-09 5.678535e-09 5.681761e-09 0.000000e+00 August
7.173529e-09 8.968520e-09 5.800406e-09 5.793685e-09 6.406086e-09 5.730602e-09 5.740471e-09 5.871932e-09 6.578882e-09 5.688225e-09 5.998740e-09 5.896167e-09 1.411305e-02 5.753682e-09 5.753682e-09 5.688225e-09 5.743768e-09 5.707705e-09 5.688225e-09 5.684991e-09 5.681761e-09 5.678535e-09 5.707705e-09 5.684991e-09 5.678535e-09 5.681761e-09 0.000000e+00 C-32
7.173529e-09 8.968520e-09 5.800406e-09 5.793685e-09 6.406086e-09 5.730602e-09 5.740471e-09 5.871932e-09 3.307013e-03 5.688225e-09 5.998740e-09 5.896167e-09 5.837653e-09 5.753682e-09 5.753682e-09 5.688225e-09 5.743768e-09 5.707705e-09 5.688225e-09 5.684991e-09 5.681761e-09 5.678535e-09 5.707705e-09 5.684991e-09 5.678535e-09 5.681761e-09 0.000000e+00 748
7.173529e-09 8.968520e-09 5.800406e-09 5.793685e-09 6.406086e-09 5.730602e-09 5.740471e-09 5.871932e-09 3.307013e-03 5.688225e-09 5.998740e-09 5.896167e-09 5.837653e-09 5.753682e-09 5.753682e-09 5.688225e-09 5.743768e-09 5.707705e-09 5.688225e-09 5.684991e-09 5.681761e-09 5.678535e-09 5.707705e-09 5.684991e-09 5.678535e-09 5.681761e-09 0.000000e+00 750
7.541275e-04 8.968520e-09 5.800406e-09 5.793685e-09 6.406086e-09 5.730602e-09 5.740471e-09 5.871932e-09 6.578882e-09 5.688225e-09 5.998740e-09 5.896167e-09 5.837653e-09 5.753682e-09 5.753682e-09 5.688225e-09 5.743768e-09 5.707705e-09 5.688225e-09 5.684991e-09 5.681761e-09 5.678535e-09 5.707705e-09 5.684991e-09 5.678535e-09 5.681761e-09 0.000000e+00 A.N.V.
7.541275e-04 8.968520e-09 5.800406e-09 5.793685e-09 6.406086e-09 5.730602e-09 5.740471e-09 5.871932e-09 6.578882e-09 5.688225e-09 5.998740e-09 5.896167e-09 5.837653e-09 5.753682e-09 5.753682e-09 5.688225e-09 5.743768e-09 5.707705e-09 5.688225e-09 5.684991e-09 5.681761e-09 5.678535e-09 5.707705e-09 5.684991e-09 5.678535e-09 5.681761e-09 0.000000e+00 Rao
7.173529e-09 2.922234e-03 5.800406e-09 5.793685e-09 6.406086e-09 5.730602e-09 5.740471e-09 5.871932e-09 6.578882e-09 5.688225e-09 5.998740e-09 5.896167e-09 5.837653e-09 5.753682e-09 5.753682e-09 5.688225e-09 5.743768e-09 5.707705e-09 5.688225e-09 5.684991e-09 5.681761e-09 5.678535e-09 5.707705e-09 5.684991e-09 5.678535e-09 5.681761e-09 0.000000e+00 On
7.173529e-09 5.844468e-04 5.800406e-09 5.793685e-09 6.406086e-09 5.730602e-09 5.740471e-09 5.871932e-09 6.578882e-09 5.688225e-09 5.998740e-09 5.896167e-09 5.837653e-09 5.753682e-09 5.753682e-09 5.688225e-09 5.743768e-09 5.707705e-09 5.688225e-09 5.684991e-09 5.681761e-09 5.678535e-09 5.707705e-09 5.684991e-09 5.678535e-09 5.681761e-09 0.000000e+00 Property
7.173529e-09 8.968520e-09 5.800406e-09 5.793685e-09 6.406086e-09 5.730602e-09 5.740471e-09 5.871932e-09 6.578882e-09 5.688225e-09 5.998740e-09 2.201706e-02 5.837653e-09 5.753682e-09 5.753682e-09 5.688225e-09 5.743768e-09 5.707705e-09 5.688225e-09 5.684991e-09 5.681761e-09 5.678535e-09 5.707705e-09 5.684991e-09 5.678535e-09 5.681761e-09 0.000000e+00 Journal
7.173529e-09 8.968520e-09 5.800406e-09 5.793685e-09 6.406086e-09 5.730602e-09 5.740471e-09 5.871932e-09 6.578882e-09 5.688225e-09 5.998740e-09 3.145295e-03 5.837653e-09 5.753682e-09 5.753682e-09 5.688225e-09 5.743768e-09 5.707705e-09 5.688225e-09 5.684991e-09 5.681761e-09 5.678535e-09 5.707705e-09 5.684991e-09 5.678535e-09 5.681761e-09 0.000000e+00 Mathematical
7.173529e-09 8.968520e-09 5.800406e-09 5.793685e-09 6.406086e-09 5.730602e-09 5.740471e-09 5.871932e-09 6.614026e-03 5.688225e-09 5.998740e-09 5.896167e-09 5.837653e-09 5.753682e-09 5.753682e-09 5.688225e-09 5.743768e-09 5.707705e-09 5.688225e-09 5.684991e-09 5.681761e-09 5.678535e-09 5.707705e-09 5.684991e-09 5.678535e-09 5.681761e-09 0.000000e+00 403
7.173529e-09 8.968520e-09 5.800406e-09 5.793685e-09 6.406086e-09 5.730602e-09 5.740471e-09 5.871932e-09 3.307013e-03 5.688225e-09 5.998740e-09 5.896167e-09 5.837653e-09 5.753682e-09 5.753682e-09 5.688225e-09 5.743768e-09 5.707705e-09 5.688225e-09 5.684991e-09 5.681761e-09 5.678535e-09 5.707705e-09 5.684991e-09 5.678535e-09 5.681761e-09 0.000000e+00 406
1.508255e-03 8.968520e-09 5.800406e-09 5.793685e-09 6.406086e-09 5.730602e-09 5.740471e-09 5.871932e-09 6.578882e-09 5.688225e-09 5.998740e-09 5.896167e-09 5.837653e-09 5.753682e-09 5.753682e-09 5.688225e-09 5.743768e-09 5.707705e-09 5.688225e-09 5.684991e-09 5.681761e-09 5.678535e-09 5.707705e-09 5.684991e-09 5.678535e-09 5.681761e-09 0.000000e+00 Chelba
7.173529e-09 1.168894e-03 5.800406e-09 5.793685e-09 6.406086e-09 5.730602e-09 5.740471e-09 5.871932e-09 6.578882e-09 5.688225e-09 5.998740e-09 5.896167e-09 5.837653e-09 5.753682e-09 5.753682e-09 5.688225e-09 5.743768e-09 5.707705e-09 5.688225e-09 5.684991e-09 5.681761e-09 5.678535e-09 5.707705e-09 5.684991e-09 5.678535e-09 5.681761e-09 0.000000e+00 Structured
7.173529e-09 8.968520e-09 5.800406e-09 5.793685e-09 6.406086e-09 5.730602e-09 5.740471e-09 5.871932e-09 6.578882e-09 5.688225e-09 5.998740e-09 5.896167e-09 2.562159e-07 2.360547e-02 5.753682e-09 5.688225e-09 5.743768e-09 5.707705e-09 5.688225e-09 5.684991e-09 5.681761e-09 5.678535e-09 5.707705e-09 5.684991e-09 5.678535e-09 5.681761e-09 0.000000e+00 14
7.173529e-09 8.968520e-09 5.800406e-09 5.793685e-09 6.406086e-09 5.730602e-09 5.740471e-09 5.871932e-09 3.307013e-03 5.688225e-09 5.998740e-09 5.896167e-09 5.837653e-09 5.753682e-09 5.753682e-09 5.688225e-09 5.743768e-09 5.707705e-09 5.688225e-09 5.684991e-09 5.681761e-09 5.678535e-09 5.707705e-09 5.684991e-09 5.678535e-09 5.681761e-09 0.000000e+00 283
7.173529e-09 8.968520e-09 5.800406e-09 5.793685e-09 6.406086e-09 5.730602e-09 5.740471e-09 5.871932e-09 3.307013e-03 5.688225e-09 5.998740e-09 5.896167e-09 5.837653e-09 5.753682e-09 5.753682e-09 5.688225e-09 5.743768e-09 5.707705e-09 5.688225e-09 5.684991e-09 5.681761e-09 5.678535e-09 5.707705e-09 5.684991e-09 5.678535e-09 5.681761e-09 0.000000e+00 332
7.173529e-09 5.844468e-04 5.800406e-09 5.793685e-09 6.406086e-09 5.730602e-09 5.740471e-09 5.871932e-09 6.578882e-09 5.688225e-09 5.998740e-09 5.896167e-09 5.837653e-09 5.753682e-09 5.753682e-09 5.688225e-09 5.743768e-09 5.707705e-09 5.688225e-09 5.684991e-09 5.681761e-09 5.678535e-09 5.707705e-09 5.684991e-09 5.678535e-09 5.681761e-09 0.000000e+00 Exploiting
7.173529e-09 2.337787e-03 5.800406e-09 5.793685e-09 6.406086e-09 5.730602e-09 5.740471e-09 5.871932e-09 6.578882e-09 5.688225e-09 5.998740e-09 5.896167e-09 5.837653e-09 5.753682e-09 5.753682e-09 5.688225e-09 5.743768e-09 5.707705e-09 5.688225e-09 5.684991e-09 5.681761e-09 5.678535e-09 5.707705e-09 5.684991e-09 5.678535e-09 5.681761e-09 0.000000e+00 Syntactic
7.173529e-09 5.844468e-04 5.800406e-09 5.793685e-09 6.406086e-09 5.730602e-09 5.740471e-09 5.871932e-09 6.578882e-09 5.688225e-09 5.998740e-09 5.896167e-09 5.837653e-09 5.753682e-09 5.753682e-09 5.688225e-09 5.743768e-09 5.707705e-09 5.688225e-09 5.684991e-09 5.681761e-09 5.678535e-09 5.707705e-09 5.684991e-09 5.678535e-09 5.681761e-09 0.000000e+00 Structure
7.173529e-09 8.968520e-09 5.800406e-09 5.793685e-09 6.406086e-09 5.730602e-09 5.740471e-09 5.871932e-09 6.614026e-03 5.688225e-09 5.998740e-09 5.896167e-09 5.837653e-09 5.753682e-09 5.753682e-09 5.688225e-09 5.743768e-09 5.707705e-09 5.688225e-09 5.684991e-09 5.681761e-09 5.678535e-09 5.707705e-09 5.684991e-09 5.678535e-09 5.681761e-09 0.000000e+00 231
7.173529e-09 8.968520e-09 5.800406e-09 5.793685e-09 6.406086e-09 5.730602e-09 5.740471e-09 5.871932e-09 6.578882e-09 5.688225e-09 7.250385e-03 5.896167e-09 5.837653e-09 5.753682e-09 5.753682e-09 5.688225e-09 5.743768e-09 5.707705e-09 5.688225e-09 5.684991e-09 5.681761e-09 5.678535e-09 5.707705e-09 5.684991e-09 5.678535e-09 5.681761e-09 0.000000e+00 Montreal
7.173529e-09 8.968520e-09 5.800406e-09 5.793685e-09 6.406086e-09 5.730602e-09 5.740471e-09 5.871932e-09 6.578882e-09 5.688225e-09 7.250385e-03 5.896167e-09 5.837653e-09 5.753682e-09 5.753682e-09 5.688225e-09 5.743768e-09 5.707705e-09 5.688225e-09 5.684991e-09 5.681761e-09 5.678535e-09 5.707705e-09 5.684991e-09 5.678535e-09 5.681761e-09 0.000000e+00 Canada
7.541275e-04 8.968520e-09 5.800406e-09 5.793685e-09 6.406086e-09 5.730602e-09 5.740471e-09 5.871932e-09 6.578882e-09 5.688225e-09 5.998740e-09 5.896167e-09 5.837653e-09 5.753682e-09 5.753682e-09 5.688225e-09 5.743768e-09 5.707705e-09 5.688225e-09 5.684991e-09 5.681761e-09 5.678535e-09 5.707705e-09 5.684991e-09 5.678535e-09 5.681761e-09 0.000000e+00 S.F.
7.541275e-04 8.968520e-09 5.800406e-09 5.793685e-09 6.406086e-09 5.730602e-09 5.740471e-09 5.871932e-09 6.578882e-09 5.688225e-09 5.998740e-09 5.896167e-09 5.837653e-09 5.753682e-09 5.753682e-09 5.688225e-09 5.743768e-09 5.707705e-09 5.688225e-09 5.684991e-09 5.681761e-09 5.678535e-09 5.707705e-09 5.684991e-09 5.678535e-09 5.681761e-09 0.000000e+00 Chen
7.173529e-09 1.168894e-03 5.800406e-09 5.793685e-09 6.406086e-09 5.730602e-09 5.740471e-09 5.871932e-09 6.578882e-09 5.688225e-09 5.998740e-09 5.896167e-09 5.837653e-09 5.753682e-09 5.753682e-09 5.688225e-09 5.743768e-09 5.707705e-09 5.688225e-09 5.684991e-09 5.681761e-09 5.678535e-09 5.707705e-09 5.684991e-09 5.678535e-09 5.681761e-09 0.000000e+00 Building
7.173529e-09 8.968520e-09 5.800406e-09 5.793685e-09 6.406086e-09 5.730602e-09 5.740471e-09 5.871932e-09 6.578882e-09 5.688225e-09 5.998740e-09 5.896167e-09 5.837653e-09 5.753682e-09 5.753682e-09 5.688225e-09 3.131487e-02 5.707705e-09 5.688225e-09 5.684991e-09 5.681761e-09 5.678535e-09 5.707705e-09 5.684991e-09 5.678535e-09 5.681761e-09 0.000000e+00 Harvard
1.508255e-03 8.968520e-09 5.800406e-09 5.793685e-09 6.406086e-09 5.730602e-09 5.740471e-09 5.871932e-09 6.578882e-09 5.688225e-09 5.998740e-09 5.896167e-09 5.837653e-09 5.753682e-09 5.753682e-09 5.688225e-09 5.743768e-09 5.707705e-09 5.688225e-09 5.684991e-09 5.681761e-09 5.678535e-09 5.707705e-09 5.684991e-09 5.678535e-09 5.681761e-09 0.000000e+00 Z.
1.508255e-03 8.968520e-09 5.800406e-09 5.793685e-09 6.406086e-09 5.730602e-09 5.740471e-09 5.871932e-09 6.578882e-09 5.688225e-09 5.998740e-09 5.896167e-09 5.837653e-09 5.753682e-09 5.753682e-09 5.688225e-09 5.743768e-09 5.707705e-09 5.688225e-09 5.684991e-09 5.681761e-09 5.678535e-09 5.707705e-09 5.684991e-09 5.678535e-09 5.681761e-09 0.000000e+00 Chi
7.541275e-04 8.968520e-09 5.800406e-09 5.793685e-09 6.406086e-09 5.730602e-09 5.740471e-09 5.871932e-09 6.578882e-09 5.688225e-09 5.998740e-09 5.896167e-09 5.837653e-09 5.753682e-09 5.753682e-09 5.688225e-09 5.743768e-09 5.707705e-09 5.688225e-09 5.684991e-09 5.681761e-09 5.678535e-09 5.707705e-09 5.684991e-09 5.678535e-09 5.681761e-09 0.000000e+00 Geman
7.173529e-09 8.968520e-09 5.800406e-09 5.793685e-09 6.406086e-09 5.730602e-09 5.740471e-09 5.871932e-09 6.578882e-09 5.688225e-09 5.998740e-09 5.896167e-09 2.822610e-02 5.753682e-09 5.753682e-09 5.688225e-09 5.743768e-09 5.707705e-09 5.688225e-09 5.684991e-09 5.681761e-09 5.678535e-09 5.707705e-09 5.684991e-09 5.678535e-09 5.681761e-09 0.000000e+00 24
7.173529e-09 8.968520e-09 5.800406e-09 5.793685e-09 6.406086e-09 5.730602e-09 5.740471e-09 5.871932e-09 3.307013e-03 5.688225e-09 5.998740e-09 5.896167e-09 5.837653e-09 5.753682e-09 5.753682e-09 5.688225e-09 5.743768e-09 5.707705e-09 5.688225e-09 5.684991e-09 5.681761e-09 5.678535e-09 5.707705e-09 5.684991e-09 5.678535e-09 5.681761e-09 0.000000e+00 299
7.173529e-09 8.968520e-09 5.800406e-09 5.793685e-09 6.406086e-09 5.730602e-09 5.740471e-09 5.871932e-09 3.307013e-03 5.688225e-09 5.998740e-09 5.896167e-09 5.837653e-09 5.753682e-09 5.753682e-09 5.688225e-09 5.743768e-09 5.707705e-09 5.688225e-09 5.684991e-09 5.681761e-09 5.678535e-09 5.707705e-09 5.684991e-09 5.678535e-09 5.681761e-09 0.000000e+00 306
7.173529e-09 1.168894e-03 5.800406e-09 5.793685e-09 6.406086e-09 5.730602e-09 5.740471e-09 5.871932e-09 6.578882e-09 5.688225e-09 5.998740e-09 5.896167e-09 5.837653e-09 5.753682e-09 5.753682e-09 5.688225e-09 5.743768e-09 5.707705e-09 5.688225e-09 5.684991e-09 5.681761e-09 5.678535e-09 5.707705e-09 5.684991e-09 5.678535e-09 5.681761e-09 0.000000e+00 Properties
7.173529e-09 8.968520e-09 5.800406e-09 5.793685e-09 6.406086e-09 5.730602e-09 5.740471e-09 5.871932e-09 6.578882e-09 5.688225e-09 5.998740e-09 5.896167e-09 1.411305e-02 5.753682e-09 5.753682e-09 5.688225e-09 5.743768e-09 5.707705e-09 5.688225e-09 5.684991e-09 5.681761e-09 5.678535e-09 5.707705e-09 5.684991e-09 5.678535e-09 5.681761e-09 0.000000e+00 25
7.173529e-09 8.968520e-09 5.800406e-09 5.793685e-09 6.406086e-09 5.730602e-09 5.740471e-09 5.871932e-09 3.307013e-03 5.688225e-09 5.998740e-09 5.896167e-09 5.837653e-09 5.753682e-09 5.753682e-09 5.688225e-09 5.743768e-09 5.707705e-09 5.688225e-09 5.684991e-09 5.681761e-09 5.678535e-09 5.707705e-09 5.684991e-09 5.678535e-09 5.681761e-09 0.000000e+00 131
7.173529e-09 8.968520e-09 5.800406e-09 5.793685e-09 6.406086e-09 5.730602e-09 5.740471e-09 5.871932e-09 6.614026e-03 5.688225e-09 5.998740e-09 5.896167e-09 5.837653e-09 5.753682e-09 5.753682e-09 5.688225e-09 5.743768e-09 5.707705e-09 5.688225e-09 5.684991e-09 5.681761e-09 5.678535e-09 5.707705e-09 5.684991e-09 5.678535e-09 5.681761e-09 0.000000e+00 160
1.508255e-03 8.968520e-09 5.800406e-09 5.793685e-09 6.406086e-09 5.730602e-09 5.740471e-09 5.871932e-09 6.578882e-09 5.688225e-09 5.998740e-09 5.896167e-09 5.837653e-09 5.753682e-09 5.753682e-09 5.688225e-09 5.743768e-09 5.707705e-09 5.688225e-09 5.684991e-09 5.681761e-09 5.678535e-09 5.707705e-09 5.684991e-09 5.678535e-09 5.681761e-09 0.000000e+00 Chiang
1.508255e-03 8.968520e-09 5.800406e-09 5.793685e-09 6.406086e-09 5.730602e-09 5.740471e-09 5.871932e-09 6.578882e-09 5.688225e-09 5.998740e-09 5.896167e-09 5.837653e-09 5.753682e-09 5.753682e-09 5.688225e-09 5.743768e-09 5.707705e-09 5.688225e-09 5.684991e-09 5.681761e-09 5.678535e-09 5.707705e-09 5.684991e-09 5.678535e-09 5.681761e-09 0.000000e+00 David
7.173529e-09 1.168894e-03 5.800406e-09 5.793685e-09 6.406086e-09 5.730602e-09 5.740471e-09 5.871932e-09 6.578882e-09 5.688225e-09 5.998740e-09 5.896167e-09 5.837653e-09 5.753682e-09 5.753682e-09 5.688225e-09 5.743768e-09 5.707705e-09 5.688225e-09 5.684991e-09 5.681761e-09 5.678535e-09 5.707705e-09 5.684991e-09 5.678535e-09 5.681761e-09 0.000000e+00 Hierarchical
7.173529e-09 8.968520e-09 5.800406e-09 5.793685e-09 6.406086e-09 5.730602e-09 5.740471e-09 5.871932e-09 3.307013e-03 5.688225e-09 5.998740e-09 5.896167e-09 5.837653e-09 5.753682e-09 5.753682e-09 5.688225e-09 5.743768e-09 5.707705e-09 5.688225e-09 5.684991e-09 5.681761e-09 5.678535e-09 5.707705e-09 5.684991e-09 5.678535e-09 5.681761e-09 0.000000e+00 270
7.173529e-09 8.968520e-09 5.800406e-09 5.793685e-09 6.406086e-09 5.730602e-09 5.740471e-09 5.871932e-09 6.578882e-09 5.688225e-09 5.998740e-09 5.896167e-09 5.837653e-09 5.753682e-09 5.753682e-09 5.688225e-09 5.743768e-09 5.707705e-09 1.666650e-01 5.684991e-09 5.681761e-09 5.678535e-09 5.707705e-09 5.684991e-09 5.678535e-09 5.681761e-09 0.000000e+00 1033
7.173529e-09 1.753341e-03 5.800406e-09 5.793685e-09 6.406086e-09 5.730602e-09 5.740471e-09 5.871932e-09 6.578882e-09 5.688225e-09 5.998740e-09 5.896167e-09 5.837653e-09 5.753682e-09 5.753682e-09 5.688225e-09 5.743768e-09 5.707705e-09 5.688225e-09 5.684991e-09 5.681761e-09 5.678535e-09 5.707705e-09 5.684991e-09 5.678535e-09 5.681761e-09 0.000000e+00 phrase-based
7.173529e-09 8.968520e-09 2.343237e-02 5.793685e-09 6.406086e-09 5.730602e-09 5.740471e-09 5.871932e-09 6.578882e-09 5.688225e-09 5.998740e-09 5.896167e-09 5.837653e-09 5.753682e-09 5.753682e-09 5.688225e-09 5.743768e-09 5.707705e-09 5.688225e-09 5.684991e-09 5.681761e-09 5.678535e-09 5.707705e-09 5.684991e-09 5.678535e-09 5.681761e-09 0.000000e+00 2007
7.173529e-09 8.968520e-09 5.800406e-09 5.793685e-09 6.406086e-09 5.730602e-09 5.740471e-09 5.871932e-09 6.578882e-09 5.688225e-09 5.998740e-09 5.896167e-09 1.411305e-02 5.753682e-09 5.753682e-09 5.688225e-09 5.743768e-09 5.707705e-09 5.688225e-09 5.684991e-09 5.681761e-09 5.678535e-09 5.707705e-09 5.684991e-09 5.678535e-09 5.681761e-09 0.000000e+00 33
7.173529e-09 8.968520e-09 5.800406e-09 5.793685e-09 6.406086e-09 5.730602e-09 5.740471e-09 5.871932e-09 3.307013e-03 5.688225e-09 5.998740e-09 5.896167e-09 5.837653e-09 5.753682e-09 5.753682e-09 5.688225e-09 5.743768e-09 5.707705e-09 5.688225e-09 5.684991e-09 5.681761e-09 5.678535e-09 5.707705e-09 5.684991e-09 5.678535e-09 5.681761e-09 0.000000e+00 228
3.016510e-03 8.968520e-09 5.800406e-09 5.793685e-09 6.406086e-09 5.730602e-09 5.740471e-09 6.846268e-03 6.578882e-09 5.688225e-09 5.998740e-09 5.896167e-09 5.837653e-09 5.753682e-09 5.753682e-09 5.688225e-09 5.743768e-09 5.707705e-09 5.688225e-09 5.684991e-09 5.681761e-09 5.678535e-09 5.707705e-09 5.684991e-09 5.678535e-09 5.681761e-09 0.000000e+00 L.
7.173529e-09 5.844468e-04 5.800406e-09 5.793685e-09 6.406086e-09 5.730602e-09 5.740471e-09 5.871932e-09 6.578882e-09 5.688225e-09 5.998740e-09 5.896167e-09 5.837653e-09 5.753682e-09 5.753682e-09 5.688225e-09 5.743768e-09 5.707705e-09 5.688225e-09 5.684991e-09 5.681761e-09 5.678535e-09 5.707705e-09 5.684991e-09 5.678535e-09 5.681761e-09 0.000000e+00 From
7.173529e-09 1.168894e-03 5.800406e-09 5.793685e-09 6.406086e-09 5.730602e-09 5.740471e-09 5.871932e-09 6.578882e-09 5.688225e-09 5.998740e-09 5.896167e-09 5.837653e-09 5.753682e-09 5.753682e-09 5.688225e-09 5.743768e-09 5.707705e-09 5.688225e-09 5.684991e-09 5.681761e-09 5.678535e-09 5.707705e-09 5.684991e-09 5.678535e-09 5.681761e-09 0.000000e+00 Assisted
7.173529e-09 1.168894e-03 5.800406e-09 5.793685e-09 6.406086e-09 5.730602e-09 5.740471e-09 5.871932e-09 6.578882e-09 5.688225e-09 5.998740e-09 5.896167e-09 5.837653e-09 5.753682e-09 5.753682e-09 5.688225e-09 5.743768e-09 5.707705e-09 5.688225e-09 5.684991e-09 5.681761e-09 5.678535e-09 5.707705e-09 5.684991e-09 5.678535e-09 5.681761e-09 0.000000e+00 Finite-State
7.173529e-09 8.968520e-09 5.800406e-09 5.793685e-09 2.626750e-02 5.730602e-09 5.740471e-09 5.871932e-09 6.578882e-09 5.688225e-09 5.998740e-09 5.896167e-09 5.837653e-09 5.753682e-09 5.753682e-09 5.688225e-09 5.743768e-09 5.707705e-09 5.688225e-09 5.684991e-09 5.681761e-09 5.678535e-09 5.707705e-09 5.684991e-09 5.678535e-09 5.681761e-09 0.000000e+00 Conference
7.173529e-09 1.118753e-03 5.800406e-09 5.793685e-09 5.808306e-03 5.730602e-09 5.740471e-09 5.871932e-09 6.578882e-09 5.688225e-09 5.998740e-09 5.896167e-09 5.837653e-09 5.753682e-09 5.753682e-09 5.688225e-09 5.743768e-09 5.707705e-09 5.688225e-09 5.684991e-09 5.681761e-09 5.678535e-09 5.707705e-09 5.684991e-09 5.678535e-09 5.681761e-09 0.000000e+00 Methods
7.173529e-09 8.968520e-09 5.800406e-09 5.793685e-09 1.142065e-03 5.730602e-09 5.740471e-09 5.871932e-09 6.578882e-09 5.688225e-09 5.998740e-09 5.896167e-09 5.837653e-09 5.753682e-09 5.753682e-09 5.688225e-09 5.743768e-09 5.707705e-09 5.688225e-09 5.684991e-09 5.681761e-09 5.678535e-09 5.707705e-09 5.684991e-09 5.678535e-09 5.681761e-09 0.000000e+00 (EMNLP04)
2.262383e-03 8.968520e-09 5.800406e-09 5.793685e-09 6.406086e-09 5.730602e-09 5.740471e-09 5.871932e-09 6.578882e-09 5.688225e-09 5.998740e-09 5.896167e-09 5.837653e-09 5.753682e-09 5.753682e-09 5.688225e-09 5.743768e-09 5.707705e-09 5.688225e-09 5.684991e-09 5.681761e-09 5.678535e-09 5.707705e-09 5.684991e-09 5.678535e-09 5.681761e-09 0.000000e+00 Juan
7.173529e-09 1.168894e-03 5.800406e-09 5.793685e-09 6.406086e-09 5.730602e-09 5.740471e-09 5.871932e-09 6.578882e-09 5.688225e-09 5.998740e-09 5.896167e-09 5.837653e-09 5.753682e-09 5.753682e-09 5.688225e-09 5.743768e-09 5.707705e-09 5.688225e-09 5.684991e-09 5.681761e-09 5.678535e-09 5.707705e-09 5.684991e-09 5.678535e-09 5.681761e-09 0.000000e+00 Domain
7.173529e-09 2.337787e-03 5.800406e-09 5.793685e-09 6.406086e-09 5.730602e-09 5.740471e-09 5.871932e-09 6.578882e-09 5.688225e-09 5.998740e-09 5.896167e-09 5.837653e-09 5.753682e-09 5.753682e-09 5.688225e-09 5.743768e-09 5.707705e-09 5.688225e-09 5.684991e-09 5.681761e-09 5.678535e-09 5.707705e-09 5.684991e-09 5.678535e-09 5.681761e-09 0.000000e+00 Adaptation
7.173529e-09 5.844468e-04 5.800406e-09 5.793685e-09 6.406086e-09 5.730602e-09 5.740471e-09 5.871932e-09 6.578882e-09 5.688225e-09 5.998740e-09 5.896167e-09 5.837653e-09 5.753682e-09 5.753682e-09 5.688225e-09 5.743768e-09 5.707705e-09 5.688225e-09 5.684991e-09 5.681761e-09 5.678535e-09 5.707705e-09 5.684991e-09 5.678535e-09 5.681761e-09 0.000000e+00 Mixture
7.173529e-09 2.337787e-03 5.800406e-09 5.793685e-09 6.406086e-09 5.730602e-09 5.740471e-09 5.871932e-09 6.578882e-09 5.688225e-09 5.998740e-09 5.896167e-09 5.837653e-09 5.753682e-09 5.753682e-09 5.688225e-09 5.743768e-09 5.707705e-09 5.688225e-09 5.684991e-09 5.681761e-09 5.678535e-09 5.707705e-09 5.684991e-09 5.678535e-09 5.681761e-09 0.000000e+00 Modelling
7.173529e-09 8.968520e-09 5.800406e-09 5.793685e-09 3.426196e-03 5.730602e-09 5.740471e-09 5.871932e-09 6.578882e-09 5.688225e-09 5.998740e-09 5.896167e-09 5.837653e-09 5.753682e-09 5.753682e-09 5.688225e-09 5.743768e-09 5.707705e-09 5.688225e-09 5.684991e-09 5.681761e-09 5.678535e-09 5.707705e-09 5.684991e-09 5.678535e-09 5.681761e-09 0.000000e+00 Second
7.173529e-09 8.968520e-09 5.800406e-09 5.793685e-09 6.406086e-09 5.730602e-09 5.740471e-09 5.871932e-09 6.578882e-09 5.688225e-09 2.175116e-02 5.896167e-09 5.837653e-09 5.753682e-09 5.753682e-09 5.688225e-09 5.743768e-09 5.707705e-09 5.688225e-09 5.684991e-09 5.681761e-09 5.678535e-09 5.707705e-09 5.684991e-09 5.678535e-09 5.681761e-09 0.000000e+00 Prague
7.173529e-09 8.968520e-09 5.800406e-09 5.793685e-09 6.406086e-09 5.730602e-09 5.740471e-09 5.871932e-09 6.578882e-09 5.688225e-09 2.175116e-02 5.896167e-09 5.837653e-09 5.753682e-09 5.753682e-09 5.688225e-09 5.743768e-09 5.707705e-09 5.688225e-09 5.684991e-09 5.681761e-09 5.678535e-09 5.707705e-09 5.684991e-09 5.678535e-09 5.681761e-09 0.000000e+00 Czech
7.173529e-09 8.968520e-09 5.800406e-09 5.793685e-09 6.406086e-09 5.730602e-09 5.740471e-09 5.871932e-09 6.578882e-09 5.688225e-09 2.175116e-02 5.896167e-09 5.837653e-09 5.753682e-09 5.753682e-09 5.688225e-09 5.743768e-09 5.707705e-09 5.688225e-09 5.684991e-09 5.681761e-09 5.678535e-09 5.707705e-09 5.684991e-09 5.678535e-09 5.681761e-09 0.000000e+00 Republic
7.173529e-09 8.968520e-09 5.800406e-09 5.793685e-09 6.406086e-09 5.730602e-09 5.740471e-09 5.871932e-09 3.307013e-03 5.688225e-09 5.998740e-09 5.896167e-09 5.837653e-09 5.753682e-09 5.753682e-09 5.688225e-09 5.743768e-09 5.707705e-09 5.688225e-09 5.684991e-09 5.681761e-09 5.678535e-09 5.707705e-09 5.684991e-09 5.678535e-09 5.681761e-09 0.000000e+00 177
7.541275e-04 8.968520e-09 5.800406e-09 5.793685e-09 6.406086e-09 5.730602e-09 5.740471e-09 5.871932e-09 6.578882e-09 5.688225e-09 5.998740e-09 5.896167e-09 5.837653e-09 5.753682e-09 5.753682e-09 5.688225e-09 5.743768e-09 5.707705e-09 5.688225e-09 5.684991e-09 5.681761e-09 5.678535e-09 5.707705e-09 5.684991e-09 5.678535e-09 5.681761e-09 0.000000e+00 Clark
7.173529e-09 1.168894e-03 5.800406e-09 5.793685e-09 6.406086e-09 5.730602e-09 5.740471e-09 5.871932e-09 6.578882e-09 5.688225e-09 5.998740e-09 5.896167e-09 5.837653e-09 5.753682e-09 5.753682e-09 5.688225e-09 5.743768e-09 5.707705e-09 5.688225e-09 5.684991e-09 5.681761e-09 5.678535e-09 5.707705e-09 5.684991e-09 5.678535e-09 5.681761e-09 0.000000e+00 morphology
7.173529e-09 5.844468e-04 5.800406e-09 5.793685e-09 6.406086e-09 5.730602e-09 5.740471e-09 5.871932e-09 6.578882e-09 5.688225e-09 5.998740e-09 5.896167e-09 5.837653e-09 5.753682e-09 5.753682e-09 5.688225e-09 5.743768e-09 5.707705e-09 5.688225e-09 5.684991e-09 5.681761e-09 5.678535e-09 5.707705e-09 5.684991e-09 5.678535e-09 5.681761e-09 0.000000e+00 pair
7.173529e-09 5.844468e-04 5.800406e-09 5.793685e-09 6.406086e-09 5.730602e-09 5.740471e-09 5.871932e-09 6.578882e-09 5.688225e-09 5.998740e-09 5.896167e-09 5.837653e-09 5.753682e-09 5.753682e-09 5.688225e-09 5.743768e-09 5.707705e-09 5.688225e-09 5.684991e-09 5.681761e-09 5.678535e-09 5.707705e-09 5.684991e-09 5.678535e-09 5.681761e-09 0.000000e+00 hidden
7.173529e-09 8.968520e-09 5.800406e-09 5.793685e-09 1.142065e-03 5.730602e-09 5.740471e-09 5.871932e-09 6.578882e-09 5.688225e-09 5.998740e-09 5.896167e-09 5.837653e-09 5.753682e-09 5.753682e-09 5.688225e-09 5.743768e-09 5.707705e-09 5.688225e-09 5.684991e-09 5.681761e-09 5.678535e-09 5.707705e-09 5.684991e-09 5.678535e-09 5.681761e-09 0.000000e+00 (Companion
7.173529e-09 8.968520e-09 5.800406e-09 5.793685e-09 1.142065e-03 5.730602e-09 5.740471e-09 5.871932e-09 6.578882e-09 5.688225e-09 5.998740e-09 5.896167e-09 5.837653e-09 5.753682e-09 5.753682e-09 5.688225e-09 5.743768e-09 5.707705e-09 5.688225e-09 5.684991e-09 5.681761e-09 5.678535e-09 5.707705e-09 5.684991e-09 5.678535e-09 5.681761e-09 0.000000e+00 Volume)
7.173529e-09 8.968520e-09 5.800406e-09 5.793685e-09 6.406086e-09 5.730602e-09 5.740471e-09 5.871932e-09 6.578882e-09 5.688225e-09 1.450077e-02 5.896167e-09 5.837653e-09 5.753682e-09 5.753682e-09 5.688225e-09 5.743768e-09 5.707705e-09 5.688225e-09 5.684991e-09 5.681761e-09 5.678535e-09 5.707705e-09 5.684991e-09 5.678535e-09 5.681761e-09 0.000000e+00 France
7.173529e-09 8.968520e-09 5.800406e-09 5.793685e-09 6.406086e-09 5.730602e-09 5.740471e-09 5.871932e-09 9.921039e-03 5.688225e-09 5.998740e-09 5.896167e-09 5.837653e-09 5.753682e-09 5.753682e-09 5.688225e-09 5.743768e-09 5.707705e-09 5.688225e-09 5.684991e-09 5.681761e-09 5.678535e-09 5.707705e-09 5.684991e-09 5.678535e-09 5.681761e-09 0.000000e+00 60
7.541275e-04 8.968520e-09 5.800406e-09 5.793685e-09 6.406086e-09 5.730602e-09 5.740471e-09 5.871932e-09 6.578882e-09 5.688225e-09 5.998740e-09 5.896167e-09 5.837653e-09 5.753682e-09 5.753682e-09 5.688225e-09 5.743768e-09 5.707705e-09 5.688225e-09 5.684991e-09 5.681761e-09 5.678535e-09 5.707705e-09 5.684991e-09 5.678535e-09 5.681761e-09 0.000000e+00 Collins
7.173529e-09 5.844468e-04 5.800406e-09 5.793685e-09 6.406086e-09 5.730602e-09 5.740471e-09 5.871932e-09 6.578882e-09 5.688225e-09 5.998740e-09 5.896167e-09 5.837653e-09 5.753682e-09 5.753682e-09 5.688225e-09 5.743768e-09 5.707705e-09 5.688225e-09 5.684991e-09 5.681761e-09 5.678535e-09 5.707705e-09 5.684991e-09 5.678535e-09 5.681761e-09 0.000000e+00 Head-Driven
7.173529e-09 8.968520e-09 5.800406e-09 5.793685e-09 6.406086e-09 5.730602e-09 1.495424e-02 5.871932e-09 6.578882e-09 5.688225e-09 5.998740e-09 5.896167e-09 2.799749e-02 5.753682e-09 5.753682e-09 5.688225e-09 5.743768e-09 5.707705e-09 5.688225e-09 5.684991e-09 5.681761e-09 5.678535e-09 5.707705e-09 5.684991e-09 5.678535e-09 5.681761e-09 0.000000e+00 29
7.173529e-09 8.968520e-09 5.800406e-09 5.793685e-09 6.406086e-09 5.730602e-09 5.740471e-09 5.871932e-09 3.307013e-03 5.688225e-09 5.998740e-09 5.896167e-09 5.837653e-09 5.753682e-09 5.753682e-09 5.688225e-09 5.743768e-09 5.707705e-09 5.688225e-09 5.684991e-09 5.681761e-09 5.678535e-09 5.707705e-09 5.684991e-09 5.678535e-09 5.681761e-09 0.000000e+00 589
7.173529e-09 8.968520e-09 5.800406e-09 5.793685e-09 6.406086e-09 5.730602e-09 5.740471e-09 5.871932e-09 3.307013e-03 5.688225e-09 5.998740e-09 5.896167e-09 5.837653e-09 5.753682e-09 5.753682e-09 5.688225e-09 5.743768e-09 5.707705e-09 5.688225e-09 5.684991e-09 5.681761e-09 5.678535e-09 5.707705e-09 5.684991e-09 5.678535e-09 5.681761e-09 0.000000e+00 637
7.541275e-04 8.968520e-09 5.800406e-09 5.793685e-09 6.406086e-09 5.730602e-09 5.740471e-09 5.871932e-09 6.578882e-09 5.688225e-09 5.998740e-09 5.896167e-09 5.837653e-09 5.753682e-09 5.753682e-09 5.688225e-09 5.743768e-09 5.707705e-09 5.688225e-09 5.684991e-09 5.681761e-09 5.678535e-09 5.707705e-09 5.684991e-09 5.678535e-09 5.681761e-09 0.000000e+00 C.M.
7.541275e-04 8.968520e-09 5.800406e-09 5.793685e-09 6.406086e-09 5.730602e-09 5.740471e-09 5.871932e-09 6.578882e-09 5.688225e-09 5.998740e-09 5.896167e-09 5.837653e-09 5.753682e-09 5.753682e-09 5.688225e-09 5.743768e-09 5.707705e-09 5.688225e-09 5.684991e-09 5.681761e-09 5.678535e-09 5.707705e-09 5.684991e-09 5.678535e-09 5.681761e-09 0.000000e+00 Cook
1.506815e-03 8.968520e-09 5.800406e-09 5.793685e-09 6.406086e-09 5.730602e-09 5.740471e-09 6.859342e-03 6.578882e-09 5.688225e-09 5.998740e-09 5.896167e-09 5.837653e-09 5.753682e-09 5.753682e-09 5.688225e-09 5.743768e-09 5.707705e-09 5.688225e-09 5.684991e-09 5.681761e-09 5.678535e-09 5.707705e-09 5.684991e-09 5.678535e-09 5.681761e-09 0.000000e+00 Rosenfeld
7.541275e-04 8.968520e-09 5.800406e-09 5.793685e-09 6.406086e-09 5.730602e-09 5.740471e-09 5.871932e-09 6.578882e-09 5.688225e-09 5.998740e-09 5.896167e-09 5.837653e-09 5.753682e-09 5.753682e-09 5.688225e-09 5.743768e-09 5.707705e-09 5.688225e-09 5.684991e-09 5.681761e-09 5.678535e-09 5.707705e-09 5.684991e-09 5.678535e-09 5.681761e-09 0.000000e+00 A.R.
7.541275e-04 8.968520e-09 5.800406e-09 5.793685e-09 6.406086e-09 5.730602e-09 5.740471e-09 5.871932e-09 6.578882e-09 5.688225e-09 5.998740e-09 5.896167e-09 5.837653e-09 5.753682e-09 5.753682e-09 5.688225e-09 5.743768e-09 5.707705e-09 5.688225e-09 5.684991e-09 5.681761e-09 5.678535e-09 5.707705e-09 5.684991e-09 5.678535e-09 5.681761e-09 0.000000e+00 Aronson
7.173529e-09 5.844468e-04 5.800406e-09 5.793685e-09 6.406086e-09 5.730602e-09 5.740471e-09 5.871932e-09 6.578882e-09 5.688225e-09 5.998740e-09 5.896167e-09 5.837653e-09 5.753682e-09 5.753682e-09 5.688225e-09 5.743768e-09 5.707705e-09 5.688225e-09 5.684991e-09 5.681761e-09 5.678535e-09 5.707705e-09 5.684991e-09 5.678535e-09 5.681761e-09 0.000000e+00 Hill
7.173529e-09 5.844468e-04 5.800406e-09 5.793685e-09 6.406086e-09 5.730602e-09 5.740471e-09 5.871932e-09 6.578882e-09 5.688225e-09 5.998740e-09 5.896167e-09 5.837653e-09 5.753682e-09 5.753682e-09 5.688225e-09 5.743768e-09 5.707705e-09 5.688225e-09 5.684991e-09 5.681761e-09 5.678535e-09 5.707705e-09 5.684991e-09 5.678535e-09 5.681761e-09 0.000000e+00 Climbing
7.173529e-09 8.968520e-09 5.800406e-09 5.793685e-09 6.406086e-09 5.730602e-09 5.740471e-09 5.871932e-09 6.578882e-09 5.688225e-09 5.998740e-09 3.145295e-03 5.837653e-09 5.753682e-09 5.753682e-09 5.688225e-09 5.743768e-09 5.707705e-09 5.688225e-09 5.684991e-09 5.681761e-09 5.678535e-09 5.707705e-09 5.684991e-09 5.678535e-09 5.681761e-09 0.000000e+00 Informational
7.173529e-09 8.968520e-09 5.800406e-09 5.793685e-09 6.406086e-09 5.730602e-09 5.740471e-09 5.871932e-09 6.578882e-09 5.688225e-09 5.998740e-09 6.290589e-03 5.837653e-09 5.753682e-09 5.753682e-09 5.688225e-09 5.743768e-09 5.707705e-09 5.688225e-09 5.684991e-09 5.681761e-09 5.678535e-09 5.707705e-09 5.684991e-09 5.678535e-09 5.681761e-09 0.000000e+00 Sciences
7.173529e-09 8.968520e-09 9.372946e-03 5.793685e-09 6.406086e-09 5.730602e-09 5.740471e-09 5.871932e-09 6.578882e-09 5.688225e-09 5.998740e-09 5.896167e-09 5.837653e-09 5.753682e-09 5.753682e-09 5.688225e-09 5.743768e-09 5.707705e-09 5.688225e-09 5.684991e-09 5.681761e-09 5.678535e-09 5.707705e-09 5.684991e-09 5.678535e-09 5.681761e-09 0.000000e+00 1976
7.173529e-09 8.968520e-09 5.800406e-09 5.793685e-09 6.406086e-09 5.730602e-09 5.740471e-09 5.871932e-09 6.614026e-03 5.688225e-09 5.998740e-09 5.896167e-09 5.837653e-09 5.753682e-09 5.753682e-09 5.688225e-09 5.743768e-09 5.707705e-09 5.688225e-09 5.684991e-09 5.681761e-09 5.678535e-09 5.707705e-09 5.684991e-09 5.678535e-09 5.681761e-09 0.000000e+00 59
7.173529e-09 8.968520e-09 5.800406e-09 5.793685e-09 6.406086e-09 5.730602e-09 5.740471e-09 5.871932e-09 3.307013e-03 5.688225e-09 5.998740e-09 5.896167e-09 5.837653e-09 5.753682e-09 5.753682e-09 5.688225e-09 5.743768e-09 5.707705e-09 5.688225e-09 5.684991e-09 5.681761e-09 5.678535e-09 5.707705e-09 5.684991e-09 5.678535e-09 5.681761e-09 0.000000e+00 80
7.541275e-04 8.968520e-09 5.800406e-09 5.793685e-09 6.406086e-09 5.730602e-09 5.740471e-09 5.871932e-09 6.578882e-09 5.688225e-09 5.998740e-09 5.896167e-09 5.837653e-09 5.753682e-09 5.753682e-09 5.688225e-09 5.743768e-09 5.707705e-09 5.688225e-09 5.684991e-09 5.681761e-09 5.678535e-09 5.707705e-09 5.684991e-09 5.678535e-09 5.681761e-09 0.000000e+00 Coppersmith
7.541275e-04 8.968520e-09 5.800406e-09 5.793685e-09 6.406086e-09 5.730602e-09 5.740471e-09 5.871932e-09 6.578882e-09 5.688225e-09 5.998740e-09 5.896167e-09 5.837653e-09 5.753682e-09 5.753682e-09 5.688225e-09 5.743768e-09 5.707705e-09 5.688225e-09 5.684991e-09 5.681761e-09 5.678535e-09 5.707705e-09 5.684991e-09 5.678535e-09 5.681761e-09 0.000000e+00 Winograd
7.173529e-09 1.168894e-03 5.800406e-09 5.793685e-09 6.406086e-09 5.730602e-09 5.740471e-09 5.871932e-09 6.578882e-09 5.688225e-09 5.998740e-09 5.896167e-09 5.837653e-09 5.753682e-09 5.753682e-09 5.688225e-09 5.743768e-09 5.707705e-09 5.688225e-09 5.684991e-09 5.681761e-09 5.678535e-09 5.707705e-09 5.684991e-09 5.678535e-09 5.681761e-09 0.000000e+00 Matrix
7.173529e-09 5.844468e-04 5.800406e-09 5.793685e-09 6.406086e-09 5.730602e-09 5.740471e-09 5.871932e-09 6.578882e-09 5.688225e-09 5.998740e-09 5.896167e-09 5.837653e-09 5.753682e-09 5.753682e-09 5.688225e-09 5.743768e-09 5.707705e-09 5.688225e-09 5.684991e-09 5.681761e-09 5.678535e-09 5.707705e-09 5.684991e-09 5.678535e-09 5.681761e-09 0.000000e+00 multiplication
7.173529e-09 2.337787e-03 5.800406e-09 5.793685e-09 6.406086e-09 5.730602e-09 5.740471e-09 5.871932e-09 6.578882e-09 5.688225e-09 5.998740e-09 5.896167e-09 5.837653e-09 5.753682e-09 5.753682e-09 5.688225e-09 5.743768e-09 5.707705e-09 5.688225e-09 5.684991e-09 5.681761e-09 5.678535e-09 5.707705e-09 5.684991e-09 5.678535e-09 5.681761e-09 0.000000e+00 via
7.173529e-09 5.844468e-04 5.800406e-09 5.793685e-09 6.406086e-09 5.730602e-09 5.740471e-09 5.871932e-09 6.578882e-09 5.688225e-09 5.998740e-09 5.896167e-09 5.837653e-09 5.753682e-09 5.753682e-09 5.688225e-09 5.743768e-09 5.707705e-09 5.688225e-09 5.684991e-09 5.681761e-09 5.678535e-09 5.707705e-09 5.684991e-09 5.678535e-09 5.681761e-09 0.000000e+00 arithmetic
7.173529e-09 5.844468e-04 5.800406e-09 5.793685e-09 6.406086e-09 5.730602e-09 5.740471e-09 5.871932e-09 6.578882e-09 5.688225e-09 5.998740e-09 5.896167e-09 5.837653e-09 5.753682e-09 5.753682e-09 5.688225e-09 5.743768e-09 5.707705e-09 5.688225e-09 5.684991e-09 5.681761e-09 5.678535e-09 5.707705e-09 5.684991e-09 5.678535e-09 5.681761e-09 0.000000e+00 progressions
7.173529e-09 8.968520e-09 5.800406e-09 5.793685e-09 6.406086e-09 5.730602e-09 5.740471e-09 5.871932e-09 6.578882e-09 5.688225e-09 5.998740e-09 3.145295e-03 5.837653e-09 5.753682e-09 5.753682e-09 5.688225e-09 5.743768e-09 5.707705e-09 5.688225e-09 5.684991e-09 5.681761e-09 5.678535e-09 5.707705e-09 5.684991e-09 5.678535e-09 5.681761e-09 0.000000e+00 Symb.
7.173529e-09 8.968520e-09 5.800406e-09 5.793685e-09 6.406086e-09 5.730602e-09 5.740471e-09 5.871932e-09 6.578882e-09 5.688225e-09 5.998740e-09 3.145295e-03 5.837653e-09 5.753682e-09 5.753682e-09 5.688225e-09 6.262975e-02 5.707705e-09 5.688225e-09 5.684991e-09 5.681761e-09 5.678535e-09 5.707705e-09 5.684991e-09 5.678535e-09 5.681761e-09 0.000000e+00 Comput.
7.173529e-09 8.968520e-09 5.800406e-09 5.793685e-09 6.406086e-09 5.730602e-09 5.740471e-09 5.871932e-09 6.578882e-09 5.688225e-09 5.998740e-09 5.896167e-09 1.418711e-02 3.534658e-02 5.753682e-09 5.688225e-09 5.743768e-09 5.707705e-09 5.688225e-09 5.684991e-09 5.681761e-09 5.678535e-09 5.707705e-09 5.684991e-09 5.678535e-09 5.681761e-09 0.000000e+00 9
7.173529e-09 8.968520e-09 5.800406e-09 5.793685e-09 6.406086e-09 5.730602e-09 5.740471e-09 5.871932e-09 6.578882e-09 5.688225e-09 5.998740e-09 5.896167e-09 5.837653e-09 5.753682e-09 5.753682e-09 5.688225e-09 5.743768e-09 5.707705e-09 5.688225e-09 5.684991e-09 4.999950e-01 5.678535e-09 5.707705e-09 5.684991e-09 5.678535e-09 5.681761e-09 0.000000e+00 0747
7.173529e-09 8.968520e-09 5.800406e-09 5.793685e-09 6.406086e-09 5.730602e-09 5.740471e-09 5.871932e-09 6.578882e-09 5.688225e-09 5.998740e-09 5.896167e-09 5.837653e-09 5.753682e-09 5.753682e-09 5.688225e-09 5.743768e-09 5.707705e-09 5.688225e-09 5.684991e-09 4.999950e-01 5.678535e-09 5.707705e-09 5.684991e-09 5.678535e-09 5.681761e-09 0.000000e+00 7171
7.173529e-09 8.968520e-09 5.800406e-09 5.793685e-09 6.406086e-09 5.730602e-09 5.740471e-09 5.871932e-09 3.307013e-03 5.688225e-09 5.998740e-09 5.896167e-09 5.837653e-09 5.753682e-09 5.753682e-09 5.688225e-09 5.743768e-09 5.707705e-09 5.688225e-09 5.684991e-09 5.681761e-09 5.678535e-09 5.707705e-09 5.684991e-09 5.678535e-09 5.681761e-09 0.000000e+00 251
7.173529e-09 8.968520e-09 5.800406e-09 5.793685e-09 6.406086e-09 5.730602e-09 5.740471e-09 5.871932e-09 3.307013e-03 5.688225e-09 5.998740e-09 5.896167e-09 5.837653e-09 5.753682e-09 5.753682e-09 5.688225e-09 5.743768e-09 5.707705e-09 5.688225e-09 5.684991e-09 5.681761e-09 5.678535e-09 5.707705e-09 5.684991e-09 5.678535e-09 5.681761e-09 0.000000e+00 280
7.173529e-09 8.968520e-09 5.800406e-09 1.014722e-02 6.406086e-09 5.730602e-09 5.740471e-09 5.871932e-09 6.578882e-09 5.688225e-09 5.998740e-09 5.896167e-09 5.837653e-09 5.753682e-09 5.753682e-09 5.688225e-09 5.743768e-09 5.707705e-09 5.688225e-09 5.684991e-09 5.681761e-09 5.678535e-09 5.707705e-09 5.684991e-09 5.678535e-09 5.681761e-09 0.000000e+00 Academic
7.173529e-09 8.968520e-09 5.800406e-09 5.073611e-02 6.406086e-09 5.730602e-09 5.740471e-09 5.871932e-09 6.578882e-09 5.688225e-09 5.998740e-09 5.896167e-09 5.837653e-09 5.753682e-09 5.753682e-09 5.688225e-09 5.743768e-09 5.707705e-09 5.688225e-09 5.684991e-09 5.681761e-09 5.678535e-09 5.707705e-09 5.684991e-09 5.678535e-09 5.681761e-09 0.000000e+00 Press
7.173529e-09 8.968520e-09 5.800406e-09 1.014722e-02 6.406086e-09 5.730602e-09 5.740471e-09 5.871932e-09 6.578882e-09 5.688225e-09 5.998740e-09 5.896167e-09 5.837653e-09 5.753682e-09 5.753682e-09 5.688225e-09 5.743768e-09 5.707705e-09 5.688225e-09 5.684991e-09 5.681761e-09 5.678535e-09 5.707705e-09 5.684991e-09 5.678535e-09 5.681761e-09 0.000000e+00 Inc.
7.541275e-04 8.968520e-09 5.800406e-09 5.793685e-09 6.406086e-09 5.730602e-09 5.740471e-09 5.871932e-09 6.578882e-09 5.688225e-09 5.998740e-09 5.896167e-09 5.837653e-09 5.753682e-09 5.753682e-09 5.688225e-09 5.743768e-09 5.707705e-09 5.688225e-09 5.684991e-09 5.681761e-09 5.678535e-09 5.707705e-09 5.684991e-09 5.678535e-09 5.681761e-09 0.000000e+00 Corazza
7.541275e-04 8.968520e-09 5.800406e-09 5.793685e-09 6.406086e-09 5.730602e-09 5.740471e-09 1.369254e-02 6.578882e-09 5.688225e-09 5.998740e-09 5.896167e-09 5.837653e-09 5.753682e-09 5.753682e-09 5.688225e-09 5.743768e-09 5.707705e-09 5.688225e-09 5.684991e-09 5.681761e-09 5.678535e-09 5.707705e-09 5.684991e-09 5.678535e-09 5.681761e-09 0.000000e+00 Mori
7.541275e-04 8.968520e-09 5.800406e-09 5.793685e-09 6.406086e-09 5.730602e-09 5.740471e-09 5.871932e-09 6.578882e-09 5.688225e-09 5.998740e-09 5.896167e-09 5.837653e-09 5.753682e-09 5.753682e-09 5.688225e-09 5.743768e-09 5.707705e-09 5.688225e-09 5.684991e-09 5.681761e-09 5.678535e-09 5.707705e-09 5.684991e-09 5.678535e-09 5.681761e-09 0.000000e+00 Gretter
7.541275e-04 8.968520e-09 5.800406e-09 5.793685e-09 6.406086e-09 5.730602e-09 5.740471e-09 5.871932e-09 6.578882e-09 5.688225e-09 5.998740e-09 5.896167e-09 5.837653e-09 5.753682e-09 5.753682e-09 5.688225e-09 5.743768e-09 5.707705e-09 5.688225e-09 5.684991e-09 5.681761e-09 5.678535e-09 5.707705e-09 5.684991e-09 5.678535e-09 5.681761e-09 0.000000e+00 Satta
7.173529e-09 1.168894e-03 5.800406e-09 5.793685e-09 6.406086e-09 5.730602e-09 5.740471e-09 5.871932e-09 6.578882e-09 5.688225e-09 5.998740e-09 5.896167e-09 5.837653e-09 5.753682e-09 5.753682e-09 5.688225e-09 5.743768e-09 5.707705e-09 5.688225e-09 5.684991e-09 5.681761e-09 5.678535e-09 5.707705e-09 5.684991e-09 5.678535e-09 5.681761e-09 0.000000e+00 Optimal
7.173529e-09 1.753341e-03 5.800406e-09 5.793685e-09 6.406086e-09 5.730602e-09 5.740471e-09 5.871932e-09 6.578882e-09 5.688225e-09 5.998740e-09 5.896167e-09 5.837653e-09 5.753682e-09 5.753682e-09 5.688225e-09 5.743768e-09 5.707705e-09 5.688225e-09 5.684991e-09 5.681761e-09 5.678535e-09 5.707705e-09 5.684991e-09 5.678535e-09 5.681761e-09 0.000000e+00 Evaluation
7.173529e-09 1.168894e-03 5.800406e-09 5.793685e-09 6.406086e-09 5.730602e-09 5.740471e-09 5.871932e-09 6.578882e-09 5.688225e-09 5.998740e-09 5.896167e-09 5.837653e-09 5.753682e-09 5.753682e-09 5.688225e-09 5.743768e-09 5.707705e-09 5.688225e-09 5.684991e-09 5.681761e-09 5.678535e-09 5.707705e-09 5.684991e-09 5.678535e-09 5.681761e-09 0.000000e+00 Search
7.173529e-09 5.843796e-04 5.800406e-09 5.793685e-09 1.142197e-03 5.730602e-09 5.740471e-09 5.871932e-09 6.578882e-09 5.688225e-09 5.998740e-09 5.896167e-09 5.837653e-09 5.753682e-09 5.753682e-09 5.688225e-09 5.743768e-09 5.707705e-09 5.688225e-09 5.684991e-09 5.681761e-09 5.678535e-09 5.707705e-09 5.684991e-09 5.678535e-09 5.681761e-09 0.000000e+00 Controlled
7.173529e-09 8.968520e-09 5.800406e-09 5.793685e-09 6.406086e-09 5.730602e-09 5.740471e-09 5.871932e-09 3.307013e-03 5.688225e-09 5.998740e-09 5.896167e-09 5.837653e-09 5.753682e-09 5.753682e-09 5.688225e-09 5.743768e-09 5.707705e-09 5.688225e-09 5.684991e-09 5.681761e-09 5.678535e-09 5.707705e-09 5.684991e-09 5.678535e-09 5.681761e-09 0.000000e+00 1018
7.173529e-09 8.968520e-09 5.800406e-09 5.793685e-09 6.406086e-09 5.730602e-09 5.740471e-09 5.871932e-09 3.307013e-03 5.688225e-09 5.998740e-09 5.896167e-09 5.837653e-09 5.753682e-09 5.753682e-09 5.688225e-09 5.743768e-09 5.707705e-09 5.688225e-09 5.684991e-09 5.681761e-09 5.678535e-09 5.707705e-09 5.684991e-09 5.678535e-09 5.681761e-09 0.000000e+00 1027
7.541275e-04 8.968520e-09 5.800406e-09 5.793685e-09 6.406086e-09 5.730602e-09 5.740471e-09 5.871932e-09 6.578882e-09 5.688225e-09 5.998740e-09 5.896167e-09 5.837653e-09 5.753682e-09 5.753682e-09 5.688225e-09 5.743768e-09 5.707705e-09 5.688225e-09 5.684991e-09 5.681761e-09 5.678535e-09 5.707705e-09 5.684991e-09 5.678535e-09 5.681761e-09 0.000000e+00 T.M.
7.541275e-04 8.968520e-09 5.800406e-09 5.793685e-09 6.406086e-09 5.730602e-09 5.740471e-09 5.871932e-09 6.578882e-09 5.688225e-09 5.998740e-09 5.896167e-09 5.837653e-09 5.753682e-09 5.753682e-09 5.688225e-09 5.743768e-09 5.707705e-09 5.688225e-09 5.684991e-09 5.681761e-09 5.678535e-09 5.707705e-09 5.684991e-09 5.678535e-09 5.681761e-09 0.000000e+00 Cover
7.541275e-04 8.968520e-09 5.800406e-09 5.793685e-09 6.406086e-09 5.730602e-09 5.740471e-09 5.871932e-09 6.578882e-09 5.688225e-09 5.998740e-09 5.896167e-09 5.837653e-09 5.753682e-09 5.753682e-09 5.688225e-09 5.743768e-09 5.707705e-09 5.688225e-09 5.684991e-09 5.681761e-09 5.678535e-09 5.707705e-09 5.684991e-09 5.678535e-09 5.681761e-09 0.000000e+00 Thomas
7.173529e-09 5.844468e-04 5.800406e-09 5.793685e-09 6.406086e-09 5.730602e-09 5.740471e-09 5.871932e-09 6.578882e-09 5.688225e-09 5.998740e-09 5.896167e-09 5.837653e-09 5.753682e-09 5.753682e-09 5.688225e-09 5.743768e-09 5.707705e-09 5.688225e-09 5.684991e-09 5.681761e-09 5.678535e-09 5.707705e-09 5.684991e-09 5.678535e-09 5.681761e-09 0.000000e+00 Elements
7.173529e-09 6.596872e-04 5.800406e-09 5.793685e-09 6.406086e-09 5.730602e-09 5.740471e-09 5.871932e-09 6.578882e-09 5.688225e-09 5.998740e-09 2.475744e-02 5.837653e-09 5.753682e-09 5.753682e-09 5.688225e-09 5.743768e-09 3.999960e-02 5.688225e-09 5.684991e-09 5.681761e-09 5.678535e-09 5.707705e-09 5.684991e-09 5.678535e-09 5.681761e-09 0.000000e+00 Information
7.173529e-09 5.920368e-04 5.800406e-09 5.793685e-09 6.406086e-09 5.730602e-09 5.740471e-09 5.871932e-09 6.578882e-09 5.688225e-09 5.998740e-09 1.568563e-02 5.837653e-09 5.753682e-09 5.753682e-09 5.688225e-09 5.743768e-09 5.707705e-09 5.688225e-09 5.684991e-09 5.681761e-09 5.678535e-09 5.707705e-09 5.684991e-09 5.678535e-09 5.681761e-09 0.000000e+00 Theory
7.173529e-09 8.968520e-09 3.280531e-02 5.793685e-09 6.406086e-09 5.730602e-09 5.740471e-09 5.871932e-09 6.578882e-09 5.688225e-09 5.998740e-09 5.896167e-09 5.837653e-09 5.753682e-09 5.753682e-09 5.688225e-09 5.743768e-09 5.707705e-09 5.688225e-09 5.684991e-09 5.681761e-09 5.678535e-09 5.707705e-09 5.684991e-09 5.678535e-09 5.681761e-09 0.000000e+00 1991
7.173529e-09 8.968520e-09 5.800406e-09 2.029445e-02 6.406086e-09 5.730602e-09 5.740471e-09 5.871932e-09 6.578882e-09 5.688225e-09 5.998740e-09 5.896167e-09 5.837653e-09 5.753682e-09 5.753682e-09 5.688225e-09 5.743768e-09 5.707705e-09 5.688225e-09 5.684991e-09 5.681761e-09 5.678535e-09 5.707705e-09 5.684991e-09 5.678535e-09 5.681761e-09 0.000000e+00 John
7.173529e-09 8.968520e-09 5.800406e-09 2.029445e-02 6.406086e-09 5.730602e-09 5.740471e-09 5.871932e-09 6.578882e-09 5.688225e-09 5.998740e-09 5.896167e-09 5.837653e-09 5.753682e-09 5.753682e-09 5.688225e-09 5.743768e-09 5.707705e-09 5.688225e-09 5.684991e-09 5.681761e-09 5.678535e-09 5.707705e-09 5.684991e-09 5.678535e-09 5.681761e-09 0.000000e+00 Wiley
7.173529e-09 8.968520e-09 5.800406e-09 2.029445e-02 6.406086e-09 5.730602e-09 5.740471e-09 5.871932e-09 6.578882e-09 5.688225e-09 5.998740e-09 5.896167e-09 5.837653e-09 5.753682e-09 5.753682e-09 5.688225e-09 5.743768e-09 5.707705e-09 5.688225e-09 5.684991e-09 5.681761e-09 5.678535e-09 5.707705e-09 5.684991e-09 5.678535e-09 5.681761e-09 0.000000e+00 Sons
7.173529e-09 5.844468e-04 5.800406e-09 5.793685e-09 6.406086e-09 5.730602e-09 5.740471e-09 5.871932e-09 6.578882e-09 5.688225e-09 5.998740e-09 5.896167e-09 5.837653e-09 5.753682e-09 5.753682e-09 5.688225e-09 5.743768e-09 5.707705e-09 5.688225e-09 5.684991e-09 5.681761e-09 5.678535e-09 5.707705e-09 5.684991e-09 5.678535e-09 5.681761e-09 0.000000e+00 Adapting
7.173529e-09 5.844468e-04 5.800406e-09 5.793685e-09 6.406086e-09 5.730602e-09 5.740471e-09 5.871932e-09 6.578882e-09 5.688225e-09 5.998740e-09 5.896167e-09 5.837653e-09 5.753682e-09 5.753682e-09 5.688225e-09 5.743768e-09 5.707705e-09 5.688225e-09 5.684991e-09 5.681761e-09 5.678535e-09 5.707705e-09 5.684991e-09 5.678535e-09 5.681761e-09 0.000000e+00 {TransType2}
7.173529e-09 5.844468e-04 5.800406e-09 5.793685e-09 6.406086e-09 5.730602e-09 5.740471e-09 5.871932e-09 6.578882e-09 5.688225e-09 5.998740e-09 5.896167e-09 5.837653e-09 5.753682e-09 5.753682e-09 5.688225e-09 5.743768e-09 5.707705e-09 5.688225e-09 5.684991e-09 5.681761e-09 5.678535e-09 5.707705e-09 5.684991e-09 5.678535e-09 5.681761e-09 0.000000e+00 project
7.173529e-09 8.968520e-09 5.800406e-09 5.793685e-09 1.142065e-03 5.730602e-09 5.740471e-09 5.871932e-09 6.578882e-09 5.688225e-09 5.998740e-09 5.896167e-09 5.837653e-09 5.753682e-09 5.753682e-09 5.688225e-09 5.743768e-09 5.707705e-09 5.688225e-09 5.684991e-09 5.681761e-09 5.678535e-09 5.707705e-09 5.684991e-09 5.678535e-09 5.681761e-09 0.000000e+00 8th
7.173529e-09 8.968520e-09 5.800406e-09 5.793685e-09 3.426196e-03 5.730602e-09 5.740471e-09 5.871932e-09 6.578882e-09 5.688225e-09 5.998740e-09 5.896167e-09 5.837653e-09 5.753682e-09 5.753682e-09 5.688225e-09 5.743768e-09 5.707705e-09 5.688225e-09 5.684991e-09 5.681761e-09 5.678535e-09 5.707705e-09 5.684991e-09 5.678535e-09 5.681761e-09 0.000000e+00 European
7.173529e-09 8.968520e-09 5.800406e-09 5.793685e-09 2.284130e-03 5.730602e-09 5.740471e-09 5.871932e-09 6.578882e-09 5.688225e-09 5.998740e-09 5.896167e-09 5.837653e-09 5.753682e-09 5.753682e-09 5.688225e-09 5.743768e-09 5.707705e-09 5.688225e-09 5.684991e-09 5.681761e-09 5.678535e-09 5.707705e-09 5.684991e-09 5.678535e-09 5.681761e-09 0.000000e+00 4th
7.173529e-09 8.968520e-09 5.800406e-09 5.793685e-09 6.406086e-09 5.730602e-09 5.740471e-09 5.871932e-09 3.307013e-03 5.688225e-09 5.998740e-09 5.896167e-09 5.837653e-09 5.753682e-09 5.753682e-09 5.688225e-09 5.743768e-09 5.707705e-09 5.688225e-09 5.684991e-09 5.681761e-09 5.678535e-09 5.707705e-09 5.684991e-09 5.678535e-09 5.681761e-09 0.000000e+00 XX-xx
7.173529e-09 8.968520e-09 5.800406e-09 5.793685e-09 6.406086e-09 5.730602e-09 5.740471e-09 5.871932e-09 6.578882e-09 5.688225e-09 7.250385e-03 5.896167e-09 5.837653e-09 5.753682e-09 5.753682e-09 5.688225e-09 5.743768e-09 5.707705e-09 5.688225e-09 5.684991e-09 5.681761e-09 5.678535e-09 5.707705e-09 5.684991e-09 5.678535e-09 5.681761e-09 0.000000e+00 Dublin
7.173529e-09 8.968520e-09 5.800406e-09 5.793685e-09 6.406086e-09 5.730602e-09 5.740471e-09 5.871932e-09 6.578882e-09 5.688225e-09 7.250385e-03 5.896167e-09 5.837653e-09 5.753682e-09 5.753682e-09 5.688225e-09 5.743768e-09 5.707705e-09 5.688225e-09 5.684991e-09 5.681761e-09 5.678535e-09 5.707705e-09 5.684991e-09 5.678535e-09 5.681761e-09 0.000000e+00 Ireland
7.541275e-04 8.968520e-09 5.800406e-09 5.793685e-09 6.406086e-09 5.730602e-09 5.740471e-09 5.871932e-09 6.578882e-09 5.688225e-09 5.998740e-09 5.896167e-09 5.837653e-09 5.753682e-09 5.753682e-09 5.688225e-09 5.743768e-09 5.707705e-09 5.688225e-09 5.684991e-09 5.681761e-09 5.678535e-09 5.707705e-09 5.684991e-09 5.678535e-09 5.681761e-09 0.000000e+00 A.P.
7.541275e-04 8.968520e-09 5.800406e-09 5.793685e-09 6.406086e-09 5.730602e-09 5.740471e-09 5.871932e-09 6.578882e-09 5.688225e-09 5.998740e-09 5.896167e-09 5.837653e-09 5.753682e-09 5.753682e-09 5.688225e-09 5.743768e-09 5.707705e-09 5.688225e-09 5.684991e-09 5.681761e-09 5.678535e-09 5.707705e-09 5.684991e-09 5.678535e-09 5.681761e-09 0.000000e+00 Dempster
7.541275e-04 8.968520e-09 5.800406e-09 5.793685e-09 6.406086e-09 5.730602e-09 5.740471e-09 5.871932e-09 6.578882e-09 5.688225e-09 5.998740e-09 5.896167e-09 5.837653e-09 5.753682e-09 5.753682e-09 5.688225e-09 5.743768e-09 5.707705e-09 5.688225e-09 5.684991e-09 5.681761e-09 5.678535e-09 5.707705e-09 5.684991e-09 5.678535e-09 5.681761e-09 0.000000e+00 N.M.
7.541275e-04 8.968520e-09 5.800406e-09 5.793685e-09 6.406086e-09 5.730602e-09 5.740471e-09 5.871932e-09 6.578882e-09 5.688225e-09 5.998740e-09 5.896167e-09 5.837653e-09 5.753682e-09 5.753682e-09 5.688225e-09 5.743768e-09 5.707705e-09 5.688225e-09 5.684991e-09 5.681761e-09 5.678535e-09 5.707705e-09 5.684991e-09 5.678535e-09 5.681761e-09 0.000000e+00 Laird
7.541275e-04 8.968520e-09 5.800406e-09 5.793685e-09 6.406086e-09 5.730602e-09 5.740471e-09 5.871932e-09 6.578882e-09 5.688225e-09 5.998740e-09 5.896167e-09 5.837653e-09 5.753682e-09 5.753682e-09 5.688225e-09 5.743768e-09 5.707705e-09 5.688225e-09 5.684991e-09 5.681761e-09 5.678535e-09 5.707705e-09 5.684991e-09 5.678535e-09 5.681761e-09 0.000000e+00 D.B.
7.541275e-04 8.968520e-09 5.800406e-09 5.793685e-09 6.406086e-09 5.730602e-09 5.740471e-09 5.871932e-09 6.578882e-09 5.688225e-09 5.998740e-09 5.896167e-09 5.837653e-09 5.753682e-09 5.753682e-09 5.688225e-09 5.743768e-09 5.707705e-09 5.688225e-09 5.684991e-09 5.681761e-09 5.678535e-09 5.707705e-09 5.684991e-09 5.678535e-09 5.681761e-09 0.000000e+00 Rubin
7.173529e-09 5.844468e-04 5.800406e-09 5.793685e-09 6.406086e-09 5.730602e-09 5.740471e-09 5.871932e-09 6.578882e-09 5.688225e-09 5.998740e-09 5.896167e-09 5.837653e-09 5.753682e-09 5.753682e-09 5.688225e-09 5.743768e-09 5.707705e-09 5.688225e-09 5.684991e-09 5.681761e-09 5.678535e-09 5.707705e-09 5.684991e-09 5.678535e-09 5.681761e-09 0.000000e+00 likelihood
7.173529e-09 5.844468e-04 5.800406e-09 5.793685e-09 6.406086e-09 5.730602e-09 5.740471e-09 5.871932e-09 6.578882e-09 5.688225e-09 5.998740e-09 5.896167e-09 5.837653e-09 5.753682e-09 5.753682e-09 5.688225e-09 5.743768e-09 5.707705e-09 5.688225e-09 5.684991e-09 5.681761e-09 5.678535e-09 5.707705e-09 5.684991e-09 5.678535e-09 5.681761e-09 0.000000e+00 incomplete
7.173529e-09 5.844468e-04 5.800406e-09 5.793685e-09 6.406086e-09 5.730602e-09 5.740471e-09 5.871932e-09 6.578882e-09 5.688225e-09 5.998740e-09 5.896167e-09 5.837653e-09 5.753682e-09 5.753682e-09 5.688225e-09 5.743768e-09 5.707705e-09 5.688225e-09 5.684991e-09 5.681761e-09 5.678535e-09 5.707705e-09 5.684991e-09 5.678535e-09 5.681761e-09 0.000000e+00 data
7.173529e-09 5.844468e-04 5.800406e-09 5.793685e-09 6.406086e-09 5.730602e-09 5.740471e-09 5.871932e-09 6.578882e-09 5.688225e-09 5.998740e-09 5.896167e-09 5.837653e-09 5.753682e-09 5.753682e-09 5.688225e-09 5.743768e-09 5.707705e-09 5.688225e-09 5.684991e-09 5.681761e-09 5.678535e-09 5.707705e-09 5.684991e-09 5.678535e-09 5.681761e-09 0.000000e+00 EM
7.173529e-09 5.844468e-04 5.800406e-09 5.793685e-09 6.406086e-09 5.730602e-09 5.740471e-09 5.871932e-09 6.578882e-09 5.688225e-09 5.998740e-09 5.896167e-09 5.837653e-09 5.753682e-09 5.753682e-09 5.688225e-09 5.743768e-09 5.707705e-09 5.688225e-09 5.684991e-09 5.681761e-09 5.678535e-09 5.707705e-09 5.684991e-09 5.678535e-09 5.681761e-09 0.000000e+00 (with
7.173529e-09 5.844468e-04 5.800406e-09 5.793685e-09 6.406086e-09 5.730602e-09 5.740471e-09 5.871932e-09 6.578882e-09 5.688225e-09 5.998740e-09 5.896167e-09 5.837653e-09 5.753682e-09 5.753682e-09 5.688225e-09 5.743768e-09 5.707705e-09 5.688225e-09 5.684991e-09 5.681761e-09 5.678535e-09 5.707705e-09 5.684991e-09 5.678535e-09 5.681761e-09 0.000000e+00 discussion)
7.173529e-09 8.968520e-09 5.800406e-09 5.793685e-09 6.406086e-09 5.730602e-09 5.740471e-09 5.871932e-09 6.578882e-09 5.688225e-09 5.998740e-09 3.145295e-03 5.837653e-09 5.753682e-09 5.753682e-09 5.688225e-09 5.743768e-09 5.707705e-09 5.688225e-09 5.684991e-09 5.681761e-09 5.678535e-09 5.707705e-09 5.684991e-09 5.678535e-09 5.681761e-09 0.000000e+00 Royal
7.173529e-09 8.968520e-09 9.372946e-03 5.793685e-09 6.406086e-09 5.730602e-09 5.740471e-09 5.871932e-09 6.578882e-09 5.688225e-09 5.998740e-09 5.896167e-09 5.837653e-09 5.753682e-09 5.753682e-09 5.688225e-09 5.743768e-09 5.707705e-09 5.688225e-09 5.684991e-09 5.681761e-09 5.678535e-09 5.707705e-09 5.684991e-09 5.678535e-09 5.681761e-09 0.000000e+00 1977
7.173529e-09 8.968520e-09 5.800406e-09 5.793685e-09 6.406086e-09 5.730602e-09 5.740471e-09 5.871932e-09 6.578882e-09 5.688225e-09 5.998740e-09 5.896167e-09 1.411305e-02 5.753682e-09 5.753682e-09 5.688225e-09 5.743768e-09 5.707705e-09 5.688225e-09 5.684991e-09 5.681761e-09 5.678535e-09 5.707705e-09 5.684991e-09 5.678535e-09 5.681761e-09 0.000000e+00 ser.
4.524765e-03 8.968520e-09 5.800406e-09 5.793685e-09 6.406086e-09 5.730602e-09 5.740471e-09 5.871932e-09 6.578882e-09 5.688225e-09 5.998740e-09 5.896167e-09 1.411305e-02 5.753682e-09 5.753682e-09 5.688225e-09 5.743768e-09 5.707705e-09 5.688225e-09 5.684991e-09 5.681761e-09 5.678535e-09 5.707705e-09 5.684991e-09 5.678535e-09 5.681761e-09 0.000000e+00 B.
7.173529e-09 8.968520e-09 5.800406e-09 5.793685e-09 6.406086e-09 5.730602e-09 5.740471e-09 5.871932e-09 6.578882e-09 5.688225e-09 5.998740e-09 5.896167e-09 4.233915e-02 5.753682e-09 5.753682e-09 5.688225e-09 5.743768e-09 5.707705e-09 5.688225e-09 5.684991e-09 5.681761e-09 5.678535e-09 5.707705e-09 5.684991e-09 5.678535e-09 5.681761e-09 0.000000e+00 39
7.173529e-09 8.968520e-09 5.800406e-09 5.793685e-09 6.406086e-09 5.730602e-09 5.740471e-09 5.871932e-09 6.614026e-03 5.688225e-09 5.998740e-09 5.896167e-09 5.837653e-09 5.753682e-09 5.753682e-09 5.688225e-09 5.743768e-09 5.707705e-09 5.688225e-09 5.684991e-09 5.681761e-09 5.678535e-09 5.707705e-09 5.684991e-09 5.678535e-09 5.681761e-09 0.000000e+00 38
7.541275e-04 8.968520e-09 5.800406e-09 5.793685e-09 6.406086e-09 5.730602e-09 5.740471e-09 5.871932e-09 6.578882e-09 5.688225e-09 5.998740e-09 5.896167e-09 5.837653e-09 5.753682e-09 5.753682e-09 5.688225e-09 5.743768e-09 5.707705e-09 5.688225e-09 5.684991e-09 5.681761e-09 5.678535e-09 5.707705e-09 5.684991e-09 5.678535e-09 5.681761e-09 0.000000e+00 P.A.
7.541275e-04 8.968520e-09 5.800406e-09 5.793685e-09 6.406086e-09 5.730602e-09 5.740471e-09 5.871932e-09 6.578882e-09 5.688225e-09 5.998740e-09 5.896167e-09 5.837653e-09 5.753682e-09 5.753682e-09 5.688225e-09 5.743768e-09 5.707705e-09 5.688225e-09 5.684991e-09 5.681761e-09 5.678535e-09 5.707705e-09 5.684991e-09 5.678535e-09 5.681761e-09 0.000000e+00 Devijver
7.173529e-09 5.844468e-04 5.800406e-09 5.793685e-09 6.406086e-09 5.730602e-09 5.740471e-09 5.871932e-09 6.578882e-09 5.688225e-09 5.998740e-09 5.896167e-09 5.837653e-09 5.753682e-09 5.753682e-09 5.688225e-09 5.743768e-09 5.707705e-09 5.688225e-09 5.684991e-09 5.681761e-09 5.678535e-09 5.707705e-09 5.684991e-09 5.678535e-09 5.681761e-09 0.000000e+00 Baum's
7.173529e-09 5.844468e-04 5.800406e-09 5.793685e-09 6.406086e-09 5.730602e-09 5.740471e-09 5.871932e-09 6.578882e-09 5.688225e-09 5.998740e-09 5.896167e-09 5.837653e-09 5.753682e-09 5.753682e-09 5.688225e-09 5.743768e-09 5.707705e-09 5.688225e-09 5.684991e-09 5.681761e-09 5.678535e-09 5.707705e-09 5.684991e-09 5.678535e-09 5.681761e-09 0.000000e+00 forward-backward
7.173529e-09 5.844468e-04 5.800406e-09 5.793685e-09 6.406086e-09 5.730602e-09 5.740471e-09 5.871932e-09 6.578882e-09 5.688225e-09 5.998740e-09 5.896167e-09 5.837653e-09 5.753682e-09 5.753682e-09 5.688225e-09 5.743768e-09 5.707705e-09 5.688225e-09 5.684991e-09 5.681761e-09 5.678535e-09 5.707705e-09 5.684991e-09 5.678535e-09 5.681761e-09 0.000000e+00 revisited
7.173529e-09 8.968520e-09 9.372946e-03 5.793685e-09 6.406086e-09 5.730602e-09 5.740471e-09 5.871932e-09 6.578882e-09 5.688225e-09 5.998740e-09 5.896167e-09 5.837653e-09 5.753682e-09 5.753682e-09 5.688225e-09 5.743768e-09 5.707705e-09 5.688225e-09 5.684991e-09 5.681761e-09 5.678535e-09 5.707705e-09 5.684991e-09 5.678535e-09 5.681761e-09 0.000000e+00 1985
7.173529e-09 8.968520e-09 5.800406e-09 5.793685e-09 6.406086e-09 5.730602e-09 5.740471e-09 5.871932e-09 3.307013e-03 5.688225e-09 5.998740e-09 5.896167e-09 5.837653e-09 5.753682e-09 5.753682e-09 5.688225e-09 5.743768e-09 5.707705e-09 5.688225e-09 5.684991e-09 5.681761e-09 5.678535e-09 5.707705e-09 5.684991e-09 5.678535e-09 5.681761e-09 0.000000e+00 369
7.173529e-09 8.968520e-09 5.800406e-09 5.793685e-09 6.406086e-09 5.730602e-09 5.740471e-09 5.871932e-09 6.614026e-03 5.688225e-09 5.998740e-09 5.896167e-09 5.837653e-09 5.753682e-09 5.753682e-09 5.688225e-09 5.743768e-09 5.707705e-09 5.688225e-09 5.684991e-09 5.681761e-09 5.678535e-09 5.707705e-09 5.684991e-09 5.678535e-09 5.681761e-09 0.000000e+00 373
7.173529e-09 5.844468e-04 5.800406e-09 5.793685e-09 6.406086e-09 5.730602e-09 5.740471e-09 5.871932e-09 6.578882e-09 5.688225e-09 5.998740e-09 5.896167e-09 5.837653e-09 5.753682e-09 5.753682e-09 5.688225e-09 5.743768e-09 5.707705e-09 5.688225e-09 5.684991e-09 5.681761e-09 5.678535e-09 5.707705e-09 5.684991e-09 5.678535e-09 5.681761e-09 0.000000e+00 Acoustic
7.173529e-09 5.844468e-04 5.800406e-09 5.793685e-09 6.406086e-09 5.730602e-09 5.740471e-09 5.871932e-09 6.578882e-09 5.688225e-09 5.998740e-09 5.896167e-09 5.837653e-09 5.753682e-09 5.753682e-09 5.688225e-09 5.743768e-09 5.707705e-09 5.688225e-09 5.684991e-09 5.681761e-09 5.678535e-09 5.707705e-09 5.684991e-09 5.678535e-09 5.681761e-09 0.000000e+00 syntactical
7.173529e-09 8.968520e-09 5.800406e-09 5.793685e-09 1.142065e-03 5.730602e-09 5.740471e-09 5.871932e-09 6.578882e-09 5.688225e-09 5.998740e-09 5.896167e-09 5.837653e-09 5.753682e-09 5.753682e-09 5.688225e-09 5.743768e-09 5.707705e-09 5.688225e-09 5.684991e-09 5.681761e-09 5.678535e-09 5.707705e-09 5.684991e-09 5.678535e-09 5.681761e-09 0.000000e+00 ICASSP'99
7.173529e-09 8.968520e-09 5.800406e-09 5.793685e-09 6.406086e-09 5.730602e-09 5.740471e-09 5.871932e-09 6.578882e-09 5.688225e-09 7.250385e-03 5.896167e-09 5.837653e-09 5.753682e-09 5.753682e-09 5.688225e-09 5.743768e-09 5.707705e-09 5.688225e-09 5.684991e-09 5.681761e-09 5.678535e-09 5.707705e-09 5.684991e-09 5.678535e-09 5.681761e-09 0.000000e+00 Phoenix
7.173529e-09 8.968520e-09 5.800406e-09 5.793685e-09 6.406086e-09 5.730602e-09 5.740471e-09 5.871932e-09 6.578882e-09 5.688225e-09 7.250385e-03 5.896167e-09 5.837653e-09 5.753682e-09 5.753682e-09 5.688225e-09 5.743768e-09 5.707705e-09 5.688225e-09 5.684991e-09 5.681761e-09 5.678535e-09 5.707705e-09 5.684991e-09 5.678535e-09 5.681761e-09 0.000000e+00 (Arizona)
7.173529e-09 8.968520e-09 5.800406e-09 5.793685e-09 6.406086e-09 5.730602e-09 5.740471e-09 5.871932e-09 3.307013e-03 5.688225e-09 5.998740e-09 5.896167e-09 5.837653e-09 5.753682e-09 5.753682e-09 5.688225e-09 5.743768e-09 5.707705e-09 5.688225e-09 5.684991e-09 5.681761e-09 5.678535e-09 5.707705e-09 5.684991e-09 5.678535e-09 5.681761e-09 0.000000e+00 641
7.173529e-09 8.968520e-09 5.800406e-09 5.793685e-09 6.406086e-09 5.730602e-09 5.740471e-09 5.871932e-09 3.307013e-03 5.688225e-09 5.998740e-09 5.896167e-09 5.837653e-09 5.753682e-09 5.753682e-09 5.688225e-09 5.743768e-09 5.707705e-09 5.688225e-09 5.684991e-09 5.681761e-09 5.678535e-09 5.707705e-09 5.684991e-09 5.678535e-09 5.681761e-09 0.000000e+00 644
7.541275e-04 8.968520e-09 5.800406e-09 5.793685e-09 6.406086e-09 5.730602e-09 5.740471e-09 5.871932e-09 6.578882e-09 5.688225e-09 5.998740e-09 5.896167e-09 5.837653e-09 5.753682e-09 5.753682e-09 5.688225e-09 5.743768e-09 5.707705e-09 5.688225e-09 5.684991e-09 5.681761e-09 5.678535e-09 5.707705e-09 5.684991e-09 5.678535e-09 5.681761e-09 0.000000e+00 Duda
7.541275e-04 8.968520e-09 5.800406e-09 5.793685e-09 6.406086e-09 5.730602e-09 5.740471e-09 5.871932e-09 6.578882e-09 5.688225e-09 5.998740e-09 5.896167e-09 5.837653e-09 5.753682e-09 5.753682e-09 5.688225e-09 5.743768e-09 5.707705e-09 5.688225e-09 5.684991e-09 5.681761e-09 5.678535e-09 5.707705e-09 5.684991e-09 5.678535e-09 5.681761e-09 0.000000e+00 Hart
7.173529e-09 5.844468e-04 5.800406e-09 5.793685e-09 6.406086e-09 5.730602e-09 5.740471e-09 5.871932e-09 6.578882e-09 5.688225e-09 5.998740e-09 5.896167e-09 5.837653e-09 5.753682e-09 5.753682e-09 5.688225e-09 5.743768e-09 5.707705e-09 5.688225e-09 5.684991e-09 5.681761e-09 5.678535e-09 5.707705e-09 5.684991e-09 5.678535e-09 5.681761e-09 0.000000e+00 Classification
7.173529e-09 5.844468e-04 5.800406e-09 5.793685e-09 6.406086e-09 5.730602e-09 5.740471e-09 5.871932e-09 6.578882e-09 5.688225e-09 5.998740e-09 5.896167e-09 5.837653e-09 5.753682e-09 5.753682e-09 5.688225e-09 5.743768e-09 5.707705e-09 5.688225e-09 5.684991e-09 5.681761e-09 5.678535e-09 5.707705e-09 5.684991e-09 5.678535e-09 5.681761e-09 0.000000e+00 Scene
1.508255e-03 8.968520e-09 5.800406e-09 5.793685e-09 6.406086e-09 5.730602e-09 5.740471e-09 5.871932e-09 6.578882e-09 5.688225e-09 5.998740e-09 5.896167e-09 5.837653e-09 5.753682e-09 5.753682e-09 5.688225e-09 5.743768e-09 5.707705e-09 5.688225e-09 5.684991e-09 5.681761e-09 5.678535e-09 5.707705e-09 5.684991e-09 5.678535e-09 5.681761e-09 0.000000e+00 Dupont
7.173529e-09 2.337787e-03 5.800406e-09 5.793685e-09 6.406086e-09 5.730602e-09 5.740471e-09 5.871932e-09 6.578882e-09 5.688225e-09 5.998740e-09 5.896167e-09 5.837653e-09 5.753682e-09 5.753682e-09 5.688225e-09 5.743768e-09 5.707705e-09 5.688225e-09 5.684991e-09 5.681761e-09 5.678535e-09 5.707705e-09 5.684991e-09 5.678535e-09 5.681761e-09 0.000000e+00 Efficient
7.173529e-09 5.844468e-04 5.800406e-09 5.793685e-09 6.406086e-09 5.730602e-09 5.740471e-09 5.871932e-09 6.578882e-09 5.688225e-09 5.998740e-09 5.896167e-09 5.837653e-09 5.753682e-09 5.753682e-09 5.688225e-09 5.743768e-09 5.707705e-09 5.688225e-09 5.684991e-09 5.681761e-09 5.678535e-09 5.707705e-09 5.684991e-09 5.678535e-09 5.681761e-09 0.000000e+00 Integration
7.173529e-09 1.168894e-03 5.800406e-09 5.793685e-09 6.406086e-09 5.730602e-09 5.740471e-09 5.871932e-09 6.578882e-09 5.688225e-09 5.998740e-09 5.896167e-09 5.837653e-09 5.753682e-09 5.753682e-09 5.688225e-09 5.743768e-09 5.707705e-09 5.688225e-09 5.684991e-09 5.681761e-09 5.678535e-09 5.707705e-09 5.684991e-09 5.678535e-09 5.681761e-09 0.000000e+00 Based
7.173529e-09 8.968520e-09 5.800406e-09 5.793685e-09 6.852391e-03 5.730602e-09 5.740471e-09 5.871932e-09 6.578882e-09 5.688225e-09 5.998740e-09 5.896167e-09 5.837653e-09 5.753682e-09 5.753682e-09 5.688225e-09 5.743768e-09 5.707705e-09 5.688225e-09 5.684991e-09 5.681761e-09 5.678535e-09 5.707705e-09 5.684991e-09 5.678535e-09 5.681761e-09 0.000000e+00 Advances
7.173529e-09 8.968520e-09 5.800406e-09 5.793685e-09 1.142065e-03 5.730602e-09 5.740471e-09 5.871932e-09 6.578882e-09 5.688225e-09 5.998740e-09 5.896167e-09 5.837653e-09 5.753682e-09 5.753682e-09 5.688225e-09 5.743768e-09 5.707705e-09 5.688225e-09 5.684991e-09 5.681761e-09 5.678535e-09 5.707705e-09 5.684991e-09 5.678535e-09 5.681761e-09 0.000000e+00 Trends
7.173529e-09 8.968520e-09 5.800406e-09 5.793685e-09 1.142065e-03 5.730602e-09 5.740471e-09 5.871932e-09 6.578882e-09 5.688225e-09 5.998740e-09 5.896167e-09 5.837653e-09 5.753682e-09 5.753682e-09 5.688225e-09 5.743768e-09 5.707705e-09 5.688225e-09 5.684991e-09 5.681761e-09 5.678535e-09 5.707705e-09 5.684991e-09 5.678535e-09 5.681761e-09 0.000000e+00 Coding
7.173529e-09 8.968520e-09 5.800406e-09 5.793685e-09 6.406086e-09 2.461867e-02 5.740471e-09 5.871932e-09 6.578882e-09 5.688225e-09 5.998740e-09 5.896167e-09 5.837653e-09 5.753682e-09 5.753682e-09 5.688225e-09 5.743768e-09 5.707705e-09 5.688225e-09 5.684991e-09 5.681761e-09 5.678535e-09 5.707705e-09 5.684991e-09 5.678535e-09 5.681761e-09 0.000000e+00 NATO
7.173529e-09 8.968520e-09 5.800406e-09 5.793685e-09 6.406086e-09 2.461867e-02 5.740471e-09 5.871932e-09 6.578882e-09 5.688225e-09 5.998740e-09 5.896167e-09 5.837653e-09 5.753682e-09 5.753682e-09 5.688225e-09 5.743768e-09 5.707705e-09 5.688225e-09 5.684991e-09 5.681761e-09 5.678535e-09 5.707705e-09 5.684991e-09 5.678535e-09 5.681761e-09 0.000000e+00 ASI
7.173529e-09 8.968520e-09 5.800406e-09 5.793685e-09 6.406086e-09 5.730602e-09 5.740471e-09 5.871932e-09 3.307013e-03 5.688225e-09 5.998740e-09 5.896167e-09 5.837653e-09 5.753682e-09 5.753682e-09 5.688225e-09 5.743768e-09 5.707705e-09 5.688225e-09 5.684991e-09 5.681761e-09 5.678535e-09 5.707705e-09 5.684991e-09 5.678535e-09 5.681761e-09 0.000000e+00 182
7.173529e-09 5.844468e-04 5.800406e-09 5.793685e-09 6.406086e-09 5.730602e-09 5.740471e-09 5.871932e-09 6.578882e-09 5.688225e-09 5.998740e-09 5.896167e-09 5.837653e-09 5.753682e-09 5.753682e-09 5.688225e-09 5.743768e-09 5.707705e-09 5.688225e-09 5.684991e-09 5.681761e-09 5.678535e-09 5.707705e-09 5.684991e-09 5.678535e-09 5.681761e-09 0.000000e+00 Utilisation
1.508419e-03 5.843195e-04 5.800406e-09 5.793685e-09 6.406086e-09 5.730602e-09 5.740471e-09 5.871932e-09 6.578882e-09 5.688225e-09 5.998740e-09 5.896167e-09 5.837653e-09 5.753682e-09 5.753682e-09 5.688225e-09 5.743768e-09 5.707705e-09 5.688225e-09 5.684991e-09 5.681761e-09 5.678535e-09 5.707705e-09 5.684991e-09 5.678535e-09 5.681761e-09 0.000000e+00 et
7.173529e-09 5.844468e-04 5.800406e-09 5.793685e-09 6.406086e-09 5.730602e-09 5.740471e-09 5.871932e-09 6.578882e-09 5.688225e-09 5.998740e-09 5.896167e-09 5.837653e-09 5.753682e-09 5.753682e-09 5.688225e-09 5.743768e-09 5.707705e-09 5.688225e-09 5.684991e-09 5.681761e-09 5.678535e-09 5.707705e-09 5.684991e-09 5.678535e-09 5.681761e-09 0.000000e+00 apprentissage
7.173529e-09 5.844468e-04 5.800406e-09 5.793685e-09 6.406086e-09 5.730602e-09 5.740471e-09 5.871932e-09 6.578882e-09 5.688225e-09 5.998740e-09 5.896167e-09 5.837653e-09 5.753682e-09 5.753682e-09 5.688225e-09 5.743768e-09 5.707705e-09 5.688225e-09 5.684991e-09 5.681761e-09 5.678535e-09 5.707705e-09 5.684991e-09 5.678535e-09 5.681761e-09 0.000000e+00 modèle
7.173529e-09 5.844468e-04 5.800406e-09 5.793685e-09 6.406086e-09 5.730602e-09 5.740471e-09 5.871932e-09 6.578882e-09 5.688225e-09 5.998740e-09 5.896167e-09 5.837653e-09 5.753682e-09 5.753682e-09 5.688225e-09 5.743768e-09 5.707705e-09 5.688225e-09 5.684991e-09 5.681761e-09 5.678535e-09 5.707705e-09 5.684991e-09 5.678535e-09 5.681761e-09 0.000000e+00 langage
7.173529e-09 5.844468e-04 5.800406e-09 5.793685e-09 6.406086e-09 5.730602e-09 5.740471e-09 5.871932e-09 6.578882e-09 5.688225e-09 5.998740e-09 5.896167e-09 5.837653e-09 5.753682e-09 5.753682e-09 5.688225e-09 5.743768e-09 5.707705e-09 5.688225e-09 5.684991e-09 5.681761e-09 5.678535e-09 5.707705e-09 5.684991e-09 5.678535e-09 5.681761e-09 0.000000e+00 pour
7.173529e-09 5.844468e-04 5.800406e-09 5.793685e-09 6.406086e-09 5.730602e-09 5.740471e-09 5.871932e-09 6.578882e-09 5.688225e-09 5.998740e-09 5.896167e-09 5.837653e-09 5.753682e-09 5.753682e-09 5.688225e-09 5.743768e-09 5.707705e-09 5.688225e-09 5.684991e-09 5.681761e-09 5.678535e-09 5.707705e-09 5.684991e-09 5.678535e-09 5.681761e-09 0.000000e+00 reconnaissance
7.173529e-09 5.844468e-04 5.800406e-09 5.793685e-09 6.406086e-09 5.730602e-09 5.740471e-09 5.871932e-09 6.578882e-09 5.688225e-09 5.998740e-09 5.896167e-09 5.837653e-09 5.753682e-09 5.753682e-09 5.688225e-09 5.743768e-09 5.707705e-09 5.688225e-09 5.684991e-09 5.681761e-09 5.678535e-09 5.707705e-09 5.684991e-09 5.678535e-09 5.681761e-09 0.000000e+00 parole
7.173529e-09 5.844468e-04 5.800406e-09 5.793685e-09 6.406086e-09 5.730602e-09 5.740471e-09 5.871932e-09 6.578882e-09 5.688225e-09 5.998740e-09 5.896167e-09 5.837653e-09 5.753682e-09 5.753682e-09 5.688225e-09 5.743768e-09 5.707705e-09 5.688225e-09 5.684991e-09 5.681761e-09 5.678535e-09 5.707705e-09 5.684991e-09 5.678535e-09 5.681761e-09 0.000000e+00 continue
7.173529e-09 8.968520e-09 5.800406e-09 5.793685e-09 6.406086e-09 5.730602e-09 5.740471e-09 5.871932e-09 6.578882e-09 5.688225e-09 5.998740e-09 5.896167e-09 5.837653e-09 5.753682e-09 5.753682e-09 5.688225e-09 3.131487e-02 5.707705e-09 5.688225e-09 5.684991e-09 5.681761e-09 5.678535e-09 5.707705e-09 5.684991e-09 5.678535e-09 5.681761e-09 0.000000e+00 ?
7.541275e-04 8.968520e-09 5.800406e-09 5.793685e-09 6.406086e-09 5.730602e-09 5.740471e-09 5.871932e-09 6.578882e-09 5.688225e-09 5.998740e-09 5.896167e-09 5.837653e-09 5.753682e-09 5.753682e-09 5.688225e-09 5.743768e-09 5.707705e-09 5.688225e-09 5.684991e-09 5.681761e-09 5.678535e-09 5.707705e-09 5.684991e-09 5.678535e-09 5.681761e-09 0.000000e+00 Durbin
7.541275e-04 8.968520e-09 5.800406e-09 5.793685e-09 6.406086e-09 5.730602e-09 5.740471e-09 5.871932e-09 6.578882e-09 5.688225e-09 5.998740e-09 5.896167e-09 5.837653e-09 5.753682e-09 5.753682e-09 5.688225e-09 5.743768e-09 5.707705e-09 5.688225e-09 5.684991e-09 5.681761e-09 5.678535e-09 5.707705e-09 5.684991e-09 5.678535e-09 5.681761e-09 0.000000e+00 Eddy
7.541275e-04 8.968520e-09 5.800406e-09 5.793685e-09 6.406086e-09 5.730602e-09 5.740471e-09 5.871932e-09 6.578882e-09 5.688225e-09 5.998740e-09 5.896167e-09 5.837653e-09 5.753682e-09 5.753682e-09 5.688225e-09 5.743768e-09 5.707705e-09 5.688225e-09 5.684991e-09 5.681761e-09 5.678535e-09 5.707705e-09 5.684991e-09 5.678535e-09 5.681761e-09 0.000000e+00 Krogh
7.541275e-04 8.968520e-09 5.800406e-09 5.793685e-09 6.406086e-09 5.730602e-09 5.740471e-09 5.871932e-09 6.578882e-09 5.688225e-09 5.998740e-09 5.896167e-09 5.837653e-09 5.753682e-09 5.753682e-09 5.688225e-09 5.743768e-09 5.707705e-09 5.688225e-09 5.684991e-09 5.681761e-09 5.678535e-09 5.707705e-09 5.684991e-09 5.678535e-09 5.681761e-09 0.000000e+00 Mitchison
7.173529e-09 5.844468e-04 5.800406e-09 5.793685e-09 6.406086e-09 5.730602e-09 5.740471e-09 5.871932e-09 6.578882e-09 5.688225e-09 5.998740e-09 5.896167e-09 5.837653e-09 5.753682e-09 5.753682e-09 5.688225e-09 5.743768e-09 5.707705e-09 5.688225e-09 5.684991e-09 5.681761e-09 5.678535e-09 5.707705e-09 5.684991e-09 5.678535e-09 5.681761e-09 0.000000e+00 Biological
7.173529e-09 5.844468e-04 5.800406e-09 5.793685e-09 6.406086e-09 5.730602e-09 5.740471e-09 5.871932e-09 6.578882e-09 5.688225e-09 5.998740e-09 5.896167e-09 5.837653e-09 5.753682e-09 5.753682e-09 5.688225e-09 5.743768e-09 5.707705e-09 5.688225e-09 5.684991e-09 5.681761e-09 5.678535e-09 5.707705e-09 5.684991e-09 5.678535e-09 5.681761e-09 0.000000e+00 sequence
7.173529e-09 5.844468e-04 5.800406e-09 5.793685e-09 6.406086e-09 5.730602e-09 5.740471e-09 5.871932e-09 6.578882e-09 5.688225e-09 5.998740e-09 5.896167e-09 5.837653e-09 5.753682e-09 5.753682e-09 5.688225e-09 5.743768e-09 5.707705e-09 5.688225e-09 5.684991e-09 5.681761e-09 5.678535e-09 5.707705e-09 5.684991e-09 5.678535e-09 5.681761e-09 0.000000e+00 analysis:
7.173529e-09 1.168894e-03 5.800406e-09 5.793685e-09 6.406086e-09 5.730602e-09 5.740471e-09 5.871932e-09 6.578882e-09 5.688225e-09 5.998740e-09 5.896167e-09 5.837653e-09 5.753682e-09 5.753682e-09 5.688225e-09 5.743768e-09 5.707705e-09 5.688225e-09 5.684991e-09 5.681761e-09 5.678535e-09 5.707705e-09 5.684991e-09 5.678535e-09 5.681761e-09 0.000000e+00 probabilistic
7.173529e-09 5.844468e-04 5.800406e-09 5.793685e-09 6.406086e-09 5.730602e-09 5.740471e-09 5.871932e-09 6.578882e-09 5.688225e-09 5.998740e-09 5.896167e-09 5.837653e-09 5.753682e-09 5.753682e-09 5.688225e-09 5.743768e-09 5.707705e-09 5.688225e-09 5.684991e-09 5.681761e-09 5.678535e-09 5.707705e-09 5.684991e-09 5.678535e-09 5.681761e-09 0.000000e+00 proteins
7.173529e-09 5.844468e-04 5.800406e-09 5.793685e-09 6.406086e-09 5.730602e-09 5.740471e-09 5.871932e-09 6.578882e-09 5.688225e-09 5.998740e-09 5.896167e-09 5.837653e-09 5.753682e-09 5.753682e-09 5.688225e-09 5.743768e-09 5.707705e-09 5.688225e-09 5.684991e-09 5.681761e-09 5.678535e-09 5.707705e-09 5.684991e-09 5.678535e-09 5.681761e-09 0.000000e+00 nucleic
7.173529e-09 5.844468e-04 5.800406e-09 5.793685e-09 6.406086e-09 5.730602e-09 5.740471e-09 5.871932e-09 6.578882e-09 5.688225e-09 5.998740e-09 5.896167e-09 5.837653e-09 5.753682e-09 5.753682e-09 5.688225e-09 5.743768e-09 5.707705e-09 5.688225e-09 5.684991e-09 5.681761e-09 5.678535e-09 5.707705e-09 5.684991e-09 5.678535e-09 5.681761e-09 0.000000e+00 acids
7.173529e-09 8.968520e-09 5.800406e-09 2.029445e-02 6.406086e-09 5.730602e-09 5.740471e-09 5.871932e-09 6.578882e-09 5.688225e-09 5.998740e-09 5.896167e-09 5.837653e-09 5.753682e-09 5.753682e-09 5.688225e-09 5.743768e-09 5.707705e-09 5.688225e-09 5.684991e-09 5.681761e-09 5.678535e-09 5.707705e-09 5.684991e-09 5.678535e-09 5.681761e-09 0.000000e+00 Cambridge
7.541275e-04 8.968520e-09 5.800406e-09 5.793685e-09 6.406086e-09 5.730602e-09 5.740471e-09 5.871932e-09 6.578882e-09 5.688225e-09 5.998740e-09 5.896167e-09 5.837653e-09 5.753682e-09 5.753682e-09 5.688225e-09 5.743768e-09 5.707705e-09 5.688225e-09 5.684991e-09 5.681761e-09 5.678535e-09 5.707705e-09 5.684991e-09 5.678535e-09 5.681761e-09 0.000000e+00 Earley
7.173529e-09 5.844468e-04 5.800406e-09 5.793685e-09 6.406086e-09 5.730602e-09 5.740471e-09 5.871932e-09 6.578882e-09 5.688225e-09 5.998740e-09 5.896167e-09 5.837653e-09 5.753682e-09 5.753682e-09 5.688225e-09 5.743768e-09 5.707705e-09 5.688225e-09 5.684991e-09 5.681761e-09 5.678535e-09 5.707705e-09 5.684991e-09 5.678535e-09 5.681761e-09 0.000000e+00 efficient
7.173529e-09 8.968520e-09 4.686473e-03 5.793685e-09 6.406086e-09 5.730602e-09 5.740471e-09 5.871932e-09 6.578882e-09 5.688225e-09 5.998740e-09 5.896167e-09 5.837653e-09 5.753682e-09 5.753682e-09 5.688225e-09 5.743768e-09 5.707705e-09 5.688225e-09 5.684991e-09 5.681761e-09 5.678535e-09 5.707705e-09 5.684991e-09 5.678535e-09 5.681761e-09 0.000000e+00 1970
7.173529e-09 8.968520e-09 5.800406e-09 5.793685e-09 6.406086e-09 5.730602e-09 5.740471e-09 5.871932e-09 3.307013e-03 5.688225e-09 5.998740e-09 5.896167e-09 5.837653e-09 5.753682e-09 5.753682e-09 5.688225e-09 5.743768e-09 5.707705e-09 5.688225e-09 5.684991e-09 5.681761e-09 5.678535e-09 5.707705e-09 5.684991e-09 5.678535e-09 5.681761e-09 0.000000e+00 451
7.173529e-09 8.968520e-09 5.800406e-09 5.793685e-09 6.406086e-09 5.730602e-09 5.740471e-09 5.871932e-09 3.307013e-03 5.688225e-09 5.998740e-09 5.896167e-09 5.837653e-09 5.753682e-09 5.753682e-09 5.688225e-09 5.743768e-09 5.707705e-09 5.688225e-09 5.684991e-09 5.681761e-09 5.678535e-09 5.707705e-09 5.684991e-09 5.678535e-09 5.681761e-09 0.000000e+00 455
6.787148e-03 8.968520e-09 5.800406e-09 5.793685e-09 6.406086e-09 5.730602e-09 5.740471e-09 5.871932e-09 6.578882e-09 5.688225e-09 5.998740e-09 5.896167e-09 5.837653e-09 5.753682e-09 5.753682e-09 5.688225e-09 5.743768e-09 5.707705e-09 5.688225e-09 5.684991e-09 5.681761e-09 5.678535e-09 5.707705e-09 5.684991e-09 5.678535e-09 5.681761e-09 0.000000e+00 Y.
2.262383e-03 8.968520e-09 5.800406e-09 5.793685e-09 6.406086e-09 5.730602e-09 5.740471e-09 5.871932e-09 6.578882e-09 5.688225e-09 5.998740e-09 5.896167e-09 5.837653e-09 5.753682e-09 5.753682e-09 5.688225e-09 5.743768e-09 5.707705e-09 5.688225e-09 5.684991e-09 5.681761e-09 5.678535e-09 5.707705e-09 5.684991e-09 5.678535e-09 5.681761e-09 0.000000e+00 Ephraim
1.508255e-03 8.968520e-09 5.800406e-09 5.793685e-09 6.406086e-09 5.730602e-09 5.740471e-09 5.871932e-09 6.578882e-09 5.688225e-09 5.998740e-09 5.896167e-09 5.837653e-09 5.753682e-09 5.753682e-09 5.688225e-09 5.743768e-09 5.707705e-09 5.688225e-09 5.684991e-09 5.681761e-09 5.678535e-09 5.707705e-09 5.684991e-09 5.678535e-09 5.681761e-09 0.000000e+00 Rabiner
7.173529e-09 5.844468e-04 5.800406e-09 5.793685e-09 6.406086e-09 5.730602e-09 5.740471e-09 5.871932e-09 6.578882e-09 5.688225e-09 5.998740e-09 5.896167e-09 5.837653e-09 5.753682e-09 5.753682e-09 5.688225e-09 5.743768e-09 5.707705e-09 5.688225e-09 5.684991e-09 5.681761e-09 5.678535e-09 5.707705e-09 5.684991e-09 5.678535e-09 5.681761e-09 0.000000e+00 relation
7.173529e-09 1.753341e-03 5.800406e-09 5.793685e-09 6.406086e-09 5.730602e-09 5.740471e-09 5.871932e-09 6.578882e-09 5.688225e-09 5.998740e-09 5.896167e-09 5.837653e-09 5.753682e-09 5.753682e-09 5.688225e-09 5.743768e-09 5.707705e-09 5.688225e-09 5.684991e-09 5.681761e-09 5.678535e-09 5.707705e-09 5.684991e-09 5.678535e-09 5.681761e-09 0.000000e+00 between
7.173529e-09 8.968520e-09 5.800406e-09 5.793685e-09 6.406086e-09 5.730602e-09 5.740471e-09 5.871932e-09 6.578882e-09 5.688225e-09 5.998740e-09 5.896167e-09 1.411305e-02 5.753682e-09 5.753682e-09 5.688225e-09 5.743768e-09 5.707705e-09 5.688225e-09 5.684991e-09 5.681761e-09 5.678535e-09 5.707705e-09 5.684991e-09 5.678535e-09 5.681761e-09 0.000000e+00 36
7.173529e-09 8.968520e-09 5.800406e-09 5.793685e-09 6.406086e-09 5.730602e-09 5.740471e-09 5.871932e-09 3.307013e-03 5.688225e-09 5.998740e-09 5.896167e-09 5.837653e-09 5.753682e-09 5.753682e-09 5.688225e-09 5.743768e-09 5.707705e-09 5.688225e-09 5.684991e-09 5.681761e-09 5.678535e-09 5.707705e-09 5.684991e-09 5.678535e-09 5.681761e-09 0.000000e+00 372
7.173529e-09 8.968520e-09 5.800406e-09 5.793685e-09 6.406086e-09 5.730602e-09 5.740471e-09 5.871932e-09 3.307013e-03 5.688225e-09 5.998740e-09 5.896167e-09 5.837653e-09 5.753682e-09 5.753682e-09 5.688225e-09 5.743768e-09 5.707705e-09 5.688225e-09 5.684991e-09 5.681761e-09 5.678535e-09 5.707705e-09 5.684991e-09 5.678535e-09 5.681761e-09 0.000000e+00 380
7.541275e-04 8.968520e-09 5.800406e-09 5.793685e-09 6.406086e-09 5.730602e-09 5.740471e-09 5.871932e-09 6.578882e-09 5.688225e-09 5.998740e-09 5.896167e-09 5.837653e-09 5.753682e-09 5.753682e-09 5.688225e-09 5.743768e-09 5.707705e-09 5.688225e-09 5.684991e-09 5.681761e-09 5.678535e-09 5.707705e-09 5.684991e-09 5.678535e-09 5.681761e-09 0.000000e+00 Feldman
7.541275e-04 8.968520e-09 5.800406e-09 5.793685e-09 6.406086e-09 5.730602e-09 5.740471e-09 5.871932e-09 6.578882e-09 5.688225e-09 5.998740e-09 5.896167e-09 5.837653e-09 5.753682e-09 5.753682e-09 5.688225e-09 5.743768e-09 5.707705e-09 5.688225e-09 5.684991e-09 5.681761e-09 5.678535e-09 5.707705e-09 5.684991e-09 5.678535e-09 5.681761e-09 0.000000e+00 Lakoff
3.016510e-03 8.968520e-09 5.800406e-09 5.793685e-09 6.406086e-09 5.730602e-09 5.740471e-09 5.871932e-09 6.578882e-09 5.688225e-09 5.998740e-09 5.896167e-09 5.837653e-09 5.753682e-09 5.753682e-09 5.688225e-09 5.743768e-09 5.707705e-09 5.688225e-09 5.684991e-09 5.681761e-09 5.678535e-09 5.707705e-09 5.684991e-09 5.678535e-09 5.681761e-09 0.000000e+00 Stolcke
7.541275e-04 8.968520e-09 5.800406e-09 5.793685e-09 6.406086e-09 5.730602e-09 5.740471e-09 5.871932e-09 6.578882e-09 5.688225e-09 5.998740e-09 5.896167e-09 5.837653e-09 5.753682e-09 5.753682e-09 5.688225e-09 5.743768e-09 5.707705e-09 5.688225e-09 5.684991e-09 5.681761e-09 5.678535e-09 5.707705e-09 5.684991e-09 5.678535e-09 5.681761e-09 0.000000e+00 S.H.
7.541275e-04 8.968520e-09 5.800406e-09 5.793685e-09 6.406086e-09 5.730602e-09 5.740471e-09 5.871932e-09 6.578882e-09 5.688225e-09 5.998740e-09 5.896167e-09 5.837653e-09 5.753682e-09 5.753682e-09 5.688225e-09 5.743768e-09 5.707705e-09 5.688225e-09 5.684991e-09 5.681761e-09 5.678535e-09 5.707705e-09 5.684991e-09 5.678535e-09 5.681761e-09 0.000000e+00 Weber
7.173529e-09 5.844468e-04 5.800406e-09 5.793685e-09 6.406086e-09 5.730602e-09 5.740471e-09 5.871932e-09 6.578882e-09 5.688225e-09 5.998740e-09 5.896167e-09 5.837653e-09 5.753682e-09 5.753682e-09 5.688225e-09 5.743768e-09 5.707705e-09 5.688225e-09 5.684991e-09 5.681761e-09 5.678535e-09 5.707705e-09 5.684991e-09 5.678535e-09 5.681761e-09 0.000000e+00 Miniature
7.173529e-09 5.844468e-04 5.800406e-09 5.793685e-09 6.406086e-09 5.730602e-09 5.740471e-09 5.871932e-09 6.578882e-09 5.688225e-09 5.998740e-09 5.896167e-09 5.837653e-09 5.753682e-09 5.753682e-09 5.688225e-09 5.743768e-09 5.707705e-09 5.688225e-09 5.684991e-09 5.681761e-09 5.678535e-09 5.707705e-09 5.684991e-09 5.678535e-09 5.681761e-09 0.000000e+00 Acquisition:
7.173529e-09 5.844468e-04 5.800406e-09 5.793685e-09 6.406086e-09 5.730602e-09 5.740471e-09 5.871932e-09 6.578882e-09 5.688225e-09 5.998740e-09 5.896167e-09 5.837653e-09 5.753682e-09 5.753682e-09 5.688225e-09 5.743768e-09 5.707705e-09 5.688225e-09 5.684991e-09 5.681761e-09 5.678535e-09 5.707705e-09 5.684991e-09 5.678535e-09 5.681761e-09 0.000000e+00 touchstone
7.173529e-09 5.844468e-04 5.800406e-09 5.793685e-09 6.406086e-09 5.730602e-09 5.740471e-09 5.871932e-09 6.578882e-09 5.688225e-09 5.998740e-09 5.896167e-09 5.837653e-09 5.753682e-09 5.753682e-09 5.688225e-09 5.743768e-09 5.707705e-09 5.688225e-09 5.684991e-09 5.681761e-09 5.678535e-09 5.707705e-09 5.684991e-09 5.678535e-09 5.681761e-09 0.000000e+00 cognitive
7.173529e-09 5.844468e-04 5.800406e-09 5.793685e-09 6.406086e-09 5.730602e-09 5.740471e-09 5.871932e-09 6.578882e-09 5.688225e-09 5.998740e-09 5.896167e-09 5.837653e-09 5.753682e-09 5.753682e-09 5.688225e-09 5.743768e-09 5.707705e-09 5.688225e-09 5.684991e-09 5.681761e-09 5.678535e-09 5.707705e-09 5.684991e-09 5.678535e-09 5.681761e-09 0.000000e+00 science
7.173529e-09 5.844468e-04 5.800406e-09 5.793685e-09 6.406086e-09 5.730602e-09 5.740471e-09 5.871932e-09 6.578882e-09 5.688225e-09 5.998740e-09 5.896167e-09 5.837653e-09 5.753682e-09 1.315777e-02 5.688225e-09 5.743768e-09 5.707705e-09 5.688225e-09 5.684991e-09 5.681761e-09 5.678535e-09 5.707705e-09 5.684991e-09 5.678535e-09 5.681761e-09 0.000000e+00 Institute
7.173529e-09 8.968520e-09 5.800406e-09 5.793685e-09 6.406086e-09 5.730602e-09 5.740471e-09 5.871932e-09 6.578882e-09 5.688225e-09 7.250385e-03 5.896167e-09 5.837653e-09 5.753682e-09 1.315777e-02 5.688225e-09 5.743768e-09 5.707705e-09 5.688225e-09 5.684991e-09 5.681761e-09 5.678535e-09 5.707705e-09 5.684991e-09 5.678535e-09 5.681761e-09 0.000000e+00 Berkeley
7.173529e-09 8.968520e-09 5.800406e-09 5.793685e-09 6.406086e-09 5.730602e-09 5.740471e-09 5.871932e-09 6.578882e-09 5.688225e-09 5.998740e-09 5.896167e-09 5.837653e-09 5.753682e-09 1.315777e-02 5.688225e-09 5.743768e-09 5.707705e-09 5.688225e-09 5.684991e-09 5.681761e-09 5.678535e-09 5.707705e-09 5.684991e-09 5.678535e-09 5.681761e-09 0.000000e+00 CA
7.173529e-09 8.968520e-09 5.800406e-09 5.793685e-09 6.406086e-09 5.730602e-09 5.740471e-09 5.871932e-09 6.578882e-09 5.688225e-09 5.998740e-09 5.896167e-09 5.837653e-09 1.180284e-02 5.753682e-09 5.688225e-09 5.743768e-09 5.707705e-09 5.688225e-09 5.684991e-09 5.681761e-09 5.678535e-09 5.707705e-09 5.684991e-09 5.678535e-09 5.681761e-09 0.000000e+00 TR-
7.173529e-09 8.968520e-09 5.800406e-09 5.793685e-09 6.406086e-09 5.730602e-09 5.740471e-09 5.871932e-09 6.578882e-09 5.688225e-09 5.998740e-09 5.896167e-09 5.837653e-09 1.180284e-02 5.753682e-09 5.688225e-09 5.743768e-09 5.707705e-09 5.688225e-09 5.684991e-09 5.681761e-09 5.678535e-09 5.707705e-09 5.684991e-09 5.678535e-09 5.681761e-09 0.000000e+00 90
7.173529e-09 8.968520e-09 5.800406e-09 5.793685e-09 6.406086e-09 5.730602e-09 5.740471e-09 5.871932e-09 6.578882e-09 5.688225e-09 5.998740e-09 5.896167e-09 5.837653e-09 1.180284e-02 5.753682e-09 5.688225e-09 5.743768e-09 5.707705e-09 5.688225e-09 5.684991e-09 5.681761e-09 5.678535e-09 5.707705e-09 5.684991e-09 5.678535e-09 5.681761e-09 0.000000e+00 009
7.541275e-04 8.968520e-09 5.800406e-09 5.793685e-09 6.406086e-09 5.730602e-09 5.740471e-09 5.871932e-09 6.578882e-09 5.688225e-09 5.998740e-09 5.896167e-09 5.837653e-09 5.753682e-09 5.753682e-09 5.688225e-09 5.743768e-09 5.707705e-09 5.688225e-09 5.684991e-09 5.681761e-09 5.678535e-09 5.707705e-09 5.684991e-09 5.678535e-09 5.681761e-09 0.000000e+00 G.D.
7.541275e-04 8.968520e-09 5.800406e-09 5.793685e-09 6.406086e-09 5.730602e-09 5.740471e-09 5.871932e-09 6.578882e-09 5.688225e-09 5.998740e-09 5.896167e-09 5.837653e-09 5.753682e-09 5.753682e-09 5.688225e-09 5.743768e-09 5.707705e-09 5.688225e-09 5.684991e-09 5.681761e-09 5.678535e-09 5.707705e-09 5.684991e-09 5.678535e-09 5.681761e-09 0.000000e+00 Forney
7.173529e-09 1.168894e-03 5.800406e-09 5.793685e-09 6.406086e-09 5.730602e-09 5.740471e-09 5.871932e-09 6.578882e-09 5.688225e-09 5.998740e-09 5.896167e-09 5.837653e-09 5.753682e-09 5.753682e-09 5.688225e-09 5.743768e-09 5.707705e-09 5.688225e-09 5.684991e-09 5.681761e-09 5.678535e-09 5.707705e-09 5.684991e-09 5.678535e-09 5.681761e-09 0.000000e+00 Viterbi
7.173529e-09 8.968520e-09 5.800406e-09 5.793685e-09 6.406086e-09 5.730602e-09 5.740471e-09 5.871932e-09 3.307013e-03 5.688225e-09 5.998740e-09 5.896167e-09 5.837653e-09 5.753682e-09 5.753682e-09 5.688225e-09 5.743768e-09 5.707705e-09 5.688225e-09 5.684991e-09 5.681761e-09 5.678535e-09 5.707705e-09 5.684991e-09 5.678535e-09 5.681761e-09 0.000000e+00 268
7.173529e-09 8.968520e-09 5.800406e-09 5.793685e-09 6.406086e-09 5.730602e-09 5.740471e-09 5.871932e-09 6.614026e-03 5.688225e-09 5.998740e-09 5.896167e-09 5.837653e-09 5.753682e-09 5.753682e-09 5.688225e-09 5.743768e-09 5.707705e-09 5.688225e-09 5.684991e-09 5.681761e-09 5.678535e-09 5.707705e-09 5.684991e-09 5.678535e-09 5.681761e-09 0.000000e+00 278
7.173529e-09 8.968520e-09 5.800406e-09 5.793685e-09 6.406086e-09 5.730602e-09 5.740471e-09 5.871932e-09 6.578882e-09 5.688225e-09 5.998740e-09 5.896167e-09 1.411305e-02 5.753682e-09 5.753682e-09 5.688225e-09 5.743768e-09 5.707705e-09 5.688225e-09 5.684991e-09 5.681761e-09 5.678535e-09 5.707705e-09 5.684991e-09 5.678535e-09 5.681761e-09 0.000000e+00 61(3)
7.541275e-04 8.968520e-09 5.800406e-09 5.793685e-09 6.406086e-09 5.730602e-09 5.740471e-09 5.871932e-09 6.578882e-09 5.688225e-09 5.998740e-09 5.896167e-09 5.837653e-09 5.753682e-09 5.753682e-09 5.688225e-09 5.743768e-09 5.707705e-09 5.688225e-09 5.684991e-09 5.681761e-09 5.678535e-09 5.707705e-09 5.684991e-09 5.678535e-09 5.681761e-09 0.000000e+00 Foster
7.541275e-04 8.968520e-09 5.800406e-09 5.793685e-09 6.406086e-09 5.730602e-09 5.740471e-09 5.871932e-09 6.578882e-09 5.688225e-09 5.998740e-09 5.896167e-09 5.837653e-09 5.753682e-09 5.753682e-09 5.688225e-09 5.743768e-09 5.707705e-09 5.688225e-09 5.684991e-09 5.681761e-09 5.678535e-09 5.707705e-09 5.684991e-09 5.678535e-09 5.681761e-09 0.000000e+00 Kuhn
7.173529e-09 5.844468e-04 5.800406e-09 5.793685e-09 6.406086e-09 5.730602e-09 5.740471e-09 5.871932e-09 6.578882e-09 5.688225e-09 5.998740e-09 5.896167e-09 5.837653e-09 5.753682e-09 5.753682e-09 5.688225e-09 5.743768e-09 5.707705e-09 5.688225e-09 5.684991e-09 5.681761e-09 5.678535e-09 5.707705e-09 5.684991e-09 5.678535e-09 5.681761e-09 0.000000e+00 Mixture-Model
7.173529e-09 5.844468e-04 5.800406e-09 5.793685e-09 6.406086e-09 5.730602e-09 5.740471e-09 5.871932e-09 6.578882e-09 5.688225e-09 5.998740e-09 5.896167e-09 5.837653e-09 5.753682e-09 5.753682e-09 5.688225e-09 5.743768e-09 5.707705e-09 5.688225e-09 5.684991e-09 5.681761e-09 5.678535e-09 5.707705e-09 5.684991e-09 5.678535e-09 5.681761e-09 0.000000e+00 {SMT}
7.173529e-09 8.968520e-09 5.800406e-09 5.793685e-09 6.406086e-09 5.730602e-09 5.740471e-09 5.871932e-09 6.614026e-03 5.688225e-09 5.998740e-09 5.896167e-09 5.837653e-09 5.753682e-09 5.753682e-09 5.688225e-09 5.743768e-09 5.707705e-09 5.688225e-09 5.684991e-09 5.681761e-09 5.678535e-09 5.707705e-09 5.684991e-09 5.678535e-09 5.681761e-09 0.000000e+00 128
2.262383e-03 8.968520e-09 5.800406e-09 5.793685e-09 6.406086e-09 5.730602e-09 5.740471e-09 5.871932e-09 6.578882e-09 5.688225e-09 5.998740e-09 5.896167e-09 5.837653e-09 5.753682e-09 5.753682e-09 5.688225e-09 5.743768e-09 5.707705e-09 5.688225e-09 5.684991e-09 5.681761e-09 5.678535e-09 5.707705e-09 5.684991e-09 5.678535e-09 5.681761e-09 0.000000e+00 K.S.
2.262383e-03 8.968520e-09 5.800406e-09 5.793685e-09 6.406086e-09 5.730602e-09 5.740471e-09 5.871932e-09 6.578882e-09 5.688225e-09 5.998740e-09 5.896167e-09 5.837653e-09 5.753682e-09 5.753682e-09 5.688225e-09 5.743768e-09 5.707705e-09 5.688225e-09 5.684991e-09 5.681761e-09 5.678535e-09 5.707705e-09 5.684991e-09 5.678535e-09 5.681761e-09 0.000000e+00 Fu
7.173529e-09 1.753340e-03 5.800406e-09 5.793685e-09 9.390369e-10 5.730602e-09 5.740471e-09 5.871932e-09 6.578882e-09 5.688225e-09 5.998740e-09 5.896167e-09 5.837653e-09 5.753682e-09 5.753682e-09 5.688225e-09 5.743768e-09 5.707705e-09 5.688225e-09 5.684991e-09 5.681761e-09 5.678535e-09 5.707705e-09 5.684991e-09 5.678535e-09 5.681761e-09 0.000000e+00 Inference:
7.173529e-09 3.506681e-03 5.800406e-09 5.793685e-09 6.406086e-09 5.730602e-09 5.740471e-09 5.871932e-09 6.578882e-09 5.688225e-09 5.998740e-09 5.896167e-09 5.837653e-09 5.753682e-09 5.753682e-09 5.688225e-09 5.743768e-09 5.707705e-09 5.688225e-09 5.684991e-09 5.681761e-09 5.678535e-09 5.707705e-09 5.684991e-09 5.678535e-09 5.681761e-09 0.000000e+00 Introduction
7.173529e-09 1.168894e-03 5.800406e-09 5.793685e-09 6.406086e-09 5.730602e-09 5.740471e-09 5.871932e-09 6.578882e-09 5.688225e-09 5.998740e-09 5.896167e-09 5.837653e-09 5.753682e-09 5.753682e-09 5.688225e-09 5.743768e-09 5.707705e-09 5.688225e-09 5.684991e-09 5.681761e-09 5.678535e-09 5.707705e-09 5.684991e-09 5.678535e-09 5.681761e-09 0.000000e+00 Survey--Part
7.173529e-09 1.076977e-03 5.800406e-09 5.793685e-09 1.796139e-04 5.730602e-09 5.740471e-09 5.871932e-09 6.578882e-09 5.688225e-09 5.998740e-09 5.896167e-09 5.837653e-09 5.753682e-09 5.753682e-09 5.688225e-09 5.743768e-09 5.707705e-09 5.688225e-09 5.684991e-09 5.681761e-09 5.678535e-09 5.707705e-09 5.684991e-09 5.678535e-09 5.681761e-09 0.000000e+00 I
7.173529e-09 8.968520e-09 5.800406e-09 5.793685e-09 6.406086e-09 5.730602e-09 5.740471e-09 5.871932e-09 6.578882e-09 5.688225e-09 5.998740e-09 6.290589e-03 5.837653e-09 5.753682e-09 5.753682e-09 5.688225e-09 5.743768e-09 5.707705e-09 5.688225e-09 5.684991e-09 5.681761e-09 5.678535e-09 5.707705e-09 5.684991e-09 5.678535e-09 5.681761e-09 0.000000e+00 Man
7.173529e-09 8.968520e-09 5.800406e-09 5.793685e-09 6.406086e-09 5.730602e-09 5.740471e-09 5.871932e-09 6.578882e-09 5.688225e-09 5.998740e-09 6.290589e-03 5.837653e-09 5.753682e-09 5.753682e-09 5.688225e-09 5.743768e-09 5.707705e-09 5.688225e-09 5.684991e-09 5.681761e-09 5.678535e-09 5.707705e-09 5.684991e-09 5.678535e-09 5.681761e-09 0.000000e+00 Cybernetics
7.173529e-09 8.968520e-09 5.800406e-09 5.793685e-09 6.406086e-09 5.730602e-09 5.740471e-09 5.871932e-09 6.578882e-09 5.688225e-09 5.998740e-09 5.896167e-09 2.822610e-02 5.753682e-09 5.753682e-09 5.688225e-09 5.743768e-09 5.707705e-09 5.688225e-09 5.684991e-09 5.681761e-09 5.678535e-09 5.707705e-09 5.684991e-09 5.678535e-09 5.681761e-09 0.000000e+00 SMC-5
7.173529e-09 8.968520e-09 5.800406e-09 5.793685e-09 6.406086e-09 5.730602e-09 5.740471e-09 5.871932e-09 3.307013e-03 5.688225e-09 5.998740e-09 5.896167e-09 5.837653e-09 5.753682e-09 5.753682e-09 5.688225e-09 5.743768e-09 5.707705e-09 5.688225e-09 5.684991e-09 5.681761e-09 5.678535e-09 5.707705e-09 5.684991e-09 5.678535e-09 5.681761e-09 0.000000e+00 95
7.173529e-09 8.968520e-09 5.800406e-09 5.793685e-09 6.406086e-09 5.730602e-09 5.740471e-09 5.871932e-09 3.307013e-03 5.688225e-09 5.998740e-09 5.896167e-09 5.837653e-09 5.753682e-09 5.753682e-09 5.688225e-09 5.743768e-09 5.707705e-09 5.688225e-09 5.684991e-09 5.681761e-09 5.678535e-09 5.707705e-09 5.684991e-09 5.678535e-09 5.681761e-09 0.000000e+00 111
7.173529e-09 5.844468e-04 5.800406e-09 5.793685e-09 6.406086e-09 5.730602e-09 5.740471e-09 5.871932e-09 6.578882e-09 5.688225e-09 5.998740e-09 5.896167e-09 5.837653e-09 5.753682e-09 5.753682e-09 5.688225e-09 5.743768e-09 5.707705e-09 5.688225e-09 5.684991e-09 5.681761e-09 5.678535e-09 5.707705e-09 5.684991e-09 5.678535e-09 5.681761e-09 0.000000e+00 II
7.173529e-09 8.968520e-09 5.800406e-09 5.793685e-09 6.406086e-09 5.730602e-09 5.740471e-09 5.871932e-09 3.307013e-03 5.688225e-09 5.998740e-09 5.896167e-09 5.837653e-09 5.753682e-09 5.753682e-09 5.688225e-09 5.743768e-09 5.707705e-09 5.688225e-09 5.684991e-09 5.681761e-09 5.678535e-09 5.707705e-09 5.684991e-09 5.678535e-09 5.681761e-09 0.000000e+00 409
7.173529e-09 8.968520e-09 5.800406e-09 5.793685e-09 6.406086e-09 5.730602e-09 5.740471e-09 5.871932e-09 3.307013e-03 5.688225e-09 5.998740e-09 5.896167e-09 5.837653e-09 5.753682e-09 5.753682e-09 5.688225e-09 5.743768e-09 5.707705e-09 5.688225e-09 5.684991e-09 5.681761e-09 5.678535e-09 5.707705e-09 5.684991e-09 5.678535e-09 5.681761e-09 0.000000e+00 423
7.173529e-09 8.968520e-09 4.686473e-03 5.793685e-09 6.406086e-09 5.730602e-09 5.740471e-09 5.871932e-09 6.578882e-09 5.688225e-09 5.998740e-09 5.896167e-09 5.837653e-09 5.753682e-09 5.753682e-09 5.688225e-09 5.743768e-09 5.707705e-09 5.688225e-09 5.684991e-09 5.681761e-09 5.678535e-09 5.707705e-09 5.684991e-09 5.678535e-09 5.681761e-09 0.000000e+00 1982
7.541275e-04 8.968520e-09 5.800406e-09 5.793685e-09 6.406086e-09 5.730602e-09 5.740471e-09 5.871932e-09 6.578882e-09 5.688225e-09 5.998740e-09 5.896167e-09 5.837653e-09 5.753682e-09 5.753682e-09 5.688225e-09 5.743768e-09 5.707705e-09 5.688225e-09 5.684991e-09 5.681761e-09 5.678535e-09 5.707705e-09 5.684991e-09 5.678535e-09 5.681761e-09 0.000000e+00 Sanchis-Trilles
7.541275e-04 8.968520e-09 5.800406e-09 5.793685e-09 6.406086e-09 5.730602e-09 5.740471e-09 5.871932e-09 6.578882e-09 5.688225e-09 5.998740e-09 5.896167e-09 5.837653e-09 5.753682e-09 5.753682e-09 5.688225e-09 5.743768e-09 5.707705e-09 5.688225e-09 5.684991e-09 5.681761e-09 5.678535e-09 5.707705e-09 5.684991e-09 5.678535e-09 5.681761e-09 0.000000e+00 Ortiz-MartÃ­nez
7.541275e-04 8.968520e-09 5.800406e-09 5.793685e-09 6.406086e-09 5.730602e-09 5.740471e-09 5.871932e-09 6.578882e-09 5.688225e-09 5.998740e-09 5.896167e-09 5.837653e-09 5.753682e-09 5.753682e-09 5.688225e-09 5.743768e-09 5.707705e-09 5.688225e-09 5.684991e-09 5.681761e-09 5.678535e-09 5.707705e-09 5.684991e-09 5.678535e-09 5.681761e-09 0.000000e+00 Hoang
7.173529e-09 1.168894e-03 5.800406e-09 5.793685e-09 6.406086e-09 5.730602e-09 5.740471e-09 5.871932e-09 6.578882e-09 5.688225e-09 5.998740e-09 5.896167e-09 5.837653e-09 5.753682e-09 5.753682e-09 5.688225e-09 5.743768e-09 5.707705e-09 5.688225e-09 5.684991e-09 5.681761e-09 5.678535e-09 5.707705e-09 5.684991e-09 5.678535e-09 5.681761e-09 0.000000e+00 Improving
7.173529e-09 1.753341e-03 5.800406e-09 5.793685e-09 6.406086e-09 5.730602e-09 5.740471e-09 5.871932e-09 6.578882e-09 5.688225e-09 5.998740e-09 5.896167e-09 5.837653e-09 5.753682e-09 5.753682e-09 5.688225e-09 5.743768e-09 5.707705e-09 5.688225e-09 5.684991e-09 5.681761e-09 5.678535e-09 5.707705e-09 5.684991e-09 5.678535e-09 5.681761e-09 0.000000e+00 Interactive
7.173529e-09 5.844468e-04 5.800406e-09 5.793685e-09 6.406086e-09 5.730602e-09 5.740471e-09 5.871932e-09 6.578882e-09 5.688225e-09 5.998740e-09 5.896167e-09 5.837653e-09 5.753682e-09 5.753682e-09 5.688225e-09 5.743768e-09 5.707705e-09 5.688225e-09 5.684991e-09 5.681761e-09 5.678535e-09 5.707705e-09 5.684991e-09 5.678535e-09 5.681761e-09 0.000000e+00 Mouse
7.173529e-09 5.844468e-04 5.800406e-09 5.793685e-09 6.406086e-09 5.730602e-09 5.740471e-09 5.871932e-09 6.578882e-09 5.688225e-09 5.998740e-09 5.896167e-09 5.837653e-09 5.753682e-09 5.753682e-09 5.688225e-09 5.743768e-09 5.707705e-09 5.688225e-09 5.684991e-09 5.681761e-09 5.678535e-09 5.707705e-09 5.684991e-09 5.678535e-09 5.681761e-09 0.000000e+00 Actions
7.173529e-09 8.968520e-09 5.800406e-09 5.793685e-09 2.284130e-03 5.730602e-09 5.740471e-09 5.871932e-09 6.578882e-09 5.688225e-09 5.998740e-09 5.896167e-09 5.837653e-09 5.753682e-09 5.753682e-09 5.688225e-09 5.743768e-09 5.707705e-09 5.688225e-09 5.684991e-09 5.681761e-09 5.678535e-09 5.707705e-09 5.684991e-09 5.678535e-09 5.681761e-09 0.000000e+00 EMNLP
7.173529e-09 8.968520e-09 5.800406e-09 5.793685e-09 1.142065e-03 5.730602e-09 5.740471e-09 5.871932e-09 6.578882e-09 5.688225e-09 5.998740e-09 5.896167e-09 5.837653e-09 5.753682e-09 5.753682e-09 5.688225e-09 5.743768e-09 5.707705e-09 5.688225e-09 5.684991e-09 5.681761e-09 5.678535e-09 5.707705e-09 5.684991e-09 5.678535e-09 5.681761e-09 0.000000e+00 2008:
7.173529e-09 8.968520e-09 5.800406e-09 5.793685e-09 6.406086e-09 5.730602e-09 4.414762e-02 5.871932e-09 6.578882e-09 5.688225e-09 5.998740e-09 5.896167e-09 5.837653e-09 5.753682e-09 5.753682e-09 5.688225e-09 5.743768e-09 5.707705e-09 5.688225e-09 5.684991e-09 5.681761e-09 5.678535e-09 5.707705e-09 5.684991e-09 5.678535e-09 5.681761e-09 0.000000e+00 October
7.173529e-09 8.968520e-09 5.800406e-09 5.793685e-09 6.406086e-09 5.730602e-09 5.740471e-09 5.871932e-09 3.307013e-03 5.688225e-09 5.998740e-09 5.896167e-09 5.837653e-09 5.753682e-09 5.753682e-09 5.688225e-09 5.743768e-09 5.707705e-09 5.688225e-09 5.684991e-09 5.681761e-09 5.678535e-09 5.707705e-09 5.684991e-09 5.678535e-09 5.681761e-09 0.000000e+00 485
7.173529e-09 8.968520e-09 5.800406e-09 5.793685e-09 6.406086e-09 5.730602e-09 5.740471e-09 5.871932e-09 3.307013e-03 5.688225e-09 5.998740e-09 5.896167e-09 5.837653e-09 5.753682e-09 5.753682e-09 5.688225e-09 5.743768e-09 5.707705e-09 5.688225e-09 5.684991e-09 5.681761e-09 5.678535e-09 5.707705e-09 5.684991e-09 5.678535e-09 5.681761e-09 0.000000e+00 494
7.173529e-09 8.968520e-09 1.405942e-02 5.793685e-09 6.406086e-09 5.730602e-09 5.740471e-09 5.871932e-09 6.578882e-09 5.688225e-09 5.998740e-09 5.896167e-09 5.837653e-09 5.753682e-09 5.753682e-09 5.688225e-09 5.743768e-09 5.707705e-09 5.688225e-09 5.684991e-09 5.681761e-09 5.678535e-09 5.707705e-09 5.684991e-09 5.678535e-09 5.681761e-09 0.000000e+00 2008
7.173529e-09 8.968520e-09 5.800406e-09 5.793685e-09 6.406086e-09 5.730602e-09 5.740471e-09 5.871932e-09 6.578882e-09 5.688225e-09 7.250385e-03 5.896167e-09 5.837653e-09 5.753682e-09 5.753682e-09 5.688225e-09 5.743768e-09 5.707705e-09 5.688225e-09 5.684991e-09 5.681761e-09 5.678535e-09 5.707705e-09 5.684991e-09 5.678535e-09 5.681761e-09 0.000000e+00 Waikiki
7.173529e-09 8.968520e-09 5.800406e-09 5.793685e-09 6.406086e-09 5.730602e-09 5.740471e-09 5.871932e-09 6.578882e-09 5.688225e-09 7.250385e-03 5.896167e-09 5.837653e-09 5.753682e-09 5.753682e-09 5.688225e-09 5.743768e-09 5.707705e-09 5.688225e-09 5.684991e-09 5.681761e-09 5.678535e-09 5.707705e-09 5.684991e-09 5.678535e-09 5.681761e-09 0.000000e+00 Honolulu
7.173529e-09 8.968520e-09 5.800406e-09 5.793685e-09 6.406086e-09 5.730602e-09 5.740471e-09 5.871932e-09 6.578882e-09 5.688225e-09 7.250385e-03 5.896167e-09 5.837653e-09 5.753682e-09 5.753682e-09 5.688225e-09 5.743768e-09 5.707705e-09 5.688225e-09 5.684991e-09 5.681761e-09 5.678535e-09 5.707705e-09 5.684991e-09 5.678535e-09 5.681761e-09 0.000000e+00 Hawaii
7.541275e-04 8.968520e-09 5.800406e-09 5.793685e-09 6.406086e-09 5.730602e-09 5.740471e-09 5.871932e-09 6.578882e-09 5.688225e-09 5.998740e-09 5.896167e-09 5.837653e-09 5.753682e-09 5.753682e-09 5.688225e-09 5.743768e-09 5.707705e-09 5.688225e-09 5.684991e-09 5.681761e-09 5.678535e-09 5.707705e-09 5.684991e-09 5.678535e-09 5.681761e-09 0.000000e+00 Galiano
7.541275e-04 8.968520e-09 5.800406e-09 5.793685e-09 6.406086e-09 5.730602e-09 5.740471e-09 5.871932e-09 6.578882e-09 5.688225e-09 5.998740e-09 5.896167e-09 5.837653e-09 5.753682e-09 5.753682e-09 5.688225e-09 5.743768e-09 5.707705e-09 5.688225e-09 5.684991e-09 5.681761e-09 5.678535e-09 5.707705e-09 5.684991e-09 5.678535e-09 5.681761e-09 0.000000e+00 Granell
7.541275e-04 8.968520e-09 5.800406e-09 5.793685e-09 6.406086e-09 5.730602e-09 5.740471e-09 5.871932e-09 6.578882e-09 5.688225e-09 5.998740e-09 5.896167e-09 5.837653e-09 5.753682e-09 5.753682e-09 5.688225e-09 5.743768e-09 5.707705e-09 5.688225e-09 5.684991e-09 5.681761e-09 5.678535e-09 5.707705e-09 5.684991e-09 5.678535e-09 5.681761e-09 0.000000e+00 LL.F.
7.541275e-04 8.968520e-09 5.800406e-09 5.793685e-09 6.406086e-09 5.730602e-09 5.740471e-09 5.871932e-09 6.578882e-09 5.688225e-09 5.998740e-09 5.896167e-09 5.837653e-09 5.753682e-09 5.753682e-09 5.688225e-09 5.743768e-09 5.707705e-09 5.688225e-09 5.684991e-09 5.681761e-09 5.678535e-09 5.707705e-09 5.684991e-09 5.678535e-09 5.681761e-09 0.000000e+00 Hurtado
7.541275e-04 8.968520e-09 5.800406e-09 5.793685e-09 6.406086e-09 5.730602e-09 5.740471e-09 5.871932e-09 6.578882e-09 5.688225e-09 5.998740e-09 5.896167e-09 5.837653e-09 5.753682e-09 5.753682e-09 5.688225e-09 5.743768e-09 5.707705e-09 5.688225e-09 5.684991e-09 5.681761e-09 5.678535e-09 5.707705e-09 5.684991e-09 5.678535e-09 5.681761e-09 0.000000e+00 Miguel
7.541275e-04 8.968520e-09 5.800406e-09 5.793685e-09 6.406086e-09 5.730602e-09 5.740471e-09 5.871932e-09 6.578882e-09 5.688225e-09 5.998740e-09 5.896167e-09 5.837653e-09 5.753682e-09 5.753682e-09 5.688225e-09 5.743768e-09 5.707705e-09 5.688225e-09 5.684991e-09 5.681761e-09 5.678535e-09 5.707705e-09 5.684991e-09 5.678535e-09 5.681761e-09 0.000000e+00 Sanchís
7.173529e-09 5.844468e-04 5.800406e-09 5.793685e-09 6.406086e-09 5.730602e-09 5.740471e-09 5.871932e-09 6.578882e-09 5.688225e-09 5.998740e-09 5.896167e-09 5.837653e-09 5.753682e-09 5.753682e-09 5.688225e-09 5.743768e-09 5.707705e-09 5.688225e-09 5.684991e-09 5.681761e-09 5.678535e-09 5.707705e-09 5.684991e-09 5.678535e-09 5.681761e-09 0.000000e+00 La
7.173529e-09 5.844468e-04 5.800406e-09 5.793685e-09 6.406086e-09 5.730602e-09 5.740471e-09 5.871932e-09 6.578882e-09 5.688225e-09 5.998740e-09 5.896167e-09 5.837653e-09 5.753682e-09 5.753682e-09 5.688225e-09 5.743768e-09 5.707705e-09 5.688225e-09 5.684991e-09 5.681761e-09 5.678535e-09 5.707705e-09 5.684991e-09 5.678535e-09 5.681761e-09 0.000000e+00 plataforma
7.173529e-09 5.844468e-04 5.800406e-09 5.793685e-09 6.406086e-09 5.730602e-09 5.740471e-09 5.871932e-09 6.578882e-09 5.688225e-09 5.998740e-09 5.896167e-09 5.837653e-09 5.753682e-09 5.753682e-09 5.688225e-09 5.743768e-09 5.707705e-09 5.688225e-09 5.684991e-09 5.681761e-09 5.678535e-09 5.707705e-09 5.684991e-09 5.678535e-09 5.681761e-09 0.000000e+00 adquisición
7.173529e-09 5.844468e-04 5.800406e-09 5.793685e-09 6.406086e-09 5.730602e-09 5.740471e-09 5.871932e-09 6.578882e-09 5.688225e-09 5.998740e-09 5.896167e-09 5.837653e-09 5.753682e-09 5.753682e-09 5.688225e-09 5.743768e-09 5.707705e-09 5.688225e-09 5.684991e-09 5.681761e-09 5.678535e-09 5.707705e-09 5.684991e-09 5.678535e-09 5.681761e-09 0.000000e+00 diálogos
7.173529e-09 1.168894e-03 5.800406e-09 5.793685e-09 6.406086e-09 5.730602e-09 5.740471e-09 5.871932e-09 6.578882e-09 5.688225e-09 5.998740e-09 5.896167e-09 5.837653e-09 5.753682e-09 5.753682e-09 5.688225e-09 5.743768e-09 5.707705e-09 5.688225e-09 5.684991e-09 5.681761e-09 5.678535e-09 5.707705e-09 5.684991e-09 5.678535e-09 5.681761e-09 0.000000e+00 en
7.173529e-09 5.842030e-04 5.800406e-09 5.793685e-09 2.284607e-03 5.730602e-09 5.740471e-09 5.871932e-09 6.578882e-09 5.688225e-09 5.998740e-09 5.896167e-09 5.837653e-09 5.753682e-09 5.753682e-09 5.688225e-09 5.743768e-09 5.707705e-09 5.688225e-09 5.684991e-09 5.681761e-09 5.678535e-09 5.707705e-09 5.684991e-09 5.678535e-09 5.681761e-09 0.000000e+00 el
7.173529e-09 5.844468e-04 5.800406e-09 5.793685e-09 6.406086e-09 5.730602e-09 5.740471e-09 5.871932e-09 6.578882e-09 5.688225e-09 5.998740e-09 5.896167e-09 5.837653e-09 5.753682e-09 5.753682e-09 5.688225e-09 5.743768e-09 5.707705e-09 5.688225e-09 5.684991e-09 5.681761e-09 5.678535e-09 5.707705e-09 5.684991e-09 5.678535e-09 5.681761e-09 0.000000e+00 proyecto
7.173529e-09 5.844468e-04 5.800406e-09 5.793685e-09 6.406086e-09 5.730602e-09 5.740471e-09 5.871932e-09 6.578882e-09 5.688225e-09 5.998740e-09 5.896167e-09 5.837653e-09 5.753682e-09 5.753682e-09 5.688225e-09 5.743768e-09 5.707705e-09 5.688225e-09 5.684991e-09 5.681761e-09 5.678535e-09 5.707705e-09 5.684991e-09 5.678535e-09 5.681761e-09 0.000000e+00 DIHANA
7.173529e-09 8.968520e-09 5.800406e-09 5.793685e-09 3.426196e-03 5.730602e-09 5.740471e-09 5.871932e-09 6.578882e-09 5.688225e-09 5.998740e-09 5.896167e-09 5.837653e-09 5.753682e-09 5.753682e-09 5.688225e-09 5.743768e-09 5.707705e-09 5.688225e-09 5.684991e-09 5.681761e-09 5.678535e-09 5.707705e-09 5.684991e-09 5.678535e-09 5.681761e-09 0.000000e+00 Proceeding
7.173529e-09 8.968520e-09 5.800406e-09 5.793685e-09 2.284130e-03 5.730602e-09 5.740471e-09 5.871932e-09 6.578882e-09 5.688225e-09 5.998740e-09 5.896167e-09 5.837653e-09 5.753682e-09 5.753682e-09 5.688225e-09 5.743768e-09 5.707705e-09 5.688225e-09 5.684991e-09 5.681761e-09 5.678535e-09 5.707705e-09 5.684991e-09 5.678535e-09 5.681761e-09 0.000000e+00 SEPLN:
7.173529e-09 8.968520e-09 5.800406e-09 5.793685e-09 2.284130e-03 5.730602e-09 5.740471e-09 5.871932e-09 6.578882e-09 5.688225e-09 5.998740e-09 5.896167e-09 5.837653e-09 5.753682e-09 5.753682e-09 5.688225e-09 5.743768e-09 5.707705e-09 5.688225e-09 5.684991e-09 5.681761e-09 5.678535e-09 5.707705e-09 5.684991e-09 5.678535e-09 5.681761e-09 0.000000e+00 XIX
7.173529e-09 8.968520e-09 5.800406e-09 5.793685e-09 2.284130e-03 5.730602e-09 5.740471e-09 5.871932e-09 6.578882e-09 5.688225e-09 5.998740e-09 5.896167e-09 5.837653e-09 5.753682e-09 5.753682e-09 5.688225e-09 5.743768e-09 5.707705e-09 5.688225e-09 5.684991e-09 5.681761e-09 5.678535e-09 5.707705e-09 5.684991e-09 5.678535e-09 5.681761e-09 0.000000e+00 Congreso
7.173529e-09 8.968520e-09 5.800406e-09 5.793685e-09 2.284130e-03 5.730602e-09 5.740471e-09 5.871932e-09 6.578882e-09 5.688225e-09 5.998740e-09 5.896167e-09 5.837653e-09 5.753682e-09 5.753682e-09 5.688225e-09 5.743768e-09 5.707705e-09 5.688225e-09 5.684991e-09 5.681761e-09 5.678535e-09 5.707705e-09 5.684991e-09 5.678535e-09 5.681761e-09 0.000000e+00 Sociedad
7.173529e-09 8.968520e-09 5.800406e-09 5.793685e-09 2.284130e-03 5.730602e-09 5.740471e-09 5.871932e-09 6.578882e-09 5.688225e-09 5.998740e-09 5.896167e-09 5.837653e-09 5.753682e-09 5.753682e-09 5.688225e-09 5.743768e-09 5.707705e-09 5.688225e-09 5.684991e-09 5.681761e-09 5.678535e-09 5.707705e-09 5.684991e-09 5.678535e-09 5.681761e-09 0.000000e+00 Española
7.173529e-09 8.968520e-09 5.800406e-09 5.793685e-09 2.284130e-03 5.730602e-09 5.740471e-09 5.871932e-09 6.578882e-09 5.688225e-09 5.998740e-09 5.896167e-09 5.837653e-09 5.753682e-09 5.753682e-09 5.688225e-09 5.743768e-09 5.707705e-09 5.688225e-09 5.684991e-09 5.681761e-09 5.678535e-09 5.707705e-09 5.684991e-09 5.678535e-09 5.681761e-09 0.000000e+00 para
7.173529e-09 8.968520e-09 5.800406e-09 5.793685e-09 2.284130e-03 5.730602e-09 5.740471e-09 5.871932e-09 6.578882e-09 5.688225e-09 5.998740e-09 5.896167e-09 5.837653e-09 5.753682e-09 5.753682e-09 5.688225e-09 5.743768e-09 5.707705e-09 5.688225e-09 5.684991e-09 5.681761e-09 5.678535e-09 5.707705e-09 5.684991e-09 5.678535e-09 5.681761e-09 0.000000e+00 Procesamiento
7.173529e-09 5.842030e-04 5.800406e-09 5.793685e-09 2.284607e-03 5.730602e-09 5.740471e-09 5.871932e-09 6.578882e-09 5.688225e-09 5.998740e-09 5.896167e-09 5.837653e-09 5.753682e-09 5.753682e-09 5.688225e-09 5.743768e-09 5.707705e-09 5.688225e-09 5.684991e-09 5.681761e-09 5.678535e-09 5.707705e-09 5.684991e-09 5.678535e-09 5.681761e-09 0.000000e+00 del
7.173529e-09 8.968520e-09 5.800406e-09 5.793685e-09 2.284130e-03 5.730602e-09 5.740471e-09 5.871932e-09 6.578882e-09 5.688225e-09 5.998740e-09 5.896167e-09 5.837653e-09 5.753682e-09 5.753682e-09 5.688225e-09 5.743768e-09 5.707705e-09 5.688225e-09 5.684991e-09 5.681761e-09 5.678535e-09 5.707705e-09 5.684991e-09 5.678535e-09 5.681761e-09 0.000000e+00 Lenguaje
7.173529e-09 8.968520e-09 5.800406e-09 5.793685e-09 6.406086e-09 2.461867e-02 5.740471e-09 5.871932e-09 6.578882e-09 5.688225e-09 5.998740e-09 5.896167e-09 5.837653e-09 5.753682e-09 5.753682e-09 5.688225e-09 5.743768e-09 5.707705e-09 5.688225e-09 5.684991e-09 5.681761e-09 5.678535e-09 5.707705e-09 5.684991e-09 5.678535e-09 5.681761e-09 0.000000e+00 SEPLN
7.173529e-09 8.968520e-09 5.800406e-09 5.793685e-09 6.406086e-09 5.730602e-09 2.943174e-02 5.871932e-09 6.578882e-09 5.688225e-09 5.998740e-09 5.896167e-09 5.837653e-09 5.753682e-09 5.753682e-09 5.688225e-09 5.743768e-09 5.707705e-09 5.688225e-09 5.684991e-09 5.681761e-09 5.678535e-09 5.707705e-09 5.684991e-09 5.678535e-09 5.681761e-09 0.000000e+00 Septiembre
7.173529e-09 8.968520e-09 5.800406e-09 5.793685e-09 6.406086e-09 5.730602e-09 5.740471e-09 5.871932e-09 6.614026e-03 5.688225e-09 5.998740e-09 5.896167e-09 5.837653e-09 5.753682e-09 5.753682e-09 5.688225e-09 5.743768e-09 5.707705e-09 5.688225e-09 5.684991e-09 5.681761e-09 5.678535e-09 5.707705e-09 5.684991e-09 5.678535e-09 5.681761e-09 0.000000e+00 343
7.173529e-09 8.968520e-09 5.800406e-09 5.793685e-09 6.406086e-09 5.730602e-09 5.740471e-09 5.871932e-09 9.921039e-03 5.688225e-09 5.998740e-09 5.896167e-09 5.837653e-09 5.753682e-09 5.753682e-09 5.688225e-09 5.743768e-09 5.707705e-09 5.688225e-09 5.684991e-09 5.681761e-09 5.678535e-09 5.707705e-09 5.684991e-09 5.678535e-09 5.681761e-09 0.000000e+00 344
1.508255e-03 8.968520e-09 5.800406e-09 5.793685e-09 6.406086e-09 5.730602e-09 5.740471e-09 5.871932e-09 6.578882e-09 5.688225e-09 5.998740e-09 5.896167e-09 5.837653e-09 5.753682e-09 5.753682e-09 5.688225e-09 5.743768e-09 5.707705e-09 5.688225e-09 5.684991e-09 5.681761e-09 5.678535e-09 5.707705e-09 5.684991e-09 5.678535e-09 5.681761e-09 0.000000e+00 García
7.173529e-09 5.844468e-04 5.800406e-09 5.793685e-09 6.406086e-09 5.730602e-09 5.740471e-09 5.871932e-09 6.578882e-09 5.688225e-09 5.998740e-09 5.896167e-09 5.837653e-09 5.753682e-09 5.753682e-09 5.688225e-09 5.743768e-09 5.707705e-09 5.688225e-09 5.684991e-09 5.681761e-09 5.678535e-09 5.707705e-09 5.684991e-09 5.678535e-09 5.681761e-09 0.000000e+00 Performance
7.173529e-09 1.168894e-03 5.800406e-09 5.793685e-09 6.406086e-09 5.730602e-09 5.740471e-09 5.871932e-09 6.578882e-09 5.688225e-09 5.998740e-09 5.896167e-09 5.837653e-09 5.753682e-09 5.753682e-09 5.688225e-09 5.743768e-09 5.707705e-09 5.688225e-09 5.684991e-09 5.681761e-09 5.678535e-09 5.707705e-09 5.684991e-09 5.678535e-09 5.681761e-09 0.000000e+00 Improvements
7.173529e-09 8.968520e-09 5.800406e-09 5.793685e-09 4.568261e-03 5.730602e-09 5.740471e-09 5.871932e-09 6.578882e-09 5.688225e-09 5.998740e-09 5.896167e-09 5.837653e-09 5.753682e-09 5.753682e-09 5.688225e-09 5.743768e-09 5.707705e-09 5.688225e-09 5.684991e-09 5.681761e-09 5.678535e-09 5.707705e-09 5.684991e-09 5.678535e-09 5.681761e-09 0.000000e+00 Iberian
7.541275e-03 8.968520e-09 5.800406e-09 5.793685e-09 6.406086e-09 5.730602e-09 5.740471e-09 2.053880e-02 6.578882e-09 5.688225e-09 5.998740e-09 5.896167e-09 5.837653e-09 5.753682e-09 5.753682e-09 5.688225e-09 5.743768e-09 5.707705e-09 5.688225e-09 5.684991e-09 5.681761e-09 5.678535e-09 5.707705e-09 5.684991e-09 5.678535e-09 5.681761e-09 0.000000e+00 F.J.
7.173529e-09 8.968520e-09 5.800406e-09 5.793685e-09 6.406086e-09 5.730602e-09 5.740471e-09 1.369254e-02 6.578882e-09 5.688225e-09 5.998740e-09 5.896167e-09 5.837653e-09 5.753682e-09 5.753682e-09 5.688225e-09 5.743768e-09 5.707705e-09 5.688225e-09 5.684991e-09 5.681761e-09 5.678535e-09 5.707705e-09 5.684991e-09 5.678535e-09 5.681761e-09 0.000000e+00 Perales
7.173529e-09 8.968520e-09 5.800406e-09 5.793685e-09 6.406086e-09 5.730602e-09 5.740471e-09 1.369254e-02 6.578882e-09 5.688225e-09 5.998740e-09 5.896167e-09 5.837653e-09 5.753682e-09 5.753682e-09 5.688225e-09 5.743768e-09 5.707705e-09 5.688225e-09 5.684991e-09 5.681761e-09 5.678535e-09 5.707705e-09 5.684991e-09 5.678535e-09 5.681761e-09 0.000000e+00 A.J.C.
7.173529e-09 8.968520e-09 5.800406e-09 5.793685e-09 6.406086e-09 5.730602e-09 5.740471e-09 1.369254e-02 6.578882e-09 5.688225e-09 5.998740e-09 5.896167e-09 5.837653e-09 5.753682e-09 5.753682e-09 5.688225e-09 5.743768e-09 5.707705e-09 5.688225e-09 5.684991e-09 5.681761e-09 5.678535e-09 5.707705e-09 5.684991e-09 5.678535e-09 5.681761e-09 0.000000e+00 Campilho
3.016510e-03 8.968520e-09 5.800406e-09 5.793685e-09 6.406086e-09 5.730602e-09 5.740471e-09 1.369254e-02 6.578882e-09 5.688225e-09 5.998740e-09 5.896167e-09 5.837653e-09 5.753682e-09 5.753682e-09 5.688225e-09 5.743768e-09 5.707705e-09 5.688225e-09 5.684991e-09 5.681761e-09 5.678535e-09 5.707705e-09 5.684991e-09 5.678535e-09 5.681761e-09 0.000000e+00 N.
7.173529e-09 8.968520e-09 5.800406e-09 5.793685e-09 6.406086e-09 5.730602e-09 5.740471e-09 1.369254e-02 6.578882e-09 5.688225e-09 5.998740e-09 5.896167e-09 5.837653e-09 5.753682e-09 5.753682e-09 5.688225e-09 5.743768e-09 5.707705e-09 5.688225e-09 5.684991e-09 5.681761e-09 5.678535e-09 5.707705e-09 5.684991e-09 5.678535e-09 5.681761e-09 0.000000e+00 Pérez
7.173529e-09 8.968520e-09 5.800406e-09 5.073611e-02 6.406086e-09 5.730602e-09 5.740471e-09 5.871932e-09 6.578882e-09 5.688225e-09 5.998740e-09 5.896167e-09 5.837653e-09 5.753682e-09 5.753682e-09 5.688225e-09 5.743768e-09 5.707705e-09 5.688225e-09 5.684991e-09 5.681761e-09 5.678535e-09 5.707705e-09 5.684991e-09 5.678535e-09 5.681761e-09 0.000000e+00 Springer
7.173529e-09 8.968520e-09 5.800406e-09 5.793685e-09 6.406086e-09 5.730602e-09 5.740471e-09 5.871932e-09 6.578882e-09 5.688225e-09 5.998740e-09 5.896167e-09 5.837653e-09 5.753682e-09 5.753682e-09 5.688225e-09 5.743768e-09 5.707705e-09 5.688225e-09 5.684991e-09 5.681761e-09 5.678535e-09 1.621605e-01 5.684991e-09 5.678535e-09 5.681761e-09 0.000000e+00 Lecture
7.173529e-09 8.968520e-09 5.800406e-09 5.793685e-09 6.406086e-09 5.730602e-09 5.740471e-09 5.871932e-09 6.578882e-09 5.688225e-09 5.998740e-09 5.896167e-09 5.837653e-09 5.753682e-09 5.753682e-09 5.688225e-09 5.743768e-09 5.707705e-09 5.688225e-09 5.684991e-09 5.681761e-09 5.678535e-09 1.621605e-01 5.684991e-09 5.678535e-09 5.681761e-09 0.000000e+00 Notes
7.173529e-09 8.968520e-09 5.800406e-09 5.793685e-09 6.406086e-09 5.730602e-09 5.740471e-09 5.871932e-09 6.578882e-09 5.688225e-09 5.998740e-09 5.896167e-09 5.837653e-09 5.753682e-09 5.753682e-09 5.688225e-09 5.743768e-09 5.707705e-09 5.688225e-09 5.684991e-09 5.681761e-09 5.678535e-09 5.405351e-02 5.684991e-09 5.678535e-09 5.681761e-09 0.000000e+00 2652
7.173529e-09 8.968520e-09 5.800406e-09 5.793685e-09 6.406086e-09 5.730602e-09 5.740471e-09 5.871932e-09 3.307013e-03 5.688225e-09 5.998740e-09 5.896167e-09 5.837653e-09 5.753682e-09 5.753682e-09 5.688225e-09 5.743768e-09 5.707705e-09 5.688225e-09 5.684991e-09 5.681761e-09 5.678535e-09 5.707705e-09 5.684991e-09 5.678535e-09 5.681761e-09 0.000000e+00 271
7.173529e-09 5.844468e-04 5.800406e-09 5.793685e-09 6.406086e-09 5.730602e-09 5.740471e-09 5.871932e-09 6.578882e-09 5.688225e-09 5.998740e-09 5.896167e-09 5.837653e-09 5.753682e-09 5.753682e-09 5.688225e-09 5.743768e-09 5.707705e-09 5.688225e-09 5.684991e-09 5.681761e-09 5.678535e-09 5.707705e-09 5.684991e-09 5.678535e-09 5.681761e-09 0.000000e+00 k-Testable
7.173529e-09 5.844468e-04 5.800406e-09 5.793685e-09 6.406086e-09 5.730602e-09 5.740471e-09 5.871932e-09 6.578882e-09 5.688225e-09 5.998740e-09 5.896167e-09 5.837653e-09 5.753682e-09 5.753682e-09 5.688225e-09 5.743768e-09 5.707705e-09 5.688225e-09 5.684991e-09 5.681761e-09 5.678535e-09 5.707705e-09 5.684991e-09 5.678535e-09 5.681761e-09 0.000000e+00 Strict
7.173529e-09 1.168894e-03 5.800406e-09 5.793685e-09 6.406086e-09 5.730602e-09 5.740471e-09 5.871932e-09 6.578882e-09 5.688225e-09 5.998740e-09 5.896167e-09 5.837653e-09 5.753682e-09 5.753682e-09 5.688225e-09 5.743768e-09 5.707705e-09 5.688225e-09 5.684991e-09 5.681761e-09 5.678535e-09 5.707705e-09 5.684991e-09 5.678535e-09 5.681761e-09 0.000000e+00 Sense
7.173529e-09 8.968520e-09 5.800406e-09 5.793685e-09 6.406086e-09 5.730602e-09 5.740471e-09 5.871932e-09 6.578882e-09 5.688225e-09 5.998740e-09 5.896167e-09 2.822610e-02 5.753682e-09 5.753682e-09 5.688225e-09 5.743768e-09 5.707705e-09 5.688225e-09 5.684991e-09 5.681761e-09 5.678535e-09 5.707705e-09 5.684991e-09 5.678535e-09 5.681761e-09 0.000000e+00 12
7.173529e-09 8.968520e-09 5.800406e-09 5.793685e-09 6.406086e-09 5.730602e-09 5.740471e-09 5.871932e-09 3.307013e-03 5.688225e-09 5.998740e-09 5.896167e-09 5.837653e-09 5.753682e-09 5.753682e-09 5.688225e-09 5.743768e-09 5.707705e-09 5.688225e-09 5.684991e-09 5.681761e-09 5.678535e-09 5.707705e-09 5.684991e-09 5.678535e-09 5.681761e-09 0.000000e+00 920
7.173529e-09 8.968520e-09 5.800406e-09 5.793685e-09 6.406086e-09 5.730602e-09 5.740471e-09 5.871932e-09 3.307013e-03 5.688225e-09 5.998740e-09 5.896167e-09 5.837653e-09 5.753682e-09 5.753682e-09 5.688225e-09 5.743768e-09 5.707705e-09 5.688225e-09 5.684991e-09 5.681761e-09 5.678535e-09 5.707705e-09 5.684991e-09 5.678535e-09 5.681761e-09 0.000000e+00 925
7.541275e-04 8.968520e-09 5.800406e-09 5.793685e-09 6.406086e-09 5.730602e-09 5.740471e-09 5.871932e-09 6.578882e-09 5.688225e-09 5.998740e-09 5.896167e-09 5.837653e-09 5.753682e-09 5.753682e-09 5.688225e-09 5.743768e-09 5.707705e-09 5.688225e-09 5.684991e-09 5.681761e-09 5.678535e-09 5.707705e-09 5.684991e-09 5.678535e-09 5.681761e-09 0.000000e+00 García-Gómez
7.541275e-04 8.968520e-09 5.800406e-09 5.793685e-09 6.406086e-09 5.730602e-09 5.740471e-09 5.871932e-09 6.578882e-09 5.688225e-09 5.998740e-09 5.896167e-09 5.837653e-09 5.753682e-09 5.753682e-09 5.688225e-09 5.743768e-09 5.707705e-09 5.688225e-09 5.684991e-09 5.681761e-09 5.678535e-09 5.707705e-09 5.684991e-09 5.678535e-09 5.681761e-09 0.000000e+00 Vicente
7.541275e-04 8.968520e-09 5.800406e-09 5.793685e-09 6.406086e-09 5.730602e-09 5.740471e-09 5.871932e-09 6.578882e-09 5.688225e-09 5.998740e-09 5.896167e-09 5.837653e-09 5.753682e-09 5.753682e-09 5.688225e-09 5.743768e-09 5.707705e-09 5.688225e-09 5.684991e-09 5.681761e-09 5.678535e-09 5.707705e-09 5.684991e-09 5.678535e-09 5.681761e-09 0.000000e+00 Robles
7.173529e-09 5.844468e-04 5.800406e-09 5.793685e-09 6.406086e-09 5.730602e-09 5.740471e-09 5.871932e-09 6.578882e-09 5.688225e-09 5.998740e-09 5.896167e-09 5.837653e-09 5.753682e-09 5.753682e-09 5.688225e-09 5.743768e-09 5.707705e-09 5.688225e-09 5.684991e-09 5.681761e-09 5.678535e-09 5.707705e-09 5.684991e-09 5.678535e-09 5.681761e-09 0.000000e+00 Corpus-Based
7.173529e-09 5.844468e-04 5.800406e-09 5.793685e-09 6.406086e-09 5.730602e-09 5.740471e-09 5.871932e-09 6.578882e-09 5.688225e-09 5.998740e-09 5.896167e-09 5.837653e-09 5.753682e-09 5.753682e-09 5.688225e-09 5.743768e-09 5.707705e-09 5.688225e-09 5.684991e-09 5.681761e-09 5.678535e-09 5.707705e-09 5.684991e-09 5.678535e-09 5.681761e-09 0.000000e+00 combined
7.173529e-09 5.844468e-04 5.800406e-09 5.793685e-09 6.406086e-09 5.730602e-09 5.740471e-09 5.871932e-09 6.578882e-09 5.688225e-09 5.998740e-09 5.896167e-09 5.837653e-09 5.753682e-09 5.753682e-09 5.688225e-09 5.743768e-09 5.707705e-09 5.688225e-09 5.684991e-09 5.681761e-09 5.678535e-09 5.707705e-09 5.684991e-09 5.678535e-09 5.681761e-09 0.000000e+00 tRNA
7.173529e-09 8.968520e-09 5.800406e-09 5.793685e-09 6.406086e-09 5.730602e-09 5.740471e-09 5.871932e-09 6.578882e-09 5.688225e-09 5.998740e-09 3.145295e-03 5.837653e-09 5.753682e-09 5.753682e-09 5.688225e-09 5.743768e-09 5.707705e-09 5.688225e-09 5.684991e-09 5.681761e-09 5.678535e-09 5.707705e-09 5.684991e-09 5.678535e-09 5.681761e-09 0.000000e+00 Internation
1.508255e-03 8.968520e-09 5.800406e-09 5.793685e-09 6.406086e-09 5.730602e-09 5.740471e-09 5.871932e-09 6.578882e-09 5.688225e-09 5.998740e-09 5.896167e-09 5.837653e-09 5.753682e-09 5.753682e-09 5.688225e-09 5.743768e-09 5.707705e-09 5.688225e-09 5.684991e-09 5.681761e-09 5.678535e-09 5.707705e-09 5.684991e-09 5.678535e-09 5.681761e-09 0.000000e+00 Gascó
7.541275e-04 8.968520e-09 5.800406e-09 5.793685e-09 6.406086e-09 5.730602e-09 5.740471e-09 5.871932e-09 6.578882e-09 5.688225e-09 5.998740e-09 5.896167e-09 5.837653e-09 5.753682e-09 5.753682e-09 5.688225e-09 5.743768e-09 5.707705e-09 5.688225e-09 5.684991e-09 5.681761e-09 5.678535e-09 5.707705e-09 5.684991e-09 5.678535e-09 5.681761e-09 0.000000e+00 SÃ¡nchez
7.173529e-09 1.168894e-03 5.800406e-09 5.793685e-09 6.406086e-09 5.730602e-09 5.740471e-09 5.871932e-09 6.578882e-09 5.688225e-09 5.998740e-09 5.896167e-09 5.837653e-09 5.753682e-09 5.753682e-09 5.688225e-09 5.743768e-09 5.707705e-09 5.688225e-09 5.684991e-09 5.681761e-09 5.678535e-09 5.707705e-09 5.684991e-09 5.678535e-09 5.681761e-09 0.000000e+00 A*
7.173529e-09 5.844468e-04 5.800406e-09 5.793685e-09 6.406086e-09 5.730602e-09 5.740471e-09 5.871932e-09 6.578882e-09 5.688225e-09 5.998740e-09 5.896167e-09 5.837653e-09 5.753682e-09 5.753682e-09 5.688225e-09 5.743768e-09 5.707705e-09 5.688225e-09 5.684991e-09 5.681761e-09 5.678535e-09 5.707705e-09 5.684991e-09 5.678535e-09 5.681761e-09 0.000000e+00 Vocabularies
7.173529e-09 8.968520e-09 5.800406e-09 5.793685e-09 3.426196e-03 5.730602e-09 5.740471e-09 5.871932e-09 6.578882e-09 5.688225e-09 5.998740e-09 5.896167e-09 5.837653e-09 5.753682e-09 5.753682e-09 5.688225e-09 5.743768e-09 5.707705e-09 5.688225e-09 5.684991e-09 5.681761e-09 5.678535e-09 5.707705e-09 5.684991e-09 5.678535e-09 5.681761e-09 0.000000e+00 Recent
7.173529e-09 8.968520e-09 5.800406e-09 5.793685e-09 6.406086e-09 5.730602e-09 5.740471e-09 5.871932e-09 6.578882e-09 5.688225e-09 7.250385e-03 5.896167e-09 5.837653e-09 5.753682e-09 5.753682e-09 5.688225e-09 5.743768e-09 5.707705e-09 5.688225e-09 5.684991e-09 5.681761e-09 5.678535e-09 5.707705e-09 5.684991e-09 5.678535e-09 5.681761e-09 0.000000e+00 Borovets
7.173529e-09 8.968520e-09 5.800406e-09 5.793685e-09 6.406086e-09 5.730602e-09 5.740471e-09 5.871932e-09 6.578882e-09 5.688225e-09 7.250385e-03 5.896167e-09 5.837653e-09 5.753682e-09 5.753682e-09 5.688225e-09 5.743768e-09 5.707705e-09 5.688225e-09 5.684991e-09 5.681761e-09 5.678535e-09 5.707705e-09 5.684991e-09 5.678535e-09 5.681761e-09 0.000000e+00 Bulgaria
7.173529e-09 8.968520e-09 5.800406e-09 5.793685e-09 6.406086e-09 5.730602e-09 5.740471e-09 5.871932e-09 3.307013e-03 5.688225e-09 5.998740e-09 5.896167e-09 5.837653e-09 5.753682e-09 5.753682e-09 5.688225e-09 5.743768e-09 5.707705e-09 5.688225e-09 5.684991e-09 5.681761e-09 5.678535e-09 5.707705e-09 5.684991e-09 5.678535e-09 5.681761e-09 0.000000e+00 215
7.173529e-09 8.968520e-09 5.800406e-09 5.793685e-09 6.406086e-09 5.730602e-09 5.740471e-09 5.871932e-09 3.307013e-03 5.688225e-09 5.998740e-09 5.896167e-09 5.837653e-09 5.753682e-09 5.753682e-09 5.688225e-09 5.743768e-09 5.707705e-09 5.688225e-09 5.684991e-09 5.681761e-09 5.678535e-09 5.707705e-09 5.684991e-09 5.678535e-09 5.681761e-09 0.000000e+00 219
7.173529e-09 8.968520e-09 5.800406e-09 5.793685e-09 6.406086e-09 5.730602e-09 5.740471e-09 5.871932e-09 6.578882e-09 5.688225e-09 5.998740e-09 5.896167e-09 5.837653e-09 5.753682e-09 5.753682e-09 5.688225e-09 5.743768e-09 5.707705e-09 5.688225e-09 5.684991e-09 5.681761e-09 5.678535e-09 5.707705e-09 5.684991e-09 5.678535e-09 5.681761e-09 0.000000e+00 (null)
7.173529e-09 1.168894e-03 5.800406e-09 5.793685e-09 6.406086e-09 5.730602e-09 5.740471e-09 5.871932e-09 6.578882e-09 5.688225e-09 5.998740e-09 5.896167e-09 5.837653e-09 5.753682e-09 5.753682e-09 5.688225e-09 5.743768e-09 5.707705e-09 5.688225e-09 5.684991e-09 5.681761e-09 5.678535e-09 5.707705e-09 5.684991e-09 5.678535e-09 5.681761e-09 0.000000e+00 Syntax
7.173529e-09 5.844468e-04 5.800406e-09 5.793685e-09 6.406086e-09 5.730602e-09 5.740471e-09 5.871932e-09 6.578882e-09 5.688225e-09 5.998740e-09 5.896167e-09 5.837653e-09 5.753682e-09 5.753682e-09 5.688225e-09 5.743768e-09 5.707705e-09 5.688225e-09 5.684991e-09 5.681761e-09 5.678535e-09 5.707705e-09 5.684991e-09 5.678535e-09 5.681761e-09 0.000000e+00 augmented
7.173529e-09 1.168894e-03 5.800406e-09 5.793685e-09 6.406086e-09 5.730602e-09 5.740471e-09 5.871932e-09 6.578882e-09 5.688225e-09 5.998740e-09 5.896167e-09 5.837653e-09 5.753682e-09 5.753682e-09 5.688225e-09 5.743768e-09 5.707705e-09 5.688225e-09 5.684991e-09 5.681761e-09 5.678535e-09 5.707705e-09 5.684991e-09 5.678535e-09 5.681761e-09 0.000000e+00 inversion
7.173529e-09 1.168894e-03 5.800406e-09 5.793685e-09 6.406086e-09 5.730602e-09 5.740471e-09 5.871932e-09 6.578882e-09 5.688225e-09 5.998740e-09 5.896167e-09 5.837653e-09 5.753682e-09 5.753682e-09 5.688225e-09 5.743768e-09 5.707705e-09 5.688225e-09 5.684991e-09 5.681761e-09 5.678535e-09 5.707705e-09 5.684991e-09 5.678535e-09 5.681761e-09 0.000000e+00 transduction
7.173529e-09 8.968520e-09 5.800406e-09 5.793685e-09 3.426196e-03 5.730602e-09 5.740471e-09 5.871932e-09 6.578882e-09 5.688225e-09 5.998740e-09 5.896167e-09 5.837653e-09 5.753682e-09 5.753682e-09 5.688225e-09 5.743768e-09 5.707705e-09 5.688225e-09 5.684991e-09 5.681761e-09 5.678535e-09 5.707705e-09 5.684991e-09 5.678535e-09 5.681761e-09 0.000000e+00 In
7.173529e-09 8.968520e-09 5.800406e-09 5.793685e-09 2.284130e-03 5.730602e-09 5.740471e-09 5.871932e-09 6.578882e-09 5.688225e-09 5.998740e-09 5.896167e-09 5.837653e-09 5.753682e-09 5.753682e-09 5.688225e-09 5.743768e-09 5.707705e-09 5.688225e-09 5.684991e-09 5.681761e-09 5.678535e-09 5.707705e-09 5.684991e-09 5.678535e-09 5.681761e-09 0.000000e+00 11th
7.173529e-09 8.968520e-09 5.800406e-09 5.793685e-09 2.284130e-03 5.730602e-09 5.740471e-09 5.871932e-09 6.578882e-09 5.688225e-09 5.998740e-09 5.896167e-09 5.837653e-09 5.753682e-09 5.753682e-09 5.688225e-09 5.743768e-09 5.707705e-09 5.688225e-09 5.684991e-09 5.681761e-09 5.678535e-09 5.707705e-09 5.684991e-09 5.678535e-09 5.681761e-09 0.000000e+00 Intelligent
7.173529e-09 7.649308e-04 5.800406e-09 5.793685e-09 1.931447e-03 5.730602e-09 5.740471e-09 5.871932e-09 6.578882e-09 5.688225e-09 5.998740e-09 5.896167e-09 5.837653e-09 5.753682e-09 5.753682e-09 5.688225e-09 5.743768e-09 5.707705e-09 5.688225e-09 5.684991e-09 5.681761e-09 5.678535e-09 5.707705e-09 5.684991e-09 5.678535e-09 5.681761e-09 0.000000e+00 Text
7.173529e-09 8.968520e-09 5.800406e-09 5.793685e-09 1.142065e-03 5.730602e-09 5.740471e-09 5.871932e-09 6.578882e-09 5.688225e-09 5.998740e-09 5.896167e-09 5.837653e-09 5.753682e-09 5.753682e-09 5.688225e-09 5.743768e-09 5.707705e-09 5.688225e-09 5.684991e-09 5.681761e-09 5.678535e-09 5.707705e-09 5.684991e-09 5.678535e-09 5.681761e-09 0.000000e+00 (CICLING)
7.173529e-09 8.968520e-09 5.800406e-09 5.793685e-09 6.406086e-09 5.730602e-09 1.471587e-02 5.871932e-09 6.578882e-09 5.688225e-09 5.998740e-09 5.896167e-09 5.837653e-09 5.753682e-09 5.753682e-09 5.688225e-09 5.743768e-09 5.707705e-09 5.688225e-09 5.684991e-09 5.681761e-09 5.678535e-09 5.707705e-09 5.684991e-09 5.678535e-09 5.681761e-09 0.000000e+00 March
7.173529e-09 8.968520e-09 9.372946e-03 5.793685e-09 6.406086e-09 5.730602e-09 5.740471e-09 5.871932e-09 6.578882e-09 5.688225e-09 5.998740e-09 5.896167e-09 5.837653e-09 5.753682e-09 5.753682e-09 5.688225e-09 5.743768e-09 5.707705e-09 5.688225e-09 5.684991e-09 5.681761e-09 5.678535e-09 5.707705e-09 5.684991e-09 5.678535e-09 5.681761e-09 0.000000e+00 2010
7.541275e-04 8.968520e-09 5.800406e-09 5.793685e-09 6.406086e-09 5.730602e-09 5.740471e-09 5.871932e-09 6.578882e-09 5.688225e-09 5.998740e-09 5.896167e-09 5.837653e-09 5.753682e-09 5.753682e-09 5.688225e-09 5.743768e-09 5.707705e-09 5.688225e-09 5.684991e-09 5.681761e-09 5.678535e-09 5.707705e-09 5.684991e-09 5.678535e-09 5.681761e-09 0.000000e+00 Gilet
3.770638e-03 8.968520e-09 5.800406e-09 5.793685e-09 6.406086e-09 5.730602e-09 5.740471e-09 5.871932e-09 6.578882e-09 5.688225e-09 5.998740e-09 5.896167e-09 5.837653e-09 5.753682e-09 5.753682e-09 5.688225e-09 5.743768e-09 5.707705e-09 5.688225e-09 5.684991e-09 5.681761e-09 5.678535e-09 5.707705e-09 5.684991e-09 5.678535e-09 5.681761e-09 0.000000e+00 W.
1.508255e-03 8.968520e-09 5.800406e-09 5.793685e-09 6.406086e-09 5.730602e-09 5.740471e-09 5.871932e-09 6.578882e-09 5.688225e-09 5.998740e-09 5.896167e-09 5.837653e-09 5.753682e-09 5.753682e-09 5.688225e-09 5.743768e-09 5.707705e-09 5.688225e-09 5.684991e-09 5.681761e-09 5.678535e-09 5.707705e-09 5.684991e-09 5.678535e-09 5.681761e-09 0.000000e+00 Ward
7.173529e-09 1.168894e-03 5.800406e-09 5.793685e-09 6.406086e-09 5.730602e-09 5.740471e-09 5.871932e-09 6.578882e-09 5.688225e-09 5.998740e-09 5.896167e-09 5.837653e-09 5.753682e-09 5.753682e-09 5.688225e-09 5.743768e-09 5.707705e-09 5.688225e-09 5.684991e-09 5.681761e-09 5.678535e-09 5.707705e-09 5.684991e-09 5.678535e-09 5.681761e-09 0.000000e+00 Combining
7.173529e-09 5.844468e-04 5.800406e-09 5.793685e-09 6.406086e-09 5.730602e-09 5.740471e-09 5.871932e-09 6.578882e-09 5.688225e-09 5.998740e-09 5.896167e-09 5.837653e-09 5.753682e-09 5.753682e-09 5.688225e-09 5.743768e-09 5.707705e-09 5.688225e-09 5.684991e-09 5.681761e-09 5.678535e-09 5.707705e-09 5.684991e-09 5.678535e-09 5.681761e-09 0.000000e+00 Trigrams
7.173529e-09 8.968520e-09 5.800406e-09 5.793685e-09 4.568261e-03 5.730602e-09 5.740471e-09 5.871932e-09 6.578882e-09 5.688225e-09 5.998740e-09 5.896167e-09 5.837653e-09 5.753682e-09 5.753682e-09 5.688225e-09 5.743768e-09 5.707705e-09 5.688225e-09 5.684991e-09 5.681761e-09 5.678535e-09 5.707705e-09 5.684991e-09 5.678535e-09 5.681761e-09 0.000000e+00 5th
7.173529e-09 8.968520e-09 5.800406e-09 5.793685e-09 5.710326e-03 5.730602e-09 5.740471e-09 5.871932e-09 6.578882e-09 5.688225e-09 5.998740e-09 5.896167e-09 5.837653e-09 5.753682e-09 5.753682e-09 5.688225e-09 5.743768e-09 5.707705e-09 5.688225e-09 5.684991e-09 5.681761e-09 5.678535e-09 5.707705e-09 5.684991e-09 5.678535e-09 5.681761e-09 0.000000e+00 Spoken
7.173529e-09 8.968520e-09 5.800406e-09 5.793685e-09 6.406086e-09 5.730602e-09 5.740471e-09 5.871932e-09 3.307013e-03 5.688225e-09 5.998740e-09 5.896167e-09 5.837653e-09 5.753682e-09 5.753682e-09 5.688225e-09 5.743768e-09 5.707705e-09 5.688225e-09 5.684991e-09 5.681761e-09 5.678535e-09 5.707705e-09 5.684991e-09 5.678535e-09 5.681761e-09 0.000000e+00 2319
7.173529e-09 8.968520e-09 5.800406e-09 5.793685e-09 6.406086e-09 5.730602e-09 5.740471e-09 5.871932e-09 3.307013e-03 5.688225e-09 5.998740e-09 5.896167e-09 5.837653e-09 5.753682e-09 5.753682e-09 5.688225e-09 5.743768e-09 5.707705e-09 5.688225e-09 5.684991e-09 5.681761e-09 5.678535e-09 5.707705e-09 5.684991e-09 5.678535e-09 5.681761e-09 0.000000e+00 2322
7.173529e-09 8.968520e-09 5.800406e-09 5.793685e-09 6.406086e-09 5.730602e-09 5.740471e-09 5.871932e-09 6.578882e-09 5.688225e-09 1.450077e-02 5.896167e-09 5.837653e-09 5.753682e-09 5.753682e-09 5.688225e-09 5.743768e-09 5.707705e-09 5.688225e-09 5.684991e-09 5.681761e-09 5.678535e-09 5.707705e-09 5.684991e-09 5.678535e-09 5.681761e-09 0.000000e+00 Sidney
7.173529e-09 8.968520e-09 5.800406e-09 5.793685e-09 6.406086e-09 5.730602e-09 5.740471e-09 5.871932e-09 6.578882e-09 5.688225e-09 2.175116e-02 5.896167e-09 5.837653e-09 5.753682e-09 5.753682e-09 5.688225e-09 5.743768e-09 5.707705e-09 5.688225e-09 5.684991e-09 5.681761e-09 5.678535e-09 5.707705e-09 5.684991e-09 5.678535e-09 5.681761e-09 0.000000e+00 Australia
7.541275e-04 8.968520e-09 5.800406e-09 5.793685e-09 6.406086e-09 5.730602e-09 5.740471e-09 5.871932e-09 6.578882e-09 5.688225e-09 5.998740e-09 5.896167e-09 5.837653e-09 5.753682e-09 5.753682e-09 5.688225e-09 5.743768e-09 5.707705e-09 5.688225e-09 5.684991e-09 5.681761e-09 5.678535e-09 5.707705e-09 5.684991e-09 5.678535e-09 5.681761e-09 0.000000e+00 Gispert
7.541275e-04 8.968520e-09 5.800406e-09 5.793685e-09 6.406086e-09 5.730602e-09 5.740471e-09 5.871932e-09 6.578882e-09 5.688225e-09 5.998740e-09 5.896167e-09 5.837653e-09 5.753682e-09 5.753682e-09 5.688225e-09 5.743768e-09 5.707705e-09 5.688225e-09 5.684991e-09 5.681761e-09 5.678535e-09 5.707705e-09 5.684991e-09 5.678535e-09 5.681761e-09 0.000000e+00 Gupta
7.541275e-04 8.968520e-09 5.800406e-09 5.793685e-09 6.406086e-09 5.730602e-09 5.740471e-09 5.871932e-09 6.578882e-09 5.688225e-09 5.998740e-09 5.896167e-09 5.837653e-09 5.753682e-09 5.753682e-09 5.688225e-09 5.743768e-09 5.707705e-09 5.688225e-09 5.684991e-09 5.681761e-09 5.678535e-09 5.707705e-09 5.684991e-09 5.678535e-09 5.681761e-09 0.000000e+00 Popovic
7.541275e-04 8.968520e-09 5.800406e-09 5.793685e-09 6.406086e-09 5.730602e-09 5.740471e-09 5.871932e-09 6.578882e-09 5.688225e-09 5.998740e-09 5.896167e-09 5.837653e-09 5.753682e-09 5.753682e-09 5.688225e-09 5.743768e-09 5.707705e-09 5.688225e-09 5.684991e-09 5.681761e-09 5.678535e-09 5.707705e-09 5.684991e-09 5.678535e-09 5.681761e-09 0.000000e+00 Lambert
7.541275e-04 8.968520e-09 5.800406e-09 5.793685e-09 6.406086e-09 5.730602e-09 5.740471e-09 5.871932e-09 6.578882e-09 5.688225e-09 5.998740e-09 5.896167e-09 5.837653e-09 5.753682e-09 5.753682e-09 5.688225e-09 5.743768e-09 5.707705e-09 5.688225e-09 5.684991e-09 5.681761e-09 5.678535e-09 5.707705e-09 5.684991e-09 5.678535e-09 5.681761e-09 0.000000e+00 Mariño
7.541275e-04 8.968520e-09 5.800406e-09 5.793685e-09 6.406086e-09 5.730602e-09 5.740471e-09 5.871932e-09 6.578882e-09 5.688225e-09 5.998740e-09 5.896167e-09 5.837653e-09 5.753682e-09 5.753682e-09 5.688225e-09 5.743768e-09 5.707705e-09 5.688225e-09 5.684991e-09 5.681761e-09 5.678535e-09 5.707705e-09 5.684991e-09 5.678535e-09 5.681761e-09 0.000000e+00 Federico
7.541275e-04 8.968520e-09 5.800406e-09 5.793685e-09 6.406086e-09 5.730602e-09 5.740471e-09 5.871932e-09 6.578882e-09 5.688225e-09 5.998740e-09 5.896167e-09 5.837653e-09 5.753682e-09 5.753682e-09 5.688225e-09 5.743768e-09 5.707705e-09 5.688225e-09 5.684991e-09 5.681761e-09 5.678535e-09 5.707705e-09 5.684991e-09 5.678535e-09 5.681761e-09 0.000000e+00 Banchs
7.173529e-09 3.506681e-03 5.800406e-09 5.793685e-09 6.406086e-09 5.730602e-09 5.740471e-09 5.871932e-09 6.578882e-09 5.688225e-09 5.998740e-09 5.896167e-09 5.837653e-09 5.753682e-09 5.753682e-09 5.688225e-09 5.743768e-09 5.707705e-09 5.688225e-09 5.684991e-09 5.681761e-09 5.678535e-09 5.707705e-09 5.684991e-09 5.678535e-09 5.681761e-09 0.000000e+00 Word
7.173529e-09 5.844468e-04 5.800406e-09 5.793685e-09 6.406086e-09 5.730602e-09 5.740471e-09 5.871932e-09 6.578882e-09 5.688225e-09 5.998740e-09 5.896167e-09 5.837653e-09 5.753682e-09 5.753682e-09 5.688225e-09 5.743768e-09 5.707705e-09 5.688225e-09 5.684991e-09 5.681761e-09 5.678535e-09 5.707705e-09 5.684991e-09 5.678535e-09 5.681761e-09 0.000000e+00 Alignments
7.173529e-09 1.168894e-03 5.800406e-09 5.793685e-09 6.406086e-09 5.730602e-09 5.740471e-09 5.871932e-09 6.578882e-09 5.688225e-09 5.998740e-09 5.896167e-09 5.837653e-09 5.753682e-09 5.753682e-09 5.688225e-09 5.743768e-09 5.707705e-09 5.688225e-09 5.684991e-09 5.681761e-09 5.678535e-09 5.707705e-09 5.684991e-09 5.678535e-09 5.681761e-09 0.000000e+00 Morpho-syntactic
7.173529e-09 8.968520e-09 5.800406e-09 5.793685e-09 1.142065e-03 5.730602e-09 5.740471e-09 5.871932e-09 6.578882e-09 5.688225e-09 5.998740e-09 5.896167e-09 5.837653e-09 5.753682e-09 5.753682e-09 5.688225e-09 5.743768e-09 5.707705e-09 5.688225e-09 5.684991e-09 5.681761e-09 5.678535e-09 5.707705e-09 5.684991e-09 5.678535e-09 5.681761e-09 0.000000e+00 FinTAL
7.173529e-09 8.968520e-09 5.800406e-09 5.793685e-09 6.406086e-09 5.730602e-09 5.740471e-09 5.871932e-09 3.307013e-03 5.688225e-09 5.998740e-09 5.896167e-09 5.837653e-09 5.753682e-09 5.753682e-09 5.688225e-09 5.743768e-09 5.707705e-09 5.688225e-09 5.684991e-09 5.681761e-09 5.678535e-09 5.707705e-09 5.684991e-09 5.678535e-09 5.681761e-09 0.000000e+00 368
7.173529e-09 8.968520e-09 5.800406e-09 5.793685e-09 6.406086e-09 5.730602e-09 5.740471e-09 5.871932e-09 6.614026e-03 5.688225e-09 5.998740e-09 5.896167e-09 5.837653e-09 5.753682e-09 5.753682e-09 5.688225e-09 5.743768e-09 5.707705e-09 5.688225e-09 5.684991e-09 5.681761e-09 5.678535e-09 5.707705e-09 5.684991e-09 5.678535e-09 5.681761e-09 0.000000e+00 379
7.173529e-09 5.844468e-04 3.280531e-02 5.793685e-09 6.406086e-09 5.730602e-09 5.740471e-09 5.871932e-09 6.578882e-09 5.688225e-09 5.998740e-09 5.896167e-09 5.837653e-09 5.753682e-09 5.753682e-09 5.688225e-09 5.743768e-09 5.707705e-09 5.688225e-09 5.684991e-09 5.681761e-09 5.678535e-09 5.707705e-09 5.684991e-09 5.678535e-09 5.681761e-09 0.000000e+00 2006
7.173529e-09 8.968520e-09 5.800406e-09 5.793685e-09 6.406086e-09 5.730602e-09 5.740471e-09 5.871932e-09 6.578882e-09 5.688225e-09 5.998740e-09 5.896167e-09 5.837653e-09 5.753682e-09 5.753682e-09 5.688225e-09 5.743768e-09 5.707705e-09 5.688225e-09 5.684991e-09 5.681761e-09 5.678535e-09 5.405351e-02 5.684991e-09 5.678535e-09 5.681761e-09 0.000000e+00 LNCS
7.173529e-09 8.968520e-09 5.800406e-09 5.793685e-09 6.406086e-09 5.730602e-09 5.740471e-09 5.871932e-09 6.578882e-09 5.688225e-09 7.250385e-03 5.896167e-09 5.837653e-09 5.753682e-09 5.753682e-09 5.688225e-09 5.743768e-09 5.707705e-09 5.688225e-09 5.684991e-09 5.681761e-09 5.678535e-09 5.707705e-09 5.684991e-09 5.678535e-09 5.681761e-09 0.000000e+00 Turku
7.173529e-09 8.968520e-09 5.800406e-09 5.793685e-09 6.406086e-09 5.730602e-09 5.740471e-09 5.871932e-09 6.578882e-09 5.688225e-09 1.450077e-02 5.896167e-09 5.837653e-09 5.753682e-09 5.753682e-09 5.688225e-09 5.743768e-09 5.707705e-09 5.688225e-09 5.684991e-09 5.681761e-09 5.678535e-09 5.707705e-09 5.684991e-09 5.678535e-09 5.681761e-09 0.000000e+00 Finland
7.173529e-09 8.968520e-09 5.800406e-09 1.014722e-02 6.406086e-09 5.730602e-09 5.740471e-09 5.871932e-09 6.578882e-09 5.688225e-09 5.998740e-09 5.896167e-09 5.837653e-09 5.753682e-09 5.753682e-09 5.688225e-09 5.743768e-09 5.707705e-09 5.688225e-09 5.684991e-09 5.681761e-09 5.678535e-09 5.707705e-09 5.684991e-09 5.678535e-09 5.681761e-09 0.000000e+00 Verlag
7.541275e-04 8.968520e-09 5.800406e-09 5.793685e-09 6.406086e-09 5.730602e-09 5.740471e-09 5.871932e-09 6.578882e-09 5.688225e-09 5.998740e-09 5.896167e-09 5.837653e-09 5.753682e-09 5.753682e-09 5.688225e-09 5.743768e-09 5.707705e-09 5.688225e-09 5.684991e-09 5.681761e-09 5.678535e-09 5.707705e-09 5.684991e-09 5.678535e-09 5.681761e-09 0.000000e+00 Goldsmith
7.173529e-09 1.168894e-03 5.800406e-09 5.793685e-09 6.406086e-09 5.730602e-09 5.740471e-09 5.871932e-09 6.578882e-09 5.688225e-09 5.998740e-09 5.896167e-09 5.837653e-09 5.753682e-09 5.753682e-09 5.688225e-09 5.743768e-09 5.707705e-09 5.688225e-09 5.684991e-09 5.681761e-09 5.678535e-09 5.707705e-09 5.684991e-09 5.678535e-09 5.681761e-09 0.000000e+00 Unsupervised
7.173529e-09 5.844468e-04 5.800406e-09 5.793685e-09 6.406086e-09 5.730602e-09 5.740471e-09 5.871932e-09 6.578882e-09 5.688225e-09 5.998740e-09 5.896167e-09 5.837653e-09 5.753682e-09 5.753682e-09 5.688225e-09 5.743768e-09 5.707705e-09 5.688225e-09 5.684991e-09 5.681761e-09 5.678535e-09 5.707705e-09 5.684991e-09 5.678535e-09 5.681761e-09 0.000000e+00 Morphology
7.173529e-09 8.968520e-09 5.800406e-09 5.793685e-09 6.406086e-09 5.730602e-09 5.740471e-09 5.871932e-09 3.307013e-03 5.688225e-09 5.998740e-09 5.896167e-09 5.837653e-09 5.753682e-09 5.753682e-09 5.688225e-09 5.743768e-09 5.707705e-09 5.688225e-09 5.684991e-09 5.681761e-09 5.678535e-09 5.707705e-09 5.684991e-09 5.678535e-09 5.681761e-09 0.000000e+00 153
7.173529e-09 8.968520e-09 5.800406e-09 5.793685e-09 6.406086e-09 5.730602e-09 5.740471e-09 5.871932e-09 3.307013e-03 5.688225e-09 5.998740e-09 5.896167e-09 5.837653e-09 5.753682e-09 5.753682e-09 5.688225e-09 5.743768e-09 5.707705e-09 5.688225e-09 5.684991e-09 5.681761e-09 5.678535e-09 5.707705e-09 5.684991e-09 5.678535e-09 5.681761e-09 0.000000e+00 198
7.541275e-04 8.968520e-09 5.800406e-09 5.793685e-09 6.406086e-09 5.730602e-09 5.740471e-09 5.871932e-09 6.578882e-09 5.688225e-09 5.998740e-09 5.896167e-09 5.837653e-09 5.753682e-09 5.753682e-09 5.688225e-09 5.743768e-09 5.707705e-09 5.688225e-09 5.684991e-09 5.681761e-09 5.678535e-09 5.707705e-09 5.684991e-09 5.678535e-09 5.681761e-09 0.000000e+00 M.G.
1.508255e-03 8.968520e-09 5.800406e-09 5.793685e-09 6.406086e-09 5.730602e-09 5.740471e-09 5.871932e-09 6.578882e-09 5.688225e-09 5.998740e-09 5.896167e-09 5.837653e-09 5.753682e-09 5.753682e-09 5.688225e-09 5.743768e-09 5.707705e-09 5.688225e-09 5.684991e-09 5.681761e-09 5.678535e-09 5.707705e-09 5.684991e-09 5.678535e-09 5.681761e-09 0.000000e+00 Thomason
7.173529e-09 5.844468e-04 5.800406e-09 5.793685e-09 6.406086e-09 5.730602e-09 5.740471e-09 5.871932e-09 6.578882e-09 5.688225e-09 5.998740e-09 5.896167e-09 5.837653e-09 5.753682e-09 5.753682e-09 5.688225e-09 5.743768e-09 5.707705e-09 5.688225e-09 5.684991e-09 5.681761e-09 5.678535e-09 5.707705e-09 5.684991e-09 5.678535e-09 5.681761e-09 0.000000e+00 Recognition:
7.173529e-09 8.968520e-09 9.372946e-03 5.793685e-09 6.406086e-09 5.730602e-09 5.740471e-09 5.871932e-09 6.578882e-09 5.688225e-09 5.998740e-09 5.896167e-09 5.837653e-09 5.753682e-09 5.753682e-09 5.688225e-09 5.743768e-09 5.707705e-09 5.688225e-09 5.684991e-09 5.681761e-09 5.678535e-09 5.707705e-09 5.684991e-09 5.678535e-09 5.681761e-09 0.000000e+00 1978
7.173529e-09 8.968520e-09 5.800406e-09 1.014722e-02 6.406086e-09 5.730602e-09 5.740471e-09 5.871932e-09 6.578882e-09 5.688225e-09 5.998740e-09 5.896167e-09 5.837653e-09 5.753682e-09 5.753682e-09 5.688225e-09 5.743768e-09 5.707705e-09 5.688225e-09 5.684991e-09 5.681761e-09 5.678535e-09 5.707705e-09 5.684991e-09 5.678535e-09 5.681761e-09 0.000000e+00 Addisson-Wesley
7.541275e-04 8.968520e-09 5.800406e-09 5.793685e-09 6.406086e-09 5.730602e-09 5.740471e-09 5.871932e-09 6.578882e-09 5.688225e-09 5.998740e-09 5.896167e-09 5.837653e-09 5.753682e-09 5.753682e-09 5.688225e-09 5.743768e-09 5.707705e-09 5.688225e-09 5.684991e-09 5.681761e-09 5.678535e-09 5.707705e-09 5.684991e-09 5.678535e-09 5.681761e-09 0.000000e+00 Gopalakrishnan
7.541275e-04 8.968520e-09 5.800406e-09 5.793685e-09 6.406086e-09 5.730602e-09 5.740471e-09 5.871932e-09 6.578882e-09 5.688225e-09 5.998740e-09 5.896167e-09 5.837653e-09 5.753682e-09 5.753682e-09 5.688225e-09 5.743768e-09 5.707705e-09 5.688225e-09 5.684991e-09 5.681761e-09 5.678535e-09 5.707705e-09 5.684991e-09 5.678535e-09 5.681761e-09 0.000000e+00 Kanevsky
7.541275e-04 8.968520e-09 5.800406e-09 5.793685e-09 6.406086e-09 5.730602e-09 5.740471e-09 5.871932e-09 6.578882e-09 5.688225e-09 5.998740e-09 5.896167e-09 5.837653e-09 5.753682e-09 5.753682e-09 5.688225e-09 5.743768e-09 5.707705e-09 5.688225e-09 5.684991e-09 5.681761e-09 5.678535e-09 5.707705e-09 5.684991e-09 5.678535e-09 5.681761e-09 0.000000e+00 {\uppercase{n}}adas
7.541275e-04 8.968520e-09 5.800406e-09 5.793685e-09 6.406086e-09 5.730602e-09 5.740471e-09 5.871932e-09 6.578882e-09 5.688225e-09 5.998740e-09 5.896167e-09 5.837653e-09 5.753682e-09 5.753682e-09 5.688225e-09 5.743768e-09 5.707705e-09 5.688225e-09 5.684991e-09 5.681761e-09 5.678535e-09 5.707705e-09 5.684991e-09 5.678535e-09 5.681761e-09 0.000000e+00 {\uppercase{n}}ahamoo
7.173529e-09 5.844468e-04 5.800406e-09 5.793685e-09 6.406086e-09 5.730602e-09 5.740471e-09 5.871932e-09 6.578882e-09 5.688225e-09 5.998740e-09 5.896167e-09 5.837653e-09 5.753682e-09 5.753682e-09 5.688225e-09 5.743768e-09 5.707705e-09 5.688225e-09 5.684991e-09 5.681761e-09 5.678535e-09 5.707705e-09 5.684991e-09 5.678535e-09 5.681761e-09 0.000000e+00 rational
7.173529e-09 5.844468e-04 5.800406e-09 5.793685e-09 6.406086e-09 5.730602e-09 5.740471e-09 5.871932e-09 6.578882e-09 5.688225e-09 5.998740e-09 5.896167e-09 5.837653e-09 5.753682e-09 5.753682e-09 5.688225e-09 5.743768e-09 5.707705e-09 5.688225e-09 5.684991e-09 5.681761e-09 5.678535e-09 5.707705e-09 5.684991e-09 5.678535e-09 5.681761e-09 0.000000e+00 applications
7.173529e-09 1.753341e-03 5.800406e-09 5.793685e-09 6.406086e-09 5.730602e-09 5.740471e-09 5.871932e-09 6.578882e-09 5.688225e-09 5.998740e-09 5.896167e-09 5.837653e-09 5.753682e-09 5.753682e-09 5.688225e-09 5.743768e-09 5.707705e-09 5.688225e-09 5.684991e-09 5.681761e-09 5.678535e-09 5.707705e-09 5.684991e-09 5.678535e-09 5.681761e-09 0.000000e+00 some
7.173529e-09 5.844468e-04 5.800406e-09 5.793685e-09 6.406086e-09 5.730602e-09 5.740471e-09 5.871932e-09 6.578882e-09 5.688225e-09 5.998740e-09 5.896167e-09 5.837653e-09 5.753682e-09 5.753682e-09 5.688225e-09 5.743768e-09 5.707705e-09 5.688225e-09 5.684991e-09 5.681761e-09 5.678535e-09 5.707705e-09 5.684991e-09 5.678535e-09 5.681761e-09 0.000000e+00 problems
7.173529e-09 8.968520e-09 5.800406e-09 5.793685e-09 6.406086e-09 5.730602e-09 5.740471e-09 5.871932e-09 6.578882e-09 5.688225e-09 5.998740e-09 5.896167e-09 1.411305e-02 5.753682e-09 5.753682e-09 5.688225e-09 5.743768e-09 5.707705e-09 5.688225e-09 5.684991e-09 5.681761e-09 5.678535e-09 5.707705e-09 5.684991e-09 5.678535e-09 5.681761e-09 0.000000e+00 37
7.173529e-09 8.968520e-09 5.800406e-09 5.793685e-09 6.406086e-09 5.730602e-09 5.740471e-09 5.871932e-09 3.307013e-03 5.688225e-09 5.998740e-09 5.896167e-09 5.837653e-09 5.753682e-09 5.753682e-09 5.688225e-09 5.743768e-09 5.707705e-09 5.688225e-09 5.684991e-09 5.681761e-09 5.678535e-09 5.707705e-09 5.684991e-09 5.678535e-09 5.681761e-09 0.000000e+00 107
7.173529e-09 8.968520e-09 5.800406e-09 5.793685e-09 6.406086e-09 5.730602e-09 5.740471e-09 5.871932e-09 6.614026e-03 5.688225e-09 5.998740e-09 5.896167e-09 5.837653e-09 5.753682e-09 5.753682e-09 5.688225e-09 5.743768e-09 5.707705e-09 5.688225e-09 5.684991e-09 5.681761e-09 5.678535e-09 5.707705e-09 5.684991e-09 5.678535e-09 5.681761e-09 0.000000e+00 113
3.016510e-03 8.968520e-09 5.800406e-09 5.793685e-09 6.406086e-09 5.730602e-09 5.740471e-09 5.871932e-09 6.578882e-09 5.688225e-09 5.998740e-09 5.896167e-09 5.837653e-09 5.753682e-09 5.753682e-09 5.688225e-09 5.743768e-09 5.707705e-09 5.688225e-09 5.684991e-09 5.681761e-09 5.678535e-09 5.707705e-09 5.684991e-09 5.678535e-09 5.681761e-09 0.000000e+00 M.A.
1.508255e-03 8.968520e-09 5.800406e-09 5.793685e-09 6.406086e-09 5.730602e-09 5.740471e-09 5.871932e-09 6.578882e-09 5.688225e-09 5.998740e-09 5.896167e-09 5.837653e-09 5.753682e-09 5.753682e-09 5.688225e-09 5.743768e-09 5.707705e-09 5.688225e-09 5.684991e-09 5.681761e-09 5.678535e-09 5.707705e-09 5.684991e-09 5.678535e-09 5.681761e-09 0.000000e+00 Harrison
7.173529e-09 1.168894e-03 5.800406e-09 5.793685e-09 6.406086e-09 5.730602e-09 5.740471e-09 5.871932e-09 6.578882e-09 5.688225e-09 5.998740e-09 5.896167e-09 5.837653e-09 5.753682e-09 5.753682e-09 5.688225e-09 5.743768e-09 5.707705e-09 5.688225e-09 5.684991e-09 5.681761e-09 5.678535e-09 5.707705e-09 5.684991e-09 5.678535e-09 5.681761e-09 0.000000e+00 Formal
7.173529e-09 5.844468e-04 5.800406e-09 5.793685e-09 6.406086e-09 5.730602e-09 5.740471e-09 5.871932e-09 6.578882e-09 5.688225e-09 5.998740e-09 5.896167e-09 5.837653e-09 5.753682e-09 5.753682e-09 5.688225e-09 5.743768e-09 5.707705e-09 5.688225e-09 5.684991e-09 5.681761e-09 5.678535e-09 5.707705e-09 5.684991e-09 5.678535e-09 5.681761e-09 0.000000e+00 Automata
7.173529e-09 1.776790e-03 5.800406e-09 5.793685e-09 6.406086e-09 5.730602e-09 5.740471e-09 5.871932e-09 6.578882e-09 5.688225e-09 5.998740e-09 6.164390e-03 5.837653e-09 5.753682e-09 5.753682e-09 5.688225e-09 5.743768e-09 5.707705e-09 5.688225e-09 5.684991e-09 5.681761e-09 5.678535e-09 5.707705e-09 5.684991e-09 5.678535e-09 5.681761e-09 0.000000e+00 Computation
7.541275e-04 8.968520e-09 5.800406e-09 5.793685e-09 6.406086e-09 5.730602e-09 5.740471e-09 5.871932e-09 6.578882e-09 5.688225e-09 5.998740e-09 5.896167e-09 5.837653e-09 5.753682e-09 5.753682e-09 5.688225e-09 5.743768e-09 5.707705e-09 5.688225e-09 5.684991e-09 5.681761e-09 5.678535e-09 5.707705e-09 5.684991e-09 5.678535e-09 5.681761e-09 0.000000e+00 Horning
7.173529e-09 8.968520e-09 9.372946e-03 5.793685e-09 6.406086e-09 5.730602e-09 5.740471e-09 5.871932e-09 6.578882e-09 5.688225e-09 5.998740e-09 5.896167e-09 5.837653e-09 5.753682e-09 5.753682e-09 5.688225e-09 5.743768e-09 5.707705e-09 5.688225e-09 5.684991e-09 5.681761e-09 5.678535e-09 5.707705e-09 5.684991e-09 5.678535e-09 5.681761e-09 0.000000e+00 1969
7.173529e-09 8.968520e-09 5.800406e-09 5.793685e-09 6.406086e-09 5.730602e-09 5.740471e-09 5.871932e-09 6.578882e-09 5.688225e-09 5.998740e-09 5.896167e-09 5.837653e-09 5.753682e-09 5.753682e-09 5.688225e-09 6.262975e-02 5.707705e-09 5.688225e-09 5.684991e-09 5.681761e-09 5.678535e-09 5.707705e-09 5.684991e-09 5.678535e-09 5.681761e-09 0.000000e+00 Dep.
7.173529e-09 8.968520e-09 5.800406e-09 5.793685e-09 6.406086e-09 5.730602e-09 5.740471e-09 5.871932e-09 6.578882e-09 5.688225e-09 5.998740e-09 5.896167e-09 5.837653e-09 5.753682e-09 5.753682e-09 5.688225e-09 6.262975e-02 5.707705e-09 5.688225e-09 5.684991e-09 5.681761e-09 5.678535e-09 5.707705e-09 5.684991e-09 5.678535e-09 5.681761e-09 0.000000e+00 Sci.
7.173529e-09 8.968520e-09 5.800406e-09 5.793685e-09 6.406086e-09 5.730602e-09 5.740471e-09 5.871932e-09 6.578882e-09 5.688225e-09 3.019547e-13 5.896167e-09 5.837653e-09 5.753682e-09 5.753682e-09 5.688225e-09 6.262975e-02 5.707705e-09 5.688225e-09 5.684991e-09 5.681761e-09 5.678535e-09 5.707705e-09 5.684991e-09 5.678535e-09 5.681761e-09 0.000000e+00 Stanford
7.173529e-09 8.968520e-09 5.800406e-09 5.793685e-09 6.406086e-09 5.730602e-09 5.740471e-09 5.871932e-09 6.578882e-09 5.688225e-09 5.998740e-09 5.896167e-09 5.837653e-09 5.753682e-09 1.315777e-02 5.688225e-09 6.262975e-02 5.707705e-09 5.688225e-09 5.684991e-09 5.681761e-09 5.678535e-09 5.707705e-09 5.684991e-09 5.678535e-09 5.681761e-09 0.000000e+00 Univ.
7.173529e-09 8.968520e-09 5.800406e-09 5.793685e-09 6.406086e-09 5.730602e-09 5.740471e-09 5.871932e-09 6.578882e-09 5.688225e-09 7.250385e-03 5.896167e-09 5.837653e-09 5.753682e-09 5.753682e-09 5.688225e-09 5.743768e-09 5.707705e-09 5.688225e-09 5.684991e-09 5.681761e-09 5.678535e-09 5.707705e-09 5.684991e-09 5.678535e-09 5.681761e-09 0.000000e+00 Calif.
7.541275e-04 8.968520e-09 5.800406e-09 5.793685e-09 6.406086e-09 5.730602e-09 5.740471e-09 5.871932e-09 6.578882e-09 5.688225e-09 5.998740e-09 5.896167e-09 5.837653e-09 5.753682e-09 5.753682e-09 5.688225e-09 5.743768e-09 5.707705e-09 5.688225e-09 5.684991e-09 5.681761e-09 5.678535e-09 5.707705e-09 5.684991e-09 5.678535e-09 5.681761e-09 0.000000e+00 Horowitz
1.508255e-03 8.968520e-09 5.800406e-09 5.793685e-09 6.406086e-09 5.730602e-09 5.740471e-09 5.871932e-09 6.578882e-09 5.688225e-09 5.998740e-09 5.896167e-09 5.837653e-09 5.753682e-09 5.753682e-09 5.688225e-09 5.743768e-09 5.707705e-09 5.688225e-09 5.684991e-09 5.681761e-09 5.678535e-09 5.707705e-09 5.684991e-09 5.678535e-09 5.681761e-09 0.000000e+00 Sahni
7.173529e-09 1.168894e-03 5.800406e-09 5.793685e-09 6.406086e-09 5.730602e-09 5.740471e-09 5.871932e-09 6.578882e-09 5.688225e-09 5.998740e-09 5.896167e-09 5.837653e-09 5.753682e-09 5.753682e-09 5.688225e-09 5.743768e-09 5.707705e-09 5.688225e-09 5.684991e-09 5.681761e-09 5.678535e-09 5.707705e-09 5.684991e-09 5.678535e-09 5.681761e-09 0.000000e+00 Fundamentals
7.173529e-09 1.168894e-03 5.800406e-09 5.793685e-09 6.406086e-09 5.730602e-09 5.740471e-09 5.871932e-09 6.578882e-09 5.688225e-09 5.998740e-09 5.896167e-09 5.837653e-09 5.753682e-09 5.753682e-09 5.688225e-09 5.743768e-09 5.707705e-09 5.688225e-09 5.684991e-09 5.681761e-09 5.678535e-09 5.707705e-09 5.684991e-09 5.678535e-09 5.681761e-09 0.000000e+00 Data
7.173529e-09 5.844468e-04 5.800406e-09 5.793685e-09 6.406086e-09 5.730602e-09 5.740471e-09 5.871932e-09 6.578882e-09 5.688225e-09 5.998740e-09 5.896167e-09 5.837653e-09 5.753682e-09 5.753682e-09 5.688225e-09 5.743768e-09 5.707705e-09 5.688225e-09 5.684991e-09 5.681761e-09 5.678535e-09 5.707705e-09 5.684991e-09 5.678535e-09 5.681761e-09 0.000000e+00 Structures
7.173529e-09 5.844468e-04 5.800406e-09 5.793685e-09 6.406086e-09 5.730602e-09 5.740471e-09 5.871932e-09 6.578882e-09 5.688225e-09 5.998740e-09 5.896167e-09 5.837653e-09 5.753682e-09 5.753682e-09 5.688225e-09 5.743768e-09 5.707705e-09 5.688225e-09 5.684991e-09 5.681761e-09 5.678535e-09 5.707705e-09 5.684991e-09 5.678535e-09 5.681761e-09 0.000000e+00 Pascal
7.173529e-09 8.968520e-09 5.800406e-09 5.793685e-09 6.406086e-09 5.730602e-09 5.740471e-09 5.871932e-09 6.578882e-09 5.688225e-09 5.998740e-09 5.896167e-09 5.837653e-09 5.753682e-09 5.753682e-09 5.688225e-09 5.743768e-09 5.707705e-09 5.688225e-09 5.684991e-09 5.681761e-09 5.678535e-09 5.707705e-09 3.999960e-01 5.678535e-09 5.681761e-09 0.000000e+00 Third
7.173529e-09 8.968520e-09 5.800406e-09 5.793685e-09 6.406086e-09 5.730602e-09 5.740471e-09 5.871932e-09 6.578882e-09 5.688225e-09 5.998740e-09 5.896167e-09 5.837653e-09 5.753682e-09 5.753682e-09 5.688225e-09 5.743768e-09 5.707705e-09 5.688225e-09 5.684991e-09 5.681761e-09 5.678535e-09 5.707705e-09 3.999960e-01 5.678535e-09 5.681761e-09 0.000000e+00 Edition
7.541275e-04 8.968520e-09 5.800406e-09 5.793685e-09 6.406086e-09 5.730602e-09 5.740471e-09 5.871932e-09 6.578882e-09 5.688225e-09 5.998740e-09 5.896167e-09 5.837653e-09 5.753682e-09 5.753682e-09 5.688225e-09 5.743768e-09 5.707705e-09 5.688225e-09 5.684991e-09 5.681761e-09 5.678535e-09 5.707705e-09 5.684991e-09 5.678535e-09 5.681761e-09 0.000000e+00 X.D.
1.508255e-03 8.968520e-09 5.800406e-09 5.793685e-09 6.406086e-09 5.730602e-09 5.740471e-09 5.871932e-09 6.578882e-09 5.688225e-09 5.998740e-09 5.896167e-09 5.837653e-09 5.753682e-09 5.753682e-09 5.688225e-09 5.743768e-09 5.707705e-09 5.688225e-09 5.684991e-09 5.681761e-09 5.678535e-09 5.707705e-09 5.684991e-09 5.678535e-09 5.681761e-09 0.000000e+00 Huang
7.541275e-04 8.968520e-09 5.800406e-09 5.793685e-09 6.406086e-09 5.730602e-09 5.740471e-09 5.871932e-09 6.578882e-09 5.688225e-09 5.998740e-09 5.896167e-09 5.837653e-09 5.753682e-09 5.753682e-09 5.688225e-09 5.743768e-09 5.707705e-09 5.688225e-09 5.684991e-09 5.681761e-09 5.678535e-09 5.707705e-09 5.684991e-09 5.678535e-09 5.681761e-09 0.000000e+00 Ariki
7.541275e-04 8.968520e-09 5.800406e-09 5.793685e-09 6.406086e-09 5.730602e-09 5.740471e-09 5.871932e-09 6.578882e-09 5.688225e-09 5.998740e-09 5.896167e-09 5.837653e-09 5.753682e-09 5.753682e-09 5.688225e-09 5.743768e-09 5.707705e-09 5.688225e-09 5.684991e-09 5.681761e-09 5.678535e-09 5.707705e-09 5.684991e-09 5.678535e-09 5.681761e-09 0.000000e+00 Jack
7.173529e-09 8.968520e-09 5.800406e-09 1.014722e-02 6.406086e-09 5.730602e-09 5.740471e-09 5.871932e-09 6.578882e-09 5.688225e-09 5.998740e-09 5.896167e-09 5.837653e-09 5.753682e-09 5.753682e-09 5.688225e-09 5.743768e-09 5.707705e-09 5.688225e-09 5.684991e-09 5.681761e-09 5.678535e-09 5.707705e-09 5.684991e-09 5.678535e-09 5.681761e-09 0.000000e+00 Edinburgh
7.173529e-09 8.968520e-09 5.800406e-09 5.793685e-09 6.406086e-09 5.730602e-09 5.740471e-09 5.871932e-09 6.578882e-09 5.688225e-09 5.998740e-09 5.896167e-09 5.837653e-09 1.180284e-02 5.753682e-09 5.688225e-09 5.743768e-09 5.707705e-09 5.688225e-09 5.684991e-09 5.681761e-09 5.678535e-09 5.707705e-09 5.684991e-09 5.678535e-09 5.681761e-09 0.000000e+00 64
7.173529e-09 8.968520e-09 5.800406e-09 5.793685e-09 6.406086e-09 5.730602e-09 5.740471e-09 5.871932e-09 3.307013e-03 5.688225e-09 5.998740e-09 5.896167e-09 5.837653e-09 5.753682e-09 5.753682e-09 5.688225e-09 5.743768e-09 5.707705e-09 5.688225e-09 5.684991e-09 5.681761e-09 5.678535e-09 5.707705e-09 5.684991e-09 5.678535e-09 5.681761e-09 0.000000e+00 532
7.173529e-09 8.968520e-09 5.800406e-09 5.793685e-09 6.406086e-09 5.730602e-09 5.740471e-09 5.871932e-09 3.307013e-03 5.688225e-09 5.998740e-09 5.896167e-09 5.837653e-09 5.753682e-09 5.753682e-09 5.688225e-09 5.743768e-09 5.707705e-09 5.688225e-09 5.684991e-09 5.681761e-09 5.678535e-09 5.707705e-09 5.684991e-09 5.678535e-09 5.681761e-09 0.000000e+00 556
1.508255e-03 8.968520e-09 5.800406e-09 5.793685e-09 6.406086e-09 5.730602e-09 5.740471e-09 5.871932e-09 6.578882e-09 5.688225e-09 5.998740e-09 5.896167e-09 5.837653e-09 5.753682e-09 5.753682e-09 5.688225e-09 5.743768e-09 5.707705e-09 5.688225e-09 5.684991e-09 5.681761e-09 5.678535e-09 5.707705e-09 5.684991e-09 5.678535e-09 5.681761e-09 0.000000e+00 Roukos
7.173529e-09 5.844468e-04 5.800406e-09 5.793685e-09 6.406086e-09 5.730602e-09 5.740471e-09 5.871932e-09 6.578882e-09 5.688225e-09 5.998740e-09 5.896167e-09 5.837653e-09 5.753682e-09 5.753682e-09 5.688225e-09 5.743768e-09 5.707705e-09 5.688225e-09 5.684991e-09 5.681761e-09 5.678535e-09 5.707705e-09 5.684991e-09 5.678535e-09 5.681761e-09 0.000000e+00 Classifying
7.173529e-09 5.844468e-04 5.800406e-09 5.793685e-09 6.406086e-09 5.730602e-09 5.740471e-09 5.871932e-09 6.578882e-09 5.688225e-09 5.998740e-09 5.896167e-09 5.837653e-09 5.753682e-09 5.753682e-09 5.688225e-09 5.743768e-09 5.707705e-09 5.688225e-09 5.684991e-09 5.681761e-09 5.678535e-09 5.707705e-09 5.684991e-09 5.678535e-09 5.681761e-09 0.000000e+00 words
7.173529e-09 5.844468e-04 5.800406e-09 5.793685e-09 6.406086e-09 5.730602e-09 5.740471e-09 5.871932e-09 6.578882e-09 5.688225e-09 5.998740e-09 5.896167e-09 5.837653e-09 5.753682e-09 5.753682e-09 5.688225e-09 5.743768e-09 5.707705e-09 5.688225e-09 5.684991e-09 5.681761e-09 5.678535e-09 5.707705e-09 5.684991e-09 5.678535e-09 5.681761e-09 0.000000e+00 improved
7.173529e-09 8.968520e-09 5.800406e-09 5.793685e-09 1.142065e-03 5.730602e-09 5.740471e-09 5.871932e-09 6.578882e-09 5.688225e-09 5.998740e-09 5.896167e-09 5.837653e-09 5.753682e-09 5.753682e-09 5.688225e-09 5.743768e-09 5.707705e-09 5.688225e-09 5.684991e-09 5.681761e-09 5.678535e-09 5.707705e-09 5.684991e-09 5.678535e-09 5.681761e-09 0.000000e+00 ICASSP-90
7.173529e-09 8.968520e-09 5.800406e-09 5.793685e-09 6.406086e-09 5.730602e-09 5.740471e-09 5.871932e-09 3.307013e-03 5.688225e-09 5.998740e-09 5.896167e-09 5.837653e-09 5.753682e-09 5.753682e-09 5.688225e-09 5.743768e-09 5.707705e-09 5.688225e-09 5.684991e-09 5.681761e-09 5.678535e-09 5.707705e-09 5.684991e-09 5.678535e-09 5.681761e-09 0.000000e+00 621
7.173529e-09 8.968520e-09 5.800406e-09 5.793685e-09 6.406086e-09 5.730602e-09 5.740471e-09 5.871932e-09 3.307013e-03 5.688225e-09 5.998740e-09 5.896167e-09 5.837653e-09 5.753682e-09 5.753682e-09 5.688225e-09 5.743768e-09 5.707705e-09 5.688225e-09 5.684991e-09 5.681761e-09 5.678535e-09 5.707705e-09 5.684991e-09 5.678535e-09 5.681761e-09 0.000000e+00 624
7.173529e-09 8.968520e-09 5.800406e-09 5.793685e-09 6.406086e-09 5.730602e-09 5.740471e-09 5.871932e-09 6.578882e-09 5.688225e-09 7.250385e-03 5.896167e-09 5.837653e-09 5.753682e-09 5.753682e-09 5.688225e-09 5.743768e-09 5.707705e-09 5.688225e-09 5.684991e-09 5.681761e-09 5.678535e-09 5.707705e-09 5.684991e-09 5.678535e-09 5.681761e-09 0.000000e+00 Detroit
7.173529e-09 1.168894e-03 5.800406e-09 5.793685e-09 6.406086e-09 5.730602e-09 5.740471e-09 5.871932e-09 6.578882e-09 5.688225e-09 5.998740e-09 5.896167e-09 5.837653e-09 5.753682e-09 5.753682e-09 5.688225e-09 5.743768e-09 5.707705e-09 5.688225e-09 5.684991e-09 5.681761e-09 5.678535e-09 5.707705e-09 5.684991e-09 5.678535e-09 5.681761e-09 0.000000e+00 Initial
7.173529e-09 5.844468e-04 5.800406e-09 5.793685e-09 6.406086e-09 5.730602e-09 5.740471e-09 5.871932e-09 6.578882e-09 5.688225e-09 5.998740e-09 5.896167e-09 5.837653e-09 5.753682e-09 5.753682e-09 5.688225e-09 5.743768e-09 5.707705e-09 5.688225e-09 5.684991e-09 5.681761e-09 5.678535e-09 5.707705e-09 5.684991e-09 5.678535e-09 5.681761e-09 0.000000e+00 Substring
7.173529e-09 5.844468e-04 5.800406e-09 5.793685e-09 6.406086e-09 5.730602e-09 5.740471e-09 5.871932e-09 6.578882e-09 5.688225e-09 5.998740e-09 5.896167e-09 5.837653e-09 5.753682e-09 5.753682e-09 5.688225e-09 5.743768e-09 5.707705e-09 5.688225e-09 5.684991e-09 5.681761e-09 5.678535e-09 5.707705e-09 5.684991e-09 5.678535e-09 5.681761e-09 0.000000e+00 Generation
7.173529e-09 8.968520e-09 5.800406e-09 5.793685e-09 6.406086e-09 5.730602e-09 5.740471e-09 5.871932e-09 3.307276e-03 5.688225e-09 5.998740e-09 5.896167e-09 1.411193e-02 5.753682e-09 5.753682e-09 5.688225e-09 5.743768e-09 5.707705e-09 5.688225e-09 5.684991e-09 5.681761e-09 5.678535e-09 5.707705e-09 5.684991e-09 5.678535e-09 5.681761e-09 0.000000e+00 17
7.173529e-09 8.968520e-09 5.800406e-09 5.793685e-09 6.406086e-09 5.730602e-09 5.740471e-09 5.871932e-09 9.921039e-03 5.688225e-09 5.998740e-09 5.896167e-09 5.837653e-09 5.753682e-09 5.753682e-09 5.688225e-09 5.743768e-09 5.707705e-09 5.688225e-09 5.684991e-09 5.681761e-09 5.678535e-09 5.707705e-09 5.684991e-09 5.678535e-09 5.681761e-09 0.000000e+00 315
7.173529e-09 8.968520e-09 5.800406e-09 5.793685e-09 6.406086e-09 5.730602e-09 5.740471e-09 5.871932e-09 3.307013e-03 5.688225e-09 5.998740e-09 5.896167e-09 5.837653e-09 5.753682e-09 5.753682e-09 5.688225e-09 5.743768e-09 5.707705e-09 5.688225e-09 5.684991e-09 5.681761e-09 5.678535e-09 5.707705e-09 5.684991e-09 5.678535e-09 5.681761e-09 0.000000e+00 323
7.173529e-09 5.844468e-04 5.800406e-09 5.793685e-09 6.406086e-09 5.730602e-09 5.740471e-09 5.871932e-09 6.578882e-09 5.688225e-09 5.998740e-09 5.896167e-09 5.837653e-09 5.753682e-09 5.753682e-09 5.688225e-09 5.743768e-09 5.707705e-09 5.688225e-09 5.684991e-09 5.681761e-09 5.678535e-09 5.707705e-09 5.684991e-09 5.678535e-09 5.681761e-09 0.000000e+00 Basic
7.173529e-09 8.968520e-09 5.800406e-09 5.793685e-09 2.284130e-03 5.730602e-09 5.740471e-09 5.871932e-09 6.578882e-09 5.688225e-09 5.998740e-09 5.896167e-09 5.837653e-09 5.753682e-09 5.753682e-09 5.688225e-09 5.743768e-09 5.707705e-09 5.688225e-09 5.684991e-09 5.681761e-09 5.678535e-09 5.707705e-09 5.684991e-09 5.678535e-09 5.681761e-09 0.000000e+00 Understanding.
7.173529e-09 8.968520e-09 5.800406e-09 5.793685e-09 6.406086e-09 5.730602e-09 5.740471e-09 1.369254e-02 6.578882e-09 5.688225e-09 5.998740e-09 5.896167e-09 5.837653e-09 5.753682e-09 5.753682e-09 5.688225e-09 5.743768e-09 5.707705e-09 5.688225e-09 5.684991e-09 5.681761e-09 5.678535e-09 5.707705e-09 5.684991e-09 5.678535e-09 5.681761e-09 0.000000e+00 Laface
7.173529e-09 8.968520e-09 5.800406e-09 5.793685e-09 6.406086e-09 5.730602e-09 5.740471e-09 1.369254e-02 6.578882e-09 5.688225e-09 5.998740e-09 5.896167e-09 5.837653e-09 5.753682e-09 5.753682e-09 5.688225e-09 5.743768e-09 5.707705e-09 5.688225e-09 5.684991e-09 5.681761e-09 5.678535e-09 5.707705e-09 5.684991e-09 5.678535e-09 5.681761e-09 0.000000e+00 De
7.173529e-09 8.968520e-09 5.800406e-09 5.793685e-09 6.406086e-09 5.730602e-09 5.740471e-09 5.871932e-09 3.307013e-03 5.688225e-09 5.998740e-09 5.896167e-09 5.837653e-09 5.753682e-09 5.753682e-09 5.688225e-09 5.743768e-09 5.707705e-09 5.688225e-09 5.684991e-09 5.681761e-09 5.678535e-09 5.707705e-09 5.684991e-09 5.678535e-09 5.681761e-09 0.000000e+00 345
7.173529e-09 8.968520e-09 5.800406e-09 1.014722e-02 6.406086e-09 5.730602e-09 5.740471e-09 5.871932e-09 6.578882e-09 5.688225e-09 5.998740e-09 5.896167e-09 5.837653e-09 5.753682e-09 5.753682e-09 5.688225e-09 5.743768e-09 5.707705e-09 5.688225e-09 5.684991e-09 5.681761e-09 5.678535e-09 5.707705e-09 5.684991e-09 5.678535e-09 5.681761e-09 0.000000e+00 MIT
7.541275e-04 8.968520e-09 5.800406e-09 5.793685e-09 6.406086e-09 5.730602e-09 5.740471e-09 5.871932e-09 6.578882e-09 5.688225e-09 5.998740e-09 5.896167e-09 5.837653e-09 5.753682e-09 5.753682e-09 5.688225e-09 5.743768e-09 5.707705e-09 5.688225e-09 5.684991e-09 5.681761e-09 5.678535e-09 5.707705e-09 5.684991e-09 5.678535e-09 5.681761e-09 0.000000e+00 V.M.
7.173529e-09 5.844468e-04 5.800406e-09 5.793685e-09 6.406086e-09 5.730602e-09 5.740471e-09 5.871932e-09 6.578882e-09 5.688225e-09 5.998740e-09 5.896167e-09 5.837653e-09 5.753682e-09 5.753682e-09 5.688225e-09 5.743768e-09 5.707705e-09 5.688225e-09 5.684991e-09 5.681761e-09 5.678535e-09 5.707705e-09 5.684991e-09 5.678535e-09 5.681761e-09 0.000000e+00 N
7.173529e-09 5.844468e-04 5.800406e-09 5.793685e-09 6.406086e-09 5.730602e-09 5.740471e-09 5.871932e-09 6.578882e-09 5.688225e-09 5.998740e-09 5.896167e-09 5.837653e-09 5.753682e-09 5.753682e-09 5.688225e-09 5.743768e-09 5.707705e-09 5.688225e-09 5.684991e-09 5.681761e-09 5.678535e-09 5.707705e-09 5.684991e-09 5.678535e-09 5.681761e-09 0.000000e+00 Best
7.173529e-09 1.168894e-03 5.800406e-09 5.793685e-09 6.406086e-09 5.730602e-09 5.740471e-09 5.871932e-09 6.578882e-09 5.688225e-09 5.998740e-09 5.896167e-09 5.837653e-09 5.753682e-09 5.753682e-09 5.688225e-09 5.743768e-09 5.707705e-09 5.688225e-09 5.684991e-09 5.681761e-09 5.678535e-09 5.707705e-09 5.684991e-09 5.678535e-09 5.681761e-09 0.000000e+00 Parse
7.173529e-09 5.844468e-04 5.800406e-09 5.793685e-09 6.406086e-09 5.730602e-09 5.740471e-09 5.871932e-09 6.578882e-09 5.688225e-09 5.998740e-09 5.896167e-09 5.837653e-09 5.753682e-09 5.753682e-09 5.688225e-09 5.743768e-09 5.707705e-09 5.688225e-09 5.684991e-09 5.681761e-09 5.678535e-09 5.707705e-09 5.684991e-09 5.678535e-09 5.681761e-09 0.000000e+00 Trees
7.173529e-09 5.844468e-04 5.800406e-09 5.793685e-09 6.406086e-09 5.730602e-09 5.740471e-09 5.871932e-09 6.578882e-09 5.688225e-09 5.998740e-09 5.896167e-09 5.837653e-09 5.753682e-09 5.753682e-09 5.688225e-09 5.743768e-09 5.707705e-09 5.688225e-09 5.684991e-09 5.681761e-09 5.678535e-09 5.707705e-09 5.684991e-09 5.678535e-09 5.681761e-09 0.000000e+00 Weighted
7.173529e-09 8.968520e-09 5.800406e-09 5.793685e-09 6.406086e-09 5.730602e-09 5.740471e-09 6.846268e-03 6.578882e-09 5.688225e-09 5.998740e-09 5.896167e-09 5.837653e-09 5.753682e-09 5.753682e-09 5.688225e-09 5.743768e-09 5.707705e-09 5.688225e-09 5.684991e-09 5.681761e-09 5.678535e-09 5.707705e-09 5.684991e-09 5.678535e-09 5.681761e-09 0.000000e+00 Ferri
7.173529e-09 8.968520e-09 5.800406e-09 5.793685e-09 6.406086e-09 5.730602e-09 5.740471e-09 6.846268e-03 6.578882e-09 5.688225e-09 5.998740e-09 5.896167e-09 5.837653e-09 5.753682e-09 5.753682e-09 5.688225e-09 5.743768e-09 5.707705e-09 5.688225e-09 5.684991e-09 5.681761e-09 5.678535e-09 5.707705e-09 5.684991e-09 5.678535e-09 5.681761e-09 0.000000e+00 Iñesta
7.173529e-09 8.968520e-09 5.800406e-09 5.793685e-09 6.406086e-09 5.730602e-09 5.740471e-09 1.369254e-02 6.578882e-09 5.688225e-09 5.998740e-09 5.896167e-09 5.837653e-09 5.753682e-09 5.753682e-09 5.688225e-09 5.743768e-09 5.707705e-09 5.688225e-09 5.684991e-09 5.681761e-09 5.678535e-09 5.707705e-09 5.684991e-09 5.678535e-09 5.681761e-09 0.000000e+00 Amin
7.173529e-09 8.968520e-09 5.800406e-09 5.793685e-09 6.406086e-09 5.730602e-09 5.740471e-09 6.846268e-03 6.578882e-09 5.688225e-09 5.998740e-09 5.896167e-09 5.837653e-09 5.753682e-09 5.753682e-09 5.688225e-09 5.743768e-09 5.707705e-09 5.688225e-09 5.684991e-09 5.681761e-09 5.678535e-09 5.707705e-09 5.684991e-09 5.678535e-09 5.681761e-09 0.000000e+00 Pudil
7.173529e-09 8.968520e-09 5.800406e-09 5.793685e-09 6.406086e-09 5.730602e-09 5.740471e-09 5.871932e-09 6.578882e-09 5.688225e-09 5.998740e-09 5.896167e-09 5.837653e-09 5.753682e-09 5.753682e-09 5.688225e-09 5.743768e-09 5.707705e-09 5.688225e-09 5.684991e-09 5.681761e-09 5.678535e-09 2.702676e-02 5.684991e-09 5.678535e-09 5.681761e-09 0.000000e+00 1876
7.173529e-09 8.968520e-09 5.800406e-09 5.793685e-09 6.406086e-09 5.730602e-09 5.740471e-09 5.871932e-09 6.614026e-03 5.688225e-09 5.998740e-09 5.896167e-09 5.837653e-09 5.753682e-09 5.753682e-09 5.688225e-09 5.743768e-09 5.707705e-09 5.688225e-09 5.684991e-09 5.681761e-09 5.678535e-09 5.707705e-09 5.684991e-09 5.678535e-09 5.681761e-09 0.000000e+00 192
7.173529e-09 5.844468e-04 5.800406e-09 5.793685e-09 6.406086e-09 5.730602e-09 5.740471e-09 5.871932e-09 6.578882e-09 5.688225e-09 5.998740e-09 5.896167e-09 5.837653e-09 5.753682e-09 5.753682e-09 5.688225e-09 5.743768e-09 5.707705e-09 5.688225e-09 5.684991e-09 5.681761e-09 5.678535e-09 5.707705e-09 5.684991e-09 5.678535e-09 5.681761e-09 0.000000e+00 PCFG
7.173529e-09 5.844468e-04 5.800406e-09 5.793685e-09 6.406086e-09 5.730602e-09 5.740471e-09 5.871932e-09 6.578882e-09 5.688225e-09 5.998740e-09 5.896167e-09 5.837653e-09 5.753682e-09 5.753682e-09 5.688225e-09 5.743768e-09 5.707705e-09 5.688225e-09 5.684991e-09 5.681761e-09 5.678535e-09 5.707705e-09 5.684991e-09 5.678535e-09 5.681761e-09 0.000000e+00 Linguistic
7.173529e-09 1.168894e-03 5.800406e-09 5.793685e-09 6.406086e-09 5.730602e-09 5.740471e-09 5.871932e-09 6.578882e-09 5.688225e-09 5.998740e-09 5.896167e-09 5.837653e-09 5.753682e-09 5.753682e-09 5.688225e-09 5.743768e-09 5.707705e-09 5.688225e-09 5.684991e-09 5.681761e-09 5.678535e-09 5.707705e-09 5.684991e-09 5.678535e-09 5.681761e-09 0.000000e+00 Tree
7.173529e-09 5.844468e-04 5.800406e-09 5.793685e-09 6.406086e-09 5.730602e-09 5.740471e-09 5.871932e-09 6.578882e-09 5.688225e-09 5.998740e-09 5.896167e-09 5.837653e-09 5.753682e-09 5.753682e-09 5.688225e-09 5.743768e-09 5.707705e-09 5.688225e-09 5.684991e-09 5.681761e-09 5.678535e-09 5.707705e-09 5.684991e-09 5.678535e-09 5.681761e-09 0.000000e+00 Representations
7.173529e-09 8.968520e-09 5.800406e-09 5.793685e-09 6.406086e-09 5.730602e-09 5.740471e-09 5.871932e-09 6.614026e-03 5.688225e-09 5.998740e-09 5.896167e-09 5.837653e-09 5.753682e-09 5.753682e-09 5.688225e-09 5.743768e-09 5.707705e-09 5.688225e-09 5.684991e-09 5.681761e-09 5.678535e-09 5.707705e-09 5.684991e-09 5.678535e-09 5.681761e-09 0.000000e+00 613
7.173529e-09 8.968520e-09 5.800406e-09 5.793685e-09 6.406086e-09 5.730602e-09 5.740471e-09 5.871932e-09 3.307013e-03 5.688225e-09 5.998740e-09 5.896167e-09 5.837653e-09 5.753682e-09 5.753682e-09 5.688225e-09 5.743768e-09 5.707705e-09 5.688225e-09 5.684991e-09 5.681761e-09 5.678535e-09 5.707705e-09 5.684991e-09 5.678535e-09 5.681761e-09 0.000000e+00 632
1.508255e-03 8.968520e-09 5.800406e-09 5.793685e-09 6.406086e-09 5.730602e-09 5.740471e-09 5.871932e-09 6.578882e-09 5.688225e-09 5.998740e-09 5.896167e-09 5.837653e-09 5.753682e-09 5.753682e-09 5.688225e-09 5.743768e-09 5.707705e-09 5.688225e-09 5.684991e-09 5.681761e-09 5.678535e-09 5.707705e-09 5.684991e-09 5.678535e-09 5.681761e-09 0.000000e+00 Jurafsky
7.541275e-04 8.968520e-09 5.800406e-09 5.793685e-09 6.406086e-09 5.730602e-09 5.740471e-09 5.871932e-09 6.578882e-09 5.688225e-09 5.998740e-09 5.896167e-09 5.837653e-09 5.753682e-09 5.753682e-09 5.688225e-09 5.743768e-09 5.707705e-09 5.688225e-09 5.684991e-09 5.681761e-09 5.678535e-09 5.707705e-09 5.684991e-09 5.678535e-09 5.681761e-09 0.000000e+00 Wooters
7.541275e-04 8.968520e-09 5.800406e-09 5.793685e-09 6.406086e-09 5.730602e-09 5.740471e-09 5.871932e-09 6.578882e-09 5.688225e-09 5.998740e-09 5.896167e-09 5.837653e-09 5.753682e-09 5.753682e-09 5.688225e-09 5.743768e-09 5.707705e-09 5.688225e-09 5.684991e-09 5.681761e-09 5.678535e-09 5.707705e-09 5.684991e-09 5.678535e-09 5.681761e-09 0.000000e+00 Segal
7.541275e-04 8.968520e-09 5.800406e-09 5.793685e-09 6.406086e-09 5.730602e-09 5.740471e-09 5.871932e-09 6.578882e-09 5.688225e-09 5.998740e-09 5.896167e-09 5.837653e-09 5.753682e-09 5.753682e-09 5.688225e-09 5.743768e-09 5.707705e-09 5.688225e-09 5.684991e-09 5.681761e-09 5.678535e-09 5.707705e-09 5.684991e-09 5.678535e-09 5.681761e-09 0.000000e+00 Fosler
7.541275e-04 8.968520e-09 5.800406e-09 5.793685e-09 6.406086e-09 5.730602e-09 5.740471e-09 5.871932e-09 6.578882e-09 5.688225e-09 5.998740e-09 5.896167e-09 5.837653e-09 5.753682e-09 5.753682e-09 5.688225e-09 5.743768e-09 5.707705e-09 5.688225e-09 5.684991e-09 5.681761e-09 5.678535e-09 5.707705e-09 5.684991e-09 5.678535e-09 5.681761e-09 0.000000e+00 Tajchman
7.541275e-04 8.968520e-09 5.800406e-09 5.793685e-09 6.406086e-09 5.730602e-09 5.740471e-09 5.871932e-09 6.578882e-09 5.688225e-09 5.998740e-09 5.896167e-09 5.837653e-09 5.753682e-09 5.753682e-09 5.688225e-09 5.743768e-09 5.707705e-09 5.688225e-09 5.684991e-09 5.681761e-09 5.678535e-09 5.707705e-09 5.684991e-09 5.678535e-09 5.681761e-09 0.000000e+00 Morgan
7.173529e-09 1.753341e-03 5.800406e-09 5.793685e-09 6.406086e-09 5.730602e-09 5.740471e-09 5.871932e-09 6.578882e-09 5.688225e-09 5.998740e-09 5.896167e-09 5.837653e-09 5.753682e-09 5.753682e-09 5.688225e-09 5.743768e-09 5.707705e-09 5.688225e-09 5.684991e-09 5.681761e-09 5.678535e-09 5.707705e-09 5.684991e-09 5.678535e-09 5.681761e-09 0.000000e+00 Using
7.173529e-09 2.337787e-03 5.800406e-09 5.793685e-09 6.406086e-09 5.730602e-09 5.740471e-09 5.871932e-09 6.578882e-09 5.688225e-09 5.998740e-09 5.896167e-09 5.837653e-09 5.753682e-09 5.753682e-09 5.688225e-09 5.743768e-09 5.707705e-09 5.688225e-09 5.684991e-09 5.681761e-09 5.678535e-09 5.707705e-09 5.684991e-09 5.678535e-09 5.681761e-09 0.000000e+00 Grammar
7.173529e-09 8.968520e-09 5.800406e-09 5.793685e-09 1.142065e-03 5.730602e-09 5.740471e-09 5.871932e-09 6.578882e-09 5.688225e-09 5.998740e-09 5.896167e-09 5.837653e-09 5.753682e-09 5.753682e-09 5.688225e-09 5.743768e-09 5.707705e-09 5.688225e-09 5.684991e-09 5.681761e-09 5.678535e-09 5.707705e-09 5.684991e-09 5.678535e-09 5.681761e-09 0.000000e+00 ICASSP-95
7.173529e-09 8.968520e-09 5.800406e-09 5.793685e-09 6.406086e-09 5.730602e-09 5.740471e-09 5.871932e-09 3.307013e-03 5.688225e-09 5.998740e-09 5.896167e-09 5.837653e-09 5.753682e-09 5.753682e-09 5.688225e-09 5.743768e-09 5.707705e-09 5.688225e-09 5.684991e-09 5.681761e-09 5.678535e-09 5.707705e-09 5.684991e-09 5.678535e-09 5.681761e-09 0.000000e+00 189
7.541275e-04 8.968520e-09 5.800406e-09 5.793685e-09 6.406086e-09 5.730602e-09 5.740471e-09 5.871932e-09 6.578882e-09 5.688225e-09 5.998740e-09 5.896167e-09 5.837653e-09 5.753682e-09 5.753682e-09 5.688225e-09 5.743768e-09 5.707705e-09 5.688225e-09 5.684991e-09 5.681761e-09 5.678535e-09 5.707705e-09 5.684991e-09 5.678535e-09 5.681761e-09 0.000000e+00 W.K.
7.541275e-04 8.968520e-09 5.800406e-09 5.793685e-09 6.406086e-09 5.730602e-09 5.740471e-09 5.871932e-09 6.578882e-09 5.688225e-09 5.998740e-09 5.896167e-09 5.837653e-09 5.753682e-09 5.753682e-09 5.688225e-09 5.743768e-09 5.707705e-09 5.688225e-09 5.684991e-09 5.681761e-09 5.678535e-09 5.707705e-09 5.684991e-09 5.678535e-09 5.681761e-09 0.000000e+00 Kim
7.541275e-04 8.968520e-09 5.800406e-09 5.793685e-09 6.406086e-09 5.730602e-09 5.740471e-09 5.871932e-09 6.578882e-09 5.688225e-09 5.998740e-09 5.896167e-09 5.837653e-09 5.753682e-09 5.753682e-09 5.688225e-09 5.743768e-09 5.707705e-09 5.688225e-09 5.684991e-09 5.681761e-09 5.678535e-09 5.707705e-09 5.684991e-09 5.678535e-09 5.681761e-09 0.000000e+00 Khudanpur
1.508255e-03 8.968520e-09 5.800406e-09 5.793685e-09 6.406086e-09 5.730602e-09 5.740471e-09 5.871932e-09 6.578882e-09 5.688225e-09 5.998740e-09 5.896167e-09 5.837653e-09 5.753682e-09 5.753682e-09 5.688225e-09 5.743768e-09 5.707705e-09 5.688225e-09 5.684991e-09 5.681761e-09 5.678535e-09 5.707705e-09 5.684991e-09 5.678535e-09 5.681761e-09 0.000000e+00 Wu
7.173529e-09 5.844468e-04 5.800406e-09 5.793685e-09 6.406086e-09 5.730602e-09 5.740471e-09 5.871932e-09 6.578882e-09 5.688225e-09 5.998740e-09 5.896167e-09 5.837653e-09 5.753682e-09 5.753682e-09 5.688225e-09 5.743768e-09 5.707705e-09 5.688225e-09 5.684991e-09 5.681761e-09 5.678535e-09 5.707705e-09 5.684991e-09 5.678535e-09 5.681761e-09 0.000000e+00 Smoothing
7.173529e-09 5.844468e-04 5.800406e-09 5.793685e-09 6.406086e-09 5.730602e-09 5.740471e-09 5.871932e-09 6.578882e-09 5.688225e-09 5.998740e-09 5.896167e-09 5.837653e-09 5.753682e-09 5.753682e-09 5.688225e-09 5.743768e-09 5.707705e-09 5.688225e-09 5.684991e-09 5.681761e-09 5.678535e-09 5.707705e-09 5.684991e-09 5.678535e-09 5.681761e-09 0.000000e+00 Issues
7.173529e-09 8.968520e-09 5.800406e-09 5.793685e-09 1.142065e-03 5.730602e-09 5.740471e-09 5.871932e-09 6.578882e-09 5.688225e-09 5.998740e-09 5.896167e-09 5.837653e-09 5.753682e-09 5.753682e-09 5.688225e-09 5.743768e-09 5.707705e-09 5.688225e-09 5.684991e-09 5.681761e-09 5.678535e-09 5.707705e-09 5.684991e-09 5.678535e-09 5.681761e-09 0.000000e+00 EUROSPEECH'01
7.173529e-09 8.968520e-09 5.800406e-09 5.793685e-09 6.406086e-09 5.730602e-09 5.740471e-09 5.871932e-09 3.307013e-03 5.688225e-09 5.998740e-09 5.896167e-09 5.837653e-09 5.753682e-09 5.753682e-09 5.688225e-09 5.743768e-09 5.707705e-09 5.688225e-09 5.684991e-09 5.681761e-09 5.678535e-09 5.707705e-09 5.684991e-09 5.678535e-09 5.681761e-09 0.000000e+00 717
7.173529e-09 8.968520e-09 5.800406e-09 5.793685e-09 6.406086e-09 5.730602e-09 5.740471e-09 5.871932e-09 3.307013e-03 5.688225e-09 5.998740e-09 5.896167e-09 5.837653e-09 5.753682e-09 5.753682e-09 5.688225e-09 5.743768e-09 5.707705e-09 5.688225e-09 5.684991e-09 5.681761e-09 5.678535e-09 5.707705e-09 5.684991e-09 5.678535e-09 5.681761e-09 0.000000e+00 720
7.173529e-09 8.968520e-09 5.800406e-09 5.793685e-09 6.406086e-09 5.730602e-09 5.740471e-09 5.871932e-09 6.578882e-09 5.688225e-09 7.250385e-03 5.896167e-09 5.837653e-09 5.753682e-09 5.753682e-09 5.688225e-09 5.743768e-09 5.707705e-09 5.688225e-09 5.684991e-09 5.681761e-09 5.678535e-09 5.707705e-09 5.684991e-09 5.678535e-09 5.681761e-09 0.000000e+00 Aalborg
7.173529e-09 8.968520e-09 5.800406e-09 5.793685e-09 6.406086e-09 5.730602e-09 5.740471e-09 5.871932e-09 6.578882e-09 5.688225e-09 7.250385e-03 5.896167e-09 5.837653e-09 5.753682e-09 5.753682e-09 5.688225e-09 5.743768e-09 5.707705e-09 5.688225e-09 5.684991e-09 5.681761e-09 5.678535e-09 5.707705e-09 5.684991e-09 5.678535e-09 5.681761e-09 0.000000e+00 Denmark
1.508255e-03 8.968520e-09 5.800406e-09 5.793685e-09 6.406086e-09 5.730602e-09 5.740471e-09 5.871932e-09 6.578882e-09 5.688225e-09 5.998740e-09 5.896167e-09 5.837653e-09 5.753682e-09 5.753682e-09 5.688225e-09 5.743768e-09 5.707705e-09 5.688225e-09 5.684991e-09 5.681761e-09 5.678535e-09 5.707705e-09 5.684991e-09 5.678535e-09 5.681761e-09 0.000000e+00 Dan
1.508255e-03 8.968520e-09 5.800406e-09 5.793685e-09 6.406086e-09 5.730602e-09 5.740471e-09 5.871932e-09 6.578882e-09 5.688225e-09 5.998740e-09 5.896167e-09 5.837653e-09 5.753682e-09 5.753682e-09 5.688225e-09 5.743768e-09 5.707705e-09 5.688225e-09 5.684991e-09 5.681761e-09 5.678535e-09 5.707705e-09 5.684991e-09 5.678535e-09 5.681761e-09 0.000000e+00 Klein
7.541275e-04 8.968520e-09 5.800406e-09 5.793685e-09 6.406086e-09 5.730602e-09 5.740471e-09 5.871932e-09 6.578882e-09 5.688225e-09 5.998740e-09 5.896167e-09 5.837653e-09 5.753682e-09 5.753682e-09 5.688225e-09 5.743768e-09 5.707705e-09 5.688225e-09 5.684991e-09 5.681761e-09 5.678535e-09 5.707705e-09 5.684991e-09 5.678535e-09 5.681761e-09 0.000000e+00 Christopher
7.541275e-04 8.968520e-09 5.800406e-09 5.793685e-09 6.406086e-09 5.730602e-09 5.740471e-09 5.871932e-09 6.578882e-09 5.688225e-09 5.998740e-09 5.896167e-09 5.837653e-09 5.753682e-09 5.753682e-09 5.688225e-09 5.743768e-09 5.707705e-09 5.688225e-09 5.684991e-09 5.681761e-09 5.678535e-09 5.707705e-09 5.684991e-09 5.678535e-09 5.681761e-09 0.000000e+00 Manning
7.173529e-09 5.844468e-04 5.800406e-09 5.793685e-09 6.406086e-09 5.730602e-09 5.740471e-09 5.871932e-09 6.578882e-09 5.688225e-09 5.998740e-09 5.896167e-09 5.837653e-09 5.753682e-09 5.753682e-09 5.688225e-09 5.743768e-09 5.707705e-09 5.688225e-09 5.684991e-09 5.681761e-09 5.678535e-09 5.707705e-09 5.684991e-09 5.678535e-09 5.681761e-09 0.000000e+00 Parsing:
7.173529e-09 2.337787e-03 5.800406e-09 5.793685e-09 6.406086e-09 5.730602e-09 5.740471e-09 5.871932e-09 6.578882e-09 5.688225e-09 5.998740e-09 5.896167e-09 5.837653e-09 5.753682e-09 5.753682e-09 5.688225e-09 5.743768e-09 5.707705e-09 5.688225e-09 5.684991e-09 5.681761e-09 5.678535e-09 5.707705e-09 5.684991e-09 5.678535e-09 5.681761e-09 0.000000e+00 Fast
7.173529e-09 5.844468e-04 5.800406e-09 5.793685e-09 6.406086e-09 5.730602e-09 5.740471e-09 5.871932e-09 6.578882e-09 5.688225e-09 5.998740e-09 5.896167e-09 5.837653e-09 5.753682e-09 5.753682e-09 5.688225e-09 5.743768e-09 5.707705e-09 5.688225e-09 5.684991e-09 5.681761e-09 5.678535e-09 5.707705e-09 5.684991e-09 5.678535e-09 5.681761e-09 0.000000e+00 Exact
7.173529e-09 5.844468e-04 5.800406e-09 5.793685e-09 6.406086e-09 5.730602e-09 5.740471e-09 5.871932e-09 6.578882e-09 5.688225e-09 5.998740e-09 5.896167e-09 5.837653e-09 5.753682e-09 5.753682e-09 5.688225e-09 5.743768e-09 5.707705e-09 5.688225e-09 5.684991e-09 5.681761e-09 5.678535e-09 5.707705e-09 5.684991e-09 5.678535e-09 5.681761e-09 0.000000e+00 {V}iterbi
7.173529e-09 5.844468e-04 5.800406e-09 5.793685e-09 6.406086e-09 5.730602e-09 5.740471e-09 5.871932e-09 6.578882e-09 5.688225e-09 5.998740e-09 5.896167e-09 5.837653e-09 5.753682e-09 5.753682e-09 5.688225e-09 5.743768e-09 5.707705e-09 5.688225e-09 5.684991e-09 5.681761e-09 5.678535e-09 5.707705e-09 5.684991e-09 5.678535e-09 5.681761e-09 0.000000e+00 Selection
7.173529e-09 8.968520e-09 5.800406e-09 5.793685e-09 3.426196e-03 5.730602e-09 5.740471e-09 5.871932e-09 6.578882e-09 5.688225e-09 5.998740e-09 5.896167e-09 5.837653e-09 5.753682e-09 5.753682e-09 5.688225e-09 5.743768e-09 5.707705e-09 5.688225e-09 5.684991e-09 5.681761e-09 5.678535e-09 5.707705e-09 5.684991e-09 5.678535e-09 5.681761e-09 0.000000e+00 HLT-NAACL
7.173529e-09 8.968520e-09 5.800406e-09 5.793685e-09 1.142065e-03 5.730602e-09 5.740471e-09 5.871932e-09 6.578882e-09 5.688225e-09 5.998740e-09 5.896167e-09 5.837653e-09 5.753682e-09 5.753682e-09 5.688225e-09 5.743768e-09 5.707705e-09 5.688225e-09 5.684991e-09 5.681761e-09 5.678535e-09 5.707705e-09 5.684991e-09 5.678535e-09 5.681761e-09 0.000000e+00 03
7.173529e-09 8.968520e-09 5.800406e-09 5.793685e-09 6.406086e-09 5.730602e-09 5.740471e-09 5.871932e-09 3.307013e-03 5.688225e-09 5.998740e-09 5.896167e-09 5.837653e-09 5.753682e-09 5.753682e-09 5.688225e-09 5.743768e-09 5.707705e-09 5.688225e-09 5.684991e-09 5.681761e-09 5.678535e-09 5.707705e-09 5.684991e-09 5.678535e-09 5.681761e-09 0.000000e+00 40
7.173529e-09 8.968520e-09 5.800406e-09 5.793685e-09 6.406086e-09 5.730602e-09 5.740471e-09 5.871932e-09 6.614026e-03 5.688225e-09 5.998740e-09 5.896167e-09 5.837653e-09 5.753682e-09 5.753682e-09 5.688225e-09 5.743768e-09 5.707705e-09 5.688225e-09 5.684991e-09 5.681761e-09 5.678535e-09 5.707705e-09 5.684991e-09 5.678535e-09 5.681761e-09 0.000000e+00 47
1.508255e-03 8.968520e-09 5.800406e-09 5.793685e-09 6.406086e-09 5.730602e-09 5.740471e-09 5.871932e-09 6.578882e-09 5.688225e-09 5.998740e-09 5.896167e-09 5.837653e-09 5.753682e-09 5.753682e-09 5.688225e-09 5.743768e-09 5.707705e-09 5.688225e-09 5.684991e-09 5.681761e-09 5.678535e-09 5.707705e-09 5.684991e-09 5.678535e-09 5.681761e-09 0.000000e+00 Knesser
7.173529e-09 1.168894e-03 5.800406e-09 5.793685e-09 6.406086e-09 5.730602e-09 5.740471e-09 5.871932e-09 6.578882e-09 5.688225e-09 5.998740e-09 5.896167e-09 5.837653e-09 5.753682e-09 5.753682e-09 5.688225e-09 5.743768e-09 5.707705e-09 5.688225e-09 5.684991e-09 5.681761e-09 5.678535e-09 5.707705e-09 5.684991e-09 5.678535e-09 5.681761e-09 0.000000e+00 Improved
7.173529e-09 5.844468e-04 5.800406e-09 5.793685e-09 6.406086e-09 5.730602e-09 5.740471e-09 5.871932e-09 6.578882e-09 5.688225e-09 5.998740e-09 5.896167e-09 5.837653e-09 5.753682e-09 5.753682e-09 5.688225e-09 5.743768e-09 5.707705e-09 5.688225e-09 5.684991e-09 5.681761e-09 5.678535e-09 5.707705e-09 5.684991e-09 5.678535e-09 5.681761e-09 0.000000e+00 clustering
7.173529e-09 5.844468e-04 5.800406e-09 5.793685e-09 6.406086e-09 5.730602e-09 5.740471e-09 5.871932e-09 6.578882e-09 5.688225e-09 5.998740e-09 5.896167e-09 5.837653e-09 5.753682e-09 5.753682e-09 5.688225e-09 5.743768e-09 5.707705e-09 5.688225e-09 5.684991e-09 5.681761e-09 5.678535e-09 5.707705e-09 5.684991e-09 5.678535e-09 5.681761e-09 0.000000e+00 techniques
7.173529e-09 5.844468e-04 5.800406e-09 5.793685e-09 6.406086e-09 5.730602e-09 5.740471e-09 5.871932e-09 6.578882e-09 5.688225e-09 5.998740e-09 5.896167e-09 5.837653e-09 5.753682e-09 5.753682e-09 5.688225e-09 5.743768e-09 5.707705e-09 5.688225e-09 5.684991e-09 5.681761e-09 5.678535e-09 5.707705e-09 5.684991e-09 5.678535e-09 5.681761e-09 0.000000e+00 class-based
7.173529e-09 8.968520e-09 5.800406e-09 5.793685e-09 1.142065e-03 5.730602e-09 5.740471e-09 5.871932e-09 6.578882e-09 5.688225e-09 5.998740e-09 5.896167e-09 5.837653e-09 5.753682e-09 5.753682e-09 5.688225e-09 5.743768e-09 5.707705e-09 5.688225e-09 5.684991e-09 5.681761e-09 5.678535e-09 5.707705e-09 5.684991e-09 5.678535e-09 5.681761e-09 0.000000e+00 EUROSPEECH'93
7.173529e-09 8.968520e-09 5.800406e-09 5.793685e-09 6.406086e-09 5.730602e-09 5.740471e-09 5.871932e-09 3.307013e-03 5.688225e-09 5.998740e-09 5.896167e-09 5.837653e-09 5.753682e-09 5.753682e-09 5.688225e-09 5.743768e-09 5.707705e-09 5.688225e-09 5.684991e-09 5.681761e-09 5.678535e-09 5.707705e-09 5.684991e-09 5.678535e-09 5.681761e-09 0.000000e+00 973
7.173529e-09 8.968520e-09 5.800406e-09 5.793685e-09 6.406086e-09 5.730602e-09 5.740471e-09 5.871932e-09 3.307013e-03 5.688225e-09 5.998740e-09 5.896167e-09 5.837653e-09 5.753682e-09 5.753682e-09 5.688225e-09 5.743768e-09 5.707705e-09 5.688225e-09 5.684991e-09 5.681761e-09 5.678535e-09 5.707705e-09 5.684991e-09 5.678535e-09 5.681761e-09 0.000000e+00 976
7.173529e-09 8.968520e-09 5.800406e-09 5.793685e-09 6.406086e-09 5.730602e-09 5.740471e-09 5.871932e-09 6.578882e-09 5.688225e-09 7.250385e-03 5.896167e-09 5.837653e-09 5.753682e-09 5.753682e-09 5.688225e-09 5.743768e-09 5.707705e-09 5.688225e-09 5.684991e-09 5.681761e-09 5.678535e-09 5.707705e-09 5.684991e-09 5.678535e-09 5.681761e-09 0.000000e+00 Berlín
7.173529e-09 8.968520e-09 5.800406e-09 5.793685e-09 6.406086e-09 5.730602e-09 5.740471e-09 5.871932e-09 6.578882e-09 5.688225e-09 7.250385e-03 5.896167e-09 5.837653e-09 5.753682e-09 5.753682e-09 5.688225e-09 5.743768e-09 5.707705e-09 5.688225e-09 5.684991e-09 5.681761e-09 5.678535e-09 5.707705e-09 5.684991e-09 5.678535e-09 5.681761e-09 0.000000e+00 Alemania
3.011243e-03 8.968520e-09 5.800406e-09 5.793685e-09 6.406086e-09 5.730602e-09 5.740471e-09 6.894089e-03 6.578882e-09 5.688225e-09 5.998740e-09 5.896167e-09 5.837653e-09 5.753682e-09 5.753682e-09 5.688225e-09 5.743768e-09 5.707705e-09 5.688225e-09 5.684991e-09 5.681761e-09 5.678535e-09 5.707705e-09 5.684991e-09 5.678535e-09 5.681761e-09 0.000000e+00 Koehn
7.173529e-09 5.844468e-04 5.800406e-09 5.793685e-09 6.406086e-09 5.730602e-09 5.740471e-09 5.871932e-09 6.578882e-09 5.688225e-09 5.998740e-09 5.896167e-09 5.837653e-09 5.753682e-09 5.753682e-09 5.688225e-09 5.743768e-09 5.707705e-09 5.688225e-09 5.684991e-09 5.681761e-09 5.678535e-09 5.707705e-09 5.684991e-09 5.678535e-09 5.681761e-09 0.000000e+00 Pharaoh:
7.173529e-09 5.844468e-04 5.800406e-09 5.793685e-09 6.406086e-09 5.730602e-09 5.740471e-09 5.871932e-09 6.578882e-09 5.688225e-09 5.998740e-09 5.896167e-09 5.837653e-09 5.753682e-09 5.753682e-09 5.688225e-09 5.743768e-09 5.707705e-09 5.688225e-09 5.684991e-09 5.681761e-09 5.678535e-09 5.707705e-09 5.684991e-09 5.678535e-09 5.681761e-09 0.000000e+00 beam
7.173529e-09 5.844468e-04 5.800406e-09 5.793685e-09 6.406086e-09 5.730602e-09 5.740471e-09 5.871932e-09 6.578882e-09 5.688225e-09 5.998740e-09 5.896167e-09 5.837653e-09 5.753682e-09 5.753682e-09 5.688225e-09 5.743768e-09 5.707705e-09 5.688225e-09 5.684991e-09 5.681761e-09 5.678535e-09 5.707705e-09 5.684991e-09 5.678535e-09 5.681761e-09 0.000000e+00 search
7.173529e-09 5.844468e-04 5.800406e-09 5.793685e-09 6.406086e-09 5.730602e-09 5.740471e-09 5.871932e-09 6.578882e-09 5.688225e-09 5.998740e-09 5.896167e-09 5.837653e-09 5.753682e-09 5.753682e-09 5.688225e-09 5.743768e-09 5.707705e-09 5.688225e-09 5.684991e-09 5.681761e-09 5.678535e-09 5.707705e-09 5.684991e-09 5.678535e-09 5.681761e-09 0.000000e+00 decoder
7.173529e-09 8.968520e-09 5.800406e-09 5.793685e-09 1.142065e-03 5.730602e-09 5.740471e-09 5.871932e-09 6.578882e-09 5.688225e-09 5.998740e-09 5.896167e-09 5.837653e-09 5.753682e-09 5.753682e-09 5.688225e-09 5.743768e-09 5.707705e-09 5.688225e-09 5.684991e-09 5.681761e-09 5.678535e-09 5.707705e-09 5.684991e-09 5.678535e-09 5.681761e-09 0.000000e+00 AMTA
7.173529e-09 5.844468e-04 5.800406e-09 5.793685e-09 6.406086e-09 5.730602e-09 5.740471e-09 5.871932e-09 6.578882e-09 5.688225e-09 5.998740e-09 5.896167e-09 5.837653e-09 5.753682e-09 5.753682e-09 5.688225e-09 5.743768e-09 5.707705e-09 5.688225e-09 5.684991e-09 5.681761e-09 5.678535e-09 5.707705e-09 5.684991e-09 5.678535e-09 5.681761e-09 0.000000e+00 Europarl:
7.173529e-09 5.844468e-04 5.800406e-09 5.793685e-09 6.406086e-09 5.730602e-09 5.740471e-09 5.871932e-09 6.578882e-09 5.688225e-09 5.998740e-09 5.896167e-09 5.837653e-09 5.753682e-09 5.753682e-09 5.688225e-09 5.743768e-09 5.707705e-09 5.688225e-09 5.684991e-09 5.681761e-09 5.678535e-09 5.707705e-09 5.684991e-09 5.678535e-09 5.681761e-09 0.000000e+00 Parallel
7.173529e-09 1.168894e-03 5.800406e-09 5.793685e-09 6.406086e-09 5.730602e-09 5.740471e-09 5.871932e-09 6.578882e-09 5.688225e-09 5.998740e-09 5.896167e-09 5.837653e-09 5.753682e-09 5.753682e-09 5.688225e-09 5.743768e-09 5.707705e-09 5.688225e-09 5.684991e-09 5.681761e-09 5.678535e-09 5.707705e-09 5.684991e-09 5.678535e-09 5.681761e-09 0.000000e+00 Corpus
7.173529e-09 8.968520e-09 5.800406e-09 5.793685e-09 6.406086e-09 5.730602e-09 5.740471e-09 6.846268e-03 6.578882e-09 5.688225e-09 5.998740e-09 5.896167e-09 5.837653e-09 5.753682e-09 5.753682e-09 5.688225e-09 5.743768e-09 5.707705e-09 5.688225e-09 5.684991e-09 5.681761e-09 5.678535e-09 5.707705e-09 5.684991e-09 5.678535e-09 5.681761e-09 0.000000e+00 Monz
7.173529e-09 8.968520e-09 5.800406e-09 5.793685e-09 6.406086e-09 5.730602e-09 5.740471e-09 5.871932e-09 6.578882e-09 5.688225e-09 1.450077e-02 5.896167e-09 5.837653e-09 5.753682e-09 5.753682e-09 5.688225e-09 5.743768e-09 5.707705e-09 5.688225e-09 5.684991e-09 5.681761e-09 5.678535e-09 5.707705e-09 5.684991e-09 5.678535e-09 5.681761e-09 0.000000e+00 York
7.173529e-09 8.968520e-09 5.800406e-09 5.793685e-09 6.406086e-09 5.730602e-09 5.740471e-09 5.871932e-09 6.578882e-09 5.688225e-09 7.250385e-03 5.896167e-09 5.837653e-09 5.753682e-09 5.753682e-09 5.688225e-09 5.743768e-09 5.707705e-09 5.688225e-09 5.684991e-09 5.681761e-09 5.678535e-09 5.707705e-09 5.684991e-09 5.678535e-09 5.681761e-09 0.000000e+00 City
7.541275e-04 8.968520e-09 5.800406e-09 5.793685e-09 6.406086e-09 5.730602e-09 5.740471e-09 5.871932e-09 6.578882e-09 5.688225e-09 5.998740e-09 5.896167e-09 5.837653e-09 5.753682e-09 5.753682e-09 5.688225e-09 5.743768e-09 5.707705e-09 5.688225e-09 5.684991e-09 5.681761e-09 5.678535e-09 5.707705e-09 5.684991e-09 5.678535e-09 5.681761e-09 0.000000e+00 Philipp
7.173529e-09 5.844468e-04 5.800406e-09 5.793685e-09 6.406086e-09 5.730602e-09 5.740471e-09 5.871932e-09 6.578882e-09 5.688225e-09 5.998740e-09 5.896167e-09 5.837653e-09 5.753682e-09 5.753682e-09 5.688225e-09 5.743768e-09 5.707705e-09 5.688225e-09 5.684991e-09 5.681761e-09 5.678535e-09 5.707705e-09 5.684991e-09 5.678535e-09 5.681761e-09 0.000000e+00 Experiments
7.173529e-09 8.968520e-09 5.800406e-09 5.793685e-09 6.406086e-09 5.730602e-09 5.740471e-09 5.871932e-09 3.307013e-03 5.688225e-09 5.998740e-09 5.896167e-09 5.837653e-09 5.753682e-09 5.753682e-09 5.688225e-09 5.743768e-09 5.707705e-09 5.688225e-09 5.684991e-09 5.681761e-09 5.678535e-09 5.707705e-09 5.684991e-09 5.678535e-09 5.681761e-09 0.000000e+00 224
7.173529e-09 8.968520e-09 5.800406e-09 5.793685e-09 6.406086e-09 5.730602e-09 5.740471e-09 5.871932e-09 6.578882e-09 5.688225e-09 5.998740e-09 5.896167e-09 5.837653e-09 5.753682e-09 5.753682e-09 5.688225e-09 5.743768e-09 5.707705e-09 5.688225e-09 5.684991e-09 5.681761e-09 5.678535e-09 5.707705e-09 5.684991e-09 5.678535e-09 5.681761e-09 0.000000e+00 Birch
7.173529e-09 8.968520e-09 5.800406e-09 5.793685e-09 6.406086e-09 5.730602e-09 5.740471e-09 5.871932e-09 6.578882e-09 5.688225e-09 5.998740e-09 5.896167e-09 5.837653e-09 5.753682e-09 5.753682e-09 5.688225e-09 5.743768e-09 5.707705e-09 5.688225e-09 5.684991e-09 5.681761e-09 5.678535e-09 5.707705e-09 5.684991e-09 5.678535e-09 5.681761e-09 0.000000e+00 Bertoldi
7.173529e-09 8.968520e-09 5.800406e-09 5.793685e-09 6.406086e-09 5.730602e-09 5.740471e-09 5.871932e-09 6.578882e-09 5.688225e-09 5.998740e-09 5.896167e-09 5.837653e-09 5.753682e-09 5.753682e-09 5.688225e-09 5.743768e-09 5.707705e-09 5.688225e-09 5.684991e-09 5.681761e-09 5.678535e-09 5.707705e-09 5.684991e-09 5.678535e-09 5.681761e-09 0.000000e+00 Cowan
7.173529e-09 8.968520e-09 5.800406e-09 5.793685e-09 6.406086e-09 5.730602e-09 5.740471e-09 5.871932e-09 6.578882e-09 5.688225e-09 5.998740e-09 5.896167e-09 5.837653e-09 5.753682e-09 5.753682e-09 5.688225e-09 5.743768e-09 5.707705e-09 5.688225e-09 5.684991e-09 5.681761e-09 5.678535e-09 5.707705e-09 5.684991e-09 5.678535e-09 5.681761e-09 0.000000e+00 Shen
7.173529e-09 8.968520e-09 5.800406e-09 5.793685e-09 6.406086e-09 5.730602e-09 5.740471e-09 5.871932e-09 6.578882e-09 5.688225e-09 5.998740e-09 5.896167e-09 5.837653e-09 5.753682e-09 5.753682e-09 5.688225e-09 5.743768e-09 5.707705e-09 5.688225e-09 5.684991e-09 5.681761e-09 5.678535e-09 5.707705e-09 5.684991e-09 5.678535e-09 5.681761e-09 0.000000e+00 Moran
3.770638e-03 8.968520e-09 5.800406e-09 5.793685e-09 6.406086e-09 5.730602e-09 5.740471e-09 5.871932e-09 6.578882e-09 5.688225e-09 5.998740e-09 5.896167e-09 5.837653e-09 5.753682e-09 5.753682e-09 5.688225e-09 5.743768e-09 5.707705e-09 5.688225e-09 5.684991e-09 5.681761e-09 5.678535e-09 5.707705e-09 5.684991e-09 5.678535e-09 5.681761e-09 0.000000e+00 Zens
7.173529e-09 8.968520e-09 5.800406e-09 5.793685e-09 6.406086e-09 5.730602e-09 5.740471e-09 5.871932e-09 6.578882e-09 5.688225e-09 5.998740e-09 5.896167e-09 5.837653e-09 5.753682e-09 5.753682e-09 5.688225e-09 5.743768e-09 5.707705e-09 5.688225e-09 5.684991e-09 5.681761e-09 5.678535e-09 5.707705e-09 5.684991e-09 5.678535e-09 5.681761e-09 0.000000e+00 Dyer
7.173529e-09 8.968520e-09 5.800406e-09 5.793685e-09 6.406086e-09 5.730602e-09 5.740471e-09 5.871932e-09 6.578882e-09 5.688225e-09 5.998740e-09 5.896167e-09 5.837653e-09 5.753682e-09 5.753682e-09 5.688225e-09 5.743768e-09 5.707705e-09 5.688225e-09 5.684991e-09 5.681761e-09 5.678535e-09 5.707705e-09 5.684991e-09 5.678535e-09 5.681761e-09 0.000000e+00 Bojar
7.173529e-09 8.968520e-09 5.800406e-09 5.793685e-09 6.406086e-09 5.730602e-09 5.740471e-09 5.871932e-09 6.578882e-09 5.688225e-09 5.998740e-09 5.896167e-09 5.837653e-09 5.753682e-09 5.753682e-09 5.688225e-09 5.743768e-09 5.707705e-09 5.688225e-09 5.684991e-09 5.681761e-09 5.678535e-09 5.707705e-09 5.684991e-09 5.678535e-09 5.681761e-09 0.000000e+00 Constantin
7.173529e-09 8.968520e-09 5.800406e-09 5.793685e-09 6.406086e-09 5.730602e-09 5.740471e-09 5.871932e-09 6.578882e-09 5.688225e-09 5.998740e-09 5.896167e-09 5.837653e-09 5.753682e-09 5.753682e-09 5.688225e-09 5.743768e-09 5.707705e-09 5.688225e-09 5.684991e-09 5.681761e-09 5.678535e-09 5.707705e-09 5.684991e-09 5.678535e-09 5.681761e-09 0.000000e+00 Herbst
7.173529e-09 8.968520e-09 5.800406e-09 5.793685e-09 6.406086e-09 5.730602e-09 5.740471e-09 5.871932e-09 6.578882e-09 5.688225e-09 5.998740e-09 5.896167e-09 5.837653e-09 5.753682e-09 5.753682e-09 5.688225e-09 5.743768e-09 5.707705e-09 5.688225e-09 5.684991e-09 5.681761e-09 5.678535e-09 5.707705e-09 5.684991e-09 5.678535e-09 5.681761e-09 0.000000e+00 Moses:
7.173529e-09 8.968520e-09 5.800406e-09 5.793685e-09 6.406086e-09 5.730602e-09 5.740471e-09 5.871932e-09 6.578882e-09 5.688225e-09 5.998740e-09 5.896167e-09 5.837653e-09 5.753682e-09 5.753682e-09 5.688225e-09 5.743768e-09 5.707705e-09 5.688225e-09 5.684991e-09 5.681761e-09 5.678535e-09 5.707705e-09 5.684991e-09 5.678535e-09 5.681761e-09 0.000000e+00 Source
7.173529e-09 8.968520e-09 5.800406e-09 5.793685e-09 6.406086e-09 5.730602e-09 5.740471e-09 5.871932e-09 6.578882e-09 5.688225e-09 5.998740e-09 5.896167e-09 5.837653e-09 5.753682e-09 5.753682e-09 5.688225e-09 5.743768e-09 5.707705e-09 5.688225e-09 5.684991e-09 5.681761e-09 5.678535e-09 5.707705e-09 5.684991e-09 5.678535e-09 5.681761e-09 0.000000e+00 Companion
7.173529e-09 8.968520e-09 5.800406e-09 5.793685e-09 6.406086e-09 5.730602e-09 5.740471e-09 5.871932e-09 6.578882e-09 5.688225e-09 5.998740e-09 5.896167e-09 5.837653e-09 5.753682e-09 5.753682e-09 5.688225e-09 5.743768e-09 5.707705e-09 5.688225e-09 5.684991e-09 5.681761e-09 5.678535e-09 5.707705e-09 5.684991e-09 5.678535e-09 5.681761e-09 0.000000e+00 Volume
7.173529e-09 8.968520e-09 5.800406e-09 5.793685e-09 6.406086e-09 5.730602e-09 5.740471e-09 5.871932e-09 6.578882e-09 5.688225e-09 5.998740e-09 5.896167e-09 5.837653e-09 5.753682e-09 5.753682e-09 5.688225e-09 5.743768e-09 5.707705e-09 5.688225e-09 5.684991e-09 5.681761e-09 5.678535e-09 5.707705e-09 5.684991e-09 5.678535e-09 5.681761e-09 0.000000e+00 Demo
7.173529e-09 8.968520e-09 5.800406e-09 5.793685e-09 6.406086e-09 5.730602e-09 5.740471e-09 5.871932e-09 6.578882e-09 5.688225e-09 5.998740e-09 5.896167e-09 5.837653e-09 5.753682e-09 5.753682e-09 5.688225e-09 5.743768e-09 5.707705e-09 5.688225e-09 5.684991e-09 5.681761e-09 5.678535e-09 5.707705e-09 5.684991e-09 5.678535e-09 5.681761e-09 0.000000e+00 Poster
7.173529e-09 8.968520e-09 5.800406e-09 5.793685e-09 6.406086e-09 5.730602e-09 5.740471e-09 5.871932e-09 6.578882e-09 5.688225e-09 5.998740e-09 5.896167e-09 5.837653e-09 5.753682e-09 5.753682e-09 5.688225e-09 5.743768e-09 5.707705e-09 5.688225e-09 5.684991e-09 5.681761e-09 5.678535e-09 5.707705e-09 5.684991e-09 5.678535e-09 5.681761e-09 0.000000e+00 Sessions
7.173529e-09 5.844468e-04 5.800406e-09 5.793685e-09 6.406086e-09 5.730602e-09 5.740471e-09 5.871932e-09 6.578882e-09 5.688225e-09 5.998740e-09 5.896167e-09 5.837653e-09 5.753682e-09 5.753682e-09 5.688225e-09 5.743768e-09 5.707705e-09 5.688225e-09 5.684991e-09 5.681761e-09 5.678535e-09 5.707705e-09 5.684991e-09 5.678535e-09 5.681761e-09 0.000000e+00 Web-Based
7.173529e-09 5.844468e-04 5.800406e-09 5.793685e-09 6.406086e-09 5.730602e-09 5.740471e-09 5.871932e-09 6.578882e-09 5.688225e-09 5.998740e-09 5.896167e-09 5.837653e-09 5.753682e-09 5.753682e-09 5.688225e-09 5.743768e-09 5.707705e-09 5.688225e-09 5.684991e-09 5.681761e-09 5.678535e-09 5.707705e-09 5.684991e-09 5.678535e-09 5.681761e-09 0.000000e+00 Aided
7.173529e-09 5.844468e-04 5.800406e-09 5.793685e-09 6.406086e-09 5.730602e-09 5.740471e-09 5.871932e-09 6.578882e-09 5.688225e-09 5.998740e-09 5.896167e-09 5.837653e-09 5.753682e-09 5.753682e-09 5.688225e-09 5.743768e-09 5.707705e-09 5.688225e-09 5.684991e-09 5.681761e-09 5.678535e-09 5.707705e-09 5.684991e-09 5.678535e-09 5.681761e-09 0.000000e+00 Tool
7.173529e-09 8.968520e-09 5.800406e-09 5.793685e-09 1.142065e-03 5.730602e-09 5.740471e-09 5.871932e-09 6.578882e-09 5.688225e-09 5.998740e-09 5.896167e-09 5.837653e-09 5.753682e-09 5.753682e-09 5.688225e-09 5.743768e-09 5.707705e-09 5.688225e-09 5.684991e-09 5.681761e-09 5.678535e-09 5.707705e-09 5.684991e-09 5.678535e-09 5.681761e-09 0.000000e+00 ACL-IJCNLP
7.173529e-09 8.968520e-09 5.800406e-09 5.793685e-09 6.406086e-09 5.730602e-09 2.943043e-02 5.871932e-09 2.959996e-07 5.688225e-09 5.998740e-09 5.896167e-09 5.837653e-09 5.753682e-09 5.753682e-09 5.688225e-09 5.743768e-09 5.707705e-09 5.688225e-09 5.684991e-09 5.681761e-09 5.678535e-09 5.707705e-09 5.684991e-09 5.678535e-09 5.681761e-09 0.000000e+00 20
7.173529e-09 8.968520e-09 5.800406e-09 5.793685e-09 6.406086e-09 5.730602e-09 5.740471e-09 5.871932e-09 6.578882e-09 5.688225e-09 5.998740e-09 5.896167e-09 5.837653e-09 5.753682e-09 5.753682e-09 2.512187e-01 5.743768e-09 5.707705e-09 5.688225e-09 5.684991e-09 5.681761e-09 5.678535e-09 5.707705e-09 5.684991e-09 5.678535e-09 5.681761e-09 0.000000e+00 Suntec
7.173529e-09 8.968520e-09 5.800406e-09 5.793685e-09 6.406086e-09 5.730602e-09 5.740471e-09 5.871932e-09 6.578882e-09 5.688225e-09 5.998740e-09 5.896167e-09 5.837653e-09 5.753682e-09 5.753682e-09 2.512187e-01 5.743768e-09 5.707705e-09 5.688225e-09 5.684991e-09 5.681761e-09 5.678535e-09 5.707705e-09 5.684991e-09 5.678535e-09 5.681761e-09 0.000000e+00 Singapore
7.173529e-09 8.968520e-09 5.800406e-09 1.014722e-02 6.406086e-09 5.730602e-09 5.740471e-09 5.871932e-09 6.578882e-09 5.688225e-09 5.998740e-09 5.896167e-09 5.837653e-09 5.753682e-09 5.753682e-09 5.688225e-09 5.743768e-09 5.707705e-09 5.688225e-09 5.684991e-09 5.681761e-09 5.678535e-09 5.707705e-09 5.684991e-09 5.678535e-09 5.681761e-09 0.000000e+00 AFNLP
7.173529e-09 8.968520e-09 5.800406e-09 5.793685e-09 6.406086e-09 5.730602e-09 5.740471e-09 5.871932e-09 6.578882e-09 5.688225e-09 5.998740e-09 5.896167e-09 5.837653e-09 5.753682e-09 5.753682e-09 5.688225e-09 5.743768e-09 5.707705e-09 5.688225e-09 5.684991e-09 5.681761e-09 5.678535e-09 5.707705e-09 5.684991e-09 5.678535e-09 5.681761e-09 0.000000e+00 Kupiec
7.173529e-09 8.968520e-09 5.800406e-09 5.793685e-09 6.406086e-09 5.730602e-09 5.740471e-09 5.871932e-09 6.578882e-09 5.688225e-09 5.998740e-09 5.896167e-09 5.837653e-09 5.753682e-09 5.753682e-09 5.688225e-09 5.743768e-09 5.707705e-09 5.688225e-09 5.684991e-09 5.681761e-09 5.678535e-09 5.707705e-09 5.684991e-09 5.678535e-09 5.681761e-09 0.000000e+00 Unrestricted
7.173529e-09 8.968520e-09 5.800406e-09 5.793685e-09 6.406086e-09 5.730602e-09 5.740471e-09 5.871932e-09 6.578882e-09 5.688225e-09 5.998740e-09 5.896167e-09 5.837653e-09 5.753682e-09 5.753682e-09 5.688225e-09 5.743768e-09 5.707705e-09 5.688225e-09 5.684991e-09 5.681761e-09 5.678535e-09 5.707705e-09 5.684991e-09 5.678535e-09 5.681761e-09 0.000000e+00 ICASSP'92
7.173529e-09 8.968520e-09 5.800406e-09 5.793685e-09 6.406086e-09 5.730602e-09 5.740471e-09 5.871932e-09 6.578882e-09 5.688225e-09 5.998740e-09 5.896167e-09 5.837653e-09 5.753682e-09 5.753682e-09 5.688225e-09 5.743768e-09 5.707705e-09 5.688225e-09 5.684991e-09 5.681761e-09 5.678535e-09 5.707705e-09 5.684991e-09 5.678535e-09 5.681761e-09 0.000000e+00 Vol.
1.508255e-03 8.968520e-09 5.800406e-09 5.793685e-09 6.406086e-09 5.730602e-09 5.740471e-09 5.871932e-09 6.578882e-09 5.688225e-09 5.998740e-09 5.896167e-09 5.837653e-09 5.753682e-09 5.753682e-09 5.688225e-09 5.743768e-09 5.707705e-09 5.688225e-09 5.684991e-09 5.681761e-09 5.678535e-09 5.707705e-09 5.684991e-09 5.678535e-09 5.681761e-09 0.000000e+00 Lari
1.508255e-03 8.968520e-09 5.800406e-09 5.793685e-09 6.406086e-09 5.730602e-09 5.740471e-09 5.871932e-09 6.578882e-09 5.688225e-09 5.998740e-09 5.896167e-09 5.837653e-09 5.753682e-09 5.753682e-09 5.688225e-09 5.743768e-09 5.707705e-09 5.688225e-09 5.684991e-09 5.681761e-09 5.678535e-09 5.707705e-09 5.684991e-09 5.678535e-09 5.681761e-09 0.000000e+00 S.J.
1.508255e-03 8.968520e-09 5.800406e-09 5.793685e-09 6.406086e-09 5.730602e-09 5.740471e-09 5.871932e-09 6.578882e-09 5.688225e-09 5.998740e-09 5.896167e-09 5.837653e-09 5.753682e-09 5.753682e-09 5.688225e-09 5.743768e-09 5.707705e-09 5.688225e-09 5.684991e-09 5.681761e-09 5.678535e-09 5.707705e-09 5.684991e-09 5.678535e-09 5.681761e-09 0.000000e+00 Young
7.173529e-09 1.753341e-03 5.800406e-09 5.793685e-09 6.406086e-09 5.730602e-09 5.740471e-09 5.871932e-09 6.578882e-09 5.688225e-09 5.998740e-09 5.896167e-09 5.837653e-09 5.753682e-09 5.753682e-09 5.688225e-09 5.743768e-09 5.707705e-09 5.688225e-09 5.684991e-09 5.681761e-09 5.678535e-09 5.707705e-09 5.684991e-09 5.678535e-09 5.681761e-09 0.000000e+00 Inside-Outside
7.173529e-09 8.968520e-09 5.800406e-09 5.793685e-09 6.406086e-09 5.730602e-09 5.740471e-09 5.871932e-09 6.614026e-03 5.688225e-09 5.998740e-09 5.896167e-09 5.837653e-09 5.753682e-09 5.753682e-09 5.688225e-09 5.743768e-09 5.707705e-09 5.688225e-09 5.684991e-09 5.681761e-09 5.678535e-09 5.707705e-09 5.684991e-09 5.678535e-09 5.681761e-09 0.000000e+00 56
7.173529e-09 5.844468e-04 5.800406e-09 5.793685e-09 6.406086e-09 5.730602e-09 5.740471e-09 5.871932e-09 6.578882e-09 5.688225e-09 5.998740e-09 5.896167e-09 5.837653e-09 5.753682e-09 5.753682e-09 5.688225e-09 5.743768e-09 5.707705e-09 5.688225e-09 5.684991e-09 5.681761e-09 5.678535e-09 5.707705e-09 5.684991e-09 5.678535e-09 5.681761e-09 0.000000e+00 Stochatic
7.173529e-09 8.968520e-09 5.800406e-09 5.793685e-09 6.406086e-09 5.730602e-09 5.740471e-09 5.871932e-09 3.307013e-03 5.688225e-09 5.998740e-09 5.896167e-09 5.837653e-09 5.753682e-09 5.753682e-09 5.688225e-09 5.743768e-09 5.707705e-09 5.688225e-09 5.684991e-09 5.681761e-09 5.678535e-09 5.707705e-09 5.684991e-09 5.678535e-09 5.681761e-09 0.000000e+00 237
7.173529e-09 8.968520e-09 5.800406e-09 5.793685e-09 6.406086e-09 5.730602e-09 5.740471e-09 5.871932e-09 9.921039e-03 5.688225e-09 5.998740e-09 5.896167e-09 5.837653e-09 5.753682e-09 5.753682e-09 5.688225e-09 5.743768e-09 5.707705e-09 5.688225e-09 5.684991e-09 5.681761e-09 5.678535e-09 5.707705e-09 5.684991e-09 5.678535e-09 5.681761e-09 0.000000e+00 257
7.541275e-04 8.968520e-09 5.800406e-09 5.793685e-09 6.406086e-09 5.730602e-09 5.740471e-09 5.871932e-09 6.578882e-09 5.688225e-09 5.998740e-09 5.896167e-09 5.837653e-09 5.753682e-09 5.753682e-09 5.688225e-09 5.743768e-09 5.707705e-09 5.688225e-09 5.684991e-09 5.681761e-09 5.678535e-09 5.707705e-09 5.684991e-09 5.678535e-09 5.681761e-09 0.000000e+00 Matthew
7.541275e-04 8.968520e-09 5.800406e-09 5.793685e-09 6.406086e-09 5.730602e-09 5.740471e-09 5.871932e-09 6.578882e-09 5.688225e-09 5.998740e-09 5.896167e-09 5.837653e-09 5.753682e-09 5.753682e-09 5.688225e-09 5.743768e-09 5.707705e-09 5.688225e-09 5.684991e-09 5.681761e-09 5.678535e-09 5.707705e-09 5.684991e-09 5.678535e-09 5.681761e-09 0.000000e+00 Lease
1.508255e-03 8.968520e-09 5.800406e-09 5.793685e-09 6.406086e-09 5.730602e-09 5.740471e-09 5.871932e-09 6.578882e-09 5.688225e-09 5.998740e-09 5.896167e-09 5.837653e-09 5.753682e-09 5.753682e-09 5.688225e-09 5.743768e-09 5.707705e-09 5.688225e-09 5.684991e-09 5.681761e-09 5.678535e-09 5.707705e-09 5.684991e-09 5.678535e-09 5.681761e-09 0.000000e+00 McClosky
7.173529e-09 5.844468e-04 5.800406e-09 5.793685e-09 6.406086e-09 5.730602e-09 5.740471e-09 5.871932e-09 6.578882e-09 5.688225e-09 5.998740e-09 5.896167e-09 5.837653e-09 5.753682e-09 5.753682e-09 5.688225e-09 5.743768e-09 5.707705e-09 5.688225e-09 5.684991e-09 5.681761e-09 5.678535e-09 5.707705e-09 5.684991e-09 5.678535e-09 5.681761e-09 0.000000e+00 Look
7.173529e-09 5.844468e-04 5.800406e-09 5.793685e-09 6.406086e-09 5.730602e-09 5.740471e-09 5.871932e-09 6.578882e-09 5.688225e-09 5.998740e-09 5.896167e-09 5.837653e-09 5.753682e-09 5.753682e-09 5.688225e-09 5.743768e-09 5.707705e-09 5.688225e-09 5.684991e-09 5.681761e-09 5.678535e-09 5.707705e-09 5.684991e-09 5.678535e-09 5.681761e-09 0.000000e+00 At
7.173529e-09 5.844468e-04 5.800406e-09 5.793685e-09 6.406086e-09 5.730602e-09 5.740471e-09 5.871932e-09 6.578882e-09 5.688225e-09 5.998740e-09 5.896167e-09 5.837653e-09 5.753682e-09 5.753682e-09 5.688225e-09 5.743768e-09 5.707705e-09 5.688225e-09 5.684991e-09 5.681761e-09 5.678535e-09 5.707705e-09 5.684991e-09 5.678535e-09 5.681761e-09 0.000000e+00 Its
7.173529e-09 8.968520e-09 5.800406e-09 5.793685e-09 1.142065e-03 5.730602e-09 5.740471e-09 5.871932e-09 6.578882e-09 5.688225e-09 5.998740e-09 5.896167e-09 5.837653e-09 5.753682e-09 5.753682e-09 5.688225e-09 5.743768e-09 5.707705e-09 5.688225e-09 5.684991e-09 5.681761e-09 5.678535e-09 5.707705e-09 5.684991e-09 5.678535e-09 5.681761e-09 0.000000e+00 Twenty-First
7.173529e-09 5.844699e-04 5.800406e-09 5.793685e-09 1.142020e-03 5.730602e-09 5.740471e-09 5.871932e-09 6.578882e-09 5.688225e-09 5.998740e-09 5.896167e-09 5.837653e-09 5.753682e-09 5.753682e-09 5.688225e-09 5.743768e-09 5.707705e-09 5.688225e-09 5.684991e-09 5.681761e-09 5.678535e-09 5.707705e-09 5.684991e-09 5.678535e-09 5.681761e-09 0.000000e+00 National
7.173529e-09 5.844637e-04 5.800406e-09 5.793685e-09 2.284098e-03 5.730602e-09 5.740471e-09 5.871932e-09 6.578882e-09 5.688225e-09 5.998740e-09 3.145295e-03 5.837653e-09 5.753682e-09 5.753682e-09 5.688225e-09 5.743768e-09 5.707705e-09 5.688225e-09 5.684991e-09 5.681761e-09 5.678535e-09 2.702676e-02 5.684991e-09 5.678535e-09 5.681761e-09 0.000000e+00 Artificial
7.173529e-09 8.968520e-09 5.800406e-09 5.793685e-09 1.142065e-03 5.730602e-09 5.740471e-09 5.871932e-09 6.578882e-09 5.688225e-09 5.998740e-09 5.896167e-09 5.837653e-09 5.753682e-09 5.753682e-09 5.688225e-09 5.743768e-09 5.707705e-09 5.688225e-09 5.684991e-09 5.681761e-09 5.678535e-09 5.707705e-09 5.684991e-09 5.678535e-09 5.681761e-09 0.000000e+00 (AAAI-06)
7.173529e-09 8.968520e-09 5.800406e-09 5.793685e-09 6.406086e-09 5.730602e-09 5.740471e-09 5.871932e-09 6.578882e-09 5.688225e-09 5.998740e-09 5.896167e-09 5.837653e-09 5.753682e-09 5.753682e-09 5.688225e-09 5.743768e-09 5.707705e-09 5.688225e-09 5.684991e-09 5.681761e-09 5.678535e-09 5.707705e-09 5.684991e-09 9.999900e-01 5.681761e-09 0.000000e+00 http://www.cs.brown.edu/people/mlease/aaai06.pdf
1.508255e-03 8.968520e-09 5.800406e-09 5.793685e-09 6.406086e-09 5.730602e-09 5.740471e-09 5.871932e-09 6.578882e-09 5.688225e-09 5.998740e-09 5.896167e-09 5.837653e-09 5.753682e-09 5.753682e-09 5.688225e-09 5.743768e-09 5.707705e-09 5.688225e-09 5.684991e-09 5.681761e-09 5.678535e-09 5.707705e-09 5.684991e-09 5.678535e-09 5.681761e-09 0.000000e+00 Lee
7.173529e-09 5.844468e-04 5.800406e-09 5.793685e-09 6.406086e-09 5.730602e-09 5.740471e-09 5.871932e-09 6.578882e-09 5.688225e-09 5.998740e-09 5.896167e-09 5.837653e-09 5.753682e-09 5.753682e-09 5.688225e-09 5.743768e-09 5.707705e-09 5.688225e-09 5.684991e-09 5.681761e-09 5.678535e-09 5.707705e-09 5.684991e-09 5.678535e-09 5.681761e-09 0.000000e+00 Requires
7.173529e-09 5.844468e-04 5.800406e-09 5.793685e-09 6.406086e-09 5.730602e-09 5.740471e-09 5.871932e-09 6.578882e-09 5.688225e-09 5.998740e-09 5.896167e-09 5.837653e-09 5.753682e-09 5.753682e-09 5.688225e-09 5.743768e-09 5.707705e-09 5.688225e-09 5.684991e-09 5.681761e-09 5.678535e-09 5.707705e-09 5.684991e-09 5.678535e-09 5.681761e-09 0.000000e+00 Boolean
7.173529e-09 5.844468e-04 5.800406e-09 5.793685e-09 6.406086e-09 5.730602e-09 5.740471e-09 5.871932e-09 6.578882e-09 5.688225e-09 5.998740e-09 5.896167e-09 5.837653e-09 5.753682e-09 5.753682e-09 5.688225e-09 5.743768e-09 5.707705e-09 5.688225e-09 5.684991e-09 5.681761e-09 5.678535e-09 5.707705e-09 5.684991e-09 5.678535e-09 5.681761e-09 0.000000e+00 Multiplication
7.173529e-09 8.968520e-09 4.217826e-02 5.793685e-09 6.406086e-09 5.730602e-09 5.740471e-09 5.871932e-09 6.578882e-09 5.688225e-09 5.998740e-09 5.896167e-09 5.837653e-09 5.753682e-09 5.753682e-09 5.688225e-09 5.743768e-09 5.707705e-09 5.688225e-09 5.684991e-09 5.681761e-09 5.678535e-09 5.707705e-09 5.684991e-09 5.678535e-09 5.681761e-09 0.000000e+00 2002
7.173529e-09 8.968520e-09 5.800406e-09 5.793685e-09 6.406086e-09 5.730602e-09 5.740471e-09 5.871932e-09 6.578882e-09 5.688225e-09 5.998740e-09 5.896167e-09 1.411305e-02 5.753682e-09 5.753682e-09 5.688225e-09 5.743768e-09 5.707705e-09 5.688225e-09 5.684991e-09 5.681761e-09 5.678535e-09 5.707705e-09 5.684991e-09 5.678535e-09 5.681761e-09 0.000000e+00 49
7.541275e-04 8.968520e-09 5.800406e-09 5.793685e-09 6.406086e-09 5.730602e-09 5.740471e-09 5.871932e-09 6.578882e-09 5.688225e-09 5.998740e-09 5.896167e-09 5.837653e-09 5.753682e-09 5.753682e-09 5.688225e-09 5.743768e-09 5.707705e-09 5.688225e-09 5.684991e-09 5.681761e-09 5.678535e-09 5.707705e-09 5.684991e-09 5.678535e-09 5.681761e-09 0.000000e+00 K.F.
7.541275e-04 8.968520e-09 5.800406e-09 5.793685e-09 6.406086e-09 5.730602e-09 5.740471e-09 5.871932e-09 6.578882e-09 5.688225e-09 5.998740e-09 5.896167e-09 5.837653e-09 5.753682e-09 5.753682e-09 5.688225e-09 5.743768e-09 5.707705e-09 5.688225e-09 5.684991e-09 5.681761e-09 5.678535e-09 5.707705e-09 5.684991e-09 5.678535e-09 5.681761e-09 0.000000e+00 Mahajan
7.173529e-09 5.844468e-04 5.800406e-09 5.793685e-09 6.406086e-09 5.730602e-09 5.740471e-09 5.871932e-09 6.578882e-09 5.688225e-09 5.998740e-09 5.896167e-09 5.837653e-09 5.753682e-09 5.753682e-09 5.688225e-09 5.743768e-09 5.707705e-09 5.688225e-09 5.684991e-09 5.681761e-09 5.678535e-09 5.707705e-09 5.684991e-09 5.678535e-09 5.681761e-09 0.000000e+00 Reinforcement
7.173529e-09 5.844468e-04 5.800406e-09 5.793685e-09 6.406086e-09 5.730602e-09 5.740471e-09 5.871932e-09 6.578882e-09 5.688225e-09 5.998740e-09 5.896167e-09 5.837653e-09 5.753682e-09 5.753682e-09 5.688225e-09 5.743768e-09 5.707705e-09 5.688225e-09 5.684991e-09 5.681761e-09 5.678535e-09 5.707705e-09 5.684991e-09 5.678535e-09 5.681761e-09 0.000000e+00 learning
7.173529e-09 5.844468e-04 5.800406e-09 5.793685e-09 6.406086e-09 5.730602e-09 5.740471e-09 5.871932e-09 6.578882e-09 5.688225e-09 5.998740e-09 5.896167e-09 5.837653e-09 5.753682e-09 5.753682e-09 5.688225e-09 5.743768e-09 5.707705e-09 5.688225e-09 5.684991e-09 5.681761e-09 5.678535e-09 5.707705e-09 5.684991e-09 5.678535e-09 5.681761e-09 0.000000e+00 Speaker-Independent
7.173529e-09 8.968520e-09 5.800406e-09 5.793685e-09 6.406086e-09 5.730602e-09 5.740471e-09 5.871932e-09 3.307013e-03 5.688225e-09 5.998740e-09 5.896167e-09 5.837653e-09 5.753682e-09 5.753682e-09 5.688225e-09 5.743768e-09 5.707705e-09 5.688225e-09 5.684991e-09 5.681761e-09 5.678535e-09 5.707705e-09 5.684991e-09 5.678535e-09 5.681761e-09 0.000000e+00 245
7.541275e-04 8.968520e-09 5.800406e-09 5.793685e-09 6.406086e-09 5.730602e-09 5.740471e-09 5.871932e-09 6.578882e-09 5.688225e-09 5.998740e-09 5.896167e-09 5.837653e-09 5.753682e-09 5.753682e-09 5.688225e-09 5.743768e-09 5.707705e-09 5.688225e-09 5.684991e-09 5.681761e-09 5.678535e-09 5.707705e-09 5.684991e-09 5.678535e-09 5.681761e-09 0.000000e+00 Percy
7.541275e-04 8.968520e-09 5.800406e-09 5.793685e-09 6.406086e-09 5.730602e-09 5.740471e-09 5.871932e-09 6.578882e-09 5.688225e-09 5.998740e-09 5.896167e-09 5.837653e-09 5.753682e-09 5.753682e-09 5.688225e-09 5.743768e-09 5.707705e-09 5.688225e-09 5.684991e-09 5.681761e-09 5.678535e-09 5.707705e-09 5.684991e-09 5.678535e-09 5.681761e-09 0.000000e+00 Liang
7.173529e-09 5.844468e-04 5.800406e-09 5.793685e-09 6.406086e-09 5.730602e-09 5.740471e-09 5.871932e-09 6.578882e-09 5.688225e-09 5.998740e-09 5.896167e-09 5.837653e-09 5.753682e-09 5.753682e-09 5.688225e-09 5.743768e-09 5.707705e-09 5.688225e-09 5.684991e-09 5.681761e-09 5.678535e-09 5.707705e-09 5.684991e-09 5.678535e-09 5.681761e-09 0.000000e+00 Online
7.173529e-09 5.844468e-04 5.800406e-09 5.793685e-09 6.406086e-09 5.730602e-09 5.740471e-09 5.871932e-09 6.578882e-09 5.688225e-09 5.998740e-09 5.896167e-09 5.837653e-09 5.753682e-09 5.753682e-09 5.688225e-09 5.743768e-09 5.707705e-09 5.688225e-09 5.684991e-09 5.681761e-09 5.678535e-09 5.707705e-09 5.684991e-09 5.678535e-09 5.681761e-09 0.000000e+00 {E}{M}
7.173529e-09 8.968520e-09 5.800406e-09 5.793685e-09 1.142065e-03 5.730602e-09 5.740471e-09 5.871932e-09 6.578882e-09 5.688225e-09 5.998740e-09 5.896167e-09 5.837653e-09 5.753682e-09 5.753682e-09 5.688225e-09 5.743768e-09 5.707705e-09 5.688225e-09 5.684991e-09 5.681761e-09 5.678535e-09 5.707705e-09 5.684991e-09 5.678535e-09 5.681761e-09 0.000000e+00 09
7.173529e-09 8.968520e-09 5.800406e-09 5.793685e-09 6.406086e-09 5.730602e-09 5.740471e-09 5.871932e-09 6.614026e-03 5.688225e-09 5.998740e-09 5.896167e-09 5.837653e-09 5.753682e-09 5.753682e-09 5.688225e-09 5.743768e-09 5.707705e-09 5.688225e-09 5.684991e-09 5.681761e-09 5.678535e-09 5.707705e-09 5.684991e-09 5.678535e-09 5.681761e-09 0.000000e+00 611
7.173529e-09 8.968520e-09 5.800406e-09 5.793685e-09 6.406086e-09 5.730602e-09 5.740471e-09 5.871932e-09 3.307013e-03 5.688225e-09 5.998740e-09 5.896167e-09 5.837653e-09 5.753682e-09 5.753682e-09 5.688225e-09 5.743768e-09 5.707705e-09 5.688225e-09 5.684991e-09 5.681761e-09 5.678535e-09 5.707705e-09 5.684991e-09 5.678535e-09 5.681761e-09 0.000000e+00 619
3.016510e-03 8.968520e-09 5.800406e-09 5.793685e-09 6.406086e-09 5.730602e-09 5.740471e-09 5.871932e-09 6.578882e-09 5.688225e-09 5.998740e-09 5.896167e-09 5.837653e-09 5.753682e-09 5.753682e-09 5.688225e-09 5.743768e-09 5.707705e-09 5.688225e-09 5.684991e-09 5.681761e-09 5.678535e-09 5.707705e-09 5.684991e-09 5.678535e-09 5.681761e-09 0.000000e+00 Linares
7.173529e-09 5.844468e-04 5.800406e-09 5.793685e-09 6.406086e-09 5.730602e-09 5.740471e-09 5.871932e-09 6.578882e-09 5.688225e-09 5.998740e-09 5.896167e-09 5.837653e-09 5.753682e-09 5.753682e-09 5.688225e-09 5.743768e-09 5.707705e-09 5.688225e-09 5.684991e-09 5.681761e-09 5.678535e-09 5.707705e-09 5.684991e-09 5.678535e-09 5.681761e-09 0.000000e+00 Treebank
7.173529e-09 8.968520e-09 5.800406e-09 5.793685e-09 6.406086e-09 5.730602e-09 5.740471e-09 5.871932e-09 3.307013e-03 5.688225e-09 5.998740e-09 5.896167e-09 5.837653e-09 5.753682e-09 5.753682e-09 5.688225e-09 5.743768e-09 5.707705e-09 5.688225e-09 5.684991e-09 5.681761e-09 5.678535e-09 5.707705e-09 5.684991e-09 5.678535e-09 5.681761e-09 0.000000e+00 410
7.173529e-09 1.168894e-03 5.800406e-09 5.793685e-09 6.406086e-09 5.730602e-09 5.740471e-09 5.871932e-09 6.578882e-09 5.688225e-09 5.998740e-09 5.896167e-09 5.837653e-09 5.753682e-09 5.753682e-09 5.688225e-09 5.743768e-09 5.707705e-09 5.688225e-09 5.684991e-09 5.681761e-09 5.678535e-09 5.707705e-09 5.684991e-09 5.678535e-09 5.681761e-09 0.000000e+00 Hybrid
7.173529e-09 8.968520e-09 5.800406e-09 5.793685e-09 1.142065e-03 5.730602e-09 5.740471e-09 5.871932e-09 6.578882e-09 5.688225e-09 5.998740e-09 5.896167e-09 5.837653e-09 5.753682e-09 5.753682e-09 5.688225e-09 5.743768e-09 5.707705e-09 5.688225e-09 5.684991e-09 5.681761e-09 5.678535e-09 5.707705e-09 5.684991e-09 5.678535e-09 5.681761e-09 0.000000e+00 ECML/PKDD
7.173529e-09 8.968520e-09 5.800406e-09 5.793685e-09 6.406086e-09 5.730602e-09 5.740471e-09 5.871932e-09 3.307013e-03 5.688225e-09 5.998740e-09 5.896167e-09 5.837653e-09 5.753682e-09 5.753682e-09 5.688225e-09 5.743768e-09 5.707705e-09 5.688225e-09 5.684991e-09 5.681761e-09 5.678535e-09 5.707705e-09 5.684991e-09 5.678535e-09 5.681761e-09 0.000000e+00 41
7.173529e-09 8.968520e-09 5.800406e-09 5.793685e-09 6.406086e-09 5.730602e-09 5.740471e-09 6.846268e-03 6.578882e-09 5.688225e-09 5.998740e-09 5.896167e-09 5.837653e-09 5.753682e-09 5.753682e-09 5.688225e-09 5.743768e-09 5.707705e-09 5.688225e-09 5.684991e-09 5.681761e-09 5.678535e-09 5.707705e-09 5.684991e-09 5.678535e-09 5.681761e-09 0.000000e+00 Higuera
7.173529e-09 8.968520e-09 5.800406e-09 5.793685e-09 6.406086e-09 5.730602e-09 5.740471e-09 6.846268e-03 6.578882e-09 5.688225e-09 5.998740e-09 5.896167e-09 5.837653e-09 5.753682e-09 5.753682e-09 5.688225e-09 5.743768e-09 5.707705e-09 5.688225e-09 5.684991e-09 5.681761e-09 5.678535e-09 5.707705e-09 5.684991e-09 5.678535e-09 5.681761e-09 0.000000e+00 Adriaans
7.173529e-09 8.968520e-09 5.800406e-09 5.793685e-09 6.406086e-09 5.730602e-09 5.740471e-09 6.846268e-03 6.578882e-09 5.688225e-09 5.998740e-09 5.896167e-09 5.837653e-09 5.753682e-09 5.753682e-09 5.688225e-09 5.743768e-09 5.707705e-09 5.688225e-09 5.684991e-09 5.681761e-09 5.678535e-09 5.707705e-09 5.684991e-09 5.678535e-09 5.681761e-09 0.000000e+00 van
7.173529e-09 8.968520e-09 5.800406e-09 5.793685e-09 6.406086e-09 5.730602e-09 5.740471e-09 6.846268e-03 6.578882e-09 5.688225e-09 5.998740e-09 5.896167e-09 5.837653e-09 5.753682e-09 5.753682e-09 5.688225e-09 5.743768e-09 5.707705e-09 5.688225e-09 5.684991e-09 5.681761e-09 5.678535e-09 5.707705e-09 5.684991e-09 5.678535e-09 5.681761e-09 0.000000e+00 Zaanen
7.173529e-09 8.968520e-09 5.800406e-09 5.793685e-09 6.406086e-09 5.730602e-09 1.471587e-02 5.871932e-09 6.578882e-09 5.688225e-09 5.998740e-09 5.896167e-09 5.837653e-09 5.753682e-09 5.753682e-09 5.688225e-09 5.743768e-09 5.707705e-09 5.688225e-09 5.684991e-09 5.681761e-09 5.678535e-09 5.707705e-09 5.684991e-09 5.678535e-09 5.681761e-09 0.000000e+00 Septembre
7.173529e-09 5.844468e-04 5.800406e-09 5.793685e-09 6.406086e-09 5.730602e-09 5.740471e-09 5.871932e-09 6.578882e-09 5.688225e-09 5.998740e-09 5.896167e-09 5.837653e-09 5.753682e-09 5.753682e-09 5.688225e-09 5.743768e-09 5.707705e-09 5.688225e-09 5.684991e-09 5.681761e-09 5.678535e-09 5.707705e-09 5.684991e-09 5.678535e-09 5.681761e-09 0.000000e+00 Earley-based
7.173529e-09 1.168894e-03 5.800406e-09 5.793685e-09 6.406086e-09 5.730602e-09 5.740471e-09 5.871932e-09 6.578882e-09 5.688225e-09 5.998740e-09 5.896167e-09 5.837653e-09 5.753682e-09 5.753682e-09 5.688225e-09 5.743768e-09 5.707705e-09 5.688225e-09 5.684991e-09 5.681761e-09 5.678535e-09 5.707705e-09 5.684991e-09 5.678535e-09 5.681761e-09 0.000000e+00 its
7.173529e-09 5.844468e-04 5.800406e-09 5.793685e-09 6.406086e-09 5.730602e-09 5.740471e-09 5.871932e-09 6.578882e-09 5.688225e-09 5.998740e-09 5.896167e-09 5.837653e-09 5.753682e-09 5.753682e-09 5.688225e-09 5.743768e-09 5.707705e-09 5.688225e-09 5.684991e-09 5.681761e-09 5.678535e-09 5.707705e-09 5.684991e-09 5.678535e-09 5.681761e-09 0.000000e+00 N-grams
7.173529e-09 8.968520e-09 5.800406e-09 5.793685e-09 6.406086e-09 5.730602e-09 5.740471e-09 5.871932e-09 6.578882e-09 5.688225e-09 5.998740e-09 3.145295e-03 5.837653e-09 5.753682e-09 5.753682e-09 5.688225e-09 5.743768e-09 5.707705e-09 5.688225e-09 5.684991e-09 5.681761e-09 5.678535e-09 5.707705e-09 5.684991e-09 5.678535e-09 5.681761e-09 0.000000e+00 Asian
7.541275e-04 8.968520e-09 5.800406e-09 5.793685e-09 6.406086e-09 5.730602e-09 5.740471e-09 5.871932e-09 6.578882e-09 5.688225e-09 5.998740e-09 5.896167e-09 5.837653e-09 5.753682e-09 5.753682e-09 5.688225e-09 5.743768e-09 5.707705e-09 5.688225e-09 5.684991e-09 5.681761e-09 5.678535e-09 5.707705e-09 5.684991e-09 5.678535e-09 5.681761e-09 0.000000e+00 M\"akinen
7.173529e-09 5.844468e-04 5.800406e-09 5.793685e-09 6.406086e-09 5.730602e-09 5.740471e-09 5.871932e-09 6.578882e-09 5.688225e-09 5.998740e-09 5.896167e-09 5.837653e-09 5.753682e-09 5.753682e-09 5.688225e-09 5.743768e-09 5.707705e-09 5.688225e-09 5.684991e-09 5.681761e-09 5.678535e-09 5.707705e-09 5.684991e-09 5.678535e-09 5.681761e-09 0.000000e+00 structural
7.173529e-09 5.844468e-04 5.800406e-09 5.793685e-09 6.406086e-09 5.730602e-09 5.740471e-09 5.871932e-09 6.578882e-09 5.688225e-09 5.998740e-09 5.896167e-09 5.837653e-09 5.753682e-09 5.753682e-09 5.688225e-09 5.743768e-09 5.707705e-09 5.688225e-09 5.684991e-09 5.681761e-09 5.678535e-09 5.707705e-09 5.684991e-09 5.678535e-09 5.681761e-09 0.000000e+00 grammatical
7.173529e-09 5.844468e-04 5.800406e-09 5.793685e-09 6.406086e-09 5.730602e-09 5.740471e-09 5.871932e-09 6.578882e-09 5.688225e-09 5.998740e-09 5.896167e-09 5.837653e-09 5.753682e-09 5.753682e-09 5.688225e-09 5.743768e-09 5.707705e-09 5.688225e-09 5.684991e-09 5.681761e-09 5.678535e-09 5.707705e-09 5.684991e-09 5.678535e-09 5.681761e-09 0.000000e+00 inference
7.173529e-09 5.844468e-04 5.800406e-09 5.793685e-09 6.406086e-09 5.730602e-09 5.740471e-09 5.871932e-09 6.578882e-09 5.688225e-09 5.998740e-09 5.896167e-09 5.837653e-09 5.753682e-09 5.753682e-09 5.688225e-09 5.743768e-09 5.707705e-09 5.688225e-09 5.684991e-09 5.681761e-09 5.678535e-09 5.707705e-09 5.684991e-09 5.678535e-09 5.681761e-09 0.000000e+00 problem
7.173529e-09 5.844468e-04 5.800406e-09 5.793685e-09 6.406086e-09 5.730602e-09 5.740471e-09 5.871932e-09 6.578882e-09 5.688225e-09 5.998740e-09 5.896167e-09 5.837653e-09 5.753682e-09 5.753682e-09 5.688225e-09 5.743768e-09 5.707705e-09 5.688225e-09 5.684991e-09 5.681761e-09 5.678535e-09 5.707705e-09 5.684991e-09 5.678535e-09 5.681761e-09 0.000000e+00 classes
7.173529e-09 5.844468e-04 5.800406e-09 5.793685e-09 6.406086e-09 5.730602e-09 5.740471e-09 5.871932e-09 6.578882e-09 5.688225e-09 5.998740e-09 5.896167e-09 5.837653e-09 5.753682e-09 5.753682e-09 5.688225e-09 5.743768e-09 5.707705e-09 5.688225e-09 5.684991e-09 5.681761e-09 5.678535e-09 5.707705e-09 5.684991e-09 5.678535e-09 5.681761e-09 0.000000e+00 grammars.
7.173529e-09 8.968520e-09 5.800406e-09 5.793685e-09 6.406086e-09 5.730602e-09 5.740471e-09 5.871932e-09 6.578882e-09 5.688225e-09 5.998740e-09 5.896167e-09 5.837653e-09 1.180284e-02 5.753682e-09 5.688225e-09 5.743768e-09 5.707705e-09 5.688225e-09 5.684991e-09 5.681761e-09 5.678535e-09 5.707705e-09 5.684991e-09 5.678535e-09 5.681761e-09 0.000000e+00 42
7.541275e-04 8.968520e-09 5.800406e-09 5.793685e-09 6.406086e-09 5.730602e-09 5.740471e-09 5.871932e-09 6.578882e-09 5.688225e-09 5.998740e-09 5.896167e-09 5.837653e-09 5.753682e-09 5.753682e-09 5.688225e-09 5.743768e-09 5.707705e-09 5.688225e-09 5.684991e-09 5.681761e-09 5.678535e-09 5.707705e-09 5.684991e-09 5.678535e-09 5.681761e-09 0.000000e+00 Marcu
7.541275e-04 8.968520e-09 5.800406e-09 5.793685e-09 6.406086e-09 5.730602e-09 5.740471e-09 5.871932e-09 6.578882e-09 5.688225e-09 5.998740e-09 5.896167e-09 5.837653e-09 5.753682e-09 5.753682e-09 5.688225e-09 5.743768e-09 5.707705e-09 5.688225e-09 5.684991e-09 5.681761e-09 5.678535e-09 5.707705e-09 5.684991e-09 5.678535e-09 5.681761e-09 0.000000e+00 Wong
7.173529e-09 5.844468e-04 5.800406e-09 5.793685e-09 6.406086e-09 5.730602e-09 5.740471e-09 5.871932e-09 6.578882e-09 5.688225e-09 5.998740e-09 5.896167e-09 5.837653e-09 5.753682e-09 5.753682e-09 5.688225e-09 5.743768e-09 5.707705e-09 5.688225e-09 5.684991e-09 5.681761e-09 5.678535e-09 5.707705e-09 5.684991e-09 5.678535e-09 5.681761e-09 0.000000e+00 joint
7.173529e-09 2.337787e-03 5.800406e-09 5.793685e-09 6.406086e-09 5.730602e-09 5.740471e-09 5.871932e-09 6.578882e-09 5.688225e-09 5.998740e-09 5.896167e-09 5.837653e-09 5.753682e-09 5.753682e-09 5.688225e-09 5.743768e-09 5.707705e-09 5.688225e-09 5.684991e-09 5.681761e-09 5.678535e-09 5.707705e-09 5.684991e-09 5.678535e-09 5.681761e-09 0.000000e+00 probability
7.541275e-04 8.968520e-09 5.800406e-09 5.793685e-09 6.406086e-09 5.730602e-09 5.740471e-09 5.871932e-09 6.578882e-09 5.688225e-09 5.998740e-09 5.896167e-09 5.837653e-09 5.753682e-09 5.753682e-09 5.688225e-09 5.743768e-09 5.707705e-09 5.688225e-09 5.684991e-09 5.681761e-09 5.678535e-09 5.707705e-09 5.684991e-09 5.678535e-09 5.681761e-09 0.000000e+00 M.P.
7.541275e-04 8.968520e-09 5.800406e-09 5.793685e-09 6.406086e-09 5.730602e-09 5.740471e-09 5.871932e-09 6.578882e-09 5.688225e-09 5.998740e-09 5.896167e-09 5.837653e-09 5.753682e-09 5.753682e-09 5.688225e-09 5.743768e-09 5.707705e-09 5.688225e-09 5.684991e-09 5.681761e-09 5.678535e-09 5.707705e-09 5.684991e-09 5.678535e-09 5.681761e-09 0.000000e+00 Marcus
7.541275e-04 8.968520e-09 5.800406e-09 5.793685e-09 6.406086e-09 5.730602e-09 5.740471e-09 5.871932e-09 6.578882e-09 5.688225e-09 5.998740e-09 5.896167e-09 5.837653e-09 5.753682e-09 5.753682e-09 5.688225e-09 5.743768e-09 5.707705e-09 5.688225e-09 5.684991e-09 5.681761e-09 5.678535e-09 5.707705e-09 5.684991e-09 5.678535e-09 5.681761e-09 0.000000e+00 Santorini
7.541275e-04 8.968520e-09 5.800406e-09 5.793685e-09 6.406086e-09 5.730602e-09 5.740471e-09 5.871932e-09 6.578882e-09 5.688225e-09 5.998740e-09 5.896167e-09 5.837653e-09 5.753682e-09 5.753682e-09 5.688225e-09 5.743768e-09 5.707705e-09 5.688225e-09 5.684991e-09 5.681761e-09 5.678535e-09 5.707705e-09 5.684991e-09 5.678535e-09 5.681761e-09 0.000000e+00 Marcinkiewicz
7.173529e-09 5.844468e-04 5.800406e-09 5.793685e-09 6.406086e-09 5.730602e-09 5.740471e-09 5.871932e-09 6.578882e-09 5.688225e-09 5.998740e-09 5.896167e-09 5.837653e-09 5.753682e-09 5.753682e-09 5.688225e-09 5.743768e-09 5.707705e-09 5.688225e-09 5.684991e-09 5.681761e-09 5.678535e-09 5.707705e-09 5.684991e-09 5.678535e-09 5.681761e-09 0.000000e+00 Annotated
7.173529e-09 5.844468e-04 5.800406e-09 5.793685e-09 6.406086e-09 5.730602e-09 5.740471e-09 5.871932e-09 6.578882e-09 5.688225e-09 5.998740e-09 5.896167e-09 5.837653e-09 5.753682e-09 5.753682e-09 5.688225e-09 5.743768e-09 5.707705e-09 5.688225e-09 5.684991e-09 5.681761e-09 5.678535e-09 5.707705e-09 5.684991e-09 5.678535e-09 5.681761e-09 0.000000e+00 {E}nglish:
7.173529e-09 1.168894e-03 5.800406e-09 5.793685e-09 6.406086e-09 5.730602e-09 5.740471e-09 5.871932e-09 6.578882e-09 5.688225e-09 5.998740e-09 5.896167e-09 5.837653e-09 5.753682e-09 5.753682e-09 5.688225e-09 5.743768e-09 5.707705e-09 5.688225e-09 5.684991e-09 5.681761e-09 5.678535e-09 5.707705e-09 5.684991e-09 5.678535e-09 5.681761e-09 0.000000e+00 {P}enn
7.173529e-09 1.168894e-03 5.800406e-09 5.793685e-09 6.406086e-09 5.730602e-09 5.740471e-09 5.871932e-09 6.578882e-09 5.688225e-09 5.998740e-09 5.896167e-09 5.837653e-09 5.753682e-09 5.753682e-09 5.688225e-09 5.743768e-09 5.707705e-09 5.688225e-09 5.684991e-09 5.681761e-09 5.678535e-09 5.707705e-09 5.684991e-09 5.678535e-09 5.681761e-09 0.000000e+00 {T}reebank
7.173529e-09 8.968520e-09 5.800406e-09 5.793685e-09 6.406086e-09 5.730602e-09 5.740471e-09 5.871932e-09 3.307013e-03 5.688225e-09 5.998740e-09 5.896167e-09 5.837653e-09 5.753682e-09 5.753682e-09 5.688225e-09 5.743768e-09 5.707705e-09 5.688225e-09 5.684991e-09 5.681761e-09 5.678535e-09 5.707705e-09 5.684991e-09 5.678535e-09 5.681761e-09 0.000000e+00 313
7.173529e-09 8.968520e-09 5.800406e-09 5.793685e-09 6.406086e-09 5.730602e-09 5.740471e-09 5.871932e-09 3.307013e-03 5.688225e-09 5.998740e-09 5.896167e-09 5.837653e-09 5.753682e-09 5.753682e-09 5.688225e-09 5.743768e-09 5.707705e-09 5.688225e-09 5.684991e-09 5.681761e-09 5.678535e-09 5.707705e-09 5.684991e-09 5.678535e-09 5.681761e-09 0.000000e+00 330
7.541275e-04 8.968520e-09 5.800406e-09 5.793685e-09 6.406086e-09 5.730602e-09 5.740471e-09 5.871932e-09 6.578882e-09 5.688225e-09 5.998740e-09 5.896167e-09 5.837653e-09 5.753682e-09 5.753682e-09 5.688225e-09 5.743768e-09 5.707705e-09 5.688225e-09 5.684991e-09 5.681761e-09 5.678535e-09 5.707705e-09 5.684991e-09 5.678535e-09 5.681761e-09 0.000000e+00 S.C.
7.541275e-04 8.968520e-09 5.800406e-09 5.793685e-09 6.406086e-09 5.730602e-09 5.740471e-09 5.871932e-09 6.578882e-09 5.688225e-09 5.998740e-09 5.896167e-09 5.837653e-09 5.753682e-09 5.753682e-09 5.688225e-09 5.743768e-09 5.707705e-09 5.688225e-09 5.684991e-09 5.681761e-09 5.678535e-09 5.707705e-09 5.684991e-09 5.678535e-09 5.681761e-09 0.000000e+00 Martin
7.541275e-04 8.968520e-09 5.800406e-09 5.793685e-09 6.406086e-09 5.730602e-09 5.740471e-09 5.871932e-09 6.578882e-09 5.688225e-09 5.998740e-09 5.896167e-09 5.837653e-09 5.753682e-09 5.753682e-09 5.688225e-09 5.743768e-09 5.707705e-09 5.688225e-09 5.684991e-09 5.681761e-09 5.678535e-09 5.707705e-09 5.684991e-09 5.678535e-09 5.681761e-09 0.000000e+00 Kellner
3.016510e-03 8.968520e-09 5.800406e-09 5.793685e-09 6.406086e-09 5.730602e-09 5.740471e-09 6.846268e-03 6.578882e-09 5.688225e-09 5.998740e-09 5.896167e-09 5.837653e-09 5.753682e-09 5.753682e-09 5.688225e-09 5.743768e-09 5.707705e-09 5.688225e-09 5.684991e-09 5.681761e-09 5.678535e-09 5.707705e-09 5.684991e-09 5.678535e-09 5.681761e-09 0.000000e+00 T.
7.541275e-04 8.968520e-09 5.800406e-09 5.793685e-09 6.406086e-09 5.730602e-09 5.740471e-09 5.871932e-09 6.578882e-09 5.688225e-09 5.998740e-09 5.896167e-09 5.837653e-09 5.753682e-09 5.753682e-09 5.688225e-09 5.743768e-09 5.707705e-09 5.688225e-09 5.684991e-09 5.681761e-09 5.678535e-09 5.707705e-09 5.684991e-09 5.678535e-09 5.681761e-09 0.000000e+00 Portele
7.173529e-09 5.844468e-04 5.800406e-09 5.793685e-09 6.406086e-09 5.730602e-09 5.740471e-09 5.871932e-09 6.578882e-09 5.688225e-09 5.998740e-09 5.896167e-09 5.837653e-09 5.753682e-09 5.753682e-09 5.688225e-09 5.743768e-09 5.707705e-09 5.688225e-09 5.684991e-09 5.681761e-09 5.678535e-09 5.707705e-09 5.684991e-09 5.678535e-09 5.681761e-09 0.000000e+00 Interpolation
7.173529e-09 5.844468e-04 5.800406e-09 5.793685e-09 6.406086e-09 5.730602e-09 5.740471e-09 5.871932e-09 6.578882e-09 5.688225e-09 5.998740e-09 5.896167e-09 5.837653e-09 5.753682e-09 5.753682e-09 5.688225e-09 5.743768e-09 5.707705e-09 5.688225e-09 5.684991e-09 5.681761e-09 5.678535e-09 5.707705e-09 5.684991e-09 5.678535e-09 5.681761e-09 0.000000e+00 Bigram
7.173529e-09 5.844468e-04 5.800406e-09 5.793685e-09 6.406086e-09 5.730602e-09 5.740471e-09 5.871932e-09 6.578882e-09 5.688225e-09 5.998740e-09 5.896167e-09 5.837653e-09 5.753682e-09 5.753682e-09 5.688225e-09 5.743768e-09 5.707705e-09 5.688225e-09 5.684991e-09 5.681761e-09 5.678535e-09 5.707705e-09 5.684991e-09 5.678535e-09 5.681761e-09 0.000000e+00 Understanding
7.173529e-09 8.968520e-09 5.800406e-09 5.793685e-09 6.406086e-09 5.730602e-09 5.740471e-09 5.871932e-09 6.578882e-09 5.688225e-09 7.250385e-03 5.896167e-09 5.837653e-09 5.753682e-09 5.753682e-09 5.688225e-09 5.743768e-09 5.707705e-09 5.688225e-09 5.684991e-09 5.681761e-09 5.678535e-09 5.707705e-09 5.684991e-09 5.678535e-09 5.681761e-09 0.000000e+00 Beijing
7.173529e-09 8.968520e-09 5.800406e-09 5.793685e-09 6.406086e-09 5.730602e-09 5.740471e-09 5.871932e-09 6.578882e-09 5.688225e-09 1.450077e-02 5.896167e-09 5.837653e-09 5.753682e-09 5.753682e-09 5.688225e-09 5.743768e-09 5.707705e-09 5.688225e-09 5.684991e-09 5.681761e-09 5.678535e-09 5.707705e-09 5.684991e-09 5.678535e-09 5.681761e-09 0.000000e+00 China
2.262383e-03 8.968520e-09 5.800406e-09 5.793685e-09 6.406086e-09 5.730602e-09 5.740471e-09 5.871932e-09 6.578882e-09 5.688225e-09 5.998740e-09 5.896167e-09 5.837653e-09 5.753682e-09 5.753682e-09 5.688225e-09 5.743768e-09 5.707705e-09 5.688225e-09 5.684991e-09 5.681761e-09 5.678535e-09 5.707705e-09 5.684991e-09 5.678535e-09 5.681761e-09 0.000000e+00 Maryanski
7.173529e-09 8.968520e-09 5.800406e-09 5.793685e-09 6.406086e-09 5.730602e-09 5.740471e-09 5.871932e-09 6.578882e-09 5.688225e-09 5.998740e-09 5.896167e-09 5.837653e-09 5.753682e-09 5.753682e-09 5.688225e-09 3.131487e-02 5.707705e-09 5.688225e-09 5.684991e-09 5.681761e-09 5.678535e-09 5.707705e-09 5.684991e-09 5.678535e-09 5.681761e-09 0.000000e+00 Elec.
7.173529e-09 8.968520e-09 5.800406e-09 5.793685e-09 6.406086e-09 5.730602e-09 5.740471e-09 5.871932e-09 6.578882e-09 5.688225e-09 5.998740e-09 5.896167e-09 5.837653e-09 5.753682e-09 5.753682e-09 5.688225e-09 3.131487e-02 5.707705e-09 5.688225e-09 5.684991e-09 5.681761e-09 5.678535e-09 5.707705e-09 5.684991e-09 5.678535e-09 5.681761e-09 0.000000e+00 Eng.
7.173529e-09 8.968520e-09 5.800406e-09 5.793685e-09 6.406086e-09 5.730602e-09 5.740471e-09 5.871932e-09 6.578882e-09 5.688225e-09 5.998740e-09 5.896167e-09 5.837653e-09 5.753682e-09 5.753682e-09 5.688225e-09 3.131487e-02 5.707705e-09 5.688225e-09 5.684991e-09 5.681761e-09 5.678535e-09 5.707705e-09 5.684991e-09 5.678535e-09 5.681761e-09 0.000000e+00 Connecticut
7.173529e-09 8.968520e-09 5.800406e-09 5.793685e-09 6.406086e-09 5.730602e-09 5.740471e-09 5.871932e-09 6.578882e-09 5.688225e-09 5.998740e-09 5.896167e-09 5.837653e-09 5.753682e-09 5.753682e-09 5.688225e-09 3.131487e-02 5.707705e-09 5.688225e-09 5.684991e-09 5.681761e-09 5.678535e-09 5.707705e-09 5.684991e-09 5.678535e-09 5.681761e-09 0.000000e+00 Storrs
7.173529e-09 8.968520e-09 5.800406e-09 5.793685e-09 6.406086e-09 5.730602e-09 5.740471e-09 5.871932e-09 6.578882e-09 5.688225e-09 5.998740e-09 5.896167e-09 5.837653e-09 5.753682e-09 5.753682e-09 5.688225e-09 3.131487e-02 5.707705e-09 5.688225e-09 5.684991e-09 5.681761e-09 5.678535e-09 5.707705e-09 5.684991e-09 5.678535e-09 5.681761e-09 0.000000e+00 Ct
7.173529e-09 8.968520e-09 5.800406e-09 5.793685e-09 6.406086e-09 5.730602e-09 5.740471e-09 5.871932e-09 6.578882e-09 5.688225e-09 5.998740e-09 6.290589e-03 5.837653e-09 5.753682e-09 5.753682e-09 5.688225e-09 5.743768e-09 5.707705e-09 5.688225e-09 5.684991e-09 5.681761e-09 5.678535e-09 5.707705e-09 5.684991e-09 5.678535e-09 5.681761e-09 0.000000e+00 IEEE.
7.173529e-09 8.968520e-09 5.800406e-09 5.793685e-09 6.406086e-09 5.730602e-09 5.740471e-09 5.871932e-09 6.578882e-09 5.688225e-09 5.998740e-09 5.896167e-09 1.411305e-02 5.753682e-09 5.753682e-09 5.688225e-09 5.743768e-09 5.707705e-09 5.688225e-09 5.684991e-09 5.681761e-09 5.678535e-09 5.707705e-09 5.684991e-09 5.678535e-09 5.681761e-09 0.000000e+00 C-26
7.173529e-09 8.968520e-09 5.800406e-09 5.793685e-09 6.406086e-09 5.730602e-09 5.740471e-09 5.871932e-09 3.307013e-03 5.688225e-09 5.998740e-09 5.896167e-09 5.837653e-09 5.753682e-09 5.753682e-09 5.688225e-09 5.743768e-09 5.707705e-09 5.688225e-09 5.684991e-09 5.681761e-09 5.678535e-09 5.707705e-09 5.684991e-09 5.678535e-09 5.681761e-09 0.000000e+00 521
7.173529e-09 8.968520e-09 5.800406e-09 5.793685e-09 6.406086e-09 5.730602e-09 5.740471e-09 5.871932e-09 3.307013e-03 5.688225e-09 5.998740e-09 5.896167e-09 5.837653e-09 5.753682e-09 5.753682e-09 5.688225e-09 5.743768e-09 5.707705e-09 5.688225e-09 5.684991e-09 5.681761e-09 5.678535e-09 5.707705e-09 5.684991e-09 5.678535e-09 5.681761e-09 0.000000e+00 536
7.541275e-04 8.968520e-09 5.800406e-09 5.793685e-09 6.406086e-09 5.730602e-09 5.740471e-09 5.871932e-09 6.578882e-09 5.688225e-09 5.998740e-09 5.896167e-09 5.837653e-09 5.753682e-09 5.753682e-09 5.688225e-09 5.743768e-09 5.707705e-09 5.688225e-09 5.684991e-09 5.681761e-09 5.678535e-09 5.707705e-09 5.684991e-09 5.678535e-09 5.681761e-09 0.000000e+00 M.T.
7.173529e-09 5.844468e-04 5.800406e-09 5.793685e-09 6.406086e-09 5.730602e-09 5.740471e-09 5.871932e-09 6.578882e-09 5.688225e-09 5.998740e-09 5.896167e-09 5.837653e-09 5.753682e-09 5.753682e-09 5.688225e-09 5.743768e-09 5.707705e-09 5.688225e-09 5.684991e-09 5.681761e-09 5.678535e-09 5.707705e-09 5.684991e-09 5.678535e-09 5.681761e-09 0.000000e+00 Tranlation
7.173529e-09 5.844468e-04 5.800406e-09 5.793685e-09 6.406086e-09 5.730602e-09 5.740471e-09 5.871932e-09 6.578882e-09 5.688225e-09 5.998740e-09 5.896167e-09 5.837653e-09 5.753682e-09 5.753682e-09 5.688225e-09 5.743768e-09 5.707705e-09 5.688225e-09 5.684991e-09 5.681761e-09 5.678535e-09 5.707705e-09 5.684991e-09 5.678535e-09 5.681761e-09 0.000000e+00 Schemata
7.173529e-09 8.968520e-09 5.800406e-09 5.793685e-09 6.406086e-09 5.730602e-09 5.740471e-09 5.871932e-09 3.307013e-03 5.688225e-09 5.998740e-09 5.896167e-09 5.837653e-09 5.753682e-09 5.753682e-09 5.688225e-09 5.743768e-09 5.707705e-09 5.688225e-09 5.684991e-09 5.681761e-09 5.678535e-09 5.707705e-09 5.684991e-09 5.678535e-09 5.681761e-09 0.000000e+00 89
7.173529e-09 8.968520e-09 5.800406e-09 5.793685e-09 6.406086e-09 5.730602e-09 5.740471e-09 5.871932e-09 3.307013e-03 5.688225e-09 5.998740e-09 5.896167e-09 5.837653e-09 5.753682e-09 5.753682e-09 5.688225e-09 5.743768e-09 5.707705e-09 5.688225e-09 5.684991e-09 5.681761e-09 5.678535e-09 5.707705e-09 5.684991e-09 5.678535e-09 5.681761e-09 0.000000e+00 110
7.173529e-09 5.844468e-04 5.800406e-09 5.793685e-09 6.406086e-09 5.730602e-09 5.740471e-09 5.871932e-09 6.578882e-09 5.688225e-09 5.998740e-09 5.896167e-09 5.837653e-09 5.753682e-09 5.753682e-09 5.688225e-09 5.743768e-09 5.707705e-09 5.688225e-09 5.684991e-09 5.681761e-09 5.678535e-09 5.707705e-09 5.684991e-09 5.678535e-09 5.681761e-09 0.000000e+00 Cálculo
7.173529e-09 5.844468e-04 5.800406e-09 5.793685e-09 6.406086e-09 5.730602e-09 5.740471e-09 5.871932e-09 6.578882e-09 5.688225e-09 5.998740e-09 5.896167e-09 5.837653e-09 5.753682e-09 5.753682e-09 5.688225e-09 5.743768e-09 5.707705e-09 5.688225e-09 5.684991e-09 5.681761e-09 5.678535e-09 5.707705e-09 5.684991e-09 5.678535e-09 5.681761e-09 0.000000e+00 las
7.173529e-09 5.844468e-04 5.800406e-09 5.793685e-09 6.406086e-09 5.730602e-09 5.740471e-09 5.871932e-09 6.578882e-09 5.688225e-09 5.998740e-09 5.896167e-09 5.837653e-09 5.753682e-09 5.753682e-09 5.688225e-09 5.743768e-09 5.707705e-09 5.688225e-09 5.684991e-09 5.681761e-09 5.678535e-09 5.707705e-09 5.684991e-09 5.678535e-09 5.681761e-09 0.000000e+00 $k$
7.173529e-09 5.844468e-04 5.800406e-09 5.793685e-09 6.406086e-09 5.730602e-09 5.740471e-09 5.871932e-09 6.578882e-09 5.688225e-09 5.998740e-09 5.896167e-09 5.837653e-09 5.753682e-09 5.753682e-09 5.688225e-09 5.743768e-09 5.707705e-09 5.688225e-09 5.684991e-09 5.681761e-09 5.678535e-09 5.707705e-09 5.684991e-09 5.678535e-09 5.681761e-09 0.000000e+00 mejores
7.173529e-09 5.844468e-04 5.800406e-09 5.793685e-09 6.406086e-09 5.730602e-09 5.740471e-09 5.871932e-09 6.578882e-09 5.688225e-09 5.998740e-09 5.896167e-09 5.837653e-09 5.753682e-09 5.753682e-09 5.688225e-09 5.743768e-09 5.707705e-09 5.688225e-09 5.684991e-09 5.681761e-09 5.678535e-09 5.707705e-09 5.684991e-09 5.678535e-09 5.681761e-09 0.000000e+00 soluciones
7.173529e-09 5.844468e-04 5.800406e-09 5.793685e-09 6.406086e-09 5.730602e-09 5.740471e-09 5.871932e-09 6.578882e-09 5.688225e-09 5.998740e-09 5.896167e-09 5.837653e-09 5.753682e-09 5.753682e-09 5.688225e-09 5.743768e-09 5.707705e-09 5.688225e-09 5.684991e-09 5.681761e-09 5.678535e-09 5.707705e-09 5.684991e-09 5.678535e-09 5.681761e-09 0.000000e+00 problemas
7.173529e-09 5.844468e-04 5.800406e-09 5.793685e-09 6.406086e-09 5.730602e-09 5.740471e-09 5.871932e-09 6.578882e-09 5.688225e-09 5.998740e-09 5.896167e-09 5.837653e-09 5.753682e-09 5.753682e-09 5.688225e-09 5.743768e-09 5.707705e-09 5.688225e-09 5.684991e-09 5.681761e-09 5.678535e-09 5.707705e-09 5.684991e-09 5.678535e-09 5.681761e-09 0.000000e+00 programaci\'{o}n
7.173529e-09 5.844468e-04 5.800406e-09 5.793685e-09 6.406086e-09 5.730602e-09 5.740471e-09 5.871932e-09 6.578882e-09 5.688225e-09 5.998740e-09 5.896167e-09 5.837653e-09 5.753682e-09 5.753682e-09 5.688225e-09 5.743768e-09 5.707705e-09 5.688225e-09 5.684991e-09 5.681761e-09 5.678535e-09 5.707705e-09 5.684991e-09 5.678535e-09 5.681761e-09 0.000000e+00 dinámica
7.173529e-09 8.968520e-09 5.800406e-09 5.793685e-09 6.406086e-09 5.730602e-09 5.740471e-09 5.871932e-09 6.578882e-09 5.688225e-09 5.998740e-09 5.896167e-09 5.837653e-09 5.753682e-09 5.753682e-09 5.688225e-09 6.262975e-02 5.707705e-09 5.688225e-09 5.684991e-09 5.681761e-09 5.678535e-09 5.707705e-09 5.684991e-09 5.678535e-09 5.681761e-09 0.000000e+00 Valencia
7.541275e-04 8.968520e-09 5.800406e-09 5.793685e-09 6.406086e-09 5.730602e-09 5.740471e-09 5.871932e-09 6.578882e-09 5.688225e-09 5.998740e-09 5.896167e-09 5.837653e-09 5.753682e-09 5.753682e-09 5.688225e-09 5.743768e-09 5.707705e-09 5.688225e-09 5.684991e-09 5.681761e-09 5.678535e-09 5.707705e-09 5.684991e-09 5.678535e-09 5.681761e-09 0.000000e+00 McRoy
7.173529e-09 5.844468e-04 5.800406e-09 5.793685e-09 6.406086e-09 5.730602e-09 5.740471e-09 5.871932e-09 6.578882e-09 5.688225e-09 5.998740e-09 5.896167e-09 5.837653e-09 5.753682e-09 5.753682e-09 5.688225e-09 5.743768e-09 5.707705e-09 5.688225e-09 5.684991e-09 5.681761e-09 5.678535e-09 5.707705e-09 5.684991e-09 5.678535e-09 5.681761e-09 0.000000e+00 Multiple
7.173529e-09 5.844468e-04 5.800406e-09 5.793685e-09 6.406086e-09 5.730602e-09 5.740471e-09 5.871932e-09 6.578882e-09 5.688225e-09 5.998740e-09 5.896167e-09 5.837653e-09 5.753682e-09 5.753682e-09 5.688225e-09 5.743768e-09 5.707705e-09 5.688225e-09 5.684991e-09 5.681761e-09 5.678535e-09 5.707705e-09 5.684991e-09 5.678535e-09 5.681761e-09 0.000000e+00 Knowledge
7.173529e-09 5.844468e-04 5.800406e-09 5.793685e-09 6.406086e-09 5.730602e-09 5.740471e-09 5.871932e-09 6.578882e-09 5.688225e-09 5.998740e-09 5.896167e-09 5.837653e-09 5.753682e-09 5.753682e-09 5.688225e-09 5.743768e-09 5.707705e-09 5.688225e-09 5.684991e-09 5.681761e-09 5.678535e-09 5.707705e-09 5.684991e-09 5.678535e-09 5.681761e-09 0.000000e+00 Sources
7.173529e-09 5.844468e-04 5.800406e-09 5.793685e-09 6.406086e-09 5.730602e-09 5.740471e-09 5.871932e-09 6.578882e-09 5.688225e-09 5.998740e-09 5.896167e-09 5.837653e-09 5.753682e-09 5.753682e-09 5.688225e-09 5.743768e-09 5.707705e-09 5.688225e-09 5.684991e-09 5.681761e-09 5.678535e-09 5.707705e-09 5.684991e-09 5.678535e-09 5.681761e-09 0.000000e+00 Discrimination
7.173529e-09 5.844468e-04 5.800406e-09 5.793685e-09 6.406086e-09 5.730602e-09 5.740471e-09 5.871932e-09 6.578882e-09 5.688225e-09 5.998740e-09 5.896167e-09 5.837653e-09 5.753682e-09 5.753682e-09 5.688225e-09 5.743768e-09 5.707705e-09 5.688225e-09 5.684991e-09 5.681761e-09 5.678535e-09 5.707705e-09 5.684991e-09 5.678535e-09 5.681761e-09 0.000000e+00 Self-Training
7.173529e-09 8.968520e-09 5.800406e-09 5.793685e-09 1.142065e-03 5.730602e-09 5.740471e-09 5.871932e-09 6.578882e-09 5.688225e-09 5.998740e-09 5.896167e-09 5.837653e-09 5.753682e-09 5.753682e-09 5.688225e-09 5.743768e-09 5.707705e-09 5.688225e-09 5.684991e-09 5.681761e-09 5.678535e-09 5.707705e-09 5.684991e-09 5.678535e-09 5.681761e-09 0.000000e+00 21st
7.173529e-09 8.968520e-09 5.800406e-09 5.793685e-09 1.142065e-03 5.730602e-09 5.740471e-09 5.871932e-09 6.578882e-09 5.688225e-09 5.998740e-09 5.896167e-09 5.837653e-09 5.753682e-09 5.753682e-09 5.688225e-09 5.743768e-09 5.707705e-09 5.688225e-09 5.684991e-09 5.681761e-09 5.678535e-09 5.707705e-09 5.684991e-09 5.678535e-09 5.681761e-09 0.000000e+00 44th
7.173529e-09 8.968520e-09 5.800406e-09 5.793685e-09 1.142065e-03 5.730602e-09 5.740471e-09 5.871932e-09 6.578882e-09 5.688225e-09 5.998740e-09 5.896167e-09 5.837653e-09 5.753682e-09 5.753682e-09 5.688225e-09 5.743768e-09 5.707705e-09 5.688225e-09 5.684991e-09 5.681761e-09 5.678535e-09 5.707705e-09 5.684991e-09 5.678535e-09 5.681761e-09 0.000000e+00 (ACL'06)
7.173529e-09 8.968520e-09 5.800406e-09 5.793685e-09 6.406086e-09 5.730602e-09 5.740471e-09 5.871932e-09 6.578882e-09 5.688225e-09 7.250385e-03 5.896167e-09 5.837653e-09 5.753682e-09 5.753682e-09 5.688225e-09 5.743768e-09 5.707705e-09 5.688225e-09 5.684991e-09 5.681761e-09 5.678535e-09 5.707705e-09 5.684991e-09 5.678535e-09 5.681761e-09 0.000000e+00 Sydney
7.173529e-09 8.968520e-09 5.800406e-09 5.793685e-09 6.406086e-09 5.730602e-09 5.740471e-09 5.871932e-09 3.307013e-03 5.688225e-09 5.998740e-09 5.896167e-09 5.837653e-09 5.753682e-09 5.753682e-09 5.688225e-09 5.743768e-09 5.707705e-09 5.688225e-09 5.684991e-09 5.681761e-09 5.678535e-09 5.707705e-09 5.684991e-09 5.678535e-09 5.681761e-09 0.000000e+00 337
1.508255e-03 8.968520e-09 5.800406e-09 5.793685e-09 6.406086e-09 5.730602e-09 5.740471e-09 5.871932e-09 6.578882e-09 5.688225e-09 5.998740e-09 5.896167e-09 5.837653e-09 5.753682e-09 5.753682e-09 5.688225e-09 5.743768e-09 5.707705e-09 5.688225e-09 5.684991e-09 5.681761e-09 5.678535e-09 5.707705e-09 5.684991e-09 5.678535e-09 5.681761e-09 0.000000e+00 Merhav
7.173529e-09 1.168894e-03 5.800406e-09 5.793685e-09 6.406086e-09 5.730602e-09 5.740471e-09 5.871932e-09 6.578882e-09 5.688225e-09 5.998740e-09 5.896167e-09 5.837653e-09 5.753682e-09 5.753682e-09 5.688225e-09 5.743768e-09 5.707705e-09 5.688225e-09 5.684991e-09 5.681761e-09 5.678535e-09 5.707705e-09 5.684991e-09 5.678535e-09 5.681761e-09 0.000000e+00 dominant
7.173529e-09 1.753341e-03 5.800406e-09 5.793685e-09 6.406086e-09 5.730602e-09 5.740471e-09 5.871932e-09 6.578882e-09 5.688225e-09 5.998740e-09 5.896167e-09 5.837653e-09 5.753682e-09 5.753682e-09 5.688225e-09 5.743768e-09 5.707705e-09 5.688225e-09 5.684991e-09 5.681761e-09 5.678535e-09 5.707705e-09 5.684991e-09 5.678535e-09 5.681761e-09 0.000000e+00 Sequence
7.173529e-09 5.844468e-04 5.800406e-09 5.793685e-09 6.406086e-09 5.730602e-09 5.740471e-09 5.871932e-09 6.578882e-09 5.688225e-09 5.998740e-09 5.896167e-09 5.837653e-09 5.753682e-09 5.753682e-09 5.688225e-09 5.743768e-09 5.707705e-09 5.688225e-09 5.684991e-09 5.681761e-09 5.678535e-09 5.707705e-09 5.684991e-09 5.678535e-09 5.681761e-09 0.000000e+00 States
7.173529e-09 8.968520e-09 5.800406e-09 5.793685e-09 6.406086e-09 5.730602e-09 5.740471e-09 5.871932e-09 3.307013e-03 5.688225e-09 5.998740e-09 5.896167e-09 5.837653e-09 5.753682e-09 5.753682e-09 5.688225e-09 5.743768e-09 5.707705e-09 5.688225e-09 5.684991e-09 5.681761e-09 5.678535e-09 5.707705e-09 5.684991e-09 5.678535e-09 5.681761e-09 0.000000e+00 2111
7.173529e-09 8.968520e-09 5.800406e-09 5.793685e-09 6.406086e-09 5.730602e-09 5.740471e-09 5.871932e-09 3.307013e-03 5.688225e-09 5.998740e-09 5.896167e-09 5.837653e-09 5.753682e-09 5.753682e-09 5.688225e-09 5.743768e-09 5.707705e-09 5.688225e-09 5.684991e-09 5.681761e-09 5.678535e-09 5.707705e-09 5.684991e-09 5.678535e-09 5.681761e-09 0.000000e+00 2115
7.173529e-09 5.844468e-04 5.800406e-09 5.793685e-09 6.406086e-09 5.730602e-09 5.740471e-09 5.871932e-09 6.578882e-09 5.688225e-09 5.998740e-09 5.896167e-09 5.837653e-09 5.753682e-09 5.753682e-09 5.688225e-09 5.743768e-09 5.707705e-09 5.688225e-09 5.684991e-09 5.681761e-09 5.678535e-09 5.707705e-09 5.684991e-09 5.678535e-09 5.681761e-09 0.000000e+00 State
7.173529e-09 1.168894e-03 5.800406e-09 5.793685e-09 6.406086e-09 5.730602e-09 5.740471e-09 5.871932e-09 6.578882e-09 5.688225e-09 5.998740e-09 5.896167e-09 5.837653e-09 5.753682e-09 5.753682e-09 5.688225e-09 5.743768e-09 5.707705e-09 5.688225e-09 5.684991e-09 5.681761e-09 5.678535e-09 5.707705e-09 5.684991e-09 5.678535e-09 5.681761e-09 0.000000e+00 Application
7.173529e-09 8.968520e-09 5.800406e-09 5.793685e-09 6.406086e-09 5.730602e-09 5.740471e-09 5.871932e-09 3.307013e-03 5.688225e-09 5.998740e-09 5.896167e-09 5.837653e-09 5.753682e-09 5.753682e-09 5.688225e-09 5.743768e-09 5.707705e-09 5.688225e-09 5.684991e-09 5.681761e-09 5.678535e-09 5.707705e-09 5.684991e-09 5.678535e-09 5.681761e-09 0.000000e+00 327
7.173529e-09 8.968520e-09 5.800406e-09 5.793685e-09 6.406086e-09 5.730602e-09 5.740471e-09 5.871932e-09 3.307013e-03 5.688225e-09 5.998740e-09 5.896167e-09 5.837653e-09 5.753682e-09 5.753682e-09 5.688225e-09 5.743768e-09 5.707705e-09 5.688225e-09 5.684991e-09 5.681761e-09 5.678535e-09 5.707705e-09 5.684991e-09 5.678535e-09 5.681761e-09 0.000000e+00 339
7.541275e-04 8.968520e-09 5.800406e-09 5.793685e-09 6.406086e-09 5.730602e-09 5.740471e-09 5.871932e-09 6.578882e-09 5.688225e-09 5.998740e-09 5.896167e-09 5.837653e-09 5.753682e-09 5.753682e-09 5.688225e-09 5.743768e-09 5.707705e-09 5.688225e-09 5.684991e-09 5.681761e-09 5.678535e-09 5.707705e-09 5.684991e-09 5.678535e-09 5.681761e-09 0.000000e+00 Merialdo
7.173529e-09 5.844468e-04 5.800406e-09 5.793685e-09 6.406086e-09 5.730602e-09 5.740471e-09 5.871932e-09 6.578882e-09 5.688225e-09 5.998740e-09 5.896167e-09 5.837653e-09 5.753682e-09 5.753682e-09 5.688225e-09 5.743768e-09 5.707705e-09 5.688225e-09 5.684991e-09 5.681761e-09 5.678535e-09 5.707705e-09 5.684991e-09 5.678535e-09 5.681761e-09 0.000000e+00 Locality
7.173529e-09 5.844468e-04 5.800406e-09 5.793685e-09 6.406086e-09 5.730602e-09 5.740471e-09 5.871932e-09 6.578882e-09 5.688225e-09 5.998740e-09 5.896167e-09 5.837653e-09 5.753682e-09 5.753682e-09 5.688225e-09 5.743768e-09 5.707705e-09 5.688225e-09 5.684991e-09 5.681761e-09 5.678535e-09 5.707705e-09 5.684991e-09 5.678535e-09 5.681761e-09 0.000000e+00 Forward-Backward
7.541275e-04 8.968520e-09 5.800406e-09 5.793685e-09 6.406086e-09 5.730602e-09 5.740471e-09 5.871932e-09 6.578882e-09 5.688225e-09 5.998740e-09 5.896167e-09 5.837653e-09 5.753682e-09 5.753682e-09 5.688225e-09 5.743768e-09 5.707705e-09 5.688225e-09 5.684991e-09 5.681761e-09 5.678535e-09 5.707705e-09 5.684991e-09 5.678535e-09 5.681761e-09 0.000000e+00 T.K.
7.541275e-04 8.968520e-09 5.800406e-09 5.793685e-09 6.406086e-09 5.730602e-09 5.740471e-09 5.871932e-09 6.578882e-09 5.688225e-09 5.998740e-09 5.896167e-09 5.837653e-09 5.753682e-09 5.753682e-09 5.688225e-09 5.743768e-09 5.707705e-09 5.688225e-09 5.684991e-09 5.681761e-09 5.678535e-09 5.707705e-09 5.684991e-09 5.678535e-09 5.681761e-09 0.000000e+00 Moon
7.173529e-09 5.844468e-04 5.800406e-09 5.793685e-09 6.406086e-09 5.730602e-09 5.740471e-09 5.871932e-09 6.578882e-09 5.688225e-09 5.998740e-09 5.896167e-09 5.837653e-09 5.753682e-09 5.753682e-09 5.688225e-09 5.743768e-09 5.707705e-09 5.688225e-09 5.684991e-09 5.681761e-09 5.678535e-09 5.707705e-09 5.684991e-09 5.678535e-09 5.681761e-09 0.000000e+00 expectation-maximization
7.173529e-09 8.968520e-09 5.800406e-09 5.793685e-09 6.406086e-09 5.730602e-09 5.740471e-09 5.871932e-09 6.578882e-09 5.688225e-09 5.998740e-09 3.145295e-03 5.837653e-09 5.753682e-09 5.753682e-09 5.688225e-09 5.743768e-09 5.707705e-09 5.688225e-09 5.684991e-09 5.681761e-09 5.678535e-09 5.707705e-09 5.684991e-09 5.678535e-09 5.681761e-09 0.000000e+00 Magazine
7.173529e-09 8.968520e-09 5.800406e-09 5.793685e-09 6.406086e-09 5.730602e-09 1.471587e-02 5.871932e-09 6.578882e-09 5.688225e-09 5.998740e-09 5.896167e-09 5.837653e-09 5.753682e-09 5.753682e-09 5.688225e-09 5.743768e-09 5.707705e-09 5.688225e-09 5.684991e-09 5.681761e-09 5.678535e-09 5.707705e-09 5.684991e-09 5.678535e-09 5.681761e-09 0.000000e+00 November
7.541275e-04 8.968520e-09 5.800406e-09 5.793685e-09 6.406086e-09 5.730602e-09 5.740471e-09 5.871932e-09 6.578882e-09 5.688225e-09 5.998740e-09 5.896167e-09 5.837653e-09 5.753682e-09 5.753682e-09 5.688225e-09 5.743768e-09 5.707705e-09 5.688225e-09 5.684991e-09 5.681761e-09 5.678535e-09 5.707705e-09 5.684991e-09 5.678535e-09 5.681761e-09 0.000000e+00 NIST
7.173529e-09 5.844468e-04 5.800406e-09 5.793685e-09 6.406086e-09 5.730602e-09 5.740471e-09 5.871932e-09 6.578882e-09 5.688225e-09 5.998740e-09 5.896167e-09 5.837653e-09 5.753682e-09 5.753682e-09 5.688225e-09 5.743768e-09 5.707705e-09 5.688225e-09 5.684991e-09 5.681761e-09 5.678535e-09 5.707705e-09 5.684991e-09 5.678535e-09 5.681761e-09 0.000000e+00 Standards
7.173529e-09 5.751369e-04 5.800406e-09 5.793685e-09 2.302323e-03 5.730602e-09 5.740471e-09 5.871932e-09 6.578882e-09 5.688225e-09 5.998740e-09 5.896167e-09 5.837653e-09 5.753682e-09 5.753682e-09 5.688225e-09 5.743768e-09 5.707705e-09 5.688225e-09 5.684991e-09 5.681761e-09 5.678535e-09 5.707705e-09 5.684991e-09 5.678535e-09 5.681761e-09 0.000000e+00 Technology
7.173529e-09 5.844468e-04 5.800406e-09 5.793685e-09 6.406086e-09 5.730602e-09 5.740471e-09 5.871932e-09 6.578882e-09 5.688225e-09 5.998740e-09 5.896167e-09 5.837653e-09 5.753682e-09 5.753682e-09 5.688225e-09 5.743768e-09 5.707705e-09 5.688225e-09 5.684991e-09 5.681761e-09 5.678535e-09 5.707705e-09 5.684991e-09 5.678535e-09 5.681761e-09 0.000000e+00 http://www.nist.gov/speech/tests/mt/mt2001/resource/
7.173529e-09 5.844468e-04 5.800406e-09 5.793685e-09 6.406086e-09 5.730602e-09 5.740471e-09 5.871932e-09 6.578882e-09 5.688225e-09 5.998740e-09 5.896167e-09 5.837653e-09 5.753682e-09 5.753682e-09 5.688225e-09 5.743768e-09 5.707705e-09 5.688225e-09 5.684991e-09 5.681761e-09 5.678535e-09 5.707705e-09 5.684991e-09 5.678535e-09 5.681761e-09 0.000000e+00 Techniques
7.173529e-09 5.844468e-04 5.800406e-09 5.793685e-09 6.406086e-09 5.730602e-09 5.740471e-09 5.871932e-09 6.578882e-09 5.688225e-09 5.998740e-09 5.896167e-09 5.837653e-09 5.753682e-09 5.753682e-09 5.688225e-09 5.743768e-09 5.707705e-09 5.688225e-09 5.684991e-09 5.681761e-09 5.678535e-09 5.707705e-09 5.684991e-09 5.678535e-09 5.681761e-09 0.000000e+00 Learn
7.173529e-09 8.968520e-09 5.800406e-09 5.793685e-09 1.142065e-03 5.730602e-09 5.740471e-09 5.871932e-09 6.578882e-09 5.688225e-09 5.998740e-09 5.896167e-09 5.837653e-09 5.753682e-09 5.753682e-09 5.688225e-09 5.743768e-09 5.707705e-09 5.688225e-09 5.684991e-09 5.681761e-09 5.678535e-09 5.707705e-09 5.684991e-09 5.678535e-09 5.681761e-09 0.000000e+00 1891
7.173529e-09 8.968520e-09 5.800406e-09 5.793685e-09 6.406086e-09 5.730602e-09 5.740471e-09 6.846268e-03 6.578882e-09 5.688225e-09 5.998740e-09 5.896167e-09 5.837653e-09 5.753682e-09 5.753682e-09 5.688225e-09 5.743768e-09 5.707705e-09 5.688225e-09 5.684991e-09 5.681761e-09 5.678535e-09 5.707705e-09 5.684991e-09 5.678535e-09 5.681761e-09 0.000000e+00 Arlindo
7.173529e-09 8.968520e-09 5.800406e-09 5.793685e-09 6.406086e-09 5.730602e-09 5.740471e-09 6.846268e-03 6.578882e-09 5.688225e-09 5.998740e-09 5.896167e-09 5.837653e-09 5.753682e-09 5.753682e-09 5.688225e-09 5.743768e-09 5.707705e-09 5.688225e-09 5.684991e-09 5.681761e-09 5.678535e-09 5.707705e-09 5.684991e-09 5.678535e-09 5.681761e-09 0.000000e+00 Oliveira
7.173529e-09 8.968520e-09 5.800406e-09 5.793685e-09 6.406086e-09 5.730602e-09 5.740471e-09 5.871932e-09 3.307013e-03 5.688225e-09 5.998740e-09 5.896167e-09 5.837653e-09 5.753682e-09 5.753682e-09 5.688225e-09 5.743768e-09 5.707705e-09 5.688225e-09 5.684991e-09 5.681761e-09 5.678535e-09 5.707705e-09 5.684991e-09 5.678535e-09 5.681761e-09 0.000000e+00 196
7.173529e-09 8.968520e-09 5.800406e-09 5.793685e-09 6.406086e-09 5.730602e-09 5.740471e-09 5.871932e-09 3.307013e-03 5.688225e-09 5.998740e-09 5.896167e-09 5.837653e-09 5.753682e-09 5.753682e-09 5.688225e-09 5.743768e-09 5.707705e-09 5.688225e-09 5.684991e-09 5.681761e-09 5.678535e-09 5.707705e-09 5.684991e-09 5.678535e-09 5.681761e-09 0.000000e+00 206
7.173529e-09 5.844468e-04 5.800406e-09 5.793685e-09 6.406086e-09 5.730602e-09 5.740471e-09 5.871932e-09 6.578882e-09 5.688225e-09 5.998740e-09 5.896167e-09 5.837653e-09 5.753682e-09 5.753682e-09 5.688225e-09 5.743768e-09 5.707705e-09 5.688225e-09 5.684991e-09 5.681761e-09 5.678535e-09 5.707705e-09 5.684991e-09 5.678535e-09 5.681761e-09 0.000000e+00 Lexical
7.173529e-09 5.844468e-04 5.800406e-09 5.793685e-09 6.406086e-09 5.730602e-09 5.740471e-09 5.871932e-09 6.578882e-09 5.688225e-09 5.998740e-09 5.896167e-09 5.837653e-09 5.753682e-09 5.753682e-09 5.688225e-09 5.743768e-09 5.707705e-09 5.688225e-09 5.684991e-09 5.681761e-09 5.678535e-09 5.707705e-09 5.684991e-09 5.678535e-09 5.681761e-09 0.000000e+00 decoding
7.173529e-09 5.844468e-04 5.800406e-09 5.793685e-09 6.406086e-09 5.730602e-09 5.740471e-09 5.871932e-09 6.578882e-09 5.688225e-09 5.998740e-09 5.896167e-09 5.837653e-09 5.753682e-09 5.753682e-09 5.688225e-09 5.743768e-09 5.707705e-09 5.688225e-09 5.684991e-09 5.681761e-09 5.678535e-09 5.707705e-09 5.684991e-09 5.678535e-09 5.681761e-09 0.000000e+00 combination
7.173529e-09 5.844468e-04 5.800406e-09 5.793685e-09 6.406086e-09 5.730602e-09 5.740471e-09 5.871932e-09 6.578882e-09 5.688225e-09 5.998740e-09 5.896167e-09 5.837653e-09 5.753682e-09 5.753682e-09 5.688225e-09 5.743768e-09 5.707705e-09 5.688225e-09 5.684991e-09 5.681761e-09 5.678535e-09 5.707705e-09 5.684991e-09 5.678535e-09 5.681761e-09 0.000000e+00 word-category
7.173529e-09 5.844468e-04 5.800406e-09 5.793685e-09 6.406086e-09 5.730602e-09 5.740471e-09 5.871932e-09 6.578882e-09 5.688225e-09 5.998740e-09 5.896167e-09 5.837653e-09 5.753682e-09 5.753682e-09 5.688225e-09 5.743768e-09 5.707705e-09 5.688225e-09 5.684991e-09 5.681761e-09 5.678535e-09 5.707705e-09 5.684991e-09 5.678535e-09 5.681761e-09 0.000000e+00 distribution
7.173529e-09 8.968520e-09 5.800406e-09 5.793685e-09 6.406086e-09 5.730602e-09 5.740471e-09 6.846268e-03 6.578882e-09 5.688225e-09 5.998740e-09 5.896167e-09 5.837653e-09 5.753682e-09 5.753682e-09 5.688225e-09 5.743768e-09 5.707705e-09 5.688225e-09 5.684991e-09 5.681761e-09 5.678535e-09 5.707705e-09 5.684991e-09 5.678535e-09 5.681761e-09 0.000000e+00 J.S.
7.173529e-09 8.968520e-09 5.800406e-09 5.793685e-09 6.406086e-09 5.730602e-09 5.740471e-09 6.846268e-03 6.578882e-09 5.688225e-09 5.998740e-09 5.896167e-09 5.837653e-09 5.753682e-09 5.753682e-09 5.688225e-09 5.743768e-09 5.707705e-09 5.688225e-09 5.684991e-09 5.681761e-09 5.678535e-09 5.707705e-09 5.684991e-09 5.678535e-09 5.681761e-09 0.000000e+00 Pla
7.173529e-09 8.968520e-09 5.800406e-09 5.793685e-09 6.406086e-09 5.730602e-09 5.740471e-09 5.871932e-09 3.307013e-03 5.688225e-09 5.998740e-09 5.896167e-09 5.837653e-09 5.753682e-09 5.753682e-09 5.688225e-09 5.743768e-09 5.707705e-09 5.688225e-09 5.684991e-09 5.681761e-09 5.678535e-09 5.707705e-09 5.684991e-09 5.678535e-09 5.681761e-09 0.000000e+00 188
7.173529e-09 8.968520e-09 5.800406e-09 5.793685e-09 6.406086e-09 5.730602e-09 5.740471e-09 5.871932e-09 6.578882e-09 5.688225e-09 7.250385e-03 5.896167e-09 5.837653e-09 5.753682e-09 5.753682e-09 5.688225e-09 5.743768e-09 5.707705e-09 5.688225e-09 5.684991e-09 5.681761e-09 5.678535e-09 5.707705e-09 5.684991e-09 5.678535e-09 5.681761e-09 0.000000e+00 Castelló
2.262383e-03 8.968520e-09 5.800406e-09 5.793685e-09 6.406086e-09 5.730602e-09 5.740471e-09 5.871932e-09 6.578882e-09 5.688225e-09 5.998740e-09 5.896167e-09 5.837653e-09 5.753682e-09 5.753682e-09 5.688225e-09 5.743768e-09 5.707705e-09 5.688225e-09 5.684991e-09 5.681761e-09 5.678535e-09 5.707705e-09 5.684991e-09 5.678535e-09 5.681761e-09 0.000000e+00 {\uppercase{n}}ey
7.173529e-09 5.844468e-04 5.800406e-09 5.793685e-09 6.406086e-09 5.730602e-09 5.740471e-09 5.871932e-09 6.578882e-09 5.688225e-09 5.998740e-09 5.896167e-09 5.837653e-09 5.753682e-09 5.753682e-09 5.688225e-09 5.743768e-09 5.707705e-09 5.688225e-09 5.684991e-09 5.681761e-09 5.678535e-09 5.707705e-09 5.684991e-09 5.678535e-09 5.681761e-09 0.000000e+00 Dynamic
7.173529e-09 5.844468e-04 5.800406e-09 5.793685e-09 6.406086e-09 5.730602e-09 5.740471e-09 5.871932e-09 6.578882e-09 5.688225e-09 5.998740e-09 5.896167e-09 5.837653e-09 5.753682e-09 5.753682e-09 5.688225e-09 5.743768e-09 5.707705e-09 5.688225e-09 5.684991e-09 5.681761e-09 5.678535e-09 5.707705e-09 5.684991e-09 5.678535e-09 5.681761e-09 0.000000e+00 Programing
7.173529e-09 5.844468e-04 5.800406e-09 5.793685e-09 6.406086e-09 5.730602e-09 5.740471e-09 5.871932e-09 6.578882e-09 5.688225e-09 5.998740e-09 5.896167e-09 5.837653e-09 5.753682e-09 5.753682e-09 5.688225e-09 5.743768e-09 5.707705e-09 5.688225e-09 5.684991e-09 5.681761e-09 5.678535e-09 5.707705e-09 5.684991e-09 5.678535e-09 5.681761e-09 0.000000e+00 Continous
7.173529e-09 8.968520e-09 5.800406e-09 5.793685e-09 6.406086e-09 5.730602e-09 2.943174e-02 5.871932e-09 6.578882e-09 5.688225e-09 5.998740e-09 5.896167e-09 5.837653e-09 5.753682e-09 5.753682e-09 5.688225e-09 5.743768e-09 5.707705e-09 5.688225e-09 5.684991e-09 5.681761e-09 5.678535e-09 5.707705e-09 5.684991e-09 5.678535e-09 5.681761e-09 0.000000e+00 February
7.173529e-09 8.968520e-09 5.800406e-09 5.793685e-09 6.406086e-09 5.730602e-09 5.740471e-09 5.871932e-09 3.307013e-03 5.688225e-09 5.998740e-09 5.896167e-09 5.837653e-09 5.753682e-09 5.753682e-09 5.688225e-09 5.743768e-09 5.707705e-09 5.688225e-09 5.684991e-09 5.681761e-09 5.678535e-09 5.707705e-09 5.684991e-09 5.678535e-09 5.681761e-09 0.000000e+00 336
7.173529e-09 8.968520e-09 5.800406e-09 5.793685e-09 6.406086e-09 5.730602e-09 5.740471e-09 5.871932e-09 3.307013e-03 5.688225e-09 5.998740e-09 5.896167e-09 5.837653e-09 5.753682e-09 5.753682e-09 5.688225e-09 5.743768e-09 5.707705e-09 5.688225e-09 5.684991e-09 5.681761e-09 5.678535e-09 5.707705e-09 5.684991e-09 5.678535e-09 5.681761e-09 0.000000e+00 340
7.173529e-09 8.968520e-09 5.800406e-09 5.793685e-09 6.406086e-09 5.730602e-09 5.740471e-09 5.871932e-09 3.307013e-03 5.688225e-09 5.998740e-09 5.896167e-09 5.837653e-09 5.753682e-09 5.753682e-09 5.688225e-09 5.743768e-09 5.707705e-09 5.688225e-09 5.684991e-09 5.681761e-09 5.678535e-09 5.707705e-09 5.684991e-09 5.678535e-09 5.681761e-09 0.000000e+00 319
7.541275e-04 8.968520e-09 5.800406e-09 5.793685e-09 6.406086e-09 5.730602e-09 5.740471e-09 5.871932e-09 6.578882e-09 5.688225e-09 5.998740e-09 5.896167e-09 5.837653e-09 5.753682e-09 5.753682e-09 5.688225e-09 5.743768e-09 5.707705e-09 5.688225e-09 5.684991e-09 5.681761e-09 5.678535e-09 5.707705e-09 5.684991e-09 5.678535e-09 5.681761e-09 0.000000e+00 U.
7.541275e-04 8.968520e-09 5.800406e-09 5.793685e-09 6.406086e-09 5.730602e-09 5.740471e-09 5.871932e-09 6.578882e-09 5.688225e-09 5.998740e-09 5.896167e-09 5.837653e-09 5.753682e-09 5.753682e-09 5.688225e-09 5.743768e-09 5.707705e-09 5.688225e-09 5.684991e-09 5.681761e-09 5.678535e-09 5.707705e-09 5.684991e-09 5.678535e-09 5.681761e-09 0.000000e+00 Essen
7.173529e-09 5.844468e-04 5.800406e-09 5.793685e-09 6.406086e-09 5.730602e-09 5.740471e-09 5.871932e-09 6.578882e-09 5.688225e-09 5.998740e-09 5.896167e-09 5.837653e-09 5.753682e-09 5.753682e-09 5.688225e-09 5.743768e-09 5.707705e-09 5.688225e-09 5.684991e-09 5.681761e-09 5.678535e-09 5.707705e-09 5.684991e-09 5.678535e-09 5.681761e-09 0.000000e+00 Structuring
7.173529e-09 5.844468e-04 5.800406e-09 5.793685e-09 6.406086e-09 5.730602e-09 5.740471e-09 5.871932e-09 6.578882e-09 5.688225e-09 5.998740e-09 5.896167e-09 5.837653e-09 5.753682e-09 5.753682e-09 5.688225e-09 5.743768e-09 5.707705e-09 5.688225e-09 5.684991e-09 5.681761e-09 5.678535e-09 5.707705e-09 5.684991e-09 5.678535e-09 5.681761e-09 0.000000e+00 Dependences
7.541275e-04 8.968520e-09 5.800406e-09 5.793685e-09 6.406086e-09 5.730602e-09 5.740471e-09 5.871932e-09 6.578882e-09 5.688225e-09 5.998740e-09 5.896167e-09 5.837653e-09 5.753682e-09 5.753682e-09 5.688225e-09 5.743768e-09 5.707705e-09 5.688225e-09 5.684991e-09 5.681761e-09 5.678535e-09 5.707705e-09 5.684991e-09 5.678535e-09 5.681761e-09 0.000000e+00 T.R.
7.541275e-04 8.968520e-09 5.800406e-09 5.793685e-09 6.406086e-09 5.730602e-09 5.740471e-09 5.871932e-09 6.578882e-09 5.688225e-09 5.998740e-09 5.896167e-09 5.837653e-09 5.753682e-09 5.753682e-09 5.688225e-09 5.743768e-09 5.707705e-09 5.688225e-09 5.684991e-09 5.681761e-09 5.678535e-09 5.707705e-09 5.684991e-09 5.678535e-09 5.681761e-09 0.000000e+00 Niesler
7.541275e-04 8.968520e-09 5.800406e-09 5.793685e-09 6.406086e-09 5.730602e-09 5.740471e-09 5.871932e-09 6.578882e-09 5.688225e-09 5.998740e-09 5.896167e-09 5.837653e-09 5.753682e-09 5.753682e-09 5.688225e-09 5.743768e-09 5.707705e-09 5.688225e-09 5.684991e-09 5.681761e-09 5.678535e-09 5.707705e-09 5.684991e-09 5.678535e-09 5.681761e-09 0.000000e+00 P.C.
7.541275e-04 8.968520e-09 5.800406e-09 5.793685e-09 6.406086e-09 5.730602e-09 5.740471e-09 5.871932e-09 6.578882e-09 5.688225e-09 5.998740e-09 5.896167e-09 5.837653e-09 5.753682e-09 5.753682e-09 5.688225e-09 5.743768e-09 5.707705e-09 5.688225e-09 5.684991e-09 5.681761e-09 5.678535e-09 5.707705e-09 5.684991e-09 5.678535e-09 5.681761e-09 0.000000e+00 Woodland
7.173529e-09 8.968520e-09 5.800406e-09 5.793685e-09 6.406086e-09 5.730602e-09 5.740471e-09 5.871932e-09 3.307013e-03 5.688225e-09 5.998740e-09 5.896167e-09 5.837653e-09 5.753682e-09 5.753682e-09 5.688225e-09 5.743768e-09 5.707705e-09 5.688225e-09 5.684991e-09 5.681761e-09 5.678535e-09 5.707705e-09 5.684991e-09 5.678535e-09 5.681761e-09 0.000000e+00 1779
7.173529e-09 8.968520e-09 5.800406e-09 5.793685e-09 6.406086e-09 5.730602e-09 5.740471e-09 5.871932e-09 3.307013e-03 5.688225e-09 5.998740e-09 5.896167e-09 5.837653e-09 5.753682e-09 5.753682e-09 5.688225e-09 5.743768e-09 5.707705e-09 5.688225e-09 5.684991e-09 5.681761e-09 5.678535e-09 5.707705e-09 5.684991e-09 5.678535e-09 5.681761e-09 0.000000e+00 1782
7.541275e-04 8.968520e-09 5.800406e-09 5.793685e-09 6.406086e-09 5.730602e-09 5.740471e-09 5.871932e-09 6.578882e-09 5.688225e-09 5.998740e-09 5.896167e-09 5.837653e-09 5.753682e-09 5.753682e-09 5.688225e-09 5.743768e-09 5.707705e-09 5.688225e-09 5.684991e-09 5.681761e-09 5.678535e-09 5.707705e-09 5.684991e-09 5.678535e-09 5.681761e-09 0.000000e+00 Nie{\ss}en
7.173529e-09 5.844468e-04 5.800406e-09 5.793685e-09 6.406086e-09 5.730602e-09 5.740471e-09 5.871932e-09 6.578882e-09 5.688225e-09 5.998740e-09 5.896167e-09 5.837653e-09 5.753682e-09 5.753682e-09 5.688225e-09 5.743768e-09 5.707705e-09 5.688225e-09 5.684991e-09 5.681761e-09 5.678535e-09 5.707705e-09 5.684991e-09 5.678535e-09 5.681761e-09 0.000000e+00 Scarce
7.173529e-09 5.844468e-04 5.800406e-09 5.793685e-09 6.406086e-09 5.730602e-09 5.740471e-09 5.871932e-09 6.578882e-09 5.688225e-09 5.998740e-09 5.896167e-09 5.837653e-09 5.753682e-09 5.753682e-09 5.688225e-09 5.743768e-09 5.707705e-09 5.688225e-09 5.684991e-09 5.681761e-09 5.678535e-09 5.707705e-09 5.684991e-09 5.678535e-09 5.681761e-09 0.000000e+00 Resources
7.173529e-09 8.968520e-09 5.800406e-09 5.793685e-09 6.406086e-09 5.730602e-09 5.740471e-09 5.871932e-09 6.614026e-03 5.688225e-09 5.998740e-09 5.896167e-09 5.837653e-09 5.753682e-09 5.753682e-09 5.688225e-09 5.743768e-09 5.707705e-09 5.688225e-09 5.684991e-09 5.681761e-09 5.678535e-09 5.707705e-09 5.684991e-09 5.678535e-09 5.681761e-09 0.000000e+00 181
7.173529e-09 8.968520e-09 5.800406e-09 5.793685e-09 6.406086e-09 5.730602e-09 5.740471e-09 5.871932e-09 3.307013e-03 5.688225e-09 5.998740e-09 5.896167e-09 5.837653e-09 5.753682e-09 5.753682e-09 5.688225e-09 5.743768e-09 5.707705e-09 5.688225e-09 5.684991e-09 5.681761e-09 5.678535e-09 5.707705e-09 5.684991e-09 5.678535e-09 5.681761e-09 0.000000e+00 204
7.541275e-03 8.968520e-09 5.800406e-09 5.793685e-09 6.406086e-09 5.730602e-09 5.740471e-09 5.871932e-09 6.578882e-09 5.688225e-09 5.998740e-09 5.896167e-09 5.837653e-09 5.753682e-09 5.753682e-09 5.688225e-09 5.743768e-09 5.707705e-09 5.688225e-09 5.684991e-09 5.681761e-09 5.678535e-09 5.707705e-09 5.684991e-09 5.678535e-09 5.681761e-09 0.000000e+00 Och
7.173529e-09 1.753341e-03 5.800406e-09 5.793685e-09 6.406086e-09 5.730602e-09 5.740471e-09 5.871932e-09 6.578882e-09 5.688225e-09 5.998740e-09 5.896167e-09 5.837653e-09 5.753682e-09 5.753682e-09 5.688225e-09 5.743768e-09 5.707705e-09 5.688225e-09 5.684991e-09 5.681761e-09 5.678535e-09 5.707705e-09 5.684991e-09 5.678535e-09 5.681761e-09 0.000000e+00 Alignment
7.173529e-09 8.968520e-09 5.800406e-09 5.793685e-09 6.406086e-09 5.730602e-09 5.740471e-09 5.871932e-09 3.307013e-03 5.688225e-09 5.998740e-09 5.896167e-09 5.837653e-09 5.753682e-09 5.753682e-09 5.688225e-09 5.743768e-09 5.707705e-09 5.688225e-09 5.684991e-09 5.681761e-09 5.678535e-09 5.707705e-09 5.684991e-09 5.678535e-09 5.681761e-09 0.000000e+00 440
7.173529e-09 8.968520e-09 5.800406e-09 5.793685e-09 6.406086e-09 5.730602e-09 5.740471e-09 5.871932e-09 3.307013e-03 5.688225e-09 5.998740e-09 5.896167e-09 5.837653e-09 5.753682e-09 5.753682e-09 5.688225e-09 5.743768e-09 5.707705e-09 5.688225e-09 5.684991e-09 5.681761e-09 5.678535e-09 5.707705e-09 5.684991e-09 5.678535e-09 5.681761e-09 0.000000e+00 447
7.173529e-09 8.968520e-09 5.800406e-09 5.793685e-09 6.406086e-09 5.730602e-09 5.740471e-09 5.871932e-09 6.578882e-09 5.688225e-09 7.250385e-03 5.896167e-09 5.837653e-09 5.753682e-09 5.753682e-09 5.688225e-09 5.743768e-09 5.707705e-09 5.688225e-09 5.684991e-09 5.681761e-09 5.678535e-09 5.707705e-09 5.684991e-09 5.678535e-09 5.681761e-09 0.000000e+00 Hongkong
1.508255e-03 8.968520e-09 5.800406e-09 5.793685e-09 6.406086e-09 5.730602e-09 5.740471e-09 5.871932e-09 6.578882e-09 5.688225e-09 5.998740e-09 5.896167e-09 5.837653e-09 5.753682e-09 5.753682e-09 5.688225e-09 5.743768e-09 5.707705e-09 5.688225e-09 5.684991e-09 5.681761e-09 5.678535e-09 5.707705e-09 5.684991e-09 5.678535e-09 5.681761e-09 0.000000e+00 Vogel
7.173529e-09 5.844468e-04 5.800406e-09 5.793685e-09 6.406086e-09 5.730602e-09 5.740471e-09 5.871932e-09 6.578882e-09 5.688225e-09 5.998740e-09 5.896167e-09 5.837653e-09 5.753682e-09 5.753682e-09 5.688225e-09 5.743768e-09 5.707705e-09 5.688225e-09 5.684991e-09 5.681761e-09 5.678535e-09 5.707705e-09 5.684991e-09 5.678535e-09 5.681761e-09 0.000000e+00 RWTH
7.173529e-09 5.844468e-04 5.800406e-09 5.793685e-09 6.406086e-09 5.730602e-09 5.740471e-09 5.871932e-09 6.578882e-09 5.688225e-09 5.998740e-09 5.896167e-09 5.837653e-09 5.753682e-09 5.753682e-09 5.688225e-09 5.743768e-09 5.707705e-09 5.688225e-09 5.684991e-09 5.681761e-09 5.678535e-09 5.707705e-09 5.684991e-09 5.678535e-09 5.681761e-09 0.000000e+00 spoken
7.173529e-09 5.844468e-04 5.800406e-09 5.793685e-09 6.406086e-09 5.730602e-09 5.740471e-09 5.871932e-09 6.578882e-09 5.688225e-09 5.998740e-09 5.896167e-09 5.837653e-09 5.753682e-09 5.753682e-09 5.688225e-09 5.743768e-09 5.707705e-09 5.688225e-09 5.684991e-09 5.681761e-09 5.678535e-09 5.707705e-09 5.684991e-09 5.678535e-09 5.681761e-09 0.000000e+00 dialogues
7.173529e-09 8.968520e-09 5.800406e-09 5.793685e-09 1.142065e-03 5.730602e-09 5.740471e-09 5.871932e-09 6.578882e-09 5.688225e-09 5.998740e-09 5.896167e-09 5.837653e-09 5.753682e-09 5.753682e-09 5.688225e-09 5.743768e-09 5.707705e-09 5.688225e-09 5.684991e-09 5.681761e-09 5.678535e-09 5.707705e-09 5.684991e-09 5.678535e-09 5.681761e-09 0.000000e+00 HLT
7.173529e-09 8.968520e-09 5.800406e-09 5.793685e-09 6.406086e-09 5.730602e-09 5.740471e-09 5.871932e-09 3.307013e-03 5.688225e-09 5.998740e-09 5.896167e-09 5.837653e-09 5.753682e-09 5.753682e-09 5.688225e-09 5.743768e-09 5.707705e-09 5.688225e-09 5.684991e-09 5.681761e-09 5.678535e-09 5.707705e-09 5.684991e-09 5.678535e-09 5.681761e-09 0.000000e+00 X--X
7.173529e-09 8.968520e-09 5.800406e-09 5.793685e-09 6.406086e-09 5.730602e-09 5.740471e-09 5.871932e-09 6.578882e-09 5.688225e-09 7.250385e-03 5.896167e-09 5.837653e-09 5.753682e-09 5.753682e-09 5.688225e-09 5.743768e-09 5.707705e-09 5.688225e-09 5.684991e-09 5.681761e-09 5.678535e-09 5.707705e-09 5.684991e-09 5.678535e-09 5.681761e-09 0.000000e+00 San
7.173529e-09 8.968520e-09 5.800406e-09 5.793685e-09 6.406086e-09 5.730602e-09 5.740471e-09 5.871932e-09 6.578882e-09 5.688225e-09 7.250385e-03 5.896167e-09 5.837653e-09 5.753682e-09 5.753682e-09 5.688225e-09 5.743768e-09 5.707705e-09 5.688225e-09 5.684991e-09 5.681761e-09 5.678535e-09 5.707705e-09 5.684991e-09 5.678535e-09 5.681761e-09 0.000000e+00 Diego
7.173529e-09 8.968520e-09 5.800406e-09 5.793685e-09 6.406086e-09 5.730602e-09 1.471587e-02 5.871932e-09 6.578882e-09 5.688225e-09 5.998740e-09 5.896167e-09 5.837653e-09 5.753682e-09 5.753682e-09 5.688225e-09 5.743768e-09 5.707705e-09 5.688225e-09 5.684991e-09 5.681761e-09 5.678535e-09 5.707705e-09 5.684991e-09 5.678535e-09 5.681761e-09 0.000000e+00 Mar
7.173529e-09 5.844468e-04 5.800406e-09 5.793685e-09 6.406086e-09 5.730602e-09 5.740471e-09 5.871932e-09 6.578882e-09 5.688225e-09 5.998740e-09 5.896167e-09 5.837653e-09 5.753682e-09 5.753682e-09 5.688225e-09 5.743768e-09 5.707705e-09 5.688225e-09 5.684991e-09 5.681761e-09 5.678535e-09 5.707705e-09 5.684991e-09 5.678535e-09 5.681761e-09 0.000000e+00 training
7.173529e-09 5.844468e-04 5.800406e-09 5.793685e-09 6.406086e-09 5.730602e-09 5.740471e-09 5.871932e-09 6.578882e-09 5.688225e-09 5.998740e-09 5.896167e-09 5.837653e-09 5.753682e-09 5.753682e-09 5.688225e-09 5.743768e-09 5.707705e-09 5.688225e-09 5.684991e-09 5.681761e-09 5.678535e-09 5.707705e-09 5.684991e-09 5.678535e-09 5.681761e-09 0.000000e+00 maximum
7.173529e-09 5.844468e-04 5.800406e-09 5.793685e-09 6.406086e-09 5.730602e-09 5.740471e-09 5.871932e-09 6.578882e-09 5.688225e-09 5.998740e-09 5.896167e-09 5.837653e-09 5.753682e-09 5.753682e-09 5.688225e-09 5.743768e-09 5.707705e-09 5.688225e-09 5.684991e-09 5.681761e-09 5.678535e-09 5.707705e-09 5.684991e-09 5.678535e-09 5.681761e-09 0.000000e+00 entropy
1.508255e-03 8.968520e-09 5.800406e-09 5.793685e-09 6.406086e-09 5.730602e-09 5.740471e-09 5.871932e-09 6.578882e-09 5.688225e-09 5.998740e-09 5.896167e-09 5.837653e-09 5.753682e-09 5.753682e-09 5.688225e-09 5.743768e-09 5.707705e-09 5.688225e-09 5.684991e-09 5.681761e-09 5.678535e-09 5.707705e-09 5.684991e-09 5.678535e-09 5.681761e-09 0.000000e+00 al.
7.173529e-09 5.844468e-04 5.800406e-09 5.793685e-09 6.406086e-09 5.730602e-09 5.740471e-09 5.871932e-09 6.578882e-09 5.688225e-09 5.998740e-09 5.896167e-09 5.837653e-09 5.753682e-09 5.753682e-09 5.688225e-09 5.743768e-09 5.707705e-09 5.688225e-09 5.684991e-09 5.681761e-09 5.678535e-09 5.707705e-09 5.684991e-09 5.678535e-09 5.681761e-09 0.000000e+00 Final
7.173529e-09 5.844468e-04 5.800406e-09 5.793685e-09 6.406086e-09 5.730602e-09 5.740471e-09 5.871932e-09 6.578882e-09 5.688225e-09 5.998740e-09 5.896167e-09 5.837653e-09 5.753682e-09 5.753682e-09 5.688225e-09 5.743768e-09 5.707705e-09 5.688225e-09 5.684991e-09 5.681761e-09 5.678535e-09 5.707705e-09 5.684991e-09 5.678535e-09 5.681761e-09 0.000000e+00 Report
7.173529e-09 5.844468e-04 5.800406e-09 5.793685e-09 6.406086e-09 5.730602e-09 5.740471e-09 5.871932e-09 6.578882e-09 5.688225e-09 5.998740e-09 5.896167e-09 5.837653e-09 5.753682e-09 5.753682e-09 5.688225e-09 5.743768e-09 5.707705e-09 5.688225e-09 5.684991e-09 5.681761e-09 5.678535e-09 5.707705e-09 5.684991e-09 5.678535e-09 5.681761e-09 0.000000e+00 Johns
7.173529e-09 5.844468e-04 5.800406e-09 5.793685e-09 6.406086e-09 5.730602e-09 5.740471e-09 5.871932e-09 6.578882e-09 5.688225e-09 5.998740e-09 5.896167e-09 5.837653e-09 5.753682e-09 5.753682e-09 5.688225e-09 5.743768e-09 5.707705e-09 5.688225e-09 5.684991e-09 5.681761e-09 5.678535e-09 5.707705e-09 5.684991e-09 5.678535e-09 5.681761e-09 0.000000e+00 Hopkins
7.173529e-09 5.844468e-04 5.800406e-09 5.793685e-09 6.406086e-09 5.730602e-09 5.740471e-09 5.871932e-09 6.578882e-09 5.688225e-09 5.998740e-09 5.896167e-09 5.837653e-09 5.753682e-09 5.753682e-09 5.688225e-09 5.743768e-09 5.707705e-09 5.688225e-09 5.684991e-09 5.681761e-09 5.678535e-09 5.707705e-09 5.684991e-09 5.678535e-09 5.681761e-09 0.000000e+00 Summer
7.173529e-09 5.844468e-04 5.800406e-09 5.793685e-09 6.406086e-09 5.730602e-09 5.740471e-09 5.871932e-09 6.578882e-09 5.688225e-09 5.998740e-09 5.896167e-09 5.837653e-09 5.753682e-09 5.753682e-09 5.688225e-09 5.743768e-09 5.707705e-09 5.688225e-09 5.684991e-09 5.681761e-09 5.678535e-09 5.707705e-09 5.684991e-09 5.678535e-09 5.681761e-09 0.000000e+00 systematic
7.173529e-09 5.844468e-04 5.800406e-09 5.793685e-09 6.406086e-09 5.730602e-09 5.740471e-09 5.871932e-09 6.578882e-09 5.688225e-09 5.998740e-09 5.896167e-09 5.837653e-09 5.753682e-09 5.753682e-09 5.688225e-09 5.743768e-09 5.707705e-09 5.688225e-09 5.684991e-09 5.681761e-09 5.678535e-09 5.707705e-09 5.684991e-09 5.678535e-09 5.681761e-09 0.000000e+00 comparison
7.173529e-09 5.844468e-04 5.800406e-09 5.793685e-09 6.406086e-09 5.730602e-09 5.740471e-09 5.871932e-09 6.578882e-09 5.688225e-09 5.998740e-09 5.896167e-09 5.837653e-09 5.753682e-09 5.753682e-09 5.688225e-09 5.743768e-09 5.707705e-09 5.688225e-09 5.684991e-09 5.681761e-09 5.678535e-09 5.707705e-09 5.684991e-09 5.678535e-09 5.681761e-09 0.000000e+00 various
7.173529e-09 1.168894e-03 5.800406e-09 5.793685e-09 6.406086e-09 5.730602e-09 5.740471e-09 5.871932e-09 6.578882e-09 5.688225e-09 5.998740e-09 5.896167e-09 5.837653e-09 5.753682e-09 5.753682e-09 5.688225e-09 5.743768e-09 5.707705e-09 5.688225e-09 5.684991e-09 5.681761e-09 5.678535e-09 5.707705e-09 5.684991e-09 5.678535e-09 5.681761e-09 0.000000e+00 alignment
7.173529e-09 8.968520e-09 5.800406e-09 5.793685e-09 1.142065e-03 5.730602e-09 5.740471e-09 5.871932e-09 6.578882e-09 5.688225e-09 5.998740e-09 5.896167e-09 5.837653e-09 5.753682e-09 5.753682e-09 5.688225e-09 5.743768e-09 5.707705e-09 5.688225e-09 5.684991e-09 5.681761e-09 5.678535e-09 5.707705e-09 5.684991e-09 5.678535e-09 5.681761e-09 0.000000e+00 10th
7.173529e-09 8.968520e-09 5.800406e-09 5.793685e-09 1.142065e-03 5.730602e-09 5.740471e-09 5.871932e-09 6.578882e-09 5.688225e-09 5.998740e-09 5.896167e-09 5.837653e-09 5.753682e-09 5.753682e-09 5.688225e-09 5.743768e-09 5.707705e-09 5.688225e-09 5.684991e-09 5.681761e-09 5.678535e-09 5.707705e-09 5.684991e-09 5.678535e-09 5.681761e-09 0.000000e+00 Chapter
7.173529e-09 8.968520e-09 5.800406e-09 5.793685e-09 1.142065e-03 5.730602e-09 5.740471e-09 5.871932e-09 6.578882e-09 5.688225e-09 5.998740e-09 5.896167e-09 5.837653e-09 5.753682e-09 5.753682e-09 5.688225e-09 5.743768e-09 5.707705e-09 5.688225e-09 5.684991e-09 5.681761e-09 5.678535e-09 5.707705e-09 5.684991e-09 5.678535e-09 5.681761e-09 0.000000e+00 (EACL)
7.173529e-09 8.968520e-09 5.800406e-09 5.793685e-09 6.406086e-09 5.730602e-09 5.740471e-09 5.871932e-09 3.307013e-03 5.688225e-09 5.998740e-09 5.896167e-09 5.837653e-09 5.753682e-09 5.753682e-09 5.688225e-09 5.743768e-09 5.707705e-09 5.688225e-09 5.684991e-09 5.681761e-09 5.678535e-09 5.707705e-09 5.684991e-09 5.678535e-09 5.681761e-09 0.000000e+00 387
7.173529e-09 8.968520e-09 5.800406e-09 5.793685e-09 6.406086e-09 5.730602e-09 5.740471e-09 5.871932e-09 3.307013e-03 5.688225e-09 5.998740e-09 5.896167e-09 5.837653e-09 5.753682e-09 5.753682e-09 5.688225e-09 5.743768e-09 5.707705e-09 5.688225e-09 5.684991e-09 5.681761e-09 5.678535e-09 5.707705e-09 5.684991e-09 5.678535e-09 5.681761e-09 0.000000e+00 393
7.173529e-09 8.968520e-09 5.800406e-09 5.793685e-09 6.406086e-09 5.730602e-09 5.740471e-09 5.871932e-09 6.578882e-09 5.688225e-09 1.450077e-02 5.896167e-09 5.837653e-09 5.753682e-09 5.753682e-09 5.688225e-09 5.743768e-09 5.707705e-09 5.688225e-09 5.684991e-09 5.681761e-09 5.678535e-09 5.707705e-09 5.684991e-09 5.678535e-09 5.681761e-09 0.000000e+00 Hungary
7.173529e-09 5.844468e-04 5.800406e-09 5.793685e-09 6.406086e-09 5.730602e-09 5.740471e-09 5.871932e-09 6.578882e-09 5.688225e-09 5.998740e-09 5.896167e-09 5.837653e-09 5.753682e-09 5.753682e-09 5.688225e-09 5.743768e-09 5.707705e-09 5.688225e-09 5.684991e-09 5.681761e-09 5.678535e-09 5.707705e-09 5.684991e-09 5.678535e-09 5.681761e-09 0.000000e+00 Minimum
7.173529e-09 1.168894e-03 5.800406e-09 5.793685e-09 6.406086e-09 5.730602e-09 5.740471e-09 5.871932e-09 6.578882e-09 5.688225e-09 5.998740e-09 5.896167e-09 5.837653e-09 5.753682e-09 5.753682e-09 5.688225e-09 5.743768e-09 5.707705e-09 5.688225e-09 5.684991e-09 5.681761e-09 5.678535e-09 5.707705e-09 5.684991e-09 5.678535e-09 5.681761e-09 0.000000e+00 Error
7.173529e-09 5.844468e-04 5.800406e-09 5.793685e-09 6.406086e-09 5.730602e-09 5.740471e-09 5.871932e-09 6.578882e-09 5.688225e-09 5.998740e-09 5.896167e-09 5.837653e-09 5.753682e-09 5.753682e-09 5.688225e-09 5.743768e-09 5.707705e-09 5.688225e-09 5.684991e-09 5.681761e-09 5.678535e-09 5.707705e-09 5.684991e-09 5.678535e-09 5.681761e-09 0.000000e+00 Rate
7.173529e-09 8.968520e-09 5.800406e-09 5.793685e-09 1.142065e-03 5.730602e-09 5.740471e-09 5.871932e-09 6.578882e-09 5.688225e-09 5.998740e-09 5.896167e-09 5.837653e-09 5.753682e-09 5.753682e-09 5.688225e-09 5.743768e-09 5.707705e-09 5.688225e-09 5.684991e-09 5.681761e-09 5.678535e-09 5.707705e-09 5.684991e-09 5.678535e-09 5.681761e-09 0.000000e+00 41st
7.173529e-09 8.968520e-09 5.800406e-09 5.793685e-09 6.406086e-09 5.730602e-09 5.740471e-09 5.871932e-09 6.578882e-09 5.688225e-09 7.250385e-03 5.896167e-09 5.837653e-09 5.753682e-09 5.753682e-09 5.688225e-09 5.743768e-09 5.707705e-09 5.688225e-09 5.684991e-09 5.681761e-09 5.678535e-09 5.707705e-09 5.684991e-09 5.678535e-09 5.681761e-09 0.000000e+00 Sapporo
7.173529e-09 8.968520e-09 5.800406e-09 5.793685e-09 6.406086e-09 5.730602e-09 5.740471e-09 5.871932e-09 6.578882e-09 5.688225e-09 7.250385e-03 5.896167e-09 5.837653e-09 5.753682e-09 5.753682e-09 5.688225e-09 5.743768e-09 5.707705e-09 5.688225e-09 5.684991e-09 5.681761e-09 5.678535e-09 5.707705e-09 5.684991e-09 5.678535e-09 5.681761e-09 0.000000e+00 Japan
7.173529e-09 8.968520e-09 5.800406e-09 5.793685e-09 6.406086e-09 5.730602e-09 5.740471e-09 5.871932e-09 3.307013e-03 5.688225e-09 5.998740e-09 5.896167e-09 5.837653e-09 5.753682e-09 5.753682e-09 5.688225e-09 5.743768e-09 5.707705e-09 5.688225e-09 5.684991e-09 5.681761e-09 5.678535e-09 5.707705e-09 5.684991e-09 5.678535e-09 5.681761e-09 0.000000e+00 167
7.173529e-09 5.844468e-04 5.800406e-09 5.793685e-09 6.406086e-09 5.730602e-09 5.740471e-09 5.871932e-09 6.578882e-09 5.688225e-09 5.998740e-09 5.896167e-09 5.837653e-09 5.753682e-09 5.753682e-09 5.688225e-09 5.743768e-09 5.707705e-09 5.688225e-09 5.684991e-09 5.681761e-09 5.678535e-09 5.707705e-09 5.684991e-09 5.678535e-09 5.681761e-09 0.000000e+00 Smorgasbord
7.173529e-09 5.844468e-04 5.800406e-09 5.793685e-09 6.406086e-09 5.730602e-09 5.740471e-09 5.871932e-09 6.578882e-09 5.688225e-09 5.998740e-09 5.896167e-09 5.837653e-09 5.753682e-09 5.753682e-09 5.688225e-09 5.743768e-09 5.707705e-09 5.688225e-09 5.684991e-09 5.681761e-09 5.678535e-09 5.707705e-09 5.684991e-09 5.678535e-09 5.681761e-09 0.000000e+00 Features
7.173529e-09 8.968520e-09 5.800406e-09 5.793685e-09 1.142065e-03 5.730602e-09 5.740471e-09 5.871932e-09 6.578882e-09 5.688225e-09 5.998740e-09 5.896167e-09 5.837653e-09 5.753682e-09 5.753682e-09 5.688225e-09 5.743768e-09 5.707705e-09 5.688225e-09 5.684991e-09 5.681761e-09 5.678535e-09 5.707705e-09 5.684991e-09 5.678535e-09 5.681761e-09 0.000000e+00 North
7.173529e-09 8.968520e-09 5.800406e-09 5.793685e-09 1.142065e-03 5.730602e-09 5.740471e-09 5.871932e-09 6.578882e-09 5.688225e-09 5.998740e-09 5.896167e-09 5.837653e-09 5.753682e-09 5.753682e-09 5.688225e-09 5.743768e-09 5.707705e-09 5.688225e-09 5.684991e-09 5.681761e-09 5.678535e-09 5.707705e-09 5.684991e-09 5.678535e-09 5.681761e-09 0.000000e+00 American
7.173529e-09 8.968520e-09 5.800406e-09 5.793685e-09 1.142065e-03 5.730602e-09 5.740471e-09 5.871932e-09 6.578882e-09 5.688225e-09 5.998740e-09 5.896167e-09 5.837653e-09 5.753682e-09 5.753682e-09 5.688225e-09 5.743768e-09 5.707705e-09 5.688225e-09 5.684991e-09 5.681761e-09 5.678535e-09 5.707705e-09 5.684991e-09 5.678535e-09 5.681761e-09 0.000000e+00 chapter
7.173529e-09 8.968520e-09 5.800406e-09 5.793685e-09 1.142065e-03 5.730602e-09 5.740471e-09 5.871932e-09 6.578882e-09 5.688225e-09 5.998740e-09 5.896167e-09 5.837653e-09 5.753682e-09 5.753682e-09 5.688225e-09 5.743768e-09 5.707705e-09 5.688225e-09 5.684991e-09 5.681761e-09 5.678535e-09 5.707705e-09 5.684991e-09 5.678535e-09 5.681761e-09 0.000000e+00 (NAACL-04)
7.173529e-09 8.968520e-09 5.800406e-09 5.793685e-09 6.406086e-09 5.730602e-09 5.740471e-09 5.871932e-09 6.578882e-09 5.688225e-09 1.450077e-02 5.896167e-09 5.837653e-09 5.753682e-09 5.753682e-09 5.688225e-09 5.743768e-09 5.707705e-09 5.688225e-09 5.684991e-09 5.681761e-09 5.678535e-09 5.707705e-09 5.684991e-09 5.678535e-09 5.681761e-09 0.000000e+00 Boston
7.173529e-09 8.968520e-09 5.800406e-09 5.793685e-09 6.406086e-09 5.730602e-09 5.740471e-09 5.871932e-09 6.578882e-09 5.688225e-09 1.450077e-02 5.896167e-09 5.837653e-09 5.753682e-09 5.753682e-09 5.688225e-09 5.743768e-09 5.707705e-09 5.688225e-09 5.684991e-09 5.681761e-09 5.678535e-09 5.707705e-09 5.684991e-09 5.678535e-09 5.681761e-09 0.000000e+00 MA
7.173529e-09 5.844468e-04 5.800406e-09 5.793685e-09 6.406086e-09 5.730602e-09 5.740471e-09 5.871932e-09 6.578882e-09 5.688225e-09 5.998740e-09 5.896167e-09 5.837653e-09 5.753682e-09 5.753682e-09 5.688225e-09 5.743768e-09 5.707705e-09 5.688225e-09 5.684991e-09 5.681761e-09 5.678535e-09 5.707705e-09 5.684991e-09 5.678535e-09 5.681761e-09 0.000000e+00 template
7.173529e-09 5.844468e-04 5.800406e-09 5.793685e-09 6.406086e-09 5.730602e-09 5.740471e-09 5.871932e-09 6.578882e-09 5.688225e-09 5.998740e-09 5.896167e-09 5.837653e-09 5.753682e-09 5.753682e-09 5.688225e-09 5.743768e-09 5.707705e-09 5.688225e-09 5.684991e-09 5.681761e-09 5.678535e-09 5.707705e-09 5.684991e-09 5.678535e-09 5.681761e-09 0.000000e+00 tranlation
7.173529e-09 8.968520e-09 5.800406e-09 5.793685e-09 6.406086e-09 5.730602e-09 5.740471e-09 5.871932e-09 3.307013e-03 5.688225e-09 5.998740e-09 5.896167e-09 5.837653e-09 5.753682e-09 5.753682e-09 5.688225e-09 5.743768e-09 5.707705e-09 5.688225e-09 5.684991e-09 5.681761e-09 5.678535e-09 5.707705e-09 5.684991e-09 5.678535e-09 5.681761e-09 0.000000e+00 417
7.541275e-04 8.968520e-09 5.800406e-09 5.793685e-09 6.406086e-09 5.730602e-09 5.740471e-09 5.871932e-09 6.578882e-09 5.688225e-09 5.998740e-09 5.896167e-09 5.837653e-09 5.753682e-09 5.753682e-09 5.688225e-09 5.743768e-09 5.707705e-09 5.688225e-09 5.684991e-09 5.681761e-09 5.678535e-09 5.707705e-09 5.684991e-09 5.678535e-09 5.681761e-09 0.000000e+00 Papineni
7.541275e-04 8.968520e-09 5.800406e-09 5.793685e-09 6.406086e-09 5.730602e-09 5.740471e-09 5.871932e-09 6.578882e-09 5.688225e-09 5.998740e-09 5.896167e-09 5.837653e-09 5.753682e-09 5.753682e-09 5.688225e-09 5.743768e-09 5.707705e-09 5.688225e-09 5.684991e-09 5.681761e-09 5.678535e-09 5.707705e-09 5.684991e-09 5.678535e-09 5.681761e-09 0.000000e+00 W.J.
7.541275e-04 8.968520e-09 5.800406e-09 5.793685e-09 6.406086e-09 5.730602e-09 5.740471e-09 5.871932e-09 6.578882e-09 5.688225e-09 5.998740e-09 5.896167e-09 5.837653e-09 5.753682e-09 5.753682e-09 5.688225e-09 5.743768e-09 5.707705e-09 5.688225e-09 5.684991e-09 5.681761e-09 5.678535e-09 5.707705e-09 5.684991e-09 5.678535e-09 5.681761e-09 0.000000e+00 Zhu
7.173529e-09 5.844468e-04 5.800406e-09 5.793685e-09 6.406086e-09 5.730602e-09 5.740471e-09 5.871932e-09 6.578882e-09 5.688225e-09 5.998740e-09 5.896167e-09 5.837653e-09 5.753682e-09 5.753682e-09 5.688225e-09 5.743768e-09 5.707705e-09 5.688225e-09 5.684991e-09 5.681761e-09 5.678535e-09 5.707705e-09 5.684991e-09 5.678535e-09 5.681761e-09 0.000000e+00 BLEU:
7.173529e-09 5.844468e-04 5.800406e-09 5.793685e-09 6.406086e-09 5.730602e-09 5.740471e-09 5.871932e-09 6.578882e-09 5.688225e-09 5.998740e-09 5.896167e-09 5.837653e-09 5.753682e-09 5.753682e-09 5.688225e-09 5.743768e-09 5.707705e-09 5.688225e-09 5.684991e-09 5.681761e-09 5.678535e-09 5.707705e-09 5.684991e-09 5.678535e-09 5.681761e-09 0.000000e+00 method
7.173529e-09 5.844468e-04 5.800406e-09 5.793685e-09 6.406086e-09 5.730602e-09 5.740471e-09 5.871932e-09 6.578882e-09 5.688225e-09 5.998740e-09 5.896167e-09 5.837653e-09 5.753682e-09 5.753682e-09 5.688225e-09 5.743768e-09 5.707705e-09 5.688225e-09 5.684991e-09 5.681761e-09 5.678535e-09 5.707705e-09 5.684991e-09 5.678535e-09 5.681761e-09 0.000000e+00 automatic
7.173529e-09 5.844468e-04 5.800406e-09 5.793685e-09 6.406086e-09 5.730602e-09 5.740471e-09 5.871932e-09 6.578882e-09 5.688225e-09 5.998740e-09 5.896167e-09 5.837653e-09 5.753682e-09 5.753682e-09 5.688225e-09 5.743768e-09 5.707705e-09 5.688225e-09 5.684991e-09 5.681761e-09 5.678535e-09 5.707705e-09 5.684991e-09 5.678535e-09 5.681761e-09 0.000000e+00 evaluation
7.173529e-09 8.968520e-09 5.800406e-09 5.793685e-09 1.142065e-03 5.730602e-09 5.740471e-09 5.871932e-09 6.578882e-09 5.688225e-09 5.998740e-09 5.896167e-09 5.837653e-09 5.753682e-09 5.753682e-09 5.688225e-09 5.743768e-09 5.707705e-09 5.688225e-09 5.684991e-09 5.681761e-09 5.678535e-09 5.707705e-09 5.684991e-09 5.678535e-09 5.681761e-09 0.000000e+00 40th
7.173529e-09 8.968520e-09 5.800406e-09 5.793685e-09 1.142065e-03 5.730602e-09 5.740471e-09 5.871932e-09 6.578882e-09 5.688225e-09 5.998740e-09 5.896167e-09 5.837653e-09 5.753682e-09 5.753682e-09 5.688225e-09 5.743768e-09 5.707705e-09 5.688225e-09 5.684991e-09 5.681761e-09 5.678535e-09 5.707705e-09 5.684991e-09 5.678535e-09 5.681761e-09 0.000000e+00 meeting
7.173529e-09 8.968520e-09 5.800406e-09 5.793685e-09 6.406086e-09 5.730602e-09 5.740471e-09 5.871932e-09 3.307013e-03 5.688225e-09 5.998740e-09 5.896167e-09 5.837653e-09 5.753682e-09 5.753682e-09 5.688225e-09 5.743768e-09 5.707705e-09 5.688225e-09 5.684991e-09 5.681761e-09 5.678535e-09 5.707705e-09 5.684991e-09 5.678535e-09 5.681761e-09 0.000000e+00 318
7.541275e-04 8.968520e-09 5.800406e-09 5.793685e-09 6.406086e-09 5.730602e-09 5.740471e-09 5.871932e-09 6.578882e-09 5.688225e-09 5.998740e-09 5.896167e-09 5.837653e-09 5.753682e-09 5.753682e-09 5.688225e-09 5.743768e-09 5.707705e-09 5.688225e-09 5.684991e-09 5.681761e-09 5.678535e-09 5.707705e-09 5.684991e-09 5.678535e-09 5.681761e-09 0.000000e+00 Pereira
7.541275e-04 8.968520e-09 5.800406e-09 5.793685e-09 6.406086e-09 5.730602e-09 5.740471e-09 5.871932e-09 6.578882e-09 5.688225e-09 5.998740e-09 5.896167e-09 5.837653e-09 5.753682e-09 5.753682e-09 5.688225e-09 5.743768e-09 5.707705e-09 5.688225e-09 5.684991e-09 5.681761e-09 5.678535e-09 5.707705e-09 5.684991e-09 5.678535e-09 5.681761e-09 0.000000e+00 Schabes
7.173529e-09 5.844468e-04 5.800406e-09 5.793685e-09 6.406086e-09 5.730602e-09 5.740471e-09 5.871932e-09 6.578882e-09 5.688225e-09 5.998740e-09 5.896167e-09 5.837653e-09 5.753682e-09 5.753682e-09 5.688225e-09 5.743768e-09 5.707705e-09 5.688225e-09 5.684991e-09 5.681761e-09 5.678535e-09 5.707705e-09 5.684991e-09 5.678535e-09 5.681761e-09 0.000000e+00 Inside-outside
7.173529e-09 5.844468e-04 5.800406e-09 5.793685e-09 6.406086e-09 5.730602e-09 5.740471e-09 5.871932e-09 6.578882e-09 5.688225e-09 5.998740e-09 5.896167e-09 5.837653e-09 5.753682e-09 5.753682e-09 5.688225e-09 5.743768e-09 5.707705e-09 5.688225e-09 5.684991e-09 5.681761e-09 5.678535e-09 5.707705e-09 5.684991e-09 5.678535e-09 5.681761e-09 0.000000e+00 partially
7.173529e-09 8.968520e-09 5.800406e-09 5.793685e-09 1.142065e-03 5.730602e-09 5.740471e-09 5.871932e-09 6.578882e-09 5.688225e-09 5.998740e-09 5.896167e-09 5.837653e-09 5.753682e-09 5.753682e-09 5.688225e-09 5.743768e-09 5.707705e-09 5.688225e-09 5.684991e-09 5.681761e-09 5.678535e-09 5.707705e-09 5.684991e-09 5.678535e-09 5.681761e-09 0.000000e+00 30th
7.173529e-09 8.968520e-09 5.800406e-09 5.793685e-09 6.406086e-09 2.461867e-02 5.740471e-09 5.871932e-09 6.578882e-09 5.688225e-09 5.998740e-09 5.896167e-09 5.837653e-09 5.753682e-09 5.753682e-09 5.688225e-09 5.743768e-09 5.707705e-09 5.688225e-09 5.684991e-09 5.681761e-09 5.678535e-09 5.707705e-09 5.684991e-09 5.678535e-09 5.681761e-09 0.000000e+00 Delaware
7.541275e-04 8.968520e-09 5.800406e-09 5.793685e-09 6.406086e-09 5.730602e-09 5.740471e-09 5.871932e-09 6.578882e-09 5.688225e-09 5.998740e-09 5.896167e-09 5.837653e-09 5.753682e-09 5.753682e-09 5.688225e-09 5.743768e-09 5.707705e-09 5.688225e-09 5.684991e-09 5.681761e-09 5.678535e-09 5.707705e-09 5.684991e-09 5.678535e-09 5.681761e-09 0.000000e+00 B.H.
7.541275e-04 8.968520e-09 5.800406e-09 5.793685e-09 6.406086e-09 5.730602e-09 5.740471e-09 5.871932e-09 6.578882e-09 5.688225e-09 5.998740e-09 5.896167e-09 5.837653e-09 5.753682e-09 5.753682e-09 5.688225e-09 5.743768e-09 5.707705e-09 5.688225e-09 5.684991e-09 5.681761e-09 5.678535e-09 5.707705e-09 5.684991e-09 5.678535e-09 5.681761e-09 0.000000e+00 Juang
7.541275e-04 8.968520e-09 5.800406e-09 5.793685e-09 6.406086e-09 5.730602e-09 5.740471e-09 5.871932e-09 6.578882e-09 5.688225e-09 5.998740e-09 5.896167e-09 5.837653e-09 5.753682e-09 5.753682e-09 5.688225e-09 5.743768e-09 5.707705e-09 5.688225e-09 5.684991e-09 5.681761e-09 5.678535e-09 5.707705e-09 5.684991e-09 5.678535e-09 5.681761e-09 0.000000e+00 Ratnaparkhi
7.173529e-09 5.844468e-04 5.800406e-09 5.793685e-09 6.406086e-09 5.730602e-09 5.740471e-09 5.871932e-09 6.578882e-09 5.688225e-09 5.998740e-09 5.896167e-09 5.837653e-09 5.753682e-09 5.753682e-09 5.688225e-09 5.743768e-09 5.707705e-09 5.688225e-09 5.684991e-09 5.681761e-09 5.678535e-09 5.707705e-09 5.684991e-09 5.678535e-09 5.681761e-09 0.000000e+00 Entropy
7.173529e-09 8.968520e-09 5.800406e-09 5.793685e-09 1.142065e-03 5.730602e-09 5.740471e-09 5.871932e-09 6.578882e-09 5.688225e-09 5.998740e-09 5.896167e-09 5.837653e-09 5.753682e-09 5.753682e-09 5.688225e-09 5.743768e-09 5.707705e-09 5.688225e-09 5.684991e-09 5.681761e-09 5.678535e-09 5.707705e-09 5.684991e-09 5.678535e-09 5.681761e-09 0.000000e+00 Empiriral
7.173529e-09 8.968520e-09 5.800406e-09 5.793685e-09 6.406086e-09 5.730602e-09 5.740471e-09 5.871932e-09 3.307013e-03 5.688225e-09 5.998740e-09 5.896167e-09 5.837653e-09 5.753682e-09 5.753682e-09 5.688225e-09 5.743768e-09 5.707705e-09 5.688225e-09 5.684991e-09 5.681761e-09 5.678535e-09 5.707705e-09 5.684991e-09 5.678535e-09 5.681761e-09 0.000000e+00 142
7.173529e-09 8.968520e-09 5.800406e-09 5.793685e-09 6.406086e-09 5.730602e-09 5.740471e-09 5.871932e-09 6.578882e-09 5.688225e-09 7.250385e-03 5.896167e-09 5.837653e-09 5.753682e-09 5.753682e-09 5.688225e-09 5.743768e-09 5.707705e-09 5.688225e-09 5.684991e-09 5.681761e-09 5.678535e-09 5.707705e-09 5.684991e-09 5.678535e-09 5.681761e-09 0.000000e+00 Pennsylvania
7.541275e-04 8.968520e-09 5.800406e-09 5.793685e-09 6.406086e-09 5.730602e-09 5.740471e-09 5.871932e-09 6.578882e-09 5.688225e-09 5.998740e-09 5.896167e-09 5.837653e-09 5.753682e-09 5.753682e-09 5.688225e-09 5.743768e-09 5.707705e-09 5.688225e-09 5.684991e-09 5.681761e-09 5.678535e-09 5.707705e-09 5.684991e-09 5.678535e-09 5.681761e-09 0.000000e+00 B.D.
7.541275e-04 8.968520e-09 5.800406e-09 5.793685e-09 6.406086e-09 5.730602e-09 5.740471e-09 5.871932e-09 6.578882e-09 5.688225e-09 5.998740e-09 5.896167e-09 5.837653e-09 5.753682e-09 5.753682e-09 5.688225e-09 5.743768e-09 5.707705e-09 5.688225e-09 5.684991e-09 5.681761e-09 5.678535e-09 5.707705e-09 5.684991e-09 5.678535e-09 5.681761e-09 0.000000e+00 Ripley
7.173529e-09 5.844468e-04 5.800406e-09 5.793685e-09 6.406086e-09 5.730602e-09 5.740471e-09 5.871932e-09 6.578882e-09 5.688225e-09 5.998740e-09 5.896167e-09 5.837653e-09 5.753682e-09 5.753682e-09 5.688225e-09 5.743768e-09 5.707705e-09 5.688225e-09 5.684991e-09 5.681761e-09 5.678535e-09 5.707705e-09 5.684991e-09 5.678535e-09 5.681761e-09 0.000000e+00 neural
7.173529e-09 5.844468e-04 5.800406e-09 5.793685e-09 6.406086e-09 5.730602e-09 5.740471e-09 5.871932e-09 6.578882e-09 5.688225e-09 5.998740e-09 5.896167e-09 5.837653e-09 5.753682e-09 5.753682e-09 5.688225e-09 5.743768e-09 5.707705e-09 5.688225e-09 5.684991e-09 5.681761e-09 5.678535e-09 5.707705e-09 5.684991e-09 5.678535e-09 5.681761e-09 0.000000e+00 networks
7.173529e-09 8.968520e-09 5.800406e-09 1.014722e-02 6.406086e-09 5.730602e-09 5.740471e-09 5.871932e-09 6.578882e-09 5.688225e-09 5.998740e-09 5.896167e-09 5.837653e-09 5.753682e-09 5.753682e-09 5.688225e-09 5.743768e-09 5.707705e-09 5.688225e-09 5.684991e-09 5.681761e-09 5.678535e-09 5.707705e-09 5.684991e-09 5.678535e-09 5.681761e-09 0.000000e+00 university
7.173529e-09 8.968520e-09 5.800406e-09 2.029445e-02 6.406086e-09 5.730602e-09 5.740471e-09 5.871932e-09 6.578882e-09 5.688225e-09 5.998740e-09 5.896167e-09 5.837653e-09 5.753682e-09 5.753682e-09 5.688225e-09 5.743768e-09 5.707705e-09 5.688225e-09 5.684991e-09 5.681761e-09 5.678535e-09 5.707705e-09 5.684991e-09 5.678535e-09 5.681761e-09 0.000000e+00 press
7.541275e-04 8.968520e-09 5.800406e-09 5.793685e-09 6.406086e-09 5.730602e-09 5.740471e-09 5.871932e-09 6.578882e-09 5.688225e-09 5.998740e-09 5.896167e-09 5.837653e-09 5.753682e-09 5.753682e-09 5.688225e-09 5.743768e-09 5.707705e-09 5.688225e-09 5.684991e-09 5.681761e-09 5.678535e-09 5.707705e-09 5.684991e-09 5.678535e-09 5.681761e-09 0.000000e+00 Roark
7.173529e-09 5.844468e-04 5.800406e-09 5.793685e-09 6.406086e-09 5.730602e-09 5.740471e-09 5.871932e-09 6.578882e-09 5.688225e-09 5.998740e-09 5.896167e-09 5.837653e-09 5.753682e-09 5.753682e-09 5.688225e-09 5.743768e-09 5.707705e-09 5.688225e-09 5.684991e-09 5.681761e-09 5.678535e-09 5.707705e-09 5.684991e-09 5.678535e-09 5.681761e-09 0.000000e+00 Top-Down
7.173529e-09 8.968520e-09 5.800406e-09 5.793685e-09 6.406086e-09 5.730602e-09 5.740471e-09 5.871932e-09 3.307013e-03 5.688225e-09 5.998740e-09 5.896167e-09 5.837653e-09 5.753682e-09 5.753682e-09 5.688225e-09 5.743768e-09 5.707705e-09 5.688225e-09 5.684991e-09 5.681761e-09 5.678535e-09 5.707705e-09 5.684991e-09 5.678535e-09 5.681761e-09 0.000000e+00 276
7.541275e-04 8.968520e-09 5.800406e-09 5.793685e-09 6.406086e-09 5.730602e-09 5.740471e-09 5.871932e-09 6.578882e-09 5.688225e-09 5.998740e-09 5.896167e-09 5.837653e-09 5.753682e-09 5.753682e-09 5.688225e-09 5.743768e-09 5.707705e-09 5.688225e-09 5.684991e-09 5.681761e-09 5.678535e-09 5.707705e-09 5.684991e-09 5.678535e-09 5.681761e-09 0.000000e+00 Rocha
7.173529e-09 5.844468e-04 5.800406e-09 5.793685e-09 6.406086e-09 5.730602e-09 5.740471e-09 5.871932e-09 6.578882e-09 5.688225e-09 5.998740e-09 5.896167e-09 5.837653e-09 5.753682e-09 5.753682e-09 5.688225e-09 5.743768e-09 5.707705e-09 5.688225e-09 5.684991e-09 5.681761e-09 5.678535e-09 5.707705e-09 5.684991e-09 5.678535e-09 5.681761e-09 0.000000e+00 {S}panish
7.173529e-09 8.968520e-09 5.800406e-09 5.793685e-09 1.142065e-03 5.730602e-09 5.740471e-09 5.871932e-09 6.578882e-09 5.688225e-09 5.998740e-09 5.896167e-09 5.837653e-09 5.753682e-09 5.753682e-09 5.688225e-09 5.743768e-09 5.707705e-09 5.688225e-09 5.684991e-09 5.681761e-09 5.678535e-09 5.707705e-09 5.684991e-09 5.678535e-09 5.681761e-09 0.000000e+00 SIG-IL/Microsoft
7.173529e-09 5.845704e-04 5.800406e-09 5.793685e-09 1.141824e-03 5.730602e-09 5.740471e-09 5.871932e-09 6.578882e-09 5.688225e-09 5.998740e-09 5.896167e-09 5.837653e-09 5.753682e-09 5.753682e-09 5.688225e-09 5.743768e-09 5.707705e-09 5.688225e-09 5.684991e-09 5.681761e-09 5.678535e-09 5.707705e-09 5.684991e-09 5.678535e-09 5.681761e-09 0.000000e+00 Technologies
7.173529e-09 8.968520e-09 5.800406e-09 5.793685e-09 6.406086e-09 5.730602e-09 5.740471e-09 5.871932e-09 6.578882e-09 5.688225e-09 7.250385e-03 5.896167e-09 5.837653e-09 5.753682e-09 5.753682e-09 5.688225e-09 5.743768e-09 5.707705e-09 5.688225e-09 5.684991e-09 5.681761e-09 5.678535e-09 5.707705e-09 5.684991e-09 5.678535e-09 5.681761e-09 0.000000e+00 Porto
7.173529e-09 8.968520e-09 5.800406e-09 5.793685e-09 6.406086e-09 5.730602e-09 5.740471e-09 5.871932e-09 6.578882e-09 5.688225e-09 7.250385e-03 5.896167e-09 5.837653e-09 5.753682e-09 5.753682e-09 5.688225e-09 5.743768e-09 5.707705e-09 5.688225e-09 5.684991e-09 5.681761e-09 5.678535e-09 5.707705e-09 5.684991e-09 5.678535e-09 5.681761e-09 0.000000e+00 Salvo
7.173529e-09 8.968520e-09 5.800406e-09 5.793685e-09 6.406086e-09 5.730602e-09 5.740471e-09 5.871932e-09 6.578882e-09 5.688225e-09 1.450077e-02 5.896167e-09 5.837653e-09 5.753682e-09 5.753682e-09 5.688225e-09 5.743768e-09 5.707705e-09 5.688225e-09 5.684991e-09 5.681761e-09 5.678535e-09 5.707705e-09 5.684991e-09 5.678535e-09 5.681761e-09 0.000000e+00 Portugal
7.173529e-09 5.844468e-04 5.800406e-09 5.793685e-09 6.406086e-09 5.730602e-09 5.740471e-09 5.871932e-09 6.578882e-09 5.688225e-09 5.998740e-09 5.896167e-09 5.837653e-09 5.753682e-09 5.753682e-09 5.688225e-09 5.743768e-09 5.707705e-09 5.688225e-09 5.684991e-09 5.681761e-09 5.678535e-09 5.707705e-09 5.684991e-09 5.678535e-09 5.681761e-09 0.000000e+00 {C}{M}{U}
7.173529e-09 1.076883e-03 5.800406e-09 5.793685e-09 1.797973e-04 5.730602e-09 5.740471e-09 5.871932e-09 6.578882e-09 5.688225e-09 5.998740e-09 5.896167e-09 5.837653e-09 5.753682e-09 5.753682e-09 5.688225e-09 5.743768e-09 5.707705e-09 5.688225e-09 5.684991e-09 5.681761e-09 5.678535e-09 5.707705e-09 5.684991e-09 5.678535e-09 5.681761e-09 0.000000e+00 ARPA
7.173529e-09 5.844468e-04 5.800406e-09 5.793685e-09 6.406086e-09 5.730602e-09 5.740471e-09 5.871932e-09 6.578882e-09 5.688225e-09 5.998740e-09 5.896167e-09 5.837653e-09 5.753682e-09 5.753682e-09 5.688225e-09 5.743768e-09 5.707705e-09 5.688225e-09 5.684991e-09 5.681761e-09 5.678535e-09 5.707705e-09 5.684991e-09 5.678535e-09 5.681761e-09 0.000000e+00 CSR
7.173529e-09 8.968520e-09 5.800406e-09 5.793685e-09 6.406086e-09 5.730602e-09 5.740471e-09 5.871932e-09 6.578882e-09 5.688225e-09 7.250385e-03 5.896167e-09 5.837653e-09 5.753682e-09 5.753682e-09 5.688225e-09 5.743768e-09 5.707705e-09 5.688225e-09 5.684991e-09 5.681761e-09 5.678535e-09 5.707705e-09 5.684991e-09 5.678535e-09 5.681761e-09 0.000000e+00 Austin
7.173529e-09 8.968520e-09 5.800406e-09 5.793685e-09 6.406086e-09 5.730602e-09 5.740471e-09 5.871932e-09 6.578882e-09 5.688225e-09 7.250385e-03 5.896167e-09 5.837653e-09 5.753682e-09 5.753682e-09 5.688225e-09 5.743768e-09 5.707705e-09 5.688225e-09 5.684991e-09 5.681761e-09 5.678535e-09 5.707705e-09 5.684991e-09 5.678535e-09 5.681761e-09 0.000000e+00 Texas
7.541275e-04 8.968520e-09 5.800406e-09 5.793685e-09 6.406086e-09 5.730602e-09 5.740471e-09 5.871932e-09 6.578882e-09 5.688225e-09 5.998740e-09 5.896167e-09 5.837653e-09 5.753682e-09 5.753682e-09 5.688225e-09 5.743768e-09 5.707705e-09 5.688225e-09 5.684991e-09 5.681761e-09 5.678535e-09 5.707705e-09 5.684991e-09 5.678535e-09 5.681761e-09 0.000000e+00 "Stuart
1.508255e-03 8.968520e-09 5.800406e-09 5.793685e-09 6.406086e-09 5.730602e-09 5.740471e-09 5.871932e-09 6.578882e-09 5.688225e-09 5.998740e-09 5.896167e-09 5.837653e-09 5.753682e-09 5.753682e-09 5.688225e-09 5.743768e-09 5.707705e-09 5.688225e-09 5.684991e-09 5.681761e-09 5.678535e-09 5.707705e-09 5.684991e-09 5.678535e-09 5.681761e-09 0.000000e+00 Russell
1.508255e-03 8.968520e-09 5.800406e-09 5.793685e-09 6.406086e-09 5.730602e-09 5.740471e-09 5.871932e-09 6.578882e-09 5.688225e-09 5.998740e-09 5.896167e-09 5.837653e-09 5.753682e-09 5.753682e-09 5.688225e-09 5.743768e-09 5.707705e-09 5.688225e-09 5.684991e-09 5.681761e-09 5.678535e-09 5.707705e-09 5.684991e-09 5.678535e-09 5.681761e-09 0.000000e+00 Peter
7.541275e-04 8.968520e-09 5.800406e-09 5.793685e-09 6.406086e-09 5.730602e-09 5.740471e-09 5.871932e-09 6.578882e-09 5.688225e-09 5.998740e-09 5.896167e-09 5.837653e-09 5.753682e-09 5.753682e-09 5.688225e-09 5.743768e-09 5.707705e-09 5.688225e-09 5.684991e-09 5.681761e-09 5.678535e-09 5.707705e-09 5.684991e-09 5.678535e-09 5.681761e-09 0.000000e+00 Norvig"
7.173529e-09 5.844468e-04 5.800406e-09 5.793685e-09 6.406086e-09 5.730602e-09 5.740471e-09 5.871932e-09 6.578882e-09 5.688225e-09 5.998740e-09 5.896167e-09 5.837653e-09 5.753682e-09 5.753682e-09 5.688225e-09 5.743768e-09 5.707705e-09 5.688225e-09 5.684991e-09 5.681761e-09 5.678535e-09 5.707705e-09 5.684991e-09 5.678535e-09 5.681761e-09 0.000000e+00 "Artificial
7.173529e-09 1.168894e-03 5.800406e-09 5.793685e-09 6.406086e-09 5.730602e-09 5.740471e-09 5.871932e-09 6.578882e-09 5.688225e-09 5.998740e-09 5.896167e-09 5.837653e-09 5.753682e-09 5.753682e-09 5.688225e-09 5.743768e-09 5.707705e-09 5.688225e-09 5.684991e-09 5.681761e-09 5.678535e-09 5.707705e-09 5.684991e-09 5.678535e-09 5.681761e-09 0.000000e+00 Intelligence:
7.173529e-09 1.168894e-03 5.800406e-09 5.793685e-09 6.406086e-09 5.730602e-09 5.740471e-09 5.871932e-09 6.578882e-09 5.688225e-09 5.998740e-09 5.896167e-09 5.837653e-09 5.753682e-09 5.753682e-09 5.688225e-09 5.743768e-09 5.707705e-09 5.688225e-09 5.684991e-09 5.681761e-09 5.678535e-09 5.707705e-09 5.684991e-09 5.678535e-09 5.681761e-09 0.000000e+00 Modern
7.173529e-09 5.844468e-04 5.800406e-09 5.793685e-09 6.406086e-09 5.730602e-09 5.740471e-09 5.871932e-09 6.578882e-09 5.688225e-09 5.998740e-09 5.896167e-09 5.837653e-09 5.753682e-09 5.753682e-09 5.688225e-09 5.743768e-09 5.707705e-09 5.688225e-09 5.684991e-09 5.681761e-09 5.678535e-09 5.707705e-09 5.684991e-09 5.678535e-09 5.681761e-09 0.000000e+00 Approach"
7.173529e-09 8.968520e-09 5.800406e-09 1.014722e-02 6.406086e-09 5.730602e-09 5.740471e-09 5.871932e-09 6.578882e-09 5.688225e-09 5.998740e-09 5.896167e-09 5.837653e-09 5.753682e-09 5.753682e-09 5.688225e-09 5.743768e-09 5.707705e-09 5.688225e-09 5.684991e-09 5.681761e-09 5.678535e-09 5.707705e-09 5.684991e-09 5.678535e-09 5.681761e-09 0.000000e+00 "Prentice-Hall"
7.173529e-09 8.968520e-09 5.800406e-09 5.793685e-09 6.406086e-09 5.730602e-09 5.740471e-09 5.871932e-09 6.578882e-09 5.688225e-09 7.250385e-03 5.896167e-09 5.837653e-09 5.753682e-09 5.753682e-09 5.688225e-09 5.743768e-09 5.707705e-09 5.688225e-09 5.684991e-09 5.681761e-09 5.678535e-09 5.707705e-09 5.684991e-09 5.678535e-09 5.681761e-09 0.000000e+00 "Englewood
7.173529e-09 8.968520e-09 5.800406e-09 1.014722e-02 6.406086e-09 5.730602e-09 5.740471e-09 5.871932e-09 6.578882e-09 5.688225e-09 7.250385e-03 5.896167e-09 5.837653e-09 5.753682e-09 5.753682e-09 5.688225e-09 5.743768e-09 5.707705e-09 5.688225e-09 5.684991e-09 5.681761e-09 5.678535e-09 5.707705e-09 5.684991e-09 5.678535e-09 5.681761e-09 0.000000e+00 Cliffs
7.173529e-09 8.968520e-09 5.800406e-09 5.793685e-09 6.406086e-09 5.730602e-09 5.740471e-09 5.871932e-09 6.578882e-09 5.688225e-09 7.250385e-03 5.896167e-09 5.837653e-09 5.753682e-09 5.753682e-09 5.688225e-09 5.743768e-09 5.707705e-09 5.688225e-09 5.684991e-09 5.681761e-09 5.678535e-09 5.707705e-09 5.684991e-09 5.678535e-09 5.681761e-09 0.000000e+00 NJ"
7.173529e-09 8.968520e-09 5.800406e-09 5.793685e-09 6.406086e-09 5.730602e-09 5.740471e-09 5.871932e-09 6.578882e-09 5.688225e-09 5.998740e-09 5.896167e-09 5.837653e-09 5.753682e-09 5.753682e-09 5.688225e-09 5.743768e-09 5.707705e-09 5.688225e-09 5.684991e-09 5.681761e-09 5.678535e-09 5.707705e-09 1.999980e-01 5.678535e-09 5.681761e-09 0.000000e+00 "Second"
7.541275e-04 8.968520e-09 5.800406e-09 5.793685e-09 6.406086e-09 5.730602e-09 5.740471e-09 5.871932e-09 6.578882e-09 5.688225e-09 5.998740e-09 5.896167e-09 5.837653e-09 5.753682e-09 5.753682e-09 5.688225e-09 5.743768e-09 5.707705e-09 5.688225e-09 5.684991e-09 5.681761e-09 5.678535e-09 5.707705e-09 5.684991e-09 5.678535e-09 5.681761e-09 0.000000e+00 Stuart
7.541275e-04 8.968520e-09 5.800406e-09 5.793685e-09 6.406086e-09 5.730602e-09 5.740471e-09 5.871932e-09 6.578882e-09 5.688225e-09 5.998740e-09 5.896167e-09 5.837653e-09 5.753682e-09 5.753682e-09 5.688225e-09 5.743768e-09 5.707705e-09 5.688225e-09 5.684991e-09 5.681761e-09 5.678535e-09 5.707705e-09 5.684991e-09 5.678535e-09 5.681761e-09 0.000000e+00 Norving
7.173529e-09 8.968520e-09 5.800406e-09 1.014722e-02 6.406086e-09 5.730602e-09 5.740471e-09 5.871932e-09 6.578882e-09 5.688225e-09 5.998740e-09 5.896167e-09 5.837653e-09 5.753682e-09 5.753682e-09 5.688225e-09 5.743768e-09 5.707705e-09 5.688225e-09 5.684991e-09 5.681761e-09 5.678535e-09 5.707705e-09 5.684991e-09 5.678535e-09 5.681761e-09 0.000000e+00 Prentice
7.173529e-09 8.968520e-09 5.800406e-09 1.014722e-02 6.406086e-09 5.730602e-09 5.740471e-09 5.871932e-09 6.578882e-09 5.688225e-09 5.998740e-09 5.896167e-09 5.837653e-09 5.753682e-09 5.753682e-09 5.688225e-09 5.743768e-09 5.707705e-09 5.688225e-09 5.684991e-09 5.681761e-09 5.678535e-09 5.707705e-09 5.684991e-09 5.678535e-09 5.681761e-09 0.000000e+00 Hall
7.173529e-09 8.968520e-09 5.800406e-09 1.014722e-02 6.406086e-09 5.730602e-09 5.740471e-09 5.871932e-09 6.578882e-09 5.688225e-09 5.998740e-09 5.896167e-09 5.837653e-09 5.753682e-09 5.753682e-09 5.688225e-09 5.743768e-09 5.707705e-09 5.688225e-09 5.684991e-09 5.681761e-09 5.678535e-09 5.707705e-09 5.684991e-09 5.678535e-09 5.681761e-09 0.000000e+00 Englewood
7.173529e-09 8.968520e-09 5.800406e-09 1.014722e-02 6.406086e-09 5.730602e-09 5.740471e-09 5.871932e-09 6.578882e-09 5.688225e-09 5.998740e-09 5.896167e-09 5.837653e-09 5.753682e-09 5.753682e-09 5.688225e-09 5.743768e-09 5.707705e-09 5.688225e-09 5.684991e-09 5.681761e-09 5.678535e-09 5.707705e-09 5.684991e-09 5.678535e-09 5.681761e-09 0.000000e+00 NJ
7.541275e-04 8.968520e-09 5.800406e-09 5.793685e-09 6.406086e-09 5.730602e-09 5.740471e-09 5.871932e-09 6.578882e-09 5.688225e-09 5.998740e-09 5.896167e-09 5.837653e-09 5.753682e-09 5.753682e-09 5.688225e-09 5.743768e-09 5.707705e-09 5.688225e-09 5.684991e-09 5.681761e-09 5.678535e-09 5.707705e-09 5.684991e-09 5.678535e-09 5.681761e-09 0.000000e+00 Rytter
7.173529e-09 5.844468e-04 5.800406e-09 5.793685e-09 6.406086e-09 5.730602e-09 5.740471e-09 5.871932e-09 6.578882e-09 5.688225e-09 5.998740e-09 5.896167e-09 5.837653e-09 5.753682e-09 5.753682e-09 5.688225e-09 5.743768e-09 5.707705e-09 5.688225e-09 5.684991e-09 5.681761e-09 5.678535e-09 5.707705e-09 5.684991e-09 5.678535e-09 5.681761e-09 0.000000e+00 Context-free
7.173529e-09 5.844468e-04 5.800406e-09 5.793685e-09 6.406086e-09 5.730602e-09 5.740471e-09 5.871932e-09 6.578882e-09 5.688225e-09 5.998740e-09 5.896167e-09 5.837653e-09 5.753682e-09 5.753682e-09 5.688225e-09 5.743768e-09 5.707705e-09 5.688225e-09 5.684991e-09 5.681761e-09 5.678535e-09 5.707705e-09 5.684991e-09 5.678535e-09 5.681761e-09 0.000000e+00 shortest
7.173529e-09 5.844468e-04 5.800406e-09 5.793685e-09 6.406086e-09 5.730602e-09 5.740471e-09 5.871932e-09 6.578882e-09 5.688225e-09 5.998740e-09 5.896167e-09 5.837653e-09 5.753682e-09 5.753682e-09 5.688225e-09 5.743768e-09 5.707705e-09 5.688225e-09 5.684991e-09 5.681761e-09 5.678535e-09 5.707705e-09 5.684991e-09 5.678535e-09 5.681761e-09 0.000000e+00 paths
7.173529e-09 5.844468e-04 5.800406e-09 5.793685e-09 6.406086e-09 5.730602e-09 5.740471e-09 5.871932e-09 6.578882e-09 5.688225e-09 5.998740e-09 5.896167e-09 5.837653e-09 5.753682e-09 5.753682e-09 5.688225e-09 5.743768e-09 5.707705e-09 5.688225e-09 5.684991e-09 5.681761e-09 5.678535e-09 5.707705e-09 5.684991e-09 5.678535e-09 5.681761e-09 0.000000e+00 computation:
7.173529e-09 5.844468e-04 5.800406e-09 5.793685e-09 6.406086e-09 5.730602e-09 5.740471e-09 5.871932e-09 6.578882e-09 5.688225e-09 5.998740e-09 5.896167e-09 5.837653e-09 5.753682e-09 5.753682e-09 5.688225e-09 5.743768e-09 5.707705e-09 5.688225e-09 5.684991e-09 5.681761e-09 5.678535e-09 5.707705e-09 5.684991e-09 5.678535e-09 5.681761e-09 0.000000e+00 Valiant's
7.173529e-09 8.968520e-09 5.800406e-09 5.793685e-09 6.406086e-09 5.730602e-09 5.740471e-09 5.871932e-09 6.578882e-09 5.688225e-09 5.998740e-09 6.290589e-03 5.837653e-09 5.753682e-09 5.753682e-09 5.688225e-09 5.743768e-09 5.707705e-09 5.688225e-09 5.684991e-09 5.681761e-09 5.678535e-09 5.707705e-09 5.684991e-09 5.678535e-09 5.681761e-09 0.000000e+00 Theoretical
7.173529e-09 8.968520e-09 5.800406e-09 5.793685e-09 6.406086e-09 5.730602e-09 5.740471e-09 5.871932e-09 3.307013e-03 5.688225e-09 5.998740e-09 5.896167e-09 5.837653e-09 5.753682e-09 5.753682e-09 5.688225e-09 5.743768e-09 5.707705e-09 5.688225e-09 5.684991e-09 5.681761e-09 5.678535e-09 5.707705e-09 5.684991e-09 5.678535e-09 5.681761e-09 0.000000e+00 352
7.173529e-09 5.844468e-04 5.800406e-09 5.793685e-09 6.406086e-09 5.730602e-09 5.740471e-09 5.871932e-09 6.578882e-09 5.688225e-09 5.998740e-09 5.896167e-09 5.837653e-09 5.753682e-09 5.753682e-09 5.688225e-09 5.743768e-09 5.707705e-09 5.688225e-09 5.684991e-09 5.681761e-09 5.678535e-09 5.707705e-09 5.684991e-09 5.678535e-09 5.681761e-09 0.000000e+00 http://www.statmt.org/wmt06/
7.173529e-09 5.844468e-04 5.800406e-09 5.793685e-09 6.406086e-09 5.730602e-09 5.740471e-09 5.871932e-09 6.578882e-09 5.688225e-09 5.998740e-09 5.896167e-09 5.837653e-09 5.753682e-09 5.753682e-09 5.688225e-09 5.743768e-09 5.707705e-09 5.688225e-09 5.684991e-09 5.681761e-09 5.678535e-09 5.707705e-09 5.684991e-09 5.678535e-09 5.681761e-09 0.000000e+00 Concepts
7.173529e-09 5.844468e-04 5.800406e-09 5.793685e-09 6.406086e-09 5.730602e-09 5.740471e-09 5.871932e-09 6.578882e-09 5.688225e-09 5.998740e-09 5.896167e-09 5.837653e-09 5.753682e-09 5.753682e-09 5.688225e-09 5.743768e-09 5.707705e-09 5.688225e-09 5.684991e-09 5.681761e-09 5.678535e-09 5.707705e-09 5.684991e-09 5.678535e-09 5.681761e-09 0.000000e+00 Discrete
7.173529e-09 8.968520e-09 5.800406e-09 1.014722e-02 6.406086e-09 5.730602e-09 5.740471e-09 5.871932e-09 6.578882e-09 5.688225e-09 5.998740e-09 5.896167e-09 5.837653e-09 5.753682e-09 5.753682e-09 5.688225e-09 5.743768e-09 5.707705e-09 5.688225e-09 5.684991e-09 5.681761e-09 5.678535e-09 5.707705e-09 5.684991e-09 5.678535e-09 5.681761e-09 0.000000e+00 Camelot
7.173529e-09 8.968520e-09 5.800406e-09 1.014722e-02 6.406086e-09 5.730602e-09 5.740471e-09 5.871932e-09 6.578882e-09 5.688225e-09 5.998740e-09 5.896167e-09 5.837653e-09 5.753682e-09 5.753682e-09 5.688225e-09 5.743768e-09 5.707705e-09 5.688225e-09 5.684991e-09 5.681761e-09 5.678535e-09 5.707705e-09 5.684991e-09 5.678535e-09 5.681761e-09 0.000000e+00 Pub.
7.173529e-09 8.968520e-09 5.800406e-09 1.014722e-02 6.406086e-09 5.730602e-09 5.740471e-09 5.871932e-09 6.578882e-09 5.688225e-09 5.998740e-09 5.896167e-09 5.837653e-09 5.753682e-09 5.753682e-09 5.688225e-09 5.743768e-09 5.707705e-09 5.688225e-09 5.684991e-09 5.681761e-09 5.678535e-09 5.707705e-09 5.684991e-09 5.678535e-09 5.681761e-09 0.000000e+00 Co.
2.262383e-03 8.968520e-09 5.800406e-09 5.793685e-09 6.406086e-09 5.730602e-09 5.740471e-09 5.871932e-09 6.578882e-09 5.688225e-09 5.998740e-09 5.896167e-09 5.837653e-09 5.753682e-09 5.753682e-09 5.688225e-09 5.743768e-09 5.707705e-09 5.688225e-09 5.684991e-09 5.681761e-09 5.678535e-09 5.707705e-09 5.684991e-09 5.678535e-09 5.681761e-09 0.000000e+00 Sakakibara
7.173529e-09 1.169458e-03 5.800406e-09 5.793685e-09 2.283028e-03 5.730602e-09 5.740471e-09 5.871932e-09 6.578882e-09 5.688225e-09 5.998740e-09 5.896167e-09 5.837653e-09 5.753682e-09 5.753682e-09 5.688225e-09 5.743768e-09 5.707705e-09 5.688225e-09 5.684991e-09 5.681761e-09 5.678535e-09 5.707705e-09 5.684991e-09 5.678535e-09 5.681761e-09 0.000000e+00 Structural
7.173529e-09 5.844468e-04 5.800406e-09 5.793685e-09 6.406086e-09 5.730602e-09 5.740471e-09 5.871932e-09 6.578882e-09 5.688225e-09 5.998740e-09 5.896167e-09 5.837653e-09 5.753682e-09 5.753682e-09 5.688225e-09 5.743768e-09 5.707705e-09 5.688225e-09 5.684991e-09 5.681761e-09 5.678535e-09 5.707705e-09 5.684991e-09 5.678535e-09 5.681761e-09 0.000000e+00 Polynomial
7.173529e-09 1.753341e-03 5.800406e-09 5.793685e-09 6.406086e-09 5.730602e-09 5.740471e-09 5.871932e-09 6.578882e-09 5.688225e-09 5.998740e-09 5.896167e-09 5.837653e-09 5.753682e-09 5.753682e-09 5.688225e-09 5.743768e-09 5.707705e-09 5.688225e-09 5.684991e-09 5.681761e-09 5.678535e-09 5.707705e-09 5.684991e-09 5.678535e-09 5.681761e-09 0.000000e+00 Time
7.173529e-09 8.968520e-09 5.800406e-09 5.793685e-09 6.406086e-09 5.730602e-09 5.740471e-09 5.871932e-09 3.307013e-03 5.688225e-09 5.998740e-09 5.896167e-09 5.837653e-09 5.753682e-09 5.753682e-09 5.688225e-09 5.743768e-09 5.707705e-09 5.688225e-09 5.684991e-09 5.681761e-09 5.678535e-09 5.707705e-09 5.684991e-09 5.678535e-09 5.681761e-09 0.000000e+00 223
7.173529e-09 8.968520e-09 5.800406e-09 5.793685e-09 6.406086e-09 5.730602e-09 5.740471e-09 5.871932e-09 3.307013e-03 5.688225e-09 5.998740e-09 5.896167e-09 5.837653e-09 5.753682e-09 5.753682e-09 5.688225e-09 5.743768e-09 5.707705e-09 5.688225e-09 5.684991e-09 5.681761e-09 5.678535e-09 5.707705e-09 5.684991e-09 5.678535e-09 5.681761e-09 0.000000e+00 242
7.173529e-09 5.844468e-04 5.800406e-09 5.793685e-09 6.406086e-09 5.730602e-09 5.740471e-09 5.871932e-09 6.578882e-09 5.688225e-09 5.998740e-09 5.896167e-09 5.837653e-09 5.753682e-09 5.753682e-09 5.688225e-09 5.743768e-09 5.707705e-09 5.688225e-09 5.684991e-09 5.681761e-09 5.678535e-09 5.707705e-09 5.684991e-09 5.678535e-09 5.681761e-09 0.000000e+00 Positive
7.173529e-09 5.844468e-04 5.800406e-09 5.793685e-09 6.406086e-09 5.730602e-09 5.740471e-09 5.871932e-09 6.578882e-09 5.688225e-09 5.998740e-09 5.896167e-09 5.837653e-09 5.753682e-09 5.753682e-09 5.688225e-09 5.743768e-09 5.707705e-09 5.688225e-09 5.684991e-09 5.681761e-09 5.678535e-09 5.707705e-09 5.684991e-09 5.678535e-09 5.681761e-09 0.000000e+00 Examples
7.173529e-09 8.968520e-09 5.800406e-09 5.793685e-09 6.406086e-09 5.730602e-09 5.740471e-09 5.871932e-09 6.578882e-09 5.688225e-09 5.998740e-09 5.896167e-09 1.411305e-02 5.753682e-09 5.753682e-09 5.688225e-09 5.743768e-09 5.707705e-09 5.688225e-09 5.684991e-09 5.681761e-09 5.678535e-09 5.707705e-09 5.684991e-09 5.678535e-09 5.681761e-09 0.000000e+00 97
7.541275e-04 8.968520e-09 5.800406e-09 5.793685e-09 6.406086e-09 5.730602e-09 5.740471e-09 5.871932e-09 6.578882e-09 5.688225e-09 5.998740e-09 5.896167e-09 5.837653e-09 5.753682e-09 5.753682e-09 5.688225e-09 5.743768e-09 5.707705e-09 5.688225e-09 5.684991e-09 5.681761e-09 5.678535e-09 5.707705e-09 5.684991e-09 5.678535e-09 5.681761e-09 0.000000e+00 Hughey
7.541275e-04 8.968520e-09 5.800406e-09 5.793685e-09 6.406086e-09 5.730602e-09 5.740471e-09 5.871932e-09 6.578882e-09 5.688225e-09 5.998740e-09 5.896167e-09 5.837653e-09 5.753682e-09 5.753682e-09 5.688225e-09 5.743768e-09 5.707705e-09 5.688225e-09 5.684991e-09 5.681761e-09 5.678535e-09 5.707705e-09 5.684991e-09 5.678535e-09 5.681761e-09 0.000000e+00 I.S.
7.541275e-04 8.968520e-09 5.800406e-09 5.793685e-09 6.406086e-09 5.730602e-09 5.740471e-09 5.871932e-09 6.578882e-09 5.688225e-09 5.998740e-09 5.896167e-09 5.837653e-09 5.753682e-09 5.753682e-09 5.688225e-09 5.743768e-09 5.707705e-09 5.688225e-09 5.684991e-09 5.681761e-09 5.678535e-09 5.707705e-09 5.684991e-09 5.678535e-09 5.681761e-09 0.000000e+00 Mian
7.541275e-04 8.968520e-09 5.800406e-09 5.793685e-09 6.406086e-09 5.730602e-09 5.740471e-09 5.871932e-09 6.578882e-09 5.688225e-09 5.998740e-09 5.896167e-09 5.837653e-09 5.753682e-09 5.753682e-09 5.688225e-09 5.743768e-09 5.707705e-09 5.688225e-09 5.684991e-09 5.681761e-09 5.678535e-09 5.707705e-09 5.684991e-09 5.678535e-09 5.681761e-09 0.000000e+00 Sj\"{o}lander
7.541275e-04 8.968520e-09 5.800406e-09 5.793685e-09 6.406086e-09 5.730602e-09 5.740471e-09 5.871932e-09 6.578882e-09 5.688225e-09 5.998740e-09 5.896167e-09 5.837653e-09 5.753682e-09 5.753682e-09 5.688225e-09 5.743768e-09 5.707705e-09 5.688225e-09 5.684991e-09 5.681761e-09 5.678535e-09 5.707705e-09 5.684991e-09 5.678535e-09 5.681761e-09 0.000000e+00 Underwood
7.541275e-04 8.968520e-09 5.800406e-09 5.793685e-09 6.406086e-09 5.730602e-09 5.740471e-09 5.871932e-09 6.578882e-09 5.688225e-09 5.998740e-09 5.896167e-09 5.837653e-09 5.753682e-09 5.753682e-09 5.688225e-09 5.743768e-09 5.707705e-09 5.688225e-09 5.684991e-09 5.681761e-09 5.678535e-09 5.707705e-09 5.684991e-09 5.678535e-09 5.681761e-09 0.000000e+00 Haussle
7.173529e-09 5.844468e-04 5.800406e-09 5.793685e-09 6.406086e-09 5.730602e-09 5.740471e-09 5.871932e-09 6.578882e-09 5.688225e-09 5.998740e-09 5.896167e-09 5.837653e-09 5.753682e-09 5.753682e-09 5.688225e-09 5.743768e-09 5.707705e-09 5.688225e-09 5.684991e-09 5.681761e-09 5.678535e-09 5.707705e-09 5.684991e-09 5.678535e-09 5.681761e-09 0.000000e+00 Folding
7.173529e-09 5.844468e-04 5.800406e-09 5.793685e-09 6.406086e-09 5.730602e-09 5.740471e-09 5.871932e-09 6.578882e-09 5.688225e-09 5.998740e-09 5.896167e-09 5.837653e-09 5.753682e-09 5.753682e-09 5.688225e-09 5.743768e-09 5.707705e-09 5.688225e-09 5.684991e-09 5.681761e-09 5.678535e-09 5.707705e-09 5.684991e-09 5.678535e-09 5.681761e-09 0.000000e+00 Aligning
7.173529e-09 5.844468e-04 5.800406e-09 5.793685e-09 6.406086e-09 5.730602e-09 5.740471e-09 5.871932e-09 6.578882e-09 5.688225e-09 5.998740e-09 5.896167e-09 5.837653e-09 5.753682e-09 5.753682e-09 5.688225e-09 5.743768e-09 5.707705e-09 5.688225e-09 5.684991e-09 5.681761e-09 5.678535e-09 5.707705e-09 5.684991e-09 5.678535e-09 5.681761e-09 0.000000e+00 Homologous
7.173529e-09 1.168894e-03 5.800406e-09 5.793685e-09 6.406086e-09 5.730602e-09 5.740471e-09 5.871932e-09 6.578882e-09 5.688225e-09 5.998740e-09 5.896167e-09 5.837653e-09 5.753682e-09 5.753682e-09 5.688225e-09 5.743768e-09 5.707705e-09 5.688225e-09 5.684991e-09 5.681761e-09 5.678535e-09 5.707705e-09 5.684991e-09 5.678535e-09 5.681761e-09 0.000000e+00 RNA
7.173529e-09 8.968520e-09 5.800406e-09 5.793685e-09 6.406086e-09 5.730602e-09 5.740471e-09 5.871932e-09 6.578882e-09 5.688225e-09 5.998740e-09 5.896167e-09 5.837653e-09 5.753682e-09 1.315777e-02 5.688225e-09 3.131487e-02 5.707705e-09 5.688225e-09 5.684991e-09 5.681761e-09 5.678535e-09 5.707705e-09 5.684991e-09 5.678535e-09 5.681761e-09 0.000000e+00 California
7.173529e-09 8.968520e-09 5.800406e-09 5.793685e-09 6.406086e-09 5.730602e-09 5.740471e-09 5.871932e-09 6.578882e-09 5.688225e-09 7.250385e-03 5.896167e-09 5.837653e-09 5.753682e-09 5.753682e-09 5.688225e-09 5.743768e-09 5.707705e-09 5.688225e-09 5.684991e-09 5.681761e-09 5.678535e-09 5.707705e-09 5.684991e-09 5.678535e-09 5.681761e-09 0.000000e+00 Santa
7.173529e-09 8.968520e-09 5.800406e-09 5.793685e-09 6.406086e-09 5.730602e-09 5.740471e-09 5.871932e-09 6.578882e-09 5.688225e-09 7.250385e-03 5.896167e-09 5.837653e-09 5.753682e-09 5.753682e-09 5.688225e-09 5.743768e-09 5.707705e-09 5.688225e-09 5.684991e-09 5.681761e-09 5.678535e-09 5.707705e-09 5.684991e-09 5.678535e-09 5.681761e-09 0.000000e+00 Cruz
7.173529e-09 8.968520e-09 5.800406e-09 5.793685e-09 6.406086e-09 5.730602e-09 5.740471e-09 5.871932e-09 6.578882e-09 5.688225e-09 7.250385e-03 5.896167e-09 5.837653e-09 5.753682e-09 5.753682e-09 5.688225e-09 5.743768e-09 5.707705e-09 5.688225e-09 5.684991e-09 5.681761e-09 5.678535e-09 5.707705e-09 5.684991e-09 5.678535e-09 5.681761e-09 0.000000e+00 Ca.
7.173529e-09 8.968520e-09 5.800406e-09 5.793685e-09 6.406086e-09 5.730602e-09 5.740471e-09 5.871932e-09 6.578882e-09 5.688225e-09 5.998740e-09 5.896167e-09 5.837653e-09 1.180284e-02 5.753682e-09 5.688225e-09 5.743768e-09 5.707705e-09 5.688225e-09 5.684991e-09 5.681761e-09 5.678535e-09 5.707705e-09 5.684991e-09 5.678535e-09 5.681761e-09 0.000000e+00 UCSC-CRL-
7.173529e-09 8.968520e-09 5.800406e-09 5.793685e-09 6.406086e-09 5.730602e-09 5.740471e-09 5.871932e-09 6.578882e-09 5.688225e-09 5.998740e-09 5.896167e-09 5.837653e-09 1.180284e-02 5.753682e-09 5.688225e-09 5.743768e-09 5.707705e-09 5.688225e-09 5.684991e-09 5.681761e-09 5.678535e-09 5.707705e-09 5.684991e-09 5.678535e-09 5.681761e-09 0.000000e+00 94
7.541275e-04 8.968520e-09 5.800406e-09 5.793685e-09 6.406086e-09 5.730602e-09 5.740471e-09 5.871932e-09 6.578882e-09 5.688225e-09 5.998740e-09 5.896167e-09 5.837653e-09 5.753682e-09 5.753682e-09 5.688225e-09 5.743768e-09 5.707705e-09 5.688225e-09 5.684991e-09 5.681761e-09 5.678535e-09 5.707705e-09 5.684991e-09 5.678535e-09 5.681761e-09 0.000000e+00 I.
7.541275e-04 8.968520e-09 5.800406e-09 5.793685e-09 6.406086e-09 5.730602e-09 5.740471e-09 5.871932e-09 6.578882e-09 5.688225e-09 5.998740e-09 5.896167e-09 5.837653e-09 5.753682e-09 5.753682e-09 5.688225e-09 5.743768e-09 5.707705e-09 5.688225e-09 5.684991e-09 5.681761e-09 5.678535e-09 5.707705e-09 5.684991e-09 5.678535e-09 5.681761e-09 0.000000e+00 Salvador
7.173529e-09 5.844468e-04 5.800406e-09 5.793685e-09 6.406086e-09 5.730602e-09 5.740471e-09 5.871932e-09 6.578882e-09 5.688225e-09 5.998740e-09 5.896167e-09 5.837653e-09 5.753682e-09 5.753682e-09 5.688225e-09 5.743768e-09 5.707705e-09 5.688225e-09 5.684991e-09 5.681761e-09 5.678535e-09 5.707705e-09 5.684991e-09 5.678535e-09 5.681761e-09 0.000000e+00 n-Gram
7.173529e-09 8.968520e-09 5.800406e-09 5.793685e-09 6.406086e-09 5.730602e-09 5.740471e-09 5.871932e-09 3.307013e-03 5.688225e-09 5.998740e-09 5.896167e-09 5.837653e-09 5.753682e-09 5.753682e-09 5.688225e-09 5.743768e-09 5.707705e-09 5.688225e-09 5.684991e-09 5.681761e-09 5.678535e-09 5.707705e-09 5.684991e-09 5.678535e-09 5.681761e-09 0.000000e+00 309
7.541275e-04 8.968520e-09 5.800406e-09 5.793685e-09 6.406086e-09 5.730602e-09 5.740471e-09 5.871932e-09 6.578882e-09 5.688225e-09 5.998740e-09 5.896167e-09 5.837653e-09 5.753682e-09 5.753682e-09 5.688225e-09 5.743768e-09 5.707705e-09 5.688225e-09 5.684991e-09 5.681761e-09 5.678535e-09 5.707705e-09 5.684991e-09 5.678535e-09 5.681761e-09 0.000000e+00 Samuelsson
7.541275e-04 8.968520e-09 5.800406e-09 5.793685e-09 6.406086e-09 5.730602e-09 5.740471e-09 5.871932e-09 6.578882e-09 5.688225e-09 5.998740e-09 5.896167e-09 5.837653e-09 5.753682e-09 5.753682e-09 5.688225e-09 5.743768e-09 5.707705e-09 5.688225e-09 5.684991e-09 5.681761e-09 5.678535e-09 5.707705e-09 5.684991e-09 5.678535e-09 5.681761e-09 0.000000e+00 Reichl
7.173529e-09 5.844468e-04 5.800406e-09 5.793685e-09 6.406086e-09 5.730602e-09 5.740471e-09 5.871932e-09 6.578882e-09 5.688225e-09 5.998740e-09 5.896167e-09 5.837653e-09 5.753682e-09 5.753682e-09 5.688225e-09 5.743768e-09 5.707705e-09 5.688225e-09 5.684991e-09 5.681761e-09 5.678535e-09 5.707705e-09 5.684991e-09 5.678535e-09 5.681761e-09 0.000000e+00 Class-BAsed
7.173529e-09 5.844468e-04 5.800406e-09 5.793685e-09 6.406086e-09 5.730602e-09 5.740471e-09 5.871932e-09 6.578882e-09 5.688225e-09 5.998740e-09 5.896167e-09 5.837653e-09 5.753682e-09 5.753682e-09 5.688225e-09 5.743768e-09 5.707705e-09 5.688225e-09 5.684991e-09 5.681761e-09 5.678535e-09 5.707705e-09 5.684991e-09 5.678535e-09 5.681761e-09 0.000000e+00 Large-Vocabulary
7.173529e-09 5.844468e-04 5.800406e-09 5.793685e-09 6.406086e-09 5.730602e-09 5.740471e-09 5.871932e-09 6.578882e-09 5.688225e-09 5.998740e-09 5.896167e-09 5.837653e-09 5.753682e-09 5.753682e-09 5.688225e-09 5.743768e-09 5.707705e-09 5.688225e-09 5.684991e-09 5.681761e-09 5.678535e-09 5.707705e-09 5.684991e-09 5.678535e-09 5.681761e-09 0.000000e+00 Extracted
7.173529e-09 5.844468e-04 5.800406e-09 5.793685e-09 6.406086e-09 5.730602e-09 5.740471e-09 5.871932e-09 6.578882e-09 5.688225e-09 5.998740e-09 5.896167e-09 5.837653e-09 5.753682e-09 5.753682e-09 5.688225e-09 5.743768e-09 5.707705e-09 5.688225e-09 5.684991e-09 5.681761e-09 5.678535e-09 5.707705e-09 5.684991e-09 5.678535e-09 5.681761e-09 0.000000e+00 Statistics
7.173529e-09 8.968520e-09 5.800406e-09 5.793685e-09 1.142065e-03 5.730602e-09 5.740471e-09 5.871932e-09 6.578882e-09 5.688225e-09 5.998740e-09 5.896167e-09 5.837653e-09 5.753682e-09 5.753682e-09 5.688225e-09 5.743768e-09 5.707705e-09 5.688225e-09 5.684991e-09 5.681761e-09 5.678535e-09 5.707705e-09 5.684991e-09 5.678535e-09 5.681761e-09 0.000000e+00 ICASSP
7.173529e-09 8.968520e-09 5.800406e-09 5.793685e-09 6.406086e-09 5.730602e-09 5.740471e-09 5.871932e-09 3.307013e-03 5.688225e-09 5.998740e-09 5.896167e-09 5.837653e-09 5.753682e-09 5.753682e-09 5.688225e-09 5.743768e-09 5.707705e-09 5.688225e-09 5.684991e-09 5.681761e-09 5.678535e-09 5.707705e-09 5.684991e-09 5.678535e-09 5.681761e-09 0.000000e+00 537
7.173529e-09 8.968520e-09 5.800406e-09 5.793685e-09 6.406086e-09 5.730602e-09 5.740471e-09 5.871932e-09 3.307013e-03 5.688225e-09 5.998740e-09 5.896167e-09 5.837653e-09 5.753682e-09 5.753682e-09 5.688225e-09 5.743768e-09 5.707705e-09 5.688225e-09 5.684991e-09 5.681761e-09 5.678535e-09 5.707705e-09 5.684991e-09 5.678535e-09 5.681761e-09 0.000000e+00 540
7.173529e-09 1.168894e-03 5.800406e-09 5.793685e-09 6.406086e-09 5.730602e-09 5.740471e-09 5.871932e-09 6.578882e-09 5.688225e-09 5.998740e-09 5.896167e-09 5.837653e-09 5.753682e-09 5.753682e-09 5.688225e-09 5.743768e-09 5.707705e-09 5.688225e-09 5.684991e-09 5.681761e-09 5.678535e-09 5.707705e-09 5.684991e-09 5.678535e-09 5.681761e-09 0.000000e+00 Obtaining
7.173529e-09 1.753341e-03 5.800406e-09 5.793685e-09 6.406086e-09 5.730602e-09 5.740471e-09 5.871932e-09 6.578882e-09 5.688225e-09 5.998740e-09 5.896167e-09 5.837653e-09 5.753682e-09 5.753682e-09 5.688225e-09 5.743768e-09 5.707705e-09 5.688225e-09 5.684991e-09 5.681761e-09 5.678535e-09 5.707705e-09 5.684991e-09 5.678535e-09 5.681761e-09 0.000000e+00 Inversion
7.173529e-09 1.753341e-03 5.800406e-09 5.793685e-09 6.406086e-09 5.730602e-09 5.740471e-09 5.871932e-09 6.578882e-09 5.688225e-09 5.998740e-09 5.896167e-09 5.837653e-09 5.753682e-09 5.753682e-09 5.688225e-09 5.743768e-09 5.707705e-09 5.688225e-09 5.684991e-09 5.681761e-09 5.678535e-09 5.707705e-09 5.684991e-09 5.678535e-09 5.681761e-09 0.000000e+00 Transduction
7.173529e-09 1.753341e-03 5.800406e-09 5.793685e-09 6.406086e-09 5.730602e-09 5.740471e-09 5.871932e-09 6.578882e-09 5.688225e-09 5.998740e-09 5.896167e-09 5.837653e-09 5.753682e-09 5.753682e-09 5.688225e-09 5.743768e-09 5.707705e-09 5.688225e-09 5.684991e-09 5.681761e-09 5.678535e-09 5.707705e-09 5.684991e-09 5.678535e-09 5.681761e-09 0.000000e+00 Phrase-based
7.173529e-09 8.968520e-09 5.800406e-09 5.793685e-09 6.406086e-09 5.730602e-09 5.740471e-09 5.871932e-09 6.614026e-03 5.688225e-09 5.998740e-09 5.896167e-09 5.837653e-09 5.753682e-09 5.753682e-09 5.688225e-09 5.743768e-09 5.707705e-09 5.688225e-09 5.684991e-09 5.681761e-09 5.678535e-09 5.707705e-09 5.684991e-09 5.678535e-09 5.681761e-09 0.000000e+00 186
7.173529e-09 8.968520e-09 5.800406e-09 5.793685e-09 6.406086e-09 5.730602e-09 5.740471e-09 5.871932e-09 6.578882e-09 5.688225e-09 7.250385e-03 5.896167e-09 5.837653e-09 5.753682e-09 5.753682e-09 5.688225e-09 5.743768e-09 5.707705e-09 5.688225e-09 5.684991e-09 5.681761e-09 5.678535e-09 5.707705e-09 5.684991e-09 5.678535e-09 5.681761e-09 0.000000e+00 Oslo
7.173529e-09 8.968520e-09 5.800406e-09 5.793685e-09 6.406086e-09 5.730602e-09 5.740471e-09 5.871932e-09 6.578882e-09 5.688225e-09 7.250385e-03 5.896167e-09 5.837653e-09 5.753682e-09 5.753682e-09 5.688225e-09 5.743768e-09 5.707705e-09 5.688225e-09 5.684991e-09 5.681761e-09 5.678535e-09 5.707705e-09 5.684991e-09 5.678535e-09 5.681761e-09 0.000000e+00 Norway
7.173529e-09 8.968520e-09 5.800406e-09 5.793685e-09 1.142065e-03 5.730602e-09 5.740471e-09 5.871932e-09 6.578882e-09 5.688225e-09 5.998740e-09 5.896167e-09 5.837653e-09 5.753682e-09 5.753682e-09 5.688225e-09 5.743768e-09 5.707705e-09 5.688225e-09 5.684991e-09 5.681761e-09 5.678535e-09 5.707705e-09 5.684991e-09 5.678535e-09 5.681761e-09 0.000000e+00 Translation.
7.173529e-09 8.968520e-09 5.800406e-09 5.793685e-09 1.142065e-03 5.730602e-09 5.740471e-09 5.871932e-09 6.578882e-09 5.688225e-09 5.998740e-09 5.896167e-09 5.837653e-09 5.753682e-09 5.753682e-09 5.688225e-09 5.743768e-09 5.707705e-09 5.688225e-09 5.684991e-09 5.681761e-09 5.678535e-09 5.707705e-09 5.684991e-09 5.678535e-09 5.681761e-09 0.000000e+00 06
7.173529e-09 8.968520e-09 5.800406e-09 5.793685e-09 6.406086e-09 5.730602e-09 5.740471e-09 5.871932e-09 6.614026e-03 5.688225e-09 5.998740e-09 5.896167e-09 5.837653e-09 5.753682e-09 5.753682e-09 5.688225e-09 5.743768e-09 5.707705e-09 5.688225e-09 5.684991e-09 5.681761e-09 5.678535e-09 5.707705e-09 5.684991e-09 5.678535e-09 5.681761e-09 0.000000e+00 130
7.173529e-09 5.844468e-04 5.800406e-09 5.793685e-09 6.406086e-09 5.730602e-09 5.740471e-09 5.871932e-09 6.578882e-09 5.688225e-09 5.998740e-09 5.896167e-09 5.837653e-09 5.753682e-09 5.753682e-09 5.688225e-09 5.743768e-09 5.707705e-09 5.688225e-09 5.684991e-09 5.681761e-09 5.678535e-09 5.707705e-09 5.684991e-09 5.678535e-09 5.681761e-09 0.000000e+00 Inductive
7.173529e-09 5.844468e-04 5.800406e-09 5.793685e-09 6.406086e-09 5.730602e-09 5.740471e-09 5.871932e-09 6.578882e-09 5.688225e-09 5.998740e-09 5.896167e-09 5.837653e-09 5.753682e-09 5.753682e-09 5.688225e-09 5.743768e-09 5.707705e-09 5.688225e-09 5.684991e-09 5.681761e-09 5.678535e-09 5.707705e-09 5.684991e-09 5.678535e-09 5.681761e-09 0.000000e+00 Comparison
7.173529e-09 8.968520e-09 5.800406e-09 5.793685e-09 2.284130e-03 5.730602e-09 5.740471e-09 5.871932e-09 6.578882e-09 5.688225e-09 5.998740e-09 5.896167e-09 5.837653e-09 5.753682e-09 5.753682e-09 5.688225e-09 5.743768e-09 5.707705e-09 5.688225e-09 5.684991e-09 5.681761e-09 5.678535e-09 5.707705e-09 5.684991e-09 5.678535e-09 5.681761e-09 0.000000e+00 Syntactical
7.173529e-09 8.968520e-09 5.800406e-09 5.793685e-09 6.406086e-09 5.730602e-09 5.740471e-09 6.846268e-03 6.578882e-09 5.688225e-09 5.998740e-09 5.896167e-09 5.837653e-09 5.753682e-09 5.753682e-09 5.688225e-09 5.743768e-09 5.707705e-09 5.688225e-09 5.684991e-09 5.681761e-09 5.678535e-09 5.707705e-09 5.684991e-09 5.678535e-09 5.681761e-09 0.000000e+00 Perner
7.173529e-09 8.968520e-09 5.800406e-09 5.793685e-09 6.406086e-09 5.730602e-09 5.740471e-09 6.846268e-03 6.578882e-09 5.688225e-09 5.998740e-09 5.896167e-09 5.837653e-09 5.753682e-09 5.753682e-09 5.688225e-09 5.743768e-09 5.707705e-09 5.688225e-09 5.684991e-09 5.681761e-09 5.678535e-09 5.707705e-09 5.684991e-09 5.678535e-09 5.681761e-09 0.000000e+00 Wang
7.173529e-09 8.968520e-09 5.800406e-09 5.793685e-09 6.406086e-09 5.730602e-09 5.740471e-09 5.871932e-09 3.307013e-03 5.688225e-09 5.998740e-09 5.896167e-09 5.837653e-09 5.753682e-09 5.753682e-09 5.688225e-09 5.743768e-09 5.707705e-09 5.688225e-09 5.684991e-09 5.681761e-09 5.678535e-09 5.707705e-09 5.684991e-09 5.678535e-09 5.681761e-09 0.000000e+00 50
7.173529e-09 5.844468e-04 5.800406e-09 5.793685e-09 6.406086e-09 5.730602e-09 5.740471e-09 5.871932e-09 6.578882e-09 5.688225e-09 5.998740e-09 5.896167e-09 5.837653e-09 5.753682e-09 5.753682e-09 5.688225e-09 5.743768e-09 5.707705e-09 5.688225e-09 5.684991e-09 5.681761e-09 5.678535e-09 5.707705e-09 5.684991e-09 5.678535e-09 5.681761e-09 0.000000e+00 Gramáticas
7.173529e-09 5.844468e-04 5.800406e-09 5.793685e-09 6.406086e-09 5.730602e-09 5.740471e-09 5.871932e-09 6.578882e-09 5.688225e-09 5.998740e-09 5.896167e-09 5.837653e-09 5.753682e-09 5.753682e-09 5.688225e-09 5.743768e-09 5.707705e-09 5.688225e-09 5.684991e-09 5.681761e-09 5.678535e-09 5.707705e-09 5.684991e-09 5.678535e-09 5.681761e-09 0.000000e+00 Incontextuales
7.173529e-09 5.844468e-04 5.800406e-09 5.793685e-09 6.406086e-09 5.730602e-09 5.740471e-09 5.871932e-09 6.578882e-09 5.688225e-09 5.998740e-09 5.896167e-09 5.837653e-09 5.753682e-09 5.753682e-09 5.688225e-09 5.743768e-09 5.707705e-09 5.688225e-09 5.684991e-09 5.681761e-09 5.678535e-09 5.707705e-09 5.684991e-09 5.678535e-09 5.681761e-09 0.000000e+00 Probabilísticas
7.173529e-09 5.844468e-04 5.800406e-09 5.793685e-09 6.406086e-09 5.730602e-09 5.740471e-09 5.871932e-09 6.578882e-09 5.688225e-09 5.998740e-09 5.896167e-09 5.837653e-09 5.753682e-09 5.753682e-09 5.688225e-09 5.743768e-09 5.707705e-09 5.688225e-09 5.684991e-09 5.681761e-09 5.678535e-09 5.707705e-09 5.684991e-09 5.678535e-09 5.681761e-09 0.000000e+00 Consistentes
7.173529e-09 8.968520e-09 5.800406e-09 5.793685e-09 6.406086e-09 5.730602e-09 5.740471e-09 5.871932e-09 6.578882e-09 5.688225e-09 5.998740e-09 5.896167e-09 5.837653e-09 1.180284e-02 5.753682e-09 5.688225e-09 5.743768e-09 5.707705e-09 5.688225e-09 5.684991e-09 5.681761e-09 5.678535e-09 5.707705e-09 5.684991e-09 5.678535e-09 5.681761e-09 0.000000e+00 DSIC-II/20/96
7.173529e-09 5.844468e-04 5.800406e-09 5.793685e-09 6.406086e-09 5.730602e-09 5.740471e-09 5.871932e-09 6.578882e-09 5.688225e-09 5.998740e-09 5.896167e-09 5.837653e-09 5.753682e-09 5.753682e-09 5.688225e-09 5.743768e-09 5.707705e-09 5.688225e-09 5.684991e-09 5.681761e-09 5.678535e-09 5.707705e-09 5.684991e-09 5.678535e-09 5.681761e-09 0.000000e+00 Consistency
7.173529e-09 5.844468e-04 5.800406e-09 5.793685e-09 6.406086e-09 5.730602e-09 5.740471e-09 5.871932e-09 6.578882e-09 5.688225e-09 5.998740e-09 5.896167e-09 5.837653e-09 5.753682e-09 5.753682e-09 5.688225e-09 5.743768e-09 5.707705e-09 5.688225e-09 5.684991e-09 5.681761e-09 5.678535e-09 5.707705e-09 5.684991e-09 5.678535e-09 5.681761e-09 0.000000e+00 Grammmars
7.173529e-09 5.844468e-04 5.800406e-09 5.793685e-09 6.406086e-09 5.730602e-09 5.740471e-09 5.871932e-09 6.578882e-09 5.688225e-09 5.998740e-09 5.896167e-09 5.837653e-09 5.753682e-09 5.753682e-09 5.688225e-09 5.743768e-09 5.707705e-09 5.688225e-09 5.684991e-09 5.681761e-09 5.678535e-09 5.707705e-09 5.684991e-09 5.678535e-09 5.681761e-09 0.000000e+00 Transformation
7.173529e-09 8.968520e-09 1.405942e-02 5.793685e-09 6.406086e-09 5.730602e-09 5.740471e-09 5.871932e-09 6.578882e-09 5.688225e-09 5.998740e-09 5.896167e-09 5.837653e-09 5.753682e-09 5.753682e-09 5.688225e-09 5.743768e-09 5.707705e-09 5.688225e-09 5.684991e-09 5.681761e-09 5.678535e-09 5.707705e-09 5.684991e-09 5.678535e-09 5.681761e-09 0.000000e+00 1997
7.173529e-09 8.968520e-09 5.800406e-09 5.793685e-09 6.406086e-09 5.730602e-09 5.740471e-09 5.871932e-09 3.307013e-03 5.688225e-09 5.998740e-09 5.896167e-09 5.837653e-09 5.753682e-09 5.753682e-09 5.688225e-09 5.743768e-09 5.707705e-09 5.688225e-09 5.684991e-09 5.681761e-09 5.678535e-09 5.707705e-09 5.684991e-09 5.678535e-09 5.681761e-09 0.000000e+00 1052
7.173529e-09 8.968520e-09 5.800406e-09 5.793685e-09 6.406086e-09 5.730602e-09 5.740471e-09 5.871932e-09 3.307013e-03 5.688225e-09 5.998740e-09 5.896167e-09 5.837653e-09 5.753682e-09 5.753682e-09 5.688225e-09 5.743768e-09 5.707705e-09 5.688225e-09 5.684991e-09 5.681761e-09 5.678535e-09 5.707705e-09 5.684991e-09 5.678535e-09 5.681761e-09 0.000000e+00 1055
7.173529e-09 5.844468e-04 5.800406e-09 5.793685e-09 6.406086e-09 5.730602e-09 5.740471e-09 5.871932e-09 6.578882e-09 5.688225e-09 5.998740e-09 5.896167e-09 5.837653e-09 5.753682e-09 5.753682e-09 5.688225e-09 5.743768e-09 5.707705e-09 5.688225e-09 5.684991e-09 5.681761e-09 5.678535e-09 5.707705e-09 5.684991e-09 5.678535e-09 5.681761e-09 0.000000e+00 best
7.173529e-09 5.844468e-04 5.800406e-09 5.793685e-09 6.406086e-09 5.730602e-09 5.740471e-09 5.871932e-09 6.578882e-09 5.688225e-09 5.998740e-09 5.896167e-09 5.837653e-09 5.753682e-09 5.753682e-09 5.688225e-09 5.743768e-09 5.707705e-09 5.688225e-09 5.684991e-09 5.681761e-09 5.678535e-09 5.707705e-09 5.684991e-09 5.678535e-09 5.681761e-09 0.000000e+00 derivation
7.173529e-09 5.844468e-04 5.800406e-09 5.793685e-09 6.406086e-09 5.730602e-09 5.740471e-09 5.871932e-09 6.578882e-09 5.688225e-09 5.998740e-09 5.896167e-09 5.837653e-09 5.753682e-09 5.753682e-09 5.688225e-09 5.743768e-09 5.707705e-09 5.688225e-09 5.684991e-09 5.681761e-09 5.678535e-09 5.707705e-09 5.684991e-09 5.678535e-09 5.681761e-09 0.000000e+00 initial
7.173529e-09 5.844468e-04 5.800406e-09 5.793685e-09 6.406086e-09 5.730602e-09 5.740471e-09 5.871932e-09 6.578882e-09 5.688225e-09 5.998740e-09 5.896167e-09 5.837653e-09 5.753682e-09 5.753682e-09 5.688225e-09 5.743768e-09 5.707705e-09 5.688225e-09 5.684991e-09 5.681761e-09 5.678535e-09 5.707705e-09 5.684991e-09 5.678535e-09 5.681761e-09 0.000000e+00 substring
7.173529e-09 8.968520e-09 5.800406e-09 5.793685e-09 1.142065e-03 5.730602e-09 5.740471e-09 5.871932e-09 6.578882e-09 5.688225e-09 5.998740e-09 5.896167e-09 5.837653e-09 5.753682e-09 5.753682e-09 5.688225e-09 5.743768e-09 5.707705e-09 5.688225e-09 5.684991e-09 5.681761e-09 5.678535e-09 5.707705e-09 5.684991e-09 5.678535e-09 5.681761e-09 0.000000e+00 VII
7.173529e-09 8.968520e-09 5.800406e-09 5.793685e-09 6.406086e-09 5.730602e-09 5.740471e-09 6.846268e-03 6.578882e-09 5.688225e-09 5.998740e-09 5.896167e-09 5.837653e-09 5.753682e-09 5.753682e-09 5.688225e-09 5.743768e-09 5.707705e-09 5.688225e-09 5.684991e-09 5.681761e-09 5.678535e-09 5.707705e-09 5.684991e-09 5.678535e-09 5.681761e-09 0.000000e+00 J.J.
7.173529e-09 8.968520e-09 5.800406e-09 5.793685e-09 6.406086e-09 5.730602e-09 5.740471e-09 6.846268e-03 6.578882e-09 5.688225e-09 5.998740e-09 5.896167e-09 5.837653e-09 5.753682e-09 5.753682e-09 5.688225e-09 5.743768e-09 5.707705e-09 5.688225e-09 5.684991e-09 5.681761e-09 5.678535e-09 5.707705e-09 5.684991e-09 5.678535e-09 5.681761e-09 0.000000e+00 Villanueva
7.173529e-09 8.968520e-09 5.800406e-09 5.793685e-09 6.406086e-09 5.730602e-09 5.740471e-09 6.846268e-03 6.578882e-09 5.688225e-09 5.998740e-09 5.896167e-09 5.837653e-09 5.753682e-09 5.753682e-09 5.688225e-09 5.743768e-09 5.707705e-09 5.688225e-09 5.684991e-09 5.681761e-09 5.678535e-09 5.707705e-09 5.684991e-09 5.678535e-09 5.681761e-09 0.000000e+00 Vitrià
7.173529e-09 5.844468e-04 5.800406e-09 5.793685e-09 6.406086e-09 5.730602e-09 5.740471e-09 5.871932e-09 6.578882e-09 5.688225e-09 5.998740e-09 5.896167e-09 5.837653e-09 5.753682e-09 5.753682e-09 5.688225e-09 5.743768e-09 5.707705e-09 5.688225e-09 5.684991e-09 5.681761e-09 5.678535e-09 5.707705e-09 5.684991e-09 5.678535e-09 5.681761e-09 0.000000e+00 different
7.173529e-09 5.844468e-04 5.800406e-09 5.793685e-09 6.406086e-09 5.730602e-09 5.740471e-09 5.871932e-09 6.578882e-09 5.688225e-09 5.998740e-09 5.896167e-09 5.837653e-09 5.753682e-09 5.753682e-09 5.688225e-09 5.743768e-09 5.707705e-09 5.688225e-09 5.684991e-09 5.681761e-09 5.678535e-09 5.707705e-09 5.684991e-09 5.678535e-09 5.681761e-09 0.000000e+00 estimating
7.173529e-09 1.168894e-03 5.800406e-09 5.793685e-09 6.406086e-09 5.730602e-09 5.740471e-09 5.871932e-09 6.578882e-09 5.688225e-09 5.998740e-09 5.896167e-09 5.837653e-09 5.753682e-09 5.753682e-09 5.688225e-09 5.743768e-09 5.707705e-09 5.688225e-09 5.684991e-09 5.681761e-09 5.678535e-09 5.707705e-09 5.684991e-09 5.678535e-09 5.681761e-09 0.000000e+00 distributions
7.173529e-09 5.844468e-04 5.800406e-09 5.793685e-09 6.406086e-09 5.730602e-09 5.740471e-09 5.871932e-09 6.578882e-09 5.688225e-09 5.998740e-09 5.896167e-09 5.837653e-09 5.753682e-09 5.753682e-09 5.688225e-09 5.743768e-09 5.707705e-09 5.688225e-09 5.684991e-09 5.681761e-09 5.678535e-09 5.707705e-09 5.684991e-09 5.678535e-09 5.681761e-09 0.000000e+00 grammars:
7.173529e-09 5.844468e-04 5.800406e-09 5.793685e-09 6.406086e-09 5.730602e-09 5.740471e-09 5.871932e-09 6.578882e-09 5.688225e-09 5.998740e-09 5.896167e-09 5.837653e-09 5.753682e-09 5.753682e-09 5.688225e-09 5.743768e-09 5.707705e-09 5.688225e-09 5.684991e-09 5.681761e-09 5.678535e-09 5.707705e-09 5.684991e-09 5.678535e-09 5.681761e-09 0.000000e+00 proposal
7.173529e-09 8.968520e-09 5.800406e-09 5.793685e-09 6.406086e-09 5.730602e-09 5.740471e-09 5.871932e-09 6.578882e-09 5.688225e-09 5.998740e-09 5.896167e-09 5.837653e-09 1.180284e-02 5.753682e-09 5.688225e-09 5.743768e-09 5.707705e-09 5.688225e-09 5.684991e-09 5.681761e-09 5.678535e-09 5.707705e-09 5.684991e-09 5.678535e-09 5.681761e-09 0.000000e+00 DSIC-II/05/98
7.173529e-09 8.968520e-09 5.800406e-09 5.793685e-09 6.406086e-09 5.730602e-09 5.740471e-09 5.871932e-09 3.307013e-03 5.688225e-09 5.998740e-09 5.896167e-09 5.837653e-09 5.753682e-09 5.753682e-09 5.688225e-09 5.743768e-09 5.707705e-09 5.688225e-09 5.684991e-09 5.681761e-09 5.678535e-09 5.707705e-09 5.684991e-09 5.678535e-09 5.681761e-09 0.000000e+00 2495
7.173529e-09 8.968520e-09 5.800406e-09 5.793685e-09 6.406086e-09 5.730602e-09 5.740471e-09 5.871932e-09 3.307013e-03 5.688225e-09 5.998740e-09 5.896167e-09 5.837653e-09 5.753682e-09 5.753682e-09 5.688225e-09 5.743768e-09 5.707705e-09 5.688225e-09 5.684991e-09 5.681761e-09 5.678535e-09 5.707705e-09 5.684991e-09 5.678535e-09 5.681761e-09 0.000000e+00 2498
7.173529e-09 5.844468e-04 5.800406e-09 5.793685e-09 6.406086e-09 5.730602e-09 5.740471e-09 5.871932e-09 6.578882e-09 5.688225e-09 5.998740e-09 5.896167e-09 5.837653e-09 5.753682e-09 5.753682e-09 5.688225e-09 5.743768e-09 5.707705e-09 5.688225e-09 5.684991e-09 5.681761e-09 5.678535e-09 5.707705e-09 5.684991e-09 5.678535e-09 5.681761e-09 0.000000e+00 Estimación
7.173529e-09 5.844468e-04 5.800406e-09 5.793685e-09 6.406086e-09 5.730602e-09 5.740471e-09 5.871932e-09 6.578882e-09 5.688225e-09 5.998740e-09 5.896167e-09 5.837653e-09 5.753682e-09 5.753682e-09 5.688225e-09 5.743768e-09 5.707705e-09 5.688225e-09 5.684991e-09 5.681761e-09 5.678535e-09 5.707705e-09 5.684991e-09 5.678535e-09 5.681761e-09 0.000000e+00 gramáticas
7.173529e-09 5.844468e-04 5.800406e-09 5.793685e-09 6.406086e-09 5.730602e-09 5.740471e-09 5.871932e-09 6.578882e-09 5.688225e-09 5.998740e-09 5.896167e-09 5.837653e-09 5.753682e-09 5.753682e-09 5.688225e-09 5.743768e-09 5.707705e-09 5.688225e-09 5.684991e-09 5.681761e-09 5.678535e-09 5.707705e-09 5.684991e-09 5.678535e-09 5.681761e-09 0.000000e+00 incontextuales
7.173529e-09 5.844468e-04 5.800406e-09 5.793685e-09 6.406086e-09 5.730602e-09 5.740471e-09 5.871932e-09 6.578882e-09 5.688225e-09 5.998740e-09 5.896167e-09 5.837653e-09 5.753682e-09 5.753682e-09 5.688225e-09 5.743768e-09 5.707705e-09 5.688225e-09 5.684991e-09 5.681761e-09 5.678535e-09 5.707705e-09 5.684991e-09 5.678535e-09 5.681761e-09 0.000000e+00 probabilísticas
7.173529e-09 5.844468e-04 5.800406e-09 5.793685e-09 6.406086e-09 5.730602e-09 5.740471e-09 5.871932e-09 6.578882e-09 5.688225e-09 5.998740e-09 5.896167e-09 5.837653e-09 5.753682e-09 5.753682e-09 5.688225e-09 5.743768e-09 5.707705e-09 5.688225e-09 5.684991e-09 5.681761e-09 5.678535e-09 5.707705e-09 5.684991e-09 5.678535e-09 5.681761e-09 0.000000e+00 su
7.173529e-09 5.844468e-04 5.800406e-09 5.793685e-09 6.406086e-09 5.730602e-09 5.740471e-09 5.871932e-09 6.578882e-09 5.688225e-09 5.998740e-09 5.896167e-09 5.837653e-09 5.753682e-09 5.753682e-09 5.688225e-09 5.743768e-09 5.707705e-09 5.688225e-09 5.684991e-09 5.681761e-09 5.678535e-09 5.707705e-09 5.684991e-09 5.678535e-09 5.681761e-09 0.000000e+00 aplicación
7.173529e-09 5.844468e-04 5.800406e-09 5.793685e-09 6.406086e-09 5.730602e-09 5.740471e-09 5.871932e-09 6.578882e-09 5.688225e-09 5.998740e-09 5.896167e-09 5.837653e-09 5.753682e-09 5.753682e-09 5.688225e-09 5.743768e-09 5.707705e-09 5.688225e-09 5.684991e-09 5.681761e-09 5.678535e-09 5.707705e-09 5.684991e-09 5.678535e-09 5.681761e-09 0.000000e+00 modelización
7.173529e-09 5.844468e-04 5.800406e-09 5.793685e-09 6.406086e-09 5.730602e-09 5.740471e-09 5.871932e-09 6.578882e-09 5.688225e-09 5.998740e-09 5.896167e-09 5.837653e-09 5.753682e-09 5.753682e-09 5.688225e-09 5.743768e-09 5.707705e-09 5.688225e-09 5.684991e-09 5.681761e-09 5.678535e-09 5.707705e-09 5.684991e-09 5.678535e-09 5.681761e-09 0.000000e+00 lenguaje
7.173529e-09 8.968520e-09 5.800406e-09 5.793685e-09 6.406086e-09 5.730602e-09 5.740471e-09 5.871932e-09 6.578882e-09 5.688225e-09 5.998740e-09 5.896167e-09 5.837653e-09 5.753682e-09 5.753682e-09 5.688225e-09 5.743768e-09 3.999960e-02 5.688225e-09 5.684991e-09 5.681761e-09 5.678535e-09 5.707705e-09 5.684991e-09 5.678535e-09 5.681761e-09 0.000000e+00 ({\em
7.173529e-09 8.968520e-09 5.800406e-09 5.793685e-09 6.406086e-09 5.730602e-09 5.740471e-09 5.871932e-09 6.578882e-09 5.688225e-09 5.998740e-09 5.896167e-09 5.837653e-09 5.753682e-09 5.753682e-09 5.688225e-09 5.743768e-09 3.999960e-02 5.688225e-09 5.684991e-09 5.681761e-09 5.678535e-09 5.707705e-09 5.684991e-09 5.678535e-09 5.681761e-09 0.000000e+00 preparation})
7.173529e-09 8.968520e-09 5.800406e-09 5.793685e-09 6.406086e-09 5.730602e-09 5.740471e-09 5.871932e-09 3.307013e-03 5.688225e-09 5.998740e-09 5.896167e-09 5.837653e-09 5.753682e-09 5.753682e-09 5.688225e-09 5.743768e-09 5.707705e-09 5.688225e-09 5.684991e-09 5.681761e-09 5.678535e-09 5.707705e-09 5.684991e-09 5.678535e-09 5.681761e-09 0.000000e+00 7
7.173529e-09 8.968520e-09 5.800406e-09 5.793685e-09 6.406086e-09 5.730602e-09 5.740471e-09 5.871932e-09 3.307013e-03 5.688225e-09 5.998740e-09 5.896167e-09 5.837653e-09 5.753682e-09 5.753682e-09 5.688225e-09 5.743768e-09 5.707705e-09 5.688225e-09 5.684991e-09 5.681761e-09 5.678535e-09 5.707705e-09 5.684991e-09 5.678535e-09 5.681761e-09 0.000000e+00 1799
7.173529e-09 8.968520e-09 5.800406e-09 5.793685e-09 6.406086e-09 5.730602e-09 5.740471e-09 5.871932e-09 3.307013e-03 5.688225e-09 5.998740e-09 5.896167e-09 5.837653e-09 5.753682e-09 5.753682e-09 5.688225e-09 5.743768e-09 5.707705e-09 5.688225e-09 5.684991e-09 5.681761e-09 5.678535e-09 5.707705e-09 5.684991e-09 5.678535e-09 5.681761e-09 0.000000e+00 1802
7.173529e-09 5.844468e-04 5.800406e-09 5.793685e-09 6.406086e-09 5.730602e-09 5.740471e-09 5.871932e-09 6.578882e-09 5.688225e-09 5.998740e-09 5.896167e-09 5.837653e-09 5.753682e-09 5.753682e-09 5.688225e-09 5.743768e-09 5.707705e-09 5.688225e-09 5.684991e-09 5.681761e-09 5.678535e-09 5.707705e-09 5.684991e-09 5.678535e-09 5.681761e-09 0.000000e+00 phoneme
7.173529e-09 5.844468e-04 5.800406e-09 5.793685e-09 6.406086e-09 5.730602e-09 5.740471e-09 5.871932e-09 6.578882e-09 5.688225e-09 5.998740e-09 5.896167e-09 5.837653e-09 5.753682e-09 5.753682e-09 5.688225e-09 5.743768e-09 5.707705e-09 5.688225e-09 5.684991e-09 5.681761e-09 5.678535e-09 5.707705e-09 5.684991e-09 5.678535e-09 5.681761e-09 0.000000e+00 look-ahead
7.173529e-09 5.844468e-04 5.800406e-09 5.793685e-09 6.406086e-09 5.730602e-09 5.740471e-09 5.871932e-09 6.578882e-09 5.688225e-09 5.998740e-09 5.896167e-09 5.837653e-09 5.753682e-09 5.753682e-09 5.688225e-09 5.743768e-09 5.707705e-09 5.688225e-09 5.684991e-09 5.681761e-09 5.678535e-09 5.707705e-09 5.684991e-09 5.678535e-09 5.681761e-09 0.000000e+00 Atros
7.541275e-04 8.968520e-09 5.800406e-09 5.793685e-09 6.406086e-09 5.730602e-09 5.740471e-09 5.871932e-09 6.578882e-09 5.688225e-09 5.998740e-09 5.896167e-09 5.837653e-09 5.753682e-09 5.753682e-09 5.688225e-09 5.743768e-09 5.707705e-09 5.688225e-09 5.684991e-09 5.681761e-09 5.678535e-09 5.707705e-09 5.684991e-09 5.678535e-09 5.681761e-09 0.000000e+00 Sankoff
7.541275e-04 8.968520e-09 5.800406e-09 5.793685e-09 6.406086e-09 5.730602e-09 5.740471e-09 5.871932e-09 6.578882e-09 5.688225e-09 5.998740e-09 5.896167e-09 5.837653e-09 5.753682e-09 5.753682e-09 5.688225e-09 5.743768e-09 5.707705e-09 5.688225e-09 5.684991e-09 5.681761e-09 5.678535e-09 5.707705e-09 5.684991e-09 5.678535e-09 5.681761e-09 0.000000e+00 J.B.
7.541275e-04 8.968520e-09 5.800406e-09 5.793685e-09 6.406086e-09 5.730602e-09 5.740471e-09 5.871932e-09 6.578882e-09 5.688225e-09 5.998740e-09 5.896167e-09 5.837653e-09 5.753682e-09 5.753682e-09 5.688225e-09 5.743768e-09 5.707705e-09 5.688225e-09 5.684991e-09 5.681761e-09 5.678535e-09 5.707705e-09 5.684991e-09 5.678535e-09 5.681761e-09 0.000000e+00 Kruskal
7.541275e-04 8.968520e-09 5.800406e-09 5.793685e-09 6.406086e-09 5.730602e-09 5.740471e-09 5.871932e-09 6.578882e-09 5.688225e-09 5.998740e-09 5.896167e-09 5.837653e-09 5.753682e-09 5.753682e-09 5.688225e-09 5.743768e-09 5.707705e-09 5.688225e-09 5.684991e-09 5.681761e-09 5.678535e-09 5.707705e-09 5.684991e-09 5.678535e-09 5.681761e-09 0.000000e+00 (eds.)
7.173529e-09 5.844468e-04 5.800406e-09 5.793685e-09 6.406086e-09 5.730602e-09 5.740471e-09 5.871932e-09 6.578882e-09 5.688225e-09 5.998740e-09 5.896167e-09 5.837653e-09 5.753682e-09 5.753682e-09 5.688225e-09 5.743768e-09 5.707705e-09 5.688225e-09 5.684991e-09 5.681761e-09 5.678535e-09 5.707705e-09 5.684991e-09 5.678535e-09 5.681761e-09 0.000000e+00 warps
7.173529e-09 5.844468e-04 5.800406e-09 5.793685e-09 6.406086e-09 5.730602e-09 5.740471e-09 5.871932e-09 6.578882e-09 5.688225e-09 5.998740e-09 5.896167e-09 5.837653e-09 5.753682e-09 5.753682e-09 5.688225e-09 5.743768e-09 5.707705e-09 5.688225e-09 5.684991e-09 5.681761e-09 5.678535e-09 5.707705e-09 5.684991e-09 5.678535e-09 5.681761e-09 0.000000e+00 string
7.173529e-09 5.844468e-04 5.800406e-09 5.793685e-09 6.406086e-09 5.730602e-09 5.740471e-09 5.871932e-09 6.578882e-09 5.688225e-09 5.998740e-09 5.896167e-09 5.837653e-09 5.753682e-09 5.753682e-09 5.688225e-09 5.743768e-09 5.707705e-09 5.688225e-09 5.684991e-09 5.681761e-09 5.678535e-09 5.707705e-09 5.684991e-09 5.678535e-09 5.681761e-09 0.000000e+00 edits
7.173529e-09 5.844468e-04 5.800406e-09 5.793685e-09 6.406086e-09 5.730602e-09 5.740471e-09 5.871932e-09 6.578882e-09 5.688225e-09 5.998740e-09 5.896167e-09 5.837653e-09 5.753682e-09 5.753682e-09 5.688225e-09 5.743768e-09 5.707705e-09 5.688225e-09 5.684991e-09 5.681761e-09 5.678535e-09 5.707705e-09 5.684991e-09 5.678535e-09 5.681761e-09 0.000000e+00 macromolecules
7.541275e-04 8.968520e-09 5.800406e-09 5.793685e-09 6.406086e-09 5.730602e-09 5.740471e-09 5.871932e-09 6.578882e-09 5.688225e-09 5.998740e-09 5.896167e-09 5.837653e-09 5.753682e-09 5.753682e-09 5.688225e-09 5.743768e-09 5.707705e-09 5.688225e-09 5.684991e-09 5.681761e-09 5.678535e-09 5.707705e-09 5.684991e-09 5.678535e-09 5.681761e-09 0.000000e+00 Sarkar
7.173529e-09 5.844468e-04 5.800406e-09 5.793685e-09 6.406086e-09 5.730602e-09 5.740471e-09 5.871932e-09 6.578882e-09 5.688225e-09 5.998740e-09 5.896167e-09 5.837653e-09 5.753682e-09 5.753682e-09 5.688225e-09 5.743768e-09 5.707705e-09 5.688225e-09 5.684991e-09 5.681761e-09 5.678535e-09 5.707705e-09 5.684991e-09 5.678535e-09 5.681761e-09 0.000000e+00 Conditions
7.173529e-09 5.844468e-04 5.800406e-09 5.793685e-09 6.406086e-09 5.730602e-09 5.740471e-09 5.871932e-09 6.578882e-09 5.688225e-09 5.998740e-09 5.896167e-09 5.837653e-09 5.753682e-09 5.753682e-09 5.688225e-09 5.743768e-09 5.707705e-09 5.688225e-09 5.684991e-09 5.681761e-09 5.678535e-09 5.707705e-09 5.684991e-09 5.678535e-09 5.681761e-09 0.000000e+00 consistency
7.173529e-09 5.844468e-04 5.800406e-09 5.793685e-09 6.406086e-09 5.730602e-09 5.740471e-09 5.871932e-09 6.578882e-09 5.688225e-09 5.998740e-09 5.896167e-09 5.837653e-09 5.753682e-09 5.753682e-09 5.688225e-09 5.743768e-09 5.707705e-09 5.688225e-09 5.684991e-09 5.681761e-09 5.678535e-09 5.707705e-09 5.684991e-09 5.678535e-09 5.681761e-09 0.000000e+00 tree
7.173529e-09 5.844468e-04 5.800406e-09 5.793685e-09 6.406086e-09 5.730602e-09 5.740471e-09 5.871932e-09 6.578882e-09 5.688225e-09 5.998740e-09 5.896167e-09 5.837653e-09 5.753682e-09 5.753682e-09 5.688225e-09 5.743768e-09 5.707705e-09 5.688225e-09 5.684991e-09 5.681761e-09 5.678535e-09 5.707705e-09 5.684991e-09 5.678535e-09 5.681761e-09 0.000000e+00 adjoining
7.173529e-09 8.968520e-09 5.800406e-09 5.793685e-09 1.142065e-03 5.730602e-09 5.740471e-09 5.871932e-09 6.578882e-09 5.688225e-09 5.998740e-09 5.896167e-09 5.837653e-09 5.753682e-09 5.753682e-09 5.688225e-09 5.743768e-09 5.707705e-09 5.688225e-09 5.684991e-09 5.681761e-09 5.678535e-09 5.707705e-09 5.684991e-09 5.678535e-09 5.681761e-09 0.000000e+00 COLING98
7.541275e-04 8.968520e-09 5.800406e-09 5.793685e-09 6.406086e-09 5.730602e-09 5.740471e-09 5.871932e-09 6.578882e-09 5.688225e-09 5.998740e-09 5.896167e-09 5.837653e-09 5.753682e-09 5.753682e-09 5.688225e-09 5.743768e-09 5.707705e-09 5.688225e-09 5.684991e-09 5.681761e-09 5.678535e-09 5.707705e-09 5.684991e-09 5.678535e-09 5.681761e-09 0.000000e+00 Sato
7.541275e-04 8.968520e-09 5.800406e-09 5.793685e-09 6.406086e-09 5.730602e-09 5.740471e-09 5.871932e-09 6.578882e-09 5.688225e-09 5.998740e-09 5.896167e-09 5.837653e-09 5.753682e-09 5.753682e-09 5.688225e-09 5.743768e-09 5.707705e-09 5.688225e-09 5.684991e-09 5.681761e-09 5.678535e-09 5.707705e-09 5.684991e-09 5.678535e-09 5.681761e-09 0.000000e+00 Nagao
7.173529e-09 5.844468e-04 5.800406e-09 5.793685e-09 6.406086e-09 5.730602e-09 5.740471e-09 5.871932e-09 6.578882e-09 5.688225e-09 5.998740e-09 5.896167e-09 5.837653e-09 5.753682e-09 5.753682e-09 5.688225e-09 5.743768e-09 5.707705e-09 5.688225e-09 5.684991e-09 5.681761e-09 5.678535e-09 5.707705e-09 5.684991e-09 5.678535e-09 5.681761e-09 0.000000e+00 Memory-based
7.173529e-09 8.968520e-09 5.800406e-09 5.793685e-09 1.142065e-03 5.730602e-09 5.740471e-09 5.871932e-09 6.578882e-09 5.688225e-09 5.998740e-09 5.896167e-09 5.837653e-09 5.753682e-09 5.753682e-09 5.688225e-09 5.743768e-09 5.707705e-09 5.688225e-09 5.684991e-09 5.681761e-09 5.678535e-09 5.707705e-09 5.684991e-09 5.678535e-09 5.681761e-09 0.000000e+00 13th
7.173529e-09 8.968520e-09 5.800406e-09 5.793685e-09 6.406086e-09 5.730602e-09 5.740471e-09 5.871932e-09 3.307013e-03 5.688225e-09 5.998740e-09 5.896167e-09 5.837653e-09 5.753682e-09 5.753682e-09 5.688225e-09 5.743768e-09 5.707705e-09 5.688225e-09 5.684991e-09 5.681761e-09 5.678535e-09 5.707705e-09 5.684991e-09 5.678535e-09 5.681761e-09 0.000000e+00 3:
7.173529e-09 8.968520e-09 5.800406e-09 5.793685e-09 6.406086e-09 5.730602e-09 5.740471e-09 5.871932e-09 3.307013e-03 5.688225e-09 5.998740e-09 5.896167e-09 5.837653e-09 5.753682e-09 5.753682e-09 5.688225e-09 5.743768e-09 5.707705e-09 5.688225e-09 5.684991e-09 5.681761e-09 5.678535e-09 5.707705e-09 5.684991e-09 5.678535e-09 5.681761e-09 0.000000e+00 247
7.173529e-09 8.968520e-09 5.800406e-09 5.793685e-09 6.406086e-09 5.730602e-09 5.740471e-09 5.871932e-09 3.307013e-03 5.688225e-09 5.998740e-09 5.896167e-09 5.837653e-09 5.753682e-09 5.753682e-09 5.688225e-09 5.743768e-09 5.707705e-09 5.688225e-09 5.684991e-09 5.681761e-09 5.678535e-09 5.707705e-09 5.684991e-09 5.678535e-09 5.681761e-09 0.000000e+00 252
7.173529e-09 8.968520e-09 5.800406e-09 5.793685e-09 6.406086e-09 5.730602e-09 5.740471e-09 5.871932e-09 6.578882e-09 5.688225e-09 7.250385e-03 5.896167e-09 5.837653e-09 5.753682e-09 5.753682e-09 5.688225e-09 5.743768e-09 5.707705e-09 5.688225e-09 5.684991e-09 5.681761e-09 5.678535e-09 5.707705e-09 5.684991e-09 5.678535e-09 5.681761e-09 0.000000e+00 Helsinki
7.541275e-04 8.968520e-09 5.800406e-09 5.793685e-09 6.406086e-09 5.730602e-09 5.740471e-09 5.871932e-09 6.578882e-09 5.688225e-09 5.998740e-09 5.896167e-09 5.837653e-09 5.753682e-09 5.753682e-09 5.688225e-09 5.743768e-09 5.707705e-09 5.688225e-09 5.684991e-09 5.681761e-09 5.678535e-09 5.707705e-09 5.684991e-09 5.678535e-09 5.681761e-09 0.000000e+00 Schone
7.173529e-09 5.844468e-04 5.800406e-09 5.793685e-09 6.406086e-09 5.730602e-09 5.740471e-09 5.871932e-09 6.578882e-09 5.688225e-09 5.998740e-09 5.896167e-09 5.837653e-09 5.753682e-09 5.753682e-09 5.688225e-09 5.743768e-09 5.707705e-09 5.688225e-09 5.684991e-09 5.681761e-09 5.678535e-09 5.707705e-09 5.684991e-09 5.678535e-09 5.681761e-09 0.000000e+00 Knowledge-free
7.173529e-09 5.844468e-04 5.800406e-09 5.793685e-09 6.406086e-09 5.730602e-09 5.740471e-09 5.871932e-09 6.578882e-09 5.688225e-09 5.998740e-09 5.896167e-09 5.837653e-09 5.753682e-09 5.753682e-09 5.688225e-09 5.743768e-09 5.707705e-09 5.688225e-09 5.684991e-09 5.681761e-09 5.678535e-09 5.707705e-09 5.684991e-09 5.678535e-09 5.681761e-09 0.000000e+00 induction
7.173529e-09 5.844468e-04 5.800406e-09 5.793685e-09 6.406086e-09 5.730602e-09 5.740471e-09 5.871932e-09 6.578882e-09 5.688225e-09 5.998740e-09 5.896167e-09 5.837653e-09 5.753682e-09 5.753682e-09 5.688225e-09 5.743768e-09 5.707705e-09 5.688225e-09 5.684991e-09 5.681761e-09 5.678535e-09 5.707705e-09 5.684991e-09 5.678535e-09 5.681761e-09 0.000000e+00 latent
7.173529e-09 5.844468e-04 5.800406e-09 5.793685e-09 6.406086e-09 5.730602e-09 5.740471e-09 5.871932e-09 6.578882e-09 5.688225e-09 5.998740e-09 5.896167e-09 5.837653e-09 5.753682e-09 5.753682e-09 5.688225e-09 5.743768e-09 5.707705e-09 5.688225e-09 5.684991e-09 5.681761e-09 5.678535e-09 5.707705e-09 5.684991e-09 5.678535e-09 5.681761e-09 0.000000e+00 semantic
7.173529e-09 5.844468e-04 5.800406e-09 5.793685e-09 6.406086e-09 5.730602e-09 5.740471e-09 5.871932e-09 6.578882e-09 5.688225e-09 5.998740e-09 5.896167e-09 5.837653e-09 5.753682e-09 5.753682e-09 5.688225e-09 5.743768e-09 5.707705e-09 5.688225e-09 5.684991e-09 5.681761e-09 5.678535e-09 5.707705e-09 5.684991e-09 5.678535e-09 5.681761e-09 0.000000e+00 analysis
7.173529e-09 8.968520e-09 5.800406e-09 5.793685e-09 6.406086e-09 5.730602e-09 5.740471e-09 5.871932e-09 6.578882e-09 5.688225e-09 7.250385e-03 5.896167e-09 5.837653e-09 5.753682e-09 5.753682e-09 5.688225e-09 5.743768e-09 5.707705e-09 5.688225e-09 5.684991e-09 5.681761e-09 5.678535e-09 5.707705e-09 5.684991e-09 5.678535e-09 5.681761e-09 0.000000e+00 Lisbon
7.541275e-04 8.968520e-09 5.800406e-09 5.793685e-09 6.406086e-09 5.730602e-09 5.740471e-09 5.871932e-09 6.578882e-09 5.688225e-09 5.998740e-09 5.896167e-09 5.837653e-09 5.753682e-09 5.753682e-09 5.688225e-09 5.743768e-09 5.707705e-09 5.688225e-09 5.684991e-09 5.681761e-09 5.678535e-09 5.707705e-09 5.684991e-09 5.678535e-09 5.681761e-09 0.000000e+00 Serrano
7.173529e-09 5.844468e-04 5.800406e-09 5.793685e-09 6.406086e-09 5.730602e-09 5.740471e-09 5.871932e-09 6.578882e-09 5.688225e-09 5.998740e-09 5.896167e-09 5.837653e-09 5.753682e-09 5.753682e-09 5.688225e-09 5.743768e-09 5.707705e-09 5.688225e-09 5.684991e-09 5.681761e-09 5.678535e-09 5.707705e-09 5.684991e-09 5.678535e-09 5.681761e-09 0.000000e+00 Balancing
7.173529e-09 5.844468e-04 5.800406e-09 5.793685e-09 6.406086e-09 5.730602e-09 5.740471e-09 5.871932e-09 6.578882e-09 5.688225e-09 5.998740e-09 5.896167e-09 5.837653e-09 5.753682e-09 5.753682e-09 5.688225e-09 5.743768e-09 5.707705e-09 5.688225e-09 5.684991e-09 5.681761e-09 5.678535e-09 5.707705e-09 5.684991e-09 5.678535e-09 5.681761e-09 0.000000e+00 Supervision
7.173529e-09 5.844468e-04 5.800406e-09 5.793685e-09 6.406086e-09 5.730602e-09 5.740471e-09 5.871932e-09 6.578882e-09 5.688225e-09 5.998740e-09 5.896167e-09 5.837653e-09 5.753682e-09 5.753682e-09 5.688225e-09 5.743768e-09 5.707705e-09 5.688225e-09 5.684991e-09 5.681761e-09 5.678535e-09 5.707705e-09 5.684991e-09 5.678535e-09 5.681761e-09 0.000000e+00 Effort
7.173529e-09 5.844468e-04 5.800406e-09 5.793685e-09 6.406086e-09 5.730602e-09 5.740471e-09 5.871932e-09 6.578882e-09 5.688225e-09 5.998740e-09 5.896167e-09 5.837653e-09 5.753682e-09 5.753682e-09 5.688225e-09 5.743768e-09 5.707705e-09 5.688225e-09 5.684991e-09 5.681761e-09 5.678535e-09 5.707705e-09 5.684991e-09 5.678535e-09 5.681761e-09 0.000000e+00 Interactive-Predictive
7.173529e-09 1.168894e-03 5.800406e-09 5.793685e-09 6.406086e-09 5.730602e-09 5.740471e-09 5.871932e-09 6.578882e-09 5.688225e-09 5.998740e-09 5.896167e-09 5.837653e-09 5.753682e-09 5.753682e-09 5.688225e-09 5.743768e-09 5.707705e-09 5.688225e-09 5.684991e-09 5.681761e-09 5.678535e-09 5.707705e-09 5.684991e-09 5.678535e-09 5.681761e-09 0.000000e+00 Handwritten
7.173529e-09 8.968520e-09 5.800406e-09 5.793685e-09 1.142065e-03 5.730602e-09 5.740471e-09 5.871932e-09 6.578882e-09 5.688225e-09 5.998740e-09 5.896167e-09 5.837653e-09 5.753682e-09 5.753682e-09 5.688225e-09 5.743768e-09 5.707705e-09 5.688225e-09 5.684991e-09 5.681761e-09 5.678535e-09 5.707705e-09 5.684991e-09 5.678535e-09 5.681761e-09 0.000000e+00 15th
7.173529e-09 8.968520e-09 5.800406e-09 5.793685e-09 1.142065e-03 5.730602e-09 5.740471e-09 5.871932e-09 6.578882e-09 5.688225e-09 5.998740e-09 5.896167e-09 5.837653e-09 5.753682e-09 5.753682e-09 5.688225e-09 5.743768e-09 5.707705e-09 5.688225e-09 5.684991e-09 5.681761e-09 5.678535e-09 5.707705e-09 5.684991e-09 5.678535e-09 5.681761e-09 0.000000e+00 User
7.173529e-09 8.968520e-09 5.800406e-09 5.793685e-09 1.142065e-03 5.730602e-09 5.740471e-09 5.871932e-09 6.578882e-09 5.688225e-09 5.998740e-09 5.896167e-09 5.837653e-09 5.753682e-09 5.753682e-09 5.688225e-09 5.743768e-09 5.707705e-09 5.688225e-09 5.684991e-09 5.681761e-09 5.678535e-09 5.707705e-09 5.684991e-09 5.678535e-09 5.681761e-09 0.000000e+00 Interfaces
7.173529e-09 8.968520e-09 5.800406e-09 5.793685e-09 1.142065e-03 5.730602e-09 5.740471e-09 5.871932e-09 6.578882e-09 5.688225e-09 5.998740e-09 5.896167e-09 5.837653e-09 5.753682e-09 5.753682e-09 5.688225e-09 5.743768e-09 5.707705e-09 5.688225e-09 5.684991e-09 5.681761e-09 5.678535e-09 5.707705e-09 5.684991e-09 5.678535e-09 5.681761e-09 0.000000e+00 (IUI
7.173529e-09 8.968520e-09 5.800406e-09 5.793685e-09 1.142065e-03 5.730602e-09 5.740471e-09 5.871932e-09 6.578882e-09 5.688225e-09 5.998740e-09 5.896167e-09 5.837653e-09 5.753682e-09 5.753682e-09 5.688225e-09 5.743768e-09 5.707705e-09 5.688225e-09 5.684991e-09 5.681761e-09 5.678535e-09 5.707705e-09 5.684991e-09 5.678535e-09 5.681761e-09 0.000000e+00 2010)
7.173529e-09 8.968520e-09 5.800406e-09 5.793685e-09 6.406086e-09 5.730602e-09 5.740471e-09 5.871932e-09 6.578882e-09 5.688225e-09 7.250385e-03 5.896167e-09 5.837653e-09 5.753682e-09 5.753682e-09 5.688225e-09 5.743768e-09 5.707705e-09 5.688225e-09 5.684991e-09 5.681761e-09 5.678535e-09 5.707705e-09 5.684991e-09 5.678535e-09 5.681761e-09 0.000000e+00 (China)
7.173529e-09 8.968520e-09 5.800406e-09 5.793685e-09 6.406086e-09 5.730602e-09 5.740471e-09 5.871932e-09 3.307013e-03 5.688225e-09 5.998740e-09 5.896167e-09 5.837653e-09 5.753682e-09 5.753682e-09 5.688225e-09 5.743768e-09 5.707705e-09 5.688225e-09 5.684991e-09 5.681761e-09 5.678535e-09 5.707705e-09 5.684991e-09 5.678535e-09 5.681761e-09 0.000000e+00 376
7.541275e-04 8.968520e-09 5.800406e-09 5.793685e-09 6.406086e-09 5.730602e-09 5.740471e-09 5.871932e-09 6.578882e-09 5.688225e-09 5.998740e-09 5.896167e-09 5.837653e-09 5.753682e-09 5.753682e-09 5.688225e-09 5.743768e-09 5.707705e-09 5.688225e-09 5.684991e-09 5.681761e-09 5.678535e-09 5.707705e-09 5.684991e-09 5.678535e-09 5.681761e-09 0.000000e+00 Seetles
7.541275e-04 8.968520e-09 5.800406e-09 5.793685e-09 6.406086e-09 5.730602e-09 5.740471e-09 5.871932e-09 6.578882e-09 5.688225e-09 5.998740e-09 5.896167e-09 5.837653e-09 5.753682e-09 5.753682e-09 5.688225e-09 5.743768e-09 5.707705e-09 5.688225e-09 5.684991e-09 5.681761e-09 5.678535e-09 5.707705e-09 5.684991e-09 5.678535e-09 5.681761e-09 0.000000e+00 Craven
7.173529e-09 5.844468e-04 5.800406e-09 5.793685e-09 6.406086e-09 5.730602e-09 5.740471e-09 5.871932e-09 6.578882e-09 5.688225e-09 5.998740e-09 5.896167e-09 5.837653e-09 5.753682e-09 5.753682e-09 5.688225e-09 5.743768e-09 5.707705e-09 5.688225e-09 5.684991e-09 5.681761e-09 5.678535e-09 5.707705e-09 5.684991e-09 5.678535e-09 5.681761e-09 0.000000e+00 Active
7.173529e-09 5.844468e-04 5.800406e-09 5.793685e-09 6.406086e-09 5.730602e-09 5.740471e-09 5.871932e-09 6.578882e-09 5.688225e-09 5.998740e-09 5.896167e-09 5.837653e-09 5.753682e-09 5.753682e-09 5.688225e-09 5.743768e-09 5.707705e-09 5.688225e-09 5.684991e-09 5.681761e-09 5.678535e-09 5.707705e-09 5.684991e-09 5.678535e-09 5.681761e-09 0.000000e+00 Strategies
7.173529e-09 5.844468e-04 5.800406e-09 5.793685e-09 6.406086e-09 5.730602e-09 5.740471e-09 5.871932e-09 6.578882e-09 5.688225e-09 5.998740e-09 5.896167e-09 5.837653e-09 5.753682e-09 5.753682e-09 5.688225e-09 5.743768e-09 5.707705e-09 5.688225e-09 5.684991e-09 5.681761e-09 5.678535e-09 5.707705e-09 5.684991e-09 5.678535e-09 5.681761e-09 0.000000e+00 Labeling
7.173529e-09 5.844468e-04 5.800406e-09 5.793685e-09 6.406086e-09 5.730602e-09 5.740471e-09 5.871932e-09 6.578882e-09 5.688225e-09 5.998740e-09 5.896167e-09 5.837653e-09 5.753682e-09 5.753682e-09 5.688225e-09 5.743768e-09 5.707705e-09 5.688225e-09 5.684991e-09 5.681761e-09 5.678535e-09 5.707705e-09 5.684991e-09 5.678535e-09 5.681761e-09 0.000000e+00 Tasks
7.173529e-09 8.968520e-09 5.800406e-09 5.793685e-09 6.406086e-09 5.730602e-09 5.740471e-09 5.871932e-09 3.307013e-03 5.688225e-09 5.998740e-09 5.896167e-09 5.837653e-09 5.753682e-09 5.753682e-09 5.688225e-09 5.743768e-09 5.707705e-09 5.688225e-09 5.684991e-09 5.681761e-09 5.678535e-09 5.707705e-09 5.684991e-09 5.678535e-09 5.681761e-09 0.000000e+00 1069
7.173529e-09 8.968520e-09 5.800406e-09 5.793685e-09 6.406086e-09 5.730602e-09 5.740471e-09 5.871932e-09 3.307013e-03 5.688225e-09 5.998740e-09 5.896167e-09 5.837653e-09 5.753682e-09 5.753682e-09 5.688225e-09 5.743768e-09 5.707705e-09 5.688225e-09 5.684991e-09 5.681761e-09 5.678535e-09 5.707705e-09 5.684991e-09 5.678535e-09 5.681761e-09 0.000000e+00 1078
7.541275e-04 8.968520e-09 5.800406e-09 5.793685e-09 6.406086e-09 5.730602e-09 5.740471e-09 5.871932e-09 6.578882e-09 5.688225e-09 5.998740e-09 5.896167e-09 5.837653e-09 5.753682e-09 5.753682e-09 5.688225e-09 5.743768e-09 5.707705e-09 5.688225e-09 5.684991e-09 5.681761e-09 5.678535e-09 5.707705e-09 5.684991e-09 5.678535e-09 5.681761e-09 0.000000e+00 Siu
7.541275e-04 8.968520e-09 5.800406e-09 5.793685e-09 6.406086e-09 5.730602e-09 5.740471e-09 5.871932e-09 6.578882e-09 5.688225e-09 5.998740e-09 5.896167e-09 5.837653e-09 5.753682e-09 5.753682e-09 5.688225e-09 5.743768e-09 5.707705e-09 5.688225e-09 5.684991e-09 5.681761e-09 5.678535e-09 5.707705e-09 5.684991e-09 5.678535e-09 5.681761e-09 0.000000e+00 Ostendorf
7.173529e-09 5.844468e-04 5.800406e-09 5.793685e-09 6.406086e-09 5.730602e-09 5.740471e-09 5.871932e-09 6.578882e-09 5.688225e-09 5.998740e-09 5.896167e-09 5.837653e-09 5.753682e-09 5.753682e-09 5.688225e-09 5.743768e-09 5.707705e-09 5.688225e-09 5.684991e-09 5.681761e-09 5.678535e-09 5.707705e-09 5.684991e-09 5.678535e-09 5.681761e-09 0.000000e+00 Variable
7.173529e-09 5.844468e-04 5.800406e-09 5.793685e-09 6.406086e-09 5.730602e-09 5.740471e-09 5.871932e-09 6.578882e-09 5.688225e-09 5.998740e-09 5.896167e-09 5.837653e-09 5.753682e-09 5.753682e-09 5.688225e-09 5.743768e-09 5.707705e-09 5.688225e-09 5.684991e-09 5.681761e-09 5.678535e-09 5.707705e-09 5.684991e-09 5.678535e-09 5.681761e-09 0.000000e+00 Extensions
7.173529e-09 5.844468e-04 5.800406e-09 5.793685e-09 6.406086e-09 5.730602e-09 5.740471e-09 5.871932e-09 6.578882e-09 5.688225e-09 5.998740e-09 5.896167e-09 5.837653e-09 5.753682e-09 5.753682e-09 5.688225e-09 5.743768e-09 5.707705e-09 5.688225e-09 5.684991e-09 5.681761e-09 5.678535e-09 5.707705e-09 5.684991e-09 5.678535e-09 5.681761e-09 0.000000e+00 Conversational
7.173529e-09 8.968520e-09 5.800406e-09 5.793685e-09 6.406086e-09 5.730602e-09 5.740471e-09 5.871932e-09 6.614026e-03 5.688225e-09 5.998740e-09 5.896167e-09 5.837653e-09 5.753682e-09 5.753682e-09 5.688225e-09 5.743768e-09 5.707705e-09 5.688225e-09 5.684991e-09 5.681761e-09 5.678535e-09 5.707705e-09 5.684991e-09 5.678535e-09 5.681761e-09 0.000000e+00 63
7.173529e-09 5.844468e-04 5.800406e-09 5.793685e-09 6.406086e-09 5.730602e-09 5.740471e-09 5.871932e-09 6.578882e-09 5.688225e-09 5.998740e-09 5.896167e-09 5.837653e-09 5.753682e-09 5.753682e-09 5.688225e-09 5.743768e-09 5.707705e-09 5.688225e-09 5.684991e-09 5.681761e-09 5.678535e-09 5.707705e-09 5.684991e-09 5.678535e-09 5.681761e-09 0.000000e+00 Bayesian
7.173529e-09 8.968520e-09 5.800406e-09 5.793685e-09 6.406086e-09 5.730602e-09 5.740471e-09 5.871932e-09 6.578882e-09 5.688225e-09 7.250385e-03 5.896167e-09 5.837653e-09 5.753682e-09 5.753682e-09 5.688225e-09 5.743768e-09 5.707705e-09 5.688225e-09 5.684991e-09 5.681761e-09 5.678535e-09 5.707705e-09 5.684991e-09 5.678535e-09 5.681761e-09 0.000000e+00 CA.
7.173529e-09 5.844468e-04 5.800406e-09 5.793685e-09 6.406086e-09 5.730602e-09 5.740471e-09 5.871932e-09 6.578882e-09 5.688225e-09 5.998740e-09 5.896167e-09 5.837653e-09 5.753682e-09 5.753682e-09 5.688225e-09 5.743768e-09 5.707705e-09 5.688225e-09 5.684991e-09 5.681761e-09 5.678535e-09 5.707705e-09 5.684991e-09 5.678535e-09 5.681761e-09 0.000000e+00 that
7.173529e-09 5.844468e-04 5.800406e-09 5.793685e-09 6.406086e-09 5.730602e-09 5.740471e-09 5.871932e-09 6.578882e-09 5.688225e-09 5.998740e-09 5.896167e-09 5.837653e-09 5.753682e-09 5.753682e-09 5.688225e-09 5.743768e-09 5.707705e-09 5.688225e-09 5.684991e-09 5.681761e-09 5.678535e-09 5.707705e-09 5.684991e-09 5.678535e-09 5.681761e-09 0.000000e+00 Computes
7.173529e-09 5.844468e-04 5.800406e-09 5.793685e-09 6.406086e-09 5.730602e-09 5.740471e-09 5.871932e-09 6.578882e-09 5.688225e-09 5.998740e-09 5.896167e-09 5.837653e-09 5.753682e-09 5.753682e-09 5.688225e-09 5.743768e-09 5.707705e-09 5.688225e-09 5.684991e-09 5.681761e-09 5.678535e-09 5.707705e-09 5.684991e-09 5.678535e-09 5.681761e-09 0.000000e+00 Prefix
7.173529e-09 5.844468e-04 5.800406e-09 5.793685e-09 6.406086e-09 5.730602e-09 5.740471e-09 5.871932e-09 6.578882e-09 5.688225e-09 5.998740e-09 5.896167e-09 5.837653e-09 5.753682e-09 5.753682e-09 5.688225e-09 5.743768e-09 5.707705e-09 5.688225e-09 5.684991e-09 5.681761e-09 5.678535e-09 5.707705e-09 5.684991e-09 5.678535e-09 5.681761e-09 0.000000e+00 Probabilities
7.173529e-09 8.968520e-09 5.800406e-09 5.793685e-09 6.406086e-09 5.730602e-09 5.740471e-09 5.871932e-09 3.307013e-03 5.688225e-09 5.998740e-09 5.896167e-09 5.837653e-09 5.753682e-09 5.753682e-09 5.688225e-09 5.743768e-09 5.707705e-09 5.688225e-09 5.684991e-09 5.681761e-09 5.678535e-09 5.707705e-09 5.684991e-09 5.678535e-09 5.681761e-09 0.000000e+00 165
7.173529e-09 8.968520e-09 5.800406e-09 5.793685e-09 6.406086e-09 5.730602e-09 5.740471e-09 5.871932e-09 3.307013e-03 5.688225e-09 5.998740e-09 5.896167e-09 5.837653e-09 5.753682e-09 5.753682e-09 5.688225e-09 5.743768e-09 5.707705e-09 5.688225e-09 5.684991e-09 5.681761e-09 5.678535e-09 5.707705e-09 5.684991e-09 5.678535e-09 5.681761e-09 0.000000e+00 200
7.541275e-04 8.968520e-09 5.800406e-09 5.793685e-09 6.406086e-09 5.730602e-09 5.740471e-09 5.871932e-09 6.578882e-09 5.688225e-09 5.998740e-09 5.896167e-09 5.837653e-09 5.753682e-09 5.753682e-09 5.688225e-09 5.743768e-09 5.707705e-09 5.688225e-09 5.684991e-09 5.681761e-09 5.678535e-09 5.707705e-09 5.684991e-09 5.678535e-09 5.681761e-09 0.000000e+00 Strassen
7.173529e-09 5.844468e-04 5.800406e-09 5.793685e-09 6.406086e-09 5.730602e-09 5.740471e-09 5.871932e-09 6.578882e-09 5.688225e-09 5.998740e-09 5.896167e-09 5.837653e-09 5.753682e-09 5.753682e-09 5.688225e-09 5.743768e-09 5.707705e-09 5.688225e-09 5.684991e-09 5.681761e-09 5.678535e-09 5.707705e-09 5.684991e-09 5.678535e-09 5.681761e-09 0.000000e+00 Gaussian
7.173529e-09 5.844468e-04 5.800406e-09 5.793685e-09 6.406086e-09 5.730602e-09 5.740471e-09 5.871932e-09 6.578882e-09 5.688225e-09 5.998740e-09 5.896167e-09 5.837653e-09 5.753682e-09 5.753682e-09 5.688225e-09 5.743768e-09 5.707705e-09 5.688225e-09 5.684991e-09 5.681761e-09 5.678535e-09 5.707705e-09 5.684991e-09 5.678535e-09 5.681761e-09 0.000000e+00 Elimination
7.173529e-09 5.844468e-04 5.800406e-09 5.793685e-09 6.406086e-09 5.730602e-09 5.740471e-09 5.871932e-09 6.578882e-09 5.688225e-09 5.998740e-09 5.896167e-09 5.837653e-09 5.753682e-09 5.753682e-09 5.688225e-09 5.743768e-09 5.707705e-09 5.688225e-09 5.684991e-09 5.681761e-09 5.678535e-09 5.707705e-09 5.684991e-09 5.678535e-09 5.681761e-09 0.000000e+00 is
7.173529e-09 5.844468e-04 5.800406e-09 5.793685e-09 6.406086e-09 5.730602e-09 5.740471e-09 5.871932e-09 6.578882e-09 5.688225e-09 5.998740e-09 5.896167e-09 5.837653e-09 5.753682e-09 5.753682e-09 5.688225e-09 5.743768e-09 5.707705e-09 5.688225e-09 5.684991e-09 5.681761e-09 5.678535e-09 5.707705e-09 5.684991e-09 5.678535e-09 5.681761e-09 0.000000e+00 Not
7.173529e-09 8.968520e-09 5.800406e-09 5.793685e-09 6.406086e-09 5.730602e-09 5.740471e-09 5.871932e-09 6.578882e-09 5.688225e-09 5.998740e-09 3.145295e-03 5.837653e-09 5.753682e-09 5.753682e-09 5.688225e-09 5.743768e-09 5.707705e-09 5.688225e-09 5.684991e-09 5.681761e-09 5.678535e-09 5.707705e-09 5.684991e-09 5.678535e-09 5.681761e-09 0.000000e+00 Numerische
7.173529e-09 8.968520e-09 5.800406e-09 5.793685e-09 6.406086e-09 5.730602e-09 5.740471e-09 5.871932e-09 6.578882e-09 5.688225e-09 5.998740e-09 3.145295e-03 5.837653e-09 5.753682e-09 5.753682e-09 5.688225e-09 5.743768e-09 5.707705e-09 5.688225e-09 5.684991e-09 5.681761e-09 5.678535e-09 5.707705e-09 5.684991e-09 5.678535e-09 5.681761e-09 0.000000e+00 Mathematik
7.173529e-09 8.968520e-09 5.800406e-09 5.793685e-09 6.406086e-09 5.730602e-09 5.740471e-09 5.871932e-09 6.578882e-09 5.688225e-09 5.998740e-09 5.896167e-09 1.411305e-02 5.753682e-09 5.753682e-09 5.688225e-09 5.743768e-09 5.707705e-09 5.688225e-09 5.684991e-09 5.681761e-09 5.678535e-09 5.707705e-09 5.684991e-09 5.678535e-09 5.681761e-09 0.000000e+00 13
7.173529e-09 8.968520e-09 5.800406e-09 5.793685e-09 6.406086e-09 5.730602e-09 5.740471e-09 5.871932e-09 3.307013e-03 5.688225e-09 5.998740e-09 5.896167e-09 5.837653e-09 5.753682e-09 5.753682e-09 5.688225e-09 5.743768e-09 5.707705e-09 5.688225e-09 5.684991e-09 5.681761e-09 5.678535e-09 5.707705e-09 5.684991e-09 5.678535e-09 5.681761e-09 0.000000e+00 354
7.173529e-09 8.968520e-09 5.800406e-09 5.793685e-09 6.406086e-09 5.730602e-09 5.740471e-09 5.871932e-09 3.307013e-03 5.688225e-09 5.998740e-09 5.896167e-09 5.837653e-09 5.753682e-09 5.753682e-09 5.688225e-09 5.743768e-09 5.707705e-09 5.688225e-09 5.684991e-09 5.681761e-09 5.678535e-09 5.707705e-09 5.684991e-09 5.678535e-09 5.681761e-09 0.000000e+00 356
1.508255e-03 8.968520e-09 5.800406e-09 5.793685e-09 6.406086e-09 5.730602e-09 5.740471e-09 5.871932e-09 6.578882e-09 5.688225e-09 5.998740e-09 5.896167e-09 5.837653e-09 5.753682e-09 5.753682e-09 5.688225e-09 5.743768e-09 5.707705e-09 5.688225e-09 5.684991e-09 5.681761e-09 5.678535e-09 5.707705e-09 5.684991e-09 5.678535e-09 5.681761e-09 0.000000e+00 Sumita
7.173529e-09 5.844468e-04 5.800406e-09 5.793685e-09 6.406086e-09 5.730602e-09 5.740471e-09 5.871932e-09 6.578882e-09 5.688225e-09 5.998740e-09 5.896167e-09 5.837653e-09 5.753682e-09 5.753682e-09 5.688225e-09 5.743768e-09 5.707705e-09 5.688225e-09 5.684991e-09 5.681761e-09 5.678535e-09 5.707705e-09 5.684991e-09 5.678535e-09 5.681761e-09 0.000000e+00 Example-based
7.173529e-09 5.844468e-04 5.800406e-09 5.793685e-09 6.406086e-09 5.730602e-09 5.740471e-09 5.871932e-09 6.578882e-09 5.688225e-09 5.998740e-09 5.896167e-09 5.837653e-09 5.753682e-09 5.753682e-09 5.688225e-09 5.743768e-09 5.707705e-09 5.688225e-09 5.684991e-09 5.681761e-09 5.678535e-09 5.707705e-09 5.684991e-09 5.678535e-09 5.681761e-09 0.000000e+00 dp-matching
7.173529e-09 5.844468e-04 5.800406e-09 5.793685e-09 6.406086e-09 5.730602e-09 5.740471e-09 5.871932e-09 6.578882e-09 5.688225e-09 5.998740e-09 5.896167e-09 5.837653e-09 5.753682e-09 5.753682e-09 5.688225e-09 5.743768e-09 5.707705e-09 5.688225e-09 5.684991e-09 5.681761e-09 5.678535e-09 5.707705e-09 5.684991e-09 5.678535e-09 5.681761e-09 0.000000e+00 word
7.173529e-09 5.844468e-04 5.800406e-09 5.793685e-09 6.406086e-09 5.730602e-09 5.740471e-09 5.871932e-09 6.578882e-09 5.688225e-09 5.998740e-09 5.896167e-09 5.837653e-09 5.753682e-09 5.753682e-09 5.688225e-09 5.743768e-09 5.707705e-09 5.688225e-09 5.684991e-09 5.681761e-09 5.678535e-09 5.707705e-09 5.684991e-09 5.678535e-09 5.681761e-09 0.000000e+00 sequences
7.173529e-09 8.968520e-09 5.800406e-09 5.793685e-09 1.142065e-03 5.730602e-09 5.740471e-09 5.871932e-09 6.578882e-09 5.688225e-09 5.998740e-09 5.896167e-09 5.837653e-09 5.753682e-09 5.753682e-09 5.688225e-09 5.743768e-09 5.707705e-09 5.688225e-09 5.684991e-09 5.681761e-09 5.678535e-09 5.707705e-09 5.684991e-09 5.678535e-09 5.681761e-09 0.000000e+00 Data-Driven
7.173529e-09 8.968520e-09 5.800406e-09 5.793685e-09 1.142065e-03 5.730602e-09 5.740471e-09 5.871932e-09 6.578882e-09 5.688225e-09 5.998740e-09 5.896167e-09 5.837653e-09 5.753682e-09 5.753682e-09 5.688225e-09 5.743768e-09 5.707705e-09 5.688225e-09 5.684991e-09 5.681761e-09 5.678535e-09 5.707705e-09 5.684991e-09 5.678535e-09 5.681761e-09 0.000000e+00 Linguists
7.173529e-09 8.968520e-09 5.800406e-09 5.793685e-09 6.406086e-09 5.730602e-09 5.740471e-09 5.871932e-09 3.307013e-03 5.688225e-09 5.998740e-09 5.896167e-09 5.837653e-09 5.753682e-09 5.753682e-09 5.688225e-09 5.743768e-09 5.707705e-09 5.688225e-09 5.684991e-09 5.681761e-09 5.678535e-09 5.707705e-09 5.684991e-09 5.678535e-09 5.681761e-09 0.000000e+00 18--X
7.541275e-04 8.968520e-09 5.800406e-09 5.793685e-09 6.406086e-09 5.730602e-09 5.740471e-09 5.871932e-09 6.578882e-09 5.688225e-09 5.998740e-09 5.896167e-09 5.837653e-09 5.753682e-09 5.753682e-09 5.688225e-09 5.743768e-09 5.707705e-09 5.688225e-09 5.684991e-09 5.681761e-09 5.678535e-09 5.707705e-09 5.684991e-09 5.678535e-09 5.681761e-09 0.000000e+00 TT2
7.173529e-09 5.844468e-04 5.800406e-09 5.793685e-09 6.406086e-09 5.730602e-09 5.740471e-09 5.871932e-09 6.578882e-09 5.688225e-09 5.998740e-09 5.896167e-09 5.837653e-09 5.753682e-09 5.753682e-09 5.688225e-09 5.743768e-09 5.707705e-09 5.688225e-09 5.684991e-09 5.681761e-09 5.678535e-09 5.707705e-09 5.684991e-09 5.678535e-09 5.681761e-09 0.000000e+00 Transtype2
7.173529e-09 5.844468e-04 5.800406e-09 5.793685e-09 6.406086e-09 5.730602e-09 5.740471e-09 5.871932e-09 6.578882e-09 5.688225e-09 5.998740e-09 3.145295e-03 5.837653e-09 5.753682e-09 5.753682e-09 5.688225e-09 5.743768e-09 5.707705e-09 5.688225e-09 5.684991e-09 5.681761e-09 5.678535e-09 5.707705e-09 5.684991e-09 5.678535e-09 5.681761e-09 0.000000e+00 computer
7.173529e-09 5.844468e-04 5.800406e-09 5.793685e-09 6.406086e-09 5.730602e-09 5.740471e-09 5.871932e-09 6.578882e-09 5.688225e-09 5.998740e-09 5.896167e-09 5.837653e-09 5.753682e-09 5.753682e-09 5.688225e-09 5.743768e-09 5.707705e-09 5.688225e-09 5.684991e-09 5.681761e-09 5.678535e-09 5.707705e-09 5.684991e-09 5.678535e-09 5.681761e-09 0.000000e+00 assisted
7.173529e-09 5.844468e-04 5.800406e-09 5.793685e-09 6.406086e-09 5.730602e-09 5.740471e-09 5.871932e-09 6.578882e-09 5.688225e-09 5.998740e-09 5.896167e-09 5.837653e-09 5.753682e-09 5.753682e-09 5.688225e-09 5.743768e-09 5.707705e-09 5.688225e-09 5.684991e-09 5.681761e-09 5.678535e-09 5.707705e-09 5.684991e-09 5.678535e-09 5.681761e-09 0.000000e+00 (TT2).
7.173529e-09 5.844468e-04 5.800406e-09 5.793685e-09 6.406086e-09 5.730602e-09 5.740471e-09 5.871932e-09 6.578882e-09 5.688225e-09 5.998740e-09 5.896167e-09 5.837653e-09 5.753682e-09 5.753682e-09 5.688225e-09 5.743768e-09 5.707705e-09 5.688225e-09 5.684991e-09 5.681761e-09 5.678535e-09 5.707705e-09 5.684991e-09 5.678535e-09 5.681761e-09 0.000000e+00 Technical
7.173529e-09 5.844468e-04 5.800406e-09 5.793685e-09 6.406086e-09 5.730602e-09 5.740471e-09 5.871932e-09 6.578882e-09 5.688225e-09 5.998740e-09 5.896167e-09 5.837653e-09 5.753682e-09 5.753682e-09 5.688225e-09 5.743768e-09 5.707705e-09 5.688225e-09 5.684991e-09 5.681761e-09 5.678535e-09 5.707705e-09 5.684991e-09 5.678535e-09 5.681761e-09 0.000000e+00 report.
7.173529e-09 5.844468e-04 5.800406e-09 5.793685e-09 6.406086e-09 5.730602e-09 5.740471e-09 5.871932e-09 6.578882e-09 5.688225e-09 5.998740e-09 5.896167e-09 5.837653e-09 5.753682e-09 5.753682e-09 5.688225e-09 5.743768e-09 5.707705e-09 5.688225e-09 5.684991e-09 5.681761e-09 5.678535e-09 5.707705e-09 5.684991e-09 5.678535e-09 5.681761e-09 0.000000e+00 (IST)
7.173529e-09 5.844468e-04 5.800406e-09 5.793685e-09 6.406086e-09 5.730602e-09 5.740471e-09 5.871932e-09 6.578882e-09 5.688225e-09 5.998740e-09 5.896167e-09 5.837653e-09 5.753682e-09 5.753682e-09 5.688225e-09 5.743768e-09 5.707705e-09 5.688225e-09 5.684991e-09 5.681761e-09 5.678535e-09 5.707705e-09 5.684991e-09 5.678535e-09 5.681761e-09 0.000000e+00 Program.
7.173529e-09 5.844468e-04 5.800406e-09 5.793685e-09 6.406086e-09 5.730602e-09 5.740471e-09 5.871932e-09 6.578882e-09 5.688225e-09 5.998740e-09 5.896167e-09 5.837653e-09 5.753682e-09 5.753682e-09 5.688225e-09 5.743768e-09 5.707705e-09 5.688225e-09 5.684991e-09 5.681761e-09 5.678535e-09 5.707705e-09 5.684991e-09 5.678535e-09 5.681761e-09 0.000000e+00 IST-
7.173529e-09 5.844468e-04 5.800406e-09 5.793685e-09 6.406086e-09 5.730602e-09 5.740471e-09 5.871932e-09 6.578882e-09 5.688225e-09 5.998740e-09 5.896167e-09 5.837653e-09 5.753682e-09 5.753682e-09 5.688225e-09 5.743768e-09 5.707705e-09 5.688225e-09 5.684991e-09 5.681761e-09 5.678535e-09 5.707705e-09 5.684991e-09 5.678535e-09 5.681761e-09 0.000000e+00 32091
7.173529e-09 5.844468e-04 5.800406e-09 5.793685e-09 6.406086e-09 5.730602e-09 5.740471e-09 5.871932e-09 6.578882e-09 5.688225e-09 5.998740e-09 5.896167e-09 5.837653e-09 5.753682e-09 5.753682e-09 5.688225e-09 5.743768e-09 5.707705e-09 5.688225e-09 5.684991e-09 5.681761e-09 5.678535e-09 5.707705e-09 5.684991e-09 5.678535e-09 5.681761e-09 0.000000e+00 .
7.541275e-04 8.968520e-09 5.800406e-09 5.793685e-09 6.406086e-09 5.730602e-09 5.740471e-09 5.871932e-09 6.578882e-09 5.688225e-09 5.998740e-09 5.896167e-09 5.837653e-09 5.753682e-09 5.753682e-09 5.688225e-09 5.743768e-09 5.707705e-09 5.688225e-09 5.684991e-09 5.681761e-09 5.678535e-09 5.707705e-09 5.684991e-09 5.678535e-09 5.681761e-09 0.000000e+00 Tessiore
7.541275e-04 8.968520e-09 5.800406e-09 5.793685e-09 6.406086e-09 5.730602e-09 5.740471e-09 5.871932e-09 6.578882e-09 5.688225e-09 5.998740e-09 5.896167e-09 5.837653e-09 5.753682e-09 5.753682e-09 5.688225e-09 5.743768e-09 5.707705e-09 5.688225e-09 5.684991e-09 5.681761e-09 5.678535e-09 5.707705e-09 5.684991e-09 5.678535e-09 5.681761e-09 0.000000e+00 v.
7.541275e-04 8.968520e-09 5.800406e-09 5.793685e-09 6.406086e-09 5.730602e-09 5.740471e-09 5.871932e-09 6.578882e-09 5.688225e-09 5.998740e-09 5.896167e-09 5.837653e-09 5.753682e-09 5.753682e-09 5.688225e-09 5.743768e-09 5.707705e-09 5.688225e-09 5.684991e-09 5.681761e-09 5.678535e-09 5.707705e-09 5.684991e-09 5.678535e-09 5.681761e-09 0.000000e+00 Hahn
7.173529e-09 5.844468e-04 5.800406e-09 5.793685e-09 6.406086e-09 5.730602e-09 5.740471e-09 5.871932e-09 6.578882e-09 5.688225e-09 5.998740e-09 5.896167e-09 5.837653e-09 5.753682e-09 5.753682e-09 5.688225e-09 5.743768e-09 5.707705e-09 5.688225e-09 5.684991e-09 5.681761e-09 5.678535e-09 5.707705e-09 5.684991e-09 5.678535e-09 5.681761e-09 0.000000e+00 Functional
7.173529e-09 5.844468e-04 5.800406e-09 5.793685e-09 6.406086e-09 5.730602e-09 5.740471e-09 5.871932e-09 6.578882e-09 5.688225e-09 5.998740e-09 5.896167e-09 5.837653e-09 5.753682e-09 5.753682e-09 5.688225e-09 5.743768e-09 5.707705e-09 5.688225e-09 5.684991e-09 5.681761e-09 5.678535e-09 5.707705e-09 5.684991e-09 5.678535e-09 5.681761e-09 0.000000e+00 validation
7.173529e-09 5.844468e-04 5.800406e-09 5.793685e-09 6.406086e-09 5.730602e-09 5.740471e-09 5.871932e-09 6.578882e-09 5.688225e-09 5.998740e-09 5.896167e-09 5.837653e-09 5.753682e-09 5.753682e-09 5.688225e-09 5.743768e-09 5.707705e-09 5.688225e-09 5.684991e-09 5.681761e-09 5.678535e-09 5.707705e-09 5.684991e-09 5.678535e-09 5.681761e-09 0.000000e+00 system:
7.173529e-09 5.844468e-04 5.800406e-09 5.793685e-09 6.406086e-09 5.730602e-09 5.740471e-09 5.871932e-09 6.578882e-09 5.688225e-09 5.998740e-09 5.896167e-09 5.837653e-09 5.753682e-09 5.753682e-09 5.688225e-09 5.743768e-09 5.707705e-09 5.688225e-09 5.684991e-09 5.681761e-09 5.678535e-09 5.707705e-09 5.684991e-09 5.678535e-09 5.681761e-09 0.000000e+00 Verbmobil
7.173529e-09 8.968520e-09 5.800406e-09 5.793685e-09 1.142065e-03 5.730602e-09 5.740471e-09 5.871932e-09 6.578882e-09 5.688225e-09 5.998740e-09 5.896167e-09 5.837653e-09 5.753682e-09 5.753682e-09 5.688225e-09 5.743768e-09 5.707705e-09 5.688225e-09 5.684991e-09 5.681761e-09 5.678535e-09 5.707705e-09 5.684991e-09 5.678535e-09 5.681761e-09 0.000000e+00 Verbmobil:
7.173529e-09 8.968520e-09 5.800406e-09 5.793685e-09 1.142065e-03 5.730602e-09 5.740471e-09 5.871932e-09 6.578882e-09 5.688225e-09 5.998740e-09 5.896167e-09 5.837653e-09 5.753682e-09 5.753682e-09 5.688225e-09 5.743768e-09 5.707705e-09 5.688225e-09 5.684991e-09 5.681761e-09 5.678535e-09 5.707705e-09 5.684991e-09 5.678535e-09 5.681761e-09 0.000000e+00 Foundations
7.173529e-09 8.968520e-09 5.800406e-09 5.793685e-09 1.142065e-03 5.730602e-09 5.740471e-09 5.871932e-09 6.578882e-09 5.688225e-09 5.998740e-09 5.896167e-09 5.837653e-09 5.753682e-09 5.753682e-09 5.688225e-09 5.743768e-09 5.707705e-09 5.688225e-09 5.684991e-09 5.681761e-09 5.678535e-09 5.707705e-09 5.684991e-09 5.678535e-09 5.681761e-09 0.000000e+00 speech-to-speech-translation
7.173529e-09 8.968520e-09 5.800406e-09 5.793685e-09 6.406086e-09 5.730602e-09 5.740471e-09 5.871932e-09 3.307013e-03 5.688225e-09 5.998740e-09 5.896167e-09 5.837653e-09 5.753682e-09 5.753682e-09 5.688225e-09 5.743768e-09 5.707705e-09 5.688225e-09 5.684991e-09 5.681761e-09 5.678535e-09 5.707705e-09 5.684991e-09 5.678535e-09 5.681761e-09 0.000000e+00 631
7.173529e-09 8.968520e-09 5.800406e-09 5.793685e-09 6.406086e-09 5.730602e-09 5.740471e-09 5.871932e-09 6.578882e-09 5.688225e-09 7.250385e-03 5.896167e-09 5.837653e-09 5.753682e-09 5.753682e-09 5.688225e-09 5.743768e-09 5.707705e-09 5.688225e-09 5.684991e-09 5.681761e-09 5.678535e-09 5.707705e-09 5.684991e-09 5.678535e-09 5.681761e-09 0.000000e+00 Berlin
7.173529e-09 5.844468e-04 5.800406e-09 5.793685e-09 6.406086e-09 5.730602e-09 5.740471e-09 5.871932e-09 6.578882e-09 5.688225e-09 5.998740e-09 5.896167e-09 5.837653e-09 5.753682e-09 5.753682e-09 5.688225e-09 5.743768e-09 5.707705e-09 5.688225e-09 5.684991e-09 5.681761e-09 5.678535e-09 5.707705e-09 5.684991e-09 5.678535e-09 5.681761e-09 0.000000e+00 Determination
7.173529e-09 5.844468e-04 5.800406e-09 5.793685e-09 6.406086e-09 5.730602e-09 5.740471e-09 5.871932e-09 6.578882e-09 5.688225e-09 5.998740e-09 5.896167e-09 5.837653e-09 5.753682e-09 5.753682e-09 5.688225e-09 5.743768e-09 5.707705e-09 5.688225e-09 5.684991e-09 5.681761e-09 5.678535e-09 5.707705e-09 5.684991e-09 5.678535e-09 5.681761e-09 0.000000e+00 Functionally
7.173529e-09 5.844468e-04 5.800406e-09 5.793685e-09 6.406086e-09 5.730602e-09 5.740471e-09 5.871932e-09 6.578882e-09 5.688225e-09 5.998740e-09 5.896167e-09 5.837653e-09 5.753682e-09 5.753682e-09 5.688225e-09 5.743768e-09 5.707705e-09 5.688225e-09 5.684991e-09 5.681761e-09 5.678535e-09 5.707705e-09 5.684991e-09 5.678535e-09 5.681761e-09 0.000000e+00 Specified
7.173529e-09 5.844468e-04 5.800406e-09 5.793685e-09 6.406086e-09 5.730602e-09 5.740471e-09 5.871932e-09 6.578882e-09 5.688225e-09 5.998740e-09 5.896167e-09 5.837653e-09 5.753682e-09 5.753682e-09 5.688225e-09 5.743768e-09 5.707705e-09 5.688225e-09 5.684991e-09 5.681761e-09 5.678535e-09 5.707705e-09 5.684991e-09 5.678535e-09 5.681761e-09 0.000000e+00 Probability-Measure
7.173529e-09 8.968520e-09 5.800406e-09 5.793685e-09 6.406086e-09 5.730602e-09 5.740471e-09 5.871932e-09 6.578882e-09 5.688225e-09 5.998740e-09 5.896167e-09 1.411305e-02 5.753682e-09 5.753682e-09 5.688225e-09 5.743768e-09 5.707705e-09 5.688225e-09 5.684991e-09 5.681761e-09 5.678535e-09 5.707705e-09 5.684991e-09 5.678535e-09 5.681761e-09 0.000000e+00 C-23
7.173529e-09 8.968520e-09 5.800406e-09 5.793685e-09 6.406086e-09 5.730602e-09 5.740471e-09 5.871932e-09 3.307013e-03 5.688225e-09 5.998740e-09 5.896167e-09 5.837653e-09 5.753682e-09 5.753682e-09 5.688225e-09 5.743768e-09 5.707705e-09 5.688225e-09 5.684991e-09 5.681761e-09 5.678535e-09 5.707705e-09 5.684991e-09 5.678535e-09 5.681761e-09 0.000000e+00 603
7.173529e-09 8.968520e-09 5.800406e-09 5.793685e-09 6.406086e-09 5.730602e-09 5.740471e-09 5.871932e-09 3.307013e-03 5.688225e-09 5.998740e-09 5.896167e-09 5.837653e-09 5.753682e-09 5.753682e-09 5.688225e-09 5.743768e-09 5.707705e-09 5.688225e-09 5.684991e-09 5.681761e-09 5.678535e-09 5.707705e-09 5.684991e-09 5.678535e-09 5.681761e-09 0.000000e+00 614
1.508255e-03 8.968520e-09 5.800406e-09 5.793685e-09 6.406086e-09 5.730602e-09 5.740471e-09 5.871932e-09 6.578882e-09 5.688225e-09 5.998740e-09 5.896167e-09 5.837653e-09 5.753682e-09 5.753682e-09 5.688225e-09 5.743768e-09 5.707705e-09 5.688225e-09 5.684991e-09 5.681761e-09 5.678535e-09 5.707705e-09 5.684991e-09 5.678535e-09 5.681761e-09 0.000000e+00 Tomás
7.173529e-09 5.844468e-04 5.800406e-09 5.793685e-09 6.406086e-09 5.730602e-09 5.740471e-09 5.871932e-09 6.578882e-09 5.688225e-09 5.998740e-09 5.896167e-09 5.837653e-09 5.753682e-09 5.753682e-09 5.688225e-09 5.743768e-09 5.707705e-09 5.688225e-09 5.684991e-09 5.681761e-09 5.678535e-09 5.707705e-09 5.684991e-09 5.678535e-09 5.681761e-09 0.000000e+00 Monotone
7.173529e-09 5.844468e-04 5.800406e-09 5.793685e-09 6.406086e-09 5.730602e-09 5.740471e-09 5.871932e-09 6.578882e-09 5.688225e-09 5.998740e-09 5.896167e-09 5.837653e-09 5.753682e-09 5.753682e-09 5.688225e-09 5.743768e-09 5.707705e-09 5.688225e-09 5.684991e-09 5.681761e-09 5.678535e-09 5.707705e-09 5.684991e-09 5.678535e-09 5.681761e-09 0.000000e+00 Groups
7.173529e-09 8.968520e-09 5.800406e-09 5.793685e-09 6.406086e-09 5.730602e-09 5.740471e-09 5.871932e-09 3.307013e-03 5.688225e-09 5.998740e-09 5.896167e-09 5.837653e-09 5.753682e-09 5.753682e-09 5.688225e-09 5.743768e-09 5.707705e-09 5.688225e-09 5.684991e-09 5.681761e-09 5.678535e-09 5.707705e-09 5.684991e-09 5.678535e-09 5.681761e-09 0.000000e+00 357
7.173529e-09 8.968520e-09 5.800406e-09 5.793685e-09 6.406086e-09 5.730602e-09 5.740471e-09 5.871932e-09 6.614026e-03 5.688225e-09 5.998740e-09 5.896167e-09 5.837653e-09 5.753682e-09 5.753682e-09 5.688225e-09 5.743768e-09 5.707705e-09 5.688225e-09 5.684991e-09 5.681761e-09 5.678535e-09 5.707705e-09 5.684991e-09 5.678535e-09 5.681761e-09 0.000000e+00 361
7.173529e-09 8.968520e-09 5.800406e-09 5.793685e-09 6.406086e-09 5.730602e-09 5.740471e-09 5.871932e-09 6.578882e-09 5.688225e-09 7.250385e-03 5.896167e-09 5.837653e-09 5.753682e-09 5.753682e-09 5.688225e-09 5.743768e-09 5.707705e-09 5.688225e-09 5.684991e-09 5.681761e-09 5.678535e-09 5.707705e-09 5.684991e-09 5.678535e-09 5.681761e-09 0.000000e+00 Santiago
7.173529e-09 8.968520e-09 5.800406e-09 5.793685e-09 6.406086e-09 5.730602e-09 5.740471e-09 5.871932e-09 6.578882e-09 5.688225e-09 7.250385e-03 5.896167e-09 5.837653e-09 5.753682e-09 5.753682e-09 5.688225e-09 5.743768e-09 5.707705e-09 5.688225e-09 5.684991e-09 5.681761e-09 5.678535e-09 5.707705e-09 5.684991e-09 5.678535e-09 5.681761e-09 0.000000e+00 Compostela
7.541275e-04 8.968520e-09 5.800406e-09 5.793685e-09 6.406086e-09 5.730602e-09 5.740471e-09 5.871932e-09 6.578882e-09 5.688225e-09 5.998740e-09 5.896167e-09 5.837653e-09 5.753682e-09 5.753682e-09 5.688225e-09 5.743768e-09 5.707705e-09 5.688225e-09 5.684991e-09 5.681761e-09 5.678535e-09 5.707705e-09 5.684991e-09 5.678535e-09 5.681761e-09 0.000000e+00 Lloret
7.173529e-09 8.968520e-09 5.800406e-09 5.793685e-09 6.406086e-09 5.730602e-09 5.740471e-09 5.871932e-09 3.307013e-03 5.688225e-09 5.998740e-09 5.896167e-09 5.837653e-09 5.753682e-09 5.753682e-09 5.688225e-09 5.743768e-09 5.707705e-09 5.688225e-09 5.684991e-09 5.681761e-09 5.678535e-09 5.707705e-09 5.684991e-09 5.678535e-09 5.681761e-09 0.000000e+00 605
7.173529e-09 8.968520e-09 5.800406e-09 5.793685e-09 6.406086e-09 5.730602e-09 5.740471e-09 5.871932e-09 6.578882e-09 5.688225e-09 5.998740e-09 5.896167e-09 1.411305e-02 5.753682e-09 5.753682e-09 5.688225e-09 5.743768e-09 5.707705e-09 5.688225e-09 5.684991e-09 5.681761e-09 5.678535e-09 5.707705e-09 5.684991e-09 5.678535e-09 5.681761e-09 0.000000e+00 3523
7.173529e-09 8.968520e-09 5.800406e-09 5.793685e-09 6.406086e-09 5.730602e-09 5.740471e-09 5.871932e-09 6.578882e-09 5.688225e-09 7.250385e-03 5.896167e-09 5.837653e-09 5.753682e-09 5.753682e-09 5.688225e-09 5.743768e-09 5.707705e-09 5.688225e-09 5.684991e-09 5.681761e-09 5.678535e-09 5.707705e-09 5.684991e-09 5.678535e-09 5.681761e-09 0.000000e+00 Estoril
7.173529e-09 8.968520e-09 5.800406e-09 5.793685e-09 6.406086e-09 5.730602e-09 5.740471e-09 5.871932e-09 6.578882e-09 5.688225e-09 7.250385e-03 5.896167e-09 5.837653e-09 5.753682e-09 5.753682e-09 5.688225e-09 5.743768e-09 5.707705e-09 5.688225e-09 5.684991e-09 5.681761e-09 5.678535e-09 5.707705e-09 5.684991e-09 5.678535e-09 5.681761e-09 0.000000e+00 (Portugal)
7.541275e-04 8.968520e-09 5.800406e-09 5.793685e-09 6.406086e-09 5.730602e-09 5.740471e-09 5.871932e-09 6.578882e-09 5.688225e-09 5.998740e-09 5.896167e-09 5.837653e-09 5.753682e-09 5.753682e-09 5.688225e-09 5.743768e-09 5.707705e-09 5.688225e-09 5.684991e-09 5.681761e-09 5.678535e-09 5.707705e-09 5.684991e-09 5.678535e-09 5.681761e-09 0.000000e+00 A.H.
7.541275e-04 8.968520e-09 5.800406e-09 5.793685e-09 6.406086e-09 5.730602e-09 5.740471e-09 5.871932e-09 6.578882e-09 5.688225e-09 5.998740e-09 5.896167e-09 5.837653e-09 5.753682e-09 5.753682e-09 5.688225e-09 5.743768e-09 5.707705e-09 5.688225e-09 5.684991e-09 5.681761e-09 5.678535e-09 5.707705e-09 5.684991e-09 5.678535e-09 5.681761e-09 0.000000e+00 Toselli
7.541275e-04 8.968520e-09 5.800406e-09 5.793685e-09 6.406086e-09 5.730602e-09 5.740471e-09 5.871932e-09 6.578882e-09 5.688225e-09 5.998740e-09 5.896167e-09 5.837653e-09 5.753682e-09 5.753682e-09 5.688225e-09 5.743768e-09 5.707705e-09 5.688225e-09 5.684991e-09 5.681761e-09 5.678535e-09 5.707705e-09 5.684991e-09 5.678535e-09 5.681761e-09 0.000000e+00 Romero
7.173529e-09 5.844468e-04 5.800406e-09 5.793685e-09 6.406086e-09 5.730602e-09 5.740471e-09 5.871932e-09 6.578882e-09 5.688225e-09 5.998740e-09 5.896167e-09 5.837653e-09 5.753682e-09 5.753682e-09 5.688225e-09 5.743768e-09 5.707705e-09 5.688225e-09 5.684991e-09 5.681761e-09 5.678535e-09 5.707705e-09 5.684991e-09 5.678535e-09 5.681761e-09 0.000000e+00 Transcription
7.173529e-09 5.844468e-04 5.800406e-09 5.793685e-09 6.406086e-09 5.730602e-09 5.740471e-09 5.871932e-09 6.578882e-09 5.688225e-09 5.998740e-09 5.896167e-09 5.837653e-09 5.753682e-09 5.753682e-09 5.688225e-09 5.743768e-09 5.707705e-09 5.688225e-09 5.684991e-09 5.681761e-09 5.678535e-09 5.707705e-09 5.684991e-09 5.678535e-09 5.681761e-09 0.000000e+00 Images
7.173529e-09 4.617369e-13 5.800406e-09 5.793685e-09 2.284130e-03 5.730602e-09 5.740471e-09 5.871932e-09 6.578882e-09 5.688225e-09 5.998740e-09 5.896167e-09 5.837653e-09 5.753682e-09 5.753682e-09 5.688225e-09 5.743768e-09 5.707705e-09 5.688225e-09 5.684991e-09 5.681761e-09 5.678535e-09 5.707705e-09 5.684991e-09 5.678535e-09 5.681761e-09 0.000000e+00 Multimodal
7.173529e-09 2.336066e-38 5.800406e-09 5.793685e-09 2.284130e-03 5.730602e-09 5.740471e-09 5.871932e-09 6.578882e-09 5.688225e-09 5.998740e-09 5.896167e-09 5.837653e-09 5.753682e-09 5.753682e-09 5.688225e-09 5.743768e-09 5.707705e-09 5.688225e-09 5.684991e-09 5.681761e-09 5.678535e-09 5.707705e-09 5.684991e-09 5.678535e-09 5.681761e-09 0.000000e+00 Interaction
7.173529e-09 8.968520e-09 5.800406e-09 5.793685e-09 1.142065e-03 5.730602e-09 5.740471e-09 5.871932e-09 6.578882e-09 5.688225e-09 5.998740e-09 5.896167e-09 5.837653e-09 5.753682e-09 5.753682e-09 5.688225e-09 5.743768e-09 5.707705e-09 5.688225e-09 5.684991e-09 5.681761e-09 5.678535e-09 5.707705e-09 5.684991e-09 5.678535e-09 5.681761e-09 0.000000e+00 Related
7.173529e-09 8.968520e-09 5.800406e-09 5.793685e-09 6.406086e-09 5.730602e-09 5.740471e-09 5.871932e-09 6.578882e-09 5.688225e-09 5.998740e-09 5.896167e-09 1.411305e-02 5.753682e-09 5.753682e-09 5.688225e-09 5.743768e-09 5.707705e-09 5.688225e-09 5.684991e-09 5.681761e-09 5.678535e-09 5.707705e-09 5.684991e-09 5.678535e-09 5.681761e-09 0.000000e+00 5237
7.173529e-09 8.968520e-09 5.800406e-09 5.793685e-09 6.406086e-09 5.730602e-09 5.740471e-09 5.871932e-09 3.307013e-03 5.688225e-09 5.998740e-09 5.896167e-09 5.837653e-09 5.753682e-09 5.753682e-09 5.688225e-09 5.743768e-09 5.707705e-09 5.688225e-09 5.684991e-09 5.681761e-09 5.678535e-09 5.707705e-09 5.684991e-09 5.678535e-09 5.681761e-09 0.000000e+00 296
7.173529e-09 8.968520e-09 5.800406e-09 5.793685e-09 6.406086e-09 5.730602e-09 5.740471e-09 5.871932e-09 6.614026e-03 5.688225e-09 5.998740e-09 5.896167e-09 5.837653e-09 5.753682e-09 5.753682e-09 5.688225e-09 5.743768e-09 5.707705e-09 5.688225e-09 5.684991e-09 5.681761e-09 5.678535e-09 5.707705e-09 5.684991e-09 5.678535e-09 5.681761e-09 0.000000e+00 308
7.173529e-09 8.968520e-09 5.800406e-09 5.793685e-09 6.406086e-09 5.730602e-09 5.740471e-09 5.871932e-09 6.578882e-09 5.688225e-09 7.250385e-03 5.896167e-09 5.837653e-09 5.753682e-09 5.753682e-09 5.688225e-09 5.743768e-09 5.707705e-09 5.688225e-09 5.684991e-09 5.681761e-09 5.678535e-09 5.707705e-09 5.684991e-09 5.678535e-09 5.681761e-09 0.000000e+00 Utrecht
7.173529e-09 8.968520e-09 5.800406e-09 5.793685e-09 6.406086e-09 5.730602e-09 5.740471e-09 5.871932e-09 6.578882e-09 5.688225e-09 7.250385e-03 5.896167e-09 5.837653e-09 5.753682e-09 5.753682e-09 5.688225e-09 5.743768e-09 5.707705e-09 5.688225e-09 5.684991e-09 5.681761e-09 5.678535e-09 5.707705e-09 5.684991e-09 5.678535e-09 5.681761e-09 0.000000e+00 Netherlands
7.541275e-04 8.968520e-09 5.800406e-09 5.793685e-09 6.406086e-09 5.730602e-09 5.740471e-09 5.871932e-09 6.578882e-09 5.688225e-09 5.998740e-09 5.896167e-09 5.837653e-09 5.753682e-09 5.753682e-09 5.688225e-09 5.743768e-09 5.707705e-09 5.688225e-09 5.684991e-09 5.681761e-09 5.678535e-09 5.707705e-09 5.684991e-09 5.678535e-09 5.681761e-09 0.000000e+00 L.G.
7.541275e-04 8.968520e-09 5.800406e-09 5.793685e-09 6.406086e-09 5.730602e-09 5.740471e-09 5.871932e-09 6.578882e-09 5.688225e-09 5.998740e-09 5.896167e-09 5.837653e-09 5.753682e-09 5.753682e-09 5.688225e-09 5.743768e-09 5.707705e-09 5.688225e-09 5.684991e-09 5.681761e-09 5.678535e-09 5.707705e-09 5.684991e-09 5.678535e-09 5.681761e-09 0.000000e+00 Valiant
7.173529e-09 5.844468e-04 5.800406e-09 5.793685e-09 6.406086e-09 5.730602e-09 5.740471e-09 5.871932e-09 6.578882e-09 5.688225e-09 5.998740e-09 5.896167e-09 5.837653e-09 5.753682e-09 5.753682e-09 5.688225e-09 5.743768e-09 5.707705e-09 5.688225e-09 5.684991e-09 5.681761e-09 5.678535e-09 5.707705e-09 5.684991e-09 5.678535e-09 5.681761e-09 0.000000e+00 Less
7.173529e-09 5.844468e-04 5.800406e-09 5.793685e-09 6.406086e-09 5.730602e-09 5.740471e-09 5.871932e-09 6.578882e-09 5.688225e-09 5.998740e-09 5.896167e-09 5.837653e-09 5.753682e-09 5.753682e-09 5.688225e-09 5.743768e-09 5.707705e-09 5.688225e-09 5.684991e-09 5.681761e-09 5.678535e-09 5.707705e-09 5.684991e-09 5.678535e-09 5.681761e-09 0.000000e+00 than
7.173529e-09 5.844468e-04 5.800406e-09 5.793685e-09 6.406086e-09 5.730602e-09 5.740471e-09 5.871932e-09 6.578882e-09 5.688225e-09 5.998740e-09 5.896167e-09 5.837653e-09 5.753682e-09 5.753682e-09 5.688225e-09 5.743768e-09 5.707705e-09 5.688225e-09 5.684991e-09 5.681761e-09 5.678535e-09 5.707705e-09 5.684991e-09 5.678535e-09 5.681761e-09 0.000000e+00 Cubic
7.173529e-09 8.968520e-09 5.800406e-09 5.793685e-09 6.406086e-09 5.730602e-09 5.740471e-09 5.871932e-09 6.578882e-09 5.688225e-09 5.998740e-09 3.145295e-03 5.837653e-09 5.753682e-09 5.753682e-09 5.688225e-09 5.743768e-09 5.707705e-09 5.688225e-09 5.684991e-09 5.681761e-09 5.678535e-09 5.707705e-09 5.684991e-09 5.678535e-09 5.681761e-09 0.000000e+00 sciences
7.541275e-04 8.968520e-09 5.800406e-09 5.793685e-09 6.406086e-09 5.730602e-09 5.740471e-09 5.871932e-09 6.578882e-09 5.688225e-09 5.998740e-09 5.896167e-09 5.837653e-09 5.753682e-09 5.753682e-09 5.688225e-09 5.743768e-09 5.707705e-09 5.688225e-09 5.684991e-09 5.681761e-09 5.678535e-09 5.707705e-09 5.684991e-09 5.678535e-09 5.681761e-09 0.000000e+00 J.L.
7.541275e-04 8.968520e-09 5.800406e-09 5.793685e-09 6.406086e-09 5.730602e-09 5.740471e-09 5.871932e-09 6.578882e-09 5.688225e-09 5.998740e-09 5.896167e-09 5.837653e-09 5.753682e-09 5.753682e-09 5.688225e-09 5.743768e-09 5.707705e-09 5.688225e-09 5.684991e-09 5.681761e-09 5.678535e-09 5.707705e-09 5.684991e-09 5.678535e-09 5.681761e-09 0.000000e+00 Verdu-Mas
7.541275e-04 8.968520e-09 5.800406e-09 5.793685e-09 6.406086e-09 5.730602e-09 5.740471e-09 5.871932e-09 6.578882e-09 5.688225e-09 5.998740e-09 5.896167e-09 5.837653e-09 5.753682e-09 5.753682e-09 5.688225e-09 5.743768e-09 5.707705e-09 5.688225e-09 5.684991e-09 5.681761e-09 5.678535e-09 5.707705e-09 5.684991e-09 5.678535e-09 5.681761e-09 0.000000e+00 M.L
7.541275e-04 8.968520e-09 5.800406e-09 5.793685e-09 6.406086e-09 5.730602e-09 5.740471e-09 5.871932e-09 6.578882e-09 5.688225e-09 5.998740e-09 5.896167e-09 5.837653e-09 5.753682e-09 5.753682e-09 5.688225e-09 5.743768e-09 5.707705e-09 5.688225e-09 5.684991e-09 5.681761e-09 5.678535e-09 5.707705e-09 5.684991e-09 5.678535e-09 5.681761e-09 0.000000e+00 Forcada
7.541275e-04 8.968520e-09 5.800406e-09 5.793685e-09 6.406086e-09 5.730602e-09 5.740471e-09 5.871932e-09 6.578882e-09 5.688225e-09 5.998740e-09 5.896167e-09 5.837653e-09 5.753682e-09 5.753682e-09 5.688225e-09 5.743768e-09 5.707705e-09 5.688225e-09 5.684991e-09 5.681761e-09 5.678535e-09 5.707705e-09 5.684991e-09 5.678535e-09 5.681761e-09 0.000000e+00 Calera-Rubio
7.173529e-09 5.844468e-04 5.800406e-09 5.793685e-09 6.406086e-09 5.730602e-09 5.740471e-09 5.871932e-09 6.578882e-09 5.688225e-09 5.998740e-09 5.896167e-09 5.837653e-09 5.753682e-09 5.753682e-09 5.688225e-09 5.743768e-09 5.707705e-09 5.688225e-09 5.684991e-09 5.681761e-09 5.678535e-09 5.707705e-09 5.684991e-09 5.678535e-09 5.681761e-09 0.000000e+00 k-Grammar
7.173529e-09 8.968520e-09 5.800406e-09 5.793685e-09 1.142065e-03 5.730602e-09 5.740471e-09 5.871932e-09 6.578882e-09 5.688225e-09 5.998740e-09 5.896167e-09 5.837653e-09 5.753682e-09 5.753682e-09 5.688225e-09 5.743768e-09 5.707705e-09 5.688225e-09 5.684991e-09 5.681761e-09 5.678535e-09 5.707705e-09 5.684991e-09 5.678535e-09 5.681761e-09 0.000000e+00 IAPR
7.173529e-09 8.968520e-09 5.800406e-09 5.793685e-09 6.406086e-09 5.730602e-09 5.740471e-09 6.846268e-03 6.578882e-09 5.688225e-09 5.998740e-09 5.896167e-09 5.837653e-09 5.753682e-09 5.753682e-09 5.688225e-09 5.743768e-09 5.707705e-09 5.688225e-09 5.684991e-09 5.681761e-09 5.678535e-09 5.707705e-09 5.684991e-09 5.678535e-09 5.681761e-09 0.000000e+00 Caelli
7.173529e-09 8.968520e-09 5.800406e-09 5.793685e-09 6.406086e-09 5.730602e-09 5.740471e-09 6.846268e-03 6.578882e-09 5.688225e-09 5.998740e-09 5.896167e-09 5.837653e-09 5.753682e-09 5.753682e-09 5.688225e-09 5.743768e-09 5.707705e-09 5.688225e-09 5.684991e-09 5.681761e-09 5.678535e-09 5.707705e-09 5.684991e-09 5.678535e-09 5.681761e-09 0.000000e+00 R.P.W.
7.173529e-09 8.968520e-09 5.800406e-09 5.793685e-09 6.406086e-09 5.730602e-09 5.740471e-09 6.846268e-03 6.578882e-09 5.688225e-09 5.998740e-09 5.896167e-09 5.837653e-09 5.753682e-09 5.753682e-09 5.688225e-09 5.743768e-09 5.707705e-09 5.688225e-09 5.684991e-09 5.681761e-09 5.678535e-09 5.707705e-09 5.684991e-09 5.678535e-09 5.681761e-09 0.000000e+00 Duin
7.173529e-09 8.968520e-09 5.800406e-09 5.793685e-09 6.406086e-09 5.730602e-09 5.740471e-09 6.846268e-03 6.578882e-09 5.688225e-09 5.998740e-09 5.896167e-09 5.837653e-09 5.753682e-09 5.753682e-09 5.688225e-09 5.743768e-09 5.707705e-09 5.688225e-09 5.684991e-09 5.681761e-09 5.678535e-09 5.707705e-09 5.684991e-09 5.678535e-09 5.681761e-09 0.000000e+00 Kamel
7.173529e-09 8.968520e-09 5.800406e-09 5.793685e-09 6.406086e-09 5.730602e-09 5.740471e-09 6.846268e-03 6.578882e-09 5.688225e-09 5.998740e-09 5.896167e-09 5.837653e-09 5.753682e-09 5.753682e-09 5.688225e-09 5.743768e-09 5.707705e-09 5.688225e-09 5.684991e-09 5.681761e-09 5.678535e-09 5.707705e-09 5.684991e-09 5.678535e-09 5.681761e-09 0.000000e+00 Ridder
7.173529e-09 8.968520e-09 5.800406e-09 5.793685e-09 6.406086e-09 5.730602e-09 5.740471e-09 5.871932e-09 6.578882e-09 5.688225e-09 5.998740e-09 5.896167e-09 1.411305e-02 5.753682e-09 5.753682e-09 5.688225e-09 5.743768e-09 5.707705e-09 5.688225e-09 5.684991e-09 5.681761e-09 5.678535e-09 5.707705e-09 5.684991e-09 5.678535e-09 5.681761e-09 0.000000e+00 2396
7.173529e-09 8.968520e-09 5.800406e-09 5.793685e-09 1.142065e-03 5.730602e-09 5.740471e-09 5.871932e-09 6.578882e-09 5.688225e-09 5.998740e-09 5.896167e-09 5.837653e-09 5.753682e-09 5.753682e-09 5.688225e-09 5.743768e-09 5.707705e-09 5.688225e-09 5.684991e-09 5.681761e-09 5.678535e-09 5.707705e-09 5.684991e-09 5.678535e-09 5.681761e-09 0.000000e+00 Applications.
7.173529e-09 8.968520e-09 5.800406e-09 5.793685e-09 1.142065e-03 5.730602e-09 5.740471e-09 5.871932e-09 6.578882e-09 5.688225e-09 5.998740e-09 5.896167e-09 5.837653e-09 5.753682e-09 5.753682e-09 5.688225e-09 5.743768e-09 5.707705e-09 5.688225e-09 5.684991e-09 5.681761e-09 5.678535e-09 5.707705e-09 5.684991e-09 5.678535e-09 5.681761e-09 0.000000e+00 7th
7.173529e-09 8.968520e-09 5.800406e-09 5.793685e-09 1.142065e-03 5.730602e-09 5.740471e-09 5.871932e-09 6.578882e-09 5.688225e-09 5.998740e-09 5.896167e-09 5.837653e-09 5.753682e-09 5.753682e-09 5.688225e-09 5.743768e-09 5.707705e-09 5.688225e-09 5.684991e-09 5.681761e-09 5.678535e-09 5.707705e-09 5.684991e-09 5.678535e-09 5.681761e-09 0.000000e+00 Coloquium
7.173529e-09 8.968520e-09 5.800406e-09 5.793685e-09 1.142065e-03 5.730602e-09 5.740471e-09 5.871932e-09 6.578882e-09 5.688225e-09 5.998740e-09 5.896167e-09 5.837653e-09 5.753682e-09 5.753682e-09 5.688225e-09 5.743768e-09 5.707705e-09 5.688225e-09 5.684991e-09 5.681761e-09 5.678535e-09 5.707705e-09 5.684991e-09 5.678535e-09 5.681761e-09 0.000000e+00 ICGI
7.173529e-09 8.968520e-09 5.800406e-09 5.793685e-09 6.406086e-09 5.730602e-09 5.740471e-09 5.871932e-09 6.578882e-09 5.688225e-09 5.998740e-09 5.896167e-09 1.411305e-02 5.753682e-09 5.753682e-09 5.688225e-09 5.743768e-09 5.707705e-09 5.688225e-09 5.684991e-09 5.681761e-09 5.678535e-09 5.707705e-09 5.684991e-09 5.678535e-09 5.681761e-09 0.000000e+00 3264
7.173529e-09 8.968520e-09 5.800406e-09 5.793685e-09 6.406086e-09 5.730602e-09 5.740471e-09 5.871932e-09 6.578882e-09 5.688225e-09 7.250385e-03 5.896167e-09 5.837653e-09 5.753682e-09 5.753682e-09 5.688225e-09 5.743768e-09 5.707705e-09 5.688225e-09 5.684991e-09 5.681761e-09 5.678535e-09 5.707705e-09 5.684991e-09 5.678535e-09 5.681761e-09 0.000000e+00 Athens
7.173529e-09 8.968520e-09 5.800406e-09 5.793685e-09 6.406086e-09 5.730602e-09 5.740471e-09 5.871932e-09 6.578882e-09 5.688225e-09 7.250385e-03 5.896167e-09 5.837653e-09 5.753682e-09 5.753682e-09 5.688225e-09 5.743768e-09 5.707705e-09 5.688225e-09 5.684991e-09 5.681761e-09 5.678535e-09 5.707705e-09 5.684991e-09 5.678535e-09 5.681761e-09 0.000000e+00 Greece
7.173529e-09 8.968520e-09 5.800406e-09 5.793685e-09 6.406086e-09 5.730602e-09 5.740471e-09 5.871932e-09 6.578882e-09 5.688225e-09 5.998740e-09 5.896167e-09 5.837653e-09 5.753682e-09 5.753682e-09 5.688225e-09 5.743768e-09 5.707705e-09 5.688225e-09 5.684991e-09 5.681761e-09 5.678535e-09 5.707705e-09 5.684991e-09 5.678535e-09 4.999950e-01 0.000000e+00 Invited
7.173529e-09 5.844468e-04 5.800406e-09 5.793685e-09 6.406086e-09 5.730602e-09 5.740471e-09 5.871932e-09 6.578882e-09 5.688225e-09 5.998740e-09 5.896167e-09 5.837653e-09 5.753682e-09 5.753682e-09 5.688225e-09 5.743768e-09 5.707705e-09 5.688225e-09 5.684991e-09 5.681761e-09 5.678535e-09 5.707705e-09 5.684991e-09 5.678535e-09 5.681761e-09 0.000000e+00 inference:
7.173529e-09 5.844468e-04 5.800406e-09 5.793685e-09 6.406086e-09 5.730602e-09 5.740471e-09 5.871932e-09 6.578882e-09 5.688225e-09 5.998740e-09 5.896167e-09 5.837653e-09 5.753682e-09 5.753682e-09 5.688225e-09 5.743768e-09 5.707705e-09 5.688225e-09 5.684991e-09 5.681761e-09 5.678535e-09 5.707705e-09 5.684991e-09 5.678535e-09 5.681761e-09 0.000000e+00 introductory
7.173529e-09 5.844468e-04 5.800406e-09 5.793685e-09 6.406086e-09 5.730602e-09 5.740471e-09 5.871932e-09 6.578882e-09 5.688225e-09 5.998740e-09 5.896167e-09 5.837653e-09 5.753682e-09 5.753682e-09 5.688225e-09 5.743768e-09 5.707705e-09 5.688225e-09 5.684991e-09 5.681761e-09 5.678535e-09 5.707705e-09 5.684991e-09 5.678535e-09 5.681761e-09 0.000000e+00 survey
1.508255e-03 8.968520e-09 5.800406e-09 5.793685e-09 6.406086e-09 5.730602e-09 5.740471e-09 5.871932e-09 6.578882e-09 5.688225e-09 5.998740e-09 5.896167e-09 5.837653e-09 5.753682e-09 5.753682e-09 5.688225e-09 5.743768e-09 5.707705e-09 5.688225e-09 5.684991e-09 5.681761e-09 5.678535e-09 5.707705e-09 5.684991e-09 5.678535e-09 5.681761e-09 0.000000e+00 Zhang
7.541275e-04 8.968520e-09 5.800406e-09 5.793685e-09 6.406086e-09 5.730602e-09 5.740471e-09 5.871932e-09 6.578882e-09 5.688225e-09 5.998740e-09 5.896167e-09 5.837653e-09 5.753682e-09 5.753682e-09 5.688225e-09 5.743768e-09 5.707705e-09 5.688225e-09 5.684991e-09 5.681761e-09 5.678535e-09 5.707705e-09 5.684991e-09 5.678535e-09 5.681761e-09 0.000000e+00 Tribble
7.541275e-04 8.968520e-09 5.800406e-09 5.793685e-09 6.406086e-09 5.730602e-09 5.740471e-09 5.871932e-09 6.578882e-09 5.688225e-09 5.998740e-09 5.896167e-09 5.837653e-09 5.753682e-09 5.753682e-09 5.688225e-09 5.743768e-09 5.707705e-09 5.688225e-09 5.684991e-09 5.681761e-09 5.678535e-09 5.707705e-09 5.684991e-09 5.678535e-09 5.681761e-09 0.000000e+00 Venugopal
7.541275e-04 8.968520e-09 5.800406e-09 5.793685e-09 6.406086e-09 5.730602e-09 5.740471e-09 5.871932e-09 6.578882e-09 5.688225e-09 5.998740e-09 5.896167e-09 5.837653e-09 5.753682e-09 5.753682e-09 5.688225e-09 5.743768e-09 5.707705e-09 5.688225e-09 5.684991e-09 5.681761e-09 5.678535e-09 5.707705e-09 5.684991e-09 5.678535e-09 5.681761e-09 0.000000e+00 Zhao
7.541275e-04 8.968520e-09 5.800406e-09 5.793685e-09 6.406086e-09 5.730602e-09 5.740471e-09 5.871932e-09 6.578882e-09 5.688225e-09 5.998740e-09 5.896167e-09 5.837653e-09 5.753682e-09 5.753682e-09 5.688225e-09 5.743768e-09 5.707705e-09 5.688225e-09 5.684991e-09 5.681761e-09 5.678535e-09 5.707705e-09 5.684991e-09 5.678535e-09 5.681761e-09 0.000000e+00 Waibel
7.173529e-09 5.844468e-04 5.800406e-09 5.793685e-09 6.406086e-09 5.730602e-09 5.740471e-09 5.871932e-09 6.578882e-09 5.688225e-09 5.998740e-09 5.896167e-09 5.837653e-09 5.753682e-09 5.753682e-09 5.688225e-09 5.743768e-09 5.707705e-09 5.688225e-09 5.684991e-09 5.681761e-09 5.678535e-09 5.707705e-09 5.684991e-09 5.678535e-09 5.681761e-09 0.000000e+00 CMU
7.173529e-09 8.968520e-09 5.800406e-09 5.793685e-09 1.142065e-03 5.730602e-09 5.740471e-09 5.871932e-09 6.578882e-09 5.688225e-09 5.998740e-09 5.896167e-09 5.837653e-09 5.753682e-09 5.753682e-09 5.688225e-09 5.743768e-09 5.707705e-09 5.688225e-09 5.684991e-09 5.681761e-09 5.678535e-09 5.707705e-09 5.684991e-09 5.678535e-09 5.681761e-09 0.000000e+00 Ninth
7.541275e-04 8.968520e-09 5.800406e-09 5.793685e-09 6.406086e-09 5.730602e-09 5.740471e-09 5.871932e-09 6.578882e-09 5.688225e-09 5.998740e-09 5.896167e-09 5.837653e-09 5.753682e-09 5.753682e-09 5.688225e-09 5.743768e-09 5.707705e-09 5.688225e-09 5.684991e-09 5.681761e-09 5.678535e-09 5.707705e-09 5.684991e-09 5.678535e-09 5.681761e-09 0.000000e+00 C.S.
7.541275e-04 8.968520e-09 5.800406e-09 5.793685e-09 6.406086e-09 5.730602e-09 5.740471e-09 5.871932e-09 6.578882e-09 5.688225e-09 5.998740e-09 5.896167e-09 5.837653e-09 5.753682e-09 5.753682e-09 5.688225e-09 5.743768e-09 5.707705e-09 5.688225e-09 5.684991e-09 5.681761e-09 5.678535e-09 5.707705e-09 5.684991e-09 5.678535e-09 5.681761e-09 0.000000e+00 Wetherell
7.173529e-09 5.844468e-04 5.800406e-09 5.793685e-09 6.406086e-09 5.730602e-09 5.740471e-09 5.871932e-09 6.578882e-09 5.688225e-09 5.998740e-09 5.896167e-09 5.837653e-09 5.753682e-09 5.753682e-09 5.688225e-09 5.743768e-09 5.707705e-09 5.688225e-09 5.684991e-09 5.681761e-09 5.678535e-09 5.707705e-09 5.684991e-09 5.678535e-09 5.681761e-09 0.000000e+00 Languages:
7.173529e-09 5.844468e-04 5.800406e-09 5.793685e-09 6.406086e-09 5.730602e-09 5.740471e-09 5.871932e-09 6.578882e-09 5.688225e-09 5.998740e-09 5.896167e-09 5.837653e-09 5.753682e-09 5.753682e-09 5.688225e-09 5.743768e-09 5.707705e-09 5.688225e-09 5.684991e-09 5.681761e-09 5.678535e-09 5.707705e-09 5.684991e-09 5.678535e-09 5.681761e-09 0.000000e+00 Review
7.173529e-09 5.844468e-04 5.800406e-09 5.793685e-09 6.406086e-09 5.730602e-09 5.740471e-09 5.871932e-09 6.578882e-09 5.688225e-09 5.998740e-09 5.896167e-09 5.837653e-09 5.753682e-09 5.753682e-09 5.688225e-09 5.743768e-09 5.707705e-09 5.688225e-09 5.684991e-09 5.681761e-09 5.678535e-09 5.707705e-09 5.684991e-09 5.678535e-09 5.681761e-09 0.000000e+00 Questions
7.173529e-09 8.968520e-09 5.800406e-09 5.793685e-09 6.406086e-09 5.730602e-09 5.740471e-09 5.871932e-09 6.578882e-09 5.688225e-09 5.998740e-09 3.145295e-03 5.837653e-09 5.753682e-09 5.753682e-09 5.688225e-09 5.743768e-09 5.707705e-09 5.688225e-09 5.684991e-09 5.681761e-09 5.678535e-09 5.707705e-09 5.684991e-09 5.678535e-09 5.681761e-09 0.000000e+00 Computing
7.173529e-09 8.968520e-09 5.800406e-09 5.793685e-09 6.406086e-09 5.730602e-09 5.740471e-09 5.871932e-09 6.578882e-09 5.688225e-09 5.998740e-09 3.145295e-03 5.837653e-09 5.753682e-09 5.753682e-09 5.688225e-09 5.743768e-09 5.707705e-09 5.688225e-09 5.684991e-09 5.681761e-09 5.678535e-09 5.707705e-09 5.684991e-09 5.678535e-09 5.681761e-09 0.000000e+00 Surveys
7.173529e-09 8.968520e-09 4.686473e-03 5.793685e-09 6.406086e-09 5.730602e-09 5.740471e-09 5.871932e-09 6.578882e-09 5.688225e-09 5.998740e-09 5.896167e-09 5.837653e-09 5.753682e-09 5.753682e-09 5.688225e-09 5.743768e-09 5.707705e-09 5.688225e-09 5.684991e-09 5.681761e-09 5.678535e-09 5.707705e-09 5.684991e-09 5.678535e-09 5.681761e-09 0.000000e+00 1980
7.173529e-09 5.844468e-04 5.800406e-09 5.793685e-09 6.406086e-09 5.730602e-09 5.740471e-09 5.871932e-09 6.578882e-09 5.688225e-09 5.998740e-09 5.896167e-09 5.837653e-09 5.753682e-09 5.753682e-09 5.688225e-09 5.743768e-09 5.707705e-09 5.688225e-09 5.684991e-09 5.681761e-09 5.678535e-09 5.707705e-09 5.684991e-09 5.678535e-09 5.681761e-09 0.000000e+00 bilingual
7.173529e-09 5.844468e-04 5.800406e-09 5.793685e-09 6.406086e-09 5.730602e-09 5.740471e-09 5.871932e-09 6.578882e-09 5.688225e-09 5.998740e-09 5.896167e-09 5.837653e-09 5.753682e-09 5.753682e-09 5.688225e-09 5.743768e-09 5.707705e-09 5.688225e-09 5.684991e-09 5.681761e-09 5.678535e-09 5.707705e-09 5.684991e-09 5.678535e-09 5.681761e-09 0.000000e+00 parallel
7.173529e-09 8.968520e-09 5.800406e-09 5.793685e-09 6.406086e-09 5.730602e-09 5.740471e-09 5.871932e-09 3.307013e-03 5.688225e-09 5.998740e-09 5.896167e-09 5.837653e-09 5.753682e-09 5.753682e-09 5.688225e-09 5.743768e-09 5.707705e-09 5.688225e-09 5.684991e-09 5.681761e-09 5.678535e-09 5.707705e-09 5.684991e-09 5.678535e-09 5.681761e-09 0.000000e+00 377
7.173529e-09 8.968520e-09 5.800406e-09 5.793685e-09 6.406086e-09 5.730602e-09 5.740471e-09 5.871932e-09 3.307013e-03 5.688225e-09 5.998740e-09 5.896167e-09 5.837653e-09 5.753682e-09 5.753682e-09 5.688225e-09 5.743768e-09 5.707705e-09 5.688225e-09 5.684991e-09 5.681761e-09 5.678535e-09 5.707705e-09 5.684991e-09 5.678535e-09 5.681761e-09 0.000000e+00 404
7.173529e-09 5.844468e-04 5.800406e-09 5.793685e-09 6.406086e-09 5.730602e-09 5.740471e-09 5.871932e-09 6.578882e-09 5.688225e-09 5.998740e-09 5.896167e-09 5.837653e-09 5.753682e-09 5.753682e-09 5.688225e-09 5.743768e-09 5.707705e-09 5.688225e-09 5.684991e-09 5.681761e-09 5.678535e-09 5.707705e-09 5.684991e-09 5.678535e-09 5.681761e-09 0.000000e+00 syntax-based
7.173529e-09 8.968520e-09 5.800406e-09 5.793685e-09 6.406086e-09 5.730602e-09 5.740471e-09 5.871932e-09 3.307013e-03 5.688225e-09 5.998740e-09 5.896167e-09 5.837653e-09 5.753682e-09 5.753682e-09 5.688225e-09 5.743768e-09 5.707705e-09 5.688225e-09 5.684991e-09 5.681761e-09 5.678535e-09 5.707705e-09 5.684991e-09 5.678535e-09 5.681761e-09 0.000000e+00 523
7.173529e-09 8.968520e-09 5.800406e-09 5.793685e-09 6.406086e-09 5.730602e-09 5.740471e-09 5.871932e-09 3.307013e-03 5.688225e-09 5.998740e-09 5.896167e-09 5.837653e-09 5.753682e-09 5.753682e-09 5.688225e-09 5.743768e-09 5.707705e-09 5.688225e-09 5.684991e-09 5.681761e-09 5.678535e-09 5.707705e-09 5.684991e-09 5.678535e-09 5.681761e-09 0.000000e+00 530
7.173529e-09 5.844468e-04 5.800406e-09 5.793685e-09 6.406086e-09 5.730602e-09 5.740471e-09 5.871932e-09 6.614026e-03 5.688225e-09 5.998740e-09 5.896167e-09 5.837653e-09 5.753682e-09 5.753682e-09 5.688225e-09 5.743768e-09 5.707705e-09 5.688225e-09 5.684991e-09 5.681761e-09 5.678535e-09 5.707705e-09 5.684991e-09 5.678535e-09 5.681761e-09 0.000000e+00 "
7.173529e-09 5.844468e-04 5.800406e-09 5.793685e-09 6.406086e-09 5.730602e-09 5.740471e-09 5.871932e-09 6.578882e-09 5.688225e-09 5.998740e-09 5.896167e-09 5.837653e-09 5.753682e-09 5.753682e-09 5.688225e-09 5.743768e-09 5.707705e-09 5.688225e-09 5.684991e-09 5.681761e-09 5.678535e-09 5.707705e-09 5.684991e-09 5.678535e-09 5.681761e-09 0.000000e+00 Decoder
7.173529e-09 5.844468e-04 5.800406e-09 5.793685e-09 6.406086e-09 5.730602e-09 5.740471e-09 5.871932e-09 6.578882e-09 5.688225e-09 5.998740e-09 5.896167e-09 5.837653e-09 5.753682e-09 5.753682e-09 5.688225e-09 5.743768e-09 5.707705e-09 5.688225e-09 5.684991e-09 5.681761e-09 5.678535e-09 5.707705e-09 5.684991e-09 5.678535e-09 5.681761e-09 0.000000e+00 MT}"
7.173529e-09 8.968520e-09 5.800406e-09 5.793685e-09 6.406086e-09 5.730602e-09 5.740471e-09 5.871932e-09 3.307013e-03 5.688225e-09 5.998740e-09 5.896167e-09 5.837653e-09 5.753682e-09 5.753682e-09 5.688225e-09 5.743768e-09 5.707705e-09 5.688225e-09 5.684991e-09 5.681761e-09 5.678535e-09 5.707705e-09 5.684991e-09 5.678535e-09 5.681761e-09 0.000000e+00 303
7.173529e-09 8.968520e-09 5.800406e-09 5.793685e-09 6.406086e-09 5.730602e-09 5.740471e-09 5.871932e-09 3.307013e-03 5.688225e-09 5.998740e-09 5.896167e-09 5.837653e-09 5.753682e-09 5.753682e-09 5.688225e-09 5.743768e-09 5.707705e-09 5.688225e-09 5.684991e-09 5.681761e-09 5.678535e-09 5.707705e-09 5.684991e-09 5.678535e-09 5.681761e-09 0.000000e+00 310
7.541275e-04 8.968520e-09 5.800406e-09 5.793685e-09 6.406086e-09 5.730602e-09 5.740471e-09 5.871932e-09 6.578882e-09 5.688225e-09 5.998740e-09 5.896167e-09 5.837653e-09 5.753682e-09 5.753682e-09 5.688225e-09 5.743768e-09 5.707705e-09 5.688225e-09 5.684991e-09 5.681761e-09 5.678535e-09 5.707705e-09 5.684991e-09 5.678535e-09 5.681761e-09 0.000000e+00 Yokomori
7.173529e-09 5.844468e-04 5.800406e-09 5.793685e-09 6.406086e-09 5.730602e-09 5.740471e-09 5.871932e-09 6.578882e-09 5.688225e-09 5.998740e-09 5.896167e-09 5.837653e-09 5.753682e-09 5.753682e-09 5.688225e-09 5.743768e-09 5.707705e-09 5.688225e-09 5.684991e-09 5.681761e-09 5.678535e-09 5.707705e-09 5.684991e-09 5.678535e-09 5.681761e-09 0.000000e+00 languages
7.173529e-09 5.844468e-04 5.800406e-09 5.793685e-09 6.406086e-09 5.730602e-09 5.740471e-09 5.871932e-09 6.578882e-09 5.688225e-09 5.998740e-09 5.896167e-09 5.837653e-09 5.753682e-09 5.753682e-09 5.688225e-09 5.743768e-09 5.707705e-09 5.688225e-09 5.684991e-09 5.681761e-09 5.678535e-09 5.707705e-09 5.684991e-09 5.678535e-09 5.681761e-09 0.000000e+00 efficiently
7.173529e-09 8.968520e-09 5.800406e-09 5.793685e-09 6.406086e-09 5.730602e-09 5.740471e-09 5.871932e-09 6.578882e-09 5.688225e-09 5.998740e-09 3.145295e-03 5.837653e-09 5.753682e-09 5.753682e-09 5.688225e-09 5.743768e-09 5.707705e-09 5.688225e-09 5.684991e-09 5.681761e-09 5.678535e-09 5.707705e-09 5.684991e-09 5.678535e-09 5.681761e-09 0.000000e+00 SIGFAI
7.173529e-09 8.968520e-09 5.800406e-09 5.793685e-09 6.406086e-09 5.730602e-09 5.740471e-09 5.871932e-09 3.307013e-03 5.688225e-09 5.998740e-09 5.896167e-09 5.837653e-09 5.753682e-09 5.753682e-09 5.688225e-09 5.743768e-09 5.707705e-09 5.688225e-09 5.684991e-09 5.681761e-09 5.678535e-09 5.707705e-09 5.684991e-09 5.678535e-09 5.681761e-09 0.000000e+00 104
7.173529e-09 8.968520e-09 5.800406e-09 5.793685e-09 1.142065e-03 5.730602e-09 5.740471e-09 5.871932e-09 6.578882e-09 5.688225e-09 5.998740e-09 5.896167e-09 5.837653e-09 5.753682e-09 5.753682e-09 5.688225e-09 5.743768e-09 5.707705e-09 5.688225e-09 5.684991e-09 5.681761e-09 5.678535e-09 5.707705e-09 5.684991e-09 5.678535e-09 5.681761e-09 0.000000e+00 25th
7.173529e-09 8.968520e-09 5.800406e-09 5.793685e-09 1.142065e-03 5.730602e-09 5.740471e-09 5.871932e-09 6.578882e-09 5.688225e-09 5.998740e-09 5.896167e-09 5.837653e-09 5.753682e-09 5.753682e-09 5.688225e-09 5.743768e-09 5.707705e-09 5.688225e-09 5.684991e-09 5.681761e-09 5.678535e-09 5.707705e-09 5.684991e-09 5.678535e-09 5.681761e-09 0.000000e+00 German
7.173529e-09 8.968520e-09 5.800406e-09 5.793685e-09 1.142065e-03 5.730602e-09 5.740471e-09 5.871932e-09 6.578882e-09 5.688225e-09 5.998740e-09 5.896167e-09 5.837653e-09 5.753682e-09 5.753682e-09 5.688225e-09 5.743768e-09 5.707705e-09 5.688225e-09 5.684991e-09 5.681761e-09 5.678535e-09 5.707705e-09 5.684991e-09 5.678535e-09 5.681761e-09 0.000000e+00 2479
7.173529e-09 8.968520e-09 5.800406e-09 5.793685e-09 6.406086e-09 5.730602e-09 5.740471e-09 5.871932e-09 3.307013e-03 5.688225e-09 5.998740e-09 5.896167e-09 5.837653e-09 5.753682e-09 5.753682e-09 5.688225e-09 5.743768e-09 5.707705e-09 5.688225e-09 5.684991e-09 5.681761e-09 5.678535e-09 5.707705e-09 5.684991e-09 5.678535e-09 5.681761e-09 0.000000e+00 32
7.173529e-09 5.844468e-04 5.800406e-09 5.793685e-09 6.406086e-09 5.730602e-09 5.740471e-09 5.871932e-09 6.578882e-09 5.688225e-09 5.998740e-09 5.896167e-09 5.837653e-09 5.753682e-09 5.753682e-09 5.688225e-09 5.743768e-09 5.707705e-09 5.688225e-09 5.684991e-09 5.681761e-09 5.678535e-09 5.707705e-09 5.684991e-09 5.678535e-09 5.681761e-09 0.000000e+00 "A
7.173529e-09 5.844468e-04 5.800406e-09 5.793685e-09 6.406086e-09 5.730602e-09 5.740471e-09 5.871932e-09 6.578882e-09 5.688225e-09 5.998740e-09 5.896167e-09 5.837653e-09 5.753682e-09 5.753682e-09 5.688225e-09 5.743768e-09 5.707705e-09 5.688225e-09 5.684991e-09 5.681761e-09 5.678535e-09 5.707705e-09 5.684991e-09 5.678535e-09 5.681761e-09 0.000000e+00 comparative
7.173529e-09 5.844468e-04 5.800406e-09 5.793685e-09 6.406086e-09 5.730602e-09 5.740471e-09 5.871932e-09 6.578882e-09 5.688225e-09 5.998740e-09 5.896167e-09 5.837653e-09 5.753682e-09 5.753682e-09 5.688225e-09 5.743768e-09 5.707705e-09 5.688225e-09 5.684991e-09 5.681761e-09 5.678535e-09 5.707705e-09 5.684991e-09 5.678535e-09 5.681761e-09 0.000000e+00 Reordeing
7.173529e-09 1.168894e-03 5.800406e-09 5.793685e-09 6.406086e-09 5.730602e-09 5.740471e-09 5.871932e-09 6.578882e-09 5.688225e-09 5.998740e-09 5.896167e-09 5.837653e-09 5.753682e-09 5.753682e-09 5.688225e-09 5.743768e-09 5.707705e-09 5.688225e-09 5.684991e-09 5.681761e-09 5.678535e-09 5.707705e-09 5.684991e-09 5.678535e-09 5.681761e-09 0.000000e+00 Constraints
7.173529e-09 5.844468e-04 5.800406e-09 5.793685e-09 6.406086e-09 5.730602e-09 5.740471e-09 5.871932e-09 6.578882e-09 5.688225e-09 5.998740e-09 5.896167e-09 5.837653e-09 5.753682e-09 5.753682e-09 5.688225e-09 5.743768e-09 5.707705e-09 5.688225e-09 5.684991e-09 5.681761e-09 5.678535e-09 5.707705e-09 5.684991e-09 5.678535e-09 5.681761e-09 0.000000e+00 Translation"
7.541275e-04 8.968520e-09 5.800406e-09 5.793685e-09 6.406086e-09 5.730602e-09 5.740471e-09 5.871932e-09 6.578882e-09 5.688225e-09 5.998740e-09 5.896167e-09 5.837653e-09 5.753682e-09 5.753682e-09 5.688225e-09 5.743768e-09 5.707705e-09 5.688225e-09 5.684991e-09 5.681761e-09 5.678535e-09 5.707705e-09 5.684991e-09 5.678535e-09 5.681761e-09 0.000000e+00 "R.
7.541275e-04 8.968520e-09 5.800406e-09 5.793685e-09 6.406086e-09 5.730602e-09 5.740471e-09 5.871932e-09 6.578882e-09 5.688225e-09 5.998740e-09 5.896167e-09 5.837653e-09 5.753682e-09 5.753682e-09 5.688225e-09 5.743768e-09 5.707705e-09 5.688225e-09 5.684991e-09 5.681761e-09 5.678535e-09 5.707705e-09 5.684991e-09 5.678535e-09 5.681761e-09 0.000000e+00 Ney"
7.173529e-09 8.968520e-09 5.800406e-09 5.793685e-09 1.142065e-03 5.730602e-09 5.740471e-09 5.871932e-09 6.578882e-09 5.688225e-09 5.998740e-09 5.896167e-09 5.837653e-09 5.753682e-09 5.753682e-09 5.688225e-09 5.743768e-09 5.707705e-09 5.688225e-09 5.684991e-09 5.681761e-09 5.678535e-09 5.707705e-09 5.684991e-09 5.678535e-09 5.681761e-09 0.000000e+00 "Proceedings
7.173529e-09 8.968520e-09 5.800406e-09 5.793685e-09 1.142065e-03 5.730602e-09 5.740471e-09 5.871932e-09 6.578882e-09 5.688225e-09 5.998740e-09 5.896167e-09 5.837653e-09 5.753682e-09 5.753682e-09 5.688225e-09 5.743768e-09 5.707705e-09 5.688225e-09 5.684991e-09 5.681761e-09 5.678535e-09 5.707705e-09 5.684991e-09 5.678535e-09 5.681761e-09 0.000000e+00 41th
7.173529e-09 8.968520e-09 5.800406e-09 5.793685e-09 1.142065e-03 5.730602e-09 5.740471e-09 5.871932e-09 6.578882e-09 5.688225e-09 5.998740e-09 5.896167e-09 5.837653e-09 5.753682e-09 5.753682e-09 5.688225e-09 5.743768e-09 5.707705e-09 5.688225e-09 5.684991e-09 5.681761e-09 5.678535e-09 5.707705e-09 5.684991e-09 5.678535e-09 5.681761e-09 0.000000e+00 ACL"
7.173529e-09 8.968520e-09 5.800406e-09 5.793685e-09 6.406086e-09 5.730602e-09 5.740471e-09 5.871932e-09 3.307013e-03 5.688225e-09 5.998740e-09 5.896167e-09 5.837653e-09 5.753682e-09 5.753682e-09 5.688225e-09 5.743768e-09 5.707705e-09 5.688225e-09 5.684991e-09 5.681761e-09 5.678535e-09 5.707705e-09 5.684991e-09 5.678535e-09 5.681761e-09 0.000000e+00 144
7.173529e-09 8.968520e-09 5.800406e-09 5.793685e-09 6.406086e-09 5.730602e-09 5.740471e-09 5.871932e-09 3.307013e-03 5.688225e-09 5.998740e-09 5.896167e-09 5.837653e-09 5.753682e-09 5.753682e-09 5.688225e-09 5.743768e-09 5.707705e-09 5.688225e-09 5.684991e-09 5.681761e-09 5.678535e-09 5.707705e-09 5.684991e-09 5.678535e-09 5.681761e-09 0.000000e+00 151
7.173529e-09 8.968520e-09 5.800406e-09 5.793685e-09 1.142065e-03 5.730602e-09 5.740471e-09 5.871932e-09 6.578882e-09 5.688225e-09 5.998740e-09 5.896167e-09 5.837653e-09 5.753682e-09 5.753682e-09 5.688225e-09 5.743768e-09 5.707705e-09 5.688225e-09 5.684991e-09 5.681761e-09 5.678535e-09 5.707705e-09 5.684991e-09 5.678535e-09 5.681761e-09 0.000000e+00 (HLT-NAACL)
7.173529e-09 8.968520e-09 5.800406e-09 5.793685e-09 6.406086e-09 5.730602e-09 5.740471e-09 5.871932e-09 3.307013e-03 5.688225e-09 5.998740e-09 5.896167e-09 5.837653e-09 5.753682e-09 5.753682e-09 5.688225e-09 5.743768e-09 5.707705e-09 5.688225e-09 5.684991e-09 5.681761e-09 5.678535e-09 5.707705e-09 5.684991e-09 5.678535e-09 5.681761e-09 0.000000e+00 264
7.541275e-04 8.968520e-09 5.800406e-09 5.793685e-09 6.406086e-09 5.730602e-09 5.740471e-09 5.871932e-09 6.578882e-09 5.688225e-09 5.998740e-09 5.896167e-09 5.837653e-09 5.753682e-09 5.753682e-09 5.688225e-09 5.743768e-09 5.707705e-09 5.688225e-09 5.684991e-09 5.681761e-09 5.678535e-09 5.707705e-09 5.684991e-09 5.678535e-09 5.681761e-09 0.000000e+00 Watanabe
7.173529e-09 5.844468e-04 5.800406e-09 5.793685e-09 6.406086e-09 5.730602e-09 5.740471e-09 5.871932e-09 6.578882e-09 5.688225e-09 5.998740e-09 5.896167e-09 5.837653e-09 5.753682e-09 5.753682e-09 5.688225e-09 5.743768e-09 5.707705e-09 5.688225e-09 5.684991e-09 5.681761e-09 5.678535e-09 5.707705e-09 5.684991e-09 5.678535e-09 5.681761e-09 0.000000e+00 Reordering
7.173529e-09 8.968520e-09 5.800406e-09 5.793685e-09 1.142065e-03 5.730602e-09 5.740471e-09 5.871932e-09 6.578882e-09 5.688225e-09 5.998740e-09 5.896167e-09 5.837653e-09 5.753682e-09 5.753682e-09 5.688225e-09 5.743768e-09 5.707705e-09 5.688225e-09 5.684991e-09 5.681761e-09 5.678535e-09 5.707705e-09 5.684991e-09 5.678535e-09 5.681761e-09 0.000000e+00 20th
7.173529e-09 8.968520e-09 5.800406e-09 5.793685e-09 1.142065e-03 5.730602e-09 5.740471e-09 5.871932e-09 6.578882e-09 5.688225e-09 5.998740e-09 5.896167e-09 5.837653e-09 5.753682e-09 5.753682e-09 5.688225e-09 5.743768e-09 5.707705e-09 5.688225e-09 5.684991e-09 5.681761e-09 5.678535e-09 5.707705e-09 5.684991e-09 5.678535e-09 5.681761e-09 0.000000e+00 (CoLing)
7.173529e-09 8.968520e-09 5.800406e-09 5.793685e-09 6.406086e-09 5.730602e-09 5.740471e-09 5.871932e-09 6.578882e-09 5.688225e-09 7.250385e-03 5.896167e-09 5.837653e-09 5.753682e-09 5.753682e-09 5.688225e-09 5.743768e-09 5.707705e-09 5.688225e-09 5.684991e-09 5.681761e-09 5.678535e-09 5.707705e-09 5.684991e-09 5.678535e-09 5.681761e-09 0.000000e+00 Geneve
7.173529e-09 8.968520e-09 5.800406e-09 5.793685e-09 6.406086e-09 5.730602e-09 5.740471e-09 5.871932e-09 6.578882e-09 5.688225e-09 7.250385e-03 5.896167e-09 5.837653e-09 5.753682e-09 5.753682e-09 5.688225e-09 5.743768e-09 5.707705e-09 5.688225e-09 5.684991e-09 5.681761e-09 5.678535e-09 5.707705e-09 5.684991e-09 5.678535e-09 5.681761e-09 0.000000e+00 Switzerland
7.541275e-04 8.968520e-09 5.800406e-09 5.793685e-09 6.406086e-09 5.730602e-09 5.740471e-09 5.871932e-09 6.578882e-09 5.688225e-09 5.998740e-09 5.896167e-09 5.837653e-09 5.753682e-09 5.753682e-09 5.688225e-09 5.743768e-09 5.707705e-09 5.688225e-09 5.684991e-09 5.681761e-09 5.678535e-09 5.707705e-09 5.684991e-09 5.678535e-09 5.681761e-09 0.000000e+00 Hao
7.541275e-04 8.968520e-09 5.800406e-09 5.793685e-09 6.406086e-09 5.730602e-09 5.740471e-09 5.871932e-09 6.578882e-09 5.688225e-09 5.998740e-09 5.896167e-09 5.837653e-09 5.753682e-09 5.753682e-09 5.688225e-09 5.743768e-09 5.707705e-09 5.688225e-09 5.684991e-09 5.681761e-09 5.678535e-09 5.707705e-09 5.684991e-09 5.678535e-09 5.681761e-09 0.000000e+00 Daniel
7.541275e-04 8.968520e-09 5.800406e-09 5.793685e-09 6.406086e-09 5.730602e-09 5.740471e-09 5.871932e-09 6.578882e-09 5.688225e-09 5.998740e-09 5.896167e-09 5.837653e-09 5.753682e-09 5.753682e-09 5.688225e-09 5.743768e-09 5.707705e-09 5.688225e-09 5.684991e-09 5.681761e-09 5.678535e-09 5.707705e-09 5.684991e-09 5.678535e-09 5.681761e-09 0.000000e+00 Gildea
7.173529e-09 5.844468e-04 5.800406e-09 5.793685e-09 6.406086e-09 5.730602e-09 5.740471e-09 5.871932e-09 6.578882e-09 5.688225e-09 5.998740e-09 5.896167e-09 5.837653e-09 5.753682e-09 5.753682e-09 5.688225e-09 5.743768e-09 5.707705e-09 5.688225e-09 5.684991e-09 5.681761e-09 5.678535e-09 5.707705e-09 5.684991e-09 5.678535e-09 5.681761e-09 0.000000e+00 Lexicalized
7.173529e-09 8.968520e-09 5.800406e-09 5.793685e-09 1.142065e-03 5.730602e-09 5.740471e-09 5.871932e-09 6.578882e-09 5.688225e-09 5.998740e-09 5.896167e-09 5.837653e-09 5.753682e-09 5.753682e-09 5.688225e-09 5.743768e-09 5.707705e-09 5.688225e-09 5.684991e-09 5.681761e-09 5.678535e-09 5.707705e-09 5.684991e-09 5.678535e-09 5.681761e-09 0.000000e+00 (ACL-05)
7.173529e-09 8.968520e-09 5.800406e-09 5.793685e-09 6.406086e-09 5.730602e-09 5.740471e-09 5.871932e-09 6.578882e-09 5.688225e-09 7.250385e-03 5.896167e-09 5.837653e-09 5.753682e-09 5.753682e-09 5.688225e-09 5.743768e-09 5.707705e-09 5.688225e-09 5.684991e-09 5.681761e-09 5.678535e-09 5.707705e-09 5.684991e-09 5.678535e-09 5.681761e-09 0.000000e+00 MI
7.541275e-04 8.968520e-09 5.800406e-09 5.793685e-09 6.406086e-09 5.730602e-09 5.740471e-09 5.871932e-09 6.578882e-09 5.688225e-09 5.998740e-09 5.896167e-09 5.837653e-09 5.753682e-09 5.753682e-09 5.688225e-09 5.743768e-09 5.707705e-09 5.688225e-09 5.684991e-09 5.681761e-09 5.678535e-09 5.707705e-09 5.684991e-09 5.678535e-09 5.681761e-09 0.000000e+00 Zimmermann
7.541275e-04 8.968520e-09 5.800406e-09 5.793685e-09 6.406086e-09 5.730602e-09 5.740471e-09 5.871932e-09 6.578882e-09 5.688225e-09 5.998740e-09 5.896167e-09 5.837653e-09 5.753682e-09 5.753682e-09 5.688225e-09 5.743768e-09 5.707705e-09 5.688225e-09 5.684991e-09 5.681761e-09 5.678535e-09 5.707705e-09 5.684991e-09 5.678535e-09 5.681761e-09 0.000000e+00 Chappelier
7.541275e-04 8.968520e-09 5.800406e-09 5.793685e-09 6.406086e-09 5.730602e-09 5.740471e-09 5.871932e-09 6.578882e-09 5.688225e-09 5.998740e-09 5.896167e-09 5.837653e-09 5.753682e-09 5.753682e-09 5.688225e-09 5.743768e-09 5.707705e-09 5.688225e-09 5.684991e-09 5.681761e-09 5.678535e-09 5.707705e-09 5.684991e-09 5.678535e-09 5.681761e-09 0.000000e+00 Bunke
7.173529e-09 5.844468e-04 5.800406e-09 5.793685e-09 6.406086e-09 5.730602e-09 5.740471e-09 5.871932e-09 6.578882e-09 5.688225e-09 5.998740e-09 5.896167e-09 5.837653e-09 5.753682e-09 5.753682e-09 5.688225e-09 5.743768e-09 5.707705e-09 5.688225e-09 5.684991e-09 5.681761e-09 5.678535e-09 5.707705e-09 5.684991e-09 5.678535e-09 5.681761e-09 0.000000e+00 Offline
7.173529e-09 5.844468e-04 5.800406e-09 5.793685e-09 6.406086e-09 5.730602e-09 5.740471e-09 5.871932e-09 6.578882e-09 5.688225e-09 5.998740e-09 5.896167e-09 5.837653e-09 5.753682e-09 5.753682e-09 5.688225e-09 5.743768e-09 5.707705e-09 5.688225e-09 5.684991e-09 5.681761e-09 5.678535e-09 5.707705e-09 5.684991e-09 5.678535e-09 5.681761e-09 0.000000e+00 Grammar-Based
7.173529e-09 5.844468e-04 5.800406e-09 5.793685e-09 6.406086e-09 5.730602e-09 5.740471e-09 5.871932e-09 6.578882e-09 5.688225e-09 5.998740e-09 5.896167e-09 5.837653e-09 5.753682e-09 5.753682e-09 5.688225e-09 5.743768e-09 5.707705e-09 5.688225e-09 5.684991e-09 5.681761e-09 5.678535e-09 5.707705e-09 5.684991e-09 5.678535e-09 5.681761e-09 0.000000e+00 Sentences
7.173529e-09 8.968520e-09 5.800406e-09 5.793685e-09 6.406086e-09 5.730602e-09 5.740471e-09 5.871932e-09 3.307013e-03 5.688225e-09 5.998740e-09 5.896167e-09 5.837653e-09 5.753682e-09 5.753682e-09 5.688225e-09 5.743768e-09 5.707705e-09 5.688225e-09 5.684991e-09 5.681761e-09 5.678535e-09 5.707705e-09 5.684991e-09 5.678535e-09 5.681761e-09 0.000000e+00 818
7.173529e-09 8.968520e-09 5.800406e-09 5.793685e-09 6.406086e-09 5.730602e-09 5.740471e-09 5.871932e-09 3.307013e-03 5.688225e-09 5.998740e-09 5.896167e-09 5.837653e-09 5.753682e-09 5.753682e-09 5.688225e-09 5.743768e-09 5.707705e-09 5.688225e-09 5.684991e-09 5.681761e-09 5.678535e-09 5.707705e-09 5.684991e-09 5.678535e-09 5.681761e-09 0.000000e+00 821

