SCORES_TXT_BEGIN_0 0 47 9 BLEU
11 11 8 10 7 9 6 8 12 
11 12 8 11 7 10 6 9 12 
12 13 11 12 10 11 9 10 12 
10 11 6 10 4 9 2 8 12 
12 12 8 11 7 10 6 9 12 
10 11 6 10 5 9 4 8 12 
11 12 6 11 3 10 2 9 12 
12 12 8 11 5 10 4 9 12 
10 11 6 10 5 9 4 8 12 
10 11 5 10 3 9 2 8 12 
11 11 7 10 5 9 4 8 12 
10 11 6 10 5 9 4 8 12 
10 11 5 10 3 9 2 8 12 
11 11 7 10 5 9 4 8 12 
12 12 9 11 7 10 6 9 12 
10 12 6 11 4 10 2 9 12 
11 13 9 12 7 11 5 10 12 
11 13 6 12 3 11 2 10 12 
12 13 8 12 5 11 4 10 12 
12 14 11 13 10 12 9 11 12 
11 12 6 11 4 10 2 9 12 
10 12 5 11 3 10 2 9 12 
11 12 7 11 5 10 4 9 12 
11 12 8 11 7 10 6 9 12 
11 14 8 13 6 12 5 11 12 
10 12 5 11 3 10 2 9 12 
11 12 7 11 5 10 4 9 12 
12 14 10 13 8 12 7 11 12 
10 12 6 11 5 10 4 9 12 
12 14 11 13 10 12 9 11 12 
9 11 4 10 2 9 0 8 12 
11 11 8 10 7 9 6 8 12 
10 12 6 11 5 10 4 9 12 
11 13 9 12 7 11 5 10 12 
9 11 4 10 2 9 0 8 12 
11 13 8 12 6 11 5 10 12 
11 13 8 12 6 11 4 10 12 
12 14 6 13 3 12 2 11 12 
12 13 10 12 8 11 7 10 12 
12 14 8 13 5 12 4 11 12 
11 14 6 13 3 12 2 11 12 
12 14 8 13 5 12 4 11 12 
10 12 6 11 5 10 4 9 12 
11 13 8 12 6 11 5 10 12 
12 13 8 12 7 11 6 10 12 
11 13 9 12 7 11 5 10 12 
11 12 6 11 5 10 4 9 12 
SCORES_TXT_END_0
SCORES_TXT_BEGIN_0 1 81 9 BLEU
8 8 6 7 5 6 4 5 10 
10 10 9 9 8 8 7 7 10 
9 10 8 9 7 8 6 7 10 
10 11 8 10 6 9 4 8 10 
9 11 7 10 5 9 4 8 10 
7 8 6 7 5 6 4 5 10 
9 12 7 11 5 10 4 9 10 
9 12 7 11 5 10 4 9 10 
10 12 8 11 6 10 4 9 10 
10 12 8 11 6 10 4 9 10 
9 13 7 12 5 11 4 10 10 
9 13 7 12 5 11 4 10 10 
7 9 6 8 5 7 4 6 10 
8 9 6 8 5 7 4 6 10 
10 13 8 12 6 11 4 10 10 
10 13 8 12 6 11 4 10 10 
7 7 4 6 2 5 1 4 10 
9 11 7 10 5 9 4 8 10 
9 11 7 10 5 9 4 8 10 
9 9 7 8 5 7 4 6 10 
9 9 7 8 5 7 4 6 10 
10 11 8 10 6 9 4 8 10 
7 8 4 7 2 6 1 5 10 
8 9 6 8 4 7 3 6 10 
10 11 8 10 6 9 4 8 10 
9 10 6 9 3 8 1 7 10 
9 10 7 9 5 8 4 7 10 
9 12 7 11 5 10 4 9 10 
9 14 8 13 7 12 6 11 10 
8 9 6 8 5 7 4 6 10 
8 10 5 9 2 8 1 7 10 
9 12 7 11 5 10 4 9 10 
9 14 8 13 7 12 6 11 10 
9 9 5 8 3 7 2 6 10 
10 11 8 10 6 9 4 8 10 
8 10 6 9 4 8 3 7 10 
9 11 7 10 5 9 3 8 10 
10 12 9 11 8 10 6 9 10 
10 12 8 11 6 10 4 9 10 
10 12 8 11 6 10 4 9 10 
9 11 6 10 3 9 1 8 10 
9 15 7 14 5 13 4 12 10 
9 15 7 14 5 13 4 12 10 
9 12 8 11 7 10 6 9 10 
10 11 8 10 6 9 4 8 10 
6 7 4 6 2 5 1 4 10 
8 9 6 8 5 7 4 6 10 
10 12 8 11 6 10 4 9 10 
8 11 5 10 2 9 1 8 10 
9 13 8 12 7 11 6 10 10 
9 11 7 10 5 9 4 8 10 
9 10 6 9 5 8 4 7 10 
8 8 4 7 3 6 2 5 10 
9 10 7 9 5 8 4 7 10 
9 13 8 12 7 11 6 10 10 
9 11 7 10 5 9 4 8 10 
9 9 5 8 3 7 1 6 10 
10 13 8 12 6 11 4 10 10 
9 12 7 11 5 10 4 9 10 
10 10 6 9 4 8 2 7 10 
8 11 5 10 2 9 1 8 10 
9 9 7 8 6 7 5 6 10 
8 11 5 10 2 9 1 8 10 
10 12 7 11 4 10 2 9 10 
9 12 6 11 3 10 2 9 10 
9 13 7 12 5 11 4 10 10 
9 14 7 13 5 12 4 11 10 
10 10 6 9 5 8 4 7 10 
7 8 4 7 2 6 1 5 10 
9 14 7 13 5 12 4 11 10 
6 8 4 7 2 6 1 5 10 
9 11 6 10 3 9 1 8 10 
9 11 6 10 3 9 1 8 10 
9 9 5 8 2 7 0 6 10 
7 7 3 6 1 5 0 4 10 
8 12 5 11 2 10 1 9 10 
8 9 4 8 1 7 0 6 10 
8 12 5 11 2 10 1 9 10 
9 10 7 9 5 8 3 7 10 
9 12 7 11 5 10 4 9 10 
9 9 6 8 5 7 4 6 10 
SCORES_TXT_END_0
SCORES_TXT_BEGIN_0 2 100 9 BLEU
8 11 6 10 4 9 2 8 8 
8 11 6 10 4 9 2 8 8 
8 9 7 8 6 7 5 6 8 
7 7 4 6 3 5 2 4 8 
8 10 6 9 4 8 3 7 8 
8 12 5 11 2 10 0 9 8 
8 12 5 11 2 10 0 9 8 
7 9 6 8 5 7 4 6 8 
8 9 6 8 4 7 3 6 8 
7 10 5 9 4 8 3 7 8 
7 11 5 10 3 9 1 8 8 
7 11 5 10 3 9 1 8 8 
8 8 4 7 1 6 0 5 8 
8 11 5 10 2 9 0 8 8 
7 12 4 11 2 10 0 9 8 
8 11 5 10 2 9 0 8 8 
7 12 4 11 2 10 0 9 8 
8 12 6 11 4 10 2 9 8 
8 12 6 11 4 10 2 9 8 
8 10 7 9 6 8 5 7 8 
6 7 3 6 2 5 1 4 8 
7 9 5 8 4 7 3 6 8 
7 9 5 8 4 7 3 6 8 
7 7 3 6 1 5 0 4 8 
7 8 3 7 1 6 0 5 8 
7 11 4 10 2 9 0 8 8 
7 8 4 7 3 6 2 5 8 
8 9 6 8 4 7 3 6 8 
7 11 4 10 2 9 0 8 8 
7 11 4 10 2 9 0 8 8 
7 11 4 10 2 9 0 8 8 
8 11 5 10 2 9 0 8 8 
8 12 6 11 4 10 2 9 8 
8 12 6 11 4 10 2 9 8 
8 11 5 10 2 9 0 8 8 
7 8 5 7 4 6 3 5 8 
8 10 7 9 6 8 5 7 8 
7 8 5 7 4 6 3 5 8 
6 7 2 6 1 5 0 4 8 
7 7 3 6 1 5 0 4 8 
7 9 5 8 4 7 3 6 8 
7 10 4 9 2 8 0 7 8 
7 10 4 9 2 8 0 7 8 
8 8 4 7 3 6 2 5 8 
7 7 3 6 1 5 0 4 8 
7 11 4 10 2 9 0 8 8 
6 6 2 5 1 4 0 3 8 
7 10 6 9 5 8 4 7 8 
7 11 4 10 2 9 0 8 8 
6 6 2 5 1 4 0 3 8 
7 12 5 11 3 10 1 9 8 
7 12 5 11 3 10 1 9 8 
7 8 5 7 4 6 3 5 8 
8 12 6 11 4 10 3 9 8 
7 11 4 10 2 9 0 8 8 
7 11 4 10 2 9 0 8 8 
6 7 2 6 1 5 0 4 8 
8 12 6 11 4 10 3 9 8 
7 9 5 8 3 7 1 6 8 
7 10 4 9 2 8 0 7 8 
8 14 5 13 2 12 0 11 8 
7 10 6 9 5 8 4 7 8 
7 10 4 9 2 8 0 7 8 
8 14 5 13 2 12 0 11 8 
8 14 5 13 2 12 0 11 8 
8 10 6 9 5 8 4 7 8 
6 7 2 6 1 5 0 4 8 
6 8 3 7 2 6 1 5 8 
8 14 5 13 2 12 0 11 8 
8 12 6 11 4 10 2 9 8 
7 8 4 7 2 6 0 5 8 
8 10 6 9 4 8 3 7 8 
7 12 5 11 3 10 1 9 8 
7 12 5 11 4 10 3 9 8 
7 11 4 10 2 9 0 8 8 
8 12 5 11 3 10 1 9 8 
8 10 7 9 6 8 5 7 8 
7 11 4 10 2 9 0 8 8 
8 12 6 11 4 10 2 9 8 
7 12 5 11 3 10 1 9 8 
8 11 5 10 2 9 0 8 8 
8 11 6 10 4 9 3 8 8 
8 12 5 11 3 10 1 9 8 
7 12 5 11 4 10 3 9 8 
6 6 2 5 1 4 0 3 8 
7 7 3 6 2 5 1 4 8 
8 10 4 9 1 8 0 7 8 
7 10 4 9 2 8 0 7 8 
6 6 2 5 1 4 0 3 8 
8 12 5 11 2 10 0 9 8 
7 10 4 9 2 8 0 7 8 
8 11 6 10 4 9 3 8 8 
7 14 4 13 2 12 0 11 8 
8 11 5 10 2 9 0 8 8 
8 10 4 9 1 8 0 7 8 
8 12 5 11 2 10 0 9 8 
7 14 4 13 2 12 0 11 8 
8 13 5 12 2 11 0 10 8 
7 14 4 13 2 12 0 11 8 
8 12 5 11 2 10 0 9 8 
SCORES_TXT_END_0
SCORES_TXT_BEGIN_0 3 100 9 BLEU
11 11 10 10 9 9 8 8 11 
10 11 9 10 8 9 7 8 11 
10 15 9 14 8 13 7 12 11 
11 13 9 12 8 11 7 10 11 
10 15 9 14 8 13 7 12 11 
10 11 8 10 7 9 6 8 11 
10 13 9 12 8 11 7 10 11 
10 14 9 13 8 12 7 11 11 
10 14 9 13 8 12 7 11 11 
9 11 8 10 7 9 6 8 11 
11 12 9 11 8 10 7 9 11 
11 12 9 11 7 10 5 9 11 
10 11 8 10 6 9 4 8 11 
10 12 9 11 8 10 7 9 11 
9 15 8 14 7 13 6 12 11 
9 15 8 14 7 13 6 12 11 
10 13 8 12 7 11 6 10 11 
11 11 7 10 5 9 3 8 11 
9 13 8 12 7 11 6 10 11 
9 14 8 13 7 12 6 11 11 
9 14 8 13 7 12 6 11 11 
11 12 9 11 7 10 5 9 11 
11 11 8 10 6 9 4 8 11 
10 12 8 11 6 10 4 9 11 
10 11 7 10 5 9 3 8 11 
11 11 7 10 5 9 3 8 11 
11 11 7 10 5 9 3 8 11 
10 13 7 12 5 11 3 10 11 
11 11 7 10 4 9 2 8 11 
9 11 7 10 5 9 3 8 11 
10 12 8 11 7 10 6 9 11 
10 11 7 10 5 9 3 8 11 
10 16 8 15 6 14 4 13 11 
11 14 8 13 6 12 4 11 11 
10 16 8 15 6 14 4 13 11 
11 11 7 10 5 9 3 8 11 
11 11 7 10 5 9 3 8 11 
10 11 7 10 5 9 3 8 11 
10 11 7 10 5 9 3 8 11 
11 11 7 10 5 9 3 8 11 
10 11 7 10 5 9 3 8 11 
10 12 7 11 5 10 3 9 11 
10 11 6 10 4 9 2 8 11 
11 11 7 10 5 9 3 8 11 
10 11 8 10 7 9 6 8 11 
10 14 8 13 6 12 4 11 11 
9 12 8 11 7 10 6 9 11 
9 15 7 14 5 13 3 12 11 
10 13 7 12 5 11 3 10 11 
9 15 7 14 5 13 3 12 11 
11 11 8 10 7 9 6 8 11 
10 13 7 12 5 11 3 10 11 
11 12 7 11 5 10 3 9 11 
10 12 7 11 5 10 3 9 11 
11 13 7 12 5 11 3 10 11 
10 11 7 10 4 9 2 8 11 
9 11 6 10 4 9 2 8 11 
10 13 7 12 4 11 2 10 11 
10 12 8 11 6 10 4 9 11 
10 14 7 13 5 12 3 11 11 
11 11 7 10 4 9 2 8 11 
10 11 7 10 5 9 3 8 11 
9 13 7 12 5 11 3 10 11 
11 11 7 10 5 9 3 8 11 
10 11 7 10 5 9 3 8 11 
9 11 8 10 7 9 6 8 11 
11 11 8 10 6 9 4 8 11 
9 11 7 10 5 9 3 8 11 
10 11 8 10 7 9 6 8 11 
10 11 6 10 4 9 2 8 11 
11 11 8 10 6 9 4 8 11 
11 13 8 12 6 11 4 10 11 
9 13 7 12 5 11 3 10 11 
10 11 7 10 5 9 3 8 11 
10 11 8 10 6 9 4 8 11 
11 11 7 10 4 9 2 8 11 
10 15 7 14 5 13 3 12 11 
9 11 7 10 5 9 3 8 11 
10 15 7 14 5 13 3 12 11 
10 11 7 10 5 9 3 8 11 
10 11 7 10 5 9 3 8 11 
10 11 6 10 4 9 2 8 11 
10 11 6 10 4 9 2 8 11 
10 11 6 10 4 9 2 8 11 
10 13 7 12 5 11 3 10 11 
10 11 6 10 4 9 2 8 11 
9 13 7 12 5 11 3 10 11 
10 13 7 12 5 11 3 10 11 
11 11 8 10 5 9 3 8 11 
10 13 7 12 5 11 3 10 11 
11 11 8 10 6 9 4 8 11 
9 15 7 14 5 13 3 12 11 
10 13 8 12 6 11 4 10 11 
11 12 7 11 5 10 3 9 11 
11 11 7 10 3 9 1 8 11 
11 11 8 10 6 9 4 8 11 
10 14 7 13 5 12 3 11 11 
10 11 7 10 5 9 3 8 11 
11 11 7 10 5 9 3 8 11 
10 14 7 13 5 12 3 11 11 
SCORES_TXT_END_0
SCORES_TXT_BEGIN_0 4 23 9 BLEU
11 11 10 10 9 9 8 8 11 
10 15 9 14 8 13 7 12 11 
10 15 9 14 8 13 7 12 11 
11 15 9 14 8 13 7 12 11 
11 15 9 14 8 13 7 12 11 
10 11 9 10 8 9 7 8 11 
11 13 9 12 8 11 7 10 11 
10 11 8 10 6 9 5 8 11 
10 11 8 10 6 9 5 8 11 
10 13 9 12 8 11 7 10 11 
9 15 7 14 6 13 5 12 11 
9 15 7 14 6 13 5 12 11 
9 15 7 14 6 13 5 12 11 
9 15 7 14 6 13 5 12 11 
11 12 9 11 8 10 7 9 11 
10 15 7 14 6 13 5 12 11 
10 15 7 14 6 13 5 12 11 
10 15 7 14 6 13 5 12 11 
10 15 7 14 6 13 5 12 11 
11 13 9 12 8 11 7 10 11 
11 13 9 12 8 11 7 10 11 
10 13 7 12 6 11 5 10 11 
10 13 7 12 6 11 5 10 11 
SCORES_TXT_END_0
SCORES_TXT_BEGIN_0 5 100 9 BLEU
6 6 5 5 4 4 3 3 6 
5 10 4 9 3 8 2 7 6 
5 10 4 9 3 8 2 7 6 
5 6 4 5 3 4 2 3 6 
6 8 4 7 3 6 2 5 6 
6 7 5 6 4 5 3 4 6 
5 8 4 7 3 6 2 5 6 
5 9 4 8 3 7 2 6 6 
5 9 4 8 3 7 2 6 6 
6 8 5 7 4 6 3 5 6 
6 7 4 6 3 5 2 4 6 
6 8 5 7 4 6 3 5 6 
6 6 2 5 0 4 0 3 6 
6 7 4 6 2 5 1 4 6 
5 7 4 6 3 5 2 4 6 
6 7 5 6 4 5 3 4 6 
5 6 3 5 1 4 0 3 6 
6 8 5 7 4 6 3 5 6 
5 11 4 10 3 9 2 8 6 
5 11 4 10 3 9 2 8 6 
6 7 4 6 2 5 1 4 6 
6 7 4 6 2 5 1 4 6 
6 7 4 6 2 5 0 4 6 
6 7 4 6 2 5 0 4 6 
5 6 2 5 0 4 0 3 6 
6 8 4 7 2 6 1 5 6 
6 7 5 6 4 5 3 4 6 
5 8 2 7 0 6 0 5 6 
6 6 2 5 1 4 0 3 6 
5 6 2 5 1 4 0 3 6 
6 9 5 8 4 7 3 6 6 
6 6 2 5 0 4 0 3 6 
6 7 4 6 2 5 1 4 6 
5 7 4 6 3 5 2 4 6 
5 12 4 11 3 10 2 9 6 
6 6 3 5 1 4 0 3 6 
5 12 4 11 3 10 2 9 6 
6 10 5 9 4 8 3 7 6 
6 7 3 6 1 5 0 4 6 
6 10 5 9 4 8 3 7 6 
6 8 4 7 2 6 0 5 6 
4 6 2 5 1 4 0 3 6 
4 6 2 5 1 4 0 3 6 
6 7 4 6 2 5 1 4 6 
6 8 5 7 4 6 3 5 6 
5 9 4 8 3 7 2 6 6 
4 8 2 7 1 6 0 5 6 
6 9 5 8 4 7 3 6 6 
6 8 4 7 2 6 1 5 6 
5 6 2 5 1 4 0 3 6 
5 12 4 11 3 10 2 9 6 
5 12 4 11 3 10 2 9 6 
6 9 5 8 4 7 3 6 6 
6 8 5 7 4 6 3 5 6 
5 10 2 9 0 8 0 7 6 
5 10 2 9 0 8 0 7 6 
6 9 5 8 4 7 3 6 6 
6 7 4 6 2 5 1 4 6 
6 8 5 7 4 6 3 5 6 
6 8 5 7 4 6 3 5 6 
6 8 2 7 0 6 0 5 6 
5 9 2 8 0 7 0 6 6 
5 8 2 7 1 6 0 5 6 
6 8 4 7 2 6 0 5 6 
6 8 4 7 2 6 1 5 6 
5 9 2 8 0 7 0 6 6 
6 6 3 5 1 4 0 3 6 
6 10 4 9 2 8 1 7 6 
4 10 2 9 1 8 0 7 6 
6 10 4 9 2 8 1 7 6 
5 11 3 10 1 9 0 8 6 
6 8 4 7 3 6 2 5 6 
5 11 3 10 1 9 0 8 6 
4 10 2 9 1 8 0 7 6 
6 11 4 10 3 9 2 8 6 
6 11 4 10 3 9 2 8 6 
6 7 4 6 2 5 0 4 6 
6 8 5 7 3 6 2 5 6 
6 8 5 7 3 6 2 5 6 
6 9 4 8 3 7 2 6 6 
5 8 4 7 3 6 2 5 6 
6 9 4 8 2 7 1 6 6 
4 10 2 9 1 8 0 7 6 
4 10 2 9 1 8 0 7 6 
6 10 5 9 4 8 3 7 6 
6 9 4 8 2 7 1 6 6 
5 12 4 11 3 10 2 9 6 
5 12 4 11 3 10 2 9 6 
5 7 2 6 0 5 0 4 6 
6 10 5 9 4 8 3 7 6 
5 11 4 10 3 9 2 8 6 
6 8 4 7 2 6 0 5 6 
6 9 4 8 2 7 1 6 6 
5 11 4 10 3 9 2 8 6 
6 8 5 7 4 6 3 5 6 
6 8 5 7 4 6 3 5 6 
5 6 1 5 0 4 0 3 6 
6 6 3 5 2 4 1 3 6 
6 8 4 7 2 6 1 5 6 
6 9 5 8 4 7 3 6 6 
SCORES_TXT_END_0
SCORES_TXT_BEGIN_0 6 100 9 BLEU
6 6 5 5 4 4 3 3 6 
5 6 3 5 2 4 1 3 6 
6 8 4 7 3 6 2 5 6 
6 7 4 6 3 5 2 4 6 
6 10 4 9 3 8 2 7 6 
6 10 4 9 3 8 2 7 6 
5 8 3 7 2 6 1 5 6 
6 7 4 6 3 5 2 4 6 
6 9 4 8 3 7 2 6 6 
5 7 3 6 2 5 1 4 6 
6 9 4 8 3 7 2 6 6 
5 10 3 9 2 8 1 7 6 
5 10 3 9 2 8 1 7 6 
5 6 4 5 3 4 2 3 6 
5 7 3 6 2 5 1 4 6 
5 9 3 8 2 7 1 6 6 
6 7 4 6 3 5 2 4 6 
5 9 3 8 2 7 1 6 6 
4 6 3 5 2 4 1 3 6 
6 6 2 5 1 4 0 3 6 
5 6 2 5 1 4 0 3 6 
5 7 3 6 2 5 1 4 6 
5 7 4 6 3 5 2 4 6 
5 7 4 6 3 5 2 4 6 
6 8 2 7 1 6 0 5 6 
5 8 2 7 1 6 0 5 6 
6 6 3 5 2 4 1 3 6 
5 6 3 5 2 4 1 3 6 
5 6 3 5 2 4 1 3 6 
4 6 3 5 2 4 1 3 6 
6 7 2 6 1 5 0 4 6 
5 7 2 6 1 5 0 4 6 
6 6 3 5 2 4 1 3 6 
5 6 3 5 2 4 1 3 6 
4 7 3 6 2 5 1 4 6 
4 7 3 6 2 5 1 4 6 
6 7 2 6 1 5 0 4 6 
5 7 2 6 1 5 0 4 6 
5 6 2 5 1 4 0 3 6 
6 6 3 5 1 4 0 3 6 
6 10 2 9 1 8 0 7 6 
5 10 2 9 1 8 0 7 6 
6 10 2 9 1 8 0 7 6 
5 10 2 9 1 8 0 7 6 
4 6 2 5 1 4 0 3 6 
6 9 2 8 1 7 0 6 6 
5 9 2 8 1 7 0 6 6 
6 8 3 7 2 6 1 5 6 
5 8 3 7 2 6 1 5 6 
6 9 2 8 1 7 0 6 6 
5 9 2 8 1 7 0 6 6 
5 6 2 5 1 4 0 3 6 
6 6 4 5 3 4 2 3 6 
5 6 3 5 1 4 0 3 6 
6 6 3 5 1 4 0 3 6 
5 6 4 5 3 4 2 3 6 
6 7 2 6 1 5 0 4 6 
5 7 2 6 1 5 0 4 6 
6 6 3 5 1 4 0 3 6 
5 6 2 5 1 4 0 3 6 
5 6 2 5 1 4 0 3 6 
6 6 3 5 1 4 0 3 6 
6 7 3 6 2 5 1 4 6 
5 7 3 6 2 5 1 4 6 
5 8 2 7 1 6 0 5 6 
6 8 3 7 1 6 0 5 6 
5 6 2 5 1 4 0 3 6 
4 6 2 5 1 4 0 3 6 
6 7 3 6 2 5 1 4 6 
5 7 3 6 2 5 1 4 6 
5 7 3 6 2 5 1 4 6 
4 7 3 6 2 5 1 4 6 
5 7 3 6 2 5 1 4 6 
4 7 3 6 2 5 1 4 6 
6 6 2 5 1 4 0 3 6 
5 6 2 5 1 4 0 3 6 
6 10 3 9 2 8 1 7 6 
5 10 3 9 2 8 1 7 6 
5 7 2 6 1 5 0 4 6 
6 10 3 9 2 8 1 7 6 
5 10 3 9 2 8 1 7 6 
6 7 3 6 2 5 1 4 6 
6 7 3 6 1 5 0 4 6 
5 7 3 6 2 5 1 4 6 
5 6 3 5 2 4 1 3 6 
6 8 3 7 2 6 1 5 6 
5 8 3 7 2 6 1 5 6 
6 9 3 8 2 7 1 6 6 
5 9 3 8 2 7 1 6 6 
6 9 3 8 2 7 1 6 6 
5 9 3 8 2 7 1 6 6 
5 6 2 5 1 4 0 3 6 
4 6 2 5 1 4 0 3 6 
6 7 3 6 2 5 1 4 6 
5 7 3 6 2 5 1 4 6 
5 6 2 5 1 4 0 3 6 
4 6 2 5 1 4 0 3 6 
5 6 2 5 1 4 0 3 6 
4 6 3 5 2 4 1 3 6 
6 6 4 5 2 4 0 3 6 
SCORES_TXT_END_0
SCORES_TXT_BEGIN_0 7 76 9 BLEU
11 11 10 10 9 9 8 8 11 
10 11 9 10 8 9 7 8 11 
10 12 9 11 8 10 7 9 11 
10 15 9 14 8 13 7 12 11 
10 15 9 14 8 13 7 12 11 
11 13 9 12 8 11 7 10 11 
11 11 8 10 4 9 3 8 11 
10 13 9 12 8 11 7 10 11 
10 11 8 10 6 9 4 8 11 
11 12 9 11 8 10 7 9 11 
10 11 8 10 4 9 3 8 11 
11 12 10 11 8 10 6 9 11 
10 13 8 12 4 11 3 10 11 
11 12 10 11 8 10 6 9 11 
10 12 8 11 4 10 3 9 11 
11 12 9 11 7 10 5 9 11 
10 11 7 10 4 9 3 8 11 
10 14 9 13 8 12 7 11 11 
9 11 7 10 5 9 4 8 11 
10 14 9 13 8 12 7 11 11 
10 15 8 14 4 13 3 12 11 
10 15 8 14 4 13 3 12 11 
10 12 9 11 7 10 6 9 11 
10 12 9 11 7 10 5 9 11 
9 12 7 11 5 10 4 9 11 
11 13 8 12 4 11 3 10 11 
9 11 7 10 4 9 3 8 11 
10 10 8 9 6 8 5 7 11 
9 13 7 12 4 11 3 10 11 
10 12 8 11 6 10 4 9 11 
11 12 8 11 4 10 3 9 11 
9 15 7 14 5 13 4 12 11 
9 15 7 14 5 13 4 12 11 
10 13 9 12 7 11 6 10 11 
9 12 7 11 4 10 3 9 11 
10 16 9 15 8 14 7 13 11 
10 16 9 15 8 14 7 13 11 
11 12 9 11 8 10 7 9 11 
10 13 8 12 6 11 4 10 11 
11 11 10 10 6 9 2 8 11 
10 16 9 15 7 14 6 13 11 
10 16 9 15 7 14 6 13 11 
10 13 9 12 7 11 5 10 11 
10 13 7 12 5 11 4 10 11 
10 11 8 10 6 9 4 8 11 
10 10 8 9 6 8 5 7 11 
11 14 9 13 8 12 7 11 11 
10 13 8 12 6 11 4 10 11 
10 12 7 11 5 10 4 9 11 
10 16 9 15 7 14 5 13 11 
10 16 9 15 7 14 5 13 11 
9 15 7 14 4 13 3 12 11 
9 10 7 9 6 8 5 7 11 
9 15 7 14 4 13 3 12 11 
9 13 7 12 5 11 4 10 11 
10 12 9 11 8 10 7 9 11 
11 14 9 13 7 12 6 11 11 
11 11 8 10 5 9 3 8 11 
10 14 9 13 8 12 7 11 11 
10 14 8 13 4 12 3 11 11 
10 16 8 15 6 14 4 13 11 
10 15 9 14 8 13 7 12 11 
10 14 8 13 4 12 3 11 11 
10 16 8 15 6 14 4 13 11 
10 11 8 10 6 9 5 8 11 
10 14 7 13 5 12 4 11 11 
10 15 9 14 8 13 7 12 11 
9 11 6 10 5 9 4 8 11 
9 12 7 11 5 10 4 9 11 
11 11 7 10 5 9 4 8 11 
11 14 9 13 7 12 5 11 11 
9 10 6 9 5 8 4 7 11 
10 13 7 12 4 11 3 10 11 
10 14 9 13 7 12 6 11 11 
10 14 8 13 4 12 3 11 11 
10 12 7 11 5 10 4 9 11 
SCORES_TXT_END_0
SCORES_TXT_BEGIN_0 8 100 9 BLEU
8 8 7 7 6 6 5 5 8 
7 8 6 7 5 6 4 5 8 
8 10 6 9 5 8 4 7 8 
7 10 5 9 4 8 3 7 8 
7 8 5 7 3 6 2 5 8 
7 8 5 7 3 6 2 5 8 
8 9 6 8 5 7 4 6 8 
6 8 4 7 2 6 1 5 8 
6 8 4 7 2 6 1 5 8 
7 10 4 9 3 8 2 7 8 
7 9 5 8 4 7 3 6 8 
7 10 4 9 3 8 2 7 8 
8 9 6 8 4 7 2 6 8 
8 9 6 8 5 7 4 6 8 
8 9 6 8 5 7 4 6 8 
8 12 6 11 5 10 4 9 8 
8 12 6 11 5 10 4 9 8 
7 9 5 8 3 7 1 6 8 
6 10 3 9 2 8 1 7 8 
6 10 3 9 2 8 1 7 8 
7 9 5 8 4 7 3 6 8 
7 9 5 8 4 7 3 6 8 
7 9 4 8 3 7 2 6 8 
8 9 5 8 4 7 3 6 8 
7 8 5 7 3 6 2 5 8 
7 9 4 8 3 7 2 6 8 
8 11 6 10 5 9 4 8 8 
7 12 5 11 4 10 3 9 8 
7 12 5 11 4 10 3 9 8 
8 11 5 10 3 9 1 8 8 
8 9 6 8 4 7 3 6 8 
7 7 5 6 3 5 2 4 8 
8 10 6 9 5 8 4 7 8 
6 7 4 6 3 5 2 4 8 
8 11 6 10 5 9 4 8 8 
8 11 6 10 5 9 4 8 8 
8 13 6 12 5 11 4 10 8 
8 13 6 12 5 11 4 10 8 
8 8 5 7 3 6 1 5 8 
6 9 3 8 2 7 1 6 8 
6 8 4 7 2 6 1 5 8 
6 9 3 8 2 7 1 6 8 
7 11 4 10 2 9 0 8 8 
7 9 4 8 2 7 1 6 8 
7 11 5 10 4 9 3 8 8 
7 8 5 7 3 6 2 5 8 
7 8 6 7 5 6 4 5 8 
7 9 4 8 2 7 1 6 8 
7 9 4 8 3 7 2 6 8 
7 9 4 8 3 7 2 6 8 
7 8 4 7 3 6 2 5 8 
7 10 5 9 4 8 3 7 8 
8 11 6 10 5 9 4 8 8 
7 9 3 8 1 7 0 6 8 
7 9 4 8 3 7 2 6 8 
8 11 4 10 3 9 2 8 8 
7 9 4 8 3 7 2 6 8 
7 11 5 10 4 9 3 8 8 
8 9 5 8 4 7 3 6 8 
7 10 4 9 3 8 2 7 8 
8 9 4 8 1 7 0 6 8 
8 11 5 10 3 9 2 8 8 
7 12 4 11 3 10 2 9 8 
7 12 4 11 3 10 2 9 8 
7 12 4 11 3 10 2 9 8 
7 12 4 11 3 10 2 9 8 
8 9 5 8 3 7 1 6 8 
7 7 5 6 3 5 2 4 8 
8 10 6 9 5 8 4 7 8 
7 10 3 9 1 8 0 7 8 
6 9 3 8 1 7 0 6 8 
7 11 5 10 4 9 3 8 8 
8 9 4 8 3 7 2 6 8 
8 9 4 8 2 7 1 6 8 
7 13 5 12 4 11 3 10 8 
7 13 5 12 4 11 3 10 8 
8 8 4 7 3 6 2 5 8 
8 12 6 11 5 10 4 9 8 
6 9 3 8 1 7 0 6 8 
7 9 4 8 2 7 1 6 8 
8 10 5 9 3 8 1 7 8 
6 9 3 8 2 7 1 6 8 
8 8 5 7 3 6 2 5 8 
8 10 4 9 1 8 0 7 8 
6 8 4 7 2 6 1 5 8 
6 8 5 7 4 6 3 5 8 
8 10 5 9 3 8 1 7 8 
6 7 4 6 2 5 1 4 8 
6 9 3 8 2 7 1 6 8 
6 9 3 8 2 7 1 6 8 
8 9 6 8 5 7 4 6 8 
8 8 4 7 2 6 1 5 8 
7 8 4 7 3 6 2 5 8 
6 8 3 7 2 6 1 5 8 
7 11 5 10 4 9 3 8 8 
8 12 6 11 5 10 4 9 8 
6 9 3 8 2 7 1 6 8 
6 9 3 8 2 7 1 6 8 
7 11 4 10 3 9 2 8 8 
7 11 3 10 1 9 0 8 8 
SCORES_TXT_END_0
SCORES_TXT_BEGIN_0 9 100 9 BLEU
6 6 5 5 4 4 3 3 6 
6 8 4 7 3 6 2 5 6 
5 8 4 7 3 6 2 5 6 
5 6 4 5 3 4 2 3 6 
5 10 4 9 3 8 2 7 6 
5 10 4 9 3 8 2 7 6 
5 5 3 4 2 3 1 2 6 
5 7 2 6 1 5 0 4 6 
6 10 4 9 3 8 2 7 6 
6 10 4 9 3 8 2 7 6 
4 7 2 6 1 5 0 4 6 
4 9 2 8 1 7 0 6 6 
4 9 2 8 1 7 0 6 6 
4 5 2 4 1 3 0 2 6 
6 9 4 8 3 7 2 6 6 
5 9 2 8 1 7 0 6 6 
5 9 2 8 1 7 0 6 6 
6 7 4 6 3 5 2 4 6 
5 9 4 8 3 7 2 6 6 
5 9 4 8 3 7 2 6 6 
5 9 4 8 3 7 2 6 6 
6 9 4 8 3 7 2 6 6 
6 9 4 8 3 7 2 6 6 
5 12 4 11 3 10 2 9 6 
5 12 4 11 3 10 2 9 6 
5 7 4 6 3 5 2 4 6 
6 9 4 8 3 7 2 6 6 
6 10 4 9 3 8 2 7 6 
6 7 4 6 3 5 2 4 6 
5 10 4 9 3 8 2 7 6 
5 11 4 10 3 9 2 8 6 
5 11 4 10 3 9 2 8 6 
5 9 4 8 3 7 2 6 6 
5 8 2 7 1 6 0 5 6 
6 7 4 6 3 5 2 4 6 
6 7 4 6 2 5 1 4 6 
5 9 4 8 3 7 2 6 6 
4 8 2 7 1 6 0 5 6 
5 8 2 7 1 6 0 5 6 
6 7 5 6 4 5 3 4 6 
4 8 2 7 1 6 0 5 6 
4 8 2 7 1 6 0 5 6 
6 7 4 6 2 5 0 4 6 
5 6 3 5 1 4 0 3 6 
4 8 2 7 1 6 0 5 6 
5 11 4 10 3 9 2 8 6 
5 11 4 10 3 9 2 8 6 
5 6 2 5 1 4 0 3 6 
6 8 4 7 3 6 2 5 6 
6 7 5 6 4 5 3 4 6 
5 11 4 10 3 9 2 8 6 
5 8 2 7 1 6 0 5 6 
5 11 4 10 3 9 2 8 6 
6 7 5 6 4 5 3 4 6 
5 8 2 7 1 6 0 5 6 
6 7 4 6 3 5 2 4 6 
5 14 4 13 3 12 2 11 6 
5 14 4 13 3 12 2 11 6 
5 11 4 10 3 9 2 8 6 
5 11 4 10 3 9 2 8 6 
5 14 4 13 3 12 2 11 6 
5 8 2 7 1 6 0 5 6 
5 14 4 13 3 12 2 11 6 
6 9 4 8 3 7 2 6 6 
6 11 4 10 3 9 2 8 6 
6 7 5 6 4 5 3 4 6 
5 10 4 9 3 8 2 7 6 
6 8 5 7 3 6 1 5 6 
4 8 2 7 1 6 0 5 6 
6 11 4 10 3 9 2 8 6 
4 11 2 10 1 9 0 8 6 
4 11 2 10 1 9 0 8 6 
5 10 4 9 3 8 2 7 6 
5 6 3 5 2 4 1 3 6 
6 12 4 11 3 10 2 9 6 
6 11 4 10 3 9 2 8 6 
6 9 4 8 3 7 2 6 6 
6 12 4 11 3 10 2 9 6 
6 8 2 7 1 6 0 5 6 
6 11 4 10 3 9 2 8 6 
6 6 2 5 1 4 0 3 6 
6 7 4 6 3 5 2 4 6 
6 9 4 8 3 7 2 6 6 
5 6 2 5 1 4 0 3 6 
5 8 2 7 1 6 0 5 6 
6 8 2 7 1 6 0 5 6 
6 7 4 6 3 5 2 4 6 
5 9 2 8 1 7 0 6 6 
6 6 2 5 1 4 0 3 6 
6 7 4 6 2 5 1 4 6 
4 6 2 5 1 4 0 3 6 
6 7 4 6 3 5 2 4 6 
5 9 4 8 3 7 2 6 6 
5 9 3 8 2 7 1 6 6 
6 10 4 9 3 8 2 7 6 
6 8 4 7 2 6 1 5 6 
5 12 4 11 3 10 2 9 6 
6 10 4 9 3 8 2 7 6 
5 12 4 11 3 10 2 9 6 
5 13 4 12 3 11 2 10 6 
SCORES_TXT_END_0
SCORES_TXT_BEGIN_0 10 50 9 BLEU
12 12 11 11 10 10 9 9 12 
12 13 10 12 8 11 6 10 12 
12 13 11 12 9 11 7 10 12 
11 12 10 11 9 10 8 9 12 
11 11 7 10 4 9 2 8 12 
12 13 10 12 8 11 7 10 12 
12 13 10 12 8 11 6 10 12 
12 13 10 12 8 11 7 10 12 
12 12 8 11 7 10 6 9 12 
11 16 10 15 9 14 8 13 12 
12 13 10 12 8 11 6 10 12 
11 16 10 15 9 14 8 13 12 
11 11 7 10 4 9 2 8 12 
12 14 10 13 9 12 8 11 12 
11 12 9 11 7 10 5 9 12 
11 11 7 10 4 9 1 8 12 
11 12 6 11 2 10 1 9 12 
12 13 10 12 8 11 7 10 12 
11 11 7 10 4 9 2 8 12 
12 12 8 11 6 10 5 9 12 
11 14 10 13 9 12 8 11 12 
11 15 10 14 9 13 8 12 12 
12 13 10 12 8 11 7 10 12 
12 13 11 12 9 11 8 10 12 
11 11 9 10 7 9 5 8 12 
11 15 10 14 9 13 8 12 12 
12 14 10 13 8 12 6 11 12 
12 12 8 11 6 10 5 9 12 
11 11 7 10 5 9 3 8 12 
11 12 8 11 7 10 6 9 12 
12 13 10 12 8 11 6 10 12 
11 13 9 12 7 11 5 10 12 
12 12 8 11 4 10 1 9 12 
11 11 7 10 4 9 2 8 12 
11 14 8 13 7 12 6 11 12 
12 13 11 12 10 11 9 10 12 
11 13 10 12 8 11 6 10 12 
12 13 10 12 8 11 6 10 12 
11 12 6 11 3 10 1 9 12 
11 13 9 12 7 11 5 10 12 
12 13 10 12 9 11 8 10 12 
12 13 10 12 8 11 6 10 12 
11 12 7 11 4 10 2 9 12 
11 11 6 10 3 9 1 8 12 
12 13 10 12 9 11 8 10 12 
12 13 10 12 8 11 7 10 12 
12 13 10 12 8 11 6 10 12 
12 13 8 12 7 11 6 10 12 
12 13 9 12 7 11 6 10 12 
11 12 8 11 6 10 5 9 12 
SCORES_TXT_END_0
SCORES_TXT_BEGIN_0 11 100 9 BLEU
5 5 4 4 3 3 2 2 5 
5 7 3 6 2 5 1 4 5 
5 6 3 5 2 4 1 3 5 
5 9 3 8 2 7 1 6 5 
5 9 3 8 2 7 1 6 5 
5 6 3 5 2 4 1 3 5 
5 6 3 5 2 4 1 3 5 
5 8 3 7 2 6 1 5 5 
5 6 4 5 3 4 2 3 5 
5 8 3 7 2 6 1 5 5 
5 6 4 5 3 4 2 3 5 
5 6 3 5 2 4 1 3 5 
5 8 3 7 2 6 1 5 5 
5 6 3 5 2 4 1 3 5 
4 5 3 4 2 3 1 2 5 
4 5 2 4 0 3 0 2 5 
5 6 4 5 2 4 1 3 5 
5 7 3 6 2 5 1 4 5 
5 8 3 7 2 6 1 5 5 
5 6 3 5 1 4 0 3 5 
5 6 3 5 2 4 1 3 5 
5 8 3 7 2 6 1 5 5 
5 6 4 5 3 4 2 3 5 
5 6 3 5 2 4 1 3 5 
5 7 3 6 2 5 1 4 5 
5 7 3 6 2 5 1 4 5 
5 7 3 6 2 5 1 4 5 
5 7 4 6 3 5 2 4 5 
5 10 3 9 2 8 1 7 5 
5 10 3 9 2 8 1 7 5 
5 6 3 5 1 4 0 3 5 
5 9 3 8 2 7 1 6 5 
5 7 3 6 2 5 1 4 5 
5 9 3 8 2 7 1 6 5 
5 6 3 5 1 4 0 3 5 
5 7 4 6 3 5 2 4 5 
5 8 3 7 2 6 1 5 5 
5 6 4 5 3 4 2 3 5 
5 6 3 5 2 4 1 3 5 
5 7 3 6 2 5 1 4 5 
5 7 4 6 3 5 2 4 5 
5 7 3 6 2 5 1 4 5 
5 6 3 5 1 4 0 3 5 
5 7 3 6 2 5 1 4 5 
4 5 1 4 0 3 0 2 5 
5 7 3 6 2 5 1 4 5 
5 6 4 5 3 4 2 3 5 
5 6 3 5 2 4 1 3 5 
5 7 3 6 2 5 1 4 5 
5 7 3 6 2 5 1 4 5 
5 7 3 6 2 5 1 4 5 
5 10 3 9 2 8 1 7 5 
5 10 3 9 2 8 1 7 5 
5 6 4 5 3 4 2 3 5 
5 9 3 8 2 7 1 6 5 
5 7 3 6 2 5 1 4 5 
5 7 3 6 2 5 1 4 5 
5 9 3 8 2 7 1 6 5 
5 6 3 5 2 4 1 3 5 
5 9 3 8 2 7 1 6 5 
5 7 3 6 2 5 1 4 5 
5 7 3 6 2 5 1 4 5 
5 10 3 9 2 8 1 7 5 
5 10 3 9 2 8 1 7 5 
5 6 3 5 1 4 0 3 5 
5 6 3 5 1 4 0 3 5 
5 8 3 7 2 6 1 5 5 
5 7 4 6 3 5 2 4 5 
5 7 4 6 3 5 2 4 5 
5 9 3 8 2 7 1 6 5 
5 9 3 8 2 7 1 6 5 
5 9 3 8 2 7 1 6 5 
4 6 3 5 2 4 1 3 5 
5 9 3 8 2 7 1 6 5 
5 7 3 6 2 5 1 4 5 
4 7 1 6 0 5 0 4 5 
4 6 3 5 2 4 1 3 5 
5 7 4 6 3 5 2 4 5 
5 6 4 5 3 4 2 3 5 
4 7 1 6 0 5 0 4 5 
4 6 3 5 2 4 1 3 5 
5 8 3 7 2 6 1 5 5 
5 7 4 6 3 5 2 4 5 
5 7 4 6 3 5 2 4 5 
5 7 3 6 2 5 1 4 5 
5 7 3 6 2 5 1 4 5 
5 9 3 8 2 7 1 6 5 
4 6 1 5 0 4 0 3 5 
5 9 3 8 2 7 1 6 5 
5 7 3 6 2 5 1 4 5 
5 6 3 5 2 4 1 3 5 
5 7 4 6 2 5 1 4 5 
4 6 2 5 1 4 0 3 5 
5 6 2 5 1 4 0 3 5 
5 7 3 6 2 5 1 4 5 
5 8 3 7 2 6 1 5 5 
5 8 2 7 1 6 0 5 5 
5 9 3 8 2 7 1 6 5 
5 7 3 6 1 5 0 4 5 
5 10 3 9 2 8 1 7 5 
SCORES_TXT_END_0
SCORES_TXT_BEGIN_0 12 100 9 BLEU
9 9 6 8 5 7 4 6 10 
9 9 5 8 3 7 2 6 10 
9 9 5 8 3 7 1 6 10 
9 10 6 9 5 8 4 7 10 
8 10 5 9 4 8 3 7 10 
8 9 6 8 5 7 4 6 10 
10 10 6 9 5 8 4 7 10 
10 10 6 9 3 8 2 7 10 
10 10 4 9 1 8 0 7 10 
9 9 5 8 3 7 2 6 10 
9 10 5 9 3 8 2 7 10 
8 10 4 9 2 8 1 7 10 
9 13 7 12 5 11 4 10 10 
10 10 5 9 3 8 2 7 10 
9 13 7 12 5 11 4 10 10 
10 11 9 10 8 9 7 8 10 
8 9 5 8 3 7 2 6 10 
10 10 7 9 5 8 4 7 10 
8 10 4 9 2 8 0 7 10 
10 10 5 9 3 8 1 7 10 
8 11 5 10 4 9 3 8 10 
9 11 8 10 7 9 6 8 10 
8 9 5 8 3 7 1 6 10 
10 10 6 9 3 8 1 7 10 
9 9 4 8 2 7 0 6 10 
8 10 6 9 5 8 4 7 10 
9 10 4 9 1 8 0 7 10 
9 13 6 12 3 11 2 10 10 
10 10 4 9 1 8 0 7 10 
9 13 6 12 3 11 2 10 10 
9 11 5 10 4 9 3 8 10 
9 9 5 8 3 7 1 6 10 
9 9 6 8 5 7 4 6 10 
9 11 5 10 2 9 1 8 10 
10 11 8 10 6 9 5 8 10 
10 12 6 11 3 10 2 9 10 
9 11 3 10 1 9 0 8 10 
9 10 4 9 1 8 0 7 10 
9 10 6 9 5 8 4 7 10 
10 12 6 11 3 10 2 9 10 
9 11 5 10 3 9 2 8 10 
10 11 6 10 5 9 4 8 10 
9 10 6 9 3 8 2 7 10 
9 13 6 12 3 11 1 10 10 
9 13 6 12 3 11 1 10 10 
8 11 4 10 3 9 2 8 10 
9 14 7 13 5 12 4 11 10 
8 10 4 9 2 8 1 7 10 
9 10 5 9 3 8 1 7 10 
9 14 7 13 5 12 4 11 10 
9 11 7 10 5 9 4 8 10 
10 11 8 10 6 9 4 8 10 
9 11 3 10 1 9 0 8 10 
10 11 6 10 3 9 2 8 10 
8 10 5 9 3 8 2 7 10 
9 10 4 9 1 8 0 7 10 
10 12 9 11 8 10 7 9 10 
10 10 5 9 3 8 2 7 10 
10 11 6 10 3 9 2 8 10 
9 11 4 10 2 9 1 8 10 
10 10 3 9 1 8 0 7 10 
10 11 6 10 4 9 2 8 10 
8 9 5 8 3 7 2 6 10 
9 11 6 10 4 9 3 8 10 
10 11 4 10 1 9 0 8 10 
10 11 6 10 3 9 2 8 10 
10 11 5 10 3 9 2 8 10 
8 9 4 8 2 7 1 6 10 
10 12 5 11 1 10 0 9 10 
10 11 6 10 3 9 1 8 10 
10 11 5 10 1 9 0 8 10 
9 10 5 9 3 8 2 7 10 
9 10 4 9 2 8 0 7 10 
9 10 5 9 3 8 2 7 10 
8 10 5 9 4 8 3 7 10 
9 11 7 10 5 9 3 8 10 
9 14 7 13 5 12 4 11 10 
10 12 5 11 1 10 0 9 10 
9 14 7 13 5 12 4 11 10 
9 12 8 11 7 10 6 9 10 
9 10 5 9 3 8 2 7 10 
9 10 5 9 2 8 1 7 10 
9 10 7 9 5 8 4 7 10 
10 10 5 9 3 8 1 7 10 
8 10 5 9 3 8 2 7 10 
9 14 6 13 3 12 2 11 10 
9 10 4 9 1 8 0 7 10 
10 12 7 11 5 10 4 9 10 
9 11 4 10 2 9 0 8 10 
9 14 6 13 3 12 2 11 10 
10 12 9 11 8 10 7 9 10 
9 9 4 8 2 7 0 6 10 
10 10 4 9 2 8 0 7 10 
10 12 7 11 5 10 4 9 10 
10 10 4 9 2 8 1 7 10 
10 12 8 11 6 10 5 9 10 
9 10 4 9 1 8 0 7 10 
8 10 3 9 1 8 0 7 10 
9 9 3 8 1 7 0 6 10 
9 10 6 9 5 8 4 7 10 
SCORES_TXT_END_0
SCORES_TXT_BEGIN_0 13 43 9 BLEU
11 11 8 10 7 9 6 8 12 
12 12 8 11 5 10 4 9 12 
11 11 7 10 5 9 4 8 12 
11 12 8 11 7 10 6 9 12 
12 13 11 12 10 11 9 10 12 
11 11 7 10 5 9 4 8 12 
12 12 8 11 7 10 6 9 12 
11 13 8 12 7 11 6 10 12 
12 14 10 13 8 12 7 11 12 
11 12 8 11 7 10 6 9 12 
12 12 9 11 7 10 6 9 12 
12 13 10 12 8 11 7 10 12 
12 14 8 13 5 12 4 11 12 
12 14 11 13 10 12 9 11 12 
12 14 8 13 5 12 4 11 12 
11 12 8 11 7 10 6 9 12 
12 13 10 12 8 11 7 10 12 
12 12 7 11 5 10 4 9 12 
12 12 8 11 6 10 5 9 12 
12 13 8 12 5 11 4 10 12 
12 14 11 13 10 12 9 11 12 
12 13 8 12 5 11 4 10 12 
11 11 8 10 7 9 6 8 12 
11 12 8 11 6 10 4 9 12 
11 12 7 11 5 10 3 9 12 
12 13 8 12 5 11 4 10 12 
12 15 11 14 10 13 9 12 12 
12 13 8 12 5 11 4 10 12 
10 11 6 10 4 9 3 8 12 
10 11 6 10 4 9 3 8 12 
12 13 8 12 7 11 6 10 12 
11 12 7 11 5 10 4 9 12 
11 12 7 11 5 10 4 9 12 
12 14 11 13 10 12 9 11 12 
10 11 5 10 3 9 2 8 12 
10 11 6 10 5 9 4 8 12 
11 12 7 11 5 10 4 9 12 
12 13 8 12 5 11 4 10 12 
11 13 8 12 6 11 4 10 12 
12 14 11 13 10 12 9 11 12 
12 13 8 12 7 11 6 10 12 
11 12 7 11 4 10 3 9 12 
11 12 7 11 4 10 3 9 12 
SCORES_TXT_END_0
SCORES_TXT_BEGIN_0 14 16 9 BLEU
9 10 7 9 5 8 3 7 10 
10 10 9 9 8 8 7 7 10 
8 10 6 9 4 8 3 7 10 
9 10 8 9 7 8 6 7 10 
8 8 6 7 4 6 2 5 10 
7 8 5 7 3 6 2 5 10 
8 10 6 9 4 8 2 7 10 
9 10 8 9 7 8 6 7 10 
8 10 7 9 6 8 5 7 10 
7 10 5 9 3 8 2 7 10 
5 6 4 5 3 4 2 3 10 
6 8 4 7 2 6 1 5 10 
7 8 5 7 3 6 1 5 10 
4 6 3 5 2 4 1 3 10 
6 8 5 7 4 6 3 5 10 
7 8 6 7 5 6 4 5 10 
SCORES_TXT_END_0
SCORES_TXT_BEGIN_0 15 100 9 BLEU
8 9 6 8 4 7 2 6 9 
7 9 4 8 2 7 0 6 9 
7 9 4 8 2 7 0 6 9 
6 10 3 9 1 8 0 7 9 
9 9 8 8 7 7 6 6 9 
6 10 3 9 1 8 0 7 9 
8 9 6 8 4 7 2 6 9 
8 9 6 8 4 7 2 6 9 
8 9 6 8 4 7 2 6 9 
7 10 5 9 3 8 2 7 9 
7 10 5 9 3 8 2 7 9 
7 9 4 8 2 7 0 6 9 
6 10 3 9 1 8 0 7 9 
7 9 4 8 2 7 0 6 9 
8 8 6 7 4 6 2 5 9 
8 11 5 10 3 9 2 8 9 
7 10 4 9 1 8 0 7 9 
8 10 5 9 3 8 2 7 9 
8 8 6 7 4 6 2 5 9 
6 10 3 9 1 8 0 7 9 
6 10 3 9 1 8 0 7 9 
7 8 4 7 2 6 0 5 9 
7 11 3 10 1 9 0 8 9 
7 11 3 10 1 9 0 8 9 
7 10 3 9 1 8 0 7 9 
8 13 5 12 3 11 2 10 9 
8 13 5 12 3 11 2 10 9 
7 8 4 7 2 6 0 5 9 
7 10 3 9 1 8 0 7 9 
6 9 3 8 1 7 0 6 9 
7 8 4 7 2 6 0 5 9 
6 12 2 11 0 10 0 9 9 
9 11 7 10 6 9 5 8 9 
6 11 2 10 0 9 0 8 9 
6 12 2 11 0 10 0 9 9 
6 9 3 8 1 7 0 6 9 
7 9 4 8 1 7 0 6 9 
7 13 3 12 1 11 0 10 9 
7 13 3 12 1 11 0 10 9 
9 10 7 9 6 8 5 7 9 
7 13 3 12 1 11 0 10 9 
7 13 3 12 1 11 0 10 9 
8 11 5 10 3 9 1 8 9 
7 9 5 8 3 7 2 6 9 
6 10 3 9 1 8 0 7 9 
6 9 3 8 1 7 0 6 9 
6 9 3 8 1 7 0 6 9 
6 11 2 10 0 9 0 8 9 
8 10 5 9 3 8 2 7 9 
7 10 4 9 2 8 0 7 9 
6 9 3 8 1 7 0 6 9 
8 10 6 9 4 8 3 7 9 
8 10 5 9 3 8 1 7 9 
8 11 5 10 3 9 1 8 9 
8 11 5 10 3 9 2 8 9 
8 12 5 11 3 10 2 9 9 
6 14 2 13 0 12 0 11 9 
6 14 2 13 0 12 0 11 9 
9 13 7 12 6 11 5 10 9 
9 13 7 12 6 11 5 10 9 
8 10 5 9 3 8 1 7 9 
7 10 5 9 3 8 2 7 9 
8 10 5 9 3 8 2 7 9 
6 14 2 13 0 12 0 11 9 
6 14 2 13 0 12 0 11 9 
7 9 5 8 3 7 2 6 9 
7 12 4 11 2 10 1 9 9 
8 12 5 11 3 10 2 9 9 
7 10 3 9 1 8 0 7 9 
7 9 5 8 3 7 2 6 9 
7 12 4 11 2 10 1 9 9 
8 13 5 12 3 11 1 10 9 
7 10 3 9 1 8 0 7 9 
8 13 5 12 3 11 1 10 9 
7 11 3 10 1 9 0 8 9 
7 12 3 11 1 10 0 9 9 
7 11 4 10 2 9 1 8 9 
7 10 5 9 3 8 2 7 9 
7 12 3 11 1 10 0 9 9 
7 11 4 10 2 9 1 8 9 
8 13 5 12 3 11 1 10 9 
7 10 3 9 1 8 0 7 9 
8 13 5 12 3 11 1 10 9 
8 13 5 12 3 11 2 10 9 
8 13 5 12 3 11 2 10 9 
7 10 4 9 1 8 0 7 9 
7 8 4 7 2 6 0 5 9 
7 8 5 7 3 6 2 5 9 
6 9 3 8 1 7 0 6 9 
6 11 2 10 0 9 0 8 9 
7 12 3 11 1 10 0 9 9 
7 9 5 8 3 7 2 6 9 
6 10 3 9 1 8 0 7 9 
9 10 7 9 6 8 5 7 9 
6 11 3 10 1 9 0 8 9 
7 12 3 11 1 10 0 9 9 
8 10 6 9 4 8 2 7 9 
6 12 2 11 0 10 0 9 9 
8 9 6 8 4 7 3 6 9 
6 8 3 7 1 6 0 5 9 
SCORES_TXT_END_0
SCORES_TXT_BEGIN_0 16 70 9 BLEU
13 13 12 12 11 11 10 10 13 
13 14 11 13 9 12 7 11 13 
12 12 10 11 8 10 6 9 13 
12 13 10 12 8 11 6 10 13 
12 13 10 12 9 11 8 10 13 
12 13 10 12 8 11 6 10 13 
12 13 10 12 8 11 6 10 13 
12 14 10 13 8 12 6 11 13 
12 13 11 12 10 11 9 10 13 
13 14 11 13 9 12 7 11 13 
11 12 9 11 7 10 5 9 13 
13 14 12 13 10 12 8 11 13 
12 13 10 12 7 11 5 10 13 
12 12 10 11 8 10 6 9 13 
12 13 10 12 8 11 6 10 13 
12 13 10 12 8 11 6 10 13 
13 15 11 14 9 13 7 12 13 
13 14 11 13 9 12 7 11 13 
13 13 9 12 7 11 5 10 13 
12 13 10 12 8 11 6 10 13 
11 12 9 11 6 10 4 9 13 
12 14 9 13 6 12 3 11 13 
13 13 9 12 6 11 4 10 13 
12 14 9 13 6 12 2 11 13 
12 13 10 12 8 11 6 10 13 
12 12 10 11 8 10 7 9 13 
13 13 9 12 6 11 3 10 13 
13 14 11 13 9 12 7 11 13 
13 14 10 13 6 12 4 11 13 
13 13 9 12 5 11 2 10 13 
12 13 10 12 7 11 5 10 13 
12 14 10 13 8 12 5 11 13 
13 15 11 14 9 13 7 12 13 
11 12 8 11 6 10 4 9 13 
12 17 11 16 10 15 9 14 13 
11 13 10 12 9 11 8 10 13 
12 14 10 13 8 12 6 11 13 
13 15 11 14 9 13 7 12 13 
12 17 11 16 10 15 9 14 13 
12 13 9 12 6 11 4 10 13 
12 13 10 12 7 11 5 10 13 
13 17 11 16 9 15 7 14 13 
13 13 9 12 6 11 3 10 13 
12 14 9 13 6 12 3 11 13 
13 15 11 14 10 13 9 12 13 
13 17 11 16 9 15 7 14 13 
11 12 9 11 7 10 6 9 13 
12 13 10 12 8 11 6 10 13 
12 13 9 12 6 11 3 10 13 
13 13 9 12 6 11 4 10 13 
13 13 9 12 6 11 3 10 13 
12 14 10 13 8 12 6 11 13 
13 13 9 12 6 11 3 10 13 
12 12 8 11 6 10 4 9 13 
13 14 11 13 9 12 7 11 13 
12 14 9 13 6 12 3 11 13 
13 14 11 13 9 12 7 11 13 
12 14 10 13 8 12 6 11 13 
11 14 9 13 7 12 5 11 13 
13 14 11 13 9 12 7 11 13 
12 15 11 14 10 13 9 12 13 
13 13 9 12 6 11 4 10 13 
13 14 10 13 6 12 3 11 13 
12 13 10 12 8 11 7 10 13 
13 14 10 13 6 12 3 11 13 
12 16 11 15 10 14 9 13 13 
13 16 11 15 9 14 7 13 13 
12 14 10 13 8 12 6 11 13 
12 16 11 15 10 14 9 13 13 
13 14 11 13 9 12 7 11 13 
SCORES_TXT_END_0
SCORES_TXT_BEGIN_0 17 100 9 BLEU
12 12 9 11 8 10 7 9 13 
13 14 12 13 11 12 10 11 13 
12 13 9 12 8 11 7 10 13 
13 13 9 12 8 11 7 10 13 
13 16 11 15 9 14 7 13 13 
13 16 11 15 9 14 7 13 13 
13 15 12 14 11 13 10 12 13 
13 13 10 12 8 11 7 10 13 
13 15 12 14 11 13 10 12 13 
12 13 9 12 8 11 7 10 13 
12 12 9 11 8 10 7 9 13 
13 17 11 16 9 15 7 14 13 
13 17 11 16 9 15 7 14 13 
13 14 9 13 8 12 7 11 13 
10 10 5 9 3 8 2 7 13 
13 17 11 16 9 15 7 14 13 
13 15 12 14 11 13 10 12 13 
13 17 11 16 9 15 7 14 13 
13 15 10 14 8 13 7 12 13 
13 15 10 14 8 13 7 12 13 
11 11 6 10 3 9 2 8 13 
10 10 6 9 4 8 2 7 13 
12 13 9 12 8 11 7 10 13 
13 14 10 13 8 12 7 11 13 
13 14 12 13 11 12 10 11 13 
10 10 5 9 3 8 2 7 13 
12 13 9 12 8 11 7 10 13 
12 14 9 13 8 12 7 11 13 
10 11 5 10 3 9 2 8 13 
12 13 9 12 8 11 7 10 13 
13 14 10 13 8 12 7 11 13 
10 10 5 9 3 8 2 7 13 
11 13 9 12 8 11 7 10 13 
13 17 11 16 9 15 7 14 13 
13 14 10 13 8 12 7 11 13 
11 12 8 11 7 10 6 9 13 
11 11 7 10 5 9 3 8 13 
13 15 11 14 9 13 7 12 13 
13 17 11 16 9 15 7 14 13 
12 13 9 12 8 11 7 10 13 
12 13 9 12 8 11 7 10 13 
13 16 12 15 11 14 10 13 13 
11 11 5 10 3 9 2 8 13 
11 12 8 11 6 10 5 9 13 
13 15 11 14 9 13 7 12 13 
13 14 9 13 8 12 7 11 13 
12 13 9 12 8 11 7 10 13 
11 13 8 12 7 11 6 10 13 
12 14 10 13 8 12 6 11 13 
11 12 6 11 3 10 2 9 13 
13 15 9 14 8 13 7 12 13 
10 11 5 10 3 9 2 8 13 
12 12 7 11 3 10 2 9 13 
9 10 4 9 3 8 2 7 13 
11 11 5 10 3 9 2 8 13 
12 13 10 12 8 11 7 10 13 
11 11 5 10 3 9 2 8 13 
13 15 9 14 8 13 7 12 13 
13 16 11 15 9 14 7 13 13 
13 13 10 12 9 11 8 10 13 
13 16 11 15 9 14 7 13 13 
13 15 11 14 9 13 7 12 13 
11 12 9 11 8 10 7 9 13 
11 13 9 12 8 11 7 10 13 
12 13 9 12 8 11 7 10 13 
12 14 9 13 8 12 7 11 13 
13 17 12 16 11 15 10 14 13 
10 11 6 10 4 9 2 8 13 
13 17 12 16 11 15 10 14 13 
13 13 8 12 6 11 4 10 13 
11 11 7 10 5 9 3 8 13 
10 11 5 10 3 9 2 8 13 
13 14 9 13 8 12 7 11 13 
9 10 4 9 3 8 2 7 13 
10 11 5 10 3 9 2 8 13 
11 13 8 12 6 11 5 10 13 
10 10 4 9 3 8 2 7 13 
13 18 11 17 9 16 7 15 13 
11 12 9 11 7 10 5 9 13 
11 11 6 10 3 9 2 8 13 
12 15 10 14 8 13 6 12 13 
12 14 9 13 8 12 7 11 13 
13 18 11 17 9 16 7 15 13 
13 15 12 14 11 13 10 12 13 
12 13 9 12 8 11 7 10 13 
11 11 6 10 3 9 2 8 13 
12 12 6 11 3 10 2 9 13 
13 16 12 15 11 14 10 13 13 
10 11 5 10 3 9 2 8 13 
11 11 4 10 3 9 2 8 13 
13 14 9 13 8 12 7 11 13 
11 14 7 13 4 12 2 11 13 
11 12 7 11 5 10 3 9 13 
13 14 9 13 8 12 7 11 13 
12 14 7 13 4 12 2 11 13 
11 13 8 12 6 11 5 10 13 
10 11 5 10 4 9 3 8 13 
13 14 9 13 8 12 7 11 13 
11 11 6 10 4 9 2 8 13 
13 16 12 15 11 14 10 13 13 
SCORES_TXT_END_0
SCORES_TXT_BEGIN_0 18 54 9 BLEU
5 5 4 4 3 3 2 2 5 
4 5 3 4 2 3 1 2 5 
4 9 3 8 2 7 1 6 5 
4 9 3 8 2 7 1 6 5 
5 7 3 6 2 5 1 4 5 
4 7 3 6 2 5 1 4 5 
4 8 3 7 2 6 1 5 5 
4 8 3 7 2 6 1 5 5 
5 6 3 5 2 4 1 3 5 
4 6 3 5 2 4 1 3 5 
5 5 2 4 1 3 0 2 5 
5 5 2 4 1 3 0 2 5 
4 5 2 4 1 3 0 2 5 
4 5 2 4 1 3 0 2 5 
4 7 2 6 1 5 0 4 5 
5 5 3 4 2 3 1 2 5 
4 5 3 4 2 3 1 2 5 
4 9 2 8 1 7 0 6 5 
4 9 2 8 1 7 0 6 5 
5 7 2 6 1 5 0 4 5 
5 7 2 6 1 5 0 4 5 
4 8 2 7 1 6 0 5 5 
4 8 2 7 1 6 0 5 5 
4 7 2 6 1 5 0 4 5 
4 6 2 5 1 4 0 3 5 
5 6 3 5 2 4 1 3 5 
5 5 3 4 1 3 0 2 5 
5 6 2 5 1 4 0 3 5 
5 6 2 5 1 4 0 3 5 
4 9 2 8 1 7 0 6 5 
5 5 2 4 1 3 0 2 5 
4 9 2 8 1 7 0 6 5 
5 7 3 6 2 5 1 4 5 
4 8 2 7 1 6 0 5 5 
4 8 2 7 1 6 0 5 5 
4 5 2 4 1 3 0 2 5 
4 7 3 6 2 5 1 4 5 
4 5 2 4 1 3 0 2 5 
4 6 3 5 2 4 1 3 5 
4 6 2 5 1 4 0 3 5 
4 9 3 8 2 7 1 6 5 
4 9 3 8 2 7 1 6 5 
5 7 2 6 1 5 0 4 5 
4 8 3 7 2 6 1 5 5 
4 8 3 7 2 6 1 5 5 
5 6 2 5 1 4 0 3 5 
5 7 2 6 1 5 0 4 5 
4 7 2 6 1 5 0 4 5 
4 6 2 5 1 4 0 3 5 
5 6 2 5 1 4 0 3 5 
4 9 2 8 1 7 0 6 5 
4 9 2 8 1 7 0 6 5 
4 8 2 7 1 6 0 5 5 
4 8 2 7 1 6 0 5 5 
SCORES_TXT_END_0
SCORES_TXT_BEGIN_0 19 100 9 BLEU
8 8 7 7 6 6 5 5 8 
8 9 6 8 4 7 2 6 8 
7 8 5 7 3 6 1 5 8 
7 8 5 7 3 6 1 5 8 
7 9 4 8 2 7 0 6 8 
6 8 4 7 2 6 1 5 8 
7 9 4 8 2 7 0 6 8 
6 8 4 7 2 6 1 5 8 
6 9 3 8 1 7 0 6 8 
7 8 5 7 3 6 2 5 8 
6 9 3 8 1 7 0 6 8 
7 9 4 8 1 7 0 6 8 
8 10 6 9 5 8 4 7 8 
8 9 6 8 5 7 4 6 8 
8 11 5 10 3 9 2 8 8 
7 10 4 9 2 8 0 7 8 
7 10 4 9 2 8 0 7 8 
8 10 5 9 3 8 2 7 8 
7 9 4 8 2 7 0 6 8 
7 9 4 8 2 7 0 6 8 
7 11 3 10 1 9 0 8 8 
8 12 6 11 5 10 4 9 8 
8 12 6 11 5 10 4 9 8 
6 10 3 9 1 8 0 7 8 
7 10 3 9 1 8 0 7 8 
8 10 6 9 4 8 2 7 8 
8 13 5 12 3 11 2 10 8 
8 13 5 12 3 11 2 10 8 
6 9 3 8 1 7 0 6 8 
7 12 4 11 2 10 0 9 8 
7 12 4 11 2 10 0 9 8 
7 11 3 10 1 9 0 8 8 
7 12 4 11 2 10 0 9 8 
7 12 4 11 2 10 0 9 8 
7 10 3 9 1 8 0 7 8 
6 10 3 9 1 8 0 7 8 
7 13 3 12 1 11 0 10 8 
7 13 3 12 1 11 0 10 8 
6 11 2 10 0 9 0 8 8 
6 9 3 8 1 7 0 6 8 
8 9 6 8 5 7 4 6 8 
6 12 3 11 1 10 0 9 8 
6 12 3 11 1 10 0 9 8 
7 10 4 9 2 8 1 7 8 
6 11 2 10 0 9 0 8 8 
8 11 6 10 5 9 4 8 8 
7 10 4 9 2 8 0 7 8 
6 10 2 9 0 8 0 7 8 
8 10 5 9 3 8 2 7 8 
7 9 4 8 2 7 1 6 8 
7 13 3 12 1 11 0 10 8 
7 13 3 12 1 11 0 10 8 
6 10 2 9 0 8 0 7 8 
7 9 4 8 2 7 0 6 8 
7 8 6 7 5 6 4 5 8 
7 8 6 7 5 6 4 5 8 
5 8 3 7 2 6 1 5 8 
8 12 5 11 3 10 2 9 8 
7 9 4 8 2 7 0 6 8 
7 11 3 10 0 9 0 8 8 
7 11 4 10 2 9 0 8 8 
7 8 6 7 5 6 4 5 8 
7 9 4 8 2 7 1 6 8 
7 9 5 8 3 7 1 6 8 
8 11 6 10 5 9 4 8 8 
6 12 3 11 1 10 0 9 8 
6 12 3 11 1 10 0 9 8 
7 11 4 10 2 9 0 8 8 
7 9 5 8 3 7 1 6 8 
7 10 4 9 2 8 0 7 8 
7 8 6 7 5 6 4 5 8 
5 8 3 7 2 6 1 5 8 
8 9 7 8 5 7 4 6 8 
7 10 3 9 0 8 0 7 8 
6 9 4 8 2 7 1 6 8 
7 10 3 9 1 8 0 7 8 
7 9 5 8 3 7 1 6 8 
6 8 4 7 2 6 1 5 8 
6 13 2 12 0 11 0 10 8 
6 13 2 12 0 11 0 10 8 
7 9 5 8 3 7 1 6 8 
7 10 3 9 1 8 0 7 8 
8 12 5 11 3 10 2 9 8 
6 8 4 7 2 6 1 5 8 
8 10 6 9 3 8 1 7 8 
6 8 4 7 2 6 1 5 8 
6 8 4 7 3 6 2 5 8 
7 12 3 11 1 10 0 9 8 
7 12 4 11 2 10 1 9 8 
6 9 3 8 1 7 0 6 8 
7 10 4 9 2 8 0 7 8 
7 12 4 11 2 10 1 9 8 
7 11 4 10 2 9 0 8 8 
7 9 5 8 3 7 1 6 8 
6 9 3 8 1 7 0 6 8 
6 8 2 7 1 6 0 5 8 
6 13 2 12 0 11 0 10 8 
5 8 3 7 2 6 1 5 8 
6 13 2 12 0 11 0 10 8 
6 8 4 7 2 6 1 5 8 
SCORES_TXT_END_0
SCORES_TXT_BEGIN_0 20 100 9 BLEU
10 11 9 10 8 9 7 8 10 
9 11 7 10 5 9 3 8 10 
6 7 4 6 3 5 2 4 10 
9 11 8 10 7 9 6 8 10 
8 11 6 10 4 9 3 8 10 
7 9 5 8 3 7 2 6 10 
10 12 9 11 8 10 7 9 10 
9 12 7 11 5 10 3 9 10 
6 8 4 7 3 6 2 5 10 
8 9 6 8 4 7 2 6 10 
10 12 9 11 8 10 7 9 10 
9 12 8 11 7 10 6 9 10 
8 12 6 11 4 10 3 9 10 
9 12 7 11 5 10 3 9 10 
7 8 4 7 3 6 2 5 10 
10 11 8 10 6 9 4 8 10 
9 12 8 11 7 10 6 9 10 
8 12 6 11 4 10 3 9 10 
10 12 9 11 8 10 7 9 10 
7 10 5 9 3 8 2 7 10 
9 12 7 11 5 10 3 9 10 
6 7 3 6 1 5 0 4 10 
7 8 5 7 3 6 2 5 10 
9 11 6 10 3 9 0 8 10 
6 7 3 6 2 5 1 4 10 
8 9 6 8 5 7 4 6 10 
7 9 5 8 4 7 3 6 10 
9 11 7 10 5 9 3 8 10 
8 11 5 10 2 9 0 8 10 
8 12 6 11 4 10 3 9 10 
9 12 8 11 7 10 6 9 10 
7 10 5 9 3 8 2 7 10 
7 8 4 7 2 6 1 5 10 
9 10 7 9 6 8 5 7 10 
8 10 6 9 4 8 2 7 10 
7 7 4 6 3 5 2 4 10 
10 11 9 10 8 9 7 8 10 
10 11 8 10 6 9 4 8 10 
8 12 5 11 2 10 0 9 10 
7 8 5 7 4 6 3 5 10 
10 12 8 11 6 10 4 9 10 
9 11 6 10 3 9 1 8 10 
6 7 3 6 2 5 1 4 10 
10 11 9 10 8 9 7 8 10 
7 8 4 7 3 6 2 5 10 
7 9 4 8 1 7 0 6 10 
9 11 7 10 5 9 3 8 10 
6 7 4 6 3 5 2 4 10 
10 13 9 12 8 11 7 10 10 
7 10 5 9 3 8 2 7 10 
8 10 6 9 4 8 2 7 10 
7 8 4 7 1 6 0 5 10 
7 8 3 7 1 6 0 5 10 
10 12 8 11 6 10 4 9 10 
8 13 5 12 2 11 0 10 10 
10 11 8 10 6 9 4 8 10 
9 13 7 12 5 11 3 10 10 
9 12 6 11 3 10 0 9 10 
7 9 4 8 3 7 2 6 10 
8 10 5 9 4 8 3 7 10 
7 9 4 8 2 7 1 6 10 
9 12 6 11 3 10 1 9 10 
10 12 8 11 6 10 4 9 10 
9 11 8 10 7 9 6 8 10 
8 11 6 10 4 9 3 8 10 
8 11 5 10 2 9 1 8 10 
9 11 7 10 5 9 3 8 10 
10 12 8 11 6 10 4 9 10 
9 12 6 11 3 10 0 9 10 
9 9 6 8 5 7 4 6 10 
9 12 7 11 5 10 3 9 10 
6 7 3 6 1 5 0 4 10 
8 12 5 11 2 10 0 9 10 
10 11 8 10 6 9 4 8 10 
10 14 9 13 8 12 7 11 10 
8 12 5 11 2 10 0 9 10 
8 10 6 9 5 8 4 7 10 
9 11 7 10 5 9 3 8 10 
10 14 9 13 8 12 7 11 10 
8 9 4 8 1 7 0 6 10 
9 13 8 12 7 11 6 10 10 
8 13 6 12 4 11 3 10 10 
9 11 6 10 3 9 0 8 10 
9 11 6 10 3 9 1 8 10 
8 9 5 8 2 7 0 6 10 
8 9 5 8 4 7 3 6 10 
7 8 3 7 1 6 0 5 10 
7 10 4 9 2 8 1 7 10 
9 14 7 13 5 12 3 11 10 
10 12 9 11 8 10 7 9 10 
10 13 8 12 6 11 4 10 10 
9 12 6 11 3 10 0 9 10 
10 10 7 9 6 8 5 7 10 
10 14 9 13 7 12 4 11 10 
7 10 5 9 4 8 3 7 10 
8 12 5 11 2 10 1 9 10 
8 10 5 9 3 8 2 7 10 
9 12 7 11 5 10 3 9 10 
8 10 6 9 4 8 2 7 10 
9 10 7 9 5 8 3 7 10 
SCORES_TXT_END_0
SCORES_TXT_BEGIN_0 21 100 9 BLEU
6 6 5 5 4 4 3 3 6 
6 7 4 6 2 5 1 4 6 
5 6 4 5 3 4 2 3 6 
6 7 3 6 1 5 0 4 6 
5 10 4 9 3 8 2 7 6 
5 10 4 9 3 8 2 7 6 
5 7 3 6 1 5 0 4 6 
5 9 3 8 1 7 0 6 6 
6 8 4 7 3 6 2 5 6 
5 8 4 7 3 6 2 5 6 
5 9 4 8 3 7 2 6 6 
5 9 4 8 3 7 2 6 6 
6 6 3 5 1 4 0 3 6 
6 6 3 5 1 4 0 3 6 
5 6 3 5 1 4 0 3 6 
6 7 4 6 2 5 1 4 6 
6 9 3 8 1 7 0 6 6 
6 6 2 5 1 4 0 3 6 
5 6 3 5 1 4 0 3 6 
6 6 3 5 2 4 1 3 6 
6 8 4 7 2 6 1 5 6 
5 8 3 7 1 6 0 5 6 
6 6 2 5 1 4 0 3 6 
6 7 3 6 2 5 1 4 6 
5 6 3 5 1 4 0 3 6 
6 7 4 6 3 5 2 4 6 
6 6 3 5 1 4 0 3 6 
6 7 2 6 1 5 0 4 6 
6 7 3 6 0 5 0 4 6 
6 7 3 6 1 5 0 4 6 
6 6 3 5 2 4 1 3 6 
6 6 3 5 2 4 1 3 6 
5 7 3 6 1 5 0 4 6 
5 7 4 6 3 5 2 4 6 
5 6 2 5 0 4 0 3 6 
6 6 2 5 0 4 0 3 6 
5 6 2 5 1 4 0 3 6 
6 6 2 5 0 4 0 3 6 
5 6 2 5 1 4 0 3 6 
5 8 2 7 1 6 0 5 6 
6 7 4 6 2 5 1 4 6 
5 6 2 5 1 4 0 3 6 
5 6 2 5 1 4 0 3 6 
6 7 2 6 0 5 0 4 6 
4 6 2 5 0 4 0 3 6 
6 8 3 7 1 6 0 5 6 
5 7 2 6 1 5 0 4 6 
6 6 3 5 1 4 0 3 6 
6 6 2 5 1 4 0 3 6 
6 6 3 5 1 4 0 3 6 
4 8 2 7 0 6 0 5 6 
5 9 2 8 1 7 0 6 6 
6 8 4 7 2 6 1 5 6 
5 6 3 5 2 4 1 3 6 
5 11 3 10 1 9 0 8 6 
5 6 3 5 2 4 1 3 6 
5 11 3 10 1 9 0 8 6 
5 11 3 10 1 9 0 8 6 
5 11 3 10 1 9 0 8 6 
5 6 2 5 0 4 0 3 6 
6 7 2 6 1 5 0 4 6 
6 6 2 5 1 4 0 3 6 
6 7 4 6 2 5 1 4 6 
5 8 3 7 2 6 1 5 6 
6 7 2 6 1 5 0 4 6 
5 8 3 7 2 6 1 5 6 
5 6 2 5 0 4 0 3 6 
6 9 3 8 1 7 0 6 6 
6 6 2 5 1 4 0 3 6 
6 6 3 5 0 4 0 3 6 
6 7 2 6 0 5 0 4 6 
5 10 3 9 1 8 0 7 6 
6 6 2 5 0 4 0 3 6 
6 6 3 5 1 4 0 3 6 
5 10 3 9 1 8 0 7 6 
6 7 1 6 0 5 0 4 6 
5 6 2 5 1 4 0 3 6 
5 7 3 6 1 5 0 4 6 
5 10 2 9 1 8 0 7 6 
6 6 4 5 3 4 2 3 6 
5 10 2 9 1 8 0 7 6 
6 6 2 5 1 4 0 3 6 
6 8 3 7 1 6 0 5 6 
5 9 3 8 1 7 0 6 6 
5 6 2 5 0 4 0 3 6 
6 6 3 5 1 4 0 3 6 
6 8 2 7 1 6 0 5 6 
6 7 3 6 2 5 1 4 6 
5 9 2 8 1 7 0 6 6 
5 6 2 5 0 4 0 3 6 
5 10 3 9 1 8 0 7 6 
5 9 2 8 1 7 0 6 6 
5 7 2 6 1 5 0 4 6 
6 6 3 5 2 4 1 3 6 
5 8 2 7 1 6 0 5 6 
6 6 3 5 1 4 0 3 6 
5 10 3 9 1 8 0 7 6 
6 6 2 5 0 4 0 3 6 
6 6 2 5 0 4 0 3 6 
6 7 3 6 2 5 1 4 6 
SCORES_TXT_END_0
SCORES_TXT_BEGIN_0 22 53 9 BLEU
12 12 8 11 6 10 4 9 12 
12 13 10 12 8 11 6 10 12 
11 12 7 11 5 10 3 9 12 
11 13 9 12 7 11 5 10 12 
12 13 10 12 8 11 6 10 12 
12 12 8 11 6 10 4 9 12 
12 14 8 13 6 12 4 11 12 
12 13 10 12 8 11 6 10 12 
11 13 9 12 7 11 5 10 12 
12 16 8 15 6 14 4 13 12 
12 16 8 15 6 14 4 13 12 
12 13 10 12 8 11 6 10 12 
11 14 7 13 5 12 3 11 12 
11 12 7 11 5 10 3 9 12 
12 12 8 11 6 10 4 9 12 
12 13 10 12 8 11 6 10 12 
11 13 9 12 8 11 7 10 12 
11 13 7 12 5 11 4 10 12 
12 12 8 11 6 10 4 9 12 
12 14 8 13 6 12 4 11 12 
12 12 8 11 6 10 5 9 12 
12 13 10 12 8 11 7 10 12 
11 13 9 12 7 11 5 10 12 
11 12 7 11 6 10 5 9 12 
12 14 10 13 8 12 6 11 12 
11 16 7 15 5 14 3 13 12 
11 16 7 15 5 14 3 13 12 
11 13 9 12 7 11 5 10 12 
12 12 7 11 5 10 4 9 12 
11 13 9 12 7 11 6 10 12 
12 13 8 12 6 11 4 10 12 
11 15 7 14 5 13 4 12 12 
11 12 7 11 5 10 4 9 12 
11 13 9 12 7 11 5 10 12 
12 12 8 11 6 10 5 9 12 
12 14 10 13 8 12 6 11 12 
11 12 7 11 5 10 4 9 12 
11 13 9 12 7 11 5 10 12 
12 13 11 12 10 11 9 10 12 
10 13 6 12 4 11 3 10 12 
11 12 7 11 5 10 3 9 12 
12 13 10 12 8 11 6 10 12 
12 12 8 11 7 10 6 9 12 
12 16 8 15 6 14 4 13 12 
12 16 8 15 6 14 4 13 12 
11 13 9 12 7 11 5 10 12 
12 14 10 13 8 12 6 11 12 
12 14 11 13 9 12 7 11 12 
11 12 7 11 5 10 4 9 12 
12 14 10 13 7 12 5 11 12 
12 12 9 11 8 10 7 9 12 
11 12 7 11 5 10 3 9 12 
12 13 8 12 6 11 4 10 12 
SCORES_TXT_END_0
SCORES_TXT_BEGIN_0 23 49 9 BLEU
7 10 5 9 4 8 3 7 8 
8 10 6 9 5 8 4 7 8 
6 10 5 9 4 8 3 7 8 
8 8 7 7 6 6 5 5 8 
7 11 5 10 4 9 3 8 8 
7 8 5 7 4 6 3 5 8 
7 10 6 9 5 8 4 7 8 
6 12 5 11 4 10 3 9 8 
6 12 5 11 4 10 3 9 8 
7 12 5 11 4 10 3 9 8 
6 11 5 10 4 9 3 8 8 
7 12 5 11 4 10 3 9 8 
7 9 5 8 4 7 3 6 8 
6 13 5 12 4 11 3 10 8 
6 13 5 12 4 11 3 10 8 
7 13 5 12 4 11 3 10 8 
7 12 6 11 5 10 4 9 8 
7 12 6 11 5 10 4 9 8 
7 13 5 12 4 11 3 10 8 
7 11 5 10 4 9 3 8 8 
8 12 6 11 5 10 4 9 8 
7 11 6 10 5 9 4 8 8 
8 11 6 10 4 9 3 8 8 
8 12 6 11 5 10 4 9 8 
8 11 5 10 4 9 3 8 8 
7 11 6 10 5 9 4 8 8 
8 9 7 8 5 7 3 6 8 
8 11 6 10 5 9 4 8 8 
8 9 6 8 4 7 3 6 8 
6 11 5 10 4 9 3 8 8 
7 11 6 10 5 9 4 8 8 
7 9 5 8 4 7 3 6 8 
8 11 6 10 5 9 4 8 8 
7 11 5 10 4 9 3 8 8 
8 11 6 10 5 9 4 8 8 
7 11 6 10 4 9 3 8 8 
7 9 5 8 4 7 3 6 8 
7 11 5 10 4 9 3 8 8 
7 9 5 8 4 7 3 6 8 
6 11 5 10 4 9 3 8 8 
8 12 6 11 4 10 3 9 8 
8 9 6 8 5 7 4 6 8 
6 11 5 10 4 9 3 8 8 
8 11 6 10 5 9 4 8 8 
7 11 4 10 3 9 2 8 8 
8 10 7 9 5 8 3 7 8 
6 13 5 12 4 11 3 10 8 
6 13 5 12 4 11 3 10 8 
7 13 5 12 4 11 3 10 8 
SCORES_TXT_END_0
SCORES_TXT_BEGIN_0 24 100 9 BLEU
6 6 5 5 4 4 3 3 6 
5 6 4 5 3 4 2 3 6 
5 5 3 4 2 3 1 2 6 
5 10 4 9 3 8 2 7 6 
5 10 4 9 3 8 2 7 6 
6 8 4 7 3 6 2 5 6 
5 8 4 7 3 6 2 5 6 
4 5 2 4 1 3 0 2 6 
4 9 2 8 1 7 0 6 6 
4 9 2 8 1 7 0 6 6 
5 7 2 6 1 5 0 4 6 
4 7 2 6 1 5 0 4 6 
6 7 4 6 3 5 2 4 6 
5 9 4 8 3 7 2 6 6 
5 9 4 8 3 7 2 6 6 
5 7 4 6 3 5 2 4 6 
5 7 4 6 3 5 2 4 6 
5 6 3 5 1 4 0 3 6 
6 7 4 6 3 5 2 4 6 
6 7 4 6 3 5 2 4 6 
5 7 4 6 3 5 2 4 6 
6 9 4 8 3 7 2 6 6 
6 6 2 5 1 4 0 3 6 
5 6 2 5 1 4 0 3 6 
4 8 2 7 1 6 0 5 6 
6 6 2 5 1 4 0 3 6 
5 11 4 10 3 9 2 8 6 
5 11 4 10 3 9 2 8 6 
4 8 2 7 1 6 0 5 6 
5 11 4 10 3 9 2 8 6 
5 11 4 10 3 9 2 8 6 
5 9 4 8 3 7 2 6 6 
6 9 4 8 3 7 2 6 6 
4 6 2 5 1 4 0 3 6 
5 9 4 8 3 7 2 6 6 
4 6 2 5 1 4 0 3 6 
5 10 4 9 3 8 2 7 6 
4 6 2 5 1 4 0 3 6 
5 10 4 9 3 8 2 7 6 
4 8 2 7 1 6 0 5 6 
4 5 1 4 0 3 0 2 6 
5 6 2 5 1 4 0 3 6 
6 7 2 6 1 5 0 4 6 
5 8 2 7 1 6 0 5 6 
5 6 2 5 1 4 0 3 6 
5 5 2 4 1 3 0 2 6 
4 10 2 9 1 8 0 7 6 
5 6 2 5 1 4 0 3 6 
6 6 3 5 2 4 1 3 6 
4 10 2 9 1 8 0 7 6 
5 5 1 4 0 3 0 2 6 
5 5 0 4 0 3 0 2 6 
4 5 0 4 0 3 0 2 6 
6 6 3 5 2 4 1 3 6 
5 6 2 5 1 4 0 3 6 
5 5 2 4 1 3 0 2 6 
4 6 2 5 1 4 0 3 6 
5 8 2 7 1 6 0 5 6 
6 6 3 5 2 4 1 3 6 
6 6 2 5 1 4 0 3 6 
5 6 3 5 2 4 1 3 6 
5 5 1 4 0 3 0 2 6 
5 8 2 7 1 6 0 5 6 
6 8 4 7 3 6 2 5 6 
5 8 2 7 1 6 0 5 6 
5 10 2 9 1 8 0 7 6 
4 8 2 7 1 6 0 5 6 
5 10 2 9 1 8 0 7 6 
5 7 2 6 1 5 0 4 6 
4 10 2 9 1 8 0 7 6 
3 5 0 4 0 3 0 2 6 
4 5 1 4 0 3 0 2 6 
4 10 2 9 1 8 0 7 6 
4 5 0 4 0 3 0 2 6 
3 5 0 4 0 3 0 2 6 
5 10 2 9 1 8 0 7 6 
5 10 2 9 1 8 0 7 6 
4 10 2 9 1 8 0 7 6 
4 5 0 4 0 3 0 2 6 
6 6 3 5 1 4 0 3 6 
5 10 4 9 3 8 2 7 6 
4 10 2 9 1 8 0 7 6 
4 8 2 7 1 6 0 5 6 
6 7 2 6 1 5 0 4 6 
6 8 2 7 1 6 0 5 6 
5 5 0 4 0 3 0 2 6 
5 9 2 8 1 7 0 6 6 
5 9 2 8 1 7 0 6 6 
5 5 1 4 0 3 0 2 6 
5 10 4 9 3 8 2 7 6 
6 8 2 7 1 6 0 5 6 
5 7 2 6 1 5 0 4 6 
5 9 2 8 1 7 0 6 6 
5 5 1 4 0 3 0 2 6 
3 7 0 6 0 5 0 4 6 
6 6 3 5 1 4 0 3 6 
4 5 0 4 0 3 0 2 6 
5 8 4 7 3 6 2 5 6 
5 6 3 5 2 4 1 3 6 
5 5 1 4 0 3 0 2 6 
SCORES_TXT_END_0
SCORES_TXT_BEGIN_0 25 100 9 BLEU
7 7 6 6 5 5 4 4 7 
7 8 5 7 3 6 2 5 7 
7 9 5 8 3 7 2 6 7 
7 10 5 9 3 8 2 7 7 
6 7 4 6 3 5 2 4 7 
6 7 5 6 4 5 3 4 7 
6 8 4 7 3 6 2 5 7 
7 8 5 7 3 6 1 5 7 
6 11 5 10 4 9 3 8 7 
6 11 5 10 4 9 3 8 7 
5 7 4 6 3 5 2 4 7 
7 8 5 7 3 6 2 5 7 
7 9 5 8 4 7 3 6 7 
6 8 4 7 3 6 2 5 7 
6 9 5 8 4 7 3 6 7 
5 8 4 7 3 6 2 5 7 
7 8 5 7 3 6 2 5 7 
6 10 5 9 4 8 3 7 7 
7 10 4 9 2 8 1 7 7 
6 10 5 9 4 8 3 7 7 
7 8 5 7 3 6 2 5 7 
7 8 5 7 4 6 3 5 7 
5 11 4 10 3 9 2 8 7 
5 11 4 10 3 9 2 8 7 
7 8 5 7 3 6 2 5 7 
6 7 4 6 2 5 0 4 7 
6 9 4 8 3 7 2 6 7 
7 8 5 7 4 6 3 5 7 
7 9 4 8 2 7 1 6 7 
7 9 5 8 3 7 2 6 7 
5 9 4 8 3 7 2 6 7 
7 8 5 7 3 6 2 5 7 
5 12 4 11 3 10 2 9 7 
5 12 4 11 3 10 2 9 7 
6 8 3 7 2 6 1 5 7 
6 8 4 7 3 6 2 5 7 
7 8 5 7 4 6 3 5 7 
5 8 4 7 3 6 2 5 7 
7 9 5 8 3 7 2 6 7 
6 8 4 7 3 6 2 5 7 
6 9 4 8 3 7 2 6 7 
6 9 4 8 3 7 2 6 7 
6 10 4 9 3 8 2 7 7 
6 7 4 6 2 5 0 4 7 
6 8 4 7 3 6 2 5 7 
6 8 4 7 3 6 2 5 7 
6 7 4 6 2 5 0 4 7 
5 10 4 9 3 8 2 7 7 
7 8 6 7 5 6 4 5 7 
7 8 5 7 4 6 3 5 7 
6 8 5 7 4 6 3 5 7 
5 10 4 9 3 8 2 7 7 
7 8 5 7 3 6 1 5 7 
6 7 3 6 2 5 1 4 7 
7 7 3 6 2 5 1 4 7 
6 8 4 7 3 6 2 5 7 
5 10 4 9 3 8 2 7 7 
7 9 5 8 3 7 2 6 7 
7 8 5 7 4 6 3 5 7 
6 8 4 7 3 6 2 5 7 
7 8 5 7 3 6 2 5 7 
6 10 5 9 4 8 3 7 7 
7 8 5 7 4 6 3 5 7 
6 9 3 8 1 7 0 6 7 
6 8 5 7 4 6 3 5 7 
7 11 4 10 2 9 1 8 7 
6 8 5 7 4 6 3 5 7 
6 8 3 7 2 6 1 5 7 
7 9 5 8 3 7 2 6 7 
7 9 5 8 3 7 2 6 7 
5 12 4 11 3 10 2 9 7 
6 8 4 7 2 6 1 5 7 
5 12 4 11 3 10 2 9 7 
7 8 5 7 4 6 3 5 7 
5 11 4 10 3 9 2 8 7 
6 10 5 9 4 8 3 7 7 
5 11 4 10 3 9 2 8 7 
7 9 5 8 4 7 3 6 7 
6 10 4 9 3 8 2 7 7 
7 8 5 7 3 6 1 5 7 
6 10 4 9 3 8 2 7 7 
6 8 5 7 4 6 3 5 7 
7 8 6 7 5 6 4 5 7 
7 8 5 7 4 6 3 5 7 
6 9 4 8 3 7 2 6 7 
6 10 4 9 3 8 2 7 7 
6 9 4 8 3 7 2 6 7 
6 12 4 11 3 10 2 9 7 
6 13 4 12 3 11 2 10 7 
6 12 4 11 3 10 2 9 7 
6 13 4 12 3 11 2 10 7 
7 8 5 7 3 6 1 5 7 
7 9 5 8 3 7 1 6 7 
6 8 4 7 3 6 2 5 7 
6 8 4 7 3 6 2 5 7 
7 9 5 8 3 7 2 6 7 
5 8 4 7 3 6 2 5 7 
7 9 5 8 3 7 2 6 7 
7 9 5 8 3 7 2 6 7 
6 10 5 9 4 8 3 7 7 
SCORES_TXT_END_0
SCORES_TXT_BEGIN_0 26 100 9 BLEU
9 9 8 8 7 7 6 6 9 
9 11 7 10 6 9 5 8 9 
8 14 6 13 5 12 4 11 9 
8 10 6 9 5 8 4 7 9 
8 14 6 13 5 12 4 11 9 
9 10 7 9 6 8 5 7 9 
8 12 6 11 5 10 4 9 9 
9 13 7 12 6 11 5 10 9 
9 13 7 12 6 11 5 10 9 
9 10 7 9 6 8 5 7 9 
9 12 7 11 6 10 5 9 9 
8 9 6 8 5 7 4 6 9 
9 12 7 11 6 10 5 9 9 
8 11 6 10 5 9 4 8 9 
8 11 6 10 5 9 4 8 9 
8 11 6 10 5 9 4 8 9 
9 9 5 8 3 7 2 6 9 
7 10 6 9 5 8 4 7 9 
8 9 7 8 6 7 5 6 9 
8 10 6 9 5 8 4 7 9 
8 12 6 11 5 10 4 9 9 
8 10 6 9 5 8 4 7 9 
8 9 5 8 3 7 2 6 9 
7 7 5 6 3 5 1 4 9 
8 12 6 11 5 10 4 9 9 
9 10 7 9 6 8 5 7 9 
8 13 6 12 5 11 4 10 9 
8 9 6 8 4 7 2 6 9 
8 12 6 11 5 10 4 9 9 
9 11 5 10 3 9 2 8 9 
9 10 7 9 6 8 5 7 9 
8 12 6 11 5 10 4 9 9 
7 11 6 10 5 9 4 8 9 
8 11 6 10 5 9 4 8 9 
8 13 6 12 5 11 4 10 9 
8 13 6 12 5 11 4 10 9 
7 9 4 8 2 7 0 6 9 
8 13 6 12 5 11 4 10 9 
9 10 7 9 5 8 4 7 9 
6 7 4 6 2 5 1 4 9 
8 8 6 7 4 6 2 5 9 
8 11 5 10 3 9 2 8 9 
9 12 7 11 6 10 5 9 9 
8 15 6 14 5 13 4 12 9 
8 15 6 14 5 13 4 12 9 
9 10 7 9 6 8 5 7 9 
8 11 5 10 3 9 2 8 9 
8 13 6 12 5 11 4 10 9 
8 13 6 12 5 11 4 10 9 
8 11 6 10 5 9 4 8 9 
9 10 7 9 6 8 5 7 9 
8 13 6 12 5 11 4 10 9 
7 8 5 7 3 6 1 5 9 
6 7 4 6 2 5 0 4 9 
8 10 5 9 3 8 1 7 9 
6 9 3 8 1 7 0 6 9 
8 9 5 8 3 7 2 6 9 
9 9 5 8 3 7 2 6 9 
9 9 5 8 4 7 3 6 9 
8 10 4 9 3 8 2 7 9 
8 13 6 12 5 11 4 10 9 
8 10 6 9 5 8 4 7 9 
8 10 5 9 4 8 3 7 9 
8 16 6 15 5 14 4 13 9 
8 15 6 14 5 13 4 12 9 
8 10 5 9 3 8 2 7 9 
8 9 5 8 4 7 3 6 9 
8 16 6 15 5 14 4 13 9 
9 10 5 9 3 8 2 7 9 
8 13 6 12 5 11 4 10 9 
9 11 7 10 6 9 5 8 9 
8 12 6 11 5 10 4 9 9 
8 14 6 13 5 12 4 11 9 
8 14 6 13 5 12 4 11 9 
9 10 7 9 5 8 4 7 9 
7 12 3 11 1 10 0 9 9 
7 10 4 9 2 8 0 7 9 
9 10 7 9 5 8 4 7 9 
7 8 5 7 3 6 1 5 9 
8 15 6 14 5 13 4 12 9 
8 15 6 14 5 13 4 12 9 
8 12 6 11 5 10 4 9 9 
9 12 7 11 6 10 5 9 9 
7 11 6 10 5 9 4 8 9 
5 7 3 6 1 5 0 4 9 
9 12 7 11 6 10 5 9 9 
8 11 6 10 5 9 4 8 9 
8 10 7 9 6 8 5 7 9 
9 13 5 12 3 11 2 10 9 
9 13 5 12 3 11 2 10 9 
6 9 3 8 1 7 0 6 9 
8 12 6 11 5 10 4 9 9 
8 16 6 15 5 14 4 13 9 
8 16 6 15 5 14 4 13 9 
8 9 6 8 5 7 4 6 9 
7 10 4 9 3 8 2 7 9 
6 8 3 7 1 6 0 5 9 
8 10 7 9 6 8 5 7 9 
8 10 5 9 3 8 2 7 9 
9 10 5 9 3 8 2 7 9 
SCORES_TXT_END_0
SCORES_TXT_BEGIN_0 27 100 9 BLEU
9 9 8 8 7 7 6 6 9 
8 9 7 8 6 7 5 6 9 
8 13 7 12 6 11 5 10 9 
8 13 7 12 6 11 5 10 9 
9 11 7 10 6 9 5 8 9 
8 11 7 10 6 9 5 8 9 
8 9 6 8 4 7 3 6 9 
9 10 7 9 6 8 5 7 9 
8 12 7 11 6 10 5 9 9 
8 12 7 11 6 10 5 9 9 
8 9 6 8 4 7 2 6 9 
8 10 7 9 6 8 5 7 9 
8 9 6 8 4 7 3 6 9 
8 9 6 8 4 7 2 6 9 
8 9 6 8 4 7 2 6 9 
8 10 7 9 6 8 5 7 9 
7 9 5 8 4 7 3 6 9 
8 9 5 8 4 7 3 6 9 
7 9 5 8 3 7 2 6 9 
9 10 7 9 6 8 5 7 9 
9 10 7 9 6 8 5 7 9 
9 9 5 8 3 7 2 6 9 
7 9 5 8 4 7 3 6 9 
9 9 5 8 4 7 3 6 9 
7 9 5 8 3 7 2 6 9 
8 9 5 8 4 7 3 6 9 
9 12 7 11 6 10 5 9 9 
8 10 7 9 6 8 5 7 9 
8 9 6 8 4 7 3 6 9 
8 14 7 13 6 12 5 11 9 
8 14 7 13 6 12 5 11 9 
8 14 7 13 6 12 5 11 9 
8 14 7 13 6 12 5 11 9 
8 12 7 11 6 10 5 9 9 
7 9 5 8 4 7 3 6 9 
6 9 4 8 3 7 2 6 9 
9 12 7 11 6 10 5 9 9 
8 11 5 10 4 9 3 8 9 
8 12 5 11 3 10 2 9 9 
9 9 5 8 3 7 2 6 9 
8 12 5 11 3 10 2 9 9 
7 9 5 8 3 7 2 6 9 
8 9 6 8 4 7 2 6 9 
7 11 5 10 4 9 3 8 9 
7 9 5 8 3 7 1 6 9 
7 9 5 8 4 7 3 6 9 
8 12 7 11 6 10 5 9 9 
8 9 6 8 4 7 2 6 9 
7 11 5 10 4 9 3 8 9 
8 9 5 8 3 7 2 6 9 
8 9 6 8 4 7 3 6 9 
7 13 5 12 4 11 3 10 9 
7 13 5 12 4 11 3 10 9 
8 13 7 12 6 11 5 10 9 
9 9 6 8 2 7 1 6 9 
9 9 6 8 5 7 4 6 9 
8 9 6 8 4 7 3 6 9 
7 9 5 8 4 7 3 6 9 
7 11 5 10 4 9 3 8 9 
8 13 5 12 3 11 2 10 9 
8 13 7 12 6 11 5 10 9 
8 11 5 10 4 9 3 8 9 
8 13 5 12 3 11 2 10 9 
8 9 5 8 4 7 3 6 9 
7 9 5 8 3 7 2 6 9 
8 11 5 10 3 9 2 8 9 
8 11 5 10 3 9 2 8 9 
8 9 6 8 4 7 2 6 9 
8 9 5 8 3 7 2 6 9 
8 9 6 8 4 7 2 6 9 
7 9 5 8 3 7 2 6 9 
9 10 5 9 4 8 3 7 9 
8 11 5 10 4 9 3 8 9 
8 10 5 9 4 8 3 7 9 
7 13 5 12 4 11 3 10 9 
7 11 5 10 4 9 3 8 9 
7 9 5 8 3 7 2 6 9 
7 10 3 9 1 8 0 7 9 
7 9 5 8 3 7 2 6 9 
7 11 5 10 3 9 2 8 9 
8 9 6 8 5 7 4 6 9 
7 13 5 12 4 11 3 10 9 
8 9 5 8 3 7 2 6 9 
7 9 5 8 4 7 3 6 9 
8 13 5 12 3 11 2 10 9 
7 12 4 11 3 10 2 9 9 
8 13 5 12 3 11 2 10 9 
8 10 6 9 4 8 3 7 9 
7 11 4 10 3 9 2 8 9 
7 9 5 8 4 7 3 6 9 
8 11 5 10 3 9 2 8 9 
7 13 5 12 3 11 1 10 9 
7 13 5 12 3 11 1 10 9 
8 9 4 8 3 7 2 6 9 
8 9 5 8 3 7 2 6 9 
7 12 4 11 3 10 2 9 9 
8 9 4 8 3 7 2 6 9 
8 11 5 10 3 9 2 8 9 
8 11 5 10 3 9 1 8 9 
9 10 5 9 3 8 2 7 9 
SCORES_TXT_END_0
SCORES_TXT_BEGIN_0 28 100 9 BLEU
11 12 10 11 9 10 8 9 11 
10 12 8 11 6 10 4 9 11 
9 10 7 9 5 8 3 7 11 
11 13 10 12 9 11 8 10 11 
10 13 8 12 6 11 4 10 11 
11 13 9 12 7 11 6 10 11 
11 13 10 12 9 11 8 10 11 
10 13 7 12 4 11 2 10 11 
9 11 7 10 5 9 3 8 11 
10 13 8 12 6 11 4 10 11 
11 12 9 11 7 10 6 9 11 
10 12 7 11 4 10 2 9 11 
11 12 9 11 7 10 6 9 11 
9 11 6 10 3 9 1 8 11 
8 8 5 7 4 6 3 5 11 
11 13 9 12 8 11 7 10 11 
9 11 7 10 5 9 3 8 11 
11 13 10 12 9 11 8 10 11 
10 12 7 11 4 10 2 9 11 
10 13 7 12 5 11 3 10 11 
11 12 9 11 7 10 5 9 11 
9 10 6 9 3 8 1 7 11 
10 13 8 12 6 11 4 10 11 
10 12 7 11 4 10 1 9 11 
9 10 6 9 3 8 1 7 11 
9 11 6 10 4 9 2 8 11 
11 15 8 14 7 13 6 12 11 
9 10 6 9 3 8 1 7 11 
9 11 7 10 5 9 3 8 11 
10 15 6 14 4 13 2 12 11 
11 15 9 14 7 13 6 12 11 
11 12 10 11 9 10 8 9 11 
11 15 9 14 7 13 6 12 11 
9 10 6 9 5 8 4 7 11 
11 14 8 13 7 12 6 11 11 
11 13 10 12 8 11 6 10 11 
10 10 7 9 6 8 5 7 11 
11 15 9 14 6 13 3 12 11 
11 14 9 13 8 12 7 11 11 
10 12 8 11 6 10 4 9 11 
10 15 7 14 4 13 2 12 11 
10 14 6 13 4 12 2 11 11 
11 14 10 13 9 12 8 11 11 
11 14 8 13 7 12 6 11 11 
11 13 9 12 7 11 5 10 11 
11 14 9 13 7 12 6 11 11 
9 13 5 12 3 11 1 10 11 
8 9 5 8 4 7 3 6 11 
10 14 7 13 5 12 3 11 11 
11 14 9 13 7 12 6 11 11 
11 14 9 13 7 12 5 11 11 
10 14 8 13 6 12 4 11 11 
10 13 7 12 4 11 1 10 11 
11 13 9 12 8 11 7 10 11 
10 14 6 13 4 12 2 11 11 
11 14 9 13 7 12 6 11 11 
11 14 10 13 8 12 6 11 11 
10 14 7 13 4 12 2 11 11 
11 14 9 13 7 12 5 11 11 
11 14 9 13 8 12 7 11 11 
11 14 9 13 6 12 2 11 11 
9 9 6 8 5 7 4 6 11 
11 13 9 12 7 11 6 10 11 
11 13 8 12 5 11 2 10 11 
11 14 9 13 8 12 7 11 11 
11 14 8 13 5 12 2 11 11 
9 10 7 9 5 8 3 7 11 
11 15 10 14 8 13 6 12 11 
9 9 5 8 2 7 1 6 11 
10 13 6 12 3 11 1 10 11 
11 15 9 14 8 13 7 12 11 
11 12 9 11 7 10 5 9 11 
10 13 7 12 5 11 3 10 11 
10 14 7 13 4 12 1 11 11 
9 12 5 11 3 10 1 9 11 
11 12 9 11 8 10 7 9 11 
10 14 7 13 4 12 2 11 11 
11 15 10 14 8 13 6 12 11 
10 14 7 13 5 12 3 11 11 
10 13 7 12 4 11 2 10 11 
10 14 7 13 5 12 3 11 11 
10 12 7 11 4 10 1 9 11 
11 15 10 14 9 13 8 12 11 
9 9 5 8 4 7 3 6 11 
9 12 6 11 4 10 2 9 11 
9 9 5 8 4 7 3 6 11 
8 9 5 8 4 7 3 6 11 
11 15 10 14 9 13 8 12 11 
10 15 7 14 5 13 3 12 11 
11 13 9 12 7 11 5 10 11 
11 13 10 12 8 11 6 10 11 
10 13 8 12 5 11 2 10 11 
9 11 6 10 3 9 1 8 11 
11 14 9 13 8 12 7 11 11 
9 12 7 11 5 10 3 9 11 
9 12 5 11 3 10 1 9 11 
10 12 8 11 5 10 2 9 11 
8 8 4 7 2 6 1 5 11 
9 12 6 11 3 10 1 9 11 
10 11 6 10 5 9 4 8 11 
SCORES_TXT_END_0
SCORES_TXT_BEGIN_0 29 12 9 BLEU
17 17 16 16 15 15 14 14 17 
16 17 15 16 14 15 13 14 17 
16 18 15 17 14 16 13 15 17 
17 17 14 16 11 15 7 14 17 
17 17 13 16 10 15 7 14 17 
17 17 14 16 9 15 5 14 17 
17 17 14 16 12 15 9 14 17 
16 21 15 20 14 19 13 18 17 
17 17 16 16 13 15 9 14 17 
16 21 15 20 14 19 13 18 17 
17 18 16 17 15 16 14 15 17 
17 19 15 18 14 17 13 16 17 
SCORES_TXT_END_0
SCORES_TXT_BEGIN_0 30 100 9 BLEU
9 9 8 8 7 7 6 6 9 
8 9 7 8 6 7 5 6 9 
8 13 7 12 6 11 5 10 9 
8 13 7 12 6 11 5 10 9 
9 11 7 10 6 9 5 8 9 
8 11 7 10 6 9 5 8 9 
8 12 7 11 6 10 5 9 9 
8 12 7 11 6 10 5 9 9 
9 10 7 9 5 8 4 7 9 
9 10 8 9 7 8 6 7 9 
9 9 5 8 4 7 3 6 9 
9 10 7 9 6 8 5 7 9 
9 10 7 9 5 8 4 7 9 
9 9 5 8 3 7 2 6 9 
9 10 8 9 6 8 4 7 9 
9 9 6 8 5 7 4 6 9 
9 10 7 9 6 8 5 7 9 
8 10 7 9 6 8 5 7 9 
9 10 7 9 5 8 4 7 9 
9 11 8 10 7 9 6 8 9 
8 9 5 8 4 7 3 6 9 
9 10 7 9 5 8 4 7 9 
8 9 6 8 5 7 4 6 9 
9 10 7 9 5 8 3 7 9 
8 11 5 10 4 9 3 8 9 
8 9 5 8 3 7 2 6 9 
9 9 5 8 3 7 2 6 9 
9 10 7 9 5 8 3 7 9 
9 11 8 10 7 9 6 8 9 
9 10 7 9 6 8 5 7 9 
8 11 5 10 3 9 2 8 9 
8 10 6 9 4 8 2 7 9 
9 10 7 9 5 8 3 7 9 
8 10 7 9 6 8 5 7 9 
9 11 7 10 5 9 4 8 9 
8 12 7 11 6 10 5 9 9 
9 10 7 9 6 8 5 7 9 
8 10 6 9 5 8 4 7 9 
8 9 6 8 4 7 2 6 9 
9 11 8 10 7 9 6 8 9 
9 10 7 9 6 8 5 7 9 
8 10 7 9 6 8 5 7 9 
9 10 7 9 5 8 3 7 9 
9 9 5 8 2 7 1 6 9 
9 10 8 9 7 8 6 7 9 
9 10 7 9 5 8 3 7 9 
9 9 6 8 4 7 3 6 9 
8 13 5 12 4 11 3 10 9 
8 10 7 9 6 8 5 7 9 
8 13 5 12 4 11 3 10 9 
9 10 7 9 5 8 3 7 9 
9 10 7 9 5 8 3 7 9 
9 11 5 10 4 9 3 8 9 
8 12 5 11 4 10 3 9 9 
8 12 5 11 4 10 3 9 9 
9 9 5 8 3 7 2 6 9 
9 9 5 8 3 7 1 6 9 
9 9 6 8 3 7 2 6 9 
8 12 7 11 6 10 5 9 9 
8 10 6 9 4 8 2 7 9 
8 13 5 12 3 11 2 10 9 
8 13 5 12 3 11 2 10 9 
9 10 7 9 5 8 3 7 9 
9 11 5 10 3 9 2 8 9 
8 12 5 11 3 10 2 9 9 
8 12 5 11 3 10 2 9 9 
8 10 6 9 5 8 4 7 9 
9 10 8 9 7 8 6 7 9 
9 10 6 9 4 8 3 7 9 
9 9 5 8 2 7 0 6 9 
9 11 7 10 6 9 5 8 9 
8 14 6 13 5 12 4 11 9 
8 14 6 13 5 12 4 11 9 
8 10 7 9 6 8 5 7 9 
9 10 7 9 5 8 3 7 9 
8 14 7 13 6 12 5 11 9 
8 14 7 13 6 12 5 11 9 
9 10 8 9 7 8 6 7 9 
9 11 6 10 5 9 4 8 9 
9 12 8 11 7 10 6 9 9 
9 12 7 11 6 10 5 9 9 
8 10 7 9 5 8 3 7 9 
8 13 7 12 6 11 5 10 9 
8 10 5 9 4 8 3 7 9 
8 13 7 12 6 11 5 10 9 
9 10 5 9 3 8 2 7 9 
8 14 7 13 6 12 5 11 9 
8 12 7 11 6 10 5 9 9 
8 14 7 13 6 12 5 11 9 
8 12 5 11 3 10 2 9 9 
9 9 6 8 4 7 2 6 9 
8 10 6 9 4 8 2 7 9 
9 12 6 11 5 10 4 9 9 
9 9 5 8 3 7 1 6 9 
8 10 7 9 6 8 5 7 9 
8 12 5 11 3 10 2 9 9 
9 9 5 8 3 7 1 6 9 
9 9 4 8 3 7 2 6 9 
8 10 5 9 3 8 2 7 9 
8 10 6 9 5 8 4 7 9 
SCORES_TXT_END_0
SCORES_TXT_BEGIN_0 31 10 9 BLEU
16 16 15 15 14 14 13 13 16 
15 16 14 15 13 14 12 13 16 
15 16 13 15 11 14 9 13 16 
15 20 14 19 13 18 12 17 16 
15 16 13 15 11 14 9 13 16 
15 20 14 19 13 18 12 17 16 
16 18 14 17 13 16 12 15 16 
14 15 12 14 11 13 10 12 16 
15 18 14 17 13 16 12 15 16 
14 15 12 14 11 13 10 12 16 
SCORES_TXT_END_0
SCORES_TXT_BEGIN_0 32 35 9 BLEU
17 17 16 16 15 15 14 14 17 
13 13 11 12 10 11 9 10 17 
17 18 16 17 14 16 12 15 17 
16 17 14 16 12 15 10 14 17 
15 15 13 14 11 13 9 12 17 
17 18 16 17 14 16 12 15 17 
13 14 11 13 9 12 7 11 17 
17 18 15 17 13 16 11 15 17 
13 14 11 13 9 12 8 11 17 
16 18 14 17 11 16 8 15 17 
15 16 13 15 10 14 7 13 17 
13 13 9 12 7 11 6 10 17 
13 14 10 13 8 12 7 11 17 
16 18 14 17 11 16 8 15 17 
15 16 13 15 10 14 8 13 17 
13 14 11 13 10 12 9 11 17 
11 13 9 12 8 11 7 10 17 
11 13 9 12 8 11 7 10 17 
14 14 12 13 11 12 10 11 17 
13 14 10 13 7 12 6 11 17 
16 18 13 17 10 16 7 15 17 
15 16 12 15 9 14 7 13 17 
11 12 9 11 8 10 7 9 17 
15 15 11 14 8 13 6 12 17 
14 15 12 14 10 13 8 12 17 
15 16 11 15 8 14 6 13 17 
17 19 15 18 14 17 13 16 17 
11 12 9 11 8 10 7 9 17 
13 14 9 13 7 12 6 11 17 
13 14 9 13 7 12 6 11 17 
12 13 10 12 9 11 8 10 17 
13 15 11 14 9 13 7 12 17 
15 16 12 15 8 14 6 13 17 
13 15 11 14 9 13 7 12 17 
12 13 10 12 9 11 8 10 17 
SCORES_TXT_END_0
SCORES_TXT_BEGIN_0 33 38 9 BLEU
13 13 12 12 11 11 10 10 13 
13 14 12 13 10 12 8 11 13 
13 14 11 13 9 12 7 11 13 
13 14 10 13 6 12 4 11 13 
13 13 9 12 6 11 4 10 13 
12 14 9 13 5 12 2 11 13 
12 12 10 11 8 10 6 9 13 
13 13 9 12 6 11 3 10 13 
13 13 9 12 6 11 3 10 13 
13 14 10 13 6 12 3 11 13 
12 13 10 12 8 11 6 10 13 
12 14 10 13 8 12 6 11 13 
13 14 10 13 6 12 3 11 13 
13 13 9 12 7 11 5 10 13 
12 13 10 12 8 11 6 10 13 
13 14 11 13 9 12 7 11 13 
12 14 8 13 4 12 2 11 13 
13 15 11 14 8 13 6 12 13 
12 13 11 12 10 11 9 10 13 
13 14 11 13 9 12 7 11 13 
12 13 8 12 5 11 2 10 13 
11 14 8 13 4 12 2 11 13 
12 13 8 12 6 11 4 10 13 
12 13 10 12 7 11 5 10 13 
12 14 8 13 5 12 2 11 13 
13 14 11 13 9 12 7 11 13 
12 14 9 13 6 12 4 11 13 
12 15 9 14 5 13 2 12 13 
12 13 8 12 6 11 4 10 13 
12 13 10 12 8 11 6 10 13 
13 14 11 13 9 12 7 11 13 
13 13 9 12 7 11 5 10 13 
12 14 10 13 8 12 6 11 13 
12 14 9 13 6 12 4 11 13 
13 13 10 12 6 11 3 10 13 
12 14 9 13 7 12 5 11 13 
12 13 10 12 8 11 6 10 13 
12 13 9 12 7 11 5 10 13 
SCORES_TXT_END_0
SCORES_TXT_BEGIN_0 34 100 9 BLEU
8 8 7 7 6 6 5 5 8 
8 9 6 8 5 7 4 6 8 
8 10 6 9 5 8 4 7 8 
8 12 6 11 5 10 4 9 8 
8 12 6 11 5 10 4 9 8 
8 9 6 8 5 7 4 6 8 
7 8 6 7 5 6 4 5 8 
8 11 6 10 5 9 4 8 8 
8 9 6 8 5 7 4 6 8 
8 11 6 10 5 9 4 8 8 
8 11 6 10 5 9 4 8 8 
7 9 6 8 5 7 4 6 8 
7 9 6 8 5 7 4 6 8 
8 8 4 7 3 6 2 5 8 
8 11 6 10 5 9 4 8 8 
8 10 6 9 5 8 4 7 8 
8 9 6 8 5 7 4 6 8 
8 13 6 12 5 11 4 10 8 
8 13 6 12 5 11 4 10 8 
8 10 4 9 3 8 2 7 8 
8 13 6 12 5 11 4 10 8 
8 13 6 12 5 11 4 10 8 
8 8 5 7 4 6 3 5 8 
8 9 4 8 3 7 2 6 8 
8 9 4 8 3 7 2 6 8 
8 10 6 9 5 8 4 7 8 
8 8 4 7 2 6 0 5 8 
8 12 6 11 5 10 4 9 8 
8 8 5 7 4 6 3 5 8 
7 8 5 7 4 6 3 5 8 
8 9 4 8 3 7 2 6 8 
8 10 6 9 5 8 4 7 8 
8 12 6 11 5 10 4 9 8 
8 11 4 10 3 9 2 8 8 
7 8 5 7 4 6 3 5 8 
8 12 4 11 3 10 2 9 8 
8 12 4 11 3 10 2 9 8 
8 8 5 7 3 6 2 5 8 
8 11 4 10 3 9 2 8 8 
8 8 5 7 3 6 2 5 8 
8 11 4 10 3 9 2 8 8 
8 10 4 9 2 8 0 7 8 
8 10 5 9 4 8 3 7 8 
7 9 6 8 5 7 4 6 8 
8 9 4 8 3 7 2 6 8 
8 9 4 8 3 7 2 6 8 
8 10 4 9 3 8 2 7 8 
7 9 6 8 5 7 4 6 8 
7 9 4 8 3 7 2 6 8 
8 8 4 7 2 6 1 5 8 
8 10 5 9 3 8 2 7 8 
8 8 4 7 1 6 0 5 8 
7 8 5 7 4 6 3 5 8 
8 9 4 8 2 7 0 6 8 
7 8 4 7 3 6 2 5 8 
7 10 4 9 3 8 2 7 8 
7 9 4 8 3 7 2 6 8 
8 9 5 8 4 7 3 6 8 
7 8 5 7 3 6 2 5 8 
8 10 4 9 3 8 2 7 8 
8 10 6 9 5 8 4 7 8 
7 8 4 7 3 6 2 5 8 
7 10 4 9 3 8 2 7 8 
8 10 6 9 5 8 4 7 8 
8 11 4 10 3 9 2 8 8 
8 12 6 11 5 10 4 9 8 
8 9 4 8 3 7 2 6 8 
8 13 4 12 3 11 2 10 8 
8 13 4 12 3 11 2 10 8 
8 9 4 8 2 7 0 6 8 
7 8 4 7 3 6 2 5 8 
8 10 4 9 3 8 2 7 8 
8 10 4 9 2 8 1 7 8 
8 9 5 8 4 7 3 6 8 
8 8 4 7 1 6 0 5 8 
8 12 4 11 3 10 2 9 8 
8 12 4 11 3 10 2 9 8 
8 8 4 7 3 6 2 5 8 
8 12 6 11 5 10 4 9 8 
8 9 5 8 3 7 2 6 8 
8 8 5 7 3 6 2 5 8 
8 9 5 8 4 7 3 6 8 
8 12 4 11 2 10 0 9 8 
8 12 4 11 2 10 0 9 8 
7 9 5 8 4 7 3 6 8 
8 8 4 7 2 6 1 5 8 
8 8 4 7 3 6 2 5 8 
8 12 5 11 4 10 3 9 8 
7 9 5 8 4 7 3 6 8 
8 12 5 11 4 10 3 9 8 
7 8 5 7 4 6 3 5 8 
7 8 4 7 2 6 1 5 8 
8 11 4 10 2 9 0 8 8 
7 12 4 11 3 10 2 9 8 
8 11 4 10 2 9 0 8 8 
8 9 5 8 4 7 3 6 8 
7 12 4 11 3 10 2 9 8 
8 9 4 8 3 7 2 6 8 
8 10 4 9 3 8 2 7 8 
8 8 4 7 1 6 0 5 8 
SCORES_TXT_END_0
SCORES_TXT_BEGIN_0 35 100 9 BLEU
5 5 4 4 3 3 2 2 5 
4 5 3 4 2 3 1 2 5 
4 5 2 4 0 3 0 2 5 
4 9 3 8 2 7 1 6 5 
4 9 3 8 2 7 1 6 5 
5 7 3 6 2 5 1 4 5 
4 7 3 6 2 5 1 4 5 
4 8 3 7 2 6 1 5 5 
4 8 3 7 2 6 1 5 5 
5 6 4 5 2 4 0 3 5 
3 5 1 4 0 3 0 2 5 
5 6 3 5 2 4 1 3 5 
5 6 4 5 3 4 2 3 5 
3 9 1 8 0 7 0 6 5 
3 9 1 8 0 7 0 6 5 
5 6 3 5 1 4 0 3 5 
4 6 3 5 2 4 1 3 5 
4 7 1 6 0 5 0 4 5 
5 6 4 5 3 4 2 3 5 
3 7 1 6 0 5 0 4 5 
3 8 1 7 0 6 0 5 5 
5 6 3 5 2 4 1 3 5 
5 6 3 5 2 4 1 3 5 
5 6 3 5 1 4 0 3 5 
3 8 1 7 0 6 0 5 5 
4 5 1 4 0 3 0 2 5 
4 6 3 5 1 4 0 3 5 
5 7 4 6 2 5 0 4 5 
5 5 2 4 1 3 0 2 5 
5 5 2 4 0 3 0 2 5 
5 5 1 4 0 3 0 2 5 
4 5 1 4 0 3 0 2 5 
4 6 3 5 2 4 1 3 5 
4 6 3 5 2 4 1 3 5 
4 8 3 7 2 6 1 5 5 
5 5 3 4 2 3 1 2 5 
4 8 3 7 2 6 1 5 5 
4 6 1 5 0 4 0 3 5 
5 5 2 4 0 3 0 2 5 
3 5 1 4 0 3 0 2 5 
4 10 3 9 1 8 0 7 5 
4 10 3 9 1 8 0 7 5 
5 7 4 6 3 5 2 4 5 
4 6 2 5 1 4 0 3 5 
3 6 1 5 0 4 0 3 5 
4 5 2 4 1 3 0 2 5 
4 5 3 4 2 3 1 2 5 
4 5 2 4 0 3 0 2 5 
4 5 1 4 0 3 0 2 5 
5 6 3 5 1 4 0 3 5 
3 7 1 6 0 5 0 4 5 
3 5 1 4 0 3 0 2 5 
4 5 1 4 0 3 0 2 5 
5 8 3 7 1 6 0 5 5 
4 7 2 6 1 5 0 4 5 
4 6 3 5 2 4 1 3 5 
4 7 2 6 0 5 0 4 5 
5 7 3 6 2 5 1 4 5 
4 7 1 6 0 5 0 4 5 
3 7 1 6 0 5 0 4 5 
5 5 2 4 1 3 0 2 5 
4 5 2 4 0 3 0 2 5 
5 6 4 5 3 4 2 3 5 
4 6 2 5 0 4 0 3 5 
4 8 3 7 1 6 0 5 5 
5 6 4 5 3 4 2 3 5 
4 9 3 8 1 7 0 6 5 
4 10 3 9 2 8 1 7 5 
4 10 3 9 2 8 1 7 5 
4 9 3 8 1 7 0 6 5 
4 10 3 9 2 8 1 7 5 
4 10 3 9 2 8 1 7 5 
3 5 1 4 0 3 0 2 5 
5 8 3 7 2 6 1 5 5 
4 9 3 8 2 7 1 6 5 
4 5 1 4 0 3 0 2 5 
4 9 3 8 2 7 1 6 5 
5 8 3 7 2 6 1 5 5 
4 9 3 8 2 7 1 6 5 
4 9 3 8 2 7 1 6 5 
4 10 2 9 1 8 0 7 5 
4 10 2 9 1 8 0 7 5 
4 5 2 4 1 3 0 2 5 
4 6 3 5 2 4 1 3 5 
4 6 3 5 1 4 0 3 5 
5 5 2 4 0 3 0 2 5 
5 6 1 5 0 4 0 3 5 
4 10 3 9 2 8 1 7 5 
5 8 2 7 1 6 0 5 5 
4 10 3 9 2 8 1 7 5 
3 9 1 8 0 7 0 6 5 
3 9 1 8 0 7 0 6 5 
5 6 3 5 2 4 1 3 5 
4 7 3 6 2 5 1 4 5 
4 7 3 6 2 5 1 4 5 
4 7 1 6 0 5 0 4 5 
4 8 3 7 1 6 0 5 5 
3 8 1 7 0 6 0 5 5 
5 5 3 4 1 3 0 2 5 
4 10 2 9 0 8 0 7 5 
SCORES_TXT_END_0
SCORES_TXT_BEGIN_0 36 100 9 BLEU
6 6 5 5 4 4 3 3 6 
6 8 4 7 3 6 2 5 6 
6 7 4 6 3 5 2 4 6 
5 6 4 5 3 4 2 3 6 
6 10 4 9 3 8 2 7 6 
6 10 4 9 3 8 2 7 6 
6 7 4 6 3 5 2 4 6 
6 9 4 8 3 7 2 6 6 
6 9 4 8 3 7 2 6 6 
5 6 4 5 3 4 2 3 6 
2 4 1 3 0 2 0 1 6 
6 7 4 6 3 5 2 4 6 
3 4 1 3 0 2 0 1 6 
2 5 0 4 0 3 0 2 6 
5 8 3 7 2 6 1 5 6 
5 6 4 5 3 4 2 3 6 
3 5 0 4 0 3 0 2 6 
2 6 0 5 0 4 0 3 6 
2 5 0 4 0 3 0 2 6 
3 6 0 5 0 4 0 3 6 
2 5 1 4 0 3 0 2 6 
2 6 0 5 0 4 0 3 6 
2 6 0 5 0 4 0 3 6 
3 6 0 5 0 4 0 3 6 
5 7 3 6 2 5 1 4 6 
5 6 3 5 2 4 1 3 6 
5 7 4 6 3 5 2 4 6 
2 4 0 3 0 2 0 1 6 
5 7 4 6 3 5 2 4 6 
2 4 1 3 0 2 0 1 6 
2 7 0 6 0 5 0 4 6 
2 5 0 4 0 3 0 2 6 
2 6 0 5 0 4 0 3 6 
5 10 3 9 2 8 1 7 6 
5 10 3 9 2 8 1 7 6 
3 5 1 4 0 3 0 2 6 
3 7 0 6 0 5 0 4 6 
2 5 1 4 0 3 0 2 6 
6 6 3 5 2 4 1 3 6 
2 7 0 6 0 5 0 4 6 
5 8 3 7 2 6 1 5 6 
2 4 0 3 0 2 0 1 6 
3 4 0 3 0 2 0 1 6 
3 5 0 4 0 3 0 2 6 
2 9 0 8 0 7 0 6 6 
2 9 0 8 0 7 0 6 6 
3 4 1 3 0 2 0 1 6 
2 5 0 4 0 3 0 2 6 
2 4 0 3 0 2 0 1 6 
2 6 1 5 0 4 0 3 6 
5 6 3 5 2 4 1 3 6 
3 6 0 5 0 4 0 3 6 
2 7 0 6 0 5 0 4 6 
2 5 0 4 0 3 0 2 6 
3 4 0 3 0 2 0 1 6 
2 4 0 3 0 2 0 1 6 
3 9 0 8 0 7 0 6 6 
2 4 1 3 0 2 0 1 6 
3 9 0 8 0 7 0 6 6 
2 5 0 4 0 3 0 2 6 
5 7 3 6 2 5 1 4 6 
3 5 0 4 0 3 0 2 6 
3 5 1 4 0 3 0 2 6 
5 7 3 6 2 5 1 4 6 
5 9 3 8 2 7 1 6 6 
2 5 0 4 0 3 0 2 6 
2 6 0 5 0 4 0 3 6 
2 6 0 5 0 4 0 3 6 
2 4 0 3 0 2 0 1 6 
6 8 3 7 2 6 1 5 6 
6 6 4 5 3 4 2 3 6 
2 5 0 4 0 3 0 2 6 
2 5 1 4 0 3 0 2 6 
2 9 0 8 0 7 0 6 6 
2 5 0 4 0 3 0 2 6 
2 9 0 8 0 7 0 6 6 
5 6 4 5 3 4 2 3 6 
3 5 0 4 0 3 0 2 6 
3 4 0 3 0 2 0 1 6 
2 6 0 5 0 4 0 3 6 
5 8 3 7 2 6 1 5 6 
5 9 3 8 2 7 1 6 6 
2 4 1 3 0 2 0 1 6 
3 7 0 6 0 5 0 4 6 
2 8 0 7 0 6 0 5 6 
3 5 0 4 0 3 0 2 6 
2 8 0 7 0 6 0 5 6 
5 6 4 5 3 4 2 3 6 
3 5 0 4 0 3 0 2 6 
3 5 0 4 0 3 0 2 6 
2 5 0 4 0 3 0 2 6 
5 7 3 6 2 5 1 4 6 
2 4 0 3 0 2 0 1 6 
2 7 0 6 0 5 0 4 6 
2 7 0 6 0 5 0 4 6 
2 8 0 7 0 6 0 5 6 
2 8 0 7 0 6 0 5 6 
2 7 0 6 0 5 0 4 6 
2 7 0 6 0 5 0 4 6 
3 6 1 5 0 4 0 3 6 
SCORES_TXT_END_0
SCORES_TXT_BEGIN_0 37 80 9 BLEU
12 12 9 11 8 10 7 9 13 
13 14 12 13 11 12 10 11 13 
12 13 9 12 8 11 7 10 13 
13 13 9 12 8 11 7 10 13 
13 13 9 12 6 11 5 10 13 
13 16 11 15 9 14 7 13 13 
12 12 8 11 6 10 5 9 13 
13 16 11 15 9 14 7 13 13 
12 12 8 11 6 10 5 9 13 
13 15 12 14 11 13 10 12 13 
13 13 10 12 8 11 7 10 13 
13 15 12 14 11 13 10 12 13 
13 15 11 14 9 13 8 12 13 
12 14 9 13 8 12 7 11 13 
12 13 9 12 8 11 7 10 13 
13 17 11 16 9 15 7 14 13 
12 12 9 11 8 10 7 9 13 
13 14 11 13 9 12 8 11 13 
13 15 9 14 6 13 5 12 13 
13 15 9 14 6 13 5 12 13 
12 13 9 12 8 11 7 10 13 
13 17 11 16 9 15 7 14 13 
13 14 9 13 8 12 7 11 13 
13 14 11 13 9 12 8 11 13 
13 17 11 16 9 15 7 14 13 
13 15 12 14 11 13 10 12 13 
13 17 10 16 7 15 5 14 13 
13 14 9 13 6 12 5 11 13 
13 14 9 13 6 12 5 11 13 
13 13 8 12 6 11 5 10 13 
13 17 11 16 9 15 7 14 13 
13 14 9 13 6 12 5 11 13 
13 17 10 16 7 15 5 14 13 
13 16 10 15 7 14 5 13 13 
11 12 7 11 5 10 3 9 13 
12 12 7 11 5 10 3 9 13 
13 15 10 14 8 13 7 12 13 
13 15 10 14 8 13 7 12 13 
11 12 6 11 4 10 3 9 13 
13 16 10 15 7 14 5 13 13 
12 13 9 12 8 11 7 10 13 
12 13 9 12 8 11 7 10 13 
13 16 10 15 7 14 5 13 13 
13 14 10 13 8 12 7 11 13 
12 14 9 13 8 12 7 11 13 
13 16 12 15 11 14 10 13 13 
13 14 12 13 11 12 10 11 13 
13 17 11 16 9 15 7 14 13 
11 12 8 11 7 10 6 9 13 
13 14 10 13 8 12 7 11 13 
13 15 11 14 9 13 7 12 13 
13 16 10 15 7 14 5 13 13 
13 17 11 16 9 15 8 14 13 
11 13 9 12 8 11 7 10 13 
13 14 10 13 8 12 7 11 13 
13 17 11 16 9 15 8 14 13 
12 13 9 12 8 11 7 10 13 
12 13 9 12 8 11 7 10 13 
12 13 9 12 8 11 7 10 13 
13 16 12 15 11 14 10 13 13 
12 13 8 12 6 11 5 10 13 
13 17 11 16 9 15 7 14 13 
13 15 11 14 9 13 7 12 13 
12 13 9 12 7 11 5 10 13 
13 15 12 14 11 13 10 12 13 
13 14 9 13 8 12 7 11 13 
13 14 9 13 8 12 7 11 13 
12 13 8 12 6 11 5 10 13 
12 14 10 13 8 12 6 11 13 
12 13 8 12 6 11 5 10 13 
13 16 11 15 9 14 8 13 13 
13 14 9 13 6 12 5 11 13 
13 14 9 13 8 12 7 11 13 
12 13 8 12 6 11 5 10 13 
12 12 6 11 5 10 4 9 13 
13 16 11 15 9 14 8 13 13 
11 12 7 11 6 10 5 9 13 
11 13 8 12 7 11 6 10 13 
12 13 10 12 8 11 7 10 13 
12 15 10 14 8 13 6 12 13 
SCORES_TXT_END_0
SCORES_TXT_BEGIN_0 38 31 9 BLEU
14 14 13 13 12 12 11 11 14 
14 15 13 14 12 13 10 12 14 
12 12 10 11 9 10 8 9 14 
14 16 12 15 10 14 8 13 14 
13 14 12 13 11 12 10 11 14 
14 15 12 14 10 13 8 12 14 
12 13 10 12 9 11 7 10 14 
14 16 12 15 10 14 8 13 14 
13 15 12 14 11 13 9 12 14 
14 17 12 16 10 15 7 14 14 
14 15 12 14 10 13 8 12 14 
14 17 12 16 10 15 7 14 14 
11 12 9 11 8 10 7 9 14 
12 13 9 12 7 11 6 10 14 
13 15 11 14 9 13 7 12 14 
13 16 11 15 9 14 7 13 14 
14 17 11 16 8 15 6 14 14 
11 13 9 12 8 11 6 10 14 
13 16 11 15 9 14 7 13 14 
14 17 11 16 8 15 6 14 14 
13 17 11 16 9 15 6 14 14 
12 13 9 12 7 11 6 10 14 
14 17 11 16 8 15 6 14 14 
13 15 11 14 9 13 7 12 14 
11 13 8 12 6 11 5 10 14 
13 17 11 16 9 15 6 14 14 
12 12 9 11 7 10 6 9 14 
13 17 10 16 7 15 5 14 14 
14 17 11 16 8 15 6 14 14 
12 13 10 12 9 11 8 10 14 
13 17 10 16 7 15 5 14 14 
SCORES_TXT_END_0
SCORES_TXT_BEGIN_0 39 100 9 BLEU
7 7 6 6 5 5 4 4 7 
6 7 5 6 4 5 3 4 7 
7 8 4 7 3 6 2 5 7 
7 8 5 7 3 6 2 5 7 
7 8 5 7 3 6 2 5 7 
7 8 5 7 3 6 1 5 7 
7 9 5 8 4 7 3 6 7 
7 8 6 7 4 6 3 5 7 
6 8 4 7 2 6 1 5 7 
7 11 5 10 4 9 3 8 7 
7 11 5 10 4 9 3 8 7 
6 9 4 8 3 7 2 6 7 
7 8 4 7 3 6 2 5 7 
6 8 4 7 2 6 1 5 7 
6 8 5 7 3 6 2 5 7 
7 8 4 7 3 6 2 5 7 
7 7 3 6 1 5 0 4 7 
7 8 3 7 1 6 0 5 7 
7 8 5 7 3 6 2 5 7 
7 8 5 7 4 6 3 5 7 
6 7 2 6 1 5 0 4 7 
6 11 4 10 3 9 2 8 7 
6 11 4 10 3 9 2 8 7 
7 10 5 9 4 8 3 7 7 
7 7 3 6 1 5 0 4 7 
7 7 3 6 1 5 0 4 7 
7 8 4 7 3 6 2 5 7 
6 7 2 6 1 5 0 4 7 
7 10 5 9 4 8 3 7 7 
7 9 4 8 3 7 2 6 7 
7 8 3 7 2 6 1 5 7 
7 8 3 7 1 6 0 5 7 
7 9 3 8 1 7 0 6 7 
7 7 4 6 2 5 0 4 7 
7 8 3 7 2 6 1 5 7 
7 7 3 6 1 5 0 4 7 
7 9 4 8 3 7 2 6 7 
7 9 3 8 1 7 0 6 7 
7 9 3 8 1 7 0 6 7 
7 8 5 7 3 6 1 5 7 
7 8 3 7 1 6 0 5 7 
6 8 4 7 3 6 2 5 7 
6 7 4 6 3 5 2 4 7 
7 8 3 7 1 6 0 5 7 
6 7 5 6 4 5 3 4 7 
7 8 3 7 1 6 0 5 7 
6 10 4 9 3 8 2 7 7 
6 7 2 6 0 5 0 4 7 
7 10 4 9 3 8 2 7 7 
7 9 4 8 3 7 2 6 7 
6 9 2 8 1 7 0 6 7 
6 8 4 7 2 6 1 5 7 
6 8 4 7 3 6 2 5 7 
7 9 3 8 1 7 0 6 7 
6 8 2 7 1 6 0 5 7 
7 8 4 7 1 6 0 5 7 
7 9 5 8 3 7 2 6 7 
7 9 5 8 3 7 2 6 7 
7 7 3 6 2 5 1 4 7 
7 9 3 8 1 7 0 6 7 
6 7 2 6 0 5 0 4 7 
7 8 3 7 2 6 1 5 7 
7 7 4 6 3 5 2 4 7 
6 10 4 9 3 8 2 7 7 
7 8 5 7 3 6 2 5 7 
7 8 3 7 2 6 1 5 7 
7 8 3 7 1 6 0 5 7 
7 9 4 8 1 7 0 6 7 
7 10 3 9 2 8 1 7 7 
7 8 3 7 1 6 0 5 7 
6 7 3 6 1 5 0 4 7 
7 7 3 6 1 5 0 4 7 
7 9 4 8 3 7 2 6 7 
7 9 3 8 1 7 0 6 7 
7 10 3 9 2 8 1 7 7 
7 8 3 7 2 6 1 5 7 
7 10 3 9 1 8 0 7 7 
7 8 3 7 2 6 1 5 7 
7 9 5 8 3 7 1 6 7 
7 7 4 6 2 5 0 4 7 
7 8 3 7 1 6 0 5 7 
7 8 5 7 4 6 3 5 7 
7 8 3 7 1 6 0 5 7 
7 9 3 8 1 7 0 6 7 
7 9 4 8 2 7 1 6 7 
7 12 4 11 3 10 2 9 7 
7 12 4 11 3 10 2 9 7 
7 9 4 8 3 7 2 6 7 
7 10 3 9 1 8 0 7 7 
7 10 4 9 2 8 1 7 7 
6 9 2 8 0 7 0 6 7 
7 9 3 8 1 7 0 6 7 
5 7 4 6 3 5 2 4 7 
7 8 2 7 1 6 0 5 7 
7 9 3 8 2 7 1 6 7 
7 9 4 8 1 7 0 6 7 
7 8 4 7 3 6 2 5 7 
6 9 2 8 0 7 0 6 7 
7 9 4 8 3 7 2 6 7 
7 9 4 8 2 7 1 6 7 
SCORES_TXT_END_0
SCORES_TXT_BEGIN_0 40 100 9 BLEU
8 8 7 7 6 6 5 5 8 
7 8 6 7 5 6 4 5 8 
8 10 6 9 5 8 4 7 8 
7 10 5 9 4 8 3 7 8 
7 8 5 7 3 6 2 5 8 
7 8 5 7 3 6 2 5 8 
8 9 6 8 5 7 4 6 8 
8 9 6 8 4 7 2 6 8 
6 8 4 7 2 6 1 5 8 
6 8 4 7 2 6 1 5 8 
7 9 5 8 4 7 3 6 8 
7 9 5 8 3 7 1 6 8 
7 10 4 9 3 8 2 7 8 
7 10 4 9 3 8 2 7 8 
8 9 6 8 5 7 4 6 8 
8 9 6 8 5 7 4 6 8 
8 12 6 11 5 10 4 9 8 
8 12 6 11 5 10 4 9 8 
8 9 5 8 4 7 3 6 8 
8 11 5 10 3 9 1 8 8 
7 8 5 7 3 6 2 5 8 
8 9 6 8 4 7 3 6 8 
6 10 3 9 2 8 1 7 8 
7 9 5 8 4 7 3 6 8 
6 10 3 9 2 8 1 7 8 
7 9 5 8 4 7 3 6 8 
7 12 5 11 4 10 3 9 8 
7 12 5 11 4 10 3 9 8 
8 11 6 10 5 9 4 8 8 
7 11 4 10 2 9 0 8 8 
7 9 4 8 2 7 1 6 8 
7 9 4 8 3 7 2 6 8 
7 9 4 8 2 7 1 6 8 
6 8 4 7 2 6 1 5 8 
8 10 6 9 5 8 4 7 8 
7 9 4 8 3 7 2 6 8 
8 11 6 10 5 9 4 8 8 
7 8 5 7 3 6 2 5 8 
8 9 5 8 4 7 3 6 8 
7 9 4 8 3 7 2 6 8 
7 8 4 7 3 6 2 5 8 
8 11 4 10 3 9 2 8 8 
8 9 4 8 2 7 1 6 8 
7 10 4 9 3 8 2 7 8 
8 11 6 10 5 9 4 8 8 
6 9 3 8 1 7 0 6 8 
8 11 5 10 3 9 2 8 8 
8 13 6 12 5 11 4 10 8 
8 13 6 12 5 11 4 10 8 
6 9 3 8 1 7 0 6 8 
7 11 5 10 4 9 3 8 8 
6 9 3 8 2 7 1 6 8 
7 8 6 7 5 6 4 5 8 
8 8 4 7 3 6 2 5 8 
8 10 5 9 3 8 1 7 8 
7 10 5 9 4 8 3 7 8 
8 11 6 10 5 9 4 8 8 
6 9 3 8 2 7 1 6 8 
7 11 5 10 4 9 3 8 8 
6 8 4 7 2 6 1 5 8 
8 9 4 8 2 7 1 6 8 
7 9 4 8 3 7 2 6 8 
8 8 4 7 2 6 1 5 8 
6 9 3 8 2 7 1 6 8 
8 9 5 8 4 7 3 6 8 
6 8 3 7 2 6 1 5 8 
7 9 4 8 3 7 2 6 8 
8 10 5 9 4 8 3 7 8 
8 9 4 8 2 7 1 6 8 
7 9 4 8 3 7 2 6 8 
7 11 5 10 4 9 3 8 8 
7 10 4 9 3 8 2 7 8 
6 10 3 9 2 8 1 7 8 
8 10 6 9 5 8 4 7 8 
7 12 4 11 3 10 2 9 8 
8 8 4 7 2 6 1 5 8 
7 12 4 11 3 10 2 9 8 
7 11 3 10 2 9 1 8 8 
7 8 4 7 2 6 1 5 8 
7 12 4 11 3 10 2 9 8 
7 12 4 11 3 10 2 9 8 
7 13 5 12 4 11 3 10 8 
7 13 5 12 4 11 3 10 8 
8 11 4 10 3 9 2 8 8 
8 12 6 11 5 10 4 9 8 
7 11 3 10 2 9 1 8 8 
7 10 4 9 2 8 0 7 8 
8 11 3 10 1 9 0 8 8 
8 10 4 9 3 8 2 7 8 
7 9 4 8 3 7 2 6 8 
7 9 3 8 1 7 0 6 8 
7 12 4 11 3 10 2 9 8 
6 8 5 7 4 6 3 5 8 
7 12 4 11 3 10 2 9 8 
7 9 4 8 3 7 2 6 8 
7 8 3 7 2 6 1 5 8 
7 10 4 9 3 8 2 7 8 
7 9 3 8 1 7 0 6 8 
7 9 3 8 1 7 0 6 8 
8 9 5 8 4 7 3 6 8 
SCORES_TXT_END_0
SCORES_TXT_BEGIN_0 41 100 9 BLEU
8 8 7 7 6 6 5 5 8 
7 8 6 7 5 6 4 5 8 
8 9 7 8 5 7 3 6 8 
7 12 6 11 5 10 4 9 8 
7 12 6 11 5 10 4 9 8 
8 9 6 8 4 7 3 6 8 
8 10 6 9 5 8 4 7 8 
8 9 6 8 4 7 3 6 8 
8 8 4 7 3 6 2 5 8 
7 10 6 9 5 8 4 7 8 
7 11 6 10 5 9 4 8 8 
7 11 6 10 5 9 4 8 8 
8 9 6 8 4 7 2 6 8 
8 9 6 8 4 7 3 6 8 
8 9 6 8 4 7 2 6 8 
8 9 6 8 4 7 3 6 8 
8 9 7 8 6 7 5 6 8 
8 9 6 8 5 7 4 6 8 
8 9 6 8 5 7 4 6 8 
7 8 4 7 3 6 2 5 8 
8 8 4 7 2 6 1 5 8 
7 10 4 9 3 8 2 7 8 
7 9 6 8 4 7 2 6 8 
8 9 6 8 5 7 4 6 8 
8 9 5 8 3 7 2 6 8 
8 8 4 7 2 6 1 5 8 
8 9 6 8 5 7 4 6 8 
8 9 4 8 3 7 2 6 8 
8 8 5 7 4 6 3 5 8 
8 9 6 8 4 7 2 6 8 
8 9 6 8 5 7 4 6 8 
7 9 6 8 5 7 4 6 8 
8 10 7 9 6 8 5 7 8 
7 9 6 8 5 7 4 6 8 
8 9 6 8 4 7 2 6 8 
8 9 6 8 4 7 3 6 8 
7 9 6 8 5 7 4 6 8 
7 9 5 8 4 7 3 6 8 
8 9 6 8 4 7 3 6 8 
7 9 5 8 4 7 3 6 8 
7 11 6 10 5 9 4 8 8 
7 9 5 8 3 7 1 6 8 
8 9 6 8 4 7 2 6 8 
7 8 5 7 4 6 3 5 8 
7 13 6 12 4 11 2 10 8 
7 8 4 7 2 6 1 5 8 
7 11 6 10 5 9 4 8 8 
7 13 6 12 4 11 2 10 8 
8 9 4 8 3 7 2 6 8 
8 12 7 11 5 10 3 9 8 
8 10 7 9 6 8 5 7 8 
8 12 7 11 5 10 3 9 8 
7 12 4 11 3 10 2 9 8 
7 12 4 11 3 10 2 9 8 
8 9 4 8 3 7 2 6 8 
7 10 4 9 2 8 1 7 8 
8 10 4 9 3 8 2 7 8 
8 9 6 8 4 7 2 6 8 
7 11 4 10 3 9 2 8 8 
7 9 5 8 3 7 2 6 8 
8 11 6 10 4 9 2 8 8 
8 9 4 8 3 7 2 6 8 
7 11 4 10 3 9 2 8 8 
8 9 6 8 4 7 2 6 8 
8 8 5 7 3 6 2 5 8 
8 9 4 8 3 7 2 6 8 
7 9 6 8 5 7 4 6 8 
8 10 6 9 4 8 3 7 8 
7 9 4 8 3 7 2 6 8 
7 9 5 8 3 7 2 6 8 
8 9 4 8 3 7 2 6 8 
7 9 5 8 4 7 3 6 8 
8 8 4 7 2 6 1 5 8 
7 11 5 10 3 9 2 8 8 
8 9 4 8 3 7 2 6 8 
7 11 6 10 5 9 4 8 8 
7 9 5 8 3 7 2 6 8 
7 11 6 10 4 9 2 8 8 
8 9 6 8 4 7 2 6 8 
7 9 6 8 5 7 4 6 8 
7 11 4 10 3 9 2 8 8 
8 10 6 9 4 8 2 7 8 
8 10 6 9 4 8 3 7 8 
7 12 6 11 4 10 2 9 8 
7 13 5 12 4 11 3 10 8 
7 13 5 12 4 11 3 10 8 
7 9 5 8 4 7 3 6 8 
7 9 6 8 5 7 4 6 8 
7 12 6 11 4 10 2 9 8 
7 13 5 12 4 11 3 10 8 
8 9 6 8 4 7 2 6 8 
7 13 5 12 4 11 3 10 8 
8 9 7 8 6 7 5 6 8 
8 10 7 9 6 8 5 7 8 
7 9 4 8 3 7 2 6 8 
7 11 6 10 5 9 4 8 8 
8 10 6 9 4 8 3 7 8 
8 10 6 9 3 8 2 7 8 
8 9 6 8 5 7 4 6 8 
7 8 5 7 3 6 2 5 8 
SCORES_TXT_END_0
SCORES_TXT_BEGIN_0 42 100 9 BLEU
7 10 4 9 2 8 1 7 8 
7 10 4 9 2 8 1 7 8 
7 10 4 9 2 8 1 7 8 
7 10 4 9 2 8 1 7 8 
7 10 4 9 2 8 1 7 8 
7 10 4 9 2 8 1 7 8 
7 10 4 9 2 8 1 7 8 
7 10 4 9 2 8 1 7 8 
7 10 4 9 2 8 1 7 8 
7 10 4 9 2 8 1 7 8 
7 14 3 13 1 12 0 11 8 
7 14 3 13 1 12 0 11 8 
7 10 4 9 2 8 1 7 8 
7 10 4 9 2 8 1 7 8 
7 14 3 13 1 12 0 11 8 
7 14 3 13 1 12 0 11 8 
7 10 4 9 2 8 1 7 8 
7 10 4 9 2 8 1 7 8 
7 10 4 9 2 8 1 7 8 
7 10 3 9 2 8 1 7 8 
7 10 3 9 2 8 1 7 8 
7 10 4 9 2 8 1 7 8 
7 10 4 9 2 8 1 7 8 
7 10 4 9 2 8 1 7 8 
7 14 3 13 1 12 0 11 8 
7 14 3 13 1 12 0 11 8 
7 12 3 11 1 10 0 9 8 
7 12 3 11 1 10 0 9 8 
7 10 3 9 2 8 1 7 8 
7 10 3 9 2 8 1 7 8 
7 14 3 13 1 12 0 11 8 
7 14 3 13 1 12 0 11 8 
7 10 3 9 2 8 1 7 8 
7 10 3 9 2 8 1 7 8 
7 10 3 9 2 8 1 7 8 
7 10 3 9 2 8 1 7 8 
7 12 4 11 2 10 1 9 8 
7 14 3 13 1 12 0 11 8 
7 14 2 13 1 12 0 11 8 
7 12 4 11 2 10 1 9 8 
6 10 3 9 2 8 1 7 8 
7 14 2 13 1 12 0 11 8 
7 14 3 13 1 12 0 11 8 
6 10 3 9 2 8 1 7 8 
7 12 4 11 2 10 1 9 8 
7 12 3 11 1 10 0 9 8 
7 12 4 11 2 10 1 9 8 
7 12 3 11 1 10 0 9 8 
7 11 4 10 2 9 1 8 8 
7 11 4 10 2 9 1 8 8 
7 12 4 11 2 10 1 9 8 
7 12 4 11 2 10 1 9 8 
7 14 3 13 1 12 0 11 8 
7 14 3 13 1 12 0 11 8 
7 12 4 11 2 10 1 9 8 
7 12 4 11 2 10 1 9 8 
6 10 3 9 2 8 1 7 8 
6 10 3 9 2 8 1 7 8 
7 12 3 11 1 10 0 9 8 
7 11 4 10 2 9 1 8 8 
7 12 3 11 1 10 0 9 8 
7 10 3 9 2 8 1 7 8 
7 11 4 10 2 9 1 8 8 
7 10 3 9 2 8 1 7 8 
6 10 3 9 2 8 1 7 8 
7 14 3 13 1 12 0 11 8 
6 10 3 9 2 8 1 7 8 
6 10 3 9 2 8 1 7 8 
7 14 2 13 1 12 0 11 8 
7 14 3 13 1 12 0 11 8 
6 10 3 9 2 8 1 7 8 
7 14 2 13 1 12 0 11 8 
6 14 2 13 1 12 0 11 8 
6 14 2 13 1 12 0 11 8 
7 14 3 13 1 12 0 11 8 
7 10 4 9 2 8 1 7 8 
7 14 3 13 1 12 0 11 8 
7 10 4 9 2 8 1 7 8 
7 10 3 9 2 8 1 7 8 
7 10 3 9 2 8 1 7 8 
7 10 3 9 2 8 1 7 8 
7 10 3 9 2 8 1 7 8 
7 12 3 11 1 10 0 9 8 
7 12 2 11 1 10 0 9 8 
7 12 2 11 1 10 0 9 8 
7 12 3 11 1 10 0 9 8 
7 12 4 11 2 10 1 9 8 
7 12 4 11 2 10 1 9 8 
7 12 4 11 2 10 1 9 8 
7 12 4 11 2 10 1 9 8 
7 14 4 13 2 12 1 11 8 
7 10 3 9 2 8 1 7 8 
7 14 4 13 2 12 1 11 8 
7 10 3 9 2 8 1 7 8 
7 12 3 11 1 10 0 9 8 
7 10 3 9 2 8 1 7 8 
7 10 3 9 2 8 1 7 8 
7 14 3 13 1 12 0 11 8 
7 14 2 13 1 12 0 11 8 
7 10 3 9 2 8 1 7 8 
SCORES_TXT_END_0
SCORES_TXT_BEGIN_0 43 54 9 BLEU
13 13 12 12 11 11 10 10 13 
12 13 11 12 10 11 9 10 13 
13 14 11 13 9 12 7 11 13 
13 15 11 14 10 13 9 12 13 
12 15 11 14 10 13 9 12 13 
12 14 10 13 8 12 6 11 13 
12 12 10 11 8 10 6 9 13 
12 12 11 11 10 10 9 9 13 
13 14 11 13 10 12 9 11 13 
13 16 10 15 8 14 6 13 13 
12 17 11 16 10 15 9 14 13 
11 12 9 11 7 10 5 9 13 
12 17 11 16 10 15 9 14 13 
11 12 10 11 9 10 8 9 13 
12 16 10 15 8 14 6 13 13 
12 14 11 13 10 12 9 11 13 
13 14 12 13 10 12 8 11 13 
12 13 9 12 6 11 3 10 13 
12 16 11 15 10 14 9 13 13 
12 13 10 12 8 11 6 10 13 
12 16 11 15 10 14 9 13 13 
12 13 10 12 8 11 6 10 13 
12 14 9 13 7 12 5 11 13 
12 14 10 13 9 12 8 11 13 
13 13 9 12 8 11 7 10 13 
13 15 10 14 8 13 6 12 13 
12 14 11 13 10 12 9 11 13 
11 11 9 10 7 9 6 8 13 
13 13 10 12 7 11 5 10 13 
11 14 9 13 7 12 5 11 13 
12 14 11 13 9 12 7 11 13 
12 18 11 17 10 16 9 15 13 
13 14 12 13 10 12 8 11 13 
12 18 11 17 10 16 9 15 13 
12 12 10 11 8 10 7 9 13 
13 14 12 13 10 12 8 11 13 
11 14 10 13 9 12 8 11 13 
12 18 10 17 8 16 6 15 13 
11 13 8 12 5 11 2 10 13 
12 18 10 17 8 16 6 15 13 
13 15 11 14 9 13 7 12 13 
13 14 12 13 11 12 10 11 13 
11 13 9 12 7 11 5 10 13 
11 13 9 12 7 11 6 10 13 
13 16 11 15 10 14 9 13 13 
13 15 12 14 11 13 9 12 13 
12 13 11 12 10 11 9 10 13 
13 14 11 13 9 12 7 11 13 
12 14 10 13 8 12 6 11 13 
13 14 11 13 9 12 7 11 13 
13 14 11 13 9 12 7 11 13 
13 14 11 13 10 12 9 11 13 
12 16 11 15 10 14 9 13 13 
13 13 10 12 7 11 5 10 13 
SCORES_TXT_END_0
SCORES_TXT_BEGIN_0 44 100 9 BLEU
10 10 9 9 8 8 7 7 10 
10 12 8 11 6 10 4 9 10 
10 12 8 11 6 10 4 9 10 
9 9 7 8 5 7 3 6 10 
8 8 6 7 4 6 2 5 10 
10 11 8 10 6 9 4 8 10 
10 11 8 10 6 9 4 8 10 
9 10 7 9 5 8 3 7 10 
10 11 8 10 6 9 4 8 10 
10 11 8 10 6 9 4 8 10 
10 12 9 11 8 10 6 9 10 
10 11 8 10 7 9 6 8 10 
10 11 9 10 7 9 5 8 10 
9 11 7 10 5 9 3 8 10 
10 14 9 13 8 12 6 11 10 
10 14 9 13 8 12 6 11 10 
9 11 6 10 3 9 1 8 10 
10 14 8 13 6 12 4 11 10 
9 11 6 10 3 9 1 8 10 
10 11 8 10 6 9 4 8 10 
8 9 5 8 3 7 2 6 10 
10 11 8 10 6 9 4 8 10 
10 13 8 12 6 11 4 10 10 
9 10 5 9 2 8 0 7 10 
10 13 8 12 6 11 4 10 10 
8 10 5 9 2 8 0 7 10 
10 13 8 12 6 11 4 10 10 
10 11 8 10 7 9 6 8 10 
10 13 9 12 8 11 6 10 10 
10 11 8 10 6 9 4 8 10 
10 12 8 11 6 10 4 9 10 
10 14 8 13 6 12 4 11 10 
8 9 5 8 3 7 2 6 10 
10 13 7 12 5 11 3 10 10 
10 13 9 12 8 11 6 10 10 
10 11 8 10 6 9 4 8 10 
9 12 7 11 5 10 3 9 10 
10 11 8 10 6 9 4 8 10 
10 10 6 9 4 8 2 7 10 
8 9 5 8 3 7 1 6 10 
10 13 7 12 5 11 4 10 10 
9 12 7 11 5 10 3 9 10 
9 11 6 10 4 9 2 8 10 
10 10 6 9 5 8 4 7 10 
10 13 7 12 5 11 4 10 10 
10 11 8 10 6 9 4 8 10 
10 13 9 12 7 11 5 10 10 
10 11 8 10 6 9 4 8 10 
9 10 6 9 4 8 2 7 10 
10 13 9 12 7 11 5 10 10 
8 9 6 8 4 7 2 6 10 
8 9 6 8 4 7 2 6 10 
9 9 5 8 3 7 1 6 10 
10 13 7 12 5 11 3 10 10 
10 14 8 13 6 12 4 11 10 
8 9 5 8 3 7 1 6 10 
9 11 7 10 5 9 3 8 10 
10 11 8 10 6 9 4 8 10 
10 13 9 12 8 11 6 10 10 
10 14 8 13 6 12 4 11 10 
9 10 8 9 7 8 6 7 10 
10 12 9 11 7 10 5 9 10 
8 8 4 7 2 6 1 5 10 
10 11 8 10 6 9 4 8 10 
9 11 7 10 5 9 3 8 10 
7 8 4 7 2 6 0 5 10 
10 13 7 12 5 11 3 10 10 
9 11 7 10 5 9 3 8 10 
8 9 6 8 4 7 2 6 10 
9 11 7 10 5 9 3 8 10 
10 14 8 13 6 12 4 11 10 
10 16 8 15 6 14 4 13 10 
8 8 4 7 2 6 0 5 10 
10 10 6 9 4 8 3 7 10 
8 9 6 8 4 7 2 6 10 
10 16 8 15 6 14 4 13 10 
9 11 7 10 5 9 3 8 10 
10 13 8 12 6 11 4 10 10 
10 16 8 15 6 14 4 13 10 
10 16 8 15 6 14 4 13 10 
10 14 8 13 6 12 4 11 10 
10 12 9 11 7 10 5 9 10 
10 13 8 12 6 11 4 10 10 
7 9 4 8 2 7 0 6 10 
10 11 8 10 7 9 6 8 10 
10 12 9 11 7 10 5 9 10 
9 13 7 12 5 11 3 10 10 
9 10 6 9 3 8 1 7 10 
7 8 4 7 2 6 0 5 10 
8 10 5 9 3 8 1 7 10 
10 13 8 12 6 11 4 10 10 
10 11 8 10 6 9 4 8 10 
8 11 6 10 4 9 2 8 10 
9 13 7 12 5 11 3 10 10 
10 12 8 11 6 10 4 9 10 
10 12 8 11 6 10 4 9 10 
10 11 8 10 6 9 5 8 10 
10 12 8 11 6 10 4 9 10 
10 13 8 12 6 11 4 10 10 
10 13 8 12 6 11 4 10 10 
SCORES_TXT_END_0
SCORES_TXT_BEGIN_0 45 88 9 BLEU
12 12 9 11 8 10 7 9 13 
11 12 9 11 8 10 7 9 13 
12 13 9 12 8 11 7 10 13 
13 13 9 12 8 11 7 10 13 
11 13 9 12 8 11 7 10 13 
12 12 8 11 6 10 4 9 13 
12 16 10 15 8 14 7 13 13 
12 16 10 15 8 14 7 13 13 
11 13 9 12 8 11 7 10 13 
13 14 12 13 11 12 10 11 13 
13 13 10 12 8 11 7 10 13 
12 12 8 11 6 10 4 9 13 
12 13 9 12 8 11 7 10 13 
12 12 8 11 6 10 4 9 13 
11 11 7 10 5 9 3 8 13 
12 14 11 13 10 12 9 11 13 
13 13 9 12 6 11 4 10 13 
13 13 9 12 6 11 4 10 13 
11 12 8 11 6 10 4 9 13 
11 14 9 13 8 12 7 11 13 
12 12 9 11 8 10 7 9 13 
13 13 9 12 6 11 4 10 13 
12 12 8 11 5 10 3 9 13 
12 12 8 11 6 10 4 9 13 
11 12 7 11 5 10 3 9 13 
12 17 10 16 8 15 7 14 13 
12 12 8 11 6 10 4 9 13 
12 17 10 16 8 15 7 14 13 
13 14 9 13 8 12 7 11 13 
12 13 9 12 8 11 7 10 13 
13 13 8 12 6 11 4 10 13 
12 12 8 11 6 10 4 9 13 
11 11 7 10 5 9 3 8 13 
12 14 9 13 8 12 7 11 13 
12 13 8 12 5 11 3 10 13 
12 13 10 12 8 11 7 10 13 
11 11 7 10 5 9 3 8 13 
11 12 8 11 6 10 4 9 13 
12 17 10 16 8 15 7 14 13 
13 15 12 14 11 13 10 12 13 
12 17 10 16 8 15 7 14 13 
11 11 6 10 4 9 2 8 13 
11 13 8 12 6 11 4 10 13 
11 12 8 11 6 10 4 9 13 
11 12 7 11 5 10 3 9 13 
12 16 9 15 6 14 4 13 13 
12 16 9 15 6 14 4 13 13 
10 11 7 10 5 9 3 8 13 
12 13 9 12 6 11 4 10 13 
13 15 10 14 8 13 7 12 13 
12 13 9 12 6 11 4 10 13 
13 15 10 14 8 13 7 12 13 
12 15 11 14 10 13 9 12 13 
10 12 7 11 5 10 3 9 13 
13 14 9 13 7 12 5 11 13 
13 13 8 12 6 11 4 10 13 
11 11 6 10 4 9 2 8 13 
13 15 12 14 11 13 10 12 13 
11 12 9 11 8 10 7 9 13 
12 13 9 12 8 11 7 10 13 
12 13 9 12 6 11 4 10 13 
13 13 8 12 6 11 5 10 13 
13 13 8 12 6 11 4 10 13 
13 14 10 13 8 12 7 11 13 
12 13 9 12 7 11 6 10 13 
12 12 7 11 5 10 3 9 13 
11 12 8 11 6 10 4 9 13 
11 12 7 11 5 10 3 9 13 
11 12 8 11 5 10 3 9 13 
11 12 8 11 6 10 4 9 13 
12 15 10 14 8 13 7 12 13 
13 15 9 14 6 13 4 12 13 
12 14 10 13 8 12 7 11 13 
13 14 11 13 9 12 7 11 13 
13 14 10 13 8 12 7 11 13 
13 15 9 14 6 13 4 12 13 
12 15 10 14 8 13 7 12 13 
12 14 9 13 8 12 7 11 13 
11 13 9 12 8 11 7 10 13 
13 15 9 14 6 13 4 12 13 
11 13 8 12 5 11 3 10 13 
13 14 10 13 8 12 7 11 13 
12 15 11 14 10 13 9 12 13 
12 13 8 12 6 11 4 10 13 
12 13 9 12 8 11 7 10 13 
13 15 9 14 6 13 4 12 13 
11 13 8 12 6 11 4 10 13 
12 13 9 12 8 11 7 10 13 
SCORES_TXT_END_0
SCORES_TXT_BEGIN_0 46 100 9 BLEU
10 10 9 9 8 8 7 7 10 
9 10 7 9 5 8 3 7 10 
9 10 8 9 7 8 6 7 10 
9 12 7 11 5 10 3 9 10 
9 9 7 8 5 7 4 6 10 
9 14 8 13 7 12 6 11 10 
9 14 8 13 7 12 6 11 10 
9 10 7 9 5 8 3 7 10 
10 12 8 11 7 10 6 9 10 
10 11 8 10 6 9 4 8 10 
8 10 6 9 4 8 2 7 10 
10 11 8 10 6 9 4 8 10 
10 10 6 9 3 8 1 7 10 
9 10 7 9 5 8 3 7 10 
9 12 8 11 7 10 6 9 10 
9 13 8 12 7 11 6 10 10 
9 13 8 12 7 11 6 10 10 
9 10 7 9 5 8 4 7 10 
8 9 6 8 4 7 3 6 10 
9 10 7 9 5 8 3 7 10 
8 10 6 9 4 8 2 7 10 
7 9 5 8 3 7 2 6 10 
9 11 7 10 5 9 3 8 10 
7 10 5 9 3 8 2 7 10 
9 11 7 10 5 9 3 8 10 
9 11 7 10 5 9 3 8 10 
9 10 7 9 5 8 4 7 10 
9 10 7 9 5 8 4 7 10 
9 12 6 11 3 10 1 9 10 
9 11 7 10 5 9 3 8 10 
9 10 7 9 5 8 4 7 10 
9 11 7 10 5 9 3 8 10 
9 10 6 9 4 8 2 7 10 
9 10 6 9 3 8 1 7 10 
9 11 7 10 5 9 3 8 10 
8 10 6 9 4 8 2 7 10 
8 9 6 8 4 7 3 6 10 
9 11 7 10 5 9 3 8 10 
7 9 5 8 3 7 2 6 10 
10 11 8 10 6 9 4 8 10 
8 9 5 8 3 7 2 6 10 
10 11 8 10 6 9 4 8 10 
10 12 8 11 6 10 4 9 10 
10 11 8 10 6 9 4 8 10 
9 11 7 10 5 9 3 8 10 
9 10 7 9 5 8 3 7 10 
10 11 8 10 6 9 4 8 10 
10 11 8 10 7 9 6 8 10 
10 11 8 10 6 9 4 8 10 
8 12 6 11 4 10 2 9 10 
9 11 7 10 5 9 3 8 10 
10 10 6 9 4 8 2 7 10 
10 11 8 10 6 9 4 8 10 
8 10 6 9 4 8 2 7 10 
8 11 6 10 4 9 2 8 10 
9 11 7 10 5 9 3 8 10 
8 10 6 9 4 8 3 7 10 
10 10 6 9 3 8 1 7 10 
10 11 8 10 6 9 4 8 10 
8 11 6 10 4 9 3 8 10 
8 10 5 9 3 8 2 7 10 
7 10 5 9 3 8 2 7 10 
9 10 6 9 4 8 3 7 10 
8 10 6 9 4 8 3 7 10 
10 10 6 9 5 8 4 7 10 
10 11 8 10 7 9 6 8 10 
8 9 6 8 5 7 4 6 10 
10 11 9 10 7 9 5 8 10 
8 14 6 13 4 12 2 11 10 
7 9 4 8 3 7 2 6 10 
8 9 5 8 4 7 3 6 10 
7 10 5 9 3 8 2 7 10 
9 11 8 10 7 9 6 8 10 
8 14 6 13 4 12 2 11 10 
9 13 7 12 5 11 3 10 10 
8 11 6 10 4 9 2 8 10 
7 11 5 10 3 9 2 8 10 
9 10 6 9 4 8 2 7 10 
10 12 6 11 3 10 1 9 10 
9 10 5 9 3 8 2 7 10 
10 10 6 9 4 8 3 7 10 
9 11 7 10 5 9 3 8 10 
10 10 6 9 4 8 2 7 10 
8 9 4 8 3 7 2 6 10 
9 9 5 8 4 7 3 6 10 
9 11 7 10 5 9 3 8 10 
9 10 5 9 3 8 1 7 10 
8 10 5 9 3 8 2 7 10 
9 11 7 10 5 9 3 8 10 
8 10 6 9 4 8 2 7 10 
9 10 5 9 3 8 1 7 10 
7 10 5 9 3 8 2 7 10 
8 10 6 9 4 8 3 7 10 
9 12 7 11 5 10 3 9 10 
9 11 7 10 5 9 3 8 10 
9 10 6 9 5 8 4 7 10 
10 10 6 9 2 8 1 7 10 
10 11 8 10 7 9 6 8 10 
9 11 7 10 5 9 3 8 10 
9 12 6 11 4 10 2 9 10 
SCORES_TXT_END_0
SCORES_TXT_BEGIN_0 47 100 9 BLEU
10 10 9 9 8 8 7 7 10 
10 12 8 11 7 10 6 9 10 
10 11 8 10 7 9 6 8 10 
10 11 8 10 7 9 6 8 10 
10 14 8 13 7 12 6 11 10 
10 14 8 13 7 12 6 11 10 
10 13 8 12 7 11 6 10 10 
10 13 8 12 7 11 6 10 10 
10 13 8 12 7 11 6 10 10 
9 10 8 9 7 8 6 7 10 
10 11 8 10 7 9 6 8 10 
9 10 7 9 5 8 3 7 10 
10 11 8 10 7 9 6 8 10 
10 10 6 9 5 8 4 7 10 
10 15 8 14 7 13 6 12 10 
10 15 8 14 7 13 6 12 10 
10 11 8 10 6 9 4 8 10 
9 10 6 9 4 8 3 7 10 
9 10 7 9 5 8 3 7 10 
10 13 8 12 7 11 6 10 10 
10 12 8 11 7 10 6 9 10 
10 12 8 11 7 10 6 9 10 
9 12 5 11 4 10 3 9 10 
10 12 6 11 5 10 4 9 10 
10 11 6 10 5 9 4 8 10 
10 12 8 11 7 10 6 9 10 
8 10 5 9 3 8 2 7 10 
9 12 6 11 4 10 3 9 10 
9 10 6 9 5 8 4 7 10 
10 12 8 11 7 10 6 9 10 
8 10 6 9 4 8 2 7 10 
9 11 8 10 7 9 6 8 10 
9 11 8 10 7 9 6 8 10 
10 14 8 13 7 12 6 11 10 
10 14 8 13 7 12 6 11 10 
10 15 8 14 7 13 6 12 10 
10 15 8 14 7 13 6 12 10 
10 10 6 9 3 8 2 7 10 
10 14 6 13 5 12 4 11 10 
10 14 6 13 5 12 4 11 10 
10 14 8 13 7 12 6 11 10 
9 11 6 10 4 9 3 8 10 
9 11 8 10 7 9 6 8 10 
10 14 8 13 7 12 6 11 10 
10 10 6 9 4 8 3 7 10 
9 10 5 9 3 8 2 7 10 
10 13 7 12 5 11 3 10 10 
10 12 8 11 7 10 6 9 10 
8 12 4 11 3 10 2 9 10 
9 10 7 9 5 8 3 7 10 
9 12 6 11 4 10 2 9 10 
10 12 8 11 7 10 6 9 10 
10 12 5 11 3 10 2 9 10 
10 10 7 9 6 8 5 7 10 
10 11 5 10 3 9 2 8 10 
10 12 5 11 4 10 3 9 10 
9 10 5 9 4 8 3 7 10 
10 12 7 11 5 10 3 9 10 
9 10 6 9 4 8 2 7 10 
10 11 6 10 5 9 4 8 10 
10 11 5 10 4 9 3 8 10 
9 12 4 11 3 10 2 9 10 
10 13 6 12 5 11 4 10 10 
9 11 6 10 4 9 2 8 10 
10 11 6 10 5 9 4 8 10 
9 11 5 10 4 9 3 8 10 
8 10 5 9 3 8 2 7 10 
10 10 6 9 4 8 2 7 10 
10 10 7 9 5 8 4 7 10 
10 10 6 9 4 8 2 7 10 
10 13 6 12 5 11 4 10 10 
9 11 6 10 4 9 3 8 10 
8 10 5 9 3 8 2 7 10 
9 11 5 10 4 9 3 8 10 
10 10 6 9 4 8 2 7 10 
8 12 5 11 3 10 2 9 10 
8 10 6 9 4 8 2 7 10 
9 14 6 13 4 12 3 11 10 
9 14 6 13 4 12 3 11 10 
9 10 6 9 4 8 3 7 10 
8 10 6 9 4 8 2 7 10 
10 11 6 10 5 9 4 8 10 
10 10 6 9 4 8 3 7 10 
9 12 5 11 4 10 3 9 10 
9 10 6 9 5 8 4 7 10 
9 11 8 10 7 9 6 8 10 
8 12 4 11 3 10 2 9 10 
9 10 5 9 3 8 2 7 10 
9 10 5 9 3 8 2 7 10 
9 10 4 9 3 8 2 7 10 
8 10 4 9 3 8 2 7 10 
9 11 6 10 5 9 4 8 10 
9 11 5 10 4 9 3 8 10 
10 12 7 11 5 10 3 9 10 
9 10 7 9 6 8 5 7 10 
9 10 4 9 3 8 2 7 10 
9 11 6 10 5 9 4 8 10 
10 12 6 11 5 10 4 9 10 
10 13 6 12 5 11 4 10 10 
9 10 6 9 4 8 2 7 10 
SCORES_TXT_END_0
SCORES_TXT_BEGIN_0 48 100 9 BLEU
6 6 5 5 4 4 3 3 6 
6 8 4 7 3 6 2 5 6 
5 6 3 5 1 4 0 3 6 
5 7 2 6 1 5 0 4 6 
5 8 2 7 1 6 0 5 6 
6 7 4 6 3 5 2 4 6 
5 10 2 9 1 8 0 7 6 
5 10 2 9 1 8 0 7 6 
6 7 4 6 3 5 2 4 6 
6 10 4 9 3 8 2 7 6 
6 10 4 9 3 8 2 7 6 
6 7 4 6 3 5 2 4 6 
5 7 4 6 3 5 2 4 6 
5 7 2 6 1 5 0 4 6 
4 6 2 5 1 4 0 3 6 
6 9 4 8 3 7 2 6 6 
6 7 4 6 3 5 2 4 6 
6 9 3 8 2 7 1 6 6 
6 7 4 6 3 5 2 4 6 
5 9 3 8 2 7 1 6 6 
6 9 4 8 3 7 2 6 6 
5 6 4 5 3 4 2 3 6 
6 9 4 8 3 7 2 6 6 
5 7 2 6 0 5 0 4 6 
4 7 2 6 0 5 0 4 6 
6 7 4 6 2 5 0 4 6 
6 7 4 6 3 5 2 4 6 
6 9 4 8 3 7 2 6 6 
6 9 4 8 3 7 2 6 6 
6 7 4 6 3 5 2 4 6 
5 9 2 8 1 7 0 6 6 
6 8 4 7 3 6 2 5 6 
6 7 4 6 2 5 1 4 6 
5 8 1 7 0 6 0 5 6 
5 7 2 6 1 5 0 4 6 
4 8 1 7 0 6 0 5 6 
6 7 4 6 3 5 2 4 6 
5 9 1 8 0 7 0 6 6 
6 8 4 7 3 6 2 5 6 
5 9 2 8 1 7 0 6 6 
4 9 1 8 0 7 0 6 6 
6 7 5 6 4 5 3 4 6 
6 7 4 6 2 5 0 4 6 
6 8 3 7 2 6 1 5 6 
5 8 3 7 2 6 1 5 6 
5 7 2 6 1 5 0 4 6 
6 9 4 8 3 7 2 6 6 
5 7 3 6 1 5 0 4 6 
6 11 4 10 3 9 2 8 6 
6 11 4 10 3 9 2 8 6 
6 7 4 6 2 5 0 4 6 
6 7 5 6 4 5 3 4 6 
5 9 2 8 1 7 0 6 6 
6 9 4 8 3 7 2 6 6 
6 11 4 10 3 9 2 8 6 
6 11 4 10 3 9 2 8 6 
6 8 4 7 3 6 2 5 6 
6 7 4 6 3 5 2 4 6 
4 7 2 6 1 5 0 4 6 
4 7 2 6 1 5 0 4 6 
6 7 4 6 2 5 1 4 6 
6 8 4 7 3 6 2 5 6 
6 11 4 10 3 9 2 8 6 
5 9 2 8 1 7 0 6 6 
6 11 4 10 3 9 2 8 6 
6 7 4 6 3 5 2 4 6 
6 9 3 8 1 7 0 6 6 
5 7 2 6 1 5 0 4 6 
5 9 2 8 1 7 0 6 6 
5 11 1 10 0 9 0 8 6 
6 7 4 6 2 5 1 4 6 
6 6 2 5 1 4 0 3 6 
5 11 1 10 0 9 0 8 6 
4 11 1 10 0 9 0 8 6 
5 7 4 6 3 5 2 4 6 
6 10 4 9 3 8 2 7 6 
4 11 1 10 0 9 0 8 6 
6 8 4 7 3 6 2 5 6 
6 10 4 9 3 8 2 7 6 
6 8 3 7 2 6 1 5 6 
5 6 2 5 1 4 0 3 6 
6 8 4 7 3 6 2 5 6 
5 8 2 7 1 6 0 5 6 
6 7 5 6 4 5 3 4 6 
6 9 3 8 2 7 1 6 6 
5 7 2 6 1 5 0 4 6 
4 7 2 6 1 5 0 4 6 
6 10 4 9 3 8 2 7 6 
5 7 3 6 1 5 0 4 6 
5 7 4 6 3 5 2 4 6 
5 7 4 6 3 5 2 4 6 
5 7 3 6 1 5 0 4 6 
6 8 4 7 3 6 2 5 6 
5 7 2 6 1 5 0 4 6 
6 8 3 7 2 6 1 5 6 
6 8 4 7 3 6 2 5 6 
6 8 4 7 3 6 2 5 6 
5 8 3 7 2 6 1 5 6 
5 7 4 6 3 5 2 4 6 
6 8 4 7 3 6 2 5 6 
SCORES_TXT_END_0
SCORES_TXT_BEGIN_0 49 100 9 BLEU
8 8 7 7 6 6 5 5 8 
8 10 6 9 5 8 4 7 8 
8 12 6 11 5 10 4 9 8 
8 12 6 11 5 10 4 9 8 
8 9 6 8 5 7 4 6 8 
7 8 6 7 5 6 4 5 8 
7 9 5 8 4 7 3 6 8 
8 9 6 8 5 7 4 6 8 
7 9 5 8 4 7 3 6 8 
8 11 6 10 5 9 4 8 8 
8 9 6 8 4 7 3 6 8 
8 11 6 10 5 9 4 8 8 
8 9 6 8 4 7 2 6 8 
7 11 5 10 4 9 3 8 8 
8 11 5 10 3 9 2 8 8 
7 10 5 9 4 8 3 7 8 
7 11 5 10 4 9 3 8 8 
8 9 6 8 4 7 2 6 8 
8 9 6 8 4 7 2 6 8 
8 9 6 8 5 7 4 6 8 
7 13 5 12 4 11 3 10 8 
7 13 5 12 4 11 3 10 8 
7 10 5 9 4 8 3 7 8 
7 9 6 8 5 7 4 6 8 
8 8 4 7 3 6 2 5 8 
8 9 6 8 4 7 3 6 8 
8 11 5 10 3 9 2 8 8 
7 9 6 8 5 7 4 6 8 
8 13 5 12 3 11 2 10 8 
8 8 4 7 2 6 1 5 8 
8 13 5 12 3 11 2 10 8 
7 13 5 12 4 11 3 10 8 
7 13 5 12 4 11 3 10 8 
7 8 5 7 3 6 1 5 8 
8 11 4 10 3 9 2 8 8 
8 11 4 10 3 9 2 8 8 
8 11 5 10 3 9 1 8 8 
7 10 5 9 4 8 3 7 8 
8 11 5 10 3 9 2 8 8 
8 10 4 9 3 8 2 7 8 
8 10 6 9 4 8 2 7 8 
7 12 5 11 4 10 3 9 8 
7 9 5 8 4 7 3 6 8 
8 10 6 9 4 8 2 7 8 
7 9 5 8 4 7 3 6 8 
8 9 6 8 4 7 2 6 8 
8 10 6 9 4 8 2 7 8 
8 11 5 10 3 9 2 8 8 
8 13 5 12 3 11 2 10 8 
8 13 5 12 3 11 2 10 8 
8 10 4 9 2 8 1 7 8 
7 8 6 7 4 6 3 5 8 
8 10 5 9 3 8 2 7 8 
8 9 4 8 2 7 1 6 8 
7 10 4 9 2 8 0 7 8 
8 8 4 7 2 6 0 5 8 
7 12 5 11 4 10 3 9 8 
8 12 6 11 4 10 2 9 8 
7 10 5 9 4 8 3 7 8 
8 12 6 11 4 10 2 9 8 
8 8 4 7 1 6 0 5 8 
8 9 4 8 3 7 2 6 8 
7 12 5 11 4 10 3 9 8 
8 8 4 7 2 6 1 5 8 
8 13 5 12 3 11 1 10 8 
8 13 5 12 3 11 1 10 8 
8 13 5 12 3 11 2 10 8 
7 11 5 10 4 9 3 8 8 
7 9 5 8 3 7 1 6 8 
8 13 5 12 3 11 2 10 8 
8 8 5 7 4 6 3 5 8 
7 11 5 10 4 9 3 8 8 
8 8 3 7 2 6 1 5 8 
8 12 5 11 3 10 1 9 8 
8 8 4 7 1 6 0 5 8 
6 9 5 8 4 7 3 6 8 
8 12 5 11 3 10 1 9 8 
7 12 5 11 4 10 3 9 8 
8 11 5 10 3 9 1 8 8 
8 12 5 11 3 10 1 9 8 
8 10 5 9 3 8 2 7 8 
8 11 6 10 4 9 2 8 8 
8 11 6 10 4 9 2 8 8 
8 13 5 12 3 11 2 10 8 
8 13 5 12 3 11 2 10 8 
8 8 4 7 2 6 0 5 8 
8 9 4 8 3 7 2 6 8 
7 9 4 8 3 7 2 6 8 
8 10 4 9 2 8 0 7 8 
8 9 4 8 3 7 2 6 8 
8 8 4 7 2 6 1 5 8 
7 9 5 8 3 7 2 6 8 
8 10 6 9 4 8 2 7 8 
7 12 4 11 2 10 0 9 8 
8 9 4 8 2 7 1 6 8 
7 12 4 11 2 10 0 9 8 
6 9 5 8 4 7 3 6 8 
8 8 5 7 3 6 2 5 8 
7 9 4 8 3 7 2 6 8 
8 14 5 13 3 12 1 11 8 
SCORES_TXT_END_0
SCORES_TXT_BEGIN_0 50 100 9 BLEU
5 7 3 6 1 5 0 4 5 
5 6 3 5 1 4 0 3 5 
5 6 3 5 2 4 1 3 5 
5 8 3 7 2 6 1 5 5 
5 7 3 6 2 5 1 4 5 
5 6 4 5 3 4 2 3 5 
5 7 3 6 2 5 1 4 5 
5 8 2 7 1 6 0 5 5 
5 6 4 5 3 4 2 3 5 
5 10 3 9 2 8 1 7 5 
5 10 3 9 2 8 1 7 5 
5 7 3 6 2 5 1 4 5 
5 7 2 6 1 5 0 4 5 
5 9 3 8 2 7 1 6 5 
5 9 3 8 2 7 1 6 5 
5 7 3 6 1 5 0 4 5 
5 7 3 6 2 5 1 4 5 
5 7 3 6 2 5 1 4 5 
5 7 2 6 1 5 0 4 5 
5 10 2 9 1 8 0 7 5 
5 10 2 9 1 8 0 7 5 
5 9 3 8 2 7 1 6 5 
5 9 2 8 1 7 0 6 5 
5 9 3 8 2 7 1 6 5 
5 8 2 7 1 6 0 5 5 
4 6 3 5 2 4 1 3 5 
5 9 2 8 1 7 0 6 5 
5 7 2 6 1 5 0 4 5 
5 8 3 7 2 6 1 5 5 
5 9 2 8 1 7 0 6 5 
5 11 2 10 1 9 0 8 5 
5 11 2 10 1 9 0 8 5 
5 8 3 7 2 6 1 5 5 
5 7 4 6 3 5 2 4 5 
5 7 2 6 1 5 0 4 5 
5 7 3 6 1 5 0 4 5 
5 7 4 6 3 5 2 4 5 
4 6 3 5 2 4 1 3 5 
5 9 2 8 1 7 0 6 5 
5 8 3 7 2 6 1 5 5 
5 7 4 6 3 5 2 4 5 
5 8 2 7 1 6 0 5 5 
5 8 3 7 2 6 1 5 5 
5 11 3 10 2 9 1 8 5 
5 11 3 10 2 9 1 8 5 
5 7 4 6 3 5 2 4 5 
5 8 2 7 1 6 0 5 5 
5 10 3 9 2 8 1 7 5 
5 10 3 9 2 8 1 7 5 
5 11 3 10 2 9 1 8 5 
5 7 3 6 1 5 0 4 5 
5 9 2 8 1 7 0 6 5 
5 11 3 10 2 9 1 8 5 
4 6 2 5 1 4 0 3 5 
5 10 2 9 1 8 0 7 5 
5 8 2 7 1 6 0 5 5 
5 8 3 7 2 6 1 5 5 
5 10 3 9 2 8 1 7 5 
5 10 3 9 2 8 1 7 5 
5 8 3 7 2 6 1 5 5 
5 9 2 8 1 7 0 6 5 
5 11 2 10 1 9 0 8 5 
5 7 3 6 2 5 1 4 5 
5 11 2 10 1 9 0 8 5 
5 10 2 9 1 8 0 7 5 
5 8 3 7 2 6 1 5 5 
5 10 2 9 1 8 0 7 5 
5 10 2 9 1 8 0 7 5 
5 8 2 7 1 6 0 5 5 
5 6 2 5 1 4 0 3 5 
5 8 2 7 1 6 0 5 5 
5 6 2 5 1 4 0 3 5 
5 7 2 6 1 5 0 4 5 
5 8 2 7 1 6 0 5 5 
5 10 3 9 2 8 1 7 5 
5 10 3 9 2 8 1 7 5 
4 6 2 5 1 4 0 3 5 
4 7 3 6 2 5 1 4 5 
4 7 2 6 1 5 0 4 5 
4 6 2 5 1 4 0 3 5 
5 6 2 5 1 4 0 3 5 
5 11 2 10 1 9 0 8 5 
5 6 2 5 1 4 0 3 5 
5 11 2 10 1 9 0 8 5 
5 8 2 7 1 6 0 5 5 
5 6 2 5 1 4 0 3 5 
4 7 3 6 2 5 1 4 5 
4 7 3 6 2 5 1 4 5 
5 6 2 5 1 4 0 3 5 
5 11 2 10 1 9 0 8 5 
5 11 2 10 1 9 0 8 5 
4 7 3 6 2 5 1 4 5 
4 6 2 5 1 4 0 3 5 
5 7 3 6 2 5 1 4 5 
5 10 2 9 1 8 0 7 5 
5 7 2 6 1 5 0 4 5 
5 10 2 9 1 8 0 7 5 
4 7 3 6 2 5 1 4 5 
5 7 2 6 1 5 0 4 5 
5 7 3 6 2 5 1 4 5 
SCORES_TXT_END_0
SCORES_TXT_BEGIN_0 51 100 9 BLEU
9 9 8 8 7 7 6 6 9 
8 9 7 8 6 7 5 6 9 
9 11 7 10 6 9 5 8 9 
9 10 8 9 6 8 5 7 9 
8 11 6 10 5 9 4 8 9 
9 13 7 12 6 11 5 10 9 
9 13 7 12 6 11 5 10 9 
9 10 6 9 5 8 4 7 9 
8 10 7 9 5 8 4 7 9 
9 10 7 9 5 8 4 7 9 
9 10 8 9 6 8 4 7 9 
8 13 6 12 5 11 4 10 9 
8 13 6 12 5 11 4 10 9 
9 10 7 9 6 8 5 7 9 
9 12 7 11 6 10 5 9 9 
9 10 7 9 5 8 3 7 9 
9 12 7 11 6 10 5 9 9 
9 10 6 9 5 8 4 7 9 
8 10 7 9 5 8 3 7 9 
9 10 7 9 5 8 3 7 9 
9 9 5 8 3 7 1 6 9 
8 10 6 9 5 8 4 7 9 
9 10 7 9 6 8 5 7 9 
8 12 6 11 5 10 4 9 9 
9 10 7 9 5 8 3 7 9 
8 9 6 8 4 7 3 6 9 
7 9 5 8 4 7 3 6 9 
8 9 7 8 6 7 5 6 9 
9 9 5 8 3 7 2 6 9 
9 9 5 8 3 7 1 6 9 
8 10 6 9 5 8 4 7 9 
9 10 5 9 4 8 3 7 9 
8 12 6 11 5 10 4 9 9 
8 10 6 9 4 8 2 7 9 
9 10 7 9 5 8 4 7 9 
9 10 6 9 5 8 4 7 9 
9 12 7 11 6 10 5 9 9 
8 10 6 9 4 8 2 7 9 
8 10 6 9 4 8 3 7 9 
9 11 6 10 5 9 4 8 9 
8 9 4 8 2 7 0 6 9 
8 9 4 8 3 7 2 6 9 
8 9 6 8 5 7 4 6 9 
8 10 6 9 5 8 4 7 9 
7 9 6 8 5 7 4 6 9 
8 10 6 9 4 8 2 7 9 
8 9 4 8 2 7 1 6 9 
9 11 8 10 6 9 4 8 9 
8 9 6 8 4 7 2 6 9 
9 10 7 9 5 8 3 7 9 
9 9 5 8 3 7 2 6 9 
9 9 5 8 4 7 3 6 9 
9 10 8 9 7 8 6 7 9 
9 9 6 8 5 7 4 6 9 
9 11 5 10 3 9 1 8 9 
8 9 4 8 2 7 1 6 9 
9 10 6 9 4 8 3 7 9 
9 9 5 8 2 7 0 6 9 
9 10 7 9 5 8 3 7 9 
8 9 4 8 2 7 1 6 9 
9 10 6 9 5 8 4 7 9 
9 11 8 10 6 9 5 8 9 
9 10 7 9 5 8 4 7 9 
9 10 5 9 4 8 3 7 9 
9 9 6 8 1 7 0 6 9 
9 10 8 9 6 8 4 7 9 
9 10 5 9 4 8 3 7 9 
8 12 6 11 5 10 4 9 9 
9 9 6 8 5 7 4 6 9 
9 11 6 10 5 9 4 8 9 
8 10 7 9 6 8 5 7 9 
9 11 5 10 3 9 1 8 9 
9 9 6 8 2 7 0 6 9 
7 10 5 9 3 8 1 7 9 
9 9 6 8 2 7 0 6 9 
8 9 5 8 0 7 0 6 9 
9 11 6 10 5 9 4 8 9 
8 9 5 8 1 7 0 6 9 
9 13 5 12 3 11 1 10 9 
7 9 5 8 4 7 3 6 9 
9 13 5 12 3 11 1 10 9 
9 11 7 10 6 9 5 8 9 
9 11 7 10 5 9 4 8 9 
8 11 7 10 5 9 3 8 9 
9 11 5 10 3 9 2 8 9 
7 9 5 8 3 7 1 6 9 
7 9 3 8 1 7 0 6 9 
8 9 4 8 1 7 0 6 9 
9 9 5 8 3 7 1 6 9 
8 10 6 9 4 8 2 7 9 
9 10 7 9 6 8 5 7 9 
8 9 4 8 3 7 2 6 9 
9 10 8 9 7 8 6 7 9 
8 9 5 8 4 7 3 6 9 
9 12 7 11 5 10 3 9 9 
8 10 6 9 4 8 2 7 9 
8 9 5 8 4 7 3 6 9 
9 14 7 13 6 12 5 11 9 
8 9 4 8 1 7 0 6 9 
8 10 5 9 3 8 2 7 9 
SCORES_TXT_END_0
SCORES_TXT_BEGIN_0 52 78 9 BLEU
11 11 10 10 9 9 8 8 11 
10 11 9 10 8 9 7 8 11 
11 12 9 11 7 10 5 9 11 
10 13 9 12 8 11 7 10 11 
11 13 9 12 8 11 7 10 11 
10 11 8 10 7 9 6 8 11 
10 12 7 11 5 10 3 9 11 
10 12 8 11 7 10 6 9 11 
10 12 8 11 6 10 4 9 11 
9 13 8 12 7 11 6 10 11 
10 15 9 14 8 13 7 12 11 
10 15 9 14 8 13 7 12 11 
9 11 8 10 7 9 6 8 11 
10 14 8 13 6 12 4 11 11 
11 12 9 11 7 10 5 9 11 
9 14 8 13 7 12 6 11 11 
9 12 8 11 7 10 6 9 11 
11 14 8 13 6 12 4 11 11 
10 11 6 10 4 9 3 8 11 
9 16 8 15 7 14 6 13 11 
10 11 8 10 7 9 6 8 11 
9 12 7 11 5 10 3 9 11 
10 14 9 13 8 12 7 11 11 
10 14 9 13 8 12 7 11 11 
9 16 8 15 7 14 6 13 11 
10 12 7 11 5 10 3 9 11 
10 10 8 9 6 8 4 7 11 
10 13 8 12 7 11 6 10 11 
10 12 8 11 7 10 6 9 11 
10 13 7 12 5 11 3 10 11 
9 15 8 14 7 13 6 12 11 
10 14 8 13 7 12 6 11 11 
10 16 8 15 6 14 4 13 11 
9 15 8 14 7 13 6 12 11 
10 16 8 15 6 14 4 13 11 
9 14 7 13 5 12 3 11 11 
10 12 9 11 8 10 7 9 11 
10 13 8 12 7 11 6 10 11 
9 16 7 15 5 14 3 13 11 
9 16 7 15 5 14 3 13 11 
9 12 7 11 5 10 3 9 11 
10 11 7 10 5 9 3 8 11 
10 12 8 11 6 10 4 9 11 
9 12 5 11 3 10 2 9 11 
10 14 8 13 6 12 4 11 11 
9 12 7 11 5 10 3 9 11 
9 11 8 10 7 9 6 8 11 
10 13 7 12 5 11 3 10 11 
11 11 7 10 5 9 3 8 11 
9 15 7 14 5 13 3 12 11 
10 14 7 13 5 12 3 11 11 
9 13 7 12 5 11 3 10 11 
10 10 6 9 4 8 3 7 11 
9 11 6 10 4 9 3 8 11 
11 12 9 11 8 10 7 9 11 
9 13 8 12 7 11 6 10 11 
10 12 5 11 3 10 2 9 11 
11 11 7 10 5 9 3 8 11 
10 16 8 15 7 14 6 13 11 
10 15 8 14 6 13 4 12 11 
10 11 8 10 6 9 4 8 11 
10 11 8 10 7 9 6 8 11 
9 10 7 9 5 8 3 7 11 
11 14 8 13 6 12 4 11 11 
9 14 7 13 5 12 3 11 11 
10 15 8 14 6 13 4 12 11 
9 17 7 16 5 15 3 14 11 
9 11 6 10 4 9 3 8 11 
10 12 7 11 5 10 3 9 11 
9 15 7 14 5 13 3 12 11 
11 12 7 11 5 10 3 9 11 
11 12 9 11 8 10 7 9 11 
9 15 7 14 5 13 3 12 11 
9 17 7 16 5 15 3 14 11 
10 12 6 11 4 10 2 9 11 
10 14 8 13 7 12 6 11 11 
9 13 8 12 7 11 6 10 11 
10 11 7 10 5 9 3 8 11 
SCORES_TXT_END_0
SCORES_TXT_BEGIN_0 53 21 9 BLEU
18 18 17 17 16 16 15 15 18 
18 18 14 17 11 16 8 15 18 
17 18 16 17 15 16 14 15 18 
17 19 16 18 15 17 14 16 18 
17 18 14 17 11 16 8 15 18 
18 18 15 17 10 16 8 15 18 
18 18 13 17 10 16 8 15 18 
18 18 13 17 9 16 7 15 18 
17 20 14 19 11 18 8 17 18 
17 22 16 21 15 20 14 19 18 
17 22 16 21 15 20 14 19 18 
18 18 15 17 11 16 7 15 18 
17 19 14 18 11 17 8 16 18 
18 20 16 19 15 18 14 17 18 
17 18 13 17 10 16 8 15 18 
18 18 15 17 11 16 10 15 18 
18 18 13 17 9 16 7 15 18 
17 17 15 16 13 15 11 14 18 
18 18 13 17 10 16 8 15 18 
17 20 16 19 15 18 14 17 18 
17 18 15 17 13 16 11 15 18 
SCORES_TXT_END_0
SCORES_TXT_BEGIN_0 54 100 9 BLEU
12 12 11 11 10 10 9 9 12 
12 14 10 13 9 12 8 11 12 
12 13 10 12 9 11 8 10 12 
11 13 9 12 8 11 7 10 12 
11 17 9 16 8 15 7 14 12 
11 17 9 16 8 15 7 14 12 
11 15 9 14 8 13 7 12 12 
12 16 10 15 9 14 8 13 12 
12 16 10 15 9 14 8 13 12 
11 11 9 10 7 9 5 8 12 
11 12 7 11 5 10 4 9 12 
12 13 10 12 9 11 8 10 12 
12 15 10 14 9 13 8 12 12 
12 15 10 14 9 13 8 12 12 
11 12 9 11 8 10 7 9 12 
10 10 8 9 6 8 4 7 12 
12 13 10 12 9 11 8 10 12 
11 14 9 13 8 12 7 11 12 
11 12 10 11 9 10 8 9 12 
11 14 9 13 8 12 7 11 12 
12 12 8 11 6 10 4 9 12 
11 12 9 11 7 10 5 9 12 
11 14 9 13 8 12 7 11 12 
10 11 8 10 6 9 4 8 12 
11 14 7 13 5 12 4 11 12 
11 11 9 10 7 9 5 8 12 
11 12 8 11 6 10 4 9 12 
11 15 9 14 8 13 7 12 12 
11 16 9 15 8 14 7 13 12 
11 13 9 12 8 11 7 10 12 
12 14 8 13 6 12 4 11 12 
11 14 9 13 8 12 7 11 12 
11 11 7 10 5 9 4 8 12 
10 13 7 12 5 11 4 10 12 
11 15 9 14 8 13 7 12 12 
11 13 9 12 8 11 7 10 12 
11 15 9 14 8 13 7 12 12 
11 13 8 12 6 11 4 10 12 
12 13 10 12 9 11 8 10 12 
9 10 7 9 5 8 3 7 12 
11 16 9 15 8 14 7 13 12 
11 13 9 12 8 11 7 10 12 
11 16 9 15 8 14 7 13 12 
11 15 9 14 8 13 7 12 12 
11 14 8 13 6 12 4 11 12 
11 16 7 15 5 14 4 13 12 
11 16 9 15 8 14 7 13 12 
11 16 9 15 8 14 7 13 12 
11 16 7 15 5 14 4 13 12 
11 14 9 13 8 12 7 11 12 
10 11 7 10 5 9 4 8 12 
11 15 9 14 8 13 7 12 12 
10 12 7 11 5 10 4 9 12 
11 15 9 14 8 13 7 12 12 
11 16 9 15 8 14 7 13 12 
11 16 9 15 8 14 7 13 12 
10 12 7 11 5 10 3 9 12 
12 15 10 14 9 13 8 12 12 
11 12 8 11 6 10 4 9 12 
12 13 10 12 9 11 8 10 12 
11 12 8 11 5 10 3 9 12 
11 15 9 14 8 13 7 12 12 
11 13 7 12 5 11 4 10 12 
12 12 8 11 5 10 3 9 12 
12 13 10 12 9 11 8 10 12 
11 12 9 11 8 10 7 9 12 
11 13 8 12 6 11 4 10 12 
12 13 8 12 6 11 4 10 12 
11 19 9 18 8 17 7 16 12 
10 14 7 13 5 12 4 11 12 
11 19 9 18 8 17 7 16 12 
11 13 9 12 8 11 7 10 12 
11 12 7 11 5 10 4 9 12 
11 13 8 12 6 11 4 10 12 
11 18 9 17 8 16 7 15 12 
11 18 9 17 8 16 7 15 12 
11 13 10 12 9 11 8 10 12 
10 13 9 12 8 11 7 10 12 
10 12 7 11 5 10 3 9 12 
11 16 9 15 8 14 7 13 12 
11 14 9 13 8 12 7 11 12 
12 16 8 15 6 14 4 13 12 
10 16 7 15 5 14 3 13 12 
11 13 10 12 9 11 8 10 12 
12 16 8 15 6 14 4 13 12 
10 16 7 15 5 14 3 13 12 
11 15 8 14 6 13 4 12 12 
11 15 8 14 6 13 4 12 12 
11 13 7 12 5 11 3 10 12 
11 16 9 15 8 14 7 13 12 
11 14 8 13 6 12 4 11 12 
10 11 7 10 5 9 4 8 12 
12 14 10 13 9 12 8 11 12 
10 14 7 13 5 12 3 11 12 
10 15 7 14 5 13 4 12 12 
11 12 9 11 7 10 5 9 12 
12 12 9 11 7 10 5 9 12 
11 13 8 12 6 11 4 10 12 
12 13 8 12 6 11 4 10 12 
11 18 9 17 8 16 7 15 12 
SCORES_TXT_END_0
SCORES_TXT_BEGIN_0 55 100 9 BLEU
5 5 4 4 3 3 2 2 5 
4 9 3 8 2 7 1 6 5 
4 9 3 8 2 7 1 6 5 
5 9 3 8 2 7 1 6 5 
5 9 3 8 2 7 1 6 5 
5 7 3 6 2 5 1 4 5 
4 7 3 6 2 5 1 4 5 
4 5 3 4 2 3 1 2 5 
5 6 3 5 2 4 1 3 5 
4 8 3 7 2 6 1 5 5 
4 8 3 7 2 6 1 5 5 
4 6 3 5 2 4 1 3 5 
5 8 3 7 2 6 1 5 5 
5 8 3 7 2 6 1 5 5 
5 8 3 7 2 6 1 5 5 
5 6 4 5 3 4 2 3 5 
4 8 3 7 2 6 1 5 5 
4 8 3 7 2 6 1 5 5 
4 5 2 4 0 3 0 2 5 
5 6 3 5 1 4 0 3 5 
5 6 4 5 3 4 2 3 5 
5 7 3 6 2 5 1 4 5 
5 6 3 5 2 4 1 3 5 
4 10 3 9 2 8 1 7 5 
4 10 3 9 2 8 1 7 5 
4 13 3 12 2 11 1 10 5 
5 8 3 7 2 6 1 5 5 
4 13 3 12 2 11 1 10 5 
4 13 3 12 2 11 1 10 5 
4 13 3 12 2 11 1 10 5 
5 6 3 5 1 4 0 3 5 
5 7 4 6 3 5 2 4 5 
5 6 3 5 2 4 1 3 5 
5 6 3 5 1 4 0 3 5 
4 7 1 6 0 5 0 4 5 
5 11 3 10 2 9 1 8 5 
5 11 3 10 2 9 1 8 5 
5 6 3 5 1 4 0 3 5 
4 9 3 8 2 7 1 6 5 
4 7 1 6 0 5 0 4 5 
4 9 3 8 2 7 1 6 5 
3 7 1 6 0 5 0 4 5 
4 11 3 10 2 9 1 8 5 
4 11 3 10 2 9 1 8 5 
4 11 3 10 2 9 1 8 5 
5 8 3 7 2 6 1 5 5 
4 7 3 6 2 5 1 4 5 
4 11 3 10 2 9 1 8 5 
4 12 3 11 2 10 1 9 5 
5 7 3 6 2 5 1 4 5 
5 7 1 6 0 5 0 4 5 
5 5 1 4 0 3 0 2 5 
5 7 4 6 2 5 0 4 5 
4 12 3 11 2 10 1 9 5 
4 5 1 4 0 3 0 2 5 
3 7 1 6 0 5 0 4 5 
4 12 3 11 2 10 1 9 5 
4 7 1 6 0 5 0 4 5 
4 12 3 11 2 10 1 9 5 
5 9 3 8 2 7 1 6 5 
5 6 4 5 3 4 2 3 5 
4 9 3 8 2 7 1 6 5 
4 10 3 9 2 8 1 7 5 
4 10 3 9 2 8 1 7 5 
5 6 4 5 3 4 2 3 5 
4 9 3 8 2 7 1 6 5 
5 8 3 7 2 6 1 5 5 
5 7 3 6 2 5 1 4 5 
5 7 4 6 3 5 2 4 5 
5 7 4 6 3 5 2 4 5 
5 8 3 7 2 6 1 5 5 
5 6 4 5 3 4 2 3 5 
5 6 4 5 3 4 2 3 5 
3 5 1 4 0 3 0 2 5 
4 9 3 8 2 7 1 6 5 
5 6 3 5 1 4 0 3 5 
4 10 3 9 2 8 1 7 5 
4 9 1 8 0 7 0 6 5 
3 9 1 8 0 7 0 6 5 
4 10 3 9 2 8 1 7 5 
5 7 3 6 2 5 1 4 5 
3 9 1 8 0 7 0 6 5 
4 8 3 7 2 6 1 5 5 
4 6 2 5 1 4 0 3 5 
4 9 1 8 0 7 0 6 5 
5 7 3 6 1 5 0 4 5 
3 9 1 8 0 7 0 6 5 
3 9 1 8 0 7 0 6 5 
5 7 3 6 1 5 0 4 5 
4 6 3 5 2 4 1 3 5 
3 5 1 4 0 3 0 2 5 
5 7 3 6 1 5 0 4 5 
4 8 2 7 1 6 0 5 5 
5 6 3 5 2 4 1 3 5 
5 7 3 6 2 5 1 4 5 
4 6 1 5 0 4 0 3 5 
4 7 3 6 2 5 1 4 5 
5 7 2 6 1 5 0 4 5 
5 10 3 9 2 8 1 7 5 
4 5 1 4 0 3 0 2 5 
SCORES_TXT_END_0
SCORES_TXT_BEGIN_0 56 100 9 BLEU
14 14 11 13 10 12 9 11 15 
14 15 11 14 10 13 9 12 15 
13 14 11 13 10 12 9 11 15 
13 14 9 13 7 12 5 11 15 
15 15 11 14 10 13 9 12 15 
14 16 13 15 12 14 11 13 15 
15 15 11 14 8 13 6 12 15 
14 18 12 17 10 16 9 15 15 
14 18 12 17 10 16 9 15 15 
14 16 9 15 6 14 4 13 15 
15 16 14 15 13 14 12 13 15 
14 14 10 13 8 12 6 11 15 
14 14 10 13 8 12 6 11 15 
15 15 12 14 10 13 9 12 15 
13 15 8 14 6 13 4 12 15 
14 15 9 14 6 13 4 12 15 
13 15 11 14 10 13 9 12 15 
13 15 9 14 7 13 5 12 15 
13 15 8 14 6 13 4 12 15 
14 15 9 14 7 13 5 12 15 
13 14 8 13 6 12 4 11 15 
12 14 9 13 7 12 5 11 15 
14 17 13 16 12 15 11 14 15 
14 15 11 14 10 13 9 12 15 
13 14 8 13 6 12 4 11 15 
14 14 11 13 10 12 9 11 15 
14 14 10 13 8 12 7 11 15 
15 18 13 17 11 16 9 15 15 
14 15 10 14 8 13 6 12 15 
13 16 11 15 9 14 7 13 15 
15 16 11 15 10 14 9 13 15 
14 15 9 14 7 13 5 12 15 
14 15 11 14 8 13 6 12 15 
14 19 12 18 10 17 9 16 15 
14 19 12 18 10 17 9 16 15 
15 15 11 14 8 13 7 12 15 
14 17 13 16 12 15 11 14 15 
15 17 14 16 13 15 12 14 15 
15 17 11 16 8 15 6 14 15 
15 17 11 16 8 15 6 14 15 
13 16 9 15 6 14 4 13 15 
13 15 9 14 7 13 5 12 15 
14 17 12 16 10 15 8 14 15 
14 18 9 17 6 16 4 15 15 
13 14 10 13 8 12 6 11 15 
15 18 9 17 6 16 4 15 15 
14 14 10 13 8 12 7 11 15 
13 18 10 17 7 16 5 15 15 
13 14 10 13 8 12 6 11 15 
14 18 10 17 7 16 5 15 15 
14 19 12 18 10 17 9 16 15 
14 16 9 15 7 14 5 13 15 
14 19 12 18 10 17 9 16 15 
14 16 12 15 10 14 8 13 15 
15 16 11 15 8 14 6 13 15 
14 15 12 14 10 13 9 12 15 
13 18 10 17 8 16 6 15 15 
14 16 9 15 7 14 5 13 15 
12 15 8 14 6 13 4 12 15 
13 15 9 14 6 13 4 12 15 
15 17 14 16 13 15 12 14 15 
15 16 11 15 8 14 6 13 15 
15 15 10 14 8 13 6 12 15 
14 16 12 15 10 14 8 13 15 
14 17 9 16 6 15 4 14 15 
15 17 12 16 10 15 9 14 15 
12 15 9 14 7 13 5 12 15 
15 17 12 16 10 15 9 14 15 
15 16 11 15 8 14 6 13 15 
14 17 9 16 6 15 4 14 15 
15 17 9 16 6 15 4 14 15 
13 15 9 14 7 13 5 12 15 
14 16 12 15 10 14 8 13 15 
12 15 8 14 6 13 4 12 15 
12 13 8 12 6 11 5 10 15 
13 15 9 14 7 13 5 12 15 
14 17 9 16 6 15 4 14 15 
13 14 10 13 9 12 8 11 15 
14 15 10 14 8 13 6 12 15 
13 15 9 14 7 13 5 12 15 
14 15 11 14 10 13 9 12 15 
14 19 11 18 8 17 6 16 15 
13 17 10 16 8 15 6 14 15 
13 17 10 16 8 15 6 14 15 
14 19 11 18 8 17 6 16 15 
15 16 9 15 7 14 5 13 15 
14 16 8 15 6 14 4 13 15 
12 14 8 13 6 12 4 11 15 
15 17 9 16 6 15 4 14 15 
14 15 10 14 7 13 5 12 15 
15 16 12 15 10 14 9 13 15 
15 17 13 16 11 15 9 14 15 
14 15 11 14 10 13 9 12 15 
14 17 13 16 12 15 11 14 15 
13 15 9 14 7 13 5 12 15 
13 17 11 16 9 15 7 14 15 
13 15 10 14 9 13 8 12 15 
13 16 8 15 6 14 4 13 15 
14 16 9 15 6 14 4 13 15 
15 16 12 15 10 14 9 13 15 
SCORES_TXT_END_0
SCORES_TXT_BEGIN_0 57 79 9 BLEU
9 9 8 8 7 7 6 6 9 
8 9 6 8 4 7 3 6 9 
8 9 6 8 4 7 2 6 9 
7 9 4 8 1 7 0 6 9 
8 9 6 8 4 7 2 6 9 
7 9 4 8 1 7 0 6 9 
9 11 7 10 6 9 5 8 9 
9 10 7 9 6 8 5 7 9 
8 8 6 7 4 6 2 5 9 
8 9 6 8 4 7 3 6 9 
9 10 8 9 6 8 4 7 9 
8 11 5 10 3 9 2 8 9 
9 13 7 12 6 11 5 10 9 
9 13 7 12 6 11 5 10 9 
8 9 6 8 4 7 3 6 9 
8 10 5 9 3 8 2 7 9 
8 11 5 10 3 9 2 8 9 
7 8 4 7 1 6 0 5 9 
9 10 7 9 5 8 3 7 9 
8 10 5 9 3 8 2 7 9 
9 10 7 9 5 8 3 7 9 
7 9 4 8 1 7 0 6 9 
8 13 5 12 3 11 2 10 9 
8 13 5 12 3 11 2 10 9 
9 10 7 9 6 8 5 7 9 
9 10 8 9 6 8 5 7 9 
9 10 7 9 5 8 3 7 9 
7 11 3 10 0 9 0 8 9 
9 12 7 11 6 10 5 9 9 
8 13 5 12 3 11 2 10 9 
8 13 5 12 3 11 2 10 9 
7 9 4 8 1 7 0 6 9 
7 10 3 9 0 8 0 7 9 
8 10 6 9 3 8 0 7 9 
8 10 6 9 4 8 3 7 9 
9 12 7 11 6 10 5 9 9 
8 10 5 9 2 8 0 7 9 
8 10 5 9 2 8 0 7 9 
9 10 7 9 6 8 5 7 9 
8 10 5 9 3 8 2 7 9 
8 10 6 9 4 8 2 7 9 
8 12 5 11 3 10 2 9 9 
7 13 3 12 0 11 0 10 9 
7 13 3 12 0 11 0 10 9 
9 11 8 10 6 9 5 8 9 
8 10 5 9 3 8 2 7 9 
9 10 7 9 6 8 5 7 9 
9 10 7 9 5 8 3 7 9 
8 10 5 9 2 8 0 7 9 
8 10 5 9 4 8 3 7 9 
8 9 7 8 6 7 5 6 9 
9 10 8 9 7 8 6 7 9 
9 10 7 9 5 8 4 7 9 
8 10 6 9 4 8 3 7 9 
8 12 5 11 3 10 2 9 9 
9 10 6 9 5 8 4 7 9 
9 10 7 9 5 8 4 7 9 
8 12 5 11 3 10 2 9 9 
8 11 5 10 3 9 2 8 9 
9 10 7 9 6 8 5 7 9 
8 9 6 8 5 7 4 6 9 
8 10 5 9 3 8 1 7 9 
9 10 8 9 7 8 6 7 9 
9 10 7 9 6 8 5 7 9 
9 10 7 9 6 8 5 7 9 
7 10 4 9 1 8 0 7 9 
9 10 8 9 7 8 6 7 9 
8 10 6 9 3 8 1 7 9 
9 10 8 9 7 8 6 7 9 
8 10 5 9 3 8 2 7 9 
9 10 7 9 5 8 3 7 9 
8 12 5 11 3 10 2 9 9 
9 10 7 9 6 8 5 7 9 
8 10 5 9 4 8 3 7 9 
8 9 6 8 5 7 4 6 9 
9 10 7 9 6 8 5 7 9 
8 10 5 9 4 8 3 7 9 
9 10 6 9 4 8 3 7 9 
7 10 3 9 0 8 0 7 9 
SCORES_TXT_END_0
SCORES_TXT_BEGIN_0 58 26 9 BLEU
15 15 14 14 13 13 12 12 15 
15 17 13 16 11 15 9 14 15 
15 17 13 16 11 15 9 14 15 
14 17 12 16 10 15 9 14 15 
14 17 12 16 10 15 9 14 15 
14 15 13 14 12 13 11 12 15 
15 16 14 15 12 14 10 13 15 
15 18 13 17 10 16 7 15 15 
15 18 13 17 10 16 7 15 15 
14 18 12 17 9 16 7 15 15 
14 18 12 17 9 16 7 15 15 
14 16 13 15 11 14 9 13 15 
15 16 14 15 12 14 10 13 15 
15 18 13 17 10 16 8 15 15 
15 18 13 17 10 16 8 15 15 
15 15 11 14 8 13 6 12 15 
15 17 11 16 8 15 6 14 15 
14 18 12 17 9 16 8 15 15 
15 16 13 15 11 14 9 13 15 
15 18 12 17 9 16 7 15 15 
14 18 12 17 9 16 8 15 15 
14 16 13 15 11 14 9 13 15 
15 17 11 16 8 15 6 14 15 
15 18 12 17 9 16 7 15 15 
14 17 10 16 7 15 6 14 15 
15 16 13 15 11 14 9 13 15 
SCORES_TXT_END_0
SCORES_TXT_BEGIN_0 59 100 9 BLEU
10 11 6 10 4 9 2 8 12 
11 11 8 10 7 9 6 8 12 
10 12 6 11 4 10 2 9 12 
9 11 5 10 3 9 1 8 12 
10 11 4 10 2 9 0 8 12 
11 13 9 12 7 11 5 10 12 
12 13 11 12 10 11 9 10 12 
10 11 6 10 4 9 2 8 12 
11 12 8 11 7 10 6 9 12 
10 11 7 10 6 9 5 8 12 
11 12 6 11 4 10 2 9 12 
11 12 6 11 2 10 1 9 12 
9 10 5 9 4 8 3 7 12 
11 12 7 11 4 10 2 9 12 
9 11 4 10 2 9 1 8 12 
8 10 3 9 2 8 1 7 12 
10 11 5 10 2 9 1 8 12 
12 12 8 11 7 10 6 9 12 
10 12 6 11 4 10 2 9 12 
10 11 6 10 5 9 4 8 12 
10 11 5 10 2 9 1 8 12 
10 12 5 11 2 10 1 9 12 
12 12 8 11 5 10 4 9 12 
10 11 6 10 4 9 2 8 12 
10 11 4 10 2 9 1 8 12 
10 11 6 10 4 9 2 8 12 
9 11 4 10 2 9 1 8 12 
9 10 4 9 2 8 1 7 12 
11 11 7 10 5 9 3 8 12 
9 11 4 10 2 9 1 8 12 
9 11 3 10 1 9 0 8 12 
9 12 5 11 3 10 1 9 12 
11 11 7 10 5 9 4 8 12 
10 11 6 10 5 9 4 8 12 
9 11 4 10 2 9 1 8 12 
10 11 6 10 4 9 3 8 12 
11 11 7 10 5 9 4 8 12 
11 12 7 11 5 10 4 9 12 
10 11 5 10 2 9 1 8 12 
11 12 7 11 4 10 2 9 12 
10 12 4 11 2 10 0 9 12 
11 12 7 11 4 10 2 9 12 
11 13 7 12 5 11 3 10 12 
11 14 9 13 7 12 5 11 12 
12 14 11 13 10 12 9 11 12 
10 10 6 9 5 8 4 7 12 
10 11 6 10 5 9 4 8 12 
10 11 6 10 5 9 4 8 12 
9 10 4 9 2 8 1 7 12 
9 11 5 10 3 9 1 8 12 
10 12 7 11 6 10 5 9 12 
12 12 8 11 5 10 3 9 12 
10 13 8 12 6 11 4 10 12 
10 11 2 10 1 9 0 8 12 
11 13 10 12 9 11 8 10 12 
10 12 5 11 3 10 1 9 12 
9 11 4 10 2 9 1 8 12 
9 11 5 10 4 9 3 8 12 
10 11 6 10 5 9 4 8 12 
9 10 4 9 2 8 1 7 12 
11 12 7 11 4 10 3 9 12 
11 11 7 10 5 9 4 8 12 
11 12 7 11 5 10 3 9 12 
10 11 6 10 4 9 2 8 12 
12 12 9 11 7 10 6 9 12 
10 12 6 11 4 10 2 9 12 
11 12 8 11 7 10 6 9 12 
11 11 2 10 1 9 0 8 12 
11 12 4 11 2 10 0 9 12 
11 11 7 10 5 9 3 8 12 
10 10 6 9 5 8 4 7 12 
10 12 6 11 3 10 1 9 12 
11 12 7 11 6 10 5 9 12 
11 12 6 11 4 10 2 9 12 
11 14 9 13 7 12 5 11 12 
12 14 11 13 10 12 9 11 12 
8 11 3 10 2 9 1 8 12 
10 11 6 10 4 9 2 8 12 
11 13 9 12 7 11 5 10 12 
9 10 5 9 4 8 3 7 12 
10 12 5 11 2 10 1 9 12 
10 11 5 10 4 9 3 8 12 
10 11 6 10 4 9 3 8 12 
10 10 6 9 5 8 4 7 12 
10 12 6 11 4 10 3 9 12 
10 11 2 10 1 9 0 8 12 
9 12 5 11 3 10 1 9 12 
10 12 8 11 7 10 6 9 12 
9 12 4 11 2 10 1 9 12 
10 11 6 10 4 9 2 8 12 
11 14 8 13 5 12 4 11 12 
9 11 3 10 2 9 1 8 12 
9 10 4 9 2 8 1 7 12 
12 14 10 13 8 12 7 11 12 
12 13 10 12 8 11 6 10 12 
8 11 3 10 1 9 0 8 12 
10 13 6 12 3 11 1 10 12 
11 14 6 13 2 12 1 11 12 
9 11 5 10 3 9 1 8 12 
11 13 6 12 4 11 2 10 12 
SCORES_TXT_END_0
SCORES_TXT_BEGIN_0 60 82 9 BLEU
12 12 11 11 10 10 9 9 12 
11 12 10 11 9 10 8 9 12 
10 10 8 9 7 8 6 7 12 
11 12 9 11 7 10 5 9 12 
10 12 8 11 6 10 5 9 12 
9 10 7 9 6 8 5 7 12 
11 13 9 12 7 11 5 10 12 
10 13 8 12 6 11 5 10 12 
11 14 9 13 7 12 6 11 12 
11 14 9 13 7 12 6 11 12 
9 11 7 10 6 9 5 8 12 
12 14 10 13 8 12 6 11 12 
11 13 9 12 7 11 6 10 12 
12 14 10 13 8 12 6 11 12 
11 15 9 14 7 13 5 12 12 
11 13 9 12 7 11 6 10 12 
10 15 8 14 6 13 5 12 12 
10 15 8 14 6 13 5 12 12 
11 15 9 14 7 13 5 12 12 
12 13 10 12 8 11 6 10 12 
12 13 10 12 8 11 6 10 12 
9 11 7 10 6 9 5 8 12 
12 13 10 12 8 11 6 10 12 
9 10 7 9 6 8 5 7 12 
11 14 9 13 7 12 5 11 12 
10 14 8 13 6 12 5 11 12 
11 13 9 12 7 11 6 10 12 
11 12 9 11 7 10 5 9 12 
10 14 8 13 6 12 5 11 12 
10 12 8 11 6 10 5 9 12 
11 14 9 13 7 12 5 11 12 
9 10 6 9 4 8 2 7 12 
11 11 9 10 8 9 7 8 12 
11 13 9 12 7 11 5 10 12 
11 16 10 15 9 14 8 13 12 
11 16 10 15 9 14 8 13 12 
10 13 8 12 6 11 5 10 12 
11 13 9 12 7 11 6 10 12 
12 12 8 11 5 10 2 9 12 
10 11 6 10 4 9 2 8 12 
11 12 7 11 4 10 2 9 12 
10 10 6 9 4 8 2 7 12 
8 9 4 8 3 7 2 6 12 
12 14 11 13 10 12 8 11 12 
11 14 9 13 7 12 5 11 12 
9 12 7 11 6 10 5 9 12 
10 14 8 13 6 12 5 11 12 
11 11 9 10 7 9 5 8 12 
10 11 8 10 6 9 4 8 12 
10 14 8 13 6 12 5 11 12 
9 9 6 8 4 7 2 6 12 
11 14 9 13 7 12 5 11 12 
10 14 8 13 6 12 5 11 12 
11 14 9 13 7 12 5 11 12 
10 15 8 14 6 13 5 12 12 
11 12 9 11 7 10 5 9 12 
11 15 9 14 7 13 5 12 12 
10 15 8 14 6 13 5 12 12 
12 12 8 11 7 10 6 9 12 
11 14 10 13 9 12 8 11 12 
11 15 9 14 7 13 5 12 12 
11 11 7 10 4 9 2 8 12 
11 15 10 14 9 13 8 12 12 
11 12 8 11 5 10 2 9 12 
9 9 5 8 3 7 2 6 12 
11 11 7 10 6 9 5 8 12 
11 12 9 11 7 10 5 9 12 
12 12 9 11 7 10 5 9 12 
10 12 8 11 6 10 4 9 12 
9 11 5 10 3 9 2 8 12 
11 15 10 14 9 13 8 12 12 
10 12 7 11 4 10 2 9 12 
9 10 6 9 4 8 2 7 12 
10 12 8 11 6 10 4 9 12 
11 12 8 11 6 10 4 9 12 
11 12 8 11 7 10 6 9 12 
10 14 8 13 6 12 5 11 12 
10 14 8 13 6 12 5 11 12 
9 10 6 9 4 8 2 7 12 
10 10 6 9 4 8 2 7 12 
10 13 8 12 6 11 5 10 12 
10 13 8 12 6 11 5 10 12 
SCORES_TXT_END_0
SCORES_TXT_BEGIN_0 61 100 9 BLEU
7 7 6 6 5 5 4 4 7 
7 9 5 8 4 7 3 6 7 
7 8 5 7 4 6 3 5 7 
7 8 5 7 4 6 3 5 7 
7 8 5 7 4 6 3 5 7 
7 11 5 10 4 9 3 8 7 
7 11 5 10 4 9 3 8 7 
7 10 5 9 4 8 3 7 7 
7 9 5 8 4 7 3 6 7 
5 8 3 7 1 6 0 5 7 
7 10 5 9 4 8 3 7 7 
5 8 3 7 1 6 0 5 7 
7 12 5 11 4 10 3 9 7 
7 12 5 11 4 10 3 9 7 
7 10 5 9 4 8 3 7 7 
7 10 5 9 4 8 3 7 7 
6 7 5 6 4 5 3 4 7 
5 8 3 7 1 6 0 5 7 
7 9 5 8 4 7 3 6 7 
7 11 5 10 4 9 3 8 7 
5 8 2 7 1 6 0 5 7 
5 9 2 8 1 7 0 6 7 
5 10 2 9 1 8 0 7 7 
7 11 5 10 4 9 3 8 7 
5 9 2 8 1 7 0 6 7 
5 8 2 7 1 6 0 5 7 
5 10 2 9 1 8 0 7 7 
7 8 5 7 4 6 3 5 7 
5 11 2 10 1 9 0 8 7 
5 11 2 10 1 9 0 8 7 
7 12 5 11 4 10 3 9 7 
7 12 5 11 4 10 3 9 7 
5 10 2 9 1 8 0 7 7 
6 8 5 7 4 6 3 5 7 
5 8 2 7 1 6 0 5 7 
5 9 2 8 1 7 0 6 7 
5 10 2 9 1 8 0 7 7 
5 10 2 9 1 8 0 7 7 
5 9 2 8 1 7 0 6 7 
5 9 2 8 1 7 0 6 7 
5 9 2 8 1 7 0 6 7 
7 9 5 8 4 7 3 6 7 
7 9 5 8 4 7 3 6 7 
5 9 2 8 1 7 0 6 7 
6 8 5 7 4 6 3 5 7 
5 12 2 11 1 10 0 9 7 
5 12 2 11 1 10 0 9 7 
7 7 4 6 3 5 2 4 7 
5 10 2 9 1 8 0 7 7 
5 9 2 8 1 7 0 6 7 
5 12 2 11 1 10 0 9 7 
6 8 5 7 4 6 3 5 7 
5 12 2 11 1 10 0 9 7 
5 12 2 11 1 10 0 9 7 
5 12 2 11 1 10 0 9 7 
5 9 2 8 1 7 0 6 7 
5 11 2 10 1 9 0 8 7 
5 12 2 11 1 10 0 9 7 
5 12 2 11 1 10 0 9 7 
5 9 2 8 1 7 0 6 7 
6 8 5 7 4 6 3 5 7 
5 9 2 8 1 7 0 6 7 
5 9 2 8 1 7 0 6 7 
5 12 2 11 1 10 0 9 7 
5 12 2 11 1 10 0 9 7 
5 12 2 11 1 10 0 9 7 
5 12 2 11 1 10 0 9 7 
5 9 2 8 1 7 0 6 7 
5 9 2 8 1 7 0 6 7 
5 11 2 10 1 9 0 8 7 
5 11 2 10 1 9 0 8 7 
5 10 2 9 1 8 0 7 7 
5 9 2 8 1 7 0 6 7 
7 9 5 8 4 7 3 6 7 
5 11 2 10 1 9 0 8 7 
5 9 2 8 1 7 0 6 7 
7 11 5 10 4 9 3 8 7 
5 9 2 8 1 7 0 6 7 
5 11 2 10 1 9 0 8 7 
5 9 2 8 1 7 0 6 7 
5 9 2 8 1 7 0 6 7 
6 9 5 8 4 7 3 6 7 
5 12 2 11 1 10 0 9 7 
5 9 2 8 1 7 0 6 7 
5 12 2 11 1 10 0 9 7 
6 9 5 8 4 7 3 6 7 
5 11 2 10 1 9 0 8 7 
5 11 2 10 1 9 0 8 7 
5 8 2 7 1 6 0 5 7 
5 10 2 9 1 8 0 7 7 
7 11 5 10 4 9 3 8 7 
5 11 2 10 1 9 0 8 7 
5 11 2 10 1 9 0 8 7 
5 11 2 10 1 9 0 8 7 
5 11 2 10 1 9 0 8 7 
5 12 2 11 1 10 0 9 7 
5 12 2 11 1 10 0 9 7 
5 9 2 8 1 7 0 6 7 
6 7 4 6 3 5 2 4 7 
4 8 2 7 1 6 0 5 7 
SCORES_TXT_END_0
SCORES_TXT_BEGIN_0 62 100 9 BLEU
9 9 6 8 5 7 4 6 10 
10 11 9 10 8 9 7 8 10 
8 10 5 9 4 8 3 7 10 
9 10 6 9 5 8 4 7 10 
10 10 6 9 5 8 4 7 10 
10 12 9 11 8 10 7 9 10 
9 12 7 11 5 10 3 9 10 
9 14 7 13 5 12 3 11 10 
9 14 7 13 5 12 3 11 10 
10 10 7 9 5 8 4 7 10 
8 11 5 10 4 9 3 8 10 
9 10 6 9 5 8 4 7 10 
10 12 9 11 8 10 7 9 10 
7 7 2 6 0 5 0 4 10 
9 11 5 10 4 9 3 8 10 
10 13 8 12 6 11 4 10 10 
10 13 8 12 6 11 4 10 10 
9 9 6 8 5 7 4 6 10 
10 12 9 11 8 10 7 9 10 
10 11 6 10 5 9 4 8 10 
8 8 3 7 0 6 0 5 10 
7 7 3 6 1 5 0 4 10 
7 8 2 7 0 6 0 5 10 
6 7 1 6 0 5 0 4 10 
8 9 5 8 4 7 3 6 10 
9 13 7 12 5 11 3 10 10 
8 9 5 8 4 7 3 6 10 
9 15 7 14 5 13 3 12 10 
8 9 5 8 3 7 2 6 10 
9 15 7 14 5 13 3 12 10 
7 7 2 6 0 5 0 4 10 
7 7 2 6 0 5 0 4 10 
9 11 6 10 4 9 3 8 10 
9 10 6 9 5 8 4 7 10 
9 11 6 10 5 9 4 8 10 
8 8 2 7 0 6 0 5 10 
8 8 4 7 2 6 1 5 10 
10 12 8 11 6 10 4 9 10 
6 7 2 6 0 5 0 4 10 
8 11 5 10 4 9 3 8 10 
10 11 9 10 8 9 7 8 10 
9 13 7 12 5 11 3 10 10 
10 12 7 11 5 10 4 9 10 
6 8 1 7 0 6 0 5 10 
10 12 7 11 5 10 4 9 10 
8 11 5 10 4 9 3 8 10 
9 15 7 14 5 13 3 12 10 
7 8 3 7 1 6 0 5 10 
8 9 3 8 0 7 0 6 10 
7 8 2 7 0 6 0 5 10 
7 10 5 9 4 8 3 7 10 
9 15 7 14 5 13 3 12 10 
6 7 1 6 0 5 0 4 10 
9 10 6 9 5 8 4 7 10 
6 7 1 6 0 5 0 4 10 
7 8 2 7 0 6 0 5 10 
10 13 9 12 8 11 7 10 10 
10 11 6 10 5 9 4 8 10 
8 10 5 9 3 8 2 7 10 
10 11 7 10 5 9 4 8 10 
10 12 8 11 6 10 4 9 10 
8 9 6 8 4 7 2 6 10 
10 14 8 13 6 12 4 11 10 
10 14 8 13 6 12 4 11 10 
7 8 2 7 0 6 0 5 10 
8 10 5 9 3 8 2 7 10 
7 9 4 8 3 7 2 6 10 
9 9 4 8 0 7 0 6 10 
8 8 2 7 0 6 0 5 10 
9 13 7 12 5 11 3 10 10 
10 11 7 10 5 9 4 8 10 
8 10 5 9 4 8 3 7 10 
9 13 7 12 5 11 3 10 10 
6 7 1 6 0 5 0 4 10 
9 11 7 10 5 9 3 8 10 
8 10 6 9 5 8 4 7 10 
7 8 2 7 0 6 0 5 10 
8 8 2 7 0 6 0 5 10 
6 7 1 6 0 5 0 4 10 
10 11 7 10 5 9 4 8 10 
9 10 6 9 5 8 4 7 10 
7 8 2 7 0 6 0 5 10 
9 10 6 9 5 8 4 7 10 
7 8 3 7 1 6 0 5 10 
10 10 5 9 3 8 2 7 10 
8 9 5 8 3 7 2 6 10 
9 11 7 10 5 9 3 8 10 
7 9 2 8 0 7 0 6 10 
8 8 1 7 0 6 0 5 10 
9 12 5 11 4 10 3 9 10 
6 8 1 7 0 6 0 5 10 
8 9 5 8 3 7 2 6 10 
8 8 3 7 0 6 0 5 10 
8 9 3 8 0 7 0 6 10 
7 7 1 6 0 5 0 4 10 
10 14 8 13 6 12 4 11 10 
7 8 2 7 0 6 0 5 10 
6 7 1 6 0 5 0 4 10 
10 14 8 13 6 12 4 11 10 
7 9 5 8 3 7 2 6 10 
SCORES_TXT_END_0
SCORES_TXT_BEGIN_0 63 100 9 BLEU
4 4 3 3 2 2 1 1 4 
3 4 2 3 1 2 0 1 4 
3 8 2 7 1 6 0 5 4 
3 8 2 7 1 6 0 5 4 
4 6 2 5 1 4 0 3 4 
3 6 2 5 1 4 0 3 4 
3 7 2 6 1 5 0 4 4 
3 7 2 6 1 5 0 4 4 
3 4 1 3 0 2 0 1 4 
4 4 1 3 0 2 0 1 4 
3 4 1 3 0 2 0 1 4 
4 5 2 4 1 3 0 2 4 
3 5 2 4 1 3 0 2 4 
2 4 0 3 0 2 0 1 4 
4 4 1 3 0 2 0 1 4 
3 4 0 3 0 2 0 1 4 
3 4 0 3 0 2 0 1 4 
2 4 0 3 0 2 0 1 4 
3 4 0 3 0 2 0 1 4 
2 8 0 7 0 6 0 5 4 
2 8 0 7 0 6 0 5 4 
3 4 1 3 0 2 0 1 4 
2 7 0 6 0 5 0 4 4 
2 7 0 6 0 5 0 4 4 
4 4 0 3 0 2 0 1 4 
3 4 1 3 0 2 0 1 4 
3 6 0 5 0 4 0 3 4 
3 4 0 3 0 2 0 1 4 
3 4 1 3 0 2 0 1 4 
2 4 0 3 0 2 0 1 4 
3 6 1 5 0 4 0 3 4 
2 4 0 3 0 2 0 1 4 
2 6 0 5 0 4 0 3 4 
2 8 0 7 0 6 0 5 4 
3 8 0 7 0 6 0 5 4 
2 7 0 6 0 5 0 4 4 
3 4 0 3 0 2 0 1 4 
2 8 0 7 0 6 0 5 4 
3 8 0 7 0 6 0 5 4 
2 6 0 5 0 4 0 3 4 
2 7 0 6 0 5 0 4 4 
3 4 0 3 0 2 0 1 4 
2 6 0 5 0 4 0 3 4 
2 7 0 6 0 5 0 4 4 
2 7 0 6 0 5 0 4 4 
3 6 0 5 0 4 0 3 4 
4 6 0 5 0 4 0 3 4 
3 4 0 3 0 2 0 1 4 
3 4 0 3 0 2 0 1 4 
4 4 1 3 0 2 0 1 4 
3 4 0 3 0 2 0 1 4 
2 4 0 3 0 2 0 1 4 
4 4 2 3 1 2 0 1 4 
2 6 0 5 0 4 0 3 4 
3 6 0 5 0 4 0 3 4 
3 4 0 3 0 2 0 1 4 
2 7 0 6 0 5 0 4 4 
3 7 0 6 0 5 0 4 4 
3 6 0 5 0 4 0 3 4 
4 4 1 3 0 2 0 1 4 
2 7 0 6 0 5 0 4 4 
3 7 0 6 0 5 0 4 4 
2 6 0 5 0 4 0 3 4 
4 4 0 3 0 2 0 1 4 
3 8 1 7 0 6 0 5 4 
3 8 1 7 0 6 0 5 4 
2 4 0 3 0 2 0 1 4 
4 6 1 5 0 4 0 3 4 
3 4 1 3 0 2 0 1 4 
3 7 1 6 0 5 0 4 4 
2 4 0 3 0 2 0 1 4 
3 7 1 6 0 5 0 4 4 
2 8 0 7 0 6 0 5 4 
2 8 0 7 0 6 0 5 4 
2 4 0 3 0 2 0 1 4 
2 6 0 5 0 4 0 3 4 
3 6 0 5 0 4 0 3 4 
2 8 0 7 0 6 0 5 4 
2 8 0 7 0 6 0 5 4 
3 5 0 4 0 3 0 2 4 
2 6 0 5 0 4 0 3 4 
2 4 0 3 0 2 0 1 4 
3 6 0 5 0 4 0 3 4 
2 7 0 6 0 5 0 4 4 
2 7 0 6 0 5 0 4 4 
4 4 2 3 1 2 0 1 4 
2 4 0 3 0 2 0 1 4 
2 4 0 3 0 2 0 1 4 
3 4 0 3 0 2 0 1 4 
2 4 0 3 0 2 0 1 4 
3 5 1 4 0 3 0 2 4 
4 4 1 3 0 2 0 1 4 
2 6 0 5 0 4 0 3 4 
3 4 1 3 0 2 0 1 4 
2 6 0 5 0 4 0 3 4 
2 5 0 4 0 3 0 2 4 
2 5 0 4 0 3 0 2 4 
3 8 0 7 0 6 0 5 4 
3 8 0 7 0 6 0 5 4 
2 6 0 5 0 4 0 3 4 
SCORES_TXT_END_0
SCORES_TXT_BEGIN_0 64 100 9 BLEU
8 8 7 7 6 6 5 5 8 
7 8 6 7 5 6 4 5 8 
6 6 4 5 3 4 2 3 8 
7 9 5 8 3 7 1 6 8 
6 9 4 8 2 7 1 6 8 
5 7 3 6 2 5 1 4 8 
6 11 4 10 2 9 1 8 8 
7 11 5 10 3 9 1 8 8 
6 11 4 10 2 9 1 8 8 
7 11 5 10 3 9 1 8 8 
7 10 5 9 3 8 2 7 8 
7 10 5 9 3 8 2 7 8 
8 10 6 9 4 8 2 7 8 
7 8 5 7 3 6 1 5 8 
7 9 5 8 3 7 2 6 8 
8 10 6 9 4 8 2 7 8 
7 9 5 8 3 7 2 6 8 
6 8 4 7 2 6 1 5 8 
8 9 6 8 4 7 2 6 8 
8 9 6 8 4 7 2 6 8 
7 9 5 8 3 7 1 6 8 
8 9 6 8 4 7 2 6 8 
5 6 3 5 2 4 1 3 8 
7 10 5 9 3 8 1 7 8 
7 9 5 8 3 7 2 6 8 
5 8 3 7 2 6 1 5 8 
8 8 5 7 4 6 3 5 8 
6 9 4 8 2 7 1 6 8 
7 7 5 6 4 5 3 4 8 
7 9 5 8 3 7 2 6 8 
6 10 4 9 2 8 1 7 8 
7 12 6 11 5 10 4 9 8 
7 12 6 11 5 10 4 9 8 
5 7 3 6 2 5 1 4 8 
6 10 4 9 2 8 1 7 8 
7 7 4 6 3 5 2 4 8 
6 10 4 9 2 8 1 7 8 
7 7 3 6 2 5 1 4 8 
8 10 7 9 6 8 4 7 8 
5 9 3 8 2 7 1 6 8 
8 8 4 7 3 6 2 5 8 
6 10 4 9 2 8 1 7 8 
5 9 3 8 2 7 1 6 8 
6 10 4 9 2 8 1 7 8 
7 10 5 9 3 8 1 7 8 
7 10 6 9 5 8 4 7 8 
7 13 5 12 3 11 1 10 8 
7 13 5 12 3 11 1 10 8 
7 10 5 9 3 8 1 7 8 
7 11 6 10 5 9 4 8 8 
6 12 4 11 2 10 1 9 8 
8 9 6 8 4 7 2 6 8 
7 11 6 10 5 9 4 8 8 
6 7 4 6 3 5 2 4 8 
6 12 4 11 2 10 1 9 8 
7 9 5 8 3 7 2 6 8 
7 8 4 7 3 6 2 5 8 
7 10 5 9 3 8 1 7 8 
6 9 4 8 2 7 1 6 8 
6 9 4 8 2 7 0 6 8 
7 10 5 9 3 8 1 7 8 
7 10 5 9 3 8 1 7 8 
7 7 3 6 1 5 0 4 8 
8 9 6 8 4 7 2 6 8 
6 9 4 8 2 7 1 6 8 
8 9 6 8 4 7 2 6 8 
7 10 5 9 3 8 1 7 8 
8 9 6 8 4 7 3 6 8 
6 8 3 7 2 6 1 5 8 
7 12 5 11 3 10 1 9 8 
7 12 5 11 3 10 1 9 8 
7 12 5 11 3 10 1 9 8 
6 13 4 12 2 11 1 10 8 
6 10 3 9 2 8 1 7 8 
6 10 3 9 2 8 1 7 8 
6 13 4 12 2 11 1 10 8 
6 13 4 12 2 11 1 10 8 
7 12 5 11 3 10 1 9 8 
6 13 4 12 2 11 1 10 8 
6 10 4 9 2 8 1 7 8 
6 7 3 6 2 5 1 4 8 
7 9 5 8 3 7 1 6 8 
8 9 7 8 6 7 5 6 8 
8 8 4 7 2 6 0 5 8 
6 6 2 5 1 4 0 3 8 
6 11 4 10 2 9 1 8 8 
5 9 3 8 1 7 0 6 8 
6 11 4 10 2 9 1 8 8 
7 8 3 7 1 6 0 5 8 
7 9 4 8 2 7 0 6 8 
7 9 5 8 3 7 1 6 8 
5 7 2 6 1 5 0 4 8 
7 9 3 8 2 7 1 6 8 
7 8 4 7 3 6 2 5 8 
7 8 4 7 2 6 0 5 8 
7 11 5 10 3 9 2 8 8 
7 9 5 8 3 7 1 6 8 
8 8 5 7 3 6 1 5 8 
6 9 3 8 1 7 0 6 8 
6 7 4 6 3 5 2 4 8 
SCORES_TXT_END_0
SCORES_TXT_BEGIN_0 65 100 9 BLEU
8 9 6 8 4 7 2 6 9 
9 9 8 8 7 7 6 6 9 
7 10 4 9 1 8 0 7 9 
8 10 6 9 4 8 3 7 9 
7 9 4 8 1 7 0 6 9 
8 10 6 9 4 8 2 7 9 
8 9 6 8 4 7 2 6 9 
8 9 6 8 4 7 3 6 9 
7 11 4 10 1 9 0 8 9 
8 11 5 10 3 9 2 8 9 
7 10 4 9 1 8 0 7 9 
8 10 5 9 3 8 2 7 9 
7 10 4 9 1 8 0 7 9 
9 11 7 10 6 9 5 8 9 
9 10 7 9 5 8 3 7 9 
9 10 7 9 6 8 5 7 9 
7 12 3 11 0 10 0 9 9 
8 13 5 12 3 11 2 10 9 
8 13 5 12 3 11 2 10 9 
8 10 6 9 4 8 3 7 9 
7 11 3 10 0 9 0 8 9 
8 12 5 11 3 10 2 9 9 
9 13 7 12 6 11 5 10 9 
9 13 7 12 6 11 5 10 9 
8 11 5 10 2 9 1 8 9 
8 11 5 10 3 9 2 8 9 
7 14 3 13 0 12 0 11 9 
7 14 3 13 0 12 0 11 9 
8 10 5 9 3 8 2 7 9 
8 12 5 11 3 10 2 9 9 
8 14 5 13 3 12 2 11 9 
8 14 5 13 3 12 2 11 9 
7 9 4 8 2 7 0 6 9 
9 10 7 9 6 8 5 7 9 
7 9 4 8 2 7 0 6 9 
9 12 7 11 6 10 5 9 9 
8 12 5 11 3 10 2 9 9 
7 10 4 9 1 8 0 7 9 
7 11 3 10 0 9 0 8 9 
8 9 6 8 5 7 4 6 9 
7 13 3 12 0 11 0 10 9 
9 12 7 11 6 10 5 9 9 
7 9 4 8 1 7 0 6 9 
8 9 6 8 5 7 4 6 9 
6 9 3 8 1 7 0 6 9 
7 9 5 8 3 7 2 6 9 
8 11 5 10 3 9 2 8 9 
8 10 6 9 4 8 2 7 9 
8 13 5 12 3 11 2 10 9 
7 13 3 12 0 11 0 10 9 
7 9 3 8 1 7 0 6 9 
6 9 3 8 1 7 0 6 9 
6 10 3 9 1 8 0 7 9 
7 11 3 10 0 9 0 8 9 
8 12 5 11 3 10 2 9 9 
8 9 7 8 6 7 5 6 9 
8 13 5 12 3 11 2 10 9 
6 10 3 9 1 8 0 7 9 
7 10 3 9 0 8 0 7 9 
8 11 5 10 3 9 2 8 9 
7 11 4 10 1 9 0 8 9 
9 9 5 8 3 7 2 6 9 
7 9 5 8 4 7 3 6 9 
6 10 3 9 0 8 0 7 9 
8 9 4 8 1 7 0 6 9 
8 11 5 10 3 9 2 8 9 
7 11 4 10 1 9 0 8 9 
8 11 5 10 3 9 2 8 9 
8 9 5 8 3 7 2 6 9 
8 10 5 9 3 8 2 7 9 
7 9 3 8 1 7 0 6 9 
8 9 5 8 4 7 3 6 9 
7 9 5 8 4 7 3 6 9 
6 9 3 8 1 7 0 6 9 
8 10 5 9 2 8 1 7 9 
8 10 5 9 3 8 2 7 9 
7 10 5 9 4 8 3 7 9 
8 10 5 9 3 8 2 7 9 
6 9 3 8 1 7 0 6 9 
7 13 3 12 0 11 0 10 9 
7 10 4 9 1 8 0 7 9 
7 10 5 9 3 8 2 7 9 
8 9 3 8 1 7 0 6 9 
7 9 3 8 1 7 0 6 9 
6 10 3 9 1 8 0 7 9 
7 13 3 12 0 11 0 10 9 
7 13 3 12 0 11 0 10 9 
8 14 5 13 3 12 2 11 9 
8 14 5 13 3 12 2 11 9 
9 9 6 8 3 7 2 6 9 
9 10 7 9 6 8 5 7 9 
8 9 3 8 0 7 0 6 9 
7 9 3 8 1 7 0 6 9 
6 9 3 8 1 7 0 6 9 
7 10 5 9 4 8 3 7 9 
6 9 3 8 1 7 0 6 9 
7 9 3 8 1 7 0 6 9 
7 12 3 11 0 10 0 9 9 
8 9 4 8 2 7 1 6 9 
7 9 3 8 0 7 0 6 9 
SCORES_TXT_END_0
SCORES_TXT_BEGIN_0 66 100 9 BLEU
7 7 4 6 3 5 2 4 8 
7 8 4 7 3 6 2 5 8 
8 9 7 8 6 7 5 6 8 
7 8 4 7 3 6 2 5 8 
8 8 4 7 3 6 2 5 8 
8 11 6 10 4 9 2 8 8 
8 11 6 10 4 9 2 8 8 
7 9 4 8 3 7 2 6 8 
7 7 3 6 1 5 0 4 8 
8 10 7 9 6 8 5 7 8 
8 9 4 8 3 7 2 6 8 
8 8 5 7 3 6 2 5 8 
8 10 7 9 6 8 5 7 8 
7 7 4 6 3 5 2 4 8 
7 8 3 7 1 6 0 5 8 
8 8 4 7 1 6 0 5 8 
8 12 6 11 4 10 2 9 8 
8 12 6 11 4 10 2 9 8 
8 9 4 8 3 7 2 6 8 
8 9 6 8 4 7 2 6 8 
8 9 5 8 3 7 2 6 8 
7 7 3 6 1 5 0 4 8 
7 8 4 7 3 6 2 5 8 
8 10 7 9 6 8 5 7 8 
8 12 6 11 4 10 2 9 8 
8 12 6 11 4 10 2 9 8 
6 7 4 6 3 5 2 4 8 
8 8 3 7 1 6 0 5 8 
7 8 3 7 1 6 0 5 8 
8 9 6 8 4 7 2 6 8 
8 8 5 7 4 6 3 5 8 
7 8 4 7 3 6 2 5 8 
7 8 3 7 1 6 0 5 8 
8 9 4 8 1 7 0 6 8 
8 10 5 9 3 8 2 7 8 
8 10 5 9 3 8 2 7 8 
8 10 6 9 4 8 2 7 8 
8 9 7 8 6 7 5 6 8 
8 10 4 9 3 8 2 7 8 
8 9 4 8 1 7 0 6 8 
8 11 5 10 2 9 0 8 8 
8 11 5 10 2 9 0 8 8 
7 8 4 7 3 6 2 5 8 
8 10 6 9 4 8 2 7 8 
8 9 5 8 3 7 2 6 8 
7 8 3 7 1 6 0 5 8 
8 11 7 10 6 9 5 8 8 
8 9 5 8 3 7 2 6 8 
8 12 6 11 4 10 2 9 8 
7 8 3 7 1 6 0 5 8 
8 12 6 11 4 10 2 9 8 
6 8 4 7 3 6 2 5 8 
8 9 5 8 3 7 2 6 8 
7 8 4 7 3 6 2 5 8 
8 9 3 8 1 7 0 6 8 
7 8 4 7 3 6 2 5 8 
8 10 4 9 1 8 0 7 8 
8 10 4 9 1 8 0 7 8 
7 7 3 6 2 5 1 4 8 
7 9 3 8 1 7 0 6 8 
8 8 3 7 2 6 1 5 8 
7 9 4 8 3 7 2 6 8 
8 10 6 9 4 8 2 7 8 
8 10 7 9 5 8 3 7 8 
8 10 4 9 3 8 2 7 8 
6 8 4 7 3 6 2 5 8 
7 9 3 8 1 7 0 6 8 
8 10 6 9 4 8 2 7 8 
8 11 5 10 3 9 2 8 8 
8 10 6 9 4 8 3 7 8 
8 11 5 10 3 9 2 8 8 
8 8 3 7 1 6 0 5 8 
8 10 4 9 3 8 2 7 8 
8 10 6 9 4 8 3 7 8 
7 8 3 7 1 6 0 5 8 
7 8 4 7 3 6 2 5 8 
8 9 4 8 1 7 0 6 8 
6 8 3 7 1 6 0 5 8 
6 8 4 7 3 6 2 5 8 
8 11 6 10 4 9 2 8 8 
8 11 6 10 4 9 2 8 8 
7 8 4 7 3 6 2 5 8 
8 9 4 8 1 7 0 6 8 
8 9 5 8 4 7 3 6 8 
7 9 4 8 3 7 2 6 8 
8 10 4 9 1 8 0 7 8 
8 10 6 9 4 8 3 7 8 
8 9 4 8 3 7 2 6 8 
8 12 7 11 6 10 5 9 8 
8 9 4 8 1 7 0 6 8 
8 12 7 11 6 10 5 9 8 
8 10 5 9 3 8 2 7 8 
8 12 5 11 2 10 0 9 8 
8 12 5 11 2 10 0 9 8 
8 9 4 8 3 7 2 6 8 
7 8 4 7 3 6 2 5 8 
8 10 6 9 4 8 2 7 8 
8 13 6 12 4 11 2 10 8 
7 8 3 7 1 6 0 5 8 
7 9 3 8 1 7 0 6 8 
SCORES_TXT_END_0
SCORES_TXT_BEGIN_0 67 38 9 BLEU
15 16 14 15 13 14 12 13 15 
14 14 11 13 10 12 9 11 15 
14 16 13 15 12 14 11 13 15 
13 14 10 13 9 12 8 11 15 
15 17 13 16 11 15 10 14 15 
15 18 13 17 11 16 9 15 15 
15 15 11 14 8 13 7 12 15 
15 17 14 16 13 15 12 14 15 
15 18 13 17 11 16 9 15 15 
14 15 11 14 10 13 9 12 15 
15 16 13 15 11 14 10 13 15 
14 17 12 16 11 15 10 14 15 
14 14 10 13 8 12 7 11 15 
14 15 10 14 8 13 7 12 15 
14 15 12 14 11 13 10 12 15 
15 16 13 15 11 14 10 13 15 
13 13 9 12 8 11 7 10 15 
14 14 10 13 8 12 7 11 15 
15 17 14 16 13 15 12 14 15 
14 16 12 15 11 14 10 13 15 
14 16 12 15 11 14 10 13 15 
15 16 11 15 8 14 6 13 15 
14 18 12 17 10 16 8 15 15 
15 15 11 14 10 13 9 12 15 
13 14 9 13 8 12 7 11 15 
14 16 12 15 11 14 10 13 15 
15 16 10 15 8 14 6 13 15 
14 14 10 13 8 12 7 11 15 
14 14 9 13 7 12 6 11 15 
14 17 13 16 12 15 11 14 15 
15 17 14 16 13 15 12 14 15 
14 18 12 17 10 16 8 15 15 
13 14 9 13 8 12 7 11 15 
14 14 8 13 7 12 6 11 15 
14 14 9 13 8 12 7 11 15 
13 15 10 14 9 13 8 12 15 
14 15 12 14 11 13 10 12 15 
15 15 12 14 10 13 9 12 15 
SCORES_TXT_END_0
SCORES_TXT_BEGIN_0 68 96 9 BLEU
8 8 7 7 6 6 5 5 8 
7 12 6 11 5 10 4 9 8 
7 12 6 11 5 10 4 9 8 
8 12 6 11 5 10 4 9 8 
8 12 6 11 5 10 4 9 8 
8 10 6 9 5 8 4 7 8 
7 10 6 9 5 8 4 7 8 
7 8 6 7 5 6 4 5 8 
8 9 6 8 5 7 4 6 8 
8 10 6 9 5 8 4 7 8 
8 10 6 9 5 8 4 7 8 
8 9 6 8 5 7 4 6 8 
8 11 6 10 5 9 4 8 8 
8 11 6 10 5 9 4 8 8 
7 9 6 8 5 7 4 6 8 
7 11 6 10 5 9 4 8 8 
7 10 6 9 5 8 4 7 8 
7 10 6 9 5 8 4 7 8 
7 11 6 10 5 9 4 8 8 
8 9 7 8 5 7 3 6 8 
8 9 7 8 6 7 5 6 8 
7 9 6 8 5 7 4 6 8 
7 13 6 12 5 11 4 10 8 
7 13 6 12 5 11 4 10 8 
7 11 6 10 5 9 4 8 8 
7 11 6 10 5 9 4 8 8 
7 14 6 13 5 12 4 11 8 
7 14 6 13 5 12 4 11 8 
8 11 6 10 5 9 4 8 8 
7 14 6 13 5 12 4 11 8 
7 14 6 13 5 12 4 11 8 
7 13 6 12 4 11 2 10 8 
7 13 6 12 4 11 2 10 8 
7 16 6 15 5 14 4 13 8 
7 16 6 15 5 14 4 13 8 
8 9 6 8 5 7 4 6 8 
7 16 6 15 5 14 4 13 8 
7 11 6 10 5 9 4 8 8 
7 16 6 15 5 14 4 13 8 
8 13 6 12 4 11 2 10 8 
7 13 6 12 5 11 4 10 8 
7 14 6 13 5 12 4 11 8 
7 13 6 12 5 11 4 10 8 
8 14 6 13 5 12 4 11 8 
8 14 6 13 5 12 4 11 8 
7 14 6 13 5 12 4 11 8 
8 13 6 12 4 11 2 10 8 
7 13 6 12 5 11 4 10 8 
7 13 6 12 5 11 4 10 8 
7 13 6 12 5 11 4 10 8 
7 13 6 12 5 11 4 10 8 
8 8 5 7 3 6 1 5 8 
7 13 6 12 5 11 4 10 8 
7 13 6 12 5 11 4 10 8 
7 9 6 8 5 7 4 6 8 
7 15 6 14 5 13 4 12 8 
7 15 6 14 5 13 4 12 8 
7 15 6 14 5 13 4 12 8 
8 12 6 11 5 10 4 9 8 
7 15 6 14 5 13 4 12 8 
8 11 6 10 4 9 2 8 8 
8 9 6 8 5 7 4 6 8 
8 11 6 10 5 9 4 8 8 
8 8 5 7 3 6 2 5 8 
8 9 6 8 5 7 4 6 8 
7 14 6 13 5 12 4 11 8 
7 14 6 13 5 12 4 11 8 
8 13 6 12 5 11 4 10 8 
8 9 7 8 6 7 5 6 8 
8 13 6 12 5 11 4 10 8 
7 15 6 14 5 13 4 12 8 
7 15 6 14 5 13 4 12 8 
7 15 6 14 5 13 4 12 8 
7 15 6 14 5 13 4 12 8 
7 8 5 7 3 6 2 5 8 
8 13 6 12 5 11 4 10 8 
8 13 6 12 5 11 4 10 8 
7 12 6 11 5 10 4 9 8 
8 11 6 10 5 9 4 8 8 
7 11 6 10 5 9 4 8 8 
7 13 6 12 5 11 4 10 8 
7 12 6 11 5 10 4 9 8 
8 9 6 8 4 7 2 6 8 
8 8 5 7 2 6 1 5 8 
7 13 6 12 5 11 4 10 8 
7 12 6 11 5 10 4 9 8 
7 13 6 12 5 11 4 10 8 
7 13 6 12 5 11 4 10 8 
7 11 6 10 4 9 2 8 8 
7 14 6 13 5 12 4 11 8 
7 14 6 13 5 12 4 11 8 
7 14 6 13 5 12 4 11 8 
7 14 6 13 5 12 4 11 8 
7 9 6 8 5 7 4 6 8 
8 10 6 9 5 8 4 7 8 
8 8 4 7 3 6 2 5 8 
SCORES_TXT_END_0
SCORES_TXT_BEGIN_0 69 100 9 BLEU
9 9 6 8 5 7 4 6 10 
10 11 9 10 8 9 7 8 10 
9 10 6 9 5 8 4 7 10 
10 13 8 12 6 11 4 10 10 
10 12 9 11 8 10 7 9 10 
10 10 6 9 3 8 2 7 10 
10 10 6 9 5 8 4 7 10 
10 12 8 11 6 10 5 9 10 
10 13 8 12 6 11 4 10 10 
9 9 5 8 3 7 2 6 10 
10 12 9 11 8 10 7 9 10 
9 9 5 8 3 7 2 6 10 
10 11 8 10 6 9 5 8 10 
10 11 8 10 6 9 5 8 10 
10 12 9 11 7 10 5 9 10 
10 10 7 9 5 8 4 7 10 
9 10 6 9 4 8 2 7 10 
10 14 8 13 6 12 4 11 10 
10 12 9 11 8 10 7 9 10 
9 11 6 10 5 9 4 8 10 
10 14 7 13 4 12 2 11 10 
9 10 6 9 5 8 4 7 10 
10 13 9 12 7 11 5 10 10 
10 11 7 10 4 9 2 8 10 
10 14 8 13 6 12 4 11 10 
10 12 6 11 3 10 2 9 10 
10 14 8 13 6 12 4 11 10 
10 12 6 11 3 10 2 9 10 
10 13 9 12 8 11 7 10 10 
10 13 7 12 4 11 2 10 10 
9 9 6 8 5 7 4 6 10 
9 10 6 9 5 8 4 7 10 
10 12 9 11 7 10 5 9 10 
10 14 8 13 6 12 5 11 10 
10 13 7 12 4 11 2 10 10 
9 10 6 9 4 8 2 7 10 
10 14 8 13 6 12 5 11 10 
10 14 7 13 4 12 2 11 10 
10 11 9 10 8 9 7 8 10 
10 11 6 10 3 9 2 8 10 
10 11 6 10 5 9 4 8 10 
10 11 6 10 3 9 2 8 10 
10 10 5 9 3 8 2 7 10 
9 10 5 9 3 8 2 7 10 
10 14 8 13 6 12 4 11 10 
10 12 9 11 8 10 7 9 10 
10 10 6 9 4 8 3 7 10 
10 11 6 10 3 9 2 8 10 
10 13 8 12 6 11 5 10 10 
10 13 9 12 8 11 7 10 10 
10 14 8 13 5 12 2 11 10 
10 13 7 12 4 11 2 10 10 
10 13 8 12 6 11 5 10 10 
10 12 8 11 6 10 5 9 10 
10 12 8 11 6 10 5 9 10 
9 10 6 9 5 8 4 7 10 
10 12 8 11 7 10 6 9 10 
10 13 7 12 4 11 2 10 10 
10 13 8 12 6 11 5 10 10 
10 14 8 13 6 12 4 11 10 
8 8 6 7 5 6 4 5 10 
10 15 8 14 5 13 2 12 10 
9 11 7 10 5 9 3 8 10 
10 13 9 12 7 11 5 10 10 
10 11 6 10 4 9 2 8 10 
9 10 6 9 5 8 4 7 10 
9 11 6 10 5 9 4 8 10 
10 12 7 11 5 10 4 9 10 
10 13 9 12 7 11 5 10 10 
10 12 7 11 5 10 4 9 10 
8 9 5 8 4 7 3 6 10 
9 11 6 10 4 9 2 8 10 
10 15 8 14 6 13 4 12 10 
10 12 8 11 6 10 4 9 10 
10 10 7 9 6 8 5 7 10 
9 10 6 9 5 8 4 7 10 
10 14 9 13 8 12 7 11 10 
10 14 8 13 5 12 2 11 10 
8 9 4 8 3 7 2 6 10 
10 16 7 15 4 14 2 13 10 
10 14 8 13 6 12 4 11 10 
10 14 9 13 8 12 7 11 10 
10 11 6 10 3 9 2 8 10 
9 10 5 9 3 8 2 7 10 
10 14 8 13 5 12 2 11 10 
10 11 7 10 5 9 4 8 10 
10 16 7 15 4 14 2 13 10 
10 15 9 14 7 13 5 12 10 
10 13 7 12 4 11 2 10 10 
10 12 9 11 7 10 5 9 10 
10 15 9 14 7 13 5 12 10 
10 13 8 12 6 11 4 10 10 
9 9 4 8 1 7 0 6 10 
9 10 6 9 4 8 2 7 10 
10 12 9 11 8 10 7 9 10 
10 11 6 10 5 9 4 8 10 
10 11 7 10 5 9 4 8 10 
10 13 7 12 4 11 2 10 10 
9 11 6 10 5 9 4 8 10 
9 11 7 10 6 9 5 8 10 
SCORES_TXT_END_0
SCORES_TXT_BEGIN_0 70 100 9 BLEU
8 11 6 10 4 9 2 8 8 
8 11 6 10 4 9 2 8 8 
8 9 7 8 6 7 5 6 8 
7 7 4 6 3 5 2 4 8 
8 10 6 9 4 8 3 7 8 
8 12 5 11 2 10 0 9 8 
8 12 5 11 2 10 0 9 8 
7 9 6 8 5 7 4 6 8 
8 9 6 8 4 7 3 6 8 
7 10 5 9 4 8 3 7 8 
7 11 5 10 3 9 1 8 8 
7 11 5 10 3 9 1 8 8 
8 8 4 7 1 6 0 5 8 
8 11 5 10 2 9 0 8 8 
7 12 4 11 2 10 0 9 8 
8 11 5 10 2 9 0 8 8 
7 12 4 11 2 10 0 9 8 
8 12 6 11 4 10 2 9 8 
8 12 6 11 4 10 2 9 8 
8 10 7 9 6 8 5 7 8 
6 7 3 6 2 5 1 4 8 
7 9 5 8 4 7 3 6 8 
7 9 5 8 4 7 3 6 8 
7 7 3 6 1 5 0 4 8 
7 8 3 7 1 6 0 5 8 
7 11 4 10 2 9 0 8 8 
7 8 4 7 3 6 2 5 8 
8 9 6 8 4 7 3 6 8 
7 11 4 10 2 9 0 8 8 
7 11 4 10 2 9 0 8 8 
7 11 4 10 2 9 0 8 8 
8 11 5 10 2 9 0 8 8 
8 12 6 11 4 10 2 9 8 
8 12 6 11 4 10 2 9 8 
8 11 5 10 2 9 0 8 8 
7 8 5 7 4 6 3 5 8 
8 10 7 9 6 8 5 7 8 
7 8 5 7 4 6 3 5 8 
6 7 2 6 1 5 0 4 8 
7 7 3 6 1 5 0 4 8 
7 9 5 8 4 7 3 6 8 
7 10 4 9 2 8 0 7 8 
7 10 4 9 2 8 0 7 8 
8 8 4 7 3 6 2 5 8 
7 7 3 6 1 5 0 4 8 
7 11 4 10 2 9 0 8 8 
6 6 2 5 1 4 0 3 8 
7 10 6 9 5 8 4 7 8 
7 11 4 10 2 9 0 8 8 
6 6 2 5 1 4 0 3 8 
7 12 5 11 3 10 1 9 8 
7 12 5 11 3 10 1 9 8 
7 8 5 7 4 6 3 5 8 
8 12 6 11 4 10 3 9 8 
7 11 4 10 2 9 0 8 8 
7 11 4 10 2 9 0 8 8 
6 7 2 6 1 5 0 4 8 
8 12 6 11 4 10 3 9 8 
7 9 5 8 3 7 1 6 8 
7 10 4 9 2 8 0 7 8 
8 14 5 13 2 12 0 11 8 
7 10 6 9 5 8 4 7 8 
7 10 4 9 2 8 0 7 8 
8 14 5 13 2 12 0 11 8 
8 14 5 13 2 12 0 11 8 
8 10 6 9 5 8 4 7 8 
6 7 2 6 1 5 0 4 8 
6 8 3 7 2 6 1 5 8 
8 14 5 13 2 12 0 11 8 
8 12 6 11 4 10 2 9 8 
7 8 4 7 2 6 0 5 8 
8 10 6 9 4 8 3 7 8 
7 12 5 11 3 10 1 9 8 
7 12 5 11 4 10 3 9 8 
7 11 4 10 2 9 0 8 8 
8 12 5 11 3 10 1 9 8 
8 10 7 9 6 8 5 7 8 
7 11 4 10 2 9 0 8 8 
8 12 6 11 4 10 2 9 8 
7 12 5 11 3 10 1 9 8 
8 11 5 10 2 9 0 8 8 
8 11 6 10 4 9 3 8 8 
8 12 5 11 3 10 1 9 8 
7 12 5 11 4 10 3 9 8 
6 6 2 5 1 4 0 3 8 
7 7 3 6 2 5 1 4 8 
8 10 4 9 1 8 0 7 8 
7 10 4 9 2 8 0 7 8 
6 6 2 5 1 4 0 3 8 
8 12 5 11 2 10 0 9 8 
7 10 4 9 2 8 0 7 8 
8 11 6 10 4 9 3 8 8 
7 14 4 13 2 12 0 11 8 
8 11 5 10 2 9 0 8 8 
8 10 4 9 1 8 0 7 8 
8 12 5 11 2 10 0 9 8 
7 14 4 13 2 12 0 11 8 
8 13 5 12 2 11 0 10 8 
7 14 4 13 2 12 0 11 8 
8 12 5 11 2 10 0 9 8 
SCORES_TXT_END_0
SCORES_TXT_BEGIN_0 71 100 9 BLEU
11 11 10 10 9 9 8 8 11 
11 13 9 12 8 11 7 10 11 
11 15 9 14 8 13 7 12 11 
11 15 9 14 8 13 7 12 11 
11 12 9 11 8 10 7 9 11 
10 10 8 9 6 8 4 7 11 
11 12 9 11 8 10 7 9 11 
10 11 8 10 7 9 6 8 11 
10 13 8 12 7 11 6 10 11 
11 12 9 11 8 10 7 9 11 
11 14 9 13 8 12 7 11 11 
10 14 8 13 7 12 6 11 11 
11 14 9 13 8 12 7 11 11 
11 12 9 11 8 10 7 9 11 
9 9 7 8 5 7 3 6 11 
10 12 8 11 7 10 6 9 11 
11 12 9 11 8 10 7 9 11 
10 12 7 11 5 10 3 9 11 
10 11 8 10 6 9 4 8 11 
11 14 9 13 8 12 7 11 11 
11 13 9 12 8 11 7 10 11 
9 10 7 9 5 8 3 7 11 
11 11 7 10 5 9 3 8 11 
10 11 9 10 8 9 7 8 11 
11 14 9 13 8 12 7 11 11 
11 15 9 14 8 13 7 12 11 
11 13 9 12 8 11 7 10 11 
10 12 8 11 7 10 6 9 11 
10 14 7 13 6 12 5 11 11 
9 11 6 10 4 9 2 8 11 
11 13 9 12 8 11 7 10 11 
10 12 9 11 8 10 7 9 11 
10 11 7 10 5 9 3 8 11 
10 14 7 13 5 12 3 11 11 
10 12 6 11 5 10 4 9 11 
10 12 7 11 6 10 5 9 11 
11 14 9 13 8 12 7 11 11 
11 13 9 12 8 11 7 10 11 
11 14 9 13 8 12 7 11 11 
8 9 6 8 4 7 2 6 11 
11 13 7 12 5 11 3 10 11 
11 11 7 10 5 9 4 8 11 
10 12 9 11 8 10 7 9 11 
10 12 8 11 7 10 6 9 11 
10 11 8 10 6 9 5 8 11 
10 13 8 12 7 11 6 10 11 
10 14 7 13 5 12 3 11 11 
10 13 7 12 5 11 3 10 11 
11 14 9 13 8 12 7 11 11 
11 13 9 12 8 11 7 10 11 
11 17 9 16 8 15 7 14 11 
9 12 6 11 4 10 2 9 11 
10 15 8 14 7 13 6 12 11 
11 12 9 11 8 10 7 9 11 
10 15 8 14 7 13 6 12 11 
11 13 9 12 8 11 7 10 11 
10 14 8 13 7 12 6 11 11 
10 14 6 13 5 12 4 11 11 
10 12 8 11 7 10 6 9 11 
10 14 8 13 7 12 6 11 11 
11 14 9 13 8 12 7 11 11 
11 16 9 15 8 14 7 13 11 
11 17 9 16 8 15 7 14 11 
11 14 9 13 8 12 7 11 11 
11 16 9 15 8 14 7 13 11 
11 12 9 11 7 10 6 9 11 
10 13 8 12 7 11 6 10 11 
10 11 7 10 4 9 2 8 11 
10 13 7 12 5 11 3 10 11 
11 11 7 10 4 9 2 8 11 
10 11 7 10 6 9 5 8 11 
10 11 6 10 5 9 4 8 11 
9 10 6 9 4 8 3 7 11 
9 13 6 12 4 11 2 10 11 
11 16 9 15 8 14 7 13 11 
11 16 9 15 8 14 7 13 11 
11 16 9 15 8 14 7 13 11 
10 11 6 10 5 9 4 8 11 
10 13 7 12 6 11 5 10 11 
11 17 9 16 8 15 7 14 11 
11 17 9 16 8 15 7 14 11 
11 13 7 12 5 11 4 10 11 
10 12 8 11 7 10 6 9 11 
10 16 8 15 7 14 6 13 11 
10 16 8 15 7 14 6 13 11 
10 13 6 12 4 11 2 10 11 
10 15 7 14 6 13 5 12 11 
11 14 9 13 8 12 7 11 11 
11 16 9 15 8 14 7 13 11 
11 15 9 14 8 13 7 12 11 
11 15 9 14 8 13 7 12 11 
11 16 9 15 8 14 7 13 11 
11 16 9 15 8 14 7 13 11 
9 13 7 12 6 11 5 10 11 
11 16 9 15 8 14 7 13 11 
10 15 8 14 7 13 6 12 11 
10 13 6 12 5 11 4 10 11 
10 15 8 14 7 13 6 12 11 
11 13 9 12 8 11 7 10 11 
11 12 9 11 7 10 5 9 11 
SCORES_TXT_END_0
SCORES_TXT_BEGIN_0 72 63 9 BLEU
11 11 8 10 7 9 6 8 12 
11 12 8 11 7 10 6 9 12 
12 13 11 12 10 11 9 10 12 
12 12 8 11 5 10 4 9 12 
10 11 6 10 5 9 4 8 12 
12 12 8 11 7 10 6 9 12 
11 11 7 10 5 9 4 8 12 
11 11 7 10 5 9 4 8 12 
10 11 6 10 5 9 4 8 12 
10 11 6 10 5 9 4 8 12 
12 12 9 11 7 10 6 9 12 
10 11 6 10 4 9 3 8 12 
12 14 11 13 10 12 9 11 12 
12 14 10 13 8 12 7 11 12 
10 12 6 11 5 10 4 9 12 
11 12 7 11 4 10 3 9 12 
11 12 8 11 7 10 6 9 12 
12 14 8 13 5 12 4 11 12 
12 14 8 13 5 12 4 11 12 
12 14 11 13 10 12 9 11 12 
11 12 6 11 3 10 2 9 12 
12 13 10 12 8 11 7 10 12 
11 13 9 12 7 11 5 10 12 
11 11 8 10 7 9 6 8 12 
10 12 6 11 5 10 4 9 12 
12 13 10 12 8 11 7 10 12 
10 11 6 10 4 9 3 8 12 
11 13 8 12 6 11 4 10 12 
10 12 6 11 5 10 4 9 12 
12 12 8 11 5 10 3 9 12 
12 13 8 12 5 11 4 10 12 
11 12 6 11 5 10 4 9 12 
11 12 6 11 3 10 2 9 12 
10 11 5 10 3 9 2 8 12 
10 11 6 10 5 9 4 8 12 
12 13 8 12 5 11 4 10 12 
11 12 7 11 5 10 4 9 12 
12 13 8 12 7 11 6 10 12 
11 13 9 12 7 11 5 10 12 
12 12 7 11 5 10 4 9 12 
10 12 6 11 5 10 4 9 12 
12 13 8 12 5 11 4 10 12 
12 12 8 11 6 10 5 9 12 
10 11 5 10 3 9 2 8 12 
10 12 6 11 5 10 4 9 12 
10 10 6 9 5 8 4 7 12 
10 11 6 10 4 9 3 8 12 
11 13 9 12 7 11 6 10 12 
11 12 6 11 5 10 4 9 12 
11 12 6 11 3 10 2 9 12 
10 11 5 10 3 9 2 8 12 
12 14 11 13 10 12 9 11 12 
10 11 5 10 3 9 2 8 12 
11 11 7 10 5 9 3 8 12 
11 14 9 13 7 12 6 11 12 
11 15 8 14 6 13 4 12 12 
11 12 6 11 5 10 4 9 12 
11 15 8 14 6 13 4 12 12 
10 11 5 10 3 9 2 8 12 
12 14 9 13 7 12 6 11 12 
11 12 6 11 4 10 3 9 12 
12 14 9 13 7 12 6 11 12 
11 12 7 11 5 10 4 9 12 
SCORES_TXT_END_0
SCORES_TXT_BEGIN_0 73 3 9 BLEU
14 14 13 13 12 12 11 11 14 
14 15 12 14 11 13 10 12 14 
14 16 12 15 11 14 10 13 14 
SCORES_TXT_END_0
SCORES_TXT_BEGIN_0 74 37 9 BLEU
16 16 13 15 12 14 11 13 17 
16 20 14 19 12 18 11 17 17 
16 17 13 16 12 15 11 14 17 
16 20 14 19 12 18 11 17 17 
17 20 15 19 13 18 11 17 17 
17 20 15 19 13 18 11 17 17 
17 17 13 16 12 15 11 14 17 
15 16 13 15 12 14 11 13 17 
16 21 14 20 12 19 11 18 17 
14 15 11 14 10 13 9 12 17 
16 16 11 15 9 14 8 13 17 
17 17 14 16 12 15 11 14 17 
17 17 13 16 10 15 8 14 17 
17 18 16 17 15 16 14 15 17 
17 18 13 17 10 16 8 15 17 
16 21 14 20 12 19 11 18 17 
16 16 12 15 10 14 8 13 17 
16 18 15 17 14 16 13 15 17 
16 17 12 16 10 15 8 14 17 
16 21 14 20 12 19 11 18 17 
17 21 15 20 13 19 11 18 17 
16 16 12 15 10 14 8 13 17 
17 21 15 20 13 19 11 18 17 
16 17 13 16 12 15 11 14 17 
16 17 12 16 10 15 8 14 17 
16 16 12 15 10 14 9 13 17 
15 17 13 16 12 15 11 14 17 
16 17 13 16 12 15 11 14 17 
16 16 13 15 12 14 11 13 17 
16 18 13 17 10 16 8 15 17 
16 21 14 20 12 19 11 18 17 
16 21 13 20 10 19 8 18 17 
15 16 11 15 9 14 8 13 17 
16 21 14 20 12 19 11 18 17 
17 21 15 20 13 19 11 18 17 
17 21 15 20 13 19 11 18 17 
16 22 13 21 10 20 8 19 17 
SCORES_TXT_END_0
SCORES_TXT_BEGIN_0 75 100 9 BLEU
8 8 7 7 6 6 5 5 8 
7 8 6 7 5 6 4 5 8 
7 12 6 11 5 10 4 9 8 
7 12 6 11 5 10 4 9 8 
8 10 6 9 5 8 4 7 8 
7 10 6 9 5 8 4 7 8 
7 11 6 10 5 9 4 8 8 
7 11 6 10 5 9 4 8 8 
8 9 6 8 4 7 2 6 8 
8 9 6 8 5 7 4 6 8 
8 9 6 8 4 7 2 6 8 
7 9 6 8 5 7 4 6 8 
8 8 4 7 3 6 2 5 8 
7 8 5 7 3 6 1 5 8 
8 8 4 7 2 6 1 5 8 
7 9 5 8 3 7 2 6 8 
7 11 4 10 3 9 2 8 8 
7 11 4 10 3 9 2 8 8 
8 8 5 7 3 6 2 5 8 
7 8 4 7 3 6 2 5 8 
8 8 5 7 3 6 2 5 8 
7 8 4 7 2 6 1 5 8 
7 10 4 9 3 8 2 7 8 
7 13 5 12 3 11 2 10 8 
7 13 5 12 3 11 2 10 8 
7 10 4 9 2 8 1 7 8 
7 9 5 8 3 7 2 6 8 
8 8 4 7 2 6 0 5 8 
8 8 4 7 1 6 0 5 8 
8 11 5 10 3 9 2 8 8 
8 8 5 7 4 6 3 5 8 
8 8 3 7 1 6 0 5 8 
7 11 5 10 3 9 2 8 8 
8 9 4 8 3 7 2 6 8 
6 8 4 7 2 6 0 5 8 
8 8 4 7 2 6 1 5 8 
7 8 4 7 2 6 0 5 8 
8 8 5 7 4 6 3 5 8 
7 8 5 7 4 6 3 5 8 
8 8 4 7 3 6 2 5 8 
7 13 5 12 3 11 2 10 8 
7 13 5 12 3 11 2 10 8 
7 8 5 7 3 6 2 5 8 
7 10 5 9 3 8 2 7 8 
8 8 4 7 3 6 2 5 8 
8 11 5 10 3 9 2 8 8 
8 10 6 9 4 8 2 7 8 
7 12 4 11 3 10 2 9 8 
7 12 4 11 3 10 2 9 8 
8 8 4 7 2 6 0 5 8 
7 9 4 8 2 7 1 6 8 
8 8 4 7 2 6 1 5 8 
7 8 4 7 2 6 0 5 8 
8 10 4 9 3 8 2 7 8 
8 9 4 8 3 7 2 6 8 
8 9 4 8 2 7 1 6 8 
8 10 4 9 2 8 1 7 8 
7 8 4 7 1 6 0 5 8 
7 12 4 11 3 10 2 9 8 
7 10 4 9 1 8 0 7 8 
7 12 4 11 3 10 2 9 8 
8 8 5 7 3 6 1 5 8 
8 8 4 7 2 6 0 5 8 
7 11 5 10 3 9 2 8 8 
7 11 4 10 2 9 1 8 8 
7 11 4 10 2 9 1 8 8 
8 9 4 8 2 7 0 6 8 
6 12 4 11 2 10 0 9 8 
7 11 4 10 2 9 1 8 8 
7 11 5 10 4 9 3 8 8 
6 12 4 11 2 10 0 9 8 
7 11 5 10 4 9 3 8 8 
8 9 3 8 1 7 0 6 8 
8 8 4 7 1 6 0 5 8 
7 8 3 7 1 6 0 5 8 
7 10 4 9 2 8 0 7 8 
7 10 3 9 1 8 0 7 8 
7 9 4 8 3 7 2 6 8 
8 8 4 7 1 6 0 5 8 
8 8 3 7 2 6 1 5 8 
7 8 4 7 2 6 1 5 8 
8 10 5 9 3 8 2 7 8 
8 9 5 8 3 7 2 6 8 
7 8 5 7 4 6 3 5 8 
8 8 5 7 3 6 1 5 8 
7 9 4 8 3 7 2 6 8 
7 8 5 7 3 6 2 5 8 
7 12 5 11 2 10 1 9 8 
7 8 3 7 1 6 0 5 8 
7 12 5 11 2 10 1 9 8 
8 9 5 8 3 7 2 6 8 
7 12 4 11 3 10 2 9 8 
7 8 3 7 1 6 0 5 8 
7 11 4 10 3 9 2 8 8 
7 12 4 11 3 10 2 9 8 
7 9 4 8 2 7 1 6 8 
6 8 4 7 2 6 0 5 8 
6 10 4 9 2 8 0 7 8 
7 10 4 9 2 8 1 7 8 
7 10 5 9 4 8 3 7 8 
SCORES_TXT_END_0
SCORES_TXT_BEGIN_0 76 12 9 BLEU
13 13 12 12 11 11 10 10 13 
12 13 10 12 8 11 6 10 13 
11 12 9 11 7 10 5 9 13 
10 12 8 11 6 10 4 9 13 
11 11 9 10 8 9 7 8 13 
12 13 10 12 8 11 6 10 13 
12 13 10 12 8 11 6 10 13 
12 13 9 12 7 11 5 10 13 
10 11 7 10 5 9 3 8 13 
9 10 6 9 4 8 2 7 13 
12 13 8 12 5 11 3 10 13 
10 12 7 11 4 10 1 9 13 
SCORES_TXT_END_0
SCORES_TXT_BEGIN_0 77 46 9 BLEU
11 11 10 10 9 9 8 8 11 
10 11 9 10 8 9 7 8 11 
10 11 8 10 6 9 4 8 11 
11 12 9 11 7 10 5 9 11 
11 13 9 12 7 11 5 10 11 
10 11 8 10 6 9 4 8 11 
11 12 9 11 7 10 5 9 11 
10 15 9 14 8 13 7 12 11 
10 15 9 14 8 13 7 12 11 
10 11 8 10 6 9 4 8 11 
10 10 8 9 6 8 5 7 11 
11 11 7 10 5 9 3 8 11 
11 13 9 12 8 11 7 10 11 
9 10 7 9 5 8 4 7 11 
11 11 7 10 5 9 3 8 11 
11 13 9 12 7 11 5 10 11 
10 12 8 11 6 10 4 9 11 
11 13 9 12 7 11 5 10 11 
11 11 7 10 4 9 2 8 11 
10 13 9 12 8 11 7 10 11 
10 14 9 13 8 12 7 11 11 
11 15 9 14 7 13 5 12 11 
11 15 9 14 7 13 5 12 11 
10 14 9 13 8 12 7 11 11 
9 10 7 9 5 8 4 7 11 
11 12 9 11 7 10 5 9 11 
10 11 7 10 5 9 3 8 11 
10 11 8 10 6 9 5 8 11 
10 13 7 12 5 11 3 10 11 
10 11 7 10 5 9 3 8 11 
11 11 7 10 5 9 3 8 11 
11 14 9 13 7 12 5 11 11 
11 14 9 13 7 12 5 11 11 
11 12 9 11 7 10 5 9 11 
10 11 7 10 5 9 3 8 11 
10 11 8 10 6 9 5 8 11 
10 11 8 10 6 9 5 8 11 
10 12 7 11 5 10 3 9 11 
11 12 9 11 7 10 5 9 11 
10 11 8 10 6 9 5 8 11 
11 12 9 11 7 10 5 9 11 
9 11 7 10 5 9 4 8 11 
10 11 7 10 5 9 4 8 11 
11 11 7 10 4 9 3 8 11 
9 11 7 10 5 9 4 8 11 
9 10 6 9 5 8 4 7 11 
SCORES_TXT_END_0
SCORES_TXT_BEGIN_0 78 100 9 BLEU
7 7 5 6 4 5 3 4 9 
9 9 8 8 7 7 6 6 9 
8 9 7 8 6 7 5 6 9 
6 7 5 6 4 5 3 4 9 
8 11 6 10 4 9 3 8 9 
8 11 6 10 4 9 3 8 9 
9 11 7 10 5 9 3 8 9 
9 11 7 10 5 9 3 8 9 
6 6 3 5 1 4 0 3 9 
9 10 7 9 5 8 3 7 9 
8 8 6 7 4 6 3 5 9 
8 10 6 9 4 8 3 7 9 
8 10 6 9 4 8 3 7 9 
8 8 6 7 4 6 3 5 9 
7 8 5 7 3 6 2 5 9 
8 10 6 9 4 8 3 7 9 
6 7 3 6 1 5 0 4 9 
8 9 6 8 4 7 3 6 9 
9 10 7 9 5 8 3 7 9 
8 13 7 12 6 11 5 10 9 
8 13 7 12 6 11 5 10 9 
9 10 7 9 5 8 3 7 9 
7 9 5 8 3 7 2 6 9 
9 10 7 9 5 8 3 7 9 
9 11 8 10 7 9 5 8 9 
7 8 5 7 4 6 3 5 9 
7 8 5 7 4 6 3 5 9 
8 11 7 10 6 9 5 8 9 
5 6 3 5 1 4 0 3 9 
8 12 7 11 6 10 5 9 9 
8 12 7 11 6 10 5 9 9 
8 8 4 7 3 6 2 5 9 
8 10 6 9 4 8 3 7 9 
8 9 6 8 4 7 2 6 9 
7 10 4 9 1 8 0 7 9 
7 10 4 9 1 8 0 7 9 
8 8 6 7 5 6 4 5 9 
8 8 4 7 2 6 1 5 9 
6 7 3 6 2 5 1 4 9 
8 10 6 9 4 8 3 7 9 
7 9 5 8 3 7 1 6 9 
8 10 5 9 2 8 0 7 9 
8 10 5 9 2 8 0 7 9 
7 11 4 10 1 9 0 8 9 
5 7 3 6 1 5 0 4 9 
7 11 4 10 1 9 0 8 9 
8 9 5 8 3 7 1 6 9 
8 8 5 7 4 6 3 5 9 
8 12 6 11 4 10 3 9 9 
8 8 5 7 4 6 3 5 9 
8 12 6 11 4 10 3 9 9 
7 9 4 8 2 7 1 6 9 
9 9 5 8 4 7 3 6 9 
8 8 4 7 1 6 0 5 9 
8 9 5 8 3 7 2 6 9 
6 6 2 5 0 4 0 3 9 
8 8 5 7 4 6 3 5 9 
8 12 6 11 4 10 3 9 9 
7 8 3 7 0 6 0 5 9 
8 11 5 10 2 9 0 8 9 
8 12 6 11 4 10 3 9 9 
9 9 5 8 3 7 1 6 9 
7 7 3 6 2 5 1 4 9 
8 11 5 10 2 9 0 8 9 
7 8 5 7 4 6 3 5 9 
6 7 3 6 2 5 1 4 9 
8 9 4 8 2 7 1 6 9 
8 15 6 14 4 13 3 12 9 
8 15 6 14 4 13 3 12 9 
9 10 8 9 6 8 5 7 9 
8 15 6 14 4 13 3 12 9 
9 12 7 11 5 10 3 9 9 
8 15 6 14 4 13 3 12 9 
8 11 6 10 4 9 3 8 9 
8 8 4 7 3 6 2 5 9 
9 12 7 11 5 10 3 9 9 
8 11 6 10 4 9 3 8 9 
8 8 4 7 2 6 1 5 9 
8 12 6 11 4 10 3 9 9 
8 10 6 9 4 8 2 7 9 
9 9 5 8 3 7 2 6 9 
9 12 7 11 5 10 3 9 9 
8 12 6 11 4 10 3 9 9 
9 13 7 12 5 11 3 10 9 
8 8 5 7 4 6 3 5 9 
9 12 7 11 5 10 3 9 9 
9 10 7 9 5 8 3 7 9 
8 8 4 7 2 6 1 5 9 
9 13 7 12 5 11 3 10 9 
9 10 7 9 5 8 4 7 9 
6 6 2 5 0 4 0 3 9 
8 11 5 10 3 9 1 8 9 
7 11 4 10 2 9 1 8 9 
8 8 4 7 2 6 1 5 9 
6 6 1 5 0 4 0 3 9 
7 7 3 6 1 5 0 4 9 
8 10 7 9 6 8 5 7 9 
7 11 4 10 2 9 1 8 9 
9 11 7 10 5 9 3 8 9 
8 8 4 7 2 6 1 5 9 
SCORES_TXT_END_0
SCORES_TXT_BEGIN_0 79 89 9 BLEU
10 10 9 9 8 8 7 7 10 
9 10 7 9 5 8 3 7 10 
10 12 8 11 6 10 4 9 10 
9 12 6 11 3 10 1 9 10 
10 12 8 11 6 10 4 9 10 
9 12 6 11 3 10 1 9 10 
10 11 8 10 6 9 4 8 10 
9 11 6 10 3 9 1 8 10 
10 12 9 11 8 10 6 9 10 
10 11 8 10 6 9 4 8 10 
9 12 7 11 5 10 2 9 10 
9 11 6 10 3 9 1 8 10 
10 11 8 10 6 9 4 8 10 
9 11 6 10 3 9 1 8 10 
10 11 8 10 7 9 6 8 10 
9 11 6 10 4 9 2 8 10 
10 11 9 10 7 9 5 8 10 
10 14 9 13 8 12 6 11 10 
10 11 8 10 6 9 4 8 10 
10 14 9 13 8 12 6 11 10 
9 14 7 13 5 12 2 11 10 
9 14 7 13 5 12 2 11 10 
9 11 6 10 3 9 1 8 10 
10 11 8 10 6 9 4 8 10 
9 11 6 10 3 9 1 8 10 
9 10 7 9 5 8 3 7 10 
10 11 8 10 6 9 4 8 10 
9 11 6 10 3 9 1 8 10 
10 11 8 10 6 9 4 8 10 
10 11 8 10 7 9 6 8 10 
9 11 6 10 3 9 1 8 10 
9 11 6 10 4 9 2 8 10 
9 10 7 9 5 8 3 7 10 
9 10 7 9 5 8 3 7 10 
10 13 9 12 8 11 6 10 10 
9 13 7 12 5 11 2 10 10 
9 11 7 10 6 9 5 8 10 
8 11 5 10 3 9 2 8 10 
10 11 8 10 6 9 4 8 10 
10 13 9 12 8 11 6 10 10 
9 13 7 12 5 11 2 10 10 
9 11 6 10 4 9 2 8 10 
9 11 7 10 5 9 3 8 10 
10 10 6 9 5 8 4 7 10 
10 12 8 11 6 10 4 9 10 
9 10 4 9 2 8 1 7 10 
10 11 8 10 6 9 4 8 10 
9 12 6 11 3 10 1 9 10 
10 13 8 12 6 11 4 10 10 
10 12 8 11 6 10 4 9 10 
10 13 8 12 6 11 4 10 10 
10 11 8 10 6 9 4 8 10 
9 11 7 10 6 9 5 8 10 
9 13 6 12 3 11 1 10 10 
9 10 8 9 7 8 6 7 10 
10 11 8 10 6 9 4 8 10 
9 12 6 11 3 10 1 9 10 
10 13 8 12 6 11 4 10 10 
9 13 6 12 3 11 1 10 10 
10 13 8 12 6 11 4 10 10 
8 10 6 9 4 8 2 7 10 
10 11 8 10 7 9 6 8 10 
10 11 8 10 6 9 5 8 10 
8 11 5 10 3 9 2 8 10 
9 13 6 12 3 11 1 10 10 
9 13 6 12 3 11 1 10 10 
9 11 6 10 3 9 1 8 10 
10 11 8 10 6 9 4 8 10 
9 11 6 10 4 9 2 8 10 
9 11 6 10 4 9 2 8 10 
10 11 8 10 7 9 6 8 10 
9 11 7 10 6 9 5 8 10 
10 13 8 12 6 11 4 10 10 
9 11 6 10 4 9 2 8 10 
10 11 8 10 6 9 4 8 10 
10 13 8 12 6 11 4 10 10 
9 13 6 12 3 11 1 10 10 
9 11 6 10 4 9 2 8 10 
8 11 5 10 3 9 2 8 10 
10 11 8 10 6 9 5 8 10 
9 13 6 12 3 11 1 10 10 
10 12 8 11 6 10 4 9 10 
9 11 6 10 3 9 2 8 10 
10 12 8 11 6 10 4 9 10 
10 11 8 10 6 9 5 8 10 
9 12 6 11 3 10 1 9 10 
10 12 8 11 6 10 4 9 10 
10 12 8 11 6 10 4 9 10 
10 11 8 10 6 9 4 8 10 
SCORES_TXT_END_0
SCORES_TXT_BEGIN_0 80 47 9 BLEU
12 12 11 11 10 10 9 9 12 
10 10 8 9 6 8 5 7 12 
11 11 9 10 7 9 5 8 12 
12 13 10 12 8 11 6 10 12 
9 9 6 8 4 7 3 6 12 
10 11 8 10 6 9 4 8 12 
10 11 8 10 6 9 4 8 12 
12 13 11 12 9 11 7 10 12 
8 9 6 8 4 7 3 6 12 
11 11 8 10 4 9 2 8 12 
10 12 8 11 6 10 4 9 12 
11 12 9 11 7 10 5 9 12 
10 10 6 9 3 8 2 7 12 
12 13 9 12 5 11 3 10 12 
11 12 9 11 7 10 5 9 12 
12 12 8 11 5 10 3 9 12 
9 10 7 9 4 8 2 7 12 
9 10 7 9 5 8 4 7 12 
10 10 7 9 4 8 2 7 12 
10 10 6 9 2 8 1 7 12 
12 12 8 11 4 10 2 9 12 
11 11 8 10 4 9 1 8 12 
11 13 9 12 7 11 5 10 12 
8 9 6 8 4 7 3 6 12 
10 10 6 9 3 8 1 7 12 
8 9 5 8 3 7 2 6 12 
9 9 5 8 3 7 2 6 12 
11 12 8 11 5 10 3 9 12 
12 12 8 11 5 10 3 9 12 
10 11 7 10 5 9 3 8 12 
11 11 7 10 5 9 3 8 12 
11 11 7 10 4 9 2 8 12 
8 10 6 9 4 8 3 7 12 
12 13 9 12 5 11 2 10 12 
11 11 8 10 5 9 4 8 12 
9 10 7 9 5 8 4 7 12 
12 12 8 11 6 10 4 9 12 
12 13 10 12 8 11 6 10 12 
9 10 7 9 4 8 2 7 12 
10 11 7 10 4 9 2 8 12 
9 11 7 10 4 9 2 8 12 
10 10 6 9 4 8 2 7 12 
12 12 8 11 5 10 2 9 12 
9 11 7 10 5 9 4 8 12 
10 13 8 12 6 11 4 10 12 
8 9 5 8 3 7 2 6 12 
11 12 8 11 5 10 3 9 12 
SCORES_TXT_END_0
SCORES_TXT_BEGIN_0 81 34 9 BLEU
13 13 11 12 10 11 9 10 15 
15 15 14 14 13 13 12 12 15 
12 13 10 12 9 11 8 10 15 
13 13 9 12 8 11 7 10 15 
13 13 8 12 7 11 6 10 15 
13 13 9 12 7 11 6 10 15 
14 15 13 14 12 13 11 12 15 
15 15 11 14 9 13 7 12 15 
15 15 10 14 8 13 6 12 15 
13 13 9 12 7 11 6 10 15 
13 13 8 12 7 11 6 10 15 
15 17 10 16 8 15 6 14 15 
15 17 11 16 9 15 7 14 15 
15 15 11 14 8 13 6 12 15 
15 15 11 14 9 13 7 12 15 
15 17 13 16 11 15 9 14 15 
12 13 8 12 7 11 6 10 15 
15 17 11 16 9 15 7 14 15 
12 13 7 12 6 11 5 10 15 
12 13 8 12 6 11 5 10 15 
15 15 11 14 8 13 6 12 15 
15 17 11 16 8 15 6 14 15 
15 17 13 16 11 15 9 14 15 
14 15 10 14 8 13 6 12 15 
15 17 10 16 8 15 6 14 15 
14 15 9 14 7 13 5 12 15 
12 13 8 12 6 11 5 10 15 
12 13 7 12 6 11 5 10 15 
14 17 9 16 7 15 5 14 15 
15 17 11 16 8 15 6 14 15 
15 17 11 16 8 15 6 14 15 
14 15 10 14 7 13 5 12 15 
14 17 10 16 8 15 6 14 15 
13 14 10 13 9 12 8 11 15 
SCORES_TXT_END_0
SCORES_TXT_BEGIN_0 82 100 9 BLEU
6 6 5 5 4 4 3 3 6 
6 8 4 7 3 6 2 5 6 
6 7 4 6 3 5 2 4 6 
5 6 4 5 3 4 2 3 6 
6 10 4 9 3 8 2 7 6 
6 10 4 9 3 8 2 7 6 
6 7 4 6 3 5 2 4 6 
6 9 4 8 3 7 2 6 6 
6 9 4 8 3 7 2 6 6 
5 6 4 5 3 4 2 3 6 
2 4 1 3 0 2 0 1 6 
6 7 4 6 3 5 2 4 6 
3 4 1 3 0 2 0 1 6 
2 5 0 4 0 3 0 2 6 
5 8 3 7 2 6 1 5 6 
5 6 4 5 3 4 2 3 6 
3 5 0 4 0 3 0 2 6 
2 6 0 5 0 4 0 3 6 
2 5 0 4 0 3 0 2 6 
3 6 0 5 0 4 0 3 6 
2 5 1 4 0 3 0 2 6 
2 6 0 5 0 4 0 3 6 
2 6 0 5 0 4 0 3 6 
3 6 0 5 0 4 0 3 6 
5 7 3 6 2 5 1 4 6 
5 6 3 5 2 4 1 3 6 
5 7 4 6 3 5 2 4 6 
2 4 0 3 0 2 0 1 6 
5 7 4 6 3 5 2 4 6 
2 4 1 3 0 2 0 1 6 
2 7 0 6 0 5 0 4 6 
2 5 0 4 0 3 0 2 6 
2 6 0 5 0 4 0 3 6 
5 10 3 9 2 8 1 7 6 
5 10 3 9 2 8 1 7 6 
3 5 1 4 0 3 0 2 6 
3 7 0 6 0 5 0 4 6 
2 5 1 4 0 3 0 2 6 
6 6 3 5 2 4 1 3 6 
2 7 0 6 0 5 0 4 6 
5 8 3 7 2 6 1 5 6 
2 4 0 3 0 2 0 1 6 
3 4 0 3 0 2 0 1 6 
3 5 0 4 0 3 0 2 6 
2 9 0 8 0 7 0 6 6 
2 9 0 8 0 7 0 6 6 
3 4 1 3 0 2 0 1 6 
2 5 0 4 0 3 0 2 6 
2 4 0 3 0 2 0 1 6 
2 6 1 5 0 4 0 3 6 
5 6 3 5 2 4 1 3 6 
3 6 0 5 0 4 0 3 6 
2 7 0 6 0 5 0 4 6 
2 5 0 4 0 3 0 2 6 
3 4 0 3 0 2 0 1 6 
2 4 0 3 0 2 0 1 6 
3 9 0 8 0 7 0 6 6 
2 4 1 3 0 2 0 1 6 
3 9 0 8 0 7 0 6 6 
2 5 0 4 0 3 0 2 6 
5 7 3 6 2 5 1 4 6 
3 5 0 4 0 3 0 2 6 
3 5 1 4 0 3 0 2 6 
5 7 3 6 2 5 1 4 6 
5 9 3 8 2 7 1 6 6 
2 5 0 4 0 3 0 2 6 
2 6 0 5 0 4 0 3 6 
2 6 0 5 0 4 0 3 6 
2 4 0 3 0 2 0 1 6 
6 8 3 7 2 6 1 5 6 
6 6 4 5 3 4 2 3 6 
2 5 0 4 0 3 0 2 6 
2 5 1 4 0 3 0 2 6 
2 9 0 8 0 7 0 6 6 
2 5 0 4 0 3 0 2 6 
2 9 0 8 0 7 0 6 6 
5 6 4 5 3 4 2 3 6 
3 5 0 4 0 3 0 2 6 
3 4 0 3 0 2 0 1 6 
2 6 0 5 0 4 0 3 6 
5 8 3 7 2 6 1 5 6 
5 9 3 8 2 7 1 6 6 
2 4 1 3 0 2 0 1 6 
3 7 0 6 0 5 0 4 6 
2 8 0 7 0 6 0 5 6 
3 5 0 4 0 3 0 2 6 
2 8 0 7 0 6 0 5 6 
5 6 4 5 3 4 2 3 6 
3 5 0 4 0 3 0 2 6 
3 5 0 4 0 3 0 2 6 
2 5 0 4 0 3 0 2 6 
5 7 3 6 2 5 1 4 6 
2 4 0 3 0 2 0 1 6 
2 7 0 6 0 5 0 4 6 
2 7 0 6 0 5 0 4 6 
2 8 0 7 0 6 0 5 6 
2 8 0 7 0 6 0 5 6 
2 7 0 6 0 5 0 4 6 
2 7 0 6 0 5 0 4 6 
3 6 1 5 0 4 0 3 6 
SCORES_TXT_END_0
SCORES_TXT_BEGIN_0 83 100 9 BLEU
6 6 5 5 4 4 3 3 6 
5 6 4 5 3 4 2 3 6 
5 5 3 4 2 3 1 2 6 
5 10 4 9 3 8 2 7 6 
5 10 4 9 3 8 2 7 6 
6 8 4 7 3 6 2 5 6 
5 8 4 7 3 6 2 5 6 
4 5 2 4 1 3 0 2 6 
6 7 5 6 3 5 2 4 6 
6 7 5 6 4 5 3 4 6 
4 9 2 8 1 7 0 6 6 
4 9 2 8 1 7 0 6 6 
5 7 2 6 1 5 0 4 6 
6 7 4 6 3 5 2 4 6 
5 9 4 8 3 7 2 6 6 
4 7 2 6 1 5 0 4 6 
5 9 4 8 3 7 2 6 6 
6 8 5 7 4 6 3 5 6 
5 7 4 6 2 5 1 4 6 
5 6 3 5 2 4 1 3 6 
5 7 4 6 3 5 2 4 6 
5 7 4 6 3 5 2 4 6 
6 8 5 7 4 6 3 5 6 
5 7 4 6 3 5 2 4 6 
5 6 3 5 1 4 0 3 6 
6 7 4 6 3 5 2 4 6 
5 9 4 8 3 7 2 6 6 
5 11 4 10 2 9 1 8 6 
6 7 4 6 3 5 2 4 6 
5 11 4 10 2 9 1 8 6 
6 9 4 8 2 7 1 6 6 
5 11 4 10 3 9 2 8 6 
5 11 4 10 3 9 2 8 6 
6 7 4 6 2 5 1 4 6 
6 9 4 8 3 7 2 6 6 
6 7 5 6 4 5 3 4 6 
6 6 2 5 1 4 0 3 6 
5 7 3 6 2 5 1 4 6 
6 7 4 6 3 5 2 4 6 
5 6 2 5 1 4 0 3 6 
6 9 4 8 3 7 2 6 6 
5 6 3 5 2 4 1 3 6 
5 7 4 6 3 5 2 4 6 
5 9 4 8 2 7 1 6 6 
6 8 5 7 4 6 3 5 6 
5 11 4 10 3 9 2 8 6 
5 11 4 10 3 9 2 8 6 
5 8 4 7 3 6 2 5 6 
6 7 4 6 2 5 0 4 6 
6 7 4 6 2 5 0 4 6 
6 6 2 5 0 4 0 3 6 
5 11 4 10 3 9 2 8 6 
6 7 4 6 2 5 1 4 6 
5 11 4 10 3 9 2 8 6 
5 9 4 8 3 7 2 6 6 
5 7 3 6 2 5 1 4 6 
6 9 4 8 3 7 2 6 6 
6 7 5 6 4 5 3 4 6 
4 6 2 5 1 4 0 3 6 
5 8 4 7 3 6 2 5 6 
6 7 4 6 3 5 2 4 6 
5 6 3 5 2 4 1 3 6 
4 6 2 5 1 4 0 3 6 
6 6 2 5 0 4 0 3 6 
6 9 5 8 4 7 3 6 6 
4 8 2 7 1 6 0 5 6 
6 6 2 5 1 4 0 3 6 
5 7 3 6 2 5 1 4 6 
6 8 4 7 2 6 1 5 6 
4 8 2 7 1 6 0 5 6 
6 7 4 6 2 5 1 4 6 
4 6 2 5 1 4 0 3 6 
5 9 4 8 3 7 2 6 6 
5 10 4 9 3 8 2 7 6 
6 7 4 6 3 5 2 4 6 
5 6 3 5 2 4 1 3 6 
5 10 4 9 3 8 2 7 6 
4 8 2 7 1 6 0 5 6 
5 6 2 5 1 4 0 3 6 
6 8 4 7 3 6 2 5 6 
5 7 3 6 2 5 1 4 6 
5 12 4 11 3 10 2 9 6 
5 12 4 11 3 10 2 9 6 
4 8 2 7 1 6 0 5 6 
5 7 3 6 2 5 1 4 6 
6 7 2 6 1 5 0 4 6 
5 8 2 7 1 6 0 5 6 
6 10 4 9 3 8 2 7 6 
6 8 4 7 2 6 0 5 6 
5 6 3 5 2 4 1 3 6 
5 6 2 5 0 4 0 3 6 
4 10 2 9 1 8 0 7 6 
6 8 4 7 3 6 2 5 6 
5 7 3 6 2 5 1 4 6 
5 9 3 8 2 7 1 6 6 
4 10 2 9 1 8 0 7 6 
4 6 2 5 1 4 0 3 6 
4 6 2 5 1 4 0 3 6 
4 10 2 9 1 8 0 7 6 
4 10 2 9 1 8 0 7 6 
SCORES_TXT_END_0
SCORES_TXT_BEGIN_0 84 6 9 BLEU
17 17 16 16 15 15 14 14 17 
16 21 15 20 14 19 13 18 17 
17 21 15 20 14 19 13 18 17 
17 21 15 20 14 19 13 18 17 
16 17 15 16 14 15 13 14 17 
16 21 15 20 14 19 13 18 17 
SCORES_TXT_END_0
SCORES_TXT_BEGIN_0 85 100 9 BLEU
7 7 6 6 5 5 4 4 7 
6 7 5 6 4 5 3 4 7 
6 9 5 8 4 7 3 6 7 
6 11 5 10 4 9 3 8 7 
6 11 5 10 4 9 3 8 7 
7 9 5 8 4 7 3 6 7 
6 8 5 7 4 6 3 5 7 
6 10 5 9 4 8 3 7 7 
7 8 6 7 4 6 3 5 7 
6 10 5 9 4 8 3 7 7 
7 8 6 7 5 6 4 5 7 
6 10 5 9 4 8 3 7 7 
7 8 5 7 3 6 2 5 7 
7 8 5 7 4 6 3 5 7 
7 8 5 7 4 6 3 5 7 
7 10 5 9 4 8 3 7 7 
6 8 4 7 3 6 2 5 7 
6 8 5 7 4 6 3 5 7 
6 10 4 9 3 8 2 7 7 
6 8 5 7 3 6 2 5 7 
6 12 5 11 4 10 3 9 7 
6 12 5 11 4 10 3 9 7 
7 8 5 7 4 6 3 5 7 
7 9 6 8 5 7 4 6 7 
6 8 5 7 4 6 3 5 7 
7 7 3 6 2 5 1 4 7 
6 10 5 9 3 8 2 7 7 
7 7 3 6 1 5 0 4 7 
6 8 5 7 4 6 3 5 7 
6 10 5 9 4 8 3 7 7 
7 7 4 6 2 5 1 4 7 
7 9 6 8 5 7 4 6 7 
6 10 5 9 4 8 3 7 7 
7 7 3 6 1 5 0 4 7 
6 12 5 11 3 10 2 9 7 
6 12 5 11 3 10 2 9 7 
7 10 5 9 3 8 2 7 7 
6 9 4 8 3 7 2 6 7 
7 8 5 7 3 6 1 5 7 
7 8 5 7 3 6 1 5 7 
7 7 3 6 0 5 0 4 7 
6 7 4 6 2 5 0 4 7 
7 10 4 9 3 8 2 7 7 
7 8 5 7 3 6 2 5 7 
6 11 4 10 3 9 2 8 7 
7 8 6 7 5 6 4 5 7 
7 9 6 8 5 7 4 6 7 
6 12 5 11 4 10 3 9 7 
6 12 5 11 4 10 3 9 7 
7 9 6 8 4 7 3 6 7 
6 7 3 6 1 5 0 4 7 
7 10 5 9 4 8 3 7 7 
6 7 3 6 2 5 1 4 7 
7 8 4 7 2 6 1 5 7 
7 8 5 7 3 6 1 5 7 
6 11 5 10 4 9 3 8 7 
6 11 5 10 4 9 3 8 7 
6 12 5 11 4 10 3 9 7 
6 12 5 11 4 10 3 9 7 
7 8 4 7 1 6 0 5 7 
6 9 3 8 1 7 0 6 7 
7 10 5 9 4 8 3 7 7 
6 12 4 11 3 10 2 9 7 
6 11 5 10 4 9 3 8 7 
6 9 5 8 4 7 3 6 7 
6 12 4 11 3 10 2 9 7 
6 11 5 10 4 9 3 8 7 
7 8 5 7 3 6 2 5 7 
6 7 2 6 1 5 0 4 7 
7 7 3 6 1 5 0 4 7 
6 9 2 8 1 7 0 6 7 
7 9 4 8 3 7 2 6 7 
7 9 5 8 3 7 1 6 7 
6 11 4 10 3 9 2 8 7 
7 7 4 6 2 5 1 4 7 
6 11 4 10 3 9 2 8 7 
7 8 5 7 3 6 2 5 7 
7 9 6 8 4 7 3 6 7 
7 8 5 7 3 6 1 5 7 
7 8 6 7 5 6 4 5 7 
6 9 5 8 4 7 3 6 7 
6 9 5 8 4 7 3 6 7 
6 11 5 10 4 9 3 8 7 
6 7 2 6 0 5 0 4 7 
7 9 4 8 3 7 2 6 7 
7 7 3 6 0 5 0 4 7 
6 9 2 8 0 7 0 6 7 
7 9 5 8 3 7 2 6 7 
6 9 5 8 4 7 3 6 7 
7 9 6 8 4 7 3 6 7 
7 8 5 7 3 6 1 5 7 
7 10 6 9 5 8 4 7 7 
6 11 3 10 2 9 1 8 7 
6 9 5 8 3 7 2 6 7 
7 8 5 7 3 6 1 5 7 
6 8 4 7 2 6 0 5 7 
6 11 3 10 2 9 1 8 7 
6 8 4 7 2 6 0 5 7 
7 10 6 9 4 8 3 7 7 
7 11 4 10 3 9 2 8 7 
SCORES_TXT_END_0
SCORES_TXT_BEGIN_0 86 30 9 BLEU
12 12 11 11 10 10 9 9 12 
11 12 9 11 8 10 7 9 12 
11 12 10 11 9 10 8 9 12 
11 13 9 12 7 11 5 10 12 
11 12 9 11 7 10 5 9 12 
12 13 10 12 8 11 6 10 12 
10 12 9 11 8 10 7 9 12 
11 16 10 15 9 14 8 13 12 
11 16 10 15 9 14 8 13 12 
11 11 9 10 7 9 6 8 12 
11 12 9 11 8 10 7 9 12 
11 12 9 11 7 10 5 9 12 
12 14 10 13 9 12 8 11 12 
11 14 10 13 9 12 8 11 12 
12 14 10 13 8 12 6 11 12 
11 15 10 14 9 13 8 12 12 
11 15 10 14 9 13 8 12 12 
10 11 8 10 6 9 5 8 12 
11 12 9 11 7 10 5 9 12 
11 12 9 11 8 10 7 9 12 
12 12 9 11 8 10 7 9 12 
11 12 9 11 7 10 6 9 12 
12 16 10 15 8 14 6 13 12 
10 16 9 15 8 14 7 13 12 
10 16 9 15 8 14 7 13 12 
12 12 8 11 5 10 3 9 12 
11 14 9 13 8 12 7 11 12 
11 12 9 11 7 10 6 9 12 
11 12 9 11 7 10 6 9 12 
11 12 9 11 7 10 6 9 12 
SCORES_TXT_END_0
SCORES_TXT_BEGIN_0 87 3 9 BLEU
20 20 17 19 16 18 15 17 21 
21 21 17 20 16 19 15 18 21 
20 21 17 20 16 19 15 18 21 
SCORES_TXT_END_0
SCORES_TXT_BEGIN_0 88 84 9 BLEU
9 9 8 8 7 7 6 6 9 
8 9 7 8 6 7 5 6 9 
9 10 8 9 6 8 4 7 9 
9 11 7 10 6 9 5 8 9 
9 9 5 8 4 7 3 6 9 
8 13 7 12 6 11 5 10 9 
8 13 7 12 6 11 5 10 9 
8 11 7 10 6 9 5 8 9 
9 10 7 9 5 8 4 7 9 
8 12 7 11 6 10 5 9 9 
9 10 7 9 5 8 4 7 9 
8 12 7 11 6 10 5 9 9 
8 9 5 8 4 7 3 6 9 
9 9 5 8 3 7 2 6 9 
9 10 7 9 5 8 3 7 9 
8 11 5 10 4 9 3 8 9 
8 10 7 9 5 8 3 7 9 
9 10 7 9 6 8 5 7 9 
9 10 7 9 5 8 3 7 9 
9 10 7 9 5 8 4 7 9 
9 10 6 9 4 8 3 7 9 
9 10 7 9 6 8 5 7 9 
9 10 5 9 4 8 3 7 9 
9 10 7 9 5 8 4 7 9 
9 10 7 9 6 8 5 7 9 
9 10 7 9 6 8 5 7 9 
9 12 7 11 5 10 3 9 9 
8 9 5 8 3 7 2 6 9 
9 9 6 8 5 7 4 6 9 
9 9 5 8 3 7 2 6 9 
8 14 7 13 5 12 3 11 9 
8 14 7 13 5 12 3 11 9 
9 10 5 9 4 8 3 7 9 
8 10 7 9 6 8 5 7 9 
8 13 5 12 4 11 3 10 9 
8 13 5 12 4 11 3 10 9 
8 10 6 9 5 8 4 7 9 
9 10 7 9 6 8 5 7 9 
8 11 5 10 3 9 2 8 9 
9 10 5 9 4 8 3 7 9 
9 11 5 10 4 9 3 8 9 
8 10 6 9 4 8 3 7 9 
8 10 7 9 6 8 5 7 9 
8 12 7 11 5 10 3 9 9 
8 12 5 11 4 10 3 9 9 
8 12 5 11 4 10 3 9 9 
8 10 6 9 5 8 4 7 9 
9 10 7 9 5 8 3 7 9 
9 10 5 9 4 8 3 7 9 
9 10 5 9 4 8 3 7 9 
8 10 7 9 6 8 5 7 9 
8 12 7 11 6 10 5 9 9 
8 10 5 9 4 8 3 7 9 
9 10 5 9 4 8 3 7 9 
8 12 6 11 4 10 3 9 9 
8 12 7 11 6 10 5 9 9 
9 9 6 8 4 7 3 6 9 
8 9 6 8 5 7 4 6 9 
9 9 5 8 3 7 2 6 9 
8 10 6 9 4 8 3 7 9 
9 10 5 9 4 8 3 7 9 
8 12 5 11 4 10 3 9 9 
8 10 6 9 4 8 3 7 9 
8 13 7 12 5 11 3 10 9 
8 10 7 9 6 8 5 7 9 
8 13 7 12 5 11 3 10 9 
8 10 5 9 4 8 3 7 9 
8 10 6 9 4 8 2 7 9 
8 10 6 9 5 8 4 7 9 
9 10 7 9 5 8 3 7 9 
9 10 7 9 5 8 4 7 9 
9 12 6 11 5 10 4 9 9 
9 10 5 9 4 8 3 7 9 
8 12 7 11 6 10 5 9 9 
9 9 4 8 3 7 2 6 9 
9 10 7 9 5 8 4 7 9 
8 10 5 9 4 8 3 7 9 
9 12 6 11 5 10 4 9 9 
8 14 6 13 5 12 4 11 9 
8 14 6 13 5 12 4 11 9 
9 10 7 9 5 8 3 7 9 
8 10 7 9 6 8 5 7 9 
8 10 5 9 4 8 3 7 9 
8 14 6 13 5 12 4 11 9 
SCORES_TXT_END_0
SCORES_TXT_BEGIN_0 89 100 9 BLEU
9 9 7 8 6 7 5 6 10 
10 10 9 9 8 8 7 7 10 
9 11 7 10 6 9 5 8 10 
8 10 7 9 6 8 5 7 10 
9 13 7 12 6 11 5 10 10 
9 13 7 12 6 11 5 10 10 
8 9 7 8 6 7 5 6 10 
10 12 8 11 7 10 6 9 10 
10 11 9 10 7 9 6 8 10 
9 10 7 9 6 8 5 7 10 
9 12 7 11 6 10 5 9 10 
10 10 6 9 4 8 2 7 10 
9 10 7 9 5 8 4 7 10 
10 11 9 10 7 9 5 8 10 
9 12 7 11 6 10 5 9 10 
8 12 6 11 5 10 4 9 10 
8 11 7 10 5 9 4 8 10 
10 11 8 10 6 9 4 8 10 
10 11 8 10 7 9 6 8 10 
7 8 6 7 5 6 4 5 10 
10 14 8 13 7 12 6 11 10 
10 14 8 13 7 12 6 11 10 
8 10 4 9 2 8 0 7 10 
10 13 8 12 7 11 6 10 10 
10 13 8 12 7 11 6 10 10 
10 10 6 9 4 8 2 7 10 
10 10 6 9 4 8 2 7 10 
9 12 7 11 5 10 4 9 10 
8 10 4 9 3 8 2 7 10 
10 11 8 10 7 9 6 8 10 
10 12 6 11 4 10 2 9 10 
8 11 6 10 5 9 4 8 10 
7 8 4 7 3 6 2 5 10 
8 11 6 10 4 9 2 8 10 
8 10 7 9 6 8 5 7 10 
9 10 7 9 6 8 5 7 10 
9 10 7 9 6 8 5 7 10 
10 10 6 9 4 8 3 7 10 
8 11 7 10 5 9 3 8 10 
8 10 7 9 6 8 5 7 10 
10 11 8 10 6 9 4 8 10 
10 11 8 10 6 9 4 8 10 
8 11 6 10 5 9 4 8 10 
8 14 6 13 5 12 4 11 10 
8 14 6 13 5 12 4 11 10 
9 14 7 13 5 12 4 11 10 
9 14 7 13 5 12 4 11 10 
9 10 5 9 3 8 2 7 10 
8 9 5 8 3 7 2 6 10 
10 10 7 9 6 8 5 7 10 
10 14 6 13 4 12 2 11 10 
8 10 5 9 4 8 3 7 10 
7 9 6 8 5 7 4 6 10 
10 14 6 13 4 12 2 11 10 
10 11 8 10 6 9 4 8 10 
8 13 6 12 5 11 4 10 10 
8 13 6 12 5 11 4 10 10 
9 11 7 10 5 9 3 8 10 
9 10 7 9 5 8 3 7 10 
8 10 4 9 2 8 1 7 10 
10 10 7 9 6 8 5 7 10 
9 9 6 8 3 7 1 6 10 
10 11 9 10 8 9 7 8 10 
8 11 7 10 6 9 5 8 10 
10 13 8 12 7 11 6 10 10 
10 10 7 9 2 8 1 7 10 
8 11 6 10 5 9 4 8 10 
9 9 5 8 3 7 1 6 10 
8 12 4 11 2 10 0 9 10 
7 10 5 9 4 8 3 7 10 
10 10 7 9 3 8 1 7 10 
8 10 4 9 2 8 1 7 10 
9 9 6 8 3 7 1 6 10 
10 12 6 11 4 10 2 9 10 
9 10 8 9 7 8 6 7 10 
10 10 6 9 3 8 1 7 10 
9 10 6 9 2 8 1 7 10 
8 11 6 10 4 9 2 8 10 
10 10 8 9 5 8 2 7 10 
10 12 6 11 4 10 2 9 10 
8 12 4 11 3 10 2 9 10 
10 12 9 11 7 10 6 9 10 
10 11 7 10 5 9 4 8 10 
8 9 6 8 3 7 1 6 10 
7 10 3 9 1 8 0 7 10 
8 11 6 10 4 9 3 8 10 
9 10 6 9 4 8 2 7 10 
7 10 4 9 3 8 2 7 10 
9 11 6 10 3 9 1 8 10 
10 12 9 11 7 10 5 9 10 
10 10 6 9 2 8 0 7 10 
8 14 4 13 2 12 0 11 10 
8 14 4 13 2 12 0 11 10 
9 9 6 8 2 7 1 6 10 
10 10 7 9 4 8 1 7 10 
8 10 5 9 4 8 3 7 10 
7 11 5 10 3 9 1 8 10 
8 13 6 12 5 11 4 10 10 
7 8 4 7 1 6 0 5 10 
10 14 6 13 4 12 2 11 10 
SCORES_TXT_END_0
SCORES_TXT_BEGIN_0 90 100 9 BLEU
8 8 7 7 6 6 5 5 8 
7 8 6 7 5 6 4 5 8 
7 12 6 11 5 10 4 9 8 
7 12 6 11 5 10 4 9 8 
8 10 6 9 5 8 4 7 8 
7 8 5 7 3 6 2 5 8 
7 10 6 9 5 8 4 7 8 
7 11 6 10 5 9 4 8 8 
7 11 6 10 5 9 4 8 8 
8 9 6 8 4 7 2 6 8 
6 8 4 7 3 6 2 5 8 
8 9 6 8 5 7 4 6 8 
7 8 6 7 5 6 4 5 8 
7 9 6 8 5 7 4 6 8 
6 12 4 11 3 10 2 9 8 
6 12 4 11 3 10 2 9 8 
7 8 6 7 5 6 4 5 8 
7 10 4 9 3 8 2 7 8 
6 10 4 9 3 8 2 7 8 
7 9 5 8 3 7 2 6 8 
6 11 4 10 3 9 2 8 8 
6 11 4 10 3 9 2 8 8 
7 9 5 8 3 7 2 6 8 
8 8 5 7 3 6 1 5 8 
7 9 5 8 3 7 2 6 8 
7 8 4 7 3 6 2 5 8 
8 8 4 7 3 6 2 5 8 
7 13 5 12 3 11 2 10 8 
7 13 5 12 3 11 2 10 8 
7 9 4 8 3 7 2 6 8 
7 9 6 8 5 7 4 6 8 
7 8 5 7 3 6 1 5 8 
6 8 5 7 4 6 3 5 8 
8 11 5 10 3 9 2 8 8 
6 9 4 8 3 7 2 6 8 
7 10 5 9 3 8 1 7 8 
8 8 5 7 2 6 0 5 8 
6 9 4 8 3 7 2 6 8 
8 8 5 7 4 6 3 5 8 
7 11 5 10 3 9 2 8 8 
6 8 4 7 3 6 2 5 8 
7 8 4 7 3 6 2 5 8 
7 8 4 7 3 6 2 5 8 
7 12 5 11 3 10 2 9 8 
7 9 6 8 5 7 4 6 8 
7 12 5 11 3 10 2 9 8 
6 10 4 9 3 8 2 7 8 
8 8 5 7 4 6 3 5 8 
7 10 4 9 3 8 2 7 8 
6 8 5 7 4 6 3 5 8 
8 8 5 7 3 6 2 5 8 
6 12 5 11 4 10 3 9 8 
7 8 5 7 4 6 3 5 8 
6 12 5 11 4 10 3 9 8 
7 9 4 8 3 7 2 6 8 
8 8 4 7 2 6 0 5 8 
8 8 5 7 4 6 3 5 8 
6 8 4 7 3 6 2 5 8 
7 10 5 9 3 8 2 7 8 
6 9 4 8 3 7 2 6 8 
8 9 4 8 3 7 2 6 8 
7 8 4 7 3 6 2 5 8 
6 13 4 12 3 11 2 10 8 
7 8 3 7 1 6 0 5 8 
6 13 4 12 3 11 2 10 8 
7 10 5 9 4 8 3 7 8 
8 8 5 7 3 6 1 5 8 
8 8 4 7 1 6 0 5 8 
8 8 6 7 5 6 4 5 8 
8 8 4 7 3 6 2 5 8 
7 8 4 7 1 6 0 5 8 
6 8 4 7 2 6 1 5 8 
7 9 5 8 3 7 1 6 8 
7 12 5 11 3 10 1 9 8 
7 12 5 11 3 10 1 9 8 
8 9 5 8 2 7 0 6 8 
8 8 6 7 4 6 2 5 8 
8 8 5 7 2 6 0 5 8 
7 11 4 10 3 9 2 8 8 
8 10 5 9 3 8 1 7 8 
7 8 5 7 3 6 2 5 8 
7 8 4 7 2 6 1 5 8 
7 8 4 7 2 6 1 5 8 
7 8 4 7 2 6 1 5 8 
8 8 5 7 3 6 2 5 8 
7 11 5 10 3 9 1 8 8 
7 8 3 7 2 6 1 5 8 
7 8 4 7 1 6 0 5 8 
7 11 5 10 3 9 1 8 8 
7 9 4 8 3 7 2 6 8 
8 8 5 7 4 6 3 5 8 
7 8 4 7 1 6 0 5 8 
8 8 4 7 2 6 1 5 8 
6 10 5 9 4 8 3 7 8 
7 8 3 7 1 6 0 5 8 
7 8 4 7 2 6 1 5 8 
6 11 5 10 4 9 3 8 8 
7 8 5 7 4 6 3 5 8 
7 8 5 7 4 6 3 5 8 
7 8 5 7 3 6 1 5 8 
SCORES_TXT_END_0
SCORES_TXT_BEGIN_0 91 35 9 BLEU
13 14 11 13 9 12 8 11 16 
13 14 9 13 6 12 5 11 16 
14 14 12 13 10 12 8 11 16 
14 14 10 13 7 12 5 11 16 
11 12 8 11 7 10 6 9 16 
11 12 10 11 9 10 8 9 16 
13 14 9 13 7 12 6 11 16 
14 14 10 13 8 12 6 11 16 
16 16 15 15 14 14 13 13 16 
15 16 13 15 11 14 9 13 16 
14 16 12 15 10 14 9 13 16 
11 12 8 11 6 10 5 9 16 
13 14 9 13 6 12 5 11 16 
13 14 8 13 6 12 5 11 16 
14 14 10 13 7 12 5 11 16 
15 16 14 15 13 14 12 13 16 
13 15 10 14 8 13 7 12 16 
14 14 9 13 7 12 5 11 16 
16 16 12 15 9 14 7 13 16 
14 16 9 15 6 14 5 13 16 
15 16 10 15 7 14 5 13 16 
15 16 11 15 8 14 6 13 16 
11 13 9 12 8 11 7 10 16 
11 12 8 11 6 10 5 9 16 
16 16 12 15 10 14 8 13 16 
14 15 11 14 9 13 7 12 16 
14 16 9 15 7 14 6 13 16 
11 12 7 11 6 10 5 9 16 
15 16 10 15 8 14 6 13 16 
15 16 11 15 9 14 7 13 16 
13 15 9 14 7 13 6 12 16 
14 16 9 15 6 14 5 13 16 
16 16 12 15 9 14 7 13 16 
15 16 11 15 8 14 6 13 16 
15 16 10 15 7 14 5 13 16 
SCORES_TXT_END_0
SCORES_TXT_BEGIN_0 92 100 9 BLEU
5 5 4 4 3 3 2 2 5 
4 5 3 4 2 3 1 2 5 
4 9 3 8 2 7 1 6 5 
4 9 3 8 2 7 1 6 5 
5 7 3 6 2 5 1 4 5 
4 7 3 6 2 5 1 4 5 
5 6 3 5 2 4 1 3 5 
4 8 3 7 2 6 1 5 5 
4 8 3 7 2 6 1 5 5 
4 6 3 5 2 4 1 3 5 
4 5 2 4 0 3 0 2 5 
4 6 3 5 2 4 1 3 5 
5 6 3 5 2 4 1 3 5 
5 5 1 4 0 3 0 2 5 
4 5 1 4 0 3 0 2 5 
5 6 3 5 2 4 1 3 5 
5 8 3 7 2 6 1 5 5 
4 6 3 5 2 4 1 3 5 
4 10 3 9 2 8 1 7 5 
4 10 3 9 2 8 1 7 5 
3 5 1 4 0 3 0 2 5 
4 10 3 9 2 8 1 7 5 
4 10 3 9 2 8 1 7 5 
4 8 3 7 2 6 1 5 5 
3 5 1 4 0 3 0 2 5 
5 8 3 7 2 6 1 5 5 
3 7 1 6 0 5 0 4 5 
4 5 1 4 0 3 0 2 5 
4 8 3 7 2 6 1 5 5 
5 6 1 5 0 4 0 3 5 
4 7 1 6 0 5 0 4 5 
4 9 3 8 2 7 1 6 5 
3 9 1 8 0 7 0 6 5 
4 9 3 8 2 7 1 6 5 
5 5 2 4 1 3 0 2 5 
3 9 1 8 0 7 0 6 5 
5 5 2 4 0 3 0 2 5 
4 7 1 6 0 5 0 4 5 
5 5 2 4 1 3 0 2 5 
5 5 2 4 0 3 0 2 5 
4 7 1 6 0 5 0 4 5 
3 7 1 6 0 5 0 4 5 
3 9 1 8 0 7 0 6 5 
4 6 1 5 0 4 0 3 5 
3 9 1 8 0 7 0 6 5 
4 9 1 8 0 7 0 6 5 
4 9 1 8 0 7 0 6 5 
4 5 2 4 1 3 0 2 5 
5 6 1 5 0 4 0 3 5 
5 7 1 6 0 5 0 4 5 
4 8 1 7 0 6 0 5 5 
4 5 2 4 1 3 0 2 5 
4 8 1 7 0 6 0 5 5 
4 6 1 5 0 4 0 3 5 
4 8 1 7 0 6 0 5 5 
5 7 3 6 2 5 1 4 5 
4 6 1 5 0 4 0 3 5 
4 6 1 5 0 4 0 3 5 
4 7 2 6 1 5 0 4 5 
4 5 1 4 0 3 0 2 5 
4 5 2 4 0 3 0 2 5 
4 9 3 8 2 7 1 6 5 
4 9 3 8 2 7 1 6 5 
4 7 2 6 0 5 0 4 5 
4 7 3 6 2 5 1 4 5 
4 6 1 5 0 4 0 3 5 
5 5 3 4 1 3 0 2 5 
3 8 1 7 0 6 0 5 5 
3 8 1 7 0 6 0 5 5 
3 8 1 7 0 6 0 5 5 
4 5 1 4 0 3 0 2 5 
3 6 1 5 0 4 0 3 5 
3 8 1 7 0 6 0 5 5 
4 5 2 4 0 3 0 2 5 
3 6 1 5 0 4 0 3 5 
3 8 1 7 0 6 0 5 5 
5 5 3 4 2 3 1 2 5 
3 6 1 5 0 4 0 3 5 
4 6 1 5 0 4 0 3 5 
5 5 1 4 0 3 0 2 5 
5 5 2 4 0 3 0 2 5 
5 6 1 5 0 4 0 3 5 
3 8 1 7 0 6 0 5 5 
4 10 1 9 0 8 0 7 5 
4 10 1 9 0 8 0 7 5 
4 8 1 7 0 6 0 5 5 
5 8 1 7 0 6 0 5 5 
4 9 1 8 0 7 0 6 5 
4 9 1 8 0 7 0 6 5 
3 6 1 5 0 4 0 3 5 
3 10 1 9 0 8 0 7 5 
3 6 1 5 0 4 0 3 5 
4 9 2 8 1 7 0 6 5 
4 9 2 8 1 7 0 6 5 
5 6 2 5 1 4 0 3 5 
5 7 2 6 1 5 0 4 5 
3 10 1 9 0 8 0 7 5 
4 8 2 7 1 6 0 5 5 
4 8 2 7 1 6 0 5 5 
3 5 1 4 0 3 0 2 5 
SCORES_TXT_END_0
SCORES_TXT_BEGIN_0 93 70 9 BLEU
10 10 9 9 8 8 7 7 10 
9 10 7 9 5 8 3 7 10 
10 12 8 11 7 10 6 9 10 
9 12 6 11 4 10 2 9 10 
10 11 8 10 7 9 6 8 10 
9 11 6 10 4 9 2 8 10 
10 11 8 10 7 9 6 8 10 
10 14 8 13 7 12 6 11 10 
10 14 8 13 7 12 6 11 10 
10 11 8 10 6 9 5 8 10 
9 11 6 10 4 9 3 8 10 
9 11 6 10 4 9 2 8 10 
10 14 6 13 4 12 2 11 10 
9 14 6 13 4 12 2 11 10 
10 13 8 12 7 11 6 10 10 
10 11 8 10 7 9 6 8 10 
10 13 8 12 7 11 6 10 10 
10 11 9 10 7 9 5 8 10 
10 11 8 10 6 9 4 8 10 
9 11 6 10 4 9 3 8 10 
10 11 8 10 7 9 6 8 10 
9 10 8 9 7 8 6 7 10 
10 13 7 12 5 11 4 10 10 
10 13 8 12 7 11 6 10 10 
9 13 5 12 3 11 2 10 10 
10 10 6 9 5 8 4 7 10 
9 11 7 10 4 9 3 8 10 
10 11 9 10 7 9 6 8 10 
9 13 6 12 4 11 2 10 10 
10 13 8 12 7 11 6 10 10 
9 11 6 10 4 9 2 8 10 
10 11 8 10 6 9 5 8 10 
10 12 8 11 7 10 6 9 10 
9 11 6 10 4 9 3 8 10 
9 11 7 10 5 9 3 8 10 
10 11 9 10 8 9 7 8 10 
10 13 6 12 4 11 2 10 10 
9 12 7 11 5 10 3 9 10 
10 12 9 11 8 10 7 9 10 
10 11 6 10 4 9 3 8 10 
10 11 8 10 7 9 6 8 10 
10 12 6 11 5 10 4 9 10 
10 11 8 10 7 9 6 8 10 
10 11 6 10 3 9 0 8 10 
9 10 7 9 6 8 5 7 10 
10 11 8 10 6 9 4 8 10 
8 10 6 9 4 8 2 7 10 
8 10 5 9 4 8 3 7 10 
9 13 6 12 4 11 2 10 10 
10 13 7 12 6 11 5 10 10 
9 13 5 12 3 11 2 10 10 
10 15 8 14 7 13 6 12 10 
9 10 7 9 5 8 3 7 10 
10 15 8 14 7 13 6 12 10 
9 10 7 9 5 8 3 7 10 
10 13 8 12 6 11 4 10 10 
10 13 7 12 5 11 3 10 10 
9 10 7 9 6 8 5 7 10 
10 12 7 11 5 10 4 9 10 
8 10 5 9 4 8 3 7 10 
9 10 4 9 2 8 0 7 10 
9 12 5 11 3 10 2 9 10 
10 15 8 14 7 13 6 12 10 
10 15 8 14 7 13 6 12 10 
9 11 7 10 5 9 3 8 10 
10 11 9 10 8 9 7 8 10 
9 13 6 12 4 11 2 10 10 
10 11 6 10 5 9 4 8 10 
10 13 8 12 6 11 5 10 10 
9 11 6 10 3 9 0 8 10 
SCORES_TXT_END_0
SCORES_TXT_BEGIN_0 94 91 9 BLEU
10 11 7 10 6 9 5 8 14 
9 11 7 10 6 9 5 8 14 
9 12 7 11 6 10 5 9 14 
11 15 8 14 6 13 5 12 14 
11 15 8 14 6 13 5 12 14 
12 13 10 12 9 11 8 10 14 
10 11 6 10 2 9 1 8 14 
11 13 9 12 8 11 7 10 14 
10 11 5 10 3 9 2 8 14 
10 12 7 11 5 10 3 9 14 
10 12 7 11 6 10 5 9 14 
9 11 6 10 2 9 1 8 14 
9 12 6 11 2 10 1 9 14 
11 13 7 12 2 11 1 10 14 
13 13 10 12 9 11 8 10 14 
10 13 7 12 6 11 5 10 14 
11 12 7 11 6 10 5 9 14 
12 13 7 12 4 11 3 10 14 
10 11 6 10 3 9 1 8 14 
9 11 5 10 3 9 2 8 14 
10 12 7 11 6 10 5 9 14 
12 12 9 11 8 10 7 9 14 
9 12 7 11 5 10 3 9 14 
11 14 8 13 6 12 5 11 14 
10 12 7 11 5 10 4 9 14 
11 14 8 13 6 12 5 11 14 
10 12 6 11 4 10 2 9 14 
9 13 7 12 5 11 3 10 14 
9 11 6 10 3 9 1 8 14 
9 12 5 11 3 10 2 9 14 
11 15 7 14 2 13 1 12 14 
11 15 7 14 2 13 1 12 14 
12 13 10 12 9 11 8 10 14 
12 13 8 12 3 11 1 10 14 
9 13 7 12 6 11 5 10 14 
9 12 6 11 3 10 1 9 14 
13 14 10 13 9 12 8 11 14 
10 15 6 14 3 13 2 12 14 
10 13 7 12 3 11 1 10 14 
10 15 6 14 3 13 2 12 14 
10 12 7 11 6 10 5 9 14 
9 10 6 9 5 8 4 7 14 
10 12 6 11 4 10 2 9 14 
11 12 7 11 6 10 5 9 14 
10 12 7 11 6 10 5 9 14 
11 13 7 12 4 11 3 10 14 
9 10 5 9 4 8 3 7 14 
12 14 10 13 9 12 8 11 14 
11 16 8 15 5 14 3 13 14 
10 12 7 11 6 10 5 9 14 
11 16 8 15 5 14 3 13 14 
9 12 7 11 6 10 5 9 14 
11 13 7 12 6 11 5 10 14 
9 14 7 13 6 12 5 11 14 
11 16 8 15 6 14 5 13 14 
11 16 8 15 6 14 5 13 14 
10 12 6 11 2 10 1 9 14 
11 12 9 11 8 10 7 9 14 
11 12 7 11 6 10 5 9 14 
14 14 10 13 9 12 8 11 14 
9 12 7 11 5 10 4 9 14 
10 11 7 10 4 9 2 8 14 
11 14 8 13 6 12 5 11 14 
11 13 8 12 6 11 4 10 14 
11 12 7 11 6 10 5 9 14 
12 13 9 12 8 11 7 10 14 
12 14 9 13 7 12 5 11 14 
11 12 8 11 6 10 5 9 14 
12 14 10 13 8 12 6 11 14 
12 13 7 12 6 11 5 10 14 
9 12 6 11 4 10 2 9 14 
13 13 9 12 7 11 5 10 14 
9 10 5 9 3 8 1 7 14 
14 14 10 13 7 12 5 11 14 
13 17 11 16 9 15 8 14 14 
10 13 7 12 6 11 5 10 14 
10 13 7 12 6 11 5 10 14 
13 17 11 16 9 15 8 14 14 
11 14 7 13 4 12 3 11 14 
10 13 5 12 3 11 2 10 14 
10 13 7 12 5 11 3 10 14 
10 12 7 11 6 10 5 9 14 
9 11 6 10 5 9 4 8 14 
11 17 8 16 6 15 5 14 14 
11 17 8 16 6 15 5 14 14 
10 12 6 11 5 10 4 9 14 
10 12 6 11 4 10 2 9 14 
13 13 9 12 8 11 7 10 14 
11 14 8 13 6 12 5 11 14 
8 10 6 9 5 8 4 7 14 
11 12 8 11 7 10 6 9 14 
SCORES_TXT_END_0
SCORES_TXT_BEGIN_0 95 100 9 BLEU
9 9 7 8 5 7 3 6 10 
10 10 9 9 8 8 7 7 10 
7 7 5 6 4 5 3 4 10 
7 8 5 7 4 6 3 5 10 
9 11 7 10 5 9 3 8 10 
9 11 7 10 5 9 3 8 10 
8 8 6 7 5 6 4 5 10 
10 12 8 11 6 10 4 9 10 
10 12 8 11 6 10 4 9 10 
9 11 7 10 5 9 3 8 10 
6 7 5 6 4 5 3 4 10 
9 10 7 9 5 8 3 7 10 
8 8 6 7 4 6 3 5 10 
10 12 9 11 8 10 6 9 10 
9 10 7 9 5 8 3 7 10 
9 10 6 9 4 8 3 7 10 
10 11 9 10 7 9 5 8 10 
10 11 8 10 7 9 6 8 10 
10 11 8 10 6 9 4 8 10 
10 11 8 10 6 9 4 8 10 
9 13 7 12 5 11 3 10 10 
9 13 7 12 5 11 3 10 10 
9 10 6 9 3 8 1 7 10 
10 14 9 13 8 12 6 11 10 
10 14 9 13 8 12 6 11 10 
9 10 7 9 5 8 3 7 10 
9 10 7 9 5 8 3 7 10 
8 9 6 8 5 7 4 6 10 
10 11 8 10 6 9 4 8 10 
10 10 6 9 4 8 3 7 10 
9 12 7 11 5 10 3 9 10 
10 11 8 10 6 9 4 8 10 
10 11 8 10 7 9 6 8 10 
7 8 5 7 4 6 3 5 10 
10 13 9 12 8 11 6 10 10 
8 9 6 8 5 7 4 6 10 
9 9 7 8 5 7 4 6 10 
9 13 7 12 5 11 3 10 10 
9 12 7 11 5 10 3 9 10 
9 13 7 12 5 11 3 10 10 
8 9 5 8 2 7 0 6 10 
8 9 5 8 4 7 3 6 10 
9 12 6 11 4 10 3 9 10 
10 13 9 12 8 11 6 10 10 
9 12 6 11 4 10 3 9 10 
6 8 5 7 4 6 3 5 10 
9 9 5 8 4 7 3 6 10 
6 8 5 7 4 6 3 5 10 
9 9 4 8 2 7 0 6 10 
9 10 7 9 5 8 3 7 10 
7 8 6 7 5 6 4 5 10 
10 11 8 10 6 9 4 8 10 
8 9 6 8 4 7 3 6 10 
9 12 7 11 5 10 3 9 10 
9 12 7 11 5 10 3 9 10 
9 12 7 11 5 10 3 9 10 
9 12 7 11 5 10 3 9 10 
9 10 8 9 7 8 6 7 10 
9 15 7 14 5 13 3 12 10 
9 15 7 14 5 13 3 12 10 
10 14 8 13 6 12 4 11 10 
9 12 6 11 3 10 1 9 10 
9 12 6 11 3 10 1 9 10 
9 15 7 14 5 13 3 12 10 
9 15 7 14 5 13 3 12 10 
10 10 6 9 5 8 4 7 10 
10 14 8 13 6 12 4 11 10 
10 13 7 12 5 11 4 10 10 
7 8 5 7 4 6 3 5 10 
8 8 4 7 3 6 2 5 10 
10 11 8 10 6 9 5 8 10 
10 13 7 12 5 11 4 10 10 
9 11 7 10 5 9 3 8 10 
8 10 6 9 4 8 3 7 10 
9 11 7 10 5 9 3 8 10 
9 11 7 10 5 9 3 8 10 
10 11 8 10 6 9 4 8 10 
8 10 6 9 4 8 3 7 10 
6 7 3 6 1 5 0 4 10 
9 10 6 9 4 8 2 7 10 
7 9 5 8 4 7 3 6 10 
9 11 7 10 5 9 3 8 10 
9 11 7 10 5 9 3 8 10 
9 10 6 9 5 8 4 7 10 
9 10 7 9 4 8 3 7 10 
10 13 8 12 6 11 4 10 10 
8 8 4 7 2 6 0 5 10 
10 13 8 12 6 11 4 10 10 
9 9 5 8 4 7 3 6 10 
10 11 9 10 7 9 6 8 10 
10 16 8 15 6 14 4 13 10 
7 7 2 6 1 5 0 4 10 
9 10 6 9 4 8 3 7 10 
10 16 8 15 6 14 4 13 10 
10 12 6 11 4 10 3 9 10 
8 8 4 7 2 6 1 5 10 
9 9 4 8 2 7 1 6 10 
9 10 6 9 3 8 0 7 10 
10 16 8 15 6 14 4 13 10 
10 16 8 15 6 14 4 13 10 
SCORES_TXT_END_0
SCORES_TXT_BEGIN_0 96 100 9 BLEU
11 12 10 11 9 10 8 9 11 
10 12 8 11 6 10 4 9 11 
9 10 7 9 5 8 3 7 11 
11 13 9 12 7 11 6 10 11 
10 13 7 12 4 11 2 10 11 
11 13 10 12 9 11 8 10 11 
10 12 9 11 8 10 7 9 11 
11 12 9 11 7 10 6 9 11 
10 13 8 12 7 11 6 10 11 
9 12 7 11 5 10 3 9 11 
10 12 7 11 4 10 2 9 11 
9 13 6 12 4 11 2 10 11 
11 12 9 11 7 10 6 9 11 
10 13 8 12 6 11 4 10 11 
11 13 10 12 9 11 8 10 11 
10 12 8 11 7 10 6 9 11 
8 8 5 7 4 6 3 5 11 
10 12 8 11 7 10 6 9 11 
10 12 7 11 4 10 2 9 11 
9 11 6 10 3 9 1 8 11 
9 12 6 11 4 10 2 9 11 
9 12 6 11 4 10 2 9 11 
9 11 7 10 5 9 3 8 11 
10 12 8 11 7 10 6 9 11 
10 11 8 10 7 9 6 8 11 
8 10 6 9 4 8 2 7 11 
10 11 8 10 7 9 6 8 11 
9 12 6 11 4 10 2 9 11 
9 10 6 9 3 8 1 7 11 
10 13 8 12 6 11 4 10 11 
8 11 5 10 3 9 1 8 11 
9 11 6 10 4 9 2 8 11 
9 11 6 10 4 9 2 8 11 
7 7 3 6 2 5 1 4 11 
11 12 9 11 7 10 5 9 11 
10 11 8 10 7 9 6 8 11 
9 10 6 9 3 8 1 7 11 
10 13 9 12 8 11 7 10 11 
11 13 10 12 9 11 8 10 11 
9 11 7 10 5 9 3 8 11 
8 10 5 9 3 8 1 7 11 
9 11 6 10 4 9 2 8 11 
8 10 5 9 3 8 1 7 11 
9 13 7 12 5 11 3 10 11 
10 13 8 12 6 11 4 10 11 
11 15 9 14 7 13 6 12 11 
9 9 5 8 2 7 1 6 11 
11 15 9 14 7 13 6 12 11 
8 10 5 9 3 8 1 7 11 
11 13 9 12 7 11 5 10 11 
8 9 5 8 3 7 1 6 11 
11 15 9 14 6 13 3 12 11 
8 9 5 8 3 7 1 6 11 
10 13 9 12 8 11 7 10 11 
10 15 7 14 4 13 2 12 11 
11 14 9 13 7 12 5 11 11 
11 13 9 12 8 11 7 10 11 
9 9 5 8 4 7 3 6 11 
8 9 5 8 3 7 1 6 11 
7 8 4 7 3 6 2 5 11 
11 12 9 11 8 10 7 9 11 
9 10 6 9 3 8 1 7 11 
11 13 9 12 7 11 6 10 11 
9 13 7 12 5 11 3 10 11 
11 14 9 13 7 12 5 11 11 
10 15 8 14 7 13 6 12 11 
10 10 6 9 5 8 4 7 11 
8 8 4 7 2 6 1 5 11 
8 9 4 8 2 7 1 6 11 
10 13 7 12 5 11 3 10 11 
11 14 9 13 7 12 6 11 11 
10 15 8 14 7 13 6 12 11 
10 12 7 11 4 10 1 9 11 
11 12 9 11 7 10 5 9 11 
8 9 5 8 4 7 3 6 11 
10 13 7 12 4 11 2 10 11 
11 14 9 13 7 12 6 11 11 
10 15 8 14 6 13 3 12 11 
8 9 5 8 3 7 1 6 11 
8 11 6 10 4 9 2 8 11 
9 11 7 10 5 9 3 8 11 
10 14 7 13 4 12 2 11 11 
9 15 6 14 4 13 2 12 11 
11 12 10 11 9 10 8 9 11 
11 14 9 13 7 12 6 11 11 
8 8 4 7 2 6 1 5 11 
11 14 8 13 5 12 2 11 11 
10 13 9 12 8 11 7 10 11 
10 10 7 9 6 8 5 7 11 
11 13 9 12 7 11 6 10 11 
8 9 4 8 3 7 2 6 11 
10 12 9 11 8 10 7 9 11 
8 8 3 7 2 6 1 5 11 
7 8 3 7 2 6 1 5 11 
9 11 6 10 3 9 1 8 11 
10 12 7 11 5 10 3 9 11 
10 14 8 13 7 12 6 11 11 
10 14 7 13 4 12 2 11 11 
8 8 4 7 2 6 1 5 11 
10 12 8 11 7 10 6 9 11 
SCORES_TXT_END_0
SCORES_TXT_BEGIN_0 97 100 9 BLEU
8 8 7 7 6 6 5 5 8 
7 8 6 7 5 6 4 5 8 
8 10 6 9 5 8 4 7 8 
8 9 6 8 5 7 4 6 8 
7 10 5 9 4 8 3 7 8 
7 9 5 8 4 7 3 6 8 
8 12 6 11 5 10 4 9 8 
8 12 6 11 5 10 4 9 8 
8 9 6 8 4 7 2 6 8 
8 9 6 8 5 7 4 6 8 
7 9 5 8 3 7 1 6 8 
7 12 5 11 4 10 3 9 8 
7 12 5 11 4 10 3 9 8 
7 9 5 8 4 7 3 6 8 
8 9 6 8 5 7 4 6 8 
8 11 6 10 5 9 4 8 8 
8 11 6 10 5 9 4 8 8 
8 10 6 9 5 8 4 7 8 
8 9 5 8 4 7 3 6 8 
7 8 6 7 5 6 4 5 8 
7 7 5 6 3 5 2 4 8 
8 9 6 8 4 7 3 6 8 
8 11 6 10 5 9 4 8 8 
6 7 4 6 3 5 2 4 8 
8 11 5 10 3 9 1 8 8 
8 13 6 12 5 11 4 10 8 
8 13 6 12 5 11 4 10 8 
7 9 5 8 4 7 3 6 8 
7 11 5 10 4 9 3 8 8 
8 10 5 9 3 8 1 7 8 
7 11 5 10 4 9 3 8 8 
7 10 5 9 4 8 3 7 8 
7 9 3 8 1 7 0 6 8 
6 8 5 7 4 6 3 5 8 
8 9 5 8 4 7 3 6 8 
8 9 4 8 1 7 0 6 8 
7 11 5 10 4 9 3 8 8 
7 11 4 10 2 9 0 8 8 
7 10 3 9 1 8 0 7 8 
8 10 6 9 5 8 4 7 8 
8 9 4 8 2 7 1 6 8 
7 13 5 12 4 11 3 10 8 
7 13 5 12 4 11 3 10 8 
8 12 6 11 5 10 4 9 8 
7 10 4 9 2 8 0 7 8 
8 10 4 9 1 8 0 7 8 
8 9 6 8 5 7 4 6 8 
8 12 6 11 5 10 4 9 8 
7 11 3 10 1 9 0 8 8 
7 8 5 7 3 6 1 5 8 
8 8 4 7 3 6 2 5 8 
8 13 5 12 3 11 1 10 8 
8 13 5 12 3 11 1 10 8 
8 11 4 10 3 9 2 8 8 
8 9 5 8 4 7 3 6 8 
7 8 4 7 3 6 2 5 8 
8 11 4 10 1 9 0 8 8 
8 9 4 8 2 7 1 6 8 
7 8 3 7 1 6 0 5 8 
8 10 5 9 4 8 3 7 8 
8 8 4 7 2 6 1 5 8 
7 10 5 9 4 8 3 7 8 
7 9 4 8 2 7 1 6 8 
8 11 5 10 3 9 2 8 8 
8 10 4 9 3 8 2 7 8 
8 8 4 7 1 6 0 5 8 
6 9 3 8 2 7 1 6 8 
7 9 6 8 5 7 4 6 8 
8 9 4 8 2 7 1 6 8 
7 12 5 11 4 10 3 9 8 
8 8 5 7 3 6 1 5 8 
7 9 6 8 5 7 4 6 8 
7 9 5 8 4 7 3 6 8 
6 7 2 6 1 5 0 4 8 
8 9 4 8 3 7 2 6 8 
8 10 5 9 3 8 1 7 8 
7 9 3 8 1 7 0 6 8 
7 8 4 7 2 6 1 5 8 
7 9 6 8 5 7 4 6 8 
7 8 4 7 2 6 0 5 8 
8 10 5 9 3 8 2 7 8 
8 8 4 7 2 6 1 5 8 
6 8 4 7 2 6 0 5 8 
6 8 3 7 2 6 1 5 8 
8 8 4 7 2 6 1 5 8 
8 9 5 8 4 7 3 6 8 
7 7 3 6 1 5 0 4 8 
7 12 5 11 4 10 3 9 8 
8 9 4 8 1 7 0 6 8 
7 13 4 12 2 11 0 10 8 
7 13 4 12 2 11 0 10 8 
8 8 5 7 3 6 1 5 8 
8 10 4 9 3 8 2 7 8 
7 8 4 7 3 6 2 5 8 
7 8 3 7 2 6 1 5 8 
7 8 3 7 1 6 0 5 8 
8 10 5 9 4 8 3 7 8 
6 7 2 6 1 5 0 4 8 
8 10 4 9 2 8 1 7 8 
7 8 4 7 3 6 2 5 8 
SCORES_TXT_END_0
SCORES_TXT_BEGIN_0 98 100 9 BLEU
4 4 3 3 2 2 1 1 4 
3 8 2 7 1 6 0 5 4 
3 8 2 7 1 6 0 5 4 
4 8 2 7 1 6 0 5 4 
4 8 2 7 1 6 0 5 4 
3 4 2 3 1 2 0 1 4 
4 6 2 5 1 4 0 3 4 
3 4 1 3 0 2 0 1 4 
3 6 2 5 1 4 0 3 4 
3 4 1 3 0 2 0 1 4 
2 8 0 7 0 6 0 5 4 
2 8 0 7 0 6 0 5 4 
3 8 0 7 0 6 0 5 4 
3 8 0 7 0 6 0 5 4 
4 5 2 4 1 3 0 2 4 
2 8 0 7 0 6 0 5 4 
3 6 0 5 0 4 0 3 4 
4 6 2 5 1 4 0 3 4 
2 8 0 7 0 6 0 5 4 
4 6 2 5 1 4 0 3 4 
3 8 0 7 0 6 0 5 4 
3 8 0 7 0 6 0 5 4 
2 6 0 5 0 4 0 3 4 
4 7 2 6 1 5 0 4 4 
4 5 2 4 1 3 0 2 4 
3 5 2 4 1 3 0 2 4 
4 7 2 6 1 5 0 4 4 
3 6 0 5 0 4 0 3 4 
3 6 2 5 1 4 0 3 4 
3 6 2 5 1 4 0 3 4 
2 4 0 3 0 2 0 1 4 
3 5 0 4 0 3 0 2 4 
2 6 0 5 0 4 0 3 4 
3 7 2 6 1 5 0 4 4 
3 7 2 6 1 5 0 4 4 
3 9 2 8 1 7 0 6 4 
3 9 2 8 1 7 0 6 4 
3 6 0 5 0 4 0 3 4 
3 6 0 5 0 4 0 3 4 
3 4 1 3 0 2 0 1 4 
2 4 0 3 0 2 0 1 4 
3 7 2 6 1 5 0 4 4 
3 5 2 4 1 3 0 2 4 
3 7 2 6 1 5 0 4 4 
3 10 2 9 1 8 0 7 4 
3 10 2 9 1 8 0 7 4 
4 7 2 6 1 5 0 4 4 
3 10 2 9 1 8 0 7 4 
3 10 2 9 1 8 0 7 4 
3 5 0 4 0 3 0 2 4 
3 4 1 3 0 2 0 1 4 
3 12 2 11 1 10 0 9 4 
3 12 2 11 1 10 0 9 4 
3 12 2 11 1 10 0 9 4 
3 7 2 6 1 5 0 4 4 
3 12 2 11 1 10 0 9 4 
3 5 0 4 0 3 0 2 4 
3 6 0 5 0 4 0 3 4 
3 6 0 5 0 4 0 3 4 
4 10 2 9 1 8 0 7 4 
3 7 0 6 0 5 0 4 4 
2 5 0 4 0 3 0 2 4 
4 10 2 9 1 8 0 7 4 
3 7 0 6 0 5 0 4 4 
3 9 2 8 1 7 0 6 4 
3 9 2 8 1 7 0 6 4 
3 9 2 8 1 7 0 6 4 
4 4 1 3 0 2 0 1 4 
2 8 0 7 0 6 0 5 4 
3 9 2 8 1 7 0 6 4 
3 10 2 9 1 8 0 7 4 
3 11 2 10 1 9 0 8 4 
2 8 0 7 0 6 0 5 4 
3 10 2 9 1 8 0 7 4 
3 9 2 8 1 7 0 6 4 
4 5 2 4 1 3 0 2 4 
3 11 2 10 1 9 0 8 4 
3 9 2 8 1 7 0 6 4 
3 11 2 10 1 9 0 8 4 
2 6 0 5 0 4 0 3 4 
2 6 0 5 0 4 0 3 4 
3 11 2 10 1 9 0 8 4 
3 10 2 9 1 8 0 7 4 
4 4 0 3 0 2 0 1 4 
3 10 2 9 1 8 0 7 4 
3 11 2 10 1 9 0 8 4 
3 11 2 10 1 9 0 8 4 
3 11 2 10 1 9 0 8 4 
3 6 0 5 0 4 0 3 4 
2 7 0 6 0 5 0 4 4 
4 8 2 7 1 6 0 5 4 
3 11 2 10 1 9 0 8 4 
4 9 2 8 1 7 0 6 4 
4 7 2 6 1 5 0 4 4 
2 7 0 6 0 5 0 4 4 
4 9 2 8 1 7 0 6 4 
2 8 0 7 0 6 0 5 4 
3 8 0 7 0 6 0 5 4 
3 8 0 7 0 6 0 5 4 
3 4 0 3 0 2 0 1 4 
SCORES_TXT_END_0
SCORES_TXT_BEGIN_0 99 100 9 BLEU
10 10 7 9 6 8 5 7 11 
11 12 10 11 9 10 8 9 11 
10 11 7 10 6 9 5 8 11 
10 11 6 10 3 9 1 8 11 
11 11 7 10 6 9 5 8 11 
11 13 10 12 9 11 8 10 11 
9 10 5 9 3 8 1 7 11 
11 14 9 13 7 12 5 11 11 
11 14 9 13 7 12 5 11 11 
9 10 5 9 3 8 1 7 11 
11 13 10 12 9 11 8 10 11 
10 12 6 11 3 10 1 9 11 
10 13 8 12 6 11 4 10 11 
11 11 8 10 6 9 5 8 11 
10 12 6 11 3 10 1 9 11 
10 12 8 11 6 10 4 9 11 
10 13 6 12 3 11 1 10 11 
10 11 7 10 6 9 5 8 11 
10 13 6 12 3 11 1 10 11 
11 13 10 12 9 11 8 10 11 
10 12 8 11 6 10 4 9 11 
9 10 5 9 3 8 1 7 11 
11 15 9 14 7 13 5 12 11 
10 10 7 9 6 8 5 7 11 
11 15 9 14 7 13 5 12 11 
10 10 6 9 4 8 2 7 11 
10 12 6 11 3 10 1 9 11 
11 12 7 11 6 10 5 9 11 
10 11 5 10 3 9 1 8 11 
10 14 8 13 6 12 4 11 11 
10 10 6 9 4 8 3 7 11 
11 15 9 14 7 13 5 12 11 
10 15 7 14 4 13 1 12 11 
11 11 7 10 4 9 2 8 11 
11 15 9 14 7 13 5 12 11 
10 15 7 14 4 13 1 12 11 
9 11 5 10 3 9 1 8 11 
10 14 8 13 6 12 4 11 11 
11 12 9 11 7 10 5 9 11 
11 12 10 11 9 10 8 9 11 
10 11 7 10 6 9 5 8 11 
10 14 7 13 4 12 1 11 11 
10 10 6 9 4 8 2 7 11 
11 14 10 13 9 12 8 11 11 
10 14 7 13 4 12 1 11 11 
11 11 7 10 4 9 3 8 11 
10 15 8 14 6 13 4 12 11 
11 13 9 12 7 11 5 10 11 
11 12 9 11 7 10 6 9 11 
10 15 8 14 6 13 4 12 11 
10 14 7 13 4 12 1 11 11 
11 13 8 12 6 11 5 10 11 
10 14 7 13 4 12 1 11 11 
11 13 8 12 6 11 5 10 11 
10 10 6 9 4 8 3 7 11 
10 11 7 10 6 9 5 8 11 
10 11 7 10 6 9 5 8 11 
10 12 7 11 6 10 5 9 11 
11 12 9 11 7 10 5 9 11 
11 12 8 11 6 10 5 9 11 
9 11 5 10 3 9 1 8 11 
9 10 6 9 5 8 4 7 11 
10 14 8 13 6 12 4 11 11 
11 13 9 12 7 11 5 10 11 
11 15 9 14 7 13 5 12 11 
11 15 9 14 7 13 5 12 11 
11 13 9 12 7 11 6 10 11 
10 12 8 11 6 10 4 9 11 
11 12 8 11 6 10 5 9 11 
11 11 8 10 7 9 6 8 11 
9 11 7 10 6 9 5 8 11 
11 12 8 11 6 10 5 9 11 
9 10 4 9 2 8 0 7 11 
10 13 8 12 6 11 4 10 11 
10 11 7 10 6 9 5 8 11 
10 16 7 15 4 14 1 13 11 
11 15 10 14 9 13 8 12 11 
10 11 7 10 6 9 5 8 11 
11 12 7 11 4 10 2 9 11 
10 16 7 15 4 14 1 13 11 
11 15 10 14 9 13 8 12 11 
10 13 8 12 6 11 4 10 11 
11 13 9 12 7 11 5 10 11 
10 16 7 15 4 14 1 13 11 
11 12 7 11 6 10 5 9 11 
11 12 7 11 4 10 2 9 11 
10 12 6 11 3 10 1 9 11 
10 16 7 15 4 14 1 13 11 
11 11 6 10 4 9 2 8 11 
10 12 7 11 6 10 5 9 11 
11 13 9 12 7 11 5 10 11 
11 12 9 11 7 10 6 9 11 
11 13 10 12 9 11 8 10 11 
8 11 5 10 3 9 1 8 11 
10 12 5 11 3 10 1 9 11 
10 11 5 10 3 9 1 8 11 
11 14 10 13 9 12 8 11 11 
9 11 5 10 3 9 1 8 11 
9 10 4 9 2 8 1 7 11 
10 11 7 10 6 9 5 8 11 
SCORES_TXT_END_0
SCORES_TXT_BEGIN_0 100 100 9 BLEU
9 9 8 8 7 7 6 6 9 
8 11 7 10 6 9 5 8 9 
9 10 7 9 5 8 3 7 9 
8 9 7 8 6 7 5 6 9 
8 10 6 9 5 8 4 7 9 
9 10 8 9 6 8 4 7 9 
8 8 6 7 4 6 3 5 9 
7 9 5 8 4 7 3 6 9 
8 9 6 8 5 7 4 6 9 
9 9 5 8 3 7 2 6 9 
9 11 7 10 6 9 5 8 9 
7 8 5 7 4 6 3 5 9 
8 9 6 8 5 7 4 6 9 
9 10 6 9 3 8 2 7 9 
8 12 6 11 4 10 2 9 9 
7 8 5 7 4 6 3 5 9 
7 12 6 11 5 10 4 9 9 
6 11 5 10 4 9 3 8 9 
7 14 6 13 5 12 4 11 9 
7 14 6 13 5 12 4 11 9 
7 10 5 9 4 8 3 7 9 
8 12 7 11 5 10 4 9 9 
8 13 7 12 6 11 5 10 9 
7 9 6 8 5 7 4 6 9 
8 13 7 12 6 11 5 10 9 
7 9 6 8 5 7 4 6 9 
9 9 5 8 3 7 2 6 9 
8 10 6 9 4 8 2 7 9 
7 8 5 7 4 6 3 5 9 
8 12 7 11 6 10 5 9 9 
8 10 4 9 3 8 2 7 9 
8 12 7 11 6 10 5 9 9 
7 11 6 10 5 9 4 8 9 
8 11 5 10 3 9 2 8 9 
6 13 5 12 4 11 3 10 9 
6 13 5 12 4 11 3 10 9 
7 10 6 9 5 8 4 7 9 
7 11 6 10 5 9 4 8 9 
8 9 5 8 3 7 2 6 9 
6 8 5 7 4 6 3 5 9 
8 8 4 7 3 6 2 5 9 
9 9 5 8 3 7 1 6 9 
6 8 5 7 4 6 3 5 9 
8 9 4 8 3 7 2 6 9 
7 8 4 7 3 6 2 5 9 
9 11 7 10 4 9 2 8 9 
9 10 7 9 5 8 3 7 9 
8 9 4 8 3 7 2 6 9 
6 10 5 9 4 8 3 7 9 
8 10 5 9 3 8 2 7 9 
6 9 5 8 4 7 3 6 9 
8 10 6 9 3 8 2 7 9 
6 10 5 9 4 8 3 7 9 
7 13 6 12 5 11 4 10 9 
9 9 5 8 3 7 2 6 9 
7 13 6 12 5 11 4 10 9 
8 10 5 9 3 8 2 7 9 
8 9 5 8 3 7 2 6 9 
9 10 6 9 3 8 1 7 9 
8 10 7 9 5 8 4 7 9 
8 9 4 8 3 7 2 6 9 
8 10 7 9 6 8 5 7 9 
9 12 6 11 4 10 2 9 9 
8 11 6 10 5 9 4 8 9 
8 10 5 9 3 8 2 7 9 
8 12 6 11 5 10 4 9 9 
6 12 5 11 4 10 3 9 9 
6 12 5 11 4 10 3 9 9 
9 9 5 8 2 7 1 6 9 
7 10 5 9 4 8 3 7 9 
7 12 4 11 3 10 2 9 9 
9 10 6 9 3 8 1 7 9 
7 13 5 12 3 11 2 10 9 
7 11 5 10 4 9 3 8 9 
8 11 4 10 3 9 2 8 9 
8 14 6 13 5 12 4 11 9 
8 13 5 12 3 11 2 10 9 
9 10 7 9 6 8 5 7 9 
8 10 5 9 4 8 3 7 9 
8 13 5 12 3 11 2 10 9 
8 9 4 8 3 7 2 6 9 
9 12 7 11 5 10 4 9 9 
8 10 4 9 2 8 1 7 9 
9 9 5 8 3 7 1 6 9 
8 10 4 9 3 8 2 7 9 
7 9 4 8 3 7 2 6 9 
7 14 4 13 3 12 2 11 9 
8 9 4 8 3 7 2 6 9 
7 14 4 13 3 12 2 11 9 
7 8 4 7 3 6 2 5 9 
7 15 5 14 3 13 2 12 9 
7 13 6 12 5 11 4 10 9 
8 11 6 10 5 9 4 8 9 
7 15 5 14 3 13 2 12 9 
8 9 5 8 3 7 1 6 9 
7 13 6 12 5 11 4 10 9 
7 9 4 8 3 7 2 6 9 
7 13 5 12 4 11 3 10 9 
9 9 5 8 2 7 1 6 9 
8 14 6 13 3 12 2 11 9 
SCORES_TXT_END_0
SCORES_TXT_BEGIN_0 101 34 9 BLEU
17 17 16 16 15 15 14 14 17 
17 18 15 17 13 16 11 15 17 
16 16 14 15 12 14 10 13 17 
17 18 14 17 10 16 8 15 17 
17 17 13 16 10 15 8 14 17 
17 17 13 16 10 15 7 14 17 
15 16 13 15 11 14 9 13 17 
17 17 13 16 10 15 8 14 17 
16 16 12 15 10 14 8 13 17 
17 18 14 17 11 16 9 15 17 
17 17 13 16 11 15 9 14 17 
16 17 13 16 10 15 8 14 17 
15 16 12 15 10 14 8 13 17 
17 17 13 16 11 15 9 14 17 
16 17 14 16 12 15 10 14 17 
16 17 14 16 12 15 10 14 17 
15 17 13 16 11 15 9 14 17 
17 17 13 16 10 15 8 14 17 
16 16 12 15 10 14 8 13 17 
17 18 15 17 13 16 11 15 17 
15 16 13 15 11 14 9 13 17 
16 17 12 16 10 15 8 14 17 
16 16 11 15 9 14 7 13 17 
16 18 13 17 10 16 8 15 17 
15 17 12 16 10 15 8 14 17 
16 17 12 16 9 15 7 14 17 
16 18 13 17 10 16 8 15 17 
16 17 12 16 10 15 8 14 17 
15 16 11 15 9 14 7 13 17 
16 18 14 17 12 16 10 15 17 
16 17 13 16 10 15 8 14 17 
15 16 12 15 10 14 8 13 17 
16 17 14 16 12 15 10 14 17 
16 18 13 17 10 16 8 15 17 
SCORES_TXT_END_0
SCORES_TXT_BEGIN_0 102 24 9 BLEU
2 2 1 1 0 0 0 0 2 
2 4 0 3 0 2 0 1 2 
2 3 0 2 0 1 0 0 2 
2 6 0 5 0 4 0 3 2 
2 6 0 5 0 4 0 3 2 
2 3 0 2 0 1 0 0 2 
2 5 0 4 0 3 0 2 2 
2 5 0 4 0 3 0 2 2 
1 2 0 1 0 0 0 0 2 
2 3 0 2 0 1 0 0 2 
2 2 0 1 0 0 0 0 2 
1 2 0 1 0 0 0 0 2 
1 3 0 2 0 1 0 0 2 
1 3 0 2 0 1 0 0 2 
1 3 0 2 0 1 0 0 2 
1 3 0 2 0 1 0 0 2 
2 3 0 2 0 1 0 0 2 
2 4 0 3 0 2 0 1 2 
2 3 0 2 0 1 0 0 2 
2 3 0 2 0 1 0 0 2 
2 6 0 5 0 4 0 3 2 
2 6 0 5 0 4 0 3 2 
2 5 0 4 0 3 0 2 2 
2 5 0 4 0 3 0 2 2 
SCORES_TXT_END_0
SCORES_TXT_BEGIN_0 103 100 9 BLEU
3 3 1 2 0 1 0 0 5 
5 5 4 4 3 3 2 2 5 
4 5 3 4 2 3 1 2 5 
2 3 1 2 0 1 0 0 5 
4 7 2 6 0 5 0 4 5 
4 7 2 6 0 5 0 4 5 
5 7 3 6 1 5 0 4 5 
5 7 3 6 1 5 0 4 5 
4 4 1 3 0 2 0 1 5 
5 6 3 5 1 4 0 3 5 
4 5 3 4 2 3 1 2 5 
4 4 1 3 0 2 0 1 5 
4 6 2 5 0 4 0 3 5 
2 3 0 2 0 1 0 0 5 
4 4 2 3 0 2 0 1 5 
3 5 2 4 1 3 0 2 5 
4 6 2 5 0 4 0 3 5 
4 6 2 5 0 4 0 3 5 
4 5 2 4 1 3 0 2 5 
3 5 1 4 0 3 0 2 5 
5 5 1 4 0 3 0 2 5 
4 6 3 5 2 4 1 3 5 
5 5 2 4 1 3 0 2 5 
3 3 0 2 0 1 0 0 5 
3 4 1 3 0 2 0 1 5 
5 6 3 5 1 4 0 3 5 
2 3 0 2 0 1 0 0 5 
4 5 1 4 0 3 0 2 5 
5 6 3 5 1 4 0 3 5 
4 9 3 8 2 7 1 6 5 
4 9 3 8 2 7 1 6 5 
3 4 1 3 0 2 0 1 5 
4 4 0 3 0 2 0 1 5 
5 7 4 6 3 5 1 4 5 
5 6 3 5 1 4 0 3 5 
3 4 1 3 0 2 0 1 5 
4 7 2 6 1 5 0 4 5 
3 7 1 6 0 5 0 4 5 
3 7 1 6 0 5 0 4 5 
4 7 2 6 1 5 0 4 5 
4 7 3 6 2 5 1 4 5 
4 8 3 7 2 6 1 5 5 
4 5 1 4 0 3 0 2 5 
4 8 3 7 2 6 1 5 5 
5 6 4 5 3 4 2 3 5 
4 7 3 6 2 5 1 4 5 
4 6 2 5 0 4 0 3 5 
1 3 0 2 0 1 0 0 5 
4 4 2 3 1 2 0 1 5 
3 4 1 3 0 2 0 1 5 
5 6 2 5 1 4 0 3 5 
3 4 0 3 0 2 0 1 5 
4 6 2 5 0 4 0 3 5 
5 5 2 4 0 3 0 2 5 
4 6 1 5 0 4 0 3 5 
4 5 1 4 0 3 0 2 5 
4 5 1 4 0 3 0 2 5 
4 8 2 7 0 6 0 5 5 
4 8 2 7 0 6 0 5 5 
3 4 0 3 0 2 0 1 5 
4 7 1 6 0 5 0 4 5 
5 7 2 6 1 5 0 4 5 
4 7 1 6 0 5 0 4 5 
5 7 2 6 1 5 0 4 5 
4 6 1 5 0 4 0 3 5 
4 6 1 5 0 4 0 3 5 
4 4 0 3 0 2 0 1 5 
3 6 2 5 1 4 0 3 5 
3 6 1 5 0 4 0 3 5 
3 7 1 6 0 5 0 4 5 
3 7 1 6 0 5 0 4 5 
4 8 2 7 0 6 0 5 5 
4 6 2 5 1 4 0 3 5 
5 5 1 4 0 3 0 2 5 
5 5 1 4 0 3 0 2 5 
4 8 2 7 0 6 0 5 5 
5 6 2 5 1 4 0 3 5 
4 4 1 3 0 2 0 1 5 
3 4 1 3 0 2 0 1 5 
4 4 0 3 0 2 0 1 5 
5 6 2 5 1 4 0 3 5 
4 8 2 7 0 6 0 5 5 
4 6 1 5 0 4 0 3 5 
3 4 0 3 0 2 0 1 5 
5 6 2 5 1 4 0 3 5 
4 6 1 5 0 4 0 3 5 
4 8 2 7 0 6 0 5 5 
4 6 2 5 1 4 0 3 5 
4 11 2 10 0 9 0 8 5 
5 5 0 4 0 3 0 2 5 
1 3 0 2 0 1 0 0 5 
4 4 0 3 0 2 0 1 5 
4 11 2 10 0 9 0 8 5 
3 4 1 3 0 2 0 1 5 
2 4 0 3 0 2 0 1 5 
3 4 0 3 0 2 0 1 5 
4 11 2 10 0 9 0 8 5 
4 11 2 10 0 9 0 8 5 
4 7 2 6 1 5 0 4 5 
5 6 4 5 2 4 1 3 5 
SCORES_TXT_END_0
SCORES_TXT_BEGIN_0 104 100 9 BLEU
10 10 7 9 6 8 5 7 11 
11 11 7 10 4 9 2 8 11 
9 10 7 9 6 8 5 7 11 
10 10 6 9 4 8 2 7 11 
10 11 7 10 4 9 2 8 11 
10 11 7 10 6 9 5 8 11 
9 11 7 10 6 9 5 8 11 
11 11 7 10 6 9 5 8 11 
10 12 7 11 4 10 2 9 11 
10 12 9 11 8 10 7 9 11 
10 11 6 10 3 9 2 8 11 
10 14 8 13 6 12 5 11 11 
10 14 8 13 6 12 5 11 11 
11 11 7 10 4 9 2 8 11 
10 10 6 9 4 8 2 7 11 
10 15 7 14 4 13 2 12 11 
10 15 7 14 4 13 2 12 11 
9 10 6 9 4 8 2 7 11 
9 11 7 10 6 9 5 8 11 
11 12 10 11 9 10 8 9 11 
10 10 6 9 4 8 2 7 11 
11 13 9 12 7 11 5 10 11 
11 11 7 10 4 9 2 8 11 
11 11 8 10 6 9 5 8 11 
11 11 6 10 4 9 2 8 11 
10 10 6 9 4 8 2 7 11 
9 12 7 11 6 10 5 9 11 
11 13 7 12 4 11 2 10 11 
10 11 7 10 6 9 5 8 11 
11 11 8 10 7 9 6 8 11 
11 13 7 12 4 11 2 10 11 
9 11 6 10 4 9 2 8 11 
10 10 6 9 4 8 2 7 11 
10 13 8 12 6 11 4 10 11 
10 11 7 10 6 9 5 8 11 
9 11 6 10 3 9 2 8 11 
10 10 7 9 6 8 5 7 11 
10 12 7 11 6 10 5 9 11 
10 10 5 9 3 8 2 7 11 
10 11 7 10 4 9 2 8 11 
10 14 7 13 4 12 2 11 11 
11 12 7 11 4 10 2 9 11 
10 14 7 13 4 12 2 11 11 
10 15 8 14 6 13 5 12 11 
9 10 6 9 4 8 2 7 11 
10 15 8 14 6 13 5 12 11 
11 12 7 11 6 10 5 9 11 
10 10 5 9 3 8 2 7 11 
10 12 8 11 6 10 4 9 11 
9 12 6 11 3 10 2 9 11 
10 11 8 10 6 9 5 8 11 
9 10 6 9 4 8 2 7 11 
11 13 7 12 4 11 2 10 11 
11 12 9 11 7 10 5 9 11 
11 13 10 12 9 11 8 10 11 
11 12 7 11 5 10 3 9 11 
11 11 6 10 4 9 2 8 11 
11 13 7 12 4 11 2 10 11 
10 10 6 9 4 8 2 7 11 
9 10 5 9 3 8 2 7 11 
11 11 8 10 5 9 2 8 11 
10 11 7 10 4 9 2 8 11 
9 10 6 9 4 8 2 7 11 
10 11 8 10 7 9 6 8 11 
10 15 8 14 6 13 5 12 11 
10 11 6 10 4 9 2 8 11 
10 13 7 12 4 11 2 10 11 
10 15 8 14 6 13 5 12 11 
10 12 7 11 4 10 2 9 11 
10 13 7 12 4 11 2 10 11 
9 11 6 10 4 9 2 8 11 
10 12 8 11 6 10 4 9 11 
11 11 6 10 4 9 3 8 11 
11 12 7 11 4 10 2 9 11 
10 11 6 10 4 9 2 8 11 
9 10 5 9 3 8 2 7 11 
10 12 8 11 6 10 4 9 11 
11 12 7 11 4 10 2 9 11 
9 11 6 10 4 9 2 8 11 
10 12 8 11 6 10 5 9 11 
9 9 5 8 3 7 1 6 11 
10 13 9 12 8 11 7 10 11 
10 13 9 12 7 11 6 10 11 
11 13 7 12 4 11 2 10 11 
9 10 6 9 4 8 2 7 11 
11 12 7 11 4 10 2 9 11 
11 12 8 11 7 10 6 9 11 
11 13 7 12 4 11 2 10 11 
11 13 10 12 9 11 8 10 11 
11 13 8 12 6 11 5 10 11 
10 11 6 10 3 9 1 8 11 
11 13 8 12 6 11 5 10 11 
9 11 6 10 4 9 2 8 11 
9 11 6 10 4 9 2 8 11 
9 15 6 14 3 13 2 12 11 
11 12 7 11 4 10 2 9 11 
9 10 7 9 6 8 5 7 11 
9 15 6 14 3 13 2 12 11 
10 14 7 13 4 12 2 11 11 
10 14 7 13 4 12 2 11 11 
SCORES_TXT_END_0
SCORES_TXT_BEGIN_0 105 100 9 BLEU
8 8 7 7 6 6 5 5 8 
7 8 6 7 5 6 4 5 8 
7 8 5 7 3 6 2 5 8 
6 8 4 7 2 6 1 5 8 
8 10 6 9 5 8 4 7 8 
7 10 5 9 4 8 3 7 8 
8 9 6 8 5 7 4 6 8 
7 9 5 8 4 7 3 6 8 
7 10 4 9 3 8 2 7 8 
8 9 6 8 5 7 4 6 8 
7 9 4 8 3 7 2 6 8 
8 9 6 8 4 7 2 6 8 
8 12 6 11 5 10 4 9 8 
8 12 6 11 5 10 4 9 8 
6 10 3 9 2 8 1 7 8 
7 9 5 8 4 7 3 6 8 
7 9 5 8 3 7 1 6 8 
6 9 3 8 2 7 1 6 8 
7 9 3 8 1 7 0 6 8 
7 8 5 7 3 6 2 5 8 
8 9 4 8 1 7 0 6 8 
7 12 5 11 4 10 3 9 8 
7 12 5 11 4 10 3 9 8 
8 11 6 10 5 9 4 8 8 
8 10 6 9 5 8 4 7 8 
7 9 4 8 3 7 2 6 8 
8 9 6 8 4 7 3 6 8 
7 9 5 8 4 7 3 6 8 
7 12 4 11 3 10 2 9 8 
7 12 4 11 3 10 2 9 8 
7 9 4 8 2 7 1 6 8 
6 8 4 7 2 6 1 5 8 
7 11 5 10 4 9 3 8 8 
7 10 3 9 1 8 0 7 8 
8 13 6 12 5 11 4 10 8 
8 13 6 12 5 11 4 10 8 
8 9 6 8 5 7 4 6 8 
7 11 3 10 1 9 0 8 8 
7 10 5 9 4 8 3 7 8 
6 9 3 8 2 7 1 6 8 
8 10 4 9 1 8 0 7 8 
8 11 6 10 5 9 4 8 8 
6 12 3 11 2 10 1 9 8 
6 12 3 11 2 10 1 9 8 
6 9 3 8 1 7 0 6 8 
8 11 4 10 1 9 0 8 8 
7 8 6 7 5 6 4 5 8 
8 11 5 10 3 9 1 8 8 
7 9 4 8 3 7 2 6 8 
8 11 6 10 5 9 4 8 8 
7 11 4 10 3 9 2 8 8 
7 13 5 12 4 11 3 10 8 
7 13 5 12 4 11 3 10 8 
7 9 5 8 4 7 3 6 8 
8 9 5 8 4 7 3 6 8 
7 10 4 9 3 8 2 7 8 
7 10 4 9 3 8 2 7 8 
7 9 4 8 1 7 0 6 8 
6 9 1 8 0 7 0 6 8 
8 10 6 9 5 8 4 7 8 
7 11 5 10 4 9 3 8 8 
8 9 5 8 4 7 3 6 8 
6 9 3 8 1 7 0 6 8 
7 11 4 10 2 9 0 8 8 
8 12 6 11 5 10 4 9 8 
7 9 2 8 0 7 0 6 8 
6 8 5 7 4 6 3 5 8 
7 9 4 8 3 7 2 6 8 
8 9 6 8 4 7 3 6 8 
8 10 5 9 3 8 1 7 8 
6 9 3 8 2 7 1 6 8 
6 11 3 10 2 9 1 8 8 
7 11 5 10 4 9 3 8 8 
7 11 4 10 3 9 2 8 8 
7 13 4 12 3 11 2 10 8 
7 13 4 12 3 11 2 10 8 
8 12 6 11 5 10 4 9 8 
6 10 3 9 2 8 1 7 8 
6 10 3 9 2 8 1 7 8 
6 8 4 7 3 6 2 5 8 
8 9 5 8 4 7 3 6 8 
7 10 5 9 4 8 3 7 8 
8 11 5 10 3 9 2 8 8 
7 13 3 12 1 11 0 10 8 
7 12 5 11 4 10 3 9 8 
7 11 4 10 3 9 2 8 8 
7 13 3 12 1 11 0 10 8 
7 10 4 9 2 8 0 7 8 
8 10 3 9 1 8 0 7 8 
7 11 4 10 3 9 2 8 8 
8 9 5 8 4 7 3 6 8 
6 9 3 8 2 7 1 6 8 
7 12 4 11 3 10 2 9 8 
7 12 4 11 3 10 2 9 8 
6 10 1 9 0 8 0 7 8 
8 13 4 12 1 11 0 10 8 
8 10 5 9 4 8 3 7 8 
8 13 4 12 1 11 0 10 8 
8 9 6 8 5 7 4 6 8 
8 10 5 9 4 8 3 7 8 
SCORES_TXT_END_0
SCORES_TXT_BEGIN_0 106 99 9 BLEU
6 6 5 5 4 4 3 3 6 
5 6 4 5 3 4 2 3 6 
6 8 4 7 3 6 2 5 6 
6 7 3 6 2 5 1 4 6 
6 7 5 6 3 5 2 4 6 
6 7 4 6 2 5 1 4 6 
6 6 2 5 1 4 0 3 6 
6 10 4 9 3 8 2 7 6 
6 10 4 9 3 8 2 7 6 
5 8 3 7 2 6 1 5 6 
5 7 4 6 2 5 1 4 6 
6 7 4 6 2 5 1 4 6 
6 8 2 7 1 6 0 5 6 
6 7 3 6 2 5 1 4 6 
6 7 4 6 3 5 2 4 6 
5 10 3 9 2 8 1 7 6 
5 10 3 9 2 8 1 7 6 
6 9 4 8 3 7 2 6 6 
6 7 4 6 2 5 0 4 6 
5 6 1 5 0 4 0 3 6 
6 7 2 6 1 5 0 4 6 
6 9 4 8 3 7 2 6 6 
6 7 2 6 1 5 0 4 6 
5 6 1 5 0 4 0 3 6 
5 6 3 5 2 4 1 3 6 
5 6 1 5 0 4 0 3 6 
6 6 2 5 0 4 0 3 6 
6 7 3 6 2 5 1 4 6 
5 7 3 6 2 5 1 4 6 
6 6 2 5 0 4 0 3 6 
5 7 3 6 1 5 0 4 6 
6 8 3 7 2 6 1 5 6 
5 6 4 5 3 4 2 3 6 
5 9 3 8 2 7 1 6 6 
5 8 1 7 0 6 0 5 6 
5 8 1 7 0 6 0 5 6 
6 6 3 5 2 4 1 3 6 
6 7 2 6 1 5 0 4 6 
5 7 3 6 2 5 1 4 6 
6 9 2 8 1 7 0 6 6 
6 8 2 7 0 6 0 5 6 
5 9 3 8 2 7 1 6 6 
5 7 3 6 1 5 0 4 6 
6 7 3 6 2 5 1 4 6 
6 7 4 6 2 5 1 4 6 
6 7 2 6 1 5 0 4 6 
6 8 3 7 2 6 1 5 6 
6 7 4 6 2 5 1 4 6 
6 7 2 6 0 5 0 4 6 
5 7 1 6 0 5 0 4 6 
6 8 3 7 2 6 1 5 6 
6 8 4 7 2 6 1 5 6 
6 7 4 6 3 5 2 4 6 
4 6 2 5 1 4 0 3 6 
6 7 5 6 4 5 3 4 6 
4 6 3 5 2 4 1 3 6 
6 8 3 7 2 6 1 5 6 
6 10 2 9 1 8 0 7 6 
5 6 2 5 1 4 0 3 6 
6 10 2 9 1 8 0 7 6 
5 7 1 6 0 5 0 4 6 
6 7 2 6 0 5 0 4 6 
6 6 3 5 2 4 1 3 6 
6 7 2 6 1 5 0 4 6 
6 7 2 6 0 5 0 4 6 
6 9 2 8 1 7 0 6 6 
6 9 2 8 1 7 0 6 6 
6 6 3 5 1 4 0 3 6 
5 9 1 8 0 7 0 6 6 
6 8 3 7 2 6 1 5 6 
5 8 2 7 1 6 0 5 6 
6 7 2 6 0 5 0 4 6 
5 6 2 5 1 4 0 3 6 
5 7 3 6 1 5 0 4 6 
5 7 3 6 2 5 1 4 6 
6 7 1 6 0 5 0 4 6 
5 10 1 9 0 8 0 7 6 
5 7 4 6 3 5 2 4 6 
5 10 1 9 0 8 0 7 6 
6 7 2 6 1 5 0 4 6 
6 7 0 6 0 5 0 4 6 
6 7 1 6 0 5 0 4 6 
6 7 5 6 4 5 3 4 6 
5 6 2 5 0 4 0 3 6 
6 7 2 6 1 5 0 4 6 
6 8 2 7 1 6 0 5 6 
5 6 0 5 0 4 0 3 6 
6 10 2 9 0 8 0 7 6 
6 10 2 9 0 8 0 7 6 
5 7 3 6 2 5 1 4 6 
6 7 2 6 1 5 0 4 6 
5 7 3 6 2 5 1 4 6 
6 8 3 7 2 6 1 5 6 
6 9 2 8 1 7 0 6 6 
6 9 3 8 2 7 1 6 6 
6 7 0 6 0 5 0 4 6 
6 6 1 5 0 4 0 3 6 
5 10 1 9 0 8 0 7 6 
5 10 1 9 0 8 0 7 6 
SCORES_TXT_END_0
SCORES_TXT_BEGIN_0 107 21 9 BLEU
11 11 10 10 9 9 8 8 11 
10 15 9 14 8 13 7 12 11 
10 15 9 14 8 13 7 12 11 
11 15 9 14 8 13 7 12 11 
11 15 9 14 8 13 7 12 11 
11 13 9 12 8 11 7 10 11 
10 13 9 12 8 11 7 10 11 
10 11 9 10 8 9 7 8 11 
11 12 9 11 8 10 7 9 11 
11 13 9 12 8 11 7 10 11 
11 13 9 12 8 11 7 10 11 
10 11 8 10 6 9 4 8 11 
11 12 9 11 8 10 7 9 11 
11 14 9 13 8 12 7 11 11 
10 12 9 11 8 10 7 9 11 
11 14 9 13 8 12 7 11 11 
10 13 9 12 8 11 7 10 11 
10 14 9 13 8 12 7 11 11 
10 13 9 12 8 11 7 10 11 
10 14 9 13 8 12 7 11 11 
9 15 7 14 5 13 3 12 11 
SCORES_TXT_END_0
SCORES_TXT_BEGIN_0 108 36 9 BLEU
13 13 12 12 11 11 10 10 13 
13 14 11 13 9 12 7 11 13 
13 14 11 13 9 12 7 11 13 
12 13 10 12 9 11 8 10 13 
12 13 11 12 10 11 9 10 13 
12 14 10 13 8 12 6 11 13 
12 13 10 12 8 11 6 10 13 
13 14 11 13 9 12 7 11 13 
11 13 10 12 9 11 8 10 13 
12 17 11 16 10 15 9 14 13 
12 17 11 16 10 15 9 14 13 
12 12 10 11 8 10 7 9 13 
12 13 10 12 8 11 6 10 13 
13 15 11 14 10 13 9 12 13 
12 13 10 12 8 11 6 10 13 
11 14 9 13 8 12 7 11 13 
12 15 11 14 10 13 9 12 13 
13 15 11 14 9 13 7 12 13 
12 16 11 15 10 14 9 13 13 
12 14 9 13 6 12 3 11 13 
12 16 11 15 10 14 9 13 13 
11 12 9 11 7 10 6 9 13 
12 13 10 12 8 11 6 10 13 
13 13 9 12 6 11 4 10 13 
12 13 10 12 8 11 7 10 13 
13 13 9 12 6 11 4 10 13 
13 14 11 13 9 12 7 11 13 
13 17 11 16 9 15 7 14 13 
11 17 10 16 9 15 8 14 13 
11 17 10 16 9 15 8 14 13 
12 14 9 13 7 12 5 11 13 
12 13 10 12 8 11 6 10 13 
12 15 10 14 9 13 8 12 13 
12 13 10 12 8 11 6 10 13 
13 13 9 12 6 11 3 10 13 
12 14 10 13 8 12 6 11 13 
SCORES_TXT_END_0
SCORES_TXT_BEGIN_0 109 24 9 BLEU
2 2 1 1 0 0 0 0 2 
2 4 0 3 0 2 0 1 2 
2 3 0 2 0 1 0 0 2 
2 6 0 5 0 4 0 3 2 
2 6 0 5 0 4 0 3 2 
2 3 0 2 0 1 0 0 2 
2 5 0 4 0 3 0 2 2 
2 5 0 4 0 3 0 2 2 
1 2 0 1 0 0 0 0 2 
2 3 0 2 0 1 0 0 2 
2 2 0 1 0 0 0 0 2 
1 2 0 1 0 0 0 0 2 
1 3 0 2 0 1 0 0 2 
1 3 0 2 0 1 0 0 2 
1 3 0 2 0 1 0 0 2 
1 3 0 2 0 1 0 0 2 
2 3 0 2 0 1 0 0 2 
2 4 0 3 0 2 0 1 2 
2 3 0 2 0 1 0 0 2 
2 3 0 2 0 1 0 0 2 
2 6 0 5 0 4 0 3 2 
2 6 0 5 0 4 0 3 2 
2 5 0 4 0 3 0 2 2 
2 5 0 4 0 3 0 2 2 
SCORES_TXT_END_0
SCORES_TXT_BEGIN_0 110 100 9 BLEU
5 5 4 4 3 3 2 2 5 
4 9 3 8 2 7 1 6 5 
4 9 3 8 2 7 1 6 5 
4 4 2 3 1 2 0 1 5 
4 5 3 4 2 3 1 2 5 
5 7 3 6 2 5 1 4 5 
4 7 3 6 2 5 1 4 5 
4 8 3 7 2 6 1 5 5 
4 8 3 7 2 6 1 5 5 
3 8 1 7 0 6 0 5 5 
3 8 1 7 0 6 0 5 5 
3 4 1 3 0 2 0 1 5 
5 6 3 5 2 4 1 3 5 
4 5 2 4 0 3 0 2 5 
3 4 1 3 0 2 0 1 5 
4 4 0 3 0 2 0 1 5 
3 4 0 3 0 2 0 1 5 
4 4 1 3 0 2 0 1 5 
4 6 3 5 2 4 1 3 5 
5 5 1 4 0 3 0 2 5 
2 4 0 3 0 2 0 1 5 
4 5 1 4 0 3 0 2 5 
4 4 1 3 0 2 0 1 5 
2 4 0 3 0 2 0 1 5 
2 6 0 5 0 4 0 3 5 
3 4 0 3 0 2 0 1 5 
4 6 1 5 0 4 0 3 5 
4 4 0 3 0 2 0 1 5 
3 6 0 5 0 4 0 3 5 
2 8 0 7 0 6 0 5 5 
3 6 1 5 0 4 0 3 5 
2 8 0 7 0 6 0 5 5 
3 5 1 4 0 3 0 2 5 
3 5 1 4 0 3 0 2 5 
3 4 0 3 0 2 0 1 5 
3 4 1 3 0 2 0 1 5 
3 7 1 6 0 5 0 4 5 
3 7 1 6 0 5 0 4 5 
2 8 0 7 0 6 0 5 5 
3 7 1 6 0 5 0 4 5 
2 8 0 7 0 6 0 5 5 
4 5 1 4 0 3 0 2 5 
3 4 1 3 0 2 0 1 5 
4 4 0 3 0 2 0 1 5 
3 4 0 3 0 2 0 1 5 
3 4 0 3 0 2 0 1 5 
4 7 1 6 0 5 0 4 5 
3 6 0 5 0 4 0 3 5 
3 6 1 5 0 4 0 3 5 
3 9 1 8 0 7 0 6 5 
3 6 0 5 0 4 0 3 5 
3 9 1 8 0 7 0 6 5 
3 4 0 3 0 2 0 1 5 
5 5 2 4 1 3 0 2 5 
2 4 0 3 0 2 0 1 5 
2 6 0 5 0 4 0 3 5 
5 5 2 4 1 3 0 2 5 
3 8 0 7 0 6 0 5 5 
3 8 0 7 0 6 0 5 5 
2 7 0 6 0 5 0 4 5 
3 9 1 8 0 7 0 6 5 
3 6 0 5 0 4 0 3 5 
2 6 0 5 0 4 0 3 5 
4 6 0 5 0 4 0 3 5 
3 9 1 8 0 7 0 6 5 
2 7 0 6 0 5 0 4 5 
3 7 0 6 0 5 0 4 5 
3 4 0 3 0 2 0 1 5 
3 7 0 6 0 5 0 4 5 
4 5 2 4 1 3 0 2 5 
4 7 1 6 0 5 0 4 5 
3 4 0 3 0 2 0 1 5 
2 4 0 3 0 2 0 1 5 
2 8 0 7 0 6 0 5 5 
3 8 0 7 0 6 0 5 5 
4 5 1 4 0 3 0 2 5 
3 8 0 7 0 6 0 5 5 
4 7 1 6 0 5 0 4 5 
2 8 0 7 0 6 0 5 5 
3 6 0 5 0 4 0 3 5 
2 6 0 5 0 4 0 3 5 
3 5 0 4 0 3 0 2 5 
4 9 1 8 0 7 0 6 5 
4 9 1 8 0 7 0 6 5 
3 7 1 6 0 5 0 4 5 
5 5 2 4 0 3 0 2 5 
3 8 1 7 0 6 0 5 5 
3 8 1 7 0 6 0 5 5 
5 7 1 6 0 5 0 4 5 
4 6 0 5 0 4 0 3 5 
2 7 0 6 0 5 0 4 5 
4 8 1 7 0 6 0 5 5 
3 8 1 7 0 6 0 5 5 
2 7 0 6 0 5 0 4 5 
4 6 1 5 0 4 0 3 5 
4 8 1 7 0 6 0 5 5 
3 7 1 6 0 5 0 4 5 
3 7 1 6 0 5 0 4 5 
3 8 1 7 0 6 0 5 5 
4 4 0 3 0 2 0 1 5 
SCORES_TXT_END_0
SCORES_TXT_BEGIN_0 111 100 9 BLEU
8 9 4 8 3 7 2 6 10 
10 10 6 9 3 8 1 7 10 
7 9 4 8 3 7 2 6 10 
9 10 4 9 2 8 1 7 10 
8 10 4 9 3 8 2 7 10 
9 9 6 8 5 7 4 6 10 
10 10 5 9 2 8 1 7 10 
9 9 5 8 3 7 1 6 10 
9 10 4 9 3 8 2 7 10 
8 9 4 8 3 7 2 6 10 
9 10 6 9 3 8 1 7 10 
9 10 4 9 1 8 0 7 10 
9 10 4 9 2 8 1 7 10 
8 9 3 8 2 7 1 6 10 
10 12 7 11 4 10 2 9 10 
10 12 7 11 4 10 2 9 10 
8 10 4 9 2 8 1 7 10 
8 13 5 12 3 11 2 10 10 
8 13 5 12 3 11 2 10 10 
8 10 4 9 3 8 2 7 10 
9 11 7 10 5 9 3 8 10 
7 10 4 9 3 8 2 7 10 
9 12 5 11 3 10 2 9 10 
8 9 3 8 1 7 0 6 10 
9 12 5 11 3 10 2 9 10 
8 9 6 8 5 7 4 6 10 
9 11 4 10 2 9 1 8 10 
9 9 4 8 2 7 1 6 10 
9 9 5 8 3 7 1 6 10 
9 10 5 9 3 8 2 7 10 
9 12 4 11 1 10 0 9 10 
9 10 5 9 2 8 1 7 10 
8 11 6 10 4 9 2 8 10 
9 10 6 9 5 8 4 7 10 
9 10 4 9 2 8 1 7 10 
9 10 4 9 2 8 1 7 10 
9 11 4 10 2 9 1 8 10 
8 9 5 8 3 7 1 6 10 
8 10 4 9 3 8 2 7 10 
9 10 4 9 1 8 0 7 10 
9 12 4 11 1 10 0 9 10 
7 9 4 8 3 7 2 6 10 
9 11 4 10 2 9 1 8 10 
9 10 4 9 2 8 1 7 10 
10 10 4 9 2 8 1 7 10 
8 9 3 8 1 7 0 6 10 
9 11 4 10 2 9 1 8 10 
9 12 5 11 2 10 1 9 10 
8 9 3 8 2 7 1 6 10 
8 9 3 8 2 7 1 6 10 
8 10 4 9 1 8 0 7 10 
10 10 5 9 2 8 1 7 10 
10 12 6 11 3 10 2 9 10 
10 10 6 9 3 8 1 7 10 
9 14 6 13 3 12 1 11 10 
9 14 6 13 3 12 1 11 10 
9 9 4 8 2 7 1 6 10 
10 12 6 11 3 10 2 9 10 
8 10 4 9 3 8 2 7 10 
8 10 4 9 2 8 1 7 10 
7 9 3 8 2 7 1 6 10 
10 12 8 11 6 10 4 9 10 
9 15 5 14 3 13 1 12 10 
8 9 3 8 1 7 0 6 10 
8 9 3 8 1 7 0 6 10 
9 12 7 11 4 10 2 9 10 
10 10 6 9 5 8 4 7 10 
8 9 4 8 3 7 2 6 10 
9 12 7 11 4 10 2 9 10 
8 14 4 13 2 12 1 11 10 
9 9 5 8 3 7 1 6 10 
9 10 4 9 2 8 1 7 10 
8 9 4 8 3 7 2 6 10 
8 14 4 13 2 12 1 11 10 
9 12 5 11 3 10 2 9 10 
9 11 4 10 2 9 1 8 10 
8 14 4 13 2 12 1 11 10 
7 10 4 9 3 8 2 7 10 
9 12 5 11 3 10 2 9 10 
8 14 4 13 2 12 1 11 10 
9 9 4 8 3 7 2 6 10 
9 10 4 9 2 8 1 7 10 
9 11 4 10 3 9 2 8 10 
10 10 5 9 3 8 1 7 10 
9 12 6 11 4 10 2 9 10 
8 10 4 9 3 8 2 7 10 
9 12 7 11 5 10 3 9 10 
8 9 4 8 3 7 2 6 10 
8 10 3 9 2 8 1 7 10 
8 12 5 11 3 10 2 9 10 
9 9 4 8 2 7 1 6 10 
7 9 3 8 1 7 0 6 10 
9 10 4 9 3 8 2 7 10 
10 10 6 9 3 8 1 7 10 
8 15 4 14 2 13 1 12 10 
8 14 5 13 3 12 2 11 10 
10 11 6 10 3 9 1 8 10 
8 13 4 12 2 11 1 10 10 
8 11 4 10 3 9 2 8 10 
8 14 5 13 3 12 2 11 10 
SCORES_TXT_END_0
SCORES_TXT_BEGIN_0 112 76 9 BLEU
11 13 8 12 7 11 6 10 12 
10 12 5 11 2 10 1 9 12 
11 12 8 11 7 10 6 9 12 
9 11 4 10 2 9 1 8 12 
11 12 6 11 3 10 2 9 12 
12 13 8 12 5 11 4 10 12 
10 12 5 11 2 10 1 9 12 
10 11 5 10 3 9 2 8 12 
11 12 7 11 5 10 4 9 12 
11 13 8 12 7 11 5 10 12 
9 11 4 10 2 9 1 8 12 
9 11 4 10 2 9 1 8 12 
9 11 4 10 2 9 1 8 12 
12 15 11 14 10 13 9 12 12 
11 12 7 11 5 10 4 9 12 
11 12 7 11 5 10 4 9 12 
11 14 8 13 5 12 4 11 12 
10 13 6 12 4 11 2 10 12 
10 12 5 11 2 10 1 9 12 
10 12 5 11 2 10 1 9 12 
10 11 5 10 3 9 2 8 12 
12 13 8 12 7 11 6 10 12 
12 14 11 13 10 12 9 11 12 
9 11 4 10 2 9 1 8 12 
12 13 8 12 5 11 4 10 12 
9 11 4 10 2 9 1 8 12 
10 13 7 12 5 11 4 10 12 
10 12 4 11 2 10 1 9 12 
12 13 7 12 5 11 4 10 12 
10 12 6 11 4 10 3 9 12 
12 13 8 12 7 11 6 10 12 
12 14 9 13 6 12 5 11 12 
10 12 4 11 2 10 1 9 12 
9 11 3 10 2 9 1 8 12 
9 11 4 10 2 9 1 8 12 
9 11 4 10 2 9 1 8 12 
10 11 5 10 3 9 2 8 12 
10 12 6 11 4 10 2 9 12 
11 12 6 11 3 10 2 9 12 
12 15 10 14 8 13 7 12 12 
10 12 6 11 4 10 2 9 12 
11 12 7 11 5 10 4 9 12 
10 12 5 11 2 10 1 9 12 
11 14 8 13 5 12 4 11 12 
10 12 5 11 2 10 1 9 12 
10 11 5 10 3 9 2 8 12 
12 15 8 14 5 13 4 12 12 
11 12 8 11 7 10 6 9 12 
11 13 7 12 4 11 3 10 12 
10 11 6 10 4 9 3 8 12 
10 11 6 10 4 9 3 8 12 
12 15 8 14 5 13 4 12 12 
11 12 5 11 3 10 2 9 12 
11 13 8 12 6 11 5 10 12 
10 11 6 10 4 9 3 8 12 
9 11 4 10 2 9 1 8 12 
11 13 6 12 2 11 1 10 12 
10 12 4 11 2 10 1 9 12 
9 11 4 10 2 9 1 8 12 
10 11 5 10 3 9 2 8 12 
11 12 6 11 3 10 2 9 12 
12 14 10 13 8 12 7 11 12 
9 11 4 10 2 9 1 8 12 
10 12 6 11 4 10 3 9 12 
9 11 3 10 2 9 1 8 12 
11 12 5 11 3 10 2 9 12 
10 11 4 10 3 9 2 8 12 
9 11 4 10 2 9 1 8 12 
11 12 7 11 5 10 3 9 12 
12 15 11 14 10 13 8 12 12 
11 12 7 11 6 10 5 9 12 
9 11 4 10 2 9 1 8 12 
10 13 4 12 1 11 0 10 12 
9 11 4 10 2 9 1 8 12 
10 12 4 11 2 10 1 9 12 
10 13 7 12 5 11 4 10 12 
SCORES_TXT_END_0
SCORES_TXT_BEGIN_0 113 100 9 BLEU
5 5 4 4 3 3 2 2 5 
4 9 3 8 2 7 1 6 5 
4 9 3 8 2 7 1 6 5 
4 5 3 4 2 3 1 2 5 
5 7 3 6 2 5 1 4 5 
4 7 3 6 2 5 1 4 5 
4 8 3 7 2 6 1 5 5 
4 8 3 7 2 6 1 5 5 
5 6 3 5 2 4 1 3 5 
4 5 2 4 0 3 0 2 5 
4 6 3 5 2 4 1 3 5 
5 5 1 4 0 3 0 2 5 
4 5 1 4 0 3 0 2 5 
3 5 1 4 0 3 0 2 5 
3 5 1 4 0 3 0 2 5 
3 7 1 6 0 5 0 4 5 
4 5 1 4 0 3 0 2 5 
4 7 1 6 0 5 0 4 5 
3 9 1 8 0 7 0 6 5 
3 9 1 8 0 7 0 6 5 
5 5 2 4 0 3 0 2 5 
3 9 1 8 0 7 0 6 5 
3 9 1 8 0 7 0 6 5 
5 5 2 4 1 3 0 2 5 
5 5 2 4 0 3 0 2 5 
4 7 1 6 0 5 0 4 5 
5 5 3 4 2 3 1 2 5 
4 7 1 6 0 5 0 4 5 
3 7 1 6 0 5 0 4 5 
4 9 1 8 0 7 0 6 5 
4 9 1 8 0 7 0 6 5 
3 8 1 7 0 6 0 5 5 
5 7 1 6 0 5 0 4 5 
4 8 1 7 0 6 0 5 5 
5 5 2 4 1 3 0 2 5 
4 8 1 7 0 6 0 5 5 
3 8 1 7 0 6 0 5 5 
4 5 3 4 2 3 1 2 5 
4 5 2 4 1 3 0 2 5 
4 5 2 4 0 3 0 2 5 
4 5 1 4 0 3 0 2 5 
5 5 1 4 0 3 0 2 5 
4 5 1 4 0 3 0 2 5 
4 5 2 4 1 3 0 2 5 
4 6 1 5 0 4 0 3 5 
4 7 2 6 1 5 0 4 5 
4 5 2 4 0 3 0 2 5 
3 8 1 7 0 6 0 5 5 
3 8 1 7 0 6 0 5 5 
4 5 1 4 0 3 0 2 5 
4 7 2 6 0 5 0 4 5 
5 6 1 5 0 4 0 3 5 
4 5 1 4 0 3 0 2 5 
3 5 1 4 0 3 0 2 5 
4 6 1 5 0 4 0 3 5 
3 6 1 5 0 4 0 3 5 
5 6 3 5 2 4 1 3 5 
3 7 1 6 0 5 0 4 5 
4 5 2 4 0 3 0 2 5 
4 5 1 4 0 3 0 2 5 
3 5 1 4 0 3 0 2 5 
3 6 1 5 0 4 0 3 5 
4 9 2 8 1 7 0 6 5 
4 9 2 8 1 7 0 6 5 
4 9 1 8 0 7 0 6 5 
4 6 1 5 0 4 0 3 5 
4 9 1 8 0 7 0 6 5 
3 9 1 8 0 7 0 6 5 
5 7 2 6 1 5 0 4 5 
4 8 2 7 1 6 0 5 5 
4 8 2 7 1 6 0 5 5 
4 7 1 6 0 5 0 4 5 
3 7 1 6 0 5 0 4 5 
5 5 2 4 0 3 0 2 5 
3 9 1 8 0 7 0 6 5 
4 5 1 4 0 3 0 2 5 
4 9 2 8 0 7 0 6 5 
4 5 1 4 0 3 0 2 5 
3 5 1 4 0 3 0 2 5 
4 9 2 8 0 7 0 6 5 
5 7 3 6 2 5 1 4 5 
5 7 1 6 0 5 0 4 5 
5 7 2 6 0 5 0 4 5 
4 8 2 7 0 6 0 5 5 
4 8 2 7 0 6 0 5 5 
3 5 1 4 0 3 0 2 5 
5 5 2 4 0 3 0 2 5 
5 5 3 4 1 3 0 2 5 
5 5 1 4 0 3 0 2 5 
4 5 1 4 0 3 0 2 5 
4 6 2 5 1 4 0 3 5 
3 5 1 4 0 3 0 2 5 
4 7 1 6 0 5 0 4 5 
4 7 3 6 2 5 1 4 5 
5 7 2 6 1 5 0 4 5 
4 5 1 4 0 3 0 2 5 
4 8 1 7 0 6 0 5 5 
4 8 1 7 0 6 0 5 5 
3 5 1 4 0 3 0 2 5 
4 7 1 6 0 5 0 4 5 
SCORES_TXT_END_0
SCORES_TXT_BEGIN_0 114 100 9 BLEU
12 12 11 11 10 10 9 9 12 
11 13 9 12 8 11 7 10 12 
12 13 10 12 8 11 6 10 12 
12 12 8 11 6 10 5 9 12 
11 14 8 13 6 12 4 11 12 
12 13 10 12 8 11 6 10 12 
11 13 6 12 4 11 3 10 12 
11 12 7 11 6 10 5 9 12 
11 14 10 13 9 12 8 11 12 
11 12 10 11 9 10 8 9 12 
11 12 9 11 8 10 7 9 12 
12 13 11 12 9 11 7 10 12 
11 14 8 13 6 12 4 11 12 
10 13 5 12 4 11 3 10 12 
11 12 8 11 6 10 5 9 12 
12 14 10 13 8 12 6 11 12 
11 13 7 12 6 11 5 10 12 
10 15 8 14 7 13 6 12 12 
12 13 10 12 8 11 6 10 12 
10 13 8 12 7 11 6 10 12 
10 12 7 11 6 10 5 9 12 
11 15 9 14 7 13 5 12 12 
10 13 7 12 6 11 5 10 12 
11 14 9 13 7 12 5 11 12 
11 13 9 12 7 11 5 10 12 
11 12 7 11 6 10 5 9 12 
10 14 7 13 6 12 5 11 12 
11 15 8 14 6 13 4 12 12 
12 13 8 12 6 11 5 10 12 
10 14 5 13 4 12 3 11 12 
12 12 8 11 6 10 5 9 12 
10 12 9 11 8 10 7 9 12 
10 13 6 12 4 11 3 10 12 
11 14 8 13 6 12 4 11 12 
11 16 7 15 6 14 5 13 12 
9 13 5 12 4 11 3 10 12 
10 14 9 13 8 12 7 11 12 
10 16 7 15 5 14 3 13 12 
12 14 10 13 9 12 8 11 12 
10 16 7 15 6 14 5 13 12 
10 16 7 15 6 14 5 13 12 
12 13 8 12 6 11 5 10 12 
12 13 9 12 6 11 5 10 12 
10 13 7 12 6 11 5 10 12 
11 13 8 12 6 11 5 10 12 
10 14 7 13 5 12 3 11 12 
11 16 8 15 6 14 5 13 12 
10 13 5 12 4 11 3 10 12 
12 12 8 11 6 10 4 9 12 
9 15 5 14 4 13 3 12 12 
11 16 8 15 6 14 5 13 12 
11 16 9 15 8 14 7 13 12 
12 13 10 12 9 11 8 10 12 
10 15 7 14 6 13 5 12 12 
11 15 9 14 7 13 5 12 12 
11 16 10 15 9 14 8 13 12 
11 16 10 15 9 14 8 13 12 
10 12 9 11 8 10 7 9 12 
11 13 7 12 6 11 5 10 12 
11 14 6 13 4 12 3 11 12 
12 13 10 12 9 11 8 10 12 
11 13 9 12 7 11 5 10 12 
11 13 6 12 4 11 3 10 12 
9 13 7 12 6 11 5 10 12 
11 15 10 14 9 13 8 12 12 
11 15 10 14 9 13 8 12 12 
10 16 9 15 8 14 7 13 12 
12 14 8 13 6 12 5 11 12 
10 16 9 15 8 14 7 13 12 
12 13 8 12 6 11 5 10 12 
10 17 5 16 4 15 3 14 12 
9 15 7 14 6 13 5 12 12 
12 13 8 12 6 11 5 10 12 
11 15 8 14 7 13 6 12 12 
11 17 7 16 6 15 5 14 12 
9 17 5 16 4 15 3 14 12 
9 17 5 16 4 15 3 14 12 
11 14 7 13 4 12 3 11 12 
11 14 6 13 4 12 3 11 12 
9 14 5 13 4 12 3 11 12 
10 14 6 13 4 12 3 11 12 
10 17 7 16 6 15 5 14 12 
10 17 7 16 6 15 5 14 12 
10 17 7 16 6 15 5 14 12 
12 13 10 12 8 11 6 10 12 
11 14 8 13 7 12 6 11 12 
11 15 10 14 8 13 7 12 12 
12 15 9 14 7 13 5 12 12 
12 13 8 12 6 11 5 10 12 
12 13 7 12 6 11 5 10 12 
10 16 7 15 5 14 3 13 12 
10 17 8 16 7 15 6 14 12 
11 14 8 13 6 12 5 11 12 
9 16 5 15 4 14 3 13 12 
10 17 8 16 7 15 6 14 12 
10 17 6 16 4 15 3 14 12 
11 13 10 12 8 11 7 10 12 
12 13 10 12 8 11 6 10 12 
10 12 7 11 6 10 5 9 12 
10 14 5 13 4 12 3 11 12 
SCORES_TXT_END_0
SCORES_TXT_BEGIN_0 115 33 9 BLEU
15 15 14 14 13 13 12 12 15 
13 15 10 14 7 13 4 12 15 
14 14 12 13 10 12 8 11 15 
15 16 14 15 12 14 10 13 15 
14 15 12 14 10 13 8 12 15 
14 15 13 14 12 13 11 12 15 
14 15 12 14 11 13 10 12 15 
14 15 12 14 10 13 8 12 15 
14 16 12 15 10 14 8 13 15 
14 14 12 13 10 12 8 11 15 
14 15 12 14 10 13 8 12 15 
14 16 12 15 10 14 8 13 15 
14 15 12 14 10 13 8 12 15 
14 15 12 14 10 13 8 12 15 
15 16 13 15 11 14 9 13 15 
12 15 10 14 9 13 8 12 15 
14 19 13 18 12 17 11 16 15 
14 19 13 18 12 17 11 16 15 
14 14 12 13 10 12 9 11 15 
14 15 10 14 7 13 5 12 15 
14 17 12 16 10 15 8 14 15 
14 15 11 14 8 13 5 12 15 
13 16 10 15 7 14 4 13 15 
15 17 13 16 12 15 11 14 15 
13 15 11 14 9 13 7 12 15 
14 15 12 14 10 13 8 12 15 
14 15 12 14 10 13 8 12 15 
14 15 10 14 7 13 4 12 15 
13 15 12 14 11 13 10 12 15 
15 16 13 15 11 14 9 13 15 
14 15 12 14 10 13 8 12 15 
13 14 11 13 9 12 8 11 15 
14 15 12 14 10 13 8 12 15 
SCORES_TXT_END_0
SCORES_TXT_BEGIN_0 116 12 9 BLEU
12 12 11 11 10 10 9 9 12 
10 10 8 9 7 8 6 7 12 
11 12 9 11 7 10 6 9 12 
12 13 10 12 8 11 6 10 12 
9 10 6 9 4 8 3 7 12 
12 13 11 12 9 11 7 10 12 
10 11 7 10 5 9 3 8 12 
11 12 9 11 7 10 6 9 12 
11 13 8 12 5 11 3 10 12 
12 13 10 12 8 11 6 10 12 
10 11 8 10 7 9 6 8 12 
11 12 9 11 7 10 6 9 12 
SCORES_TXT_END_0
SCORES_TXT_BEGIN_0 117 18 9 BLEU
11 11 10 10 9 9 8 8 11 
10 11 8 10 6 9 5 8 11 
9 9 7 8 6 7 5 6 11 
10 11 8 10 6 9 4 8 11 
10 11 8 10 6 9 4 8 11 
10 11 7 10 5 9 3 8 11 
8 9 5 8 3 7 2 6 11 
9 11 6 10 3 9 1 8 11 
8 9 5 8 4 7 3 6 11 
11 12 9 11 7 10 5 9 11 
9 11 6 10 3 9 1 8 11 
10 11 8 10 6 9 4 8 11 
8 9 5 8 4 7 3 6 11 
10 12 8 11 6 10 4 9 11 
9 11 5 10 2 9 0 8 11 
11 11 6 10 3 9 1 8 11 
10 11 8 10 6 9 5 8 11 
11 12 9 11 7 10 5 9 11 
SCORES_TXT_END_0
SCORES_TXT_BEGIN_0 118 44 9 BLEU
10 10 9 9 8 8 7 7 10 
9 10 7 9 5 8 3 7 10 
8 8 6 7 4 6 2 5 10 
9 10 8 9 7 8 6 7 10 
8 10 6 9 4 8 3 7 10 
7 8 5 7 3 6 2 5 10 
5 6 4 5 3 4 2 3 10 
7 8 4 7 2 6 0 5 10 
9 10 7 9 5 8 3 7 10 
8 10 5 9 2 8 0 7 10 
6 8 3 7 1 6 0 5 10 
9 10 7 9 5 8 3 7 10 
9 12 7 11 6 10 5 9 10 
8 10 6 9 4 8 2 7 10 
8 10 5 9 2 8 0 7 10 
7 10 4 9 1 8 0 7 10 
10 12 8 11 7 10 6 9 10 
7 8 4 7 2 6 0 5 10 
8 10 6 9 4 8 2 7 10 
7 10 4 9 1 8 0 7 10 
9 12 6 11 4 10 2 9 10 
6 8 3 7 1 6 0 5 10 
9 9 7 8 5 7 3 6 10 
8 10 5 9 3 8 1 7 10 
8 9 6 8 4 7 3 6 10 
4 6 2 5 1 4 0 3 10 
6 7 5 6 4 5 3 4 10 
7 8 6 7 5 6 4 5 10 
8 12 5 11 3 10 2 9 10 
4 6 2 5 1 4 0 3 10 
7 10 4 9 2 8 1 7 10 
6 8 5 7 4 6 3 5 10 
8 9 5 8 3 7 2 6 10 
6 7 4 6 3 5 2 4 10 
9 12 7 11 5 10 3 9 10 
10 12 9 11 8 10 6 9 10 
9 11 7 10 6 9 5 8 10 
10 11 9 10 7 9 5 8 10 
10 11 8 10 7 9 6 8 10 
8 9 5 8 3 7 2 6 10 
9 11 7 10 5 9 3 8 10 
10 11 8 10 7 9 6 8 10 
9 11 6 10 4 9 3 8 10 
5 8 3 7 2 6 1 5 10 
SCORES_TXT_END_0
SCORES_TXT_BEGIN_0 119 100 9 BLEU
9 9 8 8 7 7 6 6 9 
9 10 7 9 6 8 5 7 9 
9 10 7 9 6 8 5 7 9 
9 11 7 10 6 9 5 8 9 
9 12 7 11 6 10 5 9 9 
9 13 7 12 6 11 5 10 9 
9 13 7 12 6 11 5 10 9 
9 14 7 13 6 12 5 11 9 
9 14 7 13 6 12 5 11 9 
8 9 7 8 6 7 5 6 9 
9 11 7 10 6 9 5 8 9 
8 8 6 7 5 6 4 5 9 
9 10 7 9 5 8 3 7 9 
8 9 5 8 4 7 3 6 9 
9 12 7 11 6 10 5 9 9 
9 12 7 11 6 10 5 9 9 
8 10 7 9 6 8 5 7 9 
9 10 7 9 6 8 5 7 9 
8 9 5 8 4 7 3 6 9 
9 10 7 9 6 8 5 7 9 
9 11 7 10 6 9 5 8 9 
9 12 6 11 4 10 3 9 9 
9 11 6 10 4 9 3 8 9 
9 11 6 10 4 9 3 8 9 
9 13 7 12 6 11 5 10 9 
8 10 5 9 4 8 3 7 9 
9 13 7 12 6 11 5 10 9 
9 10 8 9 7 8 6 7 9 
9 10 8 9 7 8 6 7 9 
9 12 7 11 6 10 5 9 9 
9 10 8 9 6 8 5 7 9 
9 11 7 10 6 9 5 8 9 
8 10 7 9 6 8 5 7 9 
9 11 7 10 6 9 5 8 9 
9 9 6 8 5 7 4 6 9 
8 10 7 9 6 8 5 7 9 
9 13 6 12 4 11 3 10 9 
8 9 6 8 4 7 2 6 9 
9 10 7 9 5 8 3 7 9 
9 11 7 10 6 9 5 8 9 
9 9 5 8 3 7 2 6 9 
8 11 5 10 4 9 3 8 9 
8 9 5 8 4 7 3 6 9 
8 10 5 9 3 8 2 7 9 
8 12 5 11 4 10 3 9 9 
9 11 7 10 6 9 5 8 9 
9 10 7 9 5 8 3 7 9 
8 12 5 11 4 10 3 9 9 
8 9 6 8 5 7 4 6 9 
9 11 7 10 6 9 5 8 9 
9 11 7 10 5 9 4 8 9 
9 11 6 10 4 9 2 8 9 
9 11 7 10 6 9 5 8 9 
9 10 7 9 5 8 3 7 9 
9 11 6 10 4 9 2 8 9 
9 12 7 11 6 10 5 9 9 
9 9 5 8 4 7 3 6 9 
9 11 4 10 3 9 2 8 9 
9 14 6 13 4 12 3 11 9 
9 14 6 13 4 12 3 11 9 
9 11 7 10 5 9 4 8 9 
9 11 6 10 4 9 3 8 9 
9 10 6 9 5 8 4 7 9 
9 10 5 9 4 8 3 7 9 
9 10 4 9 3 8 2 7 9 
8 11 7 10 6 9 5 8 9 
9 12 7 11 6 10 5 9 9 
9 11 6 10 4 9 2 8 9 
9 11 7 10 6 9 5 8 9 
8 10 5 9 3 8 2 7 9 
8 10 5 9 4 8 3 7 9 
8 11 7 10 6 9 5 8 9 
9 10 7 9 5 8 3 7 9 
9 12 7 11 5 10 4 9 9 
9 11 6 10 5 9 4 8 9 
9 11 6 10 4 9 2 8 9 
9 14 7 13 6 12 5 11 9 
9 14 7 13 6 12 5 11 9 
9 10 7 9 5 8 4 7 9 
9 12 6 11 4 10 2 9 9 
9 11 6 10 4 9 3 8 9 
9 9 6 8 4 7 2 6 9 
8 11 5 10 3 9 2 8 9 
8 10 5 9 4 8 3 7 9 
8 9 6 8 5 7 4 6 9 
9 10 7 9 5 8 3 7 9 
9 13 7 12 6 11 5 10 9 
9 13 7 12 6 11 5 10 9 
9 11 6 10 4 9 2 8 9 
9 12 6 11 4 10 2 9 9 
9 13 7 12 6 11 5 10 9 
9 11 6 10 4 9 3 8 9 
8 13 5 12 4 11 3 10 9 
9 11 7 10 5 9 3 8 9 
8 13 5 12 4 11 3 10 9 
9 12 6 11 4 10 3 9 9 
9 10 5 9 3 8 1 7 9 
9 10 7 9 5 8 3 7 9 
8 9 6 8 5 7 4 6 9 
9 14 7 13 6 12 5 11 9 
SCORES_TXT_END_0
SCORES_TXT_BEGIN_0 120 100 9 BLEU
9 9 8 8 7 7 6 6 9 
8 9 7 8 6 7 5 6 9 
8 11 7 10 6 9 5 8 9 
9 11 7 10 6 9 5 8 9 
8 8 6 7 4 6 2 5 9 
9 10 7 9 6 8 5 7 9 
7 8 5 7 3 6 1 5 9 
8 9 6 8 4 7 3 6 9 
7 10 5 9 3 8 1 7 9 
8 9 6 8 4 7 3 6 9 
7 9 5 8 4 7 3 6 9 
9 10 7 9 5 8 4 7 9 
7 9 5 8 4 7 3 6 9 
8 13 7 12 6 11 5 10 9 
8 13 7 12 6 11 5 10 9 
7 11 5 10 4 9 3 8 9 
8 10 7 9 6 8 5 7 9 
7 11 5 10 4 9 3 8 9 
8 12 7 11 6 10 5 9 9 
8 12 7 11 6 10 5 9 9 
8 12 7 11 6 10 5 9 9 
8 10 6 9 4 8 3 7 9 
8 10 5 9 3 8 1 7 9 
8 12 6 11 4 10 3 9 9 
8 9 6 8 4 7 3 6 9 
8 10 7 9 6 8 5 7 9 
8 10 7 9 6 8 5 7 9 
8 11 5 10 4 9 3 8 9 
8 12 7 11 6 10 5 9 9 
8 11 5 10 4 9 3 8 9 
9 10 7 9 6 8 5 7 9 
8 14 7 13 6 12 5 11 9 
8 14 7 13 6 12 5 11 9 
8 9 5 8 3 7 2 6 9 
9 12 7 11 6 10 5 9 9 
8 13 7 12 6 11 5 10 9 
8 13 7 12 6 11 5 10 9 
8 9 5 8 4 7 3 6 9 
7 9 5 8 4 7 3 6 9 
7 11 5 10 4 9 3 8 9 
9 12 6 11 4 10 3 9 9 
8 9 5 8 3 7 1 6 9 
9 9 5 8 4 7 3 6 9 
8 9 6 8 4 7 3 6 9 
9 10 7 9 6 8 5 7 9 
8 11 7 10 6 9 5 8 9 
7 9 4 8 2 7 1 6 9 
9 9 5 8 3 7 2 6 9 
7 8 4 7 1 6 0 5 9 
8 8 4 7 2 6 0 5 9 
8 10 5 9 4 8 3 7 9 
7 11 4 10 2 9 1 8 9 
7 8 4 7 1 6 0 5 9 
9 9 5 8 3 7 2 6 9 
9 12 7 11 6 10 5 9 9 
9 11 7 10 6 9 5 8 9 
9 9 6 8 4 7 3 6 9 
6 8 3 7 1 6 0 5 9 
7 9 5 8 4 7 3 6 9 
9 9 6 8 4 7 2 6 9 
7 9 5 8 4 7 3 6 9 
6 8 3 7 1 6 0 5 9 
8 9 5 8 3 7 2 6 9 
8 8 4 7 2 6 1 5 9 
7 12 5 11 3 10 1 9 9 
7 12 5 11 3 10 1 9 9 
9 9 5 8 3 7 2 6 9 
6 10 3 9 1 8 0 7 9 
7 11 5 10 4 9 3 8 9 
9 9 6 8 5 7 4 6 9 
7 11 5 10 4 9 3 8 9 
7 9 5 8 3 7 1 6 9 
8 8 5 7 3 6 1 5 9 
6 10 3 9 1 8 0 7 9 
8 14 7 13 6 12 5 11 9 
8 9 5 8 4 7 3 6 9 
8 11 5 10 4 9 3 8 9 
8 14 7 13 6 12 5 11 9 
7 13 5 12 4 11 3 10 9 
7 13 5 12 4 11 3 10 9 
8 9 5 8 3 7 2 6 9 
7 13 5 12 4 11 3 10 9 
7 13 5 12 4 11 3 10 9 
8 9 4 8 3 7 2 6 9 
7 11 5 10 3 9 1 8 9 
7 11 5 10 3 9 1 8 9 
7 10 5 9 4 8 3 7 9 
7 11 5 10 3 9 1 8 9 
8 10 5 9 4 8 3 7 9 
9 9 4 8 3 7 2 6 9 
9 11 6 10 4 9 3 8 9 
9 10 6 9 4 8 3 7 9 
8 11 5 10 4 9 3 8 9 
8 9 5 8 4 7 3 6 9 
7 13 5 12 4 11 3 10 9 
7 13 5 12 4 11 3 10 9 
9 9 5 8 2 7 0 6 9 
7 8 4 7 2 6 0 5 9 
8 9 4 8 3 7 2 6 9 
8 11 5 10 3 9 2 8 9 
SCORES_TXT_END_0
SCORES_TXT_BEGIN_0 121 100 9 BLEU
7 7 6 6 5 5 4 4 7 
7 8 5 7 4 6 3 5 7 
7 9 5 8 4 7 3 6 7 
7 11 5 10 4 9 3 8 7 
7 11 5 10 4 9 3 8 7 
6 8 3 7 1 6 0 5 7 
7 8 3 7 1 6 0 5 7 
5 8 2 7 1 6 0 5 7 
5 8 2 7 1 6 0 5 7 
6 10 3 9 1 8 0 7 7 
6 8 2 7 1 6 0 5 7 
6 8 2 7 1 6 0 5 7 
5 8 2 7 1 6 0 5 7 
6 7 5 6 4 5 3 4 7 
7 10 3 9 1 8 0 7 7 
6 8 2 7 1 6 0 5 7 
6 9 3 8 1 7 0 6 7 
5 7 2 6 1 5 0 4 7 
5 9 2 8 1 7 0 6 7 
7 8 5 7 4 6 3 5 7 
7 10 5 9 4 8 3 7 7 
7 9 3 8 1 7 0 6 7 
5 10 2 9 1 8 0 7 7 
6 9 2 8 1 7 0 6 7 
5 8 2 7 1 6 0 5 7 
5 10 2 9 1 8 0 7 7 
5 8 2 7 1 6 0 5 7 
6 10 2 9 1 8 0 7 7 
7 8 4 7 2 6 1 5 7 
7 10 5 9 4 8 3 7 7 
6 8 2 7 1 6 0 5 7 
5 9 2 8 1 7 0 6 7 
5 9 2 8 1 7 0 6 7 
6 6 4 5 2 4 0 3 7 
6 10 2 9 1 8 0 7 7 
5 10 2 9 1 8 0 7 7 
6 9 3 8 1 7 0 6 7 
6 8 2 7 1 6 0 5 7 
6 7 2 6 1 5 0 4 7 
5 9 4 8 3 7 2 6 7 
6 11 3 10 1 9 0 8 7 
6 8 2 7 1 6 0 5 7 
6 7 4 6 3 5 2 4 7 
5 9 2 8 1 7 0 6 7 
5 5 3 4 1 3 0 2 7 
6 10 2 9 1 8 0 7 7 
7 9 3 8 1 7 0 6 7 
7 9 5 8 3 7 1 6 7 
6 7 3 6 1 5 0 4 7 
5 12 2 11 1 10 0 9 7 
6 8 4 7 2 6 1 5 7 
5 12 2 11 1 10 0 9 7 
5 8 2 7 1 6 0 5 7 
5 9 2 8 1 7 0 6 7 
5 10 3 9 2 8 1 7 7 
7 8 2 7 1 6 0 5 7 
5 8 3 7 1 6 0 5 7 
5 7 1 6 0 5 0 4 7 
6 8 3 7 2 6 1 5 7 
6 7 1 6 0 5 0 4 7 
6 9 2 8 1 7 0 6 7 
6 9 2 8 1 7 0 6 7 
5 5 2 4 1 3 0 2 7 
6 9 5 8 4 7 3 6 7 
6 12 2 11 1 10 0 9 7 
6 12 2 11 1 10 0 9 7 
7 10 3 9 1 8 0 7 7 
7 9 3 8 1 7 0 6 7 
5 10 2 9 1 8 0 7 7 
5 5 1 4 0 3 0 2 7 
7 11 3 10 1 9 0 8 7 
6 6 4 5 2 4 1 3 7 
6 8 5 7 4 6 3 5 7 
5 7 2 6 0 5 0 4 7 
6 8 3 7 1 6 0 5 7 
7 9 5 8 4 7 3 6 7 
5 8 2 7 1 6 0 5 7 
6 10 2 9 1 8 0 7 7 
5 9 2 8 0 7 0 6 7 
6 9 2 8 1 7 0 6 7 
6 9 5 8 3 7 1 6 7 
6 8 5 7 4 6 3 5 7 
5 9 2 8 1 7 0 6 7 
6 9 4 8 3 7 2 6 7 
5 9 2 8 1 7 0 6 7 
5 10 2 9 1 8 0 7 7 
5 9 2 8 1 7 0 6 7 
7 8 5 7 4 6 3 5 7 
5 11 3 10 2 9 1 8 7 
6 10 4 9 3 8 2 7 7 
6 10 2 9 1 8 0 7 7 
5 10 2 9 1 8 0 7 7 
6 9 3 8 1 7 0 6 7 
6 6 3 5 1 4 0 3 7 
6 9 3 8 2 7 1 6 7 
5 5 1 4 0 3 0 2 7 
5 9 2 8 1 7 0 6 7 
6 9 4 8 2 7 0 6 7 
5 6 2 5 1 4 0 3 7 
4 8 2 7 1 6 0 5 7 
SCORES_TXT_END_0
SCORES_TXT_BEGIN_0 122 6 9 BLEU
15 16 13 15 12 14 11 13 15 
15 15 14 14 13 13 12 12 15 
15 17 13 16 12 15 11 14 15 
15 19 13 18 12 17 11 16 15 
15 19 13 18 12 17 11 16 15 
14 16 11 15 9 14 8 13 15 
SCORES_TXT_END_0
SCORES_TXT_BEGIN_0 123 100 9 BLEU
10 10 9 9 8 8 7 7 10 
8 9 6 8 4 7 2 6 10 
8 8 6 7 4 6 3 5 10 
9 10 7 9 5 8 3 7 10 
6 7 4 6 2 5 1 4 10 
9 9 7 8 5 7 3 6 10 
7 8 5 7 3 6 2 5 10 
7 7 4 6 2 5 1 4 10 
6 7 3 6 2 5 1 4 10 
10 11 9 10 7 9 5 8 10 
5 7 3 6 2 5 1 4 10 
6 8 4 7 2 6 1 5 10 
8 10 6 9 4 8 2 7 10 
8 8 4 7 1 6 0 5 10 
9 9 6 8 3 7 2 6 10 
5 9 3 8 2 7 1 6 10 
7 7 3 6 2 5 1 4 10 
9 10 5 9 3 8 1 7 10 
7 9 5 8 3 7 2 6 10 
9 11 7 10 5 9 3 8 10 
7 8 5 7 4 6 3 5 10 
6 11 3 10 2 9 1 8 10 
5 11 3 10 2 9 1 8 10 
6 7 3 6 1 5 0 4 10 
10 10 6 9 3 8 1 7 10 
5 11 3 10 2 9 1 8 10 
5 7 3 6 2 5 1 4 10 
8 8 4 7 2 6 1 5 10 
7 8 3 7 1 6 0 5 10 
6 7 3 6 0 5 0 4 10 
6 9 4 8 2 7 1 6 10 
8 11 6 10 4 9 2 8 10 
9 9 7 8 5 7 4 6 10 
8 9 5 8 3 7 1 6 10 
6 7 4 6 2 5 1 4 10 
10 10 6 9 4 8 2 7 10 
7 7 3 6 1 5 0 4 10 
6 8 4 7 3 6 2 5 10 
7 8 3 7 1 6 0 5 10 
6 11 4 10 2 9 1 8 10 
7 12 5 11 4 10 3 9 10 
8 13 6 12 4 11 2 10 10 
6 9 3 8 2 7 1 6 10 
7 10 5 9 3 8 2 7 10 
7 12 5 11 4 10 3 9 10 
9 12 7 11 5 10 3 9 10 
6 9 4 8 2 7 1 6 10 
6 7 3 6 2 5 1 4 10 
6 9 3 8 2 7 1 6 10 
8 11 6 10 4 9 2 8 10 
6 7 3 6 2 5 1 4 10 
8 8 3 7 1 6 0 5 10 
8 9 5 8 3 7 1 6 10 
9 9 6 8 2 7 1 6 10 
7 10 4 9 2 8 1 7 10 
9 10 7 9 6 8 5 7 10 
7 7 3 6 0 5 0 4 10 
9 10 8 9 7 8 6 7 10 
6 8 4 7 2 6 1 5 10 
8 10 5 9 4 8 3 7 10 
7 12 5 11 3 10 2 9 10 
7 8 5 7 3 6 2 5 10 
9 9 5 8 3 7 1 6 10 
7 9 4 8 2 7 1 6 10 
7 7 4 6 2 5 1 4 10 
9 14 7 13 5 12 3 11 10 
7 9 5 8 3 7 1 6 10 
8 9 4 8 2 7 1 6 10 
7 10 5 9 3 8 2 7 10 
6 8 3 7 2 6 1 5 10 
9 10 5 9 3 8 1 7 10 
5 11 3 10 2 9 1 8 10 
9 12 7 11 5 10 3 9 10 
5 11 3 10 2 9 1 8 10 
7 8 4 7 2 6 1 5 10 
6 10 4 9 2 8 1 7 10 
8 12 6 11 4 10 2 9 10 
9 10 6 9 4 8 2 7 10 
10 10 7 9 3 8 2 7 10 
10 11 8 10 6 9 4 8 10 
7 10 5 9 4 8 3 7 10 
8 8 5 7 2 6 1 5 10 
7 9 5 8 3 7 2 6 10 
7 8 4 7 2 6 1 5 10 
7 11 5 10 4 9 3 8 10 
8 9 5 8 2 7 1 6 10 
6 9 3 8 2 7 1 6 10 
8 10 5 9 3 8 2 7 10 
8 10 6 9 4 8 2 7 10 
7 11 5 10 4 9 3 8 10 
7 7 3 6 0 5 0 4 10 
6 12 4 11 3 10 2 9 10 
8 8 4 7 0 6 0 5 10 
9 9 7 8 5 7 4 6 10 
6 12 4 11 3 10 2 9 10 
7 8 6 7 4 6 2 5 10 
7 8 4 7 2 6 1 5 10 
6 8 3 7 2 6 1 5 10 
8 9 6 8 4 7 2 6 10 
7 11 5 10 3 9 2 8 10 
SCORES_TXT_END_0
SCORES_TXT_BEGIN_0 124 100 9 BLEU
5 9 3 8 1 7 0 6 8 
5 9 3 8 1 7 0 6 8 
6 8 3 7 1 6 0 5 8 
7 8 5 7 3 6 1 5 8 
4 9 2 8 0 7 0 6 8 
4 9 2 8 0 7 0 6 8 
6 9 5 8 4 7 3 6 8 
6 9 5 8 4 7 3 6 8 
6 8 3 7 1 6 0 5 8 
5 8 3 7 1 6 0 5 8 
6 8 4 7 2 6 1 5 8 
5 8 2 7 0 6 0 5 8 
8 8 7 7 6 6 5 5 8 
7 8 5 7 4 6 3 5 8 
5 9 4 8 3 7 2 6 8 
5 9 4 8 3 7 2 6 8 
5 8 2 7 0 6 0 5 8 
7 8 6 7 5 6 4 5 8 
4 8 2 7 0 6 0 5 8 
7 8 5 7 4 6 3 5 8 
6 8 4 7 3 6 2 5 8 
6 8 5 7 4 6 3 5 8 
6 9 4 8 2 7 0 6 8 
5 8 3 7 1 6 0 5 8 
6 10 4 9 2 8 1 7 8 
6 8 4 7 3 6 2 5 8 
5 9 3 8 1 7 0 6 8 
5 9 3 8 1 7 0 6 8 
5 8 4 7 3 6 2 5 8 
5 10 3 9 1 8 0 7 8 
5 10 3 9 1 8 0 7 8 
7 9 4 8 2 7 1 6 8 
5 9 3 8 1 7 0 6 8 
6 8 4 7 2 6 0 5 8 
7 9 6 8 5 7 4 6 8 
7 8 5 7 3 6 1 5 8 
7 9 5 8 3 7 1 6 8 
6 8 3 7 1 6 0 5 8 
5 10 3 9 1 8 0 7 8 
4 8 2 7 0 6 0 5 8 
6 9 3 8 1 7 0 6 8 
5 10 3 9 1 8 0 7 8 
6 10 4 9 2 8 1 7 8 
6 8 5 7 4 6 3 5 8 
6 10 4 9 2 8 1 7 8 
6 10 4 9 2 8 1 7 8 
4 9 2 8 0 7 0 6 8 
4 9 2 8 0 7 0 6 8 
6 9 3 8 1 7 0 6 8 
5 8 3 7 1 6 0 5 8 
6 9 5 8 4 7 3 6 8 
8 9 6 8 4 7 2 6 8 
6 9 3 8 1 7 0 6 8 
7 8 6 7 5 6 4 5 8 
4 10 2 9 0 8 0 7 8 
4 10 2 9 0 8 0 7 8 
6 8 3 7 1 6 0 5 8 
6 9 3 8 1 7 0 6 8 
5 8 3 7 1 6 0 5 8 
6 8 4 7 2 6 1 5 8 
7 9 4 8 2 7 1 6 8 
6 9 4 8 2 7 1 6 8 
4 13 2 12 0 11 0 10 8 
4 13 2 12 0 11 0 10 8 
5 10 3 9 1 8 0 7 8 
4 13 2 12 0 11 0 10 8 
6 9 3 8 1 7 0 6 8 
5 8 2 7 0 6 0 5 8 
4 10 2 9 0 8 0 7 8 
4 13 2 12 0 11 0 10 8 
5 8 4 7 3 6 2 5 8 
5 9 3 8 1 7 0 6 8 
5 10 3 9 1 8 0 7 8 
5 9 2 8 0 7 0 6 8 
8 9 6 8 4 7 2 6 8 
7 9 5 8 4 7 3 6 8 
5 11 2 10 0 9 0 8 8 
6 8 5 7 4 6 3 5 8 
5 10 3 9 1 8 0 7 8 
5 11 2 10 0 9 0 8 8 
5 10 3 9 1 8 0 7 8 
5 10 3 9 1 8 0 7 8 
5 9 2 8 0 7 0 6 8 
6 10 5 9 3 8 1 7 8 
6 10 5 9 3 8 1 7 8 
6 12 4 11 2 10 1 9 8 
5 12 2 11 0 10 0 9 8 
6 12 4 11 2 10 1 9 8 
5 12 2 11 0 10 0 9 8 
5 9 2 8 0 7 0 6 8 
7 9 4 8 2 7 1 6 8 
5 8 3 7 1 6 0 5 8 
5 8 3 7 1 6 0 5 8 
6 9 4 8 2 7 1 6 8 
7 9 4 8 2 7 1 6 8 
7 9 5 8 3 7 1 6 8 
6 9 4 8 2 7 1 6 8 
5 9 3 8 1 7 0 6 8 
5 8 2 7 0 6 0 5 8 
4 11 2 10 0 9 0 8 8 
SCORES_TXT_END_0
SCORES_TXT_BEGIN_0 125 96 9 BLEU
8 8 7 7 6 6 5 5 8 
7 12 6 11 5 10 4 9 8 
7 12 6 11 5 10 4 9 8 
8 12 6 11 5 10 4 9 8 
8 12 6 11 5 10 4 9 8 
8 10 6 9 5 8 4 7 8 
7 10 6 9 5 8 4 7 8 
7 8 6 7 5 6 4 5 8 
8 9 6 8 5 7 4 6 8 
8 10 6 9 5 8 4 7 8 
8 10 6 9 5 8 4 7 8 
8 9 6 8 5 7 4 6 8 
8 11 6 10 5 9 4 8 8 
8 11 6 10 5 9 4 8 8 
7 9 6 8 5 7 4 6 8 
7 11 6 10 5 9 4 8 8 
7 10 6 9 5 8 4 7 8 
7 10 6 9 5 8 4 7 8 
7 11 6 10 5 9 4 8 8 
8 9 7 8 5 7 3 6 8 
8 9 7 8 6 7 5 6 8 
7 9 6 8 5 7 4 6 8 
7 13 6 12 5 11 4 10 8 
7 13 6 12 5 11 4 10 8 
7 11 6 10 5 9 4 8 8 
7 11 6 10 5 9 4 8 8 
7 14 6 13 5 12 4 11 8 
7 14 6 13 5 12 4 11 8 
8 11 6 10 5 9 4 8 8 
7 14 6 13 5 12 4 11 8 
7 14 6 13 5 12 4 11 8 
7 13 6 12 4 11 2 10 8 
7 13 6 12 4 11 2 10 8 
7 16 6 15 5 14 4 13 8 
7 16 6 15 5 14 4 13 8 
8 9 6 8 5 7 4 6 8 
7 16 6 15 5 14 4 13 8 
7 11 6 10 5 9 4 8 8 
7 16 6 15 5 14 4 13 8 
8 13 6 12 4 11 2 10 8 
7 13 6 12 5 11 4 10 8 
7 14 6 13 5 12 4 11 8 
7 13 6 12 5 11 4 10 8 
8 14 6 13 5 12 4 11 8 
8 14 6 13 5 12 4 11 8 
7 14 6 13 5 12 4 11 8 
8 13 6 12 4 11 2 10 8 
7 13 6 12 5 11 4 10 8 
7 13 6 12 5 11 4 10 8 
7 13 6 12 5 11 4 10 8 
7 13 6 12 5 11 4 10 8 
8 8 5 7 3 6 1 5 8 
7 13 6 12 5 11 4 10 8 
7 13 6 12 5 11 4 10 8 
7 9 6 8 5 7 4 6 8 
7 15 6 14 5 13 4 12 8 
7 15 6 14 5 13 4 12 8 
7 15 6 14 5 13 4 12 8 
8 12 6 11 5 10 4 9 8 
7 15 6 14 5 13 4 12 8 
8 11 6 10 4 9 2 8 8 
8 9 6 8 5 7 4 6 8 
8 11 6 10 5 9 4 8 8 
8 8 5 7 3 6 2 5 8 
8 9 6 8 5 7 4 6 8 
7 14 6 13 5 12 4 11 8 
7 14 6 13 5 12 4 11 8 
8 13 6 12 5 11 4 10 8 
8 9 7 8 6 7 5 6 8 
8 13 6 12 5 11 4 10 8 
7 15 6 14 5 13 4 12 8 
7 15 6 14 5 13 4 12 8 
7 15 6 14 5 13 4 12 8 
7 15 6 14 5 13 4 12 8 
7 8 5 7 3 6 2 5 8 
8 13 6 12 5 11 4 10 8 
8 13 6 12 5 11 4 10 8 
7 12 6 11 5 10 4 9 8 
8 11 6 10 5 9 4 8 8 
7 11 6 10 5 9 4 8 8 
7 13 6 12 5 11 4 10 8 
7 12 6 11 5 10 4 9 8 
8 9 6 8 4 7 2 6 8 
8 8 5 7 2 6 1 5 8 
7 13 6 12 5 11 4 10 8 
7 12 6 11 5 10 4 9 8 
7 13 6 12 5 11 4 10 8 
7 13 6 12 5 11 4 10 8 
7 11 6 10 4 9 2 8 8 
7 14 6 13 5 12 4 11 8 
7 14 6 13 5 12 4 11 8 
7 14 6 13 5 12 4 11 8 
7 14 6 13 5 12 4 11 8 
7 9 6 8 5 7 4 6 8 
8 10 6 9 5 8 4 7 8 
8 8 4 7 3 6 2 5 8 
SCORES_TXT_END_0
SCORES_TXT_BEGIN_0 126 54 9 BLEU
5 5 4 4 3 3 2 2 5 
4 5 3 4 2 3 1 2 5 
4 9 3 8 2 7 1 6 5 
4 9 3 8 2 7 1 6 5 
5 7 3 6 2 5 1 4 5 
4 7 3 6 2 5 1 4 5 
4 8 3 7 2 6 1 5 5 
4 8 3 7 2 6 1 5 5 
5 6 3 5 2 4 1 3 5 
4 6 3 5 2 4 1 3 5 
5 5 2 4 1 3 0 2 5 
5 5 2 4 1 3 0 2 5 
4 5 2 4 1 3 0 2 5 
4 5 2 4 1 3 0 2 5 
4 7 2 6 1 5 0 4 5 
5 5 3 4 2 3 1 2 5 
4 5 3 4 2 3 1 2 5 
4 9 2 8 1 7 0 6 5 
4 9 2 8 1 7 0 6 5 
5 7 2 6 1 5 0 4 5 
5 7 2 6 1 5 0 4 5 
4 8 2 7 1 6 0 5 5 
4 8 2 7 1 6 0 5 5 
4 7 2 6 1 5 0 4 5 
4 6 2 5 1 4 0 3 5 
5 6 3 5 2 4 1 3 5 
5 5 3 4 1 3 0 2 5 
5 6 2 5 1 4 0 3 5 
5 6 2 5 1 4 0 3 5 
4 9 2 8 1 7 0 6 5 
5 5 2 4 1 3 0 2 5 
4 9 2 8 1 7 0 6 5 
5 7 3 6 2 5 1 4 5 
4 8 2 7 1 6 0 5 5 
4 8 2 7 1 6 0 5 5 
4 5 2 4 1 3 0 2 5 
4 7 3 6 2 5 1 4 5 
4 5 2 4 1 3 0 2 5 
4 6 3 5 2 4 1 3 5 
4 6 2 5 1 4 0 3 5 
4 9 3 8 2 7 1 6 5 
4 9 3 8 2 7 1 6 5 
5 7 2 6 1 5 0 4 5 
4 8 3 7 2 6 1 5 5 
4 8 3 7 2 6 1 5 5 
5 6 2 5 1 4 0 3 5 
5 7 2 6 1 5 0 4 5 
4 7 2 6 1 5 0 4 5 
4 6 2 5 1 4 0 3 5 
5 6 2 5 1 4 0 3 5 
4 9 2 8 1 7 0 6 5 
4 9 2 8 1 7 0 6 5 
4 8 2 7 1 6 0 5 5 
4 8 2 7 1 6 0 5 5 
SCORES_TXT_END_0
SCORES_TXT_BEGIN_0 127 94 9 BLEU
13 13 12 12 11 11 10 10 13 
13 15 11 14 10 13 9 12 13 
13 17 11 16 10 15 9 14 13 
13 17 11 16 10 15 9 14 13 
13 14 11 13 10 12 9 11 13 
12 13 10 12 8 11 6 10 13 
13 14 11 13 10 12 9 11 13 
13 14 11 13 10 12 9 11 13 
12 13 10 12 9 11 8 10 13 
13 16 11 15 10 14 9 13 13 
12 13 8 12 6 11 5 10 13 
13 16 11 15 10 14 9 13 13 
13 16 11 15 10 14 9 13 13 
13 14 11 13 10 12 9 11 13 
12 15 9 14 7 13 5 12 13 
12 13 11 12 10 11 9 10 13 
12 15 10 14 9 13 8 12 13 
13 15 11 14 10 13 9 12 13 
13 13 9 12 7 11 5 10 13 
12 13 10 12 8 11 6 10 13 
13 15 11 14 10 13 9 12 13 
13 15 11 14 10 13 9 12 13 
12 12 10 11 8 10 6 9 13 
12 14 11 13 10 12 9 11 13 
12 13 9 12 7 11 5 10 13 
12 17 9 16 7 15 5 14 13 
12 15 8 14 6 13 5 12 13 
12 17 9 16 7 15 5 14 13 
12 14 11 13 10 12 9 11 13 
13 15 9 14 7 13 5 12 13 
13 15 11 14 10 13 9 12 13 
12 14 10 13 9 12 8 11 13 
13 16 11 15 10 14 9 13 13 
13 16 11 15 10 14 9 13 13 
12 12 8 11 6 10 5 9 13 
13 14 11 13 10 12 9 11 13 
12 14 9 13 7 12 5 11 13 
13 18 11 17 10 16 9 15 13 
13 18 11 17 10 16 9 15 13 
12 15 9 14 7 13 5 12 13 
13 19 11 18 10 17 9 16 13 
13 19 11 18 10 17 9 16 13 
13 16 11 15 10 14 9 13 13 
12 14 8 13 6 12 5 11 13 
11 13 8 12 5 11 3 10 13 
12 14 10 13 9 12 8 11 13 
12 15 9 14 7 13 5 12 13 
12 13 8 12 5 11 3 10 13 
12 13 9 12 6 11 4 10 13 
13 13 9 12 6 11 4 10 13 
11 13 8 12 6 11 5 10 13 
13 15 11 14 10 13 9 12 13 
12 17 10 16 9 15 8 14 13 
13 16 11 15 10 14 9 13 13 
12 17 10 16 9 15 8 14 13 
13 18 11 17 10 16 9 15 13 
12 17 8 16 6 15 5 14 13 
12 14 9 13 7 12 5 11 13 
13 18 11 17 10 16 9 15 13 
12 16 10 15 9 14 8 13 13 
12 17 8 16 6 15 5 14 13 
12 13 10 12 8 11 6 10 13 
13 18 11 17 10 16 9 15 13 
12 16 10 15 9 14 8 13 13 
13 13 10 12 8 11 6 10 13 
13 16 11 15 10 14 9 13 13 
13 16 11 15 10 14 9 13 13 
13 18 11 17 10 16 9 15 13 
13 14 11 13 10 12 9 11 13 
13 14 11 13 10 12 9 11 13 
12 14 9 13 7 12 5 11 13 
13 14 9 13 7 12 5 11 13 
12 13 9 12 6 11 5 10 13 
12 17 9 16 7 15 5 14 13 
12 14 10 13 9 12 8 11 13 
12 17 9 16 7 15 5 14 13 
13 19 11 18 10 17 9 16 13 
13 19 11 18 10 17 9 16 13 
12 14 8 13 6 12 5 11 13 
12 14 10 13 9 12 8 11 13 
12 15 8 14 6 13 4 12 13 
13 16 11 15 10 14 9 13 13 
13 15 8 14 6 13 4 12 13 
12 16 9 15 7 14 5 13 13 
13 14 11 13 9 12 8 11 13 
12 13 9 12 6 11 3 10 13 
13 13 9 12 6 11 3 10 13 
12 16 9 15 7 14 5 13 13 
12 13 8 12 6 11 4 10 13 
13 17 11 16 10 15 9 14 13 
13 18 11 17 10 16 9 15 13 
12 13 10 12 9 11 8 10 13 
13 14 9 13 7 12 5 11 13 
13 18 11 17 10 16 9 15 13 
SCORES_TXT_END_0
SCORES_TXT_BEGIN_0 128 36 9 BLEU
6 6 5 5 4 4 3 3 6 
6 8 4 7 3 6 2 5 6 
6 7 4 6 3 5 2 4 6 
5 6 4 5 3 4 2 3 6 
6 10 4 9 3 8 2 7 6 
6 10 4 9 3 8 2 7 6 
6 7 4 6 3 5 2 4 6 
6 9 4 8 3 7 2 6 6 
6 9 4 8 3 7 2 6 6 
5 6 4 5 3 4 2 3 6 
6 7 4 6 3 5 2 4 6 
5 8 3 7 2 6 1 5 6 
5 6 4 5 3 4 2 3 6 
5 7 3 6 2 5 1 4 6 
5 7 4 6 3 5 2 4 6 
5 7 4 6 3 5 2 4 6 
5 10 3 9 2 8 1 7 6 
5 10 3 9 2 8 1 7 6 
5 7 3 6 2 5 1 4 6 
5 9 3 8 2 7 1 6 6 
5 9 3 8 2 7 1 6 6 
4 6 3 5 2 4 1 3 6 
5 8 3 7 2 6 1 5 6 
5 7 3 6 2 5 1 4 6 
5 7 3 6 2 5 1 4 6 
5 10 3 9 2 8 1 7 6 
5 10 3 9 2 8 1 7 6 
4 7 3 6 2 5 1 4 6 
4 7 3 6 2 5 1 4 6 
5 7 3 6 2 5 1 4 6 
5 9 3 8 2 7 1 6 6 
5 9 3 8 2 7 1 6 6 
4 6 3 5 2 4 1 3 6 
5 7 3 6 2 5 1 4 6 
4 7 3 6 2 5 1 4 6 
4 7 3 6 2 5 1 4 6 
SCORES_TXT_END_0
SCORES_TXT_BEGIN_0 129 69 9 BLEU
10 10 8 9 6 8 4 7 11 
10 12 7 11 5 10 3 9 11 
11 11 10 10 9 9 8 8 11 
10 14 7 13 5 12 3 11 11 
10 14 7 13 5 12 3 11 11 
10 11 7 10 5 9 3 8 11 
11 13 9 12 8 11 7 10 11 
11 15 9 14 8 13 7 12 11 
9 10 6 9 4 8 3 7 11 
11 15 9 14 8 13 7 12 11 
9 10 7 9 5 8 3 7 11 
9 10 6 9 4 8 3 7 11 
11 11 7 10 5 9 3 8 11 
10 13 7 12 5 11 3 10 11 
10 11 8 10 6 9 5 8 11 
10 11 8 10 6 9 5 8 11 
9 11 6 10 4 9 3 8 11 
11 12 9 11 8 10 7 9 11 
10 13 7 12 5 11 3 10 11 
9 12 5 11 4 10 3 9 11 
9 12 5 11 4 10 3 9 11 
10 12 8 11 6 10 5 9 11 
9 11 6 10 4 9 3 8 11 
10 13 7 12 6 11 5 10 11 
10 11 7 10 4 9 2 8 11 
10 11 9 10 8 9 7 8 11 
10 13 7 12 6 11 5 10 11 
9 13 5 12 4 11 3 10 11 
10 10 6 9 4 8 3 7 11 
9 14 5 13 4 12 3 11 11 
9 14 5 13 4 12 3 11 11 
10 10 6 9 4 8 3 7 11 
9 14 5 13 4 12 3 11 11 
9 14 5 13 4 12 3 11 11 
11 12 9 11 8 10 7 9 11 
10 12 8 11 6 10 5 9 11 
9 10 5 9 4 8 3 7 11 
10 11 7 10 5 9 3 8 11 
11 14 9 13 8 12 7 11 11 
10 13 6 12 4 11 3 10 11 
9 11 7 10 5 9 3 8 11 
10 13 6 12 4 11 3 10 11 
11 11 7 10 5 9 4 8 11 
9 11 7 10 5 9 3 8 11 
10 11 8 10 6 9 4 8 11 
10 14 7 13 6 12 5 11 11 
11 11 7 10 5 9 4 8 11 
9 10 5 9 4 8 3 7 11 
9 13 5 12 4 11 3 10 11 
10 10 5 9 4 8 3 7 11 
11 14 9 13 8 12 7 11 11 
10 12 6 11 4 10 3 9 11 
11 12 10 11 8 10 6 9 11 
9 11 5 10 4 9 3 8 11 
9 10 5 9 4 8 3 7 11 
10 15 7 14 6 13 5 12 11 
10 15 7 14 6 13 5 12 11 
9 11 5 10 4 9 3 8 11 
10 10 5 9 3 8 1 7 11 
11 14 7 13 5 12 4 11 11 
9 11 5 10 4 9 3 8 11 
11 14 7 13 5 12 4 11 11 
10 11 7 10 6 9 5 8 11 
10 12 6 11 4 10 3 9 11 
10 13 6 12 3 11 1 10 11 
10 15 7 14 6 13 5 12 11 
9 15 5 14 4 13 3 12 11 
10 15 7 14 6 13 5 12 11 
9 15 5 14 4 13 3 12 11 
SCORES_TXT_END_0
SCORES_TXT_BEGIN_0 130 100 9 BLEU
5 5 4 4 3 3 2 2 5 
4 9 3 8 2 7 1 6 5 
4 9 3 8 2 7 1 6 5 
5 9 3 8 2 7 1 6 5 
5 9 3 8 2 7 1 6 5 
5 7 3 6 2 5 1 4 5 
4 7 3 6 2 5 1 4 5 
4 5 3 4 2 3 1 2 5 
5 7 3 6 2 5 1 4 5 
5 7 3 6 2 5 1 4 5 
5 6 3 5 2 4 1 3 5 
4 7 3 6 2 5 1 4 5 
4 7 3 6 2 5 1 4 5 
5 10 3 9 1 8 0 7 5 
4 6 3 5 2 4 1 3 5 
4 10 3 9 1 8 0 7 5 
5 6 4 5 2 4 1 3 5 
4 8 3 7 2 6 1 5 5 
4 10 3 9 1 8 0 7 5 
4 8 3 7 2 6 1 5 5 
4 11 3 10 2 9 1 8 5 
4 11 3 10 2 9 1 8 5 
4 11 3 10 2 9 1 8 5 
4 11 3 10 2 9 1 8 5 
5 10 3 9 1 8 0 7 5 
4 13 3 12 2 11 1 10 5 
4 13 3 12 2 11 1 10 5 
4 13 3 12 2 11 1 10 5 
4 13 3 12 2 11 1 10 5 
4 5 2 4 0 3 0 2 5 
4 10 3 9 2 8 1 7 5 
4 10 3 9 2 8 1 7 5 
5 11 3 10 2 9 1 8 5 
5 11 3 10 2 9 1 8 5 
4 10 3 9 2 8 1 7 5 
5 8 3 7 2 6 1 5 5 
4 10 3 9 2 8 1 7 5 
4 10 3 9 2 8 1 7 5 
4 10 3 9 2 8 1 7 5 
5 8 3 7 1 6 0 5 5 
4 11 3 10 2 9 1 8 5 
4 11 3 10 2 9 1 8 5 
4 11 3 10 2 9 1 8 5 
4 11 3 10 2 9 1 8 5 
4 12 3 11 2 10 1 9 5 
4 12 3 11 2 10 1 9 5 
3 9 1 8 0 7 0 6 5 
4 12 3 11 2 10 1 9 5 
4 8 3 7 2 6 1 5 5 
4 12 3 11 2 10 1 9 5 
5 6 3 5 2 4 1 3 5 
3 9 1 8 0 7 0 6 5 
5 9 3 8 2 7 1 6 5 
4 9 1 8 0 7 0 6 5 
4 8 3 7 1 6 0 5 5 
4 9 1 8 0 7 0 6 5 
4 7 1 6 0 5 0 4 5 
5 5 2 4 1 3 0 2 5 
4 9 3 8 2 7 1 6 5 
4 6 3 5 2 4 1 3 5 
4 10 3 9 2 8 1 7 5 
5 8 3 7 1 6 0 5 5 
4 10 3 9 2 8 1 7 5 
5 8 3 7 2 6 1 5 5 
5 8 3 7 2 6 1 5 5 
3 7 1 6 0 5 0 4 5 
3 5 1 4 0 3 0 2 5 
5 10 3 9 2 8 1 7 5 
4 6 3 5 1 4 0 3 5 
5 10 3 9 2 8 1 7 5 
5 8 3 7 1 6 0 5 5 
4 8 3 7 2 6 1 5 5 
5 7 3 6 2 5 1 4 5 
4 8 3 7 2 6 1 5 5 
5 5 2 4 0 3 0 2 5 
4 5 2 4 1 3 0 2 5 
5 5 3 4 2 3 1 2 5 
4 10 3 9 2 8 1 7 5 
4 10 3 9 2 8 1 7 5 
4 7 2 6 1 5 0 4 5 
5 9 2 8 0 7 0 6 5 
5 9 2 8 0 7 0 6 5 
4 8 3 7 1 6 0 5 5 
5 7 3 6 1 5 0 4 5 
4 7 3 6 2 5 1 4 5 
5 8 3 7 2 6 1 5 5 
5 5 2 4 0 3 0 2 5 
5 5 1 4 0 3 0 2 5 
4 9 1 8 0 7 0 6 5 
4 5 1 4 0 3 0 2 5 
5 10 3 9 1 8 0 7 5 
5 7 2 6 1 5 0 4 5 
4 9 1 8 0 7 0 6 5 
4 5 2 4 0 3 0 2 5 
4 5 3 4 2 3 1 2 5 
5 7 2 6 0 5 0 4 5 
5 9 2 8 1 7 0 6 5 
5 9 2 8 1 7 0 6 5 
5 7 2 6 0 5 0 4 5 
5 7 2 6 0 5 0 4 5 
SCORES_TXT_END_0
SCORES_TXT_BEGIN_0 131 98 9 BLEU
5 5 4 4 3 3 2 2 5 
5 7 3 6 2 5 1 4 5 
5 6 3 5 2 4 1 3 5 
5 9 3 8 2 7 1 6 5 
5 9 3 8 2 7 1 6 5 
5 6 3 5 2 4 1 3 5 
4 5 3 4 2 3 1 2 5 
5 8 3 7 2 6 1 5 5 
5 8 3 7 2 6 1 5 5 
4 5 3 4 2 3 1 2 5 
5 6 3 5 2 4 1 3 5 
4 5 3 4 2 3 1 2 5 
4 7 2 6 1 5 0 4 5 
4 5 2 4 1 3 0 2 5 
4 6 3 5 2 4 1 3 5 
4 6 3 5 2 4 1 3 5 
4 6 2 5 1 4 0 3 5 
4 5 2 4 1 3 0 2 5 
4 7 2 6 1 5 0 4 5 
5 5 2 4 1 3 0 2 5 
4 9 2 8 1 7 0 6 5 
4 9 2 8 1 7 0 6 5 
4 6 2 5 1 4 0 3 5 
4 7 2 6 1 5 0 4 5 
5 7 2 6 1 5 0 4 5 
4 6 2 5 1 4 0 3 5 
4 6 2 5 1 4 0 3 5 
4 7 2 6 1 5 0 4 5 
4 8 2 7 1 6 0 5 5 
4 6 2 5 1 4 0 3 5 
4 9 2 8 1 7 0 6 5 
4 9 2 8 1 7 0 6 5 
4 8 2 7 1 6 0 5 5 
4 8 2 7 1 6 0 5 5 
5 6 2 5 1 4 0 3 5 
4 8 2 7 1 6 0 5 5 
4 6 2 5 1 4 0 3 5 
4 6 2 5 1 4 0 3 5 
5 5 2 4 1 3 0 2 5 
3 5 2 4 1 3 0 2 5 
5 6 2 5 1 4 0 3 5 
4 9 2 8 1 7 0 6 5 
4 9 2 8 1 7 0 6 5 
4 6 2 5 1 4 0 3 5 
4 8 2 7 1 6 0 5 5 
4 5 2 4 1 3 0 2 5 
4 8 2 7 1 6 0 5 5 
4 5 2 4 1 3 0 2 5 
5 9 2 8 1 7 0 6 5 
5 9 2 8 1 7 0 6 5 
5 8 2 7 1 6 0 5 5 
5 8 2 7 1 6 0 5 5 
3 5 2 4 1 3 0 2 5 
4 6 2 5 1 4 0 3 5 
4 9 2 8 1 7 0 6 5 
4 9 2 8 1 7 0 6 5 
4 6 2 5 1 4 0 3 5 
5 6 2 5 1 4 0 3 5 
3 5 2 4 1 3 0 2 5 
4 6 2 5 1 4 0 3 5 
4 8 2 7 1 6 0 5 5 
3 5 2 4 1 3 0 2 5 
4 8 2 7 1 6 0 5 5 
4 5 2 4 1 3 0 2 5 
3 6 2 5 1 4 0 3 5 
3 6 2 5 1 4 0 3 5 
3 5 2 4 1 3 0 2 5 
4 6 2 5 1 4 0 3 5 
4 6 2 5 1 4 0 3 5 
5 6 2 5 1 4 0 3 5 
5 7 2 6 1 5 0 4 5 
3 6 2 5 1 4 0 3 5 
3 6 2 5 1 4 0 3 5 
5 6 2 5 1 4 0 3 5 
4 6 2 5 1 4 0 3 5 
4 7 2 6 1 5 0 4 5 
4 6 2 5 1 4 0 3 5 
4 6 2 5 1 4 0 3 5 
3 6 2 5 1 4 0 3 5 
3 6 2 5 1 4 0 3 5 
4 5 2 4 1 3 0 2 5 
3 5 2 4 1 3 0 2 5 
3 6 2 5 1 4 0 3 5 
5 9 2 8 1 7 0 6 5 
3 6 2 5 1 4 0 3 5 
5 9 2 8 1 7 0 6 5 
4 6 2 5 1 4 0 3 5 
4 9 2 8 1 7 0 6 5 
4 9 2 8 1 7 0 6 5 
3 6 2 5 1 4 0 3 5 
3 6 2 5 1 4 0 3 5 
3 6 2 5 1 4 0 3 5 
3 6 2 5 1 4 0 3 5 
4 6 2 5 1 4 0 3 5 
4 7 2 6 1 5 0 4 5 
4 6 2 5 1 4 0 3 5 
4 9 2 8 1 7 0 6 5 
4 9 2 8 1 7 0 6 5 
SCORES_TXT_END_0
SCORES_TXT_BEGIN_0 132 100 9 BLEU
6 6 5 5 4 4 3 3 6 
5 6 4 5 3 4 2 3 6 
5 6 4 5 3 4 2 3 6 
5 6 4 5 3 4 2 3 6 
5 6 4 5 3 4 2 3 6 
5 10 4 9 3 8 2 7 6 
5 10 4 9 3 8 2 7 6 
6 8 4 7 3 6 2 5 6 
5 8 4 7 3 6 2 5 6 
5 9 4 8 3 7 2 6 6 
5 9 4 8 3 7 2 6 6 
6 7 4 6 2 5 1 4 6 
6 7 4 6 2 5 1 4 6 
5 6 4 5 3 4 2 3 6 
6 7 3 6 1 5 0 4 6 
4 6 3 5 2 4 1 3 6 
6 7 4 6 3 5 2 4 6 
6 8 4 7 2 6 1 5 6 
4 6 3 5 2 4 1 3 6 
5 6 3 5 2 4 1 3 6 
5 7 4 6 3 5 2 4 6 
5 7 3 6 1 5 0 4 6 
4 6 3 5 2 4 1 3 6 
5 7 3 6 2 5 1 4 6 
5 9 3 8 1 7 0 6 6 
6 6 3 5 1 4 0 3 6 
5 7 2 6 1 5 0 4 6 
4 10 3 9 2 8 1 7 6 
4 10 3 9 2 8 1 7 6 
5 6 3 5 1 4 0 3 6 
4 10 3 9 2 8 1 7 6 
4 10 3 9 2 8 1 7 6 
6 6 3 5 2 4 1 3 6 
5 7 4 6 3 5 2 4 6 
5 7 3 6 2 5 1 4 6 
5 6 4 5 3 4 2 3 6 
5 8 3 7 2 6 1 5 6 
5 7 2 6 1 5 0 4 6 
5 7 3 6 2 5 1 4 6 
5 8 3 7 2 6 1 5 6 
5 7 3 6 2 5 1 4 6 
6 6 2 5 1 4 0 3 6 
5 6 3 5 1 4 0 3 6 
5 7 3 6 2 5 1 4 6 
5 7 2 6 1 5 0 4 6 
6 6 3 5 2 4 1 3 6 
4 8 3 7 2 6 1 5 6 
5 8 3 7 1 6 0 5 6 
4 10 3 9 2 8 1 7 6 
4 9 3 8 2 7 1 6 6 
5 7 2 6 1 5 0 4 6 
4 10 3 9 2 8 1 7 6 
6 6 2 5 1 4 0 3 6 
4 8 3 7 2 6 1 5 6 
5 6 2 5 1 4 0 3 6 
4 9 3 8 2 7 1 6 6 
4 7 2 6 1 5 0 4 6 
4 9 3 8 2 7 1 6 6 
5 6 2 5 1 4 0 3 6 
5 6 3 5 2 4 1 3 6 
4 9 3 8 2 7 1 6 6 
6 7 2 6 1 5 0 4 6 
5 8 3 7 2 6 1 5 6 
5 7 3 6 1 5 0 4 6 
4 7 2 6 1 5 0 4 6 
5 7 2 6 1 5 0 4 6 
4 7 2 6 1 5 0 4 6 
6 9 3 8 1 7 0 6 6 
4 9 2 8 1 7 0 6 6 
4 9 2 8 1 7 0 6 6 
6 7 3 6 2 5 1 4 6 
5 6 2 5 1 4 0 3 6 
6 6 3 5 2 4 1 3 6 
5 7 3 6 2 5 1 4 6 
5 7 3 6 1 5 0 4 6 
5 7 3 6 1 5 0 4 6 
6 6 3 5 1 4 0 3 6 
5 6 3 5 2 4 1 3 6 
6 7 4 6 2 5 1 4 6 
4 9 2 8 1 7 0 6 6 
6 6 2 5 1 4 0 3 6 
6 6 3 5 2 4 1 3 6 
4 8 3 7 2 6 1 5 6 
4 7 2 6 1 5 0 4 6 
5 6 3 5 2 4 1 3 6 
5 6 2 5 1 4 0 3 6 
4 9 3 8 2 7 1 6 6 
5 6 2 5 1 4 0 3 6 
5 8 3 7 2 6 1 5 6 
4 9 3 8 2 7 1 6 6 
6 6 3 5 1 4 0 3 6 
5 6 2 5 1 4 0 3 6 
5 7 3 6 2 5 1 4 6 
5 6 3 5 2 4 1 3 6 
6 7 2 6 0 5 0 4 6 
4 9 2 8 1 7 0 6 6 
4 6 2 5 1 4 0 3 6 
5 6 3 5 2 4 1 3 6 
5 7 2 6 1 5 0 4 6 
5 6 2 5 1 4 0 3 6 
SCORES_TXT_END_0
SCORES_TXT_BEGIN_0 133 100 9 BLEU
10 10 9 9 8 8 7 7 10 
8 9 6 8 4 7 3 6 10 
7 9 5 8 3 7 2 6 10 
9 10 7 9 5 8 3 7 10 
10 12 8 11 7 10 6 9 10 
7 11 4 10 2 9 1 8 10 
8 11 5 10 3 9 2 8 10 
9 12 6 11 4 10 2 9 10 
9 10 7 9 5 8 4 7 10 
9 10 7 9 5 8 4 7 10 
6 9 3 8 0 7 0 6 10 
9 10 6 9 5 8 4 7 10 
7 9 4 8 1 7 0 6 10 
8 10 5 9 2 8 1 7 10 
7 9 3 8 0 7 0 6 10 
7 9 4 8 1 7 0 6 10 
9 10 5 9 2 8 1 7 10 
7 9 3 8 1 7 0 6 10 
6 9 2 8 0 7 0 6 10 
10 11 8 10 7 9 6 8 10 
8 9 6 8 4 7 3 6 10 
8 10 4 9 2 8 1 7 10 
7 9 5 8 3 7 2 6 10 
9 10 7 9 5 8 4 7 10 
7 10 4 9 2 8 1 7 10 
9 12 6 11 5 10 4 9 10 
8 10 5 9 3 8 2 7 10 
9 12 6 11 5 10 4 9 10 
9 11 6 10 4 9 2 8 10 
9 11 7 10 5 9 4 8 10 
9 12 6 11 5 10 4 9 10 
9 11 6 10 5 9 4 8 10 
10 11 8 10 6 9 4 8 10 
9 10 7 9 5 8 4 7 10 
8 10 5 9 3 8 2 7 10 
7 10 4 9 2 8 1 7 10 
7 11 3 10 1 9 0 8 10 
6 11 2 10 0 9 0 8 10 
8 9 3 8 0 7 0 6 10 
7 9 3 8 0 7 0 6 10 
6 11 2 10 0 9 0 8 10 
7 11 3 10 1 9 0 8 10 
9 11 6 10 4 9 2 8 10 
8 12 4 11 2 10 1 9 10 
7 10 3 9 1 8 0 7 10 
8 12 4 11 2 10 1 9 10 
6 10 3 9 0 8 0 7 10 
7 11 2 10 0 9 0 8 10 
6 10 2 9 0 8 0 7 10 
9 14 6 13 5 12 4 11 10 
6 9 3 8 0 7 0 6 10 
9 14 6 13 5 12 4 11 10 
10 11 8 10 7 9 6 8 10 
10 11 8 10 7 9 6 8 10 
7 10 4 9 1 8 0 7 10 
7 11 3 10 1 9 0 8 10 
7 9 4 8 1 7 0 6 10 
8 10 5 9 2 8 1 7 10 
8 11 5 10 2 9 1 8 10 
9 12 4 11 2 10 1 9 10 
8 11 4 10 2 9 1 8 10 
7 11 4 10 2 9 1 8 10 
8 10 5 9 2 8 1 7 10 
8 11 5 10 3 9 2 8 10 
10 14 8 13 7 12 6 11 10 
10 14 8 13 7 12 6 11 10 
7 10 4 9 2 8 1 7 10 
9 10 7 9 5 8 4 7 10 
7 10 4 9 2 8 1 7 10 
9 12 6 11 4 10 3 9 10 
7 13 3 12 1 11 0 10 10 
7 13 3 12 1 11 0 10 10 
8 10 5 9 3 8 2 7 10 
8 10 5 9 3 8 2 7 10 
6 13 2 12 0 11 0 10 10 
9 11 6 10 4 9 2 8 10 
6 13 2 12 0 11 0 10 10 
9 11 6 10 5 9 4 8 10 
9 11 6 10 4 9 2 8 10 
9 11 6 10 5 9 4 8 10 
7 13 4 12 2 11 1 10 10 
7 13 4 12 2 11 1 10 10 
9 11 6 10 5 9 4 8 10 
8 14 4 13 2 12 1 11 10 
8 12 4 11 2 10 1 9 10 
8 14 4 13 2 12 1 11 10 
8 13 5 12 3 11 2 10 10 
8 13 5 12 3 11 2 10 10 
9 14 6 13 4 12 2 11 10 
9 14 6 13 4 12 2 11 10 
9 12 6 11 5 10 4 9 10 
6 9 3 8 0 7 0 6 10 
10 13 7 12 5 11 3 10 10 
6 9 3 8 0 7 0 6 10 
8 10 5 9 2 8 1 7 10 
9 11 6 10 5 9 4 8 10 
9 12 6 11 5 10 4 9 10 
9 13 6 12 5 11 4 10 10 
9 11 6 10 4 9 3 8 10 
8 10 4 9 2 8 1 7 10 
SCORES_TXT_END_0
SCORES_TXT_BEGIN_0 134 59 9 BLEU
11 11 10 10 9 9 8 8 11 
10 11 8 10 6 9 4 8 11 
10 11 9 10 8 9 7 8 11 
9 11 7 10 5 9 4 8 11 
9 9 7 8 5 7 3 6 11 
8 9 6 8 4 7 3 6 11 
6 7 5 6 4 5 3 4 11 
8 9 7 8 6 7 5 6 11 
7 9 6 8 5 7 4 6 11 
10 13 8 12 6 11 4 10 11 
11 13 10 12 9 11 7 10 11 
10 10 8 9 6 8 4 7 11 
11 12 9 11 8 10 7 9 11 
9 10 7 9 5 8 4 7 11 
10 12 7 11 5 10 4 9 11 
7 8 6 7 5 6 4 5 11 
11 13 9 12 7 11 5 10 11 
10 13 8 12 6 11 4 10 11 
9 13 7 12 5 11 4 10 11 
11 13 10 12 9 11 7 10 11 
10 13 9 12 8 11 7 10 11 
11 13 10 12 8 11 6 10 11 
10 15 8 14 6 13 4 12 11 
11 15 10 14 9 13 7 12 11 
9 11 7 10 5 9 3 8 11 
10 13 8 12 6 11 5 10 11 
11 15 10 14 8 13 6 12 11 
11 15 10 14 9 13 8 12 11 
9 10 7 9 5 8 3 7 11 
9 13 7 12 5 11 4 10 11 
9 10 6 9 4 8 3 7 11 
10 13 9 12 8 11 6 10 11 
10 14 8 13 6 12 4 11 11 
10 12 8 11 6 10 4 9 11 
10 12 8 11 6 10 4 9 11 
10 13 9 12 7 11 5 10 11 
10 10 8 9 6 8 4 7 11 
11 12 10 11 8 10 6 9 11 
11 14 10 13 9 12 8 11 11 
11 12 10 11 9 10 8 9 11 
11 14 10 13 9 12 7 11 11 
10 14 8 13 6 12 4 11 11 
9 15 7 14 5 13 4 12 11 
10 15 9 14 8 13 7 12 11 
10 15 9 14 7 13 5 12 11 
10 15 9 14 8 13 7 12 11 
9 10 6 9 4 8 3 7 11 
7 8 5 7 4 6 3 5 11 
9 12 7 11 5 10 4 9 11 
8 11 6 10 4 9 3 8 11 
8 10 6 9 4 8 3 7 11 
10 12 9 11 7 10 5 9 11 
9 10 7 9 5 8 3 7 11 
10 14 8 13 6 12 4 11 11 
11 12 9 11 7 10 5 9 11 
10 12 8 11 6 10 4 9 11 
11 14 10 13 9 12 8 11 11 
11 12 10 11 8 10 6 9 11 
10 13 7 12 5 11 3 10 11 
SCORES_TXT_END_0
SCORES_TXT_BEGIN_0 135 100 9 BLEU
7 7 6 6 5 5 4 4 7 
7 9 5 8 4 7 3 6 7 
7 8 5 7 4 6 3 5 7 
7 8 5 7 4 6 3 5 7 
7 11 5 10 4 9 3 8 7 
7 11 5 10 4 9 3 8 7 
6 7 4 6 2 5 0 4 7 
4 9 2 8 1 7 0 6 7 
4 7 2 6 1 5 0 4 7 
7 10 5 9 4 8 3 7 7 
5 8 3 7 1 6 0 5 7 
7 8 5 7 4 6 3 5 7 
5 8 3 7 1 6 0 5 7 
7 10 5 9 4 8 3 7 7 
6 7 5 6 4 5 3 4 7 
4 8 2 7 1 6 0 5 7 
6 9 3 8 1 7 0 6 7 
7 10 5 9 4 8 3 7 7 
5 8 3 7 1 6 0 5 7 
7 10 5 9 4 8 3 7 7 
7 9 5 8 4 7 3 6 7 
5 8 2 7 1 6 0 5 7 
7 8 5 7 4 6 3 5 7 
5 9 2 8 1 7 0 6 7 
5 10 2 9 1 8 0 7 7 
5 9 2 8 1 7 0 6 7 
5 10 2 9 1 8 0 7 7 
4 11 2 10 1 9 0 8 7 
4 11 2 10 1 9 0 8 7 
5 8 2 7 1 6 0 5 7 
7 12 5 11 4 10 3 9 7 
7 12 5 11 4 10 3 9 7 
5 11 2 10 1 9 0 8 7 
5 11 2 10 1 9 0 8 7 
6 8 3 7 1 6 0 5 7 
7 12 5 11 4 10 3 9 7 
7 12 5 11 4 10 3 9 7 
5 10 2 9 1 8 0 7 7 
5 8 2 7 1 6 0 5 7 
5 9 2 8 1 7 0 6 7 
5 10 2 9 1 8 0 7 7 
6 7 4 6 3 5 2 4 7 
5 10 2 9 1 8 0 7 7 
7 9 5 8 4 7 3 6 7 
6 8 5 7 4 6 3 5 7 
7 11 5 10 4 9 3 8 7 
5 9 2 8 1 7 0 6 7 
5 9 2 8 1 7 0 6 7 
6 7 4 6 3 5 2 4 7 
5 9 2 8 1 7 0 6 7 
6 8 5 7 4 6 3 5 7 
5 9 2 8 1 7 0 6 7 
7 9 5 8 4 7 3 6 7 
5 12 2 11 1 10 0 9 7 
5 12 2 11 1 10 0 9 7 
6 8 3 7 1 6 0 5 7 
7 11 5 10 4 9 3 8 7 
5 10 2 9 1 8 0 7 7 
5 9 2 8 1 7 0 6 7 
5 12 2 11 1 10 0 9 7 
5 12 2 11 1 10 0 9 7 
5 12 2 11 1 10 0 9 7 
5 12 2 11 1 10 0 9 7 
6 7 2 6 0 5 0 4 7 
4 8 2 7 1 6 0 5 7 
6 7 2 6 1 5 0 4 7 
7 7 4 6 3 5 2 4 7 
5 9 2 8 1 7 0 6 7 
4 10 2 9 1 8 0 7 7 
6 11 3 10 1 9 0 8 7 
6 11 3 10 1 9 0 8 7 
5 11 2 10 1 9 0 8 7 
5 12 2 11 1 10 0 9 7 
3 7 2 6 1 5 0 4 7 
5 12 2 11 1 10 0 9 7 
6 8 5 7 4 6 3 5 7 
7 7 3 6 1 5 0 4 7 
6 7 3 6 1 5 0 4 7 
5 9 2 8 1 7 0 6 7 
5 9 2 8 1 7 0 6 7 
5 7 2 6 1 5 0 4 7 
4 10 2 9 1 8 0 7 7 
5 9 2 8 1 7 0 6 7 
6 8 5 7 4 6 3 5 7 
6 9 3 8 2 7 1 6 7 
5 12 2 11 1 10 0 9 7 
5 12 2 11 1 10 0 9 7 
5 9 2 8 1 7 0 6 7 
6 7 2 6 0 5 0 4 7 
5 12 2 11 1 10 0 9 7 
5 7 2 6 1 5 0 4 7 
5 12 2 11 1 10 0 9 7 
7 7 4 6 3 5 2 4 7 
6 9 2 8 0 7 0 6 7 
6 9 2 8 1 7 0 6 7 
5 9 2 8 1 7 0 6 7 
5 8 3 7 1 6 0 5 7 
5 9 2 8 1 7 0 6 7 
6 7 3 6 2 5 1 4 7 
5 11 2 10 1 9 0 8 7 
SCORES_TXT_END_0
SCORES_TXT_BEGIN_0 136 84 9 BLEU
13 13 12 12 11 11 10 10 13 
12 13 10 12 9 11 8 10 13 
12 13 11 12 10 11 9 10 13 
13 14 11 13 9 12 7 11 13 
12 13 10 12 8 11 6 10 13 
12 13 10 12 8 11 6 10 13 
12 12 10 11 8 10 7 9 13 
11 13 10 12 9 11 8 10 13 
12 17 11 16 10 15 9 14 13 
12 17 11 16 10 15 9 14 13 
12 12 10 11 8 10 6 9 13 
13 15 11 14 9 13 7 12 13 
12 13 8 12 5 11 3 10 13 
13 15 11 14 10 13 9 12 13 
11 12 9 11 7 10 6 9 13 
12 13 10 12 8 11 6 10 13 
13 15 11 14 9 13 7 12 13 
12 15 11 14 10 13 9 12 13 
13 17 11 16 9 15 7 14 13 
12 16 11 15 10 14 9 13 13 
13 17 11 16 9 15 7 14 13 
12 16 11 15 10 14 9 13 13 
12 13 10 12 8 11 7 10 13 
11 13 8 12 7 11 6 10 13 
11 12 9 11 7 10 6 9 13 
11 17 10 16 9 15 8 14 13 
13 16 11 15 9 14 7 13 13 
11 17 10 16 9 15 8 14 13 
13 16 11 15 9 14 7 13 13 
12 13 10 12 8 11 7 10 13 
12 13 10 12 8 11 7 10 13 
12 15 10 14 9 13 8 12 13 
12 13 10 12 8 11 7 10 13 
13 14 11 13 9 12 7 11 13 
12 12 8 11 5 10 3 9 13 
11 13 9 12 8 11 7 10 13 
11 15 10 14 9 13 8 12 13 
11 13 8 12 7 11 6 10 13 
11 12 8 11 6 10 5 9 13 
11 13 9 12 7 11 6 10 13 
11 14 9 13 7 12 6 11 13 
12 13 9 12 7 11 6 10 13 
11 13 9 12 8 11 7 10 13 
11 13 9 12 8 11 7 10 13 
11 13 9 12 7 11 6 10 13 
11 13 9 12 8 11 7 10 13 
13 14 11 13 10 12 9 11 13 
11 12 8 11 7 10 6 9 13 
13 14 11 13 9 12 7 11 13 
13 13 9 12 7 11 6 10 13 
13 14 11 13 9 12 7 11 13 
12 12 8 11 7 10 6 9 13 
13 13 9 12 6 11 3 10 13 
12 14 8 13 5 12 3 11 13 
13 14 11 13 9 12 7 11 13 
11 16 10 15 9 14 8 13 13 
11 13 9 12 7 11 6 10 13 
13 13 9 12 7 11 5 10 13 
10 13 8 12 7 11 6 10 13 
11 13 8 12 5 11 3 10 13 
13 13 9 12 6 11 3 10 13 
13 14 11 13 9 12 7 11 13 
11 16 10 15 9 14 8 13 13 
12 13 9 12 6 11 4 10 13 
12 13 9 12 7 11 6 10 13 
11 13 9 12 7 11 6 10 13 
11 12 9 11 8 10 7 9 13 
12 12 8 11 5 10 3 9 13 
12 14 11 13 10 12 9 11 13 
12 13 9 12 6 11 3 10 13 
13 13 9 12 6 11 3 10 13 
11 12 8 11 6 10 5 9 13 
10 13 8 12 7 11 6 10 13 
10 12 8 11 6 10 5 9 13 
13 14 11 13 9 12 7 11 13 
11 13 9 12 7 11 6 10 13 
12 12 8 11 6 10 5 9 13 
12 13 9 12 7 11 6 10 13 
10 14 8 13 7 12 6 11 13 
13 14 12 13 10 12 8 11 13 
12 14 10 13 8 12 6 11 13 
13 13 9 12 8 11 7 10 13 
12 13 9 12 8 11 7 10 13 
10 15 8 14 7 13 6 12 13 
SCORES_TXT_END_0
SCORES_TXT_BEGIN_0 137 100 9 BLEU
8 8 7 7 6 6 5 5 8 
7 8 6 7 5 6 4 5 8 
7 9 6 8 5 7 4 6 8 
7 10 6 9 5 8 4 7 8 
7 12 6 11 5 10 4 9 8 
7 12 6 11 5 10 4 9 8 
8 10 6 9 5 8 4 7 8 
8 9 6 8 5 7 4 6 8 
7 11 6 10 5 9 4 8 8 
8 11 6 10 5 9 4 8 8 
7 13 6 12 5 11 4 10 8 
7 13 6 12 5 11 4 10 8 
7 7 5 6 3 5 2 4 8 
7 8 5 7 4 6 3 5 8 
6 7 4 6 3 5 2 4 8 
7 8 5 7 3 6 2 5 8 
6 8 4 7 3 6 2 5 8 
7 11 6 10 5 9 4 8 8 
7 11 6 10 5 9 4 8 8 
8 9 6 8 4 7 2 6 8 
6 8 4 7 3 6 2 5 8 
6 7 4 6 2 5 1 4 8 
8 9 6 8 5 7 4 6 8 
5 7 3 6 2 5 1 4 8 
7 12 6 11 5 10 4 9 8 
6 8 4 7 2 6 1 5 8 
7 12 6 11 5 10 4 9 8 
6 10 4 9 3 8 2 7 8 
6 9 4 8 2 7 1 6 8 
5 8 3 7 2 6 1 5 8 
6 8 4 7 2 6 1 5 8 
7 9 6 8 5 7 4 6 8 
6 9 4 8 3 7 2 6 8 
5 9 3 8 2 7 1 6 8 
5 8 3 7 2 6 1 5 8 
8 8 5 7 3 6 2 5 8 
7 9 5 8 3 7 2 6 8 
7 11 5 10 3 9 2 8 8 
6 12 4 11 3 10 2 9 8 
8 9 6 8 5 7 4 6 8 
6 11 4 10 2 9 1 8 8 
6 12 4 11 3 10 2 9 8 
6 10 4 9 2 8 1 7 8 
7 10 4 9 3 8 2 7 8 
7 7 3 6 1 5 0 4 8 
6 11 4 10 2 9 1 8 8 
7 9 4 8 2 7 1 6 8 
7 8 5 7 3 6 1 5 8 
6 9 4 8 2 7 1 6 8 
7 9 6 8 5 7 4 6 8 
5 11 3 10 2 9 1 8 8 
5 10 3 9 2 8 1 7 8 
5 11 3 10 2 9 1 8 8 
6 9 3 8 2 7 1 6 8 
8 8 4 7 2 6 1 5 8 
7 8 4 7 2 6 1 5 8 
5 9 3 8 2 7 1 6 8 
7 11 6 10 5 9 4 8 8 
6 11 4 10 3 9 2 8 8 
6 10 4 9 2 8 1 7 8 
6 8 3 7 2 6 1 5 8 
7 10 6 9 5 8 4 7 8 
8 8 4 7 3 6 2 5 8 
7 9 4 8 3 7 2 6 8 
8 8 5 7 3 6 2 5 8 
5 10 3 9 2 8 1 7 8 
6 12 4 11 2 10 1 9 8 
7 10 5 9 3 8 2 7 8 
6 12 4 11 2 10 1 9 8 
8 9 4 8 3 7 2 6 8 
7 10 4 9 2 8 1 7 8 
7 10 4 9 2 8 1 7 8 
8 10 6 9 5 8 4 7 8 
5 12 3 11 2 10 1 9 8 
5 12 3 11 2 10 1 9 8 
6 10 3 9 2 8 1 7 8 
8 8 4 7 1 6 0 5 8 
7 7 3 6 0 5 0 4 8 
6 10 3 9 2 8 1 7 8 
7 12 5 11 3 10 2 9 8 
7 11 4 10 3 9 2 8 8 
6 11 4 10 2 9 1 8 8 
7 8 3 7 1 6 0 5 8 
7 8 3 7 1 6 0 5 8 
6 7 2 6 0 5 0 4 8 
6 12 4 11 2 10 1 9 8 
7 9 4 8 2 7 1 6 8 
6 12 4 11 2 10 1 9 8 
7 8 4 7 3 6 2 5 8 
6 7 3 6 1 5 0 4 8 
7 10 4 9 3 8 2 7 8 
5 11 3 10 2 9 1 8 8 
7 7 4 6 2 5 1 4 8 
5 12 3 11 2 10 1 9 8 
6 9 3 8 2 7 1 6 8 
5 12 3 11 2 10 1 9 8 
6 13 4 12 3 11 2 10 8 
8 11 5 10 3 9 2 8 8 
6 13 4 12 3 11 2 10 8 
6 9 3 8 1 7 0 6 8 
SCORES_TXT_END_0
SCORES_TXT_BEGIN_0 138 100 9 BLEU
8 8 7 7 6 6 5 5 8 
7 7 5 6 4 5 3 4 8 
7 8 5 7 4 6 3 5 8 
7 9 5 8 4 7 3 6 8 
6 6 4 5 3 4 2 3 8 
7 11 5 10 4 9 3 8 8 
7 11 5 10 4 9 3 8 8 
8 10 6 9 5 8 4 7 8 
5 5 3 4 2 3 1 2 8 
7 7 5 6 3 5 1 4 8 
6 7 3 6 2 5 1 4 8 
6 7 3 6 2 5 1 4 8 
8 9 7 8 5 7 4 6 8 
7 8 5 7 4 6 3 5 8 
6 9 3 8 2 7 1 6 8 
8 12 6 11 5 10 4 9 8 
8 12 6 11 5 10 4 9 8 
7 10 5 9 4 8 3 7 8 
7 10 5 9 4 8 3 7 8 
6 7 5 6 4 5 3 4 8 
7 8 5 7 4 6 3 5 8 
5 5 2 4 1 3 0 2 8 
7 8 5 7 4 6 3 5 8 
8 9 6 8 5 7 4 6 8 
8 11 6 10 5 9 4 8 8 
5 7 2 6 1 5 0 4 8 
6 11 3 10 2 9 1 8 8 
6 11 3 10 2 9 1 8 8 
8 11 6 10 5 9 4 8 8 
7 10 5 9 4 8 3 7 8 
7 8 6 7 5 6 4 5 8 
7 10 4 9 3 8 2 7 8 
8 9 6 8 4 7 3 6 8 
7 9 5 8 3 7 2 6 8 
5 9 2 8 1 7 0 6 8 
7 7 3 6 2 5 1 4 8 
5 9 2 8 1 7 0 6 8 
6 8 3 7 2 6 1 5 8 
7 9 5 8 4 7 3 6 8 
7 12 4 11 3 10 2 9 8 
8 9 6 8 5 7 4 6 8 
7 12 4 11 3 10 2 9 8 
6 8 5 7 4 6 3 5 8 
6 8 5 7 4 6 3 5 8 
6 10 3 9 2 8 1 7 8 
6 10 3 9 2 8 1 7 8 
7 12 5 11 4 10 3 9 8 
7 12 5 11 4 10 3 9 8 
5 6 3 5 2 4 1 3 8 
7 8 5 7 3 6 1 5 8 
7 11 5 10 4 9 3 8 8 
6 8 3 7 2 6 1 5 8 
7 11 5 10 4 9 3 8 8 
5 7 3 6 2 5 1 4 8 
7 9 3 8 2 7 1 6 8 
6 8 3 7 2 6 1 5 8 
6 8 3 7 2 6 1 5 8 
5 5 1 4 0 3 0 2 8 
6 8 3 7 2 6 1 5 8 
7 7 3 6 1 5 0 4 8 
5 5 2 4 0 3 0 2 8 
7 9 5 8 4 7 3 6 8 
6 7 1 6 0 5 0 4 8 
7 9 4 8 3 7 2 6 8 
6 7 4 6 2 5 1 4 8 
5 6 2 5 1 4 0 3 8 
5 5 2 4 1 3 0 2 8 
7 11 4 10 3 9 2 8 8 
5 5 2 4 1 3 0 2 8 
8 8 5 7 3 6 1 5 8 
8 8 4 7 2 6 1 5 8 
5 7 1 6 0 5 0 4 8 
7 9 3 8 1 7 0 6 8 
5 5 1 4 0 3 0 2 8 
7 7 3 6 1 5 0 4 8 
5 8 2 7 1 6 0 5 8 
5 8 2 7 1 6 0 5 8 
6 9 1 8 0 7 0 6 8 
7 11 4 10 3 9 2 8 8 
6 10 3 9 2 8 1 7 8 
6 10 3 9 2 8 1 7 8 
6 7 1 6 0 5 0 4 8 
6 10 3 9 2 8 1 7 8 
6 6 3 5 2 4 1 3 8 
7 9 6 8 5 7 4 6 8 
4 5 2 4 1 3 0 2 8 
7 8 3 7 2 6 1 5 8 
5 6 2 5 1 4 0 3 8 
5 7 2 6 1 5 0 4 8 
7 9 6 8 5 7 4 6 8 
5 7 2 6 1 5 0 4 8 
7 7 3 6 2 5 1 4 8 
7 9 4 8 2 7 0 6 8 
6 6 2 5 0 4 0 3 8 
6 7 3 6 2 5 1 4 8 
7 8 4 7 1 6 0 5 8 
6 6 2 5 1 4 0 3 8 
6 7 1 6 0 5 0 4 8 
6 7 4 6 2 5 1 4 8 
6 8 4 7 3 6 2 5 8 
SCORES_TXT_END_0
SCORES_TXT_BEGIN_0 139 100 9 BLEU
6 6 5 5 4 4 3 3 6 
5 5 3 4 2 3 1 2 6 
5 6 4 5 3 4 2 3 6 
4 5 2 4 1 3 0 2 6 
5 10 4 9 3 8 2 7 6 
5 10 4 9 3 8 2 7 6 
6 8 4 7 3 6 2 5 6 
5 8 4 7 3 6 2 5 6 
4 9 2 8 1 7 0 6 6 
4 9 2 8 1 7 0 6 6 
5 7 2 6 1 5 0 4 6 
4 7 2 6 1 5 0 4 6 
6 7 5 6 3 5 2 4 6 
6 7 4 6 3 5 2 4 6 
5 9 4 8 3 7 2 6 6 
5 9 4 8 3 7 2 6 6 
6 6 2 5 1 4 0 3 6 
5 7 4 6 3 5 2 4 6 
4 8 2 7 1 6 0 5 6 
4 8 2 7 1 6 0 5 6 
5 7 4 6 3 5 2 4 6 
5 7 4 6 2 5 1 4 6 
4 6 2 5 1 4 0 3 6 
5 6 3 5 1 4 0 3 6 
4 5 1 4 0 3 0 2 6 
6 7 4 6 3 5 2 4 6 
6 7 4 6 3 5 2 4 6 
5 6 2 5 1 4 0 3 6 
5 7 4 6 3 5 2 4 6 
6 9 4 8 3 7 2 6 6 
6 6 2 5 1 4 0 3 6 
5 6 2 5 1 4 0 3 6 
5 6 2 5 1 4 0 3 6 
5 11 4 10 3 9 2 8 6 
5 5 0 4 0 3 0 2 6 
5 11 4 10 3 9 2 8 6 
5 6 2 5 1 4 0 3 6 
4 5 0 4 0 3 0 2 6 
5 11 4 10 2 9 1 8 6 
5 11 4 10 2 9 1 8 6 
6 9 4 8 2 7 1 6 6 
5 11 4 10 3 9 2 8 6 
5 11 4 10 3 9 2 8 6 
5 9 4 8 3 7 2 6 6 
6 9 4 8 3 7 2 6 6 
4 6 2 5 1 4 0 3 6 
6 6 2 5 0 4 0 3 6 
5 8 2 7 1 6 0 5 6 
4 6 2 5 1 4 0 3 6 
5 9 4 8 2 7 1 6 6 
5 10 2 9 1 8 0 7 6 
5 10 2 9 1 8 0 7 6 
3 5 0 4 0 3 0 2 6 
5 9 4 8 3 7 2 6 6 
4 6 2 5 1 4 0 3 6 
5 10 4 9 3 8 2 7 6 
4 10 2 9 1 8 0 7 6 
4 10 2 9 1 8 0 7 6 
4 8 2 7 1 6 0 5 6 
6 6 2 5 0 4 0 3 6 
5 10 4 9 3 8 2 7 6 
3 5 0 4 0 3 0 2 6 
6 8 2 7 1 6 0 5 6 
4 8 2 7 1 6 0 5 6 
5 6 2 5 1 4 0 3 6 
3 7 0 6 0 5 0 4 6 
4 5 0 4 0 3 0 2 6 
6 7 2 6 1 5 0 4 6 
5 8 2 7 1 6 0 5 6 
5 8 2 7 1 6 0 5 6 
5 5 2 4 1 3 0 2 6 
6 6 0 5 0 4 0 3 6 
4 7 0 6 0 5 0 4 6 
4 10 2 9 1 8 0 7 6 
5 9 2 8 1 7 0 6 6 
5 9 2 8 1 7 0 6 6 
6 6 3 5 2 4 1 3 6 
3 9 0 8 0 7 0 6 6 
5 5 1 4 0 3 0 2 6 
4 10 2 9 1 8 0 7 6 
5 6 2 5 0 4 0 3 6 
5 5 2 4 1 3 0 2 6 
3 9 0 8 0 7 0 6 6 
6 6 3 5 1 4 0 3 6 
6 6 3 5 2 4 1 3 6 
5 6 1 5 0 4 0 3 6 
5 8 2 7 0 6 0 5 6 
6 6 3 5 1 4 0 3 6 
5 5 1 4 0 3 0 2 6 
5 8 2 7 1 6 0 5 6 
4 7 0 6 0 5 0 4 6 
5 5 1 4 0 3 0 2 6 
5 6 3 5 2 4 1 3 6 
5 5 1 4 0 3 0 2 6 
4 5 0 4 0 3 0 2 6 
6 8 4 7 3 6 2 5 6 
6 6 3 5 2 4 1 3 6 
4 5 1 4 0 3 0 2 6 
6 6 2 5 1 4 0 3 6 
5 8 2 7 1 6 0 5 6 
SCORES_TXT_END_0
SCORES_TXT_BEGIN_0 140 16 9 BLEU
15 15 14 14 13 13 12 12 15 
14 14 12 13 10 12 8 11 15 
15 16 14 15 12 14 10 13 15 
14 15 12 14 10 13 8 12 15 
14 16 12 15 10 14 8 13 15 
14 15 12 14 10 13 8 12 15 
14 15 13 14 12 13 11 12 15 
14 14 12 13 10 12 8 11 15 
14 15 12 14 10 13 8 12 15 
14 15 12 14 11 13 10 12 15 
14 16 12 15 10 14 8 13 15 
14 15 12 14 10 13 8 12 15 
14 15 12 14 10 13 8 12 15 
14 16 12 15 10 14 8 13 15 
14 19 13 18 12 17 11 16 15 
14 19 13 18 12 17 11 16 15 
SCORES_TXT_END_0
SCORES_TXT_BEGIN_0 141 30 9 BLEU
14 14 13 13 12 12 11 11 14 
14 16 12 15 10 14 8 13 14 
14 16 12 15 10 14 8 13 14 
13 14 11 13 9 12 8 11 14 
14 15 12 14 10 13 8 12 14 
13 14 11 13 9 12 7 11 14 
14 15 12 14 10 13 8 12 14 
14 15 12 14 10 13 8 12 14 
13 15 11 14 9 13 7 12 14 
14 16 13 15 12 14 10 13 14 
14 15 12 14 11 13 10 12 14 
14 15 12 14 10 13 8 12 14 
14 18 13 17 12 16 10 15 14 
14 18 13 17 12 16 10 15 14 
13 13 11 12 9 11 7 10 14 
14 14 10 13 7 12 4 11 14 
14 15 12 14 10 13 8 12 14 
13 14 11 13 9 12 7 11 14 
12 13 8 12 6 11 4 10 14 
13 16 11 15 9 14 7 13 14 
13 16 11 15 9 14 7 13 14 
13 16 10 15 7 14 5 13 14 
14 15 12 14 11 13 10 12 14 
14 18 12 17 10 16 8 15 14 
13 14 10 13 7 12 4 11 14 
13 15 11 14 9 13 7 12 14 
13 14 11 13 9 12 7 11 14 
14 17 13 16 12 15 10 14 14 
13 13 11 12 9 11 7 10 14 
13 16 10 15 7 14 5 13 14 
SCORES_TXT_END_0
SCORES_TXT_BEGIN_0 142 24 9 BLEU
2 2 1 1 0 0 0 0 2 
2 4 0 3 0 2 0 1 2 
2 3 0 2 0 1 0 0 2 
2 6 0 5 0 4 0 3 2 
2 6 0 5 0 4 0 3 2 
2 3 0 2 0 1 0 0 2 
2 5 0 4 0 3 0 2 2 
2 5 0 4 0 3 0 2 2 
1 2 0 1 0 0 0 0 2 
2 3 0 2 0 1 0 0 2 
2 2 0 1 0 0 0 0 2 
1 2 0 1 0 0 0 0 2 
1 3 0 2 0 1 0 0 2 
1 3 0 2 0 1 0 0 2 
1 3 0 2 0 1 0 0 2 
1 3 0 2 0 1 0 0 2 
2 3 0 2 0 1 0 0 2 
2 4 0 3 0 2 0 1 2 
2 3 0 2 0 1 0 0 2 
2 3 0 2 0 1 0 0 2 
2 6 0 5 0 4 0 3 2 
2 6 0 5 0 4 0 3 2 
2 5 0 4 0 3 0 2 2 
2 5 0 4 0 3 0 2 2 
SCORES_TXT_END_0
SCORES_TXT_BEGIN_0 143 100 9 BLEU
5 5 4 4 3 3 2 2 5 
4 5 3 4 2 3 1 2 5 
4 9 3 8 2 7 1 6 5 
4 9 3 8 2 7 1 6 5 
5 7 3 6 2 5 1 4 5 
4 7 3 6 2 5 1 4 5 
5 6 3 5 2 4 1 3 5 
4 8 3 7 2 6 1 5 5 
4 8 3 7 2 6 1 5 5 
4 6 3 5 2 4 1 3 5 
4 5 2 4 0 3 0 2 5 
4 6 3 5 2 4 1 3 5 
5 6 3 5 2 4 1 3 5 
5 6 3 5 2 4 1 3 5 
5 5 1 4 0 3 0 2 5 
4 5 1 4 0 3 0 2 5 
4 6 3 5 2 4 1 3 5 
5 8 3 7 2 6 1 5 5 
4 10 3 9 2 8 1 7 5 
4 10 3 9 2 8 1 7 5 
3 5 1 4 0 3 0 2 5 
4 10 3 9 2 8 1 7 5 
4 10 3 9 2 8 1 7 5 
4 8 3 7 2 6 1 5 5 
5 8 3 7 2 6 1 5 5 
3 5 1 4 0 3 0 2 5 
3 7 1 6 0 5 0 4 5 
4 5 1 4 0 3 0 2 5 
4 8 3 7 2 6 1 5 5 
4 9 3 8 2 7 1 6 5 
4 9 3 8 2 7 1 6 5 
5 6 1 5 0 4 0 3 5 
4 7 1 6 0 5 0 4 5 
3 9 1 8 0 7 0 6 5 
5 5 2 4 1 3 0 2 5 
3 9 1 8 0 7 0 6 5 
5 5 2 4 1 3 0 2 5 
4 7 1 6 0 5 0 4 5 
5 5 2 4 0 3 0 2 5 
5 5 2 4 0 3 0 2 5 
3 7 1 6 0 5 0 4 5 
4 7 1 6 0 5 0 4 5 
3 9 1 8 0 7 0 6 5 
4 6 1 5 0 4 0 3 5 
3 9 1 8 0 7 0 6 5 
4 5 2 4 1 3 0 2 5 
4 9 1 8 0 7 0 6 5 
4 9 1 8 0 7 0 6 5 
4 5 2 4 1 3 0 2 5 
5 6 1 5 0 4 0 3 5 
5 7 1 6 0 5 0 4 5 
5 7 3 6 2 5 1 4 5 
4 8 1 7 0 6 0 5 5 
4 8 1 7 0 6 0 5 5 
4 6 1 5 0 4 0 3 5 
4 8 1 7 0 6 0 5 5 
4 6 1 5 0 4 0 3 5 
4 7 2 6 1 5 0 4 5 
4 6 1 5 0 4 0 3 5 
4 9 3 8 2 7 1 6 5 
4 9 3 8 2 7 1 6 5 
4 5 1 4 0 3 0 2 5 
4 5 2 4 0 3 0 2 5 
4 7 3 6 2 5 1 4 5 
4 6 1 5 0 4 0 3 5 
4 7 2 6 0 5 0 4 5 
5 5 3 4 1 3 0 2 5 
3 8 1 7 0 6 0 5 5 
3 8 1 7 0 6 0 5 5 
3 8 1 7 0 6 0 5 5 
3 8 1 7 0 6 0 5 5 
3 6 1 5 0 4 0 3 5 
4 5 1 4 0 3 0 2 5 
3 6 1 5 0 4 0 3 5 
4 5 2 4 0 3 0 2 5 
3 8 1 7 0 6 0 5 5 
5 5 3 4 2 3 1 2 5 
3 6 1 5 0 4 0 3 5 
4 6 1 5 0 4 0 3 5 
5 5 2 4 0 3 0 2 5 
5 6 1 5 0 4 0 3 5 
5 5 1 4 0 3 0 2 5 
3 8 1 7 0 6 0 5 5 
4 10 1 9 0 8 0 7 5 
4 10 1 9 0 8 0 7 5 
4 8 1 7 0 6 0 5 5 
5 8 1 7 0 6 0 5 5 
4 9 1 8 0 7 0 6 5 
4 9 1 8 0 7 0 6 5 
3 6 1 5 0 4 0 3 5 
3 10 1 9 0 8 0 7 5 
4 9 2 8 1 7 0 6 5 
3 6 1 5 0 4 0 3 5 
4 9 2 8 1 7 0 6 5 
5 6 2 5 1 4 0 3 5 
5 7 2 6 1 5 0 4 5 
4 8 2 7 1 6 0 5 5 
4 8 2 7 1 6 0 5 5 
3 10 1 9 0 8 0 7 5 
4 5 3 4 2 3 1 2 5 
SCORES_TXT_END_0
SCORES_TXT_BEGIN_0 144 100 9 BLEU
9 9 6 8 5 7 4 6 10 
9 10 6 9 5 8 4 7 10 
8 9 6 8 5 7 4 6 10 
9 9 5 8 3 7 2 6 10 
10 10 6 9 5 8 4 7 10 
9 11 8 10 7 9 6 8 10 
9 9 5 8 3 7 1 6 10 
10 10 6 9 3 8 2 7 10 
9 13 7 12 5 11 4 10 10 
9 13 7 12 5 11 4 10 10 
10 11 9 10 8 9 7 8 10 
10 10 6 9 3 8 0 7 10 
10 10 7 9 5 8 4 7 10 
8 10 6 9 5 8 4 7 10 
10 10 6 9 3 8 1 7 10 
9 9 5 8 3 7 2 6 10 
8 9 5 8 3 7 2 6 10 
8 10 6 9 5 8 4 7 10 
10 10 5 9 3 8 2 7 10 
9 9 5 8 3 7 1 6 10 
9 10 5 9 3 8 1 7 10 
9 10 6 9 5 8 4 7 10 
9 10 5 9 3 8 1 7 10 
9 12 7 11 5 10 4 9 10 
9 9 6 8 5 7 4 6 10 
10 11 6 10 5 9 4 8 10 
10 13 6 12 4 11 1 10 10 
9 12 8 11 7 10 6 9 10 
9 10 6 9 3 8 0 7 10 
10 11 7 10 4 9 1 8 10 
9 11 7 10 5 9 4 8 10 
9 14 7 13 5 12 4 11 10 
9 14 7 13 5 12 4 11 10 
9 12 6 11 3 10 0 9 10 
10 12 9 11 8 10 7 9 10 
10 11 6 10 4 9 2 8 10 
9 10 6 9 3 8 2 7 10 
10 10 5 9 3 8 1 7 10 
9 13 6 12 3 11 2 10 10 
8 9 5 8 3 7 1 6 10 
9 13 6 12 3 11 2 10 10 
10 11 8 10 6 9 5 8 10 
9 10 6 9 5 8 4 7 10 
10 12 6 11 3 10 2 9 10 
9 10 7 9 5 8 4 7 10 
9 13 5 12 3 11 1 10 10 
9 12 8 11 7 10 6 9 10 
10 12 6 11 3 10 2 9 10 
10 12 6 11 4 10 1 9 10 
8 10 5 9 3 8 1 7 10 
9 11 6 10 3 9 1 8 10 
8 10 5 9 3 8 1 7 10 
8 9 5 8 3 7 2 6 10 
8 11 6 10 5 9 4 8 10 
10 12 7 11 5 10 4 9 10 
9 11 7 10 5 9 3 8 10 
10 12 6 11 3 10 1 9 10 
9 14 7 13 5 12 4 11 10 
10 12 7 11 5 10 4 9 10 
9 14 7 13 5 12 4 11 10 
10 12 9 11 8 10 7 9 10 
10 10 7 9 4 8 1 7 10 
10 12 6 11 3 10 1 9 10 
9 10 6 9 3 8 1 7 10 
9 12 5 11 3 10 1 9 10 
10 11 6 10 3 9 2 8 10 
8 10 5 9 3 8 2 7 10 
9 10 5 9 3 8 2 7 10 
9 10 6 9 5 8 4 7 10 
9 10 5 9 2 8 1 7 10 
9 12 5 11 3 10 1 9 10 
10 11 6 10 3 9 2 8 10 
10 12 8 11 6 10 4 9 10 
9 13 7 12 5 11 4 10 10 
10 11 7 10 5 9 4 8 10 
9 12 5 11 3 10 1 9 10 
9 10 5 9 3 8 2 7 10 
10 11 6 10 3 9 2 8 10 
8 10 5 9 3 8 2 7 10 
10 11 6 10 3 9 1 8 10 
8 9 6 8 5 7 4 6 10 
9 12 7 11 5 10 3 9 10 
10 11 7 10 5 9 4 8 10 
9 12 6 11 3 10 2 9 10 
9 10 5 9 3 8 1 7 10 
8 9 5 8 3 7 1 6 10 
9 11 6 10 5 9 4 8 10 
9 10 5 9 3 8 2 7 10 
8 10 6 9 5 8 4 7 10 
10 11 7 10 5 9 4 8 10 
10 11 6 10 3 9 1 8 10 
9 9 5 8 2 7 0 6 10 
10 10 6 9 3 8 1 7 10 
9 10 6 9 5 8 4 7 10 
10 12 5 11 2 10 0 9 10 
9 10 6 9 5 8 4 7 10 
10 10 5 9 3 8 2 7 10 
10 13 8 12 6 11 4 10 10 
9 12 7 11 5 10 4 9 10 
8 9 4 8 2 7 1 6 10 
SCORES_TXT_END_0
SCORES_TXT_BEGIN_0 145 100 9 BLEU
13 13 12 12 11 11 10 10 13 
13 14 11 13 9 12 7 11 13 
13 15 11 14 9 13 7 12 13 
13 15 11 14 9 13 7 12 13 
13 16 10 15 7 14 5 13 13 
13 16 10 15 7 14 5 13 13 
13 14 11 13 9 12 7 11 13 
12 12 10 11 9 10 8 9 13 
13 14 11 13 9 12 7 11 13 
13 15 12 14 11 13 9 12 13 
13 14 11 13 9 12 7 11 13 
13 15 10 14 7 13 5 12 13 
13 14 11 13 10 12 9 11 13 
13 15 11 14 9 13 7 12 13 
13 15 10 14 7 13 5 12 13 
13 15 10 14 7 13 5 12 13 
13 17 12 16 11 15 9 14 13 
13 17 12 16 11 15 9 14 13 
13 16 11 15 9 14 6 13 13 
13 13 9 12 5 11 2 10 13 
12 13 9 12 7 11 5 10 13 
13 14 11 13 9 12 7 11 13 
13 15 10 14 7 13 5 12 13 
13 14 11 13 9 12 7 11 13 
13 15 10 14 8 13 6 12 13 
13 14 9 13 5 12 2 11 13 
13 14 12 13 11 12 10 11 13 
12 12 10 11 8 10 7 9 13 
12 13 9 12 6 11 5 10 13 
13 14 11 13 10 12 9 11 13 
13 14 12 13 11 12 10 11 13 
13 14 11 13 9 12 7 11 13 
13 16 12 15 11 14 9 13 13 
13 18 11 17 9 16 6 15 13 
13 18 11 17 9 16 6 15 13 
13 14 11 13 9 12 7 11 13 
13 14 12 13 10 12 9 11 13 
13 13 10 12 7 11 5 10 13 
12 13 10 12 8 11 6 10 13 
11 11 7 10 4 9 2 8 13 
12 13 10 12 8 11 6 10 13 
13 16 12 15 11 14 9 13 13 
13 13 9 12 5 11 3 10 13 
13 15 10 14 7 13 5 12 13 
13 14 11 13 9 12 7 11 13 
13 14 10 13 6 12 3 11 13 
13 14 10 13 7 12 5 11 13 
12 13 8 12 5 11 3 10 13 
12 13 9 12 7 11 5 10 13 
13 13 9 12 8 11 7 10 13 
13 14 9 13 5 12 2 11 13 
13 13 9 12 6 11 3 10 13 
12 13 10 12 9 11 8 10 13 
12 13 8 12 5 11 2 10 13 
13 14 9 13 5 12 3 11 13 
13 15 11 14 9 13 7 12 13 
13 15 9 14 5 13 2 12 13 
11 12 7 11 4 10 2 9 13 
12 13 8 12 5 11 3 10 13 
13 14 11 13 9 12 7 11 13 
12 13 11 12 10 11 9 10 13 
12 14 8 13 5 12 2 11 13 
13 15 10 14 8 13 6 12 13 
13 14 10 13 7 12 5 11 13 
12 14 9 13 7 12 5 11 13 
13 14 11 13 9 12 8 11 13 
12 13 10 12 8 11 6 10 13 
12 14 8 13 5 12 3 11 13 
12 14 9 13 6 12 4 11 13 
13 15 10 14 7 13 4 12 13 
13 17 11 16 9 15 6 14 13 
13 14 8 13 5 12 3 11 13 
13 13 10 12 8 11 6 10 13 
13 14 9 13 5 12 3 11 13 
13 15 11 14 9 13 7 12 13 
13 13 9 12 6 11 4 10 13 
13 16 11 15 9 14 7 13 13 
12 13 9 12 8 11 7 10 13 
13 15 11 14 9 13 7 12 13 
13 16 11 15 9 14 7 13 13 
13 15 10 14 6 13 3 12 13 
12 14 8 13 6 12 5 11 13 
12 14 10 13 8 12 6 11 13 
13 15 10 14 7 13 4 12 13 
13 15 10 14 7 13 5 12 13 
11 11 7 10 5 9 3 8 13 
12 14 8 13 5 12 3 11 13 
12 14 10 13 8 12 6 11 13 
13 15 11 14 8 13 6 12 13 
11 11 8 10 6 9 5 8 13 
13 17 11 16 9 15 6 14 13 
13 15 11 14 9 13 7 12 13 
13 15 11 14 9 13 7 12 13 
13 15 9 14 5 13 3 12 13 
13 14 8 13 6 12 5 11 13 
13 17 11 16 9 15 7 14 13 
12 14 8 13 5 12 3 11 13 
13 15 11 14 9 13 7 12 13 
11 12 7 11 4 10 2 9 13 
13 14 11 13 9 12 8 11 13 
SCORES_TXT_END_0
SCORES_TXT_BEGIN_0 146 100 9 BLEU
6 6 5 5 4 4 3 3 6 
6 8 4 7 3 6 2 5 6 
5 6 4 5 3 4 2 3 6 
5 8 4 7 3 6 2 5 6 
5 10 4 9 3 8 2 7 6 
5 10 4 9 3 8 2 7 6 
3 6 1 5 0 4 0 3 6 
2 6 1 5 0 4 0 3 6 
4 6 1 5 0 4 0 3 6 
5 9 4 8 3 7 2 6 6 
5 9 4 8 3 7 2 6 6 
3 6 1 5 0 4 0 3 6 
3 8 1 7 0 6 0 5 6 
2 8 1 7 0 6 0 5 6 
6 7 4 6 3 5 2 4 6 
5 7 4 6 3 5 2 4 6 
4 8 1 7 0 6 0 5 6 
3 8 1 7 0 6 0 5 6 
2 10 1 9 0 8 0 7 6 
2 10 1 9 0 8 0 7 6 
4 6 1 5 0 4 0 3 6 
3 7 1 6 0 5 0 4 6 
3 6 1 5 0 4 0 3 6 
3 10 1 9 0 8 0 7 6 
2 9 1 8 0 7 0 6 6 
3 10 1 9 0 8 0 7 6 
2 9 1 8 0 7 0 6 6 
3 7 1 6 0 5 0 4 6 
3 7 1 6 0 5 0 4 6 
2 7 1 6 0 5 0 4 6 
3 6 1 5 0 4 0 3 6 
4 7 1 6 0 5 0 4 6 
3 8 1 7 0 6 0 5 6 
3 7 1 6 0 5 0 4 6 
2 7 1 6 0 5 0 4 6 
3 7 1 6 0 5 0 4 6 
3 9 1 8 0 7 0 6 6 
2 6 1 5 0 4 0 3 6 
3 7 1 6 0 5 0 4 6 
3 9 1 8 0 7 0 6 6 
3 7 1 6 0 5 0 4 6 
4 6 1 5 0 4 0 3 6 
2 8 1 7 0 6 0 5 6 
3 7 1 6 0 5 0 4 6 
3 7 1 6 0 5 0 4 6 
3 7 1 6 0 5 0 4 6 
3 7 1 6 0 5 0 4 6 
3 7 1 6 0 5 0 4 6 
3 7 1 6 0 5 0 4 6 
6 6 3 5 1 4 0 3 6 
3 7 1 6 0 5 0 4 6 
3 7 1 6 0 5 0 4 6 
6 6 4 5 3 4 2 3 6 
3 7 1 6 0 5 0 4 6 
4 6 1 5 0 4 0 3 6 
3 7 1 6 0 5 0 4 6 
2 7 1 6 0 5 0 4 6 
3 6 1 5 0 4 0 3 6 
3 7 1 6 0 5 0 4 6 
2 10 1 9 0 8 0 7 6 
2 10 1 9 0 8 0 7 6 
2 7 1 6 0 5 0 4 6 
3 7 1 6 0 5 0 4 6 
2 7 1 6 0 5 0 4 6 
3 7 1 6 0 5 0 4 6 
3 9 1 8 0 7 0 6 6 
3 7 1 6 0 5 0 4 6 
2 7 1 6 0 5 0 4 6 
6 6 3 5 1 4 0 3 6 
2 7 1 6 0 5 0 4 6 
3 7 1 6 0 5 0 4 6 
2 11 1 10 0 9 0 8 6 
3 7 1 6 0 5 0 4 6 
2 11 1 10 0 9 0 8 6 
3 7 1 6 0 5 0 4 6 
3 6 1 5 0 4 0 3 6 
2 7 1 6 0 5 0 4 6 
3 7 1 6 0 5 0 4 6 
2 10 1 9 0 8 0 7 6 
5 6 4 5 3 4 2 3 6 
3 7 1 6 0 5 0 4 6 
3 10 1 9 0 8 0 7 6 
2 10 1 9 0 8 0 7 6 
3 10 1 9 0 8 0 7 6 
2 10 1 9 0 8 0 7 6 
2 11 1 10 0 9 0 8 6 
3 6 1 5 0 4 0 3 6 
3 7 1 6 0 5 0 4 6 
2 10 1 9 0 8 0 7 6 
2 11 1 10 0 9 0 8 6 
2 9 1 8 0 7 0 6 6 
4 7 1 6 0 5 0 4 6 
4 8 1 7 0 6 0 5 6 
3 9 1 8 0 7 0 6 6 
2 7 1 6 0 5 0 4 6 
3 9 1 8 0 7 0 6 6 
3 7 1 6 0 5 0 4 6 
3 9 1 8 0 7 0 6 6 
2 9 1 8 0 7 0 6 6 
3 6 1 5 0 4 0 3 6 
SCORES_TXT_END_0
SCORES_TXT_BEGIN_0 147 100 9 BLEU
6 6 5 5 4 4 3 3 6 
5 10 4 9 3 8 2 7 6 
5 10 4 9 3 8 2 7 6 
6 10 4 9 3 8 2 7 6 
6 10 4 9 3 8 2 7 6 
6 8 4 7 3 6 2 5 6 
5 8 4 7 3 6 2 5 6 
5 6 4 5 3 4 2 3 6 
6 7 4 6 3 5 2 4 6 
5 9 4 8 3 7 2 6 6 
5 9 4 8 3 7 2 6 6 
5 7 4 6 3 5 2 4 6 
6 9 4 8 3 7 2 6 6 
6 9 4 8 3 7 2 6 6 
6 9 4 8 3 7 2 6 6 
5 9 4 8 3 7 2 6 6 
5 9 4 8 3 7 2 6 6 
6 7 5 6 4 5 3 4 6 
6 8 4 7 3 6 2 5 6 
6 7 4 6 3 5 2 4 6 
6 7 5 6 4 5 3 4 6 
5 11 4 10 3 9 2 8 6 
5 11 4 10 3 9 2 8 6 
5 14 4 13 3 12 2 11 6 
5 14 4 13 3 12 2 11 6 
6 9 4 8 3 7 2 6 6 
5 14 4 13 3 12 2 11 6 
5 14 4 13 3 12 2 11 6 
5 6 3 5 1 4 0 3 6 
6 7 4 6 3 5 2 4 6 
6 7 4 6 2 5 0 4 6 
6 12 4 11 3 10 2 9 6 
6 12 4 11 3 10 2 9 6 
5 10 4 9 3 8 2 7 6 
5 10 4 9 3 8 2 7 6 
5 12 4 11 3 10 2 9 6 
5 12 4 11 3 10 2 9 6 
5 12 4 11 3 10 2 9 6 
6 9 4 8 3 7 2 6 6 
5 8 4 7 3 6 2 5 6 
5 12 4 11 3 10 2 9 6 
5 13 4 12 3 11 2 10 6 
6 8 4 7 3 6 2 5 6 
5 13 4 12 3 11 2 10 6 
5 13 4 12 3 11 2 10 6 
5 13 4 12 3 11 2 10 6 
6 10 4 9 3 8 2 7 6 
5 10 4 9 3 8 2 7 6 
5 10 4 9 3 8 2 7 6 
6 9 4 8 3 7 2 6 6 
6 8 4 7 3 6 2 5 6 
5 8 2 7 1 6 0 5 6 
6 7 5 6 4 5 3 4 6 
6 9 4 8 3 7 2 6 6 
6 8 5 7 4 6 3 5 6 
6 7 5 6 4 5 3 4 6 
6 7 5 6 4 5 3 4 6 
6 7 4 6 2 5 0 4 6 
6 7 5 6 4 5 3 4 6 
5 8 2 7 1 6 0 5 6 
5 10 4 9 3 8 2 7 6 
6 7 4 6 2 5 1 4 6 
4 8 2 7 1 6 0 5 6 
5 11 4 10 3 9 2 8 6 
6 7 4 6 2 5 1 4 6 
5 11 4 10 3 9 2 8 6 
6 8 4 7 3 6 2 5 6 
5 9 4 8 3 7 2 6 6 
6 8 2 7 1 6 0 5 6 
6 6 2 5 1 4 0 3 6 
5 6 2 5 1 4 0 3 6 
5 8 2 7 1 6 0 5 6 
4 8 2 7 1 6 0 5 6 
6 7 4 6 3 5 2 4 6 
5 8 4 7 3 6 2 5 6 
6 8 4 7 3 6 2 5 6 
6 11 4 10 3 9 2 8 6 
6 11 4 10 3 9 2 8 6 
6 8 5 7 3 6 1 5 6 
4 6 2 5 1 4 0 3 6 
6 8 5 7 4 6 3 5 6 
6 7 5 6 4 5 3 4 6 
6 11 4 10 3 9 2 8 6 
6 9 4 8 3 7 2 6 6 
5 10 2 9 1 8 0 7 6 
4 10 2 9 1 8 0 7 6 
6 8 5 7 4 6 3 5 6 
5 12 4 11 3 10 2 9 6 
5 12 4 11 3 10 2 9 6 
6 11 4 10 3 9 2 8 6 
6 10 4 9 3 8 2 7 6 
6 8 4 7 3 6 2 5 6 
6 10 4 9 3 8 2 7 6 
4 10 2 9 1 8 0 7 6 
5 11 4 10 3 9 2 8 6 
5 11 4 10 3 9 2 8 6 
5 10 2 9 1 8 0 7 6 
6 10 4 9 3 8 2 7 6 
6 8 4 7 3 6 2 5 6 
5 7 4 6 3 5 2 4 6 
SCORES_TXT_END_0
SCORES_TXT_BEGIN_0 148 24 9 BLEU
12 12 11 11 10 10 9 9 12 
11 12 10 11 9 10 8 9 12 
12 13 11 12 9 11 7 10 12 
11 16 10 15 9 14 8 13 12 
11 16 10 15 9 14 8 13 12 
12 13 10 12 8 11 7 10 12 
12 13 10 12 8 11 7 10 12 
12 14 10 13 9 12 8 11 12 
12 12 8 11 7 10 6 9 12 
11 14 10 13 9 12 8 11 12 
11 15 10 14 9 13 8 12 12 
11 15 10 14 9 13 8 12 12 
12 13 10 12 8 11 7 10 12 
12 13 10 12 8 11 6 10 12 
12 13 10 12 8 11 6 10 12 
12 13 10 12 8 11 7 10 12 
12 13 10 12 9 11 8 10 12 
12 13 10 12 9 11 8 10 12 
12 12 9 11 5 10 3 9 12 
11 12 8 11 7 10 6 9 12 
12 12 8 11 5 10 4 9 12 
11 13 10 12 8 11 6 10 12 
11 14 8 13 7 12 6 11 12 
11 12 9 11 7 10 5 9 12 
SCORES_TXT_END_0
SCORES_TXT_BEGIN_0 149 100 9 BLEU
9 9 8 8 7 7 6 6 9 
8 9 7 8 6 7 5 6 9 
8 11 7 10 6 9 5 8 9 
9 11 7 10 6 9 5 8 9 
8 8 6 7 4 6 2 5 9 
9 10 7 9 6 8 5 7 9 
7 8 5 7 3 6 1 5 9 
8 9 6 8 4 7 3 6 9 
7 10 5 9 3 8 1 7 9 
8 9 6 8 4 7 3 6 9 
7 9 5 8 4 7 3 6 9 
9 10 7 9 5 8 4 7 9 
7 9 5 8 4 7 3 6 9 
8 13 7 12 6 11 5 10 9 
8 13 7 12 6 11 5 10 9 
7 11 5 10 4 9 3 8 9 
8 10 7 9 6 8 5 7 9 
7 11 5 10 4 9 3 8 9 
8 12 7 11 6 10 5 9 9 
8 12 7 11 6 10 5 9 9 
8 12 7 11 6 10 5 9 9 
8 10 6 9 4 8 3 7 9 
8 10 5 9 3 8 1 7 9 
8 12 6 11 4 10 3 9 9 
8 9 6 8 4 7 3 6 9 
8 10 7 9 6 8 5 7 9 
8 10 7 9 6 8 5 7 9 
8 11 5 10 4 9 3 8 9 
8 12 7 11 6 10 5 9 9 
8 11 5 10 4 9 3 8 9 
9 10 7 9 6 8 5 7 9 
8 14 7 13 6 12 5 11 9 
8 14 7 13 6 12 5 11 9 
8 9 5 8 3 7 2 6 9 
9 12 7 11 6 10 5 9 9 
8 13 7 12 6 11 5 10 9 
8 13 7 12 6 11 5 10 9 
8 9 5 8 4 7 3 6 9 
7 9 5 8 4 7 3 6 9 
7 11 5 10 4 9 3 8 9 
9 12 6 11 4 10 3 9 9 
8 9 5 8 3 7 1 6 9 
9 9 5 8 4 7 3 6 9 
8 9 6 8 4 7 3 6 9 
9 10 7 9 6 8 5 7 9 
8 11 7 10 6 9 5 8 9 
7 9 4 8 2 7 1 6 9 
9 9 5 8 3 7 2 6 9 
7 8 4 7 1 6 0 5 9 
8 8 4 7 2 6 0 5 9 
8 10 5 9 4 8 3 7 9 
7 11 4 10 2 9 1 8 9 
7 8 4 7 1 6 0 5 9 
9 9 5 8 3 7 2 6 9 
9 12 7 11 6 10 5 9 9 
9 11 7 10 6 9 5 8 9 
9 9 6 8 4 7 3 6 9 
6 8 3 7 1 6 0 5 9 
7 9 5 8 4 7 3 6 9 
9 9 6 8 4 7 2 6 9 
7 9 5 8 4 7 3 6 9 
6 8 3 7 1 6 0 5 9 
8 9 5 8 3 7 2 6 9 
8 8 4 7 2 6 1 5 9 
7 12 5 11 3 10 1 9 9 
7 12 5 11 3 10 1 9 9 
9 9 5 8 3 7 2 6 9 
6 10 3 9 1 8 0 7 9 
7 11 5 10 4 9 3 8 9 
9 9 6 8 5 7 4 6 9 
7 11 5 10 4 9 3 8 9 
7 9 5 8 3 7 1 6 9 
8 8 5 7 3 6 1 5 9 
6 10 3 9 1 8 0 7 9 
8 14 7 13 6 12 5 11 9 
8 9 5 8 4 7 3 6 9 
8 11 5 10 4 9 3 8 9 
8 14 7 13 6 12 5 11 9 
7 13 5 12 4 11 3 10 9 
7 13 5 12 4 11 3 10 9 
8 9 5 8 3 7 2 6 9 
7 13 5 12 4 11 3 10 9 
7 13 5 12 4 11 3 10 9 
8 9 4 8 3 7 2 6 9 
7 11 5 10 3 9 1 8 9 
7 11 5 10 3 9 1 8 9 
7 10 5 9 4 8 3 7 9 
7 11 5 10 3 9 1 8 9 
8 10 5 9 4 8 3 7 9 
9 9 4 8 3 7 2 6 9 
9 11 6 10 4 9 3 8 9 
9 10 6 9 4 8 3 7 9 
8 11 5 10 4 9 3 8 9 
8 9 5 8 4 7 3 6 9 
7 13 5 12 4 11 3 10 9 
7 13 5 12 4 11 3 10 9 
9 9 5 8 2 7 0 6 9 
7 8 4 7 2 6 0 5 9 
8 9 4 8 3 7 2 6 9 
8 11 5 10 3 9 2 8 9 
SCORES_TXT_END_0
SCORES_TXT_BEGIN_0 150 100 9 BLEU
7 7 6 6 5 5 4 4 7 
6 7 5 6 4 5 3 4 7 
6 9 5 8 4 7 3 6 7 
6 11 5 10 4 9 3 8 7 
6 11 5 10 4 9 3 8 7 
7 9 5 8 4 7 3 6 7 
6 8 5 7 4 6 3 5 7 
6 10 5 9 4 8 3 7 7 
7 8 6 7 4 6 3 5 7 
6 10 5 9 4 8 3 7 7 
7 8 6 7 5 6 4 5 7 
6 10 5 9 4 8 3 7 7 
7 8 5 7 3 6 2 5 7 
7 8 5 7 4 6 3 5 7 
7 8 5 7 4 6 3 5 7 
7 10 5 9 4 8 3 7 7 
6 8 4 7 3 6 2 5 7 
6 8 5 7 4 6 3 5 7 
6 10 4 9 3 8 2 7 7 
6 8 5 7 3 6 2 5 7 
6 12 5 11 4 10 3 9 7 
6 12 5 11 4 10 3 9 7 
7 8 5 7 4 6 3 5 7 
7 9 6 8 5 7 4 6 7 
6 8 5 7 4 6 3 5 7 
7 7 3 6 2 5 1 4 7 
6 10 5 9 3 8 2 7 7 
7 7 3 6 1 5 0 4 7 
6 8 5 7 4 6 3 5 7 
6 10 5 9 4 8 3 7 7 
7 7 4 6 2 5 1 4 7 
7 9 6 8 5 7 4 6 7 
6 10 5 9 4 8 3 7 7 
7 7 3 6 1 5 0 4 7 
6 12 5 11 3 10 2 9 7 
6 12 5 11 3 10 2 9 7 
7 10 5 9 3 8 2 7 7 
6 9 4 8 3 7 2 6 7 
7 8 5 7 3 6 1 5 7 
7 8 5 7 3 6 1 5 7 
7 7 3 6 0 5 0 4 7 
6 7 4 6 2 5 0 4 7 
7 10 4 9 3 8 2 7 7 
7 8 5 7 3 6 2 5 7 
6 11 4 10 3 9 2 8 7 
7 8 6 7 5 6 4 5 7 
7 9 6 8 5 7 4 6 7 
6 12 5 11 4 10 3 9 7 
6 12 5 11 4 10 3 9 7 
7 9 6 8 4 7 3 6 7 
6 7 3 6 1 5 0 4 7 
7 10 5 9 4 8 3 7 7 
6 7 3 6 2 5 1 4 7 
7 8 4 7 2 6 1 5 7 
7 8 5 7 3 6 1 5 7 
6 11 5 10 4 9 3 8 7 
6 11 5 10 4 9 3 8 7 
6 12 5 11 4 10 3 9 7 
6 12 5 11 4 10 3 9 7 
7 8 4 7 1 6 0 5 7 
6 9 3 8 1 7 0 6 7 
7 10 5 9 4 8 3 7 7 
6 12 4 11 3 10 2 9 7 
6 11 5 10 4 9 3 8 7 
6 9 5 8 4 7 3 6 7 
6 12 4 11 3 10 2 9 7 
6 11 5 10 4 9 3 8 7 
7 8 5 7 3 6 2 5 7 
6 7 2 6 1 5 0 4 7 
7 7 3 6 1 5 0 4 7 
6 9 2 8 1 7 0 6 7 
7 9 4 8 3 7 2 6 7 
7 9 5 8 3 7 1 6 7 
6 11 4 10 3 9 2 8 7 
7 7 4 6 2 5 1 4 7 
6 11 4 10 3 9 2 8 7 
7 8 5 7 3 6 2 5 7 
7 9 6 8 4 7 3 6 7 
7 8 5 7 3 6 1 5 7 
7 8 6 7 5 6 4 5 7 
6 9 5 8 4 7 3 6 7 
6 9 5 8 4 7 3 6 7 
6 11 5 10 4 9 3 8 7 
6 7 2 6 0 5 0 4 7 
7 9 4 8 3 7 2 6 7 
7 7 3 6 0 5 0 4 7 
6 9 2 8 0 7 0 6 7 
7 9 5 8 3 7 2 6 7 
6 9 5 8 4 7 3 6 7 
7 9 6 8 4 7 3 6 7 
7 8 5 7 3 6 1 5 7 
7 10 6 9 5 8 4 7 7 
6 11 3 10 2 9 1 8 7 
6 9 5 8 3 7 2 6 7 
7 8 5 7 3 6 1 5 7 
6 8 4 7 2 6 0 5 7 
6 11 3 10 2 9 1 8 7 
6 8 4 7 2 6 0 5 7 
7 10 6 9 4 8 3 7 7 
7 11 4 10 3 9 2 8 7 
SCORES_TXT_END_0
SCORES_TXT_BEGIN_0 151 100 9 BLEU
9 9 8 8 7 7 6 6 9 
9 10 7 9 5 8 3 7 9 
8 9 7 8 6 7 5 6 9 
9 10 8 9 6 8 4 7 9 
9 9 5 8 4 7 3 6 9 
8 13 7 12 6 11 5 10 9 
8 13 7 12 6 11 5 10 9 
9 9 5 8 2 7 0 6 9 
8 10 6 9 4 8 2 7 9 
9 11 7 10 6 9 5 8 9 
9 11 7 10 5 9 3 8 9 
9 10 7 9 5 8 4 7 9 
9 10 7 9 5 8 4 7 9 
8 11 7 10 6 9 5 8 9 
9 9 5 8 3 7 2 6 9 
8 12 7 11 6 10 5 9 9 
9 10 7 9 5 8 3 7 9 
9 9 5 8 3 7 1 6 9 
8 12 7 11 6 10 5 9 9 
9 10 7 9 5 8 3 7 9 
8 9 5 8 4 7 3 6 9 
9 10 7 9 5 8 3 7 9 
9 10 7 9 5 8 4 7 9 
9 10 4 9 3 8 2 7 9 
8 11 5 10 4 9 3 8 9 
8 14 6 13 4 12 2 11 9 
8 14 6 13 4 12 2 11 9 
8 10 7 9 5 8 3 7 9 
9 10 7 9 5 8 4 7 9 
9 10 6 9 4 8 3 7 9 
9 10 7 9 6 8 5 7 9 
9 10 7 9 6 8 5 7 9 
9 10 7 9 5 8 4 7 9 
9 10 5 9 3 8 2 7 9 
9 12 6 11 4 10 2 9 9 
9 9 5 8 2 7 0 6 9 
9 10 5 9 4 8 3 7 9 
9 9 5 8 3 7 2 6 9 
9 11 6 10 3 9 2 8 9 
8 9 5 8 3 7 2 6 9 
9 11 8 10 6 9 4 8 9 
9 10 7 9 6 8 5 7 9 
8 9 5 8 3 7 1 6 9 
9 11 6 10 3 9 2 8 9 
8 12 6 11 4 10 2 9 9 
9 10 8 9 7 8 6 7 9 
8 9 4 8 2 7 0 6 9 
8 13 6 12 4 11 2 10 9 
8 11 5 10 3 9 2 8 9 
8 13 6 12 4 11 2 10 9 
9 11 6 10 4 9 2 8 9 
9 10 7 9 6 8 5 7 9 
8 11 5 10 3 9 1 8 9 
8 10 4 9 3 8 2 7 9 
9 10 5 9 4 8 3 7 9 
9 10 7 9 6 8 5 7 9 
9 11 6 10 4 9 2 8 9 
9 10 7 9 6 8 5 7 9 
8 14 7 13 5 12 3 11 9 
8 14 7 13 5 12 3 11 9 
9 9 6 8 5 7 4 6 9 
9 10 7 9 5 8 3 7 9 
8 12 4 11 3 10 2 9 9 
8 10 6 9 4 8 3 7 9 
8 13 5 12 4 11 3 10 9 
8 10 7 9 6 8 5 7 9 
9 10 5 9 4 8 3 7 9 
8 13 5 12 4 11 3 10 9 
9 10 7 9 5 8 3 7 9 
9 10 5 9 4 8 3 7 9 
8 11 6 10 4 9 2 8 9 
8 10 6 9 5 8 4 7 9 
9 10 5 9 3 8 2 7 9 
9 11 5 10 4 9 3 8 9 
9 9 5 8 3 7 2 6 9 
9 11 6 10 3 9 2 8 9 
9 10 7 9 5 8 3 7 9 
9 10 5 9 4 8 3 7 9 
8 12 5 11 4 10 3 9 9 
9 11 5 10 3 9 2 8 9 
9 10 5 9 4 8 3 7 9 
8 10 7 9 6 8 5 7 9 
9 11 6 10 4 9 2 8 9 
8 12 5 11 4 10 3 9 9 
8 10 5 9 3 8 2 7 9 
9 10 5 9 4 8 3 7 9 
9 12 7 11 5 10 3 9 9 
8 10 6 9 5 8 4 7 9 
8 10 5 9 4 8 3 7 9 
9 11 6 10 3 9 2 8 9 
8 10 6 9 4 8 2 7 9 
8 12 6 11 4 10 3 9 9 
9 10 5 9 4 8 3 7 9 
8 10 7 9 6 8 5 7 9 
8 12 7 11 6 10 5 9 9 
9 11 6 10 4 9 2 8 9 
9 10 5 9 4 8 3 7 9 
8 10 6 9 4 8 3 7 9 
9 10 5 9 1 8 0 7 9 
9 10 5 9 2 8 0 7 9 
SCORES_TXT_END_0
SCORES_TXT_BEGIN_0 152 69 9 BLEU
8 8 7 7 6 6 5 5 8 
7 8 5 7 3 6 2 5 8 
7 8 6 7 5 6 4 5 8 
6 8 4 7 2 6 1 5 8 
7 8 5 7 3 6 2 5 8 
8 10 6 9 5 8 4 7 8 
6 8 4 7 2 6 1 5 8 
7 10 6 9 5 8 4 7 8 
7 10 4 9 2 8 1 7 8 
6 10 4 9 2 8 1 7 8 
8 9 6 8 4 7 2 6 8 
7 9 4 8 2 7 1 6 8 
7 8 5 7 3 6 2 5 8 
7 9 4 8 2 7 1 6 8 
7 10 4 9 2 8 1 7 8 
8 9 6 8 5 7 4 6 8 
7 8 5 7 4 6 3 5 8 
6 10 4 9 2 8 1 7 8 
7 8 5 7 3 6 2 5 8 
7 9 5 8 3 7 1 6 8 
7 9 4 8 2 7 1 6 8 
7 12 6 11 5 10 4 9 8 
7 12 6 11 5 10 4 9 8 
6 8 4 7 3 6 2 5 8 
6 9 3 8 1 7 0 6 8 
6 8 4 7 3 6 2 5 8 
6 9 3 8 1 7 0 6 8 
6 12 4 11 2 10 1 9 8 
6 12 4 11 2 10 1 9 8 
6 8 4 7 3 6 2 5 8 
6 8 4 7 3 6 2 5 8 
6 8 4 7 3 6 2 5 8 
8 9 7 8 5 7 4 6 8 
7 9 6 8 5 7 4 6 8 
7 9 4 8 2 7 1 6 8 
8 9 6 8 4 7 3 6 8 
7 11 6 10 5 9 4 8 8 
7 11 6 10 5 9 4 8 8 
8 9 6 8 5 7 4 6 8 
8 9 7 8 6 7 5 6 8 
5 8 3 7 2 6 1 5 8 
7 8 5 7 3 6 2 5 8 
6 9 4 8 2 7 1 6 8 
8 11 5 10 3 9 1 8 8 
7 10 4 9 3 8 2 7 8 
7 9 5 8 3 7 2 6 8 
6 12 4 11 2 10 1 9 8 
8 8 4 7 3 6 2 5 8 
6 12 4 11 2 10 1 9 8 
7 9 5 8 3 7 2 6 8 
6 11 4 10 2 9 1 8 8 
7 9 5 8 4 7 3 6 8 
7 9 5 8 3 7 2 6 8 
7 11 3 10 1 9 0 8 8 
5 8 3 7 2 6 1 5 8 
6 11 4 10 2 9 1 8 8 
7 9 6 8 5 7 4 6 8 
7 9 5 8 3 7 2 6 8 
7 9 6 8 4 7 3 6 8 
7 11 5 10 3 9 1 8 8 
7 11 3 10 1 9 0 8 8 
6 10 4 9 3 8 2 7 8 
7 13 6 12 5 11 4 10 8 
7 13 6 12 5 11 4 10 8 
7 8 5 7 3 6 1 5 8 
7 8 2 7 0 6 0 5 8 
6 11 3 10 1 9 0 8 8 
7 9 5 8 3 7 2 6 8 
8 9 6 8 4 7 3 6 8 
SCORES_TXT_END_0
SCORES_TXT_BEGIN_0 153 100 9 BLEU
4 4 2 3 1 2 0 1 6 
6 6 5 5 4 4 3 3 6 
5 6 4 5 3 4 2 3 6 
6 7 4 6 2 5 0 4 6 
5 7 3 6 1 5 0 4 6 
3 4 2 3 1 2 0 1 6 
5 8 3 7 1 6 0 5 6 
5 8 3 7 1 6 0 5 6 
6 8 4 7 2 6 0 5 6 
6 8 4 7 2 6 0 5 6 
5 9 3 8 1 7 0 6 6 
5 9 3 8 1 7 0 6 6 
4 5 2 4 1 3 0 2 6 
3 5 2 4 1 3 0 2 6 
6 9 4 8 2 7 0 6 6 
6 9 4 8 2 7 0 6 6 
5 5 2 4 1 3 0 2 6 
5 5 2 4 1 3 0 2 6 
5 5 3 4 1 3 0 2 6 
5 7 3 6 1 5 0 4 6 
5 7 4 6 3 5 2 4 6 
6 6 2 5 1 4 0 3 6 
5 7 3 6 1 5 0 4 6 
3 4 1 3 0 2 0 1 6 
5 5 1 4 0 3 0 2 6 
4 5 2 4 1 3 0 2 6 
6 7 4 6 3 5 2 4 6 
5 7 3 6 2 5 1 4 6 
5 8 3 7 1 6 0 5 6 
6 6 3 5 2 4 1 3 6 
5 6 4 5 3 4 2 3 6 
6 7 4 6 2 5 0 4 6 
6 7 4 6 2 5 0 4 6 
5 6 2 5 1 4 0 3 6 
5 8 3 7 1 6 0 5 6 
4 4 0 3 0 2 0 1 6 
4 5 2 4 1 3 0 2 6 
5 8 3 7 1 6 0 5 6 
4 6 3 5 2 4 1 3 6 
5 10 4 9 3 8 2 7 6 
5 10 4 9 3 8 2 7 6 
6 8 4 7 2 6 0 5 6 
5 6 2 5 1 4 0 3 6 
5 7 3 6 1 5 0 4 6 
6 7 5 6 4 5 3 4 6 
6 8 4 7 2 6 0 5 6 
5 8 4 7 3 6 2 5 6 
6 8 5 7 4 6 2 5 6 
6 8 3 7 1 6 0 5 6 
5 11 3 10 1 9 0 8 6 
5 8 2 7 0 6 0 5 6 
5 11 3 10 1 9 0 8 6 
4 7 2 6 0 5 0 4 6 
4 4 0 3 0 2 0 1 6 
5 6 2 5 1 4 0 3 6 
4 5 2 4 1 3 0 2 6 
6 8 4 7 2 6 0 5 6 
6 7 4 6 2 5 0 4 6 
5 8 4 7 3 6 2 5 6 
6 8 4 7 2 6 0 5 6 
4 5 2 4 1 3 0 2 6 
6 6 3 5 1 4 0 3 6 
6 9 4 8 2 7 0 6 6 
5 6 2 5 1 4 0 3 6 
5 7 3 6 1 5 0 4 6 
6 6 2 5 1 4 0 3 6 
5 9 4 8 3 7 2 6 6 
4 6 2 5 1 4 0 3 6 
5 6 3 5 1 4 0 3 6 
5 9 4 8 3 7 2 6 6 
5 7 3 6 1 5 0 4 6 
5 8 3 7 1 6 0 5 6 
5 9 3 8 1 7 0 6 6 
5 9 3 8 1 7 0 6 6 
5 5 0 4 0 3 0 2 6 
5 7 2 6 1 5 0 4 6 
5 6 2 5 1 4 0 3 6 
5 9 3 8 1 7 0 6 6 
5 5 3 4 2 3 1 2 6 
5 10 3 9 1 8 0 7 6 
3 4 0 3 0 2 0 1 6 
2 4 1 3 0 2 0 1 6 
6 6 1 5 0 4 0 3 6 
5 9 3 8 1 7 0 6 6 
5 10 3 9 1 8 0 7 6 
6 7 2 6 1 5 0 4 6 
5 9 2 8 0 7 0 6 6 
4 5 1 4 0 3 0 2 6 
6 9 3 8 1 7 0 6 6 
5 9 2 8 0 7 0 6 6 
6 9 3 8 1 7 0 6 6 
5 6 3 5 1 4 0 3 6 
6 6 2 5 1 4 0 3 6 
5 6 1 5 0 4 0 3 6 
4 5 2 4 1 3 0 2 6 
5 6 2 5 1 4 0 3 6 
5 8 1 7 0 6 0 5 6 
5 5 0 4 0 3 0 2 6 
4 6 2 5 0 4 0 3 6 
6 8 2 7 1 6 0 5 6 
SCORES_TXT_END_0
SCORES_TXT_BEGIN_0 154 100 9 BLEU
12 12 11 11 10 10 9 9 12 
11 12 10 11 9 10 8 9 12 
11 13 10 12 9 11 8 10 12 
11 16 10 15 9 14 8 13 12 
11 16 10 15 9 14 8 13 12 
12 14 10 13 9 12 8 11 12 
11 14 10 13 9 12 8 11 12 
12 13 10 12 9 11 8 10 12 
10 10 8 9 6 8 4 7 12 
10 12 8 11 6 10 4 9 12 
11 13 10 12 9 11 8 10 12 
11 12 10 11 9 10 8 9 12 
11 15 10 14 9 13 8 12 12 
11 15 10 14 9 13 8 12 12 
12 13 11 12 9 11 7 10 12 
11 11 9 10 7 9 5 8 12 
9 10 7 9 5 8 3 7 12 
11 12 8 11 6 10 4 9 12 
9 12 7 11 5 10 3 9 12 
10 13 9 12 8 11 7 10 12 
10 12 9 11 8 10 7 9 12 
11 11 9 10 7 9 6 8 12 
9 11 7 10 5 9 3 8 12 
11 17 10 16 9 15 8 14 12 
11 17 10 16 9 15 8 14 12 
9 13 7 12 5 11 3 10 12 
11 13 10 12 8 11 7 10 12 
11 12 10 11 9 10 8 9 12 
12 15 10 14 9 13 8 12 12 
10 11 8 10 6 9 4 8 12 
12 13 10 12 9 11 8 10 12 
11 12 10 11 9 10 8 9 12 
10 14 9 13 8 12 7 11 12 
11 12 9 11 7 10 5 9 12 
10 13 9 12 8 11 7 10 12 
9 14 7 13 5 12 3 11 12 
10 12 7 11 5 10 3 9 12 
9 14 7 13 5 12 3 11 12 
9 16 7 15 5 14 3 13 12 
9 16 7 15 5 14 3 13 12 
11 14 10 13 8 12 7 11 12 
11 12 9 11 7 10 6 9 12 
11 15 10 14 9 13 8 12 12 
11 16 10 15 9 14 8 13 12 
11 16 10 15 9 14 8 13 12 
11 13 10 12 9 11 8 10 12 
10 12 8 11 6 10 4 9 12 
10 12 7 11 5 10 3 9 12 
10 14 7 13 5 12 3 11 12 
11 12 10 11 9 10 8 9 12 
10 17 9 16 8 15 7 14 12 
10 13 7 12 5 11 3 10 12 
10 16 9 15 8 14 7 13 12 
10 17 9 16 8 15 7 14 12 
10 16 9 15 8 14 7 13 12 
10 11 8 10 7 9 6 8 12 
10 12 7 11 5 10 4 9 12 
9 12 7 11 5 10 3 9 12 
11 12 9 11 7 10 5 9 12 
10 12 8 11 6 10 4 9 12 
11 15 9 14 8 13 7 12 12 
9 14 7 13 5 12 3 11 12 
11 14 9 13 8 12 7 11 12 
11 17 10 16 8 15 7 14 12 
10 12 9 11 8 10 7 9 12 
11 17 10 16 8 15 7 14 12 
10 12 9 11 8 10 7 9 12 
10 15 8 14 6 13 4 12 12 
10 15 8 14 6 13 4 12 12 
10 15 9 14 8 13 7 12 12 
12 15 10 14 8 13 7 12 12 
10 16 7 15 5 14 3 13 12 
10 14 9 13 8 12 7 11 12 
10 12 8 11 6 10 4 9 12 
10 16 7 15 5 14 3 13 12 
10 11 7 10 5 9 3 8 12 
11 13 8 12 6 11 4 10 12 
10 12 8 11 6 10 5 9 12 
10 13 7 12 5 11 3 10 12 
10 13 9 12 8 11 7 10 12 
12 13 10 12 8 11 6 10 12 
10 13 8 12 6 11 4 10 12 
10 13 9 12 8 11 7 10 12 
11 14 7 13 5 12 3 11 12 
10 12 9 11 8 10 7 9 12 
12 12 8 11 6 10 4 9 12 
11 15 10 14 8 13 7 12 12 
11 14 9 13 8 12 7 11 12 
10 13 8 12 6 11 4 10 12 
11 13 9 12 8 11 7 10 12 
10 15 8 14 7 13 6 12 12 
12 14 10 13 9 12 8 11 12 
11 12 6 11 4 10 2 9 12 
10 15 8 14 7 13 6 12 12 
9 12 6 11 4 10 3 9 12 
10 13 8 12 6 11 5 10 12 
10 10 6 9 4 8 2 7 12 
11 11 7 10 5 9 3 8 12 
9 11 7 10 5 9 3 8 12 
10 12 8 11 6 10 5 9 12 
SCORES_TXT_END_0
SCORES_TXT_BEGIN_0 155 100 9 BLEU
6 6 5 5 4 4 3 3 6 
6 7 4 6 2 5 1 4 6 
5 6 4 5 3 4 2 3 6 
6 7 3 6 1 5 0 4 6 
5 10 4 9 3 8 2 7 6 
5 10 4 9 3 8 2 7 6 
5 7 3 6 1 5 0 4 6 
5 9 3 8 1 7 0 6 6 
6 8 4 7 3 6 2 5 6 
5 8 4 7 3 6 2 5 6 
5 9 4 8 3 7 2 6 6 
5 9 4 8 3 7 2 6 6 
6 6 3 5 1 4 0 3 6 
6 6 3 5 1 4 0 3 6 
5 6 3 5 1 4 0 3 6 
6 7 4 6 2 5 1 4 6 
6 9 3 8 1 7 0 6 6 
6 6 2 5 1 4 0 3 6 
5 6 3 5 1 4 0 3 6 
6 6 3 5 2 4 1 3 6 
6 8 4 7 2 6 1 5 6 
5 8 3 7 1 6 0 5 6 
6 6 2 5 1 4 0 3 6 
6 7 3 6 2 5 1 4 6 
5 6 3 5 1 4 0 3 6 
6 7 4 6 3 5 2 4 6 
6 6 3 5 1 4 0 3 6 
6 7 2 6 1 5 0 4 6 
6 7 3 6 0 5 0 4 6 
6 7 3 6 1 5 0 4 6 
6 6 3 5 2 4 1 3 6 
6 6 3 5 2 4 1 3 6 
5 7 3 6 1 5 0 4 6 
5 7 4 6 3 5 2 4 6 
5 6 2 5 0 4 0 3 6 
6 6 2 5 0 4 0 3 6 
5 6 2 5 1 4 0 3 6 
6 6 2 5 0 4 0 3 6 
5 6 2 5 1 4 0 3 6 
5 8 2 7 1 6 0 5 6 
6 7 4 6 2 5 1 4 6 
5 6 2 5 1 4 0 3 6 
5 6 2 5 1 4 0 3 6 
6 7 2 6 0 5 0 4 6 
4 6 2 5 0 4 0 3 6 
6 8 3 7 1 6 0 5 6 
5 7 2 6 1 5 0 4 6 
6 6 3 5 1 4 0 3 6 
6 6 2 5 1 4 0 3 6 
6 6 3 5 1 4 0 3 6 
4 8 2 7 0 6 0 5 6 
5 9 2 8 1 7 0 6 6 
6 8 4 7 2 6 1 5 6 
5 6 3 5 2 4 1 3 6 
5 11 3 10 1 9 0 8 6 
5 6 3 5 2 4 1 3 6 
5 11 3 10 1 9 0 8 6 
5 11 3 10 1 9 0 8 6 
5 11 3 10 1 9 0 8 6 
5 6 2 5 0 4 0 3 6 
6 7 2 6 1 5 0 4 6 
6 6 2 5 1 4 0 3 6 
6 7 4 6 2 5 1 4 6 
5 8 3 7 2 6 1 5 6 
6 7 2 6 1 5 0 4 6 
5 8 3 7 2 6 1 5 6 
5 6 2 5 0 4 0 3 6 
6 9 3 8 1 7 0 6 6 
6 6 2 5 1 4 0 3 6 
6 6 3 5 0 4 0 3 6 
6 7 2 6 0 5 0 4 6 
5 10 3 9 1 8 0 7 6 
6 6 2 5 0 4 0 3 6 
6 6 3 5 1 4 0 3 6 
5 10 3 9 1 8 0 7 6 
6 7 1 6 0 5 0 4 6 
5 6 2 5 1 4 0 3 6 
5 7 3 6 1 5 0 4 6 
5 10 2 9 1 8 0 7 6 
6 6 4 5 3 4 2 3 6 
5 10 2 9 1 8 0 7 6 
6 6 2 5 1 4 0 3 6 
6 8 3 7 1 6 0 5 6 
5 9 3 8 1 7 0 6 6 
5 6 2 5 0 4 0 3 6 
6 6 3 5 1 4 0 3 6 
6 8 2 7 1 6 0 5 6 
6 7 3 6 2 5 1 4 6 
5 9 2 8 1 7 0 6 6 
5 6 2 5 0 4 0 3 6 
5 10 3 9 1 8 0 7 6 
5 9 2 8 1 7 0 6 6 
5 7 2 6 1 5 0 4 6 
6 6 3 5 2 4 1 3 6 
5 8 2 7 1 6 0 5 6 
6 6 3 5 1 4 0 3 6 
5 10 3 9 1 8 0 7 6 
6 6 2 5 0 4 0 3 6 
6 6 2 5 0 4 0 3 6 
6 7 3 6 2 5 1 4 6 
SCORES_TXT_END_0
SCORES_TXT_BEGIN_0 156 100 9 BLEU
5 5 4 4 3 3 2 2 5 
4 5 3 4 2 3 1 2 5 
4 9 3 8 2 7 1 6 5 
4 9 3 8 2 7 1 6 5 
5 7 3 6 2 5 1 4 5 
4 7 3 6 2 5 1 4 5 
5 6 3 5 2 4 1 3 5 
4 8 3 7 2 6 1 5 5 
4 8 3 7 2 6 1 5 5 
4 6 3 5 2 4 1 3 5 
4 5 2 4 0 3 0 2 5 
4 6 3 5 2 4 1 3 5 
5 6 3 5 2 4 1 3 5 
5 6 3 5 2 4 1 3 5 
5 5 1 4 0 3 0 2 5 
4 5 1 4 0 3 0 2 5 
4 6 3 5 2 4 1 3 5 
5 8 3 7 2 6 1 5 5 
4 10 3 9 2 8 1 7 5 
4 10 3 9 2 8 1 7 5 
3 5 1 4 0 3 0 2 5 
4 10 3 9 2 8 1 7 5 
4 10 3 9 2 8 1 7 5 
4 8 3 7 2 6 1 5 5 
5 8 3 7 2 6 1 5 5 
3 5 1 4 0 3 0 2 5 
3 7 1 6 0 5 0 4 5 
4 5 1 4 0 3 0 2 5 
4 8 3 7 2 6 1 5 5 
4 9 3 8 2 7 1 6 5 
4 9 3 8 2 7 1 6 5 
5 6 1 5 0 4 0 3 5 
4 7 1 6 0 5 0 4 5 
3 9 1 8 0 7 0 6 5 
5 5 2 4 1 3 0 2 5 
3 9 1 8 0 7 0 6 5 
5 5 2 4 1 3 0 2 5 
4 7 1 6 0 5 0 4 5 
5 5 2 4 0 3 0 2 5 
5 5 2 4 0 3 0 2 5 
3 7 1 6 0 5 0 4 5 
4 7 1 6 0 5 0 4 5 
3 9 1 8 0 7 0 6 5 
4 6 1 5 0 4 0 3 5 
3 9 1 8 0 7 0 6 5 
4 5 2 4 1 3 0 2 5 
4 9 1 8 0 7 0 6 5 
4 9 1 8 0 7 0 6 5 
4 5 2 4 1 3 0 2 5 
5 6 1 5 0 4 0 3 5 
5 7 1 6 0 5 0 4 5 
5 7 3 6 2 5 1 4 5 
4 8 1 7 0 6 0 5 5 
4 8 1 7 0 6 0 5 5 
4 6 1 5 0 4 0 3 5 
4 8 1 7 0 6 0 5 5 
4 6 1 5 0 4 0 3 5 
4 7 2 6 1 5 0 4 5 
4 6 1 5 0 4 0 3 5 
4 9 3 8 2 7 1 6 5 
4 9 3 8 2 7 1 6 5 
4 5 1 4 0 3 0 2 5 
4 5 2 4 0 3 0 2 5 
4 7 3 6 2 5 1 4 5 
4 6 1 5 0 4 0 3 5 
4 7 2 6 0 5 0 4 5 
5 5 3 4 1 3 0 2 5 
3 8 1 7 0 6 0 5 5 
3 8 1 7 0 6 0 5 5 
3 8 1 7 0 6 0 5 5 
3 8 1 7 0 6 0 5 5 
3 6 1 5 0 4 0 3 5 
4 5 1 4 0 3 0 2 5 
3 6 1 5 0 4 0 3 5 
4 5 2 4 0 3 0 2 5 
3 8 1 7 0 6 0 5 5 
5 5 3 4 2 3 1 2 5 
3 6 1 5 0 4 0 3 5 
4 6 1 5 0 4 0 3 5 
5 5 2 4 0 3 0 2 5 
5 6 1 5 0 4 0 3 5 
5 5 1 4 0 3 0 2 5 
3 8 1 7 0 6 0 5 5 
4 10 1 9 0 8 0 7 5 
4 10 1 9 0 8 0 7 5 
4 8 1 7 0 6 0 5 5 
5 8 1 7 0 6 0 5 5 
4 9 1 8 0 7 0 6 5 
4 9 1 8 0 7 0 6 5 
3 6 1 5 0 4 0 3 5 
3 10 1 9 0 8 0 7 5 
4 9 2 8 1 7 0 6 5 
3 6 1 5 0 4 0 3 5 
4 9 2 8 1 7 0 6 5 
5 6 2 5 1 4 0 3 5 
5 7 2 6 1 5 0 4 5 
4 8 2 7 1 6 0 5 5 
4 8 2 7 1 6 0 5 5 
3 10 1 9 0 8 0 7 5 
4 5 3 4 2 3 1 2 5 
SCORES_TXT_END_0
SCORES_TXT_BEGIN_0 157 100 9 BLEU
8 8 7 7 6 6 5 5 8 
7 8 6 7 5 6 4 5 8 
7 10 6 9 5 8 4 7 8 
8 10 6 9 5 8 4 7 8 
7 12 6 11 5 10 4 9 8 
7 12 6 11 5 10 4 9 8 
8 9 6 8 5 7 4 6 8 
7 8 5 7 3 6 2 5 8 
7 8 5 7 3 6 2 5 8 
7 11 6 10 5 9 4 8 8 
7 11 6 10 5 9 4 8 8 
6 8 4 7 3 6 2 5 8 
6 8 4 7 3 6 2 5 8 
6 10 4 9 3 8 2 7 8 
7 9 6 8 5 7 4 6 8 
6 10 4 9 3 8 2 7 8 
7 11 6 10 5 9 4 8 8 
6 8 5 7 4 6 3 5 8 
7 8 5 7 3 6 2 5 8 
7 9 6 8 5 7 4 6 8 
8 9 6 8 5 7 4 6 8 
7 9 6 8 5 7 4 6 8 
7 10 4 9 3 8 2 7 8 
8 8 4 7 2 6 1 5 8 
7 10 4 9 3 8 2 7 8 
7 11 6 10 5 9 4 8 8 
5 8 4 7 3 6 2 5 8 
8 8 5 7 3 6 1 5 8 
7 13 6 12 5 11 4 10 8 
7 13 6 12 5 11 4 10 8 
5 10 4 9 3 8 2 7 8 
8 11 6 10 5 9 4 8 8 
8 8 4 7 2 6 0 5 8 
7 12 6 11 5 10 4 9 8 
7 12 6 11 5 10 4 9 8 
8 9 4 8 2 7 1 6 8 
7 8 4 7 3 6 2 5 8 
6 8 4 7 3 6 2 5 8 
8 8 4 7 2 6 1 5 8 
6 10 4 9 3 8 2 7 8 
8 8 4 7 1 6 0 5 8 
8 8 4 7 3 6 2 5 8 
7 8 5 7 3 6 2 5 8 
8 9 6 8 5 7 4 6 8 
7 10 6 9 5 8 4 7 8 
8 8 4 7 2 6 1 5 8 
7 9 4 8 3 7 2 6 8 
8 9 5 8 3 7 1 6 8 
7 8 4 7 2 6 1 5 8 
8 11 6 10 5 9 4 8 8 
8 8 4 7 2 6 1 5 8 
8 10 6 9 5 8 4 7 8 
6 10 4 9 3 8 2 7 8 
6 8 4 7 3 6 2 5 8 
6 8 4 7 3 6 2 5 8 
8 9 4 8 2 7 0 6 8 
7 8 4 7 2 6 1 5 8 
7 8 3 7 2 6 1 5 8 
8 8 3 7 2 6 1 5 8 
8 8 4 7 2 6 1 5 8 
6 10 4 9 3 8 2 7 8 
6 10 4 9 3 8 2 7 8 
7 8 3 7 2 6 1 5 8 
7 10 4 9 2 8 1 7 8 
7 8 4 7 3 6 2 5 8 
7 10 4 9 3 8 2 7 8 
7 13 6 12 5 11 4 10 8 
7 13 6 12 5 11 4 10 8 
7 10 3 9 2 8 1 7 8 
6 12 4 11 3 10 2 9 8 
6 12 4 11 3 10 2 9 8 
8 8 5 7 3 6 1 5 8 
6 8 3 7 2 6 1 5 8 
7 8 4 7 2 6 1 5 8 
8 8 5 7 3 6 2 5 8 
6 12 4 11 3 10 2 9 8 
6 12 4 11 3 10 2 9 8 
7 8 3 7 2 6 1 5 8 
7 8 3 7 2 6 1 5 8 
8 9 4 8 1 7 0 6 8 
6 9 4 8 3 7 2 6 8 
7 9 4 8 3 7 2 6 8 
7 8 3 7 2 6 1 5 8 
7 10 4 9 3 8 2 7 8 
7 8 4 7 2 6 0 5 8 
7 8 4 7 3 6 2 5 8 
8 8 4 7 2 6 1 5 8 
6 12 4 11 3 10 2 9 8 
6 12 4 11 3 10 2 9 8 
8 8 3 7 2 6 1 5 8 
6 8 3 7 1 6 0 5 8 
7 8 3 7 2 6 1 5 8 
6 10 3 9 2 8 1 7 8 
7 8 3 7 2 6 1 5 8 
7 8 4 7 2 6 1 5 8 
6 11 4 10 3 9 2 8 8 
7 8 3 7 2 6 1 5 8 
6 11 4 10 3 9 2 8 8 
7 8 3 7 2 6 1 5 8 
7 8 3 7 2 6 1 5 8 
SCORES_TXT_END_0
SCORES_TXT_BEGIN_0 158 100 9 BLEU
7 7 6 6 5 5 4 4 7 
6 7 5 6 4 5 3 4 7 
6 11 5 10 4 9 3 8 7 
6 11 5 10 4 9 3 8 7 
7 9 5 8 4 7 3 6 7 
6 9 5 8 4 7 3 6 7 
6 6 4 5 2 4 1 3 7 
6 7 4 6 2 5 1 4 7 
7 8 5 7 4 6 3 5 7 
6 10 5 9 4 8 3 7 7 
6 10 5 9 4 8 3 7 7 
5 6 3 5 1 4 0 3 7 
6 8 5 7 4 6 3 5 7 
6 7 4 6 2 5 1 4 7 
5 7 3 6 1 5 0 4 7 
6 8 5 7 4 6 3 5 7 
5 10 3 9 1 8 0 7 7 
5 10 3 9 1 8 0 7 7 
6 6 2 5 0 4 0 3 7 
6 8 3 7 1 6 0 5 7 
7 8 5 7 4 6 3 5 7 
7 7 3 6 2 5 1 4 7 
7 8 5 7 4 6 3 5 7 
6 7 3 6 2 5 1 4 7 
5 8 3 7 1 6 0 5 7 
5 11 3 10 1 9 0 8 7 
5 11 3 10 1 9 0 8 7 
7 10 5 9 4 8 3 7 7 
6 8 5 7 4 6 3 5 7 
6 9 3 8 1 7 0 6 7 
6 12 5 11 4 10 3 9 7 
6 12 5 11 4 10 3 9 7 
6 6 2 5 0 4 0 3 7 
5 7 3 6 2 5 1 4 7 
6 12 5 11 4 10 3 9 7 
6 12 5 11 4 10 3 9 7 
6 10 5 9 4 8 3 7 7 
5 9 3 8 1 7 0 6 7 
5 7 3 6 2 5 1 4 7 
7 10 5 9 4 8 3 7 7 
6 6 3 5 1 4 0 3 7 
5 6 2 5 0 4 0 3 7 
5 9 3 8 2 7 1 6 7 
6 7 3 6 2 5 1 4 7 
5 8 2 7 0 6 0 5 7 
6 10 5 9 4 8 3 7 7 
6 6 3 5 1 4 0 3 7 
7 8 3 7 2 6 1 5 7 
6 9 3 8 2 7 1 6 7 
6 11 5 10 4 9 3 8 7 
6 11 5 10 4 9 3 8 7 
5 11 3 10 2 9 1 8 7 
5 6 1 5 0 4 0 3 7 
5 11 3 10 2 9 1 8 7 
5 6 2 5 0 4 0 3 7 
7 7 4 6 3 5 2 4 7 
6 7 3 6 1 5 0 4 7 
7 7 4 6 3 5 2 4 7 
6 9 3 8 2 7 1 6 7 
7 7 3 6 0 5 0 4 7 
6 7 2 6 0 5 0 4 7 
6 7 4 6 3 5 2 4 7 
6 6 1 5 0 4 0 3 7 
5 6 1 5 0 4 0 3 7 
6 9 3 8 2 7 1 6 7 
6 8 3 7 2 6 1 5 7 
5 10 2 9 0 8 0 7 7 
5 9 3 8 2 7 1 6 7 
5 10 2 9 0 8 0 7 7 
5 11 3 10 2 9 1 8 7 
5 6 2 5 0 4 0 3 7 
5 11 3 10 2 9 1 8 7 
6 8 2 7 0 6 0 5 7 
6 7 2 6 0 5 0 4 7 
5 9 2 8 0 7 0 6 7 
5 9 2 8 0 7 0 6 7 
6 11 3 10 2 9 1 8 7 
6 11 3 10 2 9 1 8 7 
7 7 4 6 2 5 1 4 7 
7 8 3 7 2 6 1 5 7 
7 9 3 8 2 7 1 6 7 
6 10 3 9 2 8 1 7 7 
6 10 3 9 2 8 1 7 7 
6 7 3 6 1 5 0 4 7 
6 8 3 7 2 6 1 5 7 
7 7 3 6 1 5 0 4 7 
6 10 3 9 2 8 1 7 7 
6 6 2 5 0 4 0 3 7 
7 9 5 8 4 7 3 6 7 
7 7 4 6 2 5 1 4 7 
5 9 3 8 1 7 0 6 7 
6 7 4 6 3 5 2 4 7 
7 7 3 6 0 5 0 4 7 
6 8 3 7 2 6 1 5 7 
6 7 2 6 0 5 0 4 7 
5 9 3 8 1 7 0 6 7 
6 8 1 7 0 6 0 5 7 
6 8 3 7 2 6 1 5 7 
5 6 1 5 0 4 0 3 7 
5 6 2 5 0 4 0 3 7 
SCORES_TXT_END_0
SCORES_TXT_BEGIN_0 159 30 9 BLEU
12 12 11 11 10 10 9 9 12 
11 16 10 15 9 14 8 13 12 
12 14 10 13 9 12 8 11 12 
11 16 10 15 9 14 8 13 12 
11 12 10 11 9 10 8 9 12 
12 16 10 15 9 14 8 13 12 
12 12 8 11 7 10 6 9 12 
11 14 10 13 9 12 8 11 12 
12 12 7 11 6 10 5 9 12 
12 13 10 12 9 11 8 10 12 
12 12 8 11 6 10 5 9 12 
12 12 8 11 6 10 5 9 12 
11 12 8 11 7 10 6 9 12 
11 14 8 13 7 12 6 11 12 
11 12 9 11 8 10 7 9 12 
12 12 8 11 6 10 5 9 12 
12 14 8 13 7 12 6 11 12 
11 16 7 15 6 14 5 13 12 
12 16 10 15 9 14 8 13 12 
12 16 7 15 6 14 5 13 12 
11 14 7 13 6 12 5 11 12 
11 12 7 11 6 10 5 9 12 
11 16 7 15 6 14 5 13 12 
12 14 10 13 9 12 8 11 12 
12 16 7 15 6 14 5 13 12 
11 14 8 13 6 12 5 11 12 
11 12 8 11 6 10 5 9 12 
12 14 7 13 6 12 5 11 12 
11 16 8 15 7 14 6 13 12 
12 14 7 13 6 12 5 11 12 
SCORES_TXT_END_0
SCORES_TXT_BEGIN_0 160 100 9 BLEU
6 6 5 5 4 4 3 3 6 
5 5 3 4 2 3 1 2 6 
5 10 4 9 3 8 2 7 6 
5 10 4 9 3 8 2 7 6 
6 10 4 9 3 8 2 7 6 
6 10 4 9 3 8 2 7 6 
6 8 4 7 3 6 2 5 6 
5 8 4 7 3 6 2 5 6 
5 6 4 5 3 4 2 3 6 
4 9 2 8 1 7 0 6 6 
4 9 2 8 1 7 0 6 6 
5 9 2 8 1 7 0 6 6 
6 7 4 6 3 5 2 4 6 
5 9 2 8 1 7 0 6 6 
5 7 2 6 1 5 0 4 6 
5 9 4 8 3 7 2 6 6 
5 9 4 8 3 7 2 6 6 
5 7 4 6 3 5 2 4 6 
4 7 2 6 1 5 0 4 6 
6 9 4 8 3 7 2 6 6 
6 9 4 8 3 7 2 6 6 
4 5 2 4 1 3 0 2 6 
6 9 4 8 3 7 2 6 6 
5 9 4 8 3 7 2 6 6 
5 6 2 5 1 4 0 3 6 
4 8 2 7 1 6 0 5 6 
6 7 5 6 4 5 3 4 6 
5 9 4 8 3 7 2 6 6 
4 8 2 7 1 6 0 5 6 
5 8 2 7 1 6 0 5 6 
5 8 2 7 1 6 0 5 6 
6 8 4 7 3 6 2 5 6 
6 7 4 6 3 5 2 4 6 
4 6 2 5 1 4 0 3 6 
5 6 3 5 2 4 1 3 6 
5 11 4 10 3 9 2 8 6 
6 7 4 6 3 5 2 4 6 
6 7 4 6 3 5 2 4 6 
5 11 4 10 3 9 2 8 6 
6 7 5 6 4 5 3 4 6 
5 8 2 7 1 6 0 5 6 
6 9 4 8 3 7 2 6 6 
5 14 4 13 3 12 2 11 6 
5 14 4 13 3 12 2 11 6 
5 6 3 5 2 4 1 3 6 
5 14 4 13 3 12 2 11 6 
5 14 4 13 3 12 2 11 6 
6 7 4 6 3 5 2 4 6 
5 6 3 5 1 4 0 3 6 
6 7 4 6 2 5 0 4 6 
4 8 2 7 1 6 0 5 6 
6 12 4 11 3 10 2 9 6 
6 12 4 11 3 10 2 9 6 
5 10 4 9 3 8 2 7 6 
5 6 3 5 2 4 1 3 6 
5 10 4 9 3 8 2 7 6 
5 12 4 11 3 10 2 9 6 
5 12 4 11 3 10 2 9 6 
5 8 4 7 3 6 2 5 6 
5 12 4 11 3 10 2 9 6 
6 9 4 8 3 7 2 6 6 
6 8 4 7 3 6 2 5 6 
5 12 4 11 3 10 2 9 6 
5 13 4 12 3 11 2 10 6 
6 7 4 6 3 5 2 4 6 
5 13 4 12 3 11 2 10 6 
4 8 2 7 1 6 0 5 6 
5 13 4 12 3 11 2 10 6 
5 6 3 5 2 4 1 3 6 
5 13 4 12 3 11 2 10 6 
6 10 4 9 3 8 2 7 6 
5 10 4 9 3 8 2 7 6 
6 7 5 6 4 5 3 4 6 
5 10 4 9 3 8 2 7 6 
6 9 4 8 3 7 2 6 6 
6 8 4 7 3 6 2 5 6 
5 8 2 7 1 6 0 5 6 
6 7 5 6 4 5 3 4 6 
6 7 5 6 4 5 3 4 6 
6 9 4 8 3 7 2 6 6 
6 7 4 6 2 5 0 4 6 
6 8 4 7 3 6 2 5 6 
5 6 3 5 2 4 1 3 6 
5 8 2 7 1 6 0 5 6 
6 8 5 7 4 6 3 5 6 
5 7 3 6 2 5 1 4 6 
6 7 5 6 4 5 3 4 6 
6 7 4 6 2 5 1 4 6 
4 8 2 7 1 6 0 5 6 
5 10 4 9 3 8 2 7 6 
5 6 2 5 1 4 0 3 6 
4 5 1 4 0 3 0 2 6 
6 7 4 6 2 5 1 4 6 
5 11 4 10 3 9 2 8 6 
5 6 2 5 1 4 0 3 6 
5 7 2 6 1 5 0 4 6 
5 11 4 10 3 9 2 8 6 
6 8 2 7 1 6 0 5 6 
6 8 4 7 3 6 2 5 6 
6 6 2 5 1 4 0 3 6 
SCORES_TXT_END_0
SCORES_TXT_BEGIN_0 161 100 9 BLEU
13 13 10 12 9 11 8 10 14 
14 15 13 14 12 13 11 12 14 
13 14 10 13 9 12 8 11 14 
14 14 10 13 9 12 8 11 14 
14 16 13 15 12 14 11 13 14 
14 14 11 13 9 12 8 11 14 
14 16 13 15 12 14 11 13 14 
13 14 10 13 9 12 8 11 14 
13 13 10 12 9 11 8 10 14 
12 14 9 13 8 12 7 11 14 
14 17 12 16 10 15 8 14 14 
14 17 12 16 10 15 8 14 14 
13 18 11 17 9 16 7 15 14 
13 18 11 17 9 16 7 15 14 
14 15 10 14 9 13 8 12 14 
14 16 13 15 12 14 11 13 14 
13 16 11 15 9 14 7 13 14 
12 12 8 11 6 10 4 9 14 
13 14 10 13 9 12 8 11 14 
14 16 11 15 9 14 8 13 14 
12 13 8 12 6 11 4 10 14 
13 13 8 12 6 11 4 10 14 
14 16 11 15 9 14 8 13 14 
13 15 10 14 9 13 8 12 14 
13 14 10 13 9 12 8 11 14 
14 16 12 15 10 14 8 13 14 
14 15 11 14 9 13 8 12 14 
14 15 13 14 12 13 11 12 14 
14 15 11 14 9 13 8 12 14 
14 16 12 15 10 14 8 13 14 
12 14 10 13 9 12 8 11 14 
14 15 11 14 9 13 8 12 14 
13 14 10 13 9 12 8 11 14 
12 13 9 12 8 11 7 10 14 
14 17 13 16 12 15 11 14 14 
13 14 10 13 9 12 8 11 14 
11 11 6 10 4 9 3 8 14 
14 15 10 14 9 13 8 12 14 
12 15 9 14 8 13 7 12 14 
14 18 12 17 10 16 8 15 14 
14 18 12 17 10 16 8 15 14 
13 19 11 18 9 17 7 16 14 
13 19 11 18 9 17 7 16 14 
13 14 11 13 9 12 8 11 14 
13 17 11 16 9 15 7 14 14 
13 15 11 14 9 13 7 12 14 
13 14 11 13 9 12 7 11 14 
14 18 13 17 12 16 11 15 14 
13 15 9 14 8 13 7 12 14 
14 18 12 17 10 16 8 15 14 
14 18 13 17 12 16 11 15 14 
14 18 12 17 10 16 8 15 14 
12 14 8 13 6 12 4 11 14 
11 11 7 10 5 9 3 8 14 
13 14 8 13 6 12 4 11 14 
13 19 11 18 9 17 7 16 14 
12 13 10 12 9 11 8 10 14 
13 19 11 18 9 17 7 16 14 
12 12 7 11 4 10 3 9 14 
14 16 10 15 9 14 8 13 14 
11 12 6 11 4 10 3 9 14 
13 13 8 12 6 11 4 10 14 
13 17 11 16 9 15 7 14 14 
14 16 10 15 9 14 8 13 14 
11 11 6 10 4 9 3 8 14 
13 16 11 15 9 14 7 13 14 
14 16 13 15 12 14 11 13 14 
12 13 8 12 6 11 4 10 14 
14 15 11 14 9 13 8 12 14 
13 15 11 14 9 13 7 12 14 
13 15 10 14 9 13 8 12 14 
14 15 11 14 9 13 7 12 14 
12 15 9 14 8 13 7 12 14 
12 14 10 13 9 12 8 11 14 
12 12 8 11 6 10 4 9 14 
13 14 10 13 9 12 8 11 14 
14 17 13 16 12 15 11 14 14 
14 15 10 14 9 13 8 12 14 
11 12 7 11 5 10 3 9 14 
13 14 8 13 6 12 4 11 14 
11 12 6 11 5 10 4 9 14 
12 14 9 13 8 12 7 11 14 
14 17 13 16 12 15 11 14 14 
11 11 6 10 4 9 3 8 14 
12 12 6 11 4 10 3 9 14 
13 14 8 13 6 12 4 11 14 
12 13 8 12 6 11 4 10 14 
14 14 8 13 6 12 4 11 14 
14 16 13 15 12 14 11 13 14 
14 15 10 14 9 13 8 12 14 
14 17 13 16 12 15 11 14 14 
13 14 10 13 9 12 8 11 14 
14 17 12 16 10 15 8 14 14 
14 16 13 15 12 14 11 13 14 
12 13 9 12 7 11 6 10 14 
14 16 13 15 12 14 11 13 14 
12 15 9 14 8 13 7 12 14 
13 13 8 12 6 11 4 10 14 
14 15 10 14 9 13 8 12 14 
14 17 12 16 10 15 8 14 14 
SCORES_TXT_END_0
SCORES_TXT_BEGIN_0 162 100 9 BLEU
5 5 4 4 3 3 2 2 5 
4 5 3 4 2 3 1 2 5 
4 4 1 3 0 2 0 1 5 
5 7 3 6 1 5 0 4 5 
5 7 3 6 1 5 0 4 5 
5 5 1 4 0 3 0 2 5 
4 7 2 6 0 5 0 4 5 
4 7 2 6 0 5 0 4 5 
4 5 1 4 0 3 0 2 5 
3 4 1 3 0 2 0 1 5 
5 6 3 5 1 4 0 3 5 
4 6 3 5 2 4 1 3 5 
4 6 2 5 0 4 0 3 5 
4 8 2 7 0 6 0 5 5 
4 8 2 7 0 6 0 5 5 
4 4 1 3 0 2 0 1 5 
3 4 0 3 0 2 0 1 5 
5 6 4 5 3 4 2 3 5 
4 5 1 4 0 3 0 2 5 
4 7 3 6 2 5 1 4 5 
4 9 3 8 2 7 1 6 5 
4 5 2 4 1 3 0 2 5 
4 9 3 8 2 7 1 6 5 
4 5 3 4 2 3 1 2 5 
3 5 1 4 0 3 0 2 5 
5 5 2 4 0 3 0 2 5 
5 5 2 4 1 3 0 2 5 
5 7 4 6 3 5 1 4 5 
4 4 2 3 1 2 0 1 5 
3 5 1 4 0 3 0 2 5 
5 6 3 5 1 4 0 3 5 
3 5 2 4 1 3 0 2 5 
4 4 0 3 0 2 0 1 5 
5 6 3 5 1 4 0 3 5 
3 4 0 3 0 2 0 1 5 
4 8 3 7 2 6 1 5 5 
5 6 1 5 0 4 0 3 5 
4 7 2 6 1 5 0 4 5 
4 5 1 4 0 3 0 2 5 
4 8 3 7 2 6 1 5 5 
4 9 2 8 0 7 0 6 5 
4 4 0 3 0 2 0 1 5 
4 9 2 8 0 7 0 6 5 
4 7 2 6 1 5 0 4 5 
3 5 1 4 0 3 0 2 5 
4 6 2 5 0 4 0 3 5 
4 5 1 4 0 3 0 2 5 
5 7 4 6 3 5 2 4 5 
5 6 3 5 1 4 0 3 5 
4 6 2 5 0 4 0 3 5 
4 9 2 8 0 7 0 6 5 
4 9 2 8 0 7 0 6 5 
5 5 0 4 0 3 0 2 5 
3 5 0 4 0 3 0 2 5 
3 7 1 6 0 5 0 4 5 
4 4 2 3 0 2 0 1 5 
5 7 4 6 3 5 2 4 5 
2 4 0 3 0 2 0 1 5 
3 6 1 5 0 4 0 3 5 
5 5 1 4 0 3 0 2 5 
3 6 2 5 1 4 0 3 5 
4 7 3 6 2 5 1 4 5 
3 4 1 3 0 2 0 1 5 
3 7 1 6 0 5 0 4 5 
2 4 0 3 0 2 0 1 5 
3 4 2 3 1 2 0 1 5 
4 6 1 5 0 4 0 3 5 
4 6 2 5 0 4 0 3 5 
5 6 2 5 1 4 0 3 5 
4 7 3 6 2 5 1 4 5 
4 4 0 3 0 2 0 1 5 
4 6 2 5 1 4 0 3 5 
4 5 0 4 0 3 0 2 5 
3 4 0 3 0 2 0 1 5 
4 5 1 4 0 3 0 2 5 
4 6 3 5 1 4 0 3 5 
4 5 2 4 0 3 0 2 5 
5 5 2 4 1 3 0 2 5 
4 5 0 4 0 3 0 2 5 
4 6 2 5 1 4 0 3 5 
4 9 2 8 0 7 0 6 5 
3 5 0 4 0 3 0 2 5 
4 6 2 5 0 4 0 3 5 
5 5 2 4 1 3 0 2 5 
3 4 0 3 0 2 0 1 5 
5 7 1 6 0 5 0 4 5 
4 9 2 8 0 7 0 6 5 
5 7 2 6 0 5 0 4 5 
5 7 2 6 1 5 0 4 5 
5 7 2 6 0 5 0 4 5 
4 6 3 5 2 4 1 3 5 
5 7 1 6 0 5 0 4 5 
5 7 2 6 1 5 0 4 5 
4 5 0 4 0 3 0 2 5 
5 5 0 4 0 3 0 2 5 
4 5 1 4 0 3 0 2 5 
4 5 0 4 0 3 0 2 5 
3 8 1 7 0 6 0 5 5 
4 6 1 5 0 4 0 3 5 
5 6 1 5 0 4 0 3 5 
SCORES_TXT_END_0
SCORES_TXT_BEGIN_0 163 59 9 BLEU
8 10 6 9 4 8 2 7 8 
8 10 6 9 4 8 2 7 8 
7 10 5 9 3 8 2 7 8 
7 10 5 9 3 8 2 7 8 
8 8 7 7 6 6 5 5 8 
7 8 6 7 5 6 4 5 8 
5 6 4 5 3 4 2 3 8 
8 12 5 11 3 10 1 9 8 
8 12 5 11 3 10 1 9 8 
7 12 4 11 2 10 1 9 8 
7 12 4 11 2 10 1 9 8 
8 10 7 9 6 8 4 7 8 
7 10 5 9 4 8 3 7 8 
8 10 6 9 5 8 4 7 8 
5 8 4 7 3 6 2 5 8 
5 8 4 7 3 6 2 5 8 
8 12 6 11 4 10 2 9 8 
8 12 6 11 4 10 2 9 8 
7 10 6 9 5 8 4 7 8 
8 9 6 8 4 7 2 6 8 
8 11 5 10 3 9 2 8 8 
8 12 7 11 6 10 4 9 8 
7 9 5 8 3 7 2 6 8 
8 11 5 10 3 9 1 8 8 
8 11 5 10 3 9 2 8 8 
5 7 4 6 3 5 2 4 8 
8 12 6 11 4 10 2 9 8 
8 12 7 11 6 10 4 9 8 
8 11 5 10 3 9 1 8 8 
8 12 6 11 4 10 2 9 8 
5 8 3 7 2 6 1 5 8 
7 12 5 11 3 10 2 9 8 
8 12 6 11 4 10 2 9 8 
7 12 5 11 3 10 2 9 8 
7 11 4 10 2 9 1 8 8 
8 12 6 11 4 10 2 9 8 
7 11 4 10 2 9 1 8 8 
8 9 6 8 5 7 4 6 8 
7 12 6 11 5 10 4 9 8 
8 14 6 13 4 12 2 11 8 
8 14 6 13 4 12 2 11 8 
7 12 6 11 5 10 4 9 8 
7 12 5 11 3 10 2 9 8 
8 14 6 13 4 12 2 11 8 
8 14 6 13 4 12 2 11 8 
8 13 6 12 4 11 2 10 8 
8 11 7 10 6 9 5 8 8 
7 12 5 11 3 10 2 9 8 
7 12 5 11 3 10 2 9 8 
8 11 6 10 4 9 2 8 8 
8 9 7 8 6 7 5 6 8 
8 11 6 10 4 9 2 8 8 
7 9 5 8 4 7 3 6 8 
8 11 5 10 2 9 0 8 8 
7 12 5 11 3 10 2 9 8 
8 9 6 8 5 7 4 6 8 
8 11 6 10 4 9 2 8 8 
8 11 5 10 2 9 0 8 8 
8 13 6 12 4 11 2 10 8 
SCORES_TXT_END_0
SCORES_TXT_BEGIN_0 164 4 9 BLEU
5 5 4 4 3 3 2 2 5 
4 4 3 3 2 2 1 1 5 
4 4 2 3 1 2 0 1 5 
5 5 3 4 2 3 1 2 5 
SCORES_TXT_END_0
SCORES_TXT_BEGIN_0 165 9 9 BLEU
13 13 12 12 11 11 10 10 13 
12 13 11 12 10 11 9 10 13 
12 17 11 16 10 15 9 14 13 
12 17 11 16 10 15 9 14 13 
13 15 11 14 10 13 9 12 13 
12 15 11 14 10 13 9 12 13 
12 16 11 15 10 14 9 13 13 
13 14 12 13 10 12 9 11 13 
12 16 11 15 10 14 9 13 13 
SCORES_TXT_END_0
SCORES_TXT_BEGIN_0 166 10 9 BLEU
14 15 12 14 10 13 9 12 17 
17 17 16 16 15 15 14 14 17 
15 15 13 14 11 13 9 12 17 
12 13 11 12 10 11 9 10 17 
16 17 15 16 14 15 13 14 17 
16 17 14 16 12 15 10 14 17 
14 16 11 15 8 14 7 13 17 
17 18 15 17 13 16 11 15 17 
15 17 13 16 11 15 10 14 17 
15 16 12 15 9 14 7 13 17 
SCORES_TXT_END_0
SCORES_TXT_BEGIN_0 167 100 9 BLEU
5 5 4 4 3 3 2 2 5 
4 5 3 4 2 3 1 2 5 
4 5 2 4 1 3 0 2 5 
4 9 3 8 2 7 1 6 5 
4 9 3 8 2 7 1 6 5 
5 7 3 6 2 5 1 4 5 
4 7 3 6 2 5 1 4 5 
4 8 3 7 2 6 1 5 5 
4 8 3 7 2 6 1 5 5 
3 5 2 4 1 3 0 2 5 
5 6 3 5 2 4 1 3 5 
3 9 2 8 1 7 0 6 5 
3 9 2 8 1 7 0 6 5 
4 6 3 5 2 4 1 3 5 
4 7 2 6 1 5 0 4 5 
3 7 2 6 1 5 0 4 5 
3 8 2 7 1 6 0 5 5 
3 8 2 7 1 6 0 5 5 
4 5 2 4 1 3 0 2 5 
5 5 2 4 1 3 0 2 5 
4 5 2 4 1 3 0 2 5 
4 6 2 5 1 4 0 3 5 
5 5 2 4 1 3 0 2 5 
3 6 2 5 1 4 0 3 5 
3 5 2 4 1 3 0 2 5 
4 5 2 4 1 3 0 2 5 
5 5 3 4 2 3 1 2 5 
3 5 2 4 1 3 0 2 5 
4 5 2 4 1 3 0 2 5 
3 7 2 6 1 5 0 4 5 
4 7 2 6 1 5 0 4 5 
4 5 3 4 2 3 1 2 5 
4 7 2 6 1 5 0 4 5 
5 7 2 6 1 5 0 4 5 
3 9 2 8 1 7 0 6 5 
4 9 2 8 1 7 0 6 5 
3 9 2 8 1 7 0 6 5 
4 9 2 8 1 7 0 6 5 
4 7 2 6 1 5 0 4 5 
5 7 2 6 1 5 0 4 5 
3 8 2 7 1 6 0 5 5 
4 8 2 7 1 6 0 5 5 
3 7 2 6 1 5 0 4 5 
3 8 2 7 1 6 0 5 5 
4 8 2 7 1 6 0 5 5 
4 7 2 6 1 5 0 4 5 
5 6 3 5 2 4 1 3 5 
3 6 2 5 1 4 0 3 5 
4 6 2 5 1 4 0 3 5 
4 6 2 5 1 4 0 3 5 
4 5 2 4 1 3 0 2 5 
5 6 2 5 1 4 0 3 5 
4 5 2 4 1 3 0 2 5 
5 7 3 6 2 5 1 4 5 
4 6 2 5 1 4 0 3 5 
5 6 2 5 1 4 0 3 5 
3 9 2 8 1 7 0 6 5 
3 9 2 8 1 7 0 6 5 
3 8 2 7 1 6 0 5 5 
3 8 2 7 1 6 0 5 5 
4 9 2 8 1 7 0 6 5 
4 9 2 8 1 7 0 6 5 
4 5 2 4 1 3 0 2 5 
5 5 2 4 1 3 0 2 5 
5 5 3 4 1 3 0 2 5 
4 8 2 7 1 6 0 5 5 
4 7 3 6 2 5 1 4 5 
4 8 2 7 1 6 0 5 5 
3 5 2 4 1 3 0 2 5 
3 5 2 4 1 3 0 2 5 
4 6 3 5 2 4 1 3 5 
3 6 2 5 1 4 0 3 5 
4 5 2 4 1 3 0 2 5 
3 5 2 4 1 3 0 2 5 
4 5 2 4 1 3 0 2 5 
4 6 2 5 1 4 0 3 5 
4 9 3 8 2 7 1 6 5 
4 9 3 8 2 7 1 6 5 
4 8 3 7 2 6 1 5 5 
4 8 3 7 2 6 1 5 5 
4 6 2 5 1 4 0 3 5 
5 7 2 6 1 5 0 4 5 
4 6 2 5 1 4 0 3 5 
5 6 2 5 1 4 0 3 5 
4 7 2 6 1 5 0 4 5 
4 7 2 6 1 5 0 4 5 
3 7 2 6 1 5 0 4 5 
4 7 2 6 1 5 0 4 5 
5 7 2 6 1 5 0 4 5 
3 6 2 5 1 4 0 3 5 
3 7 2 6 1 5 0 4 5 
4 7 2 6 1 5 0 4 5 
4 9 2 8 1 7 0 6 5 
4 9 2 8 1 7 0 6 5 
3 6 2 5 1 4 0 3 5 
4 6 2 5 1 4 0 3 5 
3 9 2 8 1 7 0 6 5 
3 9 2 8 1 7 0 6 5 
3 9 2 8 1 7 0 6 5 
3 9 2 8 1 7 0 6 5 
SCORES_TXT_END_0
SCORES_TXT_BEGIN_0 168 100 9 BLEU
6 6 5 5 4 4 3 3 6 
5 6 4 5 3 4 2 3 6 
5 6 4 5 3 4 2 3 6 
5 6 4 5 3 4 2 3 6 
5 6 4 5 3 4 2 3 6 
5 10 4 9 3 8 2 7 6 
5 10 4 9 3 8 2 7 6 
6 8 4 7 3 6 2 5 6 
5 8 4 7 3 6 2 5 6 
5 9 4 8 3 7 2 6 6 
5 9 4 8 3 7 2 6 6 
6 7 4 6 2 5 1 4 6 
6 7 4 6 2 5 1 4 6 
5 6 4 5 3 4 2 3 6 
4 6 3 5 2 4 1 3 6 
6 7 3 6 1 5 0 4 6 
6 8 4 7 2 6 1 5 6 
6 7 4 6 3 5 2 4 6 
4 6 3 5 2 4 1 3 6 
5 7 4 6 3 5 2 4 6 
5 6 3 5 2 4 1 3 6 
5 7 3 6 2 5 1 4 6 
5 7 3 6 1 5 0 4 6 
4 6 3 5 2 4 1 3 6 
5 9 3 8 1 7 0 6 6 
5 7 2 6 1 5 0 4 6 
6 6 3 5 1 4 0 3 6 
4 10 3 9 2 8 1 7 6 
4 10 3 9 2 8 1 7 6 
4 10 3 9 2 8 1 7 6 
4 10 3 9 2 8 1 7 6 
5 7 3 6 2 5 1 4 6 
5 6 3 5 1 4 0 3 6 
5 7 4 6 3 5 2 4 6 
5 8 3 7 2 6 1 5 6 
5 7 3 6 2 5 1 4 6 
6 6 3 5 2 4 1 3 6 
5 6 4 5 3 4 2 3 6 
5 7 2 6 1 5 0 4 6 
5 7 3 6 2 5 1 4 6 
5 8 3 7 2 6 1 5 6 
6 6 2 5 1 4 0 3 6 
6 6 3 5 2 4 1 3 6 
5 7 2 6 1 5 0 4 6 
5 6 3 5 1 4 0 3 6 
4 8 3 7 2 6 1 5 6 
5 7 3 6 2 5 1 4 6 
4 10 3 9 2 8 1 7 6 
4 9 3 8 2 7 1 6 6 
4 10 3 9 2 8 1 7 6 
4 8 3 7 2 6 1 5 6 
5 8 3 7 1 6 0 5 6 
5 7 2 6 1 5 0 4 6 
4 9 3 8 2 7 1 6 6 
4 9 3 8 2 7 1 6 6 
4 7 2 6 1 5 0 4 6 
5 6 2 5 1 4 0 3 6 
5 6 3 5 2 4 1 3 6 
4 9 3 8 2 7 1 6 6 
6 7 2 6 1 5 0 4 6 
6 6 2 5 1 4 0 3 6 
6 7 3 6 2 5 1 4 6 
5 8 3 7 2 6 1 5 6 
5 7 3 6 1 5 0 4 6 
4 7 2 6 1 5 0 4 6 
5 7 2 6 1 5 0 4 6 
4 7 2 6 1 5 0 4 6 
6 9 3 8 1 7 0 6 6 
5 6 2 5 1 4 0 3 6 
4 9 2 8 1 7 0 6 6 
4 9 2 8 1 7 0 6 6 
5 6 2 5 1 4 0 3 6 
6 6 3 5 2 4 1 3 6 
5 6 3 5 2 4 1 3 6 
5 7 3 6 2 5 1 4 6 
4 9 2 8 1 7 0 6 6 
5 7 3 6 1 5 0 4 6 
4 8 3 7 2 6 1 5 6 
5 8 3 7 2 6 1 5 6 
5 6 2 5 1 4 0 3 6 
5 7 3 6 1 5 0 4 6 
6 6 2 5 1 4 0 3 6 
6 6 3 5 2 4 1 3 6 
4 7 2 6 1 5 0 4 6 
6 7 4 6 2 5 1 4 6 
4 9 3 8 2 7 1 6 6 
6 6 3 5 1 4 0 3 6 
4 9 3 8 2 7 1 6 6 
5 6 2 5 1 4 0 3 6 
5 6 3 5 2 4 1 3 6 
5 6 3 5 2 4 1 3 6 
5 7 3 6 2 5 1 4 6 
6 8 3 7 0 6 0 5 6 
5 8 2 7 1 6 0 5 6 
6 7 2 6 0 5 0 4 6 
5 6 2 5 1 4 0 3 6 
4 6 3 5 2 4 1 3 6 
4 9 2 8 1 7 0 6 6 
5 7 2 6 1 5 0 4 6 
6 6 3 5 1 4 0 3 6 
SCORES_TXT_END_0
SCORES_TXT_BEGIN_0 169 100 9 BLEU
8 8 7 7 6 6 5 5 8 
6 6 4 5 3 4 2 3 8 
6 7 4 6 3 5 2 4 8 
8 10 6 9 4 8 2 7 8 
8 10 6 9 4 8 2 7 8 
8 9 6 8 4 7 2 6 8 
8 9 6 8 4 7 3 6 8 
8 10 7 9 6 8 4 7 8 
8 9 6 8 5 7 4 6 8 
6 7 4 6 3 5 2 4 8 
8 9 6 8 4 7 2 6 8 
8 9 6 8 4 7 2 6 8 
5 6 4 5 3 4 2 3 8 
8 12 7 11 6 10 4 9 8 
8 12 7 11 6 10 4 9 8 
8 9 6 8 4 7 2 6 8 
7 7 5 6 3 5 2 4 8 
6 7 3 6 1 5 0 4 8 
8 9 6 8 5 7 4 6 8 
8 11 7 10 6 9 4 8 8 
8 9 6 8 4 7 2 6 8 
6 8 3 7 1 6 0 5 8 
8 12 6 11 4 10 2 9 8 
8 11 7 10 6 9 4 8 8 
8 11 5 10 2 9 0 8 8 
8 12 6 11 4 10 2 9 8 
8 11 5 10 2 9 0 8 8 
8 11 5 10 3 9 2 8 8 
8 8 4 7 2 6 0 5 8 
8 11 5 10 3 9 2 8 8 
7 8 6 7 5 6 4 5 8 
8 9 6 8 4 7 2 6 8 
7 7 3 6 2 5 1 4 8 
8 14 6 13 4 12 2 11 8 
8 11 6 10 4 9 2 8 8 
8 14 6 13 4 12 2 11 8 
8 8 4 7 3 6 2 5 8 
8 14 6 13 4 12 2 11 8 
8 11 6 10 4 9 2 8 8 
8 14 6 13 4 12 2 11 8 
8 8 4 7 2 6 1 5 8 
5 7 4 6 3 5 2 4 8 
8 11 6 10 4 9 2 8 8 
5 7 4 6 3 5 2 4 8 
7 8 4 7 3 6 2 5 8 
8 11 6 10 4 9 2 8 8 
8 10 6 9 4 8 2 7 8 
7 9 5 8 3 7 2 6 8 
8 10 6 9 4 8 2 7 8 
7 9 5 8 3 7 2 6 8 
8 9 7 8 5 7 4 6 8 
8 10 5 9 2 8 0 7 8 
8 11 6 10 4 9 2 8 8 
8 10 6 9 4 8 2 7 8 
8 9 6 8 4 7 2 6 8 
8 11 6 10 4 9 2 8 8 
6 7 4 6 3 5 2 4 8 
8 11 5 10 3 9 2 8 8 
8 8 3 7 2 6 1 5 8 
8 9 4 8 2 7 0 6 8 
8 10 6 9 4 8 2 7 8 
8 9 6 8 4 7 3 6 8 
8 10 6 9 4 8 2 7 8 
8 11 5 10 3 9 2 8 8 
8 10 6 9 4 8 2 7 8 
8 13 6 12 4 11 2 10 8 
8 8 5 7 3 6 1 5 8 
8 10 6 9 4 8 2 7 8 
8 13 6 12 4 11 2 10 8 
8 10 6 9 4 8 2 7 8 
7 8 3 7 2 6 1 5 8 
8 11 6 10 4 9 2 8 8 
8 9 4 8 2 7 0 6 8 
7 7 3 6 1 5 0 4 8 
7 8 5 7 3 6 2 5 8 
8 9 4 8 2 7 1 6 8 
8 10 4 9 2 8 0 7 8 
8 10 4 9 2 8 0 7 8 
8 8 4 7 2 6 1 5 8 
8 13 6 12 4 11 2 10 8 
8 10 5 9 3 8 2 7 8 
8 13 6 12 4 11 2 10 8 
8 10 5 9 3 8 1 7 8 
8 8 4 7 1 6 0 5 8 
8 11 6 10 4 9 2 8 8 
6 6 2 5 1 4 0 3 8 
8 9 4 8 3 7 2 6 8 
8 8 3 7 1 6 0 5 8 
8 10 6 9 4 8 3 7 8 
7 8 3 7 2 6 1 5 8 
8 9 4 8 2 7 1 6 8 
7 8 5 7 3 6 2 5 8 
7 8 4 7 3 6 2 5 8 
8 8 5 7 2 6 0 5 8 
8 10 6 9 4 8 2 7 8 
8 10 6 9 4 8 2 7 8 
8 8 5 7 3 6 1 5 8 
8 9 4 8 2 7 0 6 8 
8 10 5 9 3 8 2 7 8 
8 9 4 8 2 7 0 6 8 
SCORES_TXT_END_0
SCORES_TXT_BEGIN_0 170 23 9 BLEU
11 11 10 10 9 9 8 8 11 
10 11 9 10 8 9 7 8 11 
11 13 9 12 8 11 7 10 11 
10 13 9 12 8 11 7 10 11 
11 12 10 11 8 10 6 9 11 
10 15 9 14 8 13 7 12 11 
10 15 9 14 8 13 7 12 11 
11 12 9 11 7 10 6 9 11 
11 12 9 11 7 10 6 9 11 
11 11 7 10 6 9 5 8 11 
10 14 9 13 8 12 7 11 11 
10 14 9 13 8 12 7 11 11 
11 12 9 11 7 10 6 9 11 
11 12 9 11 7 10 5 9 11 
11 12 9 11 7 10 5 9 11 
11 12 9 11 8 10 7 9 11 
11 12 9 11 7 10 6 9 11 
11 12 9 11 8 10 7 9 11 
10 11 7 10 6 9 5 8 11 
11 11 8 10 4 9 2 8 11 
11 11 7 10 5 9 4 8 11 
10 12 9 11 7 10 5 9 11 
10 13 7 12 6 11 5 10 11 
SCORES_TXT_END_0
SCORES_TXT_BEGIN_0 171 100 9 BLEU
9 9 8 8 7 7 6 6 9 
8 9 7 8 6 7 5 6 9 
8 13 7 12 6 11 5 10 9 
8 13 7 12 6 11 5 10 9 
9 11 7 10 6 9 5 8 9 
8 11 7 10 6 9 5 8 9 
8 8 6 7 4 6 3 5 9 
8 12 7 11 6 10 5 9 9 
8 12 7 11 6 10 5 9 9 
8 9 6 8 4 7 3 6 9 
9 10 7 9 5 8 3 7 9 
7 8 5 7 3 6 2 5 9 
9 10 7 9 6 8 5 7 9 
9 10 7 9 5 8 3 7 9 
8 8 4 7 2 6 1 5 9 
8 9 6 8 4 7 2 6 9 
8 10 7 9 6 8 5 7 9 
7 9 5 8 3 7 2 6 9 
7 12 5 11 3 10 2 9 9 
7 12 5 11 3 10 2 9 9 
9 9 5 8 4 7 3 6 9 
9 9 5 8 3 7 2 6 9 
8 10 5 9 3 8 2 7 9 
7 10 5 9 3 8 2 7 9 
8 10 6 9 4 8 3 7 9 
7 8 4 7 2 6 1 5 9 
7 13 5 12 3 11 2 10 9 
8 12 5 11 4 10 3 9 9 
7 13 5 12 3 11 2 10 9 
8 9 5 8 3 7 2 6 9 
8 12 5 11 4 10 3 9 9 
8 8 4 7 1 6 0 5 9 
7 10 4 9 2 8 1 7 9 
8 8 4 7 1 6 0 5 9 
8 11 5 10 3 9 2 8 9 
9 9 6 8 4 7 3 6 9 
8 8 5 7 3 6 2 5 9 
8 11 5 10 3 9 2 8 9 
9 9 6 8 4 7 3 6 9 
9 9 5 8 3 7 1 6 9 
9 9 5 8 2 7 1 6 9 
8 9 5 8 4 7 3 6 9 
8 8 4 7 2 6 1 5 9 
7 11 5 10 3 9 2 8 9 
9 9 4 8 2 7 1 6 9 
8 11 5 10 4 9 3 8 9 
8 14 6 13 4 12 3 11 9 
8 14 6 13 4 12 3 11 9 
8 10 6 9 4 8 3 7 9 
9 9 6 8 5 7 4 6 9 
9 12 6 11 4 10 3 9 9 
7 9 5 8 3 7 1 6 9 
8 9 5 8 3 7 1 6 9 
9 9 5 8 3 7 2 6 9 
9 9 5 8 2 7 1 6 9 
8 9 5 8 3 7 2 6 9 
8 9 4 8 2 7 1 6 9 
9 9 5 8 2 7 1 6 9 
8 8 4 7 1 6 0 5 9 
9 9 6 8 5 7 4 6 9 
8 12 6 11 4 10 3 9 9 
8 9 6 8 5 7 4 6 9 
9 9 5 8 3 7 1 6 9 
9 10 5 9 4 8 3 7 9 
8 9 5 8 3 7 1 6 9 
8 9 6 8 4 7 3 6 9 
7 12 4 11 2 10 1 9 9 
7 12 4 11 2 10 1 9 9 
7 8 4 7 2 6 1 5 9 
8 11 6 10 4 9 3 8 9 
8 8 5 7 3 6 2 5 9 
9 9 5 8 4 7 3 6 9 
8 10 5 9 3 8 2 7 9 
8 10 4 9 2 8 1 7 9 
7 11 5 10 3 9 2 8 9 
9 9 5 8 3 7 2 6 9 
8 9 5 8 2 7 1 6 9 
8 14 6 13 4 12 3 11 9 
7 11 4 10 2 9 1 8 9 
9 9 5 8 4 7 3 6 9 
7 11 4 10 2 9 1 8 9 
8 14 6 13 4 12 3 11 9 
9 9 6 8 4 7 2 6 9 
8 11 5 10 2 9 1 8 9 
7 11 5 10 3 9 2 8 9 
9 10 5 9 3 8 2 7 9 
9 9 5 8 3 7 1 6 9 
9 11 5 10 3 9 2 8 9 
9 10 5 9 3 8 1 7 9 
8 9 4 8 1 7 0 6 9 
9 10 4 9 2 8 1 7 9 
9 12 6 11 4 10 3 9 9 
7 13 5 12 3 11 1 10 9 
9 11 7 10 5 9 3 8 9 
8 12 5 11 3 10 2 9 9 
8 12 5 11 3 10 2 9 9 
7 13 5 12 3 11 1 10 9 
8 12 5 11 3 10 2 9 9 
9 9 5 8 2 7 1 6 9 
8 9 4 8 2 7 1 6 9 
SCORES_TXT_END_0
SCORES_TXT_BEGIN_0 172 26 9 BLEU
13 13 11 12 10 11 9 10 15 
14 14 11 13 10 12 9 11 15 
12 13 11 12 10 11 9 10 15 
15 15 11 14 10 13 9 12 15 
13 14 11 13 10 12 9 11 15 
14 15 11 14 10 13 9 12 15 
12 14 11 13 10 12 9 11 15 
13 15 11 14 10 13 9 12 15 
14 17 12 16 10 15 9 14 15 
14 17 12 16 10 15 9 14 15 
14 15 11 14 10 13 9 12 15 
14 18 12 17 10 16 9 15 15 
14 18 12 17 10 16 9 15 15 
15 15 14 14 13 13 12 12 15 
13 15 11 14 10 13 9 12 15 
14 16 11 15 10 14 9 13 15 
15 16 14 15 13 14 12 13 15 
14 14 11 13 10 12 9 11 15 
15 15 12 14 10 13 9 12 15 
14 15 13 14 12 13 11 12 15 
13 13 10 12 6 11 4 10 15 
14 14 10 13 6 12 4 11 15 
13 16 11 15 10 14 9 13 15 
14 16 13 15 12 14 11 13 15 
13 14 11 13 9 12 7 11 15 
14 15 11 14 10 13 9 12 15 
SCORES_TXT_END_0
SCORES_TXT_BEGIN_0 173 90 9 BLEU
9 9 8 8 7 7 6 6 9 
8 9 7 8 6 7 5 6 9 
9 11 7 10 6 9 5 8 9 
8 11 7 10 6 9 5 8 9 
9 10 7 9 6 8 5 7 9 
8 13 7 12 6 11 5 10 9 
8 13 7 12 6 11 5 10 9 
8 10 7 9 6 8 5 7 9 
8 12 7 11 6 10 5 9 9 
9 10 7 9 6 8 5 7 9 
8 12 7 11 6 10 5 9 9 
9 10 8 9 7 8 6 7 9 
9 9 5 8 4 7 3 6 9 
9 10 7 9 6 8 5 7 9 
8 10 7 9 6 8 5 7 9 
8 14 7 13 6 12 5 11 9 
8 14 7 13 6 12 5 11 9 
8 10 6 9 5 8 4 7 9 
9 12 7 11 6 10 5 9 9 
8 10 7 9 6 8 5 7 9 
9 10 7 9 6 8 5 7 9 
8 9 5 8 4 7 3 6 9 
8 12 7 11 6 10 5 9 9 
8 10 6 9 5 8 4 7 9 
9 10 7 9 6 8 5 7 9 
8 13 7 12 6 11 5 10 9 
8 13 7 12 6 11 5 10 9 
9 10 7 9 5 8 3 7 9 
8 11 5 10 4 9 3 8 9 
8 10 7 9 6 8 5 7 9 
9 12 8 11 7 10 6 9 9 
9 12 7 11 6 10 5 9 9 
9 12 8 11 7 10 6 9 9 
8 9 7 8 6 7 5 6 9 
9 10 8 9 7 8 6 7 9 
9 11 8 10 7 9 6 8 9 
8 9 6 8 4 7 2 6 9 
8 9 6 8 4 7 2 6 9 
8 14 7 13 6 12 5 11 9 
9 11 7 10 6 9 5 8 9 
8 14 7 13 6 12 5 11 9 
8 12 7 11 6 10 5 9 9 
9 11 8 10 7 9 6 8 9 
9 12 6 11 5 10 4 9 9 
9 11 8 10 7 9 6 8 9 
8 10 6 9 4 8 3 7 9 
9 10 8 9 7 8 6 7 9 
9 12 7 11 6 10 5 9 9 
9 10 7 9 5 8 4 7 9 
8 12 6 11 5 10 4 9 9 
9 12 6 11 5 10 4 9 9 
8 12 7 11 6 10 5 9 9 
9 9 6 8 4 7 3 6 9 
8 13 5 12 4 11 3 10 9 
8 13 5 12 4 11 3 10 9 
8 12 7 11 6 10 5 9 9 
9 11 7 10 6 9 5 8 9 
9 10 7 9 5 8 3 7 9 
8 12 7 11 6 10 5 9 9 
9 10 5 9 4 8 3 7 9 
9 11 5 10 4 9 3 8 9 
8 12 5 11 4 10 3 9 9 
7 9 6 8 5 7 4 6 9 
8 12 5 11 4 10 3 9 9 
8 10 7 9 6 8 5 7 9 
8 11 7 10 6 9 5 8 9 
7 9 5 8 3 7 1 6 9 
9 10 5 9 4 8 3 7 9 
8 12 6 11 5 10 4 9 9 
7 9 5 8 3 7 1 6 9 
9 10 7 9 5 8 3 7 9 
8 11 6 10 5 9 4 8 9 
8 10 7 9 6 8 5 7 9 
8 11 7 10 6 9 5 8 9 
9 9 6 8 4 7 2 6 9 
8 11 7 10 6 9 5 8 9 
8 10 7 9 6 8 5 7 9 
8 10 7 9 6 8 5 7 9 
8 11 7 10 6 9 5 8 9 
9 10 6 9 4 8 3 7 9 
9 11 8 10 7 9 6 8 9 
8 10 6 9 5 8 4 7 9 
8 10 5 9 4 8 3 7 9 
9 11 7 10 5 9 4 8 9 
8 9 5 8 3 7 2 6 9 
9 9 5 8 3 7 2 6 9 
9 12 6 11 4 10 3 9 9 
9 11 6 10 5 9 4 8 9 
8 9 6 8 4 7 2 6 9 
8 10 6 9 4 8 2 7 9 
SCORES_TXT_END_0
SCORES_TXT_BEGIN_0 174 100 9 BLEU
10 10 9 9 8 8 7 7 10 
9 10 8 9 7 8 6 7 10 
9 12 8 11 7 10 6 9 10 
10 12 8 11 7 10 6 9 10 
9 14 8 13 7 12 6 11 10 
9 14 8 13 7 12 6 11 10 
10 12 9 11 8 10 6 9 10 
9 11 8 10 7 9 6 8 10 
8 10 6 9 4 8 2 7 10 
9 13 8 12 7 11 6 10 10 
10 11 9 10 7 9 5 8 10 
9 11 8 10 7 9 6 8 10 
9 10 8 9 7 8 6 7 10 
7 10 5 9 3 8 1 7 10 
9 10 6 9 4 8 2 7 10 
9 13 8 12 7 11 6 10 10 
8 8 6 7 4 6 2 5 10 
9 13 8 12 7 11 6 10 10 
9 12 8 11 7 10 5 9 10 
9 9 7 8 5 7 3 6 10 
9 10 7 9 5 8 3 7 10 
10 11 9 10 7 9 5 8 10 
8 10 5 9 3 8 1 7 10 
8 11 7 10 6 9 5 8 10 
8 10 7 9 6 8 5 7 10 
10 11 8 10 7 9 6 8 10 
7 8 5 7 3 6 2 5 10 
9 9 7 8 5 7 3 6 10 
9 11 8 10 6 9 4 8 10 
8 9 6 8 4 7 3 6 10 
10 11 8 10 7 9 6 8 10 
10 13 8 12 7 11 6 10 10 
9 11 8 10 7 9 6 8 10 
9 11 8 10 6 9 4 8 10 
9 14 8 13 7 12 5 11 10 
8 10 6 9 4 8 2 7 10 
9 10 8 9 7 8 6 7 10 
8 9 6 8 4 7 2 6 10 
9 10 8 9 7 8 6 7 10 
7 12 5 11 3 10 1 9 10 
10 11 8 10 7 9 6 8 10 
10 10 6 9 5 8 4 7 10 
9 11 6 10 4 9 2 8 10 
9 10 7 9 5 8 4 7 10 
9 15 8 14 7 13 6 12 10 
9 15 8 14 7 13 6 12 10 
9 13 8 12 6 11 4 10 10 
7 10 5 9 3 8 2 7 10 
8 13 7 12 6 11 5 10 10 
8 12 5 11 3 10 1 9 10 
8 11 6 10 4 9 3 8 10 
8 12 7 11 6 10 5 9 10 
9 11 8 10 7 9 6 8 10 
9 13 8 12 6 11 4 10 10 
9 11 8 10 6 9 4 8 10 
10 14 8 13 7 12 5 11 10 
8 10 6 9 4 8 3 7 10 
8 10 7 9 6 8 5 7 10 
8 11 6 10 4 9 2 8 10 
9 10 8 9 7 8 6 7 10 
8 10 7 9 6 8 5 7 10 
9 13 8 12 7 11 6 10 10 
8 11 6 10 4 9 2 8 10 
9 12 5 11 3 10 1 9 10 
8 12 6 11 4 10 2 9 10 
9 12 8 11 7 10 5 9 10 
9 13 7 12 6 11 5 10 10 
8 10 5 9 3 8 2 7 10 
9 12 7 11 6 10 5 9 10 
8 10 5 9 3 8 2 7 10 
10 13 8 12 6 11 4 10 10 
9 11 6 10 4 9 3 8 10 
8 12 5 11 3 10 1 9 10 
8 11 5 10 3 9 1 8 10 
7 10 4 9 2 8 1 7 10 
8 10 7 9 6 8 5 7 10 
10 12 7 11 6 10 4 9 10 
9 10 6 9 5 8 4 7 10 
7 11 5 10 3 9 1 8 10 
9 11 6 10 4 9 2 8 10 
8 11 7 10 5 9 3 8 10 
9 12 6 11 4 10 2 9 10 
10 12 7 11 5 10 3 9 10 
7 14 5 13 3 12 1 11 10 
10 10 7 9 5 8 4 7 10 
7 14 5 13 3 12 1 11 10 
10 12 7 11 5 10 3 9 10 
10 13 8 12 6 11 4 10 10 
9 14 8 13 7 12 6 11 10 
8 12 7 11 6 10 4 9 10 
8 12 7 11 6 10 5 9 10 
9 14 8 13 7 12 6 11 10 
10 11 7 10 5 9 4 8 10 
9 10 7 9 5 8 3 7 10 
9 15 8 14 7 13 6 12 10 
8 12 7 11 6 10 5 9 10 
9 15 8 14 7 13 6 12 10 
9 16 8 15 7 14 5 13 10 
8 11 6 10 4 9 2 8 10 
10 10 7 9 6 8 5 7 10 
SCORES_TXT_END_0
SCORES_TXT_BEGIN_0 175 100 9 BLEU
7 7 6 6 5 5 4 4 7 
6 7 5 6 4 5 3 4 7 
7 9 5 8 3 7 1 6 7 
7 9 5 8 3 7 1 6 7 
6 9 4 8 2 7 1 6 7 
6 9 4 8 2 7 1 6 7 
6 6 3 5 2 4 1 3 7 
7 8 5 7 3 6 1 5 7 
7 8 5 7 3 6 1 5 7 
7 8 5 7 3 6 1 5 7 
6 6 4 5 3 4 2 3 7 
7 8 5 7 3 6 1 5 7 
6 9 5 8 4 7 3 6 7 
6 8 4 7 2 6 1 5 7 
5 6 3 5 2 4 1 3 7 
6 8 4 7 2 6 1 5 7 
6 7 3 6 2 5 1 4 7 
6 8 4 7 2 6 1 5 7 
6 8 4 7 2 6 1 5 7 
7 7 3 6 1 5 0 4 7 
6 6 4 5 2 4 1 3 7 
7 7 3 6 1 5 0 4 7 
7 7 3 6 2 5 1 4 7 
5 6 4 5 3 4 2 3 7 
6 8 5 7 4 6 3 5 7 
6 6 2 5 0 4 0 3 7 
6 8 4 7 2 6 1 5 7 
6 7 2 6 0 5 0 4 7 
7 8 5 7 3 6 1 5 7 
6 7 4 6 2 5 1 4 7 
6 8 5 7 3 6 2 5 7 
7 9 3 8 1 7 0 6 7 
7 10 5 9 3 8 1 7 7 
7 9 3 8 1 7 0 6 7 
7 10 5 9 3 8 1 7 7 
6 11 5 10 4 9 3 8 7 
6 7 3 6 1 5 0 4 7 
6 10 4 9 2 8 1 7 7 
6 11 5 10 4 9 3 8 7 
7 7 3 6 0 5 0 4 7 
6 10 4 9 2 8 1 7 7 
7 9 3 8 1 7 0 6 7 
7 9 6 8 5 7 3 6 7 
6 6 2 5 1 4 0 3 7 
6 10 5 9 4 8 3 7 7 
6 10 5 9 4 8 3 7 7 
6 11 4 10 2 9 1 8 7 
7 7 4 6 2 5 1 4 7 
5 7 3 6 2 5 1 4 7 
6 8 4 7 2 6 0 5 7 
5 7 3 6 1 5 0 4 7 
6 11 4 10 2 9 1 8 7 
7 9 3 8 1 7 0 6 7 
7 7 3 6 2 5 1 4 7 
5 6 3 5 2 4 1 3 7 
7 9 5 8 3 7 1 6 7 
6 6 2 5 0 4 0 3 7 
6 6 2 5 1 4 0 3 7 
7 9 5 8 3 7 1 6 7 
6 10 4 9 2 8 1 7 7 
6 9 2 8 0 7 0 6 7 
6 10 4 9 2 8 1 7 7 
7 9 5 8 3 7 1 6 7 
7 8 6 7 5 6 4 5 7 
6 7 3 6 2 5 1 4 7 
6 7 3 6 2 5 1 4 7 
6 8 4 7 2 6 0 5 7 
6 7 4 6 2 5 1 4 7 
6 9 2 8 0 7 0 6 7 
6 8 5 7 4 6 3 5 7 
6 9 3 8 1 7 0 6 7 
7 9 5 8 3 7 1 6 7 
6 9 4 8 2 7 1 6 7 
7 9 5 8 3 7 1 6 7 
6 6 3 5 2 4 1 3 7 
7 8 5 7 3 6 1 5 7 
7 9 5 8 3 7 1 6 7 
6 9 4 8 2 7 1 6 7 
7 8 5 7 3 6 1 5 7 
6 7 3 6 1 5 0 4 7 
6 10 5 9 3 8 2 7 7 
6 9 3 8 1 7 0 6 7 
6 10 5 9 3 8 2 7 7 
6 9 4 8 2 7 1 6 7 
5 6 2 5 1 4 0 3 7 
7 7 4 6 2 5 0 4 7 
7 8 6 7 4 6 2 5 7 
6 9 5 8 3 7 2 6 7 
6 8 4 7 2 6 1 5 7 
5 6 2 5 0 4 0 3 7 
7 8 3 7 2 6 1 5 7 
6 9 5 8 3 7 2 6 7 
7 7 3 6 1 5 0 4 7 
5 7 3 6 2 5 1 4 7 
7 11 5 10 3 9 1 8 7 
7 7 2 6 0 5 0 4 7 
7 11 5 10 3 9 1 8 7 
7 7 2 6 1 5 0 4 7 
6 9 4 8 2 7 0 6 7 
6 11 3 10 1 9 0 8 7 
SCORES_TXT_END_0
SCORES_TXT_BEGIN_0 176 100 9 BLEU
10 10 9 9 8 8 7 7 10 
9 10 8 9 7 8 6 7 10 
9 12 8 11 7 10 6 9 10 
9 14 8 13 7 12 6 11 10 
10 12 8 11 7 10 6 9 10 
9 14 8 13 7 12 6 11 10 
10 14 8 13 7 12 6 11 10 
9 10 7 9 6 8 5 7 10 
10 11 8 10 7 9 6 8 10 
9 13 8 12 7 11 6 10 10 
9 13 8 12 7 11 6 10 10 
10 11 8 10 7 9 6 8 10 
9 10 5 9 3 8 2 7 10 
10 11 8 10 7 9 6 8 10 
10 11 8 10 7 9 6 8 10 
10 12 8 11 7 10 6 9 10 
8 12 7 11 6 10 5 9 10 
9 11 8 10 7 9 6 8 10 
8 10 7 9 6 8 5 7 10 
10 11 9 10 8 9 7 8 10 
9 11 7 10 6 9 5 8 10 
9 11 8 10 7 9 6 8 10 
9 13 8 12 7 11 6 10 10 
9 9 7 8 5 7 3 6 10 
10 11 8 10 7 9 6 8 10 
9 11 8 10 7 9 6 8 10 
9 11 7 10 6 9 5 8 10 
9 14 8 13 7 12 6 11 10 
10 13 8 12 7 11 6 10 10 
9 13 8 12 7 11 6 10 10 
10 11 8 10 6 9 4 8 10 
9 12 8 11 7 10 6 9 10 
10 11 8 10 7 9 6 8 10 
9 9 5 8 3 7 2 6 10 
8 10 5 9 3 8 2 7 10 
10 10 7 9 5 8 3 7 10 
8 14 7 13 6 12 5 11 10 
8 14 7 13 6 12 5 11 10 
9 11 7 10 6 9 5 8 10 
9 10 8 9 7 8 6 7 10 
9 13 7 12 6 11 5 10 10 
8 13 7 12 6 11 5 10 10 
9 12 7 11 6 10 5 9 10 
8 11 7 10 6 9 5 8 10 
8 11 6 10 4 9 2 8 10 
9 15 7 14 6 13 5 12 10 
8 9 6 8 4 7 2 6 10 
10 12 8 11 7 10 6 9 10 
9 11 8 10 7 9 6 8 10 
9 15 8 14 7 13 6 12 10 
9 15 8 14 7 13 6 12 10 
9 15 7 14 6 13 5 12 10 
10 13 8 12 7 11 6 10 10 
9 11 5 10 3 9 2 8 10 
8 13 7 12 6 11 5 10 10 
10 13 7 12 6 11 5 10 10 
9 16 8 15 7 14 6 13 10 
8 13 7 12 6 11 5 10 10 
9 10 7 9 5 8 3 7 10 
9 13 7 12 6 11 5 10 10 
10 13 9 12 8 11 7 10 10 
9 11 6 10 4 9 2 8 10 
9 11 6 10 4 9 2 8 10 
10 13 9 12 8 11 7 10 10 
8 10 5 9 3 8 2 7 10 
10 11 8 10 7 9 6 8 10 
9 10 6 9 3 8 2 7 10 
9 15 7 14 6 13 5 12 10 
10 11 8 10 7 9 6 8 10 
9 13 8 12 7 11 6 10 10 
10 11 9 10 8 9 7 8 10 
9 13 8 12 7 11 6 10 10 
10 11 8 10 6 9 4 8 10 
10 12 9 11 8 10 7 9 10 
9 16 8 15 7 14 6 13 10 
9 16 8 15 7 14 6 13 10 
10 10 6 9 4 8 2 7 10 
8 14 5 13 3 12 2 11 10 
9 11 8 10 7 9 6 8 10 
9 15 8 14 7 13 6 12 10 
9 12 5 11 3 10 2 9 10 
9 15 8 14 7 13 6 12 10 
9 15 7 14 6 13 5 12 10 
10 11 7 10 5 9 3 8 10 
9 10 6 9 4 8 2 7 10 
9 12 5 11 3 10 2 9 10 
10 13 7 12 6 11 5 10 10 
10 14 8 13 7 12 6 11 10 
10 12 9 11 8 10 7 9 10 
9 15 8 14 7 13 6 12 10 
9 15 8 14 7 13 6 12 10 
10 13 8 12 7 11 6 10 10 
9 15 8 14 7 13 6 12 10 
10 10 6 9 5 8 4 7 10 
9 14 8 13 7 12 6 11 10 
10 12 9 11 8 10 7 9 10 
9 14 8 13 7 12 6 11 10 
9 15 8 14 7 13 6 12 10 
10 11 9 10 8 9 7 8 10 
9 11 5 10 3 9 2 8 10 
SCORES_TXT_END_0
SCORES_TXT_BEGIN_0 177 37 9 BLEU
15 15 14 14 13 13 12 12 15 
14 15 13 14 12 13 11 12 15 
14 19 13 18 12 17 11 16 15 
14 19 13 18 12 17 11 16 15 
15 17 13 16 12 15 11 14 15 
14 17 13 16 12 15 11 14 15 
15 15 12 14 8 13 6 12 15 
14 15 12 14 10 13 8 12 15 
14 18 13 17 12 16 11 15 15 
14 18 13 17 12 16 11 15 15 
15 16 14 15 12 14 10 13 15 
14 15 12 14 8 13 6 12 15 
15 16 14 15 12 14 10 13 15 
14 16 12 15 8 14 6 13 15 
14 17 12 16 8 15 6 14 15 
13 15 11 14 9 13 7 12 15 
13 19 11 18 9 17 7 16 15 
13 19 11 18 9 17 7 16 15 
15 16 13 15 12 14 11 13 15 
15 16 13 15 11 14 9 13 15 
14 15 11 14 8 13 6 12 15 
14 16 13 15 11 14 9 13 15 
14 20 13 19 11 18 9 17 15 
14 20 13 19 11 18 9 17 15 
15 16 14 15 12 14 10 13 15 
15 16 13 15 11 14 9 13 15 
14 16 13 15 12 14 11 13 15 
15 15 11 14 8 13 5 12 15 
15 16 13 15 11 14 9 13 15 
14 19 12 18 8 17 6 16 15 
14 19 12 18 8 17 6 16 15 
14 14 12 13 10 12 8 11 15 
14 17 11 16 9 15 7 14 15 
14 16 13 15 11 14 10 13 15 
14 20 13 19 11 18 10 17 15 
15 15 11 14 9 13 7 12 15 
14 20 13 19 11 18 10 17 15 
SCORES_TXT_END_0
SCORES_TXT_BEGIN_0 178 44 9 BLEU
8 8 6 7 4 6 2 5 10 
10 10 9 9 8 8 7 7 10 
7 8 5 7 3 6 2 5 10 
9 10 7 9 5 8 3 7 10 
9 10 8 9 7 8 6 7 10 
8 10 6 9 4 8 3 7 10 
5 6 4 5 3 4 2 3 10 
8 9 5 8 2 7 0 6 10 
10 11 8 10 6 9 5 8 10 
7 9 4 8 1 7 0 6 10 
9 11 6 10 3 9 1 8 10 
8 9 6 8 3 7 1 6 10 
9 9 7 8 5 7 3 6 10 
9 11 7 10 5 9 4 8 10 
8 9 6 8 4 7 3 6 10 
8 11 5 10 2 9 1 8 10 
6 7 5 6 4 5 3 4 10 
10 11 9 10 7 9 6 8 10 
7 9 5 8 2 7 1 6 10 
9 11 7 10 4 9 2 8 10 
5 7 3 6 1 5 0 4 10 
8 9 5 8 3 7 1 6 10 
7 8 6 7 5 6 4 5 10 
10 12 9 11 8 10 6 9 10 
6 8 5 7 4 6 3 5 10 
9 11 8 10 6 9 5 8 10 
8 11 6 10 3 9 2 8 10 
8 9 5 8 3 7 2 6 10 
9 12 7 11 5 10 3 9 10 
10 11 8 10 7 9 6 8 10 
7 9 4 8 2 7 1 6 10 
10 11 9 10 7 9 5 8 10 
9 9 7 8 5 7 3 6 10 
9 11 6 10 4 9 2 8 10 
5 7 4 6 2 5 1 4 10 
10 11 8 10 7 9 6 8 10 
9 11 7 10 5 9 3 8 10 
9 9 5 8 3 7 1 6 10 
8 9 6 8 4 7 2 6 10 
10 12 9 11 8 10 6 9 10 
8 10 6 9 4 8 2 7 10 
10 11 9 10 7 9 5 8 10 
9 12 8 11 7 10 6 9 10 
8 9 6 8 4 7 2 6 10 
SCORES_TXT_END_0
SCORES_TXT_BEGIN_0 179 100 9 BLEU
7 7 6 6 5 5 4 4 7 
6 7 4 6 3 5 2 4 7 
6 7 4 6 3 5 2 4 7 
6 7 5 6 4 5 3 4 7 
5 7 3 6 2 5 1 4 7 
5 7 3 6 2 5 1 4 7 
6 7 4 6 2 5 1 4 7 
6 7 3 6 2 5 1 4 7 
5 7 1 6 0 5 0 4 7 
7 9 5 8 4 7 3 6 7 
6 9 5 8 4 7 3 6 7 
6 7 4 6 2 5 1 4 7 
6 7 2 6 0 5 0 4 7 
7 7 2 6 0 5 0 4 7 
6 7 1 6 0 5 0 4 7 
6 7 4 6 2 5 1 4 7 
6 9 3 8 2 7 1 6 7 
6 9 3 8 2 7 1 6 7 
5 7 2 6 0 5 0 4 7 
5 9 3 8 2 7 1 6 7 
5 7 3 6 2 5 1 4 7 
6 7 2 6 0 5 0 4 7 
5 9 3 8 2 7 1 6 7 
5 7 3 6 2 5 1 4 7 
5 7 2 6 0 5 0 4 7 
6 8 3 7 2 6 1 5 7 
4 7 1 6 0 5 0 4 7 
6 7 2 6 0 5 0 4 7 
6 8 4 7 2 6 1 5 7 
7 8 5 7 3 6 1 5 7 
7 8 5 7 4 6 3 5 7 
5 7 3 6 2 5 1 4 7 
5 7 1 6 0 5 0 4 7 
5 8 2 7 0 6 0 5 7 
6 7 1 6 0 5 0 4 7 
5 7 1 6 0 5 0 4 7 
5 9 3 8 2 7 1 6 7 
6 8 3 7 2 6 1 5 7 
4 7 1 6 0 5 0 4 7 
6 8 3 7 2 6 1 5 7 
6 8 2 7 0 6 0 5 7 
5 11 3 10 2 9 1 8 7 
5 11 3 10 2 9 1 8 7 
6 11 5 10 4 9 3 8 7 
6 8 3 7 2 6 1 5 7 
6 11 5 10 4 9 3 8 7 
6 7 4 6 2 5 1 4 7 
4 11 1 10 0 9 0 8 7 
4 11 1 10 0 9 0 8 7 
5 7 1 6 0 5 0 4 7 
4 9 1 8 0 7 0 6 7 
6 9 3 8 2 7 1 6 7 
6 9 3 8 2 7 1 6 7 
5 8 2 7 1 6 0 5 7 
6 6 4 5 3 4 2 3 7 
5 7 3 6 2 5 1 4 7 
5 9 1 8 0 7 0 6 7 
5 7 2 6 0 5 0 4 7 
5 9 1 8 0 7 0 6 7 
5 6 3 5 1 4 0 3 7 
6 8 1 7 0 6 0 5 7 
6 8 4 7 2 6 0 5 7 
6 8 5 7 4 6 3 5 7 
5 9 3 8 2 7 1 6 7 
7 8 1 7 0 6 0 5 7 
5 8 3 7 2 6 1 5 7 
5 11 3 10 2 9 1 8 7 
5 11 1 10 0 9 0 8 7 
5 11 3 10 2 9 1 8 7 
5 11 1 10 0 9 0 8 7 
6 9 3 8 2 7 1 6 7 
5 10 3 9 2 8 1 7 7 
6 9 1 8 0 7 0 6 7 
5 11 3 10 2 9 1 8 7 
6 8 3 7 1 6 0 5 7 
5 11 3 10 2 9 1 8 7 
4 7 1 6 0 5 0 4 7 
5 10 3 9 2 8 1 7 7 
4 10 1 9 0 8 0 7 7 
4 8 1 7 0 6 0 5 7 
6 7 2 6 0 5 0 4 7 
5 6 1 5 0 4 0 3 7 
4 10 1 9 0 8 0 7 7 
6 8 3 7 1 6 0 5 7 
7 9 1 8 0 7 0 6 7 
5 8 2 7 1 6 0 5 7 
6 9 1 8 0 7 0 6 7 
6 8 1 7 0 6 0 5 7 
5 7 1 6 0 5 0 4 7 
6 10 5 9 4 8 3 7 7 
5 9 3 8 2 7 1 6 7 
7 8 6 7 5 6 4 5 7 
6 10 5 9 4 8 3 7 7 
6 8 0 7 0 6 0 5 7 
5 9 1 8 0 7 0 6 7 
5 8 3 7 2 6 1 5 7 
5 8 1 7 0 6 0 5 7 
5 7 3 6 1 5 0 4 7 
5 9 1 8 0 7 0 6 7 
6 8 3 7 1 6 0 5 7 
SCORES_TXT_END_0
SCORES_TXT_BEGIN_0 180 14 9 BLEU
14 14 13 13 12 12 11 11 14 
13 14 11 13 9 12 7 11 14 
13 14 11 13 9 12 7 11 14 
12 14 10 13 8 12 6 11 14 
14 16 12 15 10 14 8 13 14 
12 14 10 13 8 12 6 11 14 
14 16 12 15 10 14 8 13 14 
13 16 10 15 7 14 4 13 14 
13 16 10 15 7 14 4 13 14 
13 14 11 13 9 12 7 11 14 
13 16 10 15 7 14 4 13 14 
13 16 10 15 7 14 4 13 14 
12 13 10 12 8 11 6 10 14 
12 16 9 15 6 14 3 13 14 
SCORES_TXT_END_0
SCORES_TXT_BEGIN_0 181 100 9 BLEU
9 10 8 9 7 8 6 7 11 
8 10 7 9 6 8 5 7 11 
8 11 6 10 4 9 2 8 11 
9 11 8 10 7 9 6 8 11 
5 7 3 6 2 5 1 4 11 
10 12 8 11 6 10 4 9 11 
9 11 7 10 5 9 3 8 11 
8 11 7 10 6 9 5 8 11 
7 11 5 10 3 9 2 8 11 
11 12 10 11 9 10 8 9 11 
7 8 5 7 4 6 3 5 11 
10 11 9 10 8 9 7 8 11 
6 7 4 6 3 5 2 4 11 
7 8 5 7 4 6 3 5 11 
10 12 9 11 8 10 7 9 11 
9 12 7 11 5 10 4 9 11 
9 11 8 10 7 9 6 8 11 
8 11 6 10 4 9 3 8 11 
6 9 4 8 2 7 1 6 11 
8 9 6 8 5 7 4 6 11 
8 11 6 10 4 9 2 8 11 
8 10 6 9 4 8 3 7 11 
9 11 8 10 7 9 6 8 11 
5 7 3 6 2 5 1 4 11 
7 9 5 8 3 7 2 6 11 
10 13 8 12 6 11 4 10 11 
9 12 7 11 5 10 3 9 11 
6 7 3 6 2 5 1 4 11 
7 9 4 8 3 7 2 6 11 
9 11 6 10 4 9 2 8 11 
7 9 5 8 3 7 1 6 11 
11 13 10 12 9 11 8 10 11 
9 10 7 9 5 8 3 7 11 
7 9 5 8 4 7 3 6 11 
7 9 5 8 4 7 3 6 11 
8 8 5 7 4 6 3 5 11 
9 11 8 10 7 9 6 8 11 
8 11 7 10 6 9 5 8 11 
10 12 9 11 8 10 7 9 11 
7 11 5 10 3 9 2 8 11 
6 8 4 7 3 6 2 5 11 
9 13 8 12 6 11 3 10 11 
8 9 6 8 4 7 2 6 11 
10 13 8 12 6 11 4 10 11 
9 13 8 12 7 11 6 10 11 
10 13 9 12 8 11 7 10 11 
9 12 7 11 5 10 3 9 11 
9 12 7 11 5 10 2 9 11 
9 13 7 12 5 11 4 10 11 
8 9 6 8 4 7 2 6 11 
9 9 6 8 5 7 4 6 11 
8 9 6 8 4 7 2 6 11 
8 12 6 11 4 10 2 9 11 
9 11 7 10 5 9 3 8 11 
9 12 8 11 7 10 6 9 11 
11 13 10 12 9 11 8 10 11 
8 12 6 11 4 10 3 9 11 
10 12 7 11 4 10 1 9 11 
8 9 5 8 4 7 3 6 11 
9 11 8 10 6 9 4 8 11 
9 12 8 11 7 10 6 9 11 
10 12 9 11 8 10 7 9 11 
9 12 8 11 6 10 4 9 11 
8 12 6 11 4 10 2 9 11 
7 8 4 7 3 6 2 5 11 
7 8 5 7 3 6 1 5 11 
9 12 8 11 7 10 6 9 11 
6 9 4 8 3 7 2 6 11 
7 8 4 7 3 6 2 5 11 
9 12 6 11 4 10 2 9 11 
9 11 8 10 6 9 4 8 11 
6 8 4 7 2 6 1 5 11 
9 12 8 11 7 10 5 9 11 
7 9 5 8 4 7 3 6 11 
9 12 8 11 7 10 5 9 11 
8 13 7 12 6 11 5 10 11 
8 13 7 12 5 11 3 10 11 
10 13 7 12 4 11 2 10 11 
9 12 8 11 7 10 6 9 11 
8 9 5 8 3 7 1 6 11 
8 11 6 10 4 9 2 8 11 
7 8 4 7 2 6 1 5 11 
10 12 8 11 7 10 6 9 11 
6 8 3 7 2 6 1 5 11 
6 9 4 8 2 7 1 6 11 
8 12 7 11 5 10 3 9 11 
8 11 7 10 6 9 5 8 11 
7 9 5 8 3 7 1 6 11 
10 13 9 12 8 11 7 10 11 
8 11 6 10 4 9 2 8 11 
7 8 4 7 2 6 1 5 11 
9 13 7 12 5 11 4 10 11 
11 13 9 12 7 11 6 10 11 
11 12 9 11 7 10 5 9 11 
8 12 7 11 6 10 5 9 11 
8 12 7 11 6 10 4 9 11 
8 12 6 11 4 10 2 9 11 
8 12 6 11 4 10 2 9 11 
9 12 8 11 7 10 6 9 11 
8 11 7 10 5 9 3 8 11 
SCORES_TXT_END_0
SCORES_TXT_BEGIN_0 182 100 9 BLEU
7 7 6 6 5 5 4 4 7 
6 7 5 6 4 5 3 4 7 
6 11 5 10 4 9 3 8 7 
6 11 5 10 4 9 3 8 7 
6 9 5 8 4 7 3 6 7 
7 9 5 8 4 7 3 6 7 
6 10 5 9 4 8 3 7 7 
6 10 5 9 4 8 3 7 7 
7 8 5 7 4 6 3 5 7 
7 8 6 7 4 6 3 5 7 
7 7 3 6 2 5 1 4 7 
6 8 5 7 4 6 3 5 7 
6 8 5 7 4 6 3 5 7 
7 8 5 7 4 6 3 5 7 
6 10 5 9 4 8 3 7 7 
7 8 5 7 3 6 1 5 7 
6 7 4 6 2 5 0 4 7 
7 8 5 7 3 6 1 5 7 
6 7 3 6 2 5 1 4 7 
6 8 5 7 3 6 2 5 7 
7 7 4 6 2 5 1 4 7 
7 7 3 6 0 5 0 4 7 
7 9 5 8 3 7 1 6 7 
7 9 5 8 3 7 1 6 7 
7 9 5 8 3 7 1 6 7 
6 12 5 11 4 10 3 9 7 
6 12 5 11 4 10 3 9 7 
6 10 5 9 3 8 2 7 7 
7 10 5 9 4 8 3 7 7 
6 11 5 10 4 9 3 8 7 
6 11 5 10 4 9 3 8 7 
6 12 5 11 3 10 2 9 7 
6 12 5 11 3 10 2 9 7 
7 11 5 10 3 9 1 8 7 
7 7 3 6 1 5 0 4 7 
7 11 5 10 3 9 1 8 7 
7 10 5 9 3 8 1 7 7 
7 10 5 9 3 8 1 7 7 
7 7 3 6 1 5 0 4 7 
6 7 3 6 2 5 1 4 7 
6 8 4 7 2 6 0 5 7 
6 7 2 6 0 5 0 4 7 
7 8 3 7 2 6 1 5 7 
6 11 3 10 2 9 1 8 7 
6 11 3 10 2 9 1 8 7 
6 9 5 8 4 7 3 6 7 
7 10 5 9 3 8 2 7 7 
7 7 4 6 2 5 1 4 7 
7 8 4 7 1 6 0 5 7 
6 8 4 7 2 6 1 5 7 
7 9 3 8 2 7 1 6 7 
6 7 3 6 1 5 0 4 7 
6 10 4 9 2 8 1 7 7 
6 9 3 8 2 7 1 6 7 
6 9 3 8 1 7 0 6 7 
6 9 2 8 0 7 0 6 7 
7 9 5 8 4 7 3 6 7 
6 7 3 6 2 5 1 4 7 
6 7 2 6 1 5 0 4 7 
6 9 3 8 2 7 1 6 7 
6 7 3 6 1 5 0 4 7 
5 7 3 6 1 5 0 4 7 
6 12 4 11 2 10 1 9 7 
6 10 3 9 2 8 1 7 7 
6 12 4 11 2 10 1 9 7 
6 8 3 7 1 6 0 5 7 
6 10 3 9 2 8 1 7 7 
6 8 4 7 2 6 1 5 7 
7 9 3 8 1 7 0 6 7 
6 11 3 10 1 9 0 8 7 
7 7 4 6 3 5 2 4 7 
7 7 3 6 0 5 0 4 7 
6 8 3 7 1 6 0 5 7 
7 7 4 6 2 5 1 4 7 
7 7 3 6 1 5 0 4 7 
5 9 3 8 1 7 0 6 7 
6 10 4 9 2 8 1 7 7 
6 11 3 10 1 9 0 8 7 
7 11 3 10 1 9 0 8 7 
7 7 4 6 3 5 2 4 7 
7 11 3 10 1 9 0 8 7 
5 11 3 10 1 9 0 8 7 
6 8 3 7 2 6 1 5 7 
7 7 3 6 1 5 0 4 7 
5 11 3 10 1 9 0 8 7 
7 10 4 9 2 8 1 7 7 
6 9 2 8 1 7 0 6 7 
6 9 4 8 2 7 1 6 7 
6 9 4 8 2 7 1 6 7 
6 12 4 11 2 10 1 9 7 
6 12 4 11 2 10 1 9 7 
6 9 4 8 2 7 1 6 7 
7 7 3 6 1 5 0 4 7 
7 7 3 6 1 5 0 4 7 
7 9 5 8 3 7 2 6 7 
7 9 3 8 2 7 1 6 7 
6 11 3 10 2 9 1 8 7 
6 11 3 10 2 9 1 8 7 
6 11 2 10 0 9 0 8 7 
6 11 2 10 0 9 0 8 7 
SCORES_TXT_END_0
SCORES_TXT_BEGIN_0 183 100 9 BLEU
6 6 5 5 4 4 3 3 6 
5 10 4 9 3 8 2 7 6 
5 10 4 9 3 8 2 7 6 
5 6 4 5 3 4 2 3 6 
6 8 4 7 3 6 2 5 6 
5 8 4 7 3 6 2 5 6 
5 9 4 8 3 7 2 6 6 
5 9 4 8 3 7 2 6 6 
6 7 4 6 3 5 2 4 6 
6 6 2 5 0 4 0 3 6 
5 7 4 6 3 5 2 4 6 
5 6 3 5 1 4 0 3 6 
6 6 3 5 1 4 0 3 6 
5 6 2 5 0 4 0 3 6 
6 6 2 5 1 4 0 3 6 
5 6 2 5 1 4 0 3 6 
5 8 2 7 0 6 0 5 6 
6 6 2 5 0 4 0 3 6 
4 6 2 5 1 4 0 3 6 
4 6 2 5 1 4 0 3 6 
4 8 2 7 1 6 0 5 6 
5 6 2 5 1 4 0 3 6 
5 10 2 9 0 8 0 7 6 
5 8 2 7 1 6 0 5 6 
5 10 2 9 0 8 0 7 6 
6 8 2 7 0 6 0 5 6 
5 9 2 8 0 7 0 6 6 
4 10 2 9 1 8 0 7 6 
5 9 2 8 0 7 0 6 6 
6 6 3 5 1 4 0 3 6 
4 10 2 9 1 8 0 7 6 
4 10 2 9 1 8 0 7 6 
4 10 2 9 1 8 0 7 6 
5 7 2 6 0 5 0 4 6 
6 6 3 5 2 4 1 3 6 
6 6 3 5 2 4 1 3 6 
5 6 1 5 0 4 0 3 6 
5 8 2 7 1 6 0 5 6 
5 10 2 9 0 8 0 7 6 
5 10 2 9 0 8 0 7 6 
5 8 2 7 1 6 0 5 6 
6 6 4 5 3 4 2 3 6 
5 6 1 5 0 4 0 3 6 
5 6 2 5 0 4 0 3 6 
6 6 3 5 1 4 0 3 6 
6 6 1 5 0 4 0 3 6 
5 6 1 5 0 4 0 3 6 
5 10 2 9 1 8 0 7 6 
4 8 2 7 1 6 0 5 6 
5 10 2 9 1 8 0 7 6 
6 7 2 6 0 5 0 4 6 
4 9 2 8 1 7 0 6 6 
6 8 2 7 1 6 0 5 6 
5 9 2 8 1 7 0 6 6 
6 6 3 5 1 4 0 3 6 
6 6 2 5 0 4 0 3 6 
5 9 2 8 1 7 0 6 6 
5 6 3 5 2 4 1 3 6 
4 9 2 8 1 7 0 6 6 
6 6 3 5 1 4 0 3 6 
6 6 3 5 1 4 0 3 6 
5 6 4 5 3 4 2 3 6 
5 10 1 9 0 8 0 7 6 
5 10 1 9 0 8 0 7 6 
5 6 2 5 0 4 0 3 6 
5 6 3 5 2 4 1 3 6 
4 6 1 5 0 4 0 3 6 
5 6 1 5 0 4 0 3 6 
5 7 2 6 1 5 0 4 6 
4 9 2 8 1 7 0 6 6 
4 8 1 7 0 6 0 5 6 
4 9 2 8 1 7 0 6 6 
5 8 3 7 2 6 1 5 6 
5 6 2 5 0 4 0 3 6 
6 8 1 7 0 6 0 5 6 
5 6 3 5 1 4 0 3 6 
5 6 3 5 1 4 0 3 6 
5 6 2 5 0 4 0 3 6 
5 6 1 5 0 4 0 3 6 
4 6 1 5 0 4 0 3 6 
6 7 2 6 1 5 0 4 6 
4 10 1 9 0 8 0 7 6 
5 8 1 7 0 6 0 5 6 
5 6 3 5 1 4 0 3 6 
5 9 1 8 0 7 0 6 6 
5 6 2 5 1 4 0 3 6 
6 6 2 5 1 4 0 3 6 
5 6 2 5 1 4 0 3 6 
4 10 1 9 0 8 0 7 6 
5 8 3 7 1 6 0 5 6 
5 8 2 7 0 6 0 5 6 
5 9 1 8 0 7 0 6 6 
4 7 2 6 1 5 0 4 6 
5 7 2 6 1 5 0 4 6 
5 8 1 7 0 6 0 5 6 
4 8 1 7 0 6 0 5 6 
5 6 3 5 1 4 0 3 6 
5 10 2 9 0 8 0 7 6 
5 10 2 9 0 8 0 7 6 
4 6 1 5 0 4 0 3 6 
SCORES_TXT_END_0
SCORES_TXT_BEGIN_0 184 100 9 BLEU
7 7 6 6 5 5 4 4 7 
6 6 4 5 3 4 2 3 7 
6 7 4 6 3 5 2 4 7 
6 8 4 7 3 6 2 5 7 
6 10 4 9 3 8 2 7 7 
6 10 4 9 3 8 2 7 7 
5 5 3 4 2 3 1 2 7 
6 7 4 6 3 5 2 4 7 
5 6 4 5 3 4 2 3 7 
7 9 5 8 4 7 3 6 7 
7 8 6 7 4 6 3 5 7 
7 11 5 10 4 9 3 8 7 
7 11 5 10 4 9 3 8 7 
7 7 3 6 2 5 1 4 7 
6 9 3 8 2 7 1 6 7 
6 9 4 8 3 7 2 6 7 
6 7 4 6 3 5 2 4 7 
6 8 4 7 2 6 1 5 7 
6 9 4 8 3 7 2 6 7 
5 6 2 5 1 4 0 3 7 
7 8 5 7 4 6 3 5 7 
6 7 1 6 0 5 0 4 7 
7 7 3 6 1 5 0 4 7 
5 5 1 4 0 3 0 2 7 
7 10 5 9 4 8 3 7 7 
7 8 5 7 3 6 2 5 7 
6 11 3 10 2 9 1 8 7 
6 11 3 10 2 9 1 8 7 
6 9 4 8 3 7 2 6 7 
6 7 1 6 0 5 0 4 7 
4 5 2 4 1 3 0 2 7 
6 7 4 6 2 5 0 4 7 
5 7 4 6 3 5 2 4 7 
7 10 5 9 4 8 3 7 7 
7 8 5 7 3 6 1 5 7 
5 6 2 5 1 4 0 3 7 
7 9 3 8 2 7 1 6 7 
5 7 2 6 1 5 0 4 7 
5 7 4 6 3 5 2 4 7 
6 7 4 6 3 5 2 4 7 
6 9 4 8 3 7 2 6 7 
6 6 2 5 1 4 0 3 7 
5 5 2 4 1 3 0 2 7 
7 8 5 7 4 6 3 5 7 
6 8 3 7 2 6 1 5 7 
7 7 4 6 3 5 2 4 7 
6 7 2 6 1 5 0 4 7 
5 5 1 4 0 3 0 2 7 
7 8 5 7 3 6 1 5 7 
7 7 3 6 1 5 0 4 7 
5 6 3 5 2 4 1 3 7 
7 8 3 7 2 6 1 5 7 
6 7 5 6 4 5 3 4 7 
6 8 3 7 2 6 1 5 7 
6 7 1 6 0 5 0 4 7 
6 9 1 8 0 7 0 6 7 
7 9 3 8 1 7 0 6 7 
6 7 4 6 3 5 2 4 7 
6 10 3 9 2 8 1 7 7 
5 7 1 6 0 5 0 4 7 
5 8 2 7 1 6 0 5 7 
6 8 3 7 1 6 0 5 7 
5 5 0 4 0 3 0 2 7 
5 5 2 4 0 3 0 2 7 
6 11 4 10 3 9 2 8 7 
6 11 4 10 3 9 2 8 7 
5 5 2 4 1 3 0 2 7 
5 8 2 7 1 6 0 5 7 
6 8 2 7 1 6 0 5 7 
6 10 3 9 2 8 1 7 7 
6 8 3 7 1 6 0 5 7 
6 11 4 10 3 9 2 8 7 
6 9 1 8 0 7 0 6 7 
5 5 1 4 0 3 0 2 7 
6 11 4 10 3 9 2 8 7 
4 5 1 4 0 3 0 2 7 
6 7 3 6 1 5 0 4 7 
5 7 2 6 1 5 0 4 7 
7 8 6 7 5 6 4 5 7 
6 8 4 7 3 6 2 5 7 
5 7 1 6 0 5 0 4 7 
7 8 5 7 3 6 2 5 7 
5 10 2 9 1 8 0 7 7 
6 8 3 7 2 6 1 5 7 
7 9 4 8 3 7 2 6 7 
5 10 2 9 1 8 0 7 7 
6 9 2 8 1 7 0 6 7 
4 5 0 4 0 3 0 2 7 
7 11 3 10 2 9 1 8 7 
6 6 3 5 2 4 1 3 7 
7 11 3 10 2 9 1 8 7 
6 7 2 6 1 5 0 4 7 
5 7 2 6 1 5 0 4 7 
6 11 1 10 0 9 0 8 7 
6 7 3 6 1 5 0 4 7 
6 11 1 10 0 9 0 8 7 
5 7 3 6 2 5 1 4 7 
7 10 3 9 2 8 1 7 7 
6 8 1 7 0 6 0 5 7 
7 11 3 10 1 9 0 8 7 
SCORES_TXT_END_0
SCORES_TXT_BEGIN_0 185 84 9 BLEU
8 8 7 7 6 6 5 5 8 
7 12 6 11 5 10 4 9 8 
7 12 6 11 5 10 4 9 8 
8 12 6 11 5 10 4 9 8 
8 12 6 11 5 10 4 9 8 
7 8 6 7 5 6 4 5 8 
8 10 6 9 5 8 4 7 8 
7 8 5 7 3 6 2 5 8 
7 8 5 7 3 6 2 5 8 
7 10 6 9 5 8 4 7 8 
6 12 4 11 3 10 2 9 8 
6 12 4 11 3 10 2 9 8 
6 12 4 11 3 10 2 9 8 
6 12 4 11 3 10 2 9 8 
8 9 6 8 5 7 4 6 8 
7 12 4 11 3 10 2 9 8 
7 12 4 11 3 10 2 9 8 
7 12 4 11 3 10 2 9 8 
7 12 4 11 3 10 2 9 8 
8 10 6 9 5 8 4 7 8 
8 10 6 9 5 8 4 7 8 
7 10 4 9 3 8 2 7 8 
7 10 4 9 3 8 2 7 8 
6 10 4 9 3 8 2 7 8 
8 11 6 10 5 9 4 8 8 
8 9 6 8 5 7 4 6 8 
7 9 6 8 5 7 4 6 8 
8 11 6 10 5 9 4 8 8 
6 10 4 9 3 8 2 7 8 
7 10 6 9 5 8 4 7 8 
7 10 6 9 5 8 4 7 8 
6 8 4 7 3 6 2 5 8 
6 8 4 7 3 6 2 5 8 
7 11 6 10 5 9 4 8 8 
7 11 6 10 5 9 4 8 8 
7 9 4 8 3 7 2 6 8 
7 9 4 8 3 7 2 6 8 
7 13 6 12 5 11 4 10 8 
7 13 6 12 5 11 4 10 8 
7 10 4 9 3 8 2 7 8 
7 10 4 9 3 8 2 7 8 
7 11 6 10 5 9 4 8 8 
7 9 6 8 5 7 4 6 8 
7 10 4 9 3 8 2 7 8 
7 11 6 10 5 9 4 8 8 
7 14 6 13 5 12 4 11 8 
7 10 4 9 3 8 2 7 8 
7 14 6 13 5 12 4 11 8 
8 11 6 10 5 9 4 8 8 
7 14 6 13 5 12 4 11 8 
7 14 6 13 5 12 4 11 8 
7 16 6 15 5 14 4 13 8 
7 16 6 15 5 14 4 13 8 
7 16 6 15 5 14 4 13 8 
7 11 6 10 5 9 4 8 8 
7 16 6 15 5 14 4 13 8 
8 14 6 13 5 12 4 11 8 
7 9 4 8 3 7 2 6 8 
8 14 6 13 5 12 4 11 8 
7 13 6 12 5 11 4 10 8 
7 13 6 12 5 11 4 10 8 
7 11 4 10 3 9 2 8 8 
8 9 6 8 5 7 4 6 8 
7 13 6 12 5 11 4 10 8 
6 9 4 8 3 7 2 6 8 
7 11 4 10 3 9 2 8 8 
7 13 6 12 5 11 4 10 8 
7 14 6 13 5 12 4 11 8 
7 15 6 14 5 13 4 12 8 
7 11 4 10 3 9 2 8 8 
7 14 6 13 5 12 4 11 8 
6 9 4 8 3 7 2 6 8 
7 13 6 12 5 11 4 10 8 
7 8 5 7 3 6 2 5 8 
7 11 4 10 3 9 2 8 8 
7 15 6 14 5 13 4 12 8 
7 13 6 12 5 11 4 10 8 
7 15 6 14 5 13 4 12 8 
7 15 6 14 5 13 4 12 8 
7 9 4 8 3 7 2 6 8 
7 14 6 13 5 12 4 11 8 
8 8 5 7 3 6 1 5 8 
7 14 6 13 5 12 4 11 8 
7 15 6 14 5 13 4 12 8 
SCORES_TXT_END_0
SCORES_TXT_BEGIN_0 186 100 9 BLEU
10 10 9 9 8 8 7 7 10 
10 11 8 10 6 9 4 8 10 
9 10 8 9 7 8 6 7 10 
10 10 6 9 3 8 1 7 10 
9 14 8 13 7 12 6 11 10 
9 14 8 13 7 12 6 11 10 
10 12 8 11 7 10 6 9 10 
10 11 8 10 6 9 5 8 10 
9 12 8 11 7 10 6 9 10 
9 13 8 12 7 11 6 10 10 
10 10 6 9 5 8 4 7 10 
9 11 7 10 5 9 3 8 10 
10 11 8 10 6 9 5 8 10 
9 13 8 12 7 11 6 10 10 
10 10 6 9 4 8 2 7 10 
10 11 8 10 6 9 4 8 10 
10 11 8 10 6 9 5 8 10 
10 11 9 10 7 9 5 8 10 
10 11 9 10 7 9 6 8 10 
10 10 6 9 4 8 3 7 10 
10 10 6 9 3 8 1 7 10 
9 15 7 14 5 13 3 12 10 
9 15 7 14 5 13 3 12 10 
9 10 6 9 5 8 4 7 10 
10 11 8 10 7 9 6 8 10 
9 10 6 9 4 8 2 7 10 
10 10 6 9 4 8 3 7 10 
10 11 8 10 6 9 4 8 10 
10 11 5 10 4 9 3 8 10 
9 12 6 11 5 10 4 9 10 
10 11 8 10 7 9 6 8 10 
10 13 7 12 5 11 3 10 10 
9 10 5 9 3 8 1 7 10 
10 11 8 10 7 9 6 8 10 
9 12 6 11 4 10 2 9 10 
10 11 6 10 4 9 3 8 10 
10 11 6 10 3 9 1 8 10 
10 11 8 10 7 9 6 8 10 
10 10 7 9 6 8 5 7 10 
10 11 8 10 6 9 4 8 10 
9 10 6 9 4 8 3 7 10 
10 11 8 10 6 9 4 8 10 
9 13 7 12 5 11 3 10 10 
10 11 8 10 6 9 5 8 10 
9 14 7 13 5 12 3 11 10 
9 11 8 10 7 9 6 8 10 
9 14 7 13 5 12 3 11 10 
9 12 6 11 4 10 3 9 10 
10 11 7 10 5 9 4 8 10 
9 11 7 10 5 9 3 8 10 
10 11 6 10 4 9 3 8 10 
10 11 8 10 6 9 4 8 10 
10 12 7 11 4 10 3 9 10 
9 11 8 10 7 9 6 8 10 
9 10 7 9 6 8 5 7 10 
10 10 6 9 3 8 2 7 10 
10 12 8 11 5 10 3 9 10 
9 11 7 10 6 9 5 8 10 
9 14 5 13 3 12 1 11 10 
9 11 5 10 4 9 3 8 10 
9 14 5 13 3 12 1 11 10 
10 11 6 10 3 9 1 8 10 
9 11 8 10 7 9 6 8 10 
9 10 7 9 5 8 3 7 10 
9 13 8 12 7 11 6 10 10 
10 10 6 9 4 8 3 7 10 
9 14 6 13 5 12 4 11 10 
9 14 6 13 5 12 4 11 10 
9 11 7 10 6 9 5 8 10 
10 10 7 9 5 8 3 7 10 
9 11 6 10 4 9 3 8 10 
9 13 5 12 4 11 3 10 10 
10 12 8 11 6 10 4 9 10 
10 12 6 11 5 10 4 9 10 
9 13 6 12 5 11 4 10 10 
9 14 6 13 4 12 2 11 10 
9 13 8 12 7 11 6 10 10 
10 11 6 10 3 9 1 8 10 
10 11 6 10 5 9 4 8 10 
10 12 5 11 3 10 1 9 10 
9 14 6 13 4 12 2 11 10 
9 13 6 12 5 11 4 10 10 
9 11 8 10 7 9 6 8 10 
10 10 7 9 5 8 4 7 10 
10 11 6 10 5 9 4 8 10 
10 12 6 11 4 10 2 9 10 
9 11 7 10 5 9 4 8 10 
10 12 8 11 6 10 5 9 10 
9 13 6 12 4 11 2 10 10 
9 13 6 12 4 11 2 10 10 
10 11 6 10 4 9 2 8 10 
10 10 7 9 5 8 3 7 10 
9 13 6 12 4 11 3 10 10 
9 11 7 10 6 9 5 8 10 
9 11 8 10 6 9 4 8 10 
9 12 7 11 5 10 3 9 10 
9 13 8 12 7 11 6 10 10 
10 12 7 11 5 10 3 9 10 
10 10 6 9 4 8 2 7 10 
10 12 7 11 4 10 3 9 10 
SCORES_TXT_END_0
SCORES_TXT_BEGIN_0 187 100 9 BLEU
10 10 9 9 8 8 7 7 10 
9 9 7 8 5 7 3 6 10 
10 12 8 11 7 10 6 9 10 
9 11 6 10 4 9 3 8 10 
10 14 8 13 7 12 6 11 10 
10 11 8 10 7 9 6 8 10 
10 14 8 13 7 12 6 11 10 
9 13 6 12 4 11 3 10 10 
9 10 6 9 4 8 3 7 10 
9 13 6 12 4 11 3 10 10 
10 11 8 10 7 9 6 8 10 
10 13 8 12 7 11 6 10 10 
10 10 6 9 4 8 3 7 10 
9 10 8 9 7 8 6 7 10 
10 13 8 12 7 11 6 10 10 
9 12 6 11 4 10 3 9 10 
10 11 9 10 7 9 5 8 10 
8 9 6 8 4 7 3 6 10 
9 12 6 11 4 10 3 9 10 
9 10 6 9 4 8 3 7 10 
10 11 8 10 7 9 6 8 10 
10 13 8 12 6 11 4 10 10 
9 10 6 9 3 8 1 7 10 
9 9 5 8 2 7 0 6 10 
10 10 6 9 3 8 1 7 10 
10 11 8 10 6 9 4 8 10 
8 9 6 8 4 7 3 6 10 
8 9 6 8 4 7 3 6 10 
9 10 7 9 5 8 3 7 10 
9 9 6 8 4 7 3 6 10 
9 10 5 9 2 8 0 7 10 
9 11 8 10 7 9 6 8 10 
9 12 5 11 2 10 1 9 10 
8 9 5 8 4 7 3 6 10 
9 11 8 10 7 9 6 8 10 
10 10 7 9 5 8 4 7 10 
8 9 6 8 4 7 3 6 10 
8 9 5 8 2 7 0 6 10 
9 11 5 10 2 9 0 8 10 
10 11 8 10 6 9 4 8 10 
10 13 7 12 5 11 3 10 10 
10 10 6 9 3 8 0 7 10 
8 11 5 10 4 9 3 8 10 
8 11 5 10 4 9 3 8 10 
10 10 7 9 5 8 3 7 10 
9 9 5 8 3 7 2 6 10 
8 9 4 8 2 7 0 6 10 
8 10 6 9 4 8 3 7 10 
10 11 7 10 4 9 1 8 10 
9 10 7 9 5 8 3 7 10 
9 10 7 9 5 8 4 7 10 
9 10 5 9 3 8 1 7 10 
9 10 7 9 5 8 4 7 10 
9 10 6 9 5 8 4 7 10 
8 10 6 9 4 8 3 7 10 
9 9 5 8 2 7 1 6 10 
9 12 6 11 4 10 3 9 10 
9 10 6 9 4 8 3 7 10 
9 10 5 9 2 8 1 7 10 
8 9 5 8 4 7 3 6 10 
10 10 6 9 3 8 1 7 10 
9 10 7 9 5 8 3 7 10 
10 11 8 10 6 9 4 8 10 
10 12 6 11 3 10 1 9 10 
9 11 6 10 4 9 3 8 10 
8 10 5 9 4 8 3 7 10 
9 9 5 8 2 7 1 6 10 
10 10 6 9 4 8 2 7 10 
9 9 5 8 2 7 0 6 10 
10 11 6 10 3 9 0 8 10 
8 10 4 9 2 8 0 7 10 
8 11 4 10 1 9 0 8 10 
9 11 5 10 3 9 2 8 10 
10 10 7 9 5 8 4 7 10 
9 13 5 12 2 11 0 10 10 
9 13 5 12 2 11 0 10 10 
9 10 5 9 2 8 1 7 10 
8 9 5 8 4 7 3 6 10 
10 10 6 9 3 8 1 7 10 
10 13 7 12 5 11 3 10 10 
10 11 7 10 5 9 3 8 10 
9 12 6 11 5 10 4 9 10 
9 12 6 11 5 10 4 9 10 
8 11 5 10 4 9 3 8 10 
9 11 5 10 2 9 1 8 10 
9 12 6 11 4 10 2 9 10 
10 12 6 11 3 10 0 9 10 
9 10 7 9 5 8 4 7 10 
10 11 6 10 3 9 1 8 10 
10 10 6 9 3 8 2 7 10 
10 11 7 10 4 9 1 8 10 
8 11 4 10 2 9 0 8 10 
10 12 8 11 6 10 4 9 10 
9 10 5 9 3 8 2 7 10 
9 9 6 8 4 7 3 6 10 
8 9 4 8 2 7 0 6 10 
9 11 5 10 2 9 1 8 10 
9 9 4 8 1 7 0 6 10 
10 12 7 11 5 10 3 9 10 
8 9 4 8 1 7 0 6 10 
SCORES_TXT_END_0
SCORES_TXT_BEGIN_0 188 100 9 BLEU
8 8 7 7 6 6 5 5 8 
6 8 5 7 4 6 3 5 8 
5 6 4 5 3 4 2 3 8 
8 9 6 8 4 7 3 6 8 
6 9 4 8 2 7 1 6 8 
8 9 6 8 4 7 2 6 8 
8 10 6 9 5 8 4 7 8 
8 9 7 8 5 7 4 6 8 
8 12 6 11 5 10 4 9 8 
8 12 6 11 5 10 4 9 8 
6 9 4 8 2 7 1 6 8 
6 10 4 9 3 8 2 7 8 
6 9 5 8 3 7 2 6 8 
5 7 3 6 1 5 0 4 8 
8 8 4 7 2 6 1 5 8 
8 9 6 8 4 7 3 6 8 
8 9 6 8 5 7 4 6 8 
7 8 5 7 3 6 1 5 8 
5 8 3 7 2 6 1 5 8 
6 12 4 11 3 10 2 9 8 
6 12 4 11 3 10 2 9 8 
8 11 6 10 5 9 4 8 8 
8 8 4 7 2 6 0 5 8 
4 6 3 5 2 4 1 3 8 
8 8 4 7 2 6 1 5 8 
5 6 2 5 1 4 0 3 8 
8 8 4 7 2 6 0 5 8 
6 8 2 7 1 6 0 5 8 
8 8 5 7 3 6 1 5 8 
8 11 6 10 5 9 4 8 8 
5 6 2 5 1 4 0 3 8 
6 8 3 7 1 6 0 5 8 
6 8 2 7 1 6 0 5 8 
8 10 4 9 2 8 1 7 8 
6 8 2 7 0 6 0 5 8 
5 6 3 5 1 4 0 3 8 
6 9 4 8 2 7 1 6 8 
7 8 5 7 4 6 3 5 8 
5 8 3 7 2 6 1 5 8 
6 9 4 8 3 7 2 6 8 
8 10 4 9 2 8 1 7 8 
8 11 5 10 4 9 3 8 8 
8 10 4 9 2 8 0 7 8 
5 6 3 5 2 4 1 3 8 
8 9 6 8 4 7 2 6 8 
7 8 6 7 5 6 4 5 8 
8 9 6 8 4 7 2 6 8 
6 11 4 10 3 9 2 8 8 
8 9 4 8 2 7 1 6 8 
8 9 4 8 2 7 0 6 8 
5 7 4 6 2 5 1 4 8 
5 8 2 7 1 6 0 5 8 
8 10 6 9 4 8 3 7 8 
8 8 5 7 4 6 3 5 8 
8 9 4 8 2 7 1 6 8 
6 8 2 7 0 6 0 5 8 
5 7 4 6 3 5 2 4 8 
6 10 2 9 1 8 0 7 8 
5 7 2 6 1 5 0 4 8 
6 9 4 8 3 7 2 6 8 
8 9 5 8 2 7 1 6 8 
5 6 2 5 1 4 0 3 8 
6 9 2 8 1 7 0 6 8 
8 8 4 7 3 6 2 5 8 
6 11 4 10 3 9 2 8 8 
6 8 3 7 2 6 1 5 8 
6 10 2 9 0 8 0 7 8 
8 8 4 7 2 6 1 5 8 
5 10 3 9 2 8 1 7 8 
6 11 3 10 2 9 1 8 8 
5 10 3 9 2 8 1 7 8 
5 7 3 6 2 5 1 4 8 
8 11 4 10 2 9 1 8 8 
8 13 5 12 4 11 3 10 8 
5 7 3 6 1 5 0 4 8 
8 13 5 12 4 11 3 10 8 
8 8 5 7 3 6 1 5 8 
8 9 4 8 2 7 1 6 8 
8 10 6 9 4 8 2 7 8 
5 7 2 6 1 5 0 4 8 
8 10 5 9 4 8 3 7 8 
5 8 3 7 2 6 1 5 8 
6 10 2 9 0 8 0 7 8 
8 9 6 8 5 7 4 6 8 
8 9 4 8 2 7 1 6 8 
8 9 7 8 6 7 5 6 8 
6 9 4 8 2 7 1 6 8 
6 10 4 9 2 8 1 7 8 
5 8 2 7 1 6 0 5 8 
6 9 3 8 2 7 1 6 8 
8 11 4 10 2 9 0 8 8 
8 10 4 9 2 8 1 7 8 
6 9 2 8 0 7 0 6 8 
5 8 4 7 3 6 2 5 8 
5 7 4 6 3 5 2 4 8 
8 11 4 10 2 9 1 8 8 
8 10 5 9 2 8 1 7 8 
6 10 3 9 2 8 1 7 8 
8 9 5 8 4 7 3 6 8 
6 9 2 8 0 7 0 6 8 
SCORES_TXT_END_0
SCORES_TXT_BEGIN_0 189 38 9 BLEU
12 12 9 11 8 10 7 9 13 
13 13 9 12 6 11 4 10 13 
11 12 9 11 8 10 7 9 13 
12 13 9 12 6 11 4 10 13 
12 13 9 12 8 11 7 10 13 
12 12 8 11 6 10 5 9 13 
13 13 9 12 8 11 7 10 13 
11 13 9 12 8 11 7 10 13 
12 14 9 13 6 12 4 11 13 
12 13 8 12 5 11 3 10 13 
13 13 6 12 2 11 1 10 13 
12 12 6 11 3 10 2 9 13 
11 13 9 12 8 11 7 10 13 
13 13 9 12 6 11 5 10 13 
11 12 8 11 6 10 5 9 13 
13 14 12 13 11 12 10 11 13 
13 15 11 14 9 13 7 12 13 
13 13 10 12 8 11 7 10 13 
13 14 8 13 5 12 3 11 13 
12 12 8 11 6 10 5 9 13 
12 12 8 11 6 10 4 9 13 
12 16 10 15 8 14 7 13 13 
12 12 8 11 6 10 4 9 13 
12 17 9 16 6 15 4 14 13 
12 16 10 15 8 14 7 13 13 
12 13 9 12 8 11 7 10 13 
12 17 9 16 6 15 4 14 13 
12 13 9 12 8 11 7 10 13 
13 15 9 14 6 13 4 12 13 
12 13 6 12 2 11 1 10 13 
12 14 8 13 5 12 3 11 13 
13 13 8 12 6 11 5 10 13 
12 14 11 13 10 12 9 11 13 
13 15 9 14 6 13 4 12 13 
13 14 9 13 6 12 4 11 13 
12 15 10 14 8 13 6 12 13 
13 13 8 12 4 11 1 10 13 
11 12 6 11 3 10 2 9 13 
SCORES_TXT_END_0
SCORES_TXT_BEGIN_0 190 100 9 BLEU
5 5 4 4 3 3 2 2 5 
4 5 2 4 1 3 0 2 5 
4 5 3 4 2 3 1 2 5 
4 9 3 8 2 7 1 6 5 
4 9 3 8 2 7 1 6 5 
5 7 3 6 2 5 1 4 5 
4 7 3 6 2 5 1 4 5 
4 8 3 7 2 6 1 5 5 
4 8 3 7 2 6 1 5 5 
3 5 2 4 1 3 0 2 5 
5 6 3 5 2 4 1 3 5 
3 9 2 8 1 7 0 6 5 
3 9 2 8 1 7 0 6 5 
4 7 2 6 1 5 0 4 5 
4 6 3 5 2 4 1 3 5 
3 7 2 6 1 5 0 4 5 
3 8 2 7 1 6 0 5 5 
3 8 2 7 1 6 0 5 5 
4 5 2 4 1 3 0 2 5 
5 5 2 4 1 3 0 2 5 
4 6 2 5 1 4 0 3 5 
4 5 2 4 1 3 0 2 5 
5 5 2 4 1 3 0 2 5 
3 6 2 5 1 4 0 3 5 
3 5 2 4 1 3 0 2 5 
4 5 2 4 1 3 0 2 5 
3 5 2 4 1 3 0 2 5 
4 5 2 4 1 3 0 2 5 
5 5 3 4 2 3 1 2 5 
3 7 2 6 1 5 0 4 5 
4 7 2 6 1 5 0 4 5 
4 5 3 4 2 3 1 2 5 
4 7 2 6 1 5 0 4 5 
5 7 2 6 1 5 0 4 5 
3 9 2 8 1 7 0 6 5 
4 9 2 8 1 7 0 6 5 
3 9 2 8 1 7 0 6 5 
4 9 2 8 1 7 0 6 5 
4 7 2 6 1 5 0 4 5 
5 7 2 6 1 5 0 4 5 
3 8 2 7 1 6 0 5 5 
4 8 2 7 1 6 0 5 5 
3 8 2 7 1 6 0 5 5 
4 8 2 7 1 6 0 5 5 
3 7 2 6 1 5 0 4 5 
4 7 2 6 1 5 0 4 5 
5 6 3 5 2 4 1 3 5 
3 6 2 5 1 4 0 3 5 
4 6 2 5 1 4 0 3 5 
4 5 2 4 1 3 0 2 5 
4 6 2 5 1 4 0 3 5 
4 5 2 4 1 3 0 2 5 
5 6 2 5 1 4 0 3 5 
5 7 3 6 2 5 1 4 5 
4 6 2 5 1 4 0 3 5 
5 6 2 5 1 4 0 3 5 
3 9 2 8 1 7 0 6 5 
3 9 2 8 1 7 0 6 5 
3 8 2 7 1 6 0 5 5 
3 8 2 7 1 6 0 5 5 
4 5 2 4 1 3 0 2 5 
4 9 2 8 1 7 0 6 5 
4 9 2 8 1 7 0 6 5 
5 5 2 4 1 3 0 2 5 
5 5 3 4 1 3 0 2 5 
3 5 2 4 1 3 0 2 5 
4 7 3 6 2 5 1 4 5 
4 8 2 7 1 6 0 5 5 
4 8 2 7 1 6 0 5 5 
3 5 2 4 1 3 0 2 5 
4 6 3 5 2 4 1 3 5 
4 5 2 4 1 3 0 2 5 
3 5 2 4 1 3 0 2 5 
4 5 2 4 1 3 0 2 5 
3 6 2 5 1 4 0 3 5 
4 6 2 5 1 4 0 3 5 
4 9 3 8 2 7 1 6 5 
4 9 3 8 2 7 1 6 5 
4 6 2 5 1 4 0 3 5 
4 8 3 7 2 6 1 5 5 
4 8 3 7 2 6 1 5 5 
5 7 2 6 1 5 0 4 5 
4 6 2 5 1 4 0 3 5 
5 6 2 5 1 4 0 3 5 
4 7 2 6 1 5 0 4 5 
4 7 2 6 1 5 0 4 5 
3 7 2 6 1 5 0 4 5 
4 7 2 6 1 5 0 4 5 
5 7 2 6 1 5 0 4 5 
3 6 2 5 1 4 0 3 5 
3 7 2 6 1 5 0 4 5 
4 7 2 6 1 5 0 4 5 
4 9 2 8 1 7 0 6 5 
4 9 2 8 1 7 0 6 5 
3 6 2 5 1 4 0 3 5 
4 6 2 5 1 4 0 3 5 
3 9 2 8 1 7 0 6 5 
3 9 2 8 1 7 0 6 5 
3 9 2 8 1 7 0 6 5 
3 9 2 8 1 7 0 6 5 
SCORES_TXT_END_0
SCORES_TXT_BEGIN_0 191 100 9 BLEU
6 6 5 5 4 4 3 3 6 
5 5 3 4 2 3 1 2 6 
5 6 4 5 3 4 2 3 6 
4 5 2 4 1 3 0 2 6 
5 10 4 9 3 8 2 7 6 
5 10 4 9 3 8 2 7 6 
6 8 4 7 3 6 2 5 6 
5 8 4 7 3 6 2 5 6 
4 9 2 8 1 7 0 6 6 
4 9 2 8 1 7 0 6 6 
5 7 2 6 1 5 0 4 6 
4 7 2 6 1 5 0 4 6 
6 7 5 6 3 5 2 4 6 
6 7 4 6 3 5 2 4 6 
5 9 4 8 3 7 2 6 6 
5 9 4 8 3 7 2 6 6 
6 6 2 5 1 4 0 3 6 
5 7 4 6 3 5 2 4 6 
4 8 2 7 1 6 0 5 6 
4 8 2 7 1 6 0 5 6 
5 7 4 6 3 5 2 4 6 
5 7 4 6 2 5 1 4 6 
4 6 2 5 1 4 0 3 6 
5 6 3 5 1 4 0 3 6 
4 5 1 4 0 3 0 2 6 
6 7 4 6 3 5 2 4 6 
6 7 4 6 3 5 2 4 6 
5 6 2 5 1 4 0 3 6 
5 7 4 6 3 5 2 4 6 
6 9 4 8 3 7 2 6 6 
6 6 2 5 1 4 0 3 6 
5 6 2 5 1 4 0 3 6 
5 6 2 5 1 4 0 3 6 
5 11 4 10 3 9 2 8 6 
5 5 0 4 0 3 0 2 6 
5 11 4 10 3 9 2 8 6 
5 6 2 5 1 4 0 3 6 
4 5 0 4 0 3 0 2 6 
5 11 4 10 2 9 1 8 6 
5 11 4 10 2 9 1 8 6 
6 9 4 8 2 7 1 6 6 
5 11 4 10 3 9 2 8 6 
5 11 4 10 3 9 2 8 6 
5 9 4 8 3 7 2 6 6 
6 9 4 8 3 7 2 6 6 
4 6 2 5 1 4 0 3 6 
6 6 2 5 0 4 0 3 6 
5 8 2 7 1 6 0 5 6 
4 6 2 5 1 4 0 3 6 
5 9 4 8 2 7 1 6 6 
5 10 2 9 1 8 0 7 6 
5 10 2 9 1 8 0 7 6 
3 5 0 4 0 3 0 2 6 
5 9 4 8 3 7 2 6 6 
4 6 2 5 1 4 0 3 6 
5 10 4 9 3 8 2 7 6 
4 10 2 9 1 8 0 7 6 
4 10 2 9 1 8 0 7 6 
4 8 2 7 1 6 0 5 6 
6 6 2 5 0 4 0 3 6 
5 10 4 9 3 8 2 7 6 
3 5 0 4 0 3 0 2 6 
6 8 2 7 1 6 0 5 6 
4 8 2 7 1 6 0 5 6 
5 6 2 5 1 4 0 3 6 
3 7 0 6 0 5 0 4 6 
4 5 0 4 0 3 0 2 6 
6 7 2 6 1 5 0 4 6 
5 8 2 7 1 6 0 5 6 
5 8 2 7 1 6 0 5 6 
5 5 2 4 1 3 0 2 6 
6 6 0 5 0 4 0 3 6 
4 7 0 6 0 5 0 4 6 
4 10 2 9 1 8 0 7 6 
5 9 2 8 1 7 0 6 6 
5 9 2 8 1 7 0 6 6 
6 6 3 5 2 4 1 3 6 
3 9 0 8 0 7 0 6 6 
5 5 1 4 0 3 0 2 6 
4 10 2 9 1 8 0 7 6 
5 6 2 5 0 4 0 3 6 
5 5 2 4 1 3 0 2 6 
3 9 0 8 0 7 0 6 6 
6 6 3 5 1 4 0 3 6 
6 6 3 5 2 4 1 3 6 
5 6 1 5 0 4 0 3 6 
5 8 2 7 0 6 0 5 6 
6 6 3 5 1 4 0 3 6 
5 5 1 4 0 3 0 2 6 
5 8 2 7 1 6 0 5 6 
4 7 0 6 0 5 0 4 6 
5 5 1 4 0 3 0 2 6 
5 6 3 5 2 4 1 3 6 
5 5 1 4 0 3 0 2 6 
4 5 0 4 0 3 0 2 6 
6 8 4 7 3 6 2 5 6 
6 6 3 5 2 4 1 3 6 
4 5 1 4 0 3 0 2 6 
6 6 2 5 1 4 0 3 6 
5 8 2 7 1 6 0 5 6 
SCORES_TXT_END_0
SCORES_TXT_BEGIN_0 192 100 9 BLEU
8 8 7 7 6 6 5 5 8 
7 8 6 7 5 6 4 5 8 
7 12 6 11 5 10 4 9 8 
7 12 6 11 5 10 4 9 8 
7 8 5 7 3 6 2 5 8 
8 10 6 9 5 8 4 7 8 
7 10 6 9 5 8 4 7 8 
7 11 6 10 5 9 4 8 8 
7 11 6 10 5 9 4 8 8 
8 9 7 8 6 7 5 6 8 
8 9 7 8 6 7 5 6 8 
6 8 4 7 3 6 2 5 8 
8 9 6 8 5 7 4 6 8 
8 9 7 8 6 7 5 6 8 
8 9 6 8 4 7 2 6 8 
8 10 7 9 6 8 5 7 8 
7 9 6 8 5 7 4 6 8 
8 9 6 8 4 7 2 6 8 
6 12 4 11 3 10 2 9 8 
6 12 4 11 3 10 2 9 8 
7 10 4 9 3 8 2 7 8 
8 9 6 8 4 7 2 6 8 
8 9 6 8 5 7 4 6 8 
6 10 4 9 3 8 2 7 8 
6 11 4 10 3 9 2 8 8 
6 11 4 10 3 9 2 8 8 
8 9 6 8 4 7 2 6 8 
8 9 6 8 4 7 2 6 8 
8 9 6 8 4 7 3 6 8 
8 9 6 8 4 7 2 6 8 
7 9 5 8 3 7 2 6 8 
8 9 6 8 4 7 2 6 8 
8 9 6 8 4 7 2 6 8 
8 9 7 8 6 7 5 6 8 
7 8 4 7 3 6 2 5 8 
7 9 5 8 3 7 2 6 8 
8 9 6 8 4 7 2 6 8 
8 8 4 7 3 6 2 5 8 
8 9 6 8 4 7 2 6 8 
8 9 6 8 5 7 4 6 8 
8 9 6 8 4 7 2 6 8 
8 9 6 8 5 7 4 6 8 
7 9 6 8 5 7 4 6 8 
8 9 6 8 5 7 4 6 8 
8 9 6 8 5 7 4 6 8 
8 9 6 8 4 7 3 6 8 
8 9 6 8 5 7 4 6 8 
7 9 6 8 5 7 4 6 8 
7 11 6 10 5 9 4 8 8 
7 9 6 8 5 7 4 6 8 
8 9 7 8 6 7 5 6 8 
7 9 5 8 3 7 2 6 8 
7 9 6 8 5 7 4 6 8 
7 9 4 8 3 7 2 6 8 
8 10 6 9 4 8 2 7 8 
7 10 6 9 5 8 4 7 8 
8 9 6 8 4 7 3 6 8 
7 9 6 8 5 7 4 6 8 
8 8 5 7 4 6 3 5 8 
7 10 6 9 5 8 4 7 8 
8 9 6 8 4 7 3 6 8 
8 9 7 8 6 7 5 6 8 
7 9 5 8 3 7 2 6 8 
6 8 4 7 3 6 2 5 8 
7 9 6 8 5 7 4 6 8 
8 9 6 8 4 7 3 6 8 
7 8 4 7 3 6 2 5 8 
7 9 5 8 3 7 1 6 8 
7 10 6 9 5 8 4 7 8 
8 10 6 9 4 8 2 7 8 
7 9 5 8 3 7 2 6 8 
6 9 4 8 3 7 2 6 8 
8 8 4 7 2 6 0 5 8 
7 8 4 7 3 6 2 5 8 
7 9 6 8 5 7 4 6 8 
6 10 4 9 3 8 2 7 8 
7 9 5 8 3 7 2 6 8 
7 9 5 8 4 7 3 6 8 
7 10 4 9 3 8 2 7 8 
7 13 6 12 5 11 4 10 8 
7 13 6 12 5 11 4 10 8 
7 9 5 8 3 7 2 6 8 
7 8 5 7 4 6 3 5 8 
7 8 3 7 1 6 0 5 8 
7 9 6 8 5 7 4 6 8 
7 11 6 10 5 9 4 8 8 
8 9 6 8 4 7 2 6 8 
8 12 6 11 4 10 2 9 8 
7 13 6 12 5 11 4 10 8 
8 8 5 7 3 6 2 5 8 
8 8 5 7 2 6 0 5 8 
6 9 4 8 3 7 2 6 8 
7 13 6 12 5 11 4 10 8 
8 9 6 8 5 7 4 6 8 
7 9 5 8 3 7 2 6 8 
7 9 5 8 3 7 2 6 8 
8 9 6 8 4 7 2 6 8 
8 11 6 10 4 9 2 8 8 
8 9 6 8 5 7 4 6 8 
7 9 5 8 3 7 2 6 8 
SCORES_TXT_END_0
SCORES_TXT_BEGIN_0 193 100 9 BLEU
13 13 12 12 11 11 10 10 13 
12 12 10 11 8 10 6 9 13 
12 13 11 12 10 11 9 10 13 
12 13 10 12 8 11 6 10 13 
12 12 10 11 8 10 7 9 13 
12 13 10 12 8 11 6 10 13 
12 17 11 16 10 15 9 14 13 
12 17 11 16 10 15 9 14 13 
13 15 11 14 10 13 9 12 13 
12 13 10 12 8 11 6 10 13 
11 12 9 11 7 10 6 9 13 
12 13 10 12 8 11 6 10 13 
11 12 9 11 7 10 5 9 13 
12 15 11 14 10 13 9 12 13 
12 16 11 15 10 14 9 13 13 
12 13 10 12 8 11 7 10 13 
12 16 11 15 10 14 9 13 13 
11 12 9 11 7 10 5 9 13 
13 14 11 13 9 12 7 11 13 
12 13 10 12 8 11 7 10 13 
12 13 10 12 8 11 7 10 13 
11 12 9 11 7 10 6 9 13 
10 11 8 10 6 9 5 8 13 
12 13 10 12 8 11 7 10 13 
12 12 10 11 8 10 6 9 13 
12 13 10 12 8 11 6 10 13 
13 14 11 13 9 12 7 11 13 
13 14 12 13 10 12 8 11 13 
12 13 10 12 9 11 8 10 13 
12 13 10 12 9 11 8 10 13 
12 13 10 12 8 11 6 10 13 
12 12 8 11 5 10 3 9 13 
12 13 10 12 9 11 8 10 13 
13 15 11 14 9 13 7 12 13 
11 12 9 11 7 10 5 9 13 
10 11 8 10 6 9 5 8 13 
13 14 11 13 9 12 7 11 13 
11 13 9 12 7 11 6 10 13 
13 14 12 13 10 12 8 11 13 
11 11 8 10 6 9 5 8 13 
12 13 9 12 7 11 6 10 13 
13 14 11 13 9 12 7 11 13 
12 13 9 12 7 11 6 10 13 
11 14 9 13 7 12 6 11 13 
12 14 10 13 8 12 6 11 13 
11 12 8 11 7 10 6 9 13 
13 14 11 13 10 12 9 11 13 
11 13 9 12 7 11 6 10 13 
13 14 11 13 9 12 7 11 13 
13 13 9 12 7 11 6 10 13 
12 12 8 11 7 10 6 9 13 
11 13 9 12 7 11 6 10 13 
12 13 9 12 8 11 7 10 13 
12 14 10 13 9 12 8 11 13 
12 14 10 13 9 12 8 11 13 
12 14 10 13 9 12 8 11 13 
11 12 9 11 8 10 7 9 13 
13 13 9 12 8 11 7 10 13 
12 13 9 12 7 11 6 10 13 
13 14 12 13 10 12 8 11 13 
13 14 11 13 9 12 7 11 13 
11 13 9 12 7 11 6 10 13 
12 14 11 13 10 12 9 11 13 
10 11 7 10 6 9 5 8 13 
12 13 9 12 6 11 3 10 13 
12 14 10 13 8 12 6 11 13 
10 12 8 11 6 10 5 9 13 
12 14 10 13 8 12 6 11 13 
11 16 9 15 7 14 5 13 13 
10 12 8 11 6 10 5 9 13 
11 11 7 10 6 9 5 8 13 
11 16 9 15 7 14 5 13 13 
12 13 9 12 8 11 7 10 13 
13 13 9 12 7 11 6 10 13 
10 13 8 12 6 11 5 10 13 
12 13 9 12 7 11 6 10 13 
13 14 11 13 9 12 7 11 13 
10 15 8 14 7 13 6 12 13 
11 13 9 12 7 11 6 10 13 
10 15 8 14 7 13 6 12 13 
11 12 8 11 7 10 6 9 13 
13 14 11 13 9 12 7 11 13 
10 12 8 11 6 10 5 9 13 
12 14 10 13 8 12 7 11 13 
11 12 8 11 6 10 5 9 13 
13 14 11 13 9 12 7 11 13 
12 13 10 12 8 11 7 10 13 
12 13 10 12 9 11 8 10 13 
12 13 9 12 6 11 3 10 13 
11 12 8 11 6 10 5 9 13 
13 14 11 13 9 12 7 11 13 
12 15 10 14 8 13 6 12 13 
13 13 9 12 6 11 3 10 13 
12 14 9 13 7 12 5 11 13 
12 13 8 12 7 11 6 10 13 
11 13 9 12 7 11 6 10 13 
12 15 10 14 8 13 6 12 13 
11 13 9 12 7 11 6 10 13 
13 14 11 13 9 12 8 11 13 
10 12 8 11 7 10 6 9 13 
SCORES_TXT_END_0
SCORES_TXT_BEGIN_0 194 100 9 BLEU
8 8 6 7 5 6 4 5 9 
9 9 8 8 7 7 6 6 9 
8 10 6 9 5 8 4 7 9 
8 9 7 8 6 7 5 6 9 
8 12 6 11 5 10 4 9 9 
8 12 6 11 5 10 4 9 9 
7 8 5 7 4 6 3 5 9 
7 10 5 9 4 8 3 7 9 
7 8 6 7 5 6 4 5 9 
8 9 6 8 5 7 4 6 9 
9 11 7 10 6 9 5 8 9 
8 9 5 8 3 7 2 6 9 
8 9 5 8 3 7 2 6 9 
8 11 6 10 5 9 4 8 9 
9 9 5 8 3 7 1 6 9 
9 10 7 9 5 8 3 7 9 
9 10 8 9 6 8 5 7 9 
7 12 5 11 4 10 3 9 9 
7 12 5 11 4 10 3 9 9 
8 11 6 10 5 9 4 8 9 
9 10 7 9 5 8 3 7 9 
9 13 7 12 6 11 5 10 9 
9 13 7 12 6 11 5 10 9 
9 10 7 9 5 8 3 7 9 
7 8 5 7 4 6 3 5 9 
8 8 6 7 4 6 3 5 9 
7 8 4 7 2 6 1 5 9 
8 11 5 10 3 9 2 8 9 
8 9 6 8 4 7 2 6 9 
9 10 7 9 6 8 5 7 9 
9 12 7 11 6 10 5 9 9 
8 11 5 10 3 9 2 8 9 
8 9 6 8 5 7 4 6 9 
8 10 5 9 3 8 2 7 9 
7 9 6 8 5 7 4 6 9 
9 11 5 10 3 9 1 8 9 
9 12 7 11 6 10 5 9 9 
7 9 6 8 5 7 4 6 9 
8 11 6 10 5 9 4 8 9 
6 8 5 7 4 6 3 5 9 
8 10 6 9 5 8 4 7 9 
8 13 5 12 3 11 2 10 9 
8 9 4 8 2 7 1 6 9 
8 13 5 12 3 11 2 10 9 
8 10 7 9 5 8 4 7 9 
9 10 7 9 5 8 4 7 9 
8 9 5 8 3 7 1 6 9 
8 10 6 9 4 8 2 7 9 
7 9 4 8 2 7 1 6 9 
7 9 4 8 3 7 2 6 9 
7 9 4 8 2 7 1 6 9 
7 9 5 8 4 7 3 6 9 
8 9 5 8 3 7 2 6 9 
9 10 7 9 5 8 3 7 9 
8 9 4 8 2 7 1 6 9 
8 13 5 12 3 11 2 10 9 
8 13 5 12 3 11 2 10 9 
8 9 7 8 6 7 5 6 9 
8 10 6 9 5 8 4 7 9 
7 11 5 10 4 9 3 8 9 
8 9 4 8 2 7 0 6 9 
8 10 6 9 4 8 2 7 9 
7 9 4 8 3 7 2 6 9 
8 8 4 7 2 6 1 5 9 
9 13 5 12 3 11 1 10 9 
9 11 7 10 5 9 3 8 9 
9 13 5 12 3 11 1 10 9 
7 8 3 7 1 6 0 5 9 
8 8 4 7 3 6 2 5 9 
8 13 6 12 5 11 4 10 9 
8 13 6 12 5 11 4 10 9 
8 10 6 9 5 8 4 7 9 
8 9 6 8 4 7 3 6 9 
7 11 5 10 4 9 3 8 9 
8 8 4 7 1 6 0 5 9 
7 8 3 7 2 6 1 5 9 
8 9 3 8 1 7 0 6 9 
7 10 4 9 2 8 1 7 9 
8 10 6 9 4 8 2 7 9 
7 9 5 8 4 7 3 6 9 
9 10 6 9 5 8 4 7 9 
7 9 4 8 3 7 2 6 9 
8 8 4 7 2 6 0 5 9 
7 9 4 8 2 7 1 6 9 
7 9 3 8 1 7 0 6 9 
8 11 6 10 5 9 4 8 9 
7 9 4 8 2 7 1 6 9 
8 10 6 9 4 8 2 7 9 
8 11 4 10 2 9 1 8 9 
8 12 5 11 3 10 2 9 9 
9 10 7 9 6 8 5 7 9 
8 9 4 8 3 7 2 6 9 
8 9 3 8 0 7 0 6 9 
7 10 4 9 3 8 2 7 9 
7 10 3 9 1 8 0 7 9 
8 10 4 9 3 8 2 7 9 
9 10 5 9 3 8 1 7 9 
9 9 4 8 0 7 0 6 9 
8 10 6 9 5 8 4 7 9 
7 9 5 8 4 7 3 6 9 
SCORES_TXT_END_0
SCORES_TXT_BEGIN_0 195 100 9 BLEU
8 8 7 7 6 6 5 5 8 
8 10 6 9 5 8 4 7 8 
7 8 5 7 3 6 2 5 8 
7 9 4 8 3 7 2 6 8 
7 10 4 9 3 8 2 7 8 
8 9 6 8 5 7 4 6 8 
7 12 4 11 3 10 2 9 8 
7 12 4 11 3 10 2 9 8 
8 9 6 8 5 7 4 6 8 
8 12 6 11 5 10 4 9 8 
8 12 6 11 5 10 4 9 8 
7 9 4 8 3 7 2 6 8 
6 8 4 7 3 6 2 5 8 
8 11 6 10 5 9 4 8 8 
8 9 6 8 5 7 4 6 8 
8 11 6 10 5 9 4 8 8 
7 8 6 7 5 6 4 5 8 
8 11 6 10 5 9 4 8 8 
8 11 6 10 5 9 4 8 8 
7 11 4 10 3 9 2 8 8 
8 10 6 9 5 8 4 7 8 
7 9 4 8 3 7 2 6 8 
7 11 4 10 3 9 2 8 8 
8 9 6 8 5 7 4 6 8 
8 13 6 12 5 11 4 10 8 
8 13 6 12 5 11 4 10 8 
7 11 4 10 3 9 2 8 8 
8 8 4 7 3 6 2 5 8 
8 13 6 12 5 11 4 10 8 
7 8 4 7 3 6 2 5 8 
8 13 6 12 5 11 4 10 8 
6 9 4 8 3 7 2 6 8 
6 9 4 8 3 7 2 6 8 
7 11 4 10 3 9 2 8 8 
7 8 5 7 4 6 3 5 8 
7 10 4 9 3 8 2 7 8 
8 10 6 9 5 8 4 7 8 
8 10 4 9 3 8 2 7 8 
8 12 6 11 5 10 4 9 8 
7 8 5 7 4 6 3 5 8 
7 10 4 9 3 8 2 7 8 
7 9 4 8 3 7 2 6 8 
8 8 5 7 4 6 3 5 8 
7 9 6 8 5 7 4 6 8 
7 9 6 8 5 7 4 6 8 
8 10 6 9 5 8 4 7 8 
8 8 4 7 2 6 0 5 8 
7 13 4 12 3 11 2 10 8 
7 13 4 12 3 11 2 10 8 
8 12 6 11 5 10 4 9 8 
8 8 5 7 4 6 3 5 8 
7 8 4 7 3 6 2 5 8 
7 13 4 12 3 11 2 10 8 
7 13 4 12 3 11 2 10 8 
7 9 4 8 3 7 2 6 8 
8 9 4 8 3 7 2 6 8 
7 9 4 8 3 7 2 6 8 
7 9 6 8 5 7 4 6 8 
7 8 3 7 1 6 0 5 8 
7 8 4 7 3 6 2 5 8 
8 10 4 9 2 8 0 7 8 
7 9 6 8 5 7 4 6 8 
7 8 4 7 3 6 2 5 8 
7 10 4 9 3 8 2 7 8 
8 9 4 8 3 7 2 6 8 
7 10 4 9 3 8 2 7 8 
7 9 4 8 3 7 2 6 8 
8 10 5 9 4 8 3 7 8 
7 12 4 11 3 10 2 9 8 
7 8 5 7 3 6 2 5 8 
7 11 4 10 3 9 2 8 8 
7 8 4 7 3 6 2 5 8 
7 10 4 9 3 8 2 7 8 
8 12 4 11 3 10 2 9 8 
8 12 4 11 3 10 2 9 8 
7 12 4 11 3 10 2 9 8 
7 12 4 11 3 10 2 9 8 
6 8 3 7 1 6 0 5 8 
7 10 4 9 3 8 2 7 8 
8 11 4 10 3 9 2 8 8 
8 11 4 10 3 9 2 8 8 
8 10 6 9 5 8 4 7 8 
8 8 4 7 2 6 1 5 8 
7 11 4 10 3 9 2 8 8 
7 11 4 10 3 9 2 8 8 
8 10 6 9 5 8 4 7 8 
7 8 4 7 3 6 2 5 8 
7 12 4 11 3 10 2 9 8 
7 10 3 9 1 8 0 7 8 
8 9 4 8 2 7 0 6 8 
7 10 4 9 3 8 2 7 8 
8 12 6 11 5 10 4 9 8 
7 8 5 7 4 6 3 5 8 
6 8 3 7 1 6 0 5 8 
8 8 5 7 3 6 2 5 8 
8 9 4 8 3 7 2 6 8 
8 9 5 8 4 7 3 6 8 
7 9 4 8 3 7 2 6 8 
8 9 4 8 3 7 2 6 8 
8 8 4 7 2 6 1 5 8 
SCORES_TXT_END_0
SCORES_TXT_BEGIN_0 196 70 9 BLEU
14 14 13 13 12 12 11 11 14 
13 13 11 12 9 11 8 10 14 
13 14 11 13 9 12 7 11 14 
12 13 9 12 6 11 4 10 14 
13 14 12 13 11 12 10 11 14 
13 14 11 13 9 12 7 11 14 
14 14 10 13 8 12 7 11 14 
13 18 12 17 11 16 10 15 14 
12 13 9 12 6 11 4 10 14 
13 13 9 12 8 11 7 10 14 
12 14 10 13 8 12 6 11 14 
13 18 12 17 11 16 10 15 14 
12 18 10 17 8 16 6 15 14 
12 18 10 17 8 16 6 15 14 
12 13 10 12 9 11 8 10 14 
12 17 10 16 9 15 8 14 14 
13 14 8 13 5 12 3 11 14 
12 17 10 16 9 15 8 14 14 
11 13 8 12 6 11 4 10 14 
11 17 8 16 6 15 4 14 14 
13 16 10 15 8 14 7 13 14 
12 13 7 12 5 11 3 10 14 
14 18 10 17 8 16 7 15 14 
12 15 9 14 8 13 7 12 14 
11 17 8 16 6 15 4 14 14 
13 17 9 16 8 15 7 14 14 
14 16 12 15 11 14 10 13 14 
13 18 10 17 8 16 7 15 14 
14 18 10 17 8 16 7 15 14 
14 16 10 15 8 14 7 13 14 
12 17 9 16 8 15 7 14 14 
12 14 10 13 8 12 6 11 14 
13 14 10 13 8 12 7 11 14 
13 17 9 16 8 15 7 14 14 
13 18 10 17 8 16 7 15 14 
13 15 9 14 8 13 7 12 14 
13 16 10 15 8 14 6 13 14 
14 15 12 14 10 13 8 12 14 
14 15 12 14 11 13 10 12 14 
12 18 10 17 8 16 6 15 14 
13 14 10 13 7 12 5 11 14 
12 13 9 12 8 11 7 10 14 
12 17 9 16 8 15 7 14 14 
12 13 10 12 9 11 8 10 14 
13 16 12 15 11 14 10 13 14 
12 13 10 12 9 11 8 10 14 
13 15 10 14 7 13 5 12 14 
12 18 10 17 8 16 6 15 14 
12 16 8 15 5 14 3 13 14 
13 15 10 14 8 13 6 12 14 
12 14 8 13 4 12 2 11 14 
13 18 8 17 5 16 3 15 14 
11 13 8 12 6 11 4 10 14 
12 16 10 15 8 14 6 13 14 
11 13 8 12 6 11 4 10 14 
11 15 7 14 5 13 3 12 14 
12 17 7 16 5 15 3 14 14 
13 14 8 13 5 12 3 11 14 
12 18 8 17 5 16 3 15 14 
13 18 8 17 5 16 3 15 14 
13 16 8 15 5 14 3 13 14 
11 13 8 12 6 11 4 10 14 
14 18 12 17 11 16 10 15 14 
11 17 8 16 6 15 4 14 14 
12 13 7 12 5 11 3 10 14 
11 17 7 16 5 15 3 14 14 
12 14 8 13 5 12 3 11 14 
12 17 7 16 5 15 3 14 14 
12 18 8 17 5 16 3 15 14 
12 15 7 14 5 13 3 12 14 
SCORES_TXT_END_0
SCORES_TXT_BEGIN_0 197 100 9 BLEU
6 6 5 5 4 4 3 3 6 
6 8 4 7 3 6 2 5 6 
5 8 4 7 3 6 2 5 6 
6 9 4 8 3 7 2 6 6 
5 9 4 8 3 7 2 6 6 
5 6 4 5 3 4 2 3 6 
5 10 4 9 3 8 2 7 6 
5 10 4 9 3 8 2 7 6 
6 10 4 9 3 8 2 7 6 
6 10 4 9 3 8 2 7 6 
5 11 4 10 3 9 2 8 6 
5 7 4 6 3 5 2 4 6 
5 11 4 10 3 9 2 8 6 
6 7 4 6 3 5 2 4 6 
6 11 4 10 3 9 2 8 6 
6 11 4 10 3 9 2 8 6 
6 7 4 6 3 5 2 4 6 
5 9 4 8 3 7 2 6 6 
5 9 4 8 3 7 2 6 6 
5 7 4 6 3 5 2 4 6 
6 9 4 8 3 7 2 6 6 
6 9 4 8 3 7 2 6 6 
5 10 4 9 3 8 2 7 6 
5 10 4 9 3 8 2 7 6 
5 12 4 11 3 10 2 9 6 
5 12 4 11 3 10 2 9 6 
6 7 4 6 2 5 0 4 6 
6 10 4 9 3 8 2 7 6 
6 10 4 9 3 8 2 7 6 
6 9 3 8 1 7 0 6 6 
6 10 4 9 3 8 2 7 6 
5 9 3 8 1 7 0 6 6 
5 13 4 12 3 11 2 10 6 
5 13 4 12 3 11 2 10 6 
6 9 4 8 3 7 2 6 6 
6 6 2 5 1 4 0 3 6 
6 7 4 6 3 5 2 4 6 
6 7 4 6 2 5 1 4 6 
6 10 4 9 3 8 2 7 6 
5 9 4 8 3 7 2 6 6 
5 10 4 9 3 8 2 7 6 
6 8 4 7 3 6 2 5 6 
6 8 4 7 3 6 2 5 6 
6 7 5 6 4 5 3 4 6 
5 11 4 10 3 9 2 8 6 
5 9 4 8 3 7 2 6 6 
5 10 4 9 3 8 2 7 6 
6 8 2 7 1 6 0 5 6 
6 11 4 10 3 9 2 8 6 
5 11 4 10 3 9 2 8 6 
6 8 2 7 1 6 0 5 6 
6 7 4 6 3 5 2 4 6 
5 6 3 5 1 4 0 3 6 
5 8 2 7 1 6 0 5 6 
5 11 4 10 3 9 2 8 6 
6 6 3 5 1 4 0 3 6 
6 7 5 6 4 5 3 4 6 
5 12 4 11 3 10 2 9 6 
6 10 3 9 1 8 0 7 6 
6 8 4 7 3 6 2 5 6 
5 12 4 11 3 10 2 9 6 
5 10 3 9 1 8 0 7 6 
5 11 4 10 3 9 2 8 6 
5 8 2 7 0 6 0 5 6 
5 11 4 10 3 9 2 8 6 
5 10 4 9 3 8 2 7 6 
6 8 1 7 0 6 0 5 6 
6 9 4 8 3 7 2 6 6 
6 7 5 6 4 5 3 4 6 
4 8 2 7 0 6 0 5 6 
5 8 1 7 0 6 0 5 6 
6 6 2 5 0 4 0 3 6 
6 7 5 6 4 5 3 4 6 
5 8 4 7 3 6 2 5 6 
5 6 2 5 1 4 0 3 6 
6 7 2 6 1 5 0 4 6 
6 8 2 7 1 6 0 5 6 
6 7 4 6 3 5 2 4 6 
5 8 2 7 1 6 0 5 6 
5 7 4 6 3 5 2 4 6 
6 8 2 7 1 6 0 5 6 
6 8 5 7 3 6 1 5 6 
5 14 4 13 3 12 2 11 6 
6 7 4 6 2 5 1 4 6 
5 14 4 13 3 12 2 11 6 
6 6 3 5 1 4 0 3 6 
6 9 2 8 1 7 0 6 6 
6 7 4 6 2 5 1 4 6 
5 14 4 13 3 12 2 11 6 
5 14 4 13 3 12 2 11 6 
5 9 2 8 0 7 0 6 6 
5 10 2 9 1 8 0 7 6 
6 9 4 8 3 7 2 6 6 
5 10 4 9 3 8 2 7 6 
6 9 4 8 3 7 2 6 6 
5 11 4 10 3 9 2 8 6 
5 10 4 9 3 8 2 7 6 
4 9 2 8 0 7 0 6 6 
6 11 4 10 3 9 2 8 6 
5 11 4 10 3 9 2 8 6 
SCORES_TXT_END_0
SCORES_TXT_BEGIN_0 198 100 9 BLEU
9 9 8 8 7 7 6 6 9 
8 9 7 8 6 7 5 6 9 
8 13 7 12 6 11 5 10 9 
8 13 7 12 6 11 5 10 9 
9 11 7 10 6 9 5 8 9 
8 11 7 10 6 9 5 8 9 
8 12 7 11 6 10 5 9 9 
8 12 7 11 6 10 5 9 9 
9 10 8 9 7 8 6 7 9 
9 10 8 9 7 8 6 7 9 
8 9 6 8 4 7 3 6 9 
9 10 7 9 6 8 5 7 9 
9 10 8 9 7 8 6 7 9 
9 11 8 10 7 9 6 8 9 
9 10 7 9 5 8 3 7 9 
8 10 7 9 6 8 5 7 9 
9 9 5 8 2 7 0 6 9 
9 9 6 8 3 7 0 6 9 
9 9 5 8 4 7 3 6 9 
8 9 5 8 4 7 3 6 9 
9 10 7 9 5 8 3 7 9 
9 10 7 9 5 8 3 7 9 
9 10 7 9 6 8 5 7 9 
7 9 5 8 4 7 3 6 9 
7 9 5 8 4 7 3 6 9 
8 9 5 8 2 7 0 6 9 
9 10 7 9 5 8 3 7 9 
7 11 5 10 4 9 3 8 9 
8 9 5 8 4 7 3 6 9 
9 10 7 9 5 8 3 7 9 
9 10 7 9 5 8 3 7 9 
8 11 5 10 2 9 0 8 9 
9 10 7 9 5 8 3 7 9 
8 11 5 10 4 9 3 8 9 
9 10 8 9 7 8 6 7 9 
7 13 5 12 4 11 3 10 9 
9 10 7 9 6 8 5 7 9 
9 10 7 9 5 8 3 7 9 
7 13 5 12 4 11 3 10 9 
9 10 7 9 6 8 5 7 9 
9 10 7 9 6 8 5 7 9 
8 10 7 9 6 8 5 7 9 
9 10 7 9 5 8 3 7 9 
8 10 7 9 6 8 5 7 9 
9 10 7 9 6 8 5 7 9 
9 10 7 9 5 8 3 7 9 
9 10 6 9 3 8 0 7 9 
9 10 8 9 6 8 4 7 9 
8 10 7 9 6 8 5 7 9 
9 10 7 9 6 8 5 7 9 
7 13 5 12 4 11 3 10 9 
7 13 5 12 4 11 3 10 9 
8 12 7 11 6 10 5 9 9 
9 10 8 9 7 8 6 7 9 
8 10 7 9 6 8 5 7 9 
9 9 5 8 2 7 0 6 9 
9 9 6 8 5 7 4 6 9 
8 11 7 10 6 9 5 8 9 
8 11 5 10 4 9 3 8 9 
8 10 7 9 6 8 5 7 9 
9 11 7 10 5 9 3 8 9 
8 11 5 10 4 9 3 8 9 
9 9 6 8 3 7 0 6 9 
8 11 7 10 6 9 5 8 9 
8 10 7 9 6 8 5 7 9 
8 13 5 12 2 11 0 10 9 
8 13 5 12 2 11 0 10 9 
9 10 8 9 7 8 6 7 9 
9 11 5 10 2 9 0 8 9 
8 11 7 10 6 9 5 8 9 
8 12 5 11 2 10 0 9 9 
8 12 5 11 2 10 0 9 9 
8 13 5 12 4 11 3 10 9 
8 13 5 12 4 11 3 10 9 
7 11 5 10 4 9 3 8 9 
8 10 6 9 4 8 2 7 9 
9 9 5 8 3 7 1 6 9 
9 11 5 10 4 9 3 8 9 
7 12 5 11 4 10 3 9 9 
8 12 5 11 4 10 3 9 9 
9 10 7 9 5 8 4 7 9 
8 12 5 11 4 10 3 9 9 
8 9 6 8 5 7 4 6 9 
7 12 5 11 4 10 3 9 9 
8 14 7 13 6 12 5 11 9 
8 10 7 9 6 8 5 7 9 
8 14 7 13 6 12 5 11 9 
9 10 6 9 3 8 0 7 9 
8 10 6 9 4 8 3 7 9 
8 14 7 13 6 12 5 11 9 
8 14 7 13 6 12 5 11 9 
9 10 7 9 5 8 3 7 9 
8 9 5 8 2 7 0 6 9 
8 10 7 9 6 8 5 7 9 
9 11 7 10 5 9 3 8 9 
8 12 7 11 6 10 5 9 9 
9 10 7 9 6 8 5 7 9 
9 9 6 8 4 7 3 6 9 
9 10 7 9 6 8 5 7 9 
9 12 7 11 6 10 5 9 9 
SCORES_TXT_END_0
SCORES_TXT_BEGIN_0 199 100 9 BLEU
7 7 6 6 5 5 4 4 7 
6 7 5 6 4 5 3 4 7 
6 7 4 6 2 5 0 4 7 
5 7 3 6 1 5 0 4 7 
6 7 5 6 4 5 3 4 7 
5 7 3 6 1 5 0 4 7 
5 7 4 6 3 5 2 4 7 
4 7 2 6 0 5 0 4 7 
6 7 4 6 2 5 0 4 7 
6 11 5 10 4 9 3 8 7 
6 11 5 10 4 9 3 8 7 
7 8 5 7 3 6 1 5 7 
7 9 5 8 4 7 3 6 7 
5 7 3 6 1 5 0 4 7 
6 9 5 8 4 7 3 6 7 
6 10 5 9 4 8 3 7 7 
6 10 5 9 4 8 3 7 7 
5 11 3 10 1 9 0 8 7 
6 8 4 7 2 6 0 5 7 
5 11 3 10 1 9 0 8 7 
5 7 3 6 1 5 0 4 7 
6 9 3 8 1 7 0 6 7 
6 8 4 7 2 6 1 5 7 
6 8 4 7 2 6 0 5 7 
5 9 3 8 1 7 0 6 7 
5 10 3 9 1 8 0 7 7 
5 10 3 9 1 8 0 7 7 
5 11 4 10 3 9 2 8 7 
5 11 4 10 3 9 2 8 7 
4 7 2 6 0 5 0 4 7 
4 11 2 10 0 9 0 8 7 
6 9 4 8 3 7 2 6 7 
4 11 2 10 0 9 0 8 7 
5 8 3 7 1 6 0 5 7 
7 8 5 7 4 6 3 5 7 
5 8 3 7 1 6 0 5 7 
5 9 2 8 0 7 0 6 7 
5 9 4 8 3 7 2 6 7 
5 10 4 9 3 8 2 7 7 
5 10 4 9 3 8 2 7 7 
6 8 5 7 4 6 3 5 7 
5 8 3 7 1 6 0 5 7 
4 9 2 8 0 7 0 6 7 
4 10 2 9 0 8 0 7 7 
4 10 2 9 0 8 0 7 7 
6 8 3 7 1 6 0 5 7 
7 7 4 6 3 5 2 4 7 
6 7 2 6 1 5 0 4 7 
6 7 4 6 3 5 2 4 7 
5 7 2 6 1 5 0 4 7 
5 8 3 7 1 6 0 5 7 
6 7 2 6 0 5 0 4 7 
4 8 2 7 0 6 0 5 7 
6 8 4 7 2 6 0 5 7 
5 7 2 6 0 5 0 4 7 
5 11 3 10 1 9 0 8 7 
6 8 4 7 3 6 2 5 7 
5 11 3 10 1 9 0 8 7 
7 7 4 6 3 5 2 4 7 
6 7 4 6 3 5 2 4 7 
6 9 3 8 1 7 0 6 7 
5 7 1 6 0 5 0 4 7 
5 8 2 7 0 6 0 5 7 
6 12 4 11 2 10 0 9 7 
6 12 4 11 2 10 0 9 7 
6 7 4 6 3 5 2 4 7 
4 7 1 6 0 5 0 4 7 
5 8 3 7 1 6 0 5 7 
5 8 4 7 3 6 2 5 7 
7 7 4 6 3 5 2 4 7 
5 7 4 6 3 5 2 4 7 
7 10 4 9 2 8 0 7 7 
6 9 4 8 3 7 2 6 7 
6 7 2 6 1 5 0 4 7 
5 9 3 8 1 7 0 6 7 
7 7 4 6 2 5 0 4 7 
5 7 2 6 0 5 0 4 7 
6 7 3 6 1 5 0 4 7 
5 10 3 9 1 8 0 7 7 
4 8 2 7 0 6 0 5 7 
5 9 4 8 3 7 2 6 7 
5 10 3 9 1 8 0 7 7 
4 7 2 6 0 5 0 4 7 
6 7 4 6 2 5 0 4 7 
6 7 3 6 2 5 1 4 7 
5 9 2 8 0 7 0 6 7 
5 8 3 7 1 6 0 5 7 
5 7 3 6 1 5 0 4 7 
6 10 4 9 2 8 0 7 7 
7 7 4 6 2 5 1 4 7 
6 11 4 10 2 9 0 8 7 
5 7 3 6 2 5 1 4 7 
5 7 1 6 0 5 0 4 7 
4 9 2 8 0 7 0 6 7 
6 7 3 6 1 5 0 4 7 
6 7 1 6 0 5 0 4 7 
6 11 4 10 2 9 0 8 7 
6 7 4 6 2 5 1 4 7 
7 7 3 6 1 5 0 4 7 
6 7 2 6 0 5 0 4 7 
SCORES_TXT_END_0
SCORES_TXT_BEGIN_0 200 100 9 BLEU
6 6 5 5 4 4 3 3 6 
5 6 4 5 3 4 2 3 6 
5 8 4 7 3 6 2 5 6 
5 7 4 6 3 5 2 4 6 
5 10 4 9 3 8 2 7 6 
5 10 4 9 3 8 2 7 6 
6 8 4 7 3 6 2 5 6 
5 9 4 8 3 7 2 6 6 
6 7 4 6 3 5 2 4 6 
6 9 4 8 3 7 2 6 6 
5 11 4 10 3 9 2 8 6 
5 11 4 10 3 9 2 8 6 
5 9 4 8 3 7 2 6 6 
5 9 4 8 3 7 2 6 6 
6 7 4 6 2 5 0 4 6 
6 7 4 6 3 5 2 4 6 
5 10 4 9 3 8 2 7 6 
5 10 4 9 3 8 2 7 6 
5 7 4 6 3 5 2 4 6 
6 6 3 5 1 4 0 3 6 
5 6 3 5 1 4 0 3 6 
6 7 4 6 3 5 2 4 6 
5 7 3 6 1 5 0 4 6 
5 7 4 6 3 5 2 4 6 
5 9 3 8 1 7 0 6 6 
6 6 2 5 0 4 0 3 6 
6 6 2 5 1 4 0 3 6 
5 9 4 8 3 7 2 6 6 
5 8 4 7 3 6 2 5 6 
6 6 3 5 1 4 0 3 6 
6 7 2 6 1 5 0 4 6 
6 8 4 7 3 6 2 5 6 
5 8 3 7 1 6 0 5 6 
5 6 2 5 1 4 0 3 6 
5 8 2 7 1 6 0 5 6 
5 10 3 9 1 8 0 7 6 
5 6 1 5 0 4 0 3 6 
6 9 3 8 1 7 0 6 6 
5 8 1 7 0 6 0 5 6 
5 11 4 10 3 9 2 8 6 
4 6 2 5 0 4 0 3 6 
5 11 4 10 3 9 2 8 6 
5 6 2 5 1 4 0 3 6 
5 11 3 10 1 9 0 8 6 
5 11 3 10 1 9 0 8 6 
6 9 4 8 3 7 2 6 6 
5 10 4 9 3 8 2 7 6 
5 10 4 9 3 8 2 7 6 
5 7 2 6 1 5 0 4 6 
4 8 2 7 0 6 0 5 6 
6 8 3 7 1 6 0 5 6 
6 6 3 5 1 4 0 3 6 
4 7 2 6 0 5 0 4 6 
5 7 3 6 1 5 0 4 6 
6 8 2 7 1 6 0 5 6 
6 6 2 5 0 4 0 3 6 
5 10 2 9 1 8 0 7 6 
5 10 2 9 1 8 0 7 6 
5 8 4 7 3 6 2 5 6 
6 7 3 6 1 5 0 4 6 
5 6 2 5 0 4 0 3 6 
6 6 3 5 2 4 1 3 6 
6 10 3 9 1 8 0 7 6 
6 6 2 5 0 4 0 3 6 
6 8 2 7 1 6 0 5 6 
5 10 2 9 1 8 0 7 6 
5 10 2 9 1 8 0 7 6 
4 10 2 9 0 8 0 7 6 
4 10 2 9 0 8 0 7 6 
5 8 2 7 0 6 0 5 6 
5 6 2 5 1 4 0 3 6 
5 6 2 5 0 4 0 3 6 
5 11 2 10 1 9 0 8 6 
6 6 3 5 1 4 0 3 6 
6 8 1 7 0 6 0 5 6 
5 11 2 10 1 9 0 8 6 
4 9 2 8 0 7 0 6 6 
6 7 3 6 1 5 0 4 6 
6 8 4 7 3 6 2 5 6 
6 6 3 5 2 4 1 3 6 
5 10 1 9 0 8 0 7 6 
5 10 1 9 0 8 0 7 6 
6 8 2 7 1 6 0 5 6 
6 7 2 6 0 5 0 4 6 
6 7 2 6 0 5 0 4 6 
5 12 3 11 1 10 0 9 6 
5 7 2 6 0 5 0 4 6 
5 12 3 11 1 10 0 9 6 
5 6 3 5 1 4 0 3 6 
6 7 2 6 0 5 0 4 6 
5 8 2 7 1 6 0 5 6 
5 7 2 6 0 5 0 4 6 
6 7 3 6 1 5 0 4 6 
6 9 2 8 1 7 0 6 6 
6 7 2 6 1 5 0 4 6 
5 6 1 5 0 4 0 3 6 
4 6 2 5 0 4 0 3 6 
4 7 2 6 0 5 0 4 6 
5 8 3 7 1 6 0 5 6 
4 9 2 8 0 7 0 6 6 
SCORES_TXT_END_0
SCORES_TXT_BEGIN_0 201 91 9 BLEU
11 11 10 10 9 9 8 8 11 
10 10 8 9 7 8 6 7 11 
10 11 9 10 8 9 7 8 11 
10 15 9 14 8 13 7 12 11 
11 13 9 12 8 11 7 10 11 
10 15 9 14 8 13 7 12 11 
9 10 7 9 6 8 5 7 11 
10 11 8 10 7 9 6 8 11 
10 13 9 12 8 11 7 10 11 
9 14 7 13 6 12 5 11 11 
10 12 7 11 6 10 5 9 11 
9 14 7 13 6 12 5 11 11 
9 10 6 9 5 8 4 7 11 
9 12 7 11 6 10 5 9 11 
10 14 9 13 8 12 7 11 11 
10 14 9 13 8 12 7 11 11 
9 11 8 10 7 9 6 8 11 
9 13 7 12 6 11 5 10 11 
9 13 7 12 6 11 5 10 11 
11 12 9 11 7 10 5 9 11 
11 12 9 11 8 10 7 9 11 
10 11 8 10 6 9 4 8 11 
10 12 9 11 8 10 7 9 11 
8 10 6 9 5 8 4 7 11 
9 15 8 14 7 13 6 12 11 
9 15 8 14 7 13 6 12 11 
10 13 8 12 7 11 6 10 11 
10 11 7 10 6 9 5 8 11 
11 11 7 10 5 9 3 8 11 
9 13 8 12 7 11 6 10 11 
9 14 8 13 7 12 6 11 11 
9 14 8 13 7 12 6 11 11 
8 14 6 13 5 12 4 11 11 
9 11 7 10 6 9 5 8 11 
8 14 6 13 5 12 4 11 11 
11 12 9 11 7 10 5 9 11 
11 11 8 10 6 9 4 8 11 
10 12 8 11 6 10 4 9 11 
10 11 7 10 5 9 3 8 11 
9 12 6 11 5 10 4 9 11 
11 11 7 10 5 9 3 8 11 
11 11 7 10 5 9 3 8 11 
10 13 7 12 5 11 3 10 11 
9 10 6 9 5 8 4 7 11 
11 11 7 10 4 9 2 8 11 
11 11 7 10 5 9 3 8 11 
10 10 6 9 4 8 2 7 11 
8 12 6 11 5 10 4 9 11 
9 11 7 10 5 9 3 8 11 
8 13 6 12 5 11 4 10 11 
11 11 7 10 5 9 3 8 11 
8 13 6 12 5 11 4 10 11 
10 10 7 9 6 8 5 7 11 
10 11 7 10 5 9 3 8 11 
10 10 6 9 5 8 4 7 11 
10 16 8 15 6 14 4 13 11 
11 14 8 13 6 12 4 11 11 
10 16 8 15 6 14 4 13 11 
11 11 7 10 5 9 3 8 11 
10 12 8 11 7 10 6 9 11 
11 11 7 10 5 9 3 8 11 
10 11 7 10 5 9 3 8 11 
10 11 6 10 4 9 2 8 11 
10 12 7 11 5 10 3 9 11 
10 11 7 10 5 9 3 8 11 
11 11 7 10 5 9 3 8 11 
11 11 7 10 5 9 3 8 11 
10 14 8 13 6 12 4 11 11 
10 11 7 10 5 9 3 8 11 
10 11 8 10 7 9 6 8 11 
9 15 7 14 5 13 3 12 11 
10 13 7 12 5 11 3 10 11 
9 15 7 14 5 13 3 12 11 
11 12 7 11 5 10 3 9 11 
10 12 7 11 5 10 3 9 11 
9 12 8 11 7 10 6 9 11 
9 10 6 9 5 8 4 7 11 
11 11 8 10 7 9 6 8 11 
10 10 5 9 3 8 2 7 11 
10 13 7 12 5 11 3 10 11 
11 13 7 12 5 11 3 10 11 
10 11 7 10 4 9 2 8 11 
10 10 5 9 3 8 1 7 11 
9 10 6 9 4 8 2 7 11 
9 11 6 10 4 9 2 8 11 
10 13 7 12 4 11 2 10 11 
9 10 6 9 5 8 4 7 11 
9 12 6 11 4 10 2 9 11 
10 12 8 11 6 10 4 9 11 
10 14 7 13 5 12 3 11 11 
10 10 6 9 5 8 4 7 11 
SCORES_TXT_END_0
SCORES_TXT_BEGIN_0 202 67 9 BLEU
13 13 12 12 11 11 10 10 13 
12 13 10 12 9 11 8 10 13 
12 13 11 12 10 11 9 10 13 
12 13 10 12 8 11 6 10 13 
13 14 11 13 9 12 7 11 13 
12 13 10 12 8 11 6 10 13 
12 14 10 13 8 12 6 11 13 
12 13 10 12 8 11 6 10 13 
12 12 10 11 8 10 7 9 13 
11 13 10 12 9 11 8 10 13 
12 17 11 16 10 15 9 14 13 
12 17 11 16 10 15 9 14 13 
13 15 11 14 10 13 9 12 13 
13 15 11 14 9 13 7 12 13 
12 12 10 11 8 10 6 9 13 
11 12 9 11 7 10 6 9 13 
12 13 10 12 8 11 6 10 13 
13 15 11 14 9 13 7 12 13 
12 13 8 12 5 11 3 10 13 
12 15 11 14 10 13 9 12 13 
12 16 11 15 10 14 9 13 13 
13 17 11 16 9 15 7 14 13 
12 16 11 15 10 14 9 13 13 
12 13 10 12 8 11 7 10 13 
11 12 9 11 7 10 6 9 13 
11 17 10 16 9 15 8 14 13 
11 13 8 12 7 11 6 10 13 
11 17 10 16 9 15 8 14 13 
12 15 10 14 9 13 8 12 13 
13 16 11 15 9 14 7 13 13 
12 13 10 12 8 11 7 10 13 
12 13 10 12 8 11 7 10 13 
12 13 10 12 8 11 7 10 13 
13 14 11 13 9 12 7 11 13 
13 15 11 14 9 13 7 12 13 
11 15 10 14 9 13 8 12 13 
11 13 9 12 8 11 7 10 13 
12 12 8 11 5 10 3 9 13 
11 12 8 11 6 10 5 9 13 
11 13 8 12 7 11 6 10 13 
11 13 9 12 7 11 6 10 13 
13 14 11 13 9 12 7 11 13 
11 14 9 13 7 12 6 11 13 
12 13 9 12 7 11 6 10 13 
11 13 9 12 7 11 6 10 13 
11 13 9 12 8 11 7 10 13 
11 13 9 12 8 11 7 10 13 
13 14 11 13 10 12 9 11 13 
11 13 9 12 8 11 7 10 13 
11 12 8 11 7 10 6 9 13 
13 13 9 12 6 11 3 10 13 
13 13 9 12 7 11 6 10 13 
13 13 9 12 6 11 3 10 13 
13 14 11 13 9 12 7 11 13 
12 12 8 11 7 10 6 9 13 
11 16 10 15 9 14 8 13 13 
13 14 11 13 9 12 7 11 13 
11 13 9 12 7 11 6 10 13 
11 16 10 15 9 14 8 13 13 
10 13 8 12 7 11 6 10 13 
12 12 8 11 5 10 3 9 13 
12 13 9 12 6 11 3 10 13 
13 13 9 12 7 11 5 10 13 
12 13 9 12 7 11 6 10 13 
11 13 9 12 7 11 6 10 13 
12 14 11 13 10 12 9 11 13 
11 12 9 11 8 10 7 9 13 
SCORES_TXT_END_0
SCORES_TXT_BEGIN_0 203 100 9 BLEU
5 5 4 4 3 3 2 2 5 
4 9 3 8 2 7 1 6 5 
4 9 3 8 2 7 1 6 5 
4 4 2 3 1 2 0 1 5 
4 5 3 4 2 3 1 2 5 
5 7 3 6 2 5 1 4 5 
4 7 3 6 2 5 1 4 5 
4 8 3 7 2 6 1 5 5 
4 8 3 7 2 6 1 5 5 
3 8 1 7 0 6 0 5 5 
3 8 1 7 0 6 0 5 5 
3 4 1 3 0 2 0 1 5 
5 6 3 5 2 4 1 3 5 
4 5 2 4 0 3 0 2 5 
3 4 1 3 0 2 0 1 5 
4 4 0 3 0 2 0 1 5 
3 4 0 3 0 2 0 1 5 
4 4 1 3 0 2 0 1 5 
4 6 3 5 2 4 1 3 5 
5 5 1 4 0 3 0 2 5 
2 4 0 3 0 2 0 1 5 
4 5 1 4 0 3 0 2 5 
4 4 1 3 0 2 0 1 5 
2 4 0 3 0 2 0 1 5 
2 6 0 5 0 4 0 3 5 
3 4 0 3 0 2 0 1 5 
4 6 1 5 0 4 0 3 5 
4 4 0 3 0 2 0 1 5 
3 6 0 5 0 4 0 3 5 
2 8 0 7 0 6 0 5 5 
3 6 1 5 0 4 0 3 5 
2 8 0 7 0 6 0 5 5 
3 5 1 4 0 3 0 2 5 
3 5 1 4 0 3 0 2 5 
3 4 0 3 0 2 0 1 5 
3 4 1 3 0 2 0 1 5 
3 7 1 6 0 5 0 4 5 
3 7 1 6 0 5 0 4 5 
2 8 0 7 0 6 0 5 5 
3 7 1 6 0 5 0 4 5 
2 8 0 7 0 6 0 5 5 
4 5 1 4 0 3 0 2 5 
3 4 1 3 0 2 0 1 5 
4 4 0 3 0 2 0 1 5 
3 4 0 3 0 2 0 1 5 
3 4 0 3 0 2 0 1 5 
4 7 1 6 0 5 0 4 5 
3 6 0 5 0 4 0 3 5 
3 6 1 5 0 4 0 3 5 
3 9 1 8 0 7 0 6 5 
3 6 0 5 0 4 0 3 5 
3 9 1 8 0 7 0 6 5 
3 4 0 3 0 2 0 1 5 
5 5 2 4 1 3 0 2 5 
2 4 0 3 0 2 0 1 5 
2 6 0 5 0 4 0 3 5 
5 5 2 4 1 3 0 2 5 
3 8 0 7 0 6 0 5 5 
3 8 0 7 0 6 0 5 5 
2 7 0 6 0 5 0 4 5 
3 9 1 8 0 7 0 6 5 
3 6 0 5 0 4 0 3 5 
2 6 0 5 0 4 0 3 5 
4 6 0 5 0 4 0 3 5 
3 9 1 8 0 7 0 6 5 
2 7 0 6 0 5 0 4 5 
3 7 0 6 0 5 0 4 5 
3 4 0 3 0 2 0 1 5 
3 7 0 6 0 5 0 4 5 
4 5 2 4 1 3 0 2 5 
4 7 1 6 0 5 0 4 5 
3 4 0 3 0 2 0 1 5 
2 4 0 3 0 2 0 1 5 
2 8 0 7 0 6 0 5 5 
3 8 0 7 0 6 0 5 5 
4 5 1 4 0 3 0 2 5 
3 8 0 7 0 6 0 5 5 
4 7 1 6 0 5 0 4 5 
2 8 0 7 0 6 0 5 5 
3 6 0 5 0 4 0 3 5 
2 6 0 5 0 4 0 3 5 
3 5 0 4 0 3 0 2 5 
4 9 1 8 0 7 0 6 5 
4 9 1 8 0 7 0 6 5 
3 7 1 6 0 5 0 4 5 
5 5 2 4 0 3 0 2 5 
3 8 1 7 0 6 0 5 5 
3 8 1 7 0 6 0 5 5 
5 7 1 6 0 5 0 4 5 
4 6 0 5 0 4 0 3 5 
2 7 0 6 0 5 0 4 5 
4 8 1 7 0 6 0 5 5 
3 8 1 7 0 6 0 5 5 
2 7 0 6 0 5 0 4 5 
4 6 1 5 0 4 0 3 5 
4 8 1 7 0 6 0 5 5 
3 7 1 6 0 5 0 4 5 
3 7 1 6 0 5 0 4 5 
3 8 1 7 0 6 0 5 5 
4 4 0 3 0 2 0 1 5 
SCORES_TXT_END_0
SCORES_TXT_BEGIN_0 204 100 9 BLEU
10 10 9 9 8 8 7 7 10 
9 9 7 8 5 7 3 6 10 
8 8 6 7 4 6 3 5 10 
9 9 7 8 5 7 3 6 10 
7 7 4 6 2 5 1 4 10 
8 10 6 9 4 8 2 7 10 
6 7 4 6 2 5 1 4 10 
8 9 6 8 4 7 2 6 10 
8 9 6 8 4 7 2 6 10 
9 9 7 8 5 7 4 6 10 
6 8 4 7 2 6 1 5 10 
10 11 9 10 7 9 5 8 10 
6 7 4 6 2 5 1 4 10 
7 7 4 6 1 5 0 4 10 
9 11 7 10 5 9 3 8 10 
7 8 5 7 4 6 3 5 10 
7 8 5 7 3 6 2 5 10 
9 10 7 9 5 8 3 7 10 
9 10 7 9 5 8 3 7 10 
9 10 8 9 7 8 6 7 10 
8 9 6 8 5 7 4 6 10 
9 10 7 9 6 8 5 7 10 
8 8 6 7 4 6 2 5 10 
6 9 4 8 2 7 1 6 10 
9 9 6 8 3 7 2 6 10 
8 11 6 10 4 9 2 8 10 
7 9 5 8 3 7 2 6 10 
8 9 6 8 4 7 2 6 10 
8 9 6 8 4 7 2 6 10 
7 8 5 7 3 6 2 5 10 
7 12 5 11 4 10 3 9 10 
9 10 7 9 5 8 3 7 10 
7 12 5 11 4 10 3 9 10 
8 8 4 7 2 6 1 5 10 
9 14 8 13 7 12 6 11 10 
9 14 8 13 7 12 6 11 10 
8 10 5 9 4 8 3 7 10 
6 7 3 6 2 5 1 4 10 
7 7 3 6 2 5 1 4 10 
6 8 3 7 2 6 1 5 10 
10 12 8 11 7 10 6 9 10 
9 10 7 9 5 8 4 7 10 
8 9 6 8 4 7 2 6 10 
6 7 3 6 2 5 1 4 10 
5 7 3 6 2 5 1 4 10 
8 10 5 9 3 8 1 7 10 
6 10 4 9 2 8 1 7 10 
8 12 6 11 4 10 2 9 10 
6 7 3 6 1 5 0 4 10 
7 10 5 9 4 8 3 7 10 
8 9 5 8 3 7 1 6 10 
6 7 3 6 2 5 1 4 10 
9 10 7 9 5 8 3 7 10 
8 9 5 8 3 7 1 6 10 
7 11 5 10 4 9 3 8 10 
6 12 4 11 2 10 1 9 10 
8 9 5 8 3 7 1 6 10 
8 10 7 9 6 8 5 7 10 
8 14 6 13 4 12 2 11 10 
7 10 5 9 3 8 2 7 10 
7 9 6 8 5 7 4 6 10 
9 10 7 9 5 8 3 7 10 
9 12 8 11 7 10 6 9 10 
7 11 5 10 4 9 3 8 10 
9 12 7 11 5 10 3 9 10 
8 8 5 7 2 6 1 5 10 
9 10 7 9 5 8 4 7 10 
9 10 7 9 5 8 4 7 10 
6 12 3 11 2 10 1 9 10 
8 9 6 8 5 7 4 6 10 
9 13 8 12 7 11 6 10 10 
9 10 7 9 5 8 4 7 10 
7 7 3 6 1 5 0 4 10 
9 13 8 12 7 11 6 10 10 
9 9 6 8 2 7 1 6 10 
6 7 3 6 1 5 0 4 10 
5 10 3 9 2 8 1 7 10 
8 8 4 7 1 6 0 5 10 
8 10 6 9 5 8 4 7 10 
5 8 3 7 2 6 1 5 10 
5 8 3 7 2 6 1 5 10 
6 8 3 7 1 6 0 5 10 
6 7 3 6 1 5 0 4 10 
10 10 7 9 4 8 2 7 10 
7 10 5 9 3 8 1 7 10 
6 11 4 10 2 9 1 8 10 
6 11 3 10 2 9 1 8 10 
5 7 3 6 1 5 0 4 10 
5 12 3 11 2 10 1 9 10 
5 7 3 6 2 5 1 4 10 
9 10 7 9 5 8 3 7 10 
8 13 6 12 4 11 2 10 10 
6 11 3 10 2 9 1 8 10 
7 9 5 8 3 7 1 6 10 
7 10 5 9 3 8 1 7 10 
7 8 5 7 3 6 1 5 10 
6 7 3 6 1 5 0 4 10 
5 7 3 6 1 5 0 4 10 
7 9 5 8 3 7 1 6 10 
8 13 6 12 4 11 2 10 10 
SCORES_TXT_END_0
SCORES_TXT_BEGIN_0 205 100 9 BLEU
7 7 6 6 5 5 4 4 7 
7 8 5 7 4 6 3 5 7 
7 8 5 7 4 6 3 5 7 
7 9 5 8 4 7 3 6 7 
7 10 5 9 4 8 3 7 7 
7 11 5 10 4 9 3 8 7 
7 11 5 10 4 9 3 8 7 
7 12 5 11 4 10 3 9 7 
7 12 5 11 4 10 3 9 7 
6 7 5 6 4 5 3 4 7 
7 8 5 7 4 6 3 5 7 
6 8 5 7 4 6 3 5 7 
7 9 5 8 4 7 3 6 7 
7 9 4 8 3 7 2 6 7 
6 9 4 8 3 7 2 6 7 
7 10 5 9 4 8 3 7 7 
7 8 5 7 3 6 1 5 7 
7 10 5 9 4 8 3 7 7 
7 9 4 8 3 7 2 6 7 
6 8 5 7 4 6 3 5 7 
6 9 4 8 3 7 2 6 7 
7 8 5 7 4 6 3 5 7 
7 8 5 7 4 6 3 5 7 
7 8 5 7 4 6 3 5 7 
7 10 4 9 3 8 2 7 7 
7 9 5 8 4 7 3 6 7 
6 10 4 9 3 8 2 7 7 
7 10 4 9 2 8 1 7 7 
7 9 4 8 2 7 1 6 7 
7 9 4 8 2 7 1 6 7 
7 11 5 10 4 9 3 8 7 
7 11 5 10 4 9 3 8 7 
7 8 5 7 4 6 3 5 7 
7 10 5 9 4 8 3 7 7 
7 8 5 7 3 6 1 5 7 
6 8 5 7 4 6 3 5 7 
7 9 5 8 4 7 3 6 7 
7 8 5 7 3 6 1 5 7 
7 8 5 7 4 6 3 5 7 
6 8 5 7 4 6 3 5 7 
7 10 5 9 4 8 3 7 7 
7 9 5 8 4 7 3 6 7 
7 7 4 6 2 5 1 4 7 
6 7 3 6 2 5 1 4 7 
7 11 4 10 3 9 2 8 7 
6 11 4 10 3 9 2 8 7 
7 7 3 6 1 5 0 4 7 
7 12 4 11 3 10 2 9 7 
7 11 4 10 2 9 1 8 7 
7 12 4 11 3 10 2 9 7 
6 12 4 11 3 10 2 9 7 
7 8 5 7 3 6 1 5 7 
6 12 4 11 3 10 2 9 7 
7 9 5 8 4 7 3 6 7 
7 9 4 8 2 7 0 6 7 
7 7 3 6 2 5 1 4 7 
7 9 4 8 2 7 1 6 7 
7 10 5 9 4 8 3 7 7 
7 9 4 8 2 7 0 6 7 
7 9 5 8 4 7 3 6 7 
7 9 5 8 4 7 3 6 7 
7 9 3 8 2 7 1 6 7 
7 11 5 10 4 9 3 8 7 
7 8 3 7 2 6 1 5 7 
7 8 5 7 3 6 2 5 7 
7 10 5 9 4 8 3 7 7 
7 8 6 7 5 6 4 5 7 
7 8 5 7 3 6 1 5 7 
7 9 2 8 1 7 0 6 7 
7 8 3 7 2 6 1 5 7 
7 9 4 8 2 7 0 6 7 
7 9 5 8 4 7 3 6 7 
7 9 5 8 4 7 3 6 7 
7 9 4 8 2 7 1 6 7 
7 8 2 7 1 6 0 5 7 
7 9 4 8 2 7 0 6 7 
7 8 5 7 3 6 1 5 7 
7 12 4 11 2 10 1 9 7 
7 12 4 11 2 10 1 9 7 
7 8 6 7 5 6 4 5 7 
7 9 5 8 4 7 3 6 7 
7 9 5 8 4 7 3 6 7 
7 10 4 9 2 8 0 7 7 
6 9 5 8 4 7 3 6 7 
7 12 5 11 4 10 3 9 7 
7 8 5 7 4 6 3 5 7 
7 12 5 11 4 10 3 9 7 
7 9 5 8 4 7 3 6 7 
7 9 4 8 2 7 1 6 7 
7 8 5 7 3 6 1 5 7 
7 10 4 9 2 8 1 7 7 
7 9 5 8 3 7 1 6 7 
6 9 5 8 4 7 3 6 7 
7 8 3 7 2 6 1 5 7 
7 10 4 9 2 8 0 7 7 
7 10 5 9 4 8 3 7 7 
7 8 3 7 1 6 0 5 7 
7 11 5 10 4 9 3 8 7 
7 9 5 8 4 7 3 6 7 
7 11 5 10 4 9 3 8 7 
SCORES_TXT_END_0
SCORES_TXT_BEGIN_0 206 100 9 BLEU
6 6 5 5 4 4 3 3 6 
6 8 4 7 3 6 2 5 6 
6 7 4 6 3 5 2 4 6 
5 6 4 5 3 4 2 3 6 
6 10 4 9 3 8 2 7 6 
6 10 4 9 3 8 2 7 6 
6 7 4 6 3 5 2 4 6 
6 9 4 8 3 7 2 6 6 
6 9 4 8 3 7 2 6 6 
5 6 4 5 3 4 2 3 6 
2 4 1 3 0 2 0 1 6 
6 7 4 6 3 5 2 4 6 
3 4 1 3 0 2 0 1 6 
2 5 0 4 0 3 0 2 6 
5 8 3 7 2 6 1 5 6 
5 6 4 5 3 4 2 3 6 
3 5 0 4 0 3 0 2 6 
2 6 0 5 0 4 0 3 6 
2 5 0 4 0 3 0 2 6 
3 6 0 5 0 4 0 3 6 
2 5 1 4 0 3 0 2 6 
2 6 0 5 0 4 0 3 6 
2 6 0 5 0 4 0 3 6 
3 6 0 5 0 4 0 3 6 
5 7 3 6 2 5 1 4 6 
5 6 3 5 2 4 1 3 6 
5 7 4 6 3 5 2 4 6 
2 4 0 3 0 2 0 1 6 
5 7 4 6 3 5 2 4 6 
2 4 1 3 0 2 0 1 6 
2 7 0 6 0 5 0 4 6 
2 5 0 4 0 3 0 2 6 
2 6 0 5 0 4 0 3 6 
5 10 3 9 2 8 1 7 6 
5 10 3 9 2 8 1 7 6 
3 5 1 4 0 3 0 2 6 
3 7 0 6 0 5 0 4 6 
2 5 1 4 0 3 0 2 6 
6 6 3 5 2 4 1 3 6 
2 7 0 6 0 5 0 4 6 
5 8 3 7 2 6 1 5 6 
2 4 0 3 0 2 0 1 6 
3 4 0 3 0 2 0 1 6 
3 5 0 4 0 3 0 2 6 
2 9 0 8 0 7 0 6 6 
2 9 0 8 0 7 0 6 6 
3 4 1 3 0 2 0 1 6 
2 5 0 4 0 3 0 2 6 
2 4 0 3 0 2 0 1 6 
2 6 1 5 0 4 0 3 6 
5 6 3 5 2 4 1 3 6 
3 6 0 5 0 4 0 3 6 
2 7 0 6 0 5 0 4 6 
2 5 0 4 0 3 0 2 6 
3 4 0 3 0 2 0 1 6 
2 4 0 3 0 2 0 1 6 
3 9 0 8 0 7 0 6 6 
2 4 1 3 0 2 0 1 6 
3 9 0 8 0 7 0 6 6 
2 5 0 4 0 3 0 2 6 
5 7 3 6 2 5 1 4 6 
3 5 0 4 0 3 0 2 6 
3 5 1 4 0 3 0 2 6 
5 7 3 6 2 5 1 4 6 
5 9 3 8 2 7 1 6 6 
2 5 0 4 0 3 0 2 6 
2 6 0 5 0 4 0 3 6 
2 6 0 5 0 4 0 3 6 
2 4 0 3 0 2 0 1 6 
6 8 3 7 2 6 1 5 6 
6 6 4 5 3 4 2 3 6 
2 5 0 4 0 3 0 2 6 
2 5 1 4 0 3 0 2 6 
2 9 0 8 0 7 0 6 6 
2 5 0 4 0 3 0 2 6 
2 9 0 8 0 7 0 6 6 
5 6 4 5 3 4 2 3 6 
3 5 0 4 0 3 0 2 6 
3 4 0 3 0 2 0 1 6 
2 6 0 5 0 4 0 3 6 
5 8 3 7 2 6 1 5 6 
5 9 3 8 2 7 1 6 6 
2 4 1 3 0 2 0 1 6 
3 7 0 6 0 5 0 4 6 
2 8 0 7 0 6 0 5 6 
3 5 0 4 0 3 0 2 6 
2 8 0 7 0 6 0 5 6 
5 6 4 5 3 4 2 3 6 
3 5 0 4 0 3 0 2 6 
3 5 0 4 0 3 0 2 6 
2 5 0 4 0 3 0 2 6 
5 7 3 6 2 5 1 4 6 
2 4 0 3 0 2 0 1 6 
2 7 0 6 0 5 0 4 6 
2 7 0 6 0 5 0 4 6 
2 8 0 7 0 6 0 5 6 
2 8 0 7 0 6 0 5 6 
2 7 0 6 0 5 0 4 6 
2 7 0 6 0 5 0 4 6 
3 6 1 5 0 4 0 3 6 
SCORES_TXT_END_0
SCORES_TXT_BEGIN_0 207 100 9 BLEU
10 10 6 9 4 8 3 7 12 
11 11 8 10 7 9 6 8 12 
11 12 9 11 7 10 5 9 12 
10 11 6 10 4 9 3 8 12 
11 12 8 11 7 10 6 9 12 
12 13 11 12 10 11 9 10 12 
11 11 6 10 4 9 3 8 12 
12 12 8 11 7 10 6 9 12 
10 10 5 9 2 8 0 7 12 
11 11 7 10 5 9 3 8 12 
11 13 9 12 7 11 5 10 12 
11 11 7 10 4 9 3 8 12 
12 14 11 13 10 12 9 11 12 
12 12 9 11 7 10 6 9 12 
11 13 9 12 7 11 5 10 12 
12 14 11 13 10 12 9 11 12 
11 11 6 10 2 9 0 8 12 
10 10 6 9 4 8 3 7 12 
11 11 8 10 7 9 6 8 12 
11 12 8 11 5 10 2 9 12 
12 12 8 11 5 10 3 9 12 
11 12 6 11 4 10 3 9 12 
10 10 5 9 2 8 0 7 12 
10 11 6 10 4 9 3 8 12 
12 13 8 12 7 11 6 10 12 
11 11 7 10 5 9 3 8 12 
11 12 8 11 7 10 6 9 12 
11 11 5 10 2 9 0 8 12 
12 13 10 12 8 11 6 10 12 
11 14 8 13 5 12 3 11 12 
11 14 8 13 5 12 3 11 12 
11 13 9 12 7 11 5 10 12 
12 12 7 11 5 10 3 9 12 
11 11 7 10 5 9 4 8 12 
10 10 5 9 2 8 1 7 12 
12 15 10 14 8 13 6 12 12 
12 15 10 14 8 13 6 12 12 
12 14 11 13 10 12 9 11 12 
11 13 7 12 4 11 3 10 12 
11 13 7 12 4 11 3 10 12 
12 12 8 11 5 10 4 9 12 
11 11 6 10 2 9 1 8 12 
12 14 9 13 7 12 6 11 12 
12 14 9 13 7 12 6 11 12 
10 11 6 10 4 9 3 8 12 
11 13 8 12 5 11 2 10 12 
11 12 8 11 7 10 6 9 12 
11 12 9 11 7 10 5 9 12 
12 12 7 11 4 10 3 9 12 
11 12 8 11 6 10 4 9 12 
12 13 9 12 7 11 6 10 12 
11 11 7 10 5 9 4 8 12 
11 12 7 11 4 10 3 9 12 
10 10 5 9 2 8 1 7 12 
12 13 11 12 10 11 9 10 12 
9 11 6 10 4 9 3 8 12 
11 12 7 11 4 10 3 9 12 
12 13 9 12 7 11 6 10 12 
10 11 6 10 4 9 3 8 12 
11 12 8 11 5 10 2 9 12 
11 13 6 12 2 11 0 10 12 
11 14 9 13 7 12 5 11 12 
10 11 6 10 4 9 3 8 12 
10 12 8 11 7 10 6 9 12 
12 13 9 12 7 11 6 10 12 
11 11 5 10 2 9 1 8 12 
12 14 10 13 8 12 6 11 12 
11 13 6 12 2 11 0 10 12 
11 12 8 11 7 10 6 9 12 
11 12 8 11 7 10 6 9 12 
11 11 6 10 4 9 3 8 12 
10 12 6 11 4 10 3 9 12 
12 14 8 13 5 12 3 11 12 
12 13 10 12 8 11 7 10 12 
12 15 11 14 10 13 9 12 12 
11 13 8 12 5 11 2 10 12 
12 12 7 11 5 10 3 9 12 
12 14 8 13 5 12 3 11 12 
11 13 8 12 5 11 3 10 12 
11 12 8 11 7 10 6 9 12 
11 13 8 12 7 11 6 10 12 
11 11 5 10 2 9 0 8 12 
12 13 10 12 8 11 6 10 12 
12 12 6 11 2 10 0 9 12 
11 15 8 14 5 13 3 12 12 
12 14 10 13 8 12 6 11 12 
11 15 8 14 5 13 3 12 12 
11 12 8 11 5 10 3 9 12 
11 12 6 11 2 10 0 9 12 
11 13 6 12 4 11 3 10 12 
12 12 7 11 5 10 3 9 12 
12 13 8 12 5 11 3 10 12 
12 16 10 15 8 14 6 13 12 
12 14 10 13 8 12 7 11 12 
12 16 10 15 8 14 6 13 12 
11 13 6 12 4 11 3 10 12 
12 14 8 13 7 12 6 11 12 
11 12 6 11 2 10 0 9 12 
11 12 6 11 4 10 3 9 12 
12 14 10 13 8 12 6 11 12 
SCORES_TXT_END_0
SCORES_TXT_BEGIN_0 208 100 9 BLEU
8 8 7 7 6 6 5 5 8 
8 9 6 8 5 7 4 6 8 
8 10 6 9 5 8 4 7 8 
8 9 6 8 5 7 4 6 8 
8 12 6 11 5 10 4 9 8 
8 12 6 11 5 10 4 9 8 
8 11 6 10 5 9 4 8 8 
8 10 6 9 5 8 4 7 8 
8 9 6 8 5 7 4 6 8 
8 11 6 10 5 9 4 8 8 
8 13 6 12 5 11 4 10 8 
8 13 6 12 5 11 4 10 8 
8 11 6 10 5 9 4 8 8 
7 8 6 7 5 6 4 5 8 
8 10 6 9 5 8 4 7 8 
8 12 6 11 5 10 4 9 8 
8 12 6 11 5 10 4 9 8 
8 9 6 8 5 7 4 6 8 
8 8 4 7 2 6 0 5 8 
7 9 6 8 5 7 4 6 8 
7 8 5 7 4 6 3 5 8 
8 8 5 7 4 6 3 5 8 
7 8 5 7 4 6 3 5 8 
7 8 5 7 4 6 3 5 8 
8 10 4 9 2 8 0 7 8 
8 10 6 9 5 8 4 7 8 
7 9 6 8 5 7 4 6 8 
8 8 4 7 2 6 1 5 8 
7 9 6 8 5 7 4 6 8 
8 9 4 8 2 7 0 6 8 
8 9 4 8 2 7 0 6 8 
8 8 4 7 1 6 0 5 8 
7 8 4 7 3 6 2 5 8 
8 8 4 7 2 6 1 5 8 
8 9 4 8 2 7 0 6 8 
7 8 4 7 3 6 2 5 8 
8 10 4 9 2 8 1 7 8 
8 9 5 8 4 7 3 6 8 
7 8 5 7 4 6 3 5 8 
7 8 4 7 2 6 1 5 8 
8 12 4 11 2 10 0 9 8 
7 9 4 8 3 7 2 6 8 
8 12 4 11 2 10 0 9 8 
7 8 4 7 3 6 2 5 8 
7 8 5 7 4 6 3 5 8 
8 11 4 10 2 9 0 8 8 
7 9 5 8 4 7 3 6 8 
8 11 4 10 2 9 0 8 8 
7 10 6 9 5 8 4 7 8 
8 11 4 10 2 9 0 8 8 
8 8 5 7 3 6 1 5 8 
7 8 4 7 2 6 1 5 8 
7 9 4 8 3 7 2 6 8 
7 10 6 9 5 8 4 7 8 
8 8 5 7 2 6 0 5 8 
7 8 4 7 3 6 2 5 8 
8 10 4 9 2 8 1 7 8 
8 9 4 8 2 7 1 6 8 
7 8 5 7 3 6 1 5 8 
8 9 4 8 2 7 0 6 8 
8 8 4 7 2 6 1 5 8 
8 9 4 8 2 7 1 6 8 
8 10 4 9 2 8 0 7 8 
8 8 5 7 3 6 2 5 8 
8 9 4 8 2 7 1 6 8 
7 10 4 9 3 8 2 7 8 
8 8 5 7 2 6 0 5 8 
8 9 3 8 1 7 0 6 8 
8 9 4 8 2 7 1 6 8 
7 9 5 8 4 7 3 6 8 
8 9 4 8 2 7 1 6 8 
7 9 5 8 4 7 3 6 8 
7 10 4 9 3 8 2 7 8 
8 9 5 8 4 7 3 6 8 
8 12 4 11 2 10 1 9 8 
7 8 4 7 3 6 2 5 8 
8 12 4 11 2 10 1 9 8 
8 10 5 9 4 8 3 7 8 
8 10 4 9 2 8 0 7 8 
7 8 4 7 2 6 1 5 8 
8 8 5 7 2 6 1 5 8 
7 10 4 9 3 8 2 7 8 
7 9 3 8 2 7 1 6 8 
7 9 4 8 3 7 2 6 8 
8 11 4 10 2 9 1 8 8 
7 8 4 7 2 6 0 5 8 
8 9 5 8 4 7 3 6 8 
8 11 4 10 2 9 1 8 8 
8 9 5 8 3 7 1 6 8 
8 8 3 7 1 6 0 5 8 
8 11 4 10 2 9 1 8 8 
8 8 5 7 3 6 2 5 8 
7 9 3 8 2 7 1 6 8 
7 8 4 7 3 6 2 5 8 
7 9 4 8 3 7 2 6 8 
7 9 4 8 3 7 2 6 8 
7 8 4 7 2 6 1 5 8 
8 9 4 8 2 7 1 6 8 
8 13 4 12 2 11 0 10 8 
7 10 4 9 3 8 2 7 8 
SCORES_TXT_END_0
SCORES_TXT_BEGIN_0 209 100 9 BLEU
6 6 5 5 4 4 3 3 6 
5 6 4 5 3 4 2 3 6 
5 6 4 5 3 4 2 3 6 
5 6 4 5 3 4 2 3 6 
5 6 4 5 3 4 2 3 6 
5 10 4 9 3 8 2 7 6 
5 10 4 9 3 8 2 7 6 
6 8 4 7 3 6 2 5 6 
5 8 4 7 3 6 2 5 6 
5 9 4 8 3 7 2 6 6 
5 9 4 8 3 7 2 6 6 
6 7 4 6 2 5 1 4 6 
6 7 4 6 2 5 1 4 6 
5 6 4 5 3 4 2 3 6 
4 6 3 5 2 4 1 3 6 
6 7 4 6 3 5 2 4 6 
6 7 3 6 1 5 0 4 6 
4 6 3 5 2 4 1 3 6 
6 8 4 7 2 6 1 5 6 
5 6 3 5 2 4 1 3 6 
5 7 4 6 3 5 2 4 6 
4 6 3 5 2 4 1 3 6 
5 7 3 6 1 5 0 4 6 
5 7 3 6 2 5 1 4 6 
6 6 3 5 1 4 0 3 6 
5 9 3 8 1 7 0 6 6 
4 10 3 9 2 8 1 7 6 
4 10 3 9 2 8 1 7 6 
5 7 2 6 1 5 0 4 6 
4 10 3 9 2 8 1 7 6 
4 10 3 9 2 8 1 7 6 
6 6 3 5 2 4 1 3 6 
5 7 4 6 3 5 2 4 6 
5 7 3 6 2 5 1 4 6 
5 8 3 7 2 6 1 5 6 
5 6 4 5 3 4 2 3 6 
5 6 3 5 1 4 0 3 6 
5 8 3 7 2 6 1 5 6 
5 7 3 6 2 5 1 4 6 
5 7 2 6 1 5 0 4 6 
5 7 3 6 2 5 1 4 6 
6 6 2 5 1 4 0 3 6 
5 6 3 5 1 4 0 3 6 
5 7 3 6 2 5 1 4 6 
6 6 3 5 2 4 1 3 6 
4 8 3 7 2 6 1 5 6 
5 8 3 7 1 6 0 5 6 
5 7 2 6 1 5 0 4 6 
4 10 3 9 2 8 1 7 6 
4 9 3 8 2 7 1 6 6 
4 10 3 9 2 8 1 7 6 
4 8 3 7 2 6 1 5 6 
5 6 2 5 1 4 0 3 6 
4 9 3 8 2 7 1 6 6 
4 9 3 8 2 7 1 6 6 
5 7 2 6 1 5 0 4 6 
5 6 3 5 2 4 1 3 6 
4 9 3 8 2 7 1 6 6 
4 7 2 6 1 5 0 4 6 
5 8 3 7 2 6 1 5 6 
6 7 2 6 1 5 0 4 6 
6 6 2 5 1 4 0 3 6 
6 7 3 6 2 5 1 4 6 
5 7 3 6 1 5 0 4 6 
4 7 2 6 1 5 0 4 6 
5 6 2 5 1 4 0 3 6 
5 7 2 6 1 5 0 4 6 
4 7 2 6 1 5 0 4 6 
6 9 3 8 1 7 0 6 6 
5 7 3 6 2 5 1 4 6 
4 9 2 8 1 7 0 6 6 
5 6 2 5 1 4 0 3 6 
4 9 2 8 1 7 0 6 6 
6 6 3 5 2 4 1 3 6 
5 7 3 6 1 5 0 4 6 
5 6 3 5 2 4 1 3 6 
6 7 4 6 2 5 1 4 6 
6 6 2 5 1 4 0 3 6 
4 8 3 7 2 6 1 5 6 
6 6 3 5 2 4 1 3 6 
4 9 2 8 1 7 0 6 6 
5 6 2 5 1 4 0 3 6 
4 9 3 8 2 7 1 6 6 
5 6 3 5 2 4 1 3 6 
5 8 3 7 2 6 1 5 6 
4 9 3 8 2 7 1 6 6 
5 7 3 6 1 5 0 4 6 
4 7 2 6 1 5 0 4 6 
5 6 2 5 1 4 0 3 6 
6 6 3 5 1 4 0 3 6 
5 6 2 5 1 4 0 3 6 
5 6 3 5 2 4 1 3 6 
5 7 3 6 2 5 1 4 6 
6 6 3 5 1 4 0 3 6 
4 6 2 5 1 4 0 3 6 
4 6 3 5 2 4 1 3 6 
5 6 3 5 2 4 1 3 6 
6 8 3 7 0 6 0 5 6 
5 7 3 6 2 5 1 4 6 
6 7 2 6 0 5 0 4 6 
SCORES_TXT_END_0
SCORES_TXT_BEGIN_0 210 23 9 BLEU
14 14 13 13 12 12 11 11 14 
13 14 12 13 11 12 10 11 14 
14 15 12 14 10 13 8 12 14 
14 15 13 14 11 13 9 12 14 
13 13 9 12 6 11 4 10 14 
13 18 12 17 11 16 10 15 14 
13 18 12 17 11 16 10 15 14 
14 15 12 14 10 13 9 12 14 
14 15 12 14 10 13 9 12 14 
14 16 12 15 11 14 10 13 14 
13 13 9 12 6 11 4 10 14 
14 14 10 13 9 12 8 11 14 
13 13 9 12 7 11 5 10 14 
13 16 12 15 11 14 10 13 14 
13 17 12 16 11 15 10 14 14 
13 17 12 16 11 15 10 14 14 
14 15 12 14 10 13 9 12 14 
14 15 12 14 10 13 8 12 14 
13 13 11 12 9 11 7 10 14 
13 14 8 13 4 12 3 11 14 
14 15 12 14 10 13 9 12 14 
14 14 10 13 8 12 7 11 14 
14 15 12 14 10 13 8 12 14 
SCORES_TXT_END_0
SCORES_TXT_BEGIN_0 211 100 9 BLEU
5 5 4 4 3 3 2 2 5 
4 5 3 4 2 3 1 2 5 
4 5 2 4 1 3 0 2 5 
4 9 3 8 2 7 1 6 5 
4 9 3 8 2 7 1 6 5 
5 7 3 6 2 5 1 4 5 
4 7 3 6 2 5 1 4 5 
4 8 3 7 2 6 1 5 5 
4 8 3 7 2 6 1 5 5 
3 5 2 4 1 3 0 2 5 
5 6 3 5 2 4 1 3 5 
3 9 2 8 1 7 0 6 5 
3 9 2 8 1 7 0 6 5 
4 6 3 5 2 4 1 3 5 
4 7 2 6 1 5 0 4 5 
3 7 2 6 1 5 0 4 5 
3 8 2 7 1 6 0 5 5 
3 8 2 7 1 6 0 5 5 
4 5 2 4 1 3 0 2 5 
5 5 2 4 1 3 0 2 5 
4 5 2 4 1 3 0 2 5 
4 6 2 5 1 4 0 3 5 
5 5 2 4 1 3 0 2 5 
3 6 2 5 1 4 0 3 5 
3 5 2 4 1 3 0 2 5 
4 5 2 4 1 3 0 2 5 
5 5 3 4 2 3 1 2 5 
3 5 2 4 1 3 0 2 5 
4 5 2 4 1 3 0 2 5 
3 7 2 6 1 5 0 4 5 
4 7 2 6 1 5 0 4 5 
4 5 3 4 2 3 1 2 5 
4 7 2 6 1 5 0 4 5 
5 7 2 6 1 5 0 4 5 
3 9 2 8 1 7 0 6 5 
4 9 2 8 1 7 0 6 5 
3 9 2 8 1 7 0 6 5 
4 9 2 8 1 7 0 6 5 
4 7 2 6 1 5 0 4 5 
5 7 2 6 1 5 0 4 5 
3 7 2 6 1 5 0 4 5 
3 8 2 7 1 6 0 5 5 
4 8 2 7 1 6 0 5 5 
3 8 2 7 1 6 0 5 5 
4 8 2 7 1 6 0 5 5 
4 7 2 6 1 5 0 4 5 
5 6 3 5 2 4 1 3 5 
3 6 2 5 1 4 0 3 5 
4 6 2 5 1 4 0 3 5 
4 6 2 5 1 4 0 3 5 
4 5 2 4 1 3 0 2 5 
5 6 2 5 1 4 0 3 5 
4 5 2 4 1 3 0 2 5 
5 7 3 6 2 5 1 4 5 
3 9 2 8 1 7 0 6 5 
4 6 2 5 1 4 0 3 5 
3 9 2 8 1 7 0 6 5 
5 6 2 5 1 4 0 3 5 
3 8 2 7 1 6 0 5 5 
3 8 2 7 1 6 0 5 5 
4 9 2 8 1 7 0 6 5 
4 9 2 8 1 7 0 6 5 
4 7 3 6 2 5 1 4 5 
4 5 2 4 1 3 0 2 5 
5 5 2 4 1 3 0 2 5 
4 8 2 7 1 6 0 5 5 
5 5 3 4 1 3 0 2 5 
4 8 2 7 1 6 0 5 5 
3 5 2 4 1 3 0 2 5 
3 5 2 4 1 3 0 2 5 
4 6 3 5 2 4 1 3 5 
3 6 2 5 1 4 0 3 5 
4 5 2 4 1 3 0 2 5 
3 5 2 4 1 3 0 2 5 
4 5 2 4 1 3 0 2 5 
4 6 2 5 1 4 0 3 5 
4 9 3 8 2 7 1 6 5 
4 9 3 8 2 7 1 6 5 
4 8 3 7 2 6 1 5 5 
4 8 3 7 2 6 1 5 5 
4 6 2 5 1 4 0 3 5 
5 7 2 6 1 5 0 4 5 
4 6 2 5 1 4 0 3 5 
5 6 2 5 1 4 0 3 5 
4 7 2 6 1 5 0 4 5 
4 7 2 6 1 5 0 4 5 
3 7 2 6 1 5 0 4 5 
4 7 2 6 1 5 0 4 5 
5 7 2 6 1 5 0 4 5 
3 6 2 5 1 4 0 3 5 
3 7 2 6 1 5 0 4 5 
4 7 2 6 1 5 0 4 5 
3 6 2 5 1 4 0 3 5 
4 6 2 5 1 4 0 3 5 
3 9 2 8 1 7 0 6 5 
3 9 2 8 1 7 0 6 5 
3 8 2 7 1 6 0 5 5 
3 8 2 7 1 6 0 5 5 
4 6 2 5 1 4 0 3 5 
5 6 2 5 1 4 0 3 5 
SCORES_TXT_END_0
SCORES_TXT_BEGIN_0 212 100 9 BLEU
7 10 4 9 2 8 1 7 8 
7 10 4 9 2 8 1 7 8 
7 10 4 9 2 8 1 7 8 
7 10 4 9 2 8 1 7 8 
7 10 4 9 2 8 1 7 8 
7 10 4 9 2 8 1 7 8 
7 10 4 9 2 8 1 7 8 
7 10 4 9 2 8 1 7 8 
7 10 4 9 2 8 1 7 8 
7 10 4 9 2 8 1 7 8 
7 10 4 9 2 8 1 7 8 
7 14 3 13 1 12 0 11 8 
7 14 3 13 1 12 0 11 8 
7 10 4 9 2 8 1 7 8 
7 14 3 13 1 12 0 11 8 
7 14 3 13 1 12 0 11 8 
7 10 4 9 2 8 1 7 8 
7 10 4 9 2 8 1 7 8 
7 10 3 9 2 8 1 7 8 
7 10 3 9 2 8 1 7 8 
7 10 4 9 2 8 1 7 8 
7 14 3 13 1 12 0 11 8 
7 14 3 13 1 12 0 11 8 
7 10 4 9 2 8 1 7 8 
7 10 4 9 2 8 1 7 8 
7 10 4 9 2 8 1 7 8 
7 14 3 13 1 12 0 11 8 
7 14 3 13 1 12 0 11 8 
7 12 4 11 2 10 1 9 8 
7 14 3 13 1 12 0 11 8 
7 12 4 11 2 10 1 9 8 
7 14 3 13 1 12 0 11 8 
7 11 4 10 2 9 1 8 8 
7 10 3 9 2 8 1 7 8 
7 11 4 10 2 9 1 8 8 
7 10 3 9 2 8 1 7 8 
7 10 3 9 2 8 1 7 8 
7 10 3 9 2 8 1 7 8 
7 14 3 13 1 12 0 11 8 
7 12 4 11 2 10 1 9 8 
7 12 4 11 2 10 1 9 8 
7 12 4 11 2 10 1 9 8 
7 14 3 13 1 12 0 11 8 
7 12 4 11 2 10 1 9 8 
6 10 3 9 2 8 1 7 8 
6 10 3 9 2 8 1 7 8 
7 10 3 9 2 8 1 7 8 
7 10 3 9 2 8 1 7 8 
7 12 4 11 2 10 1 9 8 
7 12 4 11 2 10 1 9 8 
7 14 2 13 1 12 0 11 8 
7 14 2 13 1 12 0 11 8 
7 12 3 11 1 10 0 9 8 
7 12 3 11 1 10 0 9 8 
7 14 2 13 1 12 0 11 8 
7 14 2 13 1 12 0 11 8 
7 14 3 13 1 12 0 11 8 
7 14 3 13 1 12 0 11 8 
7 11 4 10 2 9 1 8 8 
7 11 4 10 2 9 1 8 8 
7 14 3 13 1 12 0 11 8 
6 10 3 9 2 8 1 7 8 
7 14 3 13 1 12 0 11 8 
6 10 3 9 2 8 1 7 8 
6 10 3 9 2 8 1 7 8 
6 10 3 9 2 8 1 7 8 
7 10 3 9 2 8 1 7 8 
7 10 3 9 2 8 1 7 8 
7 10 3 9 2 8 1 7 8 
7 12 4 11 2 10 1 9 8 
7 10 3 9 2 8 1 7 8 
7 12 4 11 2 10 1 9 8 
6 10 3 9 2 8 1 7 8 
6 10 3 9 2 8 1 7 8 
7 12 3 11 1 10 0 9 8 
7 12 4 11 2 10 1 9 8 
7 10 3 9 2 8 1 7 8 
7 12 3 11 1 10 0 9 8 
7 10 3 9 2 8 1 7 8 
6 14 2 13 1 12 0 11 8 
7 12 4 11 2 10 1 9 8 
6 14 2 13 1 12 0 11 8 
7 10 4 9 2 8 1 7 8 
7 10 4 9 2 8 1 7 8 
7 11 4 10 2 9 1 8 8 
7 14 2 13 1 12 0 11 8 
6 14 2 13 1 12 0 11 8 
7 14 2 13 1 12 0 11 8 
7 11 4 10 2 9 1 8 8 
7 12 4 11 2 10 1 9 8 
6 14 2 13 1 12 0 11 8 
7 12 4 11 2 10 1 9 8 
7 10 3 9 2 8 1 7 8 
7 14 3 13 1 12 0 11 8 
7 14 2 13 1 12 0 11 8 
7 10 3 9 2 8 1 7 8 
7 10 3 9 2 8 1 7 8 
7 12 3 11 1 10 0 9 8 
7 14 2 13 1 12 0 11 8 
7 14 3 13 1 12 0 11 8 
SCORES_TXT_END_0
SCORES_TXT_BEGIN_0 213 33 9 BLEU
15 15 14 14 13 13 12 12 15 
14 15 12 14 10 13 8 12 15 
14 19 13 18 12 17 11 16 15 
13 19 11 18 9 17 7 16 15 
14 19 13 18 12 17 11 16 15 
15 19 13 18 12 17 11 16 15 
15 19 13 18 12 17 11 16 15 
14 15 13 14 12 13 11 12 15 
15 15 12 14 9 13 8 12 15 
14 19 11 18 9 17 7 16 15 
13 19 11 18 9 17 7 16 15 
14 19 11 18 9 17 7 16 15 
13 14 11 13 10 12 9 11 15 
13 15 11 14 9 13 7 12 15 
14 15 10 14 6 13 4 12 15 
15 17 13 16 12 15 11 14 15 
14 15 13 14 12 13 11 12 15 
15 16 13 15 11 14 9 13 15 
14 17 13 16 12 15 11 14 15 
12 14 9 13 7 12 5 11 15 
13 15 11 14 9 13 7 12 15 
14 17 11 16 9 15 8 14 15 
15 16 13 15 12 14 11 13 15 
14 15 11 14 9 13 8 12 15 
14 16 11 15 8 14 6 13 15 
14 17 11 16 9 15 7 14 15 
13 19 12 18 11 17 10 16 15 
15 17 11 16 9 15 8 14 15 
13 17 9 16 6 15 4 14 15 
13 17 11 16 9 15 7 14 15 
13 14 11 13 10 12 9 11 15 
13 15 9 14 6 13 4 12 15 
14 16 11 15 9 14 7 13 15 
SCORES_TXT_END_0
SCORES_TXT_BEGIN_0 214 100 9 BLEU
6 6 4 5 3 4 2 3 8 
8 8 7 7 6 6 5 5 8 
7 8 6 7 5 6 4 5 8 
8 9 6 8 4 7 2 6 8 
7 9 5 8 3 7 2 6 8 
5 6 4 5 3 4 2 3 8 
7 10 5 9 3 8 2 7 8 
7 10 5 9 3 8 2 7 8 
8 10 6 9 4 8 2 7 8 
8 10 6 9 4 8 2 7 8 
7 11 5 10 3 9 2 8 8 
7 11 5 10 3 9 2 8 8 
5 7 4 6 3 5 2 4 8 
6 7 4 6 3 5 2 4 8 
8 11 6 10 4 9 2 8 8 
8 11 6 10 4 9 2 8 8 
7 9 5 8 3 7 2 6 8 
7 9 5 8 3 7 2 6 8 
7 7 5 6 3 5 2 4 8 
8 9 6 8 4 7 2 6 8 
8 9 6 8 4 7 2 6 8 
7 12 6 11 5 10 4 9 8 
7 12 6 11 5 10 4 9 8 
7 10 5 9 3 8 2 7 8 
7 7 3 6 1 5 0 4 8 
6 7 4 6 3 5 2 4 8 
7 10 5 9 3 8 2 7 8 
8 10 7 9 6 8 4 7 8 
8 9 6 8 4 7 2 6 8 
7 9 5 8 3 7 1 6 8 
8 10 6 9 4 8 2 7 8 
7 10 6 9 5 8 4 7 8 
8 10 6 9 4 8 2 7 8 
7 7 3 6 1 5 0 4 8 
6 6 2 5 1 4 0 3 8 
7 11 6 10 5 9 4 8 8 
7 13 5 12 3 11 2 10 8 
8 9 6 8 4 7 2 6 8 
7 13 5 12 3 11 2 10 8 
7 11 6 10 5 9 4 8 8 
6 7 4 6 3 5 2 4 8 
7 9 5 8 3 7 2 6 8 
8 10 6 9 4 8 2 7 8 
8 8 4 7 2 6 0 5 8 
7 8 4 7 3 6 2 5 8 
7 8 5 7 3 6 2 5 8 
7 9 5 8 3 7 2 6 8 
7 7 5 6 4 5 3 4 8 
7 10 5 9 3 8 2 7 8 
8 11 6 10 4 9 2 8 8 
5 6 2 5 0 4 0 3 8 
8 10 5 9 2 8 0 7 8 
7 10 4 9 1 8 0 7 8 
7 11 5 10 3 9 2 8 8 
7 8 5 7 3 6 2 5 8 
7 12 5 11 3 10 2 9 8 
8 8 4 7 3 6 2 5 8 
7 12 5 11 3 10 2 9 8 
8 8 4 7 2 6 1 5 8 
8 8 5 7 3 6 1 5 8 
7 8 4 7 2 6 0 5 8 
7 7 4 6 3 5 2 4 8 
6 8 4 7 2 6 1 5 8 
7 7 4 6 3 5 2 4 8 
7 8 3 7 1 6 0 5 8 
7 10 5 9 3 8 2 7 8 
7 8 4 7 2 6 0 5 8 
6 6 1 5 0 4 0 3 8 
6 6 2 5 1 4 0 3 8 
5 6 2 5 1 4 0 3 8 
7 7 4 6 3 5 2 4 8 
7 7 3 6 1 5 0 4 8 
8 8 4 7 2 6 0 5 8 
7 8 4 7 2 6 0 5 8 
6 8 4 7 3 6 2 5 8 
8 8 5 7 3 6 1 5 8 
8 9 7 8 5 7 4 6 8 
7 7 3 6 1 5 0 4 8 
6 6 2 5 1 4 0 3 8 
7 11 5 10 3 9 2 8 8 
5 7 4 6 3 5 2 4 8 
7 9 4 8 1 7 0 6 8 
8 9 6 8 4 7 2 6 8 
7 11 5 10 3 9 2 8 8 
7 14 5 13 3 12 2 11 8 
8 9 5 8 2 7 0 6 8 
7 14 5 13 3 12 2 11 8 
7 7 3 6 2 5 1 4 8 
7 10 4 9 2 8 0 7 8 
7 14 5 13 3 12 2 11 8 
7 11 4 10 1 9 0 8 8 
7 14 5 13 3 12 2 11 8 
8 11 5 10 2 9 0 8 8 
7 11 4 10 1 9 0 8 8 
8 8 3 7 1 6 0 5 8 
7 7 3 6 1 5 0 4 8 
8 11 5 10 2 9 0 8 8 
7 8 3 7 1 6 0 5 8 
6 9 3 8 0 7 0 6 8 
8 9 4 8 3 7 2 6 8 
SCORES_TXT_END_0
SCORES_TXT_BEGIN_0 215 30 9 BLEU
11 11 10 10 9 9 8 8 11 
11 11 8 10 5 9 4 8 11 
11 11 7 10 5 9 4 8 11 
10 15 9 14 8 13 7 12 11 
11 13 7 12 5 11 4 10 11 
10 15 9 14 8 13 7 12 11 
10 15 7 14 5 13 4 12 11 
10 13 7 12 5 11 4 10 11 
10 13 7 12 5 11 4 10 11 
11 13 9 12 8 11 7 10 11 
10 15 7 14 5 13 4 12 11 
11 15 9 14 8 13 7 12 11 
10 11 7 10 5 9 4 8 11 
10 11 9 10 8 9 7 8 11 
10 11 7 10 5 9 4 8 11 
11 13 7 12 5 11 4 10 11 
11 15 9 14 8 13 7 12 11 
11 15 7 14 5 13 4 12 11 
10 13 9 12 8 11 7 10 11 
11 15 7 14 5 13 4 12 11 
10 15 7 14 5 13 4 12 11 
10 15 7 14 5 13 4 12 11 
11 15 7 14 5 13 4 12 11 
10 11 8 10 7 9 6 8 11 
10 13 8 12 7 11 6 10 11 
10 11 6 10 5 9 4 8 11 
11 12 9 11 7 10 5 9 11 
10 12 8 11 7 10 6 9 11 
11 12 9 11 7 10 6 9 11 
11 12 9 11 8 10 7 9 11 
SCORES_TXT_END_0
SCORES_TXT_BEGIN_0 216 88 9 BLEU
12 13 10 12 9 11 8 10 16 
12 14 10 13 9 12 8 11 16 
13 13 10 12 9 11 8 10 16 
13 14 10 13 9 12 8 11 16 
16 17 15 16 14 15 13 14 16 
15 17 13 16 11 15 9 14 16 
13 15 11 14 9 13 8 12 16 
12 13 9 12 7 11 5 10 16 
10 12 8 11 7 10 6 9 16 
12 13 8 12 6 11 5 10 16 
13 14 11 13 9 12 8 11 16 
14 15 12 14 10 13 8 12 16 
13 14 10 13 9 12 8 11 16 
10 12 8 11 7 10 6 9 16 
14 15 10 14 7 13 5 12 16 
12 13 10 12 9 11 8 10 16 
14 14 10 13 9 12 8 11 16 
13 15 10 14 9 13 8 12 16 
16 18 15 17 14 16 13 15 16 
13 14 11 13 10 12 9 11 16 
13 13 8 12 6 11 5 10 16 
15 18 13 17 11 16 9 15 16 
13 15 10 14 9 13 8 12 16 
13 15 9 14 6 13 5 12 16 
13 14 10 13 7 12 5 11 16 
13 14 9 13 7 12 5 11 16 
12 14 10 13 9 12 8 11 16 
13 16 11 15 9 14 8 13 16 
12 14 10 13 9 12 8 11 16 
16 18 15 17 14 16 13 15 16 
10 13 8 12 7 11 6 10 16 
15 18 13 17 11 16 9 15 16 
12 13 9 12 7 11 5 10 16 
12 14 8 13 6 12 5 11 16 
13 15 10 14 9 13 8 12 16 
12 14 10 13 9 12 8 11 16 
15 17 11 16 8 15 6 14 16 
11 12 8 11 7 10 6 9 16 
16 17 12 16 9 15 7 14 16 
11 13 8 12 7 11 6 10 16 
14 15 10 14 7 13 5 12 16 
14 16 12 15 10 14 8 13 16 
13 13 9 12 7 11 5 10 16 
12 15 10 14 9 13 8 12 16 
10 13 8 12 7 11 6 10 16 
13 16 11 15 9 14 8 13 16 
13 14 9 13 7 12 5 11 16 
14 15 12 14 10 13 8 12 16 
14 14 11 13 9 12 8 11 16 
15 16 13 15 11 14 9 13 16 
13 15 11 14 9 13 8 12 16 
12 14 10 13 9 12 8 11 16 
15 17 10 16 7 15 5 14 16 
13 14 9 13 7 12 6 11 16 
11 12 8 11 7 10 6 9 16 
12 14 10 13 9 12 8 11 16 
14 16 11 15 9 14 8 13 16 
11 13 8 12 7 11 6 10 16 
13 14 9 13 7 12 5 11 16 
13 15 11 14 9 13 8 12 16 
13 14 8 13 6 12 5 11 16 
12 14 10 13 9 12 8 11 16 
11 13 8 12 6 11 5 10 16 
13 16 11 15 9 14 8 13 16 
14 16 12 15 10 14 8 13 16 
14 16 10 15 7 14 5 13 16 
15 16 13 15 11 14 9 13 16 
12 14 10 13 9 12 8 11 16 
13 14 10 13 9 12 8 11 16 
13 15 11 14 9 13 8 12 16 
11 13 8 12 7 11 6 10 16 
14 16 12 15 10 14 8 13 16 
14 14 11 13 10 12 9 11 16 
13 15 10 14 9 13 8 12 16 
13 15 10 14 9 13 8 12 16 
16 17 14 16 12 15 10 14 16 
13 15 11 14 9 13 8 12 16 
11 13 8 12 7 11 6 10 16 
14 15 11 14 8 13 6 12 16 
11 13 8 12 6 11 5 10 16 
13 15 11 14 10 13 9 12 16 
13 13 10 12 9 11 8 10 16 
12 14 10 13 9 12 8 11 16 
11 14 10 13 9 12 8 11 16 
13 15 11 14 9 13 8 12 16 
10 12 7 11 6 10 5 9 16 
15 17 12 16 9 15 6 14 16 
13 14 8 13 6 12 5 11 16 
SCORES_TXT_END_0
SCORES_TXT_BEGIN_0 217 100 9 BLEU
10 11 9 10 8 9 7 8 11 
9 11 7 10 5 9 4 8 11 
11 11 10 10 9 9 8 8 11 
10 11 8 10 6 9 4 8 11 
8 9 6 8 4 7 3 6 11 
9 9 7 8 5 7 3 6 11 
10 13 9 12 8 11 7 10 11 
9 10 7 9 5 8 4 7 11 
9 13 7 12 5 11 4 10 11 
11 13 10 12 9 11 7 10 11 
8 10 6 9 4 8 3 7 11 
8 10 6 9 4 8 3 7 11 
10 10 8 9 6 8 4 7 11 
10 13 8 12 6 11 4 10 11 
9 10 7 9 5 8 3 7 11 
9 10 8 9 7 8 6 7 11 
7 8 5 7 4 6 3 5 11 
11 12 10 11 9 10 8 9 11 
8 10 6 9 5 8 4 7 11 
7 8 5 7 4 6 3 5 11 
10 12 8 11 6 10 4 9 11 
9 10 7 9 5 8 3 7 11 
9 10 7 9 5 8 3 7 11 
8 11 6 10 4 9 3 8 11 
10 13 8 12 6 11 5 10 11 
10 10 8 9 6 8 4 7 11 
9 11 7 10 5 9 3 8 11 
10 13 9 12 8 11 6 10 11 
10 12 9 11 8 10 7 9 11 
9 12 7 11 5 10 4 9 11 
9 13 7 12 5 11 4 10 11 
7 8 5 7 4 6 3 5 11 
10 13 9 12 7 11 5 10 11 
10 12 8 11 6 10 5 9 11 
10 15 9 14 8 13 7 12 11 
10 12 8 11 6 10 5 9 11 
11 13 9 12 7 11 5 10 11 
10 15 9 14 8 13 7 12 11 
9 12 7 11 5 10 4 9 11 
11 13 10 12 9 11 7 10 11 
10 12 9 11 7 10 5 9 11 
9 12 7 11 5 10 4 9 11 
11 15 10 14 9 13 7 12 11 
9 12 7 11 5 10 4 9 11 
11 15 10 14 9 13 8 12 11 
10 13 8 12 6 11 4 10 11 
10 10 8 9 7 8 6 7 11 
9 15 7 14 5 13 4 12 11 
10 12 9 11 7 10 5 9 11 
8 8 5 7 4 6 3 5 11 
11 13 10 12 8 11 6 10 11 
11 14 10 13 9 12 7 11 11 
10 15 9 14 7 13 5 12 11 
9 10 7 9 5 8 3 7 11 
10 12 8 11 6 10 4 9 11 
10 15 8 14 6 13 4 12 11 
11 15 10 14 8 13 6 12 11 
11 14 10 13 9 12 8 11 11 
9 10 6 9 5 8 4 7 11 
10 14 8 13 6 12 4 11 11 
10 14 9 13 8 12 7 11 11 
11 14 9 13 7 12 5 11 11 
11 12 9 11 7 10 5 9 11 
11 12 10 11 8 10 6 9 11 
9 10 7 9 5 8 3 7 11 
10 14 9 13 8 12 7 11 11 
11 12 9 11 7 10 5 9 11 
11 13 10 12 9 11 8 10 11 
9 11 7 10 5 9 4 8 11 
8 10 6 9 4 8 3 7 11 
10 12 8 11 6 10 4 9 11 
10 14 9 13 8 12 7 11 11 
10 12 8 11 6 10 4 9 11 
9 14 7 13 5 12 4 11 11 
11 12 10 11 8 10 6 9 11 
10 12 8 11 6 10 4 9 11 
10 12 8 11 6 10 4 9 11 
7 9 5 8 4 7 3 6 11 
10 13 8 12 6 11 4 10 11 
9 14 7 13 5 12 4 11 11 
11 12 10 11 8 10 6 9 11 
10 12 9 11 8 10 7 9 11 
9 10 7 9 6 8 5 7 11 
11 12 9 11 7 10 5 9 11 
10 14 8 13 6 12 4 11 11 
10 13 7 12 5 11 3 10 11 
11 13 9 12 7 11 5 10 11 
8 9 5 8 4 7 3 6 11 
8 8 6 7 4 6 3 5 11 
8 9 6 8 5 7 4 6 11 
11 14 10 13 9 12 7 11 11 
8 10 6 9 5 8 4 7 11 
11 12 10 11 8 10 7 9 11 
9 12 7 11 5 10 4 9 11 
9 10 7 9 5 8 3 7 11 
9 12 7 11 5 10 3 9 11 
10 12 8 11 6 10 4 9 11 
11 13 10 12 9 11 8 10 11 
10 13 9 12 8 11 7 10 11 
9 13 7 12 5 11 4 10 11 
SCORES_TXT_END_0
SCORES_TXT_BEGIN_0 218 100 9 BLEU
8 8 7 7 6 6 5 5 8 
7 8 5 7 3 6 1 5 8 
8 9 6 8 4 7 2 6 8 
7 8 5 7 3 6 1 5 8 
7 9 4 8 2 7 0 6 8 
7 9 4 8 2 7 0 6 8 
7 8 5 7 3 6 2 5 8 
7 9 4 8 1 7 0 6 8 
6 8 4 7 2 6 1 5 8 
6 8 4 7 2 6 1 5 8 
6 9 3 8 1 7 0 6 8 
6 9 3 8 1 7 0 6 8 
8 10 6 9 5 8 4 7 8 
7 8 5 7 3 6 2 5 8 
7 10 4 9 2 8 0 7 8 
7 9 4 8 1 7 0 6 8 
8 11 5 10 3 9 2 8 8 
8 9 6 8 5 7 4 6 8 
7 9 4 8 2 7 0 6 8 
8 10 5 9 3 8 2 7 8 
7 10 4 9 2 8 0 7 8 
7 9 4 8 2 7 0 6 8 
8 12 6 11 5 10 4 9 8 
7 12 4 11 2 10 0 9 8 
8 12 6 11 5 10 4 9 8 
7 12 4 11 2 10 0 9 8 
6 8 4 7 2 6 1 5 8 
6 8 4 7 2 6 1 5 8 
7 8 4 7 2 6 0 5 8 
6 8 4 7 2 6 1 5 8 
8 13 5 12 3 11 2 10 8 
8 13 5 12 3 11 2 10 8 
7 11 3 10 1 9 0 8 8 
6 8 4 7 2 6 1 5 8 
7 12 4 11 2 10 0 9 8 
7 12 4 11 2 10 0 9 8 
7 11 3 10 1 9 0 8 8 
7 10 3 9 1 8 0 7 8 
7 8 5 7 3 6 2 5 8 
7 10 4 9 2 8 1 7 8 
7 7 5 6 3 5 1 4 8 
7 10 3 9 1 8 0 7 8 
7 9 4 8 1 7 0 6 8 
7 11 3 10 0 9 0 8 8 
6 9 3 8 1 7 0 6 8 
8 9 6 8 5 7 4 6 8 
7 9 4 8 2 7 0 6 8 
7 9 4 8 2 7 1 6 8 
6 9 3 8 1 7 0 6 8 
8 11 6 10 5 9 4 8 8 
7 11 4 10 2 9 0 8 8 
8 10 5 9 3 8 2 7 8 
7 13 3 12 1 11 0 10 8 
7 13 3 12 1 11 0 10 8 
7 10 3 9 0 8 0 7 8 
6 10 3 9 1 8 0 7 8 
6 9 3 8 1 7 0 6 8 
6 8 3 7 1 6 0 5 8 
8 12 5 11 3 10 2 9 8 
7 13 3 12 1 11 0 10 8 
6 10 3 9 1 8 0 7 8 
7 13 3 12 1 11 0 10 8 
7 9 4 8 2 7 0 6 8 
6 9 3 8 1 7 0 6 8 
6 9 3 8 1 7 0 6 8 
7 9 5 8 3 7 1 6 8 
8 11 6 10 5 9 4 8 8 
7 11 4 10 2 9 0 8 8 
7 11 4 10 2 9 0 8 8 
7 12 4 11 2 10 1 9 8 
7 12 4 11 2 10 1 9 8 
6 9 3 8 1 7 0 6 8 
8 12 5 11 3 10 2 9 8 
7 13 3 12 0 11 0 10 8 
7 13 3 12 0 11 0 10 8 
6 7 4 6 2 5 1 4 8 
7 8 5 7 3 6 2 5 8 
7 11 4 10 2 9 0 8 8 
7 10 3 9 1 8 0 7 8 
6 12 3 11 1 10 0 9 8 
6 12 3 11 1 10 0 9 8 
6 8 3 7 1 6 0 5 8 
6 11 2 10 0 9 0 8 8 
7 8 6 7 5 6 4 5 8 
6 8 4 7 2 6 0 5 8 
7 12 3 11 1 10 0 9 8 
6 8 3 7 1 6 0 5 8 
6 12 3 11 1 10 0 9 8 
6 12 3 11 1 10 0 9 8 
7 10 3 9 1 8 0 7 8 
7 9 5 8 3 7 2 6 8 
8 9 4 8 1 7 0 6 8 
7 8 5 7 4 6 3 5 8 
6 10 2 9 0 8 0 7 8 
6 8 3 7 1 6 0 5 8 
7 12 3 11 1 10 0 9 8 
7 9 4 8 2 7 1 6 8 
7 9 3 8 1 7 0 6 8 
7 9 4 8 2 7 0 6 8 
6 11 2 10 0 9 0 8 8 
SCORES_TXT_END_0
SCORES_TXT_BEGIN_0 219 100 9 BLEU
12 12 9 11 8 10 7 9 13 
12 13 8 12 6 11 5 10 13 
12 13 9 12 8 11 7 10 13 
13 14 12 13 11 12 10 11 13 
13 13 9 12 8 11 7 10 13 
13 15 11 14 9 13 7 12 13 
12 14 8 13 6 12 5 11 13 
13 13 10 12 8 11 7 10 13 
13 15 12 14 11 13 10 12 13 
11 11 7 10 6 9 5 8 13 
13 14 8 13 6 12 5 11 13 
13 15 12 14 11 13 10 12 13 
12 12 9 11 8 10 7 9 13 
13 16 11 15 9 14 7 13 13 
13 14 9 13 8 12 7 11 13 
13 14 9 13 6 12 5 11 13 
13 16 11 15 9 14 7 13 13 
12 13 9 12 8 11 7 10 13 
13 16 11 15 9 14 7 13 13 
13 16 11 15 9 14 7 13 13 
11 12 6 11 4 10 3 9 13 
12 12 8 11 6 10 5 9 13 
12 13 9 12 8 11 7 10 13 
12 13 9 12 8 11 7 10 13 
13 15 12 14 11 13 10 12 13 
11 12 7 11 6 10 5 9 13 
13 15 10 14 8 13 7 12 13 
13 15 10 14 8 13 7 12 13 
13 13 8 12 6 11 4 10 13 
12 13 8 12 6 11 5 10 13 
12 13 10 12 9 11 8 10 13 
12 13 9 12 8 11 7 10 13 
13 14 9 13 8 12 7 11 13 
12 12 8 11 6 10 5 9 13 
12 13 8 12 6 11 5 10 13 
12 12 8 11 7 10 6 9 13 
13 14 10 13 8 12 7 11 13 
12 13 9 12 8 11 7 10 13 
12 13 9 12 8 11 7 10 13 
11 11 7 10 6 9 5 8 13 
13 14 10 13 8 12 7 11 13 
12 12 7 11 6 10 5 9 13 
11 13 9 12 8 11 7 10 13 
13 14 10 13 8 12 7 11 13 
13 15 8 14 6 13 5 12 13 
12 13 9 12 8 11 7 10 13 
13 16 11 15 9 14 7 13 13 
12 13 8 12 6 11 5 10 13 
12 13 9 12 8 11 7 10 13 
13 14 12 13 11 12 10 11 13 
12 14 8 13 6 12 5 11 13 
12 12 8 11 7 10 6 9 13 
13 13 9 12 6 11 5 10 13 
12 13 9 12 8 11 7 10 13 
12 13 8 12 6 11 5 10 13 
13 13 9 12 7 11 6 10 13 
13 14 10 13 8 12 7 11 13 
13 14 10 13 8 12 7 11 13 
12 12 8 11 6 10 5 9 13 
12 14 9 13 7 12 5 11 13 
13 16 12 15 11 14 10 13 13 
12 14 8 13 6 12 5 11 13 
13 17 10 16 7 15 5 14 13 
13 17 10 16 7 15 5 14 13 
13 17 11 16 9 15 7 14 13 
12 13 9 12 8 11 7 10 13 
12 14 9 13 8 12 7 11 13 
13 17 11 16 9 15 7 14 13 
13 14 9 13 8 12 7 11 13 
12 14 8 13 6 12 5 11 13 
12 12 8 11 6 10 5 9 13 
12 13 8 12 6 11 5 10 13 
13 14 10 13 7 12 5 11 13 
12 14 8 13 6 12 5 11 13 
12 13 9 12 8 11 7 10 13 
13 15 11 14 9 13 7 12 13 
12 14 8 13 6 12 5 11 13 
13 14 10 13 8 12 7 11 13 
12 13 9 12 8 11 7 10 13 
13 15 9 14 8 13 7 12 13 
12 13 9 12 7 11 6 10 13 
11 11 7 10 6 9 5 8 13 
12 14 8 13 6 12 5 11 13 
13 13 8 12 7 11 6 10 13 
11 13 6 12 4 11 3 10 13 
13 15 9 14 8 13 7 12 13 
13 16 9 15 6 14 5 13 13 
13 14 9 13 8 12 7 11 13 
12 14 9 13 8 12 7 11 13 
13 16 9 15 6 14 5 13 13 
12 14 9 13 8 12 7 11 13 
13 15 11 14 9 13 7 12 13 
11 13 9 12 8 11 7 10 13 
12 13 9 12 8 11 7 10 13 
12 14 8 13 6 12 5 11 13 
13 14 9 13 8 12 7 11 13 
12 14 8 13 6 12 5 11 13 
13 17 11 16 9 15 7 14 13 
12 14 8 13 6 12 5 11 13 
13 14 9 13 8 12 7 11 13 
SCORES_TXT_END_0
SCORES_TXT_BEGIN_0 220 24 9 BLEU
4 4 3 3 2 2 1 1 4 
4 6 2 5 1 4 0 3 4 
4 5 2 4 1 3 0 2 4 
4 8 2 7 1 6 0 5 4 
4 8 2 7 1 6 0 5 4 
4 5 2 4 1 3 0 2 4 
4 7 2 6 1 5 0 4 4 
4 7 2 6 1 5 0 4 4 
3 4 2 3 1 2 0 1 4 
4 5 2 4 1 3 0 2 4 
3 5 2 4 1 3 0 2 4 
3 5 2 4 1 3 0 2 4 
4 4 2 3 1 2 0 1 4 
3 4 2 3 1 2 0 1 4 
3 5 2 4 1 3 0 2 4 
3 5 2 4 1 3 0 2 4 
4 5 2 4 1 3 0 2 4 
4 6 2 5 1 4 0 3 4 
4 5 2 4 1 3 0 2 4 
4 5 2 4 1 3 0 2 4 
4 8 2 7 1 6 0 5 4 
4 8 2 7 1 6 0 5 4 
4 7 2 6 1 5 0 4 4 
4 7 2 6 1 5 0 4 4 
SCORES_TXT_END_0
SCORES_TXT_BEGIN_0 221 100 9 BLEU
5 5 4 4 3 3 2 2 5 
4 9 3 8 2 7 1 6 5 
4 9 3 8 2 7 1 6 5 
4 5 3 4 2 3 1 2 5 
5 7 3 6 2 5 1 4 5 
4 7 3 6 2 5 1 4 5 
4 8 3 7 2 6 1 5 5 
4 8 3 7 2 6 1 5 5 
4 5 2 4 0 3 0 2 5 
5 6 3 5 2 4 1 3 5 
4 6 3 5 2 4 1 3 5 
5 5 1 4 0 3 0 2 5 
4 5 1 4 0 3 0 2 5 
3 5 1 4 0 3 0 2 5 
3 5 1 4 0 3 0 2 5 
3 7 1 6 0 5 0 4 5 
4 5 1 4 0 3 0 2 5 
4 7 1 6 0 5 0 4 5 
3 9 1 8 0 7 0 6 5 
3 9 1 8 0 7 0 6 5 
5 5 2 4 1 3 0 2 5 
3 9 1 8 0 7 0 6 5 
3 9 1 8 0 7 0 6 5 
5 5 2 4 1 3 0 2 5 
4 7 1 6 0 5 0 4 5 
4 5 2 4 1 3 0 2 5 
4 7 1 6 0 5 0 4 5 
3 7 1 6 0 5 0 4 5 
3 8 1 7 0 6 0 5 5 
5 5 2 4 0 3 0 2 5 
4 9 1 8 0 7 0 6 5 
4 9 1 8 0 7 0 6 5 
3 8 1 7 0 6 0 5 5 
5 7 1 6 0 5 0 4 5 
4 8 1 7 0 6 0 5 5 
4 8 1 7 0 6 0 5 5 
4 5 2 4 1 3 0 2 5 
4 7 2 6 1 5 0 4 5 
5 5 2 4 0 3 0 2 5 
5 5 3 4 2 3 1 2 5 
4 6 1 5 0 4 0 3 5 
3 8 1 7 0 6 0 5 5 
3 8 1 7 0 6 0 5 5 
4 5 3 4 2 3 1 2 5 
5 6 1 5 0 4 0 3 5 
5 5 2 4 0 3 0 2 5 
4 5 1 4 0 3 0 2 5 
4 6 1 5 0 4 0 3 5 
4 5 2 4 0 3 0 2 5 
3 6 1 5 0 4 0 3 5 
4 5 2 4 0 3 0 2 5 
5 5 1 4 0 3 0 2 5 
4 5 1 4 0 3 0 2 5 
5 5 1 4 0 3 0 2 5 
4 5 1 4 0 3 0 2 5 
5 7 2 6 1 5 0 4 5 
4 9 2 8 1 7 0 6 5 
4 9 2 8 1 7 0 6 5 
4 5 1 4 0 3 0 2 5 
3 6 1 5 0 4 0 3 5 
5 7 2 6 1 5 0 4 5 
4 5 2 4 0 3 0 2 5 
4 8 2 7 1 6 0 5 5 
4 7 2 6 0 5 0 4 5 
4 8 2 7 1 6 0 5 5 
4 6 1 5 0 4 0 3 5 
3 5 1 4 0 3 0 2 5 
4 7 2 6 1 5 0 4 5 
4 5 1 4 0 3 0 2 5 
4 5 1 4 0 3 0 2 5 
3 5 1 4 0 3 0 2 5 
3 7 1 6 0 5 0 4 5 
4 5 1 4 0 3 0 2 5 
4 5 1 4 0 3 0 2 5 
4 6 2 5 1 4 0 3 5 
5 5 2 4 0 3 0 2 5 
5 6 3 5 2 4 1 3 5 
4 5 1 4 0 3 0 2 5 
3 9 1 8 0 7 0 6 5 
4 5 1 4 0 3 0 2 5 
3 5 1 4 0 3 0 2 5 
3 5 1 4 0 3 0 2 5 
4 9 1 8 0 7 0 6 5 
4 9 1 8 0 7 0 6 5 
3 9 1 8 0 7 0 6 5 
5 6 2 5 1 4 0 3 5 
3 5 1 4 0 3 0 2 5 
4 7 1 6 0 5 0 4 5 
3 7 1 6 0 5 0 4 5 
5 6 2 5 1 4 0 3 5 
3 5 1 4 0 3 0 2 5 
4 9 2 8 0 7 0 6 5 
4 9 2 8 0 7 0 6 5 
5 7 1 6 0 5 0 4 5 
5 7 2 6 0 5 0 4 5 
5 5 3 4 1 3 0 2 5 
4 8 2 7 0 6 0 5 5 
4 8 2 7 0 6 0 5 5 
4 5 2 4 0 3 0 2 5 
3 5 1 4 0 3 0 2 5 
SCORES_TXT_END_0
SCORES_TXT_BEGIN_0 222 100 9 BLEU
8 8 7 7 6 6 5 5 8 
6 8 5 7 4 6 3 5 8 
7 7 5 6 4 5 3 4 8 
7 8 5 7 4 6 3 5 8 
7 9 5 8 4 7 3 6 8 
5 6 4 5 3 4 2 3 8 
7 10 5 9 4 8 3 7 8 
7 11 5 10 4 9 3 8 8 
7 11 5 10 4 9 3 8 8 
7 12 5 11 4 10 3 9 8 
7 12 5 11 4 10 3 9 8 
8 9 6 8 4 7 3 6 8 
8 10 6 9 5 8 4 7 8 
6 7 5 6 4 5 3 4 8 
8 9 7 8 5 7 4 6 8 
8 9 6 8 4 7 2 6 8 
6 10 4 9 3 8 2 7 8 
8 12 6 11 5 10 4 9 8 
8 12 6 11 5 10 4 9 8 
6 9 4 8 2 7 1 6 8 
6 9 5 8 3 7 2 6 8 
7 8 4 7 2 6 1 5 8 
7 10 5 9 4 8 3 7 8 
8 8 4 7 2 6 0 5 8 
6 8 2 7 1 6 0 5 8 
5 6 2 5 1 4 0 3 8 
7 10 5 9 4 8 3 7 8 
6 8 5 7 4 6 3 5 8 
6 12 4 11 3 10 2 9 8 
6 12 4 11 3 10 2 9 8 
7 10 4 9 2 8 1 7 8 
8 9 6 8 5 7 4 6 8 
6 9 4 8 2 7 1 6 8 
7 9 4 8 2 7 1 6 8 
8 8 4 7 2 6 0 5 8 
8 11 6 10 5 9 4 8 8 
7 8 5 7 4 6 3 5 8 
8 8 5 7 3 6 1 5 8 
8 9 4 8 2 7 0 6 8 
7 8 5 7 4 6 3 5 8 
7 9 5 8 4 7 3 6 8 
8 8 4 7 2 6 1 5 8 
6 9 2 8 1 7 0 6 8 
5 6 2 5 1 4 0 3 8 
8 8 4 7 2 6 1 5 8 
6 8 2 7 1 6 0 5 8 
5 6 2 5 1 4 0 3 8 
5 7 2 6 1 5 0 4 8 
7 11 5 10 4 9 3 8 8 
8 11 6 10 5 9 4 8 8 
8 9 4 8 2 7 1 6 8 
6 8 3 7 1 6 0 5 8 
5 7 3 6 1 5 0 4 8 
8 9 6 8 4 7 2 6 8 
6 9 4 8 3 7 2 6 8 
5 8 3 7 2 6 1 5 8 
6 9 4 8 3 7 2 6 8 
7 11 5 10 4 9 3 8 8 
8 9 6 8 4 7 3 6 8 
8 8 5 7 4 6 3 5 8 
6 8 3 7 2 6 1 5 8 
7 7 2 6 1 5 0 4 8 
5 7 4 6 3 5 2 4 8 
6 11 4 10 3 9 2 8 8 
6 8 5 7 4 6 3 5 8 
7 8 5 7 4 6 3 5 8 
7 11 4 10 2 9 1 8 8 
5 7 4 6 2 5 1 4 8 
8 10 4 9 2 8 0 7 8 
8 9 6 8 4 7 2 6 8 
6 8 5 7 4 6 3 5 8 
5 7 2 6 1 5 0 4 8 
6 10 2 9 1 8 0 7 8 
8 11 5 10 4 9 3 8 8 
8 9 6 8 5 7 4 6 8 
7 8 6 7 5 6 4 5 8 
7 10 5 9 4 8 3 7 8 
8 8 4 7 3 6 2 5 8 
7 9 5 8 4 7 3 6 8 
6 7 3 6 2 5 1 4 8 
5 8 2 7 1 6 0 5 8 
6 8 2 7 0 6 0 5 8 
6 11 4 10 3 9 2 8 8 
6 8 2 7 0 6 0 5 8 
8 9 4 8 2 7 1 6 8 
8 10 4 9 2 8 1 7 8 
7 7 3 6 2 5 1 4 8 
8 10 4 9 2 8 1 7 8 
8 9 5 8 4 7 3 6 8 
6 9 3 8 2 7 1 6 8 
7 9 2 8 1 7 0 6 8 
5 7 4 6 3 5 2 4 8 
6 9 2 8 0 7 0 6 8 
5 10 3 9 2 8 1 7 8 
5 10 3 9 2 8 1 7 8 
8 8 5 7 3 6 1 5 8 
7 7 3 6 2 5 1 4 8 
8 9 5 8 2 7 1 6 8 
5 6 3 5 1 4 0 3 8 
8 10 6 9 4 8 3 7 8 
SCORES_TXT_END_0
SCORES_TXT_BEGIN_0 223 100 9 BLEU
10 10 9 9 8 8 7 7 10 
10 12 8 11 7 10 6 9 10 
9 10 7 9 5 8 4 7 10 
9 10 7 9 5 8 4 7 10 
9 10 6 9 5 8 4 7 10 
10 11 8 10 7 9 6 8 10 
10 11 8 10 6 9 4 8 10 
9 12 6 11 5 10 4 9 10 
9 11 7 10 5 9 4 8 10 
9 12 6 11 5 10 4 9 10 
9 12 6 11 5 10 4 9 10 
9 11 6 10 5 9 4 8 10 
9 10 7 9 5 8 4 7 10 
10 11 8 10 7 9 6 8 10 
10 11 8 10 7 9 6 8 10 
9 14 6 13 5 12 4 11 10 
9 14 6 13 5 12 4 11 10 
10 14 8 13 7 12 6 11 10 
10 14 8 13 7 12 6 11 10 
10 11 8 10 6 9 4 8 10 
9 10 7 9 5 8 4 7 10 
9 11 6 10 5 9 4 8 10 
10 13 7 12 5 11 3 10 10 
9 11 6 10 5 9 4 8 10 
9 11 6 10 4 9 3 8 10 
9 11 6 10 5 9 4 8 10 
9 10 5 9 2 8 1 7 10 
9 12 6 11 5 10 4 9 10 
9 13 6 12 5 11 4 10 10 
9 12 6 11 5 10 4 9 10 
9 11 6 10 5 9 4 8 10 
9 13 6 12 5 11 4 10 10 
9 11 6 10 4 9 3 8 10 
10 13 8 12 7 11 6 10 10 
9 13 6 12 5 11 4 10 10 
9 11 6 10 4 9 3 8 10 
10 12 8 11 7 10 6 9 10 
8 9 6 8 4 7 3 6 10 
9 10 7 9 5 8 4 7 10 
9 11 6 10 5 9 4 8 10 
10 13 8 12 7 11 6 10 10 
10 13 7 12 5 11 3 10 10 
9 11 6 10 5 9 4 8 10 
9 11 5 10 4 9 3 8 10 
10 11 8 10 6 9 5 8 10 
10 13 8 12 7 11 6 10 10 
10 15 8 14 7 13 6 12 10 
10 11 8 10 7 9 6 8 10 
10 15 8 14 7 13 6 12 10 
9 10 6 9 4 8 3 7 10 
10 10 6 9 5 8 4 7 10 
9 11 6 10 5 9 4 8 10 
9 10 7 9 6 8 5 7 10 
9 14 6 13 5 12 4 11 10 
9 14 6 13 5 12 4 11 10 
8 10 6 9 5 8 4 7 10 
9 11 6 10 5 9 4 8 10 
9 12 6 11 5 10 4 9 10 
9 12 6 11 5 10 4 9 10 
9 10 8 9 7 8 6 7 10 
9 12 4 11 2 10 1 9 10 
9 10 7 9 6 8 5 7 10 
9 14 6 13 5 12 4 11 10 
9 14 6 13 5 12 4 11 10 
9 11 6 10 5 9 4 8 10 
10 13 8 12 7 11 6 10 10 
9 13 6 12 5 11 4 10 10 
9 11 6 10 3 9 1 8 10 
10 11 9 10 8 9 7 8 10 
9 11 6 10 5 9 4 8 10 
9 13 5 12 4 11 3 10 10 
9 15 6 14 5 13 4 12 10 
9 15 6 14 5 13 4 12 10 
10 12 7 11 5 10 3 9 10 
9 12 5 11 4 10 3 9 10 
9 12 7 11 5 10 4 9 10 
9 11 6 10 3 9 1 8 10 
8 10 6 9 4 8 3 7 10 
9 10 5 9 2 8 1 7 10 
9 14 6 13 5 12 4 11 10 
9 14 6 13 5 12 4 11 10 
10 11 8 10 6 9 4 8 10 
10 13 8 12 7 11 6 10 10 
9 10 7 9 5 8 3 7 10 
9 13 5 12 4 11 3 10 10 
10 12 8 11 7 10 6 9 10 
9 13 5 12 4 11 3 10 10 
10 12 6 11 5 10 4 9 10 
10 11 8 10 6 9 5 8 10 
10 14 8 13 7 12 6 11 10 
9 12 6 11 4 10 3 9 10 
9 11 5 10 3 9 1 8 10 
9 12 6 11 5 10 4 9 10 
9 13 5 12 4 11 3 10 10 
9 11 7 10 5 9 4 8 10 
8 10 5 9 4 8 3 7 10 
10 11 8 10 7 9 6 8 10 
10 10 5 9 2 8 1 7 10 
8 11 5 10 4 9 3 8 10 
10 12 8 11 7 10 6 9 10 
SCORES_TXT_END_0
SCORES_TXT_BEGIN_0 224 100 9 BLEU
7 7 6 6 5 5 4 4 7 
6 6 4 5 3 4 2 3 7 
6 7 5 6 4 5 3 4 7 
6 8 4 7 3 6 2 5 7 
6 10 4 9 3 8 2 7 7 
6 10 4 9 3 8 2 7 7 
5 6 3 5 2 4 1 3 7 
6 6 4 5 2 4 1 3 7 
7 9 5 8 4 7 3 6 7 
5 6 3 5 2 4 1 3 7 
7 8 6 7 4 6 3 5 7 
5 8 3 7 2 6 1 5 7 
6 7 4 6 3 5 2 4 7 
7 11 5 10 4 9 3 8 7 
7 11 5 10 4 9 3 8 7 
6 9 4 8 3 7 2 6 7 
6 9 4 8 3 7 2 6 7 
6 7 4 6 3 5 2 4 7 
5 6 4 5 3 4 2 3 7 
6 7 4 6 3 5 2 4 7 
7 8 5 7 4 6 3 5 7 
7 10 5 9 4 8 3 7 7 
5 10 3 9 2 8 1 7 7 
5 10 3 9 2 8 1 7 7 
6 8 4 7 3 6 2 5 7 
7 10 5 9 4 8 3 7 7 
7 8 5 7 3 6 2 5 7 
6 9 4 8 3 7 2 6 7 
6 8 4 7 3 6 2 5 7 
6 9 4 8 3 7 2 6 7 
5 7 3 6 2 5 1 4 7 
6 7 5 6 4 5 3 4 7 
6 8 5 7 3 6 2 5 7 
6 8 4 7 3 6 2 5 7 
7 8 5 7 3 6 2 5 7 
7 8 4 7 3 6 2 5 7 
6 6 2 5 1 4 0 3 7 
5 7 3 6 2 5 1 4 7 
6 7 4 6 2 5 1 4 7 
6 9 4 8 3 7 2 6 7 
6 11 4 10 3 9 2 8 7 
6 11 4 10 3 9 2 8 7 
6 6 2 5 0 4 0 3 7 
5 7 2 6 1 5 0 4 7 
5 7 3 6 2 5 1 4 7 
5 7 3 6 2 5 1 4 7 
7 8 5 7 4 6 3 5 7 
6 8 4 7 2 6 1 5 7 
6 7 4 6 2 5 1 4 7 
6 8 4 7 3 6 2 5 7 
5 9 3 8 2 7 1 6 7 
5 6 1 5 0 4 0 3 7 
5 9 3 8 2 7 1 6 7 
6 7 3 6 2 5 1 4 7 
7 9 5 8 3 7 2 6 7 
5 8 3 7 2 6 1 5 7 
5 7 4 6 3 5 2 4 7 
5 8 3 7 2 6 1 5 7 
5 7 3 6 2 5 1 4 7 
6 11 4 10 3 9 2 8 7 
6 11 4 10 3 9 2 8 7 
5 7 4 6 3 5 2 4 7 
6 8 2 7 1 6 0 5 7 
6 7 3 6 1 5 0 4 7 
5 7 3 6 2 5 1 4 7 
6 9 4 8 3 7 2 6 7 
6 9 4 8 3 7 2 6 7 
6 10 4 9 3 8 2 7 7 
4 6 3 5 2 4 1 3 7 
6 10 4 9 3 8 2 7 7 
6 8 2 7 0 6 0 5 7 
5 9 2 8 1 7 0 6 7 
5 7 3 6 2 5 1 4 7 
5 7 2 6 1 5 0 4 7 
6 8 4 7 3 6 2 5 7 
7 7 4 6 2 5 0 4 7 
5 7 2 6 1 5 0 4 7 
7 9 4 8 3 7 2 6 7 
6 10 4 9 3 8 2 7 7 
5 8 1 7 0 6 0 5 7 
6 8 4 7 3 6 2 5 7 
6 7 2 6 1 5 0 4 7 
5 8 2 7 1 6 0 5 7 
6 6 2 5 0 4 0 3 7 
5 8 3 7 2 6 1 5 7 
7 7 3 6 1 5 0 4 7 
6 9 3 8 1 7 0 6 7 
6 10 4 9 3 8 2 7 7 
5 6 1 5 0 4 0 3 7 
6 8 3 7 2 6 1 5 7 
5 9 2 8 1 7 0 6 7 
5 8 2 7 1 6 0 5 7 
5 9 2 8 1 7 0 6 7 
5 9 3 8 2 7 1 6 7 
6 6 2 5 1 4 0 3 7 
5 8 2 7 0 6 0 5 7 
5 6 1 5 0 4 0 3 7 
6 8 3 7 1 6 0 5 7 
5 7 2 6 1 5 0 4 7 
6 7 3 6 0 5 0 4 7 
SCORES_TXT_END_0
SCORES_TXT_BEGIN_0 225 52 9 BLEU
15 15 12 14 11 13 10 12 17 
16 16 13 15 12 14 11 13 17 
17 18 16 17 15 16 14 15 17 
14 15 12 14 11 13 10 12 17 
15 19 13 18 11 17 10 16 17 
15 19 13 18 11 17 10 16 17 
15 16 12 15 11 14 10 13 17 
16 17 13 16 12 15 11 14 17 
16 18 15 17 14 16 13 15 17 
15 15 10 14 9 13 8 12 17 
15 16 13 15 12 14 11 13 17 
15 15 11 14 9 13 7 12 17 
16 17 14 16 12 15 10 14 17 
16 16 12 15 10 14 8 13 17 
16 16 12 15 9 14 7 13 17 
16 20 14 19 12 18 11 17 17 
16 16 12 15 11 14 10 13 17 
16 20 14 19 12 18 11 17 17 
17 17 13 16 10 15 8 14 17 
17 17 13 16 12 15 11 14 17 
15 17 11 16 9 15 8 14 17 
16 16 11 15 9 14 8 13 17 
17 19 16 18 15 17 14 16 17 
15 15 11 14 9 13 7 12 17 
16 16 12 15 9 14 7 13 17 
15 17 13 16 11 15 10 14 17 
16 16 12 15 10 14 8 13 17 
17 17 13 16 10 15 8 14 17 
14 15 10 14 9 13 8 12 17 
16 17 12 16 10 15 8 14 17 
15 15 11 14 9 13 7 12 17 
14 16 12 15 11 14 10 13 17 
16 16 12 15 10 14 8 13 17 
15 16 11 15 9 14 7 13 17 
13 14 9 13 7 12 6 11 17 
16 17 12 16 10 15 8 14 17 
15 20 13 19 11 18 10 17 17 
15 15 11 14 9 13 7 12 17 
17 18 15 17 13 16 11 15 17 
16 16 12 15 10 14 8 13 17 
15 16 11 15 9 14 8 13 17 
15 20 13 19 11 18 10 17 17 
17 19 15 18 13 17 11 16 17 
17 19 16 18 15 17 14 16 17 
16 19 12 18 10 17 8 16 17 
15 16 12 15 10 14 8 13 17 
16 18 12 17 9 16 8 15 17 
16 16 13 15 11 14 10 13 17 
16 17 13 16 11 15 9 14 17 
17 17 14 16 12 15 11 14 17 
14 15 10 14 8 13 6 12 17 
14 15 11 14 9 13 7 12 17 
SCORES_TXT_END_0
SCORES_TXT_BEGIN_0 226 41 9 BLEU
9 9 8 8 7 7 6 6 9 
8 9 6 8 4 7 3 6 9 
8 9 7 8 6 7 5 6 9 
9 11 7 10 6 9 5 8 9 
8 11 5 10 3 9 2 8 9 
7 9 5 8 4 7 3 6 9 
8 11 6 10 5 9 4 8 9 
9 10 7 9 6 8 5 7 9 
9 10 7 9 5 8 3 7 9 
8 10 5 9 3 8 2 7 9 
7 11 4 10 3 9 2 8 9 
9 10 7 9 6 8 5 7 9 
8 10 6 9 5 8 4 7 9 
8 10 5 9 2 8 1 7 9 
9 10 7 9 6 8 5 7 9 
9 13 7 12 6 11 5 10 9 
9 13 7 12 6 11 5 10 9 
8 9 6 8 4 7 3 6 9 
7 9 5 8 4 7 3 6 9 
8 10 6 9 4 8 2 7 9 
8 10 5 9 3 8 2 7 9 
9 12 6 11 4 10 2 9 9 
8 9 6 8 4 7 3 6 9 
7 9 5 8 4 7 3 6 9 
7 8 5 7 4 6 3 5 9 
8 10 5 9 3 8 2 7 9 
8 13 5 12 3 11 2 10 9 
8 13 5 12 3 11 2 10 9 
8 8 6 7 5 6 4 5 9 
7 8 5 7 4 6 3 5 9 
7 10 4 9 3 8 2 7 9 
7 8 5 7 4 6 3 5 9 
9 12 7 11 6 10 5 9 9 
8 10 6 9 5 8 4 7 9 
9 12 7 11 6 10 5 9 9 
8 12 4 11 1 10 0 9 9 
9 11 7 10 6 9 5 8 9 
8 10 6 9 5 8 4 7 9 
8 13 6 12 5 11 4 10 9 
8 13 6 12 5 11 4 10 9 
7 10 4 9 2 8 1 7 9 
SCORES_TXT_END_0
SCORES_TXT_BEGIN_0 227 7 9 BLEU
14 14 13 13 12 12 11 11 14 
13 18 12 17 11 16 10 15 14 
13 18 12 17 11 16 10 15 14 
13 14 12 13 11 12 10 11 14 
14 16 12 15 11 14 10 13 14 
14 14 11 13 9 12 8 11 14 
14 18 12 17 11 16 10 15 14 
SCORES_TXT_END_0
SCORES_TXT_BEGIN_0 228 75 9 BLEU
11 11 10 10 9 9 8 8 11 
10 12 8 11 6 10 4 9 11 
10 14 8 13 6 12 4 11 11 
10 14 8 13 6 12 4 11 11 
11 13 9 12 7 11 5 10 11 
11 13 9 12 7 11 5 10 11 
10 11 8 10 6 9 4 8 11 
10 11 8 10 6 9 5 8 11 
11 12 9 11 7 10 5 9 11 
11 12 9 11 7 10 5 9 11 
11 12 9 11 7 10 5 9 11 
10 12 8 11 6 10 4 9 11 
11 13 10 12 9 11 7 10 11 
11 12 9 11 8 10 7 9 11 
10 13 8 12 6 11 4 10 11 
11 11 7 10 4 9 2 8 11 
11 15 10 14 9 13 7 12 11 
11 12 9 11 7 10 5 9 11 
11 15 10 14 9 13 7 12 11 
10 11 8 10 6 9 4 8 11 
9 12 6 11 3 10 1 9 11 
11 12 9 11 7 10 5 9 11 
10 11 7 10 4 9 2 8 11 
10 13 8 12 6 11 4 10 11 
10 16 8 15 6 14 4 13 11 
11 12 9 11 8 10 7 9 11 
10 16 8 15 6 14 4 13 11 
10 13 8 12 6 11 4 10 11 
10 14 8 13 6 12 4 11 11 
11 14 10 13 9 12 7 11 11 
10 13 8 12 6 11 4 10 11 
11 12 9 11 7 10 5 9 11 
11 11 7 10 6 9 5 8 11 
10 13 7 12 5 11 4 10 11 
10 13 8 12 6 11 4 10 11 
10 13 8 12 6 11 4 10 11 
11 14 10 13 9 12 7 11 11 
10 15 8 14 6 13 4 12 11 
10 11 8 10 7 9 6 8 11 
10 15 8 14 6 13 4 12 11 
11 12 9 11 7 10 5 9 11 
9 14 6 13 3 12 1 11 11 
11 12 9 11 7 10 5 9 11 
10 13 8 12 6 11 4 10 11 
10 15 8 14 6 13 4 12 11 
9 14 6 13 3 12 1 11 11 
10 15 8 14 6 13 4 12 11 
10 12 8 11 6 10 4 9 11 
10 11 8 10 7 9 6 8 11 
11 14 9 13 7 12 5 11 11 
10 16 8 15 6 14 4 13 11 
10 16 8 15 6 14 4 13 11 
11 14 9 13 7 12 5 11 11 
10 11 7 10 5 9 3 8 11 
11 11 7 10 5 9 3 8 11 
10 12 8 11 6 10 4 9 11 
11 11 7 10 5 9 3 8 11 
9 12 7 11 5 10 3 9 11 
10 12 8 11 6 10 4 9 11 
10 12 7 11 5 10 3 9 11 
10 11 9 10 8 9 7 8 11 
10 12 6 11 4 10 2 9 11 
11 13 7 12 4 11 2 10 11 
10 14 8 13 6 12 4 11 11 
11 12 9 11 7 10 6 9 11 
10 11 7 10 5 9 3 8 11 
11 13 7 12 4 11 2 10 11 
11 12 9 11 7 10 5 9 11 
11 13 9 12 7 11 5 10 11 
10 15 8 14 6 13 4 12 11 
11 12 9 11 7 10 5 9 11 
11 13 9 12 7 11 5 10 11 
9 11 7 10 6 9 5 8 11 
10 15 8 14 6 13 4 12 11 
11 12 9 11 7 10 5 9 11 
SCORES_TXT_END_0
SCORES_TXT_BEGIN_0 229 16 9 BLEU
10 10 9 9 8 8 7 7 10 
10 12 8 11 7 10 6 9 10 
9 12 8 11 7 10 6 9 10 
9 9 7 8 6 7 5 6 10 
9 11 6 10 5 9 4 8 10 
8 11 6 10 5 9 4 8 10 
9 10 8 9 7 8 6 7 10 
9 14 8 13 7 12 6 11 10 
9 14 8 13 7 12 6 11 10 
8 9 6 8 5 7 4 6 10 
10 14 8 13 7 12 6 11 10 
10 14 8 13 7 12 6 11 10 
8 13 6 12 5 11 4 10 10 
8 13 6 12 5 11 4 10 10 
9 13 6 12 5 11 4 10 10 
9 13 6 12 5 11 4 10 10 
SCORES_TXT_END_0
SCORES_TXT_BEGIN_0 230 20 9 BLEU
3 3 2 2 1 1 0 0 3 
2 3 1 2 0 1 0 0 3 
2 7 1 6 0 5 0 4 3 
2 7 1 6 0 5 0 4 3 
3 5 1 4 0 3 0 2 3 
2 5 1 4 0 3 0 2 3 
2 6 1 5 0 4 0 3 3 
2 6 1 5 0 4 0 3 3 
3 4 1 3 0 2 0 1 3 
2 4 1 3 0 2 0 1 3 
3 3 1 2 0 1 0 0 3 
2 3 1 2 0 1 0 0 3 
3 4 1 3 0 2 0 1 3 
3 5 1 4 0 3 0 2 3 
2 5 1 4 0 3 0 2 3 
2 4 1 3 0 2 0 1 3 
2 7 1 6 0 5 0 4 3 
2 7 1 6 0 5 0 4 3 
2 6 1 5 0 4 0 3 3 
2 6 1 5 0 4 0 3 3 
SCORES_TXT_END_0
SCORES_TXT_BEGIN_0 231 100 9 BLEU
9 9 8 8 7 7 6 6 9 
8 11 7 10 6 9 5 8 9 
7 9 5 8 4 7 3 6 9 
8 8 6 7 4 6 3 5 9 
9 10 6 9 3 8 2 7 9 
9 9 5 8 3 7 1 6 9 
9 9 5 8 3 7 2 6 9 
9 10 7 9 5 8 3 7 9 
8 9 7 8 6 7 5 6 9 
8 12 6 11 4 10 2 9 9 
7 8 5 7 4 6 3 5 9 
8 10 6 9 5 8 4 7 9 
9 9 5 8 3 7 2 6 9 
8 8 4 7 3 6 2 5 9 
8 9 5 8 3 7 2 6 9 
7 13 5 12 4 11 3 10 9 
7 11 5 10 4 9 3 8 9 
7 8 4 7 3 6 2 5 9 
9 11 7 10 6 9 5 8 9 
8 9 6 8 5 7 4 6 9 
6 11 5 10 4 9 3 8 9 
7 13 5 12 4 11 3 10 9 
8 14 6 13 5 12 4 11 9 
8 12 6 11 5 10 4 9 9 
7 10 5 9 4 8 3 7 9 
6 13 5 12 4 11 3 10 9 
8 10 4 9 3 8 2 7 9 
9 9 5 8 3 7 2 6 9 
7 12 6 11 5 10 4 9 9 
8 10 4 9 2 8 1 7 9 
7 8 5 7 4 6 3 5 9 
8 14 6 13 5 12 4 11 9 
8 9 5 8 3 7 1 6 9 
8 10 6 9 4 8 2 7 9 
6 13 5 12 4 11 3 10 9 
8 9 4 8 3 7 2 6 9 
7 14 6 13 5 12 4 11 9 
8 11 5 10 3 9 2 8 9 
8 10 6 9 3 8 2 7 9 
9 9 5 8 2 7 1 6 9 
6 9 5 8 4 7 3 6 9 
7 9 3 8 2 7 1 6 9 
8 10 5 9 3 8 2 7 9 
8 9 5 8 3 7 2 6 9 
6 8 5 7 4 6 3 5 9 
8 10 5 9 3 8 2 7 9 
8 9 4 8 3 7 2 6 9 
7 9 4 8 3 7 2 6 9 
8 9 4 8 2 7 1 6 9 
8 11 5 10 3 9 1 8 9 
8 14 4 13 3 12 2 11 9 
8 12 4 11 3 10 2 9 9 
8 8 3 7 2 6 1 5 9 
8 8 4 7 2 6 1 5 9 
8 9 4 8 2 7 1 6 9 
9 12 6 11 4 10 2 9 9 
7 14 6 13 5 12 4 11 9 
8 10 5 9 3 8 2 7 9 
7 12 4 11 3 10 2 9 9 
6 10 5 9 4 8 3 7 9 
7 10 6 9 5 8 4 7 9 
9 10 6 9 3 8 1 7 9 
8 9 5 8 3 7 2 6 9 
7 8 3 7 2 6 1 5 9 
8 13 7 12 6 11 5 10 9 
8 13 7 12 6 11 5 10 9 
9 9 5 8 2 7 1 6 9 
7 9 6 8 5 7 4 6 9 
7 8 4 7 3 6 2 5 9 
7 9 5 8 3 7 2 6 9 
8 14 4 13 3 12 2 11 9 
7 12 4 11 2 10 1 9 9 
7 8 3 7 2 6 1 5 9 
8 12 5 11 2 10 1 9 9 
8 12 7 11 6 10 5 9 9 
6 8 4 7 3 6 2 5 9 
8 14 4 13 2 12 1 11 9 
8 12 4 11 2 10 1 9 9 
8 12 7 11 6 10 5 9 9 
8 15 5 14 3 13 2 12 9 
8 13 5 12 3 11 2 10 9 
8 11 4 10 3 9 2 8 9 
7 14 4 13 3 12 2 11 9 
9 9 5 8 3 7 1 6 9 
9 10 5 9 3 8 1 7 9 
7 10 5 9 4 8 3 7 9 
7 13 5 12 3 11 2 10 9 
7 11 6 10 5 9 4 8 9 
6 11 3 10 2 9 1 8 9 
8 11 4 10 2 9 1 8 9 
9 10 6 9 3 8 1 7 9 
7 13 3 12 2 11 1 10 9 
7 11 3 10 2 9 1 8 9 
7 14 4 13 2 12 1 11 9 
8 9 4 8 3 7 2 6 9 
8 14 4 13 2 12 1 11 9 
8 15 5 14 3 13 2 12 9 
8 11 4 10 2 9 1 8 9 
7 14 4 13 3 12 2 11 9 
8 11 5 10 3 9 2 8 9 
SCORES_TXT_END_0
SCORES_TXT_BEGIN_0 232 52 9 BLEU
16 16 13 15 12 14 11 13 17 
16 16 10 15 9 14 8 13 17 
16 16 11 15 9 14 8 13 17 
16 16 11 15 10 14 9 13 17 
16 20 14 19 12 18 11 17 17 
16 17 13 16 12 15 11 14 17 
15 16 13 15 12 14 11 13 17 
16 16 10 15 9 14 8 13 17 
17 18 16 17 15 16 14 15 17 
16 18 12 17 10 16 9 15 17 
16 16 11 15 9 14 8 13 17 
15 16 11 15 10 14 9 13 17 
17 17 13 16 12 15 11 14 17 
17 18 13 17 11 16 9 15 17 
17 20 13 19 11 18 9 17 17 
16 18 11 17 9 16 8 15 17 
16 20 14 19 12 18 11 17 17 
16 20 12 19 10 18 9 17 17 
17 20 15 19 13 18 11 17 17 
17 20 12 19 10 18 8 17 17 
16 18 12 17 9 16 8 15 17 
16 20 11 19 9 18 8 17 17 
17 20 13 19 11 18 9 17 17 
16 17 10 16 9 15 8 14 17 
16 18 15 17 14 16 13 15 17 
15 16 10 15 9 14 8 13 17 
16 17 11 16 9 15 8 14 17 
15 16 11 15 9 14 8 13 17 
16 20 12 19 10 18 9 17 17 
16 20 11 19 9 18 8 17 17 
17 17 13 16 10 15 8 14 17 
16 17 11 16 10 15 9 14 17 
16 20 12 19 9 18 8 17 17 
16 18 12 17 9 16 8 15 17 
16 20 11 19 9 18 8 17 17 
16 17 12 16 11 15 10 14 17 
17 20 13 19 10 18 8 17 17 
15 16 11 15 9 14 8 13 17 
16 20 12 19 9 18 8 17 17 
17 17 14 16 12 15 11 14 17 
17 17 10 16 9 15 8 14 17 
16 21 14 20 12 19 11 18 17 
16 16 12 15 10 14 8 13 17 
17 17 11 16 9 15 8 14 17 
15 17 13 16 12 15 11 14 17 
17 18 13 17 10 16 8 15 17 
15 16 10 15 9 14 8 13 17 
17 18 13 17 10 16 8 15 17 
16 17 10 16 9 15 8 14 17 
17 17 10 16 7 15 5 14 17 
17 20 13 19 10 18 8 17 17 
17 17 11 16 10 15 9 14 17 
SCORES_TXT_END_0
SCORES_TXT_BEGIN_0 233 7 9 BLEU
14 14 13 13 12 12 11 11 14 
14 14 11 13 9 12 8 11 14 
13 18 12 17 11 16 10 15 14 
13 14 12 13 11 12 10 11 14 
14 18 12 17 11 16 10 15 14 
13 16 11 15 9 14 8 13 14 
13 14 11 13 9 12 8 11 14 
SCORES_TXT_END_0
SCORES_TXT_BEGIN_0 234 23 9 BLEU
11 11 10 10 9 9 8 8 11 
10 15 9 14 8 13 7 12 11 
10 15 9 14 8 13 7 12 11 
11 15 9 14 8 13 7 12 11 
11 15 9 14 8 13 7 12 11 
10 11 9 10 8 9 7 8 11 
11 13 9 12 8 11 7 10 11 
10 11 8 10 6 9 5 8 11 
10 11 8 10 6 9 5 8 11 
10 13 9 12 8 11 7 10 11 
9 15 7 14 6 13 5 12 11 
9 15 7 14 6 13 5 12 11 
9 15 7 14 6 13 5 12 11 
9 15 7 14 6 13 5 12 11 
11 12 9 11 8 10 7 9 11 
10 15 7 14 6 13 5 12 11 
10 15 7 14 6 13 5 12 11 
11 13 9 12 8 11 7 10 11 
11 13 9 12 8 11 7 10 11 
10 13 7 12 6 11 5 10 11 
10 15 7 14 6 13 5 12 11 
10 15 7 14 6 13 5 12 11 
9 13 7 12 6 11 5 10 11 
SCORES_TXT_END_0
SCORES_TXT_BEGIN_0 235 100 9 BLEU
5 5 4 4 3 3 2 2 5 
4 5 3 4 2 3 1 2 5 
4 9 3 8 2 7 1 6 5 
4 9 3 8 2 7 1 6 5 
5 7 3 6 2 5 1 4 5 
4 7 3 6 2 5 1 4 5 
4 8 3 7 2 6 1 5 5 
4 8 3 7 2 6 1 5 5 
5 6 3 5 2 4 1 3 5 
4 5 2 4 0 3 0 2 5 
5 5 2 4 0 3 0 2 5 
4 6 3 5 2 4 1 3 5 
5 5 1 4 0 3 0 2 5 
4 5 1 4 0 3 0 2 5 
4 5 2 4 0 3 0 2 5 
5 5 2 4 1 3 0 2 5 
4 7 2 6 0 5 0 4 5 
5 5 2 4 0 3 0 2 5 
3 5 1 4 0 3 0 2 5 
3 5 1 4 0 3 0 2 5 
3 7 1 6 0 5 0 4 5 
4 5 1 4 0 3 0 2 5 
5 5 3 4 2 3 1 2 5 
4 7 1 6 0 5 0 4 5 
3 9 1 8 0 7 0 6 5 
4 5 2 4 1 3 0 2 5 
3 9 1 8 0 7 0 6 5 
5 5 3 4 1 3 0 2 5 
4 9 2 8 0 7 0 6 5 
4 9 2 8 0 7 0 6 5 
3 9 1 8 0 7 0 6 5 
4 7 2 6 1 5 0 4 5 
3 9 1 8 0 7 0 6 5 
5 7 2 6 0 5 0 4 5 
4 8 2 7 0 6 0 5 5 
4 8 2 7 0 6 0 5 5 
5 5 2 4 1 3 0 2 5 
4 5 3 4 2 3 1 2 5 
4 7 1 6 0 5 0 4 5 
4 5 2 4 0 3 0 2 5 
4 5 1 4 0 3 0 2 5 
4 7 1 6 0 5 0 4 5 
4 5 2 4 1 3 0 2 5 
4 6 2 5 0 4 0 3 5 
3 7 1 6 0 5 0 4 5 
4 9 1 8 0 7 0 6 5 
4 9 1 8 0 7 0 6 5 
3 8 1 7 0 6 0 5 5 
4 5 1 4 0 3 0 2 5 
5 5 1 4 0 3 0 2 5 
5 7 1 6 0 5 0 4 5 
3 8 1 7 0 6 0 5 5 
4 8 1 7 0 6 0 5 5 
4 8 1 7 0 6 0 5 5 
4 5 1 4 0 3 0 2 5 
5 6 2 5 0 4 0 3 5 
5 5 2 4 0 3 0 2 5 
4 9 2 8 1 7 0 6 5 
4 9 2 8 1 7 0 6 5 
5 7 2 6 1 5 0 4 5 
3 5 1 4 0 3 0 2 5 
4 8 2 7 1 6 0 5 5 
4 8 2 7 1 6 0 5 5 
5 6 3 5 2 4 1 3 5 
4 6 1 5 0 4 0 3 5 
3 7 1 6 0 5 0 4 5 
4 5 1 4 0 3 0 2 5 
3 8 1 7 0 6 0 5 5 
3 8 1 7 0 6 0 5 5 
4 5 2 4 0 3 0 2 5 
4 9 1 8 0 7 0 6 5 
4 9 1 8 0 7 0 6 5 
4 5 2 4 0 3 0 2 5 
4 5 1 4 0 3 0 2 5 
3 9 1 8 0 7 0 6 5 
4 6 2 5 1 4 0 3 5 
3 5 1 4 0 3 0 2 5 
5 6 1 5 0 4 0 3 5 
3 9 1 8 0 7 0 6 5 
5 7 1 6 0 5 0 4 5 
4 7 1 6 0 5 0 4 5 
4 6 1 5 0 4 0 3 5 
5 7 3 6 2 5 1 4 5 
3 5 1 4 0 3 0 2 5 
3 6 1 5 0 4 0 3 5 
5 5 2 4 0 3 0 2 5 
3 7 1 6 0 5 0 4 5 
4 7 1 6 0 5 0 4 5 
4 5 1 4 0 3 0 2 5 
5 5 1 4 0 3 0 2 5 
5 6 2 5 1 4 0 3 5 
4 8 1 7 0 6 0 5 5 
3 5 1 4 0 3 0 2 5 
4 7 3 6 2 5 1 4 5 
4 8 1 7 0 6 0 5 5 
5 5 3 4 1 3 0 2 5 
3 6 1 5 0 4 0 3 5 
5 7 2 6 1 5 0 4 5 
4 6 1 5 0 4 0 3 5 
4 5 1 4 0 3 0 2 5 
SCORES_TXT_END_0
SCORES_TXT_BEGIN_0 236 8 9 BLEU
15 16 13 15 11 14 9 13 15 
15 15 14 14 13 13 12 12 15 
15 18 12 17 9 16 6 15 15 
15 18 12 17 9 16 6 15 15 
15 17 13 16 11 15 9 14 15 
15 17 13 16 11 15 9 14 15 
15 16 11 15 7 14 3 13 15 
15 15 11 14 7 13 3 12 15 
SCORES_TXT_END_0
SCORES_TXT_BEGIN_0 237 100 9 BLEU
7 7 6 6 5 5 4 4 7 
6 6 4 5 3 4 2 3 7 
6 7 5 6 4 5 3 4 7 
6 8 4 7 3 6 2 5 7 
6 10 4 9 3 8 2 7 7 
6 10 4 9 3 8 2 7 7 
7 9 5 8 4 7 3 6 7 
6 6 4 5 2 4 1 3 7 
5 6 3 5 2 4 1 3 7 
7 8 6 7 4 6 3 5 7 
5 6 3 5 2 4 1 3 7 
6 7 4 6 3 5 2 4 7 
7 11 5 10 4 9 3 8 7 
7 11 5 10 4 9 3 8 7 
5 8 3 7 2 6 1 5 7 
6 9 4 8 3 7 2 6 7 
6 9 4 8 3 7 2 6 7 
5 6 4 5 3 4 2 3 7 
6 7 4 6 3 5 2 4 7 
6 7 4 6 3 5 2 4 7 
7 8 5 7 4 6 3 5 7 
7 10 5 9 4 8 3 7 7 
5 10 3 9 2 8 1 7 7 
5 10 3 9 2 8 1 7 7 
6 8 4 7 3 6 2 5 7 
7 8 5 7 3 6 2 5 7 
7 10 5 9 4 8 3 7 7 
6 9 4 8 3 7 2 6 7 
6 8 4 7 3 6 2 5 7 
6 9 4 8 3 7 2 6 7 
6 7 5 6 4 5 3 4 7 
6 6 2 5 1 4 0 3 7 
6 8 5 7 3 6 2 5 7 
6 8 4 7 3 6 2 5 7 
5 7 3 6 2 5 1 4 7 
7 8 5 7 3 6 2 5 7 
5 7 3 6 2 5 1 4 7 
7 8 4 7 3 6 2 5 7 
6 9 4 8 3 7 2 6 7 
6 11 4 10 3 9 2 8 7 
6 11 4 10 3 9 2 8 7 
6 7 4 6 2 5 1 4 7 
6 8 4 7 3 6 2 5 7 
7 8 5 7 4 6 3 5 7 
5 9 3 8 2 7 1 6 7 
5 9 3 8 2 7 1 6 7 
5 7 3 6 2 5 1 4 7 
5 7 4 6 3 5 2 4 7 
5 7 3 6 2 5 1 4 7 
5 7 4 6 3 5 2 4 7 
6 11 4 10 3 9 2 8 7 
6 11 4 10 3 9 2 8 7 
7 9 5 8 3 7 2 6 7 
6 7 4 6 2 5 1 4 7 
6 7 3 6 2 5 1 4 7 
4 6 3 5 2 4 1 3 7 
5 7 3 6 2 5 1 4 7 
5 7 2 6 1 5 0 4 7 
6 10 4 9 3 8 2 7 7 
6 10 4 9 3 8 2 7 7 
6 9 4 8 3 7 2 6 7 
5 8 3 7 2 6 1 5 7 
6 6 2 5 0 4 0 3 7 
5 7 3 6 2 5 1 4 7 
6 9 4 8 3 7 2 6 7 
5 7 3 6 2 5 1 4 7 
7 7 4 6 2 5 0 4 7 
7 7 3 6 1 5 0 4 7 
6 8 4 7 3 6 2 5 7 
7 9 4 8 3 7 2 6 7 
5 6 1 5 0 4 0 3 7 
6 8 4 7 3 6 2 5 7 
6 8 2 7 1 6 0 5 7 
6 10 4 9 3 8 2 7 7 
6 7 3 6 1 5 0 4 7 
6 6 2 5 0 4 0 3 7 
5 6 1 5 0 4 0 3 7 
5 7 2 6 1 5 0 4 7 
5 9 2 8 1 7 0 6 7 
5 7 2 6 1 5 0 4 7 
6 10 4 9 3 8 2 7 7 
6 6 2 5 0 4 0 3 7 
5 8 3 7 2 6 1 5 7 
6 7 2 6 1 5 0 4 7 
6 8 2 7 0 6 0 5 7 
5 6 1 5 0 4 0 3 7 
5 9 3 8 2 7 1 6 7 
6 6 2 5 1 4 0 3 7 
6 7 2 6 1 5 0 4 7 
6 8 4 7 2 6 1 5 7 
5 7 2 6 1 5 0 4 7 
6 8 3 7 2 6 1 5 7 
5 8 1 7 0 6 0 5 7 
6 10 2 9 1 8 0 7 7 
6 10 2 9 1 8 0 7 7 
5 8 2 7 1 6 0 5 7 
7 7 3 6 1 5 0 4 7 
6 7 3 6 0 5 0 4 7 
6 8 5 7 4 6 3 5 7 
5 7 2 6 0 5 0 4 7 
SCORES_TXT_END_0
SCORES_TXT_BEGIN_0 238 1 9 BLEU
18 18 17 17 16 16 15 15 18 
SCORES_TXT_END_0
SCORES_TXT_BEGIN_0 239 13 9 BLEU
16 16 15 15 14 14 13 13 16 
16 17 14 16 12 15 10 14 16 
15 16 13 15 11 14 9 13 16 
16 17 15 16 13 15 11 14 16 
16 17 13 16 9 15 7 14 16 
16 16 12 15 9 14 7 13 16 
15 16 11 15 9 14 7 13 16 
16 17 14 16 12 15 10 14 16 
16 16 12 15 10 14 8 13 16 
16 17 14 16 12 15 10 14 16 
15 15 13 14 11 13 9 12 16 
15 17 12 16 9 15 7 14 16 
16 18 14 17 11 16 9 15 16 
SCORES_TXT_END_0
SCORES_TXT_BEGIN_0 240 99 9 BLEU
7 7 6 6 5 5 4 4 7 
6 7 5 6 4 5 3 4 7 
7 8 4 7 3 6 2 5 7 
7 9 5 8 4 7 3 6 7 
7 8 5 7 3 6 2 5 7 
7 8 6 7 4 6 3 5 7 
7 8 5 7 3 6 1 5 7 
7 11 5 10 4 9 3 8 7 
7 11 5 10 4 9 3 8 7 
6 9 4 8 3 7 2 6 7 
6 8 5 7 3 6 2 5 7 
7 8 4 7 3 6 2 5 7 
7 8 5 7 3 6 2 5 7 
7 8 5 7 4 6 3 5 7 
7 8 5 7 3 6 2 5 7 
7 7 3 6 1 5 0 4 7 
6 11 4 10 3 9 2 8 7 
7 10 5 9 4 8 3 7 7 
6 11 4 10 3 9 2 8 7 
6 7 2 6 1 5 0 4 7 
6 8 4 7 2 6 0 5 7 
7 7 3 6 1 5 0 4 7 
7 10 5 9 4 8 3 7 7 
7 8 4 7 3 6 2 5 7 
7 9 4 8 3 7 2 6 7 
7 7 4 6 2 5 0 4 7 
6 7 2 6 1 5 0 4 7 
6 8 4 7 3 6 2 5 7 
6 7 5 6 4 5 3 4 7 
6 8 4 7 2 6 1 5 7 
6 10 4 9 3 8 2 7 7 
7 7 3 6 1 5 0 4 7 
7 7 3 6 2 5 1 4 7 
7 8 3 7 2 6 1 5 7 
7 7 3 6 1 5 0 4 7 
6 7 4 6 3 5 2 4 7 
6 8 4 7 2 6 1 5 7 
6 8 4 7 3 6 2 5 7 
6 7 2 6 0 5 0 4 7 
7 8 4 7 3 6 2 5 7 
7 9 4 8 3 7 2 6 7 
6 9 2 8 1 7 0 6 7 
6 10 4 9 3 8 2 7 7 
7 8 3 7 1 6 0 5 7 
7 8 4 7 1 6 0 5 7 
7 8 5 7 3 6 2 5 7 
7 7 3 6 1 5 0 4 7 
7 8 5 7 3 6 1 5 7 
7 9 3 8 1 7 0 6 7 
7 9 5 8 3 7 2 6 7 
7 9 3 8 1 7 0 6 7 
6 7 3 6 1 5 0 4 7 
7 9 3 8 1 7 0 6 7 
7 7 4 6 3 5 2 4 7 
7 9 4 8 3 7 2 6 7 
7 8 5 7 4 6 3 5 7 
7 8 3 7 2 6 1 5 7 
7 7 4 6 2 5 0 4 7 
7 9 3 8 2 7 1 6 7 
5 7 4 6 3 5 2 4 7 
7 8 3 7 1 6 0 5 7 
7 8 3 7 2 6 1 5 7 
7 8 6 7 5 6 4 5 7 
7 8 3 7 2 6 1 5 7 
7 8 3 7 1 6 0 5 7 
5 7 3 6 2 5 1 4 7 
7 11 3 10 1 9 0 8 7 
7 9 4 8 3 7 2 6 7 
7 11 3 10 1 9 0 8 7 
7 8 5 7 3 6 1 5 7 
7 8 3 7 2 6 1 5 7 
6 7 2 6 1 5 0 4 7 
7 9 4 8 3 7 2 6 7 
6 7 2 6 0 5 0 4 7 
7 10 3 9 1 8 0 7 7 
7 8 3 7 1 6 0 5 7 
7 10 3 9 1 8 0 7 7 
6 8 2 7 1 6 0 5 7 
6 7 3 6 2 5 1 4 7 
6 7 3 6 1 5 0 4 7 
7 8 3 7 2 6 1 5 7 
6 8 3 7 0 6 0 5 7 
6 7 2 6 0 5 0 4 7 
7 8 3 7 1 6 0 5 7 
6 8 4 7 3 6 2 5 7 
6 8 4 7 2 6 1 5 7 
6 9 2 8 0 7 0 6 7 
7 8 3 7 1 6 0 5 7 
7 8 3 7 1 6 0 5 7 
7 7 4 6 3 5 2 4 7 
7 10 3 9 2 8 1 7 7 
6 8 5 7 4 6 3 5 7 
6 9 2 8 0 7 0 6 7 
7 8 2 7 1 6 0 5 7 
7 8 3 7 2 6 1 5 7 
7 8 6 7 5 6 4 5 7 
7 10 4 9 3 8 2 7 7 
7 8 3 7 1 6 0 5 7 
7 9 4 8 2 7 1 6 7 
SCORES_TXT_END_0
SCORES_TXT_BEGIN_0 241 42 9 BLEU
17 17 16 16 15 15 14 14 17 
16 17 15 16 14 15 13 14 17 
15 15 13 14 12 13 11 12 17 
16 19 14 18 12 17 11 16 17 
16 19 14 18 12 17 11 16 17 
17 19 15 18 13 17 11 16 17 
17 19 15 18 13 17 11 16 17 
17 18 16 17 15 16 14 15 17 
16 18 14 17 12 16 11 15 17 
17 18 16 17 14 16 12 15 17 
16 18 14 17 12 16 11 15 17 
16 18 15 17 13 16 11 15 17 
16 18 15 17 14 16 13 15 17 
17 18 15 17 13 16 11 15 17 
17 18 15 17 13 16 11 15 17 
16 17 14 16 12 15 10 14 17 
15 17 13 16 11 15 10 14 17 
14 15 12 14 11 13 10 12 17 
15 16 13 15 11 14 9 13 17 
17 18 15 17 13 16 11 15 17 
15 16 13 15 12 14 11 13 17 
17 18 15 17 13 16 11 15 17 
17 18 15 17 13 16 11 15 17 
15 16 13 15 12 14 11 13 17 
16 21 15 20 14 19 13 18 17 
16 18 14 17 12 16 11 15 17 
16 21 15 20 14 19 13 18 17 
16 18 14 17 12 16 11 15 17 
16 18 14 17 12 16 10 15 17 
15 18 13 17 11 16 10 15 17 
14 15 11 14 9 13 7 12 17 
16 17 12 16 9 15 7 14 17 
17 18 16 17 14 16 12 15 17 
16 18 14 17 12 16 10 15 17 
17 19 16 18 15 17 13 16 17 
16 16 14 15 13 14 12 13 17 
16 18 15 17 13 16 12 15 17 
16 19 15 18 14 17 13 16 17 
14 16 12 15 11 14 10 13 17 
16 16 14 15 12 14 10 13 17 
16 20 14 19 11 18 9 17 17 
16 17 14 16 12 15 10 14 17 
SCORES_TXT_END_0
SCORES_TXT_BEGIN_0 242 100 9 BLEU
6 6 5 5 4 4 3 3 6 
5 6 4 5 3 4 2 3 6 
5 10 4 9 3 8 2 7 6 
5 10 4 9 3 8 2 7 6 
6 8 4 7 3 6 2 5 6 
5 6 3 5 2 4 1 3 6 
5 8 4 7 3 6 2 5 6 
5 9 4 8 3 7 2 6 6 
5 9 4 8 3 7 2 6 6 
6 6 3 5 2 4 1 3 6 
5 6 3 5 2 4 1 3 6 
6 7 4 6 3 5 2 4 6 
5 7 4 6 3 5 2 4 6 
6 6 2 5 1 4 0 3 6 
6 6 3 5 2 4 1 3 6 
5 6 3 5 2 4 1 3 6 
6 6 3 5 1 4 0 3 6 
5 6 3 5 2 4 1 3 6 
6 6 3 5 2 4 1 3 6 
4 6 2 5 1 4 0 3 6 
5 6 2 5 1 4 0 3 6 
6 6 3 5 1 4 0 3 6 
6 6 3 5 2 4 1 3 6 
5 6 3 5 2 4 1 3 6 
5 8 2 7 1 6 0 5 6 
6 6 2 5 0 4 0 3 6 
5 6 3 5 2 4 1 3 6 
5 8 3 7 2 6 1 5 6 
5 6 2 5 1 4 0 3 6 
5 6 2 5 1 4 0 3 6 
5 6 2 5 1 4 0 3 6 
6 6 2 5 1 4 0 3 6 
6 6 2 5 0 4 0 3 6 
5 6 2 5 1 4 0 3 6 
5 6 2 5 1 4 0 3 6 
6 6 3 5 1 4 0 3 6 
5 6 2 5 0 4 0 3 6 
4 6 2 5 1 4 0 3 6 
5 6 2 5 0 4 0 3 6 
6 6 2 5 0 4 0 3 6 
6 6 2 5 0 4 0 3 6 
4 10 2 9 1 8 0 7 6 
4 10 2 9 1 8 0 7 6 
6 6 2 5 1 4 0 3 6 
4 9 2 8 1 7 0 6 6 
4 9 2 8 1 7 0 6 6 
6 6 2 5 1 4 0 3 6 
5 6 3 5 2 4 1 3 6 
5 6 2 5 1 4 0 3 6 
5 6 2 5 1 4 0 3 6 
6 6 3 5 1 4 0 3 6 
5 8 2 7 1 6 0 5 6 
6 6 2 5 0 4 0 3 6 
5 6 2 5 0 4 0 3 6 
5 8 3 7 2 6 1 5 6 
6 6 4 5 3 4 2 3 6 
6 6 3 5 1 4 0 3 6 
4 6 2 5 1 4 0 3 6 
5 6 1 5 0 4 0 3 6 
5 6 2 5 0 4 0 3 6 
5 10 2 9 1 8 0 7 6 
5 6 2 5 1 4 0 3 6 
5 10 2 9 1 8 0 7 6 
5 10 2 9 1 8 0 7 6 
5 10 2 9 1 8 0 7 6 
4 6 2 5 1 4 0 3 6 
5 6 2 5 1 4 0 3 6 
5 10 3 9 2 8 1 7 6 
5 10 3 9 2 8 1 7 6 
6 8 2 7 1 6 0 5 6 
5 8 2 7 0 6 0 5 6 
5 9 2 8 1 7 0 6 6 
5 9 2 8 1 7 0 6 6 
4 8 2 7 1 6 0 5 6 
5 6 2 5 1 4 0 3 6 
6 8 3 7 2 6 1 5 6 
4 8 2 7 1 6 0 5 6 
5 9 3 8 2 7 1 6 6 
6 6 2 5 0 4 0 3 6 
5 6 1 5 0 4 0 3 6 
5 9 3 8 2 7 1 6 6 
4 10 2 9 1 8 0 7 6 
5 8 2 7 1 6 0 5 6 
4 9 2 8 1 7 0 6 6 
4 10 2 9 1 8 0 7 6 
6 8 2 7 1 6 0 5 6 
4 8 2 7 1 6 0 5 6 
4 9 2 8 1 7 0 6 6 
6 6 1 5 0 4 0 3 6 
5 6 2 5 1 4 0 3 6 
5 6 2 5 1 4 0 3 6 
4 9 2 8 1 7 0 6 6 
4 9 2 8 1 7 0 6 6 
6 6 2 5 1 4 0 3 6 
5 6 2 5 1 4 0 3 6 
6 6 1 5 0 4 0 3 6 
5 8 2 7 1 6 0 5 6 
5 6 2 5 0 4 0 3 6 
5 6 2 5 1 4 0 3 6 
5 6 1 5 0 4 0 3 6 
SCORES_TXT_END_0
SCORES_TXT_BEGIN_0 243 98 9 BLEU
9 9 8 8 7 7 6 6 9 
8 9 7 8 6 7 5 6 9 
9 10 8 9 6 8 4 7 9 
9 10 7 9 5 8 4 7 9 
8 13 7 12 6 11 5 10 9 
8 13 7 12 6 11 5 10 9 
9 10 7 9 5 8 4 7 9 
9 11 7 10 6 9 5 8 9 
8 11 7 10 6 9 5 8 9 
9 9 5 8 4 7 3 6 9 
9 10 7 9 5 8 4 7 9 
8 12 7 11 6 10 5 9 9 
9 10 7 9 5 8 3 7 9 
8 12 7 11 6 10 5 9 9 
9 10 7 9 5 8 3 7 9 
9 10 7 9 5 8 4 7 9 
9 10 8 9 6 8 5 7 9 
9 10 7 9 6 8 5 7 9 
9 10 7 9 6 8 5 7 9 
8 10 7 9 5 8 3 7 9 
8 9 5 8 4 7 3 6 9 
9 9 5 8 3 7 2 6 9 
9 10 6 9 4 8 3 7 9 
8 11 5 10 4 9 3 8 9 
9 10 7 9 6 8 5 7 9 
9 10 7 9 5 8 3 7 9 
9 10 7 9 6 8 5 7 9 
9 10 7 9 5 8 3 7 9 
9 10 5 9 4 8 3 7 9 
9 9 6 8 5 7 4 6 9 
9 9 5 8 3 7 2 6 9 
9 9 5 8 2 7 1 6 9 
8 10 7 9 6 8 5 7 9 
9 10 7 9 6 8 5 7 9 
9 10 7 9 5 8 3 7 9 
9 10 7 9 5 8 4 7 9 
8 10 7 9 6 8 5 7 9 
8 10 6 9 5 8 4 7 9 
8 10 7 9 6 8 5 7 9 
8 14 7 13 5 12 3 11 9 
8 12 7 11 6 10 5 9 9 
8 14 7 13 5 12 3 11 9 
8 10 6 9 5 8 4 7 9 
9 10 7 9 5 8 4 7 9 
8 12 7 11 6 10 5 9 9 
8 9 6 8 5 7 4 6 9 
8 9 5 8 3 7 2 6 9 
9 12 7 11 5 10 3 9 9 
9 10 5 9 4 8 3 7 9 
9 10 7 9 5 8 3 7 9 
9 9 5 8 3 7 1 6 9 
8 10 6 9 4 8 3 7 9 
8 10 6 9 4 8 2 7 9 
9 9 5 8 3 7 1 6 9 
8 10 7 9 6 8 5 7 9 
9 10 7 9 5 8 3 7 9 
9 11 7 10 5 9 4 8 9 
9 10 5 9 4 8 3 7 9 
8 11 5 10 3 9 2 8 9 
8 13 5 12 4 11 3 10 9 
8 13 5 12 4 11 3 10 9 
9 10 5 9 4 8 3 7 9 
8 12 6 11 4 10 3 9 9 
8 10 6 9 5 8 4 7 9 
9 11 5 10 4 9 3 8 9 
8 12 7 11 5 10 3 9 9 
8 12 5 11 4 10 3 9 9 
8 10 6 9 4 8 3 7 9 
8 12 5 11 4 10 3 9 9 
9 10 5 9 4 8 3 7 9 
9 9 6 8 4 7 3 6 9 
8 12 7 11 6 10 5 9 9 
8 10 5 9 4 8 3 7 9 
8 13 7 12 5 11 3 10 9 
8 9 6 8 4 7 2 6 9 
8 13 7 12 5 11 3 10 9 
9 11 7 10 5 9 4 8 9 
9 10 7 9 5 8 3 7 9 
9 10 5 9 4 8 3 7 9 
8 10 7 9 6 8 5 7 9 
8 10 6 9 4 8 3 7 9 
9 9 5 8 2 7 0 6 9 
8 14 6 13 5 12 4 11 9 
9 10 5 9 4 8 3 7 9 
8 14 6 13 5 12 4 11 9 
8 12 5 11 4 10 3 9 9 
8 10 6 9 5 8 4 7 9 
8 14 6 13 5 12 4 11 9 
9 11 7 10 5 9 4 8 9 
9 9 6 8 4 7 2 6 9 
9 9 5 8 3 7 2 6 9 
8 14 6 13 5 12 4 11 9 
9 11 8 10 6 9 4 8 9 
9 11 7 10 4 9 3 8 9 
8 12 7 11 6 10 5 9 9 
8 10 7 9 5 8 4 7 9 
9 9 5 8 2 7 1 6 9 
8 9 5 8 3 7 1 6 9 
SCORES_TXT_END_0
SCORES_TXT_BEGIN_0 244 100 9 BLEU
6 6 5 5 4 4 3 3 6 
5 6 4 5 3 4 2 3 6 
5 5 3 4 2 3 1 2 6 
5 10 4 9 3 8 2 7 6 
5 10 4 9 3 8 2 7 6 
6 8 4 7 3 6 2 5 6 
5 8 4 7 3 6 2 5 6 
4 5 2 4 1 3 0 2 6 
4 9 2 8 1 7 0 6 6 
4 9 2 8 1 7 0 6 6 
5 7 2 6 1 5 0 4 6 
4 7 2 6 1 5 0 4 6 
6 7 4 6 3 5 2 4 6 
5 9 4 8 3 7 2 6 6 
5 9 4 8 3 7 2 6 6 
5 7 4 6 3 5 2 4 6 
5 7 4 6 3 5 2 4 6 
5 6 3 5 1 4 0 3 6 
6 7 4 6 3 5 2 4 6 
6 7 4 6 3 5 2 4 6 
5 7 4 6 3 5 2 4 6 
6 9 4 8 3 7 2 6 6 
6 6 2 5 1 4 0 3 6 
5 6 2 5 1 4 0 3 6 
4 8 2 7 1 6 0 5 6 
6 6 2 5 1 4 0 3 6 
5 11 4 10 3 9 2 8 6 
5 11 4 10 3 9 2 8 6 
4 8 2 7 1 6 0 5 6 
5 11 4 10 3 9 2 8 6 
5 11 4 10 3 9 2 8 6 
5 9 4 8 3 7 2 6 6 
6 9 4 8 3 7 2 6 6 
4 6 2 5 1 4 0 3 6 
5 9 4 8 3 7 2 6 6 
4 6 2 5 1 4 0 3 6 
5 10 4 9 3 8 2 7 6 
4 6 2 5 1 4 0 3 6 
5 10 4 9 3 8 2 7 6 
4 8 2 7 1 6 0 5 6 
4 5 1 4 0 3 0 2 6 
5 6 2 5 1 4 0 3 6 
6 7 2 6 1 5 0 4 6 
5 8 2 7 1 6 0 5 6 
5 6 2 5 1 4 0 3 6 
5 5 2 4 1 3 0 2 6 
4 10 2 9 1 8 0 7 6 
5 6 2 5 1 4 0 3 6 
6 6 3 5 2 4 1 3 6 
4 10 2 9 1 8 0 7 6 
5 5 1 4 0 3 0 2 6 
5 5 0 4 0 3 0 2 6 
4 5 0 4 0 3 0 2 6 
6 6 3 5 2 4 1 3 6 
5 6 2 5 1 4 0 3 6 
5 5 2 4 1 3 0 2 6 
4 6 2 5 1 4 0 3 6 
5 8 2 7 1 6 0 5 6 
6 6 3 5 2 4 1 3 6 
6 6 2 5 1 4 0 3 6 
5 6 3 5 2 4 1 3 6 
5 5 1 4 0 3 0 2 6 
5 8 2 7 1 6 0 5 6 
6 8 4 7 3 6 2 5 6 
5 8 2 7 1 6 0 5 6 
5 10 2 9 1 8 0 7 6 
4 8 2 7 1 6 0 5 6 
5 10 2 9 1 8 0 7 6 
5 7 2 6 1 5 0 4 6 
4 10 2 9 1 8 0 7 6 
3 5 0 4 0 3 0 2 6 
4 5 1 4 0 3 0 2 6 
4 10 2 9 1 8 0 7 6 
4 5 0 4 0 3 0 2 6 
3 5 0 4 0 3 0 2 6 
5 10 2 9 1 8 0 7 6 
5 10 2 9 1 8 0 7 6 
4 10 2 9 1 8 0 7 6 
4 5 0 4 0 3 0 2 6 
6 6 3 5 1 4 0 3 6 
5 10 4 9 3 8 2 7 6 
4 10 2 9 1 8 0 7 6 
4 8 2 7 1 6 0 5 6 
6 7 2 6 1 5 0 4 6 
6 8 2 7 1 6 0 5 6 
5 5 0 4 0 3 0 2 6 
5 9 2 8 1 7 0 6 6 
5 9 2 8 1 7 0 6 6 
5 5 1 4 0 3 0 2 6 
5 10 4 9 3 8 2 7 6 
6 8 2 7 1 6 0 5 6 
5 7 2 6 1 5 0 4 6 
5 9 2 8 1 7 0 6 6 
5 5 1 4 0 3 0 2 6 
3 7 0 6 0 5 0 4 6 
6 6 3 5 1 4 0 3 6 
4 5 0 4 0 3 0 2 6 
5 8 4 7 3 6 2 5 6 
5 6 3 5 2 4 1 3 6 
5 5 1 4 0 3 0 2 6 
SCORES_TXT_END_0
SCORES_TXT_BEGIN_0 245 100 9 BLEU
6 6 5 5 4 4 3 3 6 
5 6 4 5 3 4 2 3 6 
5 6 4 5 3 4 2 3 6 
5 6 4 5 3 4 2 3 6 
5 6 4 5 3 4 2 3 6 
5 10 4 9 3 8 2 7 6 
5 10 4 9 3 8 2 7 6 
6 8 4 7 3 6 2 5 6 
5 8 4 7 3 6 2 5 6 
5 9 4 8 3 7 2 6 6 
5 9 4 8 3 7 2 6 6 
6 7 4 6 2 5 1 4 6 
6 7 4 6 2 5 1 4 6 
5 6 4 5 3 4 2 3 6 
4 6 3 5 2 4 1 3 6 
6 7 4 6 3 5 2 4 6 
6 7 3 6 1 5 0 4 6 
4 6 3 5 2 4 1 3 6 
6 8 4 7 2 6 1 5 6 
5 6 3 5 2 4 1 3 6 
5 7 4 6 3 5 2 4 6 
4 6 3 5 2 4 1 3 6 
5 7 3 6 1 5 0 4 6 
5 7 3 6 2 5 1 4 6 
6 6 3 5 1 4 0 3 6 
5 9 3 8 1 7 0 6 6 
4 10 3 9 2 8 1 7 6 
4 10 3 9 2 8 1 7 6 
5 7 2 6 1 5 0 4 6 
4 10 3 9 2 8 1 7 6 
4 10 3 9 2 8 1 7 6 
6 6 3 5 2 4 1 3 6 
5 7 4 6 3 5 2 4 6 
5 7 3 6 2 5 1 4 6 
5 8 3 7 2 6 1 5 6 
5 6 4 5 3 4 2 3 6 
5 6 3 5 1 4 0 3 6 
5 8 3 7 2 6 1 5 6 
5 7 3 6 2 5 1 4 6 
5 7 2 6 1 5 0 4 6 
5 7 3 6 2 5 1 4 6 
6 6 2 5 1 4 0 3 6 
5 6 3 5 1 4 0 3 6 
5 7 3 6 2 5 1 4 6 
6 6 3 5 2 4 1 3 6 
4 8 3 7 2 6 1 5 6 
5 8 3 7 1 6 0 5 6 
5 7 2 6 1 5 0 4 6 
4 10 3 9 2 8 1 7 6 
4 9 3 8 2 7 1 6 6 
4 10 3 9 2 8 1 7 6 
4 8 3 7 2 6 1 5 6 
5 6 2 5 1 4 0 3 6 
4 9 3 8 2 7 1 6 6 
4 9 3 8 2 7 1 6 6 
5 7 2 6 1 5 0 4 6 
5 6 3 5 2 4 1 3 6 
4 9 3 8 2 7 1 6 6 
4 7 2 6 1 5 0 4 6 
5 8 3 7 2 6 1 5 6 
6 7 2 6 1 5 0 4 6 
6 6 2 5 1 4 0 3 6 
6 7 3 6 2 5 1 4 6 
5 7 3 6 1 5 0 4 6 
4 7 2 6 1 5 0 4 6 
5 6 2 5 1 4 0 3 6 
5 7 2 6 1 5 0 4 6 
4 7 2 6 1 5 0 4 6 
6 9 3 8 1 7 0 6 6 
5 7 3 6 2 5 1 4 6 
4 9 2 8 1 7 0 6 6 
5 6 2 5 1 4 0 3 6 
4 9 2 8 1 7 0 6 6 
6 6 3 5 2 4 1 3 6 
5 7 3 6 1 5 0 4 6 
5 6 3 5 2 4 1 3 6 
6 7 4 6 2 5 1 4 6 
6 6 2 5 1 4 0 3 6 
4 8 3 7 2 6 1 5 6 
6 6 3 5 2 4 1 3 6 
4 9 2 8 1 7 0 6 6 
5 6 2 5 1 4 0 3 6 
4 9 3 8 2 7 1 6 6 
5 6 3 5 2 4 1 3 6 
5 8 3 7 2 6 1 5 6 
4 9 3 8 2 7 1 6 6 
5 7 3 6 1 5 0 4 6 
4 7 2 6 1 5 0 4 6 
5 6 2 5 1 4 0 3 6 
6 6 3 5 1 4 0 3 6 
5 6 2 5 1 4 0 3 6 
5 6 3 5 2 4 1 3 6 
5 7 3 6 2 5 1 4 6 
6 6 3 5 1 4 0 3 6 
4 6 2 5 1 4 0 3 6 
4 6 3 5 2 4 1 3 6 
5 6 3 5 2 4 1 3 6 
6 8 3 7 0 6 0 5 6 
5 7 3 6 2 5 1 4 6 
6 7 2 6 0 5 0 4 6 
SCORES_TXT_END_0
SCORES_TXT_BEGIN_0 246 100 9 BLEU
7 9 5 8 4 7 3 6 7 
7 9 5 8 4 7 3 6 7 
6 9 5 8 4 7 3 6 7 
6 9 5 8 4 7 3 6 7 
7 13 4 12 3 11 2 10 7 
7 13 4 12 3 11 2 10 7 
7 11 4 10 3 9 2 8 7 
7 11 4 10 3 9 2 8 7 
7 13 4 12 3 11 2 10 7 
7 13 4 12 3 11 2 10 7 
6 9 5 8 4 7 3 6 7 
6 9 5 8 4 7 3 6 7 
6 13 4 12 3 11 2 10 7 
6 13 4 12 3 11 2 10 7 
7 9 5 8 4 7 3 6 7 
7 9 5 8 4 7 3 6 7 
6 11 4 10 3 9 2 8 7 
6 11 4 10 3 9 2 8 7 
6 13 4 12 3 11 2 10 7 
6 13 4 12 3 11 2 10 7 
6 9 5 8 4 7 3 6 7 
6 9 5 8 4 7 3 6 7 
6 13 4 12 3 11 2 10 7 
6 13 4 12 3 11 2 10 7 
6 9 5 8 4 7 3 6 7 
7 13 4 12 3 11 2 10 7 
6 9 5 8 4 7 3 6 7 
7 13 4 12 3 11 2 10 7 
6 11 4 10 3 9 2 8 7 
6 11 4 10 3 9 2 8 7 
7 11 4 10 3 9 2 8 7 
6 13 4 12 3 11 2 10 7 
7 11 4 10 3 9 2 8 7 
6 13 4 12 3 11 2 10 7 
7 13 4 12 3 11 2 10 7 
7 9 5 8 4 7 3 6 7 
7 13 4 12 3 11 2 10 7 
7 9 5 8 4 7 3 6 7 
6 13 4 12 3 11 2 10 7 
6 13 4 12 3 11 2 10 7 
7 9 4 8 3 7 2 6 7 
7 9 4 8 3 7 2 6 7 
6 11 4 10 3 9 2 8 7 
6 11 4 10 3 9 2 8 7 
6 13 4 12 3 11 2 10 7 
6 13 4 12 3 11 2 10 7 
6 9 4 8 3 7 2 6 7 
6 9 4 8 3 7 2 6 7 
6 13 4 12 3 11 2 10 7 
6 13 4 12 3 11 2 10 7 
7 9 4 8 3 7 2 6 7 
7 9 4 8 3 7 2 6 7 
6 11 4 10 3 9 2 8 7 
6 11 4 10 3 9 2 8 7 
6 13 4 12 3 11 2 10 7 
6 13 4 12 3 11 2 10 7 
7 13 4 12 3 11 2 10 7 
7 13 4 12 3 11 2 10 7 
7 9 3 8 1 7 0 6 7 
7 9 3 8 1 7 0 6 7 
7 9 5 8 4 7 3 6 7 
7 9 5 8 4 7 3 6 7 
7 11 4 10 3 9 2 8 7 
7 11 4 10 3 9 2 8 7 
6 9 4 8 3 7 2 6 7 
6 9 4 8 3 7 2 6 7 
7 11 4 10 3 9 2 8 7 
7 11 4 10 3 9 2 8 7 
7 13 4 12 3 11 2 10 7 
7 13 4 12 3 11 2 10 7 
6 9 3 8 1 7 0 6 7 
6 9 3 8 1 7 0 6 7 
6 9 4 8 3 7 2 6 7 
6 9 4 8 3 7 2 6 7 
6 11 4 10 3 9 2 8 7 
6 11 4 10 3 9 2 8 7 
7 13 3 12 2 11 1 10 7 
7 13 3 12 2 11 1 10 7 
7 10 4 9 3 8 2 7 7 
7 10 4 9 3 8 2 7 7 
7 9 3 8 2 7 1 6 7 
7 9 3 8 2 7 1 6 7 
7 10 4 9 3 8 2 7 7 
7 10 4 9 3 8 2 7 7 
7 13 3 12 2 11 1 10 7 
7 11 3 10 2 9 1 8 7 
7 13 3 12 2 11 1 10 7 
7 11 3 10 2 9 1 8 7 
7 11 5 10 4 9 3 8 7 
7 11 5 10 4 9 3 8 7 
7 13 3 12 2 11 1 10 7 
7 10 4 9 3 8 2 7 7 
6 9 4 8 3 7 2 6 7 
7 11 4 10 3 9 2 8 7 
7 13 3 12 2 11 1 10 7 
7 10 4 9 3 8 2 7 7 
7 11 4 10 3 9 2 8 7 
6 9 4 8 3 7 2 6 7 
6 13 3 12 2 11 1 10 7 
6 13 3 12 2 11 1 10 7 
SCORES_TXT_END_0
SCORES_TXT_BEGIN_0 247 100 9 BLEU
12 12 11 11 10 10 9 9 12 
11 16 10 15 9 14 8 13 12 
11 16 10 15 9 14 8 13 12 
12 16 10 15 9 14 8 13 12 
12 16 10 15 9 14 8 13 12 
12 14 10 13 9 12 8 11 12 
11 14 10 13 9 12 8 11 12 
11 12 10 11 9 10 8 9 12 
12 13 10 12 9 11 8 10 12 
12 14 10 13 9 12 8 11 12 
12 14 10 13 9 12 8 11 12 
11 13 10 12 9 11 8 10 12 
12 15 10 14 9 13 8 12 12 
12 15 10 14 9 13 8 12 12 
12 13 10 12 9 11 8 10 12 
11 14 10 13 9 12 8 11 12 
11 14 10 13 9 12 8 11 12 
11 15 10 14 9 13 8 12 12 
11 15 10 14 9 13 8 12 12 
11 17 10 16 9 15 8 14 12 
11 17 10 16 9 15 8 14 12 
11 15 10 14 9 13 8 12 12 
11 15 10 14 9 13 8 12 12 
12 15 10 14 9 13 8 12 12 
11 12 10 11 9 10 8 9 12 
11 18 10 17 9 16 8 15 12 
11 18 10 17 9 16 8 15 12 
11 18 10 17 9 16 8 15 12 
11 18 10 17 9 16 8 15 12 
11 13 10 12 9 11 8 10 12 
11 15 10 14 9 13 8 12 12 
11 20 10 19 9 18 8 17 12 
11 20 10 19 9 18 8 17 12 
11 20 10 19 9 18 8 17 12 
11 20 10 19 9 18 8 17 12 
12 13 10 12 9 11 8 10 12 
12 18 10 17 9 16 8 15 12 
12 18 10 17 9 16 8 15 12 
11 17 10 16 9 15 8 14 12 
11 17 10 16 9 15 8 14 12 
10 16 9 15 8 14 7 13 12 
11 17 10 16 9 15 8 14 12 
11 12 10 11 9 10 8 9 12 
11 17 10 16 9 15 8 14 12 
10 16 9 15 8 14 7 13 12 
11 19 10 18 9 17 8 16 12 
11 13 10 12 9 11 8 10 12 
11 19 10 18 9 17 8 16 12 
11 19 10 18 9 17 8 16 12 
11 19 10 18 9 17 8 16 12 
11 18 10 17 9 16 8 15 12 
11 17 10 16 9 15 8 14 12 
11 18 10 17 9 16 8 15 12 
11 18 10 17 9 16 8 15 12 
11 18 10 17 9 16 8 15 12 
11 17 10 16 9 15 8 14 12 
11 19 10 18 9 17 8 16 12 
11 19 10 18 9 17 8 16 12 
11 19 10 18 9 17 8 16 12 
11 19 10 18 9 17 8 16 12 
12 17 10 16 9 15 8 14 12 
11 16 9 15 8 14 7 13 12 
12 17 10 16 9 15 8 14 12 
11 16 9 15 8 14 7 13 12 
12 16 10 15 9 14 8 13 12 
12 15 10 14 9 13 8 12 12 
12 12 8 11 5 10 2 9 12 
12 12 8 11 7 10 6 9 12 
11 17 10 16 9 15 8 14 12 
11 17 10 16 9 15 8 14 12 
10 16 9 15 8 14 7 13 12 
11 18 10 17 9 16 8 15 12 
11 16 10 15 9 14 8 13 12 
11 15 10 14 9 13 8 12 12 
11 18 10 17 9 16 8 15 12 
10 16 9 15 8 14 7 13 12 
11 18 10 17 9 16 8 15 12 
11 17 10 16 9 15 8 14 12 
11 16 10 15 9 14 8 13 12 
11 18 10 17 9 16 8 15 12 
12 14 10 13 9 12 8 11 12 
11 17 10 16 9 15 8 14 12 
11 16 10 15 9 14 8 13 12 
11 14 9 13 8 12 7 11 12 
11 16 9 15 8 14 7 13 12 
11 16 9 15 8 14 7 13 12 
12 15 10 14 9 13 8 12 12 
12 15 10 14 9 13 8 12 12 
11 14 10 13 9 12 8 11 12 
12 17 10 16 9 15 8 14 12 
12 17 10 16 9 15 8 14 12 
11 15 10 14 9 13 8 12 12 
11 15 10 14 9 13 8 12 12 
11 12 8 11 7 10 6 9 12 
10 14 9 13 8 12 7 11 12 
12 12 8 11 6 10 5 9 12 
12 12 8 11 6 10 5 9 12 
12 12 9 11 6 10 3 9 12 
12 12 8 11 6 10 5 9 12 
11 13 10 12 9 11 8 10 12 
SCORES_TXT_END_0
SCORES_TXT_BEGIN_0 248 100 9 BLEU
8 8 7 7 6 6 5 5 8 
8 8 4 7 1 6 0 5 8 
8 12 4 11 1 10 0 9 8 
8 10 4 9 1 8 0 7 8 
8 12 4 11 1 10 0 9 8 
8 9 6 8 4 7 3 6 8 
8 10 6 9 5 8 4 7 8 
8 9 6 8 4 7 2 6 8 
8 9 6 8 5 7 4 6 8 
8 10 6 9 4 8 2 7 8 
8 10 6 9 4 8 2 7 8 
7 12 3 11 1 10 0 9 8 
8 12 6 11 4 10 2 9 8 
7 10 3 9 1 8 0 7 8 
8 12 6 11 5 10 4 9 8 
8 12 6 11 5 10 4 9 8 
7 12 3 11 1 10 0 9 8 
8 10 6 9 4 8 2 7 8 
8 9 6 8 4 7 2 6 8 
7 12 3 11 1 10 0 9 8 
8 11 6 10 4 9 2 8 8 
8 9 4 8 1 7 0 6 8 
8 12 6 11 4 10 2 9 8 
8 10 4 9 1 8 0 7 8 
8 10 4 9 1 8 0 7 8 
7 12 3 11 1 10 0 9 8 
8 9 6 8 5 7 4 6 8 
7 8 3 7 1 6 0 5 8 
8 11 6 10 5 9 4 8 8 
7 8 5 7 3 6 2 5 8 
7 10 3 9 1 8 0 7 8 
8 11 6 10 4 9 2 8 8 
7 8 5 7 3 6 1 5 8 
7 8 5 7 3 6 1 5 8 
8 9 4 8 1 7 0 6 8 
8 11 4 10 1 9 0 8 8 
8 9 4 8 1 7 0 6 8 
8 11 6 10 5 9 4 8 8 
8 9 3 8 0 7 0 6 8 
8 13 3 12 0 11 0 10 8 
8 11 4 10 1 9 0 8 8 
7 8 3 7 1 6 0 5 8 
7 8 5 7 3 6 1 5 8 
8 8 4 7 2 6 0 5 8 
7 8 5 7 3 6 1 5 8 
8 11 3 10 0 9 0 8 8 
8 9 4 8 1 7 0 6 8 
8 14 4 13 1 12 0 11 8 
7 8 6 7 5 6 4 5 8 
7 9 5 8 3 7 2 6 8 
8 10 4 9 1 8 0 7 8 
7 8 3 7 1 6 0 5 8 
7 12 3 11 1 10 0 9 8 
8 13 3 12 0 11 0 10 8 
8 11 4 10 1 9 0 8 8 
8 11 4 10 1 9 0 8 8 
7 10 5 9 3 8 2 7 8 
8 11 4 10 1 9 0 8 8 
8 11 4 10 1 9 0 8 8 
8 12 4 11 1 10 0 9 8 
8 11 4 10 1 9 0 8 8 
8 11 4 10 1 9 0 8 8 
8 13 4 12 1 11 0 10 8 
7 10 5 9 3 8 2 7 8 
7 8 3 7 1 6 0 5 8 
7 9 3 8 1 7 0 6 8 
7 10 3 9 1 8 0 7 8 
8 10 4 9 2 8 0 7 8 
8 10 4 9 1 8 0 7 8 
7 10 3 9 1 8 0 7 8 
7 12 5 11 3 10 2 9 8 
8 13 4 12 1 11 0 10 8 
8 8 3 7 1 6 0 5 8 
7 9 3 8 1 7 0 6 8 
7 12 3 11 1 10 0 9 8 
8 14 4 13 1 12 0 11 8 
8 11 5 10 3 9 2 8 8 
8 10 5 9 2 8 0 7 8 
8 9 4 8 1 7 0 6 8 
7 10 3 9 1 8 0 7 8 
8 11 4 10 1 9 0 8 8 
8 9 6 8 5 7 4 6 8 
8 13 4 12 1 11 0 10 8 
8 8 4 7 2 6 0 5 8 
8 13 4 12 1 11 0 10 8 
8 11 5 10 3 9 2 8 8 
8 10 4 9 1 8 0 7 8 
7 10 3 9 1 8 0 7 8 
8 11 4 10 1 9 0 8 8 
7 12 3 11 1 10 0 9 8 
8 10 5 9 3 8 2 7 8 
7 10 5 9 3 8 2 7 8 
7 8 3 7 1 6 0 5 8 
7 9 4 8 1 7 0 6 8 
7 9 5 8 3 7 2 6 8 
8 11 4 10 1 9 0 8 8 
8 11 5 10 2 9 0 8 8 
7 8 4 7 1 6 0 5 8 
8 12 4 11 1 10 0 9 8 
7 9 4 8 1 7 0 6 8 
SCORES_TXT_END_0
SCORES_TXT_BEGIN_0 249 100 9 BLEU
9 9 8 8 7 7 6 6 9 
8 10 6 9 5 8 4 7 9 
8 9 7 8 6 7 5 6 9 
9 11 7 10 6 9 5 8 9 
9 10 7 9 5 8 3 7 9 
7 10 5 9 4 8 3 7 9 
8 11 7 10 6 9 5 8 9 
8 13 7 12 6 11 5 10 9 
8 13 7 12 6 11 5 10 9 
8 12 5 11 4 10 3 9 9 
8 11 5 10 3 9 1 8 9 
7 12 5 11 4 10 3 9 9 
7 14 5 13 4 12 3 11 9 
7 14 5 13 4 12 3 11 9 
8 9 6 8 4 7 3 6 9 
8 10 6 9 4 8 2 7 9 
9 12 6 11 4 10 2 9 9 
7 9 6 8 5 7 4 6 9 
8 10 6 9 4 8 3 7 9 
7 10 4 9 2 8 1 7 9 
7 11 4 10 2 9 0 8 9 
8 12 6 11 4 10 2 9 9 
9 9 5 8 3 7 1 6 9 
8 10 6 9 4 8 3 7 9 
8 14 6 13 4 12 2 11 9 
8 14 6 13 4 12 2 11 9 
9 9 5 8 2 7 0 6 9 
8 10 5 9 3 8 2 7 9 
8 13 4 12 2 11 0 10 9 
8 12 7 11 6 10 5 9 9 
7 11 4 10 2 9 1 8 9 
9 9 5 8 4 7 3 6 9 
8 12 7 11 6 10 5 9 9 
9 9 5 8 3 7 2 6 9 
7 9 5 8 4 7 3 6 9 
7 13 4 12 2 11 0 10 9 
7 11 4 10 2 9 1 8 9 
8 10 3 9 2 8 1 7 9 
7 15 4 14 2 13 0 12 9 
7 15 4 14 2 13 0 12 9 
8 11 5 10 3 9 2 8 9 
6 9 5 8 4 7 3 6 9 
7 11 3 10 1 9 0 8 9 
9 9 5 8 2 7 0 6 9 
8 10 3 9 1 8 0 7 9 
7 13 5 12 4 11 3 10 9 
8 9 5 8 3 7 1 6 9 
8 10 3 9 2 8 1 7 9 
7 13 5 12 4 11 3 10 9 
9 9 5 8 3 7 2 6 9 
7 10 5 9 4 8 3 7 9 
8 11 5 10 3 9 2 8 9 
8 11 6 10 4 9 3 8 9 
9 10 7 9 5 8 3 7 9 
8 9 5 8 4 7 3 6 9 
6 10 3 9 2 8 1 7 9 
8 9 5 8 3 7 2 6 9 
8 11 5 10 3 9 1 8 9 
7 11 5 10 4 9 3 8 9 
8 10 5 9 4 8 3 7 9 
8 10 3 9 1 8 0 7 9 
9 9 5 8 3 7 2 6 9 
7 10 5 9 3 8 1 7 9 
9 10 4 9 3 8 2 7 9 
9 10 5 9 3 8 2 7 9 
7 10 5 9 4 8 3 7 9 
7 13 5 12 4 11 3 10 9 
8 11 5 10 4 9 3 8 9 
7 12 3 11 1 10 0 9 9 
8 9 5 8 4 7 3 6 9 
7 13 5 12 4 11 3 10 9 
8 11 5 10 4 9 3 8 9 
8 11 5 10 4 9 3 8 9 
9 10 5 9 3 8 1 7 9 
7 10 4 9 3 8 2 7 9 
8 11 5 10 3 9 2 8 9 
8 9 4 8 1 7 0 6 9 
6 11 5 10 4 9 3 8 9 
8 9 4 8 2 7 0 6 9 
8 10 3 9 1 8 0 7 9 
9 10 7 9 6 8 5 7 9 
7 10 3 9 2 8 1 7 9 
8 12 5 11 3 10 2 9 9 
6 11 3 10 2 9 1 8 9 
7 12 3 11 1 10 0 9 9 
7 12 4 11 2 10 1 9 9 
7 10 3 9 2 8 1 7 9 
6 13 5 12 4 11 3 10 9 
8 12 5 11 3 10 2 9 9 
6 13 5 12 4 11 3 10 9 
7 11 5 10 4 9 3 8 9 
9 10 7 9 5 8 3 7 9 
8 9 4 8 3 7 2 6 9 
8 9 5 8 3 7 2 6 9 
8 10 3 9 1 8 0 7 9 
7 11 3 10 2 9 1 8 9 
7 12 3 11 2 10 1 9 9 
9 10 5 9 2 8 0 7 9 
9 10 5 9 3 8 2 7 9 
7 9 4 8 3 7 2 6 9 
SCORES_TXT_END_0
SCORES_TXT_BEGIN_0 250 100 9 BLEU
10 11 9 10 8 9 7 8 11 
11 11 10 10 9 9 8 8 11 
10 13 8 12 7 11 6 10 11 
11 13 9 12 8 11 7 10 11 
10 11 7 10 2 9 1 8 11 
10 12 8 11 6 10 4 9 11 
10 12 8 11 7 10 6 9 11 
11 11 8 10 3 9 1 8 11 
9 11 7 10 5 9 3 8 11 
11 12 9 11 7 10 5 9 11 
11 12 9 11 8 10 7 9 11 
10 11 8 10 6 9 4 8 11 
10 13 6 12 1 11 0 10 11 
10 14 7 13 5 12 3 11 11 
10 12 9 11 7 10 5 9 11 
10 12 8 11 7 10 6 9 11 
11 13 7 12 2 11 0 10 11 
9 11 6 10 2 9 1 8 11 
10 15 8 14 7 13 6 12 11 
9 13 6 12 4 11 2 10 11 
10 15 8 14 7 13 6 12 11 
11 12 9 11 8 10 7 9 11 
11 14 8 13 6 12 4 11 11 
10 11 6 10 3 9 0 8 11 
10 11 7 10 3 9 1 8 11 
11 12 10 11 8 10 6 9 11 
10 12 8 11 6 10 4 9 11 
11 15 9 14 8 13 7 12 11 
11 15 9 14 8 13 7 12 11 
10 12 6 11 3 10 0 9 11 
10 13 7 12 5 11 3 10 11 
11 12 9 11 7 10 6 9 11 
10 12 6 11 1 10 0 9 11 
10 13 7 12 5 11 3 10 11 
9 10 7 9 6 8 5 7 11 
10 14 8 13 6 12 4 11 11 
10 13 6 12 3 11 0 10 11 
11 11 7 10 4 9 1 8 11 
10 10 8 9 6 8 5 7 11 
11 12 9 11 7 10 5 9 11 
10 12 8 11 7 10 6 9 11 
10 14 8 13 7 12 6 11 11 
10 12 7 11 2 10 1 9 11 
11 12 7 11 2 10 0 9 11 
11 12 7 11 4 10 1 9 11 
9 12 6 11 3 10 1 9 11 
9 13 5 12 1 11 0 10 11 
9 12 6 11 4 10 2 9 11 
9 12 6 11 4 10 2 9 11 
10 12 8 11 7 10 6 9 11 
9 13 7 12 5 11 3 10 11 
10 14 8 13 7 12 6 11 11 
10 11 6 10 3 9 1 8 11 
11 13 8 12 6 11 4 10 11 
11 14 9 13 8 12 7 11 11 
11 12 8 11 3 10 1 9 11 
10 12 7 11 2 10 1 9 11 
10 11 6 10 3 9 0 8 11 
10 11 6 10 5 9 4 8 11 
11 14 9 13 7 12 5 11 11 
10 13 6 12 2 11 0 10 11 
10 14 7 13 5 12 3 11 11 
11 13 7 12 4 11 1 10 11 
9 11 5 10 2 9 0 8 11 
11 12 9 11 8 10 7 9 11 
9 11 8 10 7 9 6 8 11 
9 10 5 9 2 8 1 7 11 
10 12 7 11 5 10 3 9 11 
10 11 6 10 4 9 3 8 11 
10 11 7 10 3 9 2 8 11 
10 11 6 10 4 9 3 8 11 
10 11 6 10 2 9 0 8 11 
11 14 9 13 8 12 7 11 11 
10 14 8 13 7 12 6 11 11 
11 12 8 11 3 10 1 9 11 
10 12 7 11 5 10 3 9 11 
10 12 6 11 1 10 0 9 11 
10 12 8 11 7 10 6 9 11 
10 12 7 11 4 10 2 9 11 
10 13 7 12 5 11 3 10 11 
11 11 7 10 6 9 5 8 11 
10 12 7 11 5 10 3 9 11 
10 15 6 14 3 13 0 12 11 
10 15 6 14 3 13 0 12 11 
10 11 7 10 3 9 1 8 11 
11 14 8 13 6 12 5 11 11 
10 11 9 10 8 9 7 8 11 
10 10 6 9 3 8 1 7 11 
11 11 7 10 4 9 2 8 11 
11 11 8 10 4 9 2 8 11 
10 12 7 11 3 10 2 9 11 
9 12 5 11 2 10 0 9 11 
11 11 7 10 5 9 4 8 11 
10 13 8 12 5 11 3 10 11 
10 13 8 12 6 11 4 10 11 
9 12 6 11 5 10 4 9 11 
10 13 8 12 6 11 4 10 11 
10 15 6 14 1 13 0 12 11 
10 15 6 14 1 13 0 12 11 
10 16 7 15 5 14 3 13 11 
SCORES_TXT_END_0
SCORES_TXT_BEGIN_0 251 24 9 BLEU
4 4 3 3 2 2 1 1 4 
4 6 2 5 1 4 0 3 4 
4 5 2 4 1 3 0 2 4 
4 8 2 7 1 6 0 5 4 
4 8 2 7 1 6 0 5 4 
4 5 2 4 1 3 0 2 4 
4 7 2 6 1 5 0 4 4 
4 7 2 6 1 5 0 4 4 
3 4 2 3 1 2 0 1 4 
4 5 2 4 1 3 0 2 4 
3 5 2 4 1 3 0 2 4 
3 5 2 4 1 3 0 2 4 
4 4 2 3 1 2 0 1 4 
3 4 2 3 1 2 0 1 4 
3 5 2 4 1 3 0 2 4 
3 5 2 4 1 3 0 2 4 
4 5 2 4 1 3 0 2 4 
4 6 2 5 1 4 0 3 4 
4 5 2 4 1 3 0 2 4 
4 5 2 4 1 3 0 2 4 
4 8 2 7 1 6 0 5 4 
4 8 2 7 1 6 0 5 4 
4 7 2 6 1 5 0 4 4 
4 7 2 6 1 5 0 4 4 
SCORES_TXT_END_0
SCORES_TXT_BEGIN_0 252 95 9 BLEU
12 12 11 11 10 10 9 9 12 
11 12 10 11 9 10 8 9 12 
11 13 10 12 9 11 8 10 12 
11 16 10 15 9 14 8 13 12 
11 16 10 15 9 14 8 13 12 
12 14 10 13 9 12 8 11 12 
11 14 10 13 9 12 8 11 12 
12 13 10 12 9 11 8 10 12 
10 10 8 9 6 8 4 7 12 
10 12 8 11 6 10 4 9 12 
11 11 9 10 7 9 5 8 12 
11 15 10 14 9 13 8 12 12 
12 13 11 12 9 11 7 10 12 
11 15 10 14 9 13 8 12 12 
11 13 10 12 9 11 8 10 12 
9 10 7 9 5 8 3 7 12 
11 12 10 11 9 10 8 9 12 
11 12 8 11 6 10 4 9 12 
9 12 7 11 5 10 3 9 12 
11 11 9 10 7 9 6 8 12 
9 11 7 10 5 9 3 8 12 
10 11 8 10 6 9 4 8 12 
9 14 7 13 5 12 3 11 12 
11 17 10 16 9 15 8 14 12 
9 14 7 13 5 12 3 11 12 
11 13 10 12 8 11 7 10 12 
11 17 10 16 9 15 8 14 12 
10 13 9 12 8 11 7 10 12 
12 13 10 12 9 11 8 10 12 
10 12 9 11 8 10 7 9 12 
9 13 7 12 5 11 3 10 12 
12 15 10 14 9 13 8 12 12 
11 12 10 11 9 10 8 9 12 
11 12 9 11 7 10 5 9 12 
10 12 7 11 5 10 3 9 12 
10 12 7 11 5 10 3 9 12 
9 16 7 15 5 14 3 13 12 
9 16 7 15 5 14 3 13 12 
10 12 8 11 6 10 4 9 12 
11 15 10 14 9 13 8 12 12 
11 14 10 13 8 12 7 11 12 
11 13 10 12 9 11 8 10 12 
11 16 10 15 9 14 8 13 12 
9 12 7 11 5 10 3 9 12 
10 11 8 10 7 9 6 8 12 
11 16 10 15 9 14 8 13 12 
10 15 8 14 6 13 4 12 12 
10 15 8 14 6 13 4 12 12 
10 14 9 13 8 12 7 11 12 
10 14 7 13 5 12 3 11 12 
10 13 9 12 8 11 7 10 12 
11 17 10 16 8 15 7 14 12 
11 17 10 16 8 15 7 14 12 
11 12 9 11 7 10 5 9 12 
11 12 10 11 9 10 8 9 12 
10 13 7 12 5 11 3 10 12 
10 17 9 16 8 15 7 14 12 
10 17 9 16 8 15 7 14 12 
10 16 9 15 8 14 7 13 12 
10 16 9 15 8 14 7 13 12 
11 13 8 12 6 11 4 10 12 
9 14 7 13 5 12 3 11 12 
11 12 9 11 7 10 6 9 12 
10 11 7 10 5 9 3 8 12 
10 12 8 11 6 10 4 9 12 
10 16 7 15 5 14 3 13 12 
12 13 10 12 8 11 6 10 12 
10 16 7 15 5 14 3 13 12 
12 15 10 14 8 13 7 12 12 
10 12 8 11 6 10 4 9 12 
10 12 9 11 8 10 7 9 12 
11 15 9 14 8 13 7 12 12 
11 12 10 11 9 10 8 9 12 
11 14 9 13 8 12 7 11 12 
10 13 8 12 6 11 4 10 12 
10 10 6 9 4 8 2 7 12 
11 11 7 10 5 9 3 8 12 
11 15 10 14 8 13 7 12 12 
12 12 8 11 6 10 4 9 12 
10 15 8 14 7 13 6 12 12 
11 14 7 13 5 12 3 11 12 
10 13 7 12 5 11 3 10 12 
10 12 7 11 5 10 4 9 12 
10 15 8 14 7 13 6 12 12 
10 15 9 14 8 13 7 12 12 
10 14 9 13 8 12 7 11 12 
11 12 6 11 4 10 2 9 12 
12 14 10 13 9 12 8 11 12 
10 12 9 11 8 10 7 9 12 
10 12 8 11 6 10 5 9 12 
10 14 7 13 5 12 3 11 12 
11 12 8 11 6 10 4 9 12 
10 13 8 12 6 11 4 10 12 
12 14 10 13 8 12 7 11 12 
11 11 7 10 6 9 5 8 12 
SCORES_TXT_END_0
SCORES_TXT_BEGIN_0 253 1 9 BLEU
25 25 24 24 23 23 22 22 25 
SCORES_TXT_END_0
SCORES_TXT_BEGIN_0 254 94 9 BLEU
10 10 6 9 4 8 3 7 12 
11 11 8 10 7 9 6 8 12 
10 11 6 10 4 9 3 8 12 
11 12 8 11 7 10 6 9 12 
11 12 9 11 7 10 5 9 12 
12 13 11 12 10 11 9 10 12 
11 11 6 10 4 9 3 8 12 
12 12 8 11 7 10 6 9 12 
10 10 5 9 2 8 0 7 12 
11 11 7 10 5 9 3 8 12 
11 11 7 10 4 9 3 8 12 
12 12 9 11 7 10 6 9 12 
11 13 9 12 7 11 5 10 12 
12 14 11 13 10 12 9 11 12 
11 11 6 10 2 9 0 8 12 
10 10 6 9 4 8 3 7 12 
12 12 8 11 5 10 3 9 12 
11 13 9 12 7 11 5 10 12 
11 11 8 10 7 9 6 8 12 
12 14 11 13 10 12 9 11 12 
10 10 5 9 2 8 0 7 12 
11 12 6 11 4 10 3 9 12 
12 13 8 12 7 11 6 10 12 
11 11 7 10 5 9 3 8 12 
11 12 8 11 5 10 2 9 12 
11 11 5 10 2 9 0 8 12 
11 14 8 13 5 12 3 11 12 
10 11 6 10 4 9 3 8 12 
11 14 8 13 5 12 3 11 12 
12 13 10 12 8 11 6 10 12 
12 12 7 11 5 10 3 9 12 
11 11 7 10 5 9 4 8 12 
12 15 10 14 8 13 6 12 12 
11 12 8 11 7 10 6 9 12 
12 15 10 14 8 13 6 12 12 
10 10 5 9 2 8 1 7 12 
11 13 9 12 7 11 5 10 12 
11 13 7 12 4 11 3 10 12 
12 12 8 11 5 10 4 9 12 
12 14 11 13 10 12 9 11 12 
11 13 7 12 4 11 3 10 12 
11 12 8 11 6 10 4 9 12 
11 11 6 10 2 9 1 8 12 
12 14 9 13 7 12 6 11 12 
12 14 9 13 7 12 6 11 12 
10 11 6 10 4 9 3 8 12 
11 12 8 11 7 10 6 9 12 
12 12 7 11 4 10 3 9 12 
11 11 7 10 5 9 4 8 12 
12 13 9 12 7 11 6 10 12 
11 12 7 11 4 10 3 9 12 
10 10 5 9 2 8 1 7 12 
11 13 6 12 2 11 0 10 12 
9 11 6 10 4 9 3 8 12 
11 13 8 12 5 11 2 10 12 
11 12 7 11 4 10 3 9 12 
12 13 9 12 7 11 6 10 12 
11 13 6 12 2 11 0 10 12 
10 11 6 10 4 9 3 8 12 
10 12 8 11 7 10 6 9 12 
10 11 6 10 4 9 3 8 12 
12 13 9 12 7 11 6 10 12 
11 12 9 11 7 10 5 9 12 
11 12 8 11 7 10 6 9 12 
11 11 5 10 2 9 1 8 12 
12 14 8 13 5 12 3 11 12 
11 12 8 11 7 10 6 9 12 
12 14 10 13 8 12 6 11 12 
12 12 7 11 5 10 3 9 12 
12 14 8 13 5 12 3 11 12 
12 13 11 12 10 11 9 10 12 
11 12 8 11 5 10 2 9 12 
11 11 5 10 2 9 0 8 12 
11 14 9 13 7 12 5 11 12 
12 12 6 11 2 10 0 9 12 
12 13 10 12 8 11 7 10 12 
11 15 8 14 5 13 3 12 12 
11 11 6 10 4 9 3 8 12 
10 12 6 11 4 10 3 9 12 
11 15 8 14 5 13 3 12 12 
11 12 6 11 2 10 0 9 12 
12 15 11 14 10 13 9 12 12 
12 13 10 12 8 11 6 10 12 
12 12 7 11 5 10 3 9 12 
11 13 8 12 5 11 2 10 12 
12 16 10 15 8 14 6 13 12 
11 12 8 11 7 10 6 9 12 
11 13 8 12 7 11 6 10 12 
12 16 10 15 8 14 6 13 12 
12 13 8 12 5 11 3 10 12 
11 13 6 12 4 11 3 10 12 
11 12 6 11 2 10 0 9 12 
11 13 8 12 5 11 3 10 12 
12 13 8 12 5 11 3 10 12 
SCORES_TXT_END_0
SCORES_TXT_BEGIN_0 255 100 9 BLEU
7 7 6 6 5 5 4 4 7 
5 5 3 4 1 3 0 2 7 
6 7 4 6 3 5 2 4 7 
6 7 5 6 4 5 3 4 7 
4 5 2 4 1 3 0 2 7 
6 6 4 5 2 4 1 3 7 
6 11 5 10 4 9 3 8 7 
6 11 5 10 4 9 3 8 7 
5 7 4 6 3 5 2 4 7 
7 9 5 8 4 7 3 6 7 
6 9 5 8 4 7 3 6 7 
4 9 2 8 1 7 0 6 7 
6 10 5 9 4 8 3 7 7 
4 9 2 8 1 7 0 6 7 
6 10 5 9 4 8 3 7 7 
6 7 4 6 2 5 1 4 7 
5 7 2 6 1 5 0 4 7 
5 11 4 10 3 9 2 8 7 
5 11 4 10 3 9 2 8 7 
6 7 4 6 2 5 1 4 7 
6 7 4 6 2 5 1 4 7 
6 9 4 8 3 7 2 6 7 
6 7 4 6 2 5 1 4 7 
4 7 2 6 1 5 0 4 7 
5 5 1 4 0 3 0 2 7 
4 8 2 7 1 6 0 5 7 
4 8 2 7 1 6 0 5 7 
5 7 3 6 2 5 1 4 7 
5 5 2 4 1 3 0 2 7 
5 9 4 8 3 7 2 6 7 
5 7 3 6 2 5 1 4 7 
5 7 3 6 2 5 1 4 7 
7 8 5 7 4 6 3 5 7 
5 7 3 6 2 5 1 4 7 
5 6 2 5 1 4 0 3 7 
6 7 4 6 2 5 0 4 7 
5 10 4 9 3 8 2 7 7 
6 7 3 6 1 5 0 4 7 
5 10 4 9 3 8 2 7 7 
5 6 3 5 1 4 0 3 7 
6 8 5 7 4 6 3 5 7 
5 6 3 5 2 4 1 3 7 
6 7 3 6 1 5 0 4 7 
7 7 3 6 1 5 0 4 7 
4 5 1 4 0 3 0 2 7 
5 7 3 6 1 5 0 4 7 
6 6 2 5 1 4 0 3 7 
7 7 3 6 2 5 1 4 7 
6 7 3 6 2 5 1 4 7 
4 7 3 6 2 5 1 4 7 
5 6 3 5 1 4 0 3 7 
4 7 1 6 0 5 0 4 7 
6 8 4 7 2 6 1 5 7 
5 6 2 5 0 4 0 3 7 
6 7 3 6 1 5 0 4 7 
6 7 4 6 2 5 1 4 7 
7 7 3 6 1 5 0 4 7 
6 7 3 6 2 5 1 4 7 
5 7 3 6 2 5 1 4 7 
6 6 2 5 0 4 0 3 7 
7 7 4 6 2 5 0 4 7 
5 5 2 4 1 3 0 2 7 
4 7 3 6 2 5 1 4 7 
4 7 3 6 2 5 1 4 7 
4 6 2 5 1 4 0 3 7 
4 7 3 6 2 5 1 4 7 
5 5 2 4 0 3 0 2 7 
5 7 2 6 1 5 0 4 7 
7 7 3 6 1 5 0 4 7 
6 7 3 6 1 5 0 4 7 
5 7 2 6 1 5 0 4 7 
7 7 4 6 2 5 1 4 7 
6 7 4 6 2 5 0 4 7 
5 10 3 9 2 8 1 7 7 
5 7 2 6 1 5 0 4 7 
5 10 3 9 2 8 1 7 7 
5 7 3 6 1 5 0 4 7 
6 7 2 6 1 5 0 4 7 
5 7 3 6 1 5 0 4 7 
5 8 3 7 2 6 1 5 7 
4 7 2 6 1 5 0 4 7 
6 8 4 7 3 6 2 5 7 
5 7 3 6 2 5 1 4 7 
7 7 3 6 0 5 0 4 7 
5 7 3 6 2 5 1 4 7 
4 8 2 7 1 6 0 5 7 
5 6 2 5 1 4 0 3 7 
7 7 3 6 1 5 0 4 7 
5 7 3 6 1 5 0 4 7 
4 5 2 4 1 3 0 2 7 
6 7 3 6 2 5 1 4 7 
6 8 3 7 2 6 1 5 7 
5 9 3 8 1 7 0 6 7 
5 7 3 6 2 5 1 4 7 
6 7 3 6 2 5 1 4 7 
5 7 3 6 2 5 1 4 7 
6 7 3 6 1 5 0 4 7 
6 7 2 6 1 5 0 4 7 
6 7 3 6 1 5 0 4 7 
5 7 3 6 1 5 0 4 7 
SCORES_TXT_END_0
SCORES_TXT_BEGIN_0 256 27 9 BLEU
10 10 9 9 8 8 7 7 10 
10 12 8 11 7 10 6 9 10 
9 12 8 11 7 10 6 9 10 
9 10 8 9 7 8 6 7 10 
10 11 9 10 7 9 5 8 10 
9 14 8 13 7 12 6 11 10 
10 11 8 10 6 9 5 8 10 
9 14 8 13 7 12 6 11 10 
10 11 8 10 7 9 6 8 10 
10 11 8 10 6 9 5 8 10 
10 14 8 13 7 12 6 11 10 
9 13 8 12 7 11 6 10 10 
10 11 8 10 6 9 5 8 10 
10 14 8 13 7 12 6 11 10 
9 13 8 12 7 11 6 10 10 
10 11 8 10 6 9 5 8 10 
10 10 6 9 4 8 3 7 10 
10 10 6 9 5 8 4 7 10 
10 12 6 11 5 10 4 9 10 
10 11 8 10 6 9 4 8 10 
9 12 6 11 5 10 4 9 10 
10 11 8 10 6 9 5 8 10 
9 11 8 10 7 9 6 8 10 
10 13 8 12 7 11 6 10 10 
10 13 8 12 7 11 6 10 10 
10 11 7 10 4 9 3 8 10 
10 11 8 10 6 9 5 8 10 
SCORES_TXT_END_0
SCORES_TXT_BEGIN_0 257 100 9 BLEU
8 8 7 7 6 6 5 5 8 
7 8 6 7 5 6 4 5 8 
8 9 7 8 5 7 3 6 8 
7 12 6 11 5 10 4 9 8 
7 12 6 11 5 10 4 9 8 
8 9 6 8 4 7 3 6 8 
8 10 6 9 5 8 4 7 8 
8 9 6 8 4 7 3 6 8 
7 10 6 9 5 8 4 7 8 
7 11 6 10 5 9 4 8 8 
7 11 6 10 5 9 4 8 8 
8 8 4 7 3 6 2 5 8 
8 9 6 8 4 7 3 6 8 
8 9 6 8 4 7 3 6 8 
8 9 6 8 4 7 2 6 8 
8 9 6 8 4 7 2 6 8 
8 9 6 8 5 7 4 6 8 
8 9 6 8 5 7 4 6 8 
7 8 4 7 3 6 2 5 8 
8 8 4 7 2 6 1 5 8 
8 9 6 8 5 7 4 6 8 
7 10 4 9 3 8 2 7 8 
8 9 7 8 6 7 5 6 8 
7 9 6 8 4 7 2 6 8 
8 9 6 8 5 7 4 6 8 
8 8 5 7 4 6 3 5 8 
8 9 5 8 3 7 2 6 8 
8 8 4 7 2 6 1 5 8 
8 9 6 8 5 7 4 6 8 
7 9 6 8 5 7 4 6 8 
8 9 6 8 4 7 2 6 8 
7 9 6 8 5 7 4 6 8 
8 9 4 8 3 7 2 6 8 
8 9 6 8 4 7 3 6 8 
7 9 5 8 4 7 3 6 8 
7 9 6 8 5 7 4 6 8 
7 9 5 8 4 7 3 6 8 
7 11 6 10 5 9 4 8 8 
8 9 6 8 4 7 3 6 8 
7 8 5 7 4 6 3 5 8 
7 11 6 10 5 9 4 8 8 
7 8 4 7 2 6 1 5 8 
7 9 5 8 3 7 1 6 8 
8 9 6 8 4 7 2 6 8 
7 13 6 12 4 11 2 10 8 
7 13 6 12 4 11 2 10 8 
8 8 4 7 2 6 0 5 8 
8 8 4 7 1 6 0 5 8 
7 10 4 9 2 8 1 7 8 
8 9 4 8 3 7 2 6 8 
7 12 4 11 3 10 2 9 8 
7 12 4 11 3 10 2 9 8 
7 9 6 8 5 7 4 6 8 
8 9 6 8 4 7 2 6 8 
7 9 5 8 3 7 2 6 8 
8 10 4 9 3 8 2 7 8 
7 8 5 7 3 6 2 5 8 
7 11 4 10 3 9 2 8 8 
7 9 5 8 4 7 3 6 8 
7 11 4 10 3 9 2 8 8 
8 10 6 9 4 8 3 7 8 
8 11 6 10 4 9 2 8 8 
8 8 5 7 3 6 2 5 8 
8 9 4 8 3 7 2 6 8 
7 9 6 8 5 7 4 6 8 
8 9 4 8 3 7 2 6 8 
8 9 4 8 3 7 2 6 8 
7 11 6 10 5 9 4 8 8 
7 11 5 10 3 9 2 8 8 
8 10 6 9 4 8 3 7 8 
8 8 4 7 2 6 1 5 8 
7 9 4 8 3 7 2 6 8 
8 9 4 8 3 7 2 6 8 
7 13 5 12 4 11 3 10 8 
7 9 5 8 4 7 3 6 8 
7 13 5 12 4 11 3 10 8 
7 11 6 10 5 9 4 8 8 
8 9 6 8 4 7 2 6 8 
7 13 5 12 4 11 3 10 8 
7 9 5 8 3 7 2 6 8 
7 11 6 10 4 9 2 8 8 
7 13 5 12 4 11 3 10 8 
8 9 4 8 3 7 2 6 8 
8 9 6 8 5 7 4 6 8 
7 12 6 11 4 10 2 9 8 
7 11 4 10 3 9 2 8 8 
7 9 5 8 3 7 2 6 8 
8 10 6 9 4 8 3 7 8 
7 12 6 11 4 10 2 9 8 
8 11 5 10 4 9 3 8 8 
8 9 6 8 4 7 2 6 8 
7 9 4 8 3 7 2 6 8 
7 13 6 12 5 11 4 10 8 
7 13 6 12 5 11 4 10 8 
8 9 6 8 5 7 4 6 8 
8 10 6 9 4 8 3 7 8 
8 11 5 10 4 9 3 8 8 
8 11 6 10 5 9 4 8 8 
8 10 6 9 3 8 2 7 8 
7 13 6 12 5 11 4 10 8 
SCORES_TXT_END_0
SCORES_TXT_BEGIN_0 258 100 9 BLEU
5 5 4 4 3 3 2 2 5 
5 7 3 6 2 5 1 4 5 
5 6 3 5 2 4 1 3 5 
5 9 3 8 2 7 1 6 5 
5 9 3 8 2 7 1 6 5 
5 6 3 5 2 4 1 3 5 
4 5 3 4 2 3 1 2 5 
5 8 3 7 2 6 1 5 5 
5 8 3 7 2 6 1 5 5 
4 5 3 4 2 3 1 2 5 
5 6 3 5 2 4 1 3 5 
4 5 3 4 2 3 1 2 5 
4 7 2 6 1 5 0 4 5 
4 5 2 4 1 3 0 2 5 
4 6 3 5 2 4 1 3 5 
4 6 3 5 2 4 1 3 5 
4 6 2 5 1 4 0 3 5 
4 5 2 4 1 3 0 2 5 
4 7 2 6 1 5 0 4 5 
5 5 2 4 1 3 0 2 5 
4 9 2 8 1 7 0 6 5 
4 9 2 8 1 7 0 6 5 
4 6 2 5 1 4 0 3 5 
4 7 2 6 1 5 0 4 5 
5 7 2 6 1 5 0 4 5 
4 6 2 5 1 4 0 3 5 
4 6 2 5 1 4 0 3 5 
4 6 2 5 1 4 0 3 5 
4 7 2 6 1 5 0 4 5 
4 8 2 7 1 6 0 5 5 
4 9 2 8 1 7 0 6 5 
4 9 2 8 1 7 0 6 5 
4 8 2 7 1 6 0 5 5 
5 6 2 5 1 4 0 3 5 
4 8 2 7 1 6 0 5 5 
4 8 2 7 1 6 0 5 5 
4 6 2 5 1 4 0 3 5 
4 6 2 5 1 4 0 3 5 
5 5 2 4 1 3 0 2 5 
5 6 2 5 1 4 0 3 5 
4 9 2 8 1 7 0 6 5 
4 9 2 8 1 7 0 6 5 
3 5 2 4 1 3 0 2 5 
4 8 2 7 1 6 0 5 5 
4 8 2 7 1 6 0 5 5 
4 5 2 4 1 3 0 2 5 
5 9 2 8 1 7 0 6 5 
5 9 2 8 1 7 0 6 5 
4 6 2 5 1 4 0 3 5 
4 5 2 4 1 3 0 2 5 
5 8 2 7 1 6 0 5 5 
5 8 2 7 1 6 0 5 5 
4 6 2 5 1 4 0 3 5 
3 5 2 4 1 3 0 2 5 
5 6 2 5 1 4 0 3 5 
4 9 2 8 1 7 0 6 5 
4 9 2 8 1 7 0 6 5 
4 6 2 5 1 4 0 3 5 
3 5 2 4 1 3 0 2 5 
4 6 2 5 1 4 0 3 5 
4 8 2 7 1 6 0 5 5 
3 5 2 4 1 3 0 2 5 
4 8 2 7 1 6 0 5 5 
4 5 2 4 1 3 0 2 5 
3 6 2 5 1 4 0 3 5 
3 6 2 5 1 4 0 3 5 
3 5 2 4 1 3 0 2 5 
4 6 2 5 1 4 0 3 5 
4 6 2 5 1 4 0 3 5 
5 6 2 5 1 4 0 3 5 
5 7 2 6 1 5 0 4 5 
3 6 2 5 1 4 0 3 5 
3 6 2 5 1 4 0 3 5 
5 6 2 5 1 4 0 3 5 
4 6 2 5 1 4 0 3 5 
4 7 2 6 1 5 0 4 5 
4 6 2 5 1 4 0 3 5 
3 6 2 5 1 4 0 3 5 
4 6 2 5 1 4 0 3 5 
3 6 2 5 1 4 0 3 5 
4 5 2 4 1 3 0 2 5 
3 5 2 4 1 3 0 2 5 
3 6 2 5 1 4 0 3 5 
3 6 2 5 1 4 0 3 5 
5 9 2 8 1 7 0 6 5 
5 9 2 8 1 7 0 6 5 
4 6 2 5 1 4 0 3 5 
5 8 2 7 1 6 0 5 5 
5 8 2 7 1 6 0 5 5 
4 6 2 5 1 4 0 3 5 
4 9 2 8 1 7 0 6 5 
4 9 2 8 1 7 0 6 5 
4 8 2 7 1 6 0 5 5 
4 8 2 7 1 6 0 5 5 
3 6 2 5 1 4 0 3 5 
3 6 2 5 1 4 0 3 5 
3 6 2 5 1 4 0 3 5 
3 6 2 5 1 4 0 3 5 
4 6 2 5 1 4 0 3 5 
4 7 2 6 1 5 0 4 5 
SCORES_TXT_END_0
SCORES_TXT_BEGIN_0 259 75 9 BLEU
11 11 10 10 9 9 8 8 11 
11 13 9 12 7 11 5 10 11 
11 13 9 12 7 11 5 10 11 
10 11 8 10 6 9 4 8 11 
11 12 9 11 7 10 5 9 11 
10 11 8 10 6 9 4 8 11 
10 12 8 11 6 10 4 9 11 
11 12 9 11 7 10 5 9 11 
11 13 10 12 9 11 7 10 11 
11 12 9 11 7 10 5 9 11 
11 12 9 11 7 10 5 9 11 
11 12 10 11 8 10 6 9 11 
11 12 9 11 8 10 7 9 11 
11 15 9 14 7 13 5 12 11 
11 15 10 14 9 13 7 12 11 
11 15 10 14 9 13 7 12 11 
10 13 7 12 4 11 1 10 11 
11 15 9 14 7 13 5 12 11 
10 13 7 12 4 11 1 10 11 
11 12 9 11 7 10 5 9 11 
11 14 9 13 7 12 5 11 11 
11 12 9 11 7 10 5 9 11 
11 14 9 13 7 12 5 11 11 
11 12 9 11 8 10 7 9 11 
11 14 9 13 7 12 5 11 11 
11 14 9 13 7 12 5 11 11 
11 14 10 13 9 12 7 11 11 
11 14 8 13 6 12 4 11 11 
11 12 9 11 7 10 5 9 11 
10 12 7 11 5 10 3 9 11 
11 13 9 12 7 11 5 10 11 
11 12 9 11 7 10 5 9 11 
10 13 8 12 6 11 4 10 11 
10 13 8 12 6 11 4 10 11 
11 14 8 13 6 12 4 11 11 
11 14 10 13 9 12 7 11 11 
11 14 10 13 8 12 6 11 11 
11 12 9 11 7 10 5 9 11 
11 14 10 13 8 12 6 11 11 
11 12 9 11 7 10 5 9 11 
11 11 7 10 5 9 3 8 11 
11 12 9 11 7 10 5 9 11 
9 12 7 11 5 10 3 9 11 
11 14 8 13 6 12 5 11 11 
11 14 8 13 6 12 4 11 11 
10 12 8 11 6 10 4 9 11 
10 11 7 10 5 9 3 8 11 
11 11 7 10 6 9 5 8 11 
11 14 8 13 6 12 5 11 11 
11 15 9 14 7 13 5 12 11 
11 14 10 13 9 12 7 11 11 
10 12 8 11 6 10 4 9 11 
11 15 9 14 7 13 5 12 11 
11 13 10 12 8 11 6 10 11 
10 12 8 11 6 10 4 9 11 
10 12 8 11 6 10 4 9 11 
10 12 8 11 6 10 4 9 11 
10 12 8 11 6 10 4 9 11 
10 11 9 10 8 9 7 8 11 
10 12 8 11 6 10 4 9 11 
11 13 10 12 8 11 6 10 11 
11 12 9 11 8 10 7 9 11 
11 12 9 11 7 10 5 9 11 
11 17 9 16 7 15 5 14 11 
11 12 9 11 7 10 5 9 11 
11 13 10 12 8 11 6 10 11 
10 14 8 13 6 12 4 11 11 
11 17 9 16 7 15 5 14 11 
11 11 7 10 5 9 4 8 11 
11 14 9 13 7 12 5 11 11 
11 12 9 11 7 10 5 9 11 
10 14 8 13 6 12 4 11 11 
11 12 9 11 7 10 5 9 11 
11 14 8 13 6 12 4 11 11 
11 14 9 13 7 12 5 11 11 
SCORES_TXT_END_0
SCORES_TXT_BEGIN_0 260 100 9 BLEU
9 9 8 8 7 7 6 6 9 
8 9 7 8 6 7 5 6 9 
8 11 7 10 6 9 5 8 9 
9 11 7 10 6 9 5 8 9 
8 10 6 9 5 8 4 7 9 
8 13 7 12 6 11 5 10 9 
8 13 7 12 6 11 5 10 9 
8 14 6 13 5 12 4 11 9 
8 14 6 13 5 12 4 11 9 
7 12 6 11 5 10 4 9 9 
7 14 6 13 5 12 4 11 9 
7 10 6 9 5 8 4 7 9 
7 14 6 13 5 12 4 11 9 
8 9 6 8 5 7 4 6 9 
8 12 7 11 6 10 5 9 9 
8 12 7 11 6 10 5 9 9 
8 9 6 8 4 7 2 6 9 
8 12 6 11 5 10 4 9 9 
7 11 6 10 5 9 4 8 9 
8 11 6 10 5 9 4 8 9 
8 10 6 9 5 8 4 7 9 
8 10 7 9 6 8 5 7 9 
7 9 6 8 5 7 4 6 9 
7 12 6 11 5 10 4 9 9 
9 9 5 8 3 7 2 6 9 
9 10 7 9 6 8 5 7 9 
8 10 4 9 3 8 2 7 9 
8 12 6 11 5 10 4 9 9 
7 9 5 8 3 7 1 6 9 
8 12 6 11 5 10 4 9 9 
7 11 6 10 5 9 4 8 9 
8 9 4 8 3 7 2 6 9 
9 10 7 9 6 8 5 7 9 
8 9 4 8 3 7 2 6 9 
7 10 6 9 5 8 4 7 9 
8 10 5 9 3 8 1 7 9 
8 11 6 10 5 9 4 8 9 
7 13 6 12 5 11 4 10 9 
8 9 5 8 3 7 1 6 9 
8 9 6 8 4 7 3 6 9 
7 10 4 9 3 8 2 7 9 
9 9 5 8 3 7 1 6 9 
8 12 4 11 3 10 2 9 9 
8 9 5 8 3 7 2 6 9 
7 11 5 10 3 9 1 8 9 
7 13 6 12 5 11 4 10 9 
8 9 5 8 4 7 3 6 9 
7 13 6 12 5 11 4 10 9 
7 13 6 12 5 11 4 10 9 
8 9 5 8 3 7 1 6 9 
7 13 6 12 5 11 4 10 9 
8 12 6 11 5 10 4 9 9 
7 12 6 11 5 10 4 9 9 
7 12 6 11 5 10 4 9 9 
8 13 6 12 5 11 4 10 9 
8 13 6 12 5 11 4 10 9 
8 11 5 10 3 9 2 8 9 
8 10 5 9 4 8 3 7 9 
9 10 7 9 5 8 3 7 9 
9 10 7 9 6 8 5 7 9 
7 12 4 11 3 10 2 9 9 
9 10 7 9 6 8 5 7 9 
7 12 6 11 5 10 4 9 9 
8 11 4 10 3 9 2 8 9 
8 11 5 10 3 9 1 8 9 
7 12 6 11 5 10 4 9 9 
7 9 5 8 4 7 3 6 9 
7 9 5 8 4 7 3 6 9 
7 13 5 12 4 11 3 10 9 
9 10 7 9 5 8 4 7 9 
8 10 7 9 6 8 5 7 9 
7 9 4 8 3 7 2 6 9 
7 11 6 10 5 9 4 8 9 
9 10 7 9 5 8 3 7 9 
9 9 5 8 2 7 1 6 9 
8 9 4 8 3 7 2 6 9 
7 10 5 9 4 8 3 7 9 
7 10 5 9 4 8 3 7 9 
7 9 4 8 3 7 2 6 9 
9 9 5 8 3 7 1 6 9 
7 10 6 9 5 8 4 7 9 
8 12 7 11 6 10 5 9 9 
7 11 4 10 3 9 2 8 9 
7 11 5 10 4 9 3 8 9 
7 9 5 8 4 7 3 6 9 
7 10 5 9 3 8 1 7 9 
8 9 6 8 4 7 3 6 9 
7 15 6 14 5 13 4 12 9 
7 15 6 14 5 13 4 12 9 
7 11 4 10 3 9 2 8 9 
7 11 5 10 4 9 3 8 9 
8 10 5 9 3 8 2 7 9 
7 10 5 9 4 8 3 7 9 
7 9 5 8 3 7 1 6 9 
9 9 6 8 5 7 4 6 9 
7 16 6 15 5 14 4 13 9 
7 14 6 13 5 12 4 11 9 
8 13 6 12 5 11 4 10 9 
7 16 6 15 5 14 4 13 9 
7 14 6 13 5 12 4 11 9 
SCORES_TXT_END_0
SCORES_TXT_BEGIN_0 261 33 9 BLEU
15 15 14 14 13 13 12 12 15 
15 16 14 15 12 14 10 13 15 
14 14 12 13 10 12 8 11 15 
14 15 13 14 12 13 11 12 15 
14 15 12 14 10 13 8 12 15 
13 15 10 14 7 13 4 12 15 
15 16 13 15 11 14 9 13 15 
14 15 12 14 10 13 8 12 15 
14 14 12 13 10 12 9 11 15 
14 15 12 14 10 13 8 12 15 
14 14 12 13 10 12 8 11 15 
14 15 12 14 10 13 8 12 15 
14 16 12 15 10 14 8 13 15 
14 15 12 14 10 13 8 12 15 
14 19 13 18 12 17 11 16 15 
14 19 13 18 12 17 11 16 15 
14 15 12 14 10 13 8 12 15 
15 17 13 16 11 15 9 14 15 
15 16 13 15 11 14 9 13 15 
15 17 13 16 12 15 11 14 15 
14 15 10 14 7 13 5 12 15 
14 15 12 14 10 13 8 12 15 
14 15 12 14 10 13 8 12 15 
15 16 13 15 11 14 9 13 15 
13 14 11 13 9 12 8 11 15 
15 17 13 16 11 15 9 14 15 
15 16 13 15 11 14 9 13 15 
14 15 12 14 10 13 8 12 15 
13 16 10 15 7 14 4 13 15 
14 17 13 16 12 15 11 14 15 
14 15 12 14 10 13 9 12 15 
14 18 13 17 12 16 11 15 15 
14 18 13 17 12 16 11 15 15 
SCORES_TXT_END_0
SCORES_TXT_BEGIN_0 262 100 9 BLEU
6 6 5 5 4 4 3 3 6 
5 5 3 4 2 3 1 2 6 
5 6 4 5 3 4 2 3 6 
4 5 2 4 1 3 0 2 6 
5 10 4 9 3 8 2 7 6 
5 10 4 9 3 8 2 7 6 
6 8 4 7 3 6 2 5 6 
5 8 4 7 3 6 2 5 6 
4 9 2 8 1 7 0 6 6 
4 9 2 8 1 7 0 6 6 
5 7 2 6 1 5 0 4 6 
4 7 2 6 1 5 0 4 6 
6 7 5 6 3 5 2 4 6 
6 7 4 6 3 5 2 4 6 
5 9 4 8 3 7 2 6 6 
5 9 4 8 3 7 2 6 6 
6 6 2 5 1 4 0 3 6 
5 7 4 6 3 5 2 4 6 
4 8 2 7 1 6 0 5 6 
4 8 2 7 1 6 0 5 6 
5 7 4 6 3 5 2 4 6 
5 7 4 6 2 5 1 4 6 
4 6 2 5 1 4 0 3 6 
5 6 3 5 1 4 0 3 6 
4 5 1 4 0 3 0 2 6 
6 7 4 6 3 5 2 4 6 
6 7 4 6 3 5 2 4 6 
5 6 2 5 1 4 0 3 6 
5 7 4 6 3 5 2 4 6 
6 9 4 8 3 7 2 6 6 
6 6 2 5 1 4 0 3 6 
5 6 2 5 1 4 0 3 6 
5 6 2 5 1 4 0 3 6 
5 11 4 10 3 9 2 8 6 
5 5 0 4 0 3 0 2 6 
5 11 4 10 3 9 2 8 6 
5 6 2 5 1 4 0 3 6 
4 5 0 4 0 3 0 2 6 
5 11 4 10 2 9 1 8 6 
5 11 4 10 2 9 1 8 6 
6 9 4 8 2 7 1 6 6 
5 11 4 10 3 9 2 8 6 
5 11 4 10 3 9 2 8 6 
5 9 4 8 3 7 2 6 6 
6 9 4 8 3 7 2 6 6 
4 6 2 5 1 4 0 3 6 
6 6 2 5 0 4 0 3 6 
5 8 2 7 1 6 0 5 6 
4 6 2 5 1 4 0 3 6 
5 9 4 8 2 7 1 6 6 
5 10 2 9 1 8 0 7 6 
5 10 2 9 1 8 0 7 6 
3 5 0 4 0 3 0 2 6 
5 9 4 8 3 7 2 6 6 
4 6 2 5 1 4 0 3 6 
5 10 4 9 3 8 2 7 6 
4 10 2 9 1 8 0 7 6 
4 10 2 9 1 8 0 7 6 
4 8 2 7 1 6 0 5 6 
6 6 2 5 0 4 0 3 6 
5 10 4 9 3 8 2 7 6 
3 5 0 4 0 3 0 2 6 
6 8 2 7 1 6 0 5 6 
4 8 2 7 1 6 0 5 6 
5 6 2 5 1 4 0 3 6 
3 7 0 6 0 5 0 4 6 
4 5 0 4 0 3 0 2 6 
6 7 2 6 1 5 0 4 6 
5 8 2 7 1 6 0 5 6 
5 8 2 7 1 6 0 5 6 
5 5 2 4 1 3 0 2 6 
6 6 0 5 0 4 0 3 6 
4 7 0 6 0 5 0 4 6 
4 10 2 9 1 8 0 7 6 
5 9 2 8 1 7 0 6 6 
5 9 2 8 1 7 0 6 6 
6 6 3 5 2 4 1 3 6 
3 9 0 8 0 7 0 6 6 
5 5 1 4 0 3 0 2 6 
4 10 2 9 1 8 0 7 6 
5 6 2 5 0 4 0 3 6 
5 5 2 4 1 3 0 2 6 
3 9 0 8 0 7 0 6 6 
6 6 3 5 1 4 0 3 6 
6 6 3 5 2 4 1 3 6 
5 6 1 5 0 4 0 3 6 
5 8 2 7 0 6 0 5 6 
6 6 3 5 1 4 0 3 6 
5 5 1 4 0 3 0 2 6 
5 8 2 7 1 6 0 5 6 
4 7 0 6 0 5 0 4 6 
5 5 1 4 0 3 0 2 6 
5 6 3 5 2 4 1 3 6 
5 5 1 4 0 3 0 2 6 
4 5 0 4 0 3 0 2 6 
6 8 4 7 3 6 2 5 6 
6 6 3 5 2 4 1 3 6 
4 5 1 4 0 3 0 2 6 
6 6 2 5 1 4 0 3 6 
5 8 2 7 1 6 0 5 6 
SCORES_TXT_END_0
SCORES_TXT_BEGIN_0 263 20 9 BLEU
5 5 4 4 3 3 2 2 5 
4 5 3 4 2 3 1 2 5 
4 9 3 8 2 7 1 6 5 
4 9 3 8 2 7 1 6 5 
5 7 3 6 2 5 1 4 5 
4 7 3 6 2 5 1 4 5 
4 8 3 7 2 6 1 5 5 
4 8 3 7 2 6 1 5 5 
5 6 3 5 2 4 1 3 5 
4 6 3 5 2 4 1 3 5 
5 5 3 4 2 3 1 2 5 
4 5 3 4 2 3 1 2 5 
5 6 3 5 2 4 1 3 5 
5 7 3 6 2 5 1 4 5 
4 7 3 6 2 5 1 4 5 
4 6 3 5 2 4 1 3 5 
4 9 3 8 2 7 1 6 5 
4 9 3 8 2 7 1 6 5 
4 8 3 7 2 6 1 5 5 
4 8 3 7 2 6 1 5 5 
SCORES_TXT_END_0
SCORES_TXT_BEGIN_0 264 100 9 BLEU
8 9 6 8 4 7 2 6 9 
9 9 8 8 7 7 6 6 9 
7 9 4 8 1 7 0 6 9 
8 9 6 8 4 7 2 6 9 
8 9 6 8 4 7 3 6 9 
8 9 6 8 4 7 2 6 9 
7 9 4 8 2 7 0 6 9 
7 9 4 8 2 7 0 6 9 
7 9 5 8 3 7 2 6 9 
7 9 5 8 3 7 2 6 9 
6 9 3 8 1 7 0 6 9 
6 9 3 8 1 7 0 6 9 
9 10 7 9 5 8 3 7 9 
8 9 6 8 4 7 2 6 9 
8 10 5 9 2 8 1 7 9 
7 9 4 8 1 7 0 6 9 
8 11 5 10 3 9 2 8 9 
9 11 7 10 6 9 5 8 9 
8 10 5 9 3 8 2 7 9 
9 10 7 9 6 8 5 7 9 
6 8 3 7 1 6 0 5 9 
7 8 4 7 2 6 0 5 9 
8 10 6 9 4 8 2 7 9 
7 11 3 10 0 9 0 8 9 
8 13 5 12 3 11 2 10 9 
9 13 7 12 6 11 5 10 9 
8 13 5 12 3 11 2 10 9 
9 13 7 12 6 11 5 10 9 
7 9 4 8 2 7 0 6 9 
8 10 5 9 3 8 1 7 9 
8 11 5 10 3 9 1 8 9 
8 11 5 10 3 9 2 8 9 
7 10 3 9 0 8 0 7 9 
8 11 5 10 3 9 1 8 9 
7 9 4 8 2 7 0 6 9 
7 11 3 10 1 9 0 8 9 
8 10 5 9 3 8 1 7 9 
8 10 5 9 3 8 2 7 9 
8 10 5 9 3 8 1 7 9 
7 10 3 9 1 8 0 7 9 
7 11 3 10 1 9 0 8 9 
8 10 5 9 3 8 1 7 9 
7 10 4 9 1 8 0 7 9 
8 9 7 8 6 7 5 6 9 
7 13 3 12 0 11 0 10 9 
7 13 3 12 0 11 0 10 9 
6 9 3 8 1 7 0 6 9 
7 10 3 9 1 8 0 7 9 
7 9 5 8 3 7 1 6 9 
6 9 3 8 1 7 0 6 9 
8 10 5 9 3 8 2 7 9 
9 10 7 9 6 8 5 7 9 
8 13 5 12 3 11 1 10 9 
7 10 4 9 2 8 1 7 9 
8 13 5 12 3 11 2 10 9 
8 13 5 12 3 11 1 10 9 
6 9 3 8 1 7 0 6 9 
8 13 5 12 3 11 2 10 9 
7 11 4 10 2 9 1 8 9 
7 9 5 8 4 7 3 6 9 
7 9 4 8 2 7 0 6 9 
7 11 4 10 2 9 1 8 9 
8 12 5 11 3 10 2 9 9 
9 12 7 11 6 10 5 9 9 
8 13 5 12 3 11 1 10 9 
8 13 5 12 3 11 1 10 9 
6 9 3 8 1 7 0 6 9 
7 13 3 12 1 11 0 10 9 
7 13 3 12 1 11 0 10 9 
6 11 2 10 0 9 0 8 9 
8 9 7 8 6 7 5 6 9 
7 10 4 9 2 8 1 7 9 
9 10 8 9 6 8 5 7 9 
7 10 4 9 2 8 1 7 9 
6 9 3 8 1 7 0 6 9 
7 10 4 9 1 8 0 7 9 
7 9 5 8 3 7 1 6 9 
6 11 2 10 0 9 0 8 9 
8 10 6 9 3 8 1 7 9 
6 10 2 9 0 8 0 7 9 
7 9 5 8 3 7 1 6 9 
7 10 4 9 2 8 1 7 9 
7 13 3 12 1 11 0 10 9 
7 13 3 12 1 11 0 10 9 
8 12 5 11 3 10 2 9 9 
9 12 7 11 6 10 5 9 9 
7 9 5 8 4 7 3 6 9 
8 10 6 9 4 8 3 7 9 
8 9 7 8 6 7 5 6 9 
7 9 5 8 3 7 2 6 9 
7 9 5 8 3 7 1 6 9 
8 9 6 8 4 7 2 6 9 
8 9 7 8 6 7 5 6 9 
6 10 2 9 0 8 0 7 9 
7 10 3 9 0 8 0 7 9 
7 9 3 8 1 7 0 6 9 
7 10 4 9 2 8 0 7 9 
7 10 4 9 1 8 0 7 9 
8 10 6 9 4 8 3 7 9 
8 10 5 9 2 8 0 7 9 
SCORES_TXT_END_0
SCORES_TXT_BEGIN_0 265 100 9 BLEU
6 6 5 5 4 4 3 3 6 
5 6 4 5 3 4 2 3 6 
5 10 4 9 3 8 2 7 6 
5 10 4 9 3 8 2 7 6 
6 8 4 7 3 6 2 5 6 
5 8 4 7 3 6 2 5 6 
6 7 4 6 3 5 2 4 6 
5 9 4 8 3 7 2 6 6 
5 9 4 8 3 7 2 6 6 
5 6 3 5 1 4 0 3 6 
5 7 4 6 3 5 2 4 6 
6 6 2 5 1 4 0 3 6 
5 6 2 5 1 4 0 3 6 
5 7 4 6 3 5 2 4 6 
6 7 4 6 3 5 2 4 6 
6 7 4 6 3 5 2 4 6 
4 6 2 5 1 4 0 3 6 
4 6 2 5 1 4 0 3 6 
5 7 4 6 3 5 2 4 6 
6 9 4 8 3 7 2 6 6 
4 8 2 7 1 6 0 5 6 
5 6 2 5 1 4 0 3 6 
5 11 4 10 3 9 2 8 6 
5 11 4 10 3 9 2 8 6 
6 7 2 6 1 5 0 4 6 
5 8 2 7 1 6 0 5 6 
5 11 4 10 3 9 2 8 6 
5 11 4 10 3 9 2 8 6 
5 9 4 8 3 7 2 6 6 
4 10 2 9 1 8 0 7 6 
6 9 4 8 3 7 2 6 6 
4 10 2 9 1 8 0 7 6 
6 6 3 5 2 4 1 3 6 
5 9 4 8 3 7 2 6 6 
5 10 4 9 3 8 2 7 6 
6 6 3 5 2 4 1 3 6 
5 10 4 9 3 8 2 7 6 
5 8 2 7 1 6 0 5 6 
6 6 3 5 1 4 0 3 6 
5 8 2 7 1 6 0 5 6 
4 8 2 7 1 6 0 5 6 
4 10 2 9 1 8 0 7 6 
5 7 2 6 1 5 0 4 6 
4 10 2 9 1 8 0 7 6 
6 6 3 5 1 4 0 3 6 
5 6 3 5 2 4 1 3 6 
5 10 2 9 1 8 0 7 6 
5 10 2 9 1 8 0 7 6 
6 7 2 6 1 5 0 4 6 
6 8 2 7 1 6 0 5 6 
5 9 2 8 1 7 0 6 6 
5 9 2 8 1 7 0 6 6 
5 7 2 6 1 5 0 4 6 
5 9 2 8 1 7 0 6 6 
5 7 2 6 1 5 0 4 6 
5 6 3 5 2 4 1 3 6 
5 7 2 6 1 5 0 4 6 
5 8 3 7 2 6 1 5 6 
5 7 2 6 1 5 0 4 6 
6 8 4 7 3 6 2 5 6 
5 6 2 5 1 4 0 3 6 
5 6 3 5 1 4 0 3 6 
4 9 2 8 1 7 0 6 6 
4 9 2 8 1 7 0 6 6 
4 9 2 8 1 7 0 6 6 
4 7 2 6 1 5 0 4 6 
4 9 2 8 1 7 0 6 6 
5 8 3 7 1 6 0 5 6 
5 10 4 9 3 8 2 7 6 
4 7 2 6 1 5 0 4 6 
4 9 2 8 1 7 0 6 6 
6 6 4 5 2 4 0 3 6 
4 7 2 6 1 5 0 4 6 
5 10 4 9 3 8 2 7 6 
5 7 2 6 1 5 0 4 6 
5 8 4 7 3 6 2 5 6 
5 6 2 5 1 4 0 3 6 
6 6 3 5 1 4 0 3 6 
6 7 2 6 1 5 0 4 6 
4 9 2 8 1 7 0 6 6 
5 11 2 10 1 9 0 8 6 
5 11 2 10 1 9 0 8 6 
5 6 3 5 1 4 0 3 6 
5 9 2 8 1 7 0 6 6 
6 9 2 8 1 7 0 6 6 
5 10 2 9 1 8 0 7 6 
5 10 2 9 1 8 0 7 6 
4 7 2 6 1 5 0 4 6 
4 11 2 10 1 9 0 8 6 
6 6 2 5 1 4 0 3 6 
4 7 2 6 1 5 0 4 6 
4 11 2 10 1 9 0 8 6 
4 11 2 10 1 9 0 8 6 
6 6 2 5 1 4 0 3 6 
6 6 3 5 1 4 0 3 6 
5 10 3 9 2 8 1 7 6 
5 10 3 9 2 8 1 7 6 
6 7 3 6 2 5 1 4 6 
6 8 3 7 2 6 1 5 6 
4 11 2 10 1 9 0 8 6 
SCORES_TXT_END_0
SCORES_TXT_BEGIN_0 266 100 9 BLEU
9 9 8 8 7 7 6 6 9 
8 8 6 7 5 6 4 5 9 
8 9 7 8 6 7 5 6 9 
7 8 5 7 4 6 3 5 9 
8 10 7 9 6 8 5 7 9 
8 13 7 12 6 11 5 10 9 
8 13 7 12 6 11 5 10 9 
7 9 5 8 4 7 3 6 9 
9 11 7 10 6 9 5 8 9 
7 12 5 11 4 10 3 9 9 
7 12 5 11 4 10 3 9 9 
8 11 7 10 6 9 5 8 9 
8 10 5 9 4 8 3 7 9 
9 10 7 9 6 8 5 7 9 
7 10 5 9 4 8 3 7 9 
8 9 5 8 4 7 3 6 9 
9 10 8 9 6 8 4 7 9 
8 12 7 11 6 10 5 9 9 
8 9 6 8 4 7 2 6 9 
8 12 7 11 6 10 5 9 9 
9 10 8 9 6 8 5 7 9 
7 11 5 10 4 9 3 8 9 
7 11 5 10 4 9 3 8 9 
8 8 6 7 4 6 3 5 9 
8 14 7 13 6 12 5 11 9 
8 14 7 13 6 12 5 11 9 
8 10 7 9 5 8 4 7 9 
7 9 5 8 3 7 2 6 9 
9 12 7 11 6 10 5 9 9 
9 10 7 9 6 8 5 7 9 
7 7 4 6 2 5 1 4 9 
8 10 7 9 5 8 4 7 9 
7 13 5 12 4 11 3 10 9 
7 13 5 12 4 11 3 10 9 
8 12 7 11 6 10 5 9 9 
8 13 7 12 6 11 5 10 9 
8 11 7 10 5 9 4 8 9 
8 10 7 9 6 8 5 7 9 
7 10 5 9 3 8 2 7 9 
8 9 5 8 4 7 3 6 9 
7 8 5 7 4 6 3 5 9 
8 13 7 12 6 11 5 10 9 
8 9 6 8 4 7 2 6 9 
8 11 5 10 4 9 3 8 9 
8 14 7 13 5 12 4 11 9 
8 8 6 7 4 6 2 5 9 
7 13 5 12 3 11 2 10 9 
8 14 7 13 5 12 4 11 9 
7 13 5 12 3 11 2 10 9 
7 7 4 6 3 5 2 4 9 
8 11 7 10 5 9 4 8 9 
7 11 5 10 4 9 3 8 9 
7 9 5 8 4 7 3 6 9 
7 12 5 11 4 10 3 9 9 
6 7 3 6 2 5 1 4 9 
7 12 5 11 4 10 3 9 9 
7 8 4 7 2 6 0 5 9 
8 9 6 8 4 7 2 6 9 
8 14 7 13 5 12 4 11 9 
8 14 7 13 5 12 4 11 9 
7 8 4 7 3 6 2 5 9 
9 12 7 11 5 10 4 9 9 
9 9 5 8 3 7 2 6 9 
8 11 5 10 3 9 2 8 9 
9 10 7 9 5 8 3 7 9 
7 12 5 11 4 10 3 9 9 
7 12 5 11 4 10 3 9 9 
8 12 7 11 5 10 4 9 9 
9 12 7 11 5 10 4 9 9 
7 11 5 10 3 9 2 8 9 
7 8 5 7 3 6 1 5 9 
7 9 5 8 3 7 2 6 9 
9 11 7 10 6 9 5 8 9 
6 7 3 6 2 5 1 4 9 
9 9 5 8 3 7 1 6 9 
8 8 4 7 3 6 2 5 9 
8 12 7 11 5 10 4 9 9 
9 11 7 10 5 9 4 8 9 
8 10 5 9 4 8 3 7 9 
9 9 5 8 3 7 1 6 9 
8 10 5 9 3 8 2 7 9 
6 11 3 10 2 9 1 8 9 
6 11 3 10 2 9 1 8 9 
8 11 7 10 6 9 5 8 9 
7 9 5 8 3 7 1 6 9 
6 8 3 7 1 6 0 5 9 
8 9 5 8 3 7 2 6 9 
7 8 5 7 3 6 2 5 9 
6 8 3 7 2 6 1 5 9 
7 10 5 9 3 8 2 7 9 
8 10 5 9 4 8 3 7 9 
8 8 5 7 4 6 3 5 9 
7 10 5 9 4 8 3 7 9 
7 11 5 10 4 9 3 8 9 
7 7 2 6 1 5 0 4 9 
8 10 6 9 4 8 2 7 9 
9 11 7 10 5 9 4 8 9 
7 11 5 10 4 9 3 8 9 
8 11 5 10 3 9 2 8 9 
8 8 5 7 4 6 3 5 9 
SCORES_TXT_END_0
SCORES_TXT_BEGIN_0 267 100 9 BLEU
9 9 8 8 7 7 6 6 9 
9 11 7 10 6 9 5 8 9 
9 10 7 9 6 8 5 7 9 
8 9 7 8 6 7 5 6 9 
9 10 7 9 6 8 5 7 9 
7 9 5 8 4 7 3 6 9 
9 13 7 12 6 11 5 10 9 
8 9 6 8 4 7 3 6 9 
9 13 7 12 6 11 5 10 9 
6 8 4 7 3 6 2 5 9 
8 11 6 10 5 9 4 8 9 
6 8 5 7 4 6 3 5 9 
9 11 8 10 7 9 5 8 9 
9 12 7 11 6 10 5 9 9 
7 9 4 8 3 7 2 6 9 
8 9 5 8 3 7 2 6 9 
9 10 7 9 5 8 4 7 9 
8 10 6 9 5 8 4 7 9 
7 8 6 7 5 6 4 5 9 
9 12 7 11 6 10 5 9 9 
9 10 8 9 6 8 4 7 9 
9 12 6 11 5 10 4 9 9 
9 12 7 11 6 10 5 9 9 
6 10 3 9 2 8 1 7 9 
7 11 4 10 3 9 2 8 9 
8 11 5 10 3 9 2 8 9 
8 9 7 8 6 7 5 6 9 
9 11 7 10 5 9 4 8 9 
9 13 7 12 6 11 4 10 9 
9 10 7 9 6 8 5 7 9 
9 10 7 9 6 8 5 7 9 
8 9 6 8 4 7 2 6 9 
7 11 3 10 2 9 1 8 9 
8 11 4 10 2 9 1 8 9 
6 10 4 9 3 8 2 7 9 
9 10 7 9 5 8 3 7 9 
9 11 7 10 5 9 4 8 9 
8 10 6 9 5 8 4 7 9 
9 10 7 9 5 8 4 7 9 
9 11 7 10 5 9 4 8 9 
9 14 7 13 6 12 5 11 9 
9 14 7 13 6 12 5 11 9 
6 9 3 8 2 7 1 6 9 
9 10 7 9 6 8 5 7 9 
7 10 5 9 4 8 3 7 9 
9 11 8 10 6 9 4 8 9 
7 10 4 9 3 8 2 7 9 
9 13 6 12 5 11 4 10 9 
9 12 7 11 5 10 3 9 9 
9 10 7 9 6 8 5 7 9 
8 13 6 12 5 11 4 10 9 
8 13 6 12 5 11 4 10 9 
8 10 5 9 3 8 2 7 9 
8 9 6 8 4 7 2 6 9 
9 9 5 8 4 7 3 6 9 
9 12 7 11 6 10 4 9 9 
9 12 7 11 6 10 5 9 9 
9 13 6 12 5 11 4 10 9 
7 9 6 8 5 7 4 6 9 
7 10 3 9 2 8 1 7 9 
8 10 4 9 2 8 1 7 9 
6 9 4 8 3 7 2 6 9 
9 12 6 11 5 10 4 9 9 
6 9 4 8 3 7 2 6 9 
8 9 5 8 3 7 2 6 9 
9 12 6 11 5 10 4 9 9 
7 9 6 8 5 7 4 6 9 
9 11 6 10 5 9 4 8 9 
9 11 7 10 6 9 5 8 9 
9 13 6 12 5 11 4 10 9 
6 9 4 8 3 7 2 6 9 
8 9 6 8 5 7 4 6 9 
9 12 7 11 6 10 5 9 9 
6 9 5 8 4 7 3 6 9 
9 11 6 10 5 9 4 8 9 
8 11 7 10 6 9 4 8 9 
8 12 6 11 5 10 4 9 9 
9 12 7 11 6 10 5 9 9 
7 9 5 8 4 7 3 6 9 
9 11 7 10 5 9 4 8 9 
7 9 4 8 3 7 2 6 9 
9 11 7 10 6 9 5 8 9 
8 10 6 9 4 8 3 7 9 
8 9 6 8 5 7 4 6 9 
6 9 5 8 4 7 3 6 9 
9 12 7 11 6 10 4 9 9 
7 9 4 8 3 7 2 6 9 
9 10 7 9 5 8 3 7 9 
7 9 5 8 4 7 3 6 9 
9 11 7 10 6 9 5 8 9 
9 11 5 10 4 9 3 8 9 
6 9 3 8 2 7 1 6 9 
9 11 6 10 5 9 4 8 9 
9 10 7 9 5 8 3 7 9 
8 11 4 10 3 9 2 8 9 
8 9 5 8 4 7 3 6 9 
8 12 6 11 5 10 4 9 9 
9 11 6 10 5 9 3 8 9 
7 10 4 9 3 8 2 7 9 
9 11 7 10 5 9 3 8 9 
SCORES_TXT_END_0
SCORES_TXT_BEGIN_0 268 100 9 BLEU
13 13 12 12 11 11 10 10 13 
13 15 11 14 9 13 7 12 13 
13 15 11 14 9 13 7 12 13 
11 11 9 10 7 9 5 8 13 
13 14 11 13 9 12 7 11 13 
13 14 11 13 9 12 7 11 13 
12 13 10 12 8 11 6 10 13 
13 14 11 13 9 12 7 11 13 
13 14 11 13 9 12 7 11 13 
13 15 12 14 11 13 9 12 13 
12 12 10 11 8 10 6 9 13 
10 11 8 10 6 9 5 8 13 
13 14 11 13 10 12 9 11 13 
12 13 8 12 5 11 3 10 13 
11 12 9 11 7 10 5 9 13 
13 17 12 16 11 15 9 14 13 
13 17 12 16 11 15 9 14 13 
13 14 12 13 10 12 8 11 13 
12 14 10 13 8 12 6 11 13 
13 14 11 13 9 12 7 11 13 
12 12 10 11 8 10 6 9 13 
13 15 11 14 9 13 7 12 13 
13 17 11 16 9 15 7 14 13 
13 16 11 15 9 14 7 13 13 
13 14 11 13 10 12 9 11 13 
12 13 8 12 5 11 2 10 13 
13 16 11 15 9 14 7 13 13 
11 13 8 12 5 11 2 10 13 
11 12 8 11 6 10 5 9 13 
13 16 12 15 11 14 9 13 13 
12 14 10 13 8 12 6 11 13 
12 15 10 14 8 13 6 12 13 
13 17 11 16 9 15 7 14 13 
12 15 10 14 8 13 6 12 13 
12 12 8 11 5 10 3 9 13 
13 16 11 15 9 14 7 13 13 
13 16 12 15 11 14 9 13 13 
13 16 10 15 8 14 7 13 13 
10 12 7 11 6 10 5 9 13 
13 16 10 15 8 14 7 13 13 
13 14 11 13 9 12 7 11 13 
13 13 9 12 8 11 7 10 13 
12 14 9 13 6 12 3 11 13 
11 13 7 12 4 11 2 10 13 
13 14 11 13 9 12 7 11 13 
12 14 9 13 6 12 3 11 13 
10 13 7 12 4 11 2 10 13 
12 14 10 13 8 12 6 11 13 
12 14 10 13 8 12 6 11 13 
12 14 8 13 5 12 3 11 13 
13 15 12 14 10 13 8 12 13 
13 16 12 15 11 14 9 13 13 
11 12 9 11 7 10 5 9 13 
13 16 10 15 8 14 6 13 13 
13 16 11 15 9 14 7 13 13 
13 16 12 15 10 14 8 13 13 
12 13 9 12 6 11 4 10 13 
13 16 12 15 10 14 8 13 13 
13 14 11 13 9 12 7 11 13 
11 14 8 13 5 12 2 11 13 
13 17 11 16 9 15 7 14 13 
12 13 11 12 10 11 9 10 13 
11 14 8 13 5 12 2 11 13 
13 17 11 16 9 15 7 14 13 
13 19 11 18 9 17 7 16 13 
13 19 11 18 9 17 7 16 13 
13 19 11 18 9 17 7 16 13 
13 19 11 18 9 17 7 16 13 
13 16 11 15 9 14 7 13 13 
11 12 9 11 7 10 5 9 13 
13 16 11 15 9 14 7 13 13 
13 16 11 15 9 14 7 13 13 
12 14 9 13 6 12 3 11 13 
12 15 8 14 5 13 3 12 13 
12 15 10 14 8 13 6 12 13 
12 15 8 14 5 13 3 12 13 
13 17 11 16 9 15 7 14 13 
11 12 9 11 7 10 5 9 13 
13 17 11 16 9 15 7 14 13 
13 15 12 14 10 13 8 12 13 
13 15 12 14 10 13 8 12 13 
13 16 10 15 8 14 6 13 13 
13 15 11 14 9 13 7 12 13 
12 16 10 15 8 14 6 13 13 
13 14 11 13 9 12 7 11 13 
13 15 11 14 9 13 7 12 13 
12 16 10 15 8 14 6 13 13 
13 16 11 15 9 14 7 13 13 
12 14 9 13 6 12 3 11 13 
13 16 11 15 9 14 7 13 13 
13 14 11 13 9 12 8 11 13 
13 14 11 13 9 12 7 11 13 
13 13 9 12 7 11 6 10 13 
13 18 11 17 9 16 7 15 13 
10 12 8 11 6 10 5 9 13 
12 14 10 13 8 12 7 11 13 
13 15 11 14 9 13 7 12 13 
11 13 8 12 5 11 3 10 13 
13 16 10 15 8 14 6 13 13 
12 15 9 14 6 13 3 12 13 
SCORES_TXT_END_0
SCORES_TXT_BEGIN_0 269 100 9 BLEU
14 14 13 13 12 12 11 11 14 
13 14 11 13 9 12 7 11 14 
13 14 12 13 11 12 10 11 14 
12 12 10 11 9 10 8 9 14 
12 14 10 13 8 12 6 11 14 
11 13 8 12 6 11 4 10 14 
11 12 8 11 6 10 4 9 14 
10 13 7 12 5 11 3 10 14 
9 11 5 10 3 9 1 8 14 
13 16 11 15 9 14 8 13 14 
13 16 11 15 9 14 8 13 14 
13 16 9 15 6 14 4 13 14 
12 16 9 15 6 14 4 13 14 
14 16 12 15 10 14 8 13 14 
13 15 11 14 9 13 8 12 14 
14 16 12 15 10 14 8 13 14 
13 15 11 14 9 13 8 12 14 
14 16 10 15 7 14 4 13 14 
12 13 9 12 7 11 5 10 14 
12 15 9 14 6 13 4 12 14 
13 16 10 15 7 14 4 13 14 
13 15 9 14 6 13 4 12 14 
11 15 6 14 3 13 1 12 14 
14 15 12 14 10 13 8 12 14 
10 15 6 14 3 13 1 12 14 
14 15 12 14 10 13 8 12 14 
11 13 8 12 6 11 4 10 14 
11 14 8 13 6 12 4 11 14 
13 14 11 13 9 12 7 11 14 
10 11 6 10 4 9 2 8 14 
13 15 10 14 7 13 4 12 14 
11 14 7 13 5 12 4 11 14 
14 15 12 14 10 13 8 12 14 
14 15 10 14 7 13 4 12 14 
14 15 12 14 10 13 8 12 14 
12 15 7 14 4 13 1 12 14 
10 14 6 13 3 12 1 11 14 
10 14 7 13 5 12 3 11 14 
11 15 7 14 4 13 1 12 14 
12 14 9 13 6 12 4 11 14 
12 13 10 12 8 11 6 10 14 
11 14 6 13 3 12 1 11 14 
13 15 10 14 7 13 4 12 14 
12 14 10 13 9 12 8 11 14 
13 15 11 14 9 13 8 12 14 
12 14 10 13 8 12 6 11 14 
13 15 10 14 7 13 4 12 14 
9 12 5 11 3 10 1 9 14 
10 14 6 13 4 12 3 11 14 
13 15 11 14 9 13 7 12 14 
12 14 9 13 7 12 5 11 14 
12 14 7 13 5 12 3 11 14 
13 15 11 14 9 13 7 12 14 
14 15 13 14 11 13 9 12 14 
13 15 10 14 8 13 6 12 14 
12 15 10 14 9 13 8 12 14 
11 14 8 13 5 12 3 11 14 
11 13 9 12 7 11 5 10 14 
11 14 7 13 4 12 1 11 14 
11 14 9 13 8 12 7 11 14 
11 12 8 11 7 10 6 9 14 
9 12 4 11 2 10 1 9 14 
12 15 9 14 6 13 3 12 14 
12 14 7 13 4 12 1 11 14 
12 15 9 14 6 13 4 12 14 
12 13 9 12 8 11 7 10 14 
11 14 8 13 6 12 4 11 14 
11 14 6 13 4 12 2 11 14 
12 15 10 14 8 13 6 12 14 
13 18 12 17 11 16 10 15 14 
12 14 7 13 4 12 1 11 14 
13 18 12 17 11 16 10 15 14 
12 14 10 13 8 12 6 11 14 
10 13 6 12 3 11 1 10 14 
10 11 7 10 5 9 3 8 14 
10 12 7 11 6 10 5 9 14 
10 12 6 11 4 10 3 9 14 
13 14 12 13 11 12 10 11 14 
13 15 11 14 9 13 8 12 14 
13 14 10 13 8 12 6 11 14 
11 14 7 13 4 12 1 11 14 
13 15 12 14 10 13 8 12 14 
12 15 10 14 8 13 6 12 14 
14 15 13 14 12 13 11 12 14 
12 14 9 13 7 12 5 11 14 
13 13 11 12 10 11 9 10 14 
12 15 9 14 7 13 5 12 14 
11 15 9 14 8 13 7 12 14 
11 13 7 12 5 11 3 10 14 
14 15 12 14 10 13 8 12 14 
13 14 11 13 10 12 9 11 14 
14 14 10 13 8 12 6 11 14 
11 14 7 13 4 12 1 11 14 
14 16 12 15 10 14 8 13 14 
14 15 10 14 8 13 6 12 14 
11 13 8 12 6 11 4 10 14 
12 18 10 17 8 16 6 15 14 
13 18 10 17 8 16 6 15 14 
13 13 9 12 8 11 7 10 14 
13 14 9 13 7 12 6 11 14 
SCORES_TXT_END_0
SCORES_TXT_BEGIN_0 270 46 9 BLEU
15 15 11 14 9 13 8 12 15 
15 15 14 14 13 13 12 12 15 
15 15 11 14 10 13 9 12 15 
15 15 11 14 9 13 8 12 15 
14 19 13 18 12 17 11 16 15 
14 15 11 14 9 13 8 12 15 
14 17 11 16 9 15 8 14 15 
14 17 11 16 10 15 9 14 15 
14 15 11 14 10 13 9 12 15 
15 19 11 18 9 17 8 16 15 
14 19 10 18 9 17 8 16 15 
14 19 13 18 12 17 11 16 15 
14 19 11 18 9 17 8 16 15 
14 19 11 18 9 17 8 16 15 
15 15 11 14 9 13 8 12 15 
15 19 13 18 12 17 11 16 15 
14 15 13 14 12 13 11 12 15 
15 19 11 18 10 17 9 16 15 
15 15 10 14 9 13 8 12 15 
15 19 11 18 10 17 9 16 15 
14 19 11 18 10 17 9 16 15 
14 19 11 18 10 17 9 16 15 
15 17 13 16 12 15 11 14 15 
15 19 10 18 9 17 8 16 15 
14 19 10 18 9 17 8 16 15 
14 15 11 14 9 13 8 12 15 
14 15 10 14 9 13 8 12 15 
15 17 11 16 9 15 8 14 15 
15 17 11 16 10 15 9 14 15 
14 17 11 16 9 15 8 14 15 
14 17 10 16 9 15 8 14 15 
14 15 12 14 11 13 10 12 15 
15 16 11 15 9 14 8 13 15 
14 15 10 14 9 13 8 12 15 
15 17 10 16 9 15 8 14 15 
14 17 13 16 12 15 11 14 15 
15 19 10 18 9 17 8 16 15 
15 19 11 18 9 17 8 16 15 
15 16 11 15 10 14 9 13 15 
14 19 10 18 9 17 8 16 15 
14 19 10 18 9 17 8 16 15 
15 16 13 15 12 14 11 13 15 
15 19 11 18 9 17 8 16 15 
14 15 10 14 9 13 8 12 15 
14 19 11 18 9 17 8 16 15 
14 19 11 18 9 17 8 16 15 
SCORES_TXT_END_0
SCORES_TXT_BEGIN_0 271 24 9 BLEU
4 4 3 3 2 2 1 1 4 
4 6 2 5 1 4 0 3 4 
4 5 2 4 1 3 0 2 4 
4 8 2 7 1 6 0 5 4 
4 8 2 7 1 6 0 5 4 
4 5 2 4 1 3 0 2 4 
4 7 2 6 1 5 0 4 4 
4 7 2 6 1 5 0 4 4 
3 4 2 3 1 2 0 1 4 
4 5 2 4 1 3 0 2 4 
3 5 2 4 1 3 0 2 4 
3 5 2 4 1 3 0 2 4 
4 4 2 3 1 2 0 1 4 
3 4 2 3 1 2 0 1 4 
3 5 2 4 1 3 0 2 4 
3 5 2 4 1 3 0 2 4 
4 5 2 4 1 3 0 2 4 
4 6 2 5 1 4 0 3 4 
4 5 2 4 1 3 0 2 4 
4 5 2 4 1 3 0 2 4 
4 8 2 7 1 6 0 5 4 
4 8 2 7 1 6 0 5 4 
4 7 2 6 1 5 0 4 4 
4 7 2 6 1 5 0 4 4 
SCORES_TXT_END_0
SCORES_TXT_BEGIN_0 272 100 9 BLEU
6 6 5 5 4 4 3 3 6 
5 6 4 5 3 4 2 3 6 
5 10 4 9 3 8 2 7 6 
5 10 4 9 3 8 2 7 6 
6 8 4 7 3 6 2 5 6 
5 8 4 7 3 6 2 5 6 
6 7 4 6 3 5 2 4 6 
5 9 4 8 3 7 2 6 6 
6 7 5 6 4 5 3 4 6 
5 9 4 8 3 7 2 6 6 
5 7 4 6 3 5 2 4 6 
6 7 4 6 2 5 1 4 6 
5 6 3 5 1 4 0 3 6 
6 7 4 6 3 5 2 4 6 
6 6 2 5 1 4 0 3 6 
5 7 4 6 3 5 2 4 6 
6 8 5 7 4 6 3 5 6 
5 11 4 10 3 9 2 8 6 
5 11 4 10 3 9 2 8 6 
6 8 4 7 2 6 1 5 6 
6 8 4 7 2 6 1 5 6 
6 7 4 6 2 5 1 4 6 
6 8 4 7 2 6 1 5 6 
5 7 4 6 3 5 2 4 6 
6 9 4 8 3 7 2 6 6 
6 7 5 6 4 5 3 4 6 
6 8 5 7 4 6 3 5 6 
6 7 4 6 2 5 1 4 6 
5 7 3 6 2 5 1 4 6 
5 6 2 5 1 4 0 3 6 
6 10 4 9 2 8 1 7 6 
6 10 4 9 2 8 1 7 6 
5 9 4 8 3 7 2 6 6 
6 7 4 6 2 5 0 4 6 
5 10 4 9 3 8 2 7 6 
5 9 4 8 3 7 2 6 6 
5 8 2 7 1 6 0 5 6 
5 10 4 9 3 8 2 7 6 
5 7 3 6 1 5 0 4 6 
5 6 2 5 1 4 0 3 6 
4 6 2 5 1 4 0 3 6 
5 7 2 6 1 5 0 4 6 
5 11 4 10 3 9 2 8 6 
5 11 4 10 3 9 2 8 6 
6 8 5 7 4 6 3 5 6 
6 8 2 7 1 6 0 5 6 
6 9 4 8 2 7 1 6 6 
6 9 4 8 2 7 1 6 6 
5 10 2 9 1 8 0 7 6 
5 8 4 7 3 6 2 5 6 
5 8 3 7 2 6 1 5 6 
5 7 3 6 2 5 1 4 6 
5 10 2 9 1 8 0 7 6 
6 10 2 9 1 8 0 7 6 
6 10 2 9 1 8 0 7 6 
6 7 4 6 2 5 0 4 6 
6 9 4 8 3 7 2 6 6 
5 8 3 7 2 6 1 5 6 
5 7 3 6 2 5 1 4 6 
5 8 3 7 2 6 1 5 6 
6 7 4 6 2 5 0 4 6 
5 8 4 7 3 6 2 5 6 
6 7 4 6 2 5 1 4 6 
5 11 3 10 2 9 1 8 6 
6 9 3 8 2 7 1 6 6 
5 11 3 10 2 9 1 8 6 
5 7 4 6 3 5 2 4 6 
6 8 4 7 2 6 0 5 6 
6 7 5 6 4 5 3 4 6 
5 10 3 9 2 8 1 7 6 
5 10 3 9 2 8 1 7 6 
5 9 3 8 2 7 1 6 6 
6 8 3 7 2 6 1 5 6 
6 7 2 6 1 5 0 4 6 
5 9 3 8 2 7 1 6 6 
6 8 4 7 3 6 2 5 6 
6 9 5 8 4 7 3 6 6 
5 7 3 6 1 5 0 4 6 
4 6 2 5 1 4 0 3 6 
4 10 2 9 1 8 0 7 6 
5 8 2 7 1 6 0 5 6 
4 10 2 9 1 8 0 7 6 
6 7 2 6 1 5 0 4 6 
4 7 2 6 1 5 0 4 6 
5 12 4 11 3 10 2 9 6 
5 12 4 11 3 10 2 9 6 
4 8 2 7 1 6 0 5 6 
6 8 4 7 2 6 1 5 6 
6 8 4 7 2 6 1 5 6 
5 8 4 7 3 6 2 5 6 
5 12 3 11 2 10 1 9 6 
6 10 3 9 2 8 1 7 6 
5 12 3 11 2 10 1 9 6 
5 9 3 8 2 7 1 6 6 
5 7 2 6 1 5 0 4 6 
5 9 3 8 2 7 1 6 6 
5 11 3 10 2 9 1 8 6 
6 9 3 8 2 7 1 6 6 
4 8 2 7 1 6 0 5 6 
5 11 3 10 2 9 1 8 6 
SCORES_TXT_END_0
SCORES_TXT_BEGIN_0 273 27 9 BLEU
13 13 12 12 11 11 10 10 13 
11 11 9 10 8 9 7 8 13 
11 12 9 11 8 10 7 9 13 
13 14 11 13 9 12 7 11 13 
13 15 11 14 9 13 7 12 13 
13 15 11 14 9 13 7 12 13 
11 12 9 11 8 10 7 9 13 
13 16 11 15 9 14 7 13 13 
13 16 11 15 9 14 7 13 13 
13 15 12 14 11 13 9 12 13 
13 14 11 13 10 12 9 11 13 
10 11 9 10 8 9 7 8 13 
13 14 11 13 9 12 7 11 13 
12 12 10 11 8 10 7 9 13 
13 14 11 13 9 12 7 11 13 
13 17 12 16 11 15 9 14 13 
13 17 12 16 11 15 9 14 13 
13 15 11 14 9 13 7 12 13 
13 14 11 13 9 12 7 11 13 
13 14 11 13 9 12 7 11 13 
13 14 11 13 9 12 7 11 13 
13 14 11 13 10 12 9 11 13 
12 12 9 11 5 10 3 9 13 
13 15 11 14 9 13 7 12 13 
13 15 11 14 9 13 7 12 13 
13 16 12 15 11 14 9 13 13 
13 14 11 13 9 12 7 11 13 
SCORES_TXT_END_0
SCORES_TXT_BEGIN_0 274 100 9 BLEU
10 10 9 9 8 8 7 7 10 
9 10 7 9 5 8 3 7 10 
8 8 6 7 4 6 2 5 10 
6 6 4 5 3 4 2 3 10 
7 8 5 7 4 6 3 5 10 
8 8 6 7 5 6 4 5 10 
7 7 5 6 4 5 3 4 10 
6 7 4 6 3 5 2 4 10 
6 7 5 6 4 5 3 4 10 
5 5 4 4 3 3 2 2 10 
7 7 6 6 5 5 4 4 10 
7 9 5 8 4 7 3 6 10 
8 9 6 8 5 7 4 6 10 
10 11 8 10 6 9 4 8 10 
10 11 9 10 7 9 6 8 10 
10 12 9 11 8 10 6 9 10 
9 12 7 11 5 10 3 9 10 
8 9 6 8 3 7 1 6 10 
9 11 7 10 4 9 2 8 10 
9 9 7 8 5 7 3 6 10 
10 11 8 10 7 9 6 8 10 
9 11 6 10 4 9 3 8 10 
6 6 5 5 4 4 3 3 10 
9 12 7 11 5 10 3 9 10 
7 8 5 7 4 6 3 5 10 
10 12 9 11 7 10 5 9 10 
10 12 8 11 6 10 4 9 10 
10 12 9 11 8 10 6 9 10 
10 11 9 10 8 9 7 8 10 
9 11 6 10 3 9 0 8 10 
6 7 4 6 3 5 2 4 10 
8 10 6 9 4 8 2 7 10 
10 14 9 13 8 12 6 11 10 
10 14 9 13 8 12 7 11 10 
9 14 7 13 5 12 3 11 10 
10 14 9 13 7 12 5 11 10 
8 9 6 8 4 7 2 6 10 
9 11 7 10 5 9 3 8 10 
9 9 7 8 5 7 3 6 10 
10 11 9 10 8 9 7 8 10 
9 11 7 10 5 9 3 8 10 
8 9 5 8 3 7 2 6 10 
10 11 9 10 7 9 5 8 10 
8 9 6 8 4 7 2 6 10 
9 11 7 10 5 9 3 8 10 
9 9 5 8 2 7 0 6 10 
6 7 3 6 2 5 1 4 10 
7 7 4 6 3 5 2 4 10 
8 9 6 8 4 7 2 6 10 
7 9 5 8 4 7 3 6 10 
10 11 8 10 7 9 6 8 10 
10 12 9 11 7 10 6 9 10 
8 9 6 8 5 7 4 6 10 
10 11 9 10 8 9 7 8 10 
10 11 8 10 6 9 4 8 10 
10 11 8 10 7 9 6 8 10 
9 9 5 8 3 7 1 6 10 
10 11 6 10 4 9 2 8 10 
8 10 6 9 3 8 1 7 10 
10 11 9 10 7 9 5 8 10 
9 12 7 11 4 10 2 9 10 
8 9 6 8 4 7 2 6 10 
9 12 6 11 4 10 2 9 10 
10 12 8 11 6 10 4 9 10 
10 11 8 10 6 9 5 8 10 
9 11 7 10 5 9 3 8 10 
9 9 7 8 6 7 5 6 10 
8 9 5 8 3 7 1 6 10 
9 11 6 10 4 9 2 8 10 
10 11 8 10 7 9 6 8 10 
9 11 6 10 4 9 3 8 10 
10 12 9 11 8 10 7 9 10 
8 9 5 8 2 7 0 6 10 
8 9 5 8 4 7 3 6 10 
8 9 6 8 5 7 4 6 10 
9 11 6 10 3 9 1 8 10 
10 13 9 12 8 11 7 10 10 
10 11 8 10 6 9 5 8 10 
10 13 8 12 6 11 4 10 10 
9 11 7 10 5 9 3 8 10 
7 9 4 8 3 7 2 6 10 
8 9 5 8 4 7 3 6 10 
7 8 5 7 4 6 3 5 10 
10 11 9 10 8 9 7 8 10 
10 11 8 10 6 9 4 8 10 
8 10 6 9 4 8 2 7 10 
9 12 7 11 5 10 3 9 10 
10 11 9 10 8 9 7 8 10 
7 8 4 7 2 6 0 5 10 
8 9 5 8 2 7 0 6 10 
9 11 6 10 3 9 1 8 10 
9 10 7 9 5 8 3 7 10 
8 9 5 8 3 7 1 6 10 
8 9 6 8 4 7 2 6 10 
9 11 7 10 5 9 3 8 10 
10 11 9 10 8 9 7 8 10 
9 9 6 8 4 7 2 6 10 
10 11 7 10 5 9 3 8 10 
8 10 5 9 2 8 0 7 10 
10 13 9 12 8 11 6 10 10 
SCORES_TXT_END_0
SCORES_TXT_BEGIN_0 275 91 9 BLEU
13 13 10 12 9 11 8 10 14 
14 15 13 14 12 13 11 12 14 
14 17 12 16 10 15 8 14 14 
14 17 12 16 10 15 8 14 14 
12 12 8 11 7 10 6 9 14 
13 14 11 13 9 12 7 11 14 
12 13 8 12 6 11 5 10 14 
13 15 11 14 9 13 8 12 14 
13 17 10 16 7 15 5 14 14 
13 17 10 16 7 15 5 14 14 
13 16 10 15 8 14 6 13 14 
11 12 6 11 4 10 3 9 14 
13 16 10 15 8 14 6 13 14 
14 14 10 13 7 12 6 11 14 
13 14 10 13 9 12 8 11 14 
14 16 12 15 10 14 9 13 14 
12 13 8 12 6 11 5 10 14 
14 16 13 15 12 14 11 13 14 
14 18 11 17 8 16 6 15 14 
14 18 12 17 10 16 8 15 14 
14 18 11 17 8 16 6 15 14 
12 14 9 13 6 12 4 11 14 
14 18 12 17 10 16 8 15 14 
13 15 11 14 9 13 8 12 14 
13 13 9 12 7 11 5 10 14 
13 17 10 16 7 15 5 14 14 
13 13 9 12 7 11 6 10 14 
13 13 8 12 5 11 4 10 14 
13 17 10 16 7 15 5 14 14 
12 13 8 12 7 11 6 10 14 
14 15 12 14 10 13 8 12 14 
14 15 12 14 10 13 9 12 14 
14 14 10 13 9 12 8 11 14 
14 17 11 16 8 15 5 14 14 
13 14 10 13 9 12 8 11 14 
11 12 6 11 4 10 3 9 14 
13 13 9 12 7 11 6 10 14 
14 17 11 16 8 15 6 14 14 
13 14 9 13 6 12 5 11 14 
14 17 11 16 8 15 5 14 14 
13 13 8 12 6 11 5 10 14 
14 17 11 16 8 15 6 14 14 
14 15 11 14 8 13 6 12 14 
14 16 13 15 12 14 11 13 14 
14 15 12 14 10 13 9 12 14 
13 16 11 15 9 14 8 13 14 
12 12 7 11 5 10 3 9 14 
14 18 12 17 10 16 8 15 14 
14 14 10 13 7 12 5 11 14 
13 15 10 14 7 13 5 12 14 
13 15 11 14 9 13 7 12 14 
14 17 11 16 8 15 6 14 14 
12 12 7 11 5 10 4 9 14 
12 12 10 11 9 10 8 9 14 
14 18 12 17 10 16 8 15 14 
13 18 10 17 7 16 5 15 14 
14 17 11 16 8 15 6 14 14 
13 14 10 13 9 12 8 11 14 
12 16 8 15 5 14 3 13 14 
13 18 10 17 7 16 5 15 14 
11 12 8 11 7 10 6 9 14 
14 16 12 15 10 14 8 13 14 
12 16 8 15 5 14 3 13 14 
12 14 9 13 6 12 4 11 14 
13 13 8 12 7 11 6 10 14 
12 13 8 12 6 11 5 10 14 
14 18 11 17 8 16 5 15 14 
11 12 8 11 7 10 6 9 14 
13 14 8 13 6 12 5 11 14 
12 12 7 11 5 10 4 9 14 
12 13 7 12 4 11 3 10 14 
14 18 11 17 8 16 5 15 14 
13 14 10 13 7 12 4 11 14 
13 15 11 14 9 13 8 12 14 
13 13 9 12 7 11 5 10 14 
14 16 11 15 9 14 8 13 14 
13 14 10 13 7 12 5 11 14 
13 17 10 16 7 15 5 14 14 
13 13 8 12 5 11 3 10 14 
12 13 8 12 6 11 5 10 14 
14 18 10 17 7 16 5 15 14 
13 17 10 16 7 15 5 14 14 
12 13 8 12 6 11 5 10 14 
14 18 10 17 7 16 5 15 14 
12 13 8 12 7 11 6 10 14 
14 15 12 14 10 13 8 12 14 
13 15 11 14 9 13 7 12 14 
13 14 9 13 7 12 6 11 14 
13 15 11 14 9 13 8 12 14 
14 17 11 16 8 15 5 14 14 
13 14 10 13 7 12 5 11 14 
SCORES_TXT_END_0
SCORES_TXT_BEGIN_0 276 60 9 BLEU
10 11 8 10 6 9 4 8 11 
8 12 5 11 2 10 0 9 11 
11 11 10 10 9 9 8 8 11 
9 12 7 11 5 10 3 9 11 
9 11 6 10 3 9 1 8 11 
8 12 5 11 2 10 0 9 11 
9 11 6 10 3 9 1 8 11 
10 11 8 10 6 9 4 8 11 
9 12 7 11 5 10 3 9 11 
10 11 8 10 6 9 4 8 11 
10 12 8 11 6 10 4 9 11 
9 12 6 11 3 10 0 9 11 
8 13 5 12 2 11 0 10 11 
10 13 7 12 5 11 4 10 11 
10 12 8 11 6 10 4 9 11 
10 11 8 10 6 9 4 8 11 
9 11 6 10 3 9 0 8 11 
10 12 7 11 5 10 4 9 11 
8 13 5 12 2 11 0 10 11 
9 13 6 12 3 11 1 10 11 
11 12 9 11 7 10 5 9 11 
8 14 4 13 1 12 0 11 11 
10 12 8 11 6 10 4 9 11 
9 12 6 11 3 10 1 9 11 
8 12 5 11 2 10 0 9 11 
11 13 9 12 8 11 7 10 11 
10 11 8 10 6 9 4 8 11 
11 12 9 11 7 10 5 9 11 
9 12 6 11 3 10 1 9 11 
8 13 4 12 1 11 0 10 11 
8 13 5 12 2 11 0 10 11 
10 15 7 14 5 13 4 12 11 
10 15 7 14 5 13 4 12 11 
11 12 9 11 8 10 7 9 11 
9 14 6 13 4 12 2 11 11 
9 12 6 11 3 10 1 9 11 
9 13 6 12 3 11 1 10 11 
10 12 8 11 6 10 4 9 11 
9 13 6 12 4 11 2 10 11 
8 16 4 15 1 14 0 13 11 
8 16 4 15 1 14 0 13 11 
9 12 6 11 3 10 1 9 11 
9 13 5 12 2 11 1 10 11 
11 15 9 14 8 13 7 12 11 
11 15 9 14 8 13 7 12 11 
10 12 7 11 4 10 2 9 11 
8 13 5 12 2 11 0 10 11 
9 11 6 10 3 9 1 8 11 
8 14 4 13 1 12 0 11 11 
9 12 5 11 2 10 1 9 11 
10 12 8 11 6 10 4 9 11 
10 12 7 11 5 10 4 9 11 
8 12 5 11 2 10 0 9 11 
11 12 9 11 7 10 5 9 11 
8 13 4 12 1 11 0 10 11 
10 14 7 13 5 12 4 11 11 
9 16 6 15 4 14 2 13 11 
9 16 6 15 4 14 2 13 11 
9 12 6 11 3 10 1 9 11 
9 13 5 12 2 11 1 10 11 
SCORES_TXT_END_0
SCORES_TXT_BEGIN_0 277 100 9 BLEU
5 5 4 4 3 3 2 2 5 
4 9 3 8 2 7 1 6 5 
4 9 3 8 2 7 1 6 5 
5 9 3 8 2 7 1 6 5 
5 9 3 8 2 7 1 6 5 
5 7 3 6 2 5 1 4 5 
4 7 3 6 2 5 1 4 5 
4 5 3 4 2 3 1 2 5 
5 6 3 5 2 4 1 3 5 
4 8 3 7 2 6 1 5 5 
4 8 3 7 2 6 1 5 5 
5 6 4 5 3 4 2 3 5 
4 6 3 5 2 4 1 3 5 
5 8 3 7 2 6 1 5 5 
5 8 3 7 2 6 1 5 5 
5 8 3 7 2 6 1 5 5 
4 8 3 7 2 6 1 5 5 
5 6 4 5 3 4 2 3 5 
4 8 3 7 2 6 1 5 5 
5 7 4 6 3 5 2 4 5 
4 5 2 4 0 3 0 2 5 
5 7 3 6 2 5 1 4 5 
4 10 3 9 2 8 1 7 5 
5 6 3 5 1 4 0 3 5 
5 6 3 5 2 4 1 3 5 
4 10 3 9 2 8 1 7 5 
5 8 3 7 2 6 1 5 5 
4 13 3 12 2 11 1 10 5 
4 13 3 12 2 11 1 10 5 
4 13 3 12 2 11 1 10 5 
4 13 3 12 2 11 1 10 5 
5 6 4 5 3 4 2 3 5 
5 6 3 5 2 4 1 3 5 
4 10 3 9 2 8 1 7 5 
4 10 3 9 2 8 1 7 5 
5 6 4 5 3 4 2 3 5 
5 7 4 6 3 5 2 4 5 
5 7 4 6 3 5 2 4 5 
5 11 3 10 2 9 1 8 5 
5 11 3 10 2 9 1 8 5 
4 9 3 8 2 7 1 6 5 
4 9 3 8 2 7 1 6 5 
4 7 1 6 0 5 0 4 5 
4 11 3 10 2 9 1 8 5 
4 11 3 10 2 9 1 8 5 
5 6 3 5 1 4 0 3 5 
4 7 1 6 0 5 0 4 5 
4 11 3 10 2 9 1 8 5 
4 7 3 6 2 5 1 4 5 
5 8 3 7 2 6 1 5 5 
5 7 3 6 2 5 1 4 5 
3 7 1 6 0 5 0 4 5 
4 11 3 10 2 9 1 8 5 
4 12 3 11 2 10 1 9 5 
4 12 3 11 2 10 1 9 5 
4 12 3 11 2 10 1 9 5 
4 6 3 5 2 4 1 3 5 
4 12 3 11 2 10 1 9 5 
5 9 3 8 2 7 1 6 5 
4 9 3 8 2 7 1 6 5 
5 7 1 6 0 5 0 4 5 
5 5 1 4 0 3 0 2 5 
4 9 3 8 2 7 1 6 5 
4 5 1 4 0 3 0 2 5 
4 7 1 6 0 5 0 4 5 
5 8 3 7 2 6 1 5 5 
5 7 3 6 2 5 1 4 5 
3 7 1 6 0 5 0 4 5 
5 8 3 7 2 6 1 5 5 
4 8 3 7 2 6 1 5 5 
5 6 4 5 3 4 2 3 5 
5 6 4 5 3 4 2 3 5 
5 7 4 6 3 5 2 4 5 
4 9 3 8 2 7 1 6 5 
5 6 3 5 1 4 0 3 5 
4 10 3 9 2 8 1 7 5 
5 6 3 5 1 4 0 3 5 
4 10 3 9 2 8 1 7 5 
5 7 3 6 2 5 1 4 5 
3 5 1 4 0 3 0 2 5 
4 8 3 7 2 6 1 5 5 
4 9 1 8 0 7 0 6 5 
3 9 1 8 0 7 0 6 5 
5 7 4 6 3 5 2 4 5 
3 9 1 8 0 7 0 6 5 
4 9 1 8 0 7 0 6 5 
5 7 3 6 2 5 1 4 5 
5 6 3 5 2 4 1 3 5 
5 8 4 7 3 6 2 5 5 
5 7 3 6 2 5 1 4 5 
5 7 4 6 3 5 2 4 5 
5 10 3 9 2 8 1 7 5 
5 7 3 6 1 5 0 4 5 
5 9 4 8 3 7 2 6 5 
4 7 3 6 2 5 1 4 5 
5 9 4 8 3 7 2 6 5 
5 10 3 9 2 8 1 7 5 
3 5 1 4 0 3 0 2 5 
5 7 3 6 1 5 0 4 5 
3 9 1 8 0 7 0 6 5 
SCORES_TXT_END_0
SCORES_TXT_BEGIN_0 278 1 9 BLEU
19 19 18 18 17 17 16 16 19 
SCORES_TXT_END_0
SCORES_TXT_BEGIN_0 279 100 9 BLEU
10 10 9 9 8 8 7 7 10 
10 12 8 11 7 10 6 9 10 
10 14 8 13 7 12 6 11 10 
10 14 8 13 7 12 6 11 10 
10 11 8 10 7 9 6 8 10 
9 9 7 8 5 7 3 6 10 
8 8 6 7 4 6 2 5 10 
7 8 5 7 3 6 2 5 10 
10 11 8 10 7 9 6 8 10 
9 10 7 9 6 8 5 7 10 
9 11 6 10 4 9 2 8 10 
8 9 6 8 4 7 2 6 10 
8 10 5 9 3 8 1 7 10 
10 13 8 12 7 11 6 10 10 
10 11 8 10 7 9 6 8 10 
10 13 8 12 7 11 6 10 10 
10 11 8 10 7 9 6 8 10 
9 12 7 11 6 10 5 9 10 
9 11 7 10 6 9 5 8 10 
10 11 8 10 7 9 6 8 10 
7 10 4 9 2 8 1 7 10 
9 10 8 9 7 8 6 7 10 
10 13 8 12 7 11 6 10 10 
9 13 7 12 6 11 5 10 10 
10 12 8 11 7 10 6 9 10 
10 14 8 13 7 12 6 11 10 
8 9 5 8 3 7 2 6 10 
9 13 6 12 4 11 2 10 10 
8 11 5 10 3 9 1 8 10 
10 13 8 12 7 11 6 10 10 
9 12 5 11 3 10 1 9 10 
9 13 6 12 4 11 2 10 10 
9 11 7 10 6 9 5 8 10 
9 13 6 12 5 11 4 10 10 
8 12 5 11 3 10 1 9 10 
9 11 8 10 7 9 6 8 10 
10 12 8 11 7 10 6 9 10 
7 9 4 8 3 7 2 6 10 
9 11 6 10 5 9 4 8 10 
9 14 7 13 6 12 5 11 10 
10 13 8 12 7 11 6 10 10 
9 14 7 13 6 12 5 11 10 
10 12 8 11 7 10 6 9 10 
9 11 5 10 4 9 3 8 10 
9 11 8 10 7 9 6 8 10 
8 12 4 11 2 10 1 9 10 
9 10 7 9 5 8 4 7 10 
9 11 7 10 6 9 5 8 10 
10 10 6 9 4 8 3 7 10 
9 12 7 11 6 10 5 9 10 
7 12 4 11 2 10 1 9 10 
10 13 8 12 7 11 6 10 10 
10 11 8 10 7 9 6 8 10 
8 9 6 8 4 7 2 6 10 
8 11 4 10 2 9 1 8 10 
10 12 8 11 7 10 6 9 10 
10 13 8 12 7 11 6 10 10 
10 11 8 10 6 9 5 8 10 
10 12 8 11 7 10 6 9 10 
8 13 5 12 3 11 1 10 10 
10 16 8 15 7 14 6 13 10 
9 13 7 12 6 11 5 10 10 
9 13 7 12 6 11 5 10 10 
9 13 5 12 4 11 3 10 10 
10 15 8 14 7 13 6 12 10 
9 15 7 14 6 13 5 12 10 
9 10 6 9 4 8 2 7 10 
10 15 8 14 7 13 6 12 10 
8 9 6 8 4 7 2 6 10 
9 15 7 14 6 13 5 12 10 
9 11 6 10 4 9 2 8 10 
8 9 6 8 4 7 2 6 10 
9 10 6 9 5 8 4 7 10 
8 9 6 8 4 7 2 6 10 
8 9 5 8 3 7 1 6 10 
10 13 8 12 7 11 6 10 10 
8 13 5 12 3 11 1 10 10 
10 16 8 15 7 14 6 13 10 
9 12 7 11 6 10 5 9 10 
10 16 8 15 7 14 6 13 10 
9 12 6 11 5 10 4 9 10 
9 10 5 9 4 8 3 7 10 
10 15 8 14 7 13 6 12 10 
7 11 3 10 2 9 1 8 10 
10 15 8 14 7 13 6 12 10 
9 10 5 9 4 8 3 7 10 
9 11 7 10 6 9 5 8 10 
10 12 6 11 4 10 3 9 10 
10 15 8 14 7 13 6 12 10 
10 15 8 14 7 13 6 12 10 
9 10 7 9 6 8 5 7 10 
10 11 8 10 6 9 4 8 10 
9 10 6 9 4 8 2 7 10 
10 14 8 13 7 12 6 11 10 
10 14 8 13 7 12 6 11 10 
7 9 5 8 3 7 2 6 10 
8 9 6 8 4 7 2 6 10 
7 9 5 8 3 7 2 6 10 
10 15 8 14 7 13 6 12 10 
10 13 8 12 7 11 6 10 10 
SCORES_TXT_END_0
SCORES_TXT_BEGIN_0 280 100 9 BLEU
6 6 5 5 4 4 3 3 6 
5 10 4 9 3 8 2 7 6 
5 10 4 9 3 8 2 7 6 
5 6 4 5 3 4 2 3 6 
6 7 5 6 4 5 3 4 6 
6 8 4 7 3 6 2 5 6 
5 8 4 7 3 6 2 5 6 
5 9 4 8 3 7 2 6 6 
5 9 4 8 3 7 2 6 6 
6 8 5 7 4 6 3 5 6 
6 8 5 7 4 6 3 5 6 
6 7 4 6 3 5 2 4 6 
6 7 4 6 2 5 1 4 6 
6 6 2 5 0 4 0 3 6 
6 7 5 6 4 5 3 4 6 
5 7 4 6 3 5 2 4 6 
6 8 5 7 4 6 3 5 6 
5 11 4 10 3 9 2 8 6 
5 11 4 10 3 9 2 8 6 
6 7 4 6 2 5 1 4 6 
5 6 3 5 1 4 0 3 6 
6 7 4 6 2 5 1 4 6 
6 8 4 7 2 6 1 5 6 
6 7 5 6 4 5 3 4 6 
6 7 4 6 2 5 0 4 6 
6 7 4 6 2 5 0 4 6 
6 9 5 8 4 7 3 6 6 
5 6 2 5 0 4 0 3 6 
6 6 2 5 1 4 0 3 6 
5 6 2 5 1 4 0 3 6 
5 8 2 7 0 6 0 5 6 
5 7 4 6 3 5 2 4 6 
6 6 3 5 1 4 0 3 6 
6 7 4 6 2 5 1 4 6 
5 12 4 11 3 10 2 9 6 
6 6 2 5 0 4 0 3 6 
5 12 4 11 3 10 2 9 6 
6 10 5 9 4 8 3 7 6 
6 10 5 9 4 8 3 7 6 
6 7 3 6 1 5 0 4 6 
5 9 4 8 3 7 2 6 6 
6 8 5 7 4 6 3 5 6 
6 8 4 7 2 6 1 5 6 
5 12 4 11 3 10 2 9 6 
6 9 5 8 4 7 3 6 6 
6 8 4 7 2 6 0 5 6 
5 12 4 11 3 10 2 9 6 
4 6 2 5 1 4 0 3 6 
6 9 5 8 4 7 3 6 6 
4 6 2 5 1 4 0 3 6 
6 8 5 7 4 6 3 5 6 
6 7 4 6 2 5 1 4 6 
6 9 5 8 4 7 3 6 6 
6 8 5 7 4 6 3 5 6 
4 8 2 7 1 6 0 5 6 
6 8 5 7 4 6 3 5 6 
5 6 2 5 1 4 0 3 6 
6 10 4 9 2 8 1 7 6 
6 10 4 9 2 8 1 7 6 
5 11 3 10 1 9 0 8 6 
6 7 4 6 2 5 1 4 6 
5 11 3 10 1 9 0 8 6 
6 8 4 7 3 6 2 5 6 
6 8 4 7 2 6 0 5 6 
5 10 2 9 0 8 0 7 6 
5 8 2 7 1 6 0 5 6 
5 10 2 9 0 8 0 7 6 
6 11 4 10 3 9 2 8 6 
6 8 4 7 2 6 1 5 6 
6 11 4 10 3 9 2 8 6 
6 8 2 7 0 6 0 5 6 
6 8 5 7 3 6 2 5 6 
5 9 2 8 0 7 0 6 6 
4 10 2 9 1 8 0 7 6 
6 8 5 7 3 6 2 5 6 
5 11 4 10 3 9 2 8 6 
5 9 2 8 0 7 0 6 6 
6 9 4 8 3 7 2 6 6 
6 6 3 5 1 4 0 3 6 
5 11 4 10 3 9 2 8 6 
5 8 4 7 3 6 2 5 6 
6 9 4 8 2 7 1 6 6 
6 9 4 8 2 7 1 6 6 
6 10 5 9 4 8 3 7 6 
4 10 2 9 1 8 0 7 6 
5 12 4 11 3 10 2 9 6 
6 7 4 6 2 5 0 4 6 
6 10 5 9 4 8 3 7 6 
5 12 4 11 3 10 2 9 6 
6 9 4 8 2 7 1 6 6 
6 8 5 7 4 6 3 5 6 
6 8 5 7 4 6 3 5 6 
6 8 4 7 2 6 1 5 6 
6 9 5 8 4 7 3 6 6 
4 10 2 9 1 8 0 7 6 
5 11 3 10 1 9 0 8 6 
5 10 4 9 3 8 2 7 6 
4 10 2 9 1 8 0 7 6 
5 11 3 10 1 9 0 8 6 
5 8 4 7 3 6 2 5 6 
SCORES_TXT_END_0
SCORES_TXT_BEGIN_0 281 100 9 BLEU
12 12 11 11 10 10 9 9 12 
12 14 10 13 9 12 8 11 12 
12 16 10 15 9 14 8 13 12 
12 16 10 15 9 14 8 13 12 
12 13 10 12 9 11 8 10 12 
11 12 9 11 7 10 5 9 12 
12 13 10 12 9 11 8 10 12 
12 13 10 12 9 11 8 10 12 
11 12 7 11 5 10 4 9 12 
12 15 10 14 9 13 8 12 12 
11 12 9 11 8 10 7 9 12 
12 15 10 14 9 13 8 12 12 
11 14 9 13 8 12 7 11 12 
12 15 10 14 9 13 8 12 12 
12 13 10 12 9 11 8 10 12 
12 13 10 12 9 11 8 10 12 
11 12 10 11 9 10 8 9 12 
12 14 10 13 9 12 8 11 12 
12 14 10 13 9 12 8 11 12 
11 14 8 13 6 12 4 11 12 
11 11 9 10 7 9 5 8 12 
11 13 9 12 8 11 7 10 12 
12 14 10 13 9 12 8 11 12 
11 13 10 12 9 11 8 10 12 
11 13 9 12 8 11 7 10 12 
12 15 10 14 9 13 8 12 12 
12 16 10 15 9 14 8 13 12 
11 14 7 13 5 12 4 11 12 
11 13 10 12 9 11 8 10 12 
11 15 9 14 8 13 7 12 12 
12 14 10 13 9 12 8 11 12 
11 16 8 15 6 14 4 13 12 
11 16 8 15 6 14 4 13 12 
11 13 7 12 5 11 4 10 12 
12 15 10 14 9 13 8 12 12 
11 11 7 10 5 9 4 8 12 
12 17 10 16 9 15 8 14 12 
12 17 10 16 9 15 8 14 12 
11 13 9 12 8 11 7 10 12 
11 13 8 12 6 11 4 10 12 
12 14 10 13 9 12 8 11 12 
12 15 10 14 9 13 8 12 12 
12 13 10 12 9 11 8 10 12 
12 18 10 17 9 16 8 15 12 
12 15 10 14 9 13 8 12 12 
11 16 9 15 8 14 7 13 12 
11 16 9 15 8 14 7 13 12 
11 15 9 14 8 13 7 12 12 
12 15 10 14 9 13 8 12 12 
11 15 9 14 8 13 7 12 12 
12 14 10 13 9 12 8 11 12 
11 14 9 13 8 12 7 11 12 
10 12 7 11 5 10 4 9 12 
11 16 7 15 5 14 4 13 12 
11 14 7 13 5 12 4 11 12 
12 14 10 13 9 12 8 11 12 
12 15 10 14 9 13 8 12 12 
12 17 10 16 9 15 8 14 12 
11 13 7 12 5 11 4 10 12 
11 16 7 15 5 14 4 13 12 
12 15 10 14 9 13 8 12 12 
11 13 9 12 8 11 7 10 12 
12 17 10 16 9 15 8 14 12 
11 12 8 11 5 10 4 9 12 
11 12 9 11 8 10 7 9 12 
12 17 10 16 9 15 8 14 12 
12 18 10 17 9 16 8 15 12 
12 17 10 16 9 15 8 14 12 
12 18 10 17 9 16 8 15 12 
11 13 8 12 6 11 4 10 12 
11 14 7 13 5 12 4 11 12 
12 15 10 14 9 13 8 12 12 
12 13 10 12 9 11 8 10 12 
12 15 10 14 9 13 8 12 12 
12 18 10 17 9 16 8 15 12 
12 18 10 17 9 16 8 15 12 
11 13 7 12 5 11 4 10 12 
11 15 8 14 6 13 4 12 12 
12 13 10 12 9 11 8 10 12 
12 16 10 15 9 14 8 13 12 
11 14 9 13 8 12 7 11 12 
12 16 10 15 9 14 8 13 12 
12 17 10 16 9 15 8 14 12 
12 17 10 16 9 15 8 14 12 
11 14 7 13 5 12 4 11 12 
11 13 9 12 7 11 5 10 12 
12 17 10 16 9 15 8 14 12 
12 17 10 16 9 15 8 14 12 
12 13 10 12 8 11 7 10 12 
11 12 7 11 5 10 4 9 12 
11 14 7 13 5 12 4 11 12 
12 18 10 17 9 16 8 15 12 
12 13 10 12 8 11 6 10 12 
12 18 10 17 9 16 8 15 12 
12 12 9 11 8 10 7 9 12 
12 16 10 15 9 14 8 13 12 
10 13 7 12 5 11 4 10 12 
11 12 7 11 5 10 3 9 12 
12 17 10 16 9 15 8 14 12 
12 13 11 12 10 11 9 10 12 
SCORES_TXT_END_0
SCORES_TXT_BEGIN_0 282 100 9 BLEU
9 9 8 8 7 7 6 6 9 
8 9 6 8 4 7 2 6 9 
8 9 6 8 4 7 2 6 9 
8 9 6 8 4 7 2 6 9 
7 9 4 8 2 7 0 6 9 
7 9 4 8 2 7 0 6 9 
7 9 5 8 3 7 2 6 9 
6 9 3 8 1 7 0 6 9 
7 9 5 8 3 7 2 6 9 
8 9 6 8 4 7 3 6 9 
6 9 3 8 1 7 0 6 9 
7 9 4 8 1 7 0 6 9 
8 9 6 8 4 7 2 6 9 
9 10 7 9 5 8 3 7 9 
9 11 7 10 6 9 5 8 9 
9 10 7 9 6 8 5 7 9 
7 9 4 8 2 7 0 6 9 
8 10 5 9 3 8 1 7 9 
7 9 4 8 2 7 0 6 9 
8 11 5 10 3 9 1 8 9 
8 11 5 10 3 9 2 8 9 
8 11 5 10 3 9 1 8 9 
9 13 7 12 6 11 5 10 9 
9 13 7 12 6 11 5 10 9 
6 9 3 8 1 7 0 6 9 
8 10 5 9 3 8 1 7 9 
7 9 4 8 1 7 0 6 9 
8 10 5 9 3 8 2 7 9 
8 10 5 9 3 8 1 7 9 
7 11 3 10 1 9 0 8 9 
7 11 3 10 1 9 0 8 9 
8 10 5 9 3 8 1 7 9 
7 11 4 10 2 9 1 8 9 
7 10 3 9 1 8 0 7 9 
7 10 3 9 1 8 0 7 9 
8 10 6 9 4 8 2 7 9 
7 10 4 9 2 8 1 7 9 
8 13 5 12 3 11 1 10 9 
6 11 2 10 0 9 0 8 9 
8 13 5 12 3 11 1 10 9 
8 13 5 12 3 11 2 10 9 
8 13 5 12 3 11 2 10 9 
8 13 5 12 3 11 1 10 9 
8 13 5 12 3 11 1 10 9 
7 10 4 9 2 8 1 7 9 
9 10 7 9 6 8 5 7 9 
8 11 5 10 3 9 2 8 9 
7 10 4 9 2 8 1 7 9 
6 9 3 8 1 7 0 6 9 
6 10 2 9 0 8 0 7 9 
7 11 4 10 2 9 1 8 9 
9 12 7 11 6 10 5 9 9 
8 10 5 9 2 8 1 7 9 
7 13 3 12 1 11 0 10 9 
7 13 3 12 1 11 0 10 9 
7 13 3 12 1 11 0 10 9 
7 13 3 12 1 11 0 10 9 
8 10 5 9 3 8 2 7 9 
7 10 4 9 2 8 1 7 9 
8 9 7 8 6 7 5 6 9 
8 9 7 8 6 7 5 6 9 
7 13 4 12 2 11 1 10 9 
7 13 4 12 2 11 1 10 9 
6 11 2 10 0 9 0 8 9 
8 10 5 9 3 8 2 7 9 
7 10 4 9 2 8 0 7 9 
8 9 7 8 6 7 5 6 9 
9 12 7 11 6 10 5 9 9 
8 10 6 9 4 8 2 7 9 
8 9 7 8 6 7 5 6 9 
6 13 2 12 0 11 0 10 9 
6 13 2 12 0 11 0 10 9 
9 10 8 9 6 8 5 7 9 
6 9 4 8 3 7 2 6 9 
6 10 2 9 0 8 0 7 9 
8 10 5 9 3 8 1 7 9 
8 10 5 9 3 8 2 7 9 
7 9 5 8 4 7 3 6 9 
8 10 5 9 3 8 1 7 9 
7 11 3 10 0 9 0 8 9 
7 9 5 8 3 7 1 6 9 
8 12 5 11 3 10 1 9 9 
8 13 5 12 3 11 2 10 9 
8 12 5 11 3 10 2 9 9 
8 13 5 12 3 11 2 10 9 
7 10 3 9 1 8 0 7 9 
7 13 4 12 2 11 1 10 9 
7 13 4 12 2 11 1 10 9 
8 12 5 11 3 10 1 9 9 
6 9 4 8 3 7 2 6 9 
7 10 4 9 2 8 0 7 9 
7 9 5 8 3 7 1 6 9 
7 10 4 9 2 8 0 7 9 
7 10 5 9 3 8 2 7 9 
7 9 5 8 3 7 1 6 9 
5 9 2 8 1 7 0 6 9 
7 9 5 8 3 7 2 6 9 
7 10 3 9 0 8 0 7 9 
7 9 5 8 4 7 3 6 9 
7 10 3 9 1 8 0 7 9 
SCORES_TXT_END_0
SCORES_TXT_BEGIN_0 283 63 9 BLEU
10 10 9 9 8 8 7 7 10 
9 10 7 9 5 8 3 7 10 
10 12 8 11 7 10 6 9 10 
9 12 6 11 4 10 2 9 10 
10 11 8 10 7 9 6 8 10 
9 11 6 10 4 9 2 8 10 
10 11 8 10 7 9 6 8 10 
10 11 8 10 7 9 6 8 10 
10 14 8 13 7 12 6 11 10 
10 14 8 13 7 12 6 11 10 
9 11 6 10 4 9 3 8 10 
10 11 8 10 6 9 5 8 10 
9 11 6 10 4 9 2 8 10 
9 11 6 10 4 9 2 8 10 
10 14 6 13 4 12 2 11 10 
9 14 6 13 4 12 2 11 10 
10 13 8 12 7 11 6 10 10 
10 13 8 12 7 11 6 10 10 
10 12 8 11 7 10 6 9 10 
10 13 8 12 7 11 6 10 10 
10 11 8 10 6 9 4 8 10 
9 13 5 12 3 11 2 10 10 
10 15 8 14 7 13 6 12 10 
10 15 8 14 7 13 6 12 10 
10 11 9 10 7 9 5 8 10 
10 13 7 12 5 11 4 10 10 
9 10 8 9 7 8 6 7 10 
10 10 6 9 5 8 4 7 10 
9 11 6 10 4 9 3 8 10 
10 13 8 12 7 11 6 10 10 
10 12 8 11 6 10 5 9 10 
9 11 7 10 4 9 3 8 10 
9 13 6 12 4 11 2 10 10 
9 12 6 11 4 10 3 9 10 
10 11 8 10 7 9 6 8 10 
10 11 9 10 7 9 6 8 10 
9 13 6 12 4 11 2 10 10 
9 12 6 11 4 10 2 9 10 
9 11 6 10 4 9 3 8 10 
10 11 8 10 6 9 5 8 10 
9 11 6 10 4 9 3 8 10 
9 12 7 11 4 10 3 9 10 
10 13 6 12 4 11 2 10 10 
10 11 6 10 4 9 3 8 10 
10 12 8 11 7 10 6 9 10 
10 11 8 10 7 9 6 8 10 
10 12 9 11 7 10 6 9 10 
10 12 6 11 5 10 4 9 10 
10 14 8 13 7 12 6 11 10 
10 15 6 14 4 13 2 12 10 
10 11 8 10 7 9 6 8 10 
9 15 6 14 4 13 2 12 10 
8 10 5 9 4 8 3 7 10 
8 10 6 9 4 8 2 7 10 
9 13 6 12 4 11 2 10 10 
10 11 8 10 7 9 6 8 10 
9 10 7 9 6 8 5 7 10 
10 11 8 10 6 9 5 8 10 
9 11 7 10 5 9 3 8 10 
9 10 4 9 2 8 0 7 10 
8 10 5 9 4 8 3 7 10 
10 14 8 13 7 12 6 11 10 
10 13 7 12 5 11 3 10 10 
SCORES_TXT_END_0
SCORES_TXT_BEGIN_0 284 100 9 BLEU
7 7 6 6 5 5 4 4 7 
7 8 5 7 4 6 3 5 7 
7 9 5 8 4 7 3 6 7 
7 11 5 10 4 9 3 8 7 
7 11 5 10 4 9 3 8 7 
7 8 3 7 1 6 0 5 7 
7 8 3 7 1 6 0 5 7 
6 8 2 7 1 6 0 5 7 
6 8 2 7 1 6 0 5 7 
7 9 3 8 1 7 0 6 7 
6 7 5 6 4 5 3 4 7 
7 10 3 9 1 8 0 7 7 
6 6 4 5 2 4 0 3 7 
7 8 5 7 4 6 3 5 7 
7 10 5 9 4 8 3 7 7 
6 7 3 6 1 5 0 4 7 
6 8 2 7 1 6 0 5 7 
6 7 4 6 3 5 2 4 7 
6 9 2 8 1 7 0 6 7 
5 5 3 4 1 3 0 2 7 
6 6 4 5 2 4 1 3 7 
7 9 3 8 1 7 0 6 7 
7 10 3 9 1 8 0 7 7 
6 8 3 7 2 6 1 5 7 
7 10 5 9 4 8 3 7 7 
7 9 3 8 1 7 0 6 7 
6 8 2 7 1 6 0 5 7 
5 5 2 4 1 3 0 2 7 
6 8 3 7 1 6 0 5 7 
6 10 2 9 1 8 0 7 7 
7 9 5 8 4 7 3 6 7 
7 9 5 8 4 7 3 6 7 
7 9 3 8 1 7 0 6 7 
6 6 2 5 0 4 0 3 7 
6 9 2 8 1 7 0 6 7 
6 9 3 8 2 7 1 6 7 
6 9 2 8 1 7 0 6 7 
7 10 4 9 3 8 2 7 7 
6 6 3 5 1 4 0 3 7 
6 7 1 6 0 5 0 4 7 
5 6 2 5 1 4 0 3 7 
6 7 3 6 2 5 1 4 7 
6 7 1 6 0 5 0 4 7 
7 8 2 7 1 6 0 5 7 
7 10 4 9 3 8 2 7 7 
5 7 2 6 1 5 0 4 7 
5 5 1 4 0 3 0 2 7 
6 8 3 7 2 6 1 5 7 
6 10 2 9 1 8 0 7 7 
7 10 5 9 4 8 3 7 7 
6 9 2 8 1 7 0 6 7 
7 11 3 10 1 9 0 8 7 
6 9 2 8 1 7 0 6 7 
7 9 4 8 2 7 0 6 7 
6 9 2 8 1 7 0 6 7 
6 8 5 7 4 6 3 5 7 
5 6 2 5 1 4 0 3 7 
4 5 0 4 0 3 0 2 7 
7 8 2 7 1 6 0 5 7 
7 8 5 7 4 6 3 5 7 
7 11 4 10 3 9 2 8 7 
6 10 2 9 1 8 0 7 7 
6 8 5 7 4 6 3 5 7 
7 12 3 11 1 10 0 9 7 
7 12 3 11 1 10 0 9 7 
5 6 1 5 0 4 0 3 7 
6 9 2 8 1 7 0 6 7 
7 11 4 10 3 9 2 8 7 
5 7 1 6 0 5 0 4 7 
6 9 2 8 1 7 0 6 7 
5 7 0 6 0 5 0 4 7 
6 9 2 8 1 7 0 6 7 
4 5 1 4 0 3 0 2 7 
7 9 4 8 2 7 0 6 7 
7 10 2 9 1 8 0 7 7 
6 8 2 7 1 6 0 5 7 
5 7 0 6 0 5 0 4 7 
7 9 5 8 4 7 3 6 7 
4 5 0 4 0 3 0 2 7 
6 8 2 7 1 6 0 5 7 
5 6 1 5 0 4 0 3 7 
6 10 3 9 1 8 0 7 7 
6 10 3 9 1 8 0 7 7 
7 10 3 9 1 8 0 7 7 
5 5 1 4 0 3 0 2 7 
6 10 2 9 1 8 0 7 7 
6 9 3 8 1 7 0 6 7 
7 12 3 11 1 10 0 9 7 
7 12 3 11 1 10 0 9 7 
6 12 2 11 1 10 0 9 7 
6 12 2 11 1 10 0 9 7 
5 6 2 5 1 4 0 3 7 
6 7 3 6 2 5 1 4 7 
7 11 3 10 1 9 0 8 7 
5 7 2 6 1 5 0 4 7 
6 9 4 8 3 7 2 6 7 
6 11 3 10 2 9 1 8 7 
7 10 2 9 1 8 0 7 7 
6 11 3 10 2 9 1 8 7 
6 11 2 10 1 9 0 8 7 
SCORES_TXT_END_0
SCORES_TXT_BEGIN_0 285 42 9 BLEU
14 14 13 13 12 12 11 11 14 
13 13 11 12 9 11 7 10 14 
13 13 11 12 9 11 7 10 14 
12 13 10 12 8 11 6 10 14 
12 14 9 13 6 12 3 11 14 
13 14 11 13 9 12 7 11 14 
14 15 13 14 11 13 9 12 14 
13 14 11 13 10 12 9 11 14 
13 14 12 13 11 12 10 11 14 
13 15 11 14 9 13 7 12 14 
13 14 11 13 9 12 7 11 14 
12 14 10 13 8 12 6 11 14 
12 13 9 12 6 11 3 10 14 
14 15 12 14 10 13 8 12 14 
12 13 8 12 5 11 2 10 14 
13 13 11 12 9 11 8 10 14 
12 13 9 12 6 11 3 10 14 
13 18 12 17 11 16 10 15 14 
13 18 12 17 11 16 10 15 14 
13 14 11 13 9 12 7 11 14 
11 14 9 13 8 12 7 11 14 
11 13 8 12 5 11 2 10 14 
12 15 10 14 8 13 6 12 14 
13 15 11 14 9 13 7 12 14 
14 16 12 15 11 14 10 13 14 
12 14 11 13 10 12 9 11 14 
12 13 10 12 8 11 6 10 14 
13 14 10 13 7 12 4 11 14 
12 13 10 12 8 11 6 10 14 
12 13 9 12 7 11 5 10 14 
12 17 10 16 8 15 6 14 14 
13 14 11 13 9 12 7 11 14 
14 16 12 15 10 14 8 13 14 
13 16 12 15 11 14 10 13 14 
12 15 10 14 8 13 6 12 14 
14 15 12 14 10 13 8 12 14 
13 14 11 13 9 12 7 11 14 
14 14 10 13 7 12 5 11 14 
13 14 9 13 6 12 3 11 14 
12 13 10 12 8 11 7 10 14 
13 17 12 16 11 15 10 14 14 
13 14 11 13 9 12 7 11 14 
SCORES_TXT_END_0
SCORES_TXT_BEGIN_0 286 88 9 BLEU
12 13 10 12 9 11 8 10 12 
12 14 10 13 9 12 8 11 12 
12 12 11 11 10 10 9 9 12 
12 15 10 14 9 13 8 12 12 
12 17 10 16 9 15 8 14 12 
12 17 10 16 9 15 8 14 12 
12 16 10 15 9 14 8 13 12 
12 16 10 15 9 14 8 13 12 
12 13 10 12 9 11 8 10 12 
12 14 10 13 9 12 8 11 12 
11 13 10 12 9 11 8 10 12 
12 14 9 13 7 12 6 11 12 
12 12 8 11 6 10 4 9 12 
12 15 10 14 9 13 8 12 12 
11 12 10 11 9 10 8 9 12 
12 14 9 13 7 12 5 11 12 
11 12 8 11 7 10 6 9 12 
12 14 10 13 9 12 8 11 12 
12 14 9 13 7 12 5 11 12 
12 16 10 15 9 14 8 13 12 
12 15 10 14 9 13 8 12 12 
12 13 8 12 6 11 4 10 12 
12 16 10 15 9 14 8 13 12 
12 14 8 13 6 12 4 11 12 
12 15 9 14 7 13 6 12 12 
12 13 10 12 8 11 6 10 12 
12 15 8 14 6 13 4 12 12 
12 13 8 12 6 11 4 10 12 
12 16 9 15 7 14 6 13 12 
11 13 8 12 6 11 5 10 12 
12 14 10 13 9 12 8 11 12 
12 15 9 14 7 13 5 12 12 
12 13 10 12 8 11 6 10 12 
11 13 8 12 7 11 6 10 12 
12 14 10 13 8 12 7 11 12 
11 11 9 10 8 9 7 8 12 
12 13 10 12 9 11 8 10 12 
12 14 10 13 9 12 8 11 12 
11 14 8 13 7 12 6 11 12 
12 16 9 15 7 14 5 13 12 
12 13 7 12 5 11 3 10 12 
11 13 8 12 6 11 4 10 12 
12 13 8 12 6 11 4 10 12 
12 15 9 14 7 13 5 12 12 
12 14 8 13 6 12 4 11 12 
12 13 10 12 8 11 6 10 12 
11 14 10 13 9 12 8 11 12 
12 14 10 13 9 12 8 11 12 
12 13 7 12 4 11 3 10 12 
12 16 9 15 7 14 5 13 12 
11 14 10 13 9 12 8 11 12 
12 14 9 13 7 12 5 11 12 
12 16 8 15 6 14 4 13 12 
11 14 8 13 6 12 5 11 12 
12 16 8 15 6 14 4 13 12 
12 13 8 12 6 11 4 10 12 
11 13 8 12 7 11 6 10 12 
12 14 9 13 7 12 5 11 12 
12 14 9 13 7 12 5 11 12 
12 18 9 17 7 16 6 15 12 
12 18 9 17 7 16 6 15 12 
11 13 10 12 9 11 8 10 12 
12 14 9 13 7 12 5 11 12 
12 15 8 14 6 13 4 12 12 
12 15 8 14 6 13 4 12 12 
12 14 8 13 6 12 4 11 12 
11 13 10 12 9 11 8 10 12 
11 13 8 12 6 11 4 10 12 
12 17 9 16 7 15 6 14 12 
12 17 9 16 7 15 6 14 12 
11 16 8 15 7 14 6 13 12 
11 16 8 15 7 14 6 13 12 
12 18 9 17 7 16 5 15 12 
12 18 9 17 7 16 5 15 12 
12 13 8 12 6 11 4 10 12 
12 17 8 16 6 15 4 14 12 
12 17 8 16 6 15 4 14 12 
11 12 8 11 6 10 4 9 12 
12 13 8 12 6 11 4 10 12 
12 14 8 13 6 12 4 11 12 
12 17 9 16 7 15 5 14 12 
12 14 9 13 7 12 6 11 12 
12 16 8 15 6 14 4 13 12 
12 17 9 16 7 15 5 14 12 
12 16 8 15 6 14 4 13 12 
11 15 8 14 7 13 6 12 12 
11 15 8 14 7 13 6 12 12 
12 18 9 17 7 16 5 15 12 
SCORES_TXT_END_0
SCORES_TXT_BEGIN_0 287 100 9 BLEU
7 7 6 6 5 5 4 4 7 
6 6 4 5 3 4 2 3 7 
6 7 5 6 4 5 3 4 7 
6 8 4 7 3 6 2 5 7 
6 10 4 9 3 8 2 7 7 
6 10 4 9 3 8 2 7 7 
5 6 3 5 2 4 1 3 7 
6 6 4 5 2 4 1 3 7 
7 9 5 8 4 7 3 6 7 
5 6 3 5 2 4 1 3 7 
7 8 6 7 4 6 3 5 7 
5 8 3 7 2 6 1 5 7 
6 7 4 6 3 5 2 4 7 
7 11 5 10 4 9 3 8 7 
7 11 5 10 4 9 3 8 7 
6 9 4 8 3 7 2 6 7 
6 9 4 8 3 7 2 6 7 
6 7 4 6 3 5 2 4 7 
5 6 4 5 3 4 2 3 7 
6 7 4 6 3 5 2 4 7 
7 8 5 7 4 6 3 5 7 
7 10 5 9 4 8 3 7 7 
5 10 3 9 2 8 1 7 7 
5 10 3 9 2 8 1 7 7 
6 8 4 7 3 6 2 5 7 
7 10 5 9 4 8 3 7 7 
7 8 5 7 3 6 2 5 7 
6 9 4 8 3 7 2 6 7 
6 8 4 7 3 6 2 5 7 
6 9 4 8 3 7 2 6 7 
5 7 3 6 2 5 1 4 7 
6 7 5 6 4 5 3 4 7 
6 8 5 7 3 6 2 5 7 
6 8 4 7 3 6 2 5 7 
7 8 5 7 3 6 2 5 7 
7 8 4 7 3 6 2 5 7 
6 6 2 5 1 4 0 3 7 
5 7 3 6 2 5 1 4 7 
6 7 4 6 2 5 1 4 7 
6 9 4 8 3 7 2 6 7 
6 11 4 10 3 9 2 8 7 
6 11 4 10 3 9 2 8 7 
6 6 2 5 0 4 0 3 7 
5 7 2 6 1 5 0 4 7 
5 7 3 6 2 5 1 4 7 
5 7 3 6 2 5 1 4 7 
7 8 5 7 4 6 3 5 7 
6 8 4 7 2 6 1 5 7 
6 7 4 6 2 5 1 4 7 
6 8 4 7 3 6 2 5 7 
5 9 3 8 2 7 1 6 7 
5 6 1 5 0 4 0 3 7 
5 9 3 8 2 7 1 6 7 
6 7 3 6 2 5 1 4 7 
7 9 5 8 3 7 2 6 7 
5 8 3 7 2 6 1 5 7 
5 7 4 6 3 5 2 4 7 
5 8 3 7 2 6 1 5 7 
5 7 3 6 2 5 1 4 7 
6 11 4 10 3 9 2 8 7 
6 11 4 10 3 9 2 8 7 
5 7 4 6 3 5 2 4 7 
6 8 2 7 1 6 0 5 7 
6 7 3 6 1 5 0 4 7 
5 7 3 6 2 5 1 4 7 
6 9 4 8 3 7 2 6 7 
6 9 4 8 3 7 2 6 7 
6 10 4 9 3 8 2 7 7 
4 6 3 5 2 4 1 3 7 
6 10 4 9 3 8 2 7 7 
6 8 2 7 0 6 0 5 7 
5 9 2 8 1 7 0 6 7 
5 7 3 6 2 5 1 4 7 
5 7 2 6 1 5 0 4 7 
6 8 4 7 3 6 2 5 7 
7 7 4 6 2 5 0 4 7 
5 7 2 6 1 5 0 4 7 
7 9 4 8 3 7 2 6 7 
6 10 4 9 3 8 2 7 7 
5 8 1 7 0 6 0 5 7 
6 8 4 7 3 6 2 5 7 
6 7 2 6 1 5 0 4 7 
5 8 2 7 1 6 0 5 7 
6 6 2 5 0 4 0 3 7 
5 8 3 7 2 6 1 5 7 
7 7 3 6 1 5 0 4 7 
6 9 3 8 1 7 0 6 7 
6 10 4 9 3 8 2 7 7 
5 6 1 5 0 4 0 3 7 
6 8 3 7 2 6 1 5 7 
5 9 2 8 1 7 0 6 7 
5 8 2 7 1 6 0 5 7 
5 9 2 8 1 7 0 6 7 
5 9 3 8 2 7 1 6 7 
6 6 2 5 1 4 0 3 7 
5 8 2 7 0 6 0 5 7 
5 6 1 5 0 4 0 3 7 
6 8 3 7 1 6 0 5 7 
5 7 2 6 1 5 0 4 7 
6 7 3 6 0 5 0 4 7 
SCORES_TXT_END_0
SCORES_TXT_BEGIN_0 288 100 9 BLEU
8 8 7 7 6 6 5 5 8 
7 8 5 7 4 6 3 5 8 
7 10 6 9 5 8 4 7 8 
6 7 4 6 3 5 2 4 8 
6 8 5 7 4 6 3 5 8 
7 9 5 8 4 7 3 6 8 
7 8 6 7 5 6 4 5 8 
6 10 5 9 4 8 3 7 8 
8 9 5 8 2 7 1 6 8 
5 7 4 6 3 5 2 4 8 
8 8 4 7 2 6 1 5 8 
6 8 4 7 3 6 2 5 8 
8 10 6 9 5 8 4 7 8 
7 7 5 6 3 5 2 4 8 
5 9 4 8 3 7 2 6 8 
7 13 5 12 4 11 3 10 8 
7 13 5 12 4 11 3 10 8 
6 11 5 10 4 9 3 8 8 
8 9 7 8 5 7 3 6 8 
6 13 5 12 4 11 3 10 8 
6 9 5 8 4 7 3 6 8 
6 13 5 12 4 11 3 10 8 
6 12 4 11 3 10 2 9 8 
6 12 4 11 3 10 2 9 8 
5 10 4 9 3 8 2 7 8 
7 11 6 10 4 9 3 8 8 
7 9 5 8 2 7 1 6 8 
7 12 6 11 5 10 4 9 8 
7 12 6 11 5 10 4 9 8 
7 10 5 9 4 8 3 7 8 
6 9 4 8 3 7 2 6 8 
7 11 6 10 5 9 4 8 8 
7 11 6 10 5 9 4 8 8 
7 8 4 7 2 6 1 5 8 
6 7 4 6 3 5 2 4 8 
7 8 4 7 2 6 1 5 8 
5 12 4 11 3 10 2 9 8 
5 8 4 7 3 6 2 5 8 
5 12 4 11 3 10 2 9 8 
7 8 3 7 2 6 1 5 8 
6 7 3 6 2 5 1 4 8 
6 9 4 8 3 7 2 6 8 
8 8 4 7 2 6 1 5 8 
6 12 5 11 4 10 3 9 8 
6 12 5 11 4 10 3 9 8 
8 9 6 8 4 7 2 6 8 
6 11 5 10 4 9 3 8 8 
7 9 6 8 4 7 3 6 8 
6 11 5 10 4 9 3 8 8 
7 11 5 10 4 9 3 8 8 
7 9 4 8 2 7 1 6 8 
7 9 6 8 5 7 4 6 8 
7 10 5 9 4 8 3 7 8 
7 7 3 6 2 5 1 4 8 
7 7 5 6 3 5 1 4 8 
7 11 5 10 3 9 1 8 8 
7 13 5 12 2 11 1 10 8 
7 13 5 12 2 11 1 10 8 
5 11 4 10 3 9 2 8 8 
5 11 4 10 3 9 2 8 8 
6 8 3 7 2 6 1 5 8 
5 10 4 9 3 8 2 7 8 
5 10 4 9 3 8 2 7 8 
7 12 4 11 2 10 1 9 8 
6 7 3 6 1 5 0 4 8 
6 10 4 9 3 8 2 7 8 
7 12 4 11 2 10 1 9 8 
8 11 6 10 4 9 3 8 8 
6 9 4 8 2 7 0 6 8 
6 9 4 8 3 7 2 6 8 
8 9 6 8 5 7 4 6 8 
6 9 5 8 4 7 3 6 8 
8 11 5 10 2 9 1 8 8 
7 9 3 8 2 7 1 6 8 
7 9 4 8 3 7 2 6 8 
7 9 4 8 2 7 1 6 8 
7 9 4 8 2 7 1 6 8 
6 9 4 8 2 7 1 6 8 
6 8 4 7 2 6 1 5 8 
8 8 4 7 2 6 1 5 8 
8 10 4 9 2 8 1 7 8 
7 8 3 7 2 6 1 5 8 
6 10 3 9 2 8 1 7 8 
7 10 4 9 2 8 1 7 8 
6 8 3 7 2 6 1 5 8 
6 11 4 10 3 9 2 8 8 
7 11 5 10 2 9 1 8 8 
5 7 3 6 2 5 1 4 8 
6 11 4 10 3 9 2 8 8 
7 9 5 8 3 7 1 6 8 
7 11 5 10 4 9 3 8 8 
6 8 3 7 1 6 0 5 8 
7 12 5 11 2 10 1 9 8 
6 10 4 9 3 8 2 7 8 
7 11 5 10 4 9 3 8 8 
5 8 4 7 3 6 2 5 8 
7 8 4 7 2 6 1 5 8 
6 10 4 9 3 8 2 7 8 
6 10 5 9 4 8 3 7 8 
7 9 5 8 4 7 3 6 8 
SCORES_TXT_END_0
SCORES_TXT_BEGIN_0 289 100 9 BLEU
10 11 9 10 8 9 7 8 10 
9 11 7 10 5 9 3 8 10 
7 7 4 6 3 5 2 4 10 
8 9 6 8 4 7 2 6 10 
10 12 8 11 6 10 5 9 10 
9 12 6 11 3 10 1 9 10 
8 8 4 7 1 6 0 5 10 
10 11 8 10 6 9 5 8 10 
8 10 5 9 2 8 0 7 10 
9 11 6 10 3 9 1 8 10 
7 7 3 6 1 5 0 4 10 
8 9 5 8 2 7 0 6 10 
10 12 9 11 8 10 7 9 10 
10 11 8 10 6 9 5 8 10 
9 12 7 11 5 10 3 9 10 
9 11 6 10 3 9 1 8 10 
7 8 4 7 3 6 2 5 10 
7 7 3 6 1 5 0 4 10 
8 10 6 9 4 8 2 7 10 
8 9 5 8 2 7 0 6 10 
10 12 9 11 8 10 7 9 10 
9 12 7 11 5 10 3 9 10 
8 8 4 7 3 6 2 5 10 
8 10 6 9 4 8 2 7 10 
10 14 8 13 6 12 5 11 10 
10 14 8 13 6 12 5 11 10 
9 14 6 13 3 12 1 11 10 
10 14 8 13 5 12 2 11 10 
9 10 4 9 1 8 0 7 10 
10 10 6 9 3 8 1 7 10 
9 12 5 11 2 10 0 9 10 
10 12 9 11 8 10 7 9 10 
9 11 7 10 5 9 3 8 10 
10 13 8 12 6 11 5 10 10 
8 11 5 10 2 9 0 8 10 
10 12 7 11 4 10 1 9 10 
9 12 7 11 5 10 3 9 10 
10 13 8 12 6 11 5 10 10 
7 9 4 8 2 7 0 6 10 
9 13 6 12 3 11 1 10 10 
10 11 8 10 7 9 6 8 10 
10 12 8 11 7 10 6 9 10 
9 13 6 12 3 11 1 10 10 
8 8 5 7 3 6 2 5 10 
10 13 8 12 6 11 5 10 10 
8 9 4 8 1 7 0 6 10 
10 11 8 10 6 9 4 8 10 
9 12 6 11 4 10 2 9 10 
8 9 4 8 1 7 0 6 10 
10 13 7 12 4 11 1 10 10 
9 11 6 10 3 9 0 8 10 
8 10 6 9 4 8 2 7 10 
8 11 5 10 2 9 0 8 10 
8 8 4 7 2 6 1 5 10 
10 12 8 11 6 10 4 9 10 
10 12 8 11 6 10 5 9 10 
9 9 5 8 2 7 0 6 10 
9 9 6 8 5 7 4 6 10 
8 11 5 10 2 9 0 8 10 
10 12 8 11 6 10 4 9 10 
9 12 6 11 3 10 0 9 10 
9 11 7 10 5 9 3 8 10 
9 12 6 11 3 10 1 9 10 
8 11 5 10 2 9 0 8 10 
8 8 5 7 4 6 3 5 10 
8 10 5 9 3 8 1 7 10 
9 11 6 10 3 9 0 8 10 
9 12 6 11 3 10 0 9 10 
8 9 5 8 2 7 0 6 10 
8 8 3 7 1 6 0 5 10 
10 11 9 10 8 9 7 8 10 
10 12 8 11 6 10 4 9 10 
9 11 7 10 5 9 3 8 10 
9 12 6 11 3 10 0 9 10 
8 10 5 9 2 8 0 7 10 
8 9 5 8 3 7 1 6 10 
8 10 5 9 2 8 0 7 10 
7 7 3 6 1 5 0 4 10 
7 7 4 6 3 5 2 4 10 
8 10 5 9 2 8 0 7 10 
10 10 6 9 3 8 2 7 10 
9 11 6 10 4 9 2 8 10 
9 11 7 10 6 9 5 8 10 
9 9 5 8 2 7 1 6 10 
6 8 3 7 1 6 0 5 10 
7 7 3 6 1 5 0 4 10 
8 9 6 8 4 7 2 6 10 
8 11 5 10 3 9 1 8 10 
10 11 8 10 6 9 4 8 10 
8 10 5 9 2 8 0 7 10 
7 9 4 8 2 7 0 6 10 
7 8 3 7 1 6 0 5 10 
9 11 6 10 3 9 0 8 10 
6 7 2 6 1 5 0 4 10 
10 13 9 12 8 11 7 10 10 
9 11 7 10 6 9 5 8 10 
9 12 7 11 5 10 3 9 10 
8 9 5 8 4 7 3 6 10 
8 12 5 11 2 10 0 9 10 
9 9 5 8 3 7 2 6 10 
SCORES_TXT_END_0
SCORES_TXT_BEGIN_0 290 39 9 BLEU
11 11 10 10 9 9 8 8 11 
10 15 9 14 8 13 7 12 11 
10 15 9 14 8 13 7 12 11 
11 15 9 14 8 13 7 12 11 
11 15 9 14 8 13 7 12 11 
11 13 9 12 8 11 7 10 11 
10 13 9 12 8 11 7 10 11 
10 11 9 10 8 9 7 8 11 
11 12 9 11 8 10 7 9 11 
11 13 9 12 8 11 7 10 11 
11 13 9 12 8 11 7 10 11 
11 14 9 13 8 12 7 11 11 
10 12 9 11 8 10 7 9 11 
11 14 9 13 8 12 7 11 11 
11 12 9 11 8 10 7 9 11 
10 13 9 12 8 11 7 10 11 
10 13 9 12 8 11 7 10 11 
10 14 9 13 8 12 7 11 11 
10 14 9 13 8 12 7 11 11 
10 16 9 15 8 14 7 13 11 
10 16 9 15 8 14 7 13 11 
11 12 10 11 9 10 8 9 11 
11 12 10 11 9 10 8 9 11 
10 14 9 13 8 12 7 11 11 
10 14 9 13 8 12 7 11 11 
10 17 9 16 8 15 7 14 11 
10 17 9 16 8 15 7 14 11 
11 14 9 13 8 12 7 11 11 
10 17 9 16 8 15 7 14 11 
10 17 9 16 8 15 7 14 11 
10 12 9 11 8 10 7 9 11 
10 19 9 18 8 17 7 16 11 
10 19 9 18 8 17 7 16 11 
11 11 8 10 5 9 3 8 11 
10 14 9 13 8 12 7 11 11 
10 19 9 18 8 17 7 16 11 
10 19 9 18 8 17 7 16 11 
11 12 9 11 8 10 7 9 11 
11 12 10 11 9 10 8 9 11 
SCORES_TXT_END_0
SCORES_TXT_BEGIN_0 291 100 9 BLEU
7 7 6 6 5 5 4 4 7 
6 7 5 6 4 5 3 4 7 
6 8 4 7 3 6 2 5 7 
5 12 4 11 3 10 2 9 7 
7 9 5 8 4 7 3 6 7 
6 9 5 8 4 7 3 6 7 
6 12 4 11 3 10 2 9 7 
6 12 4 11 3 10 2 9 7 
5 12 4 11 3 10 2 9 7 
6 11 5 10 4 9 3 8 7 
6 11 5 10 4 9 3 8 7 
5 8 4 7 3 6 2 5 7 
6 7 4 6 3 5 2 4 7 
6 10 5 9 4 8 3 7 7 
6 10 5 9 4 8 3 7 7 
6 10 4 9 3 8 2 7 7 
6 9 4 8 3 7 2 6 7 
6 7 4 6 2 5 0 4 7 
5 10 4 9 3 8 2 7 7 
6 8 4 7 3 6 2 5 7 
5 7 4 6 3 5 2 4 7 
6 10 4 9 3 8 2 7 7 
7 8 5 7 4 6 3 5 7 
7 8 5 7 4 6 3 5 7 
6 10 4 9 3 8 2 7 7 
7 7 3 6 2 5 1 4 7 
5 9 4 8 3 7 2 6 7 
6 8 3 7 2 6 1 5 7 
6 7 3 6 2 5 1 4 7 
5 8 3 7 2 6 1 5 7 
6 7 3 6 1 5 0 4 7 
6 8 5 7 4 6 3 5 7 
5 7 3 6 1 5 0 4 7 
7 8 5 7 3 6 2 5 7 
6 9 4 8 3 7 2 6 7 
6 11 4 10 3 9 2 8 7 
5 11 4 10 3 9 2 8 7 
6 11 4 10 3 9 2 8 7 
5 8 4 7 3 6 2 5 7 
7 8 5 7 4 6 3 5 7 
5 11 4 10 3 9 2 8 7 
5 11 4 10 3 9 2 8 7 
5 11 4 10 3 9 2 8 7 
7 8 5 7 4 6 3 5 7 
5 8 2 7 1 6 0 5 7 
6 8 4 7 2 6 1 5 7 
6 8 5 7 4 6 3 5 7 
5 9 4 8 3 7 2 6 7 
7 7 3 6 1 5 0 4 7 
6 10 4 9 3 8 2 7 7 
5 13 4 12 3 11 2 10 7 
5 10 4 9 3 8 2 7 7 
6 9 4 8 3 7 2 6 7 
6 7 3 6 2 5 1 4 7 
5 13 4 12 3 11 2 10 7 
5 8 3 7 2 6 1 5 7 
6 8 4 7 2 6 1 5 7 
5 10 4 9 3 8 2 7 7 
6 10 5 9 4 8 3 7 7 
6 9 3 8 1 7 0 6 7 
5 7 3 6 2 5 1 4 7 
5 8 3 7 2 6 1 5 7 
6 9 3 8 2 7 1 6 7 
6 11 4 10 3 9 2 8 7 
5 10 4 9 3 8 2 7 7 
5 8 3 7 2 6 1 5 7 
5 10 3 9 2 8 1 7 7 
7 8 5 7 3 6 2 5 7 
7 8 5 7 3 6 2 5 7 
5 9 3 8 2 7 1 6 7 
7 8 5 7 3 6 1 5 7 
5 10 4 9 3 8 2 7 7 
4 12 2 11 1 10 0 9 7 
5 9 3 8 1 7 0 6 7 
5 10 4 9 3 8 2 7 7 
5 9 3 8 2 7 1 6 7 
6 8 3 7 2 6 1 5 7 
5 12 4 11 3 10 2 9 7 
5 13 4 12 3 11 2 10 7 
5 12 4 11 3 10 2 9 7 
6 8 4 7 2 6 1 5 7 
5 11 4 10 3 9 2 8 7 
5 8 3 7 2 6 1 5 7 
6 8 5 7 4 6 3 5 7 
6 8 3 7 2 6 1 5 7 
6 8 4 7 2 6 1 5 7 
6 8 5 7 4 6 3 5 7 
4 9 1 8 0 7 0 6 7 
5 8 3 7 2 6 1 5 7 
4 8 2 7 1 6 0 5 7 
5 11 4 10 3 9 2 8 7 
6 8 4 7 3 6 2 5 7 
6 9 4 8 3 7 2 6 7 
5 11 4 10 3 9 2 8 7 
6 9 4 8 3 7 2 6 7 
6 8 4 7 2 6 1 5 7 
6 7 2 6 1 5 0 4 7 
6 8 4 7 2 6 1 5 7 
6 7 3 6 1 5 0 4 7 
6 9 4 8 3 7 2 6 7 
SCORES_TXT_END_0
SCORES_TXT_BEGIN_0 292 100 9 BLEU
6 6 5 5 4 4 3 3 6 
5 10 4 9 3 8 2 7 6 
5 10 4 9 3 8 2 7 6 
5 6 4 5 3 4 2 3 6 
6 7 5 6 4 5 3 4 6 
6 8 4 7 3 6 2 5 6 
5 8 4 7 3 6 2 5 6 
5 9 4 8 3 7 2 6 6 
5 9 4 8 3 7 2 6 6 
6 8 5 7 4 6 3 5 6 
6 8 5 7 4 6 3 5 6 
6 7 4 6 3 5 2 4 6 
5 7 4 6 3 5 2 4 6 
6 7 5 6 4 5 3 4 6 
5 6 3 5 1 4 0 3 6 
6 8 5 7 4 6 3 5 6 
5 11 4 10 3 9 2 8 6 
5 11 4 10 3 9 2 8 6 
6 7 4 6 2 5 0 4 6 
6 7 4 6 2 5 0 4 6 
6 7 5 6 4 5 3 4 6 
6 6 2 5 1 4 0 3 6 
6 9 5 8 4 7 3 6 6 
5 6 2 5 1 4 0 3 6 
6 7 4 6 2 5 1 4 6 
5 7 4 6 3 5 2 4 6 
5 12 4 11 3 10 2 9 6 
5 12 4 11 3 10 2 9 6 
6 10 5 9 4 8 3 7 6 
6 10 5 9 4 8 3 7 6 
6 8 4 7 2 6 0 5 6 
4 6 2 5 1 4 0 3 6 
4 6 2 5 1 4 0 3 6 
6 7 4 6 2 5 1 4 6 
6 8 5 7 4 6 3 5 6 
5 9 4 8 3 7 2 6 6 
6 9 5 8 4 7 3 6 6 
4 8 2 7 1 6 0 5 6 
5 12 4 11 3 10 2 9 6 
5 12 4 11 3 10 2 9 6 
5 6 2 5 1 4 0 3 6 
6 9 5 8 4 7 3 6 6 
6 8 5 7 4 6 3 5 6 
6 9 5 8 4 7 3 6 6 
6 7 4 6 2 5 1 4 6 
6 8 5 7 4 6 3 5 6 
6 8 5 7 4 6 3 5 6 
6 8 4 7 2 6 1 5 6 
6 8 4 7 2 6 0 5 6 
5 8 2 7 1 6 0 5 6 
4 10 2 9 1 8 0 7 6 
6 8 4 7 3 6 2 5 6 
4 10 2 9 1 8 0 7 6 
6 11 4 10 3 9 2 8 6 
6 11 4 10 3 9 2 8 6 
6 7 4 6 2 5 0 4 6 
6 9 4 8 3 7 2 6 6 
5 8 4 7 3 6 2 5 6 
6 10 5 9 4 8 3 7 6 
4 10 2 9 1 8 0 7 6 
4 10 2 9 1 8 0 7 6 
6 10 5 9 4 8 3 7 6 
5 12 4 11 3 10 2 9 6 
5 12 4 11 3 10 2 9 6 
6 8 5 7 4 6 3 5 6 
6 8 5 7 4 6 3 5 6 
6 8 4 7 2 6 0 5 6 
5 11 4 10 3 9 2 8 6 
6 9 5 8 4 7 3 6 6 
5 11 4 10 3 9 2 8 6 
6 6 3 5 2 4 1 3 6 
5 7 3 6 2 5 1 4 6 
5 8 2 7 1 6 0 5 6 
5 10 4 9 3 8 2 7 6 
6 8 5 7 4 6 3 5 6 
5 7 3 6 1 5 0 4 6 
5 8 4 7 3 6 2 5 6 
5 10 4 9 3 8 2 7 6 
6 9 5 8 4 7 3 6 6 
5 8 2 7 1 6 0 5 6 
6 9 5 8 4 7 3 6 6 
6 10 4 9 2 8 0 7 6 
5 11 3 10 1 9 0 8 6 
6 9 5 8 4 7 3 6 6 
5 11 3 10 1 9 0 8 6 
5 11 3 10 1 9 0 8 6 
5 11 3 10 1 9 0 8 6 
6 10 4 9 2 8 0 7 6 
6 8 4 7 2 6 1 5 6 
4 8 2 7 1 6 0 5 6 
5 10 2 9 1 8 0 7 6 
5 10 2 9 1 8 0 7 6 
5 11 4 10 3 9 2 8 6 
5 8 4 7 3 6 2 5 6 
6 8 4 7 2 6 0 5 6 
5 11 4 10 3 9 2 8 6 
4 9 2 8 1 7 0 6 6 
6 8 2 7 1 6 0 5 6 
5 9 2 8 1 7 0 6 6 
6 9 5 8 3 7 1 6 6 
SCORES_TXT_END_0
SCORES_TXT_BEGIN_0 293 43 9 BLEU
12 13 10 12 8 11 6 10 13 
13 13 12 12 11 11 10 10 13 
12 15 9 14 7 13 5 12 13 
12 13 7 12 4 11 2 10 13 
12 17 9 16 7 15 5 14 13 
12 17 9 16 7 15 5 14 13 
13 15 11 14 10 13 9 12 13 
12 13 6 12 4 11 2 10 13 
12 15 7 14 4 13 2 12 13 
12 13 7 12 4 11 2 10 13 
13 17 11 16 10 15 9 14 13 
12 13 7 12 4 11 2 10 13 
13 13 9 12 7 11 6 10 13 
12 13 7 12 5 11 3 10 13 
13 17 11 16 10 15 9 14 13 
12 13 8 12 6 11 4 10 13 
12 15 6 14 4 13 2 12 13 
13 13 9 12 8 11 7 10 13 
12 15 7 14 5 13 3 12 13 
12 17 6 16 4 15 2 14 13 
12 15 6 14 4 13 2 12 13 
13 13 8 12 7 11 6 10 13 
13 15 9 14 7 13 6 12 13 
12 17 6 16 4 15 2 14 13 
13 15 9 14 8 13 7 12 13 
13 13 9 12 7 11 6 10 13 
13 13 9 12 7 11 6 10 13 
12 17 6 16 4 15 2 14 13 
12 15 7 14 4 13 2 12 13 
12 17 7 16 4 15 2 14 13 
12 17 6 16 4 15 2 14 13 
13 15 8 14 7 13 6 12 13 
12 17 7 16 4 15 2 14 13 
13 17 8 16 7 15 6 14 13 
13 15 8 14 7 13 6 12 13 
12 17 7 16 4 15 2 14 13 
12 17 7 16 4 15 2 14 13 
13 17 8 16 7 15 6 14 13 
12 14 9 13 7 12 5 11 13 
12 17 7 16 5 15 3 14 13 
13 17 8 16 7 15 6 14 13 
13 15 9 14 7 13 6 12 13 
12 17 7 16 5 15 3 14 13 
SCORES_TXT_END_0
SCORES_TXT_BEGIN_0 294 100 9 BLEU
7 7 6 6 5 5 4 4 7 
6 6 4 5 3 4 2 3 7 
6 7 5 6 4 5 3 4 7 
6 9 5 8 4 7 3 6 7 
6 11 5 10 4 9 3 8 7 
6 11 5 10 4 9 3 8 7 
7 9 5 8 4 7 3 6 7 
5 6 3 5 2 4 1 3 7 
5 10 3 9 2 8 1 7 7 
5 10 3 9 2 8 1 7 7 
6 8 3 7 2 6 1 5 7 
6 8 5 7 4 6 3 5 7 
5 8 3 7 2 6 1 5 7 
6 10 5 9 4 8 3 7 7 
6 10 5 9 4 8 3 7 7 
6 10 5 9 4 8 3 7 7 
7 8 5 7 3 6 2 5 7 
7 8 5 7 4 6 3 5 7 
7 8 5 7 4 6 3 5 7 
7 10 5 9 4 8 3 7 7 
6 8 4 7 3 6 2 5 7 
6 8 5 7 4 6 3 5 7 
6 10 4 9 3 8 2 7 7 
6 12 5 11 4 10 3 9 7 
6 12 5 11 4 10 3 9 7 
7 8 5 7 4 6 3 5 7 
5 7 3 6 2 5 1 4 7 
5 9 3 8 2 7 1 6 7 
6 8 5 7 4 6 3 5 7 
5 9 3 8 2 7 1 6 7 
7 7 3 6 2 5 1 4 7 
5 9 3 8 2 7 1 6 7 
6 10 5 9 4 8 3 7 7 
7 7 4 6 2 5 1 4 7 
7 7 4 6 2 5 1 4 7 
7 7 3 6 1 5 0 4 7 
6 6 2 5 0 4 0 3 7 
6 9 4 8 3 7 2 6 7 
6 7 3 6 1 5 0 4 7 
7 7 3 6 1 5 0 4 7 
6 7 4 6 2 5 0 4 7 
7 10 4 9 3 8 2 7 7 
6 7 3 6 2 5 1 4 7 
6 11 4 10 3 9 2 8 7 
7 7 3 6 2 5 1 4 7 
6 7 3 6 2 5 1 4 7 
6 7 3 6 2 5 1 4 7 
6 11 5 10 4 9 3 8 7 
6 11 5 10 4 9 3 8 7 
6 9 3 8 2 7 1 6 7 
6 12 5 11 4 10 3 9 7 
6 12 5 11 4 10 3 9 7 
7 10 5 9 4 8 3 7 7 
6 7 3 6 2 5 1 4 7 
6 12 4 11 3 10 2 9 7 
6 11 5 10 4 9 3 8 7 
6 12 4 11 3 10 2 9 7 
6 11 5 10 4 9 3 8 7 
5 7 2 6 1 5 0 4 7 
6 9 3 8 2 7 1 6 7 
5 7 3 6 2 5 1 4 7 
5 9 2 8 1 7 0 6 7 
6 7 2 6 1 5 0 4 7 
7 9 4 8 3 7 2 6 7 
5 6 1 5 0 4 0 3 7 
6 11 4 10 3 9 2 8 7 
6 9 2 8 1 7 0 6 7 
6 11 4 10 3 9 2 8 7 
5 8 1 7 0 6 0 5 7 
6 9 5 8 4 7 3 6 7 
5 11 3 10 2 9 1 8 7 
5 11 3 10 2 9 1 8 7 
6 6 3 5 2 4 1 3 7 
6 6 2 5 0 4 0 3 7 
6 7 2 6 1 5 0 4 7 
6 6 1 5 0 4 0 3 7 
7 9 4 8 3 7 2 6 7 
6 9 2 8 1 7 0 6 7 
6 9 5 8 4 7 3 6 7 
6 6 3 5 2 4 1 3 7 
6 7 3 6 2 5 1 4 7 
6 11 3 10 2 9 1 8 7 
6 11 3 10 2 9 1 8 7 
7 11 4 10 3 9 2 8 7 
6 6 1 5 0 4 0 3 7 
6 6 2 5 0 4 0 3 7 
7 7 4 6 3 5 2 4 7 
7 7 4 6 3 5 2 4 7 
6 9 3 8 2 7 1 6 7 
7 8 3 7 2 6 1 5 7 
5 7 3 6 1 5 0 4 7 
7 9 5 8 4 7 3 6 7 
7 9 3 8 2 7 1 6 7 
6 9 4 8 3 7 2 6 7 
7 7 4 6 3 5 2 4 7 
6 7 3 6 2 5 1 4 7 
5 6 2 5 1 4 0 3 7 
7 7 4 6 2 5 0 4 7 
7 9 5 8 4 7 3 6 7 
7 7 3 6 1 5 0 4 7 
SCORES_TXT_END_0
SCORES_TXT_BEGIN_0 295 100 9 BLEU
8 8 7 7 6 6 5 5 8 
7 8 6 7 5 6 4 5 8 
7 10 6 9 5 8 4 7 8 
7 12 6 11 5 10 4 9 8 
7 12 6 11 5 10 4 9 8 
8 10 6 9 5 8 4 7 8 
7 9 6 8 5 7 4 6 8 
7 11 6 10 5 9 4 8 8 
8 9 6 8 5 7 4 6 8 
8 11 6 10 5 9 4 8 8 
8 12 6 11 5 10 4 9 8 
7 13 6 12 5 11 4 10 8 
7 13 6 12 5 11 4 10 8 
7 11 6 10 5 9 4 8 8 
7 11 6 10 5 9 4 8 8 
8 9 6 8 5 7 4 6 8 
8 9 6 8 5 7 4 6 8 
8 13 6 12 5 11 4 10 8 
8 9 6 8 5 7 4 6 8 
7 9 6 8 5 7 4 6 8 
7 8 5 7 3 6 2 5 8 
7 12 6 11 5 10 4 9 8 
8 9 6 8 5 7 4 6 8 
7 12 6 11 5 10 4 9 8 
8 9 7 8 5 7 3 6 8 
8 8 4 7 2 6 0 5 8 
8 10 6 9 5 8 4 7 8 
7 9 6 8 5 7 4 6 8 
7 9 6 8 5 7 4 6 8 
8 10 6 9 5 8 4 7 8 
7 11 6 10 5 9 4 8 8 
7 8 3 7 1 6 0 5 8 
8 11 6 10 5 9 4 8 8 
7 11 6 10 5 9 4 8 8 
7 10 6 9 5 8 4 7 8 
7 9 6 8 5 7 4 6 8 
7 8 3 7 1 6 0 5 8 
8 9 6 8 5 7 4 6 8 
8 10 6 9 5 8 4 7 8 
7 11 6 10 5 9 4 8 8 
8 8 4 7 1 6 0 5 8 
8 9 4 8 2 7 1 6 8 
8 11 3 10 1 9 0 8 8 
8 9 6 8 4 7 3 6 8 
7 9 6 8 4 7 2 6 8 
8 10 6 9 5 8 4 7 8 
7 9 5 8 3 7 1 6 8 
7 8 5 7 3 6 1 5 8 
8 9 4 8 1 7 0 6 8 
7 11 6 10 4 9 2 8 8 
7 8 5 7 3 6 1 5 8 
8 10 6 9 5 8 4 7 8 
7 12 6 11 5 10 4 9 8 
7 8 3 7 2 6 1 5 8 
7 8 4 7 2 6 0 5 8 
7 10 6 9 5 8 4 7 8 
7 9 3 8 1 7 0 6 8 
8 11 6 10 5 9 4 8 8 
6 8 4 7 2 6 1 5 8 
7 8 3 7 2 6 1 5 8 
7 9 4 8 2 7 1 6 8 
7 9 3 8 1 7 0 6 8 
8 9 6 8 4 7 3 6 8 
8 12 6 11 5 10 4 9 8 
7 11 3 10 1 9 0 8 8 
7 10 6 9 5 8 4 7 8 
8 10 6 9 4 8 3 7 8 
7 10 4 9 2 8 0 7 8 
8 9 7 8 6 7 5 6 8 
8 10 3 9 1 8 0 7 8 
7 12 6 11 5 10 4 9 8 
6 8 3 7 1 6 0 5 8 
7 9 4 8 1 7 0 6 8 
8 9 7 8 6 7 5 6 8 
8 9 2 8 1 7 0 6 8 
8 8 5 7 2 6 0 5 8 
6 8 3 7 1 6 0 5 8 
7 13 6 12 5 11 4 10 8 
7 13 6 12 5 11 4 10 8 
7 9 5 8 4 7 3 6 8 
7 12 6 11 5 10 4 9 8 
8 8 5 7 4 6 3 5 8 
7 13 6 12 5 11 4 10 8 
7 9 6 8 5 7 4 6 8 
7 13 6 12 5 11 4 10 8 
8 11 4 10 2 9 1 8 8 
8 11 6 10 5 9 4 8 8 
7 12 6 11 5 10 4 9 8 
7 10 6 9 5 8 4 7 8 
8 12 3 11 1 10 0 9 8 
7 10 3 9 1 8 0 7 8 
8 9 4 8 1 7 0 6 8 
7 12 6 11 5 10 4 9 8 
8 11 6 10 5 9 4 8 8 
8 10 4 9 2 8 1 7 8 
7 12 6 11 5 10 4 9 8 
8 9 3 8 2 7 1 6 8 
7 12 6 11 5 10 4 9 8 
7 10 3 9 1 8 0 7 8 
8 9 6 8 4 7 3 6 8 
SCORES_TXT_END_0
SCORES_TXT_BEGIN_0 296 100 9 BLEU
10 10 9 9 8 8 7 7 10 
9 10 7 9 5 8 3 7 10 
8 8 6 7 4 6 2 5 10 
6 6 4 5 3 4 2 3 10 
7 7 5 6 4 5 3 4 10 
5 5 4 4 3 3 2 2 10 
6 7 4 6 3 5 2 4 10 
8 8 6 7 5 6 4 5 10 
7 8 5 7 4 6 3 5 10 
9 9 7 8 5 7 3 6 10 
7 8 5 7 4 6 3 5 10 
7 7 4 6 3 5 2 4 10 
6 6 5 5 4 4 3 3 10 
6 7 3 6 2 5 1 4 10 
7 7 6 6 5 5 4 4 10 
9 9 7 8 5 7 3 6 10 
9 9 7 8 6 7 5 6 10 
8 9 5 8 4 7 3 6 10 
6 7 5 6 4 5 3 4 10 
10 11 9 10 7 9 6 8 10 
9 11 7 10 4 9 2 8 10 
10 11 9 10 7 9 5 8 10 
6 7 4 6 3 5 2 4 10 
9 11 7 10 5 9 3 8 10 
10 11 9 10 8 9 7 8 10 
7 7 4 6 3 5 2 4 10 
9 11 7 10 5 9 3 8 10 
8 9 6 8 4 7 2 6 10 
8 9 6 8 5 7 4 6 10 
7 9 5 8 4 7 3 6 10 
10 11 8 10 6 9 5 8 10 
9 11 6 10 3 9 1 8 10 
7 8 4 7 3 6 2 5 10 
6 6 4 5 3 4 2 3 10 
10 12 9 11 8 10 6 9 10 
10 11 8 10 6 9 5 8 10 
9 12 7 11 5 10 3 9 10 
9 11 6 10 3 9 1 8 10 
8 9 5 8 3 7 1 6 10 
6 7 4 6 3 5 2 4 10 
8 9 6 8 3 7 1 6 10 
5 6 3 5 2 4 1 3 10 
10 11 8 10 7 9 6 8 10 
9 11 6 10 4 9 3 8 10 
8 9 6 8 4 7 2 6 10 
8 9 6 8 5 7 4 6 10 
10 12 9 11 8 10 6 9 10 
10 12 8 11 6 10 4 9 10 
10 12 9 11 7 10 5 9 10 
9 12 7 11 5 10 3 9 10 
7 8 5 7 4 6 3 5 10 
8 9 5 8 2 7 0 6 10 
10 11 8 10 7 9 6 8 10 
10 11 8 10 6 9 4 8 10 
10 12 9 11 7 10 6 9 10 
10 11 6 10 4 9 2 8 10 
6 7 4 6 3 5 2 4 10 
9 12 7 11 4 10 2 9 10 
9 9 8 8 7 7 6 6 10 
8 9 5 8 2 7 0 6 10 
7 8 4 7 3 6 2 5 10 
10 11 9 10 7 9 5 8 10 
10 11 7 10 5 9 4 8 10 
9 11 7 10 5 9 3 8 10 
8 9 6 8 5 7 4 6 10 
8 9 5 8 4 7 3 6 10 
6 8 3 7 2 6 1 5 10 
5 6 4 5 3 4 2 3 10 
6 7 4 6 3 5 2 4 10 
8 9 5 8 4 7 3 6 10 
10 11 8 10 7 9 6 8 10 
7 9 4 8 3 7 2 6 10 
8 10 6 9 4 8 2 7 10 
10 14 9 13 8 12 7 11 10 
9 10 6 9 4 8 2 7 10 
9 11 6 10 4 9 2 8 10 
10 14 9 13 7 12 5 11 10 
8 9 6 8 4 7 2 6 10 
10 14 9 13 8 12 6 11 10 
10 11 8 10 6 9 4 8 10 
9 14 7 13 5 12 3 11 10 
10 11 9 10 7 9 5 8 10 
6 7 4 6 3 5 2 4 10 
7 8 5 7 4 6 3 5 10 
9 10 7 9 6 8 5 7 10 
8 10 5 9 4 8 3 7 10 
8 9 6 8 4 7 2 6 10 
9 10 7 9 6 8 5 7 10 
8 10 5 9 3 8 1 7 10 
10 11 9 10 8 9 7 8 10 
10 11 7 10 6 9 5 8 10 
8 9 5 8 3 7 2 6 10 
9 9 5 8 2 7 0 6 10 
9 11 7 10 5 9 3 8 10 
7 8 4 7 3 6 2 5 10 
10 11 8 10 6 9 4 8 10 
9 9 5 8 3 7 1 6 10 
9 11 5 10 3 9 1 8 10 
10 11 8 10 6 9 5 8 10 
10 11 6 10 3 9 1 8 10 
SCORES_TXT_END_0
SCORES_TXT_BEGIN_0 297 28 9 BLEU
9 10 8 9 7 8 6 7 10 
10 10 9 9 8 8 7 7 10 
9 10 7 9 5 8 3 7 10 
8 8 6 7 4 6 2 5 10 
8 10 6 9 4 8 3 7 10 
7 8 5 7 3 6 2 5 10 
5 6 4 5 3 4 2 3 10 
8 10 6 9 4 8 2 7 10 
9 10 8 9 7 8 6 7 10 
7 8 5 7 3 6 1 5 10 
7 10 5 9 3 8 2 7 10 
6 8 4 7 2 6 1 5 10 
8 10 7 9 6 8 5 7 10 
4 6 3 5 2 4 1 3 10 
7 8 6 7 5 6 4 5 10 
7 8 4 7 2 6 0 5 10 
8 10 5 9 2 8 0 7 10 
9 10 7 9 5 8 3 7 10 
6 8 3 7 1 6 0 5 10 
8 10 5 9 2 8 0 7 10 
7 10 4 9 1 8 0 7 10 
9 10 7 9 5 8 3 7 10 
8 10 6 9 4 8 2 7 10 
7 8 4 7 2 6 0 5 10 
7 10 4 9 1 8 0 7 10 
9 9 7 8 5 7 3 6 10 
6 8 3 7 1 6 0 5 10 
8 10 6 9 4 8 2 7 10 
SCORES_TXT_END_0
SCORES_TXT_BEGIN_0 298 100 9 BLEU
7 7 6 6 5 5 4 4 7 
6 7 4 6 3 5 2 4 7 
6 7 4 6 2 5 0 4 7 
6 7 5 6 4 5 3 4 7 
6 7 4 6 3 5 2 4 7 
6 7 5 6 4 5 3 4 7 
5 7 3 6 1 5 0 4 7 
5 7 3 6 2 5 1 4 7 
5 7 2 6 1 5 0 4 7 
5 7 4 6 3 5 2 4 7 
5 7 3 6 1 5 0 4 7 
5 7 3 6 2 5 1 4 7 
5 7 4 6 3 5 2 4 7 
5 7 2 6 1 5 0 4 7 
5 7 4 6 3 5 2 4 7 
4 7 2 6 0 5 0 4 7 
6 7 4 6 2 5 0 4 7 
4 7 1 6 0 5 0 4 7 
4 7 3 6 2 5 1 4 7 
4 7 2 6 1 5 0 4 7 
4 7 1 6 0 5 0 4 7 
5 7 3 6 1 5 0 4 7 
4 7 3 6 2 5 1 4 7 
4 7 2 6 1 5 0 4 7 
5 7 2 6 1 5 0 4 7 
5 7 3 6 1 5 0 4 7 
7 8 5 7 3 6 1 5 7 
5 7 2 6 1 5 0 4 7 
3 7 1 6 0 5 0 4 7 
4 7 2 6 0 5 0 4 7 
6 8 4 7 2 6 1 5 7 
4 7 1 6 0 5 0 4 7 
6 8 4 7 2 6 0 5 7 
3 7 1 6 0 5 0 4 7 
4 7 2 6 1 5 0 4 7 
6 8 4 7 2 6 0 5 7 
4 7 1 6 0 5 0 4 7 
6 11 5 10 4 9 3 8 7 
6 11 5 10 4 9 3 8 7 
5 8 3 7 1 6 0 5 7 
6 8 3 7 2 6 1 5 7 
4 7 2 6 1 5 0 4 7 
5 8 3 7 1 6 0 5 7 
6 6 4 5 2 4 0 3 7 
7 9 5 8 4 7 3 6 7 
5 11 3 10 2 9 1 8 7 
5 11 3 10 2 9 1 8 7 
5 8 3 7 1 6 0 5 7 
3 7 1 6 0 5 0 4 7 
6 8 3 7 2 6 1 5 7 
5 11 4 10 3 9 2 8 7 
5 11 3 10 1 9 0 8 7 
5 11 4 10 3 9 2 8 7 
5 11 3 10 2 9 1 8 7 
5 11 3 10 1 9 0 8 7 
5 11 3 10 2 9 1 8 7 
5 6 3 5 1 4 0 3 7 
6 9 5 8 4 7 3 6 7 
6 10 5 9 4 8 3 7 7 
6 9 3 8 2 7 1 6 7 
5 8 2 7 1 6 0 5 7 
6 10 5 9 4 8 3 7 7 
5 6 3 5 1 4 0 3 7 
6 9 4 8 3 7 2 6 7 
6 9 3 8 1 7 0 6 7 
5 8 2 7 1 6 0 5 7 
6 9 3 8 2 7 1 6 7 
5 6 2 5 1 4 0 3 7 
4 8 2 7 0 6 0 5 7 
3 7 1 6 0 5 0 4 7 
4 11 2 10 0 9 0 8 7 
4 11 2 10 0 9 0 8 7 
5 6 2 5 1 4 0 3 7 
5 9 3 8 2 7 1 6 7 
5 8 3 7 2 6 1 5 7 
5 10 3 9 2 8 1 7 7 
5 8 2 7 1 6 0 5 7 
4 6 2 5 0 4 0 3 7 
5 9 4 8 3 7 2 6 7 
5 10 3 9 2 8 1 7 7 
5 9 3 8 1 7 0 6 7 
5 7 2 6 1 5 0 4 7 
5 9 3 8 2 7 1 6 7 
5 9 2 8 0 7 0 6 7 
5 6 2 5 1 4 0 3 7 
4 11 1 10 0 9 0 8 7 
5 10 4 9 3 8 2 7 7 
5 10 3 9 1 8 0 7 7 
4 11 1 10 0 9 0 8 7 
5 8 2 7 1 6 0 5 7 
5 10 3 9 2 8 1 7 7 
6 7 4 6 2 5 0 4 7 
5 10 4 9 3 8 2 7 7 
4 7 2 6 1 5 0 4 7 
4 11 3 10 2 9 1 8 7 
5 10 3 9 1 8 0 7 7 
5 10 3 9 2 8 1 7 7 
4 11 3 10 2 9 1 8 7 
4 6 2 5 1 4 0 3 7 
6 7 4 6 3 5 2 4 7 
SCORES_TXT_END_0
SCORES_TXT_BEGIN_0 299 100 9 BLEU
8 11 6 10 4 9 2 8 8 
8 11 6 10 4 9 2 8 8 
8 12 5 11 2 10 0 9 8 
8 12 5 11 2 10 0 9 8 
8 11 5 10 2 9 0 8 8 
7 12 4 11 2 10 0 9 8 
7 11 5 10 3 9 1 8 8 
8 11 5 10 2 9 0 8 8 
8 9 7 8 6 7 5 6 8 
8 11 5 10 2 9 0 8 8 
7 12 4 11 2 10 0 9 8 
7 11 4 10 2 9 0 8 8 
7 11 5 10 3 9 1 8 8 
7 11 4 10 2 9 0 8 8 
8 12 6 11 4 10 2 9 8 
8 11 5 10 2 9 0 8 8 
7 11 4 10 2 9 0 8 8 
7 10 4 9 2 8 0 7 8 
7 11 4 10 2 9 0 8 8 
7 11 4 10 2 9 0 8 8 
7 10 4 9 2 8 0 7 8 
7 10 4 9 2 8 0 7 8 
8 10 6 9 4 8 3 7 8 
8 12 6 11 4 10 2 9 8 
7 11 4 10 2 9 0 8 8 
8 12 6 11 4 10 2 9 8 
7 10 4 9 2 8 0 7 8 
7 7 4 6 3 5 2 4 8 
7 10 4 9 2 8 0 7 8 
8 9 6 8 4 7 3 6 8 
7 10 5 9 4 8 3 7 8 
7 9 6 8 5 7 4 6 8 
6 6 2 5 1 4 0 3 8 
7 10 4 9 2 8 0 7 8 
8 14 5 13 2 12 0 11 8 
8 12 6 11 4 10 2 9 8 
8 9 6 8 4 7 3 6 8 
8 14 5 13 2 12 0 11 8 
7 12 5 11 3 10 1 9 8 
7 8 5 7 4 6 3 5 8 
7 9 5 8 4 7 3 6 8 
8 8 4 7 1 6 0 5 8 
7 9 5 8 4 7 3 6 8 
8 12 6 11 4 10 2 9 8 
8 14 5 13 2 12 0 11 8 
8 12 5 11 2 10 0 9 8 
7 14 4 13 2 12 0 11 8 
8 10 7 9 6 8 5 7 8 
8 14 5 13 2 12 0 11 8 
7 12 5 11 3 10 1 9 8 
8 13 5 12 2 11 0 10 8 
7 9 5 8 4 7 3 6 8 
7 14 4 13 2 12 0 11 8 
8 13 5 12 2 11 0 10 8 
7 12 5 11 3 10 1 9 8 
7 7 3 6 1 5 0 4 8 
7 8 3 7 1 6 0 5 8 
7 8 5 7 4 6 3 5 8 
8 12 5 11 2 10 0 9 8 
8 13 5 12 2 11 0 10 8 
8 12 5 11 3 10 1 9 8 
6 7 3 6 2 5 1 4 8 
8 12 6 11 4 10 2 9 8 
8 12 5 11 2 10 0 9 8 
7 10 3 9 1 8 0 7 8 
7 14 4 13 2 12 0 11 8 
6 8 2 7 1 6 0 5 8 
7 11 4 10 2 9 0 8 8 
8 13 5 12 2 11 0 10 8 
7 11 4 10 2 9 0 8 8 
7 14 4 13 2 12 0 11 8 
7 8 4 7 2 6 0 5 8 
7 13 4 12 2 11 0 10 8 
7 13 4 12 2 11 0 10 8 
8 13 5 12 2 11 0 10 8 
7 7 3 6 1 5 0 4 8 
7 12 5 11 3 10 1 9 8 
7 8 5 7 4 6 3 5 8 
7 13 4 12 2 11 0 10 8 
7 13 4 12 2 11 0 10 8 
7 12 4 11 2 10 0 9 8 
8 10 7 9 6 8 5 7 8 
7 11 4 10 2 9 0 8 8 
6 6 2 5 1 4 0 3 8 
8 12 5 11 2 10 0 9 8 
8 13 5 12 2 11 0 10 8 
8 12 5 11 3 10 1 9 8 
6 7 2 6 1 5 0 4 8 
7 12 4 11 2 10 0 9 8 
7 13 4 12 2 11 0 10 8 
7 7 3 6 1 5 0 4 8 
7 12 5 11 3 10 1 9 8 
7 11 4 10 2 9 0 8 8 
7 13 4 12 2 11 0 10 8 
7 13 4 12 2 11 0 10 8 
7 8 4 7 3 6 2 5 8 
7 13 4 12 2 11 0 10 8 
8 12 6 11 4 10 3 9 8 
7 10 3 9 1 8 0 7 8 
7 13 4 12 2 11 0 10 8 
SCORES_TXT_END_0
SCORES_TXT_BEGIN_0 300 70 9 BLEU
13 13 12 12 11 11 10 10 13 
12 12 10 11 8 10 6 9 13 
11 12 9 11 7 10 5 9 13 
13 14 12 13 10 12 8 11 13 
12 13 10 12 8 11 6 10 13 
11 13 9 12 7 11 5 10 13 
13 13 9 12 5 11 3 10 13 
12 13 10 12 8 11 6 10 13 
11 12 9 11 7 10 5 9 13 
12 12 8 11 5 10 3 9 13 
12 14 10 13 8 12 6 11 13 
12 14 10 13 8 12 6 11 13 
12 14 10 13 8 12 6 11 13 
11 13 8 12 6 11 4 10 13 
13 13 9 12 6 11 4 10 13 
12 13 10 12 9 11 8 10 13 
11 12 8 11 5 10 3 9 13 
11 14 9 13 7 12 5 11 13 
11 13 8 12 5 11 3 10 13 
12 12 8 11 6 10 4 9 13 
11 13 9 12 7 11 5 10 13 
12 13 10 12 8 11 6 10 13 
11 12 8 11 5 10 3 9 13 
12 13 11 12 10 11 9 10 13 
11 12 8 11 6 10 4 9 13 
12 13 10 12 8 11 6 10 13 
13 13 9 12 7 11 5 10 13 
11 13 8 12 6 11 4 10 13 
11 12 8 11 6 10 4 9 13 
12 12 9 11 5 10 3 9 13 
11 14 8 13 6 12 4 11 13 
13 13 9 12 6 11 3 10 13 
13 13 9 12 6 11 4 10 13 
11 13 8 12 6 11 4 10 13 
13 14 11 13 9 12 7 11 13 
12 12 10 11 8 10 7 9 13 
13 13 9 12 6 11 3 10 13 
12 15 10 14 8 13 6 12 13 
11 12 8 11 5 10 3 9 13 
12 14 10 13 8 12 6 11 13 
12 14 9 13 6 12 4 11 13 
12 13 8 12 6 11 4 10 13 
11 15 9 14 7 13 5 12 13 
11 12 7 11 5 10 3 9 13 
10 13 7 12 5 11 3 10 13 
12 13 8 12 5 11 3 10 13 
11 15 9 14 7 13 5 12 13 
11 14 8 13 6 12 4 11 13 
11 13 8 12 5 11 3 10 13 
12 12 8 11 5 10 3 9 13 
12 13 8 12 5 11 3 10 13 
11 17 9 16 7 15 5 14 13 
12 17 11 16 10 15 9 14 13 
12 13 8 12 6 11 4 10 13 
10 12 7 11 5 10 3 9 13 
11 13 10 12 9 11 8 10 13 
12 17 11 16 10 15 9 14 13 
13 14 10 13 6 12 4 11 13 
12 12 10 11 8 10 6 9 13 
10 14 7 13 5 12 3 11 13 
13 13 9 12 6 11 3 10 13 
11 17 9 16 7 15 5 14 13 
12 13 10 12 8 11 6 10 13 
11 12 7 11 5 10 3 9 13 
11 12 7 11 5 10 3 9 13 
12 12 8 11 6 10 4 9 13 
10 14 7 13 5 12 3 11 13 
13 14 11 13 9 12 7 11 13 
13 13 9 12 6 11 4 10 13 
10 13 7 12 5 11 3 10 13 
SCORES_TXT_END_0
SCORES_TXT_BEGIN_0 301 100 9 BLEU
11 11 10 10 9 9 8 8 11 
10 11 9 10 8 9 7 8 11 
9 9 7 8 6 7 5 6 11 
11 12 9 11 7 10 5 9 11 
10 13 8 12 6 11 5 10 11 
10 12 8 11 6 10 5 9 11 
10 13 8 12 6 11 5 10 11 
11 13 9 12 7 11 5 10 11 
11 13 9 12 7 11 5 10 11 
8 9 7 8 6 7 5 6 11 
9 10 7 9 6 8 5 7 11 
10 14 8 13 6 12 5 11 11 
11 14 9 13 7 12 5 11 11 
10 14 8 13 6 12 5 11 11 
11 14 9 13 7 12 5 11 11 
10 12 8 11 6 10 5 9 11 
10 12 8 11 6 10 5 9 11 
8 10 7 9 6 8 5 7 11 
8 8 4 7 3 6 2 5 11 
11 12 9 11 7 10 5 9 11 
11 12 9 11 7 10 5 9 11 
10 10 8 9 6 8 5 7 11 
10 10 6 9 4 8 2 7 11 
10 15 9 14 8 13 7 12 11 
10 15 9 14 8 13 7 12 11 
11 13 10 12 9 11 7 10 11 
9 10 5 9 3 8 2 7 11 
10 13 9 12 8 11 7 10 11 
10 13 8 12 6 11 5 10 11 
10 13 8 12 6 11 5 10 11 
10 14 9 13 8 12 7 11 11 
10 11 8 10 6 9 5 8 11 
10 10 6 9 4 8 2 7 11 
10 11 8 10 6 9 4 8 11 
10 14 9 13 8 12 7 11 11 
11 12 9 11 7 10 5 9 11 
9 10 7 9 6 8 5 7 11 
11 13 9 12 7 11 5 10 11 
10 10 6 9 4 8 2 7 11 
10 12 8 11 6 10 5 9 11 
9 10 7 9 6 8 5 7 11 
7 8 4 7 3 6 2 5 11 
10 10 6 9 4 8 2 7 11 
11 13 9 12 7 11 5 10 11 
11 13 9 12 7 11 5 10 11 
10 13 8 12 6 11 5 10 11 
9 10 5 9 3 8 1 7 11 
10 10 8 9 7 8 6 7 11 
10 12 8 11 6 10 5 9 11 
8 8 3 7 2 6 1 5 11 
9 10 6 9 4 8 3 7 11 
10 10 6 9 3 8 1 7 11 
9 12 5 11 3 10 2 9 11 
9 11 7 10 5 9 3 8 11 
9 12 5 11 3 10 2 9 11 
9 10 5 9 2 8 0 7 11 
8 9 5 8 3 7 1 6 11 
8 8 3 7 1 6 0 5 11 
9 9 5 8 3 7 2 6 11 
8 8 5 7 3 6 2 5 11 
10 10 6 9 4 8 2 7 11 
10 10 6 9 4 8 2 7 11 
11 11 7 10 6 9 5 8 11 
9 10 5 9 3 8 1 7 11 
10 10 7 9 5 8 3 7 11 
10 12 6 11 4 10 2 9 11 
10 10 7 9 5 8 3 7 11 
10 10 6 9 5 8 4 7 11 
9 11 5 10 3 9 2 8 11 
9 10 6 9 4 8 2 7 11 
8 8 3 7 1 6 0 5 11 
10 12 6 11 4 10 2 9 11 
10 10 6 9 4 8 2 7 11 
9 11 7 10 6 9 5 8 11 
11 12 10 11 8 10 6 9 11 
10 10 6 9 5 8 4 7 11 
9 11 5 10 3 9 2 8 11 
8 8 4 7 3 6 2 5 11 
9 9 4 8 3 7 2 6 11 
10 16 8 15 6 14 5 13 11 
9 9 6 8 3 7 2 6 11 
10 12 9 11 7 10 5 9 11 
10 16 8 15 6 14 5 13 11 
9 10 6 9 4 8 2 7 11 
10 11 7 10 6 9 5 8 11 
10 10 7 9 6 8 5 7 11 
10 10 7 9 5 8 3 7 11 
8 8 3 7 2 6 1 5 11 
10 10 7 9 6 8 5 7 11 
11 12 10 11 8 10 7 9 11 
8 8 4 7 3 6 2 5 11 
11 11 8 10 4 9 2 8 11 
10 11 7 10 5 9 3 8 11 
10 12 6 11 4 10 2 9 11 
10 11 6 10 5 9 4 8 11 
11 14 9 13 7 12 5 11 11 
10 17 8 16 6 15 5 14 11 
10 10 8 9 6 8 4 7 11 
10 17 8 16 6 15 5 14 11 
10 17 8 16 6 15 5 14 11 
SCORES_TXT_END_0
SCORES_TXT_BEGIN_0 302 78 9 BLEU
2 8 0 7 0 6 0 5 6 
2 8 0 7 0 6 0 5 6 
3 8 0 7 0 6 0 5 6 
2 8 0 7 0 6 0 5 6 
2 8 0 7 0 6 0 5 6 
2 8 0 7 0 6 0 5 6 
2 8 0 7 0 6 0 5 6 
3 8 0 7 0 6 0 5 6 
2 8 0 7 0 6 0 5 6 
2 8 0 7 0 6 0 5 6 
2 8 0 7 0 6 0 5 6 
3 8 0 7 0 6 0 5 6 
3 8 0 7 0 6 0 5 6 
2 8 0 7 0 6 0 5 6 
2 8 0 7 0 6 0 5 6 
3 8 0 7 0 6 0 5 6 
3 8 0 7 0 6 0 5 6 
2 8 0 7 0 6 0 5 6 
2 8 0 7 0 6 0 5 6 
3 8 0 7 0 6 0 5 6 
3 8 0 7 0 6 0 5 6 
2 8 0 7 0 6 0 5 6 
3 8 0 7 0 6 0 5 6 
3 8 0 7 0 6 0 5 6 
2 8 0 7 0 6 0 5 6 
2 8 0 7 0 6 0 5 6 
2 8 0 7 0 6 0 5 6 
2 8 0 7 0 6 0 5 6 
2 8 0 7 0 6 0 5 6 
3 8 0 7 0 6 0 5 6 
3 8 0 7 0 6 0 5 6 
2 8 0 7 0 6 0 5 6 
3 8 0 7 0 6 0 5 6 
2 8 0 7 0 6 0 5 6 
2 8 0 7 0 6 0 5 6 
2 8 0 7 0 6 0 5 6 
3 8 0 7 0 6 0 5 6 
3 8 0 7 0 6 0 5 6 
2 8 0 7 0 6 0 5 6 
2 8 0 7 0 6 0 5 6 
2 8 0 7 0 6 0 5 6 
3 8 0 7 0 6 0 5 6 
2 8 0 7 0 6 0 5 6 
3 8 0 7 0 6 0 5 6 
3 8 0 7 0 6 0 5 6 
3 8 0 7 0 6 0 5 6 
2 8 0 7 0 6 0 5 6 
2 8 0 7 0 6 0 5 6 
2 8 0 7 0 6 0 5 6 
2 8 0 7 0 6 0 5 6 
3 8 0 7 0 6 0 5 6 
3 8 0 7 0 6 0 5 6 
2 8 0 7 0 6 0 5 6 
2 8 0 7 0 6 0 5 6 
2 8 0 7 0 6 0 5 6 
2 8 0 7 0 6 0 5 6 
2 8 0 7 0 6 0 5 6 
2 8 0 7 0 6 0 5 6 
3 8 0 7 0 6 0 5 6 
3 8 0 7 0 6 0 5 6 
3 8 0 7 0 6 0 5 6 
3 8 0 7 0 6 0 5 6 
2 8 0 7 0 6 0 5 6 
2 8 0 7 0 6 0 5 6 
3 8 0 7 0 6 0 5 6 
2 8 0 7 0 6 0 5 6 
2 8 0 7 0 6 0 5 6 
2 8 0 7 0 6 0 5 6 
2 8 0 7 0 6 0 5 6 
3 8 0 7 0 6 0 5 6 
2 8 0 7 0 6 0 5 6 
2 8 0 7 0 6 0 5 6 
3 8 0 7 0 6 0 5 6 
3 8 0 7 0 6 0 5 6 
3 8 0 7 0 6 0 5 6 
2 8 0 7 0 6 0 5 6 
2 8 0 7 0 6 0 5 6 
2 8 0 7 0 6 0 5 6 
SCORES_TXT_END_0
SCORES_TXT_BEGIN_0 303 100 9 BLEU
10 10 9 9 8 8 7 7 10 
9 10 7 9 5 8 3 7 10 
9 11 7 10 5 9 3 8 10 
9 10 7 9 6 8 5 7 10 
9 10 8 9 7 8 6 7 10 
9 10 7 9 5 8 3 7 10 
9 10 7 9 5 8 3 7 10 
9 11 7 10 5 9 3 8 10 
9 14 8 13 7 12 6 11 10 
8 10 7 9 6 8 5 7 10 
9 14 8 13 7 12 6 11 10 
9 10 7 9 5 8 3 7 10 
9 9 7 8 5 7 4 6 10 
9 12 7 11 5 10 3 9 10 
10 12 8 11 7 10 6 9 10 
9 10 7 9 5 8 3 7 10 
9 12 8 11 7 10 6 9 10 
8 9 6 8 4 7 3 6 10 
9 13 8 12 7 11 6 10 10 
9 13 8 12 7 11 6 10 10 
9 11 6 10 4 9 2 8 10 
9 10 7 9 5 8 3 7 10 
10 11 8 10 6 9 4 8 10 
9 10 7 9 5 8 4 7 10 
10 11 8 10 6 9 4 8 10 
10 10 6 9 4 8 2 7 10 
8 14 7 13 6 12 5 11 10 
8 14 7 13 6 12 5 11 10 
9 10 6 9 4 8 2 7 10 
8 9 6 8 4 7 3 6 10 
9 13 7 12 5 11 3 10 10 
9 12 7 11 6 10 5 9 10 
8 10 5 9 4 8 3 7 10 
8 10 5 9 3 8 2 7 10 
8 11 6 10 4 9 2 8 10 
9 10 7 9 5 8 4 7 10 
9 10 7 9 5 8 4 7 10 
8 11 6 10 4 9 2 8 10 
8 10 6 9 4 8 2 7 10 
9 10 7 9 5 8 4 7 10 
9 11 7 10 5 9 3 8 10 
10 11 8 10 6 9 4 8 10 
8 12 7 11 6 10 5 9 10 
9 11 7 10 5 9 3 8 10 
8 10 6 9 5 8 4 7 10 
10 11 8 10 6 9 4 8 10 
10 11 8 10 6 9 4 8 10 
10 11 8 10 6 9 4 8 10 
10 11 8 10 6 9 4 8 10 
8 10 5 9 4 8 3 7 10 
8 10 5 9 3 8 2 7 10 
7 10 5 9 3 8 2 7 10 
8 10 6 9 4 8 2 7 10 
10 11 8 10 7 9 6 8 10 
10 10 6 9 4 8 2 7 10 
8 10 6 9 4 8 3 7 10 
9 10 6 9 4 8 3 7 10 
8 10 6 9 5 8 4 7 10 
8 10 6 9 5 8 4 7 10 
8 10 6 9 4 8 3 7 10 
8 9 5 8 4 7 3 6 10 
8 10 6 9 5 8 4 7 10 
8 11 6 10 4 9 3 8 10 
10 10 6 9 4 8 3 7 10 
9 11 7 10 5 9 3 8 10 
8 13 7 12 6 11 5 10 10 
8 10 5 9 3 8 1 7 10 
8 10 6 9 4 8 2 7 10 
10 10 6 9 4 8 2 7 10 
9 9 5 8 4 7 3 6 10 
8 13 7 12 6 11 5 10 10 
9 11 7 10 5 9 3 8 10 
10 11 8 10 6 9 4 8 10 
9 10 6 9 3 8 2 7 10 
10 10 6 9 3 8 1 7 10 
8 14 6 13 4 12 2 11 10 
9 11 7 10 5 9 3 8 10 
8 10 6 9 4 8 3 7 10 
9 11 7 10 5 9 3 8 10 
8 14 6 13 4 12 2 11 10 
8 11 6 10 4 9 2 8 10 
10 11 8 10 6 9 4 8 10 
8 11 5 10 3 9 2 8 10 
8 11 6 10 4 9 2 8 10 
8 11 6 10 4 9 2 8 10 
9 9 5 8 3 7 1 6 10 
8 9 5 8 3 7 2 6 10 
9 10 6 9 4 8 3 7 10 
8 9 5 8 3 7 2 6 10 
9 11 8 10 7 9 6 8 10 
9 9 5 8 3 7 2 6 10 
7 10 5 9 4 8 3 7 10 
8 11 6 10 4 9 2 8 10 
7 10 5 9 3 8 2 7 10 
8 11 6 10 4 9 2 8 10 
8 10 6 9 4 8 3 7 10 
10 11 8 10 7 9 6 8 10 
10 11 9 10 7 9 5 8 10 
8 9 6 8 5 7 4 6 10 
9 11 6 10 4 9 2 8 10 
SCORES_TXT_END_0
SCORES_TXT_BEGIN_0 304 100 9 BLEU
7 7 6 6 5 5 4 4 7 
6 7 5 6 4 5 3 4 7 
6 6 4 5 3 4 2 3 7 
6 8 4 7 3 6 2 5 7 
6 10 4 9 3 8 2 7 7 
6 10 4 9 3 8 2 7 7 
6 6 4 5 2 4 1 3 7 
7 9 5 8 4 7 3 6 7 
5 6 3 5 2 4 1 3 7 
5 6 3 5 2 4 1 3 7 
7 8 6 7 4 6 3 5 7 
6 7 4 6 3 5 2 4 7 
5 8 3 7 2 6 1 5 7 
7 11 5 10 4 9 3 8 7 
7 11 5 10 4 9 3 8 7 
6 9 4 8 3 7 2 6 7 
6 9 4 8 3 7 2 6 7 
5 6 4 5 3 4 2 3 7 
6 7 4 6 3 5 2 4 7 
6 7 4 6 3 5 2 4 7 
7 8 5 7 4 6 3 5 7 
7 10 5 9 4 8 3 7 7 
5 10 3 9 2 8 1 7 7 
5 10 3 9 2 8 1 7 7 
7 10 5 9 4 8 3 7 7 
6 8 4 7 3 6 2 5 7 
7 8 5 7 3 6 2 5 7 
6 9 4 8 3 7 2 6 7 
6 8 4 7 3 6 2 5 7 
6 9 4 8 3 7 2 6 7 
6 7 5 6 4 5 3 4 7 
5 7 3 6 2 5 1 4 7 
6 8 5 7 3 6 2 5 7 
6 8 4 7 3 6 2 5 7 
7 8 5 7 3 6 2 5 7 
5 7 3 6 2 5 1 4 7 
7 8 4 7 3 6 2 5 7 
6 6 2 5 1 4 0 3 7 
6 7 4 6 2 5 1 4 7 
6 9 4 8 3 7 2 6 7 
6 11 4 10 3 9 2 8 7 
6 11 4 10 3 9 2 8 7 
5 7 3 6 2 5 1 4 7 
7 8 5 7 4 6 3 5 7 
5 7 3 6 2 5 1 4 7 
6 8 4 7 3 6 2 5 7 
5 9 3 8 2 7 1 6 7 
6 7 4 6 2 5 1 4 7 
6 8 4 7 2 6 1 5 7 
5 9 3 8 2 7 1 6 7 
5 7 4 6 3 5 2 4 7 
5 7 4 6 3 5 2 4 7 
6 7 3 6 2 5 1 4 7 
7 9 5 8 3 7 2 6 7 
5 8 3 7 2 6 1 5 7 
6 11 4 10 3 9 2 8 7 
5 7 3 6 2 5 1 4 7 
6 11 4 10 3 9 2 8 7 
5 8 3 7 2 6 1 5 7 
4 6 3 5 2 4 1 3 7 
5 7 3 6 2 5 1 4 7 
6 6 2 5 0 4 0 3 7 
5 7 2 6 1 5 0 4 7 
6 10 4 9 3 8 2 7 7 
6 9 4 8 3 7 2 6 7 
6 10 4 9 3 8 2 7 7 
6 9 4 8 3 7 2 6 7 
6 8 2 7 1 6 0 5 7 
5 7 3 6 2 5 1 4 7 
6 8 4 7 3 6 2 5 7 
5 6 1 5 0 4 0 3 7 
7 7 4 6 2 5 0 4 7 
6 10 4 9 3 8 2 7 7 
7 9 4 8 3 7 2 6 7 
6 8 4 7 3 6 2 5 7 
6 8 2 7 0 6 0 5 7 
5 9 2 8 1 7 0 6 7 
6 7 3 6 1 5 0 4 7 
5 8 3 7 2 6 1 5 7 
6 6 2 5 0 4 0 3 7 
6 10 4 9 3 8 2 7 7 
7 7 3 6 1 5 0 4 7 
5 8 1 7 0 6 0 5 7 
5 7 2 6 1 5 0 4 7 
5 7 2 6 1 5 0 4 7 
6 8 3 7 2 6 1 5 7 
5 6 1 5 0 4 0 3 7 
5 9 3 8 2 7 1 6 7 
6 6 2 5 1 4 0 3 7 
6 7 2 6 1 5 0 4 7 
5 8 2 7 1 6 0 5 7 
6 8 5 7 4 6 3 5 7 
6 8 3 7 1 6 0 5 7 
6 9 3 8 1 7 0 6 7 
6 7 3 6 0 5 0 4 7 
5 6 1 5 0 4 0 3 7 
5 7 2 6 1 5 0 4 7 
5 8 2 7 1 6 0 5 7 
5 8 2 7 0 6 0 5 7 
6 8 5 7 4 6 3 5 7 
SCORES_TXT_END_0
SCORES_TXT_BEGIN_0 305 100 9 BLEU
9 10 8 9 7 8 6 7 10 
10 10 9 9 8 8 7 7 10 
8 10 6 9 4 8 3 7 10 
7 8 5 7 3 6 2 5 10 
9 10 7 9 5 8 3 7 10 
8 8 6 7 4 6 2 5 10 
8 9 6 8 4 7 3 6 10 
6 7 4 6 3 5 2 4 10 
10 12 9 11 8 10 6 9 10 
9 9 7 8 5 7 3 6 10 
8 9 7 8 6 7 5 6 10 
7 9 5 8 3 7 2 6 10 
7 9 5 8 3 7 2 6 10 
9 12 7 11 5 10 4 9 10 
9 12 8 11 7 10 5 9 10 
8 9 6 8 4 7 2 6 10 
9 12 8 11 7 10 6 9 10 
8 12 6 11 4 10 3 9 10 
6 7 4 6 3 5 2 4 10 
9 11 7 10 5 9 3 8 10 
8 9 6 8 4 7 2 6 10 
9 11 7 10 5 9 4 8 10 
10 11 9 10 8 9 7 8 10 
8 9 6 8 4 7 2 6 10 
9 11 8 10 6 9 5 8 10 
9 11 7 10 5 9 4 8 10 
10 12 8 11 6 10 4 9 10 
8 11 6 10 4 9 3 8 10 
7 9 5 8 3 7 2 6 10 
9 12 7 11 5 10 3 9 10 
10 12 9 11 8 10 6 9 10 
9 9 7 8 5 7 3 6 10 
8 10 6 9 4 8 2 7 10 
7 10 5 9 3 8 2 7 10 
9 11 8 10 6 9 4 8 10 
10 14 9 13 8 12 6 11 10 
10 14 9 13 8 12 7 11 10 
8 11 6 10 4 9 3 8 10 
6 8 4 7 3 6 2 5 10 
9 9 7 8 6 7 5 6 10 
6 7 4 6 3 5 2 4 10 
9 11 8 10 6 9 4 8 10 
10 13 9 12 8 11 6 10 10 
7 9 5 8 4 7 3 6 10 
10 13 9 12 8 11 7 10 10 
9 11 8 10 7 9 6 8 10 
8 11 6 10 4 9 3 8 10 
10 11 8 10 6 9 4 8 10 
10 11 9 10 7 9 5 8 10 
10 11 8 10 6 9 4 8 10 
9 11 7 10 5 9 3 8 10 
8 9 6 8 4 7 2 6 10 
8 10 6 9 4 8 3 7 10 
10 11 9 10 7 9 5 8 10 
7 8 4 7 3 6 2 5 10 
9 11 7 10 5 9 3 8 10 
8 12 6 11 4 10 3 9 10 
10 11 9 10 7 9 5 8 10 
8 9 6 8 5 7 4 6 10 
9 12 8 11 6 10 4 9 10 
8 9 6 8 4 7 2 6 10 
7 7 4 6 3 5 2 4 10 
6 7 3 6 1 5 0 4 10 
10 11 9 10 7 9 6 8 10 
7 8 5 7 4 6 3 5 10 
7 9 5 8 3 7 2 6 10 
9 10 7 9 5 8 3 7 10 
8 11 6 10 4 9 3 8 10 
8 11 6 10 4 9 3 8 10 
9 12 7 11 5 10 3 9 10 
9 14 8 13 7 12 6 11 10 
9 12 7 11 5 10 3 9 10 
10 12 9 11 7 10 5 9 10 
9 11 8 10 7 9 6 8 10 
8 11 6 10 4 9 3 8 10 
8 14 6 13 4 12 3 11 10 
7 8 4 7 1 6 0 5 10 
9 14 8 13 7 12 6 11 10 
9 11 7 10 5 9 3 8 10 
9 14 7 13 5 12 3 11 10 
10 12 9 11 8 10 7 9 10 
10 14 9 13 7 12 5 11 10 
10 11 8 10 6 9 4 8 10 
9 12 6 11 4 10 2 9 10 
9 14 8 13 6 12 4 11 10 
10 12 8 11 6 10 4 9 10 
8 9 5 8 4 7 3 6 10 
7 8 4 7 3 6 2 5 10 
7 7 5 6 3 5 2 4 10 
7 8 5 7 4 6 3 5 10 
9 13 7 12 5 11 3 10 10 
10 13 8 12 6 11 4 10 10 
9 11 8 10 7 9 6 8 10 
8 9 6 8 4 7 2 6 10 
8 11 6 10 4 9 2 8 10 
9 11 7 10 5 9 3 8 10 
9 11 7 10 5 9 3 8 10 
5 8 3 7 1 6 0 5 10 
9 13 8 12 6 11 5 10 10 
8 13 6 12 4 11 3 10 10 
SCORES_TXT_END_0
SCORES_TXT_BEGIN_0 306 100 9 BLEU
6 6 5 5 4 4 3 3 6 
6 8 4 7 2 6 1 5 6 
5 6 4 5 3 4 2 3 6 
6 7 4 6 2 5 1 4 6 
5 10 4 9 3 8 2 7 6 
5 10 4 9 3 8 2 7 6 
6 8 4 7 3 6 2 5 6 
5 8 3 7 1 6 0 5 6 
5 6 3 5 1 4 0 3 6 
5 8 4 7 3 6 2 5 6 
5 9 4 8 3 7 2 6 6 
5 9 4 8 3 7 2 6 6 
6 7 4 6 2 5 1 4 6 
6 7 4 6 3 5 2 4 6 
6 7 4 6 2 5 1 4 6 
6 7 4 6 3 5 2 4 6 
6 7 4 6 2 5 1 4 6 
6 7 4 6 2 5 1 4 6 
6 7 4 6 3 5 2 4 6 
5 8 3 7 2 6 1 5 6 
6 7 4 6 3 5 2 4 6 
6 7 4 6 2 5 0 4 6 
5 6 2 5 1 4 0 3 6 
5 7 4 6 3 5 2 4 6 
6 7 4 6 2 5 1 4 6 
6 7 5 6 4 5 3 4 6 
6 7 4 6 3 5 2 4 6 
5 7 4 6 3 5 2 4 6 
5 9 4 8 3 7 2 6 6 
6 7 4 6 3 5 2 4 6 
6 7 4 6 2 5 0 4 6 
5 7 4 6 3 5 2 4 6 
6 7 4 6 3 5 2 4 6 
6 6 2 5 1 4 0 3 6 
5 9 4 8 3 7 2 6 6 
6 8 4 7 3 6 2 5 6 
5 7 4 6 3 5 2 4 6 
6 7 4 6 3 5 2 4 6 
4 6 2 5 1 4 0 3 6 
6 8 4 7 2 6 1 5 6 
6 7 4 6 2 5 1 4 6 
5 8 2 7 1 6 0 5 6 
5 12 3 11 2 10 1 9 6 
5 9 4 8 3 7 2 6 6 
5 12 3 11 2 10 1 9 6 
6 8 4 7 2 6 1 5 6 
6 8 4 7 2 6 1 5 6 
6 7 4 6 2 5 0 4 6 
6 8 4 7 2 6 1 5 6 
6 10 3 9 2 8 1 7 6 
5 9 4 8 3 7 2 6 6 
5 7 3 6 2 5 1 4 6 
5 7 4 6 3 5 2 4 6 
6 7 4 6 2 5 0 4 6 
5 7 3 6 2 5 1 4 6 
5 7 4 6 3 5 2 4 6 
5 8 2 7 1 6 0 5 6 
6 7 4 6 2 5 0 4 6 
6 8 4 7 2 6 1 5 6 
6 8 4 7 2 6 1 5 6 
6 8 4 7 2 6 1 5 6 
6 8 4 7 2 6 1 5 6 
5 11 4 10 3 9 2 8 6 
5 11 4 10 3 9 2 8 6 
6 8 4 7 2 6 1 5 6 
5 9 4 8 3 7 2 6 6 
6 8 4 7 3 6 2 5 6 
6 9 4 8 3 7 2 6 6 
5 6 2 5 1 4 0 3 6 
5 9 4 8 3 7 2 6 6 
5 10 4 9 3 8 2 7 6 
6 7 4 6 2 5 0 4 6 
5 10 4 9 3 8 2 7 6 
5 10 3 9 2 8 1 7 6 
5 7 4 6 3 5 2 4 6 
5 8 3 7 1 6 0 5 6 
6 7 4 6 2 5 0 4 6 
6 8 4 7 3 6 2 5 6 
5 11 3 10 2 9 1 8 6 
6 7 4 6 2 5 1 4 6 
6 7 4 6 2 5 0 4 6 
5 8 4 7 3 6 2 5 6 
6 7 5 6 4 5 3 4 6 
5 7 4 6 3 5 2 4 6 
5 7 3 6 2 5 1 4 6 
5 11 3 10 2 9 1 8 6 
6 8 4 7 2 6 1 5 6 
5 11 4 10 3 9 2 8 6 
5 11 4 10 3 9 2 8 6 
4 10 2 9 1 8 0 7 6 
5 8 2 7 1 6 0 5 6 
4 10 2 9 1 8 0 7 6 
6 8 4 7 2 6 0 5 6 
5 9 4 8 3 7 2 6 6 
6 9 4 8 3 7 2 6 6 
5 10 4 9 3 8 2 7 6 
6 6 3 5 2 4 1 3 6 
5 10 4 9 3 8 2 7 6 
6 8 4 7 3 6 2 5 6 
5 10 4 9 3 8 2 7 6 
SCORES_TXT_END_0
SCORES_TXT_BEGIN_0 307 14 9 BLEU
11 13 9 12 8 11 7 10 11 
11 11 10 10 9 9 8 8 11 
10 13 9 12 8 11 7 10 11 
10 11 9 10 8 9 7 8 11 
10 15 9 14 8 13 7 12 11 
10 15 9 14 8 13 7 12 11 
11 15 9 14 8 13 7 12 11 
11 15 9 14 8 13 7 12 11 
11 13 6 12 3 11 2 10 11 
10 11 8 10 6 9 4 8 11 
10 13 6 12 3 11 2 10 11 
11 11 6 10 3 9 2 8 11 
10 13 7 12 5 11 4 10 11 
11 14 9 13 8 12 7 11 11 
SCORES_TXT_END_0
SCORES_TXT_BEGIN_0 308 67 9 BLEU
11 11 8 10 7 9 6 8 12 
11 12 8 11 7 10 6 9 12 
10 12 7 11 6 10 5 9 12 
10 11 8 10 7 9 6 8 12 
12 12 8 11 7 10 6 9 12 
11 11 7 10 5 9 3 8 12 
11 15 9 14 7 13 6 12 12 
11 15 9 14 7 13 6 12 12 
12 13 11 12 10 11 9 10 12 
10 13 7 12 6 11 5 10 12 
12 12 9 11 7 10 6 9 12 
11 13 10 12 9 11 8 10 12 
10 12 8 11 7 10 6 9 12 
12 12 8 11 5 10 3 9 12 
10 12 6 11 4 10 2 9 12 
11 11 7 10 5 9 4 8 12 
11 11 6 10 4 9 2 8 12 
11 13 7 12 6 11 5 10 12 
11 11 7 10 5 9 3 8 12 
11 11 8 10 7 9 6 8 12 
10 10 6 9 4 8 3 7 12 
11 11 7 10 5 9 3 8 12 
11 12 8 11 7 10 6 9 12 
12 12 8 11 5 10 4 9 12 
12 13 8 12 7 11 6 10 12 
12 12 7 11 5 10 3 9 12 
10 11 6 10 4 9 3 8 12 
10 11 7 10 5 9 3 8 12 
12 12 8 11 5 10 3 9 12 
11 16 9 15 7 14 6 13 12 
11 16 9 15 7 14 6 13 12 
11 11 7 10 4 9 3 8 12 
11 11 7 10 5 9 4 8 12 
12 14 11 13 10 12 9 11 12 
11 11 7 10 5 9 3 8 12 
11 12 7 11 4 10 3 9 12 
10 12 7 11 6 10 5 9 12 
10 10 6 9 4 8 3 7 12 
11 13 8 12 6 11 5 10 12 
10 10 5 9 3 8 2 7 12 
11 16 9 15 7 14 6 13 12 
11 16 9 15 7 14 6 13 12 
11 13 7 12 4 11 2 10 12 
11 11 6 10 4 9 2 8 12 
10 12 6 11 4 10 3 9 12 
11 14 10 13 9 12 8 11 12 
11 12 6 11 4 10 2 9 12 
10 10 6 9 4 8 3 7 12 
11 15 8 14 5 13 3 12 12 
12 14 11 13 10 12 9 11 12 
11 15 8 14 5 13 3 12 12 
11 12 7 11 5 10 4 9 12 
10 11 6 10 4 9 3 8 12 
10 12 6 11 4 10 2 9 12 
12 13 8 12 6 11 4 10 12 
12 14 9 13 7 12 6 11 12 
12 13 10 12 8 11 6 10 12 
12 14 9 13 7 12 6 11 12 
10 10 5 9 3 8 2 7 12 
11 12 9 11 7 10 6 9 12 
11 14 9 13 7 12 6 11 12 
10 12 6 11 4 10 2 9 12 
9 11 5 10 3 9 2 8 12 
11 14 9 13 7 12 6 11 12 
12 14 8 13 5 12 3 11 12 
11 12 8 11 7 10 6 9 12 
11 13 7 12 4 11 3 10 12 
SCORES_TXT_END_0
SCORES_TXT_BEGIN_0 309 100 9 BLEU
8 8 7 7 6 6 5 5 8 
7 8 6 7 5 6 4 5 8 
7 12 6 11 5 10 4 9 8 
7 12 6 11 5 10 4 9 8 
8 10 6 9 5 8 4 7 8 
7 10 6 9 5 8 4 7 8 
7 11 6 10 5 9 4 8 8 
7 11 6 10 5 9 4 8 8 
8 9 7 8 5 7 3 6 8 
8 8 5 7 2 6 0 5 8 
8 9 6 8 5 7 4 6 8 
7 8 6 7 5 6 4 5 8 
7 8 5 7 3 6 2 5 8 
8 9 6 8 5 7 4 6 8 
8 9 6 8 5 7 4 6 8 
7 9 6 8 5 7 4 6 8 
8 9 6 8 4 7 2 6 8 
8 8 4 7 1 6 0 5 8 
8 8 4 7 3 6 2 5 8 
7 8 6 7 5 6 4 5 8 
7 8 4 7 3 6 2 5 8 
8 9 6 8 3 7 0 6 8 
7 8 5 7 2 6 0 5 8 
7 9 6 8 5 7 4 6 8 
7 11 6 10 5 9 4 8 8 
7 9 6 8 5 7 4 6 8 
8 9 7 8 6 7 5 6 8 
7 11 6 10 5 9 4 8 8 
7 13 6 12 5 11 4 10 8 
7 9 6 8 4 7 3 6 8 
7 8 4 7 1 6 0 5 8 
6 8 4 7 3 6 2 5 8 
8 9 6 8 4 7 3 6 8 
8 9 5 8 2 7 0 6 8 
6 8 4 7 3 6 2 5 8 
8 8 5 7 3 6 1 5 8 
7 13 6 12 5 11 4 10 8 
6 10 4 9 3 8 2 7 8 
7 8 4 7 3 6 2 5 8 
7 10 4 9 1 8 0 7 8 
8 9 6 8 5 7 4 6 8 
8 8 5 7 3 6 2 5 8 
7 10 4 9 3 8 2 7 8 
6 12 4 11 3 10 2 9 8 
8 9 6 8 4 7 2 6 8 
6 12 4 11 3 10 2 9 8 
8 11 6 10 5 9 4 8 8 
7 8 4 7 1 6 0 5 8 
8 9 7 8 6 7 5 6 8 
7 13 6 12 4 11 3 10 8 
7 13 6 12 5 11 4 10 8 
7 13 6 12 5 11 4 10 8 
7 13 6 12 4 11 3 10 8 
8 9 6 8 5 7 4 6 8 
6 12 4 11 3 10 2 9 8 
6 12 4 11 3 10 2 9 8 
8 11 6 10 5 9 4 8 8 
7 9 5 8 2 7 0 6 8 
7 12 6 11 5 10 4 9 8 
7 8 5 7 3 6 1 5 8 
8 8 5 7 4 6 3 5 8 
7 12 6 11 5 10 4 9 8 
6 8 5 7 4 6 3 5 8 
7 8 4 7 1 6 0 5 8 
7 8 6 7 5 6 4 5 8 
7 9 6 8 5 7 4 6 8 
8 9 7 8 6 7 5 6 8 
8 8 4 7 1 6 0 5 8 
8 11 6 10 4 9 3 8 8 
7 11 5 10 2 9 0 8 8 
7 10 4 9 3 8 2 7 8 
7 10 5 9 3 8 1 7 8 
7 8 5 7 3 6 2 5 8 
7 12 4 11 1 10 0 9 8 
7 10 4 9 3 8 2 7 8 
7 12 4 11 1 10 0 9 8 
8 8 4 7 1 6 0 5 8 
8 8 5 7 2 6 0 5 8 
8 10 4 9 1 8 0 7 8 
7 11 4 10 1 9 0 8 8 
7 11 4 10 1 9 0 8 8 
8 9 6 8 4 7 3 6 8 
8 8 4 7 2 6 0 5 8 
7 8 5 7 3 6 2 5 8 
8 8 5 7 4 6 3 5 8 
7 10 5 9 3 8 2 7 8 
7 11 6 10 4 9 3 8 8 
8 8 5 7 4 6 3 5 8 
7 12 4 11 3 10 2 9 8 
7 12 4 11 3 10 2 9 8 
7 8 5 7 4 6 3 5 8 
7 9 5 8 4 7 3 6 8 
6 10 4 9 3 8 2 7 8 
7 10 6 9 5 8 4 7 8 
7 12 6 11 4 10 3 9 8 
8 10 4 9 3 8 2 7 8 
7 9 5 8 3 7 1 6 8 
7 11 4 10 3 9 2 8 8 
6 11 4 10 3 9 2 8 8 
7 11 4 10 3 9 2 8 8 
SCORES_TXT_END_0
SCORES_TXT_BEGIN_0 310 100 9 BLEU
7 7 4 6 3 5 2 4 8 
7 8 4 7 3 6 2 5 8 
8 9 7 8 6 7 5 6 8 
7 8 4 7 3 6 2 5 8 
8 8 4 7 3 6 2 5 8 
8 11 6 10 4 9 2 8 8 
8 11 6 10 4 9 2 8 8 
7 9 4 8 3 7 2 6 8 
7 7 3 6 1 5 0 4 8 
8 10 7 9 6 8 5 7 8 
8 9 4 8 3 7 2 6 8 
8 8 5 7 3 6 2 5 8 
8 10 7 9 6 8 5 7 8 
7 7 4 6 3 5 2 4 8 
7 8 3 7 1 6 0 5 8 
8 8 4 7 1 6 0 5 8 
8 12 6 11 4 10 2 9 8 
8 12 6 11 4 10 2 9 8 
8 9 4 8 3 7 2 6 8 
8 9 6 8 4 7 2 6 8 
8 9 5 8 3 7 2 6 8 
7 7 3 6 1 5 0 4 8 
7 8 4 7 3 6 2 5 8 
8 10 7 9 6 8 5 7 8 
8 12 6 11 4 10 2 9 8 
8 12 6 11 4 10 2 9 8 
6 7 4 6 3 5 2 4 8 
8 8 3 7 1 6 0 5 8 
7 8 3 7 1 6 0 5 8 
8 9 6 8 4 7 2 6 8 
8 8 5 7 4 6 3 5 8 
7 8 4 7 3 6 2 5 8 
7 8 3 7 1 6 0 5 8 
8 9 4 8 1 7 0 6 8 
8 10 5 9 3 8 2 7 8 
8 10 5 9 3 8 2 7 8 
8 10 6 9 4 8 2 7 8 
8 9 7 8 6 7 5 6 8 
8 10 4 9 3 8 2 7 8 
8 9 4 8 1 7 0 6 8 
8 11 5 10 2 9 0 8 8 
8 11 5 10 2 9 0 8 8 
7 8 4 7 3 6 2 5 8 
8 10 6 9 4 8 2 7 8 
8 9 5 8 3 7 2 6 8 
7 8 3 7 1 6 0 5 8 
8 11 7 10 6 9 5 8 8 
8 9 5 8 3 7 2 6 8 
8 12 6 11 4 10 2 9 8 
7 8 3 7 1 6 0 5 8 
8 12 6 11 4 10 2 9 8 
6 8 4 7 3 6 2 5 8 
8 9 5 8 3 7 2 6 8 
7 8 4 7 3 6 2 5 8 
8 9 3 8 1 7 0 6 8 
7 8 4 7 3 6 2 5 8 
8 10 4 9 1 8 0 7 8 
8 10 4 9 1 8 0 7 8 
7 7 3 6 2 5 1 4 8 
7 9 3 8 1 7 0 6 8 
8 8 3 7 2 6 1 5 8 
7 9 4 8 3 7 2 6 8 
8 10 6 9 4 8 2 7 8 
8 10 7 9 5 8 3 7 8 
8 10 4 9 3 8 2 7 8 
6 8 4 7 3 6 2 5 8 
7 9 3 8 1 7 0 6 8 
8 10 6 9 4 8 2 7 8 
8 11 5 10 3 9 2 8 8 
8 10 6 9 4 8 3 7 8 
8 11 5 10 3 9 2 8 8 
8 8 3 7 1 6 0 5 8 
8 10 4 9 3 8 2 7 8 
8 10 6 9 4 8 3 7 8 
7 8 3 7 1 6 0 5 8 
7 8 4 7 3 6 2 5 8 
8 9 4 8 1 7 0 6 8 
6 8 3 7 1 6 0 5 8 
6 8 4 7 3 6 2 5 8 
8 11 6 10 4 9 2 8 8 
8 11 6 10 4 9 2 8 8 
7 8 4 7 3 6 2 5 8 
8 9 4 8 1 7 0 6 8 
8 9 5 8 4 7 3 6 8 
7 9 4 8 3 7 2 6 8 
8 10 4 9 1 8 0 7 8 
8 10 6 9 4 8 3 7 8 
8 9 4 8 3 7 2 6 8 
8 12 7 11 6 10 5 9 8 
8 9 4 8 1 7 0 6 8 
8 12 7 11 6 10 5 9 8 
8 10 5 9 3 8 2 7 8 
8 12 5 11 2 10 0 9 8 
8 12 5 11 2 10 0 9 8 
8 9 4 8 3 7 2 6 8 
7 8 4 7 3 6 2 5 8 
8 10 6 9 4 8 2 7 8 
8 13 6 12 4 11 2 10 8 
7 8 3 7 1 6 0 5 8 
7 9 3 8 1 7 0 6 8 
SCORES_TXT_END_0
SCORES_TXT_BEGIN_0 311 100 9 BLEU
6 6 5 5 4 4 3 3 6 
4 5 2 4 1 3 0 2 6 
5 6 3 5 2 4 1 3 6 
5 6 4 5 3 4 2 3 6 
3 5 2 4 1 3 0 2 6 
5 10 4 9 3 8 2 7 6 
5 10 4 9 3 8 2 7 6 
4 6 3 5 2 4 1 3 6 
6 8 4 7 3 6 2 5 6 
5 8 4 7 3 6 2 5 6 
5 9 4 8 3 7 2 6 6 
5 9 4 8 3 7 2 6 6 
3 9 2 8 1 7 0 6 6 
3 9 2 8 1 7 0 6 6 
4 7 2 6 1 5 0 4 6 
4 10 3 9 2 8 1 7 6 
4 10 3 9 2 8 1 7 6 
5 8 3 7 2 6 1 5 6 
3 7 2 6 1 5 0 4 6 
4 8 3 7 2 6 1 5 6 
3 8 2 7 1 6 0 5 6 
6 7 4 6 3 5 2 4 6 
3 8 2 7 1 6 0 5 6 
4 9 3 8 2 7 1 6 6 
4 9 3 8 2 7 1 6 6 
5 7 4 6 3 5 2 4 6 
4 5 2 4 1 3 0 2 6 
5 6 2 5 1 4 0 3 6 
6 6 2 5 1 4 0 3 6 
4 6 2 5 1 4 0 3 6 
5 7 3 6 2 5 1 4 6 
4 5 2 4 1 3 0 2 6 
6 6 3 5 2 4 1 3 6 
5 6 3 5 2 4 1 3 6 
6 6 3 5 2 4 1 3 6 
3 6 2 5 1 4 0 3 6 
4 6 2 5 1 4 0 3 6 
5 6 2 5 1 4 0 3 6 
5 6 3 5 2 4 1 3 6 
4 7 3 6 2 5 1 4 6 
4 8 2 7 1 6 0 5 6 
5 8 2 7 1 6 0 5 6 
5 6 3 5 2 4 1 3 6 
4 6 3 5 2 4 1 3 6 
6 6 3 5 1 4 0 3 6 
3 5 2 4 1 3 0 2 6 
4 6 3 5 2 4 1 3 6 
6 6 3 5 1 4 0 3 6 
5 6 3 5 2 4 1 3 6 
3 5 2 4 1 3 0 2 6 
4 8 3 7 2 6 1 5 6 
5 8 3 7 2 6 1 5 6 
5 6 2 5 1 4 0 3 6 
3 7 2 6 1 5 0 4 6 
4 10 2 9 1 8 0 7 6 
4 10 2 9 1 8 0 7 6 
5 10 2 9 1 8 0 7 6 
5 10 2 9 1 8 0 7 6 
6 6 3 5 1 4 0 3 6 
5 8 2 7 1 6 0 5 6 
6 8 2 7 1 6 0 5 6 
4 9 2 8 1 7 0 6 6 
5 9 2 8 1 7 0 6 6 
4 9 2 8 1 7 0 6 6 
5 9 2 8 1 7 0 6 6 
6 6 4 5 3 4 2 3 6 
5 6 2 5 1 4 0 3 6 
6 6 2 5 1 4 0 3 6 
4 7 2 6 1 5 0 4 6 
5 6 2 5 1 4 0 3 6 
5 6 2 5 1 4 0 3 6 
5 7 2 6 1 5 0 4 6 
6 6 3 5 1 4 0 3 6 
5 6 3 5 1 4 0 3 6 
4 10 3 9 2 8 1 7 6 
4 10 3 9 2 8 1 7 6 
5 10 3 9 2 8 1 7 6 
5 10 3 9 2 8 1 7 6 
6 8 3 7 2 6 1 5 6 
5 8 3 7 2 6 1 5 6 
6 8 3 7 2 6 1 5 6 
4 9 3 8 2 7 1 6 6 
5 9 3 8 2 7 1 6 6 
4 9 3 8 2 7 1 6 6 
5 6 4 5 3 4 2 3 6 
3 9 2 8 1 7 0 6 6 
5 9 3 8 2 7 1 6 6 
3 9 2 8 1 7 0 6 6 
4 7 2 6 1 5 0 4 6 
5 6 2 5 1 4 0 3 6 
3 8 2 7 1 6 0 5 6 
6 6 2 5 1 4 0 3 6 
5 8 3 7 2 6 1 5 6 
3 8 2 7 1 6 0 5 6 
5 7 2 6 1 5 0 4 6 
4 7 2 6 1 5 0 4 6 
6 7 2 6 1 5 0 4 6 
5 6 2 5 1 4 0 3 6 
5 8 3 7 2 6 1 5 6 
5 6 3 5 1 4 0 3 6 
SCORES_TXT_END_0
SCORES_TXT_BEGIN_0 312 33 9 BLEU
12 12 9 11 8 10 7 9 13 
12 13 9 12 8 11 7 10 13 
13 14 12 13 11 12 10 11 13 
13 13 9 12 8 11 7 10 13 
12 13 8 12 5 11 3 10 13 
11 12 7 11 5 10 3 9 13 
11 12 7 11 5 10 3 9 13 
13 13 10 12 8 11 7 10 13 
13 15 12 14 11 13 10 12 13 
12 13 9 12 8 11 7 10 13 
12 14 8 13 5 12 3 11 13 
12 12 8 11 6 10 4 9 13 
13 15 12 14 11 13 10 12 13 
12 14 8 13 5 12 3 11 13 
12 12 9 11 8 10 7 9 13 
12 15 10 14 8 13 6 12 13 
13 13 9 12 6 11 4 10 13 
13 14 9 13 8 12 7 11 13 
12 15 8 14 5 13 3 12 13 
12 12 8 11 6 10 5 9 13 
12 15 8 14 5 13 3 12 13 
12 14 10 13 8 12 6 11 13 
12 12 8 11 6 10 4 9 13 
12 14 10 13 8 12 6 11 13 
13 15 12 14 11 13 10 12 13 
12 14 8 13 5 12 3 11 13 
13 13 9 12 6 11 5 10 13 
12 13 9 12 8 11 7 10 13 
11 12 7 11 5 10 3 9 13 
12 13 7 12 5 11 3 10 13 
12 14 9 13 8 12 7 11 13 
13 15 10 14 8 13 7 12 13 
13 15 10 14 8 13 7 12 13 
SCORES_TXT_END_0
SCORES_TXT_BEGIN_0 313 6 9 BLEU
15 15 14 14 13 13 12 12 15 
13 13 11 12 10 11 9 10 15 
14 15 13 14 12 13 11 12 15 
14 17 12 16 10 15 9 14 15 
14 17 12 16 10 15 9 14 15 
15 17 13 16 11 15 9 14 15 
SCORES_TXT_END_0
SCORES_TXT_BEGIN_0 314 100 9 BLEU
11 11 10 10 9 9 8 8 11 
11 13 9 12 7 11 5 10 11 
10 11 8 10 6 9 4 8 11 
11 13 9 12 7 11 5 10 11 
11 13 10 12 9 11 7 10 11 
11 12 9 11 8 10 7 9 11 
10 13 8 12 6 11 4 10 11 
10 13 8 12 6 11 4 10 11 
11 12 9 11 7 10 5 9 11 
11 12 9 11 7 10 5 9 11 
10 12 8 11 6 10 4 9 11 
11 12 9 11 7 10 5 9 11 
10 12 8 11 6 10 4 9 11 
9 9 7 8 5 7 3 6 11 
11 15 10 14 9 13 7 12 11 
11 15 10 14 9 13 7 12 11 
10 12 8 11 6 10 4 9 11 
10 12 8 11 6 10 4 9 11 
11 12 9 11 7 10 5 9 11 
10 11 8 10 6 9 4 8 11 
10 10 8 9 6 8 4 7 11 
10 13 8 12 6 11 4 10 11 
11 11 7 10 4 9 2 8 11 
11 12 9 11 7 10 5 9 11 
11 12 9 11 8 10 7 9 11 
11 12 9 11 7 10 5 9 11 
11 14 10 13 9 12 7 11 11 
10 12 8 11 6 10 4 9 11 
10 12 8 11 6 10 4 9 11 
10 11 6 10 4 9 2 8 11 
10 11 7 10 4 9 2 8 11 
11 14 10 13 9 12 7 11 11 
8 9 6 8 4 7 2 6 11 
10 12 8 11 6 10 4 9 11 
10 12 8 11 6 10 4 9 11 
10 12 8 11 6 10 4 9 11 
9 10 7 9 5 8 3 7 11 
10 14 8 13 6 12 4 11 11 
10 14 8 13 6 12 4 11 11 
11 15 9 14 7 13 5 12 11 
11 15 9 14 7 13 5 12 11 
10 11 9 10 8 9 7 8 11 
9 11 6 10 4 9 2 8 11 
11 12 9 11 7 10 5 9 11 
11 14 8 13 6 12 5 11 11 
9 10 6 9 4 8 3 7 11 
11 14 8 13 6 12 5 11 11 
9 12 7 11 5 10 3 9 11 
11 11 7 10 6 9 5 8 11 
10 13 8 12 6 11 4 10 11 
11 12 9 11 7 10 5 9 11 
10 11 6 10 5 9 4 8 11 
11 12 9 11 7 10 5 9 11 
11 13 9 12 7 11 5 10 11 
11 14 8 13 6 12 4 11 11 
10 12 8 11 6 10 4 9 11 
10 12 8 11 6 10 4 9 11 
11 12 9 11 7 10 5 9 11 
10 12 7 11 5 10 4 9 11 
11 14 8 13 6 12 4 11 11 
11 17 9 16 7 15 5 14 11 
11 17 9 16 7 15 5 14 11 
10 13 8 12 6 11 4 10 11 
11 12 9 11 7 10 6 9 11 
11 12 9 11 7 10 5 9 11 
10 11 8 10 6 9 4 8 11 
10 11 7 10 5 9 3 8 11 
11 11 8 10 6 9 4 8 11 
11 11 7 10 5 9 3 8 11 
11 17 9 16 7 15 5 14 11 
11 17 9 16 7 15 5 14 11 
11 14 9 13 7 12 5 11 11 
9 11 6 10 3 9 0 8 11 
11 12 10 11 8 10 7 9 11 
11 13 7 12 4 11 2 10 11 
11 12 9 11 7 10 5 9 11 
11 14 9 13 7 12 5 11 11 
11 13 7 12 4 11 2 10 11 
10 11 6 10 3 9 0 8 11 
9 13 7 12 5 11 3 10 11 
10 11 7 10 5 9 3 8 11 
10 15 7 14 5 13 3 12 11 
8 9 5 8 2 7 0 6 11 
10 12 8 11 6 10 4 9 11 
10 15 7 14 5 13 3 12 11 
9 10 6 9 4 8 3 7 11 
10 14 8 13 6 12 4 11 11 
11 12 9 11 7 10 5 9 11 
11 13 9 12 7 11 5 10 11 
10 14 8 13 6 12 4 11 11 
11 13 9 12 7 11 5 10 11 
11 12 9 11 7 10 5 9 11 
10 12 8 11 6 10 5 9 11 
10 12 7 11 4 10 2 9 11 
11 12 7 11 4 10 2 9 11 
11 14 8 13 6 12 4 11 11 
10 13 8 12 6 11 4 10 11 
10 12 8 11 6 10 4 9 11 
10 15 8 14 6 13 4 12 11 
10 15 8 14 6 13 4 12 11 
SCORES_TXT_END_0
SCORES_TXT_BEGIN_0 315 29 9 BLEU
13 13 12 12 11 11 10 10 13 
12 13 10 12 8 11 6 10 13 
13 17 11 16 10 15 9 14 13 
13 17 11 16 10 15 9 14 13 
13 15 11 14 10 13 9 12 13 
13 16 10 15 9 14 8 13 13 
13 13 10 12 8 11 7 10 13 
13 15 10 14 8 13 7 12 13 
13 17 9 16 7 15 5 14 13 
12 17 9 16 7 15 5 14 13 
12 15 9 14 7 13 5 12 13 
12 13 8 12 5 11 3 10 13 
13 14 11 13 10 12 9 11 13 
13 13 9 12 7 11 6 10 13 
12 15 8 14 5 13 3 12 13 
13 17 10 16 8 15 7 14 13 
12 16 8 15 6 14 4 13 13 
13 14 11 13 10 12 9 11 13 
13 16 10 15 8 14 7 13 13 
13 17 10 16 8 15 7 14 13 
13 14 11 13 9 12 8 11 13 
13 15 9 14 7 13 6 12 13 
12 13 7 12 4 11 2 10 13 
13 14 11 13 9 12 7 11 13 
12 14 9 13 7 12 5 11 13 
12 17 8 16 5 15 3 14 13 
13 18 10 17 9 16 8 15 13 
13 18 10 17 9 16 8 15 13 
13 14 10 13 8 12 7 11 13 
SCORES_TXT_END_0
SCORES_TXT_BEGIN_0 316 15 9 BLEU
16 16 15 15 14 14 13 13 16 
13 15 11 14 9 13 7 12 16 
13 15 11 14 9 13 7 12 16 
15 16 13 15 11 14 9 13 16 
13 15 8 14 5 13 2 12 16 
14 15 12 14 10 13 8 12 16 
16 16 12 15 10 14 8 13 16 
15 16 10 15 7 14 4 13 16 
13 15 8 14 5 13 2 12 16 
16 18 14 17 12 16 10 15 16 
16 18 14 17 12 16 10 15 16 
13 15 8 14 5 13 2 12 16 
13 17 10 16 7 15 4 14 16 
13 17 10 16 7 15 4 14 16 
16 16 12 15 10 14 8 13 16 
SCORES_TXT_END_0
SCORES_TXT_BEGIN_0 317 100 9 BLEU
10 10 9 9 8 8 7 7 10 
9 10 8 9 7 8 6 7 10 
9 12 8 11 7 10 6 9 10 
10 12 8 11 7 10 6 9 10 
9 14 8 13 7 12 6 11 10 
9 14 8 13 7 12 6 11 10 
8 10 6 9 4 8 2 7 10 
9 11 8 10 7 9 6 8 10 
8 8 6 7 4 6 2 5 10 
9 9 7 8 5 7 3 6 10 
9 13 8 12 7 11 6 10 10 
9 13 8 12 7 11 6 10 10 
9 13 8 12 7 11 6 10 10 
7 10 5 9 3 8 1 7 10 
7 8 5 7 3 6 2 5 10 
8 9 6 8 4 7 3 6 10 
9 10 6 9 4 8 2 7 10 
10 11 8 10 7 9 6 8 10 
10 11 8 10 7 9 6 8 10 
10 13 8 12 7 11 6 10 10 
8 10 5 9 3 8 1 7 10 
10 10 6 9 5 8 4 7 10 
7 12 5 11 3 10 1 9 10 
9 11 8 10 7 9 6 8 10 
10 11 8 10 7 9 6 8 10 
7 10 5 9 3 8 2 7 10 
8 11 6 10 4 9 3 8 10 
9 15 8 14 7 13 6 12 10 
9 15 8 14 7 13 6 12 10 
8 12 5 11 3 10 1 9 10 
9 11 8 10 7 9 6 8 10 
8 10 5 9 3 8 2 7 10 
9 11 6 10 4 9 3 8 10 
9 13 8 12 7 11 6 10 10 
8 12 5 11 3 10 1 9 10 
9 10 6 9 5 8 4 7 10 
9 10 4 9 1 8 0 7 10 
10 10 6 9 3 8 1 7 10 
9 12 5 11 3 10 1 9 10 
10 10 7 9 5 8 4 7 10 
8 10 4 9 1 8 0 7 10 
7 14 5 13 3 12 1 11 10 
8 8 4 7 3 6 2 5 10 
7 14 5 13 3 12 1 11 10 
9 14 8 13 7 12 6 11 10 
9 10 7 9 5 8 3 7 10 
9 14 8 13 7 12 6 11 10 
9 15 8 14 7 13 6 12 10 
9 15 8 14 7 13 6 12 10 
7 11 5 10 3 9 1 8 10 
10 10 7 9 6 8 5 7 10 
7 12 5 11 3 10 2 9 10 
7 12 5 11 3 10 2 9 10 
10 13 8 12 7 11 6 10 10 
8 13 6 12 4 11 3 10 10 
9 14 8 13 7 12 6 11 10 
8 13 6 12 4 11 3 10 10 
9 14 8 13 7 12 6 11 10 
9 14 6 13 5 12 4 11 10 
7 9 5 8 3 7 2 6 10 
9 14 6 13 5 12 4 11 10 
8 10 6 9 4 8 3 7 10 
7 13 5 12 3 11 1 10 10 
8 10 6 9 4 8 2 7 10 
7 11 5 10 3 9 2 8 10 
10 12 6 11 5 10 4 9 10 
8 12 6 11 4 10 3 9 10 
8 10 3 9 1 8 0 7 10 
9 12 8 11 7 10 6 9 10 
9 10 4 9 2 8 0 7 10 
9 10 5 9 3 8 1 7 10 
8 12 3 11 1 10 0 9 10 
9 12 5 11 3 10 1 9 10 
10 10 6 9 4 8 2 7 10 
10 10 7 9 6 8 5 7 10 
9 9 5 8 4 7 3 6 10 
10 11 6 10 5 9 4 8 10 
9 12 8 11 7 10 6 9 10 
7 13 5 12 3 11 1 10 10 
9 12 6 11 5 10 4 9 10 
8 14 5 13 3 12 1 11 10 
7 13 5 12 3 11 1 10 10 
8 14 5 13 3 12 1 11 10 
7 10 3 9 1 8 0 7 10 
9 13 6 12 5 11 4 10 10 
7 12 3 11 1 10 0 9 10 
8 10 4 9 2 8 0 7 10 
9 13 6 12 5 11 4 10 10 
7 8 4 7 3 6 2 5 10 
10 12 8 11 7 10 6 9 10 
7 11 5 10 3 9 2 8 10 
8 11 5 10 3 9 1 8 10 
8 11 5 10 3 9 1 8 10 
8 12 6 11 4 10 3 9 10 
7 11 5 10 3 9 2 8 10 
8 10 6 9 4 8 2 7 10 
8 12 6 11 4 10 3 9 10 
9 10 6 9 4 8 2 7 10 
10 12 8 11 7 10 6 9 10 
8 9 5 8 3 7 2 6 10 
SCORES_TXT_END_0
SCORES_TXT_BEGIN_0 318 100 9 BLEU
8 9 7 8 6 7 5 6 10 
7 9 6 8 5 7 4 6 10 
4 6 2 5 1 4 0 3 10 
6 7 4 6 3 5 2 4 10 
5 6 3 5 2 4 1 3 10 
8 10 7 9 6 8 5 7 10 
10 11 9 10 8 9 7 8 10 
9 11 7 10 5 9 3 8 10 
7 10 5 9 3 8 1 7 10 
7 9 5 8 4 7 3 6 10 
9 10 8 9 7 8 6 7 10 
8 11 6 10 4 9 3 8 10 
6 7 4 6 3 5 2 4 10 
6 10 4 9 2 8 1 7 10 
7 10 6 9 5 8 4 7 10 
9 11 8 10 7 9 6 8 10 
8 10 6 9 4 8 2 7 10 
5 6 2 5 1 4 0 3 10 
6 8 4 7 3 6 2 5 10 
6 9 4 8 3 7 2 6 10 
4 6 2 5 1 4 0 3 10 
7 8 5 7 4 6 3 5 10 
7 7 4 6 3 5 2 4 10 
7 10 5 9 3 8 2 7 10 
8 10 7 9 6 8 5 7 10 
6 6 3 5 2 4 1 3 10 
7 9 5 8 3 7 2 6 10 
5 7 3 6 2 5 1 4 10 
5 6 2 5 1 4 0 3 10 
5 8 3 7 1 6 0 5 10 
7 8 4 7 3 6 2 5 10 
3 6 0 5 0 4 0 3 10 
6 7 4 6 2 5 0 4 10 
7 8 5 7 3 6 1 5 10 
7 8 5 7 3 6 1 5 10 
5 7 3 6 1 5 0 4 10 
10 12 9 11 8 10 7 9 10 
9 12 7 11 5 10 3 9 10 
5 7 2 6 1 5 0 4 10 
6 8 4 7 2 6 1 5 10 
6 7 3 6 2 5 1 4 10 
8 10 7 9 6 8 5 7 10 
7 8 5 7 3 6 1 5 10 
6 7 3 6 1 5 0 4 10 
7 7 4 6 3 5 2 4 10 
6 8 4 7 2 6 0 5 10 
7 9 5 8 4 7 3 6 10 
7 10 5 9 3 8 1 7 10 
8 9 6 8 4 7 2 6 10 
7 8 4 7 1 6 0 5 10 
5 7 2 6 1 5 0 4 10 
4 6 2 5 1 4 0 3 10 
9 11 8 10 7 9 6 8 10 
8 12 6 11 4 10 3 9 10 
8 8 5 7 4 6 3 5 10 
5 7 3 6 1 5 0 4 10 
9 12 8 11 7 10 6 9 10 
10 12 9 11 8 10 7 9 10 
9 12 7 11 5 10 3 9 10 
8 11 6 10 4 9 2 8 10 
5 6 2 5 1 4 0 3 10 
6 7 3 6 1 5 0 4 10 
5 6 2 5 1 4 0 3 10 
7 8 4 7 2 6 0 5 10 
6 8 4 7 2 6 0 5 10 
7 10 6 9 5 8 4 7 10 
4 6 2 5 1 4 0 3 10 
5 6 2 5 1 4 0 3 10 
6 7 3 6 1 5 0 4 10 
6 10 4 9 2 8 1 7 10 
6 9 4 8 3 7 2 6 10 
7 10 6 9 5 8 4 7 10 
7 10 5 9 4 8 3 7 10 
7 8 5 7 3 6 2 5 10 
7 10 6 9 5 8 4 7 10 
6 7 4 6 2 5 1 4 10 
5 8 3 7 1 6 0 5 10 
4 7 2 6 1 5 0 4 10 
5 6 2 5 1 4 0 3 10 
5 6 2 5 1 4 0 3 10 
8 11 7 10 6 9 5 8 10 
6 10 3 9 1 8 0 7 10 
8 10 7 9 5 8 3 7 10 
8 12 7 11 6 10 5 9 10 
4 6 2 5 1 4 0 3 10 
4 7 2 6 1 5 0 4 10 
5 6 2 5 1 4 0 3 10 
6 6 2 5 1 4 0 3 10 
8 10 7 9 6 8 5 7 10 
8 11 7 10 6 9 5 8 10 
4 6 1 5 0 4 0 3 10 
8 11 6 10 4 9 1 8 10 
6 8 3 7 1 6 0 5 10 
8 12 7 11 5 10 2 9 10 
8 10 7 9 6 8 5 7 10 
8 11 7 10 6 9 4 8 10 
8 10 5 9 3 8 1 7 10 
4 6 2 5 1 4 0 3 10 
7 11 5 10 3 9 1 8 10 
6 7 3 6 1 5 0 4 10 
SCORES_TXT_END_0
SCORES_TXT_BEGIN_0 319 100 9 BLEU
10 10 9 9 8 8 7 7 10 
9 10 8 9 7 8 6 7 10 
9 11 8 10 7 9 6 8 10 
9 14 8 13 7 12 6 11 10 
9 14 8 13 7 12 6 11 10 
10 12 8 11 7 10 6 9 10 
9 12 8 11 7 10 6 9 10 
10 11 8 10 7 9 6 8 10 
10 10 6 9 4 8 2 7 10 
9 13 8 12 7 11 6 10 10 
10 11 9 10 7 9 5 8 10 
10 11 8 10 6 9 4 8 10 
9 13 8 12 7 11 6 10 10 
9 10 6 9 4 8 2 7 10 
10 11 8 10 6 9 4 8 10 
9 12 6 11 4 10 2 9 10 
9 9 7 8 5 7 3 6 10 
9 9 7 8 5 7 4 6 10 
10 11 6 10 4 9 2 8 10 
9 15 8 14 7 13 6 12 10 
9 15 8 14 7 13 6 12 10 
10 11 6 10 4 9 2 8 10 
9 10 7 9 5 8 3 7 10 
9 11 8 10 6 9 5 8 10 
9 11 7 10 5 9 3 8 10 
10 10 6 9 4 8 2 7 10 
10 13 8 12 7 11 6 10 10 
10 11 8 10 7 9 6 8 10 
10 10 7 9 5 8 3 7 10 
9 12 8 11 6 10 5 9 10 
9 11 7 10 5 9 3 8 10 
9 12 7 11 5 10 3 9 10 
9 13 8 12 7 11 6 10 10 
8 9 6 8 4 7 2 6 10 
9 14 8 13 7 12 6 11 10 
9 10 7 9 5 8 3 7 10 
10 10 6 9 3 8 1 7 10 
9 14 6 13 4 12 2 11 10 
9 14 6 13 4 12 2 11 10 
9 14 8 13 7 12 6 11 10 
9 11 8 10 7 9 6 8 10 
10 12 6 11 4 10 2 9 10 
9 10 7 9 5 8 3 7 10 
9 13 6 12 4 11 2 10 10 
9 13 6 12 4 11 2 10 10 
9 11 6 10 4 9 2 8 10 
8 9 6 8 5 7 4 6 10 
9 11 6 10 4 9 2 8 10 
9 12 7 11 5 10 3 9 10 
9 15 8 14 6 13 5 12 10 
8 10 6 9 4 8 2 7 10 
9 15 8 14 6 13 5 12 10 
9 13 6 12 4 11 2 10 10 
9 9 5 8 2 7 1 6 10 
9 15 7 14 5 13 3 12 10 
9 15 7 14 5 13 3 12 10 
9 13 6 12 4 11 2 10 10 
9 10 5 9 3 8 1 7 10 
9 11 7 10 5 9 3 8 10 
10 13 8 12 6 11 5 10 10 
9 11 6 10 4 9 2 8 10 
10 10 7 9 5 8 3 7 10 
9 10 6 9 4 8 2 7 10 
10 13 7 12 5 11 3 10 10 
9 15 7 14 5 13 3 12 10 
10 11 6 10 3 9 1 8 10 
9 15 7 14 5 13 3 12 10 
10 10 6 9 3 8 0 7 10 
8 11 6 10 4 9 2 8 10 
8 10 6 9 4 8 2 7 10 
10 11 8 10 6 9 4 8 10 
9 11 5 10 3 9 1 8 10 
8 13 6 12 4 11 2 10 10 
8 13 6 12 4 11 2 10 10 
10 11 8 10 4 9 1 8 10 
8 10 6 9 4 8 3 7 10 
9 13 8 12 6 11 5 10 10 
10 10 6 9 3 8 1 7 10 
10 13 7 12 5 11 3 10 10 
9 11 6 10 4 9 2 8 10 
9 13 7 12 5 11 3 10 10 
9 9 5 8 4 7 3 6 10 
10 11 6 10 4 9 2 8 10 
9 10 5 9 2 8 1 7 10 
8 13 6 12 5 11 4 10 10 
10 12 8 11 7 10 6 9 10 
9 11 6 10 4 9 2 8 10 
8 13 6 12 5 11 4 10 10 
10 12 8 11 6 10 5 9 10 
9 11 5 10 2 9 1 8 10 
9 11 7 10 5 9 3 8 10 
10 10 6 9 4 8 2 7 10 
8 11 6 10 4 9 3 8 10 
10 12 7 11 5 10 3 9 10 
10 10 7 9 3 8 1 7 10 
8 14 6 13 4 12 2 11 10 
9 13 7 12 5 11 3 10 10 
9 10 6 9 4 8 2 7 10 
8 14 6 13 4 12 2 11 10 
8 9 4 8 2 7 1 6 10 
SCORES_TXT_END_0
SCORES_TXT_BEGIN_0 320 80 9 BLEU
11 11 10 10 9 9 8 8 11 
10 11 9 10 8 9 7 8 11 
10 13 9 12 8 11 7 10 11 
11 13 9 12 8 11 7 10 11 
10 15 9 14 8 13 7 12 11 
10 15 9 14 8 13 7 12 11 
10 10 8 9 6 8 4 7 11 
11 12 10 11 8 10 6 9 11 
11 15 9 14 8 13 7 12 11 
11 15 9 14 8 13 7 12 11 
9 10 7 9 5 8 3 7 11 
10 11 8 10 7 9 6 8 11 
10 11 8 10 6 9 4 8 11 
10 12 9 11 7 10 5 9 11 
10 12 8 11 7 10 6 9 11 
10 11 8 10 6 9 4 8 11 
11 12 9 11 7 10 5 9 11 
9 12 7 11 5 10 3 9 11 
10 11 8 10 6 9 4 8 11 
11 12 9 11 8 10 7 9 11 
10 14 9 13 7 12 5 11 11 
10 14 9 13 8 12 7 11 11 
10 12 8 11 6 10 4 9 11 
11 12 9 11 8 10 7 9 11 
10 14 9 13 8 12 7 11 11 
10 11 8 10 6 9 4 8 11 
9 14 7 13 5 12 3 11 11 
10 13 8 12 7 11 6 10 11 
9 11 6 10 4 9 2 8 11 
10 12 7 11 5 10 3 9 11 
11 12 9 11 7 10 5 9 11 
11 14 9 13 7 12 5 11 11 
10 16 9 15 7 14 5 13 11 
9 14 7 13 5 12 3 11 11 
10 11 8 10 6 9 4 8 11 
9 14 8 13 7 12 6 11 11 
9 13 8 12 7 11 6 10 11 
10 11 8 10 6 9 4 8 11 
11 13 9 12 8 11 7 10 11 
10 16 9 15 7 14 5 13 11 
9 11 8 10 7 9 6 8 11 
9 12 6 11 4 10 2 9 11 
9 11 7 10 5 9 3 8 11 
11 12 9 11 7 10 5 9 11 
10 12 9 11 8 10 7 9 11 
10 12 9 11 8 10 7 9 11 
11 13 10 12 8 11 6 10 11 
11 13 9 12 8 11 7 10 11 
9 11 7 10 5 9 3 8 11 
8 11 6 10 4 9 2 8 11 
10 12 7 11 5 10 3 9 11 
10 12 9 11 8 10 7 9 11 
9 11 7 10 5 9 3 8 11 
10 12 8 11 6 10 4 9 11 
10 12 8 11 6 10 4 9 11 
10 14 9 13 8 12 7 11 11 
9 11 7 10 5 9 3 8 11 
8 13 6 12 4 11 2 10 11 
9 12 8 11 7 10 6 9 11 
10 13 8 12 6 11 4 10 11 
9 16 6 15 4 14 2 13 11 
10 14 7 13 5 12 3 11 11 
10 11 7 10 5 9 3 8 11 
9 13 7 12 5 11 3 10 11 
10 11 7 10 5 9 3 8 11 
11 11 7 10 5 9 3 8 11 
11 16 9 15 7 14 5 13 11 
10 14 9 13 8 12 7 11 11 
9 12 7 11 5 10 3 9 11 
10 15 9 14 8 13 7 12 11 
11 12 9 11 8 10 7 9 11 
11 11 7 10 5 9 4 8 11 
11 14 9 13 8 12 7 11 11 
10 12 7 11 5 10 3 9 11 
10 11 7 10 5 9 3 8 11 
11 13 10 12 8 11 6 10 11 
8 14 6 13 4 12 2 11 11 
10 14 7 13 5 12 3 11 11 
10 14 8 13 6 12 4 11 11 
11 12 9 11 7 10 5 9 11 
SCORES_TXT_END_0
SCORES_TXT_BEGIN_0 321 99 9 BLEU
8 8 7 7 6 6 5 5 8 
7 8 6 7 5 6 4 5 8 
7 12 6 11 5 10 4 9 8 
7 12 6 11 5 10 4 9 8 
8 8 4 7 3 6 2 5 8 
8 10 6 9 5 8 4 7 8 
7 10 6 9 5 8 4 7 8 
7 11 6 10 5 9 4 8 8 
7 11 6 10 5 9 4 8 8 
8 9 6 8 4 7 3 6 8 
7 8 4 7 3 6 2 5 8 
8 9 6 8 4 7 2 6 8 
8 8 4 7 2 6 1 5 8 
8 9 7 8 5 7 3 6 8 
8 9 6 8 4 7 2 6 8 
7 10 4 9 3 8 2 7 8 
8 8 4 7 2 6 1 5 8 
8 8 4 7 1 6 0 5 8 
8 9 6 8 4 7 3 6 8 
8 9 6 8 4 7 2 6 8 
8 9 6 8 5 7 4 6 8 
8 9 6 8 5 7 4 6 8 
8 8 5 7 4 6 3 5 8 
8 9 6 8 4 7 3 6 8 
7 8 4 7 2 6 1 5 8 
8 9 6 8 4 7 2 6 8 
7 9 5 8 3 7 1 6 8 
8 9 6 8 4 7 2 6 8 
8 9 6 8 4 7 3 6 8 
8 8 4 7 2 6 0 5 8 
7 9 6 8 5 7 4 6 8 
7 10 4 9 2 8 1 7 8 
7 12 4 11 3 10 2 9 8 
7 12 4 11 3 10 2 9 8 
8 10 4 9 3 8 2 7 8 
7 11 4 10 3 9 2 8 8 
7 8 5 7 3 6 2 5 8 
7 11 4 10 3 9 2 8 8 
8 8 4 7 2 6 0 5 8 
8 8 5 7 3 6 2 5 8 
7 8 5 7 4 6 3 5 8 
8 8 5 7 3 6 1 5 8 
8 8 4 7 2 6 1 5 8 
8 8 4 7 2 6 1 5 8 
8 9 6 8 5 7 4 6 8 
8 8 4 7 1 6 0 5 8 
7 8 4 7 2 6 0 5 8 
8 9 6 8 4 7 2 6 8 
8 10 6 9 4 8 3 7 8 
8 8 4 7 1 6 0 5 8 
8 9 6 8 4 7 2 6 8 
7 9 6 8 5 7 4 6 8 
8 8 3 7 1 6 0 5 8 
8 8 4 7 1 6 0 5 8 
7 9 4 8 3 7 2 6 8 
8 8 4 7 2 6 1 5 8 
7 10 4 9 2 8 0 7 8 
8 9 6 8 4 7 3 6 8 
7 9 5 8 3 7 1 6 8 
8 9 6 8 4 7 2 6 8 
7 11 6 10 5 9 4 8 8 
7 9 5 8 4 7 3 6 8 
8 9 5 8 3 7 2 6 8 
8 8 3 7 2 6 1 5 8 
8 9 6 8 5 7 4 6 8 
7 8 4 7 2 6 1 5 8 
7 9 5 8 3 7 1 6 8 
7 11 4 10 2 9 1 8 8 
7 12 4 11 2 10 1 9 8 
7 12 4 11 2 10 1 9 8 
7 11 4 10 2 9 1 8 8 
8 9 6 8 5 7 4 6 8 
7 8 4 7 2 6 0 5 8 
8 10 4 9 2 8 1 7 8 
7 9 5 8 3 7 1 6 8 
7 9 4 8 2 7 1 6 8 
7 11 4 10 2 9 1 8 8 
8 9 4 8 2 7 1 6 8 
8 9 4 8 3 7 2 6 8 
7 11 4 10 2 9 1 8 8 
8 8 5 7 3 6 2 5 8 
7 9 4 8 2 7 1 6 8 
7 9 4 8 2 7 1 6 8 
7 9 6 8 4 7 2 6 8 
8 8 5 7 2 6 1 5 8 
7 8 3 7 1 6 0 5 8 
8 9 4 8 3 7 2 6 8 
8 8 4 7 3 6 2 5 8 
7 9 5 8 3 7 1 6 8 
8 9 7 8 6 7 5 6 8 
8 9 4 8 2 7 1 6 8 
7 8 4 7 1 6 0 5 8 
7 10 4 9 2 8 0 7 8 
8 8 3 7 0 6 0 5 8 
8 8 4 7 0 6 0 5 8 
7 8 4 7 2 6 1 5 8 
8 10 6 9 4 8 2 7 8 
7 9 6 8 5 7 4 6 8 
7 8 3 7 0 6 0 5 8 
SCORES_TXT_END_0
SCORES_TXT_BEGIN_0 322 82 9 BLEU
12 12 11 11 10 10 9 9 12 
11 12 10 11 9 10 8 9 12 
11 13 10 12 9 11 8 10 12 
11 16 10 15 9 14 8 13 12 
11 16 10 15 9 14 8 13 12 
12 14 10 13 9 12 8 11 12 
11 14 10 13 9 12 8 11 12 
12 13 10 12 9 11 8 10 12 
11 15 10 14 9 13 8 12 12 
11 15 10 14 9 13 8 12 12 
10 10 8 9 6 8 4 7 12 
10 12 8 11 6 10 4 9 12 
12 13 11 12 9 11 7 10 12 
11 13 10 12 9 11 8 10 12 
11 12 10 11 9 10 8 9 12 
11 11 9 10 7 9 5 8 12 
11 17 10 16 9 15 8 14 12 
11 17 10 16 9 15 8 14 12 
11 12 8 11 6 10 4 9 12 
12 13 10 12 9 11 8 10 12 
12 15 10 14 9 13 8 12 12 
9 10 7 9 5 8 3 7 12 
9 11 7 10 5 9 3 8 12 
9 12 7 11 5 10 3 9 12 
12 13 10 12 9 11 8 10 12 
11 13 10 12 8 11 7 10 12 
9 13 7 12 5 11 3 10 12 
11 15 10 14 9 13 8 12 12 
11 14 10 13 8 12 7 11 12 
11 16 10 15 9 14 8 13 12 
10 13 9 12 8 11 7 10 12 
11 13 10 12 9 11 8 10 12 
10 12 9 11 8 10 7 9 12 
11 16 10 15 9 14 8 13 12 
11 14 9 13 8 12 7 11 12 
9 14 7 13 5 12 3 11 12 
9 14 7 13 5 12 3 11 12 
11 14 9 13 8 12 7 11 12 
11 12 10 11 9 10 8 9 12 
10 14 9 13 8 12 7 11 12 
10 13 9 12 8 11 7 10 12 
11 12 9 11 7 10 5 9 12 
11 12 10 11 9 10 8 9 12 
11 13 9 12 8 11 7 10 12 
11 12 9 11 7 10 6 9 12 
9 16 7 15 5 14 3 13 12 
9 16 7 15 5 14 3 13 12 
11 17 10 16 8 15 7 14 12 
11 14 9 13 8 12 7 11 12 
11 17 10 16 8 15 7 14 12 
10 12 7 11 5 10 3 9 12 
10 11 8 10 6 9 4 8 12 
10 17 9 16 8 15 7 14 12 
10 16 9 15 8 14 7 13 12 
10 17 9 16 8 15 7 14 12 
11 12 9 11 7 10 5 9 12 
10 16 9 15 8 14 7 13 12 
12 13 10 12 9 11 8 10 12 
10 14 7 13 5 12 3 11 12 
11 11 9 10 7 9 6 8 12 
12 15 10 14 8 13 7 12 12 
10 12 8 11 6 10 4 9 12 
11 14 9 13 8 12 7 11 12 
10 12 7 11 5 10 3 9 12 
11 14 9 13 8 12 7 11 12 
9 12 7 11 5 10 3 9 12 
10 13 7 12 5 11 3 10 12 
11 15 9 14 8 13 7 12 12 
11 14 9 13 8 12 7 11 12 
11 12 10 11 9 10 8 9 12 
11 13 10 12 9 11 8 10 12 
10 11 7 10 5 9 3 8 12 
10 16 9 15 8 14 7 13 12 
9 14 7 13 5 12 3 11 12 
10 15 8 14 6 13 4 12 12 
10 16 9 15 8 14 7 13 12 
11 13 9 12 8 11 7 10 12 
10 15 8 14 6 13 4 12 12 
10 13 7 12 5 11 3 10 12 
11 15 10 14 8 13 7 12 12 
10 12 7 11 5 10 4 9 12 
12 14 10 13 8 12 7 11 12 
SCORES_TXT_END_0
SCORES_TXT_BEGIN_0 323 38 9 BLEU
14 14 13 13 12 12 11 11 14 
14 15 12 14 10 13 8 12 14 
14 15 12 14 10 13 8 12 14 
13 14 12 13 11 12 10 11 14 
14 15 12 14 10 13 8 12 14 
13 14 11 13 9 12 7 11 14 
13 13 11 12 9 11 7 10 14 
13 15 10 14 7 13 4 12 14 
13 13 11 12 9 11 8 10 14 
13 14 11 13 9 12 7 11 14 
13 18 12 17 11 16 10 15 14 
13 18 12 17 11 16 10 15 14 
14 16 12 15 10 14 8 13 14 
14 15 12 14 10 13 8 12 14 
14 16 12 15 11 14 10 13 14 
13 14 11 13 9 12 7 11 14 
13 14 9 13 6 12 4 11 14 
14 16 12 15 10 14 8 13 14 
13 14 11 13 9 12 7 11 14 
12 13 10 12 8 11 7 10 14 
13 16 12 15 11 14 10 13 14 
13 17 12 16 11 15 10 14 14 
13 17 12 16 11 15 10 14 14 
13 14 11 13 9 12 8 11 14 
13 15 11 14 9 13 7 12 14 
12 15 10 14 9 13 8 12 14 
14 16 11 15 9 14 7 13 14 
14 18 12 17 10 16 8 15 14 
13 14 11 13 9 12 7 11 14 
14 14 10 13 7 12 4 11 14 
13 14 10 13 7 12 4 11 14 
13 14 11 13 9 12 8 11 14 
13 14 11 13 9 12 8 11 14 
13 14 11 13 9 12 8 11 14 
13 14 11 13 9 12 7 11 14 
13 15 11 14 9 13 7 12 14 
12 13 10 12 8 11 7 10 14 
14 17 12 16 10 15 8 14 14 
SCORES_TXT_END_0
SCORES_TXT_BEGIN_0 324 100 9 BLEU
6 6 5 5 4 4 3 3 6 
5 10 4 9 3 8 2 7 6 
5 10 4 9 3 8 2 7 6 
6 10 4 9 3 8 2 7 6 
6 10 4 9 3 8 2 7 6 
5 6 4 5 3 4 2 3 6 
6 8 4 7 3 6 2 5 6 
5 6 3 5 1 4 0 3 6 
5 8 4 7 3 6 2 5 6 
5 6 3 5 1 4 0 3 6 
6 7 3 6 2 5 1 4 6 
6 9 3 8 2 7 1 6 6 
6 9 3 8 2 7 1 6 6 
4 10 2 9 1 8 0 7 6 
4 10 2 9 1 8 0 7 6 
5 7 3 6 2 5 1 4 6 
6 7 4 6 3 5 2 4 6 
5 9 3 8 2 7 1 6 6 
5 9 3 8 2 7 1 6 6 
4 10 2 9 1 8 0 7 6 
6 8 4 7 3 6 2 5 6 
5 10 2 9 1 8 0 7 6 
5 10 2 9 1 8 0 7 6 
4 10 2 9 1 8 0 7 6 
6 8 4 7 3 6 2 5 6 
5 8 2 7 1 6 0 5 6 
5 10 2 9 1 8 0 7 6 
5 10 2 9 1 8 0 7 6 
6 9 4 8 3 7 2 6 6 
6 7 4 6 3 5 2 4 6 
4 8 2 7 1 6 0 5 6 
5 7 4 6 3 5 2 4 6 
6 9 4 8 3 7 2 6 6 
6 7 4 6 3 5 2 4 6 
5 8 2 7 1 6 0 5 6 
5 8 4 7 3 6 2 5 6 
5 8 4 7 3 6 2 5 6 
5 7 1 6 0 5 0 4 6 
6 7 4 6 3 5 2 4 6 
6 7 5 6 4 5 3 4 6 
5 9 1 8 0 7 0 6 6 
5 9 1 8 0 7 0 6 6 
5 9 4 8 3 7 2 6 6 
4 6 2 5 1 4 0 3 6 
5 9 4 8 3 7 2 6 6 
4 8 2 7 1 6 0 5 6 
4 7 1 6 0 5 0 4 6 
5 11 4 10 3 9 2 8 6 
5 11 4 10 3 9 2 8 6 
6 8 3 7 2 6 1 5 6 
5 7 2 6 1 5 0 4 6 
5 9 1 8 0 7 0 6 6 
5 9 1 8 0 7 0 6 6 
4 9 1 8 0 7 0 6 6 
4 9 1 8 0 7 0 6 6 
4 6 2 5 1 4 0 3 6 
5 9 4 8 3 7 2 6 6 
5 7 4 6 3 5 2 4 6 
5 9 4 8 3 7 2 6 6 
5 12 4 11 3 10 2 9 6 
5 12 4 11 3 10 2 9 6 
6 9 4 8 3 7 2 6 6 
5 11 3 10 2 9 1 8 6 
5 12 4 11 3 10 2 9 6 
5 11 3 10 2 9 1 8 6 
5 7 1 6 0 5 0 4 6 
5 12 4 11 3 10 2 9 6 
5 8 2 7 1 6 0 5 6 
5 8 2 7 1 6 0 5 6 
5 7 2 6 1 5 0 4 6 
5 9 4 8 3 7 2 6 6 
5 8 3 7 2 6 1 5 6 
5 11 4 10 3 9 2 8 6 
5 11 4 10 3 9 2 8 6 
4 9 1 8 0 7 0 6 6 
4 9 1 8 0 7 0 6 6 
5 14 4 13 3 12 2 11 6 
5 14 4 13 3 12 2 11 6 
5 14 4 13 3 12 2 11 6 
6 6 3 5 2 4 1 3 6 
5 14 4 13 3 12 2 11 6 
5 6 3 5 1 4 0 3 6 
6 11 3 10 2 9 1 8 6 
5 8 2 7 1 6 0 5 6 
5 8 2 7 1 6 0 5 6 
6 11 3 10 2 9 1 8 6 
5 11 3 10 2 9 1 8 6 
5 11 3 10 2 9 1 8 6 
4 7 1 6 0 5 0 4 6 
5 7 3 6 2 5 1 4 6 
5 6 3 5 2 4 1 3 6 
6 12 4 11 3 10 2 9 6 
5 9 4 8 3 7 2 6 6 
6 11 3 10 2 9 1 8 6 
6 11 4 10 3 9 2 8 6 
6 12 4 11 3 10 2 9 6 
6 11 3 10 2 9 1 8 6 
6 11 4 10 3 9 2 8 6 
5 6 4 5 3 4 2 3 6 
6 8 4 7 3 6 2 5 6 
SCORES_TXT_END_0
SCORES_TXT_BEGIN_0 325 50 9 BLEU
15 15 14 14 13 13 12 12 15 
14 14 12 13 10 12 8 11 15 
14 14 12 13 10 12 8 11 15 
13 14 11 13 9 12 7 11 15 
15 16 14 15 12 14 10 13 15 
14 15 12 14 10 13 8 12 15 
14 15 13 14 12 13 11 12 15 
15 16 13 15 11 14 9 13 15 
13 15 11 14 9 13 7 12 15 
13 14 11 13 9 12 7 11 15 
14 15 12 14 10 13 8 12 15 
14 15 12 14 10 13 8 12 15 
14 14 12 13 10 12 8 11 15 
14 15 12 14 10 13 8 12 15 
15 16 13 15 11 14 9 13 15 
15 17 13 16 11 15 9 14 15 
14 14 12 13 10 12 9 11 15 
14 16 12 15 10 14 8 13 15 
14 15 12 14 10 13 8 12 15 
14 19 13 18 12 17 11 16 15 
14 19 13 18 12 17 11 16 15 
15 17 13 16 11 15 9 14 15 
15 17 13 16 11 15 9 14 15 
15 17 13 16 12 15 11 14 15 
13 16 11 15 9 14 7 13 15 
14 15 12 14 10 13 8 12 15 
13 14 11 13 9 12 8 11 15 
15 19 13 18 11 17 9 16 15 
14 16 12 15 10 14 8 13 15 
14 16 11 15 8 14 5 13 15 
13 14 11 13 8 12 5 11 15 
14 15 10 14 7 13 5 12 15 
15 19 13 18 11 17 9 16 15 
14 17 13 16 12 15 11 14 15 
13 15 11 14 8 13 5 12 15 
14 18 13 17 12 16 11 15 15 
14 15 12 14 10 13 8 12 15 
14 18 13 17 12 16 11 15 15 
14 15 12 14 10 13 9 12 15 
14 14 10 13 7 12 4 11 15 
15 18 13 17 11 16 9 15 15 
13 14 11 13 9 12 7 11 15 
13 15 10 14 7 13 4 12 15 
13 14 11 13 9 12 7 11 15 
15 18 13 17 11 16 9 15 15 
13 14 11 13 9 12 8 11 15 
14 17 12 16 10 15 8 14 15 
14 15 10 14 7 13 4 12 15 
14 15 12 14 10 13 9 12 15 
14 15 12 14 10 13 9 12 15 
SCORES_TXT_END_0
SCORES_TXT_BEGIN_0 326 100 9 BLEU
6 6 5 5 4 4 3 3 6 
5 6 3 5 2 4 1 3 6 
6 8 4 7 3 6 2 5 6 
6 7 4 6 3 5 2 4 6 
6 10 4 9 3 8 2 7 6 
6 10 4 9 3 8 2 7 6 
6 7 4 6 3 5 2 4 6 
6 9 4 8 3 7 2 6 6 
5 8 3 7 2 6 1 5 6 
6 9 4 8 3 7 2 6 6 
5 7 3 6 2 5 1 4 6 
5 6 4 5 3 4 2 3 6 
5 10 3 9 2 8 1 7 6 
5 10 3 9 2 8 1 7 6 
5 6 3 5 2 4 1 3 6 
6 7 4 6 3 5 2 4 6 
5 7 3 6 2 5 1 4 6 
5 9 3 8 2 7 1 6 6 
4 6 2 5 1 4 0 3 6 
5 8 3 7 2 6 1 5 6 
5 9 3 8 2 7 1 6 6 
5 7 3 6 2 5 1 4 6 
6 6 2 5 1 4 0 3 6 
5 7 3 6 1 5 0 4 6 
4 6 3 5 2 4 1 3 6 
5 10 3 9 2 8 1 7 6 
5 10 3 9 2 8 1 7 6 
5 6 2 5 1 4 0 3 6 
5 7 4 6 3 5 2 4 6 
5 7 4 6 3 5 2 4 6 
5 7 3 6 1 5 0 4 6 
4 6 2 5 1 4 0 3 6 
5 7 3 6 1 5 0 4 6 
6 8 2 7 1 6 0 5 6 
4 8 2 7 1 6 0 5 6 
5 7 3 6 2 5 1 4 6 
5 7 3 6 2 5 1 4 6 
5 8 2 7 1 6 0 5 6 
5 9 3 8 2 7 1 6 6 
6 6 3 5 2 4 1 3 6 
6 7 2 6 1 5 0 4 6 
4 7 2 6 1 5 0 4 6 
5 9 3 8 2 7 1 6 6 
5 6 3 5 2 4 1 3 6 
5 7 3 6 1 5 0 4 6 
5 6 3 5 2 4 1 3 6 
5 7 2 6 1 5 0 4 6 
5 7 3 6 1 5 0 4 6 
6 6 3 5 2 4 1 3 6 
5 7 2 6 1 5 0 4 6 
4 8 2 7 1 6 0 5 6 
5 7 2 6 1 5 0 4 6 
4 6 3 5 2 4 1 3 6 
5 6 3 5 2 4 1 3 6 
6 7 2 6 1 5 0 4 6 
4 7 2 6 1 5 0 4 6 
4 6 3 5 2 4 1 3 6 
4 7 2 6 1 5 0 4 6 
5 7 2 6 1 5 0 4 6 
5 7 2 6 1 5 0 4 6 
6 10 2 9 1 8 0 7 6 
5 9 2 8 1 7 0 6 6 
5 7 2 6 1 5 0 4 6 
4 10 2 9 1 8 0 7 6 
6 10 2 9 1 8 0 7 6 
4 10 2 9 1 8 0 7 6 
6 6 3 5 1 4 0 3 6 
5 7 3 6 1 5 0 4 6 
5 7 2 6 1 5 0 4 6 
5 7 2 6 1 5 0 4 6 
4 7 2 6 1 5 0 4 6 
5 7 2 6 1 5 0 4 6 
4 7 3 6 2 5 1 4 6 
6 9 2 8 1 7 0 6 6 
4 9 2 8 1 7 0 6 6 
6 9 2 8 1 7 0 6 6 
4 9 2 8 1 7 0 6 6 
5 10 2 9 1 8 0 7 6 
5 8 2 7 1 6 0 5 6 
4 7 2 6 1 5 0 4 6 
5 10 2 9 1 8 0 7 6 
4 7 2 6 1 5 0 4 6 
6 8 3 7 2 6 1 5 6 
5 7 2 6 1 5 0 4 6 
4 7 3 6 2 5 1 4 6 
4 7 2 6 1 5 0 4 6 
5 6 3 5 1 4 0 3 6 
4 10 2 9 1 8 0 7 6 
4 10 2 9 1 8 0 7 6 
5 10 2 9 1 8 0 7 6 
6 6 4 5 3 4 2 3 6 
4 7 2 6 1 5 0 4 6 
6 6 3 5 1 4 0 3 6 
5 9 2 8 1 7 0 6 6 
5 10 2 9 1 8 0 7 6 
5 9 2 8 1 7 0 6 6 
5 8 3 7 2 6 1 5 6 
4 7 2 6 1 5 0 4 6 
6 7 2 6 1 5 0 4 6 
4 7 2 6 1 5 0 4 6 
SCORES_TXT_END_0
SCORES_TXT_BEGIN_0 327 100 9 BLEU
9 9 7 8 5 7 3 6 10 
10 10 9 9 8 8 7 7 10 
9 11 6 10 4 9 3 8 10 
10 12 8 11 7 10 6 9 10 
9 10 6 9 4 8 3 7 10 
10 11 8 10 7 9 6 8 10 
9 13 6 12 4 11 3 10 10 
9 13 6 12 4 11 3 10 10 
10 14 8 13 7 12 6 11 10 
10 14 8 13 7 12 6 11 10 
10 11 9 10 7 9 5 8 10 
10 10 6 9 4 8 3 7 10 
9 12 6 11 4 10 3 9 10 
10 11 8 10 7 9 6 8 10 
10 13 8 12 7 11 6 10 10 
9 10 6 9 3 8 1 7 10 
9 12 6 11 4 10 3 9 10 
10 13 8 12 7 11 6 10 10 
10 11 8 10 6 9 4 8 10 
8 9 6 8 4 7 3 6 10 
9 10 8 9 7 8 6 7 10 
8 9 6 8 4 7 3 6 10 
9 10 7 9 5 8 3 7 10 
7 9 4 8 3 7 2 6 10 
10 13 8 12 6 11 4 10 10 
9 10 7 9 5 8 4 7 10 
10 11 8 10 6 9 4 8 10 
8 9 6 8 4 7 3 6 10 
9 10 6 9 4 8 3 7 10 
9 12 5 11 2 10 1 9 10 
8 9 5 8 2 7 0 6 10 
7 9 5 8 4 7 3 6 10 
10 11 8 10 7 9 6 8 10 
7 11 4 10 3 9 2 8 10 
9 10 7 9 5 8 3 7 10 
10 13 7 12 5 11 3 10 10 
8 10 6 9 5 8 4 7 10 
8 11 5 10 4 9 3 8 10 
9 12 6 11 4 10 3 9 10 
9 10 7 9 5 8 4 7 10 
8 9 5 8 4 7 3 6 10 
8 9 6 8 4 7 3 6 10 
9 12 6 11 5 10 4 9 10 
7 11 5 10 4 9 3 8 10 
9 9 5 8 2 7 0 6 10 
9 9 5 8 2 7 1 6 10 
9 10 5 9 2 8 1 7 10 
8 10 6 9 4 8 3 7 10 
7 10 5 9 4 8 3 7 10 
8 11 4 10 1 9 0 8 10 
7 9 5 8 4 7 3 6 10 
7 9 5 8 4 7 3 6 10 
8 9 5 8 4 7 3 6 10 
8 10 6 9 4 8 3 7 10 
10 13 7 12 5 11 3 10 10 
9 10 6 9 5 8 4 7 10 
9 11 8 10 7 9 6 8 10 
9 9 5 8 3 7 2 6 10 
8 11 5 10 4 9 3 8 10 
8 12 6 11 5 10 4 9 10 
9 11 8 10 7 9 6 8 10 
8 10 5 9 4 8 3 7 10 
9 10 7 9 5 8 3 7 10 
9 12 6 11 4 10 2 9 10 
8 11 6 10 5 9 4 8 10 
9 11 5 10 2 9 0 8 10 
10 10 6 9 3 8 0 7 10 
9 10 5 9 2 8 0 7 10 
7 9 5 8 4 7 3 6 10 
7 13 5 12 4 11 3 10 10 
9 10 7 9 5 8 4 7 10 
7 13 5 12 4 11 3 10 10 
8 13 5 12 4 11 3 10 10 
9 11 5 10 2 9 1 8 10 
8 13 5 12 4 11 3 10 10 
8 10 6 9 5 8 4 7 10 
9 10 6 9 5 8 4 7 10 
10 10 6 9 3 8 1 7 10 
10 12 8 11 6 10 4 9 10 
10 10 6 9 3 8 1 7 10 
9 10 5 9 2 8 1 7 10 
8 11 5 10 4 9 3 8 10 
9 12 5 11 2 10 1 9 10 
10 11 6 10 3 9 1 8 10 
9 11 5 10 2 9 1 8 10 
9 11 6 10 5 9 4 8 10 
10 10 6 9 3 8 1 7 10 
9 9 4 8 2 7 0 6 10 
10 10 7 9 5 8 4 7 10 
8 10 5 9 2 8 0 7 10 
10 11 6 10 3 9 1 8 10 
10 15 8 14 6 13 4 12 10 
8 11 5 10 4 9 3 8 10 
10 15 8 14 6 13 4 12 10 
9 9 4 8 2 7 1 6 10 
9 11 5 10 3 9 2 8 10 
8 14 6 13 5 12 4 11 10 
8 10 6 9 5 8 4 7 10 
8 14 6 13 5 12 4 11 10 
9 14 6 13 5 12 4 11 10 
SCORES_TXT_END_0
SCORES_TXT_BEGIN_0 328 100 9 BLEU
8 8 7 7 6 6 5 5 8 
8 8 4 7 2 6 1 5 8 
8 9 5 8 2 7 1 6 8 
7 10 6 9 5 8 4 7 8 
7 8 6 7 5 6 4 5 8 
8 9 7 8 5 7 3 6 8 
7 8 4 7 2 6 1 5 8 
7 9 5 8 2 7 1 6 8 
7 9 5 8 4 7 3 6 8 
8 9 6 8 4 7 2 6 8 
8 10 6 9 5 8 4 7 8 
7 8 5 7 4 6 3 5 8 
7 12 6 11 5 10 4 9 8 
7 12 6 11 5 10 4 9 8 
7 7 5 6 3 5 1 4 8 
7 8 5 7 4 6 3 5 8 
7 11 6 10 5 9 4 8 8 
7 11 6 10 5 9 4 8 8 
7 11 6 10 4 9 3 8 8 
8 9 6 8 5 7 4 6 8 
7 9 6 8 4 7 3 6 8 
6 9 5 8 4 7 3 6 8 
7 13 5 12 4 11 3 10 8 
8 8 4 7 2 6 1 5 8 
7 12 4 11 2 10 1 9 8 
7 12 4 11 2 10 1 9 8 
7 13 5 12 4 11 3 10 8 
6 11 5 10 4 9 3 8 8 
7 13 5 12 2 11 1 10 8 
7 13 5 12 2 11 1 10 8 
7 9 3 8 2 7 1 6 8 
7 9 6 8 5 7 4 6 8 
7 9 6 8 5 7 4 6 8 
6 13 5 12 4 11 3 10 8 
8 10 4 9 2 8 1 7 8 
7 8 3 7 2 6 1 5 8 
6 13 5 12 4 11 3 10 8 
7 8 3 7 2 6 1 5 8 
7 11 5 10 3 9 1 8 8 
8 9 6 8 5 7 4 6 8 
6 8 5 7 4 6 3 5 8 
7 9 5 8 3 7 1 6 8 
8 11 5 10 2 9 1 8 8 
7 8 3 7 2 6 1 5 8 
7 13 3 12 2 11 1 10 8 
6 8 5 7 4 6 3 5 8 
7 11 6 10 5 9 4 8 8 
7 9 4 8 2 7 1 6 8 
6 10 5 9 4 8 3 7 8 
7 10 4 9 2 8 1 7 8 
6 9 4 8 2 7 0 6 8 
8 9 4 8 2 7 1 6 8 
7 10 4 9 2 8 1 7 8 
6 7 4 6 2 5 0 4 8 
8 9 6 8 5 7 4 6 8 
6 10 5 9 4 8 3 7 8 
7 11 4 10 2 9 1 8 8 
7 9 4 8 2 7 1 6 8 
7 11 5 10 2 9 1 8 8 
7 13 3 12 2 11 1 10 8 
7 9 4 8 2 7 1 6 8 
7 11 4 10 2 9 1 8 8 
8 9 6 8 4 7 2 6 8 
7 12 5 11 2 10 1 9 8 
6 9 4 8 3 7 2 6 8 
6 9 3 8 2 7 1 6 8 
8 9 4 8 2 7 1 6 8 
7 12 5 11 2 10 1 9 8 
7 14 4 13 2 12 1 11 8 
7 10 5 9 4 8 3 7 8 
6 13 3 12 2 11 1 10 8 
7 8 5 7 3 6 2 5 8 
8 11 6 10 4 9 3 8 8 
6 12 5 11 4 10 3 9 8 
6 12 5 11 4 10 3 9 8 
6 13 3 12 2 11 1 10 8 
8 10 5 9 2 8 1 7 8 
6 11 3 10 2 9 1 8 8 
8 10 5 9 2 8 1 7 8 
8 9 4 8 2 7 1 6 8 
7 10 3 9 2 8 1 7 8 
6 8 4 7 3 6 2 5 8 
6 8 3 7 2 6 1 5 8 
7 8 3 7 2 6 1 5 8 
8 10 6 9 3 8 1 7 8 
7 9 5 8 4 7 3 6 8 
7 10 5 9 4 8 3 7 8 
7 8 3 7 2 6 1 5 8 
7 9 5 8 4 7 3 6 8 
7 8 4 7 3 6 2 5 8 
7 13 6 12 4 11 3 10 8 
7 14 4 13 2 12 1 11 8 
7 13 6 12 4 11 3 10 8 
7 8 5 7 2 6 0 5 8 
6 8 4 7 3 6 2 5 8 
7 9 3 8 2 7 1 6 8 
8 8 5 7 3 6 1 5 8 
7 9 4 8 2 7 1 6 8 
7 9 5 8 4 7 3 6 8 
7 12 6 11 4 10 3 9 8 
SCORES_TXT_END_0
SCORES_TXT_BEGIN_0 329 32 9 BLEU
14 14 13 13 12 12 11 11 14 
14 18 12 17 11 16 10 15 14 
14 18 12 17 11 16 10 15 14 
14 16 12 15 11 14 10 13 14 
13 13 11 12 9 11 8 10 14 
14 15 12 14 10 13 8 12 14 
14 19 11 18 9 17 8 16 14 
14 19 11 18 9 17 8 16 14 
14 14 10 13 8 12 7 11 14 
13 17 10 16 9 15 8 14 14 
13 17 10 16 9 15 8 14 14 
13 15 10 14 9 13 8 12 14 
14 15 12 14 11 13 10 12 14 
14 17 11 16 9 15 8 14 14 
13 14 11 13 9 12 8 11 14 
14 15 12 14 10 13 8 12 14 
14 15 12 14 11 13 10 12 14 
14 19 11 18 9 17 7 16 14 
14 16 10 15 8 14 7 13 14 
14 19 11 18 9 17 7 16 14 
12 13 10 12 9 11 8 10 14 
13 14 10 13 9 12 8 11 14 
12 13 10 12 9 11 8 10 14 
14 16 12 15 10 14 8 13 14 
13 13 9 12 8 11 7 10 14 
14 15 10 14 8 13 7 12 14 
14 17 10 16 8 15 7 14 14 
14 20 11 19 9 18 8 17 14 
14 20 11 19 9 18 8 17 14 
12 14 10 13 9 12 8 11 14 
14 16 12 15 11 14 10 13 14 
14 17 12 16 11 15 10 14 14 
SCORES_TXT_END_0
SCORES_TXT_BEGIN_0 330 44 9 BLEU
13 14 11 13 10 12 9 11 17 
16 18 14 17 12 16 10 15 17 
16 17 14 16 11 15 8 14 17 
15 17 12 16 9 15 7 14 17 
14 15 11 14 8 13 6 12 17 
13 15 11 14 10 13 9 12 17 
14 14 11 13 10 12 9 11 17 
15 18 13 17 11 16 10 15 17 
17 18 16 17 15 16 14 15 17 
17 21 16 20 13 19 9 18 17 
13 14 8 13 7 12 6 11 17 
14 15 11 14 10 13 9 12 17 
16 21 14 20 11 19 8 18 17 
13 14 10 13 8 12 6 11 17 
16 19 13 18 10 17 7 16 17 
16 19 14 18 12 17 10 16 17 
13 14 8 13 7 12 6 11 17 
13 14 10 13 8 12 6 11 17 
13 14 9 13 8 12 7 11 17 
15 16 10 15 8 14 6 13 17 
15 16 13 15 10 14 7 13 17 
16 18 11 17 8 16 6 15 17 
13 14 10 13 8 12 6 11 17 
14 16 12 15 10 14 9 13 17 
17 17 14 16 11 15 8 14 17 
14 16 11 15 9 14 7 13 17 
16 21 15 20 12 19 9 18 17 
17 21 16 20 14 19 12 18 17 
14 15 12 14 10 13 9 12 17 
16 17 12 16 9 15 7 14 17 
16 19 14 18 12 17 10 16 17 
15 21 13 20 10 19 8 18 17 
16 18 13 17 10 16 7 15 17 
13 14 9 13 7 12 6 11 17 
14 14 8 13 7 12 6 11 17 
13 14 9 13 7 12 6 11 17 
17 21 16 20 14 19 12 18 17 
14 15 11 14 9 13 7 12 17 
16 18 14 17 11 16 8 15 17 
12 14 10 13 9 12 8 11 17 
16 17 11 16 8 15 5 14 17 
14 15 11 14 8 13 6 12 17 
15 18 12 17 9 16 7 15 17 
15 16 13 15 11 14 9 13 17 
SCORES_TXT_END_0
SCORES_TXT_BEGIN_0 331 100 9 BLEU
11 11 10 10 9 9 8 8 11 
10 11 9 10 8 9 7 8 11 
10 15 9 14 8 13 7 12 11 
11 13 9 12 8 11 7 10 11 
10 10 8 9 7 8 6 7 11 
10 15 9 14 8 13 7 12 11 
10 13 9 12 8 11 7 10 11 
9 10 8 9 7 8 6 7 11 
9 14 8 13 7 12 6 11 11 
9 14 8 13 7 12 6 11 11 
10 12 8 11 7 10 6 9 11 
10 11 8 10 7 9 6 8 11 
10 14 9 13 8 12 7 11 11 
10 14 9 13 8 12 7 11 11 
10 11 8 10 6 9 4 8 11 
10 11 7 10 5 9 3 8 11 
9 12 8 11 7 10 6 9 11 
9 13 8 12 7 11 6 10 11 
11 12 9 11 8 10 7 9 11 
9 13 8 12 7 11 6 10 11 
9 10 6 9 4 8 2 7 11 
11 12 10 11 9 10 8 9 11 
11 12 9 11 8 10 7 9 11 
11 11 7 10 5 9 3 8 11 
9 11 8 10 7 9 6 8 11 
10 11 8 10 6 9 4 8 11 
9 13 8 12 7 11 6 10 11 
10 12 8 11 7 10 6 9 11 
11 12 9 11 8 10 7 9 11 
10 10 6 9 4 8 2 7 11 
11 12 10 11 8 10 7 9 11 
10 12 8 11 7 10 6 9 11 
11 12 9 11 8 10 7 9 11 
10 10 6 9 4 8 3 7 11 
10 11 8 10 7 9 6 8 11 
9 11 7 10 5 9 3 8 11 
10 11 8 10 7 9 6 8 11 
10 12 9 11 8 10 7 9 11 
11 12 9 11 8 10 7 9 11 
10 12 9 11 8 10 7 9 11 
10 12 8 11 7 10 6 9 11 
10 11 7 10 5 9 3 8 11 
10 11 8 10 7 9 6 8 11 
11 13 9 12 7 11 6 10 11 
10 14 9 13 8 12 7 11 11 
9 11 7 10 5 9 3 8 11 
10 12 9 11 8 10 7 9 11 
10 11 7 10 6 9 5 8 11 
10 13 7 12 5 11 3 10 11 
9 11 8 10 7 9 6 8 11 
10 10 8 9 6 8 4 7 11 
9 10 6 9 4 8 2 7 11 
10 11 9 10 8 9 7 8 11 
11 14 10 13 9 12 8 11 11 
10 12 8 11 7 10 6 9 11 
10 16 8 15 7 14 6 13 11 
11 14 10 13 9 12 8 11 11 
9 15 8 14 7 13 6 12 11 
9 15 8 14 7 13 6 12 11 
11 14 8 13 7 12 6 11 11 
11 12 10 11 8 10 6 9 11 
9 12 8 11 7 10 6 9 11 
9 14 8 13 7 12 6 11 11 
10 13 8 12 7 11 6 10 11 
9 11 7 10 5 9 3 8 11 
11 12 9 11 8 10 7 9 11 
9 14 8 13 7 12 6 11 11 
10 12 9 11 8 10 7 9 11 
9 14 8 13 7 12 6 11 11 
11 12 10 11 9 10 8 9 11 
11 11 8 10 6 9 4 8 11 
10 16 8 15 7 14 6 13 11 
9 12 6 11 4 10 2 9 11 
11 13 9 12 8 11 7 10 11 
10 11 7 10 6 9 5 8 11 
11 12 9 11 7 10 5 9 11 
10 11 8 10 7 9 6 8 11 
9 15 7 14 5 13 3 12 11 
11 13 10 12 9 11 8 10 11 
10 13 7 12 5 11 3 10 11 
11 12 9 11 7 10 5 9 11 
9 11 8 10 7 9 6 8 11 
10 14 8 13 7 12 6 11 11 
10 11 7 10 5 9 3 8 11 
9 13 7 12 5 11 3 10 11 
11 11 7 10 5 9 3 8 11 
10 16 9 15 8 14 7 13 11 
11 13 10 12 9 11 8 10 11 
10 16 9 15 8 14 7 13 11 
10 14 9 13 8 12 7 11 11 
11 14 9 13 8 12 7 11 11 
11 12 9 11 8 10 7 9 11 
9 12 7 11 5 10 3 9 11 
9 15 7 14 5 13 3 12 11 
10 13 8 12 7 11 6 10 11 
11 13 10 12 9 11 8 10 11 
9 10 6 9 4 8 3 7 11 
11 12 8 11 6 10 4 9 11 
10 12 9 11 8 10 7 9 11 
10 16 8 15 7 14 6 13 11 
SCORES_TXT_END_0
SCORES_TXT_BEGIN_0 332 100 9 BLEU
10 10 9 9 8 8 7 7 10 
9 10 8 9 7 8 6 7 10 
9 12 8 11 7 10 6 9 10 
9 14 8 13 7 12 6 11 10 
10 12 8 11 7 10 6 9 10 
9 14 8 13 7 12 6 11 10 
10 14 8 13 7 12 6 11 10 
10 14 8 13 7 12 6 11 10 
10 11 8 10 7 9 6 8 10 
9 10 7 9 6 8 5 7 10 
9 13 8 12 7 11 6 10 10 
9 13 8 12 7 11 6 10 10 
9 10 6 9 4 8 2 7 10 
10 11 8 10 7 9 6 8 10 
9 10 5 9 3 8 2 7 10 
9 11 7 10 6 9 5 8 10 
10 12 8 11 7 10 6 9 10 
9 11 8 10 7 9 6 8 10 
10 10 6 9 4 8 2 7 10 
9 10 7 9 5 8 3 7 10 
8 10 7 9 6 8 5 7 10 
9 13 8 12 7 11 6 10 10 
10 12 8 11 7 10 6 9 10 
9 11 8 10 7 9 6 8 10 
9 10 7 9 5 8 3 7 10 
10 10 7 9 5 8 3 7 10 
8 12 7 11 6 10 5 9 10 
9 11 8 10 7 9 6 8 10 
9 9 7 8 5 7 3 6 10 
10 11 8 10 7 9 6 8 10 
9 13 8 12 7 11 6 10 10 
9 14 8 13 7 12 6 11 10 
9 12 8 11 7 10 6 9 10 
10 11 9 10 8 9 7 8 10 
9 9 5 8 3 7 2 6 10 
8 10 5 9 3 8 2 7 10 
10 10 7 9 6 8 5 7 10 
9 10 6 9 4 8 2 7 10 
10 13 8 12 7 11 6 10 10 
10 11 8 10 7 9 6 8 10 
10 13 8 12 7 11 6 10 10 
9 12 8 11 7 10 6 9 10 
9 12 6 11 4 10 2 9 10 
8 9 6 8 4 7 2 6 10 
9 15 8 14 7 13 6 12 10 
9 15 8 14 7 13 6 12 10 
8 11 6 10 4 9 2 8 10 
8 10 6 9 4 8 2 7 10 
10 13 8 12 7 11 6 10 10 
9 11 5 10 3 9 2 8 10 
8 14 7 13 6 12 5 11 10 
8 10 6 9 4 8 2 7 10 
8 14 7 13 6 12 5 11 10 
9 10 6 9 4 8 2 7 10 
8 10 6 9 4 8 2 7 10 
8 11 7 10 6 9 5 8 10 
9 10 7 9 6 8 5 7 10 
10 11 9 10 8 9 7 8 10 
9 12 7 11 6 10 5 9 10 
8 13 7 12 6 11 5 10 10 
8 13 7 12 6 11 5 10 10 
9 11 6 10 4 9 2 8 10 
9 11 6 10 4 9 2 8 10 
9 10 6 9 3 8 1 7 10 
10 10 6 9 3 8 1 7 10 
10 12 9 11 8 10 7 9 10 
8 10 5 9 3 8 2 7 10 
10 11 9 10 8 9 7 8 10 
9 15 8 14 7 13 6 12 10 
9 12 5 11 3 10 2 9 10 
9 15 8 14 7 13 6 12 10 
10 11 8 10 7 9 6 8 10 
9 16 8 15 7 14 6 13 10 
8 12 6 11 4 10 2 9 10 
8 13 7 12 6 11 5 10 10 
9 16 8 15 7 14 6 13 10 
8 14 5 13 3 12 2 11 10 
9 12 5 11 3 10 2 9 10 
9 11 5 10 3 9 2 8 10 
9 16 8 15 7 14 6 13 10 
9 10 6 9 3 8 2 7 10 
10 13 8 12 7 11 6 10 10 
9 16 8 15 7 14 6 13 10 
10 11 8 10 7 9 6 8 10 
9 14 8 13 7 12 6 11 10 
9 14 8 13 7 12 6 11 10 
8 10 5 9 3 8 1 7 10 
10 14 8 13 7 12 6 11 10 
9 15 8 14 7 13 6 12 10 
9 15 8 14 7 13 6 12 10 
8 14 5 13 3 12 2 11 10 
9 12 8 11 7 10 6 9 10 
8 9 5 8 3 7 2 6 10 
9 13 8 12 7 11 6 10 10 
9 11 8 10 7 9 6 8 10 
9 13 8 12 7 11 6 10 10 
9 11 7 10 6 9 5 8 10 
9 10 7 9 6 8 5 7 10 
9 11 8 10 7 9 6 8 10 
9 11 6 10 4 9 2 8 10 
SCORES_TXT_END_0
SCORES_TXT_BEGIN_0 333 100 9 BLEU
7 7 6 6 5 5 4 4 7 
5 7 3 6 2 5 1 4 7 
6 6 4 5 2 4 0 3 7 
6 6 4 5 2 4 1 3 7 
5 6 3 5 2 4 1 3 7 
6 7 5 6 4 5 3 4 7 
5 6 3 5 2 4 1 3 7 
6 8 4 7 3 6 2 5 7 
4 7 3 6 2 5 1 4 7 
6 7 4 6 3 5 2 4 7 
6 11 5 10 4 9 3 8 7 
7 9 5 8 4 7 3 6 7 
4 11 3 10 2 9 1 8 7 
6 11 5 10 4 9 3 8 7 
4 11 3 10 2 9 1 8 7 
4 6 3 5 2 4 1 3 7 
6 9 5 8 4 7 3 6 7 
5 6 3 5 2 4 1 3 7 
6 7 4 6 3 5 2 4 7 
4 10 3 9 2 8 1 7 7 
4 6 3 5 2 4 1 3 7 
4 10 3 9 2 8 1 7 7 
7 8 6 7 4 6 2 5 7 
6 10 5 9 4 8 3 7 7 
6 10 5 9 4 8 3 7 7 
5 8 4 7 3 6 2 5 7 
5 9 3 8 2 7 1 6 7 
5 12 4 11 3 10 2 9 7 
5 12 4 11 3 10 2 9 7 
5 8 3 7 2 6 1 5 7 
5 6 3 5 1 4 0 3 7 
5 10 3 9 2 8 1 7 7 
5 7 2 6 1 5 0 4 7 
6 8 3 7 2 6 1 5 7 
5 10 3 9 2 8 1 7 7 
4 9 3 8 2 7 1 6 7 
5 7 4 6 3 5 2 4 7 
4 10 3 9 2 8 1 7 7 
4 10 3 9 2 8 1 7 7 
5 8 3 7 2 6 1 5 7 
5 11 4 10 3 9 2 8 7 
5 6 2 5 1 4 0 3 7 
5 7 4 6 3 5 2 4 7 
5 11 4 10 3 9 2 8 7 
5 8 3 7 2 6 1 5 7 
5 11 3 10 2 9 1 8 7 
5 11 3 10 2 9 1 8 7 
5 8 3 7 2 6 1 5 7 
4 8 3 7 2 6 1 5 7 
4 7 2 6 1 5 0 4 7 
5 6 2 5 1 4 0 3 7 
5 9 3 8 2 7 1 6 7 
7 8 5 7 4 6 3 5 7 
6 10 4 9 3 8 2 7 7 
4 7 2 6 1 5 0 4 7 
4 8 3 7 2 6 1 5 7 
5 9 3 8 2 7 1 6 7 
5 6 3 5 1 4 0 3 7 
4 9 3 8 2 7 1 6 7 
5 9 3 8 2 7 1 6 7 
5 9 3 8 2 7 1 6 7 
4 6 2 5 1 4 0 3 7 
6 9 4 8 3 7 2 6 7 
4 9 3 8 2 7 1 6 7 
5 10 3 9 1 8 0 7 7 
6 8 3 7 1 6 0 5 7 
6 7 4 6 2 5 0 4 7 
5 10 3 9 1 8 0 7 7 
5 6 3 5 1 4 0 3 7 
4 6 2 5 1 4 0 3 7 
4 8 3 7 2 6 1 5 7 
5 10 4 9 3 8 2 7 7 
6 8 5 7 4 6 3 5 7 
5 11 4 10 3 9 2 8 7 
5 11 4 10 3 9 2 8 7 
4 7 2 6 1 5 0 4 7 
5 8 3 7 1 6 0 5 7 
6 9 4 8 3 7 2 6 7 
4 6 2 5 1 4 0 3 7 
6 8 5 7 3 6 2 5 7 
4 11 2 10 1 9 0 8 7 
4 11 2 10 1 9 0 8 7 
4 6 2 5 1 4 0 3 7 
6 12 4 11 3 10 2 9 7 
6 6 2 5 1 4 0 3 7 
6 12 4 11 3 10 2 9 7 
6 9 4 8 3 7 2 6 7 
7 9 5 8 3 7 1 6 7 
4 10 3 9 2 8 1 7 7 
4 9 3 8 2 7 1 6 7 
6 6 2 5 1 4 0 3 7 
4 10 3 9 2 8 1 7 7 
6 7 4 6 2 5 0 4 7 
4 9 3 8 2 7 1 6 7 
5 9 3 8 1 7 0 6 7 
5 9 4 8 3 7 2 6 7 
4 6 2 5 1 4 0 3 7 
5 6 2 5 1 4 0 3 7 
6 7 4 6 2 5 0 4 7 
5 9 3 8 1 7 0 6 7 
SCORES_TXT_END_0
SCORES_TXT_BEGIN_0 334 100 9 BLEU
6 6 5 5 4 4 3 3 6 
5 6 4 5 3 4 2 3 6 
5 6 4 5 3 4 2 3 6 
5 6 4 5 3 4 2 3 6 
5 6 4 5 3 4 2 3 6 
5 10 4 9 3 8 2 7 6 
5 10 4 9 3 8 2 7 6 
6 8 4 7 3 6 2 5 6 
5 8 4 7 3 6 2 5 6 
5 9 4 8 3 7 2 6 6 
5 9 4 8 3 7 2 6 6 
6 7 4 6 2 5 1 4 6 
6 7 4 6 2 5 1 4 6 
5 6 4 5 3 4 2 3 6 
6 7 3 6 1 5 0 4 6 
4 6 3 5 2 4 1 3 6 
6 7 4 6 3 5 2 4 6 
6 8 4 7 2 6 1 5 6 
4 6 3 5 2 4 1 3 6 
5 7 4 6 3 5 2 4 6 
5 7 3 6 1 5 0 4 6 
5 6 3 5 2 4 1 3 6 
5 7 3 6 2 5 1 4 6 
5 9 3 8 1 7 0 6 6 
4 6 3 5 2 4 1 3 6 
5 7 2 6 1 5 0 4 6 
4 10 3 9 2 8 1 7 6 
6 6 3 5 1 4 0 3 6 
4 10 3 9 2 8 1 7 6 
4 10 3 9 2 8 1 7 6 
4 10 3 9 2 8 1 7 6 
5 7 3 6 2 5 1 4 6 
5 7 2 6 1 5 0 4 6 
5 8 3 7 2 6 1 5 6 
5 7 4 6 3 5 2 4 6 
5 6 3 5 1 4 0 3 6 
5 7 3 6 2 5 1 4 6 
5 6 4 5 3 4 2 3 6 
6 6 3 5 2 4 1 3 6 
5 8 3 7 2 6 1 5 6 
5 7 3 6 2 5 1 4 6 
5 7 2 6 1 5 0 4 6 
6 6 3 5 2 4 1 3 6 
4 8 3 7 2 6 1 5 6 
5 6 3 5 1 4 0 3 6 
6 6 2 5 1 4 0 3 6 
5 7 2 6 1 5 0 4 6 
4 10 3 9 2 8 1 7 6 
5 7 3 6 2 5 1 4 6 
4 9 3 8 2 7 1 6 6 
4 10 3 9 2 8 1 7 6 
4 7 2 6 1 5 0 4 6 
4 8 3 7 2 6 1 5 6 
4 9 3 8 2 7 1 6 6 
5 8 3 7 1 6 0 5 6 
4 9 3 8 2 7 1 6 6 
6 7 2 6 1 5 0 4 6 
5 6 3 5 2 4 1 3 6 
5 6 2 5 1 4 0 3 6 
4 9 3 8 2 7 1 6 6 
4 7 2 6 1 5 0 4 6 
5 7 3 6 1 5 0 4 6 
5 7 2 6 1 5 0 4 6 
4 7 2 6 1 5 0 4 6 
6 9 3 8 1 7 0 6 6 
4 9 2 8 1 7 0 6 6 
5 8 3 7 2 6 1 5 6 
4 9 2 8 1 7 0 6 6 
6 7 3 6 2 5 1 4 6 
6 6 2 5 1 4 0 3 6 
5 6 2 5 1 4 0 3 6 
4 9 2 8 1 7 0 6 6 
5 6 2 5 1 4 0 3 6 
5 6 3 5 2 4 1 3 6 
4 7 2 6 1 5 0 4 6 
5 7 3 6 1 5 0 4 6 
5 7 3 6 2 5 1 4 6 
4 8 3 7 2 6 1 5 6 
5 8 3 7 2 6 1 5 6 
4 9 3 8 2 7 1 6 6 
6 6 2 5 1 4 0 3 6 
6 7 4 6 2 5 1 4 6 
5 7 3 6 1 5 0 4 6 
4 9 3 8 2 7 1 6 6 
6 6 3 5 2 4 1 3 6 
5 6 2 5 1 4 0 3 6 
6 6 3 5 1 4 0 3 6 
4 9 2 8 1 7 0 6 6 
5 6 3 5 2 4 1 3 6 
5 7 2 6 1 5 0 4 6 
5 6 3 5 2 4 1 3 6 
6 8 3 7 1 6 0 5 6 
5 7 3 6 2 5 1 4 6 
5 6 2 5 1 4 0 3 6 
6 6 3 5 2 4 1 3 6 
4 6 3 5 2 4 1 3 6 
5 6 2 5 1 4 0 3 6 
5 7 3 6 2 5 1 4 6 
4 6 2 5 1 4 0 3 6 
5 8 3 7 2 6 1 5 6 
SCORES_TXT_END_0
SCORES_TXT_BEGIN_0 335 100 9 BLEU
10 12 8 11 6 10 4 9 11 
11 12 10 11 9 10 8 9 11 
9 10 7 9 5 8 3 7 11 
10 13 7 12 4 11 2 10 11 
11 13 9 12 7 11 6 10 11 
9 12 7 11 5 10 3 9 11 
10 12 7 11 4 10 2 9 11 
9 13 6 12 4 11 2 10 11 
10 12 9 11 8 10 7 9 11 
11 12 9 11 7 10 6 9 11 
10 13 8 12 7 11 6 10 11 
10 12 7 11 4 10 2 9 11 
9 11 6 10 3 9 1 8 11 
9 12 6 11 4 10 2 9 11 
10 13 8 12 6 11 4 10 11 
9 12 6 11 4 10 2 9 11 
11 12 9 11 7 10 6 9 11 
10 12 8 11 7 10 6 9 11 
8 10 6 9 4 8 2 7 11 
11 13 10 12 9 11 8 10 11 
10 12 8 11 7 10 6 9 11 
9 12 6 11 4 10 2 9 11 
9 10 6 9 3 8 1 7 11 
8 11 5 10 3 9 1 8 11 
9 11 6 10 4 9 2 8 11 
10 12 8 11 7 10 6 9 11 
10 12 7 11 4 10 1 9 11 
10 13 8 12 6 11 4 10 11 
10 11 8 10 7 9 6 8 11 
9 11 6 10 4 9 2 8 11 
9 10 6 9 3 8 1 7 11 
11 12 9 11 7 10 5 9 11 
8 10 5 9 3 8 1 7 11 
9 11 6 10 4 9 2 8 11 
10 11 8 10 7 9 6 8 11 
9 11 7 10 5 9 3 8 11 
11 13 10 12 9 11 8 10 11 
8 10 5 9 3 8 1 7 11 
9 13 7 12 5 11 3 10 11 
10 11 8 10 7 9 6 8 11 
10 13 9 12 8 11 7 10 11 
8 10 5 9 3 8 1 7 11 
10 15 7 14 4 13 2 12 11 
10 13 8 12 6 11 4 10 11 
8 8 5 7 4 6 3 5 11 
11 15 9 14 6 13 3 12 11 
8 9 5 8 3 7 1 6 11 
9 10 6 9 3 8 1 7 11 
9 13 7 12 5 11 3 10 11 
11 15 9 14 7 13 6 12 11 
11 13 10 12 9 11 8 10 11 
10 13 7 12 5 11 3 10 11 
9 11 7 10 5 9 3 8 11 
8 9 5 8 3 7 1 6 11 
11 15 9 14 7 13 6 12 11 
7 7 3 6 2 5 1 4 11 
9 9 5 8 4 7 3 6 11 
10 13 7 12 4 11 2 10 11 
9 15 6 14 4 13 2 12 11 
10 13 9 12 8 11 7 10 11 
8 9 5 8 3 7 1 6 11 
11 12 9 11 8 10 7 9 11 
11 13 9 12 8 11 7 10 11 
10 14 7 13 4 12 2 11 11 
10 15 8 14 6 13 3 12 11 
8 11 6 10 4 9 2 8 11 
10 10 6 9 5 8 4 7 11 
10 14 7 13 4 12 2 11 11 
10 13 8 12 5 11 2 10 11 
11 13 9 12 7 11 6 10 11 
10 15 8 14 7 13 6 12 11 
8 8 3 7 2 6 1 5 11 
11 14 9 13 7 12 6 11 11 
10 15 8 14 7 13 6 12 11 
11 14 8 13 5 12 2 11 11 
9 13 7 12 5 11 3 10 11 
10 13 7 12 4 11 2 10 11 
10 13 6 12 3 11 1 10 11 
9 11 7 10 5 9 3 8 11 
11 14 9 13 7 12 6 11 11 
10 13 7 12 4 11 1 10 11 
9 9 5 8 2 7 1 6 11 
11 13 8 12 5 11 2 10 11 
9 14 6 13 4 12 2 11 11 
9 14 6 13 4 12 2 11 11 
9 12 6 11 4 10 2 9 11 
10 14 7 13 4 12 1 11 11 
11 14 9 13 7 12 6 11 11 
8 9 4 8 3 7 2 6 11 
10 12 9 11 8 10 7 9 11 
8 9 5 8 3 7 1 6 11 
10 14 8 13 6 12 3 11 11 
10 13 9 12 8 11 7 10 11 
11 13 9 12 7 11 5 10 11 
9 14 6 13 4 12 2 11 11 
9 13 6 12 4 11 2 10 11 
11 13 9 12 7 11 6 10 11 
8 11 6 10 4 9 2 8 11 
10 12 7 11 5 10 3 9 11 
10 11 7 10 5 9 3 8 11 
SCORES_TXT_END_0
SCORES_TXT_BEGIN_0 336 42 9 BLEU
12 12 11 11 10 10 9 9 12 
10 10 8 9 7 8 6 7 12 
11 12 9 11 7 10 5 9 12 
11 12 9 11 7 10 5 9 12 
11 12 8 11 6 10 4 9 12 
9 10 6 9 5 8 4 7 12 
11 12 9 11 7 10 5 9 12 
11 13 9 12 7 11 5 10 12 
9 10 6 9 5 8 4 7 12 
11 12 9 11 7 10 6 9 12 
11 11 9 10 7 9 5 8 12 
12 13 10 12 8 11 6 10 12 
10 11 8 10 7 9 6 8 12 
12 13 10 12 8 11 6 10 12 
11 12 9 11 7 10 5 9 12 
11 14 8 13 6 12 4 11 12 
11 14 8 13 6 12 4 11 12 
12 14 11 13 10 12 8 11 12 
11 13 8 12 6 11 4 10 12 
9 11 6 10 5 9 4 8 12 
12 14 10 13 8 12 6 11 12 
12 13 10 12 9 11 8 10 12 
12 14 10 13 8 12 6 11 12 
11 13 8 12 6 11 4 10 12 
9 10 6 9 5 8 4 7 12 
9 10 6 9 5 8 4 7 12 
11 13 8 12 6 11 4 10 12 
9 10 6 9 4 8 3 7 12 
12 16 11 15 10 14 8 13 12 
12 16 11 15 10 14 8 13 12 
9 9 6 8 5 7 4 6 12 
10 12 7 11 4 10 2 9 12 
9 11 6 10 5 9 4 8 12 
9 11 6 10 5 9 4 8 12 
10 11 8 10 7 9 6 8 12 
12 13 10 12 8 11 6 10 12 
11 13 8 12 6 11 4 10 12 
12 13 10 12 8 11 6 10 12 
9 10 6 9 5 8 4 7 12 
10 12 7 11 4 10 2 9 12 
11 12 8 11 6 10 4 9 12 
9 12 6 11 5 10 4 9 12 
SCORES_TXT_END_0
SCORES_TXT_BEGIN_0 337 60 9 BLEU
10 11 8 10 6 9 4 8 11 
11 11 10 10 9 9 8 8 11 
10 11 9 10 8 9 7 8 11 
9 11 7 10 5 9 4 8 11 
9 9 7 8 5 7 3 6 11 
8 9 6 8 4 7 3 6 11 
6 7 5 6 4 5 3 4 11 
8 9 7 8 6 7 5 6 11 
7 9 6 8 5 7 4 6 11 
10 13 8 12 6 11 4 10 11 
11 13 10 12 9 11 7 10 11 
9 10 7 9 5 8 4 7 11 
7 8 6 7 5 6 4 5 11 
10 10 8 9 6 8 4 7 11 
11 12 9 11 8 10 7 9 11 
9 10 6 9 4 8 3 7 11 
10 12 7 11 5 10 4 9 11 
11 13 9 12 7 11 5 10 11 
10 13 8 12 6 11 4 10 11 
11 13 10 12 9 11 7 10 11 
9 13 7 12 5 11 4 10 11 
10 13 9 12 8 11 7 10 11 
11 13 10 12 8 11 6 10 11 
10 12 8 11 5 10 2 9 11 
9 11 7 10 5 9 3 8 11 
11 12 10 11 8 10 6 9 11 
10 15 8 14 6 13 4 12 11 
11 15 10 14 9 13 7 12 11 
10 13 8 12 6 11 5 10 11 
11 15 10 14 8 13 6 12 11 
10 14 8 13 6 12 4 11 11 
11 15 10 14 9 13 8 12 11 
10 13 9 12 8 11 6 10 11 
10 12 8 11 6 10 4 9 11 
9 13 7 12 5 11 4 10 11 
10 12 8 11 6 10 4 9 11 
10 13 9 12 7 11 5 10 11 
10 12 9 11 7 10 5 9 11 
11 12 10 11 8 10 6 9 11 
9 12 7 11 4 10 2 9 11 
11 14 10 13 9 12 8 11 11 
11 14 10 13 9 12 7 11 11 
11 12 10 11 9 10 8 9 11 
9 12 7 11 5 10 3 9 11 
10 14 8 13 6 12 4 11 11 
9 15 7 14 5 13 4 12 11 
10 15 9 14 8 13 7 12 11 
8 11 6 10 4 9 3 8 11 
10 15 9 14 7 13 5 12 11 
10 10 7 9 4 8 1 7 11 
10 15 9 14 8 13 7 12 11 
11 12 9 11 7 10 5 9 11 
9 12 7 11 5 10 4 9 11 
11 12 10 11 8 10 6 9 11 
10 12 9 11 7 10 5 9 11 
10 14 8 13 6 12 4 11 11 
10 13 7 12 5 11 3 10 11 
9 10 7 9 5 8 3 7 11 
9 12 7 11 5 10 3 9 11 
9 10 7 9 5 8 3 7 11 
SCORES_TXT_END_0
SCORES_TXT_BEGIN_0 338 3 9 BLEU
21 21 20 20 19 19 18 18 21 
21 22 20 21 18 20 16 19 21 
21 21 18 20 13 19 10 18 21 
SCORES_TXT_END_0
SCORES_TXT_BEGIN_0 339 100 9 BLEU
6 6 5 5 4 4 3 3 6 
6 8 4 7 3 6 2 5 6 
5 8 4 7 3 6 2 5 6 
6 9 4 8 3 7 2 6 6 
5 9 4 8 3 7 2 6 6 
5 6 4 5 3 4 2 3 6 
5 10 4 9 3 8 2 7 6 
5 10 4 9 3 8 2 7 6 
6 10 4 9 3 8 2 7 6 
6 10 4 9 3 8 2 7 6 
5 11 4 10 3 9 2 8 6 
5 11 4 10 3 9 2 8 6 
5 7 4 6 3 5 2 4 6 
6 7 4 6 3 5 2 4 6 
6 11 4 10 3 9 2 8 6 
6 11 4 10 3 9 2 8 6 
6 7 4 6 3 5 2 4 6 
5 9 4 8 3 7 2 6 6 
5 9 4 8 3 7 2 6 6 
5 7 4 6 3 5 2 4 6 
6 9 4 8 3 7 2 6 6 
6 9 4 8 3 7 2 6 6 
5 10 4 9 3 8 2 7 6 
5 10 4 9 3 8 2 7 6 
5 12 4 11 3 10 2 9 6 
5 12 4 11 3 10 2 9 6 
6 7 4 6 2 5 0 4 6 
6 10 4 9 3 8 2 7 6 
6 10 4 9 3 8 2 7 6 
6 9 3 8 1 7 0 6 6 
6 10 4 9 3 8 2 7 6 
5 9 3 8 1 7 0 6 6 
5 13 4 12 3 11 2 10 6 
5 13 4 12 3 11 2 10 6 
6 6 2 5 1 4 0 3 6 
6 9 4 8 3 7 2 6 6 
6 7 4 6 3 5 2 4 6 
6 10 4 9 3 8 2 7 6 
5 9 4 8 3 7 2 6 6 
5 10 4 9 3 8 2 7 6 
6 8 4 7 3 6 2 5 6 
6 8 4 7 3 6 2 5 6 
6 7 4 6 2 5 1 4 6 
5 11 4 10 3 9 2 8 6 
6 8 2 7 1 6 0 5 6 
6 11 4 10 3 9 2 8 6 
5 10 4 9 3 8 2 7 6 
5 9 4 8 3 7 2 6 6 
5 11 4 10 3 9 2 8 6 
6 7 5 6 4 5 3 4 6 
6 7 4 6 3 5 2 4 6 
5 11 4 10 3 9 2 8 6 
6 8 2 7 1 6 0 5 6 
5 6 3 5 1 4 0 3 6 
5 12 4 11 3 10 2 9 6 
5 8 2 7 1 6 0 5 6 
6 10 3 9 1 8 0 7 6 
6 6 3 5 1 4 0 3 6 
5 12 4 11 3 10 2 9 6 
6 7 5 6 4 5 3 4 6 
6 8 4 7 3 6 2 5 6 
5 10 3 9 1 8 0 7 6 
5 11 4 10 3 9 2 8 6 
5 8 2 7 0 6 0 5 6 
5 11 4 10 3 9 2 8 6 
5 10 4 9 3 8 2 7 6 
6 7 5 6 4 5 3 4 6 
5 6 2 5 1 4 0 3 6 
6 9 4 8 3 7 2 6 6 
6 7 2 6 1 5 0 4 6 
6 8 1 7 0 6 0 5 6 
5 8 4 7 3 6 2 5 6 
6 8 2 7 1 6 0 5 6 
5 8 2 7 1 6 0 5 6 
4 8 2 7 0 6 0 5 6 
5 8 1 7 0 6 0 5 6 
6 7 5 6 4 5 3 4 6 
6 8 2 7 1 6 0 5 6 
6 6 2 5 0 4 0 3 6 
5 7 4 6 3 5 2 4 6 
6 7 4 6 3 5 2 4 6 
5 14 4 13 3 12 2 11 6 
6 8 5 7 3 6 1 5 6 
6 6 3 5 1 4 0 3 6 
5 14 4 13 3 12 2 11 6 
6 9 2 8 1 7 0 6 6 
5 14 4 13 3 12 2 11 6 
6 7 4 6 2 5 1 4 6 
5 14 4 13 3 12 2 11 6 
5 10 2 9 1 8 0 7 6 
6 7 4 6 2 5 1 4 6 
6 9 4 8 3 7 2 6 6 
6 9 4 8 3 7 2 6 6 
5 9 2 8 0 7 0 6 6 
5 11 4 10 3 9 2 8 6 
5 10 4 9 3 8 2 7 6 
6 11 4 10 3 9 2 8 6 
5 11 4 10 3 9 2 8 6 
6 12 4 11 3 10 2 9 6 
6 7 2 6 1 5 0 4 6 
SCORES_TXT_END_0
SCORES_TXT_BEGIN_0 340 32 9 BLEU
12 12 10 11 9 10 8 9 16 
16 16 15 15 14 14 13 13 16 
15 16 13 15 11 14 9 13 16 
14 14 12 13 10 12 8 11 16 
12 13 9 12 7 11 6 10 16 
11 11 8 10 7 9 6 8 16 
10 11 8 10 7 9 6 8 16 
13 13 10 12 8 11 6 10 16 
16 17 14 16 12 15 10 14 16 
12 12 8 11 6 10 5 9 16 
15 17 12 16 9 15 6 14 16 
14 15 11 14 8 13 6 12 16 
14 15 11 14 8 13 6 12 16 
15 15 13 14 11 13 9 12 16 
14 14 10 13 7 12 5 11 16 
11 12 8 11 7 10 6 9 16 
13 13 11 12 10 11 9 10 16 
10 12 8 11 7 10 6 9 16 
10 10 8 9 7 8 6 7 16 
10 11 8 10 7 9 6 8 16 
12 13 10 12 9 11 8 10 16 
13 14 10 13 8 12 6 11 16 
11 11 10 10 9 9 8 8 16 
11 12 8 11 7 10 6 9 16 
10 12 8 11 7 10 6 9 16 
14 16 11 15 8 14 6 13 16 
12 13 8 12 6 11 5 10 16 
12 14 9 13 8 12 7 11 16 
15 16 13 15 11 14 9 13 16 
15 16 11 15 7 14 5 13 16 
16 16 13 15 10 14 8 13 16 
12 13 10 12 8 11 6 10 16 
SCORES_TXT_END_0
SCORES_TXT_BEGIN_0 341 100 9 BLEU
6 6 5 5 4 4 3 3 6 
6 8 4 7 3 6 2 5 6 
6 7 4 6 3 5 2 4 6 
5 6 4 5 3 4 2 3 6 
6 10 4 9 3 8 2 7 6 
6 10 4 9 3 8 2 7 6 
6 7 4 6 3 5 2 4 6 
6 9 4 8 3 7 2 6 6 
6 9 4 8 3 7 2 6 6 
5 6 4 5 3 4 2 3 6 
2 4 1 3 0 2 0 1 6 
6 7 4 6 3 5 2 4 6 
3 4 1 3 0 2 0 1 6 
2 5 0 4 0 3 0 2 6 
5 8 3 7 2 6 1 5 6 
5 6 4 5 3 4 2 3 6 
3 5 0 4 0 3 0 2 6 
2 6 0 5 0 4 0 3 6 
2 5 0 4 0 3 0 2 6 
3 6 0 5 0 4 0 3 6 
2 5 1 4 0 3 0 2 6 
2 6 0 5 0 4 0 3 6 
2 6 0 5 0 4 0 3 6 
3 6 0 5 0 4 0 3 6 
5 7 3 6 2 5 1 4 6 
5 6 3 5 2 4 1 3 6 
5 7 4 6 3 5 2 4 6 
2 4 0 3 0 2 0 1 6 
5 7 4 6 3 5 2 4 6 
2 4 1 3 0 2 0 1 6 
2 7 0 6 0 5 0 4 6 
2 5 0 4 0 3 0 2 6 
2 6 0 5 0 4 0 3 6 
5 10 3 9 2 8 1 7 6 
5 10 3 9 2 8 1 7 6 
3 5 1 4 0 3 0 2 6 
3 7 0 6 0 5 0 4 6 
2 5 1 4 0 3 0 2 6 
6 6 3 5 2 4 1 3 6 
2 7 0 6 0 5 0 4 6 
5 8 3 7 2 6 1 5 6 
2 4 0 3 0 2 0 1 6 
3 4 0 3 0 2 0 1 6 
3 5 0 4 0 3 0 2 6 
2 9 0 8 0 7 0 6 6 
2 9 0 8 0 7 0 6 6 
3 4 1 3 0 2 0 1 6 
2 5 0 4 0 3 0 2 6 
2 4 0 3 0 2 0 1 6 
2 6 1 5 0 4 0 3 6 
5 6 3 5 2 4 1 3 6 
3 6 0 5 0 4 0 3 6 
2 7 0 6 0 5 0 4 6 
2 5 0 4 0 3 0 2 6 
3 4 0 3 0 2 0 1 6 
2 4 0 3 0 2 0 1 6 
3 9 0 8 0 7 0 6 6 
2 4 1 3 0 2 0 1 6 
3 9 0 8 0 7 0 6 6 
2 5 0 4 0 3 0 2 6 
5 7 3 6 2 5 1 4 6 
3 5 0 4 0 3 0 2 6 
3 5 1 4 0 3 0 2 6 
5 7 3 6 2 5 1 4 6 
5 9 3 8 2 7 1 6 6 
2 5 0 4 0 3 0 2 6 
2 6 0 5 0 4 0 3 6 
2 6 0 5 0 4 0 3 6 
2 4 0 3 0 2 0 1 6 
6 8 3 7 2 6 1 5 6 
6 6 4 5 3 4 2 3 6 
2 5 0 4 0 3 0 2 6 
2 5 1 4 0 3 0 2 6 
2 9 0 8 0 7 0 6 6 
2 5 0 4 0 3 0 2 6 
2 9 0 8 0 7 0 6 6 
5 6 4 5 3 4 2 3 6 
3 5 0 4 0 3 0 2 6 
3 4 0 3 0 2 0 1 6 
2 6 0 5 0 4 0 3 6 
5 8 3 7 2 6 1 5 6 
5 9 3 8 2 7 1 6 6 
2 4 1 3 0 2 0 1 6 
3 7 0 6 0 5 0 4 6 
2 8 0 7 0 6 0 5 6 
3 5 0 4 0 3 0 2 6 
2 8 0 7 0 6 0 5 6 
5 6 4 5 3 4 2 3 6 
3 5 0 4 0 3 0 2 6 
3 5 0 4 0 3 0 2 6 
2 5 0 4 0 3 0 2 6 
5 7 3 6 2 5 1 4 6 
2 4 0 3 0 2 0 1 6 
2 7 0 6 0 5 0 4 6 
2 7 0 6 0 5 0 4 6 
2 8 0 7 0 6 0 5 6 
2 8 0 7 0 6 0 5 6 
2 7 0 6 0 5 0 4 6 
2 7 0 6 0 5 0 4 6 
3 6 1 5 0 4 0 3 6 
SCORES_TXT_END_0
SCORES_TXT_BEGIN_0 342 21 9 BLEU
15 15 14 14 13 13 12 12 15 
15 17 13 16 11 15 9 14 15 
15 17 13 16 11 15 9 14 15 
14 14 12 13 10 12 8 11 15 
11 13 9 12 7 11 5 10 15 
13 14 11 13 9 12 7 11 15 
15 16 13 15 11 14 9 13 15 
14 14 12 13 10 12 8 11 15 
14 16 11 15 9 14 7 13 15 
14 16 11 15 9 14 7 13 15 
13 14 11 13 9 12 7 11 15 
14 15 12 14 10 13 8 12 15 
13 16 10 15 7 14 5 13 15 
13 14 11 13 9 12 7 11 15 
12 13 10 12 8 11 6 10 15 
11 13 9 12 7 11 5 10 15 
11 15 9 14 7 13 5 12 15 
11 15 9 14 7 13 5 12 15 
13 15 11 14 9 13 7 12 15 
15 16 13 15 11 14 9 13 15 
15 19 13 18 11 17 9 16 15 
SCORES_TXT_END_0
SCORES_TXT_BEGIN_0 343 100 9 BLEU
9 9 8 8 7 7 6 6 9 
8 9 6 8 4 7 2 6 9 
7 9 4 8 2 7 0 6 9 
7 9 4 8 2 7 0 6 9 
8 9 6 8 4 7 2 6 9 
8 9 6 8 4 7 2 6 9 
8 10 6 9 4 8 2 7 9 
8 9 6 8 4 7 2 6 9 
9 11 7 10 6 9 5 8 9 
9 10 7 9 6 8 5 7 9 
8 8 6 7 4 6 2 5 9 
8 11 5 10 3 9 2 8 9 
8 10 5 9 3 8 2 7 9 
9 13 7 12 6 11 5 10 9 
9 13 7 12 6 11 5 10 9 
9 10 7 9 5 8 3 7 9 
8 9 7 8 6 7 5 6 9 
7 9 4 8 2 7 0 6 9 
8 13 5 12 3 11 2 10 9 
8 13 5 12 3 11 2 10 9 
7 10 4 9 2 8 0 7 9 
7 11 3 10 1 9 0 8 9 
8 9 7 8 6 7 5 6 9 
7 9 5 8 3 7 1 6 9 
8 11 5 10 3 9 1 8 9 
9 10 8 9 6 8 5 7 9 
7 11 3 10 1 9 0 8 9 
7 10 3 9 1 8 0 7 9 
7 9 4 8 2 7 0 6 9 
8 9 6 8 4 7 2 6 9 
9 10 7 9 6 8 5 7 9 
8 10 5 9 3 8 1 7 9 
7 10 3 9 1 8 0 7 9 
9 12 7 11 6 10 5 9 9 
8 9 7 8 6 7 5 6 9 
8 11 5 10 3 9 1 8 9 
7 10 4 9 2 8 0 7 9 
7 9 5 8 3 7 1 6 9 
8 9 5 8 4 7 3 6 9 
8 10 6 9 3 8 1 7 9 
7 13 3 12 1 11 0 10 9 
7 13 3 12 1 11 0 10 9 
8 10 5 9 3 8 1 7 9 
8 10 5 9 3 8 2 7 9 
8 8 7 7 6 6 5 5 9 
7 9 3 8 1 7 0 6 9 
9 12 7 11 6 10 5 9 9 
8 9 4 8 2 7 0 6 9 
8 12 5 11 3 10 2 9 9 
8 13 5 12 3 11 1 10 9 
7 13 3 12 1 11 0 10 9 
8 13 5 12 3 11 1 10 9 
7 13 3 12 1 11 0 10 9 
6 9 3 8 1 7 0 6 9 
7 9 5 8 3 7 1 6 9 
9 10 7 9 5 8 3 7 9 
9 10 6 9 2 8 0 7 9 
6 9 3 8 1 7 0 6 9 
7 9 5 8 3 7 2 6 9 
8 12 5 11 3 10 2 9 9 
8 13 5 12 3 11 1 10 9 
8 13 5 12 3 11 1 10 9 
7 8 5 7 3 6 1 5 9 
8 9 7 8 6 7 5 6 9 
8 10 5 9 3 8 1 7 9 
6 9 3 8 1 7 0 6 9 
6 9 2 8 1 7 0 6 9 
7 10 4 9 1 8 0 7 9 
7 10 3 9 1 8 0 7 9 
7 9 5 8 3 7 2 6 9 
6 9 3 8 1 7 0 6 9 
6 9 2 8 1 7 0 6 9 
7 10 4 9 1 8 0 7 9 
7 9 5 8 3 7 2 6 9 
7 12 3 11 1 10 0 9 9 
8 8 5 7 4 6 3 5 9 
7 9 4 8 3 7 2 6 9 
8 10 6 9 3 8 2 7 9 
8 10 6 9 4 8 2 7 9 
8 10 5 9 3 8 1 7 9 
7 10 3 9 1 8 0 7 9 
6 9 3 8 1 7 0 6 9 
7 9 5 8 3 7 2 6 9 
8 9 7 8 6 7 5 6 9 
7 9 6 8 5 7 4 6 9 
7 8 3 7 1 6 0 5 9 
8 12 5 11 3 10 1 9 9 
7 12 3 11 1 10 0 9 9 
8 12 5 11 3 10 2 9 9 
7 9 6 8 5 7 4 6 9 
6 9 3 8 1 7 0 6 9 
8 11 5 10 3 9 2 8 9 
8 10 5 9 3 8 1 7 9 
7 9 5 8 3 7 2 6 9 
7 9 5 8 3 7 2 6 9 
7 9 4 8 3 7 2 6 9 
8 10 6 9 3 8 2 7 9 
7 12 3 11 1 10 0 9 9 
7 9 6 8 5 7 4 6 9 
8 10 5 9 3 8 1 7 9 
SCORES_TXT_END_0
SCORES_TXT_BEGIN_0 344 44 9 BLEU
16 17 15 16 14 15 13 14 16 
15 15 12 14 11 13 10 12 16 
16 17 12 16 10 15 8 14 16 
16 18 15 17 14 16 13 15 16 
16 18 14 17 12 16 10 15 16 
15 15 10 14 9 13 8 12 16 
15 15 10 14 8 13 7 12 16 
15 15 9 14 8 13 7 12 16 
16 19 14 18 12 17 10 16 16 
16 18 15 17 14 16 13 15 16 
15 16 12 15 11 14 10 13 16 
15 18 13 17 11 16 9 15 16 
16 19 14 18 12 17 10 16 16 
16 17 12 16 10 15 8 14 16 
16 17 12 16 9 15 7 14 16 
15 17 13 16 11 15 9 14 16 
15 15 10 14 8 13 7 12 16 
16 16 12 15 11 14 10 13 16 
15 17 13 16 11 15 9 14 16 
15 16 11 15 8 14 6 13 16 
15 15 9 14 8 13 7 12 16 
16 17 12 16 9 15 7 14 16 
16 18 15 17 14 16 13 15 16 
15 16 11 15 10 14 9 13 16 
16 18 12 17 10 16 8 15 16 
14 15 10 14 8 13 6 12 16 
16 19 12 18 9 17 7 16 16 
16 18 12 17 10 16 8 15 16 
16 19 12 18 9 17 7 16 16 
16 19 14 18 12 17 10 16 16 
16 19 11 18 9 17 7 16 16 
16 19 11 18 9 17 7 16 16 
16 18 14 17 12 16 10 15 16 
14 15 10 14 8 13 6 12 16 
15 16 10 15 9 14 8 13 16 
16 17 14 16 12 15 10 14 16 
16 19 12 18 10 17 8 16 16 
16 19 12 18 10 17 8 16 16 
15 16 10 15 8 14 7 13 16 
15 19 13 18 11 17 9 16 16 
16 20 13 19 11 18 9 17 16 
15 18 10 17 7 16 4 15 16 
16 20 13 19 11 18 9 17 16 
15 16 9 15 8 14 7 13 16 
SCORES_TXT_END_0
SCORES_TXT_BEGIN_0 345 5 9 BLEU
16 16 15 15 14 14 13 13 16 
15 16 14 15 13 14 12 13 16 
15 17 13 16 12 15 11 14 16 
14 17 12 16 11 15 10 14 16 
14 14 12 13 11 12 10 11 16 
SCORES_TXT_END_0
SCORES_TXT_BEGIN_0 346 100 9 BLEU
11 11 10 10 9 9 8 8 11 
10 11 9 10 8 9 7 8 11 
10 13 9 12 8 11 7 10 11 
11 13 9 12 8 11 7 10 11 
10 15 9 14 8 13 7 12 11 
10 15 9 14 8 13 7 12 11 
11 15 9 14 8 13 7 12 11 
10 11 8 10 7 9 6 8 11 
11 12 9 11 8 10 7 9 11 
11 12 9 11 8 10 7 9 11 
10 14 9 13 8 12 7 11 11 
11 12 9 11 8 10 7 9 11 
10 14 9 13 8 12 7 11 11 
10 12 8 11 7 10 6 9 11 
10 11 7 10 5 9 3 8 11 
11 12 9 11 8 10 7 9 11 
9 13 8 12 7 11 6 10 11 
9 11 8 10 7 9 6 8 11 
11 12 10 11 9 10 8 9 11 
11 13 9 12 8 11 7 10 11 
9 10 5 9 4 8 3 7 11 
10 10 8 9 6 8 4 7 11 
10 11 8 10 6 9 4 8 11 
11 11 7 10 5 9 3 8 11 
10 12 9 11 8 10 7 9 11 
10 12 9 11 8 10 7 9 11 
10 12 9 11 8 10 7 9 11 
10 12 8 11 7 10 6 9 11 
10 14 9 13 8 12 7 11 11 
9 14 8 13 7 12 6 11 11 
10 10 6 9 4 8 3 7 11 
10 15 9 14 8 13 7 12 11 
9 12 8 11 7 10 6 9 11 
10 14 9 13 8 12 7 11 11 
11 12 9 11 8 10 7 9 11 
10 14 7 13 6 12 5 11 11 
9 12 7 11 5 10 3 9 11 
10 14 8 13 7 12 6 11 11 
10 10 8 9 6 8 4 7 11 
10 11 8 10 6 9 5 8 11 
10 12 8 11 7 10 6 9 11 
9 10 7 9 5 8 3 7 11 
11 14 9 13 8 12 7 11 11 
9 15 8 14 7 13 6 12 11 
9 15 8 14 7 13 6 12 11 
10 12 7 11 6 10 5 9 11 
11 12 9 11 8 10 7 9 11 
10 13 9 12 8 11 7 10 11 
10 11 7 10 5 9 3 8 11 
10 11 7 10 6 9 5 8 11 
10 11 9 10 8 9 7 8 11 
9 14 7 13 6 12 5 11 11 
10 13 8 12 7 11 6 10 11 
10 12 9 11 8 10 7 9 11 
11 11 7 10 5 9 3 8 11 
10 14 8 13 7 12 6 11 11 
9 11 7 10 5 9 3 8 11 
8 10 5 9 4 8 3 7 11 
11 14 8 13 7 12 6 11 11 
10 13 7 12 5 11 3 10 11 
10 16 8 15 7 14 6 13 11 
11 13 9 12 8 11 7 10 11 
9 12 7 11 6 10 5 9 11 
10 14 9 13 8 12 7 11 11 
9 14 8 13 7 12 6 11 11 
9 12 7 11 5 10 4 9 11 
9 14 8 13 7 12 6 11 11 
11 11 8 10 6 9 4 8 11 
10 11 7 10 4 9 2 8 11 
11 12 9 11 7 10 6 9 11 
9 11 5 10 4 9 3 8 11 
11 11 7 10 4 9 2 8 11 
11 14 10 13 9 12 8 11 11 
9 16 8 15 7 14 6 13 11 
10 16 8 15 7 14 6 13 11 
10 12 7 11 5 10 3 9 11 
9 16 8 15 7 14 6 13 11 
11 14 10 13 9 12 8 11 11 
10 16 9 15 8 14 7 13 11 
9 11 7 10 6 9 5 8 11 
10 16 9 15 8 14 7 13 11 
10 11 7 10 5 9 3 8 11 
11 11 7 10 5 9 3 8 11 
9 10 7 9 5 8 4 7 11 
9 11 7 10 5 9 3 8 11 
9 11 6 10 4 9 2 8 11 
9 11 7 10 6 9 5 8 11 
11 14 9 13 8 12 7 11 11 
9 10 5 9 4 8 3 7 11 
9 13 7 12 5 11 3 10 11 
10 17 9 16 8 15 7 14 11 
9 10 6 9 4 8 3 7 11 
11 14 8 13 7 12 6 11 11 
11 12 10 11 9 10 8 9 11 
10 17 9 16 8 15 7 14 11 
9 13 7 12 6 11 5 10 11 
10 17 9 16 8 15 7 14 11 
10 14 8 13 7 12 6 11 11 
10 16 9 15 8 14 7 13 11 
10 16 9 15 8 14 7 13 11 
SCORES_TXT_END_0
SCORES_TXT_BEGIN_0 347 100 9 BLEU
8 8 7 7 6 6 5 5 8 
7 8 5 7 3 6 1 5 8 
6 6 4 5 3 4 2 3 8 
5 6 2 5 1 4 0 3 8 
5 7 2 6 1 5 0 4 8 
8 9 6 8 4 7 2 6 8 
7 10 4 9 2 8 0 7 8 
7 10 4 9 2 8 0 7 8 
6 7 4 6 3 5 2 4 8 
8 9 6 8 5 7 4 6 8 
7 9 6 8 5 7 4 6 8 
8 10 6 9 4 8 2 7 8 
8 10 6 9 4 8 2 7 8 
8 10 7 9 6 8 4 7 8 
8 9 6 8 5 7 4 6 8 
7 9 4 8 2 7 0 6 8 
6 7 4 6 3 5 2 4 8 
8 9 6 8 4 7 2 6 8 
8 9 6 8 4 7 2 6 8 
8 12 7 11 6 10 4 9 8 
8 12 7 11 6 10 4 9 8 
8 9 6 8 4 7 2 6 8 
7 7 5 6 3 5 2 4 8 
8 9 6 8 4 7 2 6 8 
7 9 4 8 2 7 1 6 8 
6 7 3 6 2 5 1 4 8 
6 9 4 8 2 7 1 6 8 
5 7 3 6 2 5 1 4 8 
7 10 5 9 3 8 0 7 8 
8 9 6 8 5 7 4 6 8 
7 9 4 8 2 7 0 6 8 
8 11 7 10 6 9 4 8 8 
8 9 6 8 4 7 2 6 8 
8 9 6 8 4 7 2 6 8 
5 7 2 6 1 5 0 4 8 
7 9 4 8 2 7 0 6 8 
8 9 6 8 4 7 2 6 8 
7 9 4 8 2 7 0 6 8 
4 6 2 5 1 4 0 3 8 
8 11 7 10 6 9 4 8 8 
8 9 6 8 4 7 2 6 8 
7 12 5 11 3 10 0 9 8 
7 12 5 11 3 10 0 9 8 
7 9 4 8 2 7 0 6 8 
8 9 6 8 4 7 2 6 8 
8 9 6 8 4 7 2 6 8 
6 7 3 6 1 5 0 4 8 
8 9 7 8 6 7 5 6 8 
7 8 6 7 5 6 4 5 8 
5 6 4 5 3 4 2 3 8 
7 9 4 8 2 7 0 6 8 
8 9 6 8 4 7 2 6 8 
8 9 7 8 6 7 5 6 8 
8 10 6 9 4 8 2 7 8 
5 7 1 6 0 5 0 4 8 
8 11 6 10 4 9 2 8 8 
8 8 4 7 3 6 2 5 8 
4 7 1 6 0 5 0 4 8 
8 11 6 10 4 9 2 8 8 
8 11 6 10 4 9 2 8 8 
7 9 5 8 3 7 1 6 8 
8 11 6 10 4 9 2 8 8 
7 9 4 8 2 7 0 6 8 
8 11 6 10 4 9 2 8 8 
8 9 6 8 5 7 4 6 8 
7 8 4 7 3 6 2 5 8 
7 11 5 10 3 9 0 8 8 
8 11 6 10 4 9 2 8 8 
8 9 6 8 4 7 2 6 8 
8 10 6 9 4 8 2 7 8 
7 9 4 8 2 7 0 6 8 
8 10 6 9 4 8 2 7 8 
8 9 6 8 5 7 4 6 8 
8 9 7 8 5 7 4 6 8 
8 10 6 9 4 8 2 7 8 
8 11 6 10 4 9 2 8 8 
8 10 6 9 4 8 2 7 8 
7 9 4 8 2 7 0 6 8 
7 12 4 11 2 10 0 9 8 
8 11 6 10 4 9 2 8 8 
8 9 6 8 4 7 2 6 8 
5 8 1 7 0 6 0 5 8 
7 9 6 8 5 7 4 6 8 
8 10 6 9 4 8 2 7 8 
7 9 5 8 3 7 1 6 8 
7 11 5 10 3 9 0 8 8 
4 8 1 7 0 6 0 5 8 
7 12 4 11 2 10 0 9 8 
8 8 4 7 2 6 0 5 8 
6 7 3 6 1 5 0 4 8 
8 10 6 9 4 8 2 7 8 
8 10 5 9 3 8 1 7 8 
7 10 5 9 3 8 1 7 8 
7 11 3 10 1 9 0 8 8 
7 8 4 7 2 6 0 5 8 
6 11 3 10 1 9 0 8 8 
7 11 3 10 1 9 0 8 8 
8 11 6 10 4 9 2 8 8 
7 11 3 10 1 9 0 8 8 
7 7 3 6 1 5 0 4 8 
SCORES_TXT_END_0
SCORES_TXT_BEGIN_0 348 36 9 BLEU
6 6 5 5 4 4 3 3 6 
6 8 4 7 3 6 2 5 6 
6 7 4 6 3 5 2 4 6 
5 6 4 5 3 4 2 3 6 
6 10 4 9 3 8 2 7 6 
6 10 4 9 3 8 2 7 6 
6 7 4 6 3 5 2 4 6 
6 9 4 8 3 7 2 6 6 
6 9 4 8 3 7 2 6 6 
5 6 4 5 3 4 2 3 6 
6 7 4 6 3 5 2 4 6 
5 8 3 7 2 6 1 5 6 
5 6 4 5 3 4 2 3 6 
5 7 3 6 2 5 1 4 6 
5 7 4 6 3 5 2 4 6 
5 7 4 6 3 5 2 4 6 
5 10 3 9 2 8 1 7 6 
5 10 3 9 2 8 1 7 6 
5 7 3 6 2 5 1 4 6 
5 9 3 8 2 7 1 6 6 
5 9 3 8 2 7 1 6 6 
4 6 3 5 2 4 1 3 6 
5 8 3 7 2 6 1 5 6 
5 7 3 6 2 5 1 4 6 
5 7 3 6 2 5 1 4 6 
5 10 3 9 2 8 1 7 6 
5 10 3 9 2 8 1 7 6 
4 7 3 6 2 5 1 4 6 
4 7 3 6 2 5 1 4 6 
5 7 3 6 2 5 1 4 6 
5 9 3 8 2 7 1 6 6 
5 9 3 8 2 7 1 6 6 
4 6 3 5 2 4 1 3 6 
5 7 3 6 2 5 1 4 6 
4 7 3 6 2 5 1 4 6 
4 7 3 6 2 5 1 4 6 
SCORES_TXT_END_0
SCORES_TXT_BEGIN_0 349 24 9 BLEU
2 2 1 1 0 0 0 0 2 
2 4 0 3 0 2 0 1 2 
2 3 0 2 0 1 0 0 2 
2 6 0 5 0 4 0 3 2 
2 6 0 5 0 4 0 3 2 
2 3 0 2 0 1 0 0 2 
2 5 0 4 0 3 0 2 2 
2 5 0 4 0 3 0 2 2 
1 2 0 1 0 0 0 0 2 
2 3 0 2 0 1 0 0 2 
2 2 0 1 0 0 0 0 2 
1 2 0 1 0 0 0 0 2 
1 3 0 2 0 1 0 0 2 
1 3 0 2 0 1 0 0 2 
1 3 0 2 0 1 0 0 2 
1 3 0 2 0 1 0 0 2 
2 3 0 2 0 1 0 0 2 
2 4 0 3 0 2 0 1 2 
2 3 0 2 0 1 0 0 2 
2 3 0 2 0 1 0 0 2 
2 6 0 5 0 4 0 3 2 
2 6 0 5 0 4 0 3 2 
2 5 0 4 0 3 0 2 2 
2 5 0 4 0 3 0 2 2 
SCORES_TXT_END_0
SCORES_TXT_BEGIN_0 350 25 9 BLEU
13 13 12 12 11 11 10 10 13 
12 13 11 12 10 11 9 10 13 
12 17 11 16 10 15 9 14 13 
12 17 11 16 10 15 9 14 13 
13 15 11 14 10 13 9 12 13 
13 14 11 13 9 12 7 11 13 
12 15 11 14 10 13 9 12 13 
12 16 11 15 10 14 9 13 13 
13 14 12 13 10 12 8 11 13 
12 16 11 15 10 14 9 13 13 
13 14 12 13 10 12 9 11 13 
13 14 11 13 9 12 8 11 13 
13 13 9 12 8 11 7 10 13 
13 13 9 12 6 11 3 10 13 
13 14 11 13 9 12 7 11 13 
13 13 9 12 6 11 3 10 13 
13 13 9 12 7 11 6 10 13 
13 13 9 12 5 11 3 10 13 
12 12 10 11 8 10 6 9 13 
13 14 11 13 9 12 8 11 13 
13 14 11 13 9 12 7 11 13 
13 13 9 12 7 11 6 10 13 
13 14 12 13 10 12 8 11 13 
13 14 11 13 10 12 9 11 13 
12 13 9 12 8 11 7 10 13 
SCORES_TXT_END_0
SCORES_TXT_BEGIN_0 351 100 9 BLEU
12 12 11 11 10 10 9 9 12 
11 16 10 15 9 14 8 13 12 
11 16 10 15 9 14 8 13 12 
12 16 10 15 9 14 8 13 12 
12 14 10 13 9 12 8 11 12 
11 12 10 11 9 10 8 9 12 
12 16 10 15 9 14 8 13 12 
11 14 10 13 9 12 8 11 12 
11 12 9 11 7 10 6 9 12 
11 12 9 11 7 10 6 9 12 
10 16 8 15 7 14 6 13 12 
10 16 8 15 7 14 6 13 12 
10 16 8 15 7 14 6 13 12 
12 13 10 12 9 11 8 10 12 
11 16 8 15 7 14 6 13 12 
10 16 8 15 7 14 6 13 12 
11 14 8 13 7 12 6 11 12 
11 16 8 15 7 14 6 13 12 
12 14 10 13 9 12 8 11 12 
12 14 10 13 9 12 8 11 12 
11 16 8 15 7 14 6 13 12 
11 16 8 15 7 14 6 13 12 
10 14 8 13 7 12 6 11 12 
11 14 8 13 7 12 6 11 12 
12 13 10 12 9 11 8 10 12 
12 15 10 14 9 13 8 12 12 
11 13 10 12 9 11 8 10 12 
11 14 10 13 9 12 8 11 12 
12 15 10 14 9 13 8 12 12 
10 14 8 13 7 12 6 11 12 
11 14 10 13 9 12 8 11 12 
10 12 8 11 7 10 6 9 12 
11 15 10 14 9 13 8 12 12 
11 13 8 12 7 11 6 10 12 
10 12 8 11 7 10 6 9 12 
11 13 10 12 9 11 8 10 12 
11 15 10 14 9 13 8 12 12 
11 17 10 16 9 15 8 14 12 
11 17 10 16 9 15 8 14 12 
11 15 10 14 9 13 8 12 12 
11 13 8 12 7 11 6 10 12 
11 14 8 13 7 12 6 11 12 
11 18 10 17 9 16 8 15 12 
11 14 8 13 7 12 6 11 12 
11 12 10 11 9 10 8 9 12 
11 18 10 17 9 16 8 15 12 
12 15 10 14 9 13 8 12 12 
11 18 10 17 9 16 8 15 12 
11 18 10 17 9 16 8 15 12 
11 14 8 13 7 12 6 11 12 
11 20 10 19 9 18 8 17 12 
11 14 8 13 7 12 6 11 12 
11 20 10 19 9 18 8 17 12 
11 15 10 14 9 13 8 12 12 
11 15 10 14 9 13 8 12 12 
11 13 8 12 7 11 6 10 12 
10 16 9 15 8 14 7 13 12 
12 18 10 17 9 16 8 15 12 
11 18 10 17 9 16 8 15 12 
11 17 10 16 9 15 8 14 12 
11 18 10 17 9 16 8 15 12 
11 17 10 16 9 15 8 14 12 
11 15 8 14 7 13 6 12 12 
11 20 10 19 9 18 8 17 12 
11 17 10 16 9 15 8 14 12 
11 20 10 19 9 18 8 17 12 
11 19 10 18 9 17 8 16 12 
11 17 10 16 9 15 8 14 12 
11 19 10 18 9 17 8 16 12 
11 17 10 16 9 15 8 14 12 
11 12 10 11 9 10 8 9 12 
10 13 8 12 7 11 6 10 12 
10 16 9 15 8 14 7 13 12 
11 18 10 17 9 16 8 15 12 
11 17 10 16 9 15 8 14 12 
12 16 10 15 9 14 8 13 12 
11 15 8 14 7 13 6 12 12 
12 15 10 14 9 13 8 12 12 
12 13 10 12 9 11 8 10 12 
11 19 10 18 9 17 8 16 12 
12 18 10 17 9 16 8 15 12 
11 16 9 15 8 14 7 13 12 
11 19 10 18 9 17 8 16 12 
11 13 8 12 7 11 6 10 12 
12 17 10 16 9 15 8 14 12 
10 13 8 12 7 11 6 10 12 
10 14 8 13 7 12 6 11 12 
11 12 9 11 7 10 6 9 12 
11 12 9 11 7 10 6 9 12 
11 15 8 14 7 13 6 12 12 
10 14 8 13 7 12 6 11 12 
11 19 10 18 9 17 8 16 12 
11 16 10 15 9 14 8 13 12 
10 16 9 15 8 14 7 13 12 
11 19 10 18 9 17 8 16 12 
11 15 10 14 9 13 8 12 12 
10 15 8 14 7 13 6 12 12 
11 17 10 16 9 15 8 14 12 
10 14 8 13 7 12 6 11 12 
11 16 10 15 9 14 8 13 12 
SCORES_TXT_END_0
SCORES_TXT_BEGIN_0 352 100 9 BLEU
6 6 5 5 4 4 3 3 6 
5 5 3 4 2 3 1 2 6 
5 6 4 5 3 4 2 3 6 
5 7 3 6 2 5 1 4 6 
5 9 3 8 2 7 1 6 6 
5 9 3 8 2 7 1 6 6 
4 5 2 4 1 3 0 2 6 
6 8 4 7 3 6 2 5 6 
6 7 5 6 3 5 2 4 6 
4 5 2 4 1 3 0 2 6 
4 7 2 6 1 5 0 4 6 
5 6 3 5 2 4 1 3 6 
5 5 3 4 1 3 0 2 6 
6 10 4 9 3 8 2 7 6 
6 10 4 9 3 8 2 7 6 
5 8 3 7 2 6 1 5 6 
5 6 3 5 2 4 1 3 6 
4 5 3 4 2 3 1 2 6 
5 8 3 7 2 6 1 5 6 
5 6 3 5 2 4 1 3 6 
6 7 4 6 3 5 2 4 6 
4 9 2 8 1 7 0 6 6 
4 9 2 8 1 7 0 6 6 
6 9 4 8 3 7 2 6 6 
5 8 3 7 2 6 1 5 6 
6 9 4 8 3 7 2 6 6 
5 7 3 6 2 5 1 4 6 
6 7 4 6 2 5 1 4 6 
6 7 4 6 2 5 1 4 6 
5 8 3 7 2 6 1 5 6 
5 7 3 6 2 5 1 4 6 
5 5 1 4 0 3 0 2 6 
5 6 4 5 3 4 2 3 6 
5 7 4 6 2 5 1 4 6 
4 5 0 4 0 3 0 2 6 
5 7 3 6 2 5 1 4 6 
5 7 3 6 2 5 1 4 6 
4 6 2 5 1 4 0 3 6 
4 6 2 5 1 4 0 3 6 
6 7 3 6 2 5 1 4 6 
5 10 3 9 2 8 1 7 6 
5 10 3 9 2 8 1 7 6 
5 10 3 9 2 8 1 7 6 
5 10 3 9 2 8 1 7 6 
4 8 2 7 1 6 0 5 6 
5 8 3 7 2 6 1 5 6 
5 7 1 6 0 5 0 4 6 
4 6 3 5 2 4 1 3 6 
6 7 4 6 3 5 2 4 6 
5 9 3 8 2 7 1 6 6 
5 9 3 8 2 7 1 6 6 
4 6 3 5 2 4 1 3 6 
4 6 2 5 1 4 0 3 6 
5 6 3 5 1 4 0 3 6 
3 5 2 4 1 3 0 2 6 
4 7 0 6 0 5 0 4 6 
4 8 2 7 1 6 0 5 6 
4 6 1 5 0 4 0 3 6 
4 6 2 5 1 4 0 3 6 
5 7 3 6 2 5 1 4 6 
5 6 3 5 1 4 0 3 6 
6 8 4 7 2 6 1 5 6 
4 6 2 5 1 4 0 3 6 
4 6 2 5 1 4 0 3 6 
4 6 1 5 0 4 0 3 6 
4 6 2 5 1 4 0 3 6 
5 6 2 5 0 4 0 3 6 
5 7 3 6 2 5 1 4 6 
5 8 3 7 2 6 1 5 6 
5 8 3 7 2 6 1 5 6 
4 5 2 4 1 3 0 2 6 
4 5 0 4 0 3 0 2 6 
5 6 2 5 1 4 0 3 6 
5 9 3 8 2 7 1 6 6 
5 5 1 4 0 3 0 2 6 
4 6 1 5 0 4 0 3 6 
5 5 2 4 1 3 0 2 6 
5 6 2 5 0 4 0 3 6 
4 8 2 7 1 6 0 5 6 
4 7 2 6 1 5 0 4 6 
6 8 3 7 2 6 1 5 6 
5 5 2 4 1 3 0 2 6 
4 6 1 5 0 4 0 3 6 
4 6 0 5 0 4 0 3 6 
4 6 1 5 0 4 0 3 6 
5 9 3 8 2 7 1 6 6 
5 6 1 5 0 4 0 3 6 
4 7 1 6 0 5 0 4 6 
5 7 3 6 1 5 0 4 6 
5 7 4 6 3 5 2 4 6 
5 5 2 4 0 3 0 2 6 
4 6 1 5 0 4 0 3 6 
4 8 1 7 0 6 0 5 6 
4 7 2 6 1 5 0 4 6 
5 9 1 8 0 7 0 6 6 
5 7 4 6 3 5 2 4 6 
4 6 1 5 0 4 0 3 6 
5 9 1 8 0 7 0 6 6 
4 6 3 5 2 4 1 3 6 
4 6 3 5 2 4 1 3 6 
SCORES_TXT_END_0
SCORES_TXT_BEGIN_0 353 1 9 BLEU
2 2 1 1 0 0 0 0 2 
SCORES_TXT_END_0
SCORES_TXT_BEGIN_0 354 97 9 BLEU
10 10 9 9 8 8 7 7 10 
10 12 8 11 7 10 6 9 10 
10 11 8 10 7 9 6 8 10 
9 10 7 9 5 8 4 7 10 
10 11 8 10 7 9 6 8 10 
10 14 8 13 7 12 6 11 10 
10 11 8 10 7 9 6 8 10 
10 14 8 13 7 12 6 11 10 
9 12 6 11 4 10 3 9 10 
10 13 8 12 7 11 6 10 10 
10 13 8 12 7 11 6 10 10 
10 12 8 11 7 10 6 9 10 
10 13 8 12 7 11 6 10 10 
10 10 6 9 5 8 4 7 10 
10 15 8 14 7 13 6 12 10 
10 15 8 14 7 13 6 12 10 
9 10 8 9 7 8 6 7 10 
10 13 8 12 7 11 6 10 10 
9 11 6 10 4 9 3 8 10 
9 10 7 9 6 8 5 7 10 
10 12 6 11 5 10 4 9 10 
10 12 8 11 7 10 6 9 10 
9 10 7 9 6 8 5 7 10 
10 14 8 13 7 12 6 11 10 
10 11 8 10 7 9 6 8 10 
8 10 6 9 5 8 4 7 10 
10 14 8 13 7 12 6 11 10 
10 11 6 10 5 9 4 8 10 
8 10 6 9 5 8 4 7 10 
10 15 8 14 7 13 6 12 10 
10 15 8 14 7 13 6 12 10 
9 10 7 9 5 8 3 7 10 
9 11 6 10 4 9 3 8 10 
9 11 8 10 7 9 6 8 10 
10 11 6 10 5 9 4 8 10 
9 10 7 9 5 8 3 7 10 
9 12 6 11 5 10 4 9 10 
9 11 6 10 4 9 3 8 10 
9 14 6 13 4 12 3 11 10 
9 14 6 13 4 12 3 11 10 
9 10 7 9 5 8 3 7 10 
10 14 6 13 5 12 4 11 10 
10 14 6 13 5 12 4 11 10 
9 12 6 11 5 10 4 9 10 
10 13 6 12 5 11 4 10 10 
10 13 6 12 5 11 4 10 10 
9 11 8 10 7 9 6 8 10 
9 10 7 9 5 8 3 7 10 
9 11 8 10 7 9 6 8 10 
8 12 5 11 4 10 3 9 10 
10 12 8 11 7 10 6 9 10 
10 11 6 10 5 9 4 8 10 
10 12 8 11 7 10 6 9 10 
10 11 6 10 5 9 4 8 10 
8 12 5 11 4 10 3 9 10 
10 11 6 10 5 9 4 8 10 
9 12 6 11 4 10 2 9 10 
10 10 6 9 3 8 2 7 10 
8 10 6 9 5 8 4 7 10 
9 13 6 12 4 11 3 10 10 
9 12 6 11 4 10 2 9 10 
9 13 6 12 4 11 3 10 10 
8 10 6 9 5 8 4 7 10 
9 12 6 11 4 10 3 9 10 
10 13 6 12 5 11 4 10 10 
9 11 8 10 7 9 6 8 10 
10 10 7 9 6 8 5 7 10 
9 12 6 11 4 10 2 9 10 
9 11 6 10 5 9 4 8 10 
9 10 7 9 6 8 5 7 10 
10 13 6 12 5 11 4 10 10 
9 11 7 10 5 9 3 8 10 
9 10 7 9 5 8 3 7 10 
9 13 6 12 4 11 3 10 10 
10 10 5 9 2 8 1 7 10 
9 10 5 9 2 8 1 7 10 
9 11 6 10 5 9 4 8 10 
9 10 7 9 6 8 5 7 10 
9 12 6 11 4 10 2 9 10 
9 15 6 14 4 13 3 12 10 
10 12 8 11 7 10 6 9 10 
9 15 6 14 4 13 3 12 10 
8 10 6 9 4 8 3 7 10 
9 10 4 9 2 8 1 7 10 
8 11 5 10 4 9 3 8 10 
10 10 6 9 4 8 3 7 10 
9 13 6 12 4 11 3 10 10 
10 12 6 11 5 10 4 9 10 
10 14 8 13 7 12 6 11 10 
10 10 6 9 3 8 1 7 10 
9 10 6 9 5 8 4 7 10 
10 10 7 9 4 8 2 7 10 
9 10 6 9 5 8 4 7 10 
9 12 8 11 7 10 6 9 10 
10 12 6 11 5 10 4 9 10 
8 11 5 10 4 9 3 8 10 
10 10 7 9 5 8 4 7 10 
SCORES_TXT_END_0
SCORES_TXT_BEGIN_0 355 6 9 BLEU
17 17 16 16 15 15 14 14 17 
17 21 15 20 14 19 13 18 17 
16 21 15 20 14 19 13 18 17 
16 21 15 20 14 19 13 18 17 
16 17 15 16 14 15 13 14 17 
16 16 14 15 12 14 11 13 17 
SCORES_TXT_END_0
SCORES_TXT_BEGIN_0 356 100 9 BLEU
9 9 8 8 7 7 6 6 9 
9 10 7 9 5 8 3 7 9 
9 10 7 9 5 8 3 7 9 
8 11 5 10 3 9 1 8 9 
8 10 6 9 5 8 4 7 9 
8 11 5 10 3 9 1 8 9 
9 10 7 9 6 8 5 7 9 
8 9 7 8 6 7 5 6 9 
9 10 7 9 6 8 5 7 9 
8 10 6 9 4 8 2 7 9 
8 10 6 9 4 8 2 7 9 
8 11 7 10 6 9 5 8 9 
8 10 6 9 5 8 4 7 9 
9 10 6 9 3 8 2 7 9 
9 10 8 9 6 8 4 7 9 
9 9 5 8 3 7 2 6 9 
9 10 7 9 6 8 5 7 9 
9 11 8 10 6 9 4 8 9 
7 11 4 10 2 9 0 8 9 
9 11 7 10 5 9 3 8 9 
9 10 7 9 6 8 5 7 9 
8 9 6 8 5 7 4 6 9 
9 9 5 8 3 7 2 6 9 
9 10 7 9 5 8 3 7 9 
8 10 4 9 3 8 2 7 9 
8 11 5 10 4 9 3 8 9 
7 10 5 9 4 8 3 7 9 
8 10 7 9 6 8 5 7 9 
8 14 6 13 5 12 4 11 9 
8 11 5 10 4 9 3 8 9 
8 12 6 11 4 10 2 9 9 
8 10 7 9 6 8 5 7 9 
8 14 6 13 4 12 2 11 9 
7 11 4 10 2 9 0 8 9 
8 14 6 13 4 12 2 11 9 
8 14 6 13 4 12 2 11 9 
8 14 6 13 4 12 2 11 9 
7 12 5 11 4 10 3 9 9 
8 9 4 8 3 7 2 6 9 
8 14 6 13 5 12 4 11 9 
8 12 7 11 6 10 5 9 9 
7 12 6 11 5 10 4 9 9 
9 10 7 9 5 8 3 7 9 
7 11 4 10 3 9 2 8 9 
8 12 7 11 6 10 5 9 9 
8 11 4 10 1 9 0 8 9 
7 14 6 13 5 12 4 11 9 
8 12 6 11 4 10 2 9 9 
9 11 6 10 3 9 2 8 9 
8 14 4 13 3 12 2 11 9 
8 12 5 11 3 10 1 9 9 
8 12 6 11 5 10 4 9 9 
8 13 7 12 6 11 5 10 9 
9 10 7 9 5 8 3 7 9 
8 13 7 12 6 11 5 10 9 
8 11 6 10 4 9 2 8 9 
8 10 3 9 1 8 0 7 9 
8 11 5 10 3 9 2 8 9 
9 12 6 11 4 10 2 9 9 
9 12 6 11 4 10 2 9 9 
9 11 7 10 6 9 5 8 9 
7 10 6 9 5 8 4 7 9 
8 12 7 11 6 10 5 9 9 
8 12 7 11 6 10 5 9 9 
7 14 6 13 5 12 4 11 9 
8 10 5 9 3 8 2 7 9 
8 14 4 13 3 12 2 11 9 
9 10 7 9 6 8 5 7 9 
8 11 5 10 4 9 3 8 9 
8 10 6 9 3 8 2 7 9 
8 12 6 11 4 10 2 9 9 
7 13 4 12 2 11 0 10 9 
9 10 5 9 3 8 2 7 9 
8 10 7 9 6 8 5 7 9 
8 12 4 11 3 10 2 9 9 
8 9 4 8 3 7 2 6 9 
8 10 7 9 5 8 4 7 9 
8 10 5 9 3 8 2 7 9 
8 9 5 8 3 7 2 6 9 
7 15 4 14 2 13 0 12 9 
7 15 4 14 2 13 0 12 9 
8 11 5 10 4 9 3 8 9 
7 10 4 9 3 8 2 7 9 
7 14 4 13 3 12 2 11 9 
8 10 7 9 6 8 5 7 9 
9 11 7 10 6 9 5 8 9 
8 10 3 9 1 8 0 7 9 
7 9 6 8 5 7 4 6 9 
7 12 4 11 3 10 2 9 9 
8 13 6 12 4 11 2 10 9 
8 11 5 10 3 9 1 8 9 
8 15 5 14 3 13 2 12 9 
8 13 6 12 4 11 2 10 9 
8 11 7 10 5 9 4 8 9 
8 12 7 11 6 10 5 9 9 
7 11 2 10 1 9 0 8 9 
8 12 7 11 5 10 4 9 9 
8 13 6 12 4 11 2 10 9 
7 11 5 10 4 9 3 8 9 
7 15 4 14 3 13 2 12 9 
SCORES_TXT_END_0
SCORES_TXT_BEGIN_0 357 100 9 BLEU
6 6 5 5 4 4 3 3 6 
5 10 4 9 3 8 2 7 6 
5 10 4 9 3 8 2 7 6 
5 6 4 5 3 4 2 3 6 
6 7 5 6 4 5 3 4 6 
6 8 4 7 3 6 2 5 6 
5 8 4 7 3 6 2 5 6 
5 9 4 8 3 7 2 6 6 
5 9 4 8 3 7 2 6 6 
6 8 5 7 4 6 3 5 6 
6 8 5 7 4 6 3 5 6 
6 7 4 6 3 5 2 4 6 
5 7 4 6 3 5 2 4 6 
6 7 5 6 4 5 3 4 6 
5 6 3 5 1 4 0 3 6 
6 8 5 7 4 6 3 5 6 
5 11 4 10 3 9 2 8 6 
5 11 4 10 3 9 2 8 6 
6 7 4 6 2 5 0 4 6 
6 7 4 6 2 5 0 4 6 
6 7 5 6 4 5 3 4 6 
6 6 2 5 1 4 0 3 6 
6 9 5 8 4 7 3 6 6 
5 6 2 5 1 4 0 3 6 
6 7 4 6 2 5 1 4 6 
5 7 4 6 3 5 2 4 6 
5 12 4 11 3 10 2 9 6 
5 12 4 11 3 10 2 9 6 
6 10 5 9 4 8 3 7 6 
6 10 5 9 4 8 3 7 6 
6 8 4 7 2 6 0 5 6 
4 6 2 5 1 4 0 3 6 
4 6 2 5 1 4 0 3 6 
6 7 4 6 2 5 1 4 6 
6 8 5 7 4 6 3 5 6 
5 9 4 8 3 7 2 6 6 
6 9 5 8 4 7 3 6 6 
4 8 2 7 1 6 0 5 6 
5 12 4 11 3 10 2 9 6 
5 12 4 11 3 10 2 9 6 
5 6 2 5 1 4 0 3 6 
6 9 5 8 4 7 3 6 6 
6 8 5 7 4 6 3 5 6 
6 9 5 8 4 7 3 6 6 
6 7 4 6 2 5 1 4 6 
6 8 5 7 4 6 3 5 6 
6 8 5 7 4 6 3 5 6 
6 8 4 7 2 6 1 5 6 
6 8 4 7 2 6 0 5 6 
5 8 2 7 1 6 0 5 6 
4 10 2 9 1 8 0 7 6 
6 8 4 7 3 6 2 5 6 
4 10 2 9 1 8 0 7 6 
6 11 4 10 3 9 2 8 6 
6 11 4 10 3 9 2 8 6 
6 7 4 6 2 5 0 4 6 
6 9 4 8 3 7 2 6 6 
5 8 4 7 3 6 2 5 6 
6 10 5 9 4 8 3 7 6 
4 10 2 9 1 8 0 7 6 
4 10 2 9 1 8 0 7 6 
6 10 5 9 4 8 3 7 6 
5 12 4 11 3 10 2 9 6 
5 12 4 11 3 10 2 9 6 
6 8 5 7 4 6 3 5 6 
6 8 5 7 4 6 3 5 6 
6 8 4 7 2 6 0 5 6 
5 11 4 10 3 9 2 8 6 
6 9 5 8 4 7 3 6 6 
5 11 4 10 3 9 2 8 6 
6 6 3 5 2 4 1 3 6 
5 7 3 6 2 5 1 4 6 
5 8 2 7 1 6 0 5 6 
5 10 4 9 3 8 2 7 6 
6 8 5 7 4 6 3 5 6 
5 7 3 6 1 5 0 4 6 
5 8 4 7 3 6 2 5 6 
5 10 4 9 3 8 2 7 6 
6 9 5 8 4 7 3 6 6 
5 8 2 7 1 6 0 5 6 
6 9 5 8 4 7 3 6 6 
6 10 4 9 2 8 0 7 6 
5 11 3 10 1 9 0 8 6 
6 9 5 8 4 7 3 6 6 
5 11 3 10 1 9 0 8 6 
5 11 3 10 1 9 0 8 6 
5 11 3 10 1 9 0 8 6 
6 10 4 9 2 8 0 7 6 
6 8 4 7 2 6 1 5 6 
4 8 2 7 1 6 0 5 6 
5 10 2 9 1 8 0 7 6 
5 10 2 9 1 8 0 7 6 
5 11 4 10 3 9 2 8 6 
5 8 4 7 3 6 2 5 6 
6 8 4 7 2 6 0 5 6 
5 11 4 10 3 9 2 8 6 
4 9 2 8 1 7 0 6 6 
6 8 2 7 1 6 0 5 6 
5 9 2 8 1 7 0 6 6 
6 9 5 8 3 7 1 6 6 
SCORES_TXT_END_0
SCORES_TXT_BEGIN_0 358 100 9 BLEU
7 7 6 6 5 5 4 4 7 
6 7 4 6 2 5 0 4 7 
6 7 5 6 4 5 3 4 7 
5 7 3 6 1 5 0 4 7 
6 7 4 6 2 5 0 4 7 
7 8 5 7 3 6 1 5 7 
6 11 5 10 4 9 3 8 7 
6 11 5 10 4 9 3 8 7 
7 9 5 8 4 7 3 6 7 
5 7 3 6 1 5 0 4 7 
7 8 6 7 4 6 3 5 7 
6 8 4 7 1 6 0 5 7 
6 8 4 7 2 6 0 5 7 
5 11 3 10 1 9 0 8 7 
5 11 3 10 1 9 0 8 7 
6 9 5 8 4 7 3 6 7 
6 10 5 9 4 8 3 7 7 
6 10 5 9 4 8 3 7 7 
6 9 3 8 1 7 0 6 7 
6 8 4 7 2 6 0 5 7 
6 8 5 7 3 6 2 5 7 
5 9 3 8 1 7 0 6 7 
5 8 3 7 0 6 0 5 7 
5 10 3 9 1 8 0 7 7 
5 10 3 9 1 8 0 7 7 
5 8 3 7 1 6 0 5 7 
7 8 5 7 4 6 3 5 7 
7 8 6 7 5 6 4 5 7 
6 8 5 7 4 6 3 5 7 
6 8 3 7 1 6 0 5 7 
6 8 4 7 2 6 0 5 7 
7 8 5 7 4 6 3 5 7 
6 8 3 7 1 6 0 5 7 
6 8 4 7 2 6 0 5 7 
5 8 3 7 1 6 0 5 7 
6 8 5 7 4 6 3 5 7 
6 8 4 7 1 6 0 5 7 
7 7 4 6 3 5 2 4 7 
5 11 3 10 1 9 0 8 7 
5 8 3 7 1 6 0 5 7 
5 11 3 10 1 9 0 8 7 
6 12 4 11 2 10 0 9 7 
7 9 5 8 2 7 1 6 7 
6 12 4 11 2 10 0 9 7 
6 7 2 6 0 5 0 4 7 
6 8 5 7 4 6 3 5 7 
5 8 3 7 1 6 0 5 7 
6 9 3 8 1 7 0 6 7 
5 8 3 7 1 6 0 5 7 
6 7 2 6 1 5 0 4 7 
7 10 4 9 2 8 0 7 7 
6 10 5 9 4 8 3 7 7 
5 10 3 9 1 8 0 7 7 
5 9 3 8 1 7 0 6 7 
5 8 3 7 0 6 0 5 7 
6 12 5 11 3 10 2 9 7 
7 7 4 6 3 5 2 4 7 
7 8 5 7 3 6 1 5 7 
6 12 5 11 3 10 2 9 7 
5 10 3 9 1 8 0 7 7 
7 7 4 6 2 5 0 4 7 
6 10 4 9 2 8 0 7 7 
6 9 4 8 1 7 0 6 7 
6 7 3 6 1 5 0 4 7 
6 8 4 7 2 6 0 5 7 
6 7 2 6 1 5 0 4 7 
5 10 3 9 1 8 0 7 7 
6 11 4 10 2 9 0 8 7 
5 12 3 11 0 10 0 9 7 
6 8 3 7 1 6 0 5 7 
5 12 3 11 0 10 0 9 7 
6 11 4 10 2 9 0 8 7 
7 7 4 6 3 5 2 4 7 
7 10 5 9 3 8 2 7 7 
6 7 4 6 3 5 2 4 7 
6 7 4 6 2 5 0 4 7 
5 7 3 6 1 5 0 4 7 
6 10 3 9 0 8 0 7 7 
5 7 2 6 0 5 0 4 7 
5 7 1 6 0 5 0 4 7 
6 9 4 8 3 7 2 6 7 
7 8 6 7 5 6 4 5 7 
7 9 5 8 3 7 1 6 7 
6 9 4 8 1 7 0 6 7 
7 7 3 6 1 5 0 4 7 
6 7 1 6 0 5 0 4 7 
6 10 5 9 3 8 2 7 7 
6 7 2 6 0 5 0 4 7 
6 9 4 8 2 7 0 6 7 
5 9 2 8 0 7 0 6 7 
7 8 5 7 3 6 2 5 7 
6 8 4 7 2 6 0 5 7 
6 11 5 10 3 9 2 8 7 
5 12 3 11 1 10 0 9 7 
7 7 5 6 4 5 3 4 7 
6 8 4 7 2 6 0 5 7 
6 7 2 6 1 5 0 4 7 
5 12 3 11 1 10 0 9 7 
5 8 3 7 1 6 0 5 7 
5 10 3 9 0 8 0 7 7 
SCORES_TXT_END_0
SCORES_TXT_BEGIN_0 359 100 9 BLEU
5 5 4 4 3 3 2 2 5 
4 9 3 8 2 7 1 6 5 
4 9 3 8 2 7 1 6 5 
4 4 2 3 1 2 0 1 5 
4 5 3 4 2 3 1 2 5 
5 7 3 6 2 5 1 4 5 
4 7 3 6 2 5 1 4 5 
4 8 3 7 2 6 1 5 5 
4 8 3 7 2 6 1 5 5 
3 8 1 7 0 6 0 5 5 
3 8 1 7 0 6 0 5 5 
3 4 1 3 0 2 0 1 5 
5 6 3 5 2 4 1 3 5 
4 5 2 4 0 3 0 2 5 
3 4 1 3 0 2 0 1 5 
4 4 0 3 0 2 0 1 5 
3 4 0 3 0 2 0 1 5 
4 4 1 3 0 2 0 1 5 
4 6 3 5 2 4 1 3 5 
5 5 1 4 0 3 0 2 5 
2 4 0 3 0 2 0 1 5 
4 5 1 4 0 3 0 2 5 
4 4 1 3 0 2 0 1 5 
2 4 0 3 0 2 0 1 5 
2 6 0 5 0 4 0 3 5 
3 4 0 3 0 2 0 1 5 
4 6 1 5 0 4 0 3 5 
4 4 0 3 0 2 0 1 5 
3 6 0 5 0 4 0 3 5 
2 8 0 7 0 6 0 5 5 
3 6 1 5 0 4 0 3 5 
2 8 0 7 0 6 0 5 5 
3 5 1 4 0 3 0 2 5 
3 5 1 4 0 3 0 2 5 
3 4 0 3 0 2 0 1 5 
3 4 1 3 0 2 0 1 5 
3 7 1 6 0 5 0 4 5 
3 7 1 6 0 5 0 4 5 
2 8 0 7 0 6 0 5 5 
3 7 1 6 0 5 0 4 5 
2 8 0 7 0 6 0 5 5 
4 5 1 4 0 3 0 2 5 
3 4 1 3 0 2 0 1 5 
4 4 0 3 0 2 0 1 5 
3 4 0 3 0 2 0 1 5 
3 4 0 3 0 2 0 1 5 
4 7 1 6 0 5 0 4 5 
3 6 0 5 0 4 0 3 5 
3 6 1 5 0 4 0 3 5 
3 9 1 8 0 7 0 6 5 
3 6 0 5 0 4 0 3 5 
3 9 1 8 0 7 0 6 5 
3 4 0 3 0 2 0 1 5 
5 5 2 4 1 3 0 2 5 
2 4 0 3 0 2 0 1 5 
2 6 0 5 0 4 0 3 5 
5 5 2 4 1 3 0 2 5 
3 8 0 7 0 6 0 5 5 
3 8 0 7 0 6 0 5 5 
2 7 0 6 0 5 0 4 5 
3 9 1 8 0 7 0 6 5 
3 6 0 5 0 4 0 3 5 
2 6 0 5 0 4 0 3 5 
4 6 0 5 0 4 0 3 5 
3 9 1 8 0 7 0 6 5 
2 7 0 6 0 5 0 4 5 
3 7 0 6 0 5 0 4 5 
3 4 0 3 0 2 0 1 5 
3 7 0 6 0 5 0 4 5 
4 5 2 4 1 3 0 2 5 
4 7 1 6 0 5 0 4 5 
3 4 0 3 0 2 0 1 5 
2 4 0 3 0 2 0 1 5 
2 8 0 7 0 6 0 5 5 
3 8 0 7 0 6 0 5 5 
4 5 1 4 0 3 0 2 5 
3 8 0 7 0 6 0 5 5 
4 7 1 6 0 5 0 4 5 
2 8 0 7 0 6 0 5 5 
3 6 0 5 0 4 0 3 5 
2 6 0 5 0 4 0 3 5 
3 5 0 4 0 3 0 2 5 
4 9 1 8 0 7 0 6 5 
4 9 1 8 0 7 0 6 5 
3 7 1 6 0 5 0 4 5 
5 5 2 4 0 3 0 2 5 
3 8 1 7 0 6 0 5 5 
3 8 1 7 0 6 0 5 5 
5 7 1 6 0 5 0 4 5 
4 6 0 5 0 4 0 3 5 
2 7 0 6 0 5 0 4 5 
4 8 1 7 0 6 0 5 5 
3 8 1 7 0 6 0 5 5 
2 7 0 6 0 5 0 4 5 
4 6 1 5 0 4 0 3 5 
4 8 1 7 0 6 0 5 5 
3 7 1 6 0 5 0 4 5 
3 7 1 6 0 5 0 4 5 
3 8 1 7 0 6 0 5 5 
4 4 0 3 0 2 0 1 5 
SCORES_TXT_END_0
SCORES_TXT_BEGIN_0 360 100 9 BLEU
7 7 4 6 3 5 2 4 8 
8 9 7 8 6 7 5 6 8 
8 11 6 10 4 9 2 8 8 
8 11 6 10 4 9 2 8 8 
8 10 6 9 4 8 3 7 8 
8 9 6 8 4 7 3 6 8 
8 8 4 7 1 6 0 5 8 
7 8 4 7 3 6 2 5 8 
8 10 7 9 6 8 5 7 8 
8 12 5 11 2 10 0 9 8 
7 7 3 6 1 5 0 4 8 
8 12 6 11 4 10 2 9 8 
8 9 6 8 4 7 3 6 8 
8 8 4 7 3 6 2 5 8 
8 12 5 11 2 10 0 9 8 
8 11 5 10 2 9 0 8 8 
8 12 6 11 4 10 2 9 8 
8 10 7 9 6 8 5 7 8 
8 12 6 11 4 10 2 9 8 
7 7 3 6 1 5 0 4 8 
8 11 5 10 2 9 0 8 8 
7 9 5 8 3 7 1 6 8 
8 12 6 11 4 10 2 9 8 
8 11 5 10 2 9 0 8 8 
8 12 6 11 4 10 3 9 8 
8 12 6 11 4 10 3 9 8 
7 11 4 10 2 9 0 8 8 
8 11 5 10 2 9 0 8 8 
8 10 6 9 5 8 4 7 8 
8 8 5 7 3 6 2 5 8 
8 10 7 9 6 8 5 7 8 
8 10 6 9 4 8 3 7 8 
8 10 4 9 1 8 0 7 8 
6 6 4 5 3 4 2 3 8 
8 11 6 10 4 9 3 8 8 
8 10 4 9 1 8 0 7 8 
7 11 4 10 2 9 0 8 8 
7 9 5 8 3 7 1 6 8 
8 11 6 10 4 9 3 8 8 
8 9 6 8 4 7 2 6 8 
8 14 5 13 2 12 0 11 8 
8 8 4 7 2 6 1 5 8 
8 12 6 11 4 10 2 9 8 
7 11 4 10 2 9 0 8 8 
8 11 6 10 4 9 3 8 8 
7 8 4 7 3 6 2 5 8 
8 14 5 13 2 12 0 11 8 
8 10 6 9 4 8 2 7 8 
7 8 3 7 1 6 0 5 8 
8 10 6 9 4 8 2 7 8 
8 9 4 8 1 7 0 6 8 
8 12 5 11 3 10 1 9 8 
8 11 5 10 2 9 0 8 8 
8 9 4 8 1 7 0 6 8 
8 12 6 11 4 10 2 9 8 
7 7 4 6 3 5 2 4 8 
7 8 4 7 3 6 2 5 8 
7 7 3 6 1 5 0 4 8 
8 12 5 11 2 10 0 9 8 
8 10 6 9 4 8 2 7 8 
8 14 5 13 2 12 0 11 8 
8 10 6 9 4 8 3 7 8 
7 9 4 8 3 7 2 6 8 
7 10 4 9 2 8 1 7 8 
7 11 4 10 2 9 0 8 8 
8 9 7 8 6 7 5 6 8 
8 9 4 8 1 7 0 6 8 
8 9 6 8 5 7 4 6 8 
8 12 5 11 2 10 0 9 8 
8 14 5 13 2 12 0 11 8 
8 13 5 12 2 11 0 10 8 
8 8 5 7 4 6 3 5 8 
7 9 4 8 3 7 2 6 8 
6 8 3 7 1 6 0 5 8 
8 13 5 12 2 11 0 10 8 
7 10 5 9 3 8 1 7 8 
8 12 5 11 2 10 0 9 8 
8 11 5 10 3 9 1 8 8 
8 9 4 8 3 7 2 6 8 
8 12 5 11 3 10 1 9 8 
7 8 3 7 1 6 0 5 8 
7 9 4 8 2 7 1 6 8 
8 11 5 10 3 9 1 8 8 
8 11 6 10 4 9 2 8 8 
8 13 5 12 2 11 0 10 8 
8 11 7 10 6 9 5 8 8 
8 12 5 11 2 10 0 9 8 
8 12 5 11 2 10 0 9 8 
8 9 6 8 4 7 2 6 8 
8 8 3 7 1 6 0 5 8 
7 9 4 8 2 7 1 6 8 
8 8 4 7 1 6 0 5 8 
8 13 5 12 2 11 0 10 8 
8 13 5 12 2 11 0 10 8 
7 12 3 11 1 10 0 9 8 
7 10 5 9 4 8 3 7 8 
8 11 6 10 4 9 2 8 8 
8 13 6 12 4 11 2 10 8 
8 11 5 10 2 9 0 8 8 
6 7 2 6 1 5 0 4 8 
SCORES_TXT_END_0
SCORES_TXT_BEGIN_0 361 100 9 BLEU
7 7 6 6 5 5 4 4 7 
7 9 5 8 4 7 3 6 7 
7 8 5 7 4 6 3 5 7 
7 11 5 10 4 9 3 8 7 
7 11 5 10 4 9 3 8 7 
7 8 5 7 4 6 3 5 7 
7 10 5 9 4 8 3 7 7 
7 8 5 7 3 6 1 5 7 
7 10 5 9 4 8 3 7 7 
7 8 5 7 4 6 3 5 7 
7 8 5 7 4 6 3 5 7 
6 8 4 7 3 6 2 5 7 
6 7 5 6 4 5 3 4 7 
7 8 5 7 4 6 3 5 7 
7 10 5 9 4 8 3 7 7 
7 10 5 9 4 8 3 7 7 
6 8 4 7 3 6 2 5 7 
7 8 5 7 4 6 3 5 7 
6 8 4 7 3 6 2 5 7 
7 9 5 8 4 7 3 6 7 
7 8 5 7 3 6 2 5 7 
7 10 4 9 2 8 0 7 7 
7 10 5 9 4 8 3 7 7 
7 9 5 8 4 7 3 6 7 
7 8 5 7 3 6 2 5 7 
7 8 5 7 3 6 1 5 7 
7 8 5 7 3 6 1 5 7 
7 8 5 7 3 6 2 5 7 
7 9 5 8 4 7 3 6 7 
7 8 5 7 3 6 1 5 7 
7 9 5 8 4 7 3 6 7 
7 9 5 8 4 7 3 6 7 
6 10 3 9 2 8 1 7 7 
7 12 5 11 4 10 3 9 7 
7 8 6 7 5 6 4 5 7 
7 12 5 11 4 10 3 9 7 
7 8 5 7 3 6 1 5 7 
7 8 6 7 5 6 4 5 7 
7 12 5 11 4 10 3 9 7 
7 12 5 11 4 10 3 9 7 
7 8 5 7 3 6 1 5 7 
7 11 5 10 4 9 3 8 7 
7 8 5 7 3 6 2 5 7 
7 11 5 10 4 9 3 8 7 
7 8 5 7 3 6 2 5 7 
7 9 5 8 4 7 3 6 7 
7 9 5 8 4 7 3 6 7 
7 8 6 7 5 6 4 5 7 
6 8 5 7 4 6 3 5 7 
7 9 5 8 4 7 3 6 7 
6 10 3 9 2 8 1 7 7 
6 8 5 7 4 6 3 5 7 
6 8 4 7 3 6 2 5 7 
7 12 5 11 4 10 3 9 7 
7 12 5 11 4 10 3 9 7 
7 8 5 7 3 6 2 5 7 
7 11 5 10 4 9 3 8 7 
6 10 3 9 2 8 1 7 7 
7 11 5 10 4 9 3 8 7 
7 10 4 9 2 8 1 7 7 
6 8 4 7 3 6 2 5 7 
7 7 4 6 2 5 0 4 7 
7 10 4 9 2 8 1 7 7 
7 7 3 6 2 5 1 4 7 
7 10 4 9 3 8 2 7 7 
7 7 3 6 1 5 0 4 7 
7 10 4 9 2 8 1 7 7 
7 9 5 8 4 7 3 6 7 
7 9 4 8 2 7 0 6 7 
7 10 4 9 2 8 1 7 7 
6 8 3 7 2 6 1 5 7 
6 8 5 7 4 6 3 5 7 
7 7 3 6 1 5 0 4 7 
6 8 5 7 4 6 3 5 7 
7 10 4 9 2 8 0 7 7 
7 10 4 9 2 8 0 7 7 
7 10 4 9 3 8 2 7 7 
7 7 4 6 3 5 2 4 7 
7 12 4 11 2 10 0 9 7 
7 12 4 11 2 10 0 9 7 
6 8 5 7 4 6 3 5 7 
7 9 3 8 2 7 1 6 7 
7 9 4 8 3 7 2 6 7 
7 10 4 9 3 8 2 7 7 
6 9 4 8 3 7 2 6 7 
7 10 4 9 2 8 1 7 7 
7 7 3 6 1 5 0 4 7 
7 9 3 8 1 7 0 6 7 
6 9 3 8 2 7 1 6 7 
6 8 5 7 4 6 3 5 7 
6 9 4 8 3 7 2 6 7 
7 7 3 6 1 5 0 4 7 
6 7 4 6 3 5 2 4 7 
7 7 3 6 1 5 0 4 7 
6 8 3 7 1 6 0 5 7 
6 8 3 7 2 6 1 5 7 
6 8 2 7 1 6 0 5 7 
7 7 3 6 1 5 0 4 7 
6 10 3 9 2 8 1 7 7 
7 7 4 6 2 5 1 4 7 
SCORES_TXT_END_0
SCORES_TXT_BEGIN_0 362 72 9 BLEU
12 12 11 11 10 10 9 9 12 
11 12 10 11 9 10 8 9 12 
12 12 7 11 3 10 2 9 12 
12 13 10 12 8 11 6 10 12 
12 12 8 11 6 10 4 9 12 
12 14 10 13 9 12 8 11 12 
12 13 11 12 9 11 8 10 12 
12 12 8 11 6 10 4 9 12 
12 13 10 12 8 11 6 10 12 
12 13 10 12 8 11 6 10 12 
11 12 6 11 2 10 1 9 12 
12 16 10 15 9 14 8 13 12 
12 16 10 15 9 14 8 13 12 
11 13 9 12 7 11 5 10 12 
11 12 7 11 5 10 3 9 12 
11 14 9 13 8 12 7 11 12 
12 13 9 12 8 11 7 10 12 
11 12 9 11 7 10 5 9 12 
12 14 8 13 6 12 4 11 12 
11 12 7 11 5 10 3 9 12 
11 13 10 12 8 11 7 10 12 
11 13 9 12 7 11 5 10 12 
12 13 10 12 8 11 7 10 12 
11 12 7 11 3 10 2 9 12 
11 12 7 11 5 10 4 9 12 
11 13 9 12 7 11 5 10 12 
12 13 10 12 9 11 8 10 12 
12 15 10 14 9 13 8 12 12 
12 13 11 12 9 11 7 10 12 
12 12 8 11 6 10 4 9 12 
11 13 9 12 7 11 5 10 12 
12 13 10 12 8 11 6 10 12 
12 12 8 11 6 10 4 9 12 
11 11 9 10 7 9 5 8 12 
12 14 8 13 6 12 4 11 12 
12 13 10 12 8 11 6 10 12 
11 16 9 15 8 14 7 13 12 
11 16 9 15 8 14 7 13 12 
12 16 8 15 6 14 4 13 12 
12 16 8 15 6 14 4 13 12 
12 15 10 14 9 13 8 12 12 
12 13 10 12 8 11 6 10 12 
12 13 9 12 8 11 7 10 12 
12 13 10 12 8 11 6 10 12 
12 14 10 13 8 12 6 11 12 
12 12 8 11 6 10 5 9 12 
12 13 8 12 6 11 4 10 12 
10 12 8 11 6 10 4 9 12 
11 12 7 11 5 10 3 9 12 
11 14 7 13 5 12 3 11 12 
11 12 7 11 6 10 5 9 12 
12 13 7 12 3 11 2 10 12 
11 13 9 12 7 11 5 10 12 
11 13 9 12 8 11 7 10 12 
12 14 6 13 3 12 2 11 12 
12 12 7 11 4 10 2 9 12 
12 13 10 12 9 11 8 10 12 
11 12 10 11 9 10 8 9 12 
11 12 7 11 5 10 4 9 12 
12 16 8 15 6 14 4 13 12 
11 13 9 12 7 11 5 10 12 
12 16 8 15 6 14 4 13 12 
12 12 8 11 6 10 5 9 12 
12 13 8 12 3 11 2 10 12 
12 13 8 12 6 11 4 10 12 
10 12 6 11 2 10 1 9 12 
10 12 6 11 4 10 3 9 12 
11 12 9 11 7 10 5 9 12 
12 13 10 12 8 11 7 10 12 
12 14 10 13 8 12 6 11 12 
11 13 9 12 8 11 7 10 12 
10 13 8 12 6 11 4 10 12 
SCORES_TXT_END_0
SCORES_TXT_BEGIN_0 363 100 9 BLEU
5 5 4 4 3 3 2 2 5 
4 9 3 8 2 7 1 6 5 
4 9 3 8 2 7 1 6 5 
4 5 3 4 2 3 1 2 5 
5 7 3 6 2 5 1 4 5 
4 7 3 6 2 5 1 4 5 
4 8 3 7 2 6 1 5 5 
4 8 3 7 2 6 1 5 5 
5 6 3 5 2 4 1 3 5 
4 6 3 5 2 4 1 3 5 
4 5 2 4 0 3 0 2 5 
5 5 1 4 0 3 0 2 5 
4 5 1 4 0 3 0 2 5 
3 5 1 4 0 3 0 2 5 
3 5 1 4 0 3 0 2 5 
3 7 1 6 0 5 0 4 5 
4 5 1 4 0 3 0 2 5 
4 7 1 6 0 5 0 4 5 
3 9 1 8 0 7 0 6 5 
3 9 1 8 0 7 0 6 5 
3 9 1 8 0 7 0 6 5 
3 9 1 8 0 7 0 6 5 
5 5 2 4 1 3 0 2 5 
5 5 2 4 0 3 0 2 5 
4 7 1 6 0 5 0 4 5 
5 5 3 4 2 3 1 2 5 
5 5 2 4 1 3 0 2 5 
4 7 1 6 0 5 0 4 5 
5 5 2 4 0 3 0 2 5 
3 7 1 6 0 5 0 4 5 
4 9 1 8 0 7 0 6 5 
4 9 1 8 0 7 0 6 5 
3 8 1 7 0 6 0 5 5 
5 7 1 6 0 5 0 4 5 
3 8 1 7 0 6 0 5 5 
4 8 1 7 0 6 0 5 5 
4 8 1 7 0 6 0 5 5 
4 5 3 4 2 3 1 2 5 
4 5 2 4 1 3 0 2 5 
4 5 2 4 1 3 0 2 5 
4 7 2 6 1 5 0 4 5 
4 6 1 5 0 4 0 3 5 
4 5 1 4 0 3 0 2 5 
3 8 1 7 0 6 0 5 5 
4 5 2 4 0 3 0 2 5 
3 8 1 7 0 6 0 5 5 
5 5 1 4 0 3 0 2 5 
4 5 1 4 0 3 0 2 5 
4 5 2 4 0 3 0 2 5 
5 6 1 5 0 4 0 3 5 
4 5 1 4 0 3 0 2 5 
4 7 2 6 0 5 0 4 5 
4 6 1 5 0 4 0 3 5 
3 6 1 5 0 4 0 3 5 
5 6 3 5 2 4 1 3 5 
3 5 1 4 0 3 0 2 5 
4 5 1 4 0 3 0 2 5 
3 7 1 6 0 5 0 4 5 
4 5 2 4 0 3 0 2 5 
4 9 2 8 1 7 0 6 5 
4 9 2 8 1 7 0 6 5 
3 6 1 5 0 4 0 3 5 
5 7 2 6 1 5 0 4 5 
4 8 2 7 1 6 0 5 5 
4 8 2 7 1 6 0 5 5 
4 6 1 5 0 4 0 3 5 
5 5 2 4 0 3 0 2 5 
4 5 1 4 0 3 0 2 5 
4 5 1 4 0 3 0 2 5 
3 5 1 4 0 3 0 2 5 
3 9 1 8 0 7 0 6 5 
4 9 1 8 0 7 0 6 5 
5 7 3 6 2 5 1 4 5 
4 9 1 8 0 7 0 6 5 
4 5 1 4 0 3 0 2 5 
3 5 1 4 0 3 0 2 5 
3 9 1 8 0 7 0 6 5 
5 7 2 6 1 5 0 4 5 
4 7 1 6 0 5 0 4 5 
3 7 1 6 0 5 0 4 5 
5 5 2 4 0 3 0 2 5 
4 9 2 8 0 7 0 6 5 
4 9 2 8 0 7 0 6 5 
5 7 1 6 0 5 0 4 5 
4 6 2 5 1 4 0 3 5 
5 5 1 4 0 3 0 2 5 
4 5 1 4 0 3 0 2 5 
5 7 2 6 0 5 0 4 5 
4 8 2 7 0 6 0 5 5 
4 8 2 7 0 6 0 5 5 
4 7 3 6 2 5 1 4 5 
3 5 1 4 0 3 0 2 5 
4 5 1 4 0 3 0 2 5 
5 5 3 4 1 3 0 2 5 
3 5 1 4 0 3 0 2 5 
4 7 2 6 1 5 0 4 5 
3 5 1 4 0 3 0 2 5 
3 5 1 4 0 3 0 2 5 
4 7 1 6 0 5 0 4 5 
4 6 3 5 2 4 1 3 5 
SCORES_TXT_END_0
SCORES_TXT_BEGIN_0 364 1 9 BLEU
2 2 1 1 0 0 0 0 2 
SCORES_TXT_END_0
SCORES_TXT_BEGIN_0 365 100 9 BLEU
7 7 6 6 5 5 4 4 7 
6 7 5 6 4 5 3 4 7 
7 8 4 7 3 6 2 5 7 
7 8 5 7 3 6 2 5 7 
7 8 5 7 3 6 2 5 7 
6 8 4 7 2 6 1 5 7 
7 8 5 7 3 6 1 5 7 
7 9 5 8 4 7 3 6 7 
7 8 6 7 4 6 3 5 7 
7 11 5 10 4 9 3 8 7 
7 11 5 10 4 9 3 8 7 
6 8 4 7 2 6 1 5 7 
6 9 4 8 3 7 2 6 7 
6 8 5 7 3 6 2 5 7 
7 8 4 7 3 6 2 5 7 
7 8 3 7 1 6 0 5 7 
7 8 4 7 3 6 2 5 7 
6 7 4 6 2 5 1 4 7 
5 7 3 6 2 5 1 4 7 
7 8 5 7 3 6 2 5 7 
7 8 5 7 4 6 3 5 7 
7 7 3 6 1 5 0 4 7 
6 7 2 6 1 5 0 4 7 
6 11 4 10 3 9 2 8 7 
6 11 4 10 3 9 2 8 7 
7 10 5 9 4 8 3 7 7 
6 7 2 6 1 5 0 4 7 
7 7 3 6 1 5 0 4 7 
7 7 3 6 1 5 0 4 7 
7 9 3 8 1 7 0 6 7 
7 8 3 7 2 6 1 5 7 
7 8 3 7 1 6 0 5 7 
7 10 5 9 4 8 3 7 7 
7 7 3 6 1 5 0 4 7 
7 8 4 7 3 6 2 5 7 
7 9 4 8 3 7 2 6 7 
7 9 3 8 1 7 0 6 7 
7 8 3 7 1 6 0 5 7 
7 9 3 8 1 7 0 6 7 
7 7 4 6 2 5 0 4 7 
6 8 4 7 2 6 1 5 7 
7 8 3 7 2 6 1 5 7 
6 9 2 8 1 7 0 6 7 
7 9 3 8 1 7 0 6 7 
6 7 2 6 0 5 0 4 7 
7 9 4 8 3 7 2 6 7 
6 8 4 7 3 6 2 5 7 
7 10 4 9 3 8 2 7 7 
6 8 4 7 3 6 2 5 7 
7 9 4 8 1 7 0 6 7 
7 8 5 7 3 6 1 5 7 
6 7 4 6 3 5 2 4 7 
6 8 2 7 1 6 0 5 7 
6 7 5 6 4 5 3 4 7 
7 8 3 7 1 6 0 5 7 
6 10 4 9 3 8 2 7 7 
7 9 3 8 1 7 0 6 7 
7 8 3 7 1 6 0 5 7 
7 9 3 8 1 7 0 6 7 
7 9 5 8 3 7 2 6 7 
7 8 5 7 3 6 2 5 7 
6 7 2 6 0 5 0 4 7 
7 8 3 7 2 6 1 5 7 
7 8 3 7 1 6 0 5 7 
7 9 4 8 3 7 2 6 7 
7 8 3 7 1 6 0 5 7 
6 7 3 6 1 5 0 4 7 
7 7 3 6 2 5 1 4 7 
7 9 3 8 1 7 0 6 7 
7 8 4 7 1 6 0 5 7 
6 10 4 9 3 8 2 7 7 
7 8 3 7 2 6 1 5 7 
7 9 5 8 3 7 2 6 7 
7 7 4 6 3 5 2 4 7 
7 8 3 7 2 6 1 5 7 
7 10 3 9 2 8 1 7 7 
7 10 3 9 1 8 0 7 7 
7 9 3 8 2 7 1 6 7 
7 10 3 9 2 8 1 7 7 
7 7 3 6 1 5 0 4 7 
6 10 3 9 2 8 1 7 7 
7 9 4 8 3 7 2 6 7 
7 12 4 11 3 10 2 9 7 
6 9 2 8 0 7 0 6 7 
7 12 4 11 3 10 2 9 7 
7 9 5 8 3 7 1 6 7 
6 9 2 8 0 7 0 6 7 
7 9 4 8 3 7 2 6 7 
5 7 3 6 2 5 1 4 7 
7 8 5 7 4 6 3 5 7 
6 10 2 9 1 8 0 7 7 
7 9 4 8 2 7 1 6 7 
7 8 2 7 1 6 0 5 7 
7 10 4 9 2 8 1 7 7 
7 8 3 7 1 6 0 5 7 
7 8 3 7 2 6 1 5 7 
7 7 4 6 2 5 0 4 7 
6 8 4 7 2 6 1 5 7 
6 9 4 8 2 7 1 6 7 
7 9 3 8 1 7 0 6 7 
SCORES_TXT_END_0
SCORES_TXT_BEGIN_0 366 43 9 BLEU
14 14 13 13 12 12 11 11 14 
13 14 12 13 11 12 10 11 14 
12 12 10 11 9 10 8 9 14 
13 14 11 13 9 12 7 11 14 
13 14 11 13 9 12 7 11 14 
12 14 10 13 8 12 6 11 14 
11 12 8 11 7 10 6 9 14 
11 12 10 11 9 10 8 9 14 
13 14 10 13 8 12 6 11 14 
12 14 10 13 8 12 6 11 14 
11 12 8 11 7 10 6 9 14 
11 12 8 11 7 10 6 9 14 
12 14 9 13 7 12 6 11 14 
13 14 11 13 9 12 7 11 14 
11 12 8 11 7 10 6 9 14 
12 14 10 13 8 12 6 11 14 
13 15 11 14 9 13 7 12 14 
10 12 8 11 7 10 6 9 14 
12 16 9 15 7 14 6 13 14 
12 16 9 15 7 14 6 13 14 
11 13 8 12 7 11 6 10 14 
10 12 8 11 7 10 6 9 14 
12 15 10 14 8 13 6 12 14 
13 13 11 12 9 11 7 10 14 
13 16 10 15 8 14 6 13 14 
12 15 9 14 7 13 6 12 14 
13 16 11 15 9 14 8 13 14 
13 16 10 15 8 14 6 13 14 
13 16 11 15 9 14 8 13 14 
12 15 9 14 7 13 6 12 14 
14 15 12 14 10 13 8 12 14 
12 13 10 12 9 11 8 10 14 
12 13 10 12 8 11 6 10 14 
13 14 11 13 9 12 7 11 14 
14 15 12 14 10 13 8 12 14 
14 16 12 15 10 14 8 13 14 
13 15 10 14 8 13 6 12 14 
11 11 8 10 6 9 4 8 14 
11 12 8 11 7 10 6 9 14 
14 16 12 15 10 14 8 13 14 
13 14 9 13 6 12 4 11 14 
13 15 10 14 8 13 6 12 14 
12 14 10 13 8 12 6 11 14 
SCORES_TXT_END_0
SCORES_TXT_BEGIN_0 367 100 9 BLEU
5 5 4 4 3 3 2 2 5 
4 9 3 8 2 7 1 6 5 
4 9 3 8 2 7 1 6 5 
4 5 3 4 2 3 1 2 5 
5 7 3 6 2 5 1 4 5 
4 7 3 6 2 5 1 4 5 
4 8 3 7 2 6 1 5 5 
4 8 3 7 2 6 1 5 5 
5 6 3 5 2 4 1 3 5 
4 6 3 5 2 4 1 3 5 
4 5 2 4 0 3 0 2 5 
5 5 1 4 0 3 0 2 5 
4 5 1 4 0 3 0 2 5 
3 5 1 4 0 3 0 2 5 
3 5 1 4 0 3 0 2 5 
3 7 1 6 0 5 0 4 5 
4 5 1 4 0 3 0 2 5 
4 7 1 6 0 5 0 4 5 
3 9 1 8 0 7 0 6 5 
3 9 1 8 0 7 0 6 5 
3 9 1 8 0 7 0 6 5 
3 9 1 8 0 7 0 6 5 
5 5 2 4 1 3 0 2 5 
5 5 2 4 0 3 0 2 5 
4 7 1 6 0 5 0 4 5 
5 5 3 4 2 3 1 2 5 
5 5 2 4 1 3 0 2 5 
4 7 1 6 0 5 0 4 5 
5 5 2 4 0 3 0 2 5 
3 7 1 6 0 5 0 4 5 
4 9 1 8 0 7 0 6 5 
4 9 1 8 0 7 0 6 5 
3 8 1 7 0 6 0 5 5 
5 7 1 6 0 5 0 4 5 
3 8 1 7 0 6 0 5 5 
4 8 1 7 0 6 0 5 5 
4 8 1 7 0 6 0 5 5 
4 5 3 4 2 3 1 2 5 
4 5 2 4 1 3 0 2 5 
4 5 2 4 1 3 0 2 5 
4 7 2 6 1 5 0 4 5 
4 6 1 5 0 4 0 3 5 
4 5 1 4 0 3 0 2 5 
3 8 1 7 0 6 0 5 5 
4 5 2 4 0 3 0 2 5 
3 8 1 7 0 6 0 5 5 
5 5 1 4 0 3 0 2 5 
4 5 1 4 0 3 0 2 5 
4 5 2 4 0 3 0 2 5 
5 6 1 5 0 4 0 3 5 
4 5 1 4 0 3 0 2 5 
4 7 2 6 0 5 0 4 5 
4 6 1 5 0 4 0 3 5 
3 6 1 5 0 4 0 3 5 
5 6 3 5 2 4 1 3 5 
3 5 1 4 0 3 0 2 5 
4 5 1 4 0 3 0 2 5 
3 7 1 6 0 5 0 4 5 
4 5 2 4 0 3 0 2 5 
4 9 2 8 1 7 0 6 5 
4 9 2 8 1 7 0 6 5 
3 6 1 5 0 4 0 3 5 
5 7 2 6 1 5 0 4 5 
4 8 2 7 1 6 0 5 5 
4 8 2 7 1 6 0 5 5 
4 6 1 5 0 4 0 3 5 
5 5 2 4 0 3 0 2 5 
4 5 1 4 0 3 0 2 5 
4 5 1 4 0 3 0 2 5 
3 5 1 4 0 3 0 2 5 
3 9 1 8 0 7 0 6 5 
4 9 1 8 0 7 0 6 5 
5 7 3 6 2 5 1 4 5 
4 9 1 8 0 7 0 6 5 
4 5 1 4 0 3 0 2 5 
3 5 1 4 0 3 0 2 5 
3 9 1 8 0 7 0 6 5 
5 7 2 6 1 5 0 4 5 
4 7 1 6 0 5 0 4 5 
3 7 1 6 0 5 0 4 5 
5 5 2 4 0 3 0 2 5 
4 9 2 8 0 7 0 6 5 
4 9 2 8 0 7 0 6 5 
5 7 1 6 0 5 0 4 5 
4 6 2 5 1 4 0 3 5 
5 5 1 4 0 3 0 2 5 
4 5 1 4 0 3 0 2 5 
5 7 2 6 0 5 0 4 5 
4 8 2 7 0 6 0 5 5 
4 8 2 7 0 6 0 5 5 
4 7 3 6 2 5 1 4 5 
3 5 1 4 0 3 0 2 5 
4 5 1 4 0 3 0 2 5 
5 5 3 4 1 3 0 2 5 
3 5 1 4 0 3 0 2 5 
4 7 2 6 1 5 0 4 5 
3 5 1 4 0 3 0 2 5 
3 5 1 4 0 3 0 2 5 
4 7 1 6 0 5 0 4 5 
4 6 3 5 2 4 1 3 5 
SCORES_TXT_END_0
SCORES_TXT_BEGIN_0 368 59 9 BLEU
10 11 8 10 6 9 4 8 11 
8 12 5 11 2 10 0 9 11 
11 11 10 10 9 9 8 8 11 
9 12 7 11 5 10 3 9 11 
9 11 6 10 3 9 1 8 11 
8 12 5 11 2 10 0 9 11 
9 11 6 10 3 9 1 8 11 
10 11 8 10 6 9 4 8 11 
9 12 7 11 5 10 3 9 11 
10 11 8 10 6 9 4 8 11 
10 11 8 10 6 9 4 8 11 
10 12 8 11 6 10 4 9 11 
8 12 5 11 2 10 0 9 11 
9 12 6 11 3 10 0 9 11 
8 13 5 12 2 11 0 10 11 
9 13 6 12 3 11 1 10 11 
11 12 9 11 7 10 5 9 11 
11 12 9 11 7 10 5 9 11 
10 13 7 12 5 11 4 10 11 
9 11 6 10 3 9 0 8 11 
10 12 7 11 5 10 4 9 11 
10 12 8 11 6 10 4 9 11 
8 13 5 12 2 11 0 10 11 
8 14 4 13 1 12 0 11 11 
9 13 6 12 3 11 1 10 11 
9 11 6 10 3 9 1 8 11 
10 12 8 11 6 10 4 9 11 
9 12 6 11 3 10 1 9 11 
8 12 5 11 2 10 0 9 11 
8 13 4 12 1 11 0 10 11 
10 10 8 9 6 8 4 7 11 
11 13 9 12 8 11 7 10 11 
9 12 6 11 3 10 1 9 11 
8 13 5 12 2 11 0 10 11 
10 12 7 11 4 10 2 9 11 
10 15 7 14 5 13 4 12 11 
10 15 7 14 5 13 4 12 11 
10 11 8 10 6 9 4 8 11 
11 12 9 11 8 10 7 9 11 
9 11 6 10 3 9 1 8 11 
11 12 10 11 8 10 6 9 11 
9 12 6 11 3 10 1 9 11 
8 11 5 10 2 9 0 8 11 
8 16 4 15 1 14 0 13 11 
8 16 4 15 1 14 0 13 11 
9 14 6 13 4 12 2 11 11 
10 12 7 11 4 10 2 9 11 
10 11 8 10 6 9 4 8 11 
9 13 5 12 2 11 1 10 11 
10 12 7 11 4 10 2 9 11 
9 12 6 11 3 10 1 9 11 
9 13 6 12 3 11 1 10 11 
9 13 7 12 4 11 1 10 11 
9 13 6 12 4 11 2 10 11 
8 14 4 13 1 12 0 11 11 
11 15 9 14 8 13 7 12 11 
11 15 9 14 8 13 7 12 11 
9 13 6 12 3 11 1 10 11 
8 13 5 12 2 11 0 10 11 
SCORES_TXT_END_0
SCORES_TXT_BEGIN_0 369 100 9 BLEU
5 5 4 4 3 3 2 2 5 
5 7 3 6 2 5 1 4 5 
4 7 3 6 2 5 1 4 5 
4 5 3 4 2 3 1 2 5 
4 9 3 8 2 7 1 6 5 
4 9 3 8 2 7 1 6 5 
5 9 3 8 2 7 1 6 5 
5 9 3 8 2 7 1 6 5 
5 6 3 5 2 4 1 3 5 
5 8 3 7 2 6 1 5 5 
4 8 3 7 2 6 1 5 5 
4 8 3 7 2 6 1 5 5 
4 8 3 7 2 6 1 5 5 
4 6 3 5 2 4 1 3 5 
5 8 3 7 2 6 1 5 5 
5 8 3 7 2 6 1 5 5 
4 11 3 10 2 9 1 8 5 
4 11 3 10 2 9 1 8 5 
5 6 4 5 3 4 2 3 5 
5 8 3 7 2 6 1 5 5 
5 9 3 8 2 7 1 6 5 
5 6 3 5 2 4 1 3 5 
4 9 3 8 2 7 1 6 5 
4 10 3 9 2 8 1 7 5 
4 10 3 9 2 8 1 7 5 
4 8 3 7 2 6 1 5 5 
4 7 1 6 0 5 0 4 5 
5 6 3 5 2 4 1 3 5 
5 6 3 5 1 4 0 3 5 
4 8 3 7 2 6 1 5 5 
4 8 3 7 2 6 1 5 5 
5 6 3 5 1 4 0 3 5 
4 5 2 4 0 3 0 2 5 
4 6 3 5 2 4 1 3 5 
5 6 4 5 3 4 2 3 5 
3 7 1 6 0 5 0 4 5 
4 10 3 9 2 8 1 7 5 
4 10 3 9 2 8 1 7 5 
4 7 1 6 0 5 0 4 5 
5 7 3 6 2 5 1 4 5 
3 7 1 6 0 5 0 4 5 
4 10 3 9 2 8 1 7 5 
5 6 4 5 3 4 2 3 5 
4 10 3 9 2 8 1 7 5 
4 10 3 9 2 8 1 7 5 
5 7 4 6 3 5 2 4 5 
5 6 4 5 3 4 2 3 5 
4 10 3 9 2 8 1 7 5 
5 6 3 5 2 4 1 3 5 
4 13 3 12 2 11 1 10 5 
5 7 1 6 0 5 0 4 5 
4 13 3 12 2 11 1 10 5 
5 5 1 4 0 3 0 2 5 
4 13 3 12 2 11 1 10 5 
4 13 3 12 2 11 1 10 5 
4 5 1 4 0 3 0 2 5 
4 7 1 6 0 5 0 4 5 
5 8 3 7 2 6 1 5 5 
5 10 3 9 2 8 1 7 5 
5 8 3 7 2 6 1 5 5 
4 9 3 8 2 7 1 6 5 
5 7 4 6 2 5 0 4 5 
5 10 3 9 2 8 1 7 5 
4 9 3 8 2 7 1 6 5 
5 6 3 5 2 4 1 3 5 
5 11 3 10 2 9 1 8 5 
5 10 3 9 2 8 1 7 5 
5 11 3 10 2 9 1 8 5 
5 10 3 9 2 8 1 7 5 
5 8 3 7 2 6 1 5 5 
5 8 3 7 2 6 1 5 5 
5 6 3 5 1 4 0 3 5 
5 6 3 5 1 4 0 3 5 
4 9 3 8 2 7 1 6 5 
4 8 3 7 2 6 1 5 5 
4 9 1 8 0 7 0 6 5 
3 9 1 8 0 7 0 6 5 
4 9 3 8 2 7 1 6 5 
5 6 4 5 3 4 2 3 5 
5 9 3 8 2 7 1 6 5 
4 8 2 7 1 6 0 5 5 
5 7 3 6 1 5 0 4 5 
4 11 3 10 2 9 1 8 5 
4 10 3 9 2 8 1 7 5 
4 10 3 9 2 8 1 7 5 
5 9 3 8 2 7 1 6 5 
3 9 1 8 0 7 0 6 5 
5 6 4 5 3 4 2 3 5 
4 11 3 10 2 9 1 8 5 
5 7 4 6 3 5 2 4 5 
4 12 3 11 2 10 1 9 5 
5 7 4 6 3 5 2 4 5 
5 6 4 5 3 4 2 3 5 
4 9 1 8 0 7 0 6 5 
3 5 1 4 0 3 0 2 5 
4 7 3 6 2 5 1 4 5 
4 12 3 11 2 10 1 9 5 
4 12 3 11 2 10 1 9 5 
5 7 3 6 2 5 1 4 5 
4 12 3 11 2 10 1 9 5 
SCORES_TXT_END_0
SCORES_TXT_BEGIN_0 370 100 9 BLEU
6 6 5 5 4 4 3 3 6 
6 8 4 7 3 6 2 5 6 
5 6 4 5 3 4 2 3 6 
6 7 4 6 3 5 2 4 6 
4 6 2 5 1 4 0 3 6 
5 6 3 5 1 4 0 3 6 
6 7 4 6 3 5 2 4 6 
5 8 3 7 2 6 1 5 6 
6 7 4 6 3 5 2 4 6 
6 10 4 9 3 8 2 7 6 
6 10 4 9 3 8 2 7 6 
3 5 2 4 1 3 0 2 6 
6 9 4 8 3 7 2 6 6 
4 8 1 7 0 6 0 5 6 
4 5 3 4 2 3 1 2 6 
5 8 2 7 0 6 0 5 6 
4 7 2 6 0 5 0 4 6 
6 9 4 8 3 7 2 6 6 
6 8 4 7 3 6 2 5 6 
5 7 3 6 2 5 1 4 6 
4 7 2 6 0 5 0 4 6 
3 7 1 6 0 5 0 4 6 
2 7 0 6 0 5 0 4 6 
6 9 4 8 3 7 2 6 6 
6 11 4 10 3 9 2 8 6 
6 11 4 10 3 9 2 8 6 
5 6 4 5 3 4 2 3 6 
6 9 4 8 3 7 2 6 6 
3 8 0 7 0 6 0 5 6 
4 8 1 7 0 6 0 5 6 
2 5 0 4 0 3 0 2 6 
4 7 2 6 0 5 0 4 6 
3 6 0 5 0 4 0 3 6 
4 6 1 5 0 4 0 3 6 
4 7 1 6 0 5 0 4 6 
4 7 2 6 1 5 0 4 6 
5 7 3 6 2 5 1 4 6 
5 7 2 6 0 5 0 4 6 
4 7 1 6 0 5 0 4 6 
6 8 4 7 3 6 2 5 6 
4 6 3 5 2 4 1 3 6 
4 8 1 7 0 6 0 5 6 
6 10 4 9 3 8 2 7 6 
4 9 1 8 0 7 0 6 6 
5 7 3 6 2 5 1 4 6 
2 6 0 5 0 4 0 3 6 
4 8 1 7 0 6 0 5 6 
5 10 3 9 2 8 1 7 6 
5 10 3 9 2 8 1 7 6 
6 7 4 6 3 5 2 4 6 
4 9 1 8 0 7 0 6 6 
4 6 3 5 2 4 1 3 6 
3 6 1 5 0 4 0 3 6 
4 7 1 6 0 5 0 4 6 
4 10 1 9 0 8 0 7 6 
3 6 2 5 1 4 0 3 6 
4 10 1 9 0 8 0 7 6 
5 6 3 5 2 4 1 3 6 
6 10 4 9 3 8 2 7 6 
3 7 0 6 0 5 0 4 6 
4 7 1 6 0 5 0 4 6 
3 6 2 5 1 4 0 3 6 
6 11 4 10 3 9 2 8 6 
6 11 4 10 3 9 2 8 6 
5 6 3 5 2 4 1 3 6 
4 9 1 8 0 7 0 6 6 
4 6 2 5 1 4 0 3 6 
4 8 1 7 0 6 0 5 6 
4 7 1 6 0 5 0 4 6 
5 7 4 6 3 5 2 4 6 
4 9 1 8 0 7 0 6 6 
4 6 2 5 1 4 0 3 6 
4 9 1 8 0 7 0 6 6 
4 7 1 6 0 5 0 4 6 
5 9 3 8 2 7 1 6 6 
5 7 2 6 0 5 0 4 6 
4 8 1 7 0 6 0 5 6 
4 8 1 7 0 6 0 5 6 
3 7 1 6 0 5 0 4 6 
4 8 1 7 0 6 0 5 6 
4 7 1 6 0 5 0 4 6 
4 6 2 5 1 4 0 3 6 
5 8 3 7 2 6 1 5 6 
5 7 2 6 0 5 0 4 6 
5 9 3 8 2 7 1 6 6 
2 9 0 8 0 7 0 6 6 
4 10 1 9 0 8 0 7 6 
4 8 1 7 0 6 0 5 6 
2 9 0 8 0 7 0 6 6 
4 10 1 9 0 8 0 7 6 
4 8 2 7 1 6 0 5 6 
5 10 2 9 0 8 0 7 6 
5 10 2 9 0 8 0 7 6 
5 7 4 6 3 5 2 4 6 
3 7 1 6 0 5 0 4 6 
3 6 1 5 0 4 0 3 6 
4 11 1 10 0 9 0 8 6 
4 11 1 10 0 9 0 8 6 
5 7 4 6 3 5 2 4 6 
6 8 4 7 3 6 2 5 6 
SCORES_TXT_END_0
SCORES_TXT_BEGIN_0 371 100 9 BLEU
6 6 5 5 4 4 3 3 6 
5 6 3 5 2 4 1 3 6 
5 6 4 5 3 4 2 3 6 
4 6 3 5 2 4 1 3 6 
5 10 4 9 3 8 2 7 6 
5 10 4 9 3 8 2 7 6 
6 8 4 7 3 6 2 5 6 
5 6 3 5 2 4 1 3 6 
5 8 4 7 3 6 2 5 6 
5 9 4 8 3 7 2 6 6 
5 9 4 8 3 7 2 6 6 
6 6 3 5 2 4 1 3 6 
4 10 3 9 2 8 1 7 6 
4 10 3 9 2 8 1 7 6 
5 8 3 7 2 6 1 5 6 
5 6 3 5 2 4 1 3 6 
5 6 2 5 1 4 0 3 6 
4 8 3 7 2 6 1 5 6 
6 7 4 6 3 5 2 4 6 
4 9 3 8 2 7 1 6 6 
4 9 3 8 2 7 1 6 6 
4 6 2 5 1 4 0 3 6 
5 7 4 6 3 5 2 4 6 
4 8 2 7 1 6 0 5 6 
6 6 3 5 2 4 1 3 6 
5 6 3 5 2 4 1 3 6 
6 6 2 5 1 4 0 3 6 
5 6 3 5 2 4 1 3 6 
6 6 3 5 1 4 0 3 6 
5 6 2 5 1 4 0 3 6 
5 7 3 6 2 5 1 4 6 
4 6 1 5 0 4 0 3 6 
4 10 2 9 1 8 0 7 6 
5 6 1 5 0 4 0 3 6 
4 10 2 9 1 8 0 7 6 
5 8 2 7 1 6 0 5 6 
4 9 2 8 1 7 0 6 6 
4 9 2 8 1 7 0 6 6 
4 6 2 5 1 4 0 3 6 
5 6 3 5 2 4 1 3 6 
4 7 3 6 2 5 1 4 6 
6 6 3 5 2 4 1 3 6 
5 6 1 5 0 4 0 3 6 
6 6 3 5 1 4 0 3 6 
5 6 3 5 2 4 1 3 6 
5 8 3 7 2 6 1 5 6 
5 6 2 5 1 4 0 3 6 
5 6 1 5 0 4 0 3 6 
5 6 2 5 1 4 0 3 6 
5 6 2 5 1 4 0 3 6 
5 6 2 5 1 4 0 3 6 
5 6 2 5 1 4 0 3 6 
6 6 3 5 2 4 1 3 6 
5 6 2 5 1 4 0 3 6 
5 6 2 5 1 4 0 3 6 
5 6 3 5 2 4 1 3 6 
6 6 3 5 1 4 0 3 6 
5 6 2 5 1 4 0 3 6 
6 6 2 5 0 4 0 3 6 
4 6 1 5 0 4 0 3 6 
4 7 2 6 1 5 0 4 6 
5 8 2 7 1 6 0 5 6 
6 6 2 5 0 4 0 3 6 
5 6 2 5 0 4 0 3 6 
5 6 2 5 0 4 0 3 6 
5 6 3 5 2 4 1 3 6 
6 6 2 5 0 4 0 3 6 
4 6 2 5 1 4 0 3 6 
6 6 2 5 1 4 0 3 6 
5 6 2 5 1 4 0 3 6 
5 6 2 5 0 4 0 3 6 
6 6 2 5 0 4 0 3 6 
5 6 2 5 1 4 0 3 6 
4 6 3 5 2 4 1 3 6 
4 10 2 9 1 8 0 7 6 
4 9 2 8 1 7 0 6 6 
4 10 2 9 1 8 0 7 6 
4 9 2 8 1 7 0 6 6 
3 6 1 5 0 4 0 3 6 
6 6 2 5 1 4 0 3 6 
5 7 2 6 1 5 0 4 6 
6 6 2 5 1 4 0 3 6 
5 6 2 5 1 4 0 3 6 
6 6 3 5 1 4 0 3 6 
5 6 2 5 1 4 0 3 6 
5 8 2 7 1 6 0 5 6 
5 6 2 5 1 4 0 3 6 
4 6 2 5 1 4 0 3 6 
4 6 0 5 0 4 0 3 6 
6 6 2 5 0 4 0 3 6 
5 10 2 9 1 8 0 7 6 
6 6 4 5 3 4 2 3 6 
5 10 2 9 1 8 0 7 6 
6 6 3 5 1 4 0 3 6 
4 6 2 5 1 4 0 3 6 
5 6 3 5 2 4 1 3 6 
4 6 3 5 2 4 1 3 6 
5 6 2 5 0 4 0 3 6 
5 10 3 9 2 8 1 7 6 
5 10 3 9 2 8 1 7 6 
SCORES_TXT_END_0
SCORES_TXT_BEGIN_0 372 100 9 BLEU
9 9 8 8 7 7 6 6 9 
8 9 6 8 4 7 2 6 9 
7 9 4 8 2 7 0 6 9 
7 9 4 8 2 7 0 6 9 
8 9 6 8 4 7 2 6 9 
8 9 6 8 4 7 2 6 9 
8 10 6 9 4 8 2 7 9 
8 9 6 8 4 7 2 6 9 
9 11 7 10 6 9 5 8 9 
9 10 7 9 6 8 5 7 9 
8 8 6 7 4 6 2 5 9 
8 11 5 10 3 9 2 8 9 
8 10 5 9 3 8 2 7 9 
9 13 7 12 6 11 5 10 9 
9 13 7 12 6 11 5 10 9 
9 10 7 9 5 8 3 7 9 
8 9 7 8 6 7 5 6 9 
7 9 4 8 2 7 0 6 9 
8 13 5 12 3 11 2 10 9 
8 13 5 12 3 11 2 10 9 
7 10 4 9 2 8 0 7 9 
7 11 3 10 1 9 0 8 9 
8 9 7 8 6 7 5 6 9 
7 9 5 8 3 7 1 6 9 
8 11 5 10 3 9 1 8 9 
9 10 8 9 6 8 5 7 9 
7 11 3 10 1 9 0 8 9 
7 10 3 9 1 8 0 7 9 
7 9 4 8 2 7 0 6 9 
8 9 6 8 4 7 2 6 9 
9 10 7 9 6 8 5 7 9 
8 10 5 9 3 8 1 7 9 
7 10 3 9 1 8 0 7 9 
9 12 7 11 6 10 5 9 9 
8 9 7 8 6 7 5 6 9 
8 11 5 10 3 9 1 8 9 
7 10 4 9 2 8 0 7 9 
7 9 5 8 3 7 1 6 9 
8 9 5 8 4 7 3 6 9 
8 10 6 9 3 8 1 7 9 
7 13 3 12 1 11 0 10 9 
7 13 3 12 1 11 0 10 9 
8 10 5 9 3 8 1 7 9 
8 10 5 9 3 8 2 7 9 
8 8 7 7 6 6 5 5 9 
7 9 3 8 1 7 0 6 9 
9 12 7 11 6 10 5 9 9 
8 9 4 8 2 7 0 6 9 
8 12 5 11 3 10 2 9 9 
8 13 5 12 3 11 1 10 9 
7 13 3 12 1 11 0 10 9 
8 13 5 12 3 11 1 10 9 
7 13 3 12 1 11 0 10 9 
6 9 3 8 1 7 0 6 9 
7 9 5 8 3 7 1 6 9 
9 10 7 9 5 8 3 7 9 
9 10 6 9 2 8 0 7 9 
6 9 3 8 1 7 0 6 9 
7 9 5 8 3 7 2 6 9 
8 12 5 11 3 10 2 9 9 
8 13 5 12 3 11 1 10 9 
8 13 5 12 3 11 1 10 9 
7 8 5 7 3 6 1 5 9 
8 9 7 8 6 7 5 6 9 
8 10 5 9 3 8 1 7 9 
6 9 3 8 1 7 0 6 9 
6 9 2 8 1 7 0 6 9 
7 10 4 9 1 8 0 7 9 
7 10 3 9 1 8 0 7 9 
7 9 5 8 3 7 2 6 9 
6 9 3 8 1 7 0 6 9 
6 9 2 8 1 7 0 6 9 
7 10 4 9 1 8 0 7 9 
7 9 5 8 3 7 2 6 9 
7 12 3 11 1 10 0 9 9 
8 8 5 7 4 6 3 5 9 
7 9 4 8 3 7 2 6 9 
8 10 6 9 3 8 2 7 9 
8 10 6 9 4 8 2 7 9 
8 10 5 9 3 8 1 7 9 
7 10 3 9 1 8 0 7 9 
6 9 3 8 1 7 0 6 9 
7 9 5 8 3 7 2 6 9 
8 9 7 8 6 7 5 6 9 
7 9 6 8 5 7 4 6 9 
7 8 3 7 1 6 0 5 9 
8 12 5 11 3 10 1 9 9 
7 12 3 11 1 10 0 9 9 
8 12 5 11 3 10 2 9 9 
7 9 6 8 5 7 4 6 9 
6 9 3 8 1 7 0 6 9 
8 11 5 10 3 9 2 8 9 
8 10 5 9 3 8 1 7 9 
7 9 5 8 3 7 2 6 9 
7 9 5 8 3 7 2 6 9 
7 9 4 8 3 7 2 6 9 
8 10 6 9 3 8 2 7 9 
7 12 3 11 1 10 0 9 9 
7 9 6 8 5 7 4 6 9 
8 10 5 9 3 8 1 7 9 
SCORES_TXT_END_0
SCORES_TXT_BEGIN_0 373 100 9 BLEU
8 9 6 8 4 7 2 6 10 
7 7 4 6 3 5 2 4 10 
9 11 7 10 5 9 3 8 10 
10 11 9 10 8 9 7 8 10 
8 10 6 9 4 8 2 7 10 
7 8 4 7 3 6 2 5 10 
10 11 8 10 6 9 5 8 10 
9 12 7 11 5 10 3 9 10 
8 10 5 9 2 8 0 7 10 
8 8 4 7 1 6 0 5 10 
9 12 6 11 3 10 1 9 10 
8 10 6 9 4 8 2 7 10 
8 9 5 8 2 7 0 6 10 
8 8 4 7 3 6 2 5 10 
7 7 3 6 1 5 0 4 10 
10 12 9 11 8 10 7 9 10 
9 12 7 11 5 10 3 9 10 
10 12 8 11 6 10 5 9 10 
9 11 6 10 3 9 1 8 10 
8 9 5 8 2 7 0 6 10 
8 10 5 9 3 8 1 7 10 
7 7 3 6 1 5 0 4 10 
7 8 3 7 2 6 1 5 10 
7 9 4 8 2 7 0 6 10 
9 11 6 10 3 9 1 8 10 
9 12 6 11 4 10 2 9 10 
10 12 8 11 7 10 6 9 10 
10 12 9 11 8 10 7 9 10 
8 11 5 10 2 9 0 8 10 
10 11 8 10 6 9 5 8 10 
8 10 6 9 4 8 2 7 10 
8 9 5 8 2 7 0 6 10 
8 8 5 7 3 6 2 5 10 
8 11 5 10 2 9 0 8 10 
7 9 4 8 2 7 0 6 10 
8 10 5 9 2 8 0 7 10 
10 13 7 12 6 11 5 10 10 
9 12 7 11 5 10 3 9 10 
8 12 4 11 2 10 0 9 10 
8 10 3 9 1 8 0 7 10 
8 10 5 9 2 8 0 7 10 
8 8 5 7 4 6 3 5 10 
9 11 6 10 3 9 0 8 10 
9 11 7 10 5 9 3 8 10 
9 14 5 13 3 12 1 11 10 
7 7 3 6 1 5 0 4 10 
8 10 5 9 2 8 0 7 10 
10 12 7 11 4 10 1 9 10 
9 12 6 11 3 10 0 9 10 
10 10 6 9 3 8 1 7 10 
9 12 5 11 2 10 0 9 10 
7 10 3 9 1 8 0 7 10 
8 11 4 10 2 9 0 8 10 
8 11 5 10 3 9 1 8 10 
10 11 8 10 7 9 6 8 10 
9 10 4 9 1 8 0 7 10 
6 8 3 7 1 6 0 5 10 
9 12 6 11 3 10 0 9 10 
9 11 7 10 5 9 3 8 10 
7 9 2 8 1 7 0 6 10 
8 9 5 8 4 7 3 6 10 
7 9 3 8 2 7 1 6 10 
8 9 6 8 4 7 2 6 10 
10 12 9 11 8 10 7 9 10 
10 14 8 13 5 12 2 11 10 
7 8 3 7 1 6 0 5 10 
9 9 6 8 5 7 4 6 10 
9 14 6 13 3 12 1 11 10 
10 14 7 13 6 12 5 11 10 
10 13 8 12 7 11 6 10 10 
9 12 6 11 3 10 0 9 10 
9 13 5 12 3 11 1 10 10 
7 7 4 6 3 5 2 4 10 
7 8 4 7 3 6 2 5 10 
9 13 6 12 4 11 2 10 10 
8 11 4 10 2 9 0 8 10 
8 9 5 8 2 7 0 6 10 
8 8 4 7 1 6 0 5 10 
7 9 2 8 1 7 0 6 10 
7 10 4 9 2 8 0 7 10 
8 11 5 10 2 9 0 8 10 
9 11 7 10 5 9 3 8 10 
8 10 5 9 3 8 1 7 10 
7 9 3 8 1 7 0 6 10 
8 11 6 10 4 9 2 8 10 
8 9 4 8 1 7 0 6 10 
9 11 6 10 3 9 0 8 10 
8 8 4 7 2 6 1 5 10 
8 11 5 10 3 9 1 8 10 
10 11 8 10 6 9 4 8 10 
10 14 8 13 6 12 5 11 10 
9 9 5 8 2 7 0 6 10 
9 13 5 12 3 11 1 10 10 
8 11 5 10 3 9 1 8 10 
8 12 4 11 1 10 0 9 10 
8 9 4 8 3 7 2 6 10 
8 9 3 8 2 7 1 6 10 
8 11 5 10 2 9 0 8 10 
10 14 8 13 6 12 5 11 10 
6 6 4 5 3 4 2 3 10 
SCORES_TXT_END_0
SCORES_TXT_BEGIN_0 374 57 9 BLEU
10 10 9 9 8 8 7 7 10 
9 10 7 9 5 8 3 7 10 
9 10 7 9 5 8 3 7 10 
9 10 7 9 5 8 3 7 10 
8 10 5 9 2 8 0 7 10 
9 10 7 9 5 8 3 7 10 
10 11 8 10 6 9 4 8 10 
8 10 5 9 2 8 0 7 10 
10 12 8 11 7 10 6 9 10 
9 11 7 10 5 9 3 8 10 
10 11 8 10 7 9 6 8 10 
9 9 7 8 5 7 3 6 10 
9 11 6 10 3 9 1 8 10 
10 14 8 13 7 12 6 11 10 
10 14 8 13 7 12 6 11 10 
9 10 7 9 5 8 3 7 10 
9 12 6 11 4 10 3 9 10 
8 10 5 9 2 8 0 7 10 
9 12 6 11 4 10 2 9 10 
9 11 6 10 4 9 3 8 10 
8 11 5 10 2 9 0 8 10 
9 11 6 10 4 9 2 8 10 
10 11 8 10 7 9 6 8 10 
9 10 7 9 5 8 3 7 10 
8 10 5 9 2 8 0 7 10 
8 9 5 8 2 7 0 6 10 
10 13 8 12 7 11 6 10 10 
9 14 6 13 4 12 3 11 10 
9 14 6 13 4 12 3 11 10 
9 14 6 13 4 12 2 11 10 
9 14 6 13 4 12 2 11 10 
10 13 8 12 7 11 6 10 10 
8 12 4 11 1 10 0 9 10 
9 12 6 11 4 10 3 9 10 
9 11 6 10 4 9 3 8 10 
8 10 5 9 2 8 0 7 10 
8 11 4 10 1 9 0 8 10 
9 10 8 9 7 8 6 7 10 
9 11 6 10 4 9 3 8 10 
9 13 6 12 4 11 3 10 10 
9 11 6 10 4 9 2 8 10 
8 10 5 9 2 8 0 7 10 
9 11 7 10 5 9 3 8 10 
9 13 6 12 4 11 2 10 10 
9 12 6 11 4 10 2 9 10 
9 10 5 9 3 8 2 7 10 
10 13 7 12 5 11 3 10 10 
9 13 6 12 4 11 3 10 10 
8 10 5 9 2 8 0 7 10 
8 14 4 13 1 12 0 11 10 
9 14 6 13 4 12 3 11 10 
8 14 4 13 1 12 0 11 10 
9 14 6 13 4 12 3 11 10 
9 11 6 10 4 9 2 8 10 
10 12 7 11 5 10 3 9 10 
9 13 6 12 4 11 2 10 10 
9 9 5 8 2 7 1 6 10 
SCORES_TXT_END_0
SCORES_TXT_BEGIN_0 375 21 9 BLEU
13 14 11 13 9 12 8 11 16 
14 14 12 13 10 12 8 11 16 
15 16 13 15 11 14 9 13 16 
11 12 10 11 9 10 8 9 16 
13 14 9 13 6 12 5 11 16 
13 14 9 13 7 12 6 11 16 
14 14 10 13 7 12 5 11 16 
14 16 12 15 10 14 9 13 16 
13 14 8 13 6 12 5 11 16 
14 14 10 13 8 12 6 11 16 
16 16 15 15 14 14 13 13 16 
11 12 7 11 6 10 5 9 16 
13 14 8 13 6 12 5 11 16 
11 12 8 11 7 10 6 9 16 
14 14 9 13 7 12 5 11 16 
13 14 9 13 6 12 5 11 16 
14 14 10 13 7 12 5 11 16 
14 14 9 13 7 12 5 11 16 
15 16 14 15 13 14 12 13 16 
11 12 8 11 6 10 5 9 16 
15 16 10 15 7 14 5 13 16 
SCORES_TXT_END_0
SCORES_TXT_BEGIN_0 376 100 9 BLEU
9 9 8 8 7 7 6 6 9 
8 9 7 8 6 7 5 6 9 
9 11 7 10 6 9 5 8 9 
9 10 8 9 6 8 5 7 9 
9 13 7 12 6 11 5 10 9 
9 13 7 12 6 11 5 10 9 
9 9 5 8 3 7 1 6 9 
9 10 6 9 5 8 4 7 9 
9 10 7 9 5 8 3 7 9 
8 11 6 10 5 9 4 8 9 
9 10 7 9 5 8 4 7 9 
9 10 7 9 5 8 3 7 9 
8 10 7 9 5 8 4 7 9 
9 10 7 9 6 8 5 7 9 
9 10 7 9 5 8 3 7 9 
8 9 4 8 2 7 0 6 9 
9 12 7 11 6 10 5 9 9 
8 13 6 12 5 11 4 10 9 
8 13 6 12 5 11 4 10 9 
9 9 5 8 3 7 1 6 9 
9 10 6 9 5 8 4 7 9 
9 10 7 9 5 8 3 7 9 
9 12 7 11 6 10 5 9 9 
8 10 6 9 4 8 2 7 9 
8 10 6 9 4 8 2 7 9 
9 9 5 8 3 7 2 6 9 
9 10 7 9 5 8 3 7 9 
8 9 4 8 3 7 2 6 9 
9 10 7 9 6 8 5 7 9 
9 11 7 10 5 9 3 8 9 
9 10 7 9 5 8 3 7 9 
9 11 5 10 3 9 1 8 9 
8 9 7 8 6 7 5 6 9 
8 10 6 9 5 8 4 7 9 
8 10 6 9 5 8 4 7 9 
9 9 5 8 3 7 2 6 9 
9 10 5 9 3 8 2 7 9 
9 10 5 9 4 8 3 7 9 
8 10 6 9 4 8 2 7 9 
8 12 6 11 5 10 4 9 9 
8 9 4 8 2 7 1 6 9 
9 10 7 9 5 8 4 7 9 
9 10 6 9 5 8 4 7 9 
8 9 6 8 5 7 4 6 9 
8 10 6 9 4 8 2 7 9 
9 11 6 10 5 9 4 8 9 
9 9 6 8 5 7 4 6 9 
8 9 4 8 2 7 1 6 9 
8 12 6 11 5 10 4 9 9 
9 10 5 9 3 8 1 7 9 
8 9 6 8 4 7 2 6 9 
9 10 5 9 3 8 2 7 9 
9 10 8 9 7 8 6 7 9 
8 10 6 9 4 8 3 7 9 
9 11 7 10 5 9 3 8 9 
9 9 5 8 2 7 0 6 9 
9 12 7 11 6 10 5 9 9 
9 13 5 12 3 11 1 10 9 
9 13 5 12 3 11 1 10 9 
9 9 6 8 5 7 4 6 9 
8 9 4 8 2 7 1 6 9 
8 11 4 10 2 9 0 8 9 
9 10 6 9 5 8 4 7 9 
9 11 5 10 3 9 1 8 9 
9 11 7 10 5 9 3 8 9 
8 10 6 9 4 8 2 7 9 
9 11 5 10 3 9 2 8 9 
8 10 6 9 5 8 4 7 9 
7 9 6 8 5 7 4 6 9 
8 11 6 10 4 9 2 8 9 
9 9 4 8 0 7 0 6 9 
9 10 5 9 4 8 3 7 9 
8 10 6 9 4 8 2 7 9 
7 9 3 8 1 7 0 6 9 
9 11 5 10 3 9 2 8 9 
9 11 6 10 5 9 4 8 9 
8 9 3 8 0 7 0 6 9 
8 10 5 9 3 8 1 7 9 
8 9 5 8 4 7 3 6 9 
8 10 4 9 2 8 1 7 9 
9 10 5 9 2 8 1 7 9 
7 10 5 9 3 8 1 7 9 
9 11 8 10 6 9 5 8 9 
9 10 5 9 4 8 3 7 9 
8 9 4 8 3 7 2 6 9 
8 9 4 8 1 7 0 6 9 
9 11 6 10 5 9 4 8 9 
8 10 7 9 6 8 5 7 9 
9 9 5 8 3 7 1 6 9 
8 11 4 10 3 9 2 8 9 
9 12 5 11 3 10 2 9 9 
9 11 7 10 5 9 4 8 9 
8 9 4 8 0 7 0 6 9 
9 9 5 8 1 7 0 6 9 
7 9 5 8 4 7 3 6 9 
9 10 8 9 7 8 6 7 9 
9 9 5 8 3 7 2 6 9 
9 9 5 8 1 7 0 6 9 
9 10 7 9 5 8 3 7 9 
7 9 3 8 0 7 0 6 9 
SCORES_TXT_END_0
SCORES_TXT_BEGIN_0 377 1 9 BLEU
18 18 17 17 16 16 15 15 18 
SCORES_TXT_END_0
SCORES_TXT_BEGIN_0 378 100 9 BLEU
5 5 4 4 3 3 2 2 5 
4 9 3 8 2 7 1 6 5 
4 9 3 8 2 7 1 6 5 
5 9 3 8 2 7 1 6 5 
5 9 3 8 2 7 1 6 5 
5 7 3 6 2 5 1 4 5 
4 7 3 6 2 5 1 4 5 
4 5 3 4 2 3 1 2 5 
5 6 3 5 2 4 1 3 5 
4 8 3 7 2 6 1 5 5 
4 8 3 7 2 6 1 5 5 
4 6 3 5 2 4 1 3 5 
5 8 3 7 2 6 1 5 5 
5 8 3 7 2 6 1 5 5 
5 8 3 7 2 6 1 5 5 
5 6 4 5 3 4 2 3 5 
4 8 3 7 2 6 1 5 5 
4 8 3 7 2 6 1 5 5 
4 5 2 4 0 3 0 2 5 
5 6 3 5 1 4 0 3 5 
5 6 4 5 3 4 2 3 5 
5 7 3 6 2 5 1 4 5 
5 6 3 5 2 4 1 3 5 
4 10 3 9 2 8 1 7 5 
4 10 3 9 2 8 1 7 5 
4 13 3 12 2 11 1 10 5 
5 8 3 7 2 6 1 5 5 
4 13 3 12 2 11 1 10 5 
4 13 3 12 2 11 1 10 5 
4 13 3 12 2 11 1 10 5 
5 6 3 5 1 4 0 3 5 
5 7 4 6 3 5 2 4 5 
5 6 3 5 2 4 1 3 5 
5 6 3 5 1 4 0 3 5 
4 7 1 6 0 5 0 4 5 
5 11 3 10 2 9 1 8 5 
5 11 3 10 2 9 1 8 5 
5 6 3 5 1 4 0 3 5 
4 9 3 8 2 7 1 6 5 
4 7 1 6 0 5 0 4 5 
4 9 3 8 2 7 1 6 5 
3 7 1 6 0 5 0 4 5 
4 11 3 10 2 9 1 8 5 
4 11 3 10 2 9 1 8 5 
4 11 3 10 2 9 1 8 5 
5 8 3 7 2 6 1 5 5 
4 7 3 6 2 5 1 4 5 
4 11 3 10 2 9 1 8 5 
4 12 3 11 2 10 1 9 5 
5 7 3 6 2 5 1 4 5 
5 7 1 6 0 5 0 4 5 
5 5 1 4 0 3 0 2 5 
5 7 4 6 2 5 0 4 5 
4 12 3 11 2 10 1 9 5 
4 5 1 4 0 3 0 2 5 
3 7 1 6 0 5 0 4 5 
4 12 3 11 2 10 1 9 5 
4 7 1 6 0 5 0 4 5 
4 12 3 11 2 10 1 9 5 
5 9 3 8 2 7 1 6 5 
5 6 4 5 3 4 2 3 5 
4 9 3 8 2 7 1 6 5 
4 10 3 9 2 8 1 7 5 
4 10 3 9 2 8 1 7 5 
5 6 4 5 3 4 2 3 5 
4 9 3 8 2 7 1 6 5 
5 8 3 7 2 6 1 5 5 
5 7 3 6 2 5 1 4 5 
5 7 4 6 3 5 2 4 5 
5 7 4 6 3 5 2 4 5 
5 8 3 7 2 6 1 5 5 
5 6 4 5 3 4 2 3 5 
5 6 4 5 3 4 2 3 5 
3 5 1 4 0 3 0 2 5 
4 9 3 8 2 7 1 6 5 
5 6 3 5 1 4 0 3 5 
4 10 3 9 2 8 1 7 5 
4 9 1 8 0 7 0 6 5 
3 9 1 8 0 7 0 6 5 
4 10 3 9 2 8 1 7 5 
5 7 3 6 2 5 1 4 5 
3 9 1 8 0 7 0 6 5 
4 8 3 7 2 6 1 5 5 
4 6 2 5 1 4 0 3 5 
4 9 1 8 0 7 0 6 5 
5 7 3 6 1 5 0 4 5 
3 9 1 8 0 7 0 6 5 
3 9 1 8 0 7 0 6 5 
5 7 3 6 1 5 0 4 5 
4 6 3 5 2 4 1 3 5 
3 5 1 4 0 3 0 2 5 
5 7 3 6 1 5 0 4 5 
4 8 2 7 1 6 0 5 5 
5 6 3 5 2 4 1 3 5 
5 7 3 6 2 5 1 4 5 
4 6 1 5 0 4 0 3 5 
4 7 3 6 2 5 1 4 5 
5 7 2 6 1 5 0 4 5 
5 10 3 9 2 8 1 7 5 
4 5 1 4 0 3 0 2 5 
SCORES_TXT_END_0
SCORES_TXT_BEGIN_0 379 100 9 BLEU
9 12 7 11 5 10 3 9 9 
9 12 7 11 5 10 3 9 9 
9 10 8 9 7 8 6 7 9 
9 13 7 12 5 11 3 10 9 
9 13 6 12 3 11 1 10 9 
9 13 7 12 5 11 3 10 9 
9 11 7 10 5 9 4 8 9 
9 13 6 12 3 11 1 10 9 
9 12 6 11 3 10 1 9 9 
9 13 7 12 5 11 3 10 9 
9 10 7 9 5 8 4 7 9 
9 12 6 11 3 10 1 9 9 
9 13 7 12 5 11 3 10 9 
8 8 5 7 4 6 3 5 9 
9 12 6 11 3 10 1 9 9 
9 11 8 10 7 9 6 8 9 
9 13 6 12 4 11 2 10 9 
9 10 7 9 5 8 4 7 9 
9 11 7 10 6 9 5 8 9 
9 12 6 11 3 10 1 9 9 
9 13 6 12 4 11 2 10 9 
9 11 8 10 7 9 6 8 9 
9 13 7 12 5 11 3 10 9 
9 12 6 11 3 10 1 9 9 
9 13 7 12 5 11 3 10 9 
9 12 6 11 3 10 1 9 9 
9 15 5 14 3 13 1 12 9 
9 13 6 12 5 11 4 10 9 
9 15 5 14 3 13 1 12 9 
9 15 6 14 3 13 1 12 9 
9 15 6 14 3 13 1 12 9 
9 14 5 13 3 12 1 11 9 
9 13 7 12 5 11 4 10 9 
9 10 7 9 5 8 3 7 9 
9 11 8 10 7 9 6 8 9 
9 13 7 12 5 11 4 10 9 
9 15 6 14 3 13 1 12 9 
9 12 6 11 5 10 4 9 9 
9 14 6 13 4 12 2 11 9 
7 7 5 6 4 5 3 4 9 
9 15 6 14 3 13 1 12 9 
9 14 5 13 3 12 1 11 9 
9 12 7 11 6 10 5 9 9 
8 9 5 8 4 7 3 6 9 
9 14 5 13 3 12 1 11 9 
9 12 7 11 5 10 3 9 9 
8 10 5 9 4 8 3 7 9 
9 14 6 13 3 12 1 11 9 
9 14 6 13 4 12 2 11 9 
9 13 7 12 4 11 1 10 9 
8 10 5 9 4 8 3 7 9 
9 14 6 13 3 12 1 11 9 
9 12 6 11 5 10 4 9 9 
9 12 7 11 5 10 4 9 9 
9 12 7 11 5 10 3 9 9 
9 13 6 12 4 11 2 10 9 
9 14 5 13 3 12 1 11 9 
9 12 7 11 5 10 4 9 9 
9 14 6 13 3 12 1 11 9 
9 14 6 13 3 12 1 11 9 
9 14 6 13 4 12 2 11 9 
9 13 6 12 3 11 1 10 9 
9 14 7 13 5 12 3 11 9 
9 11 7 10 6 9 5 8 9 
9 13 6 12 3 11 1 10 9 
9 14 6 13 4 12 2 11 9 
8 9 5 8 4 7 3 6 9 
9 14 6 13 3 12 1 11 9 
9 9 5 8 2 7 1 6 9 
9 12 7 11 5 10 4 9 9 
9 9 6 8 5 7 4 6 9 
9 15 6 14 4 13 2 12 9 
9 13 6 12 4 11 2 10 9 
9 12 7 11 6 10 5 9 9 
9 11 7 10 5 9 4 8 9 
9 14 6 13 3 12 1 11 9 
9 12 7 11 6 10 5 9 9 
9 14 6 13 3 12 1 11 9 
9 14 7 13 5 12 3 11 9 
9 13 6 12 3 11 1 10 9 
9 14 6 13 4 12 2 11 9 
9 9 5 8 4 7 3 6 9 
9 13 6 12 3 11 1 10 9 
9 13 7 12 6 11 5 10 9 
9 14 6 13 4 12 2 11 9 
9 14 7 13 4 12 1 11 9 
9 14 6 13 3 12 1 11 9 
9 14 6 13 3 12 1 11 9 
9 15 6 14 4 13 2 12 9 
9 10 8 9 7 8 6 7 9 
8 9 5 8 4 7 3 6 9 
9 15 7 14 4 13 1 12 9 
9 12 6 11 4 10 2 9 9 
9 12 6 11 3 10 1 9 9 
9 14 6 13 3 12 1 11 9 
8 8 4 7 2 6 1 5 9 
9 12 6 11 4 10 2 9 9 
9 15 7 14 4 13 1 12 9 
9 12 6 11 3 10 1 9 9 
8 12 5 11 3 10 1 9 9 
SCORES_TXT_END_0
SCORES_TXT_BEGIN_0 380 19 9 BLEU
15 16 13 15 11 14 9 13 16 
16 16 15 15 14 14 13 13 16 
13 15 11 14 9 13 7 12 16 
14 15 12 14 10 13 8 12 16 
16 16 12 15 9 14 7 13 16 
15 16 10 15 6 14 3 13 16 
15 18 12 17 9 16 6 15 16 
16 18 14 17 12 16 10 15 16 
15 18 12 17 9 16 6 15 16 
14 15 9 14 5 13 2 12 16 
16 18 14 17 12 16 10 15 16 
14 17 11 16 8 15 5 14 16 
13 15 8 14 4 13 1 12 16 
13 17 10 16 7 15 4 14 16 
13 17 10 16 7 15 4 14 16 
16 18 12 17 9 16 7 15 16 
14 17 11 16 8 15 5 14 16 
15 18 10 17 6 16 3 15 16 
13 15 10 14 7 13 4 12 16 
SCORES_TXT_END_0
SCORES_TXT_BEGIN_0 381 99 9 BLEU
8 8 7 7 6 6 5 5 8 
7 8 6 7 5 6 4 5 8 
7 12 6 11 5 10 4 9 8 
7 12 6 11 5 10 4 9 8 
8 10 6 9 5 8 4 7 8 
7 10 6 9 5 8 4 7 8 
7 11 6 10 5 9 4 8 8 
7 11 6 10 5 9 4 8 8 
8 9 6 8 4 7 3 6 8 
8 8 4 7 3 6 2 5 8 
8 8 4 7 2 6 1 5 8 
8 9 7 8 5 7 3 6 8 
8 9 6 8 5 7 4 6 8 
8 9 6 8 4 7 3 6 8 
8 8 5 7 4 6 3 5 8 
7 8 4 7 3 6 2 5 8 
7 9 6 8 5 7 4 6 8 
8 9 6 8 5 7 4 6 8 
7 10 4 9 3 8 2 7 8 
8 9 6 8 4 7 3 6 8 
7 8 4 7 2 6 1 5 8 
8 9 6 8 4 7 2 6 8 
8 9 6 8 4 7 2 6 8 
8 8 4 7 2 6 1 5 8 
7 8 5 7 4 6 3 5 8 
8 8 4 7 1 6 0 5 8 
8 9 6 8 4 7 3 6 8 
7 10 4 9 2 8 1 7 8 
7 9 5 8 3 7 1 6 8 
8 9 6 8 4 7 2 6 8 
7 8 5 7 3 6 2 5 8 
8 9 6 8 5 7 4 6 8 
7 9 6 8 5 7 4 6 8 
8 10 6 9 4 8 3 7 8 
7 12 4 11 3 10 2 9 8 
7 12 4 11 3 10 2 9 8 
8 9 6 8 4 7 2 6 8 
7 11 6 10 5 9 4 8 8 
7 9 5 8 4 7 3 6 8 
8 8 5 7 3 6 2 5 8 
8 10 4 9 3 8 2 7 8 
7 11 4 10 3 9 2 8 8 
8 9 6 8 4 7 2 6 8 
7 11 4 10 3 9 2 8 8 
8 9 6 8 5 7 4 6 8 
8 8 4 7 2 6 1 5 8 
8 9 6 8 4 7 2 6 8 
7 12 4 11 2 10 1 9 8 
7 12 4 11 2 10 1 9 8 
8 9 6 8 5 7 4 6 8 
8 8 4 7 2 6 1 5 8 
8 9 5 8 3 7 2 6 8 
8 10 4 9 2 8 1 7 8 
7 11 4 10 2 9 1 8 8 
7 9 5 8 3 7 1 6 8 
7 11 4 10 2 9 1 8 8 
7 9 6 8 5 7 4 6 8 
7 9 6 8 4 7 2 6 8 
7 9 4 8 3 7 2 6 8 
8 9 7 8 6 7 5 6 8 
7 11 6 10 5 9 4 8 8 
7 9 5 8 4 7 3 6 8 
7 9 5 8 3 7 1 6 8 
7 11 4 10 2 9 1 8 8 
8 8 4 7 1 6 0 5 8 
7 11 4 10 2 9 1 8 8 
8 9 4 8 2 7 1 6 8 
7 13 5 12 4 11 3 10 8 
8 8 4 7 2 6 0 5 8 
7 8 4 7 2 6 1 5 8 
7 13 5 12 4 11 3 10 8 
8 8 3 7 2 6 1 5 8 
8 10 5 9 4 8 3 7 8 
7 9 4 8 2 7 1 6 8 
8 10 6 9 5 8 4 7 8 
7 9 4 8 2 7 1 6 8 
8 8 5 7 3 6 2 5 8 
7 9 6 8 5 7 4 6 8 
7 9 4 8 2 7 1 6 8 
7 13 6 12 5 11 4 10 8 
7 13 6 12 5 11 4 10 8 
8 9 4 8 3 7 2 6 8 
7 9 4 8 2 7 1 6 8 
8 11 6 10 5 9 4 8 8 
7 8 4 7 2 6 1 5 8 
8 11 5 10 4 9 3 8 8 
7 12 6 11 5 10 4 9 8 
8 9 4 8 3 7 2 6 8 
7 9 5 8 3 7 2 6 8 
8 10 6 9 4 8 2 7 8 
7 12 6 11 5 10 4 9 8 
8 9 4 8 2 7 1 6 8 
7 11 6 10 5 9 4 8 8 
7 9 5 8 4 7 3 6 8 
8 9 6 8 4 7 2 6 8 
7 9 6 8 5 7 4 6 8 
7 10 5 9 4 8 3 7 8 
7 9 5 8 3 7 2 6 8 
8 8 4 7 3 6 2 5 8 
SCORES_TXT_END_0
SCORES_TXT_BEGIN_0 382 100 9 BLEU
8 8 7 7 6 6 5 5 8 
6 8 5 7 4 6 3 5 8 
7 7 5 6 4 5 3 4 8 
7 9 5 8 4 7 3 6 8 
7 11 5 10 4 9 3 8 8 
7 11 5 10 4 9 3 8 8 
5 6 4 5 3 4 2 3 8 
7 8 5 7 4 6 3 5 8 
8 10 6 9 5 8 4 7 8 
8 9 7 8 5 7 4 6 8 
7 10 5 9 4 8 3 7 8 
6 7 5 6 4 5 3 4 8 
6 10 4 9 3 8 2 7 8 
8 12 6 11 5 10 4 9 8 
8 12 6 11 5 10 4 9 8 
6 9 5 8 3 7 2 6 8 
7 10 5 9 4 8 3 7 8 
7 8 4 7 3 6 2 5 8 
6 12 4 11 3 10 2 9 8 
6 12 4 11 3 10 2 9 8 
7 10 5 9 4 8 3 7 8 
8 9 6 8 4 7 2 6 8 
8 9 6 8 5 7 4 6 8 
8 8 4 7 2 6 0 5 8 
6 8 2 7 1 6 0 5 8 
8 11 6 10 5 9 4 8 8 
7 8 5 7 4 6 3 5 8 
5 6 2 5 1 4 0 3 8 
7 8 5 7 4 6 3 5 8 
8 8 4 7 2 6 0 5 8 
8 11 6 10 5 9 4 8 8 
8 8 5 7 3 6 1 5 8 
7 10 4 9 3 8 2 7 8 
8 8 4 7 2 6 1 5 8 
5 6 2 5 1 4 0 3 8 
6 8 2 7 1 6 0 5 8 
8 9 6 8 4 7 3 6 8 
6 9 4 8 3 7 2 6 8 
6 11 4 10 3 9 2 8 8 
6 8 3 7 1 6 0 5 8 
7 12 5 11 4 10 3 9 8 
7 12 5 11 4 10 3 9 8 
8 9 6 8 4 7 3 6 8 
6 9 4 8 2 7 0 6 8 
8 9 6 8 4 7 2 6 8 
8 8 4 7 3 6 2 5 8 
8 9 6 8 5 7 4 6 8 
6 9 4 8 3 7 2 6 8 
8 8 5 7 4 6 3 5 8 
6 8 3 7 2 6 1 5 8 
7 8 6 7 5 6 4 5 8 
7 8 5 7 4 6 3 5 8 
8 8 4 7 2 6 1 5 8 
6 8 5 7 4 6 3 5 8 
7 7 2 6 1 5 0 4 8 
5 7 4 6 3 5 2 4 8 
7 10 5 9 4 8 3 7 8 
7 9 4 8 3 7 2 6 8 
6 11 4 10 3 9 2 8 8 
6 8 5 7 4 6 3 5 8 
5 6 3 5 1 4 0 3 8 
6 7 3 6 2 5 1 4 8 
5 6 3 5 2 4 1 3 8 
8 10 4 9 2 8 0 7 8 
6 8 2 7 0 6 0 5 8 
6 10 2 9 1 8 0 7 8 
6 9 4 8 2 7 1 6 8 
7 7 3 6 2 5 1 4 8 
7 7 3 6 2 5 1 4 8 
5 8 2 7 1 6 0 5 8 
7 9 2 8 1 7 0 6 8 
8 9 7 8 6 7 5 6 8 
6 9 5 8 4 7 3 6 8 
8 10 4 9 3 8 2 7 8 
5 8 4 7 3 6 2 5 8 
6 9 4 8 2 7 1 6 8 
8 8 5 7 3 6 1 5 8 
6 8 2 7 1 6 0 5 8 
6 9 4 8 3 7 2 6 8 
8 9 5 8 2 7 1 6 8 
8 9 6 8 4 7 2 6 8 
8 9 4 8 3 7 2 6 8 
5 8 3 7 2 6 1 5 8 
6 8 2 7 0 6 0 5 8 
7 11 4 10 3 9 2 8 8 
8 9 6 8 4 7 2 6 8 
8 8 4 7 2 6 1 5 8 
7 9 5 8 4 7 3 6 8 
8 10 4 9 2 8 1 7 8 
7 9 3 8 2 7 1 6 8 
5 8 3 7 2 6 1 5 8 
8 10 5 9 4 8 3 7 8 
6 10 3 9 2 8 1 7 8 
7 9 5 8 4 7 3 6 8 
8 8 5 7 4 6 3 5 8 
8 9 4 8 3 7 2 6 8 
8 10 4 9 2 8 1 7 8 
8 12 4 11 2 10 1 9 8 
8 12 4 11 2 10 1 9 8 
8 12 4 11 2 10 0 9 8 
SCORES_TXT_END_0
SCORES_TXT_BEGIN_0 383 100 9 BLEU
6 6 5 5 4 4 3 3 6 
5 6 4 5 3 4 2 3 6 
5 5 3 4 2 3 1 2 6 
5 10 4 9 3 8 2 7 6 
5 10 4 9 3 8 2 7 6 
6 8 4 7 3 6 2 5 6 
5 8 4 7 3 6 2 5 6 
4 5 2 4 1 3 0 2 6 
4 9 2 8 1 7 0 6 6 
4 9 2 8 1 7 0 6 6 
5 7 2 6 1 5 0 4 6 
4 7 2 6 1 5 0 4 6 
6 7 4 6 3 5 2 4 6 
5 9 4 8 3 7 2 6 6 
5 9 4 8 3 7 2 6 6 
5 7 4 6 3 5 2 4 6 
5 7 4 6 3 5 2 4 6 
5 6 3 5 1 4 0 3 6 
6 7 4 6 3 5 2 4 6 
6 7 4 6 3 5 2 4 6 
5 7 4 6 3 5 2 4 6 
6 9 4 8 3 7 2 6 6 
6 6 2 5 1 4 0 3 6 
5 6 2 5 1 4 0 3 6 
4 8 2 7 1 6 0 5 6 
6 6 2 5 1 4 0 3 6 
5 11 4 10 3 9 2 8 6 
5 11 4 10 3 9 2 8 6 
4 8 2 7 1 6 0 5 6 
5 11 4 10 3 9 2 8 6 
5 11 4 10 3 9 2 8 6 
5 9 4 8 3 7 2 6 6 
6 9 4 8 3 7 2 6 6 
4 6 2 5 1 4 0 3 6 
5 9 4 8 3 7 2 6 6 
4 6 2 5 1 4 0 3 6 
5 10 4 9 3 8 2 7 6 
4 6 2 5 1 4 0 3 6 
5 10 4 9 3 8 2 7 6 
4 8 2 7 1 6 0 5 6 
4 5 1 4 0 3 0 2 6 
5 6 2 5 1 4 0 3 6 
6 7 2 6 1 5 0 4 6 
5 8 2 7 1 6 0 5 6 
5 6 2 5 1 4 0 3 6 
5 5 2 4 1 3 0 2 6 
4 10 2 9 1 8 0 7 6 
5 6 2 5 1 4 0 3 6 
6 6 3 5 2 4 1 3 6 
4 10 2 9 1 8 0 7 6 
5 5 1 4 0 3 0 2 6 
5 5 0 4 0 3 0 2 6 
4 5 0 4 0 3 0 2 6 
6 6 3 5 2 4 1 3 6 
5 6 2 5 1 4 0 3 6 
5 5 2 4 1 3 0 2 6 
4 6 2 5 1 4 0 3 6 
5 8 2 7 1 6 0 5 6 
6 6 3 5 2 4 1 3 6 
6 6 2 5 1 4 0 3 6 
5 6 3 5 2 4 1 3 6 
5 5 1 4 0 3 0 2 6 
5 8 2 7 1 6 0 5 6 
6 8 4 7 3 6 2 5 6 
5 8 2 7 1 6 0 5 6 
5 10 2 9 1 8 0 7 6 
4 8 2 7 1 6 0 5 6 
5 10 2 9 1 8 0 7 6 
5 7 2 6 1 5 0 4 6 
4 10 2 9 1 8 0 7 6 
3 5 0 4 0 3 0 2 6 
4 5 1 4 0 3 0 2 6 
4 10 2 9 1 8 0 7 6 
4 5 0 4 0 3 0 2 6 
3 5 0 4 0 3 0 2 6 
5 10 2 9 1 8 0 7 6 
5 10 2 9 1 8 0 7 6 
4 10 2 9 1 8 0 7 6 
4 5 0 4 0 3 0 2 6 
6 6 3 5 1 4 0 3 6 
5 10 4 9 3 8 2 7 6 
4 10 2 9 1 8 0 7 6 
4 8 2 7 1 6 0 5 6 
6 7 2 6 1 5 0 4 6 
6 8 2 7 1 6 0 5 6 
5 5 0 4 0 3 0 2 6 
5 9 2 8 1 7 0 6 6 
5 9 2 8 1 7 0 6 6 
5 5 1 4 0 3 0 2 6 
5 10 4 9 3 8 2 7 6 
6 8 2 7 1 6 0 5 6 
5 7 2 6 1 5 0 4 6 
5 9 2 8 1 7 0 6 6 
5 5 1 4 0 3 0 2 6 
3 7 0 6 0 5 0 4 6 
6 6 3 5 1 4 0 3 6 
4 5 0 4 0 3 0 2 6 
5 8 4 7 3 6 2 5 6 
5 6 3 5 2 4 1 3 6 
5 5 1 4 0 3 0 2 6 
SCORES_TXT_END_0
SCORES_TXT_BEGIN_0 384 100 9 BLEU
10 10 9 9 8 8 7 7 10 
9 10 7 9 5 8 3 7 10 
9 11 7 10 5 9 3 8 10 
9 10 8 9 7 8 6 7 10 
9 10 7 9 5 8 3 7 10 
9 10 7 9 6 8 5 7 10 
9 11 7 10 5 9 3 8 10 
9 10 7 9 5 8 3 7 10 
9 14 8 13 7 12 6 11 10 
9 9 7 8 5 7 4 6 10 
7 10 5 9 4 8 3 7 10 
9 14 8 13 7 12 6 11 10 
10 12 8 11 7 10 6 9 10 
8 10 7 9 6 8 5 7 10 
9 12 7 11 5 10 3 9 10 
9 10 7 9 5 8 3 7 10 
8 9 6 8 4 7 3 6 10 
9 12 8 11 7 10 6 9 10 
10 11 8 10 6 9 4 8 10 
10 10 6 9 3 8 1 7 10 
9 13 8 12 7 11 6 10 10 
9 13 8 12 7 11 6 10 10 
10 11 8 10 6 9 4 8 10 
9 11 6 10 4 9 2 8 10 
9 10 7 9 5 8 4 7 10 
9 10 7 9 5 8 3 7 10 
10 10 6 9 4 8 2 7 10 
8 9 6 8 4 7 3 6 10 
9 10 6 9 4 8 2 7 10 
9 10 6 9 3 8 1 7 10 
9 10 7 9 5 8 4 7 10 
9 10 7 9 5 8 4 7 10 
9 10 7 9 5 8 4 7 10 
6 10 5 9 4 8 3 7 10 
9 10 5 9 2 8 1 7 10 
9 12 6 11 3 10 1 9 10 
8 11 6 10 4 9 2 8 10 
9 13 7 12 5 11 3 10 10 
8 14 7 13 6 12 5 11 10 
10 11 8 10 6 9 4 8 10 
10 11 8 10 6 9 4 8 10 
9 11 7 10 5 9 3 8 10 
8 14 7 13 6 12 5 11 10 
8 10 6 9 5 8 4 7 10 
8 10 5 9 4 8 3 7 10 
10 11 8 10 6 9 4 8 10 
10 11 8 10 6 9 4 8 10 
8 11 6 10 4 9 2 8 10 
9 11 7 10 5 9 3 8 10 
9 12 7 11 6 10 5 9 10 
8 10 5 9 3 8 2 7 10 
10 11 8 10 6 9 4 8 10 
6 11 4 10 3 9 2 8 10 
8 10 6 9 4 8 2 7 10 
10 10 6 9 3 8 1 7 10 
8 10 6 9 4 8 3 7 10 
8 10 5 9 3 8 2 7 10 
9 10 6 9 4 8 3 7 10 
8 12 7 11 6 10 5 9 10 
8 10 6 9 4 8 3 7 10 
8 10 6 9 5 8 4 7 10 
10 11 8 10 7 9 6 8 10 
8 10 6 9 4 8 2 7 10 
8 11 6 10 4 9 3 8 10 
10 10 6 9 2 8 1 7 10 
6 14 5 13 4 12 3 11 10 
10 10 6 9 4 8 2 7 10 
6 10 4 9 3 8 2 7 10 
10 10 6 9 4 8 3 7 10 
6 14 5 13 4 12 3 11 10 
9 10 6 9 3 8 2 7 10 
8 10 5 9 4 8 3 7 10 
8 9 5 8 4 7 3 6 10 
8 10 6 9 4 8 2 7 10 
7 10 5 9 4 8 3 7 10 
9 11 7 10 5 9 3 8 10 
7 12 5 11 4 10 3 9 10 
7 10 5 9 3 8 2 7 10 
8 10 6 9 4 8 3 7 10 
6 10 4 9 3 8 2 7 10 
8 9 5 8 3 7 2 6 10 
9 10 5 9 2 8 1 7 10 
9 11 7 10 5 9 3 8 10 
9 9 5 8 4 7 3 6 10 
10 11 8 10 6 9 4 8 10 
9 9 5 8 3 7 2 6 10 
8 13 7 12 6 11 5 10 10 
9 11 7 10 5 9 3 8 10 
9 10 6 9 4 8 3 7 10 
8 10 6 9 5 8 4 7 10 
9 11 7 10 5 9 3 8 10 
8 10 6 9 4 8 3 7 10 
8 11 6 10 4 9 2 8 10 
9 10 5 9 3 8 1 7 10 
10 11 8 10 6 9 4 8 10 
10 11 9 10 7 9 5 8 10 
8 10 6 9 5 8 4 7 10 
8 13 7 12 6 11 5 10 10 
9 11 8 10 7 9 6 8 10 
10 11 8 10 7 9 6 8 10 
SCORES_TXT_END_0
SCORES_TXT_BEGIN_0 385 100 9 BLEU
6 6 5 5 4 4 3 3 6 
5 10 4 9 3 8 2 7 6 
5 10 4 9 3 8 2 7 6 
5 6 4 5 3 4 2 3 6 
6 8 4 7 3 6 2 5 6 
5 8 4 7 3 6 2 5 6 
5 9 4 8 3 7 2 6 6 
5 9 4 8 3 7 2 6 6 
6 7 4 6 3 5 2 4 6 
6 6 2 5 0 4 0 3 6 
5 7 4 6 3 5 2 4 6 
5 6 3 5 1 4 0 3 6 
6 6 3 5 1 4 0 3 6 
5 6 2 5 0 4 0 3 6 
6 6 2 5 1 4 0 3 6 
5 6 2 5 1 4 0 3 6 
5 8 2 7 0 6 0 5 6 
6 6 2 5 0 4 0 3 6 
4 6 2 5 1 4 0 3 6 
4 6 2 5 1 4 0 3 6 
4 8 2 7 1 6 0 5 6 
5 6 2 5 1 4 0 3 6 
5 10 2 9 0 8 0 7 6 
5 8 2 7 1 6 0 5 6 
5 10 2 9 0 8 0 7 6 
6 8 2 7 0 6 0 5 6 
5 9 2 8 0 7 0 6 6 
4 10 2 9 1 8 0 7 6 
5 9 2 8 0 7 0 6 6 
6 6 3 5 1 4 0 3 6 
4 10 2 9 1 8 0 7 6 
4 10 2 9 1 8 0 7 6 
4 10 2 9 1 8 0 7 6 
5 7 2 6 0 5 0 4 6 
6 6 3 5 2 4 1 3 6 
6 6 3 5 2 4 1 3 6 
5 6 1 5 0 4 0 3 6 
5 8 2 7 1 6 0 5 6 
5 10 2 9 0 8 0 7 6 
5 10 2 9 0 8 0 7 6 
5 8 2 7 1 6 0 5 6 
6 6 4 5 3 4 2 3 6 
5 6 1 5 0 4 0 3 6 
5 6 2 5 0 4 0 3 6 
6 6 3 5 1 4 0 3 6 
6 6 1 5 0 4 0 3 6 
5 6 1 5 0 4 0 3 6 
5 10 2 9 1 8 0 7 6 
4 8 2 7 1 6 0 5 6 
5 10 2 9 1 8 0 7 6 
6 7 2 6 0 5 0 4 6 
4 9 2 8 1 7 0 6 6 
6 8 2 7 1 6 0 5 6 
5 9 2 8 1 7 0 6 6 
6 6 3 5 1 4 0 3 6 
6 6 2 5 0 4 0 3 6 
5 9 2 8 1 7 0 6 6 
5 6 3 5 2 4 1 3 6 
4 9 2 8 1 7 0 6 6 
6 6 3 5 1 4 0 3 6 
6 6 3 5 1 4 0 3 6 
5 6 4 5 3 4 2 3 6 
5 10 1 9 0 8 0 7 6 
5 10 1 9 0 8 0 7 6 
5 6 2 5 0 4 0 3 6 
5 6 3 5 2 4 1 3 6 
4 6 1 5 0 4 0 3 6 
5 6 1 5 0 4 0 3 6 
5 7 2 6 1 5 0 4 6 
4 9 2 8 1 7 0 6 6 
4 8 1 7 0 6 0 5 6 
4 9 2 8 1 7 0 6 6 
5 8 3 7 2 6 1 5 6 
5 6 2 5 0 4 0 3 6 
6 8 1 7 0 6 0 5 6 
5 6 3 5 1 4 0 3 6 
5 6 3 5 1 4 0 3 6 
5 6 2 5 0 4 0 3 6 
5 6 1 5 0 4 0 3 6 
4 6 1 5 0 4 0 3 6 
6 7 2 6 1 5 0 4 6 
4 10 1 9 0 8 0 7 6 
5 8 1 7 0 6 0 5 6 
5 6 3 5 1 4 0 3 6 
5 9 1 8 0 7 0 6 6 
5 6 2 5 1 4 0 3 6 
6 6 2 5 1 4 0 3 6 
5 6 2 5 1 4 0 3 6 
4 10 1 9 0 8 0 7 6 
5 8 3 7 1 6 0 5 6 
5 8 2 7 0 6 0 5 6 
5 9 1 8 0 7 0 6 6 
4 7 2 6 1 5 0 4 6 
5 7 2 6 1 5 0 4 6 
5 8 1 7 0 6 0 5 6 
4 8 1 7 0 6 0 5 6 
5 6 3 5 1 4 0 3 6 
5 10 2 9 0 8 0 7 6 
5 10 2 9 0 8 0 7 6 
4 6 1 5 0 4 0 3 6 
SCORES_TXT_END_0
SCORES_TXT_BEGIN_0 386 100 9 BLEU
9 9 8 8 7 7 6 6 9 
8 9 7 8 6 7 5 6 9 
8 8 6 7 5 6 4 5 9 
8 11 7 10 6 9 5 8 9 
8 13 7 12 6 11 5 10 9 
8 13 7 12 6 11 5 10 9 
9 11 7 10 6 9 5 8 9 
8 10 7 9 6 8 5 7 9 
8 12 7 11 6 10 5 9 9 
7 8 5 7 4 6 3 5 9 
9 10 7 9 6 8 5 7 9 
9 12 7 11 6 10 5 9 9 
7 10 5 9 4 8 3 7 9 
9 13 7 12 6 11 5 10 9 
7 12 5 11 4 10 3 9 9 
7 12 5 11 4 10 3 9 9 
8 10 5 9 4 8 3 7 9 
8 14 7 13 6 12 5 11 9 
8 14 7 13 6 12 5 11 9 
7 9 5 8 4 7 3 6 9 
8 12 7 11 6 10 5 9 9 
8 12 7 11 6 10 5 9 9 
7 11 5 10 4 9 3 8 9 
9 10 7 9 6 8 5 7 9 
9 10 7 9 6 8 5 7 9 
9 14 7 13 6 12 5 11 9 
9 10 7 9 6 8 5 7 9 
8 9 5 8 4 7 3 6 9 
8 10 7 9 6 8 5 7 9 
8 13 7 12 6 11 5 10 9 
9 10 7 9 6 8 5 7 9 
8 13 7 12 6 11 5 10 9 
9 10 8 9 6 8 4 7 9 
8 11 5 10 4 9 3 8 9 
8 9 6 8 4 7 2 6 9 
9 11 7 10 6 9 5 8 9 
8 10 7 9 6 8 5 7 9 
9 9 5 8 3 7 1 6 9 
8 10 7 9 6 8 5 7 9 
8 12 5 11 4 10 3 9 9 
9 11 7 10 6 9 5 8 9 
8 9 4 8 2 7 1 6 9 
8 12 7 11 6 10 5 9 9 
9 12 7 11 6 10 5 9 9 
8 12 7 11 6 10 5 9 9 
8 11 7 10 6 9 5 8 9 
7 13 5 12 4 11 3 10 9 
8 10 7 9 6 8 5 7 9 
8 9 4 8 2 7 1 6 9 
7 13 5 12 4 11 3 10 9 
9 10 7 9 6 8 5 7 9 
9 11 7 10 6 9 5 8 9 
7 11 5 10 4 9 3 8 9 
8 12 7 11 6 10 5 9 9 
7 11 5 10 4 9 3 8 9 
9 9 5 8 2 7 1 6 9 
9 10 5 9 3 8 2 7 9 
9 12 4 11 2 10 1 9 9 
9 10 7 9 5 8 4 7 9 
8 10 7 9 5 8 3 7 9 
9 11 7 10 6 9 5 8 9 
8 10 6 9 4 8 2 7 9 
9 10 5 9 2 8 1 7 9 
8 9 6 8 4 7 2 6 9 
8 12 7 11 5 10 3 9 9 
8 9 6 8 4 7 2 6 9 
9 11 7 10 6 9 5 8 9 
8 13 7 12 6 11 5 10 9 
8 9 4 8 3 7 2 6 9 
8 11 7 10 6 9 5 8 9 
8 9 5 8 3 7 1 6 9 
9 12 7 11 6 10 5 9 9 
8 10 4 9 2 8 1 7 9 
8 9 4 8 3 7 2 6 9 
9 9 5 8 4 7 3 6 9 
8 10 5 9 3 8 2 7 9 
8 12 4 11 2 10 1 9 9 
8 10 4 9 2 8 1 7 9 
9 13 7 12 6 11 5 10 9 
8 9 5 8 4 7 3 6 9 
8 11 7 10 6 9 5 8 9 
9 11 4 10 2 9 1 8 9 
9 11 7 10 5 9 4 8 9 
7 9 4 8 2 7 1 6 9 
8 13 7 12 6 11 5 10 9 
8 11 5 10 3 9 1 8 9 
8 10 5 9 2 8 1 7 9 
7 9 4 8 2 7 1 6 9 
8 13 5 12 4 11 3 10 9 
9 10 3 9 2 8 1 7 9 
8 14 7 13 6 12 5 11 9 
8 14 7 13 6 12 5 11 9 
8 10 6 9 5 8 4 7 9 
8 9 5 8 4 7 3 6 9 
8 13 7 12 6 11 5 10 9 
7 9 5 8 3 7 1 6 9 
8 14 7 13 6 12 5 11 9 
8 10 7 9 6 8 5 7 9 
8 14 7 13 6 12 5 11 9 
8 8 5 7 4 6 3 5 9 
SCORES_TXT_END_0
SCORES_TXT_BEGIN_0 387 34 9 BLEU
16 16 15 15 14 14 13 13 16 
16 17 15 16 13 15 11 14 16 
15 15 13 14 11 13 9 12 16 
16 17 14 16 12 15 10 14 16 
16 16 12 15 9 14 7 13 16 
16 17 13 16 9 15 7 14 16 
15 16 13 15 10 14 8 13 16 
16 17 14 16 12 15 10 14 16 
15 17 13 16 11 15 9 14 16 
16 16 12 15 10 14 8 13 16 
15 16 11 15 9 14 7 13 16 
15 16 13 15 12 14 11 13 16 
15 16 13 15 11 14 9 13 16 
16 18 14 17 11 16 9 15 16 
15 16 13 15 11 14 9 13 16 
16 16 12 15 10 14 8 13 16 
15 16 14 15 13 14 12 13 16 
15 17 12 16 9 15 7 14 16 
15 16 13 15 11 14 9 13 16 
15 16 11 15 9 14 7 13 16 
16 17 13 16 10 15 8 14 16 
15 17 12 16 9 15 7 14 16 
15 16 13 15 11 14 9 13 16 
16 16 12 15 9 14 6 13 16 
15 16 13 15 11 14 9 13 16 
15 15 13 14 11 13 9 12 16 
15 16 13 15 11 14 9 13 16 
15 15 13 14 11 13 10 12 16 
16 17 14 16 12 15 10 14 16 
15 16 11 15 8 14 6 13 16 
15 15 11 14 8 13 6 12 16 
15 17 12 16 9 15 6 14 16 
14 16 13 15 12 14 11 13 16 
16 17 13 16 9 15 6 14 16 
SCORES_TXT_END_0
SCORES_TXT_BEGIN_0 388 100 9 BLEU
9 9 8 8 7 7 6 6 9 
9 10 7 9 6 8 5 7 9 
9 11 7 10 6 9 5 8 9 
9 13 7 12 6 11 5 10 9 
9 13 7 12 6 11 5 10 9 
9 10 7 9 6 8 5 7 9 
9 12 7 11 6 10 5 9 9 
8 9 7 8 6 7 5 6 9 
9 10 7 9 5 8 4 7 9 
9 12 7 11 6 10 5 9 9 
9 12 7 11 6 10 5 9 9 
9 10 7 9 6 8 5 7 9 
9 10 7 9 6 8 5 7 9 
9 12 6 11 5 10 4 9 9 
9 14 7 13 6 12 5 11 9 
9 14 7 13 6 12 5 11 9 
9 11 6 10 5 9 4 8 9 
9 9 5 8 3 7 2 6 9 
9 12 7 11 6 10 5 9 9 
9 11 6 10 5 9 4 8 9 
8 10 7 9 6 8 5 7 9 
8 10 7 9 6 8 5 7 9 
8 9 5 8 4 7 3 6 9 
9 11 7 10 6 9 5 8 9 
9 9 5 8 2 7 0 6 9 
9 11 4 10 3 9 2 8 9 
9 9 5 8 4 7 3 6 9 
9 11 7 10 6 9 5 8 9 
9 10 4 9 3 8 2 7 9 
9 13 6 12 5 11 4 10 9 
9 11 7 10 6 9 5 8 9 
9 11 4 10 2 9 0 8 9 
9 11 7 10 6 9 5 8 9 
9 10 4 9 2 8 0 7 9 
9 13 7 12 6 11 5 10 9 
9 13 7 12 6 11 5 10 9 
9 14 7 13 6 12 5 11 9 
9 14 7 13 6 12 5 11 9 
9 14 6 13 5 12 4 11 9 
9 14 6 13 5 12 4 11 9 
9 13 7 12 6 11 5 10 9 
8 10 7 9 6 8 5 7 9 
9 13 7 12 6 11 5 10 9 
9 11 7 10 6 9 5 8 9 
9 10 5 9 4 8 3 7 9 
9 9 5 8 2 7 1 6 9 
9 11 7 10 6 9 5 8 9 
9 13 6 12 5 11 4 10 9 
9 13 6 12 5 11 4 10 9 
9 9 6 8 4 7 3 6 9 
8 9 6 8 5 7 4 6 9 
9 11 5 10 3 9 2 8 9 
9 13 4 12 3 11 2 10 9 
9 13 4 12 3 11 2 10 9 
9 10 5 9 3 8 2 7 9 
9 9 5 8 3 7 2 6 9 
9 12 5 11 3 10 2 9 9 
8 9 6 8 5 7 4 6 9 
9 11 6 10 5 9 4 8 9 
9 11 5 10 4 9 3 8 9 
9 13 5 12 4 11 3 10 9 
9 13 5 12 4 11 3 10 9 
9 10 5 9 3 8 2 7 9 
9 11 6 10 5 9 4 8 9 
9 11 4 10 2 9 1 8 9 
9 10 5 9 4 8 3 7 9 
8 10 5 9 4 8 3 7 9 
9 9 6 8 5 7 4 6 9 
9 9 5 8 3 7 2 6 9 
9 10 4 9 2 8 1 7 9 
9 11 5 10 3 9 1 8 9 
9 13 4 12 2 11 0 10 9 
9 13 4 12 2 11 0 10 9 
8 9 6 8 4 7 2 6 9 
9 11 6 10 5 9 4 8 9 
8 10 5 9 4 8 3 7 9 
9 9 5 8 3 7 1 6 9 
8 10 5 9 4 8 3 7 9 
9 10 4 9 3 8 2 7 9 
9 12 4 11 3 10 2 9 9 
8 10 5 9 4 8 3 7 9 
9 11 5 10 4 9 3 8 9 
9 9 6 8 5 7 4 6 9 
9 15 6 14 5 13 4 12 9 
9 15 6 14 5 13 4 12 9 
9 11 4 10 3 9 2 8 9 
9 10 5 9 4 8 3 7 9 
8 11 5 10 4 9 3 8 9 
9 10 5 9 3 8 2 7 9 
9 10 5 9 4 8 3 7 9 
9 13 6 12 5 11 4 10 9 
8 10 5 9 4 8 3 7 9 
9 11 5 10 3 9 2 8 9 
9 12 5 11 4 10 3 9 9 
9 9 6 8 4 7 2 6 9 
9 10 4 9 2 8 0 7 9 
8 10 7 9 6 8 5 7 9 
8 11 5 10 4 9 3 8 9 
9 11 5 10 3 9 2 8 9 
9 9 5 8 3 7 2 6 9 
SCORES_TXT_END_0
SCORES_TXT_BEGIN_0 389 100 9 BLEU
6 6 5 5 4 4 3 3 6 
5 6 4 5 3 4 2 3 6 
5 10 4 9 3 8 2 7 6 
5 10 4 9 3 8 2 7 6 
6 8 4 7 3 6 2 5 6 
5 8 4 7 3 6 2 5 6 
6 7 4 6 3 5 2 4 6 
5 9 4 8 3 7 2 6 6 
5 9 4 8 3 7 2 6 6 
5 7 4 6 3 5 2 4 6 
6 7 4 6 2 5 1 4 6 
5 6 3 5 1 4 0 3 6 
5 11 4 10 3 9 2 8 6 
5 11 4 10 3 9 2 8 6 
6 7 4 6 3 5 2 4 6 
6 6 2 5 1 4 0 3 6 
6 9 4 8 3 7 2 6 6 
6 8 4 7 2 6 1 5 6 
6 8 4 7 2 6 1 5 6 
6 7 4 6 2 5 1 4 6 
6 8 4 7 2 6 1 5 6 
5 7 4 6 3 5 2 4 6 
5 9 4 8 3 7 2 6 6 
5 7 3 6 2 5 1 4 6 
5 10 4 9 3 8 2 7 6 
5 10 4 9 3 8 2 7 6 
6 10 4 9 2 8 1 7 6 
5 6 2 5 1 4 0 3 6 
6 10 4 9 2 8 1 7 6 
5 8 2 7 1 6 0 5 6 
5 7 3 6 1 5 0 4 6 
4 6 2 5 1 4 0 3 6 
5 6 2 5 1 4 0 3 6 
5 7 2 6 1 5 0 4 6 
6 9 4 8 2 7 1 6 6 
6 9 4 8 2 7 1 6 6 
6 8 2 7 1 6 0 5 6 
5 10 2 9 1 8 0 7 6 
5 10 2 9 1 8 0 7 6 
6 10 2 9 1 8 0 7 6 
6 10 2 9 1 8 0 7 6 
5 8 3 7 2 6 1 5 6 
5 8 3 7 2 6 1 5 6 
5 7 3 6 2 5 1 4 6 
5 8 3 7 2 6 1 5 6 
6 6 3 5 2 4 1 3 6 
5 11 3 10 2 9 1 8 6 
6 9 3 8 2 7 1 6 6 
5 11 3 10 2 9 1 8 6 
6 8 4 7 3 6 2 5 6 
5 10 3 9 2 8 1 7 6 
5 10 3 9 2 8 1 7 6 
6 8 3 7 2 6 1 5 6 
5 9 3 8 2 7 1 6 6 
6 7 2 6 1 5 0 4 6 
4 10 2 9 1 8 0 7 6 
5 8 2 7 1 6 0 5 6 
4 10 2 9 1 8 0 7 6 
4 6 2 5 1 4 0 3 6 
4 7 2 6 1 5 0 4 6 
5 8 4 7 3 6 2 5 6 
6 7 2 6 1 5 0 4 6 
5 6 3 5 2 4 1 3 6 
4 8 2 7 1 6 0 5 6 
5 9 3 8 2 7 1 6 6 
5 7 2 6 1 5 0 4 6 
5 9 3 8 2 7 1 6 6 
4 8 2 7 1 6 0 5 6 
5 8 3 7 2 6 1 5 6 
6 6 3 5 2 4 1 3 6 
5 6 3 5 2 4 1 3 6 
5 12 3 11 2 10 1 9 6 
6 10 3 9 2 8 1 7 6 
5 12 3 11 2 10 1 9 6 
5 12 3 11 2 10 1 9 6 
6 10 3 9 2 8 1 7 6 
5 12 3 11 2 10 1 9 6 
5 11 3 10 2 9 1 8 6 
5 12 3 11 2 10 1 9 6 
6 9 3 8 2 7 1 6 6 
6 10 3 9 2 8 1 7 6 
5 7 2 6 1 5 0 4 6 
5 11 3 10 2 9 1 8 6 
5 12 3 11 2 10 1 9 6 
6 8 3 7 2 6 1 5 6 
5 10 3 9 2 8 1 7 6 
6 9 3 8 2 7 1 6 6 
5 9 2 8 1 7 0 6 6 
5 9 2 8 1 7 0 6 6 
4 7 2 6 1 5 0 4 6 
6 9 3 8 2 7 1 6 6 
5 9 2 8 1 7 0 6 6 
5 10 3 9 2 8 1 7 6 
5 10 3 9 2 8 1 7 6 
6 8 3 7 2 6 1 5 6 
6 9 3 8 2 7 1 6 6 
5 10 3 9 2 8 1 7 6 
5 10 3 9 2 8 1 7 6 
5 14 3 13 2 12 1 11 6 
5 9 3 8 2 7 1 6 6 
SCORES_TXT_END_0
SCORES_TXT_BEGIN_0 390 100 9 BLEU
7 8 5 7 3 6 1 5 8 
6 8 4 7 2 6 1 5 8 
8 8 7 7 6 6 5 5 8 
6 8 3 7 1 6 0 5 8 
6 9 4 8 2 7 0 6 8 
5 9 3 8 1 7 0 6 8 
7 8 6 7 5 6 4 5 8 
5 8 2 7 0 6 0 5 8 
6 8 3 7 1 6 0 5 8 
7 8 5 7 4 6 3 5 8 
5 9 3 8 1 7 0 6 8 
4 9 2 8 0 7 0 6 8 
7 9 6 8 5 7 4 6 8 
6 12 4 11 2 10 1 9 8 
6 9 5 8 4 7 3 6 8 
6 12 4 11 2 10 1 9 8 
5 8 2 7 0 6 0 5 8 
7 8 5 7 4 6 3 5 8 
6 8 4 7 3 6 2 5 8 
7 12 4 11 2 10 1 9 8 
7 8 5 7 3 6 1 5 8 
7 12 4 11 2 10 1 9 8 
7 10 4 9 2 8 1 7 8 
6 9 5 8 4 7 3 6 8 
5 9 4 8 3 7 2 6 8 
7 9 5 8 3 7 1 6 8 
5 12 2 11 0 10 0 9 8 
7 12 6 11 5 10 4 9 8 
7 12 6 11 5 10 4 9 8 
5 12 2 11 0 10 0 9 8 
6 8 4 7 3 6 2 5 8 
8 9 6 8 4 7 2 6 8 
8 9 6 8 4 7 2 6 8 
6 10 4 9 2 8 1 7 8 
6 8 4 7 2 6 1 5 8 
5 13 3 12 1 11 0 10 8 
4 13 2 12 0 11 0 10 8 
6 12 2 11 0 10 0 9 8 
6 8 3 7 1 6 0 5 8 
6 12 2 11 0 10 0 9 8 
5 13 3 12 1 11 0 10 8 
7 9 4 8 1 7 0 6 8 
6 10 2 9 0 8 0 7 8 
4 13 2 12 0 11 0 10 8 
6 9 4 8 2 7 1 6 8 
7 10 5 9 3 8 1 7 8 
8 12 6 11 5 10 4 9 8 
5 9 3 8 1 7 0 6 8 
8 12 6 11 5 10 4 9 8 
8 10 6 9 5 8 4 7 8 
5 12 2 11 0 10 0 9 8 
6 9 3 8 1 7 0 6 8 
6 13 3 12 1 11 0 10 8 
5 12 2 11 0 10 0 9 8 
6 9 4 8 2 7 0 6 8 
5 13 2 12 0 11 0 10 8 
6 13 3 12 1 11 0 10 8 
5 9 3 8 1 7 0 6 8 
5 13 2 12 0 11 0 10 8 
6 11 3 10 1 9 0 8 8 
7 9 5 8 3 7 1 6 8 
5 11 2 10 0 9 0 8 8 
7 9 5 8 3 7 1 6 8 
6 9 3 8 0 7 0 6 8 
7 9 4 8 2 7 1 6 8 
6 12 4 11 3 10 2 9 8 
4 9 2 8 0 7 0 6 8 
6 12 4 11 3 10 2 9 8 
8 9 6 8 4 7 3 6 8 
6 12 4 11 2 10 1 9 8 
6 9 5 8 4 7 3 6 8 
7 9 5 8 2 7 0 6 8 
8 9 7 8 5 7 3 6 8 
7 9 4 8 1 7 0 6 8 
5 10 2 9 0 8 0 7 8 
7 9 5 8 3 7 1 6 8 
6 12 2 11 0 10 0 9 8 
6 8 3 7 1 6 0 5 8 
6 12 2 11 0 10 0 9 8 
5 8 2 7 0 6 0 5 8 
6 9 3 8 1 7 0 6 8 
6 12 4 11 2 10 1 9 8 
7 7 5 6 3 5 1 4 8 
6 10 2 9 0 8 0 7 8 
7 10 6 9 5 8 4 7 8 
6 10 4 9 2 8 0 7 8 
5 10 3 9 1 8 0 7 8 
6 10 4 9 2 8 0 7 8 
5 9 2 8 0 7 0 6 8 
6 13 5 12 4 11 3 10 8 
6 13 5 12 4 11 3 10 8 
5 13 4 12 3 11 2 10 8 
5 13 4 12 3 11 2 10 8 
6 10 4 9 2 8 1 7 8 
7 12 4 11 3 10 2 9 8 
7 10 5 9 3 8 1 7 8 
7 12 4 11 3 10 2 9 8 
7 9 4 8 2 7 1 6 8 
6 10 4 9 2 8 1 7 8 
7 10 4 9 3 8 2 7 8 
SCORES_TXT_END_0
SCORES_TXT_BEGIN_0 391 100 9 BLEU
6 6 5 5 4 4 3 3 6 
6 7 4 6 3 5 2 4 6 
5 6 4 5 3 4 2 3 6 
5 7 4 6 3 5 2 4 6 
5 10 4 9 3 8 2 7 6 
5 10 4 9 3 8 2 7 6 
6 8 4 7 3 6 2 5 6 
5 8 4 7 3 6 2 5 6 
6 7 4 6 2 5 1 4 6 
5 11 4 10 3 9 2 8 6 
5 11 4 10 3 9 2 8 6 
5 9 4 8 3 7 2 6 6 
5 9 4 8 3 7 2 6 6 
6 9 4 8 3 7 2 6 6 
5 9 4 8 3 7 2 6 6 
5 10 4 9 3 8 2 7 6 
5 10 4 9 3 8 2 7 6 
6 7 4 6 3 5 2 4 6 
5 7 3 6 2 5 1 4 6 
5 6 3 5 1 4 0 3 6 
5 7 4 6 3 5 2 4 6 
6 8 3 7 2 6 1 5 6 
6 8 4 7 3 6 2 5 6 
5 11 3 10 2 9 1 8 6 
5 11 3 10 2 9 1 8 6 
5 6 3 5 1 4 0 3 6 
5 8 4 7 3 6 2 5 6 
5 6 3 5 1 4 0 3 6 
6 9 3 8 2 7 1 6 6 
5 7 2 6 1 5 0 4 6 
5 9 3 8 2 7 1 6 6 
5 6 2 5 1 4 0 3 6 
5 8 3 7 2 6 1 5 6 
5 10 3 9 2 8 1 7 6 
6 6 2 5 1 4 0 3 6 
5 10 3 9 2 8 1 7 6 
4 6 2 5 1 4 0 3 6 
5 7 2 6 1 5 0 4 6 
5 7 2 6 1 5 0 4 6 
5 7 2 6 1 5 0 4 6 
6 6 3 5 2 4 1 3 6 
5 6 2 5 1 4 0 3 6 
5 8 2 7 1 6 0 5 6 
4 6 2 5 1 4 0 3 6 
5 7 2 6 1 5 0 4 6 
4 7 2 6 1 5 0 4 6 
4 6 2 5 1 4 0 3 6 
4 10 2 9 1 8 0 7 6 
5 6 2 5 1 4 0 3 6 
4 10 2 9 1 8 0 7 6 
5 12 3 11 2 10 1 9 6 
4 6 2 5 1 4 0 3 6 
6 6 3 5 2 4 1 3 6 
5 12 3 11 2 10 1 9 6 
5 7 3 6 2 5 1 4 6 
5 10 2 9 1 8 0 7 6 
5 9 2 8 1 7 0 6 6 
4 9 2 8 1 7 0 6 6 
5 6 2 5 1 4 0 3 6 
5 7 2 6 1 5 0 4 6 
6 6 3 5 1 4 0 3 6 
5 7 2 6 1 5 0 4 6 
5 8 2 7 1 6 0 5 6 
5 7 2 6 1 5 0 4 6 
4 9 2 8 1 7 0 6 6 
4 10 2 9 1 8 0 7 6 
4 8 2 7 1 6 0 5 6 
4 7 2 6 1 5 0 4 6 
5 6 3 5 2 4 1 3 6 
5 7 2 6 1 5 0 4 6 
6 10 3 9 2 8 1 7 6 
5 8 2 7 1 6 0 5 6 
5 8 2 7 1 6 0 5 6 
5 7 2 6 1 5 0 4 6 
6 8 3 7 2 6 1 5 6 
5 8 2 7 1 6 0 5 6 
5 7 2 6 1 5 0 4 6 
4 7 2 6 1 5 0 4 6 
5 7 2 6 1 5 0 4 6 
4 10 2 9 1 8 0 7 6 
4 10 2 9 1 8 0 7 6 
5 10 3 9 2 8 1 7 6 
4 8 2 7 1 6 0 5 6 
6 7 2 6 1 5 0 4 6 
5 8 3 7 2 6 1 5 6 
5 11 3 10 2 9 1 8 6 
4 10 2 9 1 8 0 7 6 
4 10 2 9 1 8 0 7 6 
6 7 3 6 2 5 1 4 6 
5 7 2 6 1 5 0 4 6 
5 11 3 10 2 9 1 8 6 
4 9 2 8 1 7 0 6 6 
5 7 2 6 0 5 0 4 6 
4 7 2 6 1 5 0 4 6 
4 6 2 5 1 4 0 3 6 
6 7 3 6 1 5 0 4 6 
5 8 2 7 1 6 0 5 6 
4 8 2 7 1 6 0 5 6 
4 9 2 8 1 7 0 6 6 
6 7 3 6 2 5 1 4 6 
SCORES_TXT_END_0
SCORES_TXT_BEGIN_0 392 8 9 BLEU
16 16 15 15 14 14 13 13 16 
16 17 14 16 12 15 10 14 16 
16 18 14 17 12 16 10 15 16 
16 18 14 17 12 16 10 15 16 
16 19 13 18 10 17 8 16 16 
16 19 13 18 10 17 8 16 16 
16 16 12 15 9 14 7 13 16 
16 18 14 17 12 16 10 15 16 
SCORES_TXT_END_0
SCORES_TXT_BEGIN_0 393 30 9 BLEU
9 10 8 9 7 8 6 7 10 
10 10 9 9 8 8 7 7 10 
9 10 7 9 5 8 3 7 10 
8 8 6 7 4 6 2 5 10 
8 10 7 9 6 8 5 7 10 
8 10 6 9 4 8 3 7 10 
7 8 5 7 3 6 2 5 10 
9 10 8 9 7 8 6 7 10 
8 10 6 9 4 8 2 7 10 
7 8 5 7 3 6 1 5 10 
5 6 4 5 3 4 2 3 10 
7 10 5 9 3 8 2 7 10 
6 8 4 7 2 6 1 5 10 
7 8 4 7 2 6 0 5 10 
4 6 3 5 2 4 1 3 10 
9 10 7 9 5 8 3 7 10 
8 10 5 9 2 8 0 7 10 
8 9 6 8 4 7 3 6 10 
6 7 5 6 4 5 3 4 10 
6 8 3 7 1 6 0 5 10 
9 10 7 9 5 8 3 7 10 
7 8 6 7 5 6 4 5 10 
8 10 6 9 4 8 2 7 10 
8 10 5 9 2 8 0 7 10 
7 10 4 9 1 8 0 7 10 
7 8 4 7 2 6 0 5 10 
8 10 6 9 4 8 2 7 10 
9 9 7 8 5 7 3 6 10 
6 8 3 7 1 6 0 5 10 
7 10 4 9 1 8 0 7 10 
SCORES_TXT_END_0
SCORES_TXT_BEGIN_0 394 100 9 BLEU
9 9 7 8 5 7 3 6 10 
10 10 9 9 8 8 7 7 10 
7 7 5 6 4 5 3 4 10 
7 8 5 7 4 6 3 5 10 
9 11 7 10 5 9 3 8 10 
9 11 7 10 5 9 3 8 10 
8 8 6 7 5 6 4 5 10 
10 12 8 11 6 10 4 9 10 
10 12 8 11 6 10 4 9 10 
9 11 7 10 5 9 3 8 10 
6 7 5 6 4 5 3 4 10 
9 10 7 9 5 8 3 7 10 
8 8 6 7 4 6 3 5 10 
10 12 9 11 8 10 6 9 10 
9 10 7 9 5 8 3 7 10 
9 10 6 9 4 8 3 7 10 
10 11 9 10 7 9 5 8 10 
10 11 8 10 7 9 6 8 10 
10 11 8 10 6 9 4 8 10 
10 11 8 10 6 9 4 8 10 
9 13 7 12 5 11 3 10 10 
9 13 7 12 5 11 3 10 10 
9 10 6 9 3 8 1 7 10 
10 14 9 13 8 12 6 11 10 
10 14 9 13 8 12 6 11 10 
9 10 7 9 5 8 3 7 10 
9 10 7 9 5 8 3 7 10 
8 9 6 8 5 7 4 6 10 
10 11 8 10 6 9 4 8 10 
10 10 6 9 4 8 3 7 10 
9 12 7 11 5 10 3 9 10 
10 11 8 10 6 9 4 8 10 
10 11 8 10 7 9 6 8 10 
7 8 5 7 4 6 3 5 10 
10 13 9 12 8 11 6 10 10 
8 9 6 8 5 7 4 6 10 
9 9 7 8 5 7 4 6 10 
9 13 7 12 5 11 3 10 10 
9 12 7 11 5 10 3 9 10 
9 13 7 12 5 11 3 10 10 
8 9 5 8 2 7 0 6 10 
8 9 5 8 4 7 3 6 10 
9 12 6 11 4 10 3 9 10 
10 13 9 12 8 11 6 10 10 
9 12 6 11 4 10 3 9 10 
6 8 5 7 4 6 3 5 10 
9 9 5 8 4 7 3 6 10 
6 8 5 7 4 6 3 5 10 
9 9 4 8 2 7 0 6 10 
9 10 7 9 5 8 3 7 10 
7 8 6 7 5 6 4 5 10 
10 11 8 10 6 9 4 8 10 
8 9 6 8 4 7 3 6 10 
9 12 7 11 5 10 3 9 10 
9 12 7 11 5 10 3 9 10 
9 12 7 11 5 10 3 9 10 
9 12 7 11 5 10 3 9 10 
9 10 8 9 7 8 6 7 10 
9 15 7 14 5 13 3 12 10 
9 15 7 14 5 13 3 12 10 
10 14 8 13 6 12 4 11 10 
9 12 6 11 3 10 1 9 10 
9 12 6 11 3 10 1 9 10 
9 15 7 14 5 13 3 12 10 
9 15 7 14 5 13 3 12 10 
10 10 6 9 5 8 4 7 10 
10 14 8 13 6 12 4 11 10 
10 13 7 12 5 11 4 10 10 
7 8 5 7 4 6 3 5 10 
8 8 4 7 3 6 2 5 10 
10 11 8 10 6 9 5 8 10 
10 13 7 12 5 11 4 10 10 
9 11 7 10 5 9 3 8 10 
8 10 6 9 4 8 3 7 10 
9 11 7 10 5 9 3 8 10 
9 11 7 10 5 9 3 8 10 
10 11 8 10 6 9 4 8 10 
8 10 6 9 4 8 3 7 10 
6 7 3 6 1 5 0 4 10 
9 10 6 9 4 8 2 7 10 
7 9 5 8 4 7 3 6 10 
9 11 7 10 5 9 3 8 10 
9 11 7 10 5 9 3 8 10 
9 10 6 9 5 8 4 7 10 
9 10 7 9 4 8 3 7 10 
10 13 8 12 6 11 4 10 10 
8 8 4 7 2 6 0 5 10 
10 13 8 12 6 11 4 10 10 
9 9 5 8 4 7 3 6 10 
10 11 9 10 7 9 6 8 10 
10 16 8 15 6 14 4 13 10 
7 7 2 6 1 5 0 4 10 
9 10 6 9 4 8 3 7 10 
10 16 8 15 6 14 4 13 10 
10 12 6 11 4 10 3 9 10 
8 8 4 7 2 6 1 5 10 
9 9 4 8 2 7 1 6 10 
9 10 6 9 3 8 0 7 10 
10 16 8 15 6 14 4 13 10 
10 16 8 15 6 14 4 13 10 
SCORES_TXT_END_0
SCORES_TXT_BEGIN_0 395 100 9 BLEU
8 8 7 7 6 6 5 5 8 
7 8 6 7 5 6 4 5 8 
7 12 6 11 5 10 4 9 8 
7 12 6 11 5 10 4 9 8 
8 10 6 9 5 8 4 7 8 
7 8 5 7 3 6 2 5 8 
7 10 6 9 5 8 4 7 8 
7 11 6 10 5 9 4 8 8 
7 11 6 10 5 9 4 8 8 
8 9 6 8 4 7 2 6 8 
8 9 6 8 5 7 4 6 8 
8 9 7 8 6 7 5 6 8 
8 9 7 8 6 7 5 6 8 
8 9 6 8 5 7 4 6 8 
6 8 4 7 3 6 2 5 8 
8 12 6 11 5 10 4 9 8 
8 9 7 8 6 7 5 6 8 
8 11 6 10 5 9 4 8 8 
8 9 6 8 5 7 4 6 8 
8 10 7 9 6 8 5 7 8 
7 9 6 8 5 7 4 6 8 
7 9 6 8 5 7 4 6 8 
8 9 6 8 5 7 4 6 8 
8 9 6 8 4 7 2 6 8 
8 9 6 8 4 7 2 6 8 
8 9 6 8 5 7 4 6 8 
8 9 6 8 5 7 4 6 8 
6 12 4 11 3 10 2 9 8 
6 12 4 11 3 10 2 9 8 
7 9 6 8 5 7 4 6 8 
7 10 4 9 3 8 2 7 8 
7 11 6 10 5 9 4 8 8 
8 9 6 8 4 7 2 6 8 
8 9 6 8 4 7 2 6 8 
7 9 6 8 5 7 4 6 8 
6 10 4 9 3 8 2 7 8 
7 13 6 12 5 11 4 10 8 
7 13 6 12 5 11 4 10 8 
6 11 4 10 3 9 2 8 8 
8 10 6 9 4 8 2 7 8 
7 9 6 8 5 7 4 6 8 
8 9 6 8 4 7 3 6 8 
7 12 6 11 5 10 4 9 8 
6 11 4 10 3 9 2 8 8 
8 10 6 9 5 8 4 7 8 
7 12 6 11 5 10 4 9 8 
7 11 6 10 5 9 4 8 8 
7 9 6 8 5 7 4 6 8 
7 9 5 8 3 7 2 6 8 
7 9 5 8 3 7 2 6 8 
8 9 6 8 4 7 2 6 8 
8 9 7 8 6 7 5 6 8 
7 11 6 10 5 9 4 8 8 
8 9 6 8 4 7 2 6 8 
7 11 6 10 5 9 4 8 8 
8 9 6 8 5 7 4 6 8 
8 9 6 8 4 7 2 6 8 
8 9 6 8 4 7 2 6 8 
8 9 6 8 5 7 4 6 8 
7 9 5 8 3 7 2 6 8 
8 8 5 7 3 6 1 5 8 
8 9 6 8 4 7 2 6 8 
8 9 6 8 4 7 2 6 8 
8 9 6 8 5 7 4 6 8 
8 9 6 8 5 7 4 6 8 
8 9 6 8 5 7 4 6 8 
7 9 4 8 3 7 2 6 8 
7 9 5 8 3 7 2 6 8 
7 9 6 8 5 7 4 6 8 
7 10 6 9 5 8 4 7 8 
7 8 4 7 3 6 2 5 8 
8 8 4 7 3 6 2 5 8 
7 9 6 8 5 7 4 6 8 
7 13 6 12 5 11 4 10 8 
8 9 7 8 6 7 5 6 8 
7 13 6 12 5 11 4 10 8 
8 10 6 9 4 8 2 7 8 
7 9 6 8 5 7 4 6 8 
8 9 6 8 4 7 3 6 8 
8 11 6 10 5 9 4 8 8 
7 12 6 11 5 10 4 9 8 
7 12 6 11 5 10 4 9 8 
7 10 6 9 5 8 4 7 8 
7 9 5 8 3 7 2 6 8 
7 9 6 8 5 7 4 6 8 
7 10 6 9 5 8 4 7 8 
8 10 6 9 5 8 4 7 8 
7 10 6 9 5 8 4 7 8 
7 9 6 8 5 7 4 6 8 
7 13 6 12 5 11 4 10 8 
7 13 6 12 5 11 4 10 8 
8 9 7 8 6 7 5 6 8 
8 10 6 9 4 8 2 7 8 
7 9 4 8 3 7 2 6 8 
8 9 6 8 4 7 3 6 8 
8 11 6 10 5 9 4 8 8 
7 10 6 9 5 8 4 7 8 
7 12 6 11 5 10 4 9 8 
8 10 6 9 5 8 4 7 8 
8 11 6 10 5 9 4 8 8 
SCORES_TXT_END_0
SCORES_TXT_BEGIN_0 396 45 9 BLEU
12 12 9 11 8 10 7 9 13 
12 13 9 12 8 11 7 10 13 
13 14 12 13 11 12 10 11 13 
12 13 9 12 8 11 7 10 13 
13 13 9 12 8 11 7 10 13 
13 16 11 15 9 14 7 13 13 
13 16 11 15 9 14 7 13 13 
12 14 9 13 8 12 7 11 13 
13 15 12 14 11 13 10 12 13 
12 12 8 11 6 10 4 9 13 
13 13 10 12 8 11 7 10 13 
13 14 9 13 8 12 7 11 13 
11 12 7 11 5 10 4 9 13 
13 13 9 12 6 11 4 10 13 
13 15 12 14 11 13 10 12 13 
12 12 8 11 6 10 5 9 13 
12 12 9 11 8 10 7 9 13 
12 12 8 11 6 10 4 9 13 
12 13 8 12 6 11 4 10 13 
13 17 11 16 9 15 7 14 13 
13 17 11 16 9 15 7 14 13 
13 14 9 13 8 12 7 11 13 
13 14 11 13 9 12 7 11 13 
13 14 10 13 8 12 7 11 13 
13 13 9 12 6 11 5 10 13 
13 14 9 13 6 12 4 11 13 
13 15 12 14 11 13 10 12 13 
12 13 9 12 8 11 7 10 13 
13 17 11 16 9 15 7 14 13 
13 17 11 16 9 15 7 14 13 
11 12 9 11 8 10 7 9 13 
13 15 11 14 9 13 7 12 13 
12 12 8 11 6 10 5 9 13 
11 13 7 12 5 11 4 10 13 
13 14 9 13 6 12 4 11 13 
12 13 8 12 6 11 4 10 13 
11 13 7 12 5 11 4 10 13 
13 14 10 13 7 12 5 11 13 
13 13 8 12 6 11 4 10 13 
13 15 10 14 8 13 7 12 13 
12 14 10 13 8 12 6 11 13 
13 15 10 14 8 13 7 12 13 
12 13 8 12 6 11 5 10 13 
12 13 9 12 8 11 7 10 13 
13 14 11 13 9 12 7 11 13 
SCORES_TXT_END_0
SCORES_TXT_BEGIN_0 397 100 9 BLEU
8 8 7 7 6 6 5 5 8 
7 8 6 7 5 6 4 5 8 
6 6 4 5 3 4 2 3 8 
7 9 5 8 3 7 1 6 8 
6 9 4 8 2 7 1 6 8 
5 7 3 6 2 5 1 4 8 
6 11 4 10 2 9 1 8 8 
7 11 5 10 3 9 1 8 8 
6 11 4 10 2 9 1 8 8 
7 11 5 10 3 9 1 8 8 
7 10 5 9 3 8 2 7 8 
7 10 5 9 3 8 2 7 8 
7 8 5 7 3 6 1 5 8 
8 10 6 9 4 8 2 7 8 
7 9 5 8 3 7 2 6 8 
8 10 6 9 4 8 2 7 8 
7 9 5 8 3 7 2 6 8 
6 8 4 7 2 6 1 5 8 
8 9 6 8 4 7 2 6 8 
8 9 6 8 4 7 2 6 8 
7 9 5 8 3 7 1 6 8 
5 6 3 5 2 4 1 3 8 
8 9 6 8 4 7 2 6 8 
7 10 5 9 3 8 1 7 8 
5 8 3 7 2 6 1 5 8 
7 9 5 8 3 7 2 6 8 
6 9 4 8 2 7 1 6 8 
7 7 5 6 4 5 3 4 8 
7 12 6 11 5 10 4 9 8 
7 12 6 11 5 10 4 9 8 
6 10 4 9 2 8 1 7 8 
8 8 5 7 4 6 3 5 8 
5 7 3 6 2 5 1 4 8 
6 10 4 9 2 8 1 7 8 
7 9 5 8 3 7 2 6 8 
8 10 7 9 6 8 4 7 8 
6 10 4 9 2 8 1 7 8 
7 7 3 6 2 5 1 4 8 
5 9 3 8 2 7 1 6 8 
6 10 4 9 2 8 1 7 8 
5 9 3 8 2 7 1 6 8 
6 10 4 9 2 8 1 7 8 
7 10 6 9 5 8 4 7 8 
7 10 5 9 3 8 1 7 8 
7 13 5 12 3 11 1 10 8 
7 11 6 10 5 9 4 8 8 
7 13 5 12 3 11 1 10 8 
7 10 5 9 3 8 1 7 8 
8 8 4 7 3 6 2 5 8 
8 9 6 8 4 7 2 6 8 
7 11 6 10 5 9 4 8 8 
7 7 4 6 3 5 2 4 8 
6 7 4 6 3 5 2 4 8 
6 12 4 11 2 10 1 9 8 
7 9 5 8 3 7 2 6 8 
6 12 4 11 2 10 1 9 8 
6 9 4 8 2 7 0 6 8 
7 7 3 6 1 5 0 4 8 
7 10 5 9 3 8 1 7 8 
6 9 4 8 2 7 1 6 8 
8 9 6 8 4 7 2 6 8 
7 10 5 9 3 8 1 7 8 
7 10 5 9 3 8 1 7 8 
6 9 4 8 2 7 1 6 8 
7 10 5 9 3 8 1 7 8 
7 8 4 7 3 6 2 5 8 
6 8 3 7 2 6 1 5 8 
7 12 5 11 3 10 1 9 8 
7 12 5 11 3 10 1 9 8 
7 12 5 11 3 10 1 9 8 
6 13 4 12 2 11 1 10 8 
6 10 3 9 2 8 1 7 8 
6 10 3 9 2 8 1 7 8 
6 13 4 12 2 11 1 10 8 
8 8 4 7 2 6 0 5 8 
6 13 4 12 2 11 1 10 8 
7 12 5 11 3 10 1 9 8 
6 6 2 5 1 4 0 3 8 
6 13 4 12 2 11 1 10 8 
7 9 5 8 3 7 1 6 8 
8 9 6 8 4 7 2 6 8 
6 7 3 6 2 5 1 4 8 
5 9 3 8 1 7 0 6 8 
7 8 3 7 1 6 0 5 8 
6 10 4 9 2 8 1 7 8 
7 9 4 8 2 7 0 6 8 
8 9 6 8 4 7 3 6 8 
5 7 2 6 1 5 0 4 8 
7 8 4 7 2 6 0 5 8 
6 11 4 10 2 9 1 8 8 
6 9 3 8 1 7 0 6 8 
5 6 2 5 1 4 0 3 8 
6 11 4 10 2 9 1 8 8 
7 9 5 8 3 7 1 6 8 
6 8 3 7 1 6 0 5 8 
6 7 3 6 2 5 1 4 8 
6 10 4 9 2 8 1 7 8 
8 9 6 8 4 7 2 6 8 
7 9 5 8 3 7 1 6 8 
6 7 4 6 3 5 2 4 8 
SCORES_TXT_END_0
SCORES_TXT_BEGIN_0 398 100 9 BLEU
10 10 9 9 8 8 7 7 10 
9 10 7 9 6 8 5 7 10 
9 9 7 8 6 7 5 6 10 
9 11 7 10 6 9 5 8 10 
8 8 6 7 5 6 4 5 10 
9 13 7 12 6 11 5 10 10 
9 13 7 12 6 11 5 10 10 
10 12 8 11 7 10 6 9 10 
10 11 9 10 7 9 6 8 10 
8 9 5 8 4 7 3 6 10 
9 9 7 8 5 7 3 6 10 
7 7 5 6 4 5 3 4 10 
8 9 5 8 4 7 3 6 10 
10 14 8 13 7 12 6 11 10 
10 14 8 13 7 12 6 11 10 
9 10 7 9 6 8 5 7 10 
10 11 9 10 7 9 5 8 10 
9 10 7 9 6 8 5 7 10 
8 11 5 10 4 9 3 8 10 
9 12 7 11 6 10 5 9 10 
9 12 7 11 6 10 5 9 10 
9 10 7 9 5 8 3 7 10 
10 11 8 10 7 9 6 8 10 
10 11 8 10 6 9 5 8 10 
8 9 7 8 6 7 5 6 10 
10 13 8 12 7 11 6 10 10 
9 10 7 9 6 8 5 7 10 
7 7 4 6 3 5 2 4 10 
9 12 7 11 5 10 3 9 10 
10 11 8 10 6 9 4 8 10 
10 13 8 12 7 11 6 10 10 
9 12 7 11 6 10 5 9 10 
9 10 7 9 6 8 5 7 10 
10 11 8 10 6 9 5 8 10 
7 9 4 8 3 7 2 6 10 
8 13 5 12 4 11 3 10 10 
8 13 5 12 4 11 3 10 10 
9 12 6 11 5 10 4 9 10 
9 11 6 10 3 9 1 8 10 
9 10 8 9 7 8 6 7 10 
9 11 7 10 5 9 4 8 10 
9 10 5 9 2 8 1 7 10 
9 10 5 9 3 8 2 7 10 
9 10 6 9 5 8 4 7 10 
9 10 7 9 5 8 3 7 10 
9 14 7 13 6 12 5 11 10 
9 14 7 13 6 12 5 11 10 
9 10 7 9 5 8 3 7 10 
9 12 4 11 2 10 1 9 10 
9 12 5 11 3 10 2 9 10 
9 12 7 11 6 10 5 9 10 
8 9 4 8 2 7 1 6 10 
9 14 7 13 5 12 3 11 10 
9 14 7 13 5 12 3 11 10 
9 11 7 10 6 9 5 8 10 
8 10 7 9 6 8 5 7 10 
9 14 6 13 5 12 4 11 10 
9 14 6 13 5 12 4 11 10 
8 9 4 8 2 7 1 6 10 
10 11 8 10 6 9 4 8 10 
8 9 5 8 3 7 2 6 10 
8 9 5 8 3 7 2 6 10 
10 11 8 10 7 9 6 8 10 
9 12 6 11 4 10 2 9 10 
9 12 6 11 5 10 4 9 10 
9 10 6 9 4 8 2 7 10 
9 10 3 9 2 8 1 7 10 
9 11 4 10 2 9 1 8 10 
9 9 5 8 3 7 1 6 10 
7 11 4 10 3 9 2 8 10 
7 11 4 10 3 9 2 8 10 
8 10 5 9 4 8 3 7 10 
9 10 6 9 4 8 3 7 10 
9 10 6 9 3 8 1 7 10 
9 12 3 11 2 10 1 9 10 
8 9 4 8 3 7 2 6 10 
9 11 7 10 6 9 5 8 10 
9 11 7 10 5 9 4 8 10 
8 10 5 9 4 8 3 7 10 
9 11 5 10 3 9 2 8 10 
8 9 6 8 5 7 4 6 10 
8 9 4 8 3 7 2 6 10 
9 9 5 8 2 7 1 6 10 
9 10 7 9 6 8 5 7 10 
9 11 5 10 3 9 2 8 10 
9 13 7 12 6 11 5 10 10 
8 10 5 9 4 8 3 7 10 
10 10 6 9 5 8 4 7 10 
8 9 4 8 2 7 1 6 10 
8 10 7 9 6 8 5 7 10 
9 11 4 10 2 9 1 8 10 
8 9 5 8 3 7 2 6 10 
8 10 7 9 6 8 5 7 10 
9 11 4 10 2 9 1 8 10 
9 11 6 10 5 9 4 8 10 
8 12 5 11 4 10 3 9 10 
8 12 5 11 4 10 3 9 10 
8 9 6 8 4 7 3 6 10 
6 7 3 6 2 5 1 4 10 
7 8 5 7 4 6 3 5 10 
SCORES_TXT_END_0
SCORES_TXT_BEGIN_0 399 86 9 BLEU
8 9 7 8 6 7 5 6 8 
8 11 6 10 4 9 2 8 8 
8 11 6 10 4 9 2 8 8 
8 12 5 11 2 10 0 9 8 
8 10 6 9 4 8 3 7 8 
8 12 5 11 2 10 0 9 8 
8 11 5 10 2 9 0 8 8 
8 10 7 9 6 8 5 7 8 
8 9 6 8 4 7 3 6 8 
8 12 6 11 4 10 2 9 8 
8 11 5 10 2 9 0 8 8 
8 12 6 11 4 10 2 9 8 
8 11 5 10 2 9 0 8 8 
8 10 7 9 6 8 5 7 8 
8 9 6 8 4 7 3 6 8 
8 12 6 11 4 10 2 9 8 
8 11 5 10 2 9 0 8 8 
8 12 6 11 4 10 2 9 8 
7 7 4 6 3 5 2 4 8 
8 14 5 13 2 12 0 11 8 
8 14 5 13 2 12 0 11 8 
8 12 6 11 4 10 3 9 8 
8 12 6 11 4 10 2 9 8 
8 14 5 13 2 12 0 11 8 
8 12 5 11 3 10 1 9 8 
8 12 6 11 4 10 3 9 8 
8 14 5 13 2 12 0 11 8 
8 10 7 9 6 8 5 7 8 
8 12 6 11 4 10 2 9 8 
8 13 5 12 2 11 0 10 8 
8 10 6 9 5 8 4 7 8 
8 12 5 11 3 10 1 9 8 
8 13 5 12 2 11 0 10 8 
8 12 5 11 2 10 0 9 8 
8 11 6 10 4 9 3 8 8 
8 13 5 12 2 11 0 10 8 
8 13 5 12 2 11 0 10 8 
8 11 6 10 4 9 3 8 8 
8 10 6 9 4 8 3 7 8 
8 13 5 12 2 11 0 10 8 
8 12 5 11 2 10 0 9 8 
8 8 4 7 1 6 0 5 8 
8 11 6 10 4 9 3 8 8 
8 13 5 12 2 11 0 10 8 
8 12 5 11 2 10 0 9 8 
8 9 7 8 6 7 5 6 8 
8 11 6 10 4 9 2 8 8 
7 9 4 8 3 7 2 6 8 
8 10 6 9 4 8 3 7 8 
8 12 5 11 2 10 0 9 8 
7 7 3 6 1 5 0 4 8 
7 9 4 8 3 7 2 6 8 
8 11 6 10 4 9 2 8 8 
8 11 7 10 6 9 5 8 8 
7 8 4 7 3 6 2 5 8 
8 13 6 12 4 11 2 10 8 
8 13 6 12 4 11 2 10 8 
7 12 4 11 2 10 0 9 8 
7 7 3 6 1 5 0 4 8 
7 8 4 7 3 6 2 5 8 
7 10 5 9 4 8 3 7 8 
7 12 4 11 2 10 0 9 8 
8 8 4 7 3 6 2 5 8 
7 12 4 11 2 10 0 9 8 
7 8 4 7 3 6 2 5 8 
7 11 4 10 2 9 0 8 8 
7 11 4 10 2 9 0 8 8 
8 12 5 11 2 10 0 9 8 
8 10 4 9 1 8 0 7 8 
8 10 4 9 1 8 0 7 8 
8 14 6 13 4 12 2 11 8 
7 10 5 9 4 8 3 7 8 
7 12 4 11 2 10 0 9 8 
8 14 6 13 4 12 2 11 8 
8 14 5 13 3 12 1 11 8 
7 9 5 8 4 7 3 6 8 
8 11 7 10 6 9 4 8 8 
7 11 4 10 2 9 0 8 8 
8 14 5 13 3 12 1 11 8 
7 9 5 8 4 7 3 6 8 
8 10 6 9 4 8 3 7 8 
7 11 4 10 2 9 0 8 8 
8 12 5 11 2 10 0 9 8 
8 13 5 12 2 11 0 10 8 
6 8 4 7 3 6 2 5 8 
7 11 4 10 2 9 0 8 8 
SCORES_TXT_END_0
SCORES_TXT_BEGIN_0 400 45 9 BLEU
12 12 11 11 10 10 9 9 12 
10 11 8 10 6 9 4 8 12 
12 13 10 12 8 11 6 10 12 
10 10 8 9 6 8 5 7 12 
11 12 9 11 7 10 5 9 12 
11 11 8 10 4 9 2 8 12 
12 12 8 11 5 10 3 9 12 
12 13 9 12 5 11 3 10 12 
10 10 6 9 3 8 2 7 12 
11 11 9 10 7 9 5 8 12 
8 9 6 8 4 7 3 6 12 
12 13 11 12 9 11 7 10 12 
11 12 7 11 5 10 3 9 12 
12 13 9 12 6 11 4 10 12 
9 10 7 9 5 8 4 7 12 
12 12 8 11 6 10 4 9 12 
9 9 6 8 4 7 3 6 12 
11 11 7 10 4 9 2 8 12 
11 13 8 12 5 11 3 10 12 
10 10 6 9 3 8 1 7 12 
9 10 7 9 4 8 2 7 12 
10 11 7 10 5 9 3 8 12 
12 12 8 11 6 10 4 9 12 
11 12 8 11 5 10 3 9 12 
10 11 7 10 4 9 2 8 12 
8 9 5 8 3 7 2 6 12 
9 10 5 9 3 8 2 7 12 
8 9 5 8 4 7 3 6 12 
12 12 8 11 5 10 2 9 12 
11 12 7 11 5 10 3 9 12 
12 13 10 12 8 11 6 10 12 
11 13 8 12 5 11 3 10 12 
12 14 10 13 7 12 5 11 12 
9 10 5 9 3 8 2 7 12 
11 12 7 11 4 10 2 9 12 
10 11 6 10 4 9 2 8 12 
10 11 6 10 3 9 2 8 12 
10 10 5 9 3 8 2 7 12 
11 11 8 10 5 9 4 8 12 
8 9 4 8 3 7 2 6 12 
10 10 7 9 4 8 2 7 12 
9 10 5 9 2 8 1 7 12 
10 10 6 9 4 8 2 7 12 
10 12 8 11 6 10 4 9 12 
11 11 6 10 2 9 1 8 12 
SCORES_TXT_END_0
SCORES_TXT_BEGIN_0 401 52 9 BLEU
11 11 10 10 9 9 8 8 11 
11 13 9 12 8 11 7 10 11 
10 11 8 10 6 9 5 8 11 
11 12 9 11 8 10 7 9 11 
10 12 7 11 6 10 5 9 11 
10 13 7 12 6 11 5 10 11 
11 12 9 11 8 10 7 9 11 
11 15 9 14 8 13 7 12 11 
11 15 9 14 8 13 7 12 11 
10 15 7 14 6 13 5 12 11 
10 15 7 14 6 13 5 12 11 
9 11 7 10 5 9 4 8 11 
10 11 8 10 6 9 4 8 11 
9 12 6 11 5 10 4 9 11 
9 13 6 12 5 11 4 10 11 
11 14 9 13 8 12 7 11 11 
11 12 9 11 8 10 7 9 11 
11 14 9 13 8 12 7 11 11 
10 13 7 12 5 11 4 10 11 
10 11 9 10 8 9 7 8 11 
10 12 7 11 6 10 5 9 11 
11 14 9 13 8 12 7 11 11 
9 11 7 10 6 9 5 8 11 
9 15 6 14 5 13 4 12 11 
9 15 6 14 5 13 4 12 11 
11 14 9 13 8 12 7 11 11 
11 13 9 12 8 11 7 10 11 
10 11 8 10 6 9 4 8 11 
11 12 9 11 8 10 7 9 11 
10 12 8 11 6 10 4 9 11 
11 16 9 15 8 14 7 13 11 
11 16 9 15 8 14 7 13 11 
10 12 7 11 5 10 4 9 11 
11 16 9 15 8 14 7 13 11 
11 16 9 15 8 14 7 13 11 
10 11 8 10 7 9 6 8 11 
10 14 7 13 6 12 5 11 11 
9 11 7 10 5 9 4 8 11 
10 12 7 11 6 10 5 9 11 
10 11 8 10 7 9 6 8 11 
9 12 7 11 5 10 4 9 11 
10 14 7 13 6 12 5 11 11 
9 12 6 11 5 10 4 9 11 
11 13 9 12 8 11 7 10 11 
8 11 6 10 5 9 4 8 11 
11 11 7 10 6 9 5 8 11 
10 13 7 12 5 11 4 10 11 
11 15 9 14 8 13 7 12 11 
10 11 7 10 6 9 5 8 11 
10 14 7 13 6 12 5 11 11 
10 12 9 11 8 10 7 9 11 
9 12 6 11 5 10 4 9 11 
SCORES_TXT_END_0
SCORES_TXT_BEGIN_0 402 100 9 BLEU
7 7 6 6 5 5 4 4 7 
6 7 5 6 4 5 3 4 7 
6 7 4 6 3 5 2 4 7 
6 7 4 6 3 5 2 4 7 
6 7 4 6 2 5 0 4 7 
6 7 5 6 4 5 3 4 7 
5 7 2 6 1 5 0 4 7 
5 7 4 6 3 5 2 4 7 
5 7 3 6 2 5 1 4 7 
5 7 3 6 2 5 1 4 7 
4 7 2 6 1 5 0 4 7 
5 7 2 6 1 5 0 4 7 
5 7 3 6 1 5 0 4 7 
5 7 4 6 3 5 2 4 7 
4 7 1 6 0 5 0 4 7 
5 7 4 6 3 5 2 4 7 
5 7 3 6 1 5 0 4 7 
4 7 3 6 2 5 1 4 7 
6 7 4 6 2 5 0 4 7 
5 7 2 6 1 5 0 4 7 
3 7 1 6 0 5 0 4 7 
4 7 1 6 0 5 0 4 7 
4 7 3 6 2 5 1 4 7 
4 7 2 6 1 5 0 4 7 
4 7 2 6 0 5 0 4 7 
4 7 2 6 1 5 0 4 7 
5 7 2 6 1 5 0 4 7 
5 7 3 6 1 5 0 4 7 
4 7 1 6 0 5 0 4 7 
6 8 3 7 2 6 1 5 7 
5 7 3 6 1 5 0 4 7 
6 11 5 10 4 9 3 8 7 
6 11 5 10 4 9 3 8 7 
3 7 1 6 0 5 0 4 7 
7 8 5 7 3 6 1 5 7 
7 9 5 8 4 7 3 6 7 
3 7 1 6 0 5 0 4 7 
4 7 1 6 0 5 0 4 7 
5 8 3 7 2 6 1 5 7 
5 8 2 7 1 6 0 5 7 
6 9 5 8 4 7 3 6 7 
5 8 2 7 1 6 0 5 7 
4 7 2 6 1 5 0 4 7 
4 7 2 6 0 5 0 4 7 
6 10 5 9 4 8 3 7 7 
6 10 5 9 4 8 3 7 7 
6 8 4 7 2 6 0 5 7 
6 6 4 5 2 4 0 3 7 
6 8 3 7 2 6 1 5 7 
5 11 3 10 2 9 1 8 7 
6 8 4 7 2 6 0 5 7 
5 11 3 10 2 9 1 8 7 
4 8 2 7 1 6 0 5 7 
6 8 4 7 2 6 1 5 7 
4 8 2 7 1 6 0 5 7 
5 11 3 10 2 9 1 8 7 
5 6 2 5 1 4 0 3 7 
6 9 3 8 2 7 1 6 7 
5 11 3 10 2 9 1 8 7 
4 8 1 7 0 6 0 5 7 
5 11 3 10 1 9 0 8 7 
5 11 3 10 1 9 0 8 7 
5 6 3 5 1 4 0 3 7 
3 7 1 6 0 5 0 4 7 
5 11 4 10 3 9 2 8 7 
4 11 1 10 0 9 0 8 7 
5 11 4 10 3 9 2 8 7 
4 11 1 10 0 9 0 8 7 
6 9 3 8 2 7 1 6 7 
5 8 2 7 1 6 0 5 7 
4 11 3 10 2 9 1 8 7 
4 11 3 10 2 9 1 8 7 
5 9 3 8 2 7 1 6 7 
5 8 3 7 1 6 0 5 7 
6 9 3 8 1 7 0 6 7 
5 10 3 9 2 8 1 7 7 
6 9 4 8 3 7 2 6 7 
5 8 2 7 1 6 0 5 7 
5 9 1 8 0 7 0 6 7 
5 6 2 5 1 4 0 3 7 
5 10 3 9 2 8 1 7 7 
5 8 3 7 1 6 0 5 7 
4 6 1 5 0 4 0 3 7 
5 6 3 5 1 4 0 3 7 
4 6 2 5 1 4 0 3 7 
5 9 3 8 2 7 1 6 7 
5 9 3 8 2 7 1 6 7 
3 8 1 7 0 6 0 5 7 
5 8 3 7 2 6 1 5 7 
5 8 3 7 1 6 0 5 7 
5 10 3 9 2 8 1 7 7 
7 8 5 7 4 6 3 5 7 
5 9 3 8 1 7 0 6 7 
3 11 1 10 0 9 0 8 7 
5 10 3 9 2 8 1 7 7 
5 7 2 6 1 5 0 4 7 
3 11 1 10 0 9 0 8 7 
5 9 4 8 3 7 2 6 7 
4 9 1 8 0 7 0 6 7 
5 10 3 9 1 8 0 7 7 
SCORES_TXT_END_0
SCORES_TXT_BEGIN_0 403 29 9 BLEU
11 11 8 10 7 9 6 8 12 
10 11 6 10 4 9 2 8 12 
11 12 8 11 7 10 6 9 12 
12 13 11 12 10 11 9 10 12 
12 12 8 11 7 10 6 9 12 
10 11 6 10 5 9 4 8 12 
11 12 7 11 4 10 2 9 12 
10 12 6 11 4 10 2 9 12 
11 13 9 12 7 11 5 10 12 
10 11 6 10 4 9 2 8 12 
10 11 6 10 5 9 4 8 12 
12 12 9 11 7 10 6 9 12 
10 11 6 10 4 9 2 8 12 
10 11 6 10 4 9 2 8 12 
12 14 11 13 10 12 9 11 12 
10 11 6 10 5 9 4 8 12 
11 12 6 11 4 10 2 9 12 
11 12 8 11 7 10 6 9 12 
11 12 7 11 4 10 2 9 12 
9 11 4 10 2 9 0 8 12 
12 14 11 13 10 12 9 11 12 
11 11 7 10 5 9 3 8 12 
11 13 7 12 4 11 2 10 12 
10 11 6 10 4 9 2 8 12 
11 11 8 10 7 9 6 8 12 
11 13 7 12 4 11 2 10 12 
10 12 6 11 5 10 4 9 12 
10 11 6 10 4 9 2 8 12 
11 12 7 11 5 10 3 9 12 
SCORES_TXT_END_0
SCORES_TXT_BEGIN_0 404 21 9 BLEU
12 12 11 11 10 10 9 9 12 
11 12 10 11 9 10 8 9 12 
12 14 10 13 9 12 8 11 12 
11 16 10 15 9 14 8 13 12 
11 16 10 15 9 14 8 13 12 
11 14 10 13 9 12 8 11 12 
12 12 8 11 7 10 6 9 12 
11 15 10 14 9 13 8 12 12 
11 15 10 14 9 13 8 12 12 
12 12 9 11 5 10 3 9 12 
12 13 10 12 8 11 7 10 12 
12 12 8 11 5 10 4 9 12 
12 12 8 11 6 10 5 9 12 
12 13 10 12 8 11 6 10 12 
11 12 8 11 7 10 6 9 12 
12 13 11 12 9 11 7 10 12 
12 13 10 12 8 11 6 10 12 
12 13 11 12 10 11 9 10 12 
11 14 8 13 7 12 6 11 12 
12 12 8 11 6 10 4 9 12 
11 12 9 11 7 10 5 9 12 
SCORES_TXT_END_0
SCORES_TXT_BEGIN_0 405 100 9 BLEU
8 8 7 7 6 6 5 5 8 
7 8 6 7 5 6 4 5 8 
7 10 6 9 5 8 4 7 8 
8 10 6 9 5 8 4 7 8 
7 12 6 11 5 10 4 9 8 
7 12 6 11 5 10 4 9 8 
8 9 6 8 5 7 4 6 8 
7 8 5 7 3 6 2 5 8 
7 8 5 7 3 6 2 5 8 
7 11 6 10 5 9 4 8 8 
7 11 6 10 5 9 4 8 8 
6 8 4 7 3 6 2 5 8 
6 8 4 7 3 6 2 5 8 
6 10 4 9 3 8 2 7 8 
7 9 6 8 5 7 4 6 8 
6 10 4 9 3 8 2 7 8 
7 11 6 10 5 9 4 8 8 
6 8 5 7 4 6 3 5 8 
7 8 5 7 3 6 2 5 8 
7 9 6 8 5 7 4 6 8 
8 9 6 8 5 7 4 6 8 
7 9 6 8 5 7 4 6 8 
7 10 4 9 3 8 2 7 8 
8 8 4 7 2 6 1 5 8 
7 10 4 9 3 8 2 7 8 
7 11 6 10 5 9 4 8 8 
5 8 4 7 3 6 2 5 8 
8 8 5 7 3 6 1 5 8 
7 13 6 12 5 11 4 10 8 
7 13 6 12 5 11 4 10 8 
5 10 4 9 3 8 2 7 8 
8 11 6 10 5 9 4 8 8 
8 8 4 7 2 6 0 5 8 
7 12 6 11 5 10 4 9 8 
7 12 6 11 5 10 4 9 8 
8 9 4 8 2 7 1 6 8 
7 8 4 7 3 6 2 5 8 
6 8 4 7 3 6 2 5 8 
8 8 4 7 2 6 1 5 8 
6 10 4 9 3 8 2 7 8 
8 8 4 7 1 6 0 5 8 
8 8 4 7 3 6 2 5 8 
7 8 5 7 3 6 2 5 8 
8 9 6 8 5 7 4 6 8 
7 10 6 9 5 8 4 7 8 
8 8 4 7 2 6 1 5 8 
7 9 4 8 3 7 2 6 8 
8 9 5 8 3 7 1 6 8 
7 8 4 7 2 6 1 5 8 
8 11 6 10 5 9 4 8 8 
8 8 4 7 2 6 1 5 8 
8 10 6 9 5 8 4 7 8 
6 10 4 9 3 8 2 7 8 
6 8 4 7 3 6 2 5 8 
6 8 4 7 3 6 2 5 8 
8 9 4 8 2 7 0 6 8 
7 8 4 7 2 6 1 5 8 
7 8 3 7 2 6 1 5 8 
8 8 3 7 2 6 1 5 8 
8 8 4 7 2 6 1 5 8 
6 10 4 9 3 8 2 7 8 
6 10 4 9 3 8 2 7 8 
7 8 3 7 2 6 1 5 8 
7 10 4 9 2 8 1 7 8 
7 8 4 7 3 6 2 5 8 
7 10 4 9 3 8 2 7 8 
7 13 6 12 5 11 4 10 8 
7 13 6 12 5 11 4 10 8 
7 10 3 9 2 8 1 7 8 
6 12 4 11 3 10 2 9 8 
6 12 4 11 3 10 2 9 8 
8 8 5 7 3 6 1 5 8 
6 8 3 7 2 6 1 5 8 
7 8 4 7 2 6 1 5 8 
8 8 5 7 3 6 2 5 8 
6 12 4 11 3 10 2 9 8 
6 12 4 11 3 10 2 9 8 
7 8 3 7 2 6 1 5 8 
7 8 3 7 2 6 1 5 8 
8 9 4 8 1 7 0 6 8 
6 9 4 8 3 7 2 6 8 
7 9 4 8 3 7 2 6 8 
7 8 3 7 2 6 1 5 8 
7 10 4 9 3 8 2 7 8 
7 8 4 7 2 6 0 5 8 
7 8 4 7 3 6 2 5 8 
8 8 4 7 2 6 1 5 8 
6 12 4 11 3 10 2 9 8 
6 12 4 11 3 10 2 9 8 
8 8 3 7 2 6 1 5 8 
6 8 3 7 1 6 0 5 8 
7 8 3 7 2 6 1 5 8 
6 10 3 9 2 8 1 7 8 
7 8 3 7 2 6 1 5 8 
7 8 4 7 2 6 1 5 8 
6 11 4 10 3 9 2 8 8 
7 8 3 7 2 6 1 5 8 
6 11 4 10 3 9 2 8 8 
7 8 3 7 2 6 1 5 8 
7 8 3 7 2 6 1 5 8 
SCORES_TXT_END_0
SCORES_TXT_BEGIN_0 406 38 9 BLEU
10 10 9 9 8 8 7 7 10 
9 10 7 9 5 8 3 7 10 
9 10 7 9 5 8 3 7 10 
8 10 5 9 2 8 0 7 10 
9 10 7 9 5 8 3 7 10 
10 11 8 10 6 9 4 8 10 
10 12 8 11 7 10 6 9 10 
9 10 7 9 5 8 3 7 10 
9 12 6 11 4 10 3 9 10 
10 11 8 10 7 9 6 8 10 
9 11 6 10 4 9 3 8 10 
10 14 8 13 7 12 6 11 10 
10 14 8 13 7 12 6 11 10 
9 14 6 13 4 12 3 11 10 
9 14 6 13 4 12 3 11 10 
9 10 7 9 5 8 3 7 10 
8 10 5 9 2 8 0 7 10 
8 10 5 9 2 8 0 7 10 
9 11 7 10 5 9 3 8 10 
9 11 6 10 3 9 1 8 10 
8 10 5 9 2 8 0 7 10 
9 12 6 11 4 10 2 9 10 
10 11 8 10 7 9 6 8 10 
8 12 4 11 1 10 0 9 10 
9 11 6 10 4 9 2 8 10 
10 13 8 12 7 11 6 10 10 
9 11 6 10 4 9 3 8 10 
8 11 4 10 1 9 0 8 10 
9 13 6 12 4 11 3 10 10 
10 13 8 12 7 11 6 10 10 
9 13 6 12 4 11 3 10 10 
9 14 6 13 4 12 2 11 10 
9 14 6 13 4 12 2 11 10 
8 14 4 13 1 12 0 11 10 
8 14 4 13 1 12 0 11 10 
9 10 8 9 7 8 6 7 10 
8 11 5 10 2 9 0 8 10 
8 10 6 9 4 8 3 7 10 
SCORES_TXT_END_0
SCORES_TXT_BEGIN_0 407 50 9 BLEU
12 12 11 11 10 10 9 9 12 
12 14 10 13 9 12 8 11 12 
11 12 9 11 8 10 7 9 12 
11 13 9 12 8 11 7 10 12 
12 13 10 12 9 11 8 10 12 
12 13 10 12 8 11 6 10 12 
11 13 9 12 8 11 7 10 12 
12 12 8 11 5 10 2 9 12 
11 12 9 11 8 10 7 9 12 
12 16 10 15 9 14 8 13 12 
12 16 10 15 9 14 8 13 12 
12 13 11 12 9 11 7 10 12 
11 14 9 13 8 12 7 11 12 
11 15 9 14 8 13 7 12 12 
12 13 8 12 5 11 2 10 12 
12 15 9 14 7 13 6 12 12 
12 14 8 13 5 12 2 11 12 
11 17 9 16 8 15 7 14 12 
12 13 10 12 8 11 7 10 12 
11 16 9 15 8 14 7 13 12 
12 15 10 14 8 13 7 12 12 
12 12 8 11 6 10 5 9 12 
11 14 9 13 8 12 7 11 12 
11 17 9 16 8 15 7 14 12 
12 13 10 12 9 11 8 10 12 
11 13 9 12 8 11 7 10 12 
11 16 9 15 8 14 7 13 12 
12 15 10 14 9 13 8 12 12 
12 13 10 12 8 11 6 10 12 
11 14 9 13 8 12 7 11 12 
12 14 9 13 7 12 6 11 12 
12 13 10 12 9 11 8 10 12 
11 13 9 12 8 11 7 10 12 
11 13 8 12 7 11 6 10 12 
12 13 10 12 9 11 8 10 12 
11 16 9 15 8 14 7 13 12 
12 15 10 14 9 13 8 12 12 
12 14 10 13 8 12 7 11 12 
12 13 10 12 9 11 8 10 12 
12 15 9 14 8 13 7 12 12 
11 13 9 12 8 11 7 10 12 
11 14 8 13 7 12 6 11 12 
12 14 8 13 6 12 5 11 12 
11 18 9 17 8 16 7 15 12 
12 13 8 12 6 11 5 10 12 
12 17 9 16 7 15 6 14 12 
12 17 9 16 7 15 6 14 12 
11 17 9 16 8 15 7 14 12 
11 15 9 14 8 13 7 12 12 
11 13 8 12 6 11 5 10 12 
SCORES_TXT_END_0
SCORES_TXT_BEGIN_0 408 100 9 BLEU
4 4 3 3 2 2 1 1 4 
3 4 2 3 1 2 0 1 4 
3 8 2 7 1 6 0 5 4 
3 8 2 7 1 6 0 5 4 
4 6 2 5 1 4 0 3 4 
3 6 2 5 1 4 0 3 4 
3 7 2 6 1 5 0 4 4 
3 7 2 6 1 5 0 4 4 
4 5 2 4 1 3 0 2 4 
2 5 0 4 0 3 0 2 4 
3 5 2 4 1 3 0 2 4 
2 5 0 4 0 3 0 2 4 
1 5 0 4 0 3 0 2 4 
2 5 0 4 0 3 0 2 4 
2 5 0 4 0 3 0 2 4 
2 5 0 4 0 3 0 2 4 
1 9 0 8 0 7 0 6 4 
1 9 0 8 0 7 0 6 4 
1 5 0 4 0 3 0 2 4 
1 5 0 4 0 3 0 2 4 
2 6 0 5 0 4 0 3 4 
2 7 0 6 0 5 0 4 4 
1 7 0 6 0 5 0 4 4 
2 5 0 4 0 3 0 2 4 
1 8 0 7 0 6 0 5 4 
1 8 0 7 0 6 0 5 4 
1 7 0 6 0 5 0 4 4 
1 8 0 7 0 6 0 5 4 
1 8 0 7 0 6 0 5 4 
1 5 0 4 0 3 0 2 4 
1 9 0 8 0 7 0 6 4 
1 9 0 8 0 7 0 6 4 
1 5 0 4 0 3 0 2 4 
1 7 0 6 0 5 0 4 4 
2 7 0 6 0 5 0 4 4 
2 6 0 5 0 4 0 3 4 
1 5 0 4 0 3 0 2 4 
1 9 0 8 0 7 0 6 4 
1 9 0 8 0 7 0 6 4 
1 6 0 5 0 4 0 3 4 
2 7 0 6 0 5 0 4 4 
1 8 0 7 0 6 0 5 4 
1 8 0 7 0 6 0 5 4 
4 4 2 3 1 2 0 1 4 
1 7 0 6 0 5 0 4 4 
1 7 0 6 0 5 0 4 4 
1 8 0 7 0 6 0 5 4 
1 8 0 7 0 6 0 5 4 
2 6 0 5 0 4 0 3 4 
2 5 0 4 0 3 0 2 4 
2 5 0 4 0 3 0 2 4 
1 9 0 8 0 7 0 6 4 
1 9 0 8 0 7 0 6 4 
3 4 2 3 1 2 0 1 4 
1 6 0 5 0 4 0 3 4 
2 5 0 4 0 3 0 2 4 
1 9 0 8 0 7 0 6 4 
1 9 0 8 0 7 0 6 4 
2 7 0 6 0 5 0 4 4 
2 7 0 6 0 5 0 4 4 
2 5 0 4 0 3 0 2 4 
1 6 0 5 0 4 0 3 4 
1 6 0 5 0 4 0 3 4 
1 10 0 9 0 8 0 7 4 
1 10 0 9 0 8 0 7 4 
2 5 0 4 0 3 0 2 4 
1 8 0 7 0 6 0 5 4 
2 6 0 5 0 4 0 3 4 
1 7 0 6 0 5 0 4 4 
1 8 0 7 0 6 0 5 4 
2 8 0 7 0 6 0 5 4 
1 9 0 8 0 7 0 6 4 
1 9 0 8 0 7 0 6 4 
1 8 0 7 0 6 0 5 4 
2 5 0 4 0 3 0 2 4 
2 7 0 6 0 5 0 4 4 
1 5 0 4 0 3 0 2 4 
1 8 0 7 0 6 0 5 4 
1 8 0 7 0 6 0 5 4 
2 5 0 4 0 3 0 2 4 
1 6 0 5 0 4 0 3 4 
1 5 0 4 0 3 0 2 4 
2 6 0 5 0 4 0 3 4 
1 8 0 7 0 6 0 5 4 
1 5 0 4 0 3 0 2 4 
1 5 0 4 0 3 0 2 4 
1 9 0 8 0 7 0 6 4 
2 5 0 4 0 3 0 2 4 
1 9 0 8 0 7 0 6 4 
2 5 0 4 0 3 0 2 4 
2 5 0 4 0 3 0 2 4 
1 5 0 4 0 3 0 2 4 
4 5 2 4 1 3 0 2 4 
2 5 0 4 0 3 0 2 4 
2 5 0 4 0 3 0 2 4 
1 7 0 6 0 5 0 4 4 
1 7 0 6 0 5 0 4 4 
1 5 0 4 0 3 0 2 4 
2 6 0 5 0 4 0 3 4 
1 6 0 5 0 4 0 3 4 
SCORES_TXT_END_0
SCORES_TXT_BEGIN_0 409 100 9 BLEU
8 8 7 7 6 6 5 5 8 
7 8 6 7 5 6 4 5 8 
8 10 6 9 5 8 4 7 8 
7 10 5 9 4 8 3 7 8 
8 9 6 8 5 7 4 6 8 
7 9 5 8 4 7 3 6 8 
8 9 6 8 5 7 4 6 8 
8 9 6 8 4 7 2 6 8 
8 9 6 8 5 7 4 6 8 
8 12 6 11 5 10 4 9 8 
8 12 6 11 5 10 4 9 8 
7 9 5 8 4 7 3 6 8 
7 9 5 8 3 7 1 6 8 
7 9 5 8 4 7 3 6 8 
7 12 5 11 4 10 3 9 8 
7 12 5 11 4 10 3 9 8 
7 9 3 8 1 7 0 6 8 
8 9 6 8 4 7 3 6 8 
7 9 5 8 4 7 3 6 8 
8 9 4 8 1 7 0 6 8 
8 11 6 10 5 9 4 8 8 
8 11 6 10 5 9 4 8 8 
8 10 6 9 5 8 4 7 8 
8 11 5 10 3 9 1 8 8 
8 11 6 10 5 9 4 8 8 
7 11 5 10 4 9 3 8 8 
7 10 3 9 1 8 0 7 8 
8 9 5 8 4 7 3 6 8 
8 13 6 12 5 11 4 10 8 
8 13 6 12 5 11 4 10 8 
7 11 3 10 1 9 0 8 8 
7 11 4 10 2 9 0 8 8 
7 11 5 10 4 9 3 8 8 
7 8 6 7 5 6 4 5 8 
7 10 5 9 4 8 3 7 8 
8 10 4 9 1 8 0 7 8 
8 11 6 10 5 9 4 8 8 
8 9 5 8 4 7 3 6 8 
8 11 4 10 1 9 0 8 8 
8 9 6 8 4 7 3 6 8 
8 11 5 10 3 9 2 8 8 
7 11 5 10 4 9 3 8 8 
7 11 4 10 3 9 2 8 8 
7 13 5 12 4 11 3 10 8 
7 13 5 12 4 11 3 10 8 
6 8 5 7 4 6 3 5 8 
8 9 5 8 4 7 3 6 8 
7 11 5 10 4 9 3 8 8 
8 10 6 9 5 8 4 7 8 
8 12 6 11 5 10 4 9 8 
8 9 5 8 4 7 3 6 8 
8 10 5 9 3 8 1 7 8 
8 10 5 9 4 8 3 7 8 
8 9 6 8 5 7 4 6 8 
8 8 4 7 3 6 2 5 8 
8 10 5 9 4 8 3 7 8 
8 12 6 11 5 10 4 9 8 
7 8 3 7 1 6 0 5 8 
8 11 4 10 3 9 2 8 8 
7 10 5 9 4 8 3 7 8 
7 10 4 9 2 8 0 7 8 
7 13 3 12 1 11 0 10 8 
8 13 6 12 5 11 4 10 8 
8 8 4 7 2 6 1 5 8 
8 13 6 12 5 11 4 10 8 
8 11 4 10 3 9 2 8 8 
7 13 3 12 1 11 0 10 8 
8 10 5 9 4 8 3 7 8 
7 12 5 11 4 10 3 9 8 
8 10 3 9 1 8 0 7 8 
8 8 4 7 1 6 0 5 8 
8 10 5 9 4 8 3 7 8 
8 8 4 7 2 6 1 5 8 
8 10 5 9 4 8 3 7 8 
7 9 5 8 4 7 3 6 8 
8 13 4 12 1 11 0 10 8 
8 11 5 10 3 9 2 8 8 
8 13 4 12 1 11 0 10 8 
8 10 5 9 4 8 3 7 8 
7 9 6 8 5 7 4 6 8 
8 10 5 9 3 8 2 7 8 
7 8 3 7 2 6 1 5 8 
8 10 6 9 4 8 3 7 8 
7 9 3 8 2 7 1 6 8 
7 12 5 11 4 10 3 9 8 
7 10 4 9 3 8 2 7 8 
7 8 3 7 2 6 1 5 8 
7 8 3 7 1 6 0 5 8 
8 10 4 9 3 8 2 7 8 
8 10 5 9 4 8 3 7 8 
7 9 3 8 1 7 0 6 8 
8 10 3 9 1 8 0 7 8 
7 8 3 7 1 6 0 5 8 
8 11 4 10 3 9 2 8 8 
8 10 5 9 4 8 3 7 8 
7 13 5 12 4 11 3 10 8 
8 9 4 8 2 7 1 6 8 
7 13 5 12 4 11 3 10 8 
8 8 4 7 2 6 1 5 8 
8 9 4 8 2 7 1 6 8 
SCORES_TXT_END_0
SCORES_TXT_BEGIN_0 410 100 9 BLEU
8 8 7 7 6 6 5 5 8 
7 8 6 7 5 6 4 5 8 
7 10 6 9 5 8 4 7 8 
8 10 6 9 5 8 4 7 8 
7 12 6 11 5 10 4 9 8 
7 12 6 11 5 10 4 9 8 
8 9 6 8 5 7 4 6 8 
7 8 5 7 3 6 2 5 8 
7 8 5 7 3 6 2 5 8 
7 11 6 10 5 9 4 8 8 
7 11 6 10 5 9 4 8 8 
6 8 4 7 3 6 2 5 8 
6 8 4 7 3 6 2 5 8 
6 10 4 9 3 8 2 7 8 
7 9 6 8 5 7 4 6 8 
6 10 4 9 3 8 2 7 8 
7 11 6 10 5 9 4 8 8 
6 8 5 7 4 6 3 5 8 
7 8 5 7 3 6 2 5 8 
7 9 6 8 5 7 4 6 8 
8 9 6 8 5 7 4 6 8 
7 9 6 8 5 7 4 6 8 
7 10 4 9 3 8 2 7 8 
8 8 4 7 2 6 1 5 8 
7 10 4 9 3 8 2 7 8 
7 11 6 10 5 9 4 8 8 
5 8 4 7 3 6 2 5 8 
8 8 5 7 3 6 1 5 8 
7 13 6 12 5 11 4 10 8 
7 13 6 12 5 11 4 10 8 
5 10 4 9 3 8 2 7 8 
8 11 6 10 5 9 4 8 8 
8 8 4 7 2 6 0 5 8 
7 12 6 11 5 10 4 9 8 
7 12 6 11 5 10 4 9 8 
8 9 4 8 2 7 1 6 8 
7 8 4 7 3 6 2 5 8 
6 8 4 7 3 6 2 5 8 
8 8 4 7 2 6 1 5 8 
6 10 4 9 3 8 2 7 8 
8 8 4 7 1 6 0 5 8 
8 8 4 7 3 6 2 5 8 
7 8 5 7 3 6 2 5 8 
8 9 6 8 5 7 4 6 8 
7 10 6 9 5 8 4 7 8 
8 8 4 7 2 6 1 5 8 
7 9 4 8 3 7 2 6 8 
8 9 5 8 3 7 1 6 8 
7 8 4 7 2 6 1 5 8 
8 11 6 10 5 9 4 8 8 
8 8 4 7 2 6 1 5 8 
8 10 6 9 5 8 4 7 8 
6 10 4 9 3 8 2 7 8 
6 8 4 7 3 6 2 5 8 
6 8 4 7 3 6 2 5 8 
8 9 4 8 2 7 0 6 8 
7 8 4 7 2 6 1 5 8 
7 8 3 7 2 6 1 5 8 
8 8 3 7 2 6 1 5 8 
8 8 4 7 2 6 1 5 8 
6 10 4 9 3 8 2 7 8 
6 10 4 9 3 8 2 7 8 
7 8 3 7 2 6 1 5 8 
7 10 4 9 2 8 1 7 8 
7 8 4 7 3 6 2 5 8 
7 10 4 9 3 8 2 7 8 
7 13 6 12 5 11 4 10 8 
7 13 6 12 5 11 4 10 8 
7 10 3 9 2 8 1 7 8 
6 12 4 11 3 10 2 9 8 
6 12 4 11 3 10 2 9 8 
8 8 5 7 3 6 1 5 8 
6 8 3 7 2 6 1 5 8 
7 8 4 7 2 6 1 5 8 
8 8 5 7 3 6 2 5 8 
6 12 4 11 3 10 2 9 8 
6 12 4 11 3 10 2 9 8 
7 8 3 7 2 6 1 5 8 
7 8 3 7 2 6 1 5 8 
8 9 4 8 1 7 0 6 8 
6 9 4 8 3 7 2 6 8 
7 9 4 8 3 7 2 6 8 
7 8 3 7 2 6 1 5 8 
7 10 4 9 3 8 2 7 8 
7 8 4 7 2 6 0 5 8 
7 8 4 7 3 6 2 5 8 
8 8 4 7 2 6 1 5 8 
6 12 4 11 3 10 2 9 8 
6 12 4 11 3 10 2 9 8 
8 8 3 7 2 6 1 5 8 
6 8 3 7 1 6 0 5 8 
7 8 3 7 2 6 1 5 8 
6 10 3 9 2 8 1 7 8 
7 8 3 7 2 6 1 5 8 
7 8 4 7 2 6 1 5 8 
6 11 4 10 3 9 2 8 8 
7 8 3 7 2 6 1 5 8 
6 11 4 10 3 9 2 8 8 
7 8 3 7 2 6 1 5 8 
7 8 3 7 2 6 1 5 8 
SCORES_TXT_END_0
SCORES_TXT_BEGIN_0 411 17 9 BLEU
8 10 6 9 4 8 2 7 8 
8 10 6 9 4 8 2 7 8 
7 10 5 9 3 8 2 7 8 
7 10 5 9 3 8 2 7 8 
7 8 6 7 5 6 4 5 8 
8 8 7 7 6 6 5 5 8 
7 10 5 9 3 8 1 7 8 
5 6 4 5 3 4 2 3 8 
7 10 5 9 3 8 1 7 8 
6 10 4 9 2 8 1 7 8 
6 10 4 9 2 8 1 7 8 
6 8 5 7 4 6 3 5 8 
7 8 6 7 5 6 4 5 8 
4 6 3 5 2 4 1 3 8 
5 8 4 7 3 6 2 5 8 
5 8 4 7 3 6 2 5 8 
8 10 7 9 6 8 4 7 8 
SCORES_TXT_END_0
SCORES_TXT_BEGIN_0 412 100 9 BLEU
7 7 6 6 5 5 4 4 7 
6 8 4 7 3 6 2 5 7 
6 7 5 6 4 5 3 4 7 
5 8 3 7 2 6 1 5 7 
6 11 5 10 4 9 3 8 7 
6 11 5 10 4 9 3 8 7 
7 9 5 8 4 7 3 6 7 
6 9 5 8 4 7 3 6 7 
5 12 3 11 2 10 1 9 7 
5 12 3 11 2 10 1 9 7 
6 10 3 9 2 8 1 7 7 
5 7 4 6 3 5 2 4 7 
5 10 3 9 2 8 1 7 7 
6 6 4 5 2 4 1 3 7 
5 7 3 6 2 5 1 4 7 
6 7 4 6 2 5 1 4 7 
7 8 5 7 4 6 3 5 7 
5 8 3 7 2 6 1 5 7 
6 10 5 9 4 8 3 7 7 
4 7 3 6 2 5 1 4 7 
6 10 5 9 4 8 3 7 7 
5 6 3 5 1 4 0 3 7 
6 8 5 7 4 6 3 5 7 
6 9 3 8 2 7 1 6 7 
6 7 4 6 2 5 1 4 7 
4 7 2 6 1 5 0 4 7 
5 7 3 6 1 5 0 4 7 
5 11 3 10 2 9 1 8 7 
4 11 3 10 2 9 1 8 7 
6 8 5 7 4 6 3 5 7 
5 11 3 10 2 9 1 8 7 
4 11 3 10 2 9 1 8 7 
5 9 3 8 2 7 1 6 7 
5 10 3 9 1 8 0 7 7 
5 10 3 9 1 8 0 7 7 
6 6 2 5 0 4 0 3 7 
7 8 5 7 4 6 3 5 7 
4 8 2 7 1 6 0 5 7 
7 8 5 7 4 6 3 5 7 
6 8 3 7 1 6 0 5 7 
7 7 3 6 2 5 1 4 7 
4 9 3 8 2 7 1 6 7 
5 9 3 8 2 7 1 6 7 
6 7 3 6 2 5 1 4 7 
4 6 2 5 1 4 0 3 7 
5 8 2 7 0 6 0 5 7 
4 11 2 10 1 9 0 8 7 
5 8 3 7 1 6 0 5 7 
4 11 2 10 1 9 0 8 7 
7 10 5 9 4 8 3 7 7 
6 8 5 7 4 6 3 5 7 
5 11 3 10 1 9 0 8 7 
5 11 3 10 1 9 0 8 7 
5 9 2 8 1 7 0 6 7 
5 9 3 8 2 7 1 6 7 
6 12 5 11 4 10 3 9 7 
6 12 5 11 4 10 3 9 7 
6 9 3 8 1 7 0 6 7 
5 7 3 6 2 5 1 4 7 
6 6 2 5 0 4 0 3 7 
6 12 5 11 4 10 3 9 7 
5 7 1 6 0 5 0 4 7 
6 12 5 11 4 10 3 9 7 
6 10 5 9 4 8 3 7 7 
4 6 3 5 2 4 1 3 7 
7 10 5 9 4 8 3 7 7 
4 9 2 8 1 7 0 6 7 
6 9 3 8 2 7 1 6 7 
5 7 3 6 2 5 1 4 7 
4 12 2 11 1 10 0 9 7 
5 9 3 8 1 7 0 6 7 
4 12 2 11 1 10 0 9 7 
5 7 2 6 1 5 0 4 7 
6 9 3 8 2 7 1 6 7 
5 6 2 5 0 4 0 3 7 
6 6 3 5 1 4 0 3 7 
5 9 3 8 2 7 1 6 7 
5 10 2 9 1 8 0 7 7 
6 7 3 6 2 5 1 4 7 
6 8 1 7 0 6 0 5 7 
5 8 1 7 0 6 0 5 7 
5 7 2 6 1 5 0 4 7 
6 10 5 9 4 8 3 7 7 
5 8 2 7 0 6 0 5 7 
5 7 1 6 0 5 0 4 7 
6 11 5 10 4 9 3 8 7 
7 8 3 7 2 6 1 5 7 
6 9 3 8 2 7 1 6 7 
5 9 3 8 2 7 1 6 7 
6 6 3 5 1 4 0 3 7 
6 11 5 10 4 9 3 8 7 
6 11 3 10 2 9 1 8 7 
4 10 2 9 1 8 0 7 7 
5 11 3 10 2 9 1 8 7 
5 13 3 12 2 11 1 10 7 
5 13 3 12 2 11 1 10 7 
5 7 3 6 2 5 1 4 7 
5 11 3 10 2 9 1 8 7 
5 6 1 5 0 4 0 3 7 
7 7 4 6 3 5 2 4 7 
SCORES_TXT_END_0
SCORES_TXT_BEGIN_0 413 100 9 BLEU
8 8 7 7 6 6 5 5 8 
8 9 7 8 5 7 3 6 8 
7 8 6 7 5 6 4 5 8 
8 9 6 8 4 7 3 6 8 
8 9 6 8 4 7 3 6 8 
8 8 4 7 3 6 2 5 8 
8 9 6 8 4 7 2 6 8 
7 12 6 11 5 10 4 9 8 
7 12 6 11 5 10 4 9 8 
8 9 6 8 4 7 2 6 8 
8 10 6 9 5 8 4 7 8 
8 9 6 8 4 7 3 6 8 
7 10 6 9 5 8 4 7 8 
7 11 6 10 5 9 4 8 8 
8 9 6 8 4 7 3 6 8 
7 11 6 10 5 9 4 8 8 
7 8 4 7 3 6 2 5 8 
7 9 6 8 4 7 2 6 8 
8 8 4 7 2 6 1 5 8 
8 9 6 8 5 7 4 6 8 
7 10 4 9 3 8 2 7 8 
8 9 6 8 5 7 4 6 8 
8 9 5 8 3 7 2 6 8 
8 8 4 7 2 6 1 5 8 
8 9 6 8 4 7 2 6 8 
8 9 7 8 6 7 5 6 8 
8 9 4 8 3 7 2 6 8 
8 9 6 8 5 7 4 6 8 
7 13 6 12 4 11 2 10 8 
7 13 6 12 4 11 2 10 8 
8 9 6 8 5 7 4 6 8 
7 8 4 7 2 6 1 5 8 
8 8 4 7 1 6 0 5 8 
8 9 6 8 4 7 3 6 8 
7 9 5 8 3 7 1 6 8 
7 9 6 8 5 7 4 6 8 
8 9 6 8 5 7 4 6 8 
8 9 6 8 4 7 2 6 8 
8 9 4 8 3 7 2 6 8 
8 9 6 8 4 7 2 6 8 
7 9 6 8 5 7 4 6 8 
8 11 6 10 4 9 2 8 8 
7 9 5 8 4 7 3 6 8 
7 9 5 8 3 7 2 6 8 
7 10 4 9 2 8 1 7 8 
8 8 5 7 4 6 3 5 8 
7 12 4 11 3 10 2 9 8 
7 12 4 11 3 10 2 9 8 
7 11 6 10 5 9 4 8 8 
8 9 4 8 3 7 2 6 8 
7 9 5 8 4 7 3 6 8 
8 9 6 8 4 7 3 6 8 
8 10 4 9 3 8 2 7 8 
7 11 4 10 3 9 2 8 8 
8 9 4 8 3 7 2 6 8 
8 9 4 8 3 7 2 6 8 
8 9 6 8 4 7 2 6 8 
7 11 4 10 3 9 2 8 8 
7 11 6 10 5 9 4 8 8 
7 11 5 10 3 9 2 8 8 
8 8 5 7 3 6 2 5 8 
7 9 6 8 5 7 4 6 8 
7 9 5 8 3 7 2 6 8 
7 9 4 8 3 7 2 6 8 
8 9 4 8 3 7 2 6 8 
7 11 6 10 4 9 2 8 8 
8 9 4 8 3 7 2 6 8 
7 9 5 8 3 7 2 6 8 
7 12 6 11 4 10 2 9 8 
8 8 4 7 2 6 1 5 8 
8 10 6 9 4 8 3 7 8 
7 12 6 11 4 10 2 9 8 
7 11 4 10 3 9 2 8 8 
8 10 7 9 5 8 3 7 8 
8 10 6 9 3 8 2 7 8 
7 9 6 8 5 7 4 6 8 
8 9 6 8 4 7 2 6 8 
7 8 5 7 4 6 3 5 8 
7 9 5 8 4 7 3 6 8 
8 10 6 9 4 8 2 7 8 
8 10 7 9 5 8 3 7 8 
7 9 4 8 3 7 2 6 8 
8 9 4 8 2 7 1 6 8 
8 9 6 8 4 7 2 6 8 
7 11 6 10 5 9 4 8 8 
8 10 6 9 4 8 3 7 8 
8 9 4 8 3 7 2 6 8 
7 9 6 8 5 7 4 6 8 
7 9 4 8 3 7 2 6 8 
8 8 4 7 1 6 0 5 8 
8 9 6 8 4 7 2 6 8 
7 8 5 7 3 6 2 5 8 
8 8 4 7 2 6 0 5 8 
7 13 5 12 4 11 3 10 8 
7 9 5 8 3 7 1 6 8 
8 8 3 7 2 6 1 5 8 
7 13 5 12 4 11 3 10 8 
8 10 6 9 4 8 3 7 8 
7 9 5 8 4 7 3 6 8 
8 9 6 8 4 7 2 6 8 
SCORES_TXT_END_0
SCORES_TXT_BEGIN_0 414 90 9 BLEU
8 8 7 7 6 6 5 5 8 
7 12 6 11 5 10 4 9 8 
7 12 6 11 5 10 4 9 8 
8 12 6 11 5 10 4 9 8 
8 12 6 11 5 10 4 9 8 
8 10 6 9 5 8 4 7 8 
7 10 6 9 5 8 4 7 8 
7 8 6 7 5 6 4 5 8 
8 9 6 8 5 7 4 6 8 
8 10 6 9 5 8 4 7 8 
8 10 6 9 5 8 4 7 8 
8 9 6 8 5 7 4 6 8 
7 8 5 7 3 6 2 5 8 
8 11 6 10 5 9 4 8 8 
8 11 6 10 5 9 4 8 8 
7 9 6 8 5 7 4 6 8 
7 10 6 9 5 8 4 7 8 
7 11 6 10 5 9 4 8 8 
7 10 6 9 5 8 4 7 8 
7 11 6 10 5 9 4 8 8 
6 12 4 11 2 10 1 9 8 
6 12 4 11 2 10 1 9 8 
7 12 4 11 2 10 1 9 8 
7 9 6 8 5 7 4 6 8 
7 13 6 12 5 11 4 10 8 
7 13 6 12 5 11 4 10 8 
7 11 6 10 5 9 4 8 8 
7 12 4 11 2 10 1 9 8 
7 14 6 13 5 12 4 11 8 
7 14 6 13 5 12 4 11 8 
7 11 6 10 5 9 4 8 8 
7 14 6 13 5 12 4 11 8 
8 11 6 10 5 9 4 8 8 
7 14 6 13 5 12 4 11 8 
7 10 4 9 2 8 1 7 8 
7 16 6 15 5 14 4 13 8 
7 16 6 15 5 14 4 13 8 
7 16 6 15 5 14 4 13 8 
8 8 5 7 3 6 1 5 8 
8 9 6 8 5 7 4 6 8 
7 11 6 10 5 9 4 8 8 
7 16 6 15 5 14 4 13 8 
8 14 6 13 5 12 4 11 8 
7 14 6 13 5 12 4 11 8 
7 13 6 12 5 11 4 10 8 
8 14 6 13 5 12 4 11 8 
7 14 6 13 5 12 4 11 8 
7 13 6 12 5 11 4 10 8 
7 13 6 12 5 11 4 10 8 
7 13 6 12 5 11 4 10 8 
7 13 6 12 5 11 4 10 8 
7 15 6 14 5 13 4 12 8 
7 15 6 14 5 13 4 12 8 
6 10 4 9 2 8 1 7 8 
7 13 6 12 5 11 4 10 8 
7 9 6 8 5 7 4 6 8 
8 9 6 8 4 7 3 6 8 
7 14 6 13 5 12 4 11 8 
7 15 6 14 5 13 4 12 8 
8 12 6 11 5 10 4 9 8 
7 15 6 14 5 13 4 12 8 
7 15 6 14 5 13 4 12 8 
8 11 6 10 5 9 4 8 8 
7 14 6 13 5 12 4 11 8 
7 15 6 14 5 13 4 12 8 
8 13 6 12 5 11 4 10 8 
7 15 6 14 5 13 4 12 8 
7 15 6 14 5 13 4 12 8 
8 13 6 12 5 11 4 10 8 
7 12 6 11 5 10 4 9 8 
7 11 6 10 5 9 4 8 8 
7 13 6 12 5 11 4 10 8 
7 12 6 11 5 10 4 9 8 
6 8 4 7 2 6 1 5 8 
7 13 6 12 5 11 4 10 8 
8 8 4 7 3 6 2 5 8 
7 13 6 12 5 11 4 10 8 
7 12 6 11 5 10 4 9 8 
8 9 5 8 3 7 1 6 8 
7 14 6 13 5 12 4 11 8 
7 13 6 12 5 11 4 10 8 
7 14 6 13 5 12 4 11 8 
7 13 5 12 3 11 2 10 8 
7 14 6 13 5 12 4 11 8 
8 10 5 9 3 8 1 7 8 
7 14 6 13 5 12 4 11 8 
8 10 6 9 5 8 4 7 8 
7 13 5 12 3 11 2 10 8 
7 9 4 8 2 7 1 6 8 
8 10 5 9 3 8 1 7 8 
SCORES_TXT_END_0
SCORES_TXT_BEGIN_0 415 100 9 BLEU
8 8 7 7 6 6 5 5 8 
8 9 7 8 5 7 3 6 8 
7 8 6 7 5 6 4 5 8 
8 8 4 7 3 6 2 5 8 
8 9 6 8 4 7 3 6 8 
7 12 6 11 5 10 4 9 8 
7 12 6 11 5 10 4 9 8 
8 9 6 8 4 7 3 6 8 
8 9 6 8 4 7 2 6 8 
8 10 6 9 5 8 4 7 8 
8 9 6 8 4 7 2 6 8 
8 9 6 8 4 7 3 6 8 
7 10 6 9 5 8 4 7 8 
7 11 6 10 5 9 4 8 8 
7 11 6 10 5 9 4 8 8 
7 8 4 7 3 6 2 5 8 
8 9 6 8 4 7 3 6 8 
7 10 4 9 3 8 2 7 8 
8 8 4 7 2 6 1 5 8 
7 9 6 8 4 7 2 6 8 
8 9 6 8 5 7 4 6 8 
8 9 5 8 3 7 2 6 8 
8 9 6 8 5 7 4 6 8 
8 8 4 7 2 6 1 5 8 
8 9 4 8 3 7 2 6 8 
8 9 6 8 4 7 2 6 8 
8 9 7 8 6 7 5 6 8 
8 9 6 8 5 7 4 6 8 
8 9 4 8 3 7 2 6 8 
8 9 6 8 5 7 4 6 8 
7 13 6 12 4 11 2 10 8 
7 13 6 12 4 11 2 10 8 
7 8 4 7 2 6 1 5 8 
7 9 6 8 5 7 4 6 8 
8 9 6 8 5 7 4 6 8 
7 9 5 8 3 7 1 6 8 
7 12 4 11 3 10 2 9 8 
7 12 4 11 3 10 2 9 8 
8 9 6 8 4 7 2 6 8 
8 8 5 7 4 6 3 5 8 
8 9 4 8 3 7 2 6 8 
7 9 5 8 3 7 2 6 8 
7 9 6 8 5 7 4 6 8 
8 10 4 9 3 8 2 7 8 
8 9 6 8 4 7 3 6 8 
7 11 4 10 3 9 2 8 8 
7 11 4 10 3 9 2 8 8 
8 8 4 7 1 6 0 5 8 
8 9 4 8 3 7 2 6 8 
7 9 5 8 4 7 3 6 8 
8 9 4 8 3 7 2 6 8 
7 10 4 9 2 8 1 7 8 
8 8 5 7 3 6 2 5 8 
8 11 6 10 4 9 2 8 8 
7 11 6 10 5 9 4 8 8 
7 9 4 8 3 7 2 6 8 
8 9 4 8 3 7 2 6 8 
7 9 5 8 4 7 3 6 8 
8 9 6 8 4 7 2 6 8 
7 9 6 8 5 7 4 6 8 
7 11 5 10 3 9 2 8 8 
7 11 6 10 5 9 4 8 8 
8 9 6 8 4 7 3 6 8 
7 9 5 8 3 7 2 6 8 
8 9 4 8 3 7 2 6 8 
8 8 4 7 2 6 1 5 8 
7 11 4 10 3 9 2 8 8 
7 9 5 8 3 7 2 6 8 
8 9 6 8 4 7 2 6 8 
7 11 6 10 4 9 2 8 8 
7 8 5 7 4 6 3 5 8 
7 12 6 11 4 10 2 9 8 
7 9 6 8 5 7 4 6 8 
7 12 6 11 4 10 2 9 8 
7 9 4 8 3 7 2 6 8 
8 10 6 9 4 8 3 7 8 
8 9 6 8 4 7 2 6 8 
8 10 6 9 3 8 2 7 8 
8 9 4 8 3 7 2 6 8 
7 9 5 8 4 7 3 6 8 
7 9 4 8 3 7 2 6 8 
8 10 7 9 5 8 3 7 8 
8 8 3 7 2 6 1 5 8 
7 11 6 10 5 9 4 8 8 
8 9 4 8 2 7 1 6 8 
7 9 6 8 5 7 4 6 8 
8 8 4 7 1 6 0 5 8 
8 10 6 9 4 8 3 7 8 
7 11 4 10 2 9 1 8 8 
7 9 4 8 3 7 2 6 8 
8 10 6 9 4 8 2 7 8 
7 11 4 10 3 9 2 8 8 
7 11 4 10 2 9 1 8 8 
7 13 5 12 4 11 3 10 8 
7 9 5 8 3 7 1 6 8 
8 10 7 9 5 8 3 7 8 
8 8 4 7 2 6 0 5 8 
7 13 5 12 4 11 3 10 8 
8 9 6 8 4 7 2 6 8 
7 8 5 7 3 6 2 5 8 
SCORES_TXT_END_0
SCORES_TXT_BEGIN_0 416 100 9 BLEU
7 7 6 6 5 5 4 4 7 
7 9 5 8 4 7 3 6 7 
6 8 3 7 1 6 0 5 7 
7 11 5 10 4 9 3 8 7 
7 11 5 10 4 9 3 8 7 
7 8 5 7 4 6 3 5 7 
7 8 3 7 1 6 0 5 7 
5 8 2 7 1 6 0 5 7 
5 8 2 7 1 6 0 5 7 
6 10 3 9 1 8 0 7 7 
5 8 2 7 1 6 0 5 7 
6 8 2 7 1 6 0 5 7 
6 8 2 7 1 6 0 5 7 
7 10 3 9 1 8 0 7 7 
6 8 2 7 1 6 0 5 7 
6 7 5 6 4 5 3 4 7 
5 7 2 6 1 5 0 4 7 
5 9 2 8 1 7 0 6 7 
7 8 5 7 4 6 3 5 7 
7 10 5 9 4 8 3 7 7 
5 10 2 9 1 8 0 7 7 
5 8 2 7 1 6 0 5 7 
6 9 2 8 1 7 0 6 7 
5 10 2 9 1 8 0 7 7 
5 8 2 7 1 6 0 5 7 
6 10 2 9 1 8 0 7 7 
7 10 5 9 4 8 3 7 7 
6 8 2 7 1 6 0 5 7 
6 7 2 6 1 5 0 4 7 
5 10 2 9 1 8 0 7 7 
6 9 3 8 1 7 0 6 7 
6 10 2 9 1 8 0 7 7 
5 5 3 4 1 3 0 2 7 
6 6 4 5 2 4 0 3 7 
6 8 2 7 1 6 0 5 7 
5 7 1 6 0 5 0 4 7 
6 8 2 7 1 6 0 5 7 
6 7 1 6 0 5 0 4 7 
5 8 2 7 1 6 0 5 7 
5 9 2 8 1 7 0 6 7 
7 8 4 7 2 6 1 5 7 
6 10 2 9 1 8 0 7 7 
7 9 3 8 1 7 0 6 7 
5 12 2 11 1 10 0 9 7 
5 5 1 4 0 3 0 2 7 
5 12 2 11 1 10 0 9 7 
5 5 2 4 1 3 0 2 7 
7 8 2 7 1 6 0 5 7 
6 6 3 5 1 4 0 3 7 
6 8 3 7 1 6 0 5 7 
6 6 4 5 2 4 1 3 7 
5 7 2 6 0 5 0 4 7 
5 8 3 7 1 6 0 5 7 
6 12 2 11 1 10 0 9 7 
5 9 4 8 3 7 2 6 7 
6 12 2 11 1 10 0 9 7 
5 10 2 9 1 8 0 7 7 
5 8 2 7 1 6 0 5 7 
6 7 4 6 3 5 2 4 7 
7 10 3 9 1 8 0 7 7 
6 6 2 5 0 4 0 3 7 
7 9 5 8 3 7 1 6 7 
5 5 1 4 0 3 0 2 7 
6 10 2 9 1 8 0 7 7 
5 9 2 8 1 7 0 6 7 
5 9 2 8 1 7 0 6 7 
5 6 2 5 1 4 0 3 7 
5 9 2 8 1 7 0 6 7 
7 8 5 7 4 6 3 5 7 
5 7 2 6 1 5 0 4 7 
5 10 2 9 1 8 0 7 7 
6 8 5 7 4 6 3 5 7 
6 10 2 9 1 8 0 7 7 
6 8 4 7 2 6 1 5 7 
6 8 2 7 1 6 0 5 7 
5 10 2 9 0 8 0 7 7 
5 9 2 8 1 7 0 6 7 
6 9 4 8 2 7 0 6 7 
6 9 2 8 1 7 0 6 7 
6 9 3 8 1 7 0 6 7 
6 8 5 7 4 6 3 5 7 
5 11 3 10 2 9 1 8 7 
5 8 2 7 1 6 0 5 7 
7 10 2 9 1 8 0 7 7 
6 9 5 8 4 7 3 6 7 
6 9 3 8 2 7 1 6 7 
5 7 0 6 0 5 0 4 7 
4 7 0 6 0 5 0 4 7 
6 9 2 8 1 7 0 6 7 
6 9 2 8 1 7 0 6 7 
6 9 2 8 1 7 0 6 7 
6 7 0 6 0 5 0 4 7 
5 7 0 6 0 5 0 4 7 
7 11 4 10 2 9 0 8 7 
5 9 2 8 1 7 0 6 7 
6 10 2 9 1 8 0 7 7 
7 7 4 6 3 5 2 4 7 
5 8 2 7 1 6 0 5 7 
4 8 2 7 1 6 0 5 7 
5 12 2 11 1 10 0 9 7 
SCORES_TXT_END_0
SCORES_TXT_BEGIN_0 417 100 9 BLEU
6 6 5 5 4 4 3 3 6 
4 5 2 4 1 3 0 2 6 
5 6 3 5 2 4 1 3 6 
5 6 4 5 3 4 2 3 6 
3 5 2 4 1 3 0 2 6 
5 10 4 9 3 8 2 7 6 
5 10 4 9 3 8 2 7 6 
4 6 3 5 2 4 1 3 6 
6 8 4 7 3 6 2 5 6 
6 8 4 7 2 6 0 5 6 
5 8 4 7 3 6 2 5 6 
5 9 4 8 3 7 2 6 6 
3 9 2 8 1 7 0 6 6 
3 9 2 8 1 7 0 6 6 
5 9 4 8 3 7 2 6 6 
4 7 2 6 1 5 0 4 6 
4 10 3 9 2 8 1 7 6 
4 10 3 9 2 8 1 7 6 
5 8 3 7 2 6 1 5 6 
3 7 2 6 1 5 0 4 6 
6 8 4 7 2 6 0 5 6 
4 8 3 7 2 6 1 5 6 
3 8 2 7 1 6 0 5 6 
3 8 2 7 1 6 0 5 6 
4 9 3 8 2 7 1 6 6 
6 7 4 6 3 5 2 4 6 
4 9 3 8 2 7 1 6 6 
6 8 4 7 2 6 0 5 6 
5 7 4 6 3 5 2 4 6 
5 6 2 5 1 4 0 3 6 
6 6 2 5 1 4 0 3 6 
4 5 2 4 1 3 0 2 6 
4 7 2 6 1 5 0 4 6 
6 9 4 8 2 7 0 6 6 
4 6 2 5 1 4 0 3 6 
5 7 3 6 2 5 1 4 6 
4 7 2 6 1 5 0 4 6 
4 5 2 4 1 3 0 2 6 
3 6 2 5 1 4 0 3 6 
6 8 4 7 3 6 2 5 6 
4 6 2 5 1 4 0 3 6 
5 6 2 5 1 4 0 3 6 
6 8 4 7 2 6 1 5 6 
6 6 3 5 2 4 1 3 6 
4 7 3 6 2 5 1 4 6 
4 8 2 7 1 6 0 5 6 
6 8 4 7 2 6 0 5 6 
5 8 2 7 1 6 0 5 6 
6 8 3 7 1 6 0 5 6 
5 6 3 5 2 4 1 3 6 
4 7 2 6 1 5 0 4 6 
5 8 3 7 1 6 0 5 6 
3 7 2 6 1 5 0 4 6 
5 8 2 7 1 6 0 5 6 
6 8 3 7 1 6 0 5 6 
6 8 4 7 2 6 1 5 6 
5 6 3 5 2 4 1 3 6 
6 6 3 5 2 4 1 3 6 
6 8 4 7 3 6 2 5 6 
5 6 3 5 2 4 1 3 6 
3 5 2 4 1 3 0 2 6 
4 7 2 6 1 5 0 4 6 
4 7 2 6 1 5 0 4 6 
4 6 3 5 2 4 1 3 6 
6 6 3 5 1 4 0 3 6 
6 8 4 7 3 6 2 5 6 
4 7 2 6 1 5 0 4 6 
6 8 4 7 2 6 1 5 6 
4 7 2 6 1 5 0 4 6 
6 8 5 7 4 6 3 5 6 
6 8 3 7 1 6 0 5 6 
5 8 4 7 3 6 2 5 6 
6 8 4 7 2 6 0 5 6 
6 6 3 5 1 4 0 3 6 
6 8 4 7 3 6 2 5 6 
6 8 4 7 2 6 0 5 6 
5 8 3 7 2 6 1 5 6 
6 8 4 7 2 6 1 5 6 
6 8 3 7 1 6 0 5 6 
5 8 3 7 2 6 1 5 6 
5 8 3 7 1 6 0 5 6 
3 5 2 4 1 3 0 2 6 
5 12 3 11 1 10 0 9 6 
4 7 2 6 1 5 0 4 6 
5 12 3 11 1 10 0 9 6 
6 8 4 7 2 6 1 5 6 
5 10 4 9 3 8 2 7 6 
3 7 2 6 1 5 0 4 6 
4 10 2 9 1 8 0 7 6 
3 11 2 10 1 9 0 8 6 
4 10 2 9 1 8 0 7 6 
5 10 2 9 1 8 0 7 6 
5 10 2 9 1 8 0 7 6 
5 6 2 5 1 4 0 3 6 
3 11 2 10 1 9 0 8 6 
6 8 4 7 3 6 2 5 6 
6 6 3 5 1 4 0 3 6 
5 8 3 7 1 6 0 5 6 
3 7 2 6 1 5 0 4 6 
4 7 2 6 1 5 0 4 6 
SCORES_TXT_END_0
SCORES_TXT_BEGIN_0 418 100 9 BLEU
8 8 7 7 6 6 5 5 8 
7 8 6 7 5 6 4 5 8 
7 8 4 7 3 6 2 5 8 
7 8 5 7 3 6 2 5 8 
7 8 5 7 3 6 2 5 8 
8 10 6 9 5 8 4 7 8 
7 8 5 7 3 6 2 5 8 
7 10 6 9 5 8 4 7 8 
6 8 4 7 3 6 2 5 8 
6 8 4 7 3 6 2 5 8 
6 8 4 7 3 6 2 5 8 
7 9 5 8 3 7 2 6 8 
6 10 4 9 3 8 2 7 8 
8 9 6 8 5 7 4 6 8 
6 12 4 11 3 10 2 9 8 
6 12 4 11 3 10 2 9 8 
7 8 5 7 3 6 2 5 8 
7 10 4 9 3 8 2 7 8 
7 10 4 9 3 8 2 7 8 
6 8 4 7 3 6 2 5 8 
7 10 4 9 3 8 2 7 8 
7 12 6 11 5 10 4 9 8 
7 12 6 11 5 10 4 9 8 
6 10 4 9 3 8 2 7 8 
6 11 4 10 3 9 2 8 8 
6 11 4 10 3 9 2 8 8 
7 8 3 7 0 6 0 5 8 
6 9 4 8 3 7 2 6 8 
6 10 4 9 3 8 2 7 8 
7 9 6 8 5 7 4 6 8 
6 7 4 6 2 5 1 4 8 
6 8 4 7 3 6 2 5 8 
6 8 2 7 0 6 0 5 8 
6 12 4 11 3 10 2 9 8 
8 8 4 7 3 6 2 5 8 
6 12 4 11 3 10 2 9 8 
7 11 6 10 5 9 4 8 8 
7 10 4 9 3 8 2 7 8 
7 9 4 8 3 7 2 6 8 
7 11 6 10 5 9 4 8 8 
6 9 4 8 3 7 2 6 8 
6 8 4 7 2 6 1 5 8 
8 9 6 8 4 7 2 6 8 
6 10 4 9 3 8 2 7 8 
7 9 4 8 3 7 2 6 8 
6 12 4 11 3 10 2 9 8 
7 13 6 12 5 11 4 10 8 
6 12 4 11 3 10 2 9 8 
7 13 6 12 5 11 4 10 8 
7 11 4 10 3 9 2 8 8 
7 9 6 8 5 7 4 6 8 
8 11 6 10 5 9 4 8 8 
7 8 5 7 3 6 1 5 8 
6 12 4 11 3 10 2 9 8 
6 11 4 10 3 9 2 8 8 
5 7 3 6 2 5 1 4 8 
6 12 4 11 3 10 2 9 8 
6 13 4 12 3 11 2 10 8 
7 9 4 8 3 7 2 6 8 
6 13 4 12 3 11 2 10 8 
7 8 4 7 3 6 2 5 8 
7 10 4 9 3 8 2 7 8 
8 8 5 7 3 6 2 5 8 
7 11 6 10 5 9 4 8 8 
7 10 2 9 0 8 0 7 8 
7 10 4 9 3 8 2 7 8 
7 8 4 7 3 6 2 5 8 
7 12 6 11 5 10 4 9 8 
6 9 4 8 3 7 2 6 8 
7 12 6 11 5 10 4 9 8 
7 10 4 9 3 8 2 7 8 
8 9 6 8 5 7 4 6 8 
6 10 4 9 3 8 2 7 8 
6 12 4 11 3 10 2 9 8 
6 12 4 11 3 10 2 9 8 
6 7 3 6 2 5 1 4 8 
6 11 4 10 3 9 2 8 8 
8 9 6 8 5 7 4 6 8 
7 8 4 7 3 6 2 5 8 
7 9 5 8 3 7 1 6 8 
6 10 2 9 0 8 0 7 8 
6 8 4 7 2 6 1 5 8 
6 11 4 10 3 9 2 8 8 
8 9 5 8 3 7 2 6 8 
7 8 4 7 3 6 2 5 8 
6 9 4 8 3 7 2 6 8 
7 9 4 8 2 7 1 6 8 
8 8 5 7 3 6 2 5 8 
6 7 4 6 2 5 1 4 8 
7 8 5 7 3 6 1 5 8 
7 9 4 8 2 7 1 6 8 
7 9 6 8 5 7 4 6 8 
7 9 4 8 3 7 2 6 8 
6 11 4 10 3 9 2 8 8 
8 11 6 10 5 9 4 8 8 
6 12 4 11 3 10 2 9 8 
7 8 5 7 3 6 2 5 8 
6 11 4 10 3 9 2 8 8 
6 12 4 11 3 10 2 9 8 
5 8 3 7 2 6 1 5 8 
SCORES_TXT_END_0
SCORES_TXT_BEGIN_0 419 100 9 BLEU
8 8 7 7 6 6 5 5 8 
7 7 5 6 4 5 3 4 8 
7 9 5 8 4 7 3 6 8 
7 8 5 7 4 6 3 5 8 
6 6 4 5 3 4 2 3 8 
7 11 5 10 4 9 3 8 8 
7 11 5 10 4 9 3 8 8 
6 7 3 6 2 5 1 4 8 
8 10 6 9 5 8 4 7 8 
5 5 3 4 2 3 1 2 8 
7 7 5 6 3 5 1 4 8 
8 9 7 8 5 7 4 6 8 
6 7 3 6 2 5 1 4 8 
6 9 3 8 2 7 1 6 8 
7 8 5 7 4 6 3 5 8 
8 12 6 11 5 10 4 9 8 
5 5 2 4 1 3 0 2 8 
8 12 6 11 5 10 4 9 8 
7 10 5 9 4 8 3 7 8 
7 10 5 9 4 8 3 7 8 
7 8 5 7 4 6 3 5 8 
6 7 5 6 4 5 3 4 8 
7 8 5 7 4 6 3 5 8 
5 7 2 6 1 5 0 4 8 
8 9 6 8 5 7 4 6 8 
8 11 6 10 5 9 4 8 8 
6 11 3 10 2 9 1 8 8 
6 11 3 10 2 9 1 8 8 
8 11 6 10 5 9 4 8 8 
7 10 5 9 4 8 3 7 8 
7 8 6 7 5 6 4 5 8 
7 10 4 9 3 8 2 7 8 
8 9 6 8 4 7 3 6 8 
7 9 5 8 3 7 2 6 8 
7 7 3 6 2 5 1 4 8 
6 8 3 7 2 6 1 5 8 
5 9 2 8 1 7 0 6 8 
5 9 2 8 1 7 0 6 8 
7 9 5 8 4 7 3 6 8 
7 12 4 11 3 10 2 9 8 
8 9 6 8 5 7 4 6 8 
7 12 4 11 3 10 2 9 8 
5 5 1 4 0 3 0 2 8 
7 7 3 6 1 5 0 4 8 
6 10 3 9 2 8 1 7 8 
6 8 5 7 4 6 3 5 8 
6 10 3 9 2 8 1 7 8 
7 12 5 11 4 10 3 9 8 
7 12 5 11 4 10 3 9 8 
6 7 1 6 0 5 0 4 8 
6 8 5 7 4 6 3 5 8 
5 6 3 5 2 4 1 3 8 
7 8 5 7 3 6 1 5 8 
7 9 3 8 2 7 1 6 8 
7 11 5 10 4 9 3 8 8 
7 11 5 10 4 9 3 8 8 
6 8 3 7 2 6 1 5 8 
6 8 3 7 2 6 1 5 8 
5 7 3 6 2 5 1 4 8 
6 8 3 7 2 6 1 5 8 
6 8 3 7 2 6 1 5 8 
5 5 2 4 0 3 0 2 8 
7 9 5 8 4 7 3 6 8 
5 7 1 6 0 5 0 4 8 
7 9 3 8 1 7 0 6 8 
7 9 4 8 3 7 2 6 8 
5 6 2 5 1 4 0 3 8 
6 7 4 6 2 5 1 4 8 
5 5 2 4 1 3 0 2 8 
6 9 1 8 0 7 0 6 8 
5 5 2 4 1 3 0 2 8 
7 11 4 10 3 9 2 8 8 
8 8 5 7 3 6 1 5 8 
8 8 4 7 2 6 1 5 8 
5 5 1 4 0 3 0 2 8 
7 7 3 6 1 5 0 4 8 
5 5 1 4 0 3 0 2 8 
5 8 2 7 1 6 0 5 8 
5 8 2 7 1 6 0 5 8 
7 11 4 10 3 9 2 8 8 
6 10 3 9 2 8 1 7 8 
6 10 3 9 2 8 1 7 8 
6 7 1 6 0 5 0 4 8 
6 10 3 9 2 8 1 7 8 
6 6 3 5 2 4 1 3 8 
7 8 3 7 2 6 1 5 8 
7 9 6 8 5 7 4 6 8 
5 6 2 5 1 4 0 3 8 
5 7 2 6 1 5 0 4 8 
7 9 6 8 5 7 4 6 8 
7 7 3 6 2 5 1 4 8 
4 5 2 4 1 3 0 2 8 
6 7 3 6 2 5 1 4 8 
5 7 2 6 1 5 0 4 8 
6 6 2 5 0 4 0 3 8 
7 9 4 8 2 7 0 6 8 
7 8 4 7 1 6 0 5 8 
6 7 1 6 0 5 0 4 8 
6 6 2 5 1 4 0 3 8 
7 11 3 10 2 9 1 8 8 
SCORES_TXT_END_0
SCORES_TXT_BEGIN_0 420 100 9 BLEU
8 8 7 7 6 6 5 5 8 
8 9 5 8 2 7 1 6 8 
8 8 4 7 2 6 1 5 8 
8 9 6 8 4 7 2 6 8 
7 10 6 9 5 8 4 7 8 
7 7 5 6 3 5 1 4 8 
7 8 6 7 5 6 4 5 8 
8 9 7 8 5 7 3 6 8 
7 8 3 7 2 6 1 5 8 
7 9 5 8 2 7 1 6 8 
7 9 4 8 2 7 1 6 8 
7 8 5 7 4 6 3 5 8 
7 8 4 7 2 6 1 5 8 
6 8 3 7 2 6 1 5 8 
6 10 3 9 2 8 1 7 8 
7 9 4 8 2 7 1 6 8 
6 9 4 8 2 7 1 6 8 
8 8 4 7 2 6 1 5 8 
8 10 6 9 5 8 4 7 8 
6 8 5 7 4 6 3 5 8 
7 8 3 7 2 6 1 5 8 
7 11 5 10 3 9 1 8 8 
7 12 3 11 2 10 1 9 8 
6 11 4 10 2 9 1 8 8 
7 13 5 12 2 11 1 10 8 
7 9 5 8 3 7 1 6 8 
7 13 5 12 2 11 1 10 8 
8 9 6 8 4 7 2 6 8 
7 12 3 11 2 10 1 9 8 
7 12 6 11 5 10 4 9 8 
7 12 6 11 5 10 4 9 8 
6 12 3 11 2 10 1 9 8 
6 10 5 9 4 8 3 7 8 
7 10 3 9 2 8 1 7 8 
6 12 3 11 2 10 1 9 8 
7 12 4 11 2 10 1 9 8 
7 11 6 10 5 9 4 8 8 
7 12 5 11 4 10 3 9 8 
7 12 4 11 2 10 1 9 8 
7 11 6 10 5 9 4 8 8 
7 13 4 12 2 11 1 10 8 
6 9 4 8 2 7 0 6 8 
8 11 5 10 2 9 1 8 8 
8 10 6 9 3 8 1 7 8 
6 7 4 6 2 5 0 4 8 
7 12 5 11 4 10 3 9 8 
7 13 4 12 2 11 1 10 8 
6 13 4 12 2 11 1 10 8 
7 10 5 9 4 8 3 7 8 
7 11 6 10 4 9 3 8 8 
7 11 4 10 2 9 1 8 8 
6 13 4 12 2 11 1 10 8 
7 8 5 7 2 6 0 5 8 
7 9 6 8 4 7 3 6 8 
6 12 5 11 4 10 3 9 8 
8 10 4 9 2 8 1 7 8 
6 8 3 7 2 6 1 5 8 
6 12 5 11 4 10 3 9 8 
8 9 6 8 5 7 4 6 8 
7 8 4 7 1 6 0 5 8 
7 11 5 10 2 9 1 8 8 
8 10 5 9 2 8 1 7 8 
7 8 5 7 3 6 1 5 8 
7 12 5 11 2 10 1 9 8 
6 7 3 6 1 5 0 4 8 
7 9 4 8 2 7 1 6 8 
7 9 6 8 5 7 4 6 8 
7 12 5 11 2 10 1 9 8 
7 7 3 6 1 5 0 4 8 
7 10 4 9 2 8 1 7 8 
8 9 4 8 2 7 1 6 8 
7 11 4 10 2 9 1 8 8 
6 9 4 8 2 7 1 6 8 
8 8 4 7 2 6 0 5 8 
6 8 4 7 3 6 2 5 8 
7 9 5 8 4 7 3 6 8 
7 10 3 9 2 8 1 7 8 
7 11 4 10 2 9 1 8 8 
7 8 3 7 2 6 1 5 8 
7 9 6 8 5 7 4 6 8 
6 8 3 7 2 6 1 5 8 
8 9 4 8 2 7 1 6 8 
8 9 5 8 2 7 0 6 8 
8 9 6 8 5 7 4 6 8 
8 11 5 10 3 9 1 8 8 
5 8 3 7 2 6 1 5 8 
7 8 5 7 3 6 1 5 8 
7 9 3 8 2 7 1 6 8 
8 8 5 7 3 6 1 5 8 
7 9 5 8 4 7 3 6 8 
8 9 6 8 5 7 4 6 8 
7 8 5 7 3 6 1 5 8 
8 10 5 9 2 8 1 7 8 
8 10 6 9 4 8 2 7 8 
7 11 6 10 5 9 4 8 8 
7 13 5 12 3 11 1 10 8 
5 7 3 6 1 5 0 4 8 
7 13 5 12 3 11 1 10 8 
7 9 5 8 4 7 3 6 8 
5 10 3 9 2 8 1 7 8 
SCORES_TXT_END_0
SCORES_TXT_BEGIN_0 421 43 9 BLEU
15 15 14 14 13 13 12 12 15 
14 15 13 14 12 13 11 12 15 
14 19 13 18 12 17 11 16 15 
14 19 13 18 12 17 11 16 15 
15 17 13 16 12 15 11 14 15 
14 17 13 16 12 15 11 14 15 
14 15 12 14 10 13 9 12 15 
15 16 13 15 11 14 9 13 15 
15 15 11 14 9 13 8 12 15 
14 16 12 15 10 14 9 13 15 
15 15 11 14 9 13 8 12 15 
14 16 12 15 10 14 9 13 15 
14 15 12 14 10 13 9 12 15 
13 15 11 14 10 13 9 12 15 
15 15 11 14 8 13 5 12 15 
14 18 13 17 12 16 11 15 15 
14 18 13 17 12 16 11 15 15 
14 18 11 17 9 16 8 15 15 
14 18 11 17 9 16 8 15 15 
15 16 13 15 11 14 9 13 15 
14 16 12 15 10 14 8 13 15 
14 15 11 14 9 13 8 12 15 
15 16 13 15 11 14 9 13 15 
14 15 11 14 9 13 8 12 15 
15 16 14 15 12 14 10 13 15 
14 15 11 14 9 13 8 12 15 
14 17 11 16 9 15 8 14 15 
14 17 12 16 10 15 9 14 15 
14 15 11 14 10 13 9 12 15 
14 15 10 14 9 13 8 12 15 
14 15 11 14 8 13 5 12 15 
13 19 11 18 10 17 9 16 15 
14 20 12 19 10 18 8 17 15 
14 17 11 16 9 15 8 14 15 
13 19 11 18 10 17 9 16 15 
14 17 11 16 10 15 9 14 15 
14 20 12 19 10 18 8 17 15 
13 16 11 15 10 14 9 13 15 
14 16 11 15 10 14 9 13 15 
15 15 11 14 10 13 9 12 15 
15 15 11 14 9 13 8 12 15 
14 16 10 15 9 14 8 13 15 
14 17 11 16 8 15 5 14 15 
SCORES_TXT_END_0
SCORES_TXT_BEGIN_0 422 100 9 BLEU
13 13 12 12 11 11 10 10 13 
11 12 9 11 8 10 7 9 13 
12 13 11 12 10 11 9 10 13 
10 12 8 11 7 10 6 9 13 
12 13 10 12 8 11 7 10 13 
12 13 9 12 8 11 7 10 13 
10 12 7 11 5 10 4 9 13 
12 13 10 12 8 11 7 10 13 
10 12 6 11 5 10 4 9 13 
13 15 11 14 10 13 9 12 13 
10 12 7 11 5 10 4 9 13 
12 13 11 12 10 11 9 10 13 
12 15 11 14 10 13 9 12 13 
11 14 8 13 7 12 6 11 13 
11 13 9 12 8 11 7 10 13 
12 13 10 12 8 11 7 10 13 
11 13 9 12 8 11 7 10 13 
10 14 8 13 7 12 6 11 13 
12 14 10 13 8 12 7 11 13 
9 12 6 11 5 10 4 9 13 
11 13 9 12 8 11 7 10 13 
10 12 7 11 5 10 4 9 13 
9 12 6 11 5 10 4 9 13 
12 12 10 11 8 10 7 9 13 
12 12 10 11 8 10 6 9 13 
9 12 6 11 5 10 4 9 13 
11 13 10 12 9 11 8 10 13 
12 12 11 11 10 10 9 9 13 
13 14 11 13 10 12 9 11 13 
10 13 7 12 5 11 4 10 13 
11 15 9 14 8 13 7 12 13 
10 11 7 10 5 9 4 8 13 
11 17 9 16 8 15 7 14 13 
11 17 9 16 8 15 7 14 13 
12 13 10 12 8 11 7 10 13 
11 13 8 12 7 11 6 10 13 
9 14 6 13 5 12 4 11 13 
12 15 9 14 8 13 7 12 13 
11 12 9 11 8 10 7 9 13 
11 13 9 12 7 11 6 10 13 
12 15 9 14 8 13 7 12 13 
9 16 6 15 5 14 4 13 13 
12 17 11 16 10 15 9 14 13 
9 16 6 15 5 14 4 13 13 
12 17 11 16 10 15 9 14 13 
11 13 8 12 7 11 6 10 13 
11 14 9 13 8 12 7 11 13 
10 14 6 13 5 12 4 11 13 
12 15 9 14 8 13 7 12 13 
11 15 9 14 8 13 7 12 13 
12 13 10 12 9 11 8 10 13 
10 12 7 11 5 10 4 9 13 
11 13 9 12 7 11 6 10 13 
10 14 6 13 5 12 4 11 13 
11 12 9 11 7 10 5 9 13 
11 13 9 12 8 11 7 10 13 
12 15 10 14 9 13 8 12 13 
11 16 9 15 8 14 7 13 13 
11 12 10 11 9 10 8 9 13 
9 11 6 10 5 9 4 8 13 
10 16 8 15 7 14 6 13 13 
11 16 9 15 8 14 7 13 13 
12 14 11 13 10 12 9 11 13 
10 14 6 13 5 12 4 11 13 
10 16 8 15 7 14 6 13 13 
11 12 9 11 7 10 5 9 13 
9 14 6 13 5 12 4 11 13 
11 15 9 14 8 13 7 12 13 
12 12 10 11 8 10 6 9 13 
11 13 9 12 8 11 7 10 13 
9 13 6 12 5 11 4 10 13 
9 12 6 11 5 10 4 9 13 
13 14 12 13 10 12 8 11 13 
9 15 6 14 5 13 4 12 13 
11 15 10 14 9 13 8 12 13 
11 13 8 12 6 11 5 10 13 
9 15 6 14 5 13 4 12 13 
9 14 6 13 5 12 4 11 13 
10 13 8 12 7 11 6 10 13 
12 16 11 15 10 14 9 13 13 
11 13 9 12 8 11 7 10 13 
11 12 8 11 5 10 3 9 13 
11 12 7 11 5 10 3 9 13 
12 16 11 15 10 14 9 13 13 
13 13 9 12 8 11 7 10 13 
10 13 8 12 7 11 6 10 13 
11 13 9 12 7 11 6 10 13 
11 12 9 11 7 10 6 9 13 
11 14 9 13 7 12 6 11 13 
11 12 8 11 7 10 6 9 13 
12 14 9 13 8 12 7 11 13 
12 14 9 13 8 12 7 11 13 
10 13 8 12 7 11 6 10 13 
11 13 9 12 7 11 6 10 13 
13 14 12 13 11 12 10 11 13 
11 14 9 13 8 12 7 11 13 
13 14 11 13 9 12 7 11 13 
11 17 9 16 8 15 7 14 13 
11 17 9 16 8 15 7 14 13 
11 12 8 11 5 10 3 9 13 
SCORES_TXT_END_0
SCORES_TXT_BEGIN_0 423 67 9 BLEU
10 11 9 10 8 9 7 8 15 
15 15 14 14 13 13 12 12 15 
14 15 12 14 10 13 8 12 15 
14 15 13 14 12 13 11 12 15 
10 11 7 10 6 9 5 8 15 
11 11 9 10 8 9 7 8 15 
13 13 9 12 7 11 5 10 15 
11 12 10 11 9 10 8 9 15 
9 11 7 10 5 9 3 8 15 
11 11 7 10 6 9 5 8 15 
12 13 10 12 8 11 7 10 15 
9 11 7 10 5 9 3 8 15 
13 13 11 12 9 11 7 10 15 
14 15 9 14 7 13 5 12 15 
15 15 11 14 9 13 7 12 15 
14 15 12 14 10 13 8 12 15 
9 11 8 10 7 9 6 8 15 
12 13 8 12 6 11 5 10 15 
14 15 12 14 10 13 8 12 15 
12 12 10 11 9 10 8 9 15 
12 13 11 12 10 11 9 10 15 
13 15 10 14 7 13 4 12 15 
13 15 11 14 9 13 7 12 15 
9 11 5 10 3 9 1 8 15 
13 15 10 14 7 13 4 12 15 
10 11 7 10 5 9 3 8 15 
11 12 7 11 6 10 5 9 15 
11 12 8 11 7 10 6 9 15 
13 15 11 14 9 13 7 12 15 
9 11 5 10 3 9 1 8 15 
14 14 12 13 10 12 8 11 15 
13 14 11 13 9 12 7 11 15 
12 13 7 12 4 11 1 10 15 
10 11 7 10 5 9 3 8 15 
9 12 8 11 7 10 6 9 15 
15 16 14 15 12 14 10 13 15 
14 16 12 15 10 14 8 13 15 
10 12 8 11 6 10 4 9 15 
12 13 7 12 4 11 1 10 15 
10 11 5 10 3 9 1 8 15 
13 13 11 12 10 11 9 10 15 
13 14 12 13 11 12 10 11 15 
14 14 10 13 8 12 6 11 15 
13 14 11 13 9 12 8 11 15 
13 14 9 13 7 12 5 11 15 
10 12 8 11 6 10 4 9 15 
11 13 8 12 5 11 3 10 15 
10 12 9 11 8 10 7 9 15 
11 12 9 11 7 10 5 9 15 
15 16 13 15 11 14 9 13 15 
10 11 8 10 7 9 6 8 15 
12 13 10 12 7 11 5 10 15 
10 11 5 10 3 9 1 8 15 
12 12 7 11 6 10 5 9 15 
10 12 7 11 6 10 5 9 15 
14 14 12 13 10 12 8 11 15 
11 13 8 12 5 11 3 10 15 
13 15 7 14 4 13 1 12 15 
10 12 8 11 7 10 6 9 15 
12 13 9 12 6 11 3 10 15 
14 15 9 14 6 13 3 12 15 
14 14 9 13 7 12 5 11 15 
12 12 8 11 6 10 5 9 15 
8 11 6 10 4 9 2 8 15 
11 12 8 11 6 10 5 9 15 
11 13 9 12 7 11 5 10 15 
15 16 14 15 12 14 10 13 15 
SCORES_TXT_END_0
SCORES_TXT_BEGIN_0 424 100 9 BLEU
10 10 9 9 8 8 7 7 10 
9 9 7 8 6 7 5 6 10 
9 10 7 9 6 8 5 7 10 
9 11 7 10 6 9 5 8 10 
9 13 7 12 6 11 5 10 10 
9 13 7 12 6 11 5 10 10 
8 8 6 7 5 6 4 5 10 
8 9 7 8 6 7 5 6 10 
10 12 8 11 7 10 6 9 10 
10 11 9 10 7 9 6 8 10 
9 10 7 9 6 8 5 7 10 
9 12 7 11 6 10 5 9 10 
9 10 7 9 5 8 4 7 10 
10 14 8 13 7 12 6 11 10 
10 14 8 13 7 12 6 11 10 
10 11 9 10 7 9 5 8 10 
9 12 6 11 5 10 4 9 10 
9 12 7 11 6 10 5 9 10 
9 11 7 10 5 9 4 8 10 
10 10 6 9 4 8 2 7 10 
8 8 5 7 4 6 3 5 10 
10 11 8 10 7 9 6 8 10 
9 14 6 13 5 12 4 11 10 
9 14 6 13 5 12 4 11 10 
10 13 8 12 7 11 6 10 10 
10 11 8 10 6 9 4 8 10 
9 10 4 9 3 8 2 7 10 
10 10 6 9 4 8 2 7 10 
8 8 4 7 3 6 2 5 10 
10 10 6 9 4 8 2 7 10 
8 10 7 9 6 8 5 7 10 
10 13 8 12 7 11 6 10 10 
9 12 7 11 5 10 4 9 10 
8 8 5 7 3 6 1 5 10 
9 11 6 10 5 9 4 8 10 
8 10 7 9 6 8 5 7 10 
10 11 8 10 6 9 4 8 10 
8 9 6 8 5 7 4 6 10 
9 10 7 9 6 8 5 7 10 
9 10 4 9 2 8 0 7 10 
9 9 7 8 5 7 3 6 10 
7 7 5 6 4 5 3 4 10 
9 9 7 8 5 7 3 6 10 
9 10 7 9 6 8 5 7 10 
9 11 6 10 5 9 4 8 10 
10 11 8 10 7 9 6 8 10 
8 9 5 8 4 7 3 6 10 
9 11 7 10 5 9 3 8 10 
8 9 5 8 3 7 1 6 10 
9 10 8 9 7 8 6 7 10 
10 10 7 9 6 8 5 7 10 
9 13 6 12 5 11 4 10 10 
9 10 5 9 4 8 3 7 10 
10 11 8 10 6 9 4 8 10 
9 14 7 13 5 12 4 11 10 
8 9 5 8 3 7 2 6 10 
9 14 7 13 5 12 4 11 10 
9 11 6 10 4 9 2 8 10 
10 12 6 11 4 10 2 9 10 
8 10 5 9 4 8 3 7 10 
8 8 4 7 2 6 1 5 10 
10 10 6 9 4 8 3 7 10 
9 10 7 9 5 8 3 7 10 
9 13 6 12 5 11 4 10 10 
10 11 9 10 8 9 7 8 10 
9 10 7 9 5 8 3 7 10 
9 11 7 10 6 9 5 8 10 
7 8 5 7 4 6 3 5 10 
9 10 4 9 2 8 1 7 10 
10 11 8 10 6 9 4 8 10 
10 10 7 9 6 8 5 7 10 
8 10 5 9 4 8 3 7 10 
9 12 4 11 3 10 2 9 10 
9 10 5 9 3 8 2 7 10 
10 12 6 11 4 10 2 9 10 
8 10 4 9 3 8 2 7 10 
8 8 4 7 3 6 2 5 10 
8 10 5 9 3 8 1 7 10 
8 12 5 11 4 10 3 9 10 
9 9 5 8 3 7 1 6 10 
9 9 5 8 2 7 1 6 10 
8 12 5 11 4 10 3 9 10 
10 14 6 13 4 12 2 11 10 
10 14 6 13 4 12 2 11 10 
8 10 5 9 4 8 3 7 10 
8 10 6 9 5 8 4 7 10 
9 9 6 8 3 7 1 6 10 
9 9 6 8 3 7 1 6 10 
9 10 6 9 4 8 2 7 10 
8 9 5 8 3 7 1 6 10 
8 10 5 9 4 8 3 7 10 
9 11 7 10 5 9 3 8 10 
9 11 6 10 5 9 4 8 10 
10 13 8 12 7 11 6 10 10 
10 10 8 9 5 8 2 7 10 
8 9 6 8 4 7 3 6 10 
7 8 4 7 2 6 1 5 10 
10 11 7 10 5 9 4 8 10 
9 11 6 10 4 9 3 8 10 
8 9 6 8 5 7 4 6 10 
SCORES_TXT_END_0
SCORES_TXT_BEGIN_0 425 52 9 BLEU
7 7 6 6 5 5 4 4 7 
7 9 5 8 4 7 3 6 7 
6 7 5 6 4 5 3 4 7 
6 9 5 8 4 7 3 6 7 
6 11 5 10 4 9 3 8 7 
6 11 5 10 4 9 3 8 7 
6 10 5 9 4 8 3 7 7 
6 10 5 9 4 8 3 7 7 
7 8 5 7 4 6 3 5 7 
6 8 5 7 4 6 3 5 7 
7 7 5 6 4 5 3 4 7 
7 7 4 6 2 5 0 4 7 
7 7 4 6 2 5 0 4 7 
6 7 5 6 4 5 3 4 7 
6 7 4 6 2 5 0 4 7 
6 7 4 6 2 5 0 4 7 
6 9 4 8 2 7 0 6 7 
7 8 5 7 4 6 3 5 7 
7 7 5 6 3 5 1 4 7 
6 11 4 10 2 9 0 8 7 
6 11 4 10 2 9 0 8 7 
7 9 5 8 4 7 3 6 7 
7 9 4 8 2 7 0 6 7 
6 10 4 9 2 8 0 7 7 
6 10 4 9 2 8 0 7 7 
7 9 4 8 2 7 0 6 7 
6 9 5 8 4 7 3 6 7 
6 8 4 7 2 6 0 5 7 
6 9 4 8 2 7 0 6 7 
6 8 5 7 4 6 3 5 7 
7 9 4 8 2 7 0 6 7 
7 8 4 7 2 6 0 5 7 
7 8 4 7 2 6 0 5 7 
7 7 4 6 2 5 0 4 7 
6 11 5 10 4 9 3 8 7 
6 11 5 10 4 9 3 8 7 
6 10 5 9 4 8 3 7 7 
6 10 5 9 4 8 3 7 7 
6 11 4 10 2 9 0 8 7 
6 11 4 10 2 9 0 8 7 
6 10 4 9 2 8 0 7 7 
6 10 4 9 2 8 0 7 7 
6 7 4 6 2 5 0 4 7 
7 8 4 7 2 6 0 5 7 
7 9 4 8 2 7 0 6 7 
6 9 4 8 2 7 0 6 7 
6 8 4 7 2 6 0 5 7 
7 8 4 7 2 6 0 5 7 
6 11 4 10 2 9 0 8 7 
6 11 4 10 2 9 0 8 7 
6 10 4 9 2 8 0 7 7 
6 10 4 9 2 8 0 7 7 
SCORES_TXT_END_0
SCORES_TXT_BEGIN_0 426 100 9 BLEU
6 6 5 5 4 4 3 3 6 
5 6 4 5 3 4 2 3 6 
5 6 4 5 3 4 2 3 6 
5 6 4 5 3 4 2 3 6 
5 6 4 5 3 4 2 3 6 
5 10 4 9 3 8 2 7 6 
5 10 4 9 3 8 2 7 6 
6 8 4 7 3 6 2 5 6 
5 8 4 7 3 6 2 5 6 
5 9 4 8 3 7 2 6 6 
5 9 4 8 3 7 2 6 6 
6 7 4 6 2 5 1 4 6 
6 7 4 6 2 5 1 4 6 
5 6 4 5 3 4 2 3 6 
6 7 3 6 1 5 0 4 6 
4 6 3 5 2 4 1 3 6 
6 7 4 6 3 5 2 4 6 
6 8 4 7 2 6 1 5 6 
4 6 3 5 2 4 1 3 6 
5 7 4 6 3 5 2 4 6 
5 7 3 6 1 5 0 4 6 
5 6 3 5 2 4 1 3 6 
5 7 3 6 2 5 1 4 6 
5 9 3 8 1 7 0 6 6 
4 6 3 5 2 4 1 3 6 
5 7 2 6 1 5 0 4 6 
4 10 3 9 2 8 1 7 6 
6 6 3 5 1 4 0 3 6 
4 10 3 9 2 8 1 7 6 
4 10 3 9 2 8 1 7 6 
4 10 3 9 2 8 1 7 6 
5 7 3 6 2 5 1 4 6 
5 7 2 6 1 5 0 4 6 
5 8 3 7 2 6 1 5 6 
5 7 4 6 3 5 2 4 6 
5 6 3 5 1 4 0 3 6 
5 7 3 6 2 5 1 4 6 
5 6 4 5 3 4 2 3 6 
6 6 3 5 2 4 1 3 6 
5 8 3 7 2 6 1 5 6 
5 7 3 6 2 5 1 4 6 
5 7 2 6 1 5 0 4 6 
6 6 3 5 2 4 1 3 6 
4 8 3 7 2 6 1 5 6 
5 6 3 5 1 4 0 3 6 
6 6 2 5 1 4 0 3 6 
5 7 2 6 1 5 0 4 6 
4 10 3 9 2 8 1 7 6 
5 7 3 6 2 5 1 4 6 
4 9 3 8 2 7 1 6 6 
4 10 3 9 2 8 1 7 6 
4 7 2 6 1 5 0 4 6 
4 8 3 7 2 6 1 5 6 
4 9 3 8 2 7 1 6 6 
5 8 3 7 1 6 0 5 6 
4 9 3 8 2 7 1 6 6 
6 7 2 6 1 5 0 4 6 
5 6 3 5 2 4 1 3 6 
5 6 2 5 1 4 0 3 6 
4 9 3 8 2 7 1 6 6 
4 7 2 6 1 5 0 4 6 
5 7 3 6 1 5 0 4 6 
5 7 2 6 1 5 0 4 6 
4 7 2 6 1 5 0 4 6 
6 9 3 8 1 7 0 6 6 
4 9 2 8 1 7 0 6 6 
5 8 3 7 2 6 1 5 6 
4 9 2 8 1 7 0 6 6 
6 7 3 6 2 5 1 4 6 
6 6 2 5 1 4 0 3 6 
5 6 2 5 1 4 0 3 6 
4 9 2 8 1 7 0 6 6 
5 6 2 5 1 4 0 3 6 
5 6 3 5 2 4 1 3 6 
4 7 2 6 1 5 0 4 6 
5 7 3 6 1 5 0 4 6 
5 7 3 6 2 5 1 4 6 
4 8 3 7 2 6 1 5 6 
5 8 3 7 2 6 1 5 6 
4 9 3 8 2 7 1 6 6 
6 6 2 5 1 4 0 3 6 
6 7 4 6 2 5 1 4 6 
5 7 3 6 1 5 0 4 6 
4 9 3 8 2 7 1 6 6 
6 6 3 5 2 4 1 3 6 
5 6 2 5 1 4 0 3 6 
6 6 3 5 1 4 0 3 6 
4 9 2 8 1 7 0 6 6 
5 6 3 5 2 4 1 3 6 
5 7 2 6 1 5 0 4 6 
5 6 3 5 2 4 1 3 6 
6 8 3 7 1 6 0 5 6 
5 7 3 6 2 5 1 4 6 
5 6 2 5 1 4 0 3 6 
6 6 3 5 2 4 1 3 6 
4 6 3 5 2 4 1 3 6 
5 6 2 5 1 4 0 3 6 
5 7 3 6 2 5 1 4 6 
4 6 2 5 1 4 0 3 6 
5 8 3 7 2 6 1 5 6 
SCORES_TXT_END_0
SCORES_TXT_BEGIN_0 427 31 9 BLEU
10 11 8 10 6 9 4 8 11 
11 11 10 10 9 9 8 8 11 
9 11 7 10 5 9 4 8 11 
10 11 9 10 8 9 7 8 11 
9 9 7 8 5 7 3 6 11 
8 9 6 8 4 7 3 6 11 
6 7 5 6 4 5 3 4 11 
7 9 6 8 5 7 4 6 11 
8 9 7 8 6 7 5 6 11 
11 13 10 12 9 11 7 10 11 
10 13 8 12 6 11 4 10 11 
10 10 8 9 6 8 4 7 11 
10 12 7 11 5 10 4 9 11 
9 10 7 9 5 8 4 7 11 
11 12 9 11 8 10 7 9 11 
7 8 6 7 5 6 4 5 11 
11 13 10 12 8 11 6 10 11 
11 13 10 12 9 11 7 10 11 
10 13 9 12 8 11 7 10 11 
10 13 8 12 6 11 4 10 11 
9 13 7 12 5 11 4 10 11 
11 13 9 12 7 11 5 10 11 
11 12 10 11 8 10 6 9 11 
9 11 7 10 5 9 3 8 11 
10 12 8 11 5 10 2 9 11 
9 10 6 9 4 8 3 7 11 
11 15 10 14 9 13 8 12 11 
11 15 10 14 8 13 6 12 11 
10 13 9 12 7 11 5 10 11 
11 15 10 14 9 13 7 12 11 
10 15 8 14 6 13 4 12 11 
SCORES_TXT_END_0
SCORES_TXT_BEGIN_0 428 100 9 BLEU
8 8 7 7 6 6 5 5 8 
6 8 5 7 4 6 3 5 8 
7 7 5 6 4 5 3 4 8 
7 8 5 7 4 6 3 5 8 
7 9 5 8 4 7 3 6 8 
5 6 4 5 3 4 2 3 8 
7 10 5 9 4 8 3 7 8 
7 11 5 10 4 9 3 8 8 
7 11 5 10 4 9 3 8 8 
7 12 5 11 4 10 3 9 8 
7 12 5 11 4 10 3 9 8 
8 9 6 8 4 7 3 6 8 
8 10 6 9 5 8 4 7 8 
6 7 5 6 4 5 3 4 8 
8 9 7 8 5 7 4 6 8 
8 9 6 8 4 7 2 6 8 
6 10 4 9 3 8 2 7 8 
8 12 6 11 5 10 4 9 8 
8 12 6 11 5 10 4 9 8 
6 9 4 8 2 7 1 6 8 
6 9 5 8 3 7 2 6 8 
7 8 4 7 2 6 1 5 8 
7 10 5 9 4 8 3 7 8 
8 8 4 7 2 6 0 5 8 
6 8 2 7 1 6 0 5 8 
5 6 2 5 1 4 0 3 8 
7 10 5 9 4 8 3 7 8 
6 8 5 7 4 6 3 5 8 
6 12 4 11 3 10 2 9 8 
6 12 4 11 3 10 2 9 8 
7 10 4 9 2 8 1 7 8 
8 9 6 8 5 7 4 6 8 
6 9 4 8 2 7 1 6 8 
7 9 4 8 2 7 1 6 8 
8 8 4 7 2 6 0 5 8 
8 11 6 10 5 9 4 8 8 
7 8 5 7 4 6 3 5 8 
8 8 5 7 3 6 1 5 8 
8 9 4 8 2 7 0 6 8 
7 8 5 7 4 6 3 5 8 
7 9 5 8 4 7 3 6 8 
8 8 4 7 2 6 1 5 8 
6 9 2 8 1 7 0 6 8 
5 6 2 5 1 4 0 3 8 
8 8 4 7 2 6 1 5 8 
6 8 2 7 1 6 0 5 8 
5 6 2 5 1 4 0 3 8 
5 7 2 6 1 5 0 4 8 
7 11 5 10 4 9 3 8 8 
8 11 6 10 5 9 4 8 8 
8 9 4 8 2 7 1 6 8 
6 8 3 7 1 6 0 5 8 
5 7 3 6 1 5 0 4 8 
8 9 6 8 4 7 2 6 8 
6 9 4 8 3 7 2 6 8 
5 8 3 7 2 6 1 5 8 
6 9 4 8 3 7 2 6 8 
7 11 5 10 4 9 3 8 8 
8 9 6 8 4 7 3 6 8 
8 8 5 7 4 6 3 5 8 
6 8 3 7 2 6 1 5 8 
7 7 2 6 1 5 0 4 8 
5 7 4 6 3 5 2 4 8 
6 11 4 10 3 9 2 8 8 
6 8 5 7 4 6 3 5 8 
7 8 5 7 4 6 3 5 8 
7 11 4 10 2 9 1 8 8 
5 7 4 6 2 5 1 4 8 
8 10 4 9 2 8 0 7 8 
8 9 6 8 4 7 2 6 8 
6 8 5 7 4 6 3 5 8 
5 7 2 6 1 5 0 4 8 
6 10 2 9 1 8 0 7 8 
8 11 5 10 4 9 3 8 8 
8 9 6 8 5 7 4 6 8 
7 8 6 7 5 6 4 5 8 
7 10 5 9 4 8 3 7 8 
8 8 4 7 3 6 2 5 8 
7 9 5 8 4 7 3 6 8 
6 7 3 6 2 5 1 4 8 
5 8 2 7 1 6 0 5 8 
6 8 2 7 0 6 0 5 8 
6 11 4 10 3 9 2 8 8 
6 8 2 7 0 6 0 5 8 
8 9 4 8 2 7 1 6 8 
8 10 4 9 2 8 1 7 8 
7 7 3 6 2 5 1 4 8 
8 10 4 9 2 8 1 7 8 
8 9 5 8 4 7 3 6 8 
6 9 3 8 2 7 1 6 8 
7 9 2 8 1 7 0 6 8 
5 7 4 6 3 5 2 4 8 
6 9 2 8 0 7 0 6 8 
5 10 3 9 2 8 1 7 8 
5 10 3 9 2 8 1 7 8 
8 8 5 7 3 6 1 5 8 
7 7 3 6 2 5 1 4 8 
8 9 5 8 2 7 1 6 8 
5 6 3 5 1 4 0 3 8 
8 10 6 9 4 8 3 7 8 
SCORES_TXT_END_0
SCORES_TXT_BEGIN_0 429 100 9 BLEU
11 11 10 10 9 9 8 8 11 
10 10 8 9 6 8 4 7 11 
9 10 7 9 5 8 3 7 11 
9 9 7 8 5 7 4 6 11 
10 11 8 10 6 9 4 8 11 
7 8 5 7 3 6 2 5 11 
8 9 6 8 4 7 3 6 11 
8 8 5 7 3 6 2 5 11 
11 12 10 11 8 10 6 9 11 
10 10 8 9 6 8 5 7 11 
7 8 4 7 3 6 2 5 11 
10 11 8 10 7 9 6 8 11 
10 11 9 10 8 9 7 8 11 
7 9 5 8 3 7 2 6 11 
10 10 7 9 4 8 3 7 11 
11 11 7 10 5 9 3 8 11 
9 11 7 10 5 9 3 8 11 
6 8 4 7 3 6 2 5 11 
8 10 6 9 4 8 3 7 11 
9 9 5 8 2 7 1 6 11 
7 8 4 7 2 6 1 5 11 
10 12 8 11 6 10 4 9 11 
6 10 4 9 3 8 2 7 11 
9 10 7 9 6 8 5 7 11 
8 9 6 8 5 7 4 6 11 
10 10 8 9 6 8 4 7 11 
10 15 9 14 8 13 7 12 11 
8 8 4 7 3 6 2 5 11 
10 15 9 14 8 13 7 12 11 
10 11 6 10 4 9 2 8 11 
9 11 8 10 7 9 6 8 11 
7 12 4 11 3 10 2 9 11 
11 13 9 12 8 11 7 10 11 
6 12 4 11 3 10 2 9 11 
6 8 4 7 3 6 2 5 11 
7 10 4 9 3 8 2 7 11 
11 11 8 10 5 9 3 8 11 
6 12 4 11 3 10 2 9 11 
7 10 5 9 3 8 2 7 11 
11 11 7 10 4 9 2 8 11 
9 9 5 8 3 7 2 6 11 
10 11 8 10 6 9 5 8 11 
8 8 4 7 2 6 1 5 11 
9 10 6 9 4 8 2 7 11 
9 12 7 11 5 10 3 9 11 
7 10 5 9 3 8 2 7 11 
8 9 4 8 2 7 1 6 11 
10 13 9 12 8 11 7 10 11 
7 9 5 8 4 7 3 6 11 
9 10 6 9 4 8 2 7 11 
10 14 9 13 8 12 7 11 11 
9 10 7 9 5 8 3 7 11 
9 12 7 11 5 10 3 9 11 
8 11 6 10 4 9 3 8 11 
11 12 9 11 7 10 5 9 11 
10 14 9 13 8 12 7 11 11 
7 12 5 11 3 10 2 9 11 
10 11 8 10 6 9 5 8 11 
10 11 8 10 6 9 5 8 11 
10 10 6 9 3 8 1 7 11 
10 11 8 10 6 9 5 8 11 
8 13 6 12 5 11 4 10 11 
7 10 5 9 3 8 2 7 11 
10 13 8 12 6 11 4 10 11 
8 13 6 12 5 11 4 10 11 
7 9 5 8 3 7 2 6 11 
8 9 4 8 2 7 1 6 11 
8 11 6 10 4 9 3 8 11 
8 10 5 9 3 8 2 7 11 
9 14 7 13 5 12 3 11 11 
10 10 6 9 4 8 2 7 11 
7 8 4 7 3 6 2 5 11 
10 10 7 9 3 8 2 7 11 
9 10 6 9 4 8 2 7 11 
9 12 7 11 5 10 3 9 11 
10 10 6 9 4 8 2 7 11 
9 11 7 10 5 9 3 8 11 
7 10 4 9 3 8 2 7 11 
10 13 8 12 6 11 4 10 11 
7 9 5 8 3 7 2 6 11 
7 8 4 7 3 6 2 5 11 
11 11 7 10 4 9 2 8 11 
8 9 6 8 4 7 3 6 11 
9 11 7 10 6 9 5 8 11 
9 11 6 10 5 9 4 8 11 
9 9 6 8 3 7 2 6 11 
8 13 6 12 4 11 3 10 11 
6 12 4 11 3 10 2 9 11 
9 12 7 11 6 10 5 9 11 
8 11 6 10 4 9 3 8 11 
6 12 4 11 3 10 2 9 11 
7 9 4 8 3 7 2 6 11 
8 10 7 9 6 8 5 7 11 
10 11 7 10 5 9 3 8 11 
9 9 4 8 2 7 1 6 11 
8 10 6 9 4 8 3 7 11 
9 15 8 14 7 13 6 12 11 
11 11 7 10 5 9 3 8 11 
8 10 6 9 4 8 2 7 11 
9 11 6 10 4 9 3 8 11 
SCORES_TXT_END_0
SCORES_TXT_BEGIN_0 430 48 9 BLEU
14 14 11 13 10 12 9 11 15 
14 14 9 13 7 12 6 11 15 
15 18 11 17 8 16 6 15 15 
15 18 13 17 11 16 9 15 15 
15 16 12 15 9 14 7 13 15 
15 16 14 15 13 14 12 13 15 
15 18 11 17 8 16 6 15 15 
13 14 7 13 4 12 2 11 15 
15 18 13 17 11 16 9 15 15 
14 15 11 14 10 13 9 12 15 
14 15 9 14 7 13 6 12 15 
13 14 9 13 7 12 5 11 15 
15 18 9 17 5 16 2 15 15 
15 19 11 18 8 17 6 16 15 
15 19 13 18 11 17 9 16 15 
14 15 7 14 3 13 2 12 15 
15 15 11 14 10 13 9 12 15 
15 15 9 14 5 13 4 12 15 
14 16 10 15 6 14 3 13 15 
15 15 9 14 7 13 6 12 15 
13 14 10 13 9 12 8 11 15 
15 18 11 17 8 16 5 15 15 
14 14 9 13 7 12 6 11 15 
15 17 12 16 9 15 7 14 15 
14 15 9 14 6 13 5 12 15 
15 15 11 14 8 13 7 12 15 
15 19 8 18 4 17 2 16 15 
15 19 10 18 6 17 4 16 15 
13 14 6 13 3 12 2 11 15 
15 19 11 18 8 17 6 16 15 
15 17 14 16 13 15 12 14 15 
14 14 8 13 5 12 4 11 15 
15 19 13 18 11 17 9 16 15 
14 16 12 15 10 14 8 13 15 
13 14 6 13 3 12 2 11 15 
14 14 8 13 5 12 4 11 15 
13 14 8 13 6 12 5 11 15 
14 14 10 13 8 12 7 11 15 
14 17 9 16 5 15 3 14 15 
15 17 11 16 7 15 5 14 15 
15 19 10 18 7 17 5 16 15 
14 15 11 14 10 13 9 12 15 
14 18 9 17 5 16 2 15 15 
15 19 12 18 9 17 7 16 15 
13 15 7 14 4 13 2 12 15 
15 17 12 16 9 15 7 14 15 
15 18 8 17 4 16 2 15 15 
15 18 10 17 6 16 4 15 15 
SCORES_TXT_END_0
SCORES_TXT_BEGIN_0 431 100 9 BLEU
9 10 7 9 6 8 5 7 9 
9 9 8 8 7 7 6 6 9 
9 11 7 10 6 9 5 8 9 
9 12 7 11 6 10 5 9 9 
9 13 7 12 6 11 5 10 9 
9 13 7 12 6 11 5 10 9 
9 14 7 13 6 12 5 11 9 
9 14 7 13 6 12 5 11 9 
9 10 7 9 6 8 5 7 9 
9 11 7 10 6 9 5 8 9 
8 9 7 8 6 7 5 6 9 
9 12 7 11 6 10 5 9 9 
8 10 7 9 6 8 5 7 9 
9 12 7 11 6 10 5 9 9 
9 11 7 10 6 9 5 8 9 
9 13 7 12 6 11 5 10 9 
9 13 7 12 6 11 5 10 9 
9 11 6 10 4 9 2 8 9 
9 11 6 10 4 9 3 8 9 
9 10 7 9 5 8 3 7 9 
9 10 7 9 5 8 3 7 9 
9 10 7 9 6 8 5 7 9 
9 11 7 10 6 9 5 8 9 
8 10 7 9 6 8 5 7 9 
8 10 5 9 3 8 1 7 9 
8 10 7 9 6 8 5 7 9 
9 12 6 11 4 10 2 9 9 
9 12 6 11 4 10 3 9 9 
8 11 7 10 6 9 5 8 9 
8 11 7 10 6 9 5 8 9 
9 9 5 8 4 7 3 6 9 
8 9 6 8 4 7 2 6 9 
9 11 6 10 4 9 3 8 9 
9 13 6 12 4 11 2 10 9 
9 9 5 8 2 7 0 6 9 
9 13 6 12 4 11 3 10 9 
9 9 5 8 2 7 1 6 9 
9 10 7 9 5 8 3 7 9 
9 14 6 13 4 12 2 11 9 
9 14 6 13 4 12 3 11 9 
9 14 6 13 4 12 2 11 9 
9 14 6 13 4 12 3 11 9 
9 11 5 10 4 9 3 8 9 
8 9 6 8 4 7 3 6 9 
9 10 5 9 2 8 0 7 9 
9 15 6 14 4 13 2 12 9 
9 15 6 14 4 13 3 12 9 
9 15 6 14 4 13 2 12 9 
9 15 6 14 4 13 3 12 9 
9 10 5 9 4 8 3 7 9 
9 9 5 8 3 7 1 6 9 
9 10 5 9 2 8 1 7 9 
9 11 5 10 2 9 0 8 9 
8 9 5 8 3 7 1 6 9 
9 9 5 8 3 7 1 6 9 
9 9 5 8 3 7 2 6 9 
9 10 5 9 2 8 0 7 9 
8 11 5 10 3 9 1 8 9 
9 10 5 9 2 8 0 7 9 
9 10 5 9 2 8 1 7 9 
9 11 6 10 4 9 2 8 9 
9 11 6 10 4 9 3 8 9 
9 9 5 8 3 7 1 6 9 
8 10 6 9 4 8 3 7 9 
9 11 5 10 2 9 1 8 9 
9 10 5 9 2 8 1 7 9 
9 9 6 8 5 7 4 6 9 
9 10 5 9 3 8 1 7 9 
9 10 5 9 4 8 3 7 9 
9 12 5 11 2 10 0 9 9 
8 10 5 9 3 8 1 7 9 
9 10 5 9 2 8 1 7 9 
9 10 4 9 2 8 0 7 9 
9 11 5 10 2 9 0 8 9 
9 12 6 11 4 10 2 9 9 
9 12 6 11 4 10 3 9 9 
9 11 5 10 2 9 0 8 9 
9 12 5 11 2 10 1 9 9 
8 12 5 11 3 10 1 9 9 
9 12 6 11 4 10 3 9 9 
9 10 5 9 3 8 2 7 9 
9 9 4 8 2 7 0 6 9 
8 9 6 8 5 7 4 6 9 
9 11 5 10 2 9 1 8 9 
9 12 5 11 4 10 3 9 9 
9 9 5 8 2 7 1 6 9 
9 10 5 9 3 8 1 7 9 
8 11 5 10 3 9 1 8 9 
9 11 5 10 3 9 1 8 9 
9 10 5 9 3 8 2 7 9 
9 10 4 9 2 8 1 7 9 
9 12 5 11 2 10 1 9 9 
9 9 5 8 3 7 2 6 9 
9 11 5 10 3 9 1 8 9 
8 9 6 8 4 7 2 6 9 
8 11 5 10 3 9 1 8 9 
9 11 5 10 2 9 1 8 9 
9 11 5 10 3 9 2 8 9 
9 9 5 8 3 7 1 6 9 
9 11 5 10 2 9 1 8 9 
SCORES_TXT_END_0
SCORES_TXT_BEGIN_0 432 62 9 BLEU
11 11 10 10 9 9 8 8 11 
11 13 9 12 8 11 7 10 11 
10 11 8 10 6 9 5 8 11 
10 11 8 10 6 9 5 8 11 
10 11 7 10 6 9 5 8 11 
11 12 9 11 8 10 7 9 11 
10 13 7 12 6 11 5 10 11 
10 12 8 11 6 10 5 9 11 
10 13 7 12 6 11 5 10 11 
10 11 8 10 6 9 5 8 11 
10 13 7 12 6 11 5 10 11 
10 12 7 11 6 10 5 9 11 
10 10 8 9 6 8 5 7 11 
10 11 8 10 6 9 4 8 11 
11 12 9 11 8 10 7 9 11 
11 12 9 11 8 10 7 9 11 
10 15 7 14 6 13 5 12 11 
10 15 7 14 6 13 5 12 11 
10 11 8 10 6 9 5 8 11 
11 15 9 14 8 13 7 12 11 
11 15 9 14 8 13 7 12 11 
10 12 7 11 6 10 5 9 11 
10 12 7 11 6 10 5 9 11 
10 11 7 10 6 9 5 8 11 
10 12 7 11 6 10 5 9 11 
10 12 7 11 6 10 5 9 11 
10 13 7 12 6 11 5 10 11 
10 13 7 12 6 11 5 10 11 
10 14 7 13 6 12 5 11 11 
10 12 7 11 6 10 5 9 11 
10 14 7 13 6 12 5 11 11 
10 13 7 12 5 11 3 10 11 
11 14 9 13 8 12 7 11 11 
10 14 7 13 6 12 5 11 11 
11 13 9 12 8 11 7 10 11 
10 12 7 11 6 10 5 9 11 
11 14 9 13 8 12 7 11 11 
10 12 7 11 6 10 5 9 11 
10 15 7 14 6 13 5 12 11 
10 15 7 14 6 13 5 12 11 
10 12 7 11 6 10 5 9 11 
10 13 7 12 6 11 5 10 11 
11 11 7 10 6 9 5 8 11 
10 11 7 10 6 9 5 8 11 
11 16 9 15 8 14 7 13 11 
11 16 9 15 8 14 7 13 11 
9 11 6 10 3 9 1 8 11 
9 11 7 10 6 9 5 8 11 
11 14 9 13 8 12 7 11 11 
9 11 5 10 3 9 1 8 11 
10 13 7 12 6 11 5 10 11 
10 15 7 14 6 13 5 12 11 
10 15 7 14 6 13 5 12 11 
10 12 7 11 6 10 5 9 11 
10 14 7 13 6 12 5 11 11 
10 14 7 13 6 12 5 11 11 
10 11 9 10 8 9 7 8 11 
9 11 6 10 3 9 1 8 11 
10 12 7 11 6 10 5 9 11 
11 14 9 13 8 12 7 11 11 
10 16 7 15 6 14 5 13 11 
10 16 7 15 6 14 5 13 11 
SCORES_TXT_END_0
SCORES_TXT_BEGIN_0 433 100 9 BLEU
11 11 10 10 9 9 8 8 11 
9 9 7 8 5 7 4 6 11 
10 10 7 9 3 8 1 7 11 
11 12 10 11 8 10 6 9 11 
11 12 9 11 7 10 5 9 11 
11 12 8 11 4 10 2 9 11 
10 10 8 9 6 8 4 7 11 
11 11 7 10 4 9 2 8 11 
9 9 5 8 2 7 1 6 11 
10 11 8 10 6 9 4 8 11 
10 10 7 9 4 8 3 7 11 
10 11 6 10 4 9 2 8 11 
10 10 6 9 3 8 1 7 11 
10 12 7 11 4 10 2 9 11 
11 12 9 11 7 10 5 9 11 
11 13 9 12 6 11 4 10 11 
8 8 5 7 2 6 0 5 11 
8 9 6 8 4 7 3 6 11 
11 11 8 10 4 9 1 8 11 
11 11 7 10 5 9 3 8 11 
9 9 4 8 2 7 1 6 11 
10 11 8 10 6 9 4 8 11 
10 11 8 10 5 9 3 8 11 
9 10 6 9 3 8 1 7 11 
11 12 8 11 5 10 3 9 11 
10 10 5 9 2 8 1 7 11 
10 11 9 10 8 9 7 8 11 
11 12 9 11 5 10 2 9 11 
8 9 6 8 5 7 4 6 11 
10 12 7 11 4 10 2 9 11 
10 11 7 10 3 9 1 8 11 
11 11 7 10 5 9 3 8 11 
8 9 4 8 2 7 1 6 11 
11 11 7 10 4 9 2 8 11 
11 11 7 10 5 9 3 8 11 
11 12 8 11 5 10 3 9 11 
10 11 8 10 6 9 4 8 11 
9 10 5 9 2 8 1 7 11 
10 11 6 10 4 9 2 8 11 
10 11 8 10 6 9 4 8 11 
10 10 6 9 3 8 1 7 11 
9 9 6 8 2 7 0 6 11 
8 9 4 8 2 7 1 6 11 
10 11 7 10 3 9 1 8 11 
9 10 6 9 3 8 1 7 11 
9 11 6 10 4 9 2 8 11 
10 12 8 11 6 10 4 9 11 
11 12 9 11 7 10 5 9 11 
10 11 7 10 3 9 1 8 11 
11 13 8 12 4 11 2 10 11 
10 12 7 11 4 10 2 9 11 
10 11 7 10 5 9 3 8 11 
11 13 9 12 7 11 5 10 11 
8 9 4 8 2 7 1 6 11 
9 10 7 9 5 8 4 7 11 
9 11 7 10 5 9 3 8 11 
8 9 4 8 2 7 1 6 11 
10 11 8 10 6 9 4 8 11 
9 10 5 9 2 8 1 7 11 
10 10 8 9 6 8 4 7 11 
9 9 4 8 2 7 1 6 11 
10 10 8 9 6 8 5 7 11 
10 12 8 11 5 10 3 9 11 
10 11 7 10 3 9 1 8 11 
9 10 5 9 2 8 1 7 11 
10 10 6 9 3 8 1 7 11 
10 15 9 14 8 13 7 12 11 
11 12 7 11 4 10 2 9 11 
8 13 6 12 5 11 4 10 11 
10 13 7 12 5 11 3 10 11 
10 15 9 14 8 13 7 12 11 
8 13 6 12 5 11 4 10 11 
11 12 7 11 4 10 2 9 11 
8 11 4 10 2 9 1 8 11 
11 12 9 11 7 10 5 9 11 
10 12 8 11 6 10 4 9 11 
10 12 8 11 6 10 4 9 11 
8 8 4 7 1 6 0 5 11 
9 10 6 9 3 8 1 7 11 
11 13 9 12 7 11 5 10 11 
9 10 5 9 2 8 1 7 11 
10 11 6 10 2 9 1 8 11 
11 13 8 12 4 11 2 10 11 
10 10 5 9 2 8 1 7 11 
10 14 8 13 5 12 3 11 11 
9 12 5 11 2 10 1 9 11 
10 12 8 11 6 10 4 9 11 
8 10 6 9 4 8 3 7 11 
8 10 6 9 3 8 1 7 11 
8 10 6 9 3 8 1 7 11 
8 9 3 8 2 7 1 6 11 
11 13 9 12 8 11 7 10 11 
9 11 6 10 5 9 4 8 11 
9 11 6 10 4 9 2 8 11 
9 9 5 8 2 7 0 6 11 
9 12 7 11 6 10 5 9 11 
9 10 7 9 5 8 3 7 11 
9 9 5 8 1 7 0 6 11 
10 11 7 10 3 9 1 8 11 
7 8 4 7 1 6 0 5 11 
SCORES_TXT_END_0
SCORES_TXT_BEGIN_0 434 1 9 BLEU
21 21 20 20 19 19 18 18 21 
SCORES_TXT_END_0
SCORES_TXT_BEGIN_0 435 100 9 BLEU
10 10 9 9 8 8 7 7 10 
10 12 8 11 7 10 6 9 10 
10 11 8 10 7 9 6 8 10 
10 11 8 10 7 9 6 8 10 
10 14 8 13 7 12 6 11 10 
10 14 8 13 7 12 6 11 10 
10 13 8 12 7 11 6 10 10 
10 13 8 12 7 11 6 10 10 
10 13 8 12 7 11 6 10 10 
9 10 8 9 7 8 6 7 10 
10 11 8 10 7 9 6 8 10 
9 10 7 9 5 8 3 7 10 
10 11 8 10 7 9 6 8 10 
10 10 6 9 5 8 4 7 10 
10 15 8 14 7 13 6 12 10 
10 15 8 14 7 13 6 12 10 
10 11 8 10 6 9 4 8 10 
9 10 6 9 4 8 3 7 10 
9 10 7 9 5 8 3 7 10 
10 13 8 12 7 11 6 10 10 
10 12 8 11 7 10 6 9 10 
10 12 8 11 7 10 6 9 10 
9 12 5 11 4 10 3 9 10 
10 12 6 11 5 10 4 9 10 
10 11 6 10 5 9 4 8 10 
10 12 8 11 7 10 6 9 10 
8 10 5 9 3 8 2 7 10 
9 12 6 11 4 10 3 9 10 
9 10 6 9 5 8 4 7 10 
10 12 8 11 7 10 6 9 10 
8 10 6 9 4 8 2 7 10 
9 11 8 10 7 9 6 8 10 
9 11 8 10 7 9 6 8 10 
10 14 8 13 7 12 6 11 10 
10 14 8 13 7 12 6 11 10 
10 15 8 14 7 13 6 12 10 
10 15 8 14 7 13 6 12 10 
10 10 6 9 3 8 2 7 10 
10 14 6 13 5 12 4 11 10 
10 14 6 13 5 12 4 11 10 
10 14 8 13 7 12 6 11 10 
9 11 6 10 4 9 3 8 10 
9 11 8 10 7 9 6 8 10 
10 14 8 13 7 12 6 11 10 
10 10 6 9 4 8 3 7 10 
9 10 5 9 3 8 2 7 10 
10 13 7 12 5 11 3 10 10 
10 12 8 11 7 10 6 9 10 
8 12 4 11 3 10 2 9 10 
9 10 7 9 5 8 3 7 10 
9 12 6 11 4 10 2 9 10 
10 12 8 11 7 10 6 9 10 
10 12 5 11 3 10 2 9 10 
10 10 7 9 6 8 5 7 10 
10 11 5 10 3 9 2 8 10 
10 12 5 11 4 10 3 9 10 
9 10 5 9 4 8 3 7 10 
10 12 7 11 5 10 3 9 10 
9 10 6 9 4 8 2 7 10 
10 11 6 10 5 9 4 8 10 
10 11 5 10 4 9 3 8 10 
9 12 4 11 3 10 2 9 10 
10 13 6 12 5 11 4 10 10 
9 11 6 10 4 9 2 8 10 
10 11 6 10 5 9 4 8 10 
9 11 5 10 4 9 3 8 10 
8 10 5 9 3 8 2 7 10 
10 10 6 9 4 8 2 7 10 
10 10 7 9 5 8 4 7 10 
10 10 6 9 4 8 2 7 10 
10 13 6 12 5 11 4 10 10 
9 11 6 10 4 9 3 8 10 
8 10 5 9 3 8 2 7 10 
9 11 5 10 4 9 3 8 10 
10 10 6 9 4 8 2 7 10 
8 12 5 11 3 10 2 9 10 
8 10 6 9 4 8 2 7 10 
9 14 6 13 4 12 3 11 10 
9 14 6 13 4 12 3 11 10 
9 10 6 9 4 8 3 7 10 
8 10 6 9 4 8 2 7 10 
10 11 6 10 5 9 4 8 10 
10 10 6 9 4 8 3 7 10 
9 12 5 11 4 10 3 9 10 
9 10 6 9 5 8 4 7 10 
9 11 8 10 7 9 6 8 10 
8 12 4 11 3 10 2 9 10 
9 10 5 9 3 8 2 7 10 
9 10 5 9 3 8 2 7 10 
9 10 4 9 3 8 2 7 10 
8 10 4 9 3 8 2 7 10 
9 11 6 10 5 9 4 8 10 
9 11 5 10 4 9 3 8 10 
10 12 7 11 5 10 3 9 10 
9 10 7 9 6 8 5 7 10 
9 10 4 9 3 8 2 7 10 
9 11 6 10 5 9 4 8 10 
10 12 6 11 5 10 4 9 10 
10 13 6 12 5 11 4 10 10 
9 10 6 9 4 8 2 7 10 
SCORES_TXT_END_0
SCORES_TXT_BEGIN_0 436 100 9 BLEU
12 12 8 11 6 10 5 9 12 
12 13 10 12 8 11 6 10 12 
12 13 9 12 6 11 5 10 12 
12 12 11 11 10 10 9 9 12 
11 13 7 12 6 11 5 10 12 
12 12 8 11 6 10 5 9 12 
12 13 10 12 8 11 6 10 12 
11 13 9 12 8 11 7 10 12 
11 12 7 11 6 10 5 9 12 
11 13 9 12 7 11 5 10 12 
11 12 7 11 6 10 5 9 12 
11 14 8 13 6 12 5 11 12 
11 12 8 11 6 10 5 9 12 
11 13 8 12 6 11 5 10 12 
11 12 10 11 9 10 8 9 12 
11 15 9 14 7 13 5 12 12 
11 13 9 12 6 11 5 10 12 
11 12 9 11 8 10 7 9 12 
11 13 8 12 6 11 5 10 12 
11 14 10 13 9 12 8 11 12 
10 15 7 14 6 13 5 12 12 
12 14 9 13 6 12 5 11 12 
12 13 10 12 8 11 6 10 12 
11 17 7 16 6 15 5 14 12 
10 15 9 14 8 13 7 12 12 
12 13 8 12 6 11 5 10 12 
11 12 7 11 6 10 5 9 12 
10 13 7 12 6 11 5 10 12 
10 17 7 16 6 15 5 14 12 
12 14 10 13 7 12 5 11 12 
11 13 9 12 7 11 5 10 12 
12 13 11 12 9 11 7 10 12 
10 16 8 15 6 14 5 13 12 
12 12 6 11 3 10 2 9 12 
11 14 8 13 6 12 5 11 12 
11 13 7 12 6 11 5 10 12 
10 12 7 11 6 10 5 9 12 
10 17 7 16 6 15 5 14 12 
10 13 9 12 8 11 7 10 12 
11 14 7 13 6 12 5 11 12 
11 14 8 13 6 12 5 11 12 
12 14 11 13 9 12 7 11 12 
11 18 8 17 6 16 5 15 12 
11 15 9 14 7 13 5 12 12 
12 13 10 12 9 11 8 10 12 
10 13 7 12 6 11 5 10 12 
11 17 9 16 8 15 7 14 12 
11 16 8 15 6 14 5 13 12 
12 13 8 12 6 11 5 10 12 
11 16 8 15 6 14 5 13 12 
10 17 9 16 8 15 7 14 12 
12 13 10 12 9 11 8 10 12 
10 14 7 13 6 12 5 11 12 
11 12 8 11 6 10 5 9 12 
10 14 8 13 6 12 5 11 12 
10 18 8 17 6 16 5 15 12 
11 13 8 12 6 11 5 10 12 
11 17 9 16 6 15 5 14 12 
10 13 8 12 7 11 6 10 12 
12 14 9 13 6 12 5 11 12 
11 17 9 16 6 15 5 14 12 
10 12 7 11 6 10 5 9 12 
12 13 8 12 6 11 5 10 12 
12 13 7 12 3 11 2 10 12 
10 12 9 11 8 10 7 9 12 
10 13 8 12 6 11 5 10 12 
10 17 9 16 8 15 7 14 12 
10 12 7 11 6 10 5 9 12 
10 13 8 12 6 11 5 10 12 
11 17 9 16 7 15 5 14 12 
11 17 9 16 7 15 5 14 12 
10 18 8 17 6 16 5 15 12 
12 14 8 13 6 12 5 11 12 
12 13 8 12 6 11 5 10 12 
12 13 8 12 6 11 5 10 12 
12 15 9 14 7 13 5 12 12 
11 16 9 15 7 14 5 13 12 
12 15 9 14 6 13 5 12 12 
11 16 9 15 7 14 5 13 12 
11 14 9 13 8 12 7 11 12 
12 14 9 13 6 12 5 11 12 
11 16 10 15 9 14 8 13 12 
10 14 9 13 8 12 7 11 12 
11 16 10 15 9 14 8 13 12 
11 13 9 12 7 11 6 10 12 
10 15 8 14 6 13 5 12 12 
12 14 10 13 7 12 5 11 12 
11 14 9 13 6 12 5 11 12 
12 12 8 11 6 10 4 9 12 
11 13 8 12 6 11 5 10 12 
11 14 9 13 8 12 7 11 12 
12 14 10 13 9 12 8 11 12 
11 12 7 11 6 10 5 9 12 
11 15 10 14 9 13 8 12 12 
11 15 7 14 6 13 5 12 12 
12 13 8 12 5 11 3 10 12 
10 12 8 11 7 10 6 9 12 
11 14 7 13 6 12 5 11 12 
10 16 8 15 6 14 5 13 12 
12 14 9 13 6 12 5 11 12 
SCORES_TXT_END_0
SCORES_TXT_BEGIN_0 437 26 9 BLEU
13 13 10 12 9 11 8 10 16 
14 15 12 14 10 13 8 12 16 
14 14 10 13 7 12 6 11 16 
15 17 13 16 11 15 9 14 16 
13 13 9 12 7 11 6 10 16 
16 17 15 16 14 15 13 14 16 
14 16 11 15 8 14 6 13 16 
13 13 8 12 7 11 6 10 16 
13 13 9 12 7 11 6 10 16 
14 15 10 14 8 13 6 12 16 
14 15 10 14 7 13 6 12 16 
13 14 10 13 9 12 8 11 16 
15 18 12 17 9 16 7 15 16 
14 15 11 14 8 13 6 12 16 
16 18 14 17 12 16 11 15 16 
14 15 11 14 8 13 6 12 16 
13 14 9 13 7 12 6 11 16 
15 17 12 16 9 15 7 14 16 
14 14 8 13 5 12 4 11 16 
14 17 11 16 8 15 6 14 16 
14 14 10 13 9 12 8 11 16 
16 17 14 16 12 15 11 14 16 
14 16 12 15 10 14 8 13 16 
16 17 12 16 10 15 8 14 16 
13 14 9 13 7 12 6 11 16 
15 17 10 16 8 15 6 14 16 
SCORES_TXT_END_0
SCORES_TXT_BEGIN_0 438 100 9 BLEU
7 7 5 6 4 5 3 4 8 
8 8 7 7 6 6 5 5 8 
7 8 5 7 4 6 3 5 8 
7 9 5 8 4 7 3 6 8 
8 10 6 9 5 8 4 7 8 
7 11 5 10 4 9 3 8 8 
7 11 5 10 4 9 3 8 8 
8 12 6 11 5 10 4 9 8 
8 12 6 11 5 10 4 9 8 
8 9 6 8 5 7 4 6 8 
6 7 5 6 4 5 3 4 8 
7 8 6 7 5 6 4 5 8 
7 10 5 9 4 8 3 7 8 
7 10 5 9 4 8 3 7 8 
8 9 7 8 5 7 4 6 8 
8 11 6 10 5 9 4 8 8 
7 8 5 7 4 6 3 5 8 
7 8 5 7 4 6 3 5 8 
7 8 4 7 2 6 1 5 8 
8 11 6 10 5 9 4 8 8 
7 10 4 9 2 8 1 7 8 
7 9 4 8 2 7 1 6 8 
8 9 6 8 4 7 2 6 8 
6 8 5 7 4 6 3 5 8 
7 10 5 9 4 8 3 7 8 
8 9 6 8 5 7 4 6 8 
6 8 5 7 4 6 3 5 8 
6 7 3 6 1 5 0 4 8 
7 9 5 8 4 7 3 6 8 
7 9 6 8 5 7 4 6 8 
8 11 5 10 3 9 1 8 8 
7 8 5 7 3 6 1 5 8 
7 9 6 8 5 7 4 6 8 
7 7 2 6 1 5 0 4 8 
8 9 6 8 4 7 3 6 8 
7 12 5 11 4 10 3 9 8 
7 12 5 11 4 10 3 9 8 
7 9 2 8 1 7 0 6 8 
7 12 4 11 2 10 1 9 8 
6 8 3 7 1 6 0 5 8 
7 12 4 11 2 10 1 9 8 
7 11 5 10 4 9 3 8 8 
7 11 5 10 4 9 3 8 8 
7 8 2 7 1 6 0 5 8 
6 9 3 8 1 7 0 6 8 
7 9 5 8 4 7 3 6 8 
7 7 4 6 2 5 1 4 8 
7 10 4 9 2 8 0 7 8 
6 7 3 6 2 5 1 4 8 
6 7 3 6 1 5 0 4 8 
7 7 3 6 2 5 1 4 8 
6 8 3 7 1 6 0 5 8 
8 8 5 7 3 6 2 5 8 
7 7 3 6 1 5 0 4 8 
7 7 4 6 2 5 0 4 8 
7 7 4 6 3 5 2 4 8 
8 13 5 12 3 11 1 10 8 
8 13 5 12 3 11 1 10 8 
6 11 3 10 1 9 0 8 8 
6 11 3 10 1 9 0 8 8 
6 7 2 6 1 5 0 4 8 
7 7 3 6 1 5 0 4 8 
7 7 4 6 3 5 2 4 8 
7 7 3 6 2 5 1 4 8 
7 7 3 6 1 5 0 4 8 
7 11 2 10 1 9 0 8 8 
7 11 2 10 1 9 0 8 8 
7 8 3 7 2 6 1 5 8 
7 7 3 6 1 5 0 4 8 
7 9 3 8 2 7 1 6 8 
8 8 5 7 3 6 2 5 8 
6 10 3 9 1 8 0 7 8 
6 9 3 8 1 7 0 6 8 
7 7 2 6 0 5 0 4 8 
6 8 5 7 4 6 3 5 8 
6 8 3 7 1 6 0 5 8 
6 9 3 8 1 7 0 6 8 
7 8 3 7 2 6 1 5 8 
7 9 5 8 3 7 1 6 8 
6 8 4 7 2 6 1 5 8 
8 8 4 7 2 6 1 5 8 
8 10 5 9 3 8 1 7 8 
7 8 3 7 1 6 0 5 8 
7 8 2 7 1 6 0 5 8 
7 11 4 10 2 9 1 8 8 
7 9 3 8 1 7 0 6 8 
7 9 4 8 2 7 0 6 8 
7 11 4 10 2 9 1 8 8 
7 8 3 7 1 6 0 5 8 
7 8 4 7 2 6 0 5 8 
6 7 4 6 2 5 0 4 8 
6 9 2 8 1 7 0 6 8 
8 8 5 7 3 6 1 5 8 
8 8 4 7 2 6 0 5 8 
7 8 3 7 1 6 0 5 8 
7 7 3 6 1 5 0 4 8 
6 7 2 6 1 5 0 4 8 
7 9 3 8 1 7 0 6 8 
7 7 3 6 1 5 0 4 8 
8 8 4 7 2 6 0 5 8 
SCORES_TXT_END_0
SCORES_TXT_BEGIN_0 439 1 9 BLEU
2 2 1 1 0 0 0 0 2 
SCORES_TXT_END_0
SCORES_TXT_BEGIN_0 440 100 9 BLEU
7 7 6 6 5 5 4 4 7 
6 7 5 6 4 5 3 4 7 
6 11 5 10 4 9 3 8 7 
6 11 5 10 4 9 3 8 7 
6 9 5 8 4 7 3 6 7 
7 9 5 8 4 7 3 6 7 
6 10 5 9 4 8 3 7 7 
6 10 5 9 4 8 3 7 7 
7 8 5 7 4 6 3 5 7 
7 8 6 7 4 6 3 5 7 
7 7 3 6 2 5 1 4 7 
6 8 5 7 4 6 3 5 7 
6 8 5 7 4 6 3 5 7 
7 8 5 7 4 6 3 5 7 
6 10 5 9 4 8 3 7 7 
7 8 5 7 3 6 1 5 7 
6 7 4 6 2 5 0 4 7 
7 8 5 7 3 6 1 5 7 
6 7 3 6 2 5 1 4 7 
6 8 5 7 3 6 2 5 7 
7 7 4 6 2 5 1 4 7 
7 7 3 6 0 5 0 4 7 
7 9 5 8 3 7 1 6 7 
7 9 5 8 3 7 1 6 7 
7 9 5 8 3 7 1 6 7 
6 12 5 11 4 10 3 9 7 
6 12 5 11 4 10 3 9 7 
6 10 5 9 3 8 2 7 7 
7 10 5 9 4 8 3 7 7 
6 11 5 10 4 9 3 8 7 
6 11 5 10 4 9 3 8 7 
6 12 5 11 3 10 2 9 7 
6 12 5 11 3 10 2 9 7 
7 11 5 10 3 9 1 8 7 
7 7 3 6 1 5 0 4 7 
7 11 5 10 3 9 1 8 7 
7 10 5 9 3 8 1 7 7 
7 10 5 9 3 8 1 7 7 
7 7 3 6 1 5 0 4 7 
6 7 3 6 2 5 1 4 7 
6 8 4 7 2 6 0 5 7 
6 7 2 6 0 5 0 4 7 
7 8 3 7 2 6 1 5 7 
6 11 3 10 2 9 1 8 7 
6 11 3 10 2 9 1 8 7 
6 9 5 8 4 7 3 6 7 
7 10 5 9 3 8 2 7 7 
7 7 4 6 2 5 1 4 7 
7 8 4 7 1 6 0 5 7 
6 8 4 7 2 6 1 5 7 
7 9 3 8 2 7 1 6 7 
6 7 3 6 1 5 0 4 7 
6 10 4 9 2 8 1 7 7 
6 9 3 8 2 7 1 6 7 
6 9 3 8 1 7 0 6 7 
6 9 2 8 0 7 0 6 7 
7 9 5 8 4 7 3 6 7 
6 7 3 6 2 5 1 4 7 
6 7 2 6 1 5 0 4 7 
6 9 3 8 2 7 1 6 7 
6 7 3 6 1 5 0 4 7 
5 7 3 6 1 5 0 4 7 
6 12 4 11 2 10 1 9 7 
6 10 3 9 2 8 1 7 7 
6 12 4 11 2 10 1 9 7 
6 8 3 7 1 6 0 5 7 
6 10 3 9 2 8 1 7 7 
6 8 4 7 2 6 1 5 7 
7 9 3 8 1 7 0 6 7 
6 11 3 10 1 9 0 8 7 
7 7 4 6 3 5 2 4 7 
7 7 3 6 0 5 0 4 7 
6 8 3 7 1 6 0 5 7 
7 7 4 6 2 5 1 4 7 
7 7 3 6 1 5 0 4 7 
5 9 3 8 1 7 0 6 7 
6 10 4 9 2 8 1 7 7 
6 11 3 10 1 9 0 8 7 
7 11 3 10 1 9 0 8 7 
7 7 4 6 3 5 2 4 7 
7 11 3 10 1 9 0 8 7 
5 11 3 10 1 9 0 8 7 
6 8 3 7 2 6 1 5 7 
7 7 3 6 1 5 0 4 7 
5 11 3 10 1 9 0 8 7 
7 10 4 9 2 8 1 7 7 
6 9 2 8 1 7 0 6 7 
6 9 4 8 2 7 1 6 7 
6 9 4 8 2 7 1 6 7 
6 12 4 11 2 10 1 9 7 
6 12 4 11 2 10 1 9 7 
6 9 4 8 2 7 1 6 7 
7 7 3 6 1 5 0 4 7 
7 7 3 6 1 5 0 4 7 
7 9 5 8 3 7 2 6 7 
7 9 3 8 2 7 1 6 7 
6 11 3 10 2 9 1 8 7 
6 11 3 10 2 9 1 8 7 
6 11 2 10 0 9 0 8 7 
6 11 2 10 0 9 0 8 7 
SCORES_TXT_END_0
SCORES_TXT_BEGIN_0 441 40 9 BLEU
12 12 11 11 10 10 9 9 12 
12 14 10 13 9 12 8 11 12 
11 14 10 13 9 12 8 11 12 
11 11 9 10 8 9 7 8 12 
12 13 10 12 8 11 6 10 12 
11 12 10 11 9 10 8 9 12 
12 13 11 12 9 11 7 10 12 
11 16 10 15 9 14 8 13 12 
12 13 10 12 9 11 8 10 12 
11 16 10 15 9 14 8 13 12 
12 13 10 12 8 11 7 10 12 
12 13 10 12 8 11 7 10 12 
12 13 10 12 8 11 7 10 12 
12 13 10 12 8 11 7 10 12 
12 16 10 15 9 14 8 13 12 
11 15 10 14 9 13 8 12 12 
12 16 10 15 9 14 8 13 12 
11 15 10 14 9 13 8 12 12 
12 13 10 12 8 11 7 10 12 
11 13 10 12 9 11 8 10 12 
11 13 8 12 7 11 6 10 12 
12 13 10 12 8 11 6 10 12 
12 13 10 12 8 11 7 10 12 
12 15 10 14 9 13 8 12 12 
12 13 10 12 8 11 6 10 12 
12 15 10 14 9 13 8 12 12 
12 12 8 11 7 10 6 9 12 
12 13 10 12 8 11 7 10 12 
12 15 9 14 7 13 5 12 12 
12 13 10 12 8 11 6 10 12 
12 14 8 13 7 12 6 11 12 
12 15 10 14 8 13 6 12 12 
11 14 8 13 7 12 6 11 12 
12 15 10 14 9 13 8 12 12 
12 13 10 12 8 11 7 10 12 
10 13 8 12 7 11 6 10 12 
12 13 10 12 8 11 7 10 12 
12 14 10 13 8 12 7 11 12 
11 12 8 11 6 10 4 9 12 
11 15 10 14 9 13 8 12 12 
SCORES_TXT_END_0
SCORES_TXT_BEGIN_0 442 48 9 BLEU
12 12 11 11 10 10 9 9 12 
11 12 10 11 9 10 8 9 12 
11 12 9 11 8 10 7 9 12 
11 13 9 12 7 11 5 10 12 
11 12 9 11 7 10 5 9 12 
12 13 10 12 8 11 6 10 12 
11 16 10 15 9 14 8 13 12 
11 16 10 15 9 14 8 13 12 
11 11 9 10 7 9 6 8 12 
11 12 9 11 7 10 5 9 12 
9 12 7 11 6 10 5 9 12 
12 14 10 13 9 12 8 11 12 
10 12 9 11 8 10 7 9 12 
12 14 10 13 8 12 6 11 12 
11 14 10 13 9 12 8 11 12 
11 15 10 14 9 13 8 12 12 
11 15 10 14 9 13 8 12 12 
11 12 9 11 7 10 5 9 12 
10 11 8 10 6 9 5 8 12 
11 12 9 11 7 10 6 9 12 
12 16 10 15 8 14 6 13 12 
12 12 8 11 5 10 3 9 12 
11 12 9 11 7 10 6 9 12 
11 12 9 11 7 10 6 9 12 
11 12 9 11 7 10 6 9 12 
10 11 8 10 6 9 5 8 12 
12 15 10 14 8 13 6 12 12 
10 16 9 15 8 14 7 13 12 
10 16 9 15 8 14 7 13 12 
12 13 10 12 8 11 6 10 12 
10 12 8 11 7 10 6 9 12 
11 12 9 11 7 10 5 9 12 
8 12 7 11 6 10 5 9 12 
12 13 10 12 8 11 6 10 12 
12 12 8 11 5 10 3 9 12 
12 13 10 12 8 11 6 10 12 
11 14 9 13 8 12 7 11 12 
10 11 7 10 5 9 4 8 12 
10 12 7 11 6 10 5 9 12 
11 12 7 11 5 10 3 9 12 
11 12 8 11 6 10 4 9 12 
12 13 10 12 9 11 8 10 12 
10 14 9 13 8 12 7 11 12 
12 12 8 11 5 10 2 9 12 
10 12 8 11 7 10 6 9 12 
11 12 7 11 5 10 3 9 12 
12 13 10 12 8 11 6 10 12 
10 12 8 11 6 10 5 9 12 
SCORES_TXT_END_0
SCORES_TXT_BEGIN_0 443 13 9 BLEU
16 16 12 15 10 14 8 13 16 
16 16 15 15 14 14 13 13 16 
16 16 12 15 9 14 7 13 16 
16 16 12 15 10 14 8 13 16 
16 16 12 15 9 14 7 13 16 
16 18 12 17 10 16 8 15 16 
16 18 12 17 10 16 8 15 16 
16 18 14 17 12 16 10 15 16 
16 18 12 17 9 16 7 15 16 
16 17 12 16 10 15 8 14 16 
16 17 15 16 13 15 11 14 16 
16 18 11 17 9 16 7 15 16 
16 18 12 17 9 16 7 15 16 
SCORES_TXT_END_0
SCORES_TXT_BEGIN_0 444 64 9 BLEU
12 12 11 11 10 10 9 9 12 
12 13 10 12 9 11 8 10 12 
12 14 10 13 9 12 8 11 12 
12 16 10 15 9 14 8 13 12 
12 16 10 15 9 14 8 13 12 
11 12 10 11 9 10 8 9 12 
11 12 9 11 8 10 7 9 12 
10 12 9 11 8 10 7 9 12 
11 13 8 12 7 11 6 10 12 
10 13 8 12 7 11 6 10 12 
11 12 9 11 8 10 7 9 12 
11 11 9 10 8 9 7 8 12 
12 13 10 12 9 11 8 10 12 
11 12 8 11 7 10 6 9 12 
11 13 8 12 7 11 6 10 12 
12 13 10 12 9 11 8 10 12 
11 13 10 12 9 11 8 10 12 
11 13 9 12 8 11 7 10 12 
12 15 10 14 9 13 8 12 12 
10 13 9 12 8 11 7 10 12 
12 14 9 13 8 12 7 11 12 
12 13 11 12 9 11 7 10 12 
12 15 10 14 9 13 8 12 12 
11 14 9 13 8 12 7 11 12 
11 14 8 13 7 12 6 11 12 
12 15 10 14 9 13 8 12 12 
10 14 8 13 7 12 6 11 12 
12 13 10 12 9 11 8 10 12 
12 14 10 13 9 12 8 11 12 
12 14 10 13 8 12 7 11 12 
11 14 8 13 7 12 6 11 12 
10 14 8 13 7 12 6 11 12 
12 17 10 16 9 15 8 14 12 
12 17 10 16 9 15 8 14 12 
12 13 10 12 8 11 6 10 12 
11 11 9 10 7 9 6 8 12 
11 14 8 13 7 12 6 11 12 
11 13 8 12 7 11 6 10 12 
12 15 10 14 9 13 8 12 12 
12 14 10 13 9 12 8 11 12 
11 11 9 10 7 9 5 8 12 
11 16 8 15 7 14 6 13 12 
11 16 8 15 7 14 6 13 12 
12 15 9 14 8 13 7 12 12 
10 16 8 15 7 14 6 13 12 
10 16 8 15 7 14 6 13 12 
12 14 9 13 7 12 5 11 12 
11 15 9 14 8 13 7 12 12 
12 13 10 12 8 11 6 10 12 
11 12 9 11 7 10 5 9 12 
11 13 10 12 9 11 8 10 12 
11 15 8 14 7 13 6 12 12 
10 15 8 14 7 13 6 12 12 
12 13 8 12 5 11 3 10 12 
11 12 9 11 7 10 5 9 12 
12 14 9 13 7 12 6 11 12 
11 13 10 12 9 11 8 10 12 
12 13 10 12 6 11 2 10 12 
12 13 10 12 9 11 8 10 12 
11 16 8 15 7 14 6 13 12 
11 16 8 15 7 14 6 13 12 
12 13 10 12 9 11 8 10 12 
12 13 11 12 9 11 7 10 12 
12 13 10 12 9 11 8 10 12 
SCORES_TXT_END_0
SCORES_TXT_BEGIN_0 445 100 9 BLEU
5 5 3 4 2 3 1 2 7 
7 7 6 6 5 5 4 4 7 
6 7 5 6 4 5 3 4 7 
4 5 3 4 2 3 1 2 7 
6 9 4 8 2 7 1 6 7 
6 9 4 8 2 7 1 6 7 
7 9 5 8 3 7 1 6 7 
7 9 5 8 3 7 1 6 7 
7 8 5 7 3 6 1 5 7 
6 8 4 7 2 6 1 5 7 
6 8 4 7 2 6 1 5 7 
6 8 4 7 2 6 1 5 7 
6 6 4 5 2 4 1 3 7 
7 8 5 7 3 6 1 5 7 
7 8 5 7 3 6 1 5 7 
6 11 5 10 4 9 3 8 7 
6 11 5 10 4 9 3 8 7 
7 9 6 8 5 7 3 6 7 
7 8 5 7 3 6 1 5 7 
5 6 3 5 2 4 1 3 7 
5 6 3 5 2 4 1 3 7 
6 6 3 5 2 4 1 3 7 
6 9 5 8 4 7 3 6 7 
6 7 4 6 2 5 1 4 7 
6 10 5 9 4 8 3 7 7 
6 10 5 9 4 8 3 7 7 
6 6 2 5 1 4 0 3 7 
6 8 4 7 2 6 1 5 7 
6 6 2 5 0 4 0 3 7 
4 5 1 4 0 3 0 2 7 
5 7 3 6 1 5 0 4 7 
6 6 4 5 3 4 2 3 7 
6 8 4 7 2 6 1 5 7 
6 8 5 7 4 6 3 5 7 
6 7 3 6 1 5 0 4 7 
5 7 2 6 0 5 0 4 7 
6 6 3 5 2 4 1 3 7 
7 7 3 6 2 5 1 4 7 
6 10 4 9 2 8 1 7 7 
7 7 3 6 1 5 0 4 7 
6 10 4 9 2 8 1 7 7 
6 6 3 5 2 4 1 3 7 
5 5 1 4 0 3 0 2 7 
5 6 3 5 2 4 1 3 7 
4 5 1 4 0 3 0 2 7 
6 7 2 6 0 5 0 4 7 
6 7 3 6 1 5 0 4 7 
6 10 4 9 2 8 1 7 7 
6 10 4 9 2 8 1 7 7 
6 13 4 12 2 11 1 10 7 
6 13 4 12 2 11 1 10 7 
5 6 3 5 2 4 1 3 7 
6 13 4 12 2 11 1 10 7 
6 13 4 12 2 11 1 10 7 
7 8 6 7 4 6 3 5 7 
7 10 5 9 3 8 1 7 7 
7 7 3 6 2 5 1 4 7 
6 9 4 8 2 7 1 6 7 
6 6 2 5 1 4 0 3 7 
6 6 2 5 0 4 0 3 7 
7 10 5 9 3 8 1 7 7 
7 11 5 10 3 9 1 8 7 
6 9 4 8 2 7 1 6 7 
7 8 5 7 3 6 1 5 7 
6 9 3 8 1 7 0 6 7 
6 8 4 7 2 6 0 5 7 
5 9 2 8 0 7 0 6 7 
7 7 3 6 1 5 0 4 7 
6 10 4 9 2 8 1 7 7 
7 11 5 10 3 9 1 8 7 
7 10 5 9 3 8 1 7 7 
6 10 4 9 2 8 1 7 7 
6 6 3 5 2 4 1 3 7 
7 8 5 7 3 6 2 5 7 
7 10 5 9 3 8 1 7 7 
5 9 2 8 0 7 0 6 7 
6 9 3 8 1 7 0 6 7 
3 5 1 4 0 3 0 2 7 
6 8 5 7 4 6 3 5 7 
7 8 6 7 5 6 4 5 7 
6 11 4 10 2 9 1 8 7 
7 9 5 8 3 7 1 6 7 
6 11 4 10 2 9 1 8 7 
6 12 4 11 2 10 1 9 7 
6 7 3 6 2 5 1 4 7 
7 9 5 8 3 7 1 6 7 
6 7 3 6 2 5 1 4 7 
6 12 4 11 2 10 1 9 7 
6 12 4 11 2 10 1 9 7 
5 6 3 5 2 4 1 3 7 
6 12 4 11 2 10 1 9 7 
5 6 2 5 1 4 0 3 7 
5 6 3 5 2 4 1 3 7 
7 7 3 6 1 5 0 4 7 
6 9 4 8 2 7 1 6 7 
6 8 3 7 2 6 1 5 7 
6 9 4 8 2 7 1 6 7 
7 8 3 7 1 6 0 5 7 
6 7 3 6 1 5 0 4 7 
7 7 4 6 2 5 1 4 7 
SCORES_TXT_END_0
SCORES_TXT_BEGIN_0 446 100 9 BLEU
3 4 2 3 1 2 0 1 4 
2 4 1 3 0 2 0 1 4 
2 5 1 4 0 3 0 2 4 
3 5 1 4 0 3 0 2 4 
2 8 1 7 0 6 0 5 4 
2 8 1 7 0 6 0 5 4 
3 6 1 5 0 4 0 3 4 
2 6 1 5 0 4 0 3 4 
2 7 1 6 0 5 0 4 4 
2 7 1 6 0 5 0 4 4 
3 5 2 4 1 3 0 2 4 
2 9 1 8 0 7 0 6 4 
2 9 1 8 0 7 0 6 4 
2 5 1 4 0 3 0 2 4 
3 7 1 6 0 5 0 4 4 
2 7 1 6 0 5 0 4 4 
2 8 1 7 0 6 0 5 4 
3 5 1 4 0 3 0 2 4 
2 8 1 7 0 6 0 5 4 
3 5 1 4 0 3 0 2 4 
2 5 1 4 0 3 0 2 4 
3 6 1 5 0 4 0 3 4 
2 6 1 5 0 4 0 3 4 
3 6 1 5 0 4 0 3 4 
3 5 2 4 1 3 0 2 4 
3 4 1 3 0 2 0 1 4 
2 5 1 4 0 3 0 2 4 
3 6 1 5 0 4 0 3 4 
2 7 1 6 0 5 0 4 4 
3 4 0 3 0 2 0 1 4 
3 4 1 3 0 2 0 1 4 
3 4 0 3 0 2 0 1 4 
2 6 1 5 0 4 0 3 4 
3 5 1 4 0 3 0 2 4 
2 6 1 5 0 4 0 3 4 
2 5 1 4 0 3 0 2 4 
2 9 1 8 0 7 0 6 4 
2 9 1 8 0 7 0 6 4 
2 8 1 7 0 6 0 5 4 
2 4 1 3 0 2 0 1 4 
3 7 1 6 0 5 0 4 4 
2 6 1 5 0 4 0 3 4 
2 4 0 3 0 2 0 1 4 
3 5 2 4 1 3 0 2 4 
2 9 1 8 0 7 0 6 4 
2 9 1 8 0 7 0 6 4 
2 7 1 6 0 5 0 4 4 
3 7 1 6 0 5 0 4 4 
2 8 1 7 0 6 0 5 4 
3 4 1 3 0 2 0 1 4 
2 8 1 7 0 6 0 5 4 
2 6 0 5 0 4 0 3 4 
2 8 1 7 0 6 0 5 4 
2 4 0 3 0 2 0 1 4 
2 5 1 4 0 3 0 2 4 
2 8 1 7 0 6 0 5 4 
3 5 0 4 0 3 0 2 4 
2 6 1 5 0 4 0 3 4 
3 6 1 5 0 4 0 3 4 
2 4 0 3 0 2 0 1 4 
3 5 1 4 0 3 0 2 4 
3 4 0 3 0 2 0 1 4 
2 6 0 5 0 4 0 3 4 
2 7 1 6 0 5 0 4 4 
2 10 1 9 0 8 0 7 4 
2 10 1 9 0 8 0 7 4 
3 4 0 3 0 2 0 1 4 
3 5 0 4 0 3 0 2 4 
2 10 1 9 0 8 0 7 4 
2 10 1 9 0 8 0 7 4 
2 4 1 3 0 2 0 1 4 
3 8 1 7 0 6 0 5 4 
2 9 1 8 0 7 0 6 4 
2 6 1 5 0 4 0 3 4 
2 9 1 8 0 7 0 6 4 
3 8 1 7 0 6 0 5 4 
3 4 2 3 1 2 0 1 4 
2 8 1 7 0 6 0 5 4 
2 8 1 7 0 6 0 5 4 
2 4 0 3 0 2 0 1 4 
3 6 1 5 0 4 0 3 4 
2 7 1 6 0 5 0 4 4 
2 7 1 6 0 5 0 4 4 
3 4 1 3 0 2 0 1 4 
3 6 1 5 0 4 0 3 4 
2 8 1 7 0 6 0 5 4 
2 9 1 8 0 7 0 6 4 
2 5 0 4 0 3 0 2 4 
3 6 1 5 0 4 0 3 4 
2 5 0 4 0 3 0 2 4 
3 5 0 4 0 3 0 2 4 
2 9 1 8 0 7 0 6 4 
2 7 1 6 0 5 0 4 4 
2 5 1 4 0 3 0 2 4 
2 8 0 7 0 6 0 5 4 
2 8 0 7 0 6 0 5 4 
2 5 1 4 0 3 0 2 4 
3 5 1 4 0 3 0 2 4 
3 6 0 5 0 4 0 3 4 
2 7 0 6 0 5 0 4 4 
SCORES_TXT_END_0
SCORES_TXT_BEGIN_0 447 100 9 BLEU
10 10 7 9 6 8 5 7 11 
10 11 7 10 6 9 5 8 11 
11 12 10 11 9 10 8 9 11 
10 11 7 10 6 9 5 8 11 
11 11 7 10 6 9 5 8 11 
10 10 6 9 4 8 2 7 11 
10 11 7 10 6 9 5 8 11 
10 12 7 11 6 10 5 9 11 
11 14 9 13 7 12 5 11 11 
11 14 9 13 7 12 5 11 11 
11 13 9 12 7 11 5 10 11 
11 13 10 12 9 11 8 10 11 
11 11 8 10 6 9 5 8 11 
11 12 7 11 6 10 5 9 11 
11 11 7 10 4 9 2 8 11 
10 11 6 10 4 9 2 8 11 
11 13 10 12 9 11 8 10 11 
10 12 7 11 6 10 5 9 11 
10 10 6 9 4 8 2 7 11 
11 12 9 11 7 10 5 9 11 
10 10 7 9 6 8 5 7 11 
11 11 6 10 4 9 2 8 11 
11 12 7 11 6 10 5 9 11 
11 12 8 11 6 10 5 9 11 
11 12 7 11 6 10 5 9 11 
11 15 9 14 7 13 5 12 11 
11 15 9 14 7 13 5 12 11 
10 11 6 10 5 9 4 8 11 
11 13 10 12 9 11 8 10 11 
10 11 6 10 4 9 2 8 11 
11 14 9 13 7 12 5 11 11 
11 12 7 11 4 10 2 9 11 
11 15 9 14 7 13 5 12 11 
11 15 9 14 7 13 5 12 11 
11 12 7 11 6 10 5 9 11 
9 10 7 9 6 8 5 7 11 
9 11 6 10 5 9 4 8 11 
11 12 7 11 5 10 4 9 11 
10 11 7 10 6 9 5 8 11 
10 11 7 10 6 9 5 8 11 
10 11 7 10 6 9 5 8 11 
11 13 8 12 6 11 5 10 11 
10 11 6 10 4 9 2 8 11 
11 14 8 13 5 12 2 11 11 
11 14 8 13 5 12 2 11 11 
11 13 8 12 6 11 5 10 11 
10 11 6 10 4 9 2 8 11 
11 13 9 12 7 11 5 10 11 
10 12 6 11 5 10 4 9 11 
11 14 9 13 7 12 5 11 11 
11 13 7 12 4 11 2 10 11 
10 11 7 10 6 9 5 8 11 
11 12 8 11 6 10 5 9 11 
11 13 7 12 6 11 5 10 11 
11 13 7 12 4 11 2 10 11 
10 10 6 9 5 8 4 7 11 
11 12 6 11 4 10 2 9 11 
10 11 6 10 5 9 4 8 11 
10 12 7 11 5 10 4 9 11 
11 12 8 11 6 10 5 9 11 
10 11 7 10 6 9 5 8 11 
11 12 10 11 9 10 8 9 11 
11 12 8 11 6 10 5 9 11 
11 12 8 11 6 10 5 9 11 
11 15 9 14 7 13 5 12 11 
11 12 8 11 6 10 5 9 11 
11 15 9 14 7 13 5 12 11 
11 12 9 11 7 10 5 9 11 
9 12 6 11 5 10 4 9 11 
9 11 7 10 6 9 5 8 11 
11 13 9 12 8 11 7 10 11 
11 12 8 11 6 10 5 9 11 
11 11 6 10 4 9 2 8 11 
11 13 7 12 5 11 4 10 11 
10 11 7 10 6 9 5 8 11 
10 11 7 10 6 9 5 8 11 
11 12 7 11 4 10 2 9 11 
11 13 8 12 5 11 2 10 11 
11 12 7 11 6 10 5 9 11 
11 14 10 13 9 12 8 11 11 
9 11 6 10 5 9 4 8 11 
11 13 9 12 7 11 5 10 11 
11 12 7 11 4 10 2 9 11 
11 13 7 12 6 11 5 10 11 
11 11 7 10 5 9 4 8 11 
10 11 7 10 6 9 5 8 11 
9 11 6 10 5 9 4 8 11 
11 15 9 14 7 13 5 12 11 
11 15 9 14 7 13 5 12 11 
11 12 8 11 6 10 5 9 11 
10 11 7 10 6 9 5 8 11 
10 11 6 10 4 9 2 8 11 
10 12 7 11 6 10 5 9 11 
11 12 7 11 4 10 2 9 11 
10 11 6 10 4 9 2 8 11 
11 12 7 11 4 10 2 9 11 
10 12 7 11 6 10 5 9 11 
9 11 6 10 4 9 2 8 11 
10 11 6 10 5 9 4 8 11 
10 13 9 12 8 11 7 10 11 
SCORES_TXT_END_0
SCORES_TXT_BEGIN_0 448 100 9 BLEU
12 12 9 11 8 10 7 9 13 
12 12 8 11 6 10 4 9 13 
12 13 9 12 8 11 7 10 13 
11 12 9 11 8 10 7 9 13 
12 12 8 11 6 10 4 9 13 
11 12 7 11 6 10 5 9 13 
13 13 9 12 8 11 7 10 13 
12 13 8 12 6 11 4 10 13 
11 13 7 12 6 11 5 10 13 
12 16 10 15 8 14 7 13 13 
12 16 10 15 8 14 7 13 13 
13 14 12 13 11 12 10 11 13 
11 12 8 11 6 10 4 9 13 
13 13 9 12 6 11 4 10 13 
13 13 8 12 6 11 4 10 13 
11 12 6 11 4 10 2 9 13 
12 12 6 11 4 10 2 9 13 
13 13 10 12 8 11 7 10 13 
11 13 9 12 8 11 7 10 13 
12 14 11 13 10 12 9 11 13 
12 12 7 11 5 10 3 9 13 
11 13 7 12 6 11 5 10 13 
13 13 9 12 6 11 4 10 13 
11 13 6 12 5 11 4 10 13 
11 12 8 11 6 10 4 9 13 
12 12 8 11 6 10 4 9 13 
11 13 7 12 6 11 5 10 13 
11 12 6 11 4 10 2 9 13 
10 12 7 11 6 10 5 9 13 
12 12 8 11 6 10 5 9 13 
13 13 8 12 6 11 4 10 13 
12 13 9 12 8 11 7 10 13 
12 12 8 11 6 10 4 9 13 
11 11 7 10 5 9 4 8 13 
12 12 9 11 8 10 7 9 13 
12 13 7 12 4 11 2 10 13 
11 13 6 12 4 11 2 10 13 
12 13 8 12 6 11 4 10 13 
12 13 7 12 6 11 5 10 13 
12 16 9 15 6 14 4 13 13 
13 13 9 12 6 11 5 10 13 
12 16 9 15 6 14 4 13 13 
13 14 11 13 9 12 7 11 13 
11 14 7 13 6 12 5 11 13 
12 14 8 13 6 12 4 11 13 
13 14 9 13 8 12 7 11 13 
11 12 7 11 5 10 4 9 13 
11 13 8 12 6 11 4 10 13 
11 14 6 13 5 12 4 11 13 
11 14 7 13 6 12 5 11 13 
11 13 6 12 4 11 2 10 13 
11 13 5 12 3 11 2 10 13 
12 12 8 11 5 10 4 9 13 
11 11 6 10 4 9 3 8 13 
12 17 10 16 8 15 7 14 13 
10 13 7 12 6 11 5 10 13 
12 13 7 12 4 11 1 10 13 
12 17 10 16 8 15 7 14 13 
13 15 12 14 11 13 10 12 13 
11 12 7 11 6 10 5 9 13 
12 12 8 11 6 10 5 9 13 
13 14 9 13 6 12 4 11 13 
11 13 7 12 6 11 5 10 13 
13 14 9 13 7 12 5 11 13 
12 12 7 11 5 10 4 9 13 
12 14 10 13 8 12 6 11 13 
11 13 6 12 4 11 2 10 13 
12 12 7 11 5 10 3 9 13 
12 16 9 15 6 14 4 13 13 
12 13 7 12 5 11 3 10 13 
12 16 9 15 6 14 4 13 13 
13 14 11 13 9 12 7 11 13 
11 16 8 15 6 14 5 13 13 
13 14 8 13 6 12 4 11 13 
12 13 8 12 5 11 4 10 13 
12 13 9 12 6 11 4 10 13 
11 12 6 11 5 10 4 9 13 
11 16 8 15 6 14 5 13 13 
12 13 6 12 4 11 2 10 13 
11 13 7 12 6 11 5 10 13 
12 13 7 12 4 11 2 10 13 
11 11 7 10 5 9 4 8 13 
12 14 10 13 8 12 6 11 13 
12 13 8 12 6 11 4 10 13 
10 12 6 11 4 10 2 9 13 
11 14 6 13 5 12 4 11 13 
12 13 10 12 8 11 7 10 13 
11 13 5 12 3 11 1 10 13 
12 14 7 13 6 12 5 11 13 
12 15 11 14 10 13 9 12 13 
11 14 7 13 6 12 5 11 13 
11 13 6 12 4 11 2 10 13 
11 12 5 11 3 10 2 9 13 
13 15 9 14 6 13 4 12 13 
11 11 6 10 4 9 3 8 13 
12 17 10 16 8 15 7 14 13 
11 12 6 11 4 10 2 9 13 
12 17 10 16 8 15 7 14 13 
11 12 7 11 5 10 3 9 13 
10 13 7 12 6 11 5 10 13 
SCORES_TXT_END_0
SCORES_TXT_BEGIN_0 449 100 9 BLEU
12 12 11 11 10 10 9 9 12 
11 16 10 15 9 14 8 13 12 
11 16 10 15 9 14 8 13 12 
12 16 10 15 9 14 8 13 12 
12 16 10 15 9 14 8 13 12 
11 12 10 11 9 10 8 9 12 
12 14 10 13 9 12 8 11 12 
11 12 9 11 7 10 6 9 12 
11 12 9 11 7 10 6 9 12 
11 14 10 13 9 12 8 11 12 
10 16 8 15 7 14 6 13 12 
10 16 8 15 7 14 6 13 12 
10 16 8 15 7 14 6 13 12 
12 13 10 12 9 11 8 10 12 
10 16 8 15 7 14 6 13 12 
11 16 8 15 7 14 6 13 12 
11 16 8 15 7 14 6 13 12 
12 14 10 13 9 12 8 11 12 
12 14 10 13 9 12 8 11 12 
11 16 8 15 7 14 6 13 12 
11 16 8 15 7 14 6 13 12 
11 14 8 13 7 12 6 11 12 
10 14 8 13 7 12 6 11 12 
11 14 8 13 7 12 6 11 12 
12 15 10 14 9 13 8 12 12 
12 13 10 12 9 11 8 10 12 
11 13 10 12 9 11 8 10 12 
12 15 10 14 9 13 8 12 12 
11 14 10 13 9 12 8 11 12 
11 14 10 13 9 12 8 11 12 
10 14 8 13 7 12 6 11 12 
10 12 8 11 7 10 6 9 12 
11 15 10 14 9 13 8 12 12 
11 13 8 12 7 11 6 10 12 
10 12 8 11 7 10 6 9 12 
11 15 10 14 9 13 8 12 12 
11 17 10 16 9 15 8 14 12 
11 17 10 16 9 15 8 14 12 
11 13 8 12 7 11 6 10 12 
11 15 10 14 9 13 8 12 12 
11 14 8 13 7 12 6 11 12 
11 13 10 12 9 11 8 10 12 
11 14 8 13 7 12 6 11 12 
11 15 10 14 9 13 8 12 12 
11 18 10 17 9 16 8 15 12 
11 12 10 11 9 10 8 9 12 
11 18 10 17 9 16 8 15 12 
12 15 10 14 9 13 8 12 12 
11 18 10 17 9 16 8 15 12 
11 18 10 17 9 16 8 15 12 
11 14 8 13 7 12 6 11 12 
11 14 8 13 7 12 6 11 12 
11 20 10 19 9 18 8 17 12 
11 20 10 19 9 18 8 17 12 
11 20 10 19 9 18 8 17 12 
11 15 10 14 9 13 8 12 12 
11 20 10 19 9 18 8 17 12 
11 13 8 12 7 11 6 10 12 
12 18 10 17 9 16 8 15 12 
12 18 10 17 9 16 8 15 12 
11 17 10 16 9 15 8 14 12 
10 16 9 15 8 14 7 13 12 
10 16 9 15 8 14 7 13 12 
11 17 10 16 9 15 8 14 12 
11 17 10 16 9 15 8 14 12 
11 15 8 14 7 13 6 12 12 
11 12 10 11 9 10 8 9 12 
11 17 10 16 9 15 8 14 12 
10 13 8 12 7 11 6 10 12 
11 18 10 17 9 16 8 15 12 
11 15 8 14 7 13 6 12 12 
11 19 10 18 9 17 8 16 12 
11 18 10 17 9 16 8 15 12 
11 17 10 16 9 15 8 14 12 
11 19 10 18 9 17 8 16 12 
11 17 10 16 9 15 8 14 12 
11 19 10 18 9 17 8 16 12 
11 19 10 18 9 17 8 16 12 
12 13 10 12 9 11 8 10 12 
11 18 10 17 9 16 8 15 12 
11 18 10 17 9 16 8 15 12 
11 19 10 18 9 17 8 16 12 
11 15 8 14 7 13 6 12 12 
11 19 10 18 9 17 8 16 12 
10 13 8 12 7 11 6 10 12 
11 15 8 14 7 13 6 12 12 
11 12 9 11 7 10 6 9 12 
11 19 10 18 9 17 8 16 12 
11 12 9 11 7 10 6 9 12 
10 14 8 13 7 12 6 11 12 
10 14 8 13 7 12 6 11 12 
11 16 9 15 8 14 7 13 12 
12 16 10 15 9 14 8 13 12 
11 19 10 18 9 17 8 16 12 
12 17 10 16 9 15 8 14 12 
11 16 9 15 8 14 7 13 12 
12 15 10 14 9 13 8 12 12 
12 17 10 16 9 15 8 14 12 
11 13 8 12 7 11 6 10 12 
10 15 8 14 7 13 6 12 12 
SCORES_TXT_END_0
SCORES_TXT_BEGIN_0 450 100 9 BLEU
8 8 7 7 6 6 5 5 8 
7 8 6 7 5 6 4 5 8 
8 10 6 9 5 8 4 7 8 
7 10 5 9 4 8 3 7 8 
8 9 6 8 5 7 4 6 8 
7 9 5 8 4 7 3 6 8 
8 9 6 8 5 7 4 6 8 
8 12 6 11 5 10 4 9 8 
8 12 6 11 5 10 4 9 8 
8 9 6 8 5 7 4 6 8 
8 9 5 8 4 7 3 6 8 
8 9 6 8 4 7 3 6 8 
7 9 5 8 4 7 3 6 8 
7 9 5 8 4 7 3 6 8 
7 12 5 11 4 10 3 9 8 
7 12 5 11 4 10 3 9 8 
8 9 4 8 2 7 1 6 8 
8 11 6 10 5 9 4 8 8 
8 11 6 10 5 9 4 8 8 
8 10 6 9 5 8 4 7 8 
8 9 5 8 4 7 3 6 8 
8 11 4 10 3 9 2 8 8 
8 8 4 7 3 6 2 5 8 
8 11 6 10 5 9 4 8 8 
8 9 4 8 2 7 1 6 8 
7 9 3 8 1 7 0 6 8 
8 11 5 10 3 9 2 8 8 
8 13 6 12 5 11 4 10 8 
8 13 6 12 5 11 4 10 8 
7 8 6 7 5 6 4 5 8 
8 8 4 7 2 6 1 5 8 
8 11 6 10 5 9 4 8 8 
7 11 5 10 4 9 3 8 8 
8 8 4 7 2 6 1 5 8 
8 9 4 8 2 7 1 6 8 
8 9 4 8 1 7 0 6 8 
7 11 5 10 4 9 3 8 8 
7 10 5 9 4 8 3 7 8 
8 10 4 9 3 8 2 7 8 
8 9 5 8 4 7 3 6 8 
8 11 3 10 1 9 0 8 8 
7 8 3 7 1 6 0 5 8 
7 11 5 10 4 9 3 8 8 
7 8 3 7 2 6 1 5 8 
8 10 5 9 4 8 3 7 8 
8 8 4 7 2 6 1 5 8 
7 8 3 7 1 6 0 5 8 
8 10 6 9 5 8 4 7 8 
8 9 4 8 2 7 0 6 8 
8 8 4 7 1 6 0 5 8 
7 13 5 12 4 11 3 10 8 
7 13 5 12 4 11 3 10 8 
6 8 5 7 4 6 3 5 8 
7 8 3 7 1 6 0 5 8 
8 12 6 11 5 10 4 9 8 
8 10 4 9 2 8 1 7 8 
7 11 5 10 4 9 3 8 8 
8 11 4 10 3 9 2 8 8 
8 9 6 8 5 7 4 6 8 
8 9 5 8 4 7 3 6 8 
7 11 3 10 1 9 0 8 8 
8 9 4 8 3 7 2 6 8 
8 10 4 9 3 8 2 7 8 
7 8 3 7 2 6 1 5 8 
8 9 4 8 3 7 2 6 8 
8 9 3 8 2 7 1 6 8 
8 12 6 11 5 10 4 9 8 
8 10 5 9 4 8 3 7 8 
8 11 3 10 1 9 0 8 8 
8 8 4 7 2 6 0 5 8 
8 8 4 7 2 6 0 5 8 
8 11 4 10 1 9 0 8 8 
8 10 3 9 2 8 1 7 8 
7 8 5 7 3 6 1 5 8 
8 8 5 7 3 6 1 5 8 
8 10 5 9 3 8 2 7 8 
7 10 3 9 2 8 1 7 8 
7 9 3 8 1 7 0 6 8 
8 9 4 8 2 7 1 6 8 
8 8 4 7 2 6 1 5 8 
8 8 3 7 2 6 1 5 8 
8 13 6 12 5 11 4 10 8 
8 13 6 12 5 11 4 10 8 
8 10 6 9 4 8 3 7 8 
7 8 3 7 1 6 0 5 8 
8 9 4 8 2 7 1 6 8 
8 9 4 8 2 7 0 6 8 
8 11 3 10 1 9 0 8 8 
8 10 4 9 2 8 1 7 8 
8 10 5 9 4 8 3 7 8 
8 9 4 8 3 7 2 6 8 
7 10 5 9 4 8 3 7 8 
8 9 4 8 1 7 0 6 8 
7 8 3 7 1 6 0 5 8 
7 10 3 9 1 8 0 7 8 
7 8 3 7 1 6 0 5 8 
8 10 4 9 2 8 1 7 8 
7 8 4 7 2 6 1 5 8 
7 10 3 9 1 8 0 7 8 
7 12 5 11 4 10 3 9 8 
SCORES_TXT_END_0
SCORES_TXT_BEGIN_0 451 100 9 BLEU
9 9 8 8 7 7 6 6 9 
9 10 7 9 6 8 5 7 9 
9 10 7 9 6 8 5 7 9 
9 11 7 10 6 9 5 8 9 
9 12 7 11 6 10 5 9 9 
9 13 7 12 6 11 5 10 9 
9 13 7 12 6 11 5 10 9 
9 14 7 13 6 12 5 11 9 
9 14 7 13 6 12 5 11 9 
8 9 7 8 6 7 5 6 9 
9 11 7 10 6 9 5 8 9 
8 8 6 7 5 6 4 5 9 
9 10 7 9 5 8 3 7 9 
8 9 5 8 4 7 3 6 9 
9 12 7 11 6 10 5 9 9 
9 12 7 11 6 10 5 9 9 
8 10 7 9 6 8 5 7 9 
9 10 7 9 6 8 5 7 9 
8 9 5 8 4 7 3 6 9 
9 10 7 9 6 8 5 7 9 
9 11 7 10 6 9 5 8 9 
9 12 6 11 4 10 3 9 9 
9 11 6 10 4 9 3 8 9 
9 11 6 10 4 9 3 8 9 
9 13 7 12 6 11 5 10 9 
8 10 5 9 4 8 3 7 9 
9 13 7 12 6 11 5 10 9 
9 10 8 9 7 8 6 7 9 
9 10 8 9 7 8 6 7 9 
9 12 7 11 6 10 5 9 9 
9 10 8 9 6 8 5 7 9 
9 11 7 10 6 9 5 8 9 
8 10 7 9 6 8 5 7 9 
9 11 7 10 6 9 5 8 9 
9 9 6 8 5 7 4 6 9 
8 10 7 9 6 8 5 7 9 
9 13 6 12 4 11 3 10 9 
8 9 6 8 4 7 2 6 9 
9 10 7 9 5 8 3 7 9 
9 11 7 10 6 9 5 8 9 
9 9 5 8 3 7 2 6 9 
8 11 5 10 4 9 3 8 9 
8 9 5 8 4 7 3 6 9 
8 10 5 9 3 8 2 7 9 
8 12 5 11 4 10 3 9 9 
9 11 7 10 6 9 5 8 9 
9 10 7 9 5 8 3 7 9 
8 12 5 11 4 10 3 9 9 
8 9 6 8 5 7 4 6 9 
9 11 7 10 6 9 5 8 9 
9 11 7 10 5 9 4 8 9 
9 11 6 10 4 9 2 8 9 
9 11 7 10 6 9 5 8 9 
9 10 7 9 5 8 3 7 9 
9 11 6 10 4 9 2 8 9 
9 12 7 11 6 10 5 9 9 
9 9 5 8 4 7 3 6 9 
9 11 4 10 3 9 2 8 9 
9 14 6 13 4 12 3 11 9 
9 14 6 13 4 12 3 11 9 
9 11 7 10 5 9 4 8 9 
9 11 6 10 4 9 3 8 9 
9 10 6 9 5 8 4 7 9 
9 10 5 9 4 8 3 7 9 
9 10 4 9 3 8 2 7 9 
8 11 7 10 6 9 5 8 9 
9 12 7 11 6 10 5 9 9 
9 11 6 10 4 9 2 8 9 
9 11 7 10 6 9 5 8 9 
8 10 5 9 3 8 2 7 9 
8 10 5 9 4 8 3 7 9 
8 11 7 10 6 9 5 8 9 
9 10 7 9 5 8 3 7 9 
9 12 7 11 5 10 4 9 9 
9 11 6 10 5 9 4 8 9 
9 11 6 10 4 9 2 8 9 
9 14 7 13 6 12 5 11 9 
9 14 7 13 6 12 5 11 9 
9 10 7 9 5 8 4 7 9 
9 12 6 11 4 10 2 9 9 
9 11 6 10 4 9 3 8 9 
9 9 6 8 4 7 2 6 9 
8 11 5 10 3 9 2 8 9 
8 10 5 9 4 8 3 7 9 
8 9 6 8 5 7 4 6 9 
9 10 7 9 5 8 3 7 9 
9 13 7 12 6 11 5 10 9 
9 13 7 12 6 11 5 10 9 
9 11 6 10 4 9 2 8 9 
9 12 6 11 4 10 2 9 9 
9 13 7 12 6 11 5 10 9 
9 11 6 10 4 9 3 8 9 
8 13 5 12 4 11 3 10 9 
9 11 7 10 5 9 3 8 9 
8 13 5 12 4 11 3 10 9 
9 12 6 11 4 10 3 9 9 
9 10 5 9 3 8 1 7 9 
9 10 7 9 5 8 3 7 9 
8 9 6 8 5 7 4 6 9 
9 14 7 13 6 12 5 11 9 
SCORES_TXT_END_0
SCORES_TXT_BEGIN_0 452 100 9 BLEU
6 6 5 5 4 4 3 3 6 
5 6 4 5 3 4 2 3 6 
5 6 4 5 3 4 2 3 6 
5 6 4 5 3 4 2 3 6 
5 6 4 5 3 4 2 3 6 
5 10 4 9 3 8 2 7 6 
5 10 4 9 3 8 2 7 6 
6 8 4 7 3 6 2 5 6 
5 8 4 7 3 6 2 5 6 
5 9 4 8 3 7 2 6 6 
6 7 4 6 2 5 1 4 6 
5 9 4 8 3 7 2 6 6 
6 7 4 6 2 5 1 4 6 
5 6 4 5 3 4 2 3 6 
6 7 3 6 1 5 0 4 6 
6 8 4 7 2 6 1 5 6 
4 6 3 5 2 4 1 3 6 
6 7 4 6 3 5 2 4 6 
4 6 3 5 2 4 1 3 6 
5 7 3 6 1 5 0 4 6 
5 7 4 6 3 5 2 4 6 
5 6 3 5 2 4 1 3 6 
5 7 3 6 2 5 1 4 6 
5 9 3 8 1 7 0 6 6 
5 7 2 6 1 5 0 4 6 
4 6 3 5 2 4 1 3 6 
5 6 3 5 1 4 0 3 6 
6 6 3 5 1 4 0 3 6 
4 10 3 9 2 8 1 7 6 
4 10 3 9 2 8 1 7 6 
5 7 3 6 2 5 1 4 6 
4 10 3 9 2 8 1 7 6 
4 10 3 9 2 8 1 7 6 
5 7 2 6 1 5 0 4 6 
5 7 4 6 3 5 2 4 6 
5 7 3 6 2 5 1 4 6 
6 6 3 5 2 4 1 3 6 
5 6 4 5 3 4 2 3 6 
5 8 3 7 2 6 1 5 6 
5 7 3 6 2 5 1 4 6 
6 6 2 5 1 4 0 3 6 
5 8 3 7 2 6 1 5 6 
5 7 2 6 1 5 0 4 6 
5 7 2 6 1 5 0 4 6 
6 6 3 5 2 4 1 3 6 
5 6 3 5 1 4 0 3 6 
5 7 3 6 2 5 1 4 6 
4 8 3 7 2 6 1 5 6 
6 6 2 5 1 4 0 3 6 
4 7 2 6 1 5 0 4 6 
4 10 3 9 2 8 1 7 6 
4 9 3 8 2 7 1 6 6 
4 10 3 9 2 8 1 7 6 
4 8 3 7 2 6 1 5 6 
6 7 2 6 1 5 0 4 6 
5 8 3 7 1 6 0 5 6 
5 6 2 5 1 4 0 3 6 
4 9 3 8 2 7 1 6 6 
4 9 3 8 2 7 1 6 6 
5 6 2 5 1 4 0 3 6 
4 7 2 6 1 5 0 4 6 
5 7 2 6 1 5 0 4 6 
5 6 3 5 2 4 1 3 6 
4 7 2 6 1 5 0 4 6 
5 7 3 6 1 5 0 4 6 
6 9 3 8 1 7 0 6 6 
4 9 2 8 1 7 0 6 6 
4 9 3 8 2 7 1 6 6 
4 9 2 8 1 7 0 6 6 
6 7 3 6 2 5 1 4 6 
5 8 3 7 2 6 1 5 6 
5 7 3 6 1 5 0 4 6 
4 9 2 8 1 7 0 6 6 
6 6 3 5 1 4 0 3 6 
6 6 3 5 2 4 1 3 6 
4 7 2 6 1 5 0 4 6 
5 6 2 5 1 4 0 3 6 
5 7 3 6 2 5 1 4 6 
5 6 3 5 2 4 1 3 6 
5 8 3 7 2 6 1 5 6 
5 7 3 6 1 5 0 4 6 
5 6 2 5 1 4 0 3 6 
4 8 3 7 2 6 1 5 6 
6 6 3 5 2 4 1 3 6 
6 7 4 6 2 5 1 4 6 
6 6 2 5 1 4 0 3 6 
4 9 3 8 2 7 1 6 6 
4 9 2 8 1 7 0 6 6 
5 6 3 5 2 4 1 3 6 
5 6 2 5 1 4 0 3 6 
5 7 2 6 1 5 0 4 6 
4 9 3 8 2 7 1 6 6 
6 7 2 6 0 5 0 4 6 
6 8 3 7 1 6 0 5 6 
5 7 3 6 2 5 1 4 6 
5 6 2 5 1 4 0 3 6 
5 8 2 7 1 6 0 5 6 
6 6 3 5 1 4 0 3 6 
5 6 3 5 2 4 1 3 6 
5 6 2 5 0 4 0 3 6 
SCORES_TXT_END_0
SCORES_TXT_BEGIN_0 453 9 9 BLEU
15 15 14 14 13 13 12 12 15 
15 15 11 14 8 13 6 12 15 
15 17 13 16 11 15 9 14 15 
15 17 13 16 11 15 9 14 15 
15 16 13 15 11 14 9 13 15 
15 15 11 14 9 13 7 12 15 
15 15 10 14 8 13 6 12 15 
15 15 11 14 9 13 7 12 15 
15 17 11 16 8 15 6 14 15 
SCORES_TXT_END_0
SCORES_TXT_BEGIN_0 454 91 9 BLEU
15 15 12 14 11 13 10 12 16 
14 14 11 13 10 12 9 11 16 
15 15 12 14 10 13 9 12 16 
16 16 12 15 9 14 7 13 16 
15 16 12 15 11 14 10 13 16 
14 15 12 14 11 13 10 12 16 
14 15 11 14 10 13 9 12 16 
13 14 11 13 10 12 9 11 16 
15 15 11 14 9 13 7 12 16 
14 15 11 14 10 13 9 12 16 
16 16 12 15 11 14 10 13 16 
14 15 11 14 10 13 9 12 16 
15 15 11 14 9 13 7 12 16 
15 17 14 16 13 15 12 14 16 
15 15 11 14 10 13 9 12 16 
14 16 13 15 12 14 11 13 16 
16 17 15 16 14 15 13 14 16 
14 15 12 14 10 13 9 12 16 
15 16 11 15 9 14 7 13 16 
15 16 14 15 13 14 12 13 16 
15 16 12 15 9 14 7 13 16 
16 17 12 16 9 15 7 14 16 
13 13 9 12 8 11 7 10 16 
14 14 10 13 9 12 8 11 16 
15 17 12 16 10 15 9 14 16 
14 16 12 15 11 14 10 13 16 
13 14 9 13 7 12 5 11 16 
14 14 9 13 7 12 5 11 16 
15 17 12 16 10 15 9 14 16 
16 16 13 15 11 14 10 13 16 
14 16 11 15 10 14 9 13 16 
16 18 12 17 9 16 7 15 16 
14 15 11 14 10 13 9 12 16 
15 15 11 14 9 13 7 12 16 
15 16 12 15 10 14 8 13 16 
16 18 12 17 9 16 7 15 16 
13 15 11 14 10 13 9 12 16 
14 15 11 14 10 13 9 12 16 
14 16 11 15 10 14 9 13 16 
15 15 11 14 8 13 6 12 16 
15 16 12 15 10 14 9 13 16 
14 15 10 14 7 13 5 12 16 
14 15 11 14 9 13 7 12 16 
14 16 10 15 7 14 5 13 16 
14 15 10 14 7 13 5 12 16 
14 16 11 15 10 14 9 13 16 
14 14 9 13 8 12 7 11 16 
15 15 10 14 9 13 8 12 16 
13 15 11 14 10 13 9 12 16 
14 14 10 13 8 12 7 11 16 
15 15 11 14 9 13 8 12 16 
14 17 13 16 12 15 11 14 16 
15 18 13 17 11 16 9 15 16 
15 16 12 15 10 14 9 13 16 
13 15 11 14 10 13 9 12 16 
14 15 11 14 10 13 9 12 16 
15 16 12 15 10 14 9 13 16 
15 16 11 15 10 14 9 13 16 
15 16 12 15 11 14 10 13 16 
13 15 11 14 10 13 9 12 16 
15 18 14 17 13 16 12 15 16 
14 15 11 14 9 13 7 12 16 
16 17 12 16 9 15 7 14 16 
14 15 11 14 10 13 9 12 16 
15 16 11 15 9 14 7 13 16 
14 15 11 14 10 13 9 12 16 
16 16 12 15 9 14 7 13 16 
16 17 13 16 10 15 8 14 16 
16 17 12 16 9 15 7 14 16 
15 15 12 14 11 13 10 12 16 
13 15 10 14 9 13 8 12 16 
13 13 9 12 8 11 7 10 16 
14 14 10 13 8 12 6 11 16 
15 16 11 15 10 14 9 13 16 
13 14 9 13 7 12 5 11 16 
14 15 11 14 10 13 9 12 16 
15 16 11 15 8 14 6 13 16 
14 17 13 16 12 15 11 14 16 
16 16 11 15 9 14 7 13 16 
16 17 12 16 9 15 7 14 16 
14 14 11 13 10 12 9 11 16 
13 13 9 12 8 11 7 10 16 
14 14 10 13 9 12 8 11 16 
15 17 13 16 11 15 9 14 16 
13 13 8 12 6 11 5 10 16 
13 14 9 13 6 12 5 11 16 
14 14 10 13 8 12 6 11 16 
13 14 9 13 6 12 5 11 16 
13 15 9 14 6 13 5 12 16 
14 17 13 16 12 15 11 14 16 
15 16 11 15 9 14 7 13 16 
SCORES_TXT_END_0
SCORES_TXT_BEGIN_0 455 89 9 BLEU
10 10 9 9 8 8 7 7 10 
9 10 8 9 7 8 6 7 10 
8 8 6 7 5 6 4 5 10 
7 8 6 7 5 6 4 5 10 
9 12 7 11 5 10 4 9 10 
9 12 7 11 5 10 4 9 10 
10 11 8 10 6 9 4 8 10 
10 12 8 11 6 10 4 9 10 
10 12 8 11 6 10 4 9 10 
9 11 7 10 5 9 4 8 10 
9 11 7 10 5 9 4 8 10 
9 11 7 10 5 9 4 8 10 
10 11 8 10 6 9 4 8 10 
9 14 8 13 7 12 6 11 10 
9 9 7 8 5 7 4 6 10 
9 14 8 13 7 12 6 11 10 
10 11 8 10 6 9 4 8 10 
10 12 9 11 8 10 6 9 10 
10 11 8 10 6 9 4 8 10 
8 9 6 8 5 7 4 6 10 
9 12 8 11 7 10 6 9 10 
9 13 8 12 7 11 6 10 10 
9 13 8 12 7 11 6 10 10 
8 9 6 8 5 7 4 6 10 
9 11 7 10 5 9 4 8 10 
9 9 7 8 6 7 5 6 10 
10 10 6 9 4 8 2 7 10 
8 8 4 7 3 6 2 5 10 
9 10 5 9 3 8 2 7 10 
9 11 7 10 5 9 4 8 10 
9 9 5 8 3 7 2 6 10 
10 10 6 9 5 8 4 7 10 
9 13 7 12 5 11 4 10 10 
9 13 7 12 5 11 4 10 10 
9 13 7 12 5 11 4 10 10 
9 13 7 12 5 11 4 10 10 
8 9 6 8 5 7 4 6 10 
10 11 9 10 7 9 6 8 10 
9 9 5 8 4 7 3 6 10 
10 13 8 12 6 11 4 10 10 
9 12 7 11 5 10 4 9 10 
10 13 8 12 6 11 4 10 10 
9 9 6 8 5 7 4 6 10 
8 9 5 8 3 7 2 6 10 
9 12 7 11 5 10 4 9 10 
10 11 8 10 6 9 4 8 10 
10 13 8 12 6 11 4 10 10 
9 10 7 9 5 8 4 7 10 
10 10 7 9 5 8 3 7 10 
10 13 8 12 6 11 4 10 10 
10 11 8 10 6 9 5 8 10 
9 11 8 10 7 9 6 8 10 
9 11 7 10 5 9 3 8 10 
10 10 7 9 4 8 2 7 10 
8 8 5 7 3 6 2 5 10 
8 10 6 9 4 8 3 7 10 
9 10 6 9 3 8 2 7 10 
10 10 7 9 4 8 2 7 10 
9 12 5 11 3 10 2 9 10 
10 12 8 11 6 10 4 9 10 
9 10 7 9 5 8 4 7 10 
8 8 4 7 3 6 2 5 10 
9 10 5 9 3 8 2 7 10 
10 12 6 11 4 10 2 9 10 
9 12 5 11 3 10 2 9 10 
9 10 6 9 5 8 4 7 10 
10 12 6 11 4 10 2 9 10 
9 13 7 12 5 11 4 10 10 
9 10 6 9 3 8 2 7 10 
10 12 8 11 6 10 4 9 10 
9 11 5 10 3 9 2 8 10 
9 11 5 10 3 9 2 8 10 
9 10 6 9 5 8 4 7 10 
9 13 7 12 5 11 4 10 10 
7 8 4 7 2 6 1 5 10 
9 9 5 8 3 7 2 6 10 
9 10 6 9 4 8 2 7 10 
9 10 7 9 5 8 4 7 10 
10 11 6 10 4 9 2 8 10 
10 10 7 9 4 8 2 7 10 
9 12 7 11 5 10 4 9 10 
8 8 5 7 3 6 2 5 10 
8 10 6 9 4 8 3 7 10 
9 10 5 9 4 8 3 7 10 
9 12 7 11 5 10 4 9 10 
9 10 7 9 5 8 4 7 10 
10 10 6 9 3 8 2 7 10 
10 12 8 11 6 10 4 9 10 
10 11 6 10 4 9 2 8 10 
SCORES_TXT_END_0
SCORES_TXT_BEGIN_0 456 100 9 BLEU
12 12 9 11 8 10 7 9 13 
13 14 12 13 11 12 10 11 13 
13 16 11 15 9 14 7 13 13 
13 16 11 15 9 14 7 13 13 
12 13 9 12 8 11 7 10 13 
13 13 9 12 8 11 7 10 13 
13 15 12 14 11 13 10 12 13 
13 15 12 14 11 13 10 12 13 
12 13 9 12 8 11 7 10 13 
13 13 10 12 8 11 7 10 13 
13 17 11 16 9 15 7 14 13 
13 17 11 16 9 15 7 14 13 
13 17 11 16 9 15 7 14 13 
13 17 11 16 9 15 7 14 13 
13 15 12 14 11 13 10 12 13 
12 12 9 11 8 10 7 9 13 
13 14 9 13 8 12 7 11 13 
10 10 5 9 3 8 2 7 13 
12 13 9 12 8 11 7 10 13 
12 13 9 12 8 11 7 10 13 
13 17 11 16 9 15 7 14 13 
13 17 11 16 9 15 7 14 13 
12 14 9 13 8 12 7 11 13 
13 14 12 13 11 12 10 11 13 
11 12 6 11 4 10 3 9 13 
13 15 11 14 9 13 7 12 13 
11 12 8 11 7 10 6 9 13 
13 16 12 15 11 14 10 13 13 
11 12 8 11 6 10 5 9 13 
13 15 10 14 8 13 7 12 13 
13 15 11 14 9 13 7 12 13 
13 15 10 14 8 13 7 12 13 
13 14 9 13 8 12 7 11 13 
11 11 6 10 3 9 2 8 13 
10 10 6 9 4 8 2 7 13 
10 11 5 10 3 9 2 8 13 
9 10 4 9 3 8 2 7 13 
12 13 9 12 8 11 7 10 13 
13 13 10 12 9 11 8 10 13 
12 14 10 13 8 12 6 11 13 
13 14 10 13 8 12 7 11 13 
10 10 5 9 3 8 2 7 13 
13 15 11 14 9 13 7 12 13 
12 13 10 12 8 11 7 10 13 
13 16 11 15 9 14 7 13 13 
13 16 11 15 9 14 7 13 13 
13 14 10 13 8 12 7 11 13 
10 10 5 9 3 8 2 7 13 
11 11 5 10 3 9 2 8 13 
11 13 9 12 8 11 7 10 13 
13 14 10 13 8 12 7 11 13 
11 11 7 10 5 9 3 8 13 
13 17 12 16 11 15 10 14 13 
12 13 9 12 8 11 7 10 13 
12 13 9 12 8 11 7 10 13 
13 17 12 16 11 15 10 14 13 
11 12 9 11 8 10 7 9 13 
12 14 9 13 8 12 7 11 13 
12 14 9 13 8 12 7 11 13 
11 13 8 12 6 11 5 10 13 
9 10 5 9 3 8 2 7 13 
13 18 11 17 9 16 7 15 13 
13 18 11 17 9 16 7 15 13 
11 12 9 11 7 10 5 9 13 
11 13 8 12 6 11 5 10 13 
10 12 7 11 6 10 5 9 13 
11 14 7 13 4 12 2 11 13 
13 15 12 14 11 13 10 12 13 
12 14 7 13 4 12 2 11 13 
9 11 4 10 3 9 2 8 13 
10 11 6 10 4 9 2 8 13 
12 13 9 12 8 11 7 10 13 
9 10 4 9 3 8 2 7 13 
13 16 12 15 11 14 10 13 13 
9 10 4 9 3 8 2 7 13 
11 12 6 11 3 10 2 9 13 
10 11 5 10 3 9 2 8 13 
10 11 5 10 3 9 2 8 13 
13 14 10 13 8 12 7 11 13 
12 14 9 13 8 12 7 11 13 
12 14 9 13 8 12 7 11 13 
13 16 12 15 11 14 10 13 13 
11 12 8 11 6 10 5 9 13 
12 14 9 13 8 12 7 11 13 
10 11 5 10 3 9 2 8 13 
13 15 12 14 11 13 10 12 13 
13 16 12 15 11 14 10 13 13 
12 12 7 11 3 10 2 9 13 
13 15 12 14 11 13 10 12 13 
13 15 12 14 10 13 8 12 13 
11 13 6 12 4 11 3 10 13 
13 15 12 14 11 13 10 12 13 
9 10 4 9 3 8 2 7 13 
11 11 5 10 3 9 2 8 13 
11 12 8 11 6 10 5 9 13 
13 16 12 15 11 14 9 13 13 
13 16 11 15 9 14 7 13 13 
10 12 8 11 6 10 5 9 13 
13 15 9 14 8 13 7 12 13 
11 13 9 12 8 11 7 10 13 
SCORES_TXT_END_0
SCORES_TXT_BEGIN_0 457 93 9 BLEU
10 11 9 10 8 9 7 8 10 
8 9 6 8 4 7 2 6 10 
7 7 4 6 3 5 2 4 10 
8 10 5 9 2 8 0 7 10 
8 8 4 7 1 6 0 5 10 
10 12 8 11 6 10 5 9 10 
8 9 5 8 2 7 0 6 10 
7 7 3 6 1 5 0 4 10 
9 11 7 10 5 9 3 8 10 
10 11 8 10 6 9 5 8 10 
8 11 5 10 2 9 0 8 10 
9 12 6 11 3 10 1 9 10 
8 9 4 8 1 7 0 6 10 
8 9 5 8 2 7 0 6 10 
10 12 9 11 8 10 7 9 10 
10 13 8 12 6 11 5 10 10 
7 7 3 6 1 5 0 4 10 
8 10 5 9 2 8 0 7 10 
8 10 6 9 4 8 2 7 10 
10 11 8 10 6 9 5 8 10 
9 11 6 10 3 9 1 8 10 
7 8 3 7 1 6 0 5 10 
7 8 4 7 3 6 2 5 10 
10 12 8 11 6 10 5 9 10 
10 12 9 11 8 10 7 9 10 
9 13 6 12 3 11 1 10 10 
8 10 5 9 2 8 0 7 10 
8 10 6 9 4 8 2 7 10 
9 11 6 10 3 9 1 8 10 
9 9 6 8 5 7 4 6 10 
7 8 3 7 1 6 0 5 10 
8 8 4 7 3 6 2 5 10 
10 12 8 11 6 10 5 9 10 
9 12 5 11 2 10 0 9 10 
9 12 6 11 3 10 1 9 10 
9 12 7 11 5 10 3 9 10 
10 12 7 11 4 10 1 9 10 
10 12 9 11 8 10 7 9 10 
9 10 4 9 1 8 0 7 10 
10 10 6 9 3 8 1 7 10 
10 14 8 13 6 12 5 11 10 
8 10 5 9 3 8 1 7 10 
10 14 8 13 6 12 5 11 10 
7 9 4 8 2 7 0 6 10 
8 8 4 7 2 6 1 5 10 
8 11 5 10 2 9 0 8 10 
9 12 6 11 3 10 1 9 10 
9 12 7 11 5 10 3 9 10 
10 12 8 11 7 10 6 9 10 
8 11 5 10 2 9 0 8 10 
8 8 5 7 4 6 3 5 10 
8 9 4 8 1 7 0 6 10 
9 11 6 10 3 9 0 8 10 
8 9 4 8 1 7 0 6 10 
8 10 6 9 4 8 2 7 10 
9 13 5 12 2 11 0 10 10 
10 13 8 12 6 11 5 10 10 
10 13 7 12 4 11 1 10 10 
9 14 6 13 3 12 1 11 10 
10 13 8 12 6 11 5 10 10 
9 9 5 8 2 7 0 6 10 
8 8 5 7 3 6 2 5 10 
9 11 4 10 1 9 0 8 10 
10 14 8 13 5 12 2 11 10 
8 10 6 9 3 8 1 7 10 
8 10 5 9 2 8 0 7 10 
10 11 6 10 3 9 1 8 10 
9 10 5 9 2 8 0 7 10 
9 11 7 10 5 9 3 8 10 
10 13 8 12 6 11 5 10 10 
10 15 8 14 6 13 5 12 10 
10 15 8 14 6 13 5 12 10 
7 8 4 7 2 6 1 5 10 
8 8 3 7 1 6 0 5 10 
9 9 5 8 2 7 1 6 10 
8 8 3 7 1 6 0 5 10 
9 12 6 11 4 10 2 9 10 
10 12 9 11 7 10 6 9 10 
9 10 5 9 3 8 1 7 10 
10 12 8 11 6 10 5 9 10 
8 11 5 10 3 9 1 8 10 
8 12 5 11 2 10 0 9 10 
10 12 8 11 6 10 5 9 10 
9 13 6 12 3 11 1 10 10 
8 12 5 11 2 10 0 9 10 
8 8 3 7 2 6 1 5 10 
9 10 6 9 5 8 4 7 10 
8 11 5 10 2 9 0 8 10 
8 9 4 8 2 7 1 6 10 
8 10 4 9 1 8 0 7 10 
9 13 6 12 3 11 1 10 10 
8 11 6 10 3 9 1 8 10 
9 10 6 9 5 8 4 7 10 
SCORES_TXT_END_0
SCORES_TXT_BEGIN_0 458 100 9 BLEU
9 10 7 9 5 8 3 7 10 
5 6 4 5 3 4 2 3 10 
10 10 9 9 8 8 7 7 10 
8 10 6 9 4 8 3 7 10 
9 10 8 9 7 8 6 7 10 
7 8 5 7 3 6 2 5 10 
8 8 6 7 4 6 2 5 10 
7 8 6 7 5 6 4 5 10 
6 8 5 7 4 6 3 5 10 
6 6 4 5 3 4 2 3 10 
6 7 5 6 4 5 3 4 10 
8 8 6 7 5 6 4 5 10 
7 8 5 7 4 6 3 5 10 
7 7 5 6 4 5 3 4 10 
10 12 9 11 8 10 6 9 10 
10 12 8 11 6 10 4 9 10 
9 11 7 10 5 9 3 8 10 
10 12 9 11 7 10 5 9 10 
9 12 7 11 5 10 3 9 10 
9 9 7 8 5 7 3 6 10 
9 11 6 10 3 9 0 8 10 
8 9 6 8 4 7 2 6 10 
6 7 3 6 1 5 0 4 10 
10 11 8 10 6 9 4 8 10 
10 14 9 13 7 12 5 11 10 
10 14 9 13 8 12 7 11 10 
9 14 7 13 5 12 3 11 10 
10 14 9 13 8 12 6 11 10 
10 11 9 10 7 9 5 8 10 
10 11 8 10 6 9 4 8 10 
10 11 9 10 7 9 5 8 10 
9 11 7 10 5 9 3 8 10 
8 11 5 10 2 9 0 8 10 
8 12 6 11 4 10 3 9 10 
9 12 8 11 7 10 6 9 10 
10 11 8 10 6 9 4 8 10 
8 9 6 8 4 7 3 6 10 
9 11 7 10 5 9 3 8 10 
4 6 2 5 1 4 0 3 10 
10 12 8 11 6 10 4 9 10 
9 12 7 11 5 10 3 9 10 
10 12 9 11 8 10 6 9 10 
9 12 6 11 4 10 2 9 10 
10 13 8 12 6 11 4 10 10 
10 13 9 12 8 11 7 10 10 
9 9 7 8 5 7 3 6 10 
9 13 7 12 5 11 3 10 10 
10 13 9 12 8 11 6 10 10 
7 10 5 9 3 8 2 7 10 
8 9 4 8 1 7 0 6 10 
6 7 4 6 3 5 2 4 10 
8 10 5 9 2 8 0 7 10 
9 10 7 9 5 8 3 7 10 
8 10 6 9 4 8 2 7 10 
9 11 7 10 5 9 3 8 10 
8 9 6 8 5 7 4 6 10 
8 11 6 10 4 9 2 8 10 
7 7 5 6 3 5 2 4 10 
8 10 6 9 4 8 2 7 10 
9 9 5 8 2 7 0 6 10 
7 10 4 9 1 8 0 7 10 
6 8 3 7 1 6 0 5 10 
7 9 5 8 4 7 3 6 10 
7 9 5 8 3 7 1 6 10 
9 9 7 8 5 7 4 6 10 
8 11 6 10 4 9 3 8 10 
9 11 8 10 7 9 6 8 10 
8 9 6 8 4 7 3 6 10 
7 8 5 7 4 6 3 5 10 
7 8 4 7 2 6 0 5 10 
5 6 2 5 1 4 0 3 10 
7 7 3 6 1 5 0 4 10 
6 9 4 8 2 7 0 6 10 
9 11 7 10 4 9 3 8 10 
10 11 9 10 7 9 6 8 10 
8 8 6 7 4 6 3 5 10 
7 9 5 8 3 7 2 6 10 
8 9 5 8 3 7 1 6 10 
6 8 4 7 2 6 0 5 10 
5 6 2 5 1 4 0 3 10 
8 9 6 8 3 7 2 6 10 
4 6 2 5 1 4 0 3 10 
7 9 4 8 2 7 0 6 10 
5 8 3 7 1 6 0 5 10 
6 8 4 7 2 6 0 5 10 
10 13 8 12 6 11 3 10 10 
10 13 7 12 4 11 1 10 10 
10 15 8 14 6 13 4 12 10 
10 15 8 14 6 13 3 12 10 
6 6 2 5 1 4 0 3 10 
5 6 2 5 1 4 0 3 10 
7 8 4 7 2 6 0 5 10 
8 9 5 8 3 7 1 6 10 
5 7 3 6 1 5 0 4 10 
5 6 3 5 2 4 1 3 10 
9 13 7 12 5 11 3 10 10 
8 8 4 7 2 6 0 5 10 
7 9 4 8 2 7 0 6 10 
7 8 4 7 2 6 0 5 10 
10 10 6 9 3 8 1 7 10 
SCORES_TXT_END_0
SCORES_TXT_BEGIN_0 459 100 9 BLEU
5 5 4 4 3 3 2 2 5 
4 9 3 8 2 7 1 6 5 
4 9 3 8 2 7 1 6 5 
5 9 3 8 2 7 1 6 5 
5 9 3 8 2 7 1 6 5 
4 5 3 4 2 3 1 2 5 
4 4 2 3 1 2 0 1 5 
5 7 3 6 2 5 1 4 5 
4 7 3 6 2 5 1 4 5 
5 6 4 5 3 4 2 3 5 
4 5 2 4 1 3 0 2 5 
4 8 3 7 2 6 1 5 5 
4 8 3 7 2 6 1 5 5 
5 7 4 6 3 5 2 4 5 
5 8 3 7 2 6 1 5 5 
5 8 3 7 2 6 1 5 5 
5 8 3 7 2 6 1 5 5 
5 6 3 5 2 4 1 3 5 
5 7 4 6 3 5 2 4 5 
4 5 2 4 0 3 0 2 5 
4 8 3 7 2 6 1 5 5 
4 5 2 4 1 3 0 2 5 
4 6 2 5 1 4 0 3 5 
4 5 2 4 1 3 0 2 5 
3 8 1 7 0 6 0 5 5 
3 8 1 7 0 6 0 5 5 
5 6 3 5 2 4 1 3 5 
4 8 1 7 0 6 0 5 5 
4 8 1 7 0 6 0 5 5 
3 4 1 3 0 2 0 1 5 
4 6 2 5 1 4 0 3 5 
4 10 3 9 2 8 1 7 5 
4 10 3 9 2 8 1 7 5 
5 5 1 4 0 3 0 2 5 
5 6 3 5 1 4 0 3 5 
4 8 3 7 2 6 1 5 5 
4 6 3 5 2 4 1 3 5 
4 6 3 5 2 4 1 3 5 
4 5 1 4 0 3 0 2 5 
4 11 3 10 2 9 1 8 5 
5 7 4 6 3 5 2 4 5 
4 6 1 5 0 4 0 3 5 
4 11 3 10 2 9 1 8 5 
4 6 2 5 1 4 0 3 5 
4 8 3 7 2 6 1 5 5 
4 6 2 5 1 4 0 3 5 
4 4 0 3 0 2 0 1 5 
5 6 4 5 3 4 2 3 5 
3 4 0 3 0 2 0 1 5 
4 5 2 4 1 3 0 2 5 
5 7 3 6 2 5 1 4 5 
3 6 1 5 0 4 0 3 5 
3 4 1 3 0 2 0 1 5 
4 9 3 8 2 7 1 6 5 
3 9 1 8 0 7 0 6 5 
5 8 4 7 3 6 2 5 5 
3 9 1 8 0 7 0 6 5 
5 6 3 5 1 4 0 3 5 
4 5 2 4 1 3 0 2 5 
4 4 1 3 0 2 0 1 5 
3 5 1 4 0 3 0 2 5 
3 5 1 4 0 3 0 2 5 
5 6 4 5 3 4 2 3 5 
3 6 0 5 0 4 0 3 5 
4 6 2 5 1 4 0 3 5 
3 6 0 5 0 4 0 3 5 
3 7 1 6 0 5 0 4 5 
4 6 2 5 1 4 0 3 5 
4 6 3 5 2 4 1 3 5 
3 5 1 4 0 3 0 2 5 
5 6 3 5 2 4 1 3 5 
4 5 1 4 0 3 0 2 5 
5 6 3 5 1 4 0 3 5 
5 7 3 6 1 5 0 4 5 
5 7 3 6 1 5 0 4 5 
4 6 0 5 0 4 0 3 5 
4 11 3 10 2 9 1 8 5 
5 8 3 7 2 6 1 5 5 
4 11 3 10 2 9 1 8 5 
4 13 3 12 2 11 1 10 5 
4 13 3 12 2 11 1 10 5 
4 7 1 6 0 5 0 4 5 
2 4 0 3 0 2 0 1 5 
4 5 2 4 1 3 0 2 5 
4 13 3 12 2 11 1 10 5 
4 13 3 12 2 11 1 10 5 
2 6 0 5 0 4 0 3 5 
4 4 1 3 0 2 0 1 5 
5 11 3 10 2 9 1 8 5 
5 7 3 6 2 5 1 4 5 
4 5 1 4 0 3 0 2 5 
4 12 3 11 2 10 1 9 5 
3 9 1 8 0 7 0 6 5 
4 12 3 11 2 10 1 9 5 
5 11 3 10 2 9 1 8 5 
4 12 3 11 2 10 1 9 5 
2 4 0 3 0 2 0 1 5 
2 6 0 5 0 4 0 3 5 
4 12 3 11 2 10 1 9 5 
4 10 3 9 2 8 1 7 5 
SCORES_TXT_END_0
SCORES_TXT_BEGIN_0 460 100 9 BLEU
6 6 5 5 4 4 3 3 6 
5 6 4 5 3 4 2 3 6 
5 5 3 4 2 3 1 2 6 
5 10 4 9 3 8 2 7 6 
5 10 4 9 3 8 2 7 6 
6 8 4 7 3 6 2 5 6 
5 8 4 7 3 6 2 5 6 
4 5 2 4 1 3 0 2 6 
4 9 2 8 1 7 0 6 6 
4 9 2 8 1 7 0 6 6 
5 7 2 6 1 5 0 4 6 
4 7 2 6 1 5 0 4 6 
6 7 4 6 3 5 2 4 6 
5 9 4 8 3 7 2 6 6 
5 9 4 8 3 7 2 6 6 
5 7 4 6 3 5 2 4 6 
5 7 4 6 3 5 2 4 6 
5 6 3 5 1 4 0 3 6 
6 7 4 6 3 5 2 4 6 
6 7 4 6 3 5 2 4 6 
5 7 4 6 3 5 2 4 6 
6 9 4 8 3 7 2 6 6 
6 6 2 5 1 4 0 3 6 
5 6 2 5 1 4 0 3 6 
4 8 2 7 1 6 0 5 6 
6 6 2 5 1 4 0 3 6 
5 11 4 10 3 9 2 8 6 
5 11 4 10 3 9 2 8 6 
4 8 2 7 1 6 0 5 6 
5 11 4 10 3 9 2 8 6 
5 11 4 10 3 9 2 8 6 
5 9 4 8 3 7 2 6 6 
6 9 4 8 3 7 2 6 6 
4 6 2 5 1 4 0 3 6 
5 9 4 8 3 7 2 6 6 
4 6 2 5 1 4 0 3 6 
5 10 4 9 3 8 2 7 6 
4 6 2 5 1 4 0 3 6 
5 10 4 9 3 8 2 7 6 
4 8 2 7 1 6 0 5 6 
4 5 1 4 0 3 0 2 6 
5 6 2 5 1 4 0 3 6 
6 7 2 6 1 5 0 4 6 
5 8 2 7 1 6 0 5 6 
5 6 2 5 1 4 0 3 6 
5 5 2 4 1 3 0 2 6 
4 10 2 9 1 8 0 7 6 
5 6 2 5 1 4 0 3 6 
6 6 3 5 2 4 1 3 6 
4 10 2 9 1 8 0 7 6 
5 5 1 4 0 3 0 2 6 
5 5 0 4 0 3 0 2 6 
4 5 0 4 0 3 0 2 6 
6 6 3 5 2 4 1 3 6 
5 6 2 5 1 4 0 3 6 
5 5 2 4 1 3 0 2 6 
4 6 2 5 1 4 0 3 6 
5 8 2 7 1 6 0 5 6 
6 6 3 5 2 4 1 3 6 
6 6 2 5 1 4 0 3 6 
5 6 3 5 2 4 1 3 6 
5 5 1 4 0 3 0 2 6 
5 8 2 7 1 6 0 5 6 
6 8 4 7 3 6 2 5 6 
5 8 2 7 1 6 0 5 6 
5 10 2 9 1 8 0 7 6 
4 8 2 7 1 6 0 5 6 
5 10 2 9 1 8 0 7 6 
5 7 2 6 1 5 0 4 6 
4 10 2 9 1 8 0 7 6 
3 5 0 4 0 3 0 2 6 
4 5 1 4 0 3 0 2 6 
4 10 2 9 1 8 0 7 6 
4 5 0 4 0 3 0 2 6 
3 5 0 4 0 3 0 2 6 
5 10 2 9 1 8 0 7 6 
5 10 2 9 1 8 0 7 6 
4 10 2 9 1 8 0 7 6 
4 5 0 4 0 3 0 2 6 
6 6 3 5 1 4 0 3 6 
5 10 4 9 3 8 2 7 6 
4 10 2 9 1 8 0 7 6 
4 8 2 7 1 6 0 5 6 
6 7 2 6 1 5 0 4 6 
6 8 2 7 1 6 0 5 6 
5 5 0 4 0 3 0 2 6 
5 9 2 8 1 7 0 6 6 
5 9 2 8 1 7 0 6 6 
5 5 1 4 0 3 0 2 6 
5 10 4 9 3 8 2 7 6 
6 8 2 7 1 6 0 5 6 
5 7 2 6 1 5 0 4 6 
5 9 2 8 1 7 0 6 6 
5 5 1 4 0 3 0 2 6 
3 7 0 6 0 5 0 4 6 
6 6 3 5 1 4 0 3 6 
4 5 0 4 0 3 0 2 6 
5 8 4 7 3 6 2 5 6 
5 6 3 5 2 4 1 3 6 
5 5 1 4 0 3 0 2 6 
SCORES_TXT_END_0
SCORES_TXT_BEGIN_0 461 100 9 BLEU
9 9 8 8 7 7 6 6 9 
9 10 7 9 6 8 5 7 9 
9 11 7 10 6 9 5 8 9 
9 10 7 9 6 8 5 7 9 
9 13 7 12 6 11 5 10 9 
9 13 7 12 6 11 5 10 9 
9 12 7 11 6 10 5 9 9 
8 9 6 8 5 7 4 6 9 
7 9 6 8 5 7 4 6 9 
8 9 7 8 6 7 5 6 9 
8 9 6 8 5 7 4 6 9 
8 8 6 7 5 6 4 5 9 
9 10 7 9 6 8 5 7 9 
8 10 7 9 6 8 5 7 9 
9 14 7 13 6 12 5 11 9 
9 14 7 13 6 12 5 11 9 
8 10 6 9 5 8 4 7 9 
7 10 6 9 5 8 4 7 9 
8 10 5 9 4 8 3 7 9 
7 10 5 9 4 8 3 7 9 
8 10 5 9 4 8 3 7 9 
9 12 7 11 6 10 5 9 9 
8 11 5 10 4 9 3 8 9 
7 11 5 10 4 9 3 8 9 
8 9 5 8 4 7 3 6 9 
9 11 6 10 5 9 4 8 9 
8 11 6 10 5 9 4 8 9 
9 11 7 10 6 9 5 8 9 
8 11 5 10 4 9 3 8 9 
9 12 7 11 6 10 5 9 9 
8 11 5 10 4 9 3 8 9 
7 11 5 10 4 9 3 8 9 
8 10 5 9 4 8 3 7 9 
9 12 6 11 5 10 4 9 9 
8 12 6 11 5 10 4 9 9 
9 10 7 9 6 8 5 7 9 
8 12 5 11 4 10 3 9 9 
7 12 5 11 4 10 3 9 9 
8 10 5 9 4 8 3 7 9 
9 10 7 9 6 8 5 7 9 
7 10 5 9 4 8 3 7 9 
9 11 7 10 6 9 5 8 9 
9 10 7 9 6 8 5 7 9 
8 10 5 9 4 8 3 7 9 
8 9 6 8 4 7 2 6 9 
9 10 7 9 6 8 5 7 9 
8 13 5 12 4 11 3 10 9 
8 13 5 12 4 11 3 10 9 
7 13 5 12 4 11 3 10 9 
7 13 5 12 4 11 3 10 9 
8 9 5 8 4 7 3 6 9 
9 11 6 10 5 9 4 8 9 
8 11 6 10 5 9 4 8 9 
9 13 7 12 6 11 5 10 9 
9 13 7 12 6 11 5 10 9 
8 13 5 12 4 11 3 10 9 
8 10 7 9 6 8 5 7 9 
8 13 5 12 4 11 3 10 9 
8 11 5 10 4 9 3 8 9 
7 11 5 10 4 9 3 8 9 
8 10 7 9 6 8 5 7 9 
8 10 7 9 6 8 5 7 9 
8 12 5 11 4 10 3 9 9 
8 12 5 11 4 10 3 9 9 
9 12 7 11 6 10 5 9 9 
9 14 6 13 5 12 4 11 9 
9 14 6 13 5 12 4 11 9 
9 10 8 9 6 8 4 7 9 
9 10 7 9 5 8 3 7 9 
8 14 6 13 5 12 4 11 9 
9 11 7 10 6 9 5 8 9 
8 12 5 11 4 10 3 9 9 
8 14 6 13 5 12 4 11 9 
9 12 7 11 6 10 5 9 9 
7 12 5 11 4 10 3 9 9 
8 14 5 13 4 12 3 11 9 
8 14 5 13 4 12 3 11 9 
7 14 5 13 4 12 3 11 9 
7 14 5 13 4 12 3 11 9 
8 12 5 11 4 10 3 9 9 
9 11 7 10 6 9 5 8 9 
9 12 7 11 6 10 5 9 9 
9 9 5 8 3 7 1 6 9 
9 10 5 9 3 8 2 7 9 
8 11 5 10 4 9 3 8 9 
9 11 7 10 6 9 5 8 9 
9 10 7 9 5 8 3 7 9 
8 10 5 9 3 8 1 7 9 
9 13 6 12 5 11 4 10 9 
9 12 4 11 2 10 1 9 9 
8 13 6 12 5 11 4 10 9 
9 11 7 10 6 9 5 8 9 
9 11 7 10 6 9 5 8 9 
9 12 7 11 5 10 3 9 9 
8 13 5 12 4 11 3 10 9 
8 9 4 8 2 7 1 6 9 
9 10 7 9 5 8 4 7 9 
9 10 5 9 2 8 1 7 9 
7 13 5 12 4 11 3 10 9 
9 11 7 10 5 9 3 8 9 
SCORES_TXT_END_0
SCORES_TXT_BEGIN_0 462 20 9 BLEU
10 10 9 9 8 8 7 7 10 
10 12 8 11 7 10 6 9 10 
9 12 8 11 7 10 6 9 10 
9 9 7 8 6 7 5 6 10 
9 14 8 13 7 12 6 11 10 
9 14 8 13 7 12 6 11 10 
9 11 6 10 5 9 4 8 10 
10 11 8 10 6 9 4 8 10 
10 14 8 13 7 12 6 11 10 
9 13 8 12 7 11 6 10 10 
10 14 8 13 7 12 6 11 10 
9 13 8 12 7 11 6 10 10 
10 12 6 11 5 10 4 9 10 
10 10 6 9 5 8 4 7 10 
9 12 6 11 5 10 4 9 10 
8 11 6 10 5 9 4 8 10 
10 11 8 10 6 9 5 8 10 
10 13 8 12 7 11 6 10 10 
10 13 8 12 7 11 6 10 10 
10 13 8 12 7 11 6 10 10 
SCORES_TXT_END_0
SCORES_TXT_BEGIN_0 463 34 9 BLEU
13 13 10 12 9 11 8 10 14 
13 14 10 13 9 12 8 11 14 
13 14 10 13 9 12 8 11 14 
14 15 13 14 12 13 11 12 14 
13 14 10 13 9 12 8 11 14 
13 15 10 14 9 13 8 12 14 
14 14 10 13 9 12 8 11 14 
14 16 12 15 10 14 8 13 14 
13 15 10 14 9 13 8 12 14 
14 15 10 14 9 13 8 12 14 
14 17 12 16 10 15 8 14 14 
14 17 12 16 10 15 8 14 14 
14 16 13 15 12 14 11 13 14 
13 13 9 12 7 11 5 10 14 
14 14 11 13 9 12 8 11 14 
14 15 10 14 9 13 8 12 14 
13 14 9 13 7 12 5 11 14 
14 14 10 13 7 12 5 11 14 
14 16 13 15 12 14 11 13 14 
14 15 11 14 9 13 8 12 14 
13 13 9 12 7 11 6 10 14 
13 13 10 12 9 11 8 10 14 
14 15 10 14 7 13 5 12 14 
13 13 9 12 7 11 5 10 14 
14 17 12 16 10 15 8 14 14 
14 18 12 17 10 16 8 15 14 
14 18 12 17 10 16 8 15 14 
13 14 9 13 7 12 5 11 14 
14 15 11 14 9 13 8 12 14 
14 15 10 14 9 13 8 12 14 
14 18 12 17 10 16 8 15 14 
14 18 12 17 10 16 8 15 14 
13 14 9 13 7 12 6 11 14 
13 14 9 13 7 12 5 11 14 
SCORES_TXT_END_0
SCORES_TXT_BEGIN_0 464 100 9 BLEU
6 6 5 5 4 4 3 3 6 
5 6 4 5 3 4 2 3 6 
5 6 4 5 3 4 2 3 6 
5 6 4 5 3 4 2 3 6 
5 6 4 5 3 4 2 3 6 
5 10 4 9 3 8 2 7 6 
5 10 4 9 3 8 2 7 6 
6 8 4 7 3 6 2 5 6 
5 8 4 7 3 6 2 5 6 
5 9 4 8 3 7 2 6 6 
5 9 4 8 3 7 2 6 6 
5 6 4 5 3 4 2 3 6 
6 7 4 6 2 5 1 4 6 
4 6 3 5 2 4 1 3 6 
6 7 4 6 3 5 2 4 6 
4 6 3 5 2 4 1 3 6 
5 7 4 6 3 5 2 4 6 
5 6 3 5 2 4 1 3 6 
4 6 3 5 2 4 1 3 6 
5 7 4 6 3 5 2 4 6 
4 10 3 9 2 8 1 7 6 
4 10 3 9 2 8 1 7 6 
5 6 4 5 3 4 2 3 6 
4 10 3 9 2 8 1 7 6 
4 10 3 9 2 8 1 7 6 
5 8 3 7 2 6 1 5 6 
6 6 3 5 1 4 0 3 6 
5 8 3 7 2 6 1 5 6 
6 6 3 5 2 4 1 3 6 
6 6 3 5 2 4 1 3 6 
4 8 3 7 2 6 1 5 6 
4 10 3 9 2 8 1 7 6 
4 9 3 8 2 7 1 6 6 
4 10 3 9 2 8 1 7 6 
5 7 3 6 2 5 1 4 6 
4 8 3 7 2 6 1 5 6 
4 9 3 8 2 7 1 6 6 
5 6 3 5 2 4 1 3 6 
4 9 3 8 2 7 1 6 6 
4 9 3 8 2 7 1 6 6 
5 8 3 7 2 6 1 5 6 
5 6 3 5 1 4 0 3 6 
5 8 3 7 1 6 0 5 6 
5 6 2 5 1 4 0 3 6 
5 6 3 5 2 4 1 3 6 
4 8 3 7 2 6 1 5 6 
5 7 3 6 2 5 1 4 6 
4 9 3 8 2 7 1 6 6 
6 7 4 6 2 5 1 4 6 
4 9 3 8 2 7 1 6 6 
5 6 3 5 2 4 1 3 6 
6 6 3 5 2 4 1 3 6 
5 6 2 5 1 4 0 3 6 
4 6 3 5 2 4 1 3 6 
5 7 3 6 1 5 0 4 6 
5 6 3 5 2 4 1 3 6 
5 8 3 7 2 6 1 5 6 
5 6 3 5 2 4 1 3 6 
5 7 3 6 2 5 1 4 6 
4 6 3 5 2 4 1 3 6 
6 6 2 5 1 4 0 3 6 
5 6 2 5 1 4 0 3 6 
4 6 3 5 2 4 1 3 6 
5 6 3 5 2 4 1 3 6 
5 7 3 6 2 5 1 4 6 
5 6 3 5 2 4 1 3 6 
4 8 3 7 2 6 1 5 6 
5 6 2 5 1 4 0 3 6 
5 7 3 6 2 5 1 4 6 
5 6 3 5 2 4 1 3 6 
5 6 3 5 2 4 1 3 6 
4 6 2 5 1 4 0 3 6 
6 6 3 5 1 4 0 3 6 
4 8 3 7 2 6 1 5 6 
6 6 2 5 1 4 0 3 6 
5 7 4 6 3 5 2 4 6 
4 6 2 5 1 4 0 3 6 
5 6 2 5 1 4 0 3 6 
4 6 2 5 1 4 0 3 6 
6 8 3 7 1 6 0 5 6 
4 8 2 7 1 6 0 5 6 
6 6 3 5 1 4 0 3 6 
4 8 2 7 1 6 0 5 6 
6 6 3 5 2 4 1 3 6 
5 7 4 6 3 5 2 4 6 
4 7 3 6 2 5 1 4 6 
5 6 2 5 1 4 0 3 6 
5 6 3 5 2 4 1 3 6 
6 6 4 5 3 4 2 3 6 
5 6 2 5 1 4 0 3 6 
4 7 3 6 2 5 1 4 6 
6 6 2 5 1 4 0 3 6 
4 10 3 9 2 8 1 7 6 
5 11 3 10 1 9 0 8 6 
4 10 3 9 2 8 1 7 6 
6 6 4 5 3 4 2 3 6 
4 8 2 7 1 6 0 5 6 
5 11 3 10 1 9 0 8 6 
5 6 3 5 2 4 1 3 6 
5 6 3 5 1 4 0 3 6 
SCORES_TXT_END_0
SCORES_TXT_BEGIN_0 465 100 9 BLEU
8 8 7 7 6 6 5 5 8 
7 8 5 7 4 6 3 5 8 
6 7 4 6 3 5 2 4 8 
8 9 7 8 5 7 3 6 8 
7 8 6 7 5 6 4 5 8 
6 8 5 7 4 6 3 5 8 
7 10 6 9 5 8 4 7 8 
6 10 5 9 4 8 3 7 8 
7 9 5 8 4 7 3 6 8 
8 9 5 8 2 7 1 6 8 
8 9 6 8 4 7 2 6 8 
8 9 6 8 5 7 4 6 8 
5 7 4 6 3 5 2 4 8 
8 8 4 7 2 6 1 5 8 
7 12 6 11 5 10 4 9 8 
7 12 6 11 5 10 4 9 8 
7 7 5 6 3 5 2 4 8 
7 7 5 6 3 5 1 4 8 
5 9 4 8 3 7 2 6 8 
6 8 4 7 3 6 2 5 8 
7 8 5 7 4 6 3 5 8 
6 11 5 10 4 9 3 8 8 
6 9 5 8 4 7 3 6 8 
8 9 4 8 2 7 1 6 8 
7 8 3 7 2 6 1 5 8 
6 7 4 6 3 5 2 4 8 
7 9 6 8 5 7 4 6 8 
5 10 4 9 3 8 2 7 8 
6 13 5 12 4 11 3 10 8 
5 8 4 7 3 6 2 5 8 
8 10 6 9 5 8 4 7 8 
7 11 6 10 5 9 4 8 8 
7 10 5 9 4 8 3 7 8 
7 11 6 10 5 9 4 8 8 
7 9 5 8 2 7 1 6 8 
7 9 4 8 2 7 1 6 8 
8 9 6 8 5 7 4 6 8 
7 8 4 7 2 6 1 5 8 
6 13 5 12 4 11 3 10 8 
6 7 4 6 3 5 2 4 8 
6 8 5 7 4 6 3 5 8 
7 11 6 10 5 9 4 8 8 
7 8 4 7 2 6 1 5 8 
6 10 5 9 4 8 3 7 8 
6 7 3 6 2 5 1 4 8 
5 12 4 11 3 10 2 9 8 
6 9 4 8 3 7 2 6 8 
7 9 6 8 4 7 3 6 8 
6 9 4 8 3 7 2 6 8 
6 8 3 7 2 6 1 5 8 
5 12 4 11 3 10 2 9 8 
8 8 4 7 2 6 1 5 8 
5 7 4 6 3 5 2 4 8 
7 9 6 8 5 7 4 6 8 
7 11 6 10 4 9 3 8 8 
8 9 4 8 2 7 1 6 8 
8 9 6 8 5 7 4 6 8 
6 12 5 11 4 10 3 9 8 
6 12 5 11 4 10 3 9 8 
6 12 5 11 4 10 3 9 8 
5 9 4 8 3 7 2 6 8 
8 8 4 7 2 6 1 5 8 
7 9 4 8 2 7 1 6 8 
6 10 3 9 2 8 1 7 8 
8 10 6 9 3 8 1 7 8 
6 11 5 10 4 9 3 8 8 
7 8 5 7 2 6 0 5 8 
7 11 5 10 4 9 3 8 8 
7 9 5 8 3 7 1 6 8 
7 9 3 8 2 7 1 6 8 
7 9 4 8 2 7 1 6 8 
6 9 4 8 2 7 1 6 8 
6 11 5 10 4 9 3 8 8 
7 7 3 6 2 5 1 4 8 
7 8 3 7 2 6 1 5 8 
6 8 4 7 3 6 2 5 8 
7 13 6 12 4 11 3 10 8 
7 13 6 12 4 11 3 10 8 
6 12 5 11 4 10 3 9 8 
7 8 4 7 3 6 2 5 8 
7 10 5 9 4 8 3 7 8 
6 7 4 6 2 5 0 4 8 
7 13 5 12 2 11 1 10 8 
7 13 5 12 2 11 1 10 8 
7 11 5 10 3 9 1 8 8 
6 11 4 10 2 9 1 8 8 
8 9 4 8 2 7 1 6 8 
5 11 4 10 3 9 2 8 8 
7 12 4 11 2 10 1 9 8 
5 11 4 10 3 9 2 8 8 
5 11 4 10 3 9 2 8 8 
6 7 3 6 1 5 0 4 8 
7 12 4 11 2 10 1 9 8 
7 10 4 9 2 8 1 7 8 
8 9 6 8 5 7 4 6 8 
7 8 4 7 2 6 0 5 8 
8 9 4 8 2 7 1 6 8 
7 9 6 8 5 7 4 6 8 
6 11 4 10 3 9 2 8 8 
6 8 4 7 3 6 2 5 8 
SCORES_TXT_END_0
SCORES_TXT_BEGIN_0 466 100 9 BLEU
9 9 6 8 5 7 4 6 10 
10 11 9 10 8 9 7 8 10 
9 10 6 9 5 8 4 7 10 
8 9 4 8 3 7 2 6 10 
10 10 6 9 5 8 4 7 10 
8 10 4 9 3 8 2 7 10 
10 12 9 11 8 10 7 9 10 
9 11 7 10 5 9 3 8 10 
9 10 6 9 5 8 4 7 10 
10 10 7 9 5 8 4 7 10 
9 9 5 8 3 7 1 6 10 
8 10 4 9 3 8 2 7 10 
10 12 9 11 8 10 7 9 10 
10 10 6 9 3 8 1 7 10 
9 9 6 8 5 7 4 6 10 
9 10 4 9 3 8 2 7 10 
9 9 5 8 3 7 1 6 10 
9 13 6 12 4 11 2 10 10 
9 13 6 12 4 11 2 10 10 
9 9 5 8 3 7 2 6 10 
10 11 6 10 5 9 4 8 10 
8 11 4 10 3 9 2 8 10 
9 10 6 9 5 8 4 7 10 
9 12 7 11 5 10 3 9 10 
10 10 6 9 3 8 2 7 10 
9 11 6 10 5 9 4 8 10 
10 12 9 11 8 10 7 9 10 
10 11 8 10 6 9 4 8 10 
9 11 4 10 3 9 2 8 10 
10 13 8 12 6 11 4 10 10 
10 13 8 12 6 11 4 10 10 
10 11 6 10 3 9 1 8 10 
9 9 5 8 3 7 2 6 10 
10 11 6 10 3 9 1 8 10 
9 10 5 9 3 8 2 7 10 
10 12 7 11 5 10 4 9 10 
10 10 5 9 3 8 1 7 10 
10 12 7 11 5 10 4 9 10 
9 12 7 11 5 10 3 9 10 
10 11 6 10 5 9 4 8 10 
10 11 9 10 8 9 7 8 10 
10 12 8 11 6 10 4 9 10 
9 10 6 9 5 8 4 7 10 
8 9 3 8 1 7 0 6 10 
10 11 7 10 5 9 4 8 10 
10 12 6 11 3 10 1 9 10 
10 11 7 10 5 9 4 8 10 
10 13 9 12 8 11 7 10 10 
10 12 6 11 3 10 1 9 10 
8 10 6 9 5 8 4 7 10 
10 11 7 10 5 9 4 8 10 
9 10 6 9 5 8 4 7 10 
10 11 8 10 6 9 4 8 10 
9 14 6 13 4 12 2 11 10 
9 14 6 13 4 12 2 11 10 
9 10 6 9 5 8 4 7 10 
10 11 8 10 6 9 5 8 10 
8 9 4 8 3 7 2 6 10 
9 10 4 9 1 8 0 7 10 
9 11 5 10 3 9 2 8 10 
10 10 6 9 4 8 3 7 10 
10 11 6 10 3 9 1 8 10 
10 10 5 9 3 8 2 7 10 
9 11 4 10 3 9 2 8 10 
9 11 6 10 5 9 4 8 10 
8 10 4 9 3 8 2 7 10 
9 12 7 11 5 10 3 9 10 
8 9 3 8 1 7 0 6 10 
10 12 8 11 6 10 5 9 10 
10 12 6 11 5 10 4 9 10 
9 14 6 13 4 12 2 11 10 
9 14 6 13 4 12 2 11 10 
8 10 3 9 1 8 0 7 10 
8 9 3 8 1 7 0 6 10 
7 9 4 8 3 7 2 6 10 
10 12 8 11 6 10 4 9 10 
10 12 6 11 5 10 4 9 10 
9 10 5 9 3 8 1 7 10 
9 10 6 9 5 8 4 7 10 
8 10 6 9 5 8 4 7 10 
10 14 8 13 6 12 4 11 10 
10 14 8 13 6 12 4 11 10 
9 10 6 9 5 8 4 7 10 
10 11 7 10 5 9 4 8 10 
10 12 6 11 3 10 2 9 10 
9 11 6 10 3 9 1 8 10 
9 10 5 9 3 8 1 7 10 
10 11 6 10 5 9 4 8 10 
10 13 8 12 6 11 4 10 10 
10 12 6 11 3 10 2 9 10 
8 9 4 8 3 7 2 6 10 
10 11 8 10 6 9 5 8 10 
8 10 4 9 3 8 2 7 10 
8 10 5 9 3 8 1 7 10 
10 11 6 10 5 9 4 8 10 
10 14 9 13 8 12 7 11 10 
9 10 4 9 1 8 0 7 10 
10 13 8 12 6 11 4 10 10 
9 10 6 9 5 8 4 7 10 
10 12 8 11 6 10 4 9 10 
SCORES_TXT_END_0
SCORES_TXT_BEGIN_0 467 42 9 BLEU
8 10 6 9 4 8 2 7 8 
8 10 6 9 4 8 2 7 8 
8 8 7 7 6 6 5 5 8 
7 10 5 9 3 8 2 7 8 
7 10 5 9 3 8 2 7 8 
7 8 6 7 5 6 4 5 8 
5 6 4 5 3 4 2 3 8 
7 8 5 7 3 6 1 5 8 
7 10 4 9 2 8 0 7 8 
7 10 4 9 2 8 0 7 8 
6 8 4 7 2 6 0 5 8 
7 10 4 9 2 8 0 7 8 
6 10 3 9 1 8 0 7 8 
7 10 4 9 2 8 0 7 8 
6 10 3 9 1 8 0 7 8 
7 8 5 7 3 6 1 5 8 
6 10 3 9 1 8 0 7 8 
6 10 3 9 1 8 0 7 8 
6 8 4 7 2 6 0 5 8 
8 9 6 8 4 7 2 6 8 
7 9 5 8 3 7 2 6 8 
4 6 2 5 1 4 0 3 8 
5 7 4 6 3 5 2 4 8 
8 10 7 9 6 8 4 7 8 
5 8 4 7 3 6 2 5 8 
8 9 7 8 5 7 3 6 8 
4 6 2 5 1 4 0 3 8 
5 8 4 7 3 6 2 5 8 
8 12 6 11 4 10 2 9 8 
8 12 6 11 4 10 2 9 8 
8 9 5 8 3 7 2 6 8 
7 10 6 9 5 8 4 7 8 
6 7 4 6 3 5 2 4 8 
8 11 6 10 4 9 2 8 8 
7 9 6 8 4 7 3 6 8 
8 11 6 10 4 9 2 8 8 
8 12 7 11 6 10 4 9 8 
8 9 6 8 5 7 4 6 8 
8 11 5 10 3 9 2 8 8 
8 12 7 11 6 10 4 9 8 
8 11 5 10 3 9 2 8 8 
8 12 6 11 4 10 2 9 8 
SCORES_TXT_END_0
SCORES_TXT_BEGIN_0 468 98 9 BLEU
10 10 9 9 8 8 7 7 10 
9 9 7 8 6 7 5 6 10 
10 11 8 10 6 9 4 8 10 
9 10 6 9 4 8 2 7 10 
10 11 9 10 7 9 5 8 10 
9 10 8 9 7 8 6 7 10 
10 10 6 9 3 8 1 7 10 
9 10 7 9 5 8 3 7 10 
8 9 6 8 5 7 4 6 10 
10 10 6 9 5 8 4 7 10 
9 14 8 13 7 12 6 11 10 
9 14 8 13 7 12 6 11 10 
10 12 8 11 6 10 4 9 10 
10 11 8 10 6 9 5 8 10 
9 9 4 8 1 7 0 6 10 
9 11 7 10 5 9 3 8 10 
10 11 8 10 6 9 5 8 10 
10 12 8 11 7 10 6 9 10 
10 11 8 10 6 9 4 8 10 
10 11 8 10 6 9 4 8 10 
9 9 4 8 3 7 2 6 10 
10 10 6 9 4 8 3 7 10 
10 11 8 10 6 9 5 8 10 
10 11 8 10 6 9 4 8 10 
8 13 6 12 5 11 4 10 10 
10 10 6 9 4 8 2 7 10 
9 12 8 11 7 10 6 9 10 
8 13 6 12 5 11 4 10 10 
9 11 6 10 4 9 2 8 10 
9 13 8 12 7 11 6 10 10 
9 10 6 9 4 8 3 7 10 
8 10 5 9 3 8 1 7 10 
9 13 8 12 7 11 6 10 10 
10 11 8 10 6 9 5 8 10 
9 10 6 9 4 8 3 7 10 
9 11 6 10 5 9 4 8 10 
10 11 8 10 6 9 5 8 10 
9 10 6 9 5 8 4 7 10 
9 10 6 9 4 8 2 7 10 
10 10 6 9 3 8 1 7 10 
9 10 6 9 4 8 2 7 10 
10 11 5 10 4 9 3 8 10 
9 15 7 14 5 13 3 12 10 
9 11 8 10 6 9 4 8 10 
9 10 6 9 4 8 3 7 10 
9 15 7 14 5 13 3 12 10 
9 12 6 11 5 10 4 9 10 
10 11 8 10 7 9 6 8 10 
10 10 6 9 4 8 3 7 10 
9 9 4 8 2 7 1 6 10 
9 10 6 9 4 8 2 7 10 
8 11 6 10 5 9 4 8 10 
10 12 7 11 4 10 3 9 10 
9 9 4 8 2 7 1 6 10 
10 11 7 10 5 9 4 8 10 
10 12 9 11 7 10 5 9 10 
10 11 8 10 7 9 6 8 10 
8 12 6 11 5 10 4 9 10 
10 12 7 11 4 10 3 9 10 
8 12 6 11 5 10 4 9 10 
10 11 6 10 4 9 3 8 10 
10 13 7 12 5 11 3 10 10 
9 10 6 9 4 8 3 7 10 
10 11 6 10 5 9 4 8 10 
9 9 4 8 1 7 0 6 10 
8 9 4 8 3 7 2 6 10 
9 10 6 9 4 8 3 7 10 
9 10 6 9 4 8 3 7 10 
10 12 7 11 5 10 3 9 10 
9 10 6 9 4 8 2 7 10 
9 10 3 9 2 8 1 7 10 
8 14 5 13 3 12 1 11 10 
10 11 9 10 7 9 6 8 10 
10 11 8 10 7 9 6 8 10 
8 14 5 13 3 12 1 11 10 
10 11 8 10 6 9 4 8 10 
9 10 5 9 3 8 1 7 10 
10 12 7 11 5 10 3 9 10 
8 10 6 9 4 8 2 7 10 
9 13 7 12 5 11 3 10 10 
9 11 5 10 2 9 1 8 10 
8 11 4 10 3 9 2 8 10 
10 11 8 10 6 9 4 8 10 
9 12 6 11 4 10 3 9 10 
9 10 6 9 5 8 4 7 10 
9 14 7 13 5 12 3 11 10 
9 12 6 11 4 10 2 9 10 
9 11 7 10 5 9 3 8 10 
10 11 8 10 6 9 4 8 10 
9 9 4 8 2 7 1 6 10 
10 11 8 10 7 9 6 8 10 
9 10 5 9 3 8 2 7 10 
9 14 7 13 5 12 3 11 10 
9 11 5 10 2 9 1 8 10 
9 10 6 9 5 8 4 7 10 
10 12 7 11 4 10 3 9 10 
9 10 4 9 2 8 1 7 10 
9 12 5 11 3 10 1 9 10 
SCORES_TXT_END_0
SCORES_TXT_BEGIN_0 469 100 9 BLEU
7 7 6 6 5 5 4 4 7 
6 7 5 6 4 5 3 4 7 
7 8 4 7 3 6 2 5 7 
7 8 5 7 3 6 2 5 7 
7 9 5 8 4 7 3 6 7 
7 8 6 7 4 6 3 5 7 
7 8 5 7 3 6 1 5 7 
7 11 5 10 4 9 3 8 7 
7 11 5 10 4 9 3 8 7 
6 9 4 8 3 7 2 6 7 
6 8 5 7 3 6 2 5 7 
7 8 4 7 3 6 2 5 7 
7 8 5 7 3 6 2 5 7 
6 8 4 7 2 6 0 5 7 
7 8 5 7 4 6 3 5 7 
7 8 5 7 3 6 2 5 7 
7 7 3 6 1 5 0 4 7 
7 10 5 9 4 8 3 7 7 
6 7 2 6 1 5 0 4 7 
6 11 4 10 3 9 2 8 7 
6 11 4 10 3 9 2 8 7 
6 7 4 6 2 5 1 4 7 
5 7 3 6 2 5 1 4 7 
7 7 3 6 1 5 0 4 7 
7 10 5 9 4 8 3 7 7 
6 8 4 7 2 6 1 5 7 
7 8 4 7 3 6 2 5 7 
6 7 2 6 1 5 0 4 7 
7 8 3 7 2 6 1 5 7 
7 9 4 8 3 7 2 6 7 
6 8 4 7 2 6 1 5 7 
7 7 4 6 2 5 0 4 7 
6 7 2 6 0 5 0 4 7 
7 7 3 6 1 5 0 4 7 
6 8 4 7 3 6 2 5 7 
6 7 5 6 4 5 3 4 7 
6 10 4 9 3 8 2 7 7 
6 8 4 7 3 6 2 5 7 
7 7 3 6 2 5 1 4 7 
7 7 3 6 1 5 0 4 7 
6 7 4 6 3 5 2 4 7 
7 8 3 7 1 6 0 5 7 
7 8 4 7 3 6 2 5 7 
6 9 2 8 1 7 0 6 7 
7 8 5 7 3 6 2 5 7 
6 7 3 6 1 5 0 4 7 
7 9 4 8 3 7 2 6 7 
7 8 4 7 1 6 0 5 7 
6 10 4 9 3 8 2 7 7 
7 9 3 8 1 7 0 6 7 
7 7 3 6 1 5 0 4 7 
7 8 5 7 3 6 1 5 7 
7 8 3 7 2 6 1 5 7 
7 9 3 8 1 7 0 6 7 
7 9 5 8 3 7 2 6 7 
7 9 3 8 1 7 0 6 7 
7 7 4 6 3 5 2 4 7 
7 8 3 7 2 6 1 5 7 
7 9 4 8 3 7 2 6 7 
7 8 5 7 4 6 3 5 7 
7 7 4 6 2 5 0 4 7 
7 9 3 8 2 7 1 6 7 
7 8 3 7 1 6 0 5 7 
7 8 3 7 1 6 0 5 7 
5 7 3 6 2 5 1 4 7 
6 7 2 6 1 5 0 4 7 
5 7 4 6 3 5 2 4 7 
7 8 3 7 2 6 1 5 7 
6 7 2 6 0 5 0 4 7 
7 8 6 7 5 6 4 5 7 
7 8 3 7 1 6 0 5 7 
7 8 5 7 3 6 1 5 7 
7 11 3 10 1 9 0 8 7 
7 9 4 8 3 7 2 6 7 
6 7 3 6 2 5 1 4 7 
7 11 3 10 1 9 0 8 7 
7 8 3 7 2 6 1 5 7 
6 7 2 6 0 5 0 4 7 
7 9 4 8 3 7 2 6 7 
6 8 3 7 0 6 0 5 7 
6 8 2 7 1 6 0 5 7 
6 8 4 7 2 6 1 5 7 
6 7 3 6 1 5 0 4 7 
7 10 3 9 1 8 0 7 7 
7 10 3 9 1 8 0 7 7 
7 8 3 7 1 6 0 5 7 
6 9 2 8 0 7 0 6 7 
5 7 2 6 1 5 0 4 7 
7 8 3 7 2 6 1 5 7 
6 9 2 8 0 7 0 6 7 
7 8 3 7 1 6 0 5 7 
6 8 5 7 4 6 3 5 7 
6 8 4 7 3 6 2 5 7 
6 7 3 6 1 5 0 4 7 
7 8 3 7 1 6 0 5 7 
6 7 3 6 1 5 0 4 7 
6 9 3 8 2 7 1 6 7 
6 9 2 8 1 7 0 6 7 
7 10 3 9 2 8 1 7 7 
7 7 4 6 3 5 2 4 7 
SCORES_TXT_END_0
SCORES_TXT_BEGIN_0 470 100 9 BLEU
9 9 8 8 7 7 6 6 9 
7 7 5 6 4 5 3 4 9 
8 9 7 8 6 7 5 6 9 
8 11 6 10 4 9 3 8 9 
8 11 6 10 4 9 3 8 9 
9 11 7 10 5 9 3 8 9 
9 11 7 10 5 9 3 8 9 
8 10 6 9 4 8 3 7 9 
8 10 6 9 4 8 3 7 9 
8 10 7 9 6 8 5 7 9 
8 9 7 8 6 7 5 6 9 
9 10 7 9 5 8 3 7 9 
9 10 7 9 5 8 3 7 9 
6 8 4 7 3 6 2 5 9 
6 7 4 6 3 5 2 4 9 
8 13 7 12 6 11 5 10 9 
8 13 7 12 6 11 5 10 9 
9 10 7 9 5 8 3 7 9 
7 10 6 9 5 8 4 7 9 
7 9 6 8 5 7 4 6 9 
9 11 8 10 7 9 5 8 9 
8 10 6 9 4 8 3 7 9 
8 8 6 7 5 6 4 5 9 
8 11 7 10 6 9 5 8 9 
8 12 7 11 6 10 5 9 9 
8 12 7 11 6 10 5 9 9 
8 10 6 9 4 8 3 7 9 
8 9 7 8 6 7 5 6 9 
8 10 6 9 4 8 2 7 9 
7 10 5 9 3 8 2 7 9 
6 7 4 6 3 5 2 4 9 
9 9 5 8 4 7 3 6 9 
9 10 7 9 5 8 4 7 9 
7 9 6 8 5 7 4 6 9 
8 8 5 7 4 6 3 5 9 
8 9 6 8 4 7 3 6 9 
8 9 7 8 6 7 5 6 9 
8 8 4 7 2 6 0 5 9 
6 7 4 6 3 5 2 4 9 
8 9 6 8 4 7 2 6 9 
7 9 5 8 3 7 2 6 9 
7 9 5 8 3 7 2 6 9 
9 10 7 9 5 8 3 7 9 
9 10 8 9 6 8 5 7 9 
7 9 6 8 5 7 4 6 9 
8 9 6 8 5 7 4 6 9 
8 9 7 8 6 7 5 6 9 
6 7 3 6 1 5 0 4 9 
8 8 4 7 3 6 2 5 9 
6 7 4 6 3 5 2 4 9 
8 10 6 9 5 8 4 7 9 
8 9 5 8 4 7 3 6 9 
8 12 6 11 4 10 3 9 9 
6 7 4 6 3 5 2 4 9 
8 9 5 8 4 7 3 6 9 
8 12 6 11 4 10 3 9 9 
8 10 7 9 6 8 5 7 9 
7 9 6 8 5 7 4 6 9 
7 12 5 11 3 10 2 9 9 
8 11 6 10 4 9 3 8 9 
8 8 5 7 4 6 3 5 9 
7 8 4 7 3 6 2 5 9 
7 12 5 11 3 10 2 9 9 
8 11 6 10 4 9 3 8 9 
7 8 4 7 3 6 2 5 9 
7 11 5 10 3 9 2 8 9 
8 10 6 9 4 8 2 7 9 
7 11 5 10 3 9 2 8 9 
8 9 6 8 4 7 3 6 9 
7 9 4 8 3 7 2 6 9 
8 11 6 10 4 9 3 8 9 
8 11 6 10 4 9 3 8 9 
7 8 5 7 4 6 3 5 9 
8 9 6 8 5 7 4 6 9 
9 9 6 8 4 7 2 6 9 
8 12 6 11 4 10 2 9 9 
7 7 4 6 3 5 2 4 9 
8 9 5 8 3 7 2 6 9 
8 12 6 11 4 10 2 9 9 
8 11 6 10 4 9 2 8 9 
9 9 5 8 2 7 0 6 9 
8 15 6 14 4 13 3 12 9 
8 11 6 10 4 9 2 8 9 
8 15 6 14 4 13 3 12 9 
8 9 6 8 4 7 3 6 9 
8 15 6 14 4 13 3 12 9 
8 15 6 14 4 13 3 12 9 
7 8 5 7 4 6 3 5 9 
8 10 7 9 6 8 5 7 9 
8 9 6 8 4 7 2 6 9 
7 8 5 7 4 6 3 5 9 
6 7 4 6 3 5 2 4 9 
9 13 7 12 5 11 3 10 9 
7 9 5 8 3 7 2 6 9 
9 12 7 11 5 10 3 9 9 
9 13 7 12 5 11 3 10 9 
7 9 5 8 4 7 3 6 9 
6 9 4 8 3 7 2 6 9 
9 12 7 11 5 10 3 9 9 
8 9 6 8 4 7 2 6 9 
SCORES_TXT_END_0
SCORES_TXT_BEGIN_0 471 76 9 BLEU
9 9 8 8 7 7 6 6 9 
8 9 6 8 4 7 2 6 9 
8 9 6 8 4 7 3 6 9 
7 9 4 8 1 7 0 6 9 
8 9 6 8 4 7 2 6 9 
9 10 7 9 5 8 3 7 9 
9 11 7 10 6 9 5 8 9 
8 9 6 8 4 7 3 6 9 
9 10 7 9 6 8 5 7 9 
8 11 5 10 3 9 2 8 9 
8 10 5 9 3 8 2 7 9 
7 9 4 8 1 7 0 6 9 
9 13 7 12 6 11 5 10 9 
8 9 6 8 4 7 3 6 9 
9 13 7 12 6 11 5 10 9 
8 13 5 12 3 11 2 10 9 
8 13 5 12 3 11 2 10 9 
7 9 4 8 1 7 0 6 9 
8 10 6 9 4 8 2 7 9 
9 10 7 9 6 8 5 7 9 
7 9 4 8 1 7 0 6 9 
8 10 5 9 2 8 1 7 9 
9 12 7 11 6 10 5 9 9 
8 10 5 9 3 8 2 7 9 
8 12 5 11 3 10 2 9 9 
8 11 5 10 3 9 2 8 9 
9 12 7 11 6 10 5 9 9 
7 11 3 10 0 9 0 8 9 
8 10 5 9 3 8 2 7 9 
8 12 5 11 3 10 2 9 9 
7 10 3 9 0 8 0 7 9 
8 9 7 8 6 7 5 6 9 
8 13 5 12 3 11 2 10 9 
8 9 6 8 5 7 4 6 9 
8 13 5 12 3 11 2 10 9 
7 9 5 8 3 7 2 6 9 
7 13 3 12 0 11 0 10 9 
7 13 3 12 0 11 0 10 9 
8 9 6 8 5 7 4 6 9 
7 10 4 9 1 8 0 7 9 
8 10 6 9 4 8 2 7 9 
8 11 5 10 3 9 2 8 9 
7 9 4 8 2 7 0 6 9 
9 10 7 9 6 8 5 7 9 
9 12 6 11 4 10 2 9 9 
8 10 5 9 3 8 2 7 9 
7 9 5 8 4 7 3 6 9 
7 9 5 8 4 7 3 6 9 
8 10 5 9 3 8 2 7 9 
8 10 5 9 3 8 2 7 9 
7 9 4 8 2 7 0 6 9 
9 11 6 10 4 9 2 8 9 
8 12 5 11 3 10 2 9 9 
7 10 3 9 0 8 0 7 9 
7 9 4 8 1 7 0 6 9 
8 10 5 9 2 8 1 7 9 
6 9 3 8 1 7 0 6 9 
7 9 5 8 4 7 3 6 9 
7 9 5 8 4 7 3 6 9 
7 12 3 11 0 10 0 9 9 
8 11 5 10 3 9 2 8 9 
6 9 3 8 1 7 0 6 9 
8 12 5 11 3 10 2 9 9 
7 9 5 8 4 7 3 6 9 
8 10 5 9 3 8 2 7 9 
8 13 5 12 3 11 2 10 9 
8 13 5 12 3 11 2 10 9 
6 9 3 8 1 7 0 6 9 
9 14 6 13 4 12 2 11 9 
9 14 6 13 4 12 2 11 9 
7 9 4 8 1 7 0 6 9 
7 12 3 11 0 10 0 9 9 
8 10 5 9 2 8 1 7 9 
7 11 3 10 0 9 0 8 9 
6 9 3 8 1 7 0 6 9 
7 9 5 8 4 7 3 6 9 
SCORES_TXT_END_0
SCORES_TXT_BEGIN_0 472 51 9 BLEU
10 10 9 9 8 8 7 7 10 
9 10 8 9 7 8 6 7 10 
9 12 8 11 7 10 6 9 10 
9 14 8 13 7 12 6 11 10 
9 14 8 13 7 12 6 11 10 
10 12 8 11 7 10 6 9 10 
10 14 8 13 7 12 6 11 10 
9 10 7 9 6 8 5 7 10 
10 11 8 10 7 9 6 8 10 
9 13 8 12 7 11 6 10 10 
9 11 7 10 6 9 5 8 10 
9 13 8 12 7 11 6 10 10 
10 11 9 10 8 9 7 8 10 
9 9 7 8 5 7 3 6 10 
10 11 8 10 7 9 6 8 10 
10 11 9 10 8 9 7 8 10 
10 14 8 13 7 12 6 11 10 
10 12 8 11 7 10 6 9 10 
9 11 8 10 7 9 6 8 10 
8 12 7 11 6 10 5 9 10 
10 12 9 11 8 10 7 9 10 
10 11 9 10 8 9 7 8 10 
8 10 7 9 6 8 5 7 10 
10 12 8 11 7 10 6 9 10 
9 11 8 10 7 9 6 8 10 
9 10 7 9 6 8 5 7 10 
9 13 8 12 7 11 6 10 10 
8 9 4 8 3 7 2 6 10 
8 13 7 12 6 11 5 10 10 
8 11 7 10 6 9 5 8 10 
8 9 6 8 4 7 2 6 10 
10 11 8 10 6 9 4 8 10 
10 11 8 10 7 9 6 8 10 
8 11 6 10 4 9 2 8 10 
9 11 8 10 7 9 6 8 10 
9 9 5 8 3 7 2 6 10 
9 9 7 8 5 7 3 6 10 
9 13 6 12 5 11 4 10 10 
9 11 8 10 7 9 6 8 10 
10 10 7 9 6 8 5 7 10 
9 10 7 9 5 8 4 7 10 
9 10 7 9 6 8 5 7 10 
9 13 8 12 7 11 6 10 10 
9 14 8 13 7 12 6 11 10 
9 12 8 11 7 10 6 9 10 
10 13 8 12 7 11 6 10 10 
9 11 8 10 7 9 6 8 10 
10 11 8 10 7 9 6 8 10 
10 11 8 10 7 9 6 8 10 
9 11 6 10 5 9 4 8 10 
9 10 6 9 5 8 4 7 10 
SCORES_TXT_END_0
SCORES_TXT_BEGIN_0 473 36 9 BLEU
10 10 9 9 8 8 7 7 10 
7 8 5 7 3 6 2 5 10 
9 10 7 9 5 8 3 7 10 
8 8 6 7 4 6 2 5 10 
9 10 8 9 7 8 6 7 10 
5 6 4 5 3 4 2 3 10 
8 10 6 9 4 8 3 7 10 
7 8 4 7 2 6 0 5 10 
9 10 7 9 5 8 3 7 10 
9 10 7 9 5 8 3 7 10 
8 10 5 9 2 8 0 7 10 
10 11 8 10 6 9 5 8 10 
6 8 3 7 1 6 0 5 10 
8 10 5 9 2 8 0 7 10 
8 10 6 9 4 8 2 7 10 
7 9 4 8 1 7 0 6 10 
9 11 6 10 3 9 1 8 10 
8 9 5 8 2 7 0 6 10 
8 9 6 8 4 7 3 6 10 
7 8 4 7 2 6 0 5 10 
6 7 5 6 4 5 3 4 10 
8 10 6 9 4 8 2 7 10 
7 10 4 9 1 8 0 7 10 
9 11 7 10 5 9 4 8 10 
7 10 4 9 1 8 0 7 10 
5 7 3 6 1 5 0 4 10 
8 11 5 10 2 9 1 8 10 
10 11 9 10 7 9 6 8 10 
9 9 7 8 5 7 3 6 10 
6 8 3 7 1 6 0 5 10 
7 9 5 8 2 7 1 6 10 
9 11 7 10 4 9 2 8 10 
8 9 6 8 3 7 1 6 10 
4 6 2 5 1 4 0 3 10 
9 11 8 10 6 9 5 8 10 
7 8 6 7 5 6 4 5 10 
SCORES_TXT_END_0
SCORES_TXT_BEGIN_0 474 4 9 BLEU
5 5 4 4 3 3 2 2 5 
4 4 3 3 2 2 1 1 5 
4 4 2 3 1 2 0 1 5 
5 5 3 4 2 3 1 2 5 
SCORES_TXT_END_0
SCORES_TXT_BEGIN_0 475 100 9 BLEU
7 7 6 6 5 5 4 4 7 
6 7 4 6 3 5 2 4 7 
6 7 5 6 4 5 3 4 7 
6 8 4 7 3 6 2 5 7 
7 9 5 8 4 7 3 6 7 
6 9 5 8 4 7 3 6 7 
5 12 4 11 3 10 2 9 7 
6 11 5 10 4 9 3 8 7 
6 11 5 10 4 9 3 8 7 
5 7 4 6 3 5 2 4 7 
6 6 4 5 2 4 0 3 7 
5 7 3 6 2 5 1 4 7 
6 12 4 11 3 10 2 9 7 
6 12 4 11 3 10 2 9 7 
6 10 5 9 4 8 3 7 7 
7 8 6 7 4 6 2 5 7 
6 10 5 9 4 8 3 7 7 
5 12 4 11 3 10 2 9 7 
5 8 3 7 2 6 1 5 7 
5 8 4 7 3 6 2 5 7 
5 6 2 5 1 4 0 3 7 
5 6 3 5 1 4 0 3 7 
7 8 5 7 4 6 3 5 7 
4 12 3 11 2 10 1 9 7 
6 9 4 8 3 7 2 6 7 
6 7 4 6 2 5 1 4 7 
5 7 2 6 1 5 0 4 7 
6 8 3 7 1 6 0 5 7 
5 7 3 6 2 5 1 4 7 
6 8 4 7 3 6 2 5 7 
4 7 3 6 2 5 1 4 7 
6 10 4 9 3 8 2 7 7 
5 11 4 10 3 9 2 8 7 
5 11 4 10 3 9 2 8 7 
5 9 4 8 3 7 2 6 7 
6 8 5 7 4 6 3 5 7 
6 9 4 8 3 7 2 6 7 
6 8 5 7 3 6 2 5 7 
7 8 5 7 4 6 3 5 7 
5 8 3 7 1 6 0 5 7 
7 8 5 7 4 6 3 5 7 
5 10 4 9 3 8 2 7 7 
6 10 5 9 4 8 3 7 7 
4 7 3 6 2 5 1 4 7 
6 9 4 8 3 7 2 6 7 
6 8 4 7 3 6 2 5 7 
5 12 3 11 2 10 1 9 7 
6 7 3 6 2 5 1 4 7 
5 12 3 11 2 10 1 9 7 
4 11 2 10 1 9 0 8 7 
6 7 3 6 2 5 1 4 7 
7 10 5 9 3 8 2 7 7 
6 7 4 6 2 5 0 4 7 
5 10 3 9 1 8 0 7 7 
5 10 3 9 1 8 0 7 7 
4 9 3 8 2 7 1 6 7 
4 6 2 5 1 4 0 3 7 
4 12 3 11 2 10 1 9 7 
7 8 5 7 3 6 1 5 7 
6 8 5 7 4 6 3 5 7 
5 10 4 9 3 8 2 7 7 
5 10 4 9 3 8 2 7 7 
6 10 5 9 3 8 2 7 7 
6 9 4 8 3 7 2 6 7 
4 8 3 7 2 6 1 5 7 
5 7 3 6 2 5 1 4 7 
5 7 3 6 2 5 1 4 7 
6 8 4 7 3 6 2 5 7 
5 13 4 12 3 11 2 10 7 
7 7 3 6 2 5 1 4 7 
6 10 4 9 3 8 2 7 7 
6 12 5 11 3 10 2 9 7 
6 12 5 11 3 10 2 9 7 
5 6 2 5 1 4 0 3 7 
6 7 4 6 2 5 0 4 7 
5 9 3 8 2 7 1 6 7 
5 11 2 10 1 9 0 8 7 
6 8 5 7 4 6 3 5 7 
5 8 4 7 3 6 2 5 7 
5 11 2 10 1 9 0 8 7 
6 10 4 9 3 8 2 7 7 
5 9 3 8 1 7 0 6 7 
6 7 4 6 2 5 0 4 7 
5 9 3 8 2 7 1 6 7 
5 9 3 8 1 7 0 6 7 
5 9 4 8 3 7 2 6 7 
6 10 5 9 4 8 3 7 7 
7 7 3 6 1 5 0 4 7 
5 7 2 6 1 5 0 4 7 
4 11 2 10 1 9 0 8 7 
5 8 4 7 3 6 2 5 7 
5 7 3 6 2 5 1 4 7 
5 8 3 7 2 6 1 5 7 
5 13 4 12 3 11 2 10 7 
6 7 3 6 1 5 0 4 7 
6 8 4 7 3 6 2 5 7 
5 10 3 9 2 8 1 7 7 
7 10 5 9 4 8 3 7 7 
7 8 5 7 3 6 2 5 7 
4 11 3 10 2 9 1 8 7 
SCORES_TXT_END_0
SCORES_TXT_BEGIN_0 476 100 9 BLEU
10 10 9 9 8 8 7 7 10 
9 10 8 9 7 8 6 7 10 
10 12 8 11 7 10 6 9 10 
9 12 7 11 6 10 5 9 10 
10 11 8 10 7 9 6 8 10 
9 10 7 9 5 8 4 7 10 
8 10 6 9 5 8 4 7 10 
9 11 7 10 6 9 5 8 10 
10 11 8 10 7 9 6 8 10 
8 9 6 8 5 7 4 6 10 
10 11 8 10 7 9 6 8 10 
10 14 8 13 7 12 6 11 10 
10 14 8 13 7 12 6 11 10 
9 9 7 8 6 7 5 6 10 
9 12 6 11 4 10 3 9 10 
8 12 5 11 4 10 3 9 10 
9 11 7 10 6 9 5 8 10 
10 13 8 12 7 11 6 10 10 
9 11 7 10 6 9 5 8 10 
10 13 8 12 7 11 6 10 10 
9 14 7 13 6 12 5 11 10 
9 14 7 13 6 12 5 11 10 
10 12 8 11 7 10 6 9 10 
8 11 5 10 4 9 3 8 10 
10 13 8 12 7 11 6 10 10 
10 15 8 14 7 13 6 12 10 
10 15 8 14 7 13 6 12 10 
10 10 6 9 5 8 4 7 10 
9 10 8 9 7 8 6 7 10 
10 13 8 12 7 11 6 10 10 
9 11 6 10 5 9 4 8 10 
9 13 7 12 6 11 5 10 10 
9 11 6 10 4 9 3 8 10 
8 11 5 10 4 9 3 8 10 
9 13 7 12 6 11 5 10 10 
9 12 7 11 6 10 5 9 10 
9 10 7 9 6 8 5 7 10 
10 12 8 11 7 10 6 9 10 
10 12 6 11 5 10 4 9 10 
10 14 8 13 7 12 6 11 10 
9 10 7 9 6 8 5 7 10 
8 10 5 9 4 8 3 7 10 
9 13 7 12 6 11 5 10 10 
8 10 6 9 5 8 4 7 10 
10 11 8 10 7 9 6 8 10 
8 10 7 9 6 8 5 7 10 
9 10 7 9 5 8 3 7 10 
9 15 7 14 6 13 5 12 10 
9 15 7 14 6 13 5 12 10 
9 10 7 9 5 8 3 7 10 
9 10 5 9 4 8 3 7 10 
8 10 7 9 6 8 5 7 10 
8 10 6 9 5 8 4 7 10 
10 14 8 13 7 12 6 11 10 
9 13 7 12 6 11 5 10 10 
8 10 7 9 6 8 5 7 10 
7 10 6 9 5 8 4 7 10 
10 11 6 10 5 9 4 8 10 
10 15 8 14 7 13 6 12 10 
10 15 8 14 7 13 6 12 10 
7 10 6 9 5 8 4 7 10 
9 10 6 9 5 8 4 7 10 
9 11 6 10 4 9 3 8 10 
9 11 8 10 7 9 6 8 10 
8 11 5 10 4 9 3 8 10 
10 11 6 10 5 9 4 8 10 
9 12 7 11 6 10 5 9 10 
9 12 5 11 4 10 3 9 10 
9 11 6 10 4 9 3 8 10 
9 12 6 11 5 10 4 9 10 
9 9 6 8 4 7 2 6 10 
8 11 5 10 4 9 3 8 10 
9 14 6 13 4 12 3 11 10 
9 14 6 13 4 12 3 11 10 
8 14 5 13 4 12 3 11 10 
8 14 5 13 4 12 3 11 10 
9 14 7 13 6 12 5 11 10 
8 10 5 9 4 8 3 7 10 
8 12 5 11 4 10 3 9 10 
10 14 6 13 5 12 4 11 10 
10 14 6 13 5 12 4 11 10 
9 11 7 10 6 9 5 8 10 
9 12 6 11 5 10 4 9 10 
9 11 8 10 7 9 6 8 10 
8 10 6 9 4 8 2 7 10 
8 10 6 9 4 8 2 7 10 
10 13 6 12 5 11 4 10 10 
10 13 6 12 5 11 4 10 10 
8 10 5 9 4 8 3 7 10 
9 11 8 10 7 9 6 8 10 
8 12 6 11 5 10 4 9 10 
10 12 8 11 7 10 6 9 10 
8 12 5 11 4 10 3 9 10 
8 13 5 12 4 11 3 10 10 
8 13 5 12 4 11 3 10 10 
9 14 7 13 6 12 5 11 10 
9 12 6 11 4 10 2 9 10 
9 9 6 8 4 7 3 6 10 
9 12 6 11 4 10 2 9 10 
10 12 8 11 7 10 6 9 10 
SCORES_TXT_END_0
SCORES_TXT_BEGIN_0 477 100 9 BLEU
7 7 6 6 5 5 4 4 7 
6 6 4 5 3 4 2 3 7 
6 7 4 6 3 5 2 4 7 
6 8 4 7 3 6 2 5 7 
6 10 4 9 3 8 2 7 7 
6 10 4 9 3 8 2 7 7 
5 5 3 4 2 3 1 2 7 
5 6 2 5 1 4 0 3 7 
7 9 5 8 4 7 3 6 7 
7 8 6 7 4 6 3 5 7 
6 7 4 6 3 5 2 4 7 
5 8 2 7 1 6 0 5 7 
5 6 2 5 1 4 0 3 7 
6 9 4 8 3 7 2 6 7 
6 6 4 5 2 4 0 3 7 
7 11 5 10 4 9 3 8 7 
7 11 5 10 4 9 3 8 7 
4 4 2 3 1 2 0 1 7 
6 7 4 6 3 5 2 4 7 
6 9 4 8 3 7 2 6 7 
5 6 4 5 3 4 2 3 7 
6 7 4 6 3 5 2 4 7 
4 4 1 3 0 2 0 1 7 
7 8 5 7 4 6 3 5 7 
6 9 4 8 3 7 2 6 7 
7 10 5 9 4 8 3 7 7 
5 10 2 9 1 8 0 7 7 
5 10 2 9 1 8 0 7 7 
7 10 5 9 4 8 3 7 7 
7 8 5 7 3 6 2 5 7 
4 6 1 5 0 4 0 3 7 
6 9 3 8 2 7 1 6 7 
6 7 5 6 4 5 3 4 7 
4 4 0 3 0 2 0 1 7 
6 6 2 5 1 4 0 3 7 
4 4 1 3 0 2 0 1 7 
6 8 4 7 3 6 2 5 7 
5 6 0 5 0 4 0 3 7 
6 8 4 7 2 6 1 5 7 
6 11 4 10 3 9 2 8 7 
6 11 4 10 3 9 2 8 7 
5 7 2 6 1 5 0 4 7 
6 10 4 9 3 8 2 7 7 
6 10 4 9 3 8 2 7 7 
5 7 4 6 3 5 2 4 7 
6 11 3 10 2 9 1 8 7 
6 11 3 10 2 9 1 8 7 
4 8 1 7 0 6 0 5 7 
4 8 1 7 0 6 0 5 7 
7 8 5 7 4 6 3 5 7 
5 9 2 8 1 7 0 6 7 
4 6 0 5 0 4 0 3 7 
5 7 4 6 3 5 2 4 7 
6 8 2 7 1 6 0 5 7 
5 7 2 6 1 5 0 4 7 
6 8 4 7 3 6 2 5 7 
5 8 0 7 0 6 0 5 7 
5 9 2 8 1 7 0 6 7 
4 5 2 4 1 3 0 2 7 
6 7 4 6 2 5 0 4 7 
4 6 2 5 1 4 0 3 7 
5 7 2 6 1 5 0 4 7 
4 4 0 3 0 2 0 1 7 
5 6 3 5 2 4 1 3 7 
5 7 2 6 1 5 0 4 7 
6 6 3 5 2 4 1 3 7 
5 7 1 6 0 5 0 4 7 
6 7 3 6 1 5 0 4 7 
5 5 1 4 0 3 0 2 7 
6 8 3 7 2 6 1 5 7 
5 7 2 6 1 5 0 4 7 
5 6 0 5 0 4 0 3 7 
5 9 2 8 1 7 0 6 7 
6 6 2 5 1 4 0 3 7 
6 10 3 9 2 8 1 7 7 
4 4 0 3 0 2 0 1 7 
4 4 1 3 0 2 0 1 7 
5 6 3 5 1 4 0 3 7 
5 6 1 5 0 4 0 3 7 
4 5 1 4 0 3 0 2 7 
6 6 3 5 2 4 1 3 7 
4 4 0 3 0 2 0 1 7 
4 6 0 5 0 4 0 3 7 
4 4 0 3 0 2 0 1 7 
6 10 3 9 2 8 1 7 7 
5 5 2 4 1 3 0 2 7 
5 5 1 4 0 3 0 2 7 
6 8 3 7 1 6 0 5 7 
4 7 1 6 0 5 0 4 7 
6 8 5 7 4 6 3 5 7 
4 7 1 6 0 5 0 4 7 
5 7 4 6 3 5 2 4 7 
5 9 2 8 1 7 0 6 7 
5 9 2 8 1 7 0 6 7 
5 5 1 4 0 3 0 2 7 
6 8 5 7 4 6 3 5 7 
4 8 0 7 0 6 0 5 7 
4 8 0 7 0 6 0 5 7 
6 10 2 9 1 8 0 7 7 
4 6 1 5 0 4 0 3 7 
SCORES_TXT_END_0
SCORES_TXT_BEGIN_0 478 2 9 BLEU
16 16 15 15 14 14 13 13 16 
15 15 13 14 12 13 11 12 16 
SCORES_TXT_END_0
SCORES_TXT_BEGIN_0 479 78 9 BLEU
11 11 10 10 9 9 8 8 11 
10 15 9 14 8 13 7 12 11 
10 15 9 14 8 13 7 12 11 
11 15 9 14 8 13 7 12 11 
11 15 9 14 8 13 7 12 11 
11 13 9 12 8 11 7 10 11 
11 12 9 11 7 10 5 9 11 
10 16 8 15 6 14 5 13 11 
10 13 9 12 8 11 7 10 11 
10 16 8 15 6 14 5 13 11 
10 11 9 10 8 9 7 8 11 
11 12 9 11 8 10 7 9 11 
11 11 7 10 5 9 4 8 11 
11 16 8 15 6 14 5 13 11 
11 14 8 13 6 12 5 11 11 
11 16 8 15 6 14 5 13 11 
11 13 9 12 7 11 5 10 11 
9 10 7 9 6 8 5 7 11 
10 17 8 16 6 15 5 14 11 
9 10 7 9 6 8 5 7 11 
10 13 7 12 5 11 4 10 11 
10 14 8 13 6 12 5 11 11 
10 12 8 11 6 10 5 9 11 
10 11 7 10 5 9 4 8 11 
10 17 8 16 6 15 5 14 11 
11 13 9 12 8 11 7 10 11 
11 13 9 12 8 11 7 10 11 
11 12 7 11 5 10 4 9 11 
9 11 7 10 6 9 5 8 11 
9 11 7 10 6 9 5 8 11 
10 12 9 11 8 10 7 9 11 
11 13 8 12 6 11 5 10 11 
11 12 9 11 8 10 7 9 11 
11 17 8 16 6 15 5 14 11 
11 15 8 14 6 13 5 12 11 
10 14 7 13 5 12 4 11 11 
10 15 7 14 5 13 4 12 11 
10 15 7 14 5 13 4 12 11 
11 12 7 11 5 10 4 9 11 
11 17 8 16 6 15 5 14 11 
11 14 9 13 8 12 7 11 11 
8 10 7 9 6 8 5 7 11 
10 12 7 11 5 10 4 9 11 
8 10 7 9 6 8 5 7 11 
11 14 9 13 8 12 7 11 11 
11 12 10 11 8 10 6 9 11 
11 13 7 12 5 11 4 10 11 
11 13 7 12 5 11 4 10 11 
10 15 8 14 6 13 5 12 11 
10 16 9 15 7 14 5 13 11 
10 11 8 10 6 9 4 8 11 
10 14 9 13 8 12 7 11 11 
10 13 9 12 8 11 7 10 11 
10 13 8 12 6 11 5 10 11 
10 16 9 15 8 14 7 13 11 
10 14 9 13 8 12 7 11 11 
10 13 9 12 8 11 7 10 11 
11 14 8 13 6 12 5 11 11 
10 16 9 15 8 14 7 13 11 
9 15 7 14 5 13 3 12 11 
9 10 6 9 5 8 4 7 11 
10 16 9 15 7 14 5 13 11 
10 15 7 14 5 13 4 12 11 
8 11 7 10 6 9 5 8 11 
10 16 7 15 5 14 4 13 11 
10 16 7 15 5 14 4 13 11 
8 11 7 10 6 9 5 8 11 
9 12 7 11 6 10 5 9 11 
10 12 7 11 5 10 4 9 11 
9 15 7 14 5 13 3 12 11 
11 14 9 13 8 12 7 11 11 
9 10 6 9 5 8 4 7 11 
9 12 7 11 6 10 5 9 11 
10 13 8 12 6 11 5 10 11 
10 12 9 11 8 10 7 9 11 
10 14 7 13 5 12 4 11 11 
9 12 7 11 6 10 5 9 11 
11 13 7 12 5 11 4 10 11 
SCORES_TXT_END_0
SCORES_TXT_BEGIN_0 480 100 9 BLEU
7 7 6 6 5 5 4 4 7 
7 8 5 7 4 6 3 5 7 
7 8 5 7 4 6 3 5 7 
7 9 5 8 4 7 3 6 7 
7 10 5 9 4 8 3 7 7 
7 11 5 10 4 9 3 8 7 
7 11 5 10 4 9 3 8 7 
7 12 5 11 4 10 3 9 7 
7 12 5 11 4 10 3 9 7 
6 7 5 6 4 5 3 4 7 
7 9 5 8 4 7 3 6 7 
7 8 5 7 4 6 3 5 7 
6 8 5 7 4 6 3 5 7 
7 9 4 8 3 7 2 6 7 
6 9 4 8 3 7 2 6 7 
7 10 5 9 4 8 3 7 7 
7 8 5 7 3 6 1 5 7 
6 8 5 7 4 6 3 5 7 
7 10 5 9 4 8 3 7 7 
7 9 4 8 3 7 2 6 7 
6 9 4 8 3 7 2 6 7 
7 8 5 7 4 6 3 5 7 
7 8 5 7 4 6 3 5 7 
7 9 5 8 4 7 3 6 7 
7 8 5 7 4 6 3 5 7 
7 10 4 9 3 8 2 7 7 
6 10 4 9 3 8 2 7 7 
7 11 5 10 4 9 3 8 7 
7 10 4 9 2 8 1 7 7 
7 9 4 8 2 7 1 6 7 
7 9 4 8 2 7 1 6 7 
7 8 5 7 3 6 1 5 7 
7 8 5 7 3 6 1 5 7 
7 11 5 10 4 9 3 8 7 
7 9 5 8 4 7 3 6 7 
6 7 4 6 2 5 0 4 7 
7 8 5 7 4 6 3 5 7 
6 8 5 7 4 6 3 5 7 
7 10 5 9 4 8 3 7 7 
7 9 4 8 2 7 0 6 7 
7 11 4 10 3 9 2 8 7 
6 8 5 7 4 6 3 5 7 
7 10 5 9 4 8 3 7 7 
6 11 4 10 3 9 2 8 7 
7 9 5 8 4 7 3 6 7 
7 8 5 7 4 6 3 5 7 
7 7 4 6 2 5 1 4 7 
6 8 3 7 1 6 0 5 7 
7 7 3 6 1 5 0 4 7 
7 9 4 8 2 7 0 6 7 
6 7 3 6 2 5 1 4 7 
7 11 4 10 2 9 1 8 7 
7 12 4 11 3 10 2 9 7 
7 12 4 11 3 10 2 9 7 
7 8 5 7 3 6 1 5 7 
6 12 4 11 3 10 2 9 7 
6 12 4 11 3 10 2 9 7 
7 9 4 8 2 7 0 6 7 
7 8 5 7 3 6 1 5 7 
7 9 5 8 4 7 3 6 7 
7 9 5 8 4 7 3 6 7 
7 7 3 6 2 5 1 4 7 
7 11 5 10 4 9 3 8 7 
7 9 4 8 2 7 0 6 7 
7 9 4 8 2 7 1 6 7 
7 9 5 8 4 7 3 6 7 
7 10 5 9 4 8 3 7 7 
7 9 3 8 2 7 1 6 7 
7 9 2 8 1 7 0 6 7 
6 8 3 7 1 6 0 5 7 
7 9 5 8 4 7 3 6 7 
7 10 4 9 2 8 0 7 7 
7 8 3 7 2 6 1 5 7 
7 8 5 7 3 6 2 5 7 
7 8 3 7 2 6 1 5 7 
7 8 2 7 1 6 0 5 7 
7 10 5 9 4 8 3 7 7 
7 8 6 7 5 6 4 5 7 
7 10 4 9 2 8 0 7 7 
7 9 4 8 2 7 0 6 7 
7 9 4 8 2 7 1 6 7 
6 9 5 8 4 7 3 6 7 
7 12 4 11 2 10 1 9 7 
7 9 5 8 4 7 3 6 7 
7 12 4 11 2 10 1 9 7 
7 8 5 7 3 6 1 5 7 
6 9 3 8 1 7 0 6 7 
7 9 5 8 4 7 3 6 7 
6 9 5 8 4 7 3 6 7 
7 9 5 8 4 7 3 6 7 
7 8 6 7 5 6 4 5 7 
7 10 5 9 4 8 3 7 7 
7 9 5 8 4 7 3 6 7 
7 8 5 7 4 6 3 5 7 
7 11 5 10 4 9 3 8 7 
7 12 5 11 4 10 3 9 7 
7 9 4 8 2 7 1 6 7 
7 12 5 11 4 10 3 9 7 
7 8 5 7 3 6 1 5 7 
7 8 3 7 1 6 0 5 7 
SCORES_TXT_END_0
SCORES_TXT_BEGIN_0 481 43 9 BLEU
10 10 9 9 8 8 7 7 10 
9 10 7 9 5 8 3 7 10 
9 11 7 10 5 9 3 8 10 
9 10 8 9 7 8 6 7 10 
9 10 7 9 6 8 5 7 10 
9 10 7 9 5 8 3 7 10 
9 11 7 10 5 9 3 8 10 
9 14 8 13 7 12 6 11 10 
9 14 8 13 7 12 6 11 10 
9 10 7 9 5 8 3 7 10 
9 9 7 8 5 7 4 6 10 
7 10 5 9 4 8 3 7 10 
9 10 7 9 6 8 5 7 10 
10 12 8 11 7 10 6 9 10 
8 10 7 9 6 8 5 7 10 
9 12 7 11 5 10 3 9 10 
9 10 7 9 5 8 3 7 10 
9 12 8 11 7 10 6 9 10 
9 13 8 12 7 11 6 10 10 
8 9 6 8 4 7 3 6 10 
9 13 8 12 7 11 6 10 10 
10 11 8 10 6 9 4 8 10 
10 10 6 9 3 8 1 7 10 
10 10 7 9 6 8 5 7 10 
9 10 7 9 6 8 5 7 10 
10 11 8 10 6 9 4 8 10 
9 10 7 9 5 8 4 7 10 
9 11 6 10 4 9 2 8 10 
9 10 7 9 5 8 3 7 10 
8 9 6 8 4 7 3 6 10 
10 10 6 9 4 8 2 7 10 
9 10 7 9 5 8 4 7 10 
9 10 7 9 5 8 4 7 10 
9 10 7 9 5 8 4 7 10 
9 10 6 9 3 8 1 7 10 
6 10 5 9 4 8 3 7 10 
9 10 6 9 4 8 2 7 10 
8 14 7 13 6 12 5 11 10 
9 13 7 12 5 11 3 10 10 
9 10 5 9 2 8 1 7 10 
10 11 8 10 6 9 4 8 10 
8 14 7 13 6 12 5 11 10 
9 12 6 11 3 10 1 9 10 
SCORES_TXT_END_0
SCORES_TXT_BEGIN_0 482 100 9 BLEU
9 9 7 8 5 7 3 6 10 
10 10 9 9 8 8 7 7 10 
9 11 6 10 4 9 3 8 10 
10 12 8 11 7 10 6 9 10 
9 10 6 9 4 8 3 7 10 
10 11 8 10 7 9 6 8 10 
9 13 6 12 4 11 3 10 10 
9 13 6 12 4 11 3 10 10 
10 14 8 13 7 12 6 11 10 
10 14 8 13 7 12 6 11 10 
10 10 6 9 4 8 3 7 10 
10 11 8 10 7 9 6 8 10 
9 12 6 11 4 10 3 9 10 
10 13 8 12 7 11 6 10 10 
9 12 6 11 4 10 3 9 10 
10 13 8 12 7 11 6 10 10 
8 9 6 8 4 7 3 6 10 
10 11 9 10 7 9 5 8 10 
9 10 8 9 7 8 6 7 10 
9 10 6 9 4 8 3 7 10 
10 13 8 12 6 11 4 10 10 
10 11 8 10 7 9 6 8 10 
9 10 6 9 3 8 1 7 10 
9 9 5 8 2 7 0 6 10 
7 9 4 8 3 7 2 6 10 
10 10 6 9 3 8 1 7 10 
10 11 8 10 6 9 4 8 10 
9 9 6 8 4 7 3 6 10 
9 12 5 11 2 10 1 9 10 
9 10 7 9 5 8 3 7 10 
8 9 6 8 4 7 3 6 10 
8 9 6 8 4 7 3 6 10 
7 11 4 10 3 9 2 8 10 
9 10 5 9 2 8 0 7 10 
8 9 5 8 2 7 0 6 10 
10 10 7 9 5 8 4 7 10 
8 9 6 8 4 7 3 6 10 
8 9 5 8 4 7 3 6 10 
7 9 4 8 2 7 0 6 10 
10 13 7 12 5 11 3 10 10 
8 10 6 9 4 8 3 7 10 
8 10 5 9 3 8 1 7 10 
9 11 8 10 7 9 6 8 10 
9 9 5 8 3 7 2 6 10 
10 10 7 9 5 8 3 7 10 
8 10 6 9 4 8 3 7 10 
10 10 6 9 3 8 0 7 10 
10 11 8 10 6 9 4 8 10 
9 11 5 10 2 9 0 8 10 
9 11 8 10 7 9 6 8 10 
8 9 4 8 2 7 0 6 10 
10 11 7 10 4 9 1 8 10 
9 12 6 11 4 10 3 9 10 
7 9 5 8 4 7 3 6 10 
9 9 5 8 2 7 1 6 10 
7 9 5 8 4 7 3 6 10 
9 10 5 9 3 8 1 7 10 
9 10 6 9 5 8 4 7 10 
9 10 6 9 4 8 3 7 10 
9 10 7 9 5 8 3 7 10 
8 11 5 10 4 9 3 8 10 
8 11 5 10 4 9 3 8 10 
9 10 7 9 5 8 3 7 10 
9 10 7 9 5 8 4 7 10 
9 10 5 9 2 8 1 7 10 
10 10 6 9 3 8 1 7 10 
9 10 7 9 5 8 4 7 10 
10 11 8 10 6 9 4 8 10 
8 9 5 8 4 7 3 6 10 
8 11 4 10 1 9 0 8 10 
9 11 6 10 4 9 3 8 10 
7 10 4 9 2 8 0 7 10 
7 9 5 8 4 7 3 6 10 
9 9 5 8 2 7 0 6 10 
8 10 6 9 5 8 4 7 10 
9 9 5 8 2 7 1 6 10 
8 10 5 9 4 8 3 7 10 
10 10 6 9 4 8 2 7 10 
10 12 6 11 3 10 1 9 10 
10 11 6 10 3 9 0 8 10 
9 11 5 10 3 9 2 8 10 
10 10 7 9 5 8 4 7 10 
10 13 7 12 5 11 3 10 10 
9 10 5 9 2 8 1 7 10 
8 10 4 9 2 8 0 7 10 
10 10 6 9 3 8 1 7 10 
10 11 7 10 5 9 3 8 10 
7 9 5 8 4 7 3 6 10 
8 9 5 8 4 7 3 6 10 
7 11 5 10 4 9 3 8 10 
7 11 4 10 2 9 0 8 10 
9 9 4 8 1 7 0 6 10 
9 11 5 10 2 9 1 8 10 
9 12 6 11 4 10 2 9 10 
8 11 5 10 4 9 3 8 10 
9 10 7 9 5 8 4 7 10 
10 10 6 9 3 8 2 7 10 
8 9 4 8 1 7 0 6 10 
7 10 5 9 4 8 3 7 10 
9 13 5 12 2 11 0 10 10 
SCORES_TXT_END_0
SCORES_TXT_BEGIN_0 483 54 9 BLEU
11 11 10 10 9 9 8 8 11 
10 11 9 10 8 9 7 8 11 
10 13 9 12 8 11 7 10 11 
10 15 9 14 8 13 7 12 11 
10 15 9 14 8 13 7 12 11 
11 13 9 12 8 11 7 10 11 
10 12 9 11 8 10 7 9 11 
10 14 9 13 8 12 7 11 11 
11 12 9 11 8 10 7 9 11 
11 14 9 13 8 12 7 11 11 
10 10 6 9 4 8 3 7 11 
10 10 8 9 6 8 4 7 11 
10 16 9 15 8 14 7 13 11 
10 16 9 15 8 14 7 13 11 
10 14 9 13 8 12 7 11 11 
10 14 9 13 8 12 7 11 11 
10 10 6 9 4 8 2 7 11 
10 11 8 10 6 9 4 8 11 
10 11 8 10 6 9 4 8 11 
10 11 6 10 4 9 3 8 11 
11 12 9 11 8 10 7 9 11 
9 10 7 9 5 8 4 7 11 
10 12 7 11 5 10 4 9 11 
9 10 6 9 4 8 3 7 11 
10 12 9 11 8 10 7 9 11 
10 11 8 10 6 9 4 8 11 
10 11 8 10 6 9 5 8 11 
10 10 6 9 3 8 2 7 11 
10 15 9 14 8 13 7 12 11 
9 10 5 9 3 8 2 7 11 
10 15 9 14 8 13 7 12 11 
11 12 10 11 8 10 6 9 11 
11 12 9 11 8 10 7 9 11 
10 12 5 11 3 10 2 9 11 
9 11 7 10 5 9 4 8 11 
10 12 9 11 8 10 7 9 11 
9 11 6 10 4 9 3 8 11 
10 14 6 13 4 12 3 11 11 
10 10 7 9 5 8 3 7 11 
10 13 7 12 5 11 4 10 11 
10 14 6 13 4 12 3 11 11 
10 10 5 9 4 8 3 7 11 
10 14 9 13 8 12 7 11 11 
11 11 7 10 5 9 3 8 11 
9 11 7 10 5 9 3 8 11 
10 13 9 12 8 11 7 10 11 
10 10 6 9 5 8 4 7 11 
9 11 7 10 5 9 3 8 11 
10 10 6 9 3 8 1 7 11 
11 12 7 11 5 10 4 9 11 
9 11 5 10 3 9 2 8 11 
11 11 7 10 5 9 3 8 11 
10 11 8 10 6 9 4 8 11 
10 14 7 13 5 12 4 11 11 
SCORES_TXT_END_0
SCORES_TXT_BEGIN_0 484 100 9 BLEU
6 6 5 5 4 4 3 3 6 
5 5 3 4 2 3 1 2 6 
5 6 4 5 3 4 2 3 6 
5 10 4 9 3 8 2 7 6 
5 10 4 9 3 8 2 7 6 
4 5 2 4 1 3 0 2 6 
6 8 4 7 3 6 2 5 6 
5 8 4 7 3 6 2 5 6 
4 9 2 8 1 7 0 6 6 
4 9 2 8 1 7 0 6 6 
6 7 4 6 3 5 2 4 6 
5 7 2 6 1 5 0 4 6 
6 7 5 6 3 5 2 4 6 
6 7 5 6 4 5 3 4 6 
4 7 2 6 1 5 0 4 6 
5 6 3 5 2 4 1 3 6 
5 9 4 8 3 7 2 6 6 
5 9 4 8 3 7 2 6 6 
5 7 4 6 3 5 2 4 6 
6 6 2 5 1 4 0 3 6 
5 7 4 6 2 5 1 4 6 
6 8 5 7 4 6 3 5 6 
5 7 4 6 3 5 2 4 6 
4 6 2 5 1 4 0 3 6 
5 7 3 6 2 5 1 4 6 
6 7 4 6 2 5 1 4 6 
6 8 5 7 4 6 3 5 6 
5 6 3 5 2 4 1 3 6 
4 8 2 7 1 6 0 5 6 
4 8 2 7 1 6 0 5 6 
6 7 4 6 3 5 2 4 6 
5 11 4 10 3 9 2 8 6 
5 11 4 10 3 9 2 8 6 
5 7 3 6 2 5 1 4 6 
5 6 3 5 1 4 0 3 6 
6 6 2 5 1 4 0 3 6 
6 9 4 8 3 7 2 6 6 
5 6 2 5 1 4 0 3 6 
5 11 4 10 2 9 1 8 6 
5 11 4 10 2 9 1 8 6 
5 6 3 5 2 4 1 3 6 
6 8 4 7 2 6 1 5 6 
5 7 4 6 3 5 2 4 6 
5 9 4 8 3 7 2 6 6 
5 11 4 10 3 9 2 8 6 
5 11 4 10 3 9 2 8 6 
5 9 4 8 3 7 2 6 6 
5 8 4 7 3 6 2 5 6 
5 10 4 9 3 8 2 7 6 
4 10 2 9 1 8 0 7 6 
6 8 4 7 2 6 1 5 6 
5 6 3 5 2 4 1 3 6 
6 8 5 7 4 6 3 5 6 
4 10 2 9 1 8 0 7 6 
6 7 4 6 2 5 1 4 6 
6 8 4 7 2 6 1 5 6 
5 6 3 5 2 4 1 3 6 
5 7 3 6 2 5 1 4 6 
5 10 4 9 3 8 2 7 6 
4 8 2 7 1 6 0 5 6 
6 9 4 8 2 7 1 6 6 
4 7 2 6 1 5 0 4 6 
5 7 2 6 0 5 0 4 6 
5 6 2 5 1 4 0 3 6 
6 7 4 6 3 5 2 4 6 
5 6 2 5 0 4 0 3 6 
6 7 5 6 4 5 3 4 6 
6 9 4 8 3 7 2 6 6 
5 7 3 6 2 5 1 4 6 
6 7 4 6 2 5 1 4 6 
5 6 2 5 0 4 0 3 6 
4 5 1 4 0 3 0 2 6 
6 7 4 6 2 5 1 4 6 
5 8 4 7 3 6 2 5 6 
6 10 4 9 2 8 1 7 6 
6 10 4 9 2 8 1 7 6 
4 6 2 5 1 4 0 3 6 
5 8 2 7 1 6 0 5 6 
5 6 2 5 1 4 0 3 6 
5 9 4 8 2 7 1 6 6 
5 8 2 7 1 6 0 5 6 
5 7 3 6 2 5 1 4 6 
5 7 3 6 2 5 1 4 6 
5 10 2 9 1 8 0 7 6 
6 7 5 6 4 5 3 4 6 
5 10 2 9 1 8 0 7 6 
5 5 0 4 0 3 0 2 6 
5 8 3 7 2 6 1 5 6 
5 6 2 5 1 4 0 3 6 
4 7 2 6 1 5 0 4 6 
6 6 2 5 0 4 0 3 6 
5 7 2 6 1 5 0 4 6 
5 7 3 6 1 5 0 4 6 
6 7 4 6 2 5 1 4 6 
6 8 4 7 2 6 1 5 6 
4 6 2 5 1 4 0 3 6 
6 8 2 7 1 6 0 5 6 
6 9 5 8 4 7 3 6 6 
6 7 4 6 3 5 2 4 6 
5 6 3 5 2 4 1 3 6 
SCORES_TXT_END_0
SCORES_TXT_BEGIN_0 485 100 9 BLEU
8 8 7 7 6 6 5 5 8 
7 8 6 7 5 6 4 5 8 
7 8 5 7 3 6 2 5 8 
6 8 4 7 2 6 1 5 8 
8 10 6 9 5 8 4 7 8 
8 9 6 8 5 7 4 6 8 
7 10 5 9 4 8 3 7 8 
7 10 4 9 3 8 2 7 8 
7 9 5 8 4 7 3 6 8 
8 9 6 8 5 7 4 6 8 
7 9 4 8 3 7 2 6 8 
8 9 6 8 4 7 2 6 8 
8 12 6 11 5 10 4 9 8 
8 12 6 11 5 10 4 9 8 
6 10 3 9 2 8 1 7 8 
7 9 5 8 4 7 3 6 8 
7 9 5 8 3 7 1 6 8 
6 9 3 8 2 7 1 6 8 
8 11 6 10 5 9 4 8 8 
8 10 6 9 5 8 4 7 8 
7 12 5 11 4 10 3 9 8 
7 12 5 11 4 10 3 9 8 
7 9 4 8 3 7 2 6 8 
7 12 4 11 3 10 2 9 8 
7 12 4 11 3 10 2 9 8 
8 9 5 8 4 7 3 6 8 
7 9 4 8 2 7 1 6 8 
8 13 6 12 5 11 4 10 8 
8 13 6 12 5 11 4 10 8 
8 9 6 8 4 7 3 6 8 
8 9 6 8 5 7 4 6 8 
7 11 5 10 4 9 3 8 8 
7 7 5 6 3 5 2 4 8 
8 11 6 10 5 9 4 8 8 
7 8 5 7 3 6 2 5 8 
6 7 4 6 3 5 2 4 8 
7 10 5 9 4 8 3 7 8 
6 9 3 8 2 7 1 6 8 
7 8 6 7 5 6 4 5 8 
6 12 3 11 2 10 1 9 8 
6 12 3 11 2 10 1 9 8 
8 11 5 10 3 9 1 8 8 
7 11 4 10 3 9 2 8 8 
6 9 3 8 1 7 0 6 8 
8 11 6 10 5 9 4 8 8 
7 10 4 9 3 8 2 7 8 
8 10 6 9 5 8 4 7 8 
7 13 5 12 4 11 3 10 8 
7 13 5 12 4 11 3 10 8 
8 12 6 11 5 10 4 9 8 
7 9 5 8 4 7 3 6 8 
7 9 3 8 1 7 0 6 8 
7 9 4 8 3 7 2 6 8 
7 11 5 10 4 9 3 8 8 
7 9 3 8 1 7 0 6 8 
6 8 4 7 2 6 1 5 8 
7 11 4 10 3 9 2 8 8 
8 10 5 9 3 8 1 7 8 
8 9 5 8 4 7 3 6 8 
7 11 4 10 2 9 0 8 8 
7 9 4 8 1 7 0 6 8 
7 13 4 12 3 11 2 10 8 
7 13 4 12 3 11 2 10 8 
6 8 5 7 4 6 3 5 8 
8 12 6 11 5 10 4 9 8 
8 9 4 8 1 7 0 6 8 
7 10 3 9 1 8 0 7 8 
6 7 3 6 0 5 0 4 8 
6 8 4 7 3 6 2 5 8 
6 11 3 10 2 9 1 8 8 
7 11 5 10 4 9 3 8 8 
5 7 2 6 0 5 0 4 8 
7 11 4 10 3 9 2 8 8 
7 9 4 8 3 7 2 6 8 
8 10 4 9 1 8 0 7 8 
6 10 3 9 2 8 1 7 8 
7 10 5 9 4 8 3 7 8 
8 9 4 8 2 7 1 6 8 
7 12 5 11 4 10 3 9 8 
7 10 4 9 3 8 2 7 8 
7 9 6 8 5 7 4 6 8 
8 9 6 8 5 7 4 6 8 
8 11 4 10 3 9 2 8 8 
7 10 4 9 2 8 0 7 8 
8 8 4 7 3 6 2 5 8 
6 9 3 8 2 7 1 6 8 
7 8 4 7 3 6 2 5 8 
7 9 5 8 3 7 2 6 8 
7 11 3 10 1 9 0 8 8 
6 11 3 10 2 9 1 8 8 
7 10 4 9 3 8 2 7 8 
8 11 5 10 3 9 2 8 8 
7 12 5 11 4 10 3 9 8 
6 13 3 12 2 11 1 10 8 
7 11 3 10 2 9 1 8 8 
6 13 3 12 2 11 1 10 8 
8 9 5 8 4 7 3 6 8 
7 9 4 8 2 7 1 6 8 
7 12 4 11 3 10 2 9 8 
8 11 4 10 1 9 0 8 8 
SCORES_TXT_END_0
SCORES_TXT_BEGIN_0 486 24 9 BLEU
14 14 13 13 12 12 11 11 14 
14 15 13 14 11 13 9 12 14 
13 13 11 12 9 11 7 10 14 
13 14 11 13 9 12 7 11 14 
13 14 12 13 11 12 10 11 14 
13 15 11 14 9 13 7 12 14 
13 14 11 13 10 12 9 11 14 
13 14 11 13 9 12 7 11 14 
13 14 11 13 9 12 7 11 14 
13 14 11 13 9 12 7 11 14 
14 15 12 14 10 13 8 12 14 
14 15 12 14 10 13 8 12 14 
13 15 11 14 9 13 7 12 14 
13 18 12 17 11 16 10 15 14 
13 14 11 13 9 12 7 11 14 
13 13 11 12 9 11 8 10 14 
13 18 12 17 11 16 10 15 14 
12 14 10 13 8 12 6 11 14 
13 16 11 15 9 14 7 13 14 
13 14 11 13 9 12 7 11 14 
13 14 11 13 9 12 7 11 14 
14 15 12 14 10 13 8 12 14 
11 14 9 13 8 12 7 11 14 
14 16 12 15 11 14 10 13 14 
SCORES_TXT_END_0
SCORES_TXT_BEGIN_0 487 100 9 BLEU
9 11 7 10 5 9 3 8 9 
9 11 7 10 5 9 3 8 9 
9 9 8 8 7 7 6 6 9 
7 7 5 6 4 5 3 4 9 
9 13 6 12 4 11 2 10 9 
6 6 5 5 4 4 3 3 9 
9 11 7 10 6 9 5 8 9 
9 13 6 12 4 11 2 10 9 
7 9 5 8 4 7 3 6 9 
7 9 5 8 4 7 3 6 9 
7 8 5 7 4 6 3 5 9 
7 8 5 7 4 6 3 5 9 
6 8 5 7 4 6 3 5 9 
9 12 7 11 4 10 1 9 9 
6 8 5 7 4 6 3 5 9 
9 12 6 11 4 10 2 9 9 
6 7 5 6 4 5 3 4 9 
7 10 5 9 4 8 3 7 9 
9 10 7 9 6 8 5 7 9 
7 10 5 9 4 8 3 7 9 
9 12 6 11 4 10 2 9 9 
9 13 7 12 5 11 3 10 9 
9 13 7 12 5 11 3 10 9 
7 8 5 7 4 6 3 5 9 
9 10 7 9 5 8 3 7 9 
9 12 6 11 4 10 3 9 9 
9 12 6 11 4 10 3 9 9 
9 12 7 11 4 10 1 9 9 
9 10 7 9 5 8 3 7 9 
9 13 7 12 5 11 3 10 9 
9 13 7 12 5 11 3 10 9 
7 9 5 8 4 7 3 6 9 
9 13 7 12 5 11 3 10 9 
9 13 7 12 5 11 3 10 9 
7 9 4 8 3 7 2 6 9 
9 11 8 10 7 9 5 8 9 
9 10 7 9 5 8 3 7 9 
9 15 7 14 5 13 3 12 9 
9 15 7 14 5 13 3 12 9 
9 15 7 14 5 13 3 12 9 
9 15 7 14 5 13 3 12 9 
9 10 8 9 6 8 4 7 9 
9 10 7 9 6 8 5 7 9 
9 12 7 11 5 10 3 9 9 
9 12 7 11 5 10 3 9 9 
7 10 5 9 4 8 3 7 9 
7 10 5 9 4 8 3 7 9 
9 12 7 11 5 10 3 9 9 
9 12 7 11 5 10 3 9 9 
9 13 8 12 7 11 5 10 9 
9 13 8 12 7 11 5 10 9 
8 9 6 8 4 7 2 6 9 
9 12 6 11 4 10 3 9 9 
8 11 5 10 3 9 1 8 9 
9 12 6 11 4 10 3 9 9 
7 11 4 10 3 9 2 8 9 
9 14 7 13 5 12 3 11 9 
8 11 5 10 3 9 1 8 9 
9 14 7 13 5 12 3 11 9 
9 12 7 11 5 10 3 9 9 
7 11 4 10 3 9 2 8 9 
7 9 5 8 4 7 3 6 9 
9 12 7 11 5 10 3 9 9 
6 7 3 6 2 5 1 4 9 
8 11 5 10 3 9 1 8 9 
8 9 6 8 5 7 4 6 9 
8 8 6 7 4 6 3 5 9 
8 13 5 12 3 11 1 10 9 
8 11 5 10 3 9 1 8 9 
9 14 7 13 5 12 3 11 9 
7 8 4 7 3 6 2 5 9 
9 14 7 13 5 12 3 11 9 
8 11 5 10 3 9 1 8 9 
8 11 6 10 5 9 4 8 9 
7 8 5 7 3 6 1 5 9 
8 9 6 8 5 7 4 6 9 
8 13 5 12 3 11 1 10 9 
9 10 7 9 6 8 5 7 9 
6 9 5 8 4 7 3 6 9 
7 10 4 9 3 8 2 7 9 
8 13 5 12 3 11 1 10 9 
8 11 5 10 3 9 1 8 9 
6 9 5 8 4 7 3 6 9 
6 10 4 9 3 8 2 7 9 
9 12 8 11 7 10 5 9 9 
8 11 6 10 5 9 4 8 9 
7 10 4 9 3 8 2 7 9 
8 13 5 12 3 11 1 10 9 
6 8 4 7 3 6 2 5 9 
8 11 6 10 4 9 3 8 9 
8 11 6 10 4 9 3 8 9 
6 10 4 9 3 8 2 7 9 
7 10 5 9 3 8 1 7 9 
9 12 8 11 7 10 5 9 9 
9 14 6 13 3 12 0 11 9 
6 8 5 7 4 6 3 5 9 
7 12 4 11 3 10 2 9 9 
8 10 6 9 4 8 3 7 9 
7 12 4 11 3 10 2 9 9 
8 10 6 9 4 8 3 7 9 
SCORES_TXT_END_0
SCORES_TXT_BEGIN_0 488 100 9 BLEU
8 8 7 7 6 6 5 5 8 
6 8 5 7 4 6 3 5 8 
5 6 4 5 3 4 2 3 8 
8 9 6 8 4 7 3 6 8 
8 9 6 8 4 7 2 6 8 
8 10 6 9 5 8 4 7 8 
8 9 7 8 5 7 4 6 8 
6 9 4 8 2 7 1 6 8 
8 12 6 11 5 10 4 9 8 
8 12 6 11 5 10 4 9 8 
6 10 4 9 3 8 2 7 8 
6 9 4 8 2 7 1 6 8 
6 9 5 8 3 7 2 6 8 
8 8 4 7 2 6 1 5 8 
8 9 6 8 4 7 3 6 8 
8 9 6 8 5 7 4 6 8 
6 12 4 11 3 10 2 9 8 
6 12 4 11 3 10 2 9 8 
8 11 6 10 5 9 4 8 8 
8 8 4 7 2 6 0 5 8 
8 8 4 7 2 6 1 5 8 
8 8 5 7 3 6 1 5 8 
5 7 3 6 1 5 0 4 8 
5 6 2 5 1 4 0 3 8 
6 8 2 7 1 6 0 5 8 
8 10 4 9 2 8 1 7 8 
8 11 6 10 5 9 4 8 8 
8 8 4 7 2 6 0 5 8 
6 8 3 7 1 6 0 5 8 
5 8 3 7 2 6 1 5 8 
8 10 4 9 2 8 1 7 8 
5 6 2 5 1 4 0 3 8 
6 9 4 8 3 7 2 6 8 
7 8 5 7 4 6 3 5 8 
8 9 6 8 4 7 2 6 8 
6 8 2 7 1 6 0 5 8 
6 8 2 7 0 6 0 5 8 
8 11 5 10 4 9 3 8 8 
8 9 4 8 2 7 1 6 8 
6 11 4 10 3 9 2 8 8 
5 7 4 6 2 5 1 4 8 
7 8 6 7 5 6 4 5 8 
5 6 3 5 1 4 0 3 8 
8 9 4 8 2 7 1 6 8 
8 8 5 7 4 6 3 5 8 
6 9 4 8 2 7 1 6 8 
8 9 5 8 2 7 1 6 8 
5 6 3 5 2 4 1 3 8 
8 10 6 9 4 8 3 7 8 
8 10 4 9 2 8 0 7 8 
8 8 4 7 3 6 2 5 8 
8 9 6 8 4 7 2 6 8 
6 11 4 10 3 9 2 8 8 
8 9 4 8 2 7 0 6 8 
8 8 4 7 2 6 1 5 8 
5 8 2 7 1 6 0 5 8 
6 8 2 7 0 6 0 5 8 
5 7 4 6 3 5 2 4 8 
6 10 2 9 1 8 0 7 8 
5 6 2 5 1 4 0 3 8 
5 7 2 6 1 5 0 4 8 
8 11 4 10 2 9 1 8 8 
8 8 5 7 3 6 1 5 8 
5 10 3 9 2 8 1 7 8 
6 9 4 8 3 7 2 6 8 
5 10 3 9 2 8 1 7 8 
8 9 4 8 2 7 1 6 8 
6 9 2 8 1 7 0 6 8 
8 10 6 9 4 8 2 7 8 
8 9 4 8 2 7 1 6 8 
6 8 3 7 2 6 1 5 8 
8 10 5 9 4 8 3 7 8 
8 13 5 12 4 11 3 10 8 
8 13 5 12 4 11 3 10 8 
6 10 2 9 0 8 0 7 8 
8 9 7 8 6 7 5 6 8 
8 9 6 8 5 7 4 6 8 
8 10 4 9 2 8 1 7 8 
5 8 4 7 3 6 2 5 8 
8 11 4 10 2 9 1 8 8 
8 10 5 9 2 8 1 7 8 
8 12 4 11 2 10 1 9 8 
5 7 3 6 2 5 1 4 8 
8 12 4 11 2 10 1 9 8 
8 9 5 8 4 7 3 6 8 
5 6 3 5 2 4 1 3 8 
5 7 3 6 1 5 0 4 8 
5 8 3 7 2 6 1 5 8 
6 10 2 9 0 8 0 7 8 
8 10 4 9 3 8 2 7 8 
8 11 4 10 2 9 1 8 8 
5 8 2 7 1 6 0 5 8 
8 11 4 10 2 9 1 8 8 
6 9 4 8 2 7 1 6 8 
7 9 5 8 4 7 3 6 8 
6 11 3 10 2 9 1 8 8 
8 11 4 10 2 9 0 8 8 
5 7 4 6 3 5 2 4 8 
6 9 2 8 0 7 0 6 8 
6 10 3 9 2 8 1 7 8 
SCORES_TXT_END_0
SCORES_TXT_BEGIN_0 489 100 9 BLEU
9 10 7 9 5 8 3 7 10 
10 10 9 9 8 8 7 7 10 
8 8 6 7 4 6 2 5 10 
6 6 4 5 3 4 2 3 10 
8 8 6 7 5 6 4 5 10 
7 8 5 7 4 6 3 5 10 
7 7 6 6 5 5 4 4 10 
7 7 5 6 4 5 3 4 10 
6 7 4 6 3 5 2 4 10 
5 5 4 4 3 3 2 2 10 
6 7 5 6 4 5 3 4 10 
10 12 9 11 8 10 6 9 10 
8 9 6 8 5 7 4 6 10 
7 9 5 8 4 7 3 6 10 
10 11 8 10 7 9 6 8 10 
9 11 6 10 3 9 0 8 10 
9 12 7 11 5 10 3 9 10 
9 9 7 8 5 7 3 6 10 
9 11 6 10 4 9 3 8 10 
6 6 5 5 4 4 3 3 10 
10 12 9 11 8 10 6 9 10 
10 12 8 11 6 10 4 9 10 
7 8 5 7 4 6 3 5 10 
10 12 9 11 7 10 5 9 10 
9 12 7 11 5 10 3 9 10 
10 14 9 13 8 12 7 11 10 
10 14 9 13 8 12 6 11 10 
6 7 4 6 3 5 2 4 10 
10 11 8 10 6 9 4 8 10 
8 10 6 9 4 8 2 7 10 
8 9 6 8 4 7 2 6 10 
10 14 9 13 7 12 5 11 10 
9 14 7 13 5 12 3 11 10 
10 11 9 10 7 9 5 8 10 
8 9 5 8 3 7 2 6 10 
9 11 7 10 5 9 3 8 10 
9 9 7 8 5 7 3 6 10 
8 9 6 8 5 7 4 6 10 
9 9 5 8 2 7 0 6 10 
10 11 8 10 6 9 4 8 10 
7 9 5 8 4 7 3 6 10 
10 11 8 10 7 9 6 8 10 
9 11 7 10 5 9 3 8 10 
10 13 9 12 8 11 6 10 10 
10 12 8 11 6 10 4 9 10 
9 12 6 11 4 10 2 9 10 
9 11 6 10 4 9 3 8 10 
10 11 9 10 7 9 5 8 10 
9 13 7 12 5 11 3 10 10 
7 8 5 7 4 6 3 5 10 
10 11 8 10 6 9 4 8 10 
9 10 7 9 6 8 5 7 10 
10 13 9 12 8 11 7 10 10 
7 8 4 7 2 6 0 5 10 
8 10 5 9 3 8 1 7 10 
8 10 5 9 2 8 0 7 10 
9 10 7 9 5 8 3 7 10 
10 13 8 12 6 11 4 10 10 
9 10 7 9 6 8 5 7 10 
7 8 6 7 5 6 4 5 10 
5 6 2 5 1 4 0 3 10 
8 10 5 9 3 8 1 7 10 
8 9 5 8 3 7 2 6 10 
6 8 5 7 4 6 3 5 10 
9 10 8 9 7 8 6 7 10 
7 7 5 6 3 5 2 4 10 
8 11 6 10 4 9 2 8 10 
7 7 3 6 1 5 0 4 10 
7 8 4 7 2 6 0 5 10 
8 10 6 9 4 8 3 7 10 
6 7 5 6 4 5 3 4 10 
9 11 7 10 5 9 3 8 10 
7 8 4 7 2 6 0 5 10 
9 9 7 8 5 7 4 6 10 
8 9 6 8 4 7 3 6 10 
7 9 4 8 2 7 0 6 10 
10 11 9 10 7 9 6 8 10 
8 8 5 7 3 6 2 5 10 
9 11 7 10 4 9 3 8 10 
8 8 6 7 4 6 3 5 10 
8 9 5 8 3 7 1 6 10 
5 7 2 6 1 5 0 4 10 
8 9 6 8 3 7 2 6 10 
7 8 3 7 1 6 0 5 10 
5 6 2 5 1 4 0 3 10 
9 13 6 12 3 11 0 10 10 
7 10 4 9 2 8 0 7 10 
6 6 2 5 1 4 0 3 10 
4 5 2 4 1 3 0 2 10 
7 8 4 7 2 6 0 5 10 
5 6 2 5 1 4 0 3 10 
7 9 6 8 5 7 4 6 10 
5 6 2 5 1 4 0 3 10 
9 12 5 11 2 10 0 9 10 
7 9 6 8 5 7 4 6 10 
6 9 5 8 4 7 3 6 10 
9 11 8 10 7 9 6 8 10 
9 10 7 9 6 8 5 7 10 
7 9 6 8 4 7 3 6 10 
9 11 8 10 7 9 6 8 10 
SCORES_TXT_END_0
SCORES_TXT_BEGIN_0 490 7 9 BLEU
16 16 15 15 14 14 13 13 16 
14 15 12 14 10 13 8 12 16 
16 18 14 17 12 16 10 15 16 
14 17 11 16 8 15 5 14 16 
16 18 14 17 12 16 10 15 16 
14 17 11 16 8 15 5 14 16 
16 17 14 16 12 15 10 14 16 
SCORES_TXT_END_0
SCORES_TXT_BEGIN_0 491 18 9 BLEU
14 14 13 13 12 12 11 11 14 
13 14 12 13 11 12 10 11 14 
13 15 12 14 11 13 10 12 14 
13 18 12 17 11 16 10 15 14 
13 18 12 17 11 16 10 15 14 
14 16 12 15 11 14 10 13 14 
14 14 9 13 6 12 5 11 14 
13 16 12 15 11 14 10 13 14 
14 15 12 14 11 13 10 12 14 
13 14 11 13 9 12 7 11 14 
13 14 9 13 6 12 5 11 14 
13 15 9 14 6 13 5 12 14 
14 15 12 14 10 13 8 12 14 
13 16 9 15 6 14 5 13 14 
14 15 12 14 10 13 8 12 14 
12 14 10 13 8 12 7 11 14 
13 13 11 12 9 11 8 10 14 
14 14 10 13 8 12 6 11 14 
SCORES_TXT_END_0
SCORES_TXT_BEGIN_0 492 73 9 BLEU
12 13 10 12 9 11 8 10 16 
15 16 13 15 10 14 7 13 16 
12 13 8 12 6 11 5 10 16 
12 13 7 12 6 11 5 10 16 
12 14 10 13 9 12 8 11 16 
15 17 13 16 11 15 9 14 16 
12 13 8 12 7 11 6 10 16 
14 16 11 15 8 14 6 13 16 
12 13 8 12 6 11 5 10 16 
13 14 10 13 7 12 5 11 16 
15 17 10 16 7 15 5 14 16 
13 13 10 12 9 11 8 10 16 
13 14 10 13 9 12 8 11 16 
12 13 9 12 7 11 5 10 16 
16 20 15 19 12 18 8 17 16 
14 15 10 14 7 13 5 12 16 
14 15 12 14 9 13 6 12 16 
16 17 15 16 14 15 13 14 16 
13 14 10 13 7 12 5 11 16 
14 17 12 16 10 15 9 14 16 
12 13 7 12 6 11 5 10 16 
13 15 9 14 6 13 5 12 16 
13 13 8 12 6 11 5 10 16 
15 16 11 15 7 14 4 13 16 
15 16 10 15 7 14 4 13 16 
13 13 8 12 6 11 5 10 16 
15 16 11 15 8 14 5 13 16 
16 16 13 15 10 14 7 13 16 
13 16 10 15 7 14 4 13 16 
12 14 8 13 6 12 5 11 16 
14 17 9 16 6 15 5 14 16 
12 13 9 12 7 11 5 10 16 
11 14 9 13 7 12 5 11 16 
12 14 7 13 6 12 5 11 16 
12 13 9 12 7 11 5 10 16 
16 17 12 16 10 15 8 14 16 
14 17 9 16 6 15 5 14 16 
12 14 9 13 7 12 5 11 16 
15 17 10 16 7 15 5 14 16 
13 15 11 14 9 13 8 12 16 
14 15 10 14 7 13 5 12 16 
12 13 9 12 7 11 5 10 16 
15 20 14 19 11 18 8 17 16 
15 18 13 17 11 16 9 15 16 
13 13 8 12 7 11 6 10 16 
13 14 11 13 9 12 8 11 16 
16 17 12 16 9 15 7 14 16 
13 13 7 12 6 11 5 10 16 
16 20 15 19 13 18 11 17 16 
15 16 11 15 7 14 4 13 16 
13 14 10 13 7 12 5 11 16 
16 20 12 19 8 18 4 17 16 
14 15 10 14 8 13 6 12 16 
13 14 8 13 6 12 5 11 16 
14 16 12 15 9 14 6 13 16 
13 14 7 13 6 12 5 11 16 
13 15 9 14 6 13 5 12 16 
12 14 8 13 7 12 6 11 16 
14 15 9 14 7 13 5 12 16 
14 15 12 14 10 13 8 12 16 
12 14 8 13 6 12 5 11 16 
15 18 10 17 7 16 5 15 16 
13 14 10 13 9 12 8 11 16 
13 16 10 15 7 14 4 13 16 
15 20 13 19 10 18 7 17 16 
15 18 12 17 9 16 6 15 16 
12 13 7 12 4 11 2 10 16 
11 13 9 12 8 11 7 10 16 
12 13 6 12 4 11 2 10 16 
13 13 7 12 6 11 5 10 16 
14 16 10 15 7 14 4 13 16 
16 18 12 17 8 16 4 15 16 
13 15 10 14 8 13 6 12 16 
SCORES_TXT_END_0
SCORES_TXT_BEGIN_0 493 100 9 BLEU
8 8 7 7 6 6 5 5 8 
7 9 5 8 4 7 3 6 8 
7 8 6 7 5 6 4 5 8 
7 9 5 8 4 7 3 6 8 
7 8 5 7 4 6 3 5 8 
6 9 4 8 3 7 2 6 8 
6 10 3 9 2 8 1 7 8 
6 8 5 7 4 6 3 5 8 
7 8 5 7 4 6 3 5 8 
8 9 6 8 4 7 2 6 8 
7 12 6 11 5 10 4 9 8 
8 10 6 9 5 8 4 7 8 
7 12 6 11 5 10 4 9 8 
6 9 3 8 2 7 1 6 8 
8 9 7 8 5 7 3 6 8 
7 10 6 9 5 8 4 7 8 
6 9 5 8 4 7 3 6 8 
6 9 3 8 2 7 1 6 8 
6 13 5 12 4 11 3 10 8 
7 11 6 10 5 9 4 8 8 
6 13 5 12 4 11 3 10 8 
6 13 4 12 3 11 2 10 8 
7 11 4 10 3 9 2 8 8 
6 13 4 12 3 11 2 10 8 
7 11 6 10 5 9 4 8 8 
7 10 5 9 3 8 1 7 8 
6 9 4 8 3 7 2 6 8 
7 10 4 9 2 8 0 7 8 
6 8 5 7 4 6 3 5 8 
7 8 5 7 3 6 2 5 8 
6 8 4 7 3 6 2 5 8 
6 11 4 10 3 9 2 8 8 
5 10 3 9 2 8 1 7 8 
6 12 5 11 4 10 3 9 8 
6 8 5 7 4 6 3 5 8 
6 12 5 11 4 10 3 9 8 
5 14 3 13 2 12 1 11 8 
8 9 6 8 5 7 4 6 8 
5 14 3 13 2 12 1 11 8 
8 9 6 8 5 7 4 6 8 
6 12 4 11 3 10 2 9 8 
6 8 4 7 3 6 2 5 8 
6 12 4 11 3 10 2 9 8 
5 9 3 8 2 7 1 6 8 
7 11 5 10 4 9 3 8 8 
5 13 3 12 2 11 1 10 8 
5 9 3 8 2 7 1 6 8 
6 9 4 8 3 7 2 6 8 
5 10 2 9 1 8 0 7 8 
5 13 3 12 2 11 1 10 8 
7 10 5 9 4 8 3 7 8 
6 9 4 8 3 7 2 6 8 
7 8 5 7 3 6 2 5 8 
6 9 3 8 1 7 0 6 8 
8 9 6 8 5 7 4 6 8 
6 11 5 10 4 9 3 8 8 
6 8 4 7 3 6 2 5 8 
7 9 5 8 3 7 2 6 8 
5 9 2 8 1 7 0 6 8 
8 9 6 8 5 7 4 6 8 
7 8 5 7 3 6 2 5 8 
5 9 4 8 3 7 2 6 8 
6 12 5 11 4 10 3 9 8 
6 8 4 7 3 6 2 5 8 
6 12 5 11 4 10 3 9 8 
8 9 6 8 5 7 4 6 8 
5 8 4 7 3 6 2 5 8 
7 10 5 9 4 8 3 7 8 
5 13 4 12 3 11 2 10 8 
6 12 3 11 2 10 1 9 8 
7 9 6 8 4 7 3 6 8 
7 10 4 9 3 8 2 7 8 
5 13 4 12 3 11 2 10 8 
7 9 6 8 5 7 4 6 8 
7 10 4 9 3 8 2 7 8 
7 13 5 12 4 11 3 10 8 
7 13 5 12 4 11 3 10 8 
7 10 5 9 4 8 3 7 8 
6 11 3 10 2 9 1 8 8 
7 9 6 8 5 7 4 6 8 
6 8 4 7 3 6 2 5 8 
5 9 2 8 1 7 0 6 8 
7 8 4 7 3 6 2 5 8 
7 9 6 8 5 7 4 6 8 
5 9 3 8 2 7 1 6 8 
5 8 4 7 3 6 2 5 8 
8 9 6 8 4 7 2 6 8 
6 10 5 9 4 8 3 7 8 
6 8 4 7 3 6 2 5 8 
7 11 6 10 5 9 4 8 8 
8 8 4 7 3 6 2 5 8 
6 8 4 7 3 6 2 5 8 
5 12 3 11 2 10 1 9 8 
8 8 4 7 2 6 1 5 8 
7 11 6 10 5 9 4 8 8 
8 8 4 7 2 6 0 5 8 
5 10 2 9 1 8 0 7 8 
5 13 3 12 2 11 1 10 8 
6 8 4 7 3 6 2 5 8 
5 12 4 11 3 10 2 9 8 
SCORES_TXT_END_0
SCORES_TXT_BEGIN_0 494 100 9 BLEU
7 7 5 6 4 5 3 4 8 
8 8 7 7 6 6 5 5 8 
7 8 5 7 4 6 3 5 8 
7 9 5 8 4 7 3 6 8 
8 10 6 9 5 8 4 7 8 
7 11 5 10 4 9 3 8 8 
7 11 5 10 4 9 3 8 8 
8 12 6 11 5 10 4 9 8 
8 12 6 11 5 10 4 9 8 
8 9 6 8 5 7 4 6 8 
6 7 5 6 4 5 3 4 8 
7 8 6 7 5 6 4 5 8 
7 10 5 9 4 8 3 7 8 
7 10 5 9 4 8 3 7 8 
8 9 7 8 5 7 4 6 8 
7 8 5 7 4 6 3 5 8 
8 11 6 10 5 9 4 8 8 
7 8 5 7 4 6 3 5 8 
7 8 4 7 2 6 1 5 8 
8 11 6 10 5 9 4 8 8 
7 10 5 9 4 8 3 7 8 
7 10 4 9 2 8 1 7 8 
6 8 5 7 4 6 3 5 8 
8 9 6 8 5 7 4 6 8 
7 9 4 8 2 7 1 6 8 
8 9 6 8 4 7 2 6 8 
6 8 5 7 4 6 3 5 8 
6 7 3 6 1 5 0 4 8 
7 9 5 8 4 7 3 6 8 
7 9 6 8 5 7 4 6 8 
7 8 5 7 3 6 1 5 8 
7 9 6 8 5 7 4 6 8 
7 7 2 6 1 5 0 4 8 
8 11 5 10 3 9 1 8 8 
8 9 6 8 4 7 3 6 8 
7 12 5 11 4 10 3 9 8 
7 12 5 11 4 10 3 9 8 
7 9 2 8 1 7 0 6 8 
6 8 3 7 1 6 0 5 8 
7 11 5 10 4 9 3 8 8 
7 11 5 10 4 9 3 8 8 
7 8 2 7 1 6 0 5 8 
7 12 4 11 2 10 1 9 8 
7 12 4 11 2 10 1 9 8 
6 9 3 8 1 7 0 6 8 
7 9 5 8 4 7 3 6 8 
7 7 4 6 2 5 1 4 8 
7 10 4 9 2 8 0 7 8 
6 7 3 6 2 5 1 4 8 
6 7 3 6 1 5 0 4 8 
7 7 3 6 2 5 1 4 8 
8 8 5 7 3 6 2 5 8 
6 8 3 7 1 6 0 5 8 
7 7 4 6 3 5 2 4 8 
7 7 3 6 1 5 0 4 8 
7 7 3 6 1 5 0 4 8 
6 7 2 6 1 5 0 4 8 
6 11 3 10 1 9 0 8 8 
6 11 3 10 1 9 0 8 8 
7 7 4 6 3 5 2 4 8 
8 13 5 12 3 11 1 10 8 
7 7 3 6 2 5 1 4 8 
8 13 5 12 3 11 1 10 8 
7 7 3 6 1 5 0 4 8 
7 11 2 10 1 9 0 8 8 
7 11 2 10 1 9 0 8 8 
7 7 3 6 1 5 0 4 8 
7 8 3 7 2 6 1 5 8 
7 9 3 8 2 7 1 6 8 
8 8 5 7 3 6 2 5 8 
7 7 2 6 0 5 0 4 8 
6 8 5 7 4 6 3 5 8 
6 9 3 8 1 7 0 6 8 
7 8 3 7 2 6 1 5 8 
6 10 3 9 1 8 0 7 8 
6 8 3 7 1 6 0 5 8 
6 9 3 8 1 7 0 6 8 
7 7 4 6 2 5 0 4 8 
8 8 4 7 2 6 1 5 8 
7 9 5 8 3 7 1 6 8 
6 7 4 6 2 5 0 4 8 
6 8 4 7 2 6 1 5 8 
7 8 3 7 1 6 0 5 8 
7 9 3 8 1 7 0 6 8 
7 8 4 7 2 6 0 5 8 
7 8 3 7 1 6 0 5 8 
8 10 5 9 3 8 1 7 8 
6 9 2 8 1 7 0 6 8 
7 8 2 7 1 6 0 5 8 
7 11 4 10 2 9 1 8 8 
7 8 3 7 1 6 0 5 8 
7 11 4 10 2 9 1 8 8 
8 8 4 7 2 6 0 5 8 
7 7 3 6 1 5 0 4 8 
6 7 2 6 1 5 0 4 8 
7 9 3 8 1 7 0 6 8 
8 8 4 7 2 6 0 5 8 
6 11 3 10 1 9 0 8 8 
7 8 2 7 0 6 0 5 8 
7 7 2 6 0 5 0 4 8 
SCORES_TXT_END_0
SCORES_TXT_BEGIN_0 495 100 9 BLEU
8 8 7 7 6 6 5 5 8 
8 10 6 9 5 8 4 7 8 
8 12 6 11 5 10 4 9 8 
8 12 6 11 5 10 4 9 8 
7 8 5 7 4 6 3 5 8 
8 9 6 8 5 7 4 6 8 
7 10 5 9 4 8 3 7 8 
7 8 5 7 3 6 2 5 8 
7 9 5 8 4 7 3 6 8 
7 12 5 11 4 10 3 9 8 
7 12 5 11 4 10 3 9 8 
7 10 4 9 2 8 1 7 8 
8 9 6 8 5 7 4 6 8 
8 11 6 10 5 9 4 8 8 
7 9 5 8 4 7 3 6 8 
7 10 5 9 3 8 2 7 8 
7 9 5 8 4 7 3 6 8 
8 11 6 10 5 9 4 8 8 
7 11 5 10 4 9 3 8 8 
8 9 6 8 4 7 3 6 8 
7 11 5 10 4 9 3 8 8 
7 11 5 10 4 9 3 8 8 
7 8 6 7 5 6 4 5 8 
7 10 5 9 4 8 3 7 8 
8 9 6 8 4 7 3 6 8 
7 12 4 11 2 10 1 9 8 
7 8 5 7 4 6 3 5 8 
7 12 4 11 2 10 1 9 8 
6 8 5 7 4 6 3 5 8 
7 9 5 8 4 7 3 6 8 
7 9 6 8 5 7 4 6 8 
7 8 5 7 4 6 3 5 8 
7 9 5 8 4 7 3 6 8 
7 9 6 8 5 7 4 6 8 
6 8 3 7 1 6 0 5 8 
8 9 6 8 5 7 4 6 8 
7 9 5 8 4 7 3 6 8 
7 9 5 8 4 7 3 6 8 
6 9 4 8 3 7 2 6 8 
8 9 6 8 5 7 4 6 8 
7 9 5 8 4 7 3 6 8 
7 9 5 8 3 7 2 6 8 
7 14 4 13 3 12 2 11 8 
8 9 6 8 5 7 4 6 8 
7 11 5 10 4 9 3 8 8 
7 12 4 11 3 10 2 9 8 
7 8 4 7 3 6 2 5 8 
7 13 5 12 4 11 3 10 8 
7 13 5 12 4 11 3 10 8 
7 10 4 9 3 8 2 7 8 
7 9 5 8 3 7 2 6 8 
7 14 4 13 3 12 2 11 8 
7 9 4 8 2 7 1 6 8 
8 13 5 12 4 11 3 10 8 
8 9 6 8 4 7 3 6 8 
8 10 6 9 4 8 3 7 8 
7 11 5 10 4 9 3 8 8 
8 11 5 10 4 9 3 8 8 
6 8 4 7 3 6 2 5 8 
6 11 4 10 3 9 2 8 8 
8 13 5 12 4 11 3 10 8 
7 11 5 10 4 9 3 8 8 
7 10 4 9 3 8 2 7 8 
8 9 6 8 5 7 4 6 8 
6 10 4 9 3 8 2 7 8 
8 9 6 8 4 7 3 6 8 
7 10 5 9 4 8 3 7 8 
7 9 5 8 3 7 2 6 8 
6 8 4 7 3 6 2 5 8 
8 11 6 10 5 9 4 8 8 
6 10 3 9 1 8 0 7 8 
7 8 5 7 3 6 2 5 8 
8 13 5 12 4 11 3 10 8 
7 11 5 10 4 9 3 8 8 
7 10 5 9 4 8 3 7 8 
6 10 4 9 3 8 2 7 8 
8 11 5 10 4 9 3 8 8 
7 9 5 8 3 7 2 6 8 
8 8 5 7 3 6 2 5 8 
8 9 6 8 4 7 3 6 8 
7 10 5 9 4 8 3 7 8 
8 9 6 8 4 7 3 6 8 
6 9 3 8 1 7 0 6 8 
8 13 5 12 4 11 3 10 8 
8 9 6 8 4 7 2 6 8 
7 8 4 7 2 6 1 5 8 
8 8 4 7 3 6 2 5 8 
8 11 6 10 5 9 4 8 8 
6 9 4 8 3 7 2 6 8 
7 10 4 9 3 8 2 7 8 
7 9 5 8 4 7 3 6 8 
7 10 5 9 4 8 3 7 8 
7 9 5 8 3 7 2 6 8 
6 8 4 7 3 6 2 5 8 
7 13 5 12 4 11 3 10 8 
7 10 5 9 4 8 3 7 8 
7 13 5 12 4 11 3 10 8 
7 8 4 7 2 6 1 5 8 
7 9 5 8 4 7 3 6 8 
8 9 6 8 4 7 3 6 8 
SCORES_TXT_END_0
SCORES_TXT_BEGIN_0 496 46 9 BLEU
14 14 13 13 12 12 11 11 14 
13 13 11 12 9 11 8 10 14 
14 16 12 15 11 14 10 13 14 
13 15 10 14 9 13 8 12 14 
14 18 12 17 11 16 10 15 14 
14 18 12 17 11 16 10 15 14 
12 13 10 12 9 11 8 10 14 
13 17 10 16 9 15 8 14 14 
13 17 10 16 9 15 8 14 14 
13 13 9 12 8 11 7 10 14 
14 14 10 13 8 12 7 11 14 
13 15 9 14 8 13 7 12 14 
13 17 9 16 8 15 7 14 14 
14 16 10 15 8 14 7 13 14 
14 18 10 17 8 16 7 15 14 
13 17 9 16 8 15 7 14 14 
12 15 10 14 9 13 8 12 14 
14 18 10 17 8 16 7 15 14 
12 13 10 12 9 11 8 10 14 
14 15 12 14 11 13 10 12 14 
13 14 10 13 9 12 8 11 14 
9 12 7 11 6 10 5 9 14 
14 15 12 14 11 13 10 12 14 
13 14 12 13 11 12 10 11 14 
12 14 10 13 9 12 8 11 14 
10 12 7 11 6 10 5 9 14 
12 13 10 12 8 11 6 10 14 
10 12 7 11 6 10 5 9 14 
12 14 10 13 9 12 8 11 14 
12 13 9 12 8 11 7 10 14 
11 13 9 12 7 11 5 10 14 
14 16 12 15 11 14 10 13 14 
12 15 10 14 9 13 8 12 14 
13 15 12 14 11 13 10 12 14 
14 17 12 16 11 15 10 14 14 
10 12 7 11 6 10 5 9 14 
11 12 8 11 6 10 5 9 14 
11 13 9 12 8 11 7 10 14 
10 14 7 13 6 12 5 11 14 
14 15 10 14 8 13 7 12 14 
13 14 11 13 9 12 7 11 14 
12 14 10 13 9 12 8 11 14 
13 14 9 13 8 12 7 11 14 
14 16 12 15 11 14 10 13 14 
13 13 11 12 9 11 7 10 14 
14 15 10 14 8 13 7 12 14 
SCORES_TXT_END_0
SCORES_TXT_BEGIN_0 497 100 9 BLEU
6 7 4 6 3 5 2 4 10 
9 11 7 10 5 9 3 8 10 
10 11 9 10 8 9 7 8 10 
8 11 6 10 4 9 3 8 10 
6 8 4 7 3 6 2 5 10 
7 7 4 6 3 5 2 4 10 
7 9 5 8 3 7 2 6 10 
9 11 8 10 7 9 6 8 10 
9 12 7 11 5 10 3 9 10 
7 8 4 7 3 6 2 5 10 
8 9 6 8 4 7 2 6 10 
9 12 7 11 5 10 3 9 10 
10 12 9 11 8 10 7 9 10 
5 7 2 6 1 5 0 4 10 
8 12 6 11 4 10 3 9 10 
5 7 2 6 1 5 0 4 10 
10 12 9 11 8 10 7 9 10 
7 8 4 7 3 6 2 5 10 
8 11 5 10 2 9 0 8 10 
7 10 5 9 3 8 2 7 10 
7 8 5 7 3 6 2 5 10 
7 8 5 7 4 6 3 5 10 
8 12 6 11 4 10 3 9 10 
9 12 8 11 7 10 6 9 10 
8 9 6 8 5 7 4 6 10 
6 7 3 6 1 5 0 4 10 
8 11 5 10 2 9 0 8 10 
5 8 3 7 1 6 0 5 10 
8 8 4 7 3 6 2 5 10 
9 11 7 10 5 9 3 8 10 
6 8 3 7 1 6 0 5 10 
9 11 6 10 3 9 0 8 10 
7 10 5 9 3 8 2 7 10 
9 12 7 11 5 10 3 9 10 
6 7 3 6 2 5 1 4 10 
6 7 4 6 3 5 2 4 10 
9 12 8 11 7 10 6 9 10 
7 11 4 10 1 9 0 8 10 
7 8 4 7 1 6 0 5 10 
9 12 6 11 3 10 0 9 10 
7 9 4 8 3 7 2 6 10 
8 10 6 9 4 8 2 7 10 
9 12 6 11 3 10 0 9 10 
7 9 5 8 4 7 3 6 10 
9 11 7 10 5 9 3 8 10 
7 9 4 8 3 7 2 6 10 
6 9 3 8 1 7 0 6 10 
5 8 2 7 1 6 0 5 10 
9 11 6 10 3 9 0 8 10 
9 12 6 11 3 10 0 9 10 
7 8 4 7 2 6 1 5 10 
7 11 4 10 1 9 0 8 10 
10 11 8 10 6 9 4 8 10 
10 12 9 11 8 10 7 9 10 
9 11 7 10 5 9 3 8 10 
6 7 3 6 1 5 0 4 10 
6 8 4 7 3 6 2 5 10 
9 11 6 10 3 9 1 8 10 
9 13 7 12 5 11 3 10 10 
8 9 5 8 2 7 0 6 10 
8 11 6 10 4 9 2 8 10 
6 8 4 7 3 6 2 5 10 
8 12 6 11 4 10 3 9 10 
5 8 2 7 1 6 0 5 10 
8 10 6 9 4 8 2 7 10 
8 11 5 10 2 9 0 8 10 
7 8 4 7 3 6 2 5 10 
9 11 6 10 3 9 0 8 10 
9 13 7 12 5 11 3 10 10 
10 11 8 10 6 9 4 8 10 
6 7 3 6 2 5 1 4 10 
6 8 4 7 3 6 2 5 10 
6 8 2 7 1 6 0 5 10 
8 12 5 11 2 10 0 9 10 
8 12 5 11 2 10 0 9 10 
8 8 5 7 4 6 3 5 10 
10 11 8 10 6 9 4 8 10 
8 8 5 7 3 6 2 5 10 
10 12 8 11 6 10 4 9 10 
6 9 4 8 3 7 2 6 10 
9 12 7 11 5 10 3 9 10 
9 12 6 11 3 10 1 9 10 
8 12 5 11 2 10 0 9 10 
8 11 6 10 4 9 2 8 10 
7 9 5 8 4 7 3 6 10 
7 9 4 8 2 7 1 6 10 
10 11 9 10 8 9 7 8 10 
8 9 6 8 4 7 2 6 10 
9 10 7 9 6 8 5 7 10 
10 12 8 11 6 10 4 9 10 
9 10 7 9 5 8 3 7 10 
9 9 6 8 5 7 4 6 10 
7 9 4 8 2 7 0 6 10 
7 9 5 8 3 7 2 6 10 
10 13 9 12 8 11 7 10 10 
9 12 7 11 5 10 3 9 10 
7 9 4 8 1 7 0 6 10 
8 10 5 9 4 8 3 7 10 
6 8 4 7 3 6 2 5 10 
7 10 5 9 3 8 2 7 10 
SCORES_TXT_END_0
SCORES_TXT_BEGIN_0 498 76 9 BLEU
11 11 10 10 9 9 8 8 11 
11 13 9 12 7 11 5 10 11 
11 13 9 12 7 11 5 10 11 
10 11 8 10 6 9 4 8 11 
11 12 9 11 7 10 5 9 11 
11 12 9 11 7 10 5 9 11 
10 11 8 10 6 9 4 8 11 
11 13 10 12 9 11 7 10 11 
11 12 9 11 7 10 5 9 11 
11 12 9 11 7 10 5 9 11 
11 12 9 11 8 10 7 9 11 
11 12 10 11 8 10 6 9 11 
10 12 8 11 6 10 4 9 11 
11 15 10 14 9 13 7 12 11 
11 15 10 14 9 13 7 12 11 
11 15 9 14 7 13 5 12 11 
11 12 9 11 7 10 5 9 11 
11 12 9 11 7 10 5 9 11 
10 13 8 12 6 11 4 10 11 
10 13 8 12 6 11 4 10 11 
11 12 9 11 8 10 7 9 11 
11 14 9 13 7 12 5 11 11 
11 14 9 13 7 12 5 11 11 
11 14 9 13 7 12 5 11 11 
11 14 10 13 9 12 7 11 11 
10 13 7 12 4 11 1 10 11 
11 12 9 11 7 10 5 9 11 
11 12 9 11 7 10 5 9 11 
11 14 8 13 6 12 4 11 11 
11 12 9 11 7 10 5 9 11 
11 14 8 13 6 12 5 11 11 
11 12 9 11 7 10 5 9 11 
11 13 9 12 7 11 5 10 11 
10 12 7 11 5 10 3 9 11 
11 14 8 13 6 12 4 11 11 
11 11 7 10 5 9 3 8 11 
11 14 10 13 9 12 7 11 11 
11 12 9 11 7 10 5 9 11 
10 12 8 11 6 10 4 9 11 
11 15 9 14 7 13 5 12 11 
11 14 10 13 8 12 6 11 11 
11 14 10 13 8 12 6 11 11 
11 11 7 10 6 9 5 8 11 
10 11 7 10 5 9 3 8 11 
10 12 8 11 6 10 4 9 11 
10 12 8 11 6 10 4 9 11 
10 12 8 11 6 10 4 9 11 
10 14 8 13 6 12 4 11 11 
11 14 8 13 6 12 5 11 11 
11 17 9 16 7 15 5 14 11 
11 17 9 16 7 15 5 14 11 
11 14 10 13 9 12 7 11 11 
10 12 8 11 6 10 4 9 11 
10 14 8 13 6 12 4 11 11 
11 15 9 14 7 13 5 12 11 
11 12 9 11 7 10 5 9 11 
11 14 8 13 6 12 4 11 11 
11 15 9 14 7 13 5 12 11 
10 11 9 10 8 9 7 8 11 
11 13 10 12 8 11 6 10 11 
11 11 7 10 5 9 4 8 11 
11 12 9 11 7 10 5 9 11 
10 13 7 12 4 11 1 10 11 
9 12 7 11 5 10 3 9 11 
11 12 9 11 7 10 5 9 11 
11 12 9 11 7 10 5 9 11 
11 12 9 11 8 10 7 9 11 
11 13 10 12 8 11 6 10 11 
11 13 10 12 8 11 6 10 11 
11 12 9 11 7 10 5 9 11 
11 14 9 13 7 12 5 11 11 
11 14 8 13 6 12 4 11 11 
11 14 8 13 6 12 4 11 11 
11 14 9 13 7 12 5 11 11 
11 14 9 13 7 12 5 11 11 
11 14 8 13 6 12 4 11 11 
SCORES_TXT_END_0
SCORES_TXT_BEGIN_0 499 100 9 BLEU
9 9 8 8 7 7 6 6 9 
8 9 7 8 6 7 5 6 9 
9 10 7 9 5 8 3 7 9 
8 13 7 12 6 11 5 10 9 
8 13 7 12 6 11 5 10 9 
9 11 7 10 6 9 5 8 9 
8 11 7 10 6 9 5 8 9 
8 10 6 9 4 8 2 7 9 
8 14 6 13 4 12 2 11 9 
8 14 6 13 4 12 2 11 9 
8 12 6 11 4 10 2 9 9 
9 10 7 9 5 8 3 7 9 
8 9 6 8 4 7 2 6 9 
9 11 7 10 5 9 3 8 9 
8 10 6 9 4 8 2 7 9 
8 12 7 11 6 10 5 9 9 
8 9 4 8 2 7 1 6 9 
8 12 7 11 6 10 5 9 9 
9 12 6 11 4 10 2 9 9 
8 9 4 8 2 7 1 6 9 
9 9 5 8 3 7 1 6 9 
9 10 5 9 3 8 1 7 9 
9 12 4 11 2 10 1 9 9 
9 10 5 9 2 8 1 7 9 
9 10 7 9 6 8 5 7 9 
9 11 7 10 5 9 3 8 9 
9 11 7 10 5 9 3 8 9 
9 10 7 9 5 8 3 7 9 
8 9 4 8 2 7 1 6 9 
9 11 7 10 5 9 3 8 9 
9 10 5 9 2 8 1 7 9 
8 12 4 11 2 10 1 9 9 
9 9 5 8 2 7 1 6 9 
9 12 7 11 5 10 3 9 9 
9 9 5 8 3 7 1 6 9 
8 10 6 9 4 8 2 7 9 
9 12 7 11 5 10 3 9 9 
9 11 4 10 2 9 1 8 9 
9 11 7 10 5 9 3 8 9 
9 12 7 11 5 10 3 9 9 
7 9 4 8 2 7 1 6 9 
8 10 5 9 2 8 1 7 9 
9 13 7 12 5 11 3 10 9 
7 9 4 8 2 7 1 6 9 
9 13 7 12 5 11 3 10 9 
9 10 3 9 2 8 1 7 9 
8 10 6 9 4 8 2 7 9 
7 9 5 8 3 7 1 6 9 
9 11 5 10 3 9 1 8 9 
8 11 6 10 4 9 2 8 9 
8 11 4 10 2 9 1 8 9 
8 9 6 8 4 7 2 6 9 
9 10 7 9 6 8 5 7 9 
9 12 3 11 2 10 1 9 9 
9 10 5 9 3 8 1 7 9 
8 11 4 10 2 9 1 8 9 
9 14 7 13 5 12 3 11 9 
8 9 6 8 4 7 2 6 9 
9 14 7 13 5 12 3 11 9 
8 11 4 10 2 9 1 8 9 
8 11 6 10 4 9 2 8 9 
7 10 5 9 3 8 1 7 9 
8 10 5 9 3 8 1 7 9 
8 10 7 9 6 8 5 7 9 
8 9 5 8 3 7 1 6 9 
8 10 3 9 2 8 1 7 9 
8 9 5 8 3 7 1 6 9 
8 13 6 12 4 11 2 10 9 
9 12 7 11 5 10 3 9 9 
9 12 7 11 5 10 3 9 9 
8 14 6 13 4 12 2 11 9 
8 10 7 9 6 8 5 7 9 
7 13 5 12 3 11 1 10 9 
9 10 5 9 3 8 2 7 9 
8 14 6 13 4 12 2 11 9 
7 13 5 12 3 11 1 10 9 
9 11 6 10 4 9 2 8 9 
8 12 5 11 3 10 1 9 9 
8 13 6 12 4 11 2 10 9 
9 11 5 10 2 9 1 8 9 
8 12 3 11 2 10 1 9 9 
8 11 5 10 3 9 1 8 9 
9 10 5 9 2 8 0 7 9 
8 11 5 10 2 9 1 8 9 
8 11 5 10 3 9 1 8 9 
8 12 7 11 6 10 5 9 9 
9 13 7 12 5 11 3 10 9 
9 13 7 12 5 11 3 10 9 
8 15 6 14 4 13 2 12 9 
7 14 5 13 3 12 1 11 9 
7 9 4 8 2 7 1 6 9 
8 9 4 8 2 7 1 6 9 
8 15 6 14 4 13 2 12 9 
7 14 5 13 3 12 1 11 9 
8 13 6 12 4 11 2 10 9 
8 10 5 9 3 8 1 7 9 
9 12 5 11 3 10 2 9 9 
8 9 5 8 3 7 1 6 9 
9 11 5 10 2 9 1 8 9 
8 10 5 9 2 8 1 7 9 
SCORES_TXT_END_0
