3452.8683659957637, 0.0002896142841262391, 0.0011978000002272893
3451.815111228814, 0.0002897026543359703, 0.0016928000004554633
3436.8443657309317, 0.00029096458657572197, 0.0021660000002157176
3436.8443657309317, 0.0002897026543359703, 0.0026300999998056795
3436.8443657309317, 0.0002897026543359703, 0.0031040000003486057
3436.8443657309317, 0.0002897026543359703, 0.003575200000341283
3434.2881607521194, 0.0002897026543359703, 0.0040469000005032285
3434.2881607521194, 0.0002897026543359703, 0.004513300000326126
3434.2881607521194, 0.0002877692998273848, 0.004992899999706424
3434.2881607521194, 0.0002877692998273848, 0.0054662000002281275
3434.2881607521194, 0.00029118115696529, 0.005933399999776157
3434.2881607521194, 0.00029118115696529, 0.006406800000149815
3434.2881607521194, 0.00029118115696529, 0.0068825999996988685
3434.2881607521194, 0.00029118115696529, 0.007354700000178127
3434.2881607521194, 0.00029118115696529, 0.007831300000361807
3434.2881607521194, 0.00029118115696529, 0.008305500000460597
3434.2881607521194, 0.00029118115696529, 0.008773399999881804
3434.2881607521194, 0.00029118115696529, 0.009240999999747146
3434.2881607521194, 0.0002897026543359703, 0.009709699999802979
3434.2881607521194, 0.00029118115696529, 0.010182199999690056
3434.2881607521194, 0.00029118115696529, 0.01064940000014758
3434.2881607521194, 0.00029118115696529, 0.0111151000000973
3434.2881607521194, 0.00029118115696529, 0.011586200000238023
3434.2881607521194, 0.00029118115696529, 0.012055299999701674
3434.2881607521194, 0.00029118115696529, 0.012518000000454776
3434.2881607521194, 0.00029118115696529, 0.01299139999991894
3434.2881607521194, 0.00029118115696529, 0.01345709999986866
3434.2881607521194, 0.00029118115696529, 0.013921300000220072
3434.2881607521194, 0.00029118115696529, 0.014388100000360282
3434.2881607521194, 0.00029118115696529, 0.014857000000120024
3434.2881607521194, 0.00029118115696529, 0.01532870000028197
3434.2881607521194, 0.00029118115696529, 0.015798200000062934
3434.2881607521194, 0.00029118115696529, 0.01634620000004361
3434.2881607521194, 0.00029118115696529, 0.016814600000543578
3434.2881607521194, 0.00029118115696529, 0.017281399999774294
3434.2881607521194, 0.00029118115696529, 0.017750200000591576
3434.2881607521194, 0.00029118115696529, 0.018220400000245718
3434.2881607521194, 0.00029118115696529, 0.01868560000002617
3434.2881607521194, 0.00029118115696529, 0.019153299999743467
3434.2881607521194, 0.00029118115696529, 0.019622499999968568
3434.2881607521194, 0.00029118115696529, 0.02008930000010878
3434.2881607521194, 0.00029118115696529, 0.02055579999978363
3434.2881607521194, 0.00029118115696529, 0.021019700000579178
3434.2881607521194, 0.00029118115696529, 0.021490300000550633
3434.2881607521194, 0.00029118115696529, 0.02203079999981128
3434.2881607521194, 0.00029118115696529, 0.02252649999991263
3434.2881607521194, 0.00029118115696529, 0.022995799999989686
3434.2881607521194, 0.00029118115696529, 0.023463600000468432
3434.2881607521194, 0.00029118115696529, 0.023926800000481308
3434.2881607521194, 0.00029118115696529, 0.02439330000015616
3434.2881607521194, 0.00029118115696529, 0.02486270000008517
3434.2881607521194, 0.00029118115696529, 0.025330200000098557
3434.2881607521194, 0.00029118115696529, 0.025798300000133167
3434.2881607521194, 0.00029118115696529, 0.02626849999978731
3434.2881607521194, 0.00029118115696529, 0.026733300000159943
3434.2881607521194, 0.00029118115696529, 0.027198800000405754
3434.2881607521194, 0.00029118115696529, 0.02766700000029232
3434.2881607521194, 0.00029118115696529, 0.028137400000559865
3434.2881607521194, 0.00029118115696529, 0.028601500000149827
3434.2881607521194, 0.00029118115696529, 0.029077000000143016
3434.2881607521194, 0.00029118115696529, 0.029546599999775935
3434.2881607521194, 0.00029118115696529, 0.03001640000002226
3434.2881607521194, 0.00029118115696529, 0.03048320000016247
3434.2881607521194, 0.00029118115696529, 0.030953299999964656
3434.2881607521194, 0.00029118115696529, 0.031417899999723886
3434.2881607521194, 0.00029118115696529, 0.03223679999973683
3434.2881607521194, 0.00029118115696529, 0.03301999999985128
3434.2881607521194, 0.00029118115696529, 0.03380190000007133
3434.2881607521194, 0.00029118115696529, 0.034546599999885075
3434.2881607521194, 0.00029118115696529, 0.035012600000300154
3434.2881607521194, 0.00029118115696529, 0.035480399999869405
3434.2881607521194, 0.00029118115696529, 0.035946200000580575
3434.2881607521194, 0.00029118115696529, 0.036415300000044226
3434.2881607521194, 0.00029118115696529, 0.03688299999976152
3434.2881607521194, 0.00029118115696529, 0.037347000000409025
3434.2881607521194, 0.00029118115696529, 0.0378182000004017
3434.2881607521194, 0.00029118115696529, 0.038282299999991665
3434.2881607521194, 0.00029118115696529, 0.03874859999996261
3434.2881607521194, 0.00029118115696529, 0.03921770000033575
3434.2881607521194, 0.00029118115696529, 0.039681799999925715
3434.2881607521194, 0.00029118115696529, 0.04014710000046762
3434.2881607521194, 0.00029118115696529, 0.04061950000050274
3434.2881607521194, 0.00029077211226648567, 0.041093800000453484
3434.2881607521194, 0.00029118115696529, 0.04156100000000151
3434.2881607521194, 0.00029118115696529, 0.0420259000002261
3434.2881607521194, 0.00029118115696529, 0.04249600000002829
3434.2881607521194, 0.00029118115696529, 0.04296109999995679
3434.2881607521194, 0.00029118115696529, 0.04342720000022382
3434.2881607521194, 0.00029118115696529, 0.04389400000036403
3434.2881607521194, 0.00029118115696529, 0.04436059999989084
3434.2881607521194, 0.00029118115696529, 0.044826800000009825
3434.2881607521194, 0.00029118115696529, 0.045291399999769055
3434.2881607521194, 0.00029118115696529, 0.04576100000031147
3434.2881607521194, 0.00029118115696529, 0.04622490000019752
3434.2881607521194, 0.00029118115696529, 0.04668910000054893
3434.2881607521194, 0.00029118115696529, 0.04724549999991723
3434.2881607521194, 0.00029118115696529, 0.04771340000024793
3434.2881607521194, 0.00029118115696529, 0.04818200000045181
3434.2881607521194, 0.00029118115696529, 0.04864739999993617
3434.2881607521194, 0.00029118115696529, 0.0491135000002032
3434.2881607521194, 0.00029118115696529, 0.04958450000049197
3434.2881607521194, 0.00029118115696529, 0.050049200000103156
3434.2881607521194, 0.00029118115696529, 0.05050829999981943
3434.2881607521194, 0.00029118115696529, 0.050977400000192574
3434.2881607521194, 0.00029118115696529, 0.051439400000163005
3434.2881607521194, 0.00029118115696529, 0.051899900000535126
3434.2881607521194, 0.00029118115696529, 0.052361300000484334
3434.2881607521194, 0.00029118115696529, 0.052818300000581075
3434.2881607521194, 0.00029118115696529, 0.05327720000059344
3434.2881607521194, 0.00029118115696529, 0.053735299999971176
3434.2881607521194, 0.00029118115696529, 0.0541971000002377
3434.2881607521194, 0.00029118115696529, 0.054654999999911524
3434.2881607521194, 0.00029118115696529, 0.05511260000002949
3434.2881607521194, 0.00029118115696529, 0.055569300000570365
3434.2881607521194, 0.00029118115696529, 0.05602989999988495
3434.2881607521194, 0.00029118115696529, 0.05648699999983364
3434.2881607521194, 0.00029118115696529, 0.05694480000056501
3434.2881607521194, 0.00029118115696529, 0.05740530000002764
3434.2881607521194, 0.00029118115696529, 0.05786360000001878
3434.2881607521194, 0.00029118115696529, 0.05832520000058139
3434.2881607521194, 0.00029118115696529, 0.05878260000008595
3434.2881607521194, 0.00029118115696529, 0.05924750000031054
3434.2881607521194, 0.00029118115696529, 0.05970859999979439
3434.2881607521194, 0.00029118115696529, 0.060167399999954796
3434.2881607521194, 0.00029118115696529, 0.060624700000516896
3434.2881607521194, 0.00029118115696529, 0.06108730000050855
3434.2881607521194, 0.00029118115696529, 0.06154800000058458
3434.2881607521194, 0.00029118115696529, 0.06200559999979305
3434.2881607521194, 0.00029118115696529, 0.06246670000018639
3434.2881607521194, 0.00029118115696529, 0.0630989999999656
3434.2881607521194, 0.00029118115696529, 0.06360360000053333
3434.2881607521194, 0.00029118115696529, 0.06412900000032096
3434.2881607521194, 0.00029118115696529, 0.06463830000029702
3434.2881607521194, 0.00029118115696529, 0.06513660000018717
3434.2881607521194, 0.00029118115696529, 0.0657917999997153
3434.2881607521194, 0.00029118115696529, 0.06661940000049071
3434.2881607521194, 0.00029118115696529, 0.06747970000014902
3434.2881607521194, 0.00029118115696529, 0.06827909999992698
3434.2881607521194, 0.00029118115696529, 0.06908019999991666
3434.2881607521194, 0.00029118115696529, 0.06969860000026529
3434.2881607521194, 0.00029118115696529, 0.07025900000007823
3434.2881607521194, 0.00029118115696529, 0.07091270000000804
3434.2881607521194, 0.00029118115696529, 0.07184020000022429
3434.2881607521194, 0.00029118115696529, 0.07257000000026892
3434.2881607521194, 0.00029118115696529, 0.07325560000026599
3434.2881607521194, 0.00029118115696529, 0.07381179999993037
3434.2881607521194, 0.00029118115696529, 0.07433769999988726
3434.2881607521194, 0.00029118115696529, 0.07490210000014486
3434.2881607521194, 0.00029118115696529, 0.07537969999975758
3434.2881607521194, 0.00029118115696529, 0.07585569999992003
3434.2881607521194, 0.00029118115696529, 0.07632730000023003
3434.2881607521194, 0.00029118115696529, 0.07679860000007466
3434.2881607521194, 0.00029118115696529, 0.07726929999989807
3434.2881607521194, 0.00029118115696529, 0.07774669999980688
3434.2881607521194, 0.00029118115696529, 0.07821729999977833
3434.2881607521194, 0.00029118115696529, 0.07872570000017731
3434.2881607521194, 0.00029118115696529, 0.07918549999976676
3434.2881607521194, 0.00029118115696529, 0.07976650000000518
3434.2881607521194, 0.00029118115696529, 0.08025280000038038
3434.2881607521194, 0.00029118115696529, 0.08070980000047712
3434.2881607521194, 0.00029118115696529, 0.08117099999981292
3434.2881607521194, 0.00029118115696529, 0.08175940000000992
3434.2881607521194, 0.00029118115696529, 0.08229080000000977
3434.2881607521194, 0.00029118115696529, 0.08282520000011573
3434.2881607521194, 0.00029118115696529, 0.08329060000050958
3434.2881607521194, 0.00029118115696529, 0.08374890000050073
3434.2881607521194, 0.00029118115696529, 0.08420750000004773
3434.2881607521194, 0.00029118115696529, 0.08467000000018743
3434.2881607521194, 0.00029118115696529, 0.0851319000003059
3434.2881607521194, 0.00029118115696529, 0.08559140000033949
3434.2881607521194, 0.00029118115696529, 0.08604710000054183
3434.2881607521194, 0.00029118115696529, 0.08650850000049104
3434.2881607521194, 0.00029118115696529, 0.08696920000056707
3434.2881607521194, 0.00029118115696529, 0.08742549999988114
3434.2881607521194, 0.00029118115696529, 0.08788739999999962
3434.2881607521194, 0.00029118115696529, 0.08834569999999076
3434.2881607521194, 0.00029118115696529, 0.08880750000025728
3434.2881607521194, 0.00029118115696529, 0.08926659999997355
3434.2881607521194, 0.00029118115696529, 0.08983450000050652
3434.2881607521194, 0.00029118115696529, 0.09029199999986304
3434.2881607521194, 0.00029118115696529, 0.09074870000040391
3434.2881607521194, 0.00029118115696529, 0.09120570000050066
3434.2881607521194, 0.00029118115696529, 0.09177379999982804
3434.2881607521194, 0.00029118115696529, 0.09223829999973532
3434.2881607521194, 0.00029118115696529, 0.0926963000001706
3434.2881607521194, 0.00029118115696529, 0.09315859999969689
3434.2881607521194, 0.00029118115696529, 0.09361919999992097
3434.2881607521194, 0.00029118115696529, 0.0940757999997004
3434.2881607521194, 0.00029118115696529, 0.09453290000055858
3434.2881607521194, 0.00029118115696529, 0.09499419999974634
3434.2881607521194, 0.00029118115696529, 0.0954504999999699
3434.2881607521194, 0.00029118115696529, 0.09591189999991911
3434.2881607521194, 0.00029118115696529, 0.09637029999976221
3434.2881607521194, 0.00029118115696529, 0.09683029999996506
3434.2881607521194, 0.00029118115696529, 0.09729140000035841
3434.2881607521194, 0.00029118115696529, 0.09774999999990541
3434.2881607521194, 0.00029118115696529, 0.09828930000003311
3434.2881607521194, 0.00029118115696529, 0.09884750000037457
3434.2881607521194, 0.00029118115696529, 0.09940989999995509
3434.2881607521194, 0.00029118115696529, 0.10009059999993042
3434.2881607521194, 0.00029118115696529, 0.1009727999999086
3434.2881607521194, 0.00029118115696529, 0.10143450000032317
3434.2881607521194, 0.00029118115696529, 0.10200150000036956
3434.2881607521194, 0.00029118115696529, 0.10245769999983168
3434.2881607521194, 0.00029118115696529, 0.10292070000014064
3434.2881607521194, 0.00029118115696529, 0.10338010000032227
3434.2881607521194, 0.00029118115696529, 0.10383550000005926
3434.2881607521194, 0.00029118115696529, 0.10429740000017773
3434.2881607521194, 0.00029118115696529, 0.10475529999985156
3434.2881607521194, 0.00029118115696529, 0.10521179999977903
3434.2881607521194, 0.00029118115696529, 0.10566780000044673
3434.2881607521194, 0.00029118115696529, 0.10612750000018423
3434.2881607521194, 0.00029118115696529, 0.10658469999998488
3434.2881607521194, 0.00029118115696529, 0.10704119999991235
3434.2881607521194, 0.00029118115696529, 0.1075090000003911
3434.2881607521194, 0.0002909336936339612, 0.10796920000029786
3434.2881607521194, 0.00029118115696529, 0.10842560000037338
3434.2881607521194, 0.00029118115696529, 0.10888660000000527
3434.2881607521194, 0.00029118115696529, 0.10934739999993326
3434.2881607521194, 0.00029118115696529, 0.10980579999977635
3434.2881607521194, 0.00029118115696529, 0.1103702999998859
3434.2881607521194, 0.00029118115696529, 0.11083589999998367
3434.2881607521194, 0.00029118115696529, 0.11129770000025019
3434.2881607521194, 0.00029118115696529, 0.11175580000053742
3434.2881607521194, 0.00029118115696529, 0.11233050000009825
3434.2881607521194, 0.00029118115696529, 0.11279350000040722
3434.2881607521194, 0.00029118115696529, 0.11325170000054641
3434.2881607521194, 0.00029118115696529, 0.11371039999994537
3434.2881607521194, 0.00029118115696529, 0.11416790000021138
3434.2881607521194, 0.00029118115696529, 0.1146284000005835
3434.2881607521194, 0.00029118115696529, 0.11508940000021539
3434.2881607521194, 0.00029118115696529, 0.11562440000034258
3434.2881607521194, 0.00029118115696529, 0.11608179999984714
3434.2881607521194, 0.00029118115696529, 0.11654559999988123
3434.2881607521194, 0.00029118115696529, 0.1170019000001048
3434.2881607521194, 0.00029118115696529, 0.11746099999982107
3434.2881607521194, 0.00029118115696529, 0.11792010000044684
3434.2881607521194, 0.00029118115696529, 0.11837699999978213
3434.2881607521194, 0.00029118115696529, 0.11883360000047105
3434.2881607521194, 0.00029118115696529, 0.11929010000039852
3434.2881607521194, 0.00029118115696529, 0.11975160000019969
3434.2881607521194, 0.00029118115696529, 0.12035939999987022
3434.2881607521194, 0.00029118115696529, 0.12125110000033601
3434.2881607521194, 0.00029118115696529, 0.12210740000045917
3434.2881607521194, 0.00029118115696529, 0.12306450000050972
3434.2881607521194, 0.00029118115696529, 0.12391769999976532
3434.2881607521194, 0.00029118115696529, 0.12478720000035537
3434.2881607521194, 0.00029118115696529, 0.1256418000002668
3434.2881607521194, 0.00029118115696529, 0.12649959999998828
3434.2881607521194, 0.00029118115696529, 0.12735309999970923
3434.2881607521194, 0.00029118115696529, 0.12820170000031794
3434.2881607521194, 0.00029118115696529, 0.129052799999954
3434.2881607521194, 0.00029118115696529, 0.12997559999985242
3434.2881607521194, 0.00029118115696529, 0.130912100000387
3434.2881607521194, 0.00029118115696529, 0.13176670000029844
3434.2881607521194, 0.00029118115696529, 0.13278340000033495
3434.2881607521194, 0.00029118115696529, 0.13363660000050004
3434.2881607521194, 0.00029118115696529, 0.13448440000047412
3434.2881607521194, 0.00029118115696529, 0.1353306999999404
3434.2881607521194, 0.00029118115696529, 0.13617880000037985
3434.2881607521194, 0.00029118115696529, 0.1370238999998037
3434.2881607521194, 0.00029118115696529, 0.13787330000013753
3434.2881607521194, 0.00029118115696529, 0.13872530000026018
3434.2881607521194, 0.00029118115696529, 0.13979089999975258
3434.2881607521194, 0.00029118115696529, 0.14072779999969498
3434.2881607521194, 0.00029118115696529, 0.14170650000050955
3434.2881607521194, 0.00029118115696529, 0.14250580000043556
3434.2881607521194, 0.00029118115696529, 0.14308909999999742
3434.2881607521194, 0.00029118115696529, 0.14355150000028516
3434.2881607521194, 0.00029118115696529, 0.1440124000000651
3434.2881607521194, 0.00029118115696529, 0.1444725000001199
3434.2881607521194, 0.00029118115696529, 0.14493529999981547
3434.2881607521194, 0.00029118115696529, 0.14540050000050542
3434.2881607521194, 0.00029118115696529, 0.14586460000009538
3434.2881607521194, 0.00029118115696529, 0.14632390000042506
3434.2881607521194, 0.00029118115696529, 0.14678619999995135
3434.2881607521194, 0.00029118115696529, 0.14724370000021736
3434.2881607521194, 0.00029118115696529, 0.1477004999997007
3434.2881607521194, 0.00029118115696529, 0.14816020000034769
3434.2881607521194, 0.00029118115696529, 0.14863810000042577
3434.2881607521194, 0.00029118115696529, 0.14914500000031694
3434.2881607521194, 0.00029118115696529, 0.14960820000032982
3434.2881607521194, 0.00029118115696529, 0.1500704999998561
3434.2881607521194, 0.00029118115696529, 0.15052710000054503
3434.2881607521194, 0.00029118115696529, 0.15108710000004066
3434.2881607521194, 0.00029118115696529, 0.1515439000004335
3434.2881607521194, 0.00029118115696529, 0.15200329999970563
3434.2881607521194, 0.00029118115696529, 0.15246060000026773
3434.2881607521194, 0.00029118115696529, 0.15302169999995385
3434.2881607521194, 0.00029118115696529, 0.15347720000045229
3434.2881607521194, 0.00029118115696529, 0.15393949999997858
3434.2881607521194, 0.00029118115696529, 0.1543957000003502
3434.2881607521194, 0.00029118115696529, 0.1548531999997067
3434.2881607521194, 0.00029118115696529, 0.15530760000001465
3434.2881607521194, 0.00029118115696529, 0.15576789999977336
3434.2881607521194, 0.00029118115696529, 0.15622810000058962
3434.2881607521194, 0.00029118115696529, 0.1566856999997981
3434.2881607521194, 0.00029118115696529, 0.15714519999983168
3434.2881607521194, 0.00029118115696529, 0.1576018000005206
3434.2881607521194, 0.00029118115696529, 0.15805720000025758
3434.2881607521194, 0.00029118115696529, 0.15854839999974502
3434.2881607521194, 0.00029118115696529, 0.15904370000043855
3434.2881607521194, 0.00029118115696529, 0.1595022000001336
3434.2881607521194, 0.00029118115696529, 0.15995999999995547
3434.2881607521194, 0.00029118115696529, 0.16041719999975612
3434.2881607521194, 0.00029118115696529, 0.16091570000025968
3434.2881607521194, 0.00029118115696529, 0.16222870000001421
3434.2881607521194, 0.00029118115696529, 0.16309939999973722
3434.2881607521194, 0.00029061488967942466, 0.1635802999999214
3434.2881607521194, 0.00029081523197333685, 0.16406580000057147
3434.2881607521194, 0.00029118115696529, 0.16452939999999217
3434.2881607521194, 0.00029118115696529, 0.16499000000021624
3434.2881607521194, 0.00029118115696529, 0.16553660000045056
3434.2881607521194, 0.00029118115696529, 0.16601100000025326
3434.2881607521194, 0.00029118115696529, 0.16650159999971947
3434.2881607521194, 0.00029118115696529, 0.1669638000003033
3434.2881607521194, 0.00029118115696529, 0.16742580000027374
3434.2881607521194, 0.00029118115696529, 0.16788460000043415
3434.2881607521194, 0.00029118115696529, 0.16834300000027724
3434.2881607521194, 0.00029118115696529, 0.1688027999998667
3434.2881607521194, 0.00029118115696529, 0.16930630000024394
3434.2881607521194, 0.00029118115696529, 0.1701997999998639
3434.2881607521194, 0.00029118115696529, 0.17099880000023404
3434.2881607521194, 0.00029118115696529, 0.1716507000001002
3434.2881607521194, 0.000290344608982202, 0.1721179000005577
3434.2881607521194, 0.000290344608982202, 0.17261380000036297
3434.2881607521194, 0.00029118115696529, 0.17310809999980847
3434.2881607521194, 0.00029118115696529, 0.1736759000004895
3434.2881607521194, 0.00029118115696529, 0.174135600000227
3434.2881607521194, 0.00029118115696529, 0.17462609999984124
3434.2881607521194, 0.00029118115696529, 0.175086299999748
3434.2881607521194, 0.00029118115696529, 0.17557750000014494
3434.2881607521194, 0.00029118115696529, 0.17603299999973387
3434.2881607521194, 0.00029118115696529, 0.17658120000032795
3434.2881607521194, 0.00029118115696529, 0.17713180000009743
3434.2881607521194, 0.00029118115696529, 0.17762390000007144
3434.2881607521194, 0.00029118115696529, 0.17808080000031623
3434.2881607521194, 0.00029118115696529, 0.17857199999980367
3434.2881607521194, 0.00029118115696529, 0.17903219999971043
3434.2881607521194, 0.00029118115696529, 0.17952299999979004
3434.2881607521194, 0.00029118115696529, 0.1799780000001192
3434.2881607521194, 0.00029118115696529, 0.18047310000019934
3434.2881607521194, 0.00029118115696529, 0.18096289999994042
3434.2881607521194, 0.00029118115696529, 0.1814897000003839
3434.2881607521194, 0.00029118115696529, 0.18198200000006182
3434.2881607521194, 0.00029118115696529, 0.1825447000001077
3434.2881607521194, 0.00029118115696529, 0.18300390000058542
3434.2881607521194, 0.00029118115696529, 0.1835388999998031
3429.456963718221, 0.00029159135413549524, 0.18410039999980654
3424.6257666843226, 0.00029200270865455374, 0.18458090000058291
3424.6257666843226, 0.00029200270865455374, 0.1850387000004048
3424.6257666843226, 0.00029200270865455374, 0.1855335999998715
3424.6257666843226, 0.00029200270865455374, 0.18599710000034975
3424.6257666843226, 0.00029200270865455374, 0.18650260000049457
3424.6257666843226, 0.00029200270865455374, 0.18696060000002035
3424.6257666843226, 0.00029200270865455374, 0.18745039999976143
3424.6257666843226, 0.00029200270865455374, 0.18794969999999012
3424.6257666843226, 0.00029200270865455374, 0.18844540000009147
3424.6257666843226, 0.00029200270865455374, 0.18890060000012454
3424.6257666843226, 0.00029200270865455374, 0.18939339999997173
3424.6257666843226, 0.00029200270865455374, 0.18985429999975167
3424.6257666843226, 0.00029200270865455374, 0.1903463999997257
3424.6257666843226, 0.00029200270865455374, 0.1908037000002878
3424.6257666843226, 0.00029200270865455374, 0.19131019999986165
3424.6257666843226, 0.00029200270865455374, 0.1918749000005846
3424.6257666843226, 0.00029200270865455374, 0.19240979999995034
3424.6257666843226, 0.00029159135413549524, 0.1928704000001744
3424.6257666843226, 0.00029200270865455374, 0.19340400000055524
3424.6257666843226, 0.00029118115696529, 0.193870699999934
3424.6257666843226, 0.00029118115696529, 0.19436810000024707
3424.6257666843226, 0.00029118115696529, 0.19483390000004874
3424.6257666843226, 0.00029200270865455374, 0.19536609999977372
3424.6257666843226, 0.00029200270865455374, 0.19586040000012872
3424.6257666843226, 0.00029200270865455374, 0.19635329999982787
3424.6257666843226, 0.00029200270865455374, 0.19681860000036977
3424.6257666843226, 0.00029200270865455374, 0.19731690000025992
3424.6257666843226, 0.00029200270865455374, 0.19777760000033595
3424.6257666843226, 0.00029200270865455374, 0.19826949999969656
3424.6257666843226, 0.00029200270865455374, 0.19887660000040341
3424.6257666843226, 0.00029200270865455374, 0.1993689999999333
3424.6257666843226, 0.00029200270865455374, 0.19983800000045449
3424.6257666843226, 0.00029200270865455374, 0.20030120000046736
3424.6257666843226, 0.00029200270865455374, 0.20076609999978245
3424.6257666843226, 0.00029200270865455374, 0.20122970000011264
3424.6257666843226, 0.00029200270865455374, 0.20181219999994937
3424.6257666843226, 0.00029200270865455374, 0.20229370000015479
3424.6257666843226, 0.00029200270865455374, 0.2027752000003602
3424.6257666843226, 0.00029200270865455374, 0.20326910000039788
3424.6257666843226, 0.00029200270865455374, 0.20383600000059232
3424.6257666843226, 0.00029200270865455374, 0.20429460000013933
3424.6257666843226, 0.00029200270865455374, 0.20475580000038462
3424.6257666843226, 0.00029200270865455374, 0.2052198999999746
3424.6257666843226, 0.00029200270865455374, 0.20568449999973382
3424.6257666843226, 0.00029200270865455374, 0.2064141999999265
3424.6257666843226, 0.00029200270865455374, 0.2072665000005145
3424.6257666843226, 0.00029200270865455374, 0.20774359999995795
3424.6257666843226, 0.00029200270865455374, 0.20820960000037303
3424.6257666843226, 0.00029200270865455374, 0.20875299999988783
3424.6257666843226, 0.00029200270865455374, 0.20921530000032362
3424.6257666843226, 0.00029200270865455374, 0.2096958000001905
3424.6257666843226, 0.00029200270865455374, 0.21017589999974007
3424.6257666843226, 0.00029200270865455374, 0.2106708000001163
3424.6257666843226, 0.00029200270865455374, 0.21113020000029792
3424.6257666843226, 0.00029200270865455374, 0.21164630000021134
3424.6257666843226, 0.00029200270865455374, 0.2121580000002723
3424.6257666843226, 0.00029200270865455374, 0.2126168000004327
3424.6257666843226, 0.00029200270865455374, 0.2130793000005724
3424.6257666843226, 0.00029200270865455374, 0.21359420000044338
3424.6257666843226, 0.00029200270865455374, 0.21420670000043174
3424.6257666843226, 0.00029200270865455374, 0.21467720000055124
3424.6257666843226, 0.00029189322691396894, 0.21514070000011998
3424.6257666843226, 0.00029200270865455374, 0.21574930000042514
3424.6257666843226, 0.00029200270865455374, 0.21634139999969193
3424.6257666843226, 0.00029200270865455374, 0.21687939999992523
3424.6257666843226, 0.00029200270865455374, 0.21737490000032267
3424.6257666843226, 0.00029200270865455374, 0.21787210000002233
3424.6257666843226, 0.00029200270865455374, 0.2183273000000554
3424.6257666843226, 0.00029200270865455374, 0.21885720000045694
3424.6257666843226, 0.00029200270865455374, 0.21932139999989886
3424.6257666843226, 0.00029200270865455374, 0.21981870000035997
3424.6257666843226, 0.00029200270865455374, 0.2202820000002248
3424.6257666843226, 0.00029200270865455374, 0.22078490000058082
3424.6257666843226, 0.00029200270865455374, 0.22152040000037232
3424.6257666843226, 0.00029200270865455374, 0.22208690000024944
3424.6257666843226, 0.00029200270865455374, 0.2225456000005579
3424.6257666843226, 0.00029200270865455374, 0.22304080000048998
3424.6257666843226, 0.00029200270865455374, 0.22349670000039623
3424.6257666843226, 0.00029200270865455374, 0.2240244000004168
3424.6257666843226, 0.00029200270865455374, 0.22450019999996584
3424.6257666843226, 0.00029200270865455374, 0.22499700000025769
3424.6257666843226, 0.00029200270865455374, 0.22546950000014476
3424.6257666843226, 0.00029200270865455374, 0.22596229999999196
3424.6257666843226, 0.00029200270865455374, 0.22642439999981434
3424.6257666843226, 0.00029200270865455374, 0.22692000000006374
3424.6257666843226, 0.00029200270865455374, 0.22737380000035046
3424.6257666843226, 0.00029200270865455374, 0.22786550000000716
3424.6257666843226, 0.00029200270865455374, 0.22846970000045985
3424.6257666843226, 0.00029200270865455374, 0.22901780000029248
3424.6257666843226, 0.00029200270865455374, 0.22947879999992438
3424.6257666843226, 0.00029200270865455374, 0.23000880000017787
3424.6257666843226, 0.00029200270865455374, 0.23046640000029583
3424.6257666843226, 0.00029200270865455374, 0.23097409999991214
3424.6257666843226, 0.00029200270865455374, 0.23143110000000888
3424.6257666843226, 0.00029200270865455374, 0.23207389999970474
3424.6257666843226, 0.00029200270865455374, 0.23268740000003163
3424.6257666843226, 0.00029200270865455374, 0.2334099999998216
3424.6257666843226, 0.00029200270865455374, 0.23395270000037272
3424.6257666843226, 0.00029200270865455374, 0.2344173999999839
3424.6257666843226, 0.00029200270865455374, 0.23491139999987354
3424.6257666843226, 0.00029200270865455374, 0.23539100000016333
3424.6257666843226, 0.00029200270865455374, 0.23605940000015835
3424.6257666843226, 0.00029200270865455374, 0.23668319999978849
3424.6257666843226, 0.00029200270865455374, 0.2371408999997584
3424.6257666843226, 0.00029200270865455374, 0.23763510000026145
3424.6257666843226, 0.00029200270865455374, 0.23809590000018943
3424.6257666843226, 0.00029200270865455374, 0.23857260000022507
3424.6257666843226, 0.00029200270865455374, 0.23906369999986055
3424.6257666843226, 0.00029200270865455374, 0.23953780000010738
3424.6257666843226, 0.00029200270865455374, 0.24006490000010672
3424.6257666843226, 0.00029200270865455374, 0.24052380000011908
3424.6257666843226, 0.00029200270865455374, 0.24101549999977578
3424.6257666843226, 0.00029200270865455374, 0.2414784000002328
3424.6257666843226, 0.00029200270865455374, 0.24200769999970362
3424.6257666843226, 0.00029200270865455374, 0.24246349999975791
3424.6257666843226, 0.00029200270865455374, 0.24302559999978257
3424.6257666843226, 0.00029200270865455374, 0.24383600000055594
3424.6257666843226, 0.00029200270865455374, 0.2442934000000605
3424.6257666843226, 0.00029200270865455374, 0.24478590000035183
3424.6257666843226, 0.00029200270865455374, 0.24525119999998424
3424.6257666843226, 0.00029200270865455374, 0.24579809999977442
3424.6257666843226, 0.00029200270865455374, 0.2462578000004214
3424.6257666843226, 0.00029200270865455374, 0.2467517000004591
3424.6257666843226, 0.00029200270865455374, 0.2472496999998839
3424.6257666843226, 0.00029200270865455374, 0.24774390000038693
3424.6257666843226, 0.00029200270865455374, 0.2482042999999976
3424.6257666843226, 0.00029200270865455374, 0.24897860000055516
3424.6257666843226, 0.00029200270865455374, 0.249823699999979
3424.6257666843226, 0.00029200270865455374, 0.25034080000023096
3424.6257666843226, 0.00029200270865455374, 0.2510312000003978
3424.6257666843226, 0.00029200270865455374, 0.2514976000002207
3424.6257666843226, 0.00029200270865455374, 0.25203010000041104
3424.6257666843226, 0.00029200270865455374, 0.25249520000033954
3424.6257666843226, 0.00029200270865455374, 0.25299489999997604
3424.6257666843226, 0.00029200270865455374, 0.2534526999997979
3424.6257666843226, 0.00029200270865455374, 0.25401549999969575
3424.6257666843226, 0.00029200270865455374, 0.2544999000001553
3421.0450198622884, 0.00029230834268303616, 0.2549746000004234
3421.0450198622884, 0.00029230834268303616, 0.25543480000033014
3421.0450198622884, 0.00029230834268303616, 0.25592760000017734
3421.0450198622884, 0.00029230834268303616, 0.2563852000002953
3421.0450198622884, 0.00029230834268303616, 0.256919100000232
3421.0450198622884, 0.00029230834268303616, 0.25739679999969667
3421.0450198622884, 0.00029230834268303616, 0.2581816000001709
3421.0450198622884, 0.00029230834268303616, 0.2588991000002352
3421.0450198622884, 0.00029230834268303616, 0.25935740000022633
3421.0450198622884, 0.00029230834268303616, 0.25984930000049644
3421.0450198622884, 0.00029230834268303616, 0.2603135999997903
3421.0450198622884, 0.00029230834268303616, 0.26082450000012614
3421.0450198622884, 0.00029230834268303616, 0.26131640000039624
3421.0450198622884, 0.00029230834268303616, 0.26190260000021226
3421.0450198622884, 0.00029230834268303616, 0.26236710000011954
3421.0450198622884, 0.00029230834268303616, 0.26286440000058064
3421.0450198622884, 0.00029230834268303616, 0.26332559999991645
3421.0450198622884, 0.00029230834268303616, 0.26385690000006434
3416.0319743114414, 0.00029273730676995986, 0.2643207999999504
3416.0319743114414, 0.00029273730676995986, 0.2648372000003292
3416.0319743114414, 0.00029273730676995986, 0.2657152000001588
3416.0319743114414, 0.00029273730676995986, 0.2666322000004584
3416.0319743114414, 0.00029273730676995986, 0.267117600000347
3416.0319743114414, 0.00029273730676995986, 0.26763219999975263
3416.0319743114414, 0.00029273730676995986, 0.2681097000004229
3416.0319743114414, 0.00029273730676995986, 0.26862549999987095
3416.0319743114414, 0.00029273730676995986, 0.26912429999993037
3416.0319743114414, 0.00029273730676995986, 0.2696549000002051
3416.0319743114414, 0.00029273730676995986, 0.2701257999997324
3416.0319743114414, 0.00029273730676995986, 0.27063670000006823
3416.0319743114414, 0.00029273730676995986, 0.2711060000001453
3416.0319743114414, 0.00029273730676995986, 0.27161380000052304
3416.0319743114414, 0.00029273730676995986, 0.2721105999999054
3416.0319743114414, 0.00029273730676995986, 0.272757200000342
3416.0319743114414, 0.00029273730676995986, 0.27325720000044385
3416.0319743114414, 0.00029273730676995986, 0.27377070000056847
3416.0319743114414, 0.00029273730676995986, 0.27425050000056217
3416.0319743114414, 0.00029273730676995986, 0.27476949999982025
3416.0319743114414, 0.00029273730676995986, 0.27524480000010954
3416.0319743114414, 0.00029273730676995986, 0.27577759999985574
3416.0319743114414, 0.00029273730676995986, 0.276295100000425
3416.0319743114414, 0.00029273730676995986, 0.2768076000002111
3416.0319743114414, 0.00029273730676995986, 0.2772805000004155
3416.0319743114414, 0.00029273730676995986, 0.2778144000003522
3416.0319743114414, 0.00029273730676995986, 0.2782919999999649
3416.0319743114414, 0.00029273730676995986, 0.27880480000021635
3416.0319743114414, 0.00029230834268303616, 0.27927640000052634
3416.0319743114414, 0.00029273730676995986, 0.27978650000022753
3416.0319743114414, 0.00029273730676995986, 0.2803527000005488
3416.0319743114414, 0.00029273730676995986, 0.28086069999972096
3416.0319743114414, 0.00029273730676995986, 0.28133489999981975
3416.0319743114414, 0.00029273730676995986, 0.2818495999999868
3416.0319743114414, 0.00029273730676995986, 0.2824311000003945
3416.0319743114414, 0.00029273730676995986, 0.2830197000002954
3416.0319743114414, 0.00029273730676995986, 0.2835557999997036
3416.0319743114414, 0.00029273730676995986, 0.28406510000058915
3416.0319743114414, 0.00029273730676995986, 0.28458150000005844
3416.0319743114414, 0.00029273730676995986, 0.2850575000002209
3416.0319743114414, 0.00029273730676995986, 0.2855650000001333
3416.0319743114414, 0.00029273730676995986, 0.2860411000001477
3416.0319743114414, 0.00029202140776304447, 0.28655479999997624
3416.0319743114414, 0.00029273730676995986, 0.2870566999999937
3416.0319743114414, 0.00029273730676995986, 0.2876372000000629
3416.0319743114414, 0.00029273730676995986, 0.28819670000029873
3416.0319743114414, 0.00029273730676995986, 0.2887129000000641
3416.0319743114414, 0.00029273730676995986, 0.2891916999997193
3416.0319743114414, 0.00029273730676995986, 0.28970010000011825
3416.0319743114414, 0.00029273730676995986, 0.29016719999981433
3416.0319743114414, 0.00029273730676995986, 0.29073200000038923
3416.0319743114414, 0.00029273730676995986, 0.29123970000000554
3416.0319743114414, 0.00029273730676995986, 0.29174870000042574
3416.0319743114414, 0.00029273730676995986, 0.2922238000001016
3416.0319743114414, 0.00029273730676995986, 0.2927355000001626
3416.0319743114414, 0.00029273730676995986, 0.29320780000034574
3416.0319743114414, 0.00029273730676995986, 0.29373349999968923
3416.0319743114414, 0.00029273730676995986, 0.29423140000017156
3416.0319743114414, 0.00029273730676995986, 0.2948255000001154
3416.0319743114414, 0.00029273730676995986, 0.2953152999998565
3416.0319743114414, 0.00029273730676995986, 0.2958227999997689
3416.0319743114414, 0.00029273730676995986, 0.29630030000043917
3416.0319743114414, 0.00029273730676995986, 0.29680850000022474
3416.0319743114414, 0.00029273730676995986, 0.29727640000055544
3416.0319743114414, 0.00029273730676995986, 0.2977866000001086
3416.0319743114414, 0.00029273730676995986, 0.29829349999999977
3416.0319743114414, 0.00029273730676995986, 0.2988621000004059
3416.0319743114414, 0.00029273730676995986, 0.2994135999997525
3416.0319743114414, 0.00029273730676995986, 0.2999737999998615
3416.0319743114414, 0.00029273730676995986, 0.30049460000009276
3416.0319743114414, 0.00029273730676995986, 0.3009695999999167
3416.0319743114414, 0.00029273730676995986, 0.3014861000001474
3416.0319743114414, 0.00029273730676995986, 0.3020347000001493
3416.0319743114414, 0.00029273730676995986, 0.3025385999999344
3416.0319743114414, 0.00029273730676995986, 0.3030109999999695
3416.0319743114414, 0.00029273730676995986, 0.30383230000006733
3416.0319743114414, 0.00029273730676995986, 0.3053741000003356
3416.0319743114414, 0.00029273730676995986, 0.30631110000012995
3416.0319743114414, 0.00029273730676995986, 0.30726080000022193
3416.0319743114414, 0.00029273730676995986, 0.30808239999987563
3416.0319743114414, 0.00029273730676995986, 0.30871639999986655
3416.0319743114414, 0.00029273730676995986, 0.3092125000002852
3416.0319743114414, 0.00029273730676995986, 0.3100681000005352
3416.0319743114414, 0.00029273730676995986, 0.31100659999992786
3416.0319743114414, 0.00029273730676995986, 0.31193940000048315
3416.0319743114414, 0.00029273730676995986, 0.3128655999998955
3416.0319743114414, 0.00029273730676995986, 0.313799000000472
3416.0319743114414, 0.00029273730676995986, 0.3147289999997156
3416.0319743114414, 0.00029273730676995986, 0.3157787999998618
3416.0319743114414, 0.00029273730676995986, 0.3173831000003702
3416.0319743114414, 0.00029273730676995986, 0.31844230000024254
3416.0319743114414, 0.00029273730676995986, 0.31935109999994893
3416.0319743114414, 0.00029273730676995986, 0.3202595000002475
3416.0319743114414, 0.00029273730676995986, 0.32116409999980533
3416.0319743114414, 0.00029273730676995986, 0.3221224999997503
3416.0319743114414, 0.00029273730676995986, 0.3230844999998226
3416.0319743114414, 0.00029273730676995986, 0.3242636000004495
3416.0319743114414, 0.00029273730676995986, 0.3256541999999172
3416.0319743114414, 0.00029273730676995986, 0.3267034999998941
3416.0319743114414, 0.00029273730676995986, 0.32787009999992733
3416.0319743114414, 0.00029273730676995986, 0.32894219999980123
3416.0319743114414, 0.00029273730676995986, 0.3302848000002996
3416.0319743114414, 0.00029273730676995986, 0.33169900000029884
3416.0319743114414, 0.00029273730676995986, 0.3331114000002344
3416.0319743114414, 0.00029273730676995986, 0.33413019999989046
3416.0319743114414, 0.00029273730676995986, 0.3351313000002847
3416.0319743114414, 0.00029273730676995986, 0.33608170000024984
3416.0319743114414, 0.00029273730676995986, 0.33722060000036436
3416.0319743114414, 0.00029273730676995986, 0.3387631000005058
3416.0319743114414, 0.00029273730676995986, 0.3399825000005876
3416.0319743114414, 0.00029273730676995986, 0.34106680000058986
3416.0319743114414, 0.00029273730676995986, 0.34205850000034843
3416.0319743114414, 0.00029273730676995986, 0.34299860000010085
3416.0319743114414, 0.00029273730676995986, 0.34396790000027977
3416.0319743114414, 0.00029273730676995986, 0.3449052000005395
3416.0319743114414, 0.00029273730676995986, 0.3458842000000004
3416.0319743114414, 0.00029273730676995986, 0.34701740000036807
3416.0319743114414, 0.00029273730676995986, 0.3479729999999108
3416.0319743114414, 0.00029273730676995986, 0.3489104000000225
3416.0319743114414, 0.00029273730676995986, 0.3494901000003665
3416.0319743114414, 0.00029273730676995986, 0.3501899000002595
3416.0319743114414, 0.00029273730676995986, 0.35068690000025526
3416.0319743114414, 0.00029273730676995986, 0.3511757000005673
3416.0319743114414, 0.00029273730676995986, 0.3519389000002775
3416.0319743114414, 0.00029273730676995986, 0.3525884999999107
3416.0319743114414, 0.00029273730676995986, 0.35309550000056333
3416.0319743114414, 0.00029273730676995986, 0.35359580000022106
3416.0319743114414, 0.00029273730676995986, 0.35408129999996163
3416.0319743114414, 0.00029273730676995986, 0.3545780000004015
3416.0319743114414, 0.00029273730676995986, 0.35506340000029013
3416.0319743114414, 0.00029273730676995986, 0.3555513000001156
3416.0319743114414, 0.00029273730676995986, 0.35603749999972933
3416.0319743114414, 0.00029273730676995986, 0.3565767000000051
3416.0319743114414, 0.00029273730676995986, 0.3573654000001625
3416.0319743114414, 0.00029273730676995986, 0.3580062999999427
3416.0319743114414, 0.00029273730676995986, 0.3585998999997173
3416.0319743114414, 0.00029273730676995986, 0.35908590000053664
3416.0319743114414, 0.00029273730676995986, 0.35956460000033985
3416.0319743114414, 0.00029226062789171125, 0.36005590000058874
3416.0319743114414, 0.0002923569156699539, 0.36055279999982304
3416.0319743114414, 0.00029273730676995986, 0.36102800000026036
3416.0319743114414, 0.00029273730676995986, 0.36153269999977056
3416.0319743114414, 0.00029273730676995986, 0.3621164000005592
3416.0319743114414, 0.00029273730676995986, 0.362623099999837
3416.0319743114414, 0.00029273730676995986, 0.3631169000000227
3416.0319743114414, 0.00029273730676995986, 0.36360880000029283
3416.0319743114414, 0.00029273730676995986, 0.36410150000028807
3416.0319743114414, 0.00029273730676995986, 0.3645956999998816
3416.0319743114414, 0.00029273730676995986, 0.3650828999998339
3416.0319743114414, 0.00029273730676995986, 0.3659434000001056
3416.0319743114414, 0.00029273730676995986, 0.3670694000002186
3416.0319743114414, 0.00029273730676995986, 0.368083100000149
3416.0319743114414, 0.00029273730676995986, 0.3689777999998114
3416.0319743114414, 0.00029273730676995986, 0.36987740000040503
3416.0319743114414, 0.00029273730676995986, 0.37077339999996184
3416.0319743114414, 0.00029273730676995986, 0.37176910000016505
3416.0319743114414, 0.00029273730676995986, 0.37281090000033146
3416.0319743114414, 0.00029273730676995986, 0.37373660000048403
3416.0319743114414, 0.00029273730676995986, 0.37463130000014644
3416.0319743114414, 0.00029273730676995986, 0.375599200000579
3416.0319743114414, 0.00029273730676995986, 0.376489400000537
3416.0319743114414, 0.00029273730676995986, 0.37738460000036866
3416.0319743114414, 0.00029273730676995986, 0.37828129999979865
3416.0319743114414, 0.00029273730676995986, 0.3791882000004989
3416.0319743114414, 0.00029273730676995986, 0.3800784000004569
3416.0319743114414, 0.00029273730676995986, 0.3809659999997166
3416.0319743114414, 0.00029273730676995986, 0.38193219999993744
3416.0319743114414, 0.00029273730676995986, 0.3829803999997239
3416.0319743114414, 0.00029273730676995986, 0.3839920999998867
3416.0319743114414, 0.00029273730676995986, 0.384884900000543
3416.0319743114414, 0.00029273730676995986, 0.3857975999999326
3416.0319743114414, 0.00029273730676995986, 0.3868515000003754
3416.0319743114414, 0.00029273730676995986, 0.3879293999998481
3416.0319743114414, 0.00029273730676995986, 0.3890424000001076
3416.0319743114414, 0.00029273730676995986, 0.39019269999971584
3416.0319743114414, 0.00029273730676995986, 0.3914684999999736
3416.0319743114414, 0.00029273730676995986, 0.392345899999782
3416.0319743114414, 0.00029273730676995986, 0.3932654000000184
3416.0319743114414, 0.0002926759491197636, 0.39415460000054736
3412.4512274894073, 0.00029304448132309727, 0.39499919999980193
3412.4512274894073, 0.00029304448132309727, 0.39587829999982205
3412.4512274894073, 0.00029304448132309727, 0.39683400000012625
3412.4512274894073, 0.00029304448132309727, 0.3977989000004527
3412.4512274894073, 0.00029304448132309727, 0.3988297000005332
3412.4512274894073, 0.00029304448132309727, 0.40020629999980883
3412.4512274894073, 0.00029304448132309727, 0.401165299999775
3412.4512274894073, 0.00029304448132309727, 0.4020313000000897
3412.4512274894073, 0.00029304448132309727, 0.40292870000030234
3412.4512274894073, 0.00029304448132309727, 0.40385870000045543
3412.4512274894073, 0.00029304448132309727, 0.40491709999969316
3412.4512274894073, 0.00029304448132309727, 0.40585830000054557
3412.4512274894073, 0.00029304448132309727, 0.4067664000003788
3412.4512274894073, 0.00029304448132309727, 0.4076703999999154
3412.4512274894073, 0.00029304448132309727, 0.4085777999998754
3412.4512274894073, 0.00029304448132309727, 0.4094857000000047
3412.4512274894073, 0.00029304448132309727, 0.41039050000017596
3412.4512274894073, 0.00029304448132309727, 0.41133720000016183
3412.4512274894073, 0.00029304448132309727, 0.4123074999997698
3412.4512274894073, 0.00029304448132309727, 0.4132412999997541
3412.4512274894073, 0.00029304448132309727, 0.41414679999979853
3412.4512274894073, 0.00029304448132309727, 0.4150453000002017
3412.4512274894073, 0.00029304448132309727, 0.4163325999998051
3412.4512274894073, 0.00029304448132309727, 0.4177832000004855
3412.4512274894073, 0.00029304448132309727, 0.4186891999997897
3412.4512274894073, 0.00029304448132309727, 0.41962430000057793
3412.4512274894073, 0.00029304448132309727, 0.4207833999998911
3412.4512274894073, 0.00029304448132309727, 0.4217054000000644
3412.4512274894073, 0.00029304448132309727, 0.42262490000030084
3412.4512274894073, 0.00029304448132309727, 0.42354880000038975
3412.4512274894073, 0.00029304448132309727, 0.42444030000024213
3412.4512274894073, 0.00029304448132309727, 0.42535360000056244
3412.4512274894073, 0.00029304448132309727, 0.4264560999999958
3412.4512274894073, 0.00029304448132309727, 0.4273694000003161
3412.4512274894073, 0.00029304448132309727, 0.4282850999998118
3412.4512274894073, 0.00029304448132309727, 0.42918660000032105
3412.4512274894073, 0.00029304448132309727, 0.4300831000000471
3412.4512274894073, 0.00029304448132309727, 0.43098809999992227
3412.4512274894073, 0.00029304448132309727, 0.43196850000003906
3412.4512274894073, 0.00029304448132309727, 0.4333347000001595
3412.4512274894073, 0.00029304448132309727, 0.4343010000002323
3412.4512274894073, 0.00029304448132309727, 0.43477549999988696
3412.4512274894073, 0.00029304448132309727, 0.4352440000002389
3412.4512274894073, 0.00029304448132309727, 0.4357111999997869
3412.4512274894073, 0.00029304448132309727, 0.43630320000011125
3412.4512274894073, 0.00029304448132309727, 0.4370740000003934
3412.4512274894073, 0.00029304448132309727, 0.43789660000038566
3412.4512274894073, 0.00029304448132309727, 0.43867500000033033
3412.4512274894073, 0.0002927952460783727, 0.43942429999970045
3412.4512274894073, 0.00029304448132309727, 0.4398876000004748
3412.4512274894073, 0.00029304448132309727, 0.4405483999998978
3412.4512274894073, 0.00029304448132309727, 0.44135150000056456
3412.4512274894073, 0.00029304448132309727, 0.4418185000004087
3412.4512274894073, 0.00029304448132309727, 0.44240609999997105
3412.4512274894073, 0.00029304448132309727, 0.4432128999997076
3412.4512274894073, 0.00029279967177156795, 0.4439801999997144
3412.4512274894073, 0.00029304448132309727, 0.4447918000005302
3412.4512274894073, 0.00029304448132309727, 0.4453942999998617
3412.4512274894073, 0.00029304448132309727, 0.44616580000001704
3412.4512274894073, 0.00029304448132309727, 0.44693199999983335
3412.4512274894073, 0.00029304448132309727, 0.44770299999981944
3412.4512274894073, 0.00029304448132309727, 0.44862560000001395
3412.4512274894073, 0.00029304448132309727, 0.4494206999997914
3412.4512274894073, 0.00029304448132309727, 0.45055169999977807
3412.4512274894073, 0.00029304448132309727, 0.45132569999987027
3412.4512274894073, 0.00029292584813717874, 0.4521794000002046
3412.4512274894073, 0.00029304448132309727, 0.4530408000000534
3412.4512274894073, 0.00029304448132309727, 0.45380850000037753
3412.4512274894073, 0.00029304448132309727, 0.45456449999983306
3412.4512274894073, 0.00029304448132309727, 0.45504950000031386
3412.4512274894073, 0.00029304448132309727, 0.4558336000000054
3412.4512274894073, 0.00029304448132309727, 0.4564995999999155
3412.4512274894073, 0.00029304448132309727, 0.4569776999996975
3412.4512274894073, 0.00029304448132309727, 0.45774859999983164
3412.4512274894073, 0.00029304448132309727, 0.4585157999999865
3412.4512274894073, 0.00029304448132309727, 0.45928509999976086
3412.4512274894073, 0.00029304448132309727, 0.46006579999993846
3412.4512274894073, 0.00029304448132309727, 0.460846599999968
3412.4512274894073, 0.00029304448132309727, 0.4615542000001369
3412.4512274894073, 0.00029304448132309727, 0.46232340000005934
3412.4512274894073, 0.00029304448132309727, 0.4631232000001546
3412.4512274894073, 0.00029304448132309727, 0.46399769999970886
3412.4512274894073, 0.00029304448132309727, 0.4647603000003073
3412.4512274894073, 0.00029304448132309727, 0.4654571000000942
3412.4512274894073, 0.00029304448132309727, 0.4664572000001499
3412.4512274894073, 0.00029304448132309727, 0.46735830000034184
3412.4512274894073, 0.00029304448132309727, 0.4682397000005949
3412.4512274894073, 0.00029304448132309727, 0.4690115000003061
3412.4512274894073, 0.00029304448132309727, 0.4697756000005029
3412.4512274894073, 0.00029304448132309727, 0.4705424000003404
3412.4512274894073, 0.00029304448132309727, 0.4712424999997893
3412.4512274894073, 0.00029304448132309727, 0.47171390000039537
3412.4512274894073, 0.00029304448132309727, 0.47227250000014465
3412.4512274894073, 0.00029304448132309727, 0.47307830000045215
3412.4512274894073, 0.00029304448132309727, 0.47383869999976014
3412.4512274894073, 0.00029304448132309727, 0.4745867999999973
3412.4512274894073, 0.00029304448132309727, 0.47537819999979547
3412.4512274894073, 0.00029304448132309727, 0.4761460999998235
3412.4512274894073, 0.00029304448132309727, 0.4769168000002537
3412.4512274894073, 0.00029304448132309727, 0.47767660000045
3412.4512274894073, 0.00029304448132309727, 0.47837059999983467
3412.4512274894073, 0.00029304448132309727, 0.47916650000024674
3412.4512274894073, 0.00029304448132309727, 0.4799531999997271
3412.4512274894073, 0.00029304448132309727, 0.4807172000000719
3412.4512274894073, 0.00029304448132309727, 0.4815347000003385
3412.4512274894073, 0.00029304448132309727, 0.4821380000003046
3412.4512274894073, 0.00029304448132309727, 0.4831861000002391
3412.4512274894073, 0.00029304448132309727, 0.4843425999997635
3412.4512274894073, 0.00029304448132309727, 0.4849229000001287
3412.4512274894073, 0.00029304448132309727, 0.4857985999997254
3412.4512274894073, 0.00029304448132309727, 0.48632760000054986
3412.4512274894073, 0.00029304448132309727, 0.4867968999997174
3412.4512274894073, 0.00029304448132309727, 0.4874920000002021
3412.4512274894073, 0.00029304448132309727, 0.4882612999999765
3412.4512274894073, 0.00029304448132309727, 0.4890313000005335
3412.4512274894073, 0.00029304448132309727, 0.4898499000000811
3412.4512274894073, 0.00029304448132309727, 0.49062120000053255
3412.4512274894073, 0.00029304448132309727, 0.4914278000005652
3412.4512274894073, 0.00029304448132309727, 0.49219780000021274
3412.4512274894073, 0.00029304448132309727, 0.49313880000045174
3412.4512274894073, 0.00029304448132309727, 0.4936063000004651
3412.4512274894073, 0.00029304448132309727, 0.49412389999997686
3412.4512274894073, 0.00029304448132309727, 0.4948922000003222
3412.4512274894073, 0.00029304448132309727, 0.4956561999997575
3412.4512274894073, 0.00029304448132309727, 0.4963877999998658
3412.4512274894073, 0.00029304448132309727, 0.496877399999903
3412.4512274894073, 0.00029304448132309727, 0.4976550999999745
3412.4512274894073, 0.00029304448132309727, 0.4984565000004295
3412.4512274894073, 0.00029304448132309727, 0.4991490000002159
3412.4512274894073, 0.00029304448132309727, 0.4998168000001897
3412.4512274894073, 0.00029304448132309727, 0.5009884000000966
3412.4512274894073, 0.00029304448132309727, 0.5019463999997242
3412.4512274894073, 0.00029304448132309727, 0.5029371999999057
3412.4512274894073, 0.00029304448132309727, 0.503685000000587
3412.4512274894073, 0.00029304448132309727, 0.5042456999999558
3412.4512274894073, 0.00029304448132309727, 0.5048772999998619
3412.4512274894073, 0.00029304448132309727, 0.50541130000056
3412.4512274894073, 0.00029304448132309727, 0.5059560999998212
3412.4512274894073, 0.00029304448132309727, 0.506555699999808
3412.4512274894073, 0.00029304448132309727, 0.5075380999996923
3412.4512274894073, 0.00029304448132309727, 0.5086860000001252
3412.4512274894073, 0.00029304448132309727, 0.5096806000001379
3412.4512274894073, 0.00029304448132309727, 0.5105017000005319
3412.4512274894073, 0.00029304448132309727, 0.5111225999999078
3412.4512274894073, 0.00029304448132309727, 0.5116250000000946
3412.4512274894073, 0.00029304448132309727, 0.5121189999999842
3412.4512274894073, 0.00029304448132309727, 0.5125826000003144
3412.4512274894073, 0.00029304448132309727, 0.5131108000005042
3412.4512274894073, 0.00029304448132309727, 0.5135663000000932
3412.4512274894073, 0.00029304448132309727, 0.5140919000004942
3412.4512274894073, 0.00029304448132309727, 0.5145493999998507
3410.0356289724573, 0.00029325206795605504, 0.515110100000129
3410.0356289724573, 0.00029325206795605504, 0.5162743999999293
3410.0356289724573, 0.00029325206795605504, 0.517621699999836
3410.0356289724573, 0.00029325206795605504, 0.5184378000003562
3410.0356289724573, 0.00029325206795605504, 0.5189729000003354
3410.0356289724573, 0.00029325206795605504, 0.5194670999999289
3410.0356289724573, 0.00029325206795605504, 0.5199608000002627
3410.0356289724573, 0.00029325206795605504, 0.5204227000003812
3410.0356289724573, 0.00029325206795605504, 0.5209537999999156
3410.0356289724573, 0.00029325206795605504, 0.521412600000076
3410.0356289724573, 0.00029325206795605504, 0.5219072999998389
3410.0356289724573, 0.00029325206795605504, 0.5224557000001369
3410.0356289724573, 0.00029325206795605504, 0.5229952999998204
3410.0356289724573, 0.00029304448132309727, 0.523462400000426
3410.0356289724573, 0.00029325206795605504, 0.5239582000003793
3410.0356289724573, 0.00029304448132309727, 0.5244155999998839
3410.0356289724573, 0.00029325206795605504, 0.5249058999997942
3410.0356289724573, 0.00029325206795605504, 0.5253698000005897
3410.0356289724573, 0.00029325206795605504, 0.5258764999998675
3410.0356289724573, 0.00029325206795605504, 0.5263498000003892
3410.0356289724573, 0.00029325206795605504, 0.526872800000092
3410.0356289724573, 0.00029325206795605504, 0.5273329999999987
3410.0356289724573, 0.00029325206795605504, 0.5278235000005225
3410.0356289724573, 0.00029325206795605504, 0.5282784000000902
3410.0356289724573, 0.00029325206795605504, 0.5287325999997847
3410.0356289724573, 0.00029325206795605504, 0.5292269999999917
3410.0356289724573, 0.00029325206795605504, 0.5297435000002224
3410.0356289724573, 0.00029325206795605504, 0.5302159000002575
3410.0356289724573, 0.00029325206795605504, 0.530672400000185
3410.0356289724573, 0.00029325206795605504, 0.5312023000005865
3410.0356289724573, 0.00029325206795605504, 0.531656600000133
3410.0356289724573, 0.00029325206795605504, 0.5324233000001186
3410.0356289724573, 0.00029325206795605504, 0.533027100000254
3410.0356289724573, 0.00029325206795605504, 0.5336093000005349
3410.0356289724573, 0.00029325206795605504, 0.5341253000005963
3410.0356289724573, 0.00029325206795605504, 0.5345804999997199
3410.0356289724573, 0.00029325206795605504, 0.5350785999999061
3410.0356289724573, 0.00029325206795605504, 0.5355343999999604
3410.0356289724573, 0.00029325206795605504, 0.5360227999999552
3410.0356289724573, 0.00029325206795605504, 0.5364846000002217
3410.0356289724573, 0.00029325206795605504, 0.5370365999997375
3410.0356289724573, 0.00029325206795605504, 0.5375519999997778
3410.0356289724573, 0.00029325206795605504, 0.5380470000000059
3410.0356289724573, 0.00029325206795605504, 0.5385028000000602
3410.0356289724573, 0.00029325206795605504, 0.5389960000002247
3410.0356289724573, 0.00029325206795605504, 0.5394514999998137
3410.0356289724573, 0.00029325206795605504, 0.5399378000001889
3410.0356289724573, 0.00029325206795605504, 0.5403999000000113
3410.0356289724573, 0.00029325206795605504, 0.5409291000005396
3410.0356289724573, 0.00029325206795605504, 0.5414188000004287
3410.0356289724573, 0.00029325206795605504, 0.541912499999853
3410.0356289724573, 0.00029325206795605504, 0.5423731000000771
3410.0356289724573, 0.00029325206795605504, 0.5428996000000552
3410.0356289724573, 0.00029325206795605504, 0.5433530000000246
3410.0356289724573, 0.00029325206795605504, 0.5438427999997657
3410.0356289724573, 0.00029325206795605504, 0.5443265000003521
3410.0356289724573, 0.00029325206795605504, 0.5449069000005693
3410.0356289724573, 0.00029325206795605504, 0.5453635000003487
3410.0356289724573, 0.00029325206795605504, 0.5458601999998791
3410.0356289724573, 0.00029325206795605504, 0.5463196000000607
3410.0356289724573, 0.00029325206795605504, 0.5468092999999499
3410.0356289724573, 0.00029325206795605504, 0.5472639999998137
3410.0356289724573, 0.00029325206795605504, 0.5477172999999311
3410.0356289724573, 0.00029325206795605504, 0.5482786000002307
3410.0356289724573, 0.00029325206795605504, 0.5488524000002144
3410.0356289724573, 0.00029325206795605504, 0.5493062000005011
3410.0356289724573, 0.00029325206795605504, 0.5497664000004079
3410.0356289724573, 0.00029325206795605504, 0.5502721000002566
3410.0356289724573, 0.00029325206795605504, 0.5508086999998341
3410.0356289724573, 0.00029325206795605504, 0.551299800000379
3410.0356289724573, 0.00029325206795605504, 0.5518626000002769
3410.0356289724573, 0.00029325206795605504, 0.5523369000002276
3410.0356289724573, 0.00029325206795605504, 0.5528008999999656
3410.0356289724573, 0.00029325206795605504, 0.5533704999998008
3410.0356289724573, 0.00029325206795605504, 0.55382869999994
3410.0356289724573, 0.00029325206795605504, 0.5542873000003965
3410.0356289724573, 0.00029325206795605504, 0.5547413000003871
3410.0356289724573, 0.00029325206795605504, 0.5552040000002307
3410.0356289724573, 0.00029325206795605504, 0.5556950000000143
3410.0356289724573, 0.00029325206795605504, 0.5561841999997341
3410.0356289724573, 0.00029325206795605504, 0.5566396000003806
3410.0356289724573, 0.00029325206795605504, 0.5571006999998644
3410.0356289724573, 0.00029325206795605504, 0.5575579000005746
3410.0356289724573, 0.00029325206795605504, 0.5580128000001423
3410.0356289724573, 0.00029325206795605504, 0.558466600000429
3410.0356289724573, 0.00029325206795605504, 0.5589434000003166
3410.0356289724573, 0.00029325206795605504, 0.5594933000002129
3400.4499258474575, 0.00029407873128753126, 0.5599510000001828
3400.4499258474575, 0.00029407873128753126, 0.5604073000004064
3400.4499258474575, 0.00029407873128753126, 0.5608652999999322
3400.4499258474575, 0.00029407873128753126, 0.5614298000000417
3400.4499258474575, 0.00029407873128753126, 0.5618830000003072
3400.4499258474575, 0.00029407873128753126, 0.5623433000000659
3400.4499258474575, 0.00029407873128753126, 0.5628364000003785
3400.4499258474575, 0.00029407873128753126, 0.5634882000003927
3400.4499258474575, 0.00029407873128753126, 0.5642514999999548
3400.4499258474575, 0.00029407873128753126, 0.5650215000005119
3400.4499258474575, 0.00029407873128753126, 0.5658340999998472
3400.4499258474575, 0.00029407873128753126, 0.5663085000005594
3400.4499258474575, 0.00029325206795605504, 0.5668588999997155
3400.4499258474575, 0.00029407873128753126, 0.567312099999981
3400.4499258474575, 0.00029407873128753126, 0.5677702000002682
3400.4499258474575, 0.00029407873128753126, 0.568224900000132
3400.4499258474575, 0.00029407873128753126, 0.5686777000000802
3400.4499258474575, 0.00029407873128753126, 0.5691360000000714
3400.4499258474575, 0.00029407873128753126, 0.5695931000000201
3400.4499258474575, 0.00029407873128753126, 0.5700687999997172
3400.4499258474575, 0.00029407873128753126, 0.5705353000003015
3400.4499258474575, 0.00029407873128753126, 0.5710257999999158
3400.4499258474575, 0.00029407873128753126, 0.5715869000005114
3400.4499258474575, 0.00029407873128753126, 0.572041000000354
3400.4499258474575, 0.00029407873128753126, 0.572494099999858
3400.4499258474575, 0.00029407873128753126, 0.5729532000004838
3400.4499258474575, 0.00029407873128753126, 0.5735153000005084
3400.4499258474575, 0.00029407873128753126, 0.5740501999998742
3400.4499258474575, 0.00029407873128753126, 0.574507000000267
3400.4499258474575, 0.00029407873128753126, 0.5749622000003001
3400.4499258474575, 0.00029407873128753126, 0.5754151000001002
3400.4499258474575, 0.00029407873128753126, 0.575866700000006
3400.4499258474575, 0.00029407873128753126, 0.5763249000001451
3400.4499258474575, 0.00029407873128753126, 0.5767783999999665
3400.4499258474575, 0.00029407873128753126, 0.5772320000005493
3400.4499258474575, 0.00029407873128753126, 0.5777207999999519
3400.4499258474575, 0.00029407873128753126, 0.5782105999996929
3400.4499258474575, 0.00029407873128753126, 0.5786637000001065
3400.4499258474575, 0.00029407873128753126, 0.5791219000002457
3400.4499258474575, 0.00029407873128753126, 0.5795806000005541
3400.4499258474575, 0.00029407873128753126, 0.5800346000005447
3400.4499258474575, 0.00029407873128753126, 0.5804889999999432
3400.4499258474575, 0.00029407873128753126, 0.5809618000002956
3400.4499258474575, 0.00029407873128753126, 0.5816592999999557
3400.4499258474575, 0.00029407873128753126, 0.582533599999806
3400.4499258474575, 0.00029407873128753126, 0.5833234000001539
3400.4499258474575, 0.00029407873128753126, 0.5838442000003852
3400.4499258474575, 0.00029407873128753126, 0.584424300000137
3400.4499258474575, 0.00029407873128753126, 0.5849898000005851
3400.4499258474575, 0.00029407873128753126, 0.5854632999999012
3400.4499258474575, 0.00029407873128753126, 0.5859369999998307
3400.4499258474575, 0.00029407873128753126, 0.5864387999999963
3400.4499258474575, 0.00029407873128753126, 0.5869678999997632
3400.4499258474575, 0.00029407873128753126, 0.587524300000041
3400.4499258474575, 0.00029407873128753126, 0.5882056000000375
3400.4499258474575, 0.00029407873128753126, 0.588726900000438
3400.4499258474575, 0.00029407873128753126, 0.589225599999736
3400.4499258474575, 0.00029407873128753126, 0.5897068000003856
3400.4499258474575, 0.00029407873128753126, 0.5902163999999175
3400.4499258474575, 0.00029407873128753126, 0.590692300000228
3400.4499258474575, 0.00029407873128753126, 0.5912091000000146
3400.4499258474575, 0.00029407873128753126, 0.5916919000001144
3400.4499258474575, 0.00029407873128753126, 0.5922467999998844
3400.4499258474575, 0.00029407873128753126, 0.5927455999999438
3400.4499258474575, 0.00029407873128753126, 0.593242800000553
3400.4499258474575, 0.00029407873128753126, 0.5937474000002112
3400.4499258474575, 0.00029407873128753126, 0.5942428999996991
3400.4499258474575, 0.00029407873128753126, 0.5947199000002001
3400.4499258474575, 0.00029407873128753126, 0.5952311000000918
3400.4499258474575, 0.00029407873128753126, 0.5957305000001725
3400.4499258474575, 0.00029407873128753126, 0.5965078999997786
3400.4499258474575, 0.00029407873128753126, 0.5971231000003172
3400.4499258474575, 0.00029407873128753126, 0.5976424999998926
3400.4499258474575, 0.00029407873128753126, 0.5981762000001254
3400.4499258474575, 0.00029345334451877597, 0.5988029000000097
3400.4499258474575, 0.00029407873128753126, 0.5996476000000257
3400.4499258474575, 0.00029407873128753126, 0.6002340000004551
3400.4499258474575, 0.00029407873128753126, 0.6007424999997966
3400.4499258474575, 0.00029407873128753126, 0.6012398000002577
3400.4499258474575, 0.00029407873128753126, 0.6017526000005091
3400.4499258474575, 0.00029407873128753126, 0.6022604999998293
3400.4499258474575, 0.00029407873128753126, 0.6027718000004825
3400.4499258474575, 0.00029407873128753126, 0.6033029999998689
3400.4499258474575, 0.00029407873128753126, 0.6041136000003462
3400.4499258474575, 0.00029407873128753126, 0.6050520999997389
3400.4499258474575, 0.00029407873128753126, 0.6059219999997367
3400.4499258474575, 0.00029407873128753126, 0.6067236999997476
3400.4499258474575, 0.00029407873128753126, 0.6073357000004762
3400.4499258474575, 0.00029407873128753126, 0.607865099999799
3400.4499258474575, 0.00029407873128753126, 0.6083274000002348
3400.4499258474575, 0.00029407873128753126, 0.6088200000003781
3400.4499258474575, 0.00029407873128753126, 0.6092780999997558
3400.4499258474575, 0.00029407873128753126, 0.6097723000002588
3400.4499258474575, 0.00029407873128753126, 0.6102278999996997
3400.4499258474575, 0.00029407873128753126, 0.6107337000003099
3400.4499258474575, 0.00029407873128753126, 0.611555500000577
3400.4499258474575, 0.00029407873128753126, 0.612087700000302
3400.4499258474575, 0.00029407873128753126, 0.6125448000002507
3400.4499258474575, 0.00029407873128753126, 0.6135478000005605
3400.4499258474575, 0.00029407873128753126, 0.6142889000002469
3400.4499258474575, 0.00029407873128753126, 0.6148247000000993
3400.4499258474575, 0.00029407873128753126, 0.6154173000004448
3400.4499258474575, 0.00029407873128753126, 0.616041000000223
3400.4499258474575, 0.00029407873128753126, 0.616629500000272
3400.4499258474575, 0.00029407873128753126, 0.6172630999999456
3400.4499258474575, 0.00029407873128753126, 0.6182294000000184
3400.4499258474575, 0.00029407873128753126, 0.6189130000002478
3400.4499258474575, 0.00029407873128753126, 0.6194418000004589
3400.4499258474575, 0.00029407873128753126, 0.6199630999999499
3400.4499258474575, 0.00029407873128753126, 0.6204309000004287
3400.4499258474575, 0.00029407873128753126, 0.6209023999999772
3400.4499258474575, 0.00029407873128753126, 0.6213718999997582
3399.271396980932, 0.00029418068851111786, 0.6219572999998491
3399.271396980932, 0.00029418068851111786, 0.6224899999997433
3399.271396980932, 0.00029418068851111786, 0.6229570000004969
3399.271396980932, 0.00029418068851111786, 0.6234185000002981
3397.3071822033894, 0.000294350774412878, 0.624211600000308
3397.3071822033894, 0.000294350774412878, 0.6255627000000459
3397.3071822033894, 0.000294350774412878, 0.626860399999714
3397.3071822033894, 0.000294350774412878, 0.6277212000004511
3397.3071822033894, 0.000294350774412878, 0.6281823999997869
3397.3071822033894, 0.000294350774412878, 0.6287428000005093
3397.3071822033894, 0.00029418068851111786, 0.6293310000000929
3397.3071822033894, 0.000294350774412878, 0.6298635000002832
3397.3071822033894, 0.000294350774412878, 0.6303244000000632
3397.3071822033894, 0.000294350774412878, 0.6307882000000973
3397.3071822033894, 0.000294350774412878, 0.6312545999999202
3397.3071822033894, 0.000294350774412878, 0.6317487000005713
3397.3071822033894, 0.000294350774412878, 0.6326596999997491
3397.3071822033894, 0.000294350774412878, 0.6334170999998605
3397.3071822033894, 0.000294350774412878, 0.63392980000026
3397.3071822033894, 0.000294350774412878, 0.6343985000003158
3397.3071822033894, 0.000294350774412878, 0.6348623000003499
3397.3071822033894, 0.000294350774412878, 0.6354583000002094
3397.3071822033894, 0.000294350774412878, 0.6359241000000111
3397.3071822033894, 0.000294350774412878, 0.6364591000001383
3397.3071822033894, 0.000294350774412878, 0.6369876999997359
3397.3071822033894, 0.000294350774412878, 0.6374461000004885
3397.3071822033894, 0.000294350774412878, 0.637920899999699
3397.3071822033894, 0.000294350774412878, 0.638378499999817
3397.3071822033894, 0.000294350774412878, 0.6388395000003584
3397.3071822033894, 0.000294350774412878, 0.6392940000005183
3397.3071822033894, 0.000294350774412878, 0.6399745999997322
3397.3071822033894, 0.000294350774412878, 0.6408080999999584
3397.3071822033894, 0.000294350774412878, 0.6413946000002397
3397.3071822033894, 0.0002940876088170494, 0.6418942000000243
3397.3071822033894, 0.000294350774412878, 0.6423587999997835
3397.3071822033894, 0.000294350774412878, 0.6428185000004305
3397.3071822033894, 0.000294350774412878, 0.6432746999998926
3397.3071822033894, 0.000294350774412878, 0.6438386999998329
3397.3071822033894, 0.000294350774412878, 0.6443605000004027
3397.3071822033894, 0.000294350774412878, 0.6448883000002752
3397.3071822033894, 0.000294350774412878, 0.6453455000000758
3397.3071822033894, 0.000294350774412878, 0.6458090000005541
3397.3071822033894, 0.000294350774412878, 0.6462664000000586
3397.3071822033894, 0.000294350774412878, 0.6467259000000922
3397.3071822033894, 0.000294350774412878, 0.6474001000005956
3397.3071822033894, 0.000294350774412878, 0.6479802000003474
3397.3071822033894, 0.000294350774412878, 0.6484376999997039
3397.3071822033894, 0.000294350774412878, 0.6491415000000416
3397.3071822033894, 0.000294350774412878, 0.6496985000003406
3397.3071822033894, 0.00029424616500288366, 0.6501595999998244
3397.3071822033894, 0.000294350774412878, 0.6506280000003244
3397.3071822033894, 0.000294350774412878, 0.6511673000004521
3397.3071822033894, 0.000294350774412878, 0.6517278999999689
3397.3071822033894, 0.000294350774412878, 0.6521920000004684
3397.3071822033894, 0.000294350774412878, 0.6526512000000366
3397.3071822033894, 0.000294350774412878, 0.6531105000003663
3397.3071822033894, 0.000294350774412878, 0.6535893000000215
3397.3071822033894, 0.000294350774412878, 0.654060699999718
3397.3071822033894, 0.000294350774412878, 0.654736700000285
3397.3071822033894, 0.000294350774412878, 0.6554895999997825
3397.3071822033894, 0.000294350774412878, 0.6559701000005589
3397.3071822033894, 0.000294350774412878, 0.6564269999998942
3397.3071822033894, 0.000294350774412878, 0.6568906000002244
3397.3071822033894, 0.000294350774412878, 0.6573459000001094
3397.3071822033894, 0.000294350774412878, 0.6578099999996994
3397.3071822033894, 0.000294350774412878, 0.6583330000003116
3397.3071822033894, 0.000294350774412878, 0.6587974000003669
3397.3071822033894, 0.000294350774412878, 0.6593183000004501
3397.3071822033894, 0.000294350774412878, 0.6597773000003144
3397.3071822033894, 0.000294350774412878, 0.6602320000001782
3397.3071822033894, 0.000294350774412878, 0.660791600000266
3397.3071822033894, 0.000294350774412878, 0.6612513999998555
3397.3071822033894, 0.000294350774412878, 0.6617433000001256
3397.3071822033894, 0.000294350774412878, 0.662916000000223
3397.3071822033894, 0.000294350774412878, 0.6634070000000065
3397.3071822033894, 0.000294350774412878, 0.6639018000005308
3397.3071822033894, 0.000294350774412878, 0.6643595000005007
3397.3071822033894, 0.000294350774412878, 0.6648216000003231
3397.3071822033894, 0.000294350774412878, 0.6654066000000967
3397.3071822033894, 0.000294350774412878, 0.6664283000000069
3397.3071822033894, 0.000294350774412878, 0.6669597999998587
3397.3071822033894, 0.000294350774412878, 0.6674257000004218
3397.3071822033894, 0.000294350774412878, 0.6678907000004983
3397.3071822033894, 0.000294350774412878, 0.6683481999998548
3397.3071822033894, 0.000294350774412878, 0.6688169999997626
3397.3071822033894, 0.000294350774412878, 0.6694979000003514
3397.3071822033894, 0.000294350774412878, 0.6701872000003277
3397.3071822033894, 0.000294350774412878, 0.6706519999997909
3397.3071822033894, 0.000294350774412878, 0.6711083999998664
3397.3071822033894, 0.000294350774412878, 0.6716037000005599
3397.3071822033894, 0.000294350774412878, 0.6720612999997684
3397.3071822033894, 0.000294350774412878, 0.672529299999951
3397.3071822033894, 0.000294350774412878, 0.6730526000001191
3397.3071822033894, 0.000294350774412878, 0.6736078000003545
3397.3071822033894, 0.000294350774412878, 0.6740686000002825
3397.3071822033894, 0.000294350774412878, 0.6745369999998729
3397.3071822033894, 0.00029377538697136893, 0.6750013999999283
3397.3071822033894, 0.000294350774412878, 0.6754600000003848
3397.3071822033894, 0.000294350774412878, 0.6759264000002077
3397.3071822033894, 0.000294350774412878, 0.6763851000005161
3397.3071822033894, 0.000294350774412878, 0.6771778000002087
3397.3071822033894, 0.000294350774412878, 0.6776449999997567
3397.3071822033894, 0.000294350774412878, 0.6781097000002774
3397.3071822033894, 0.000294350774412878, 0.6785695999997188
3397.3071822033894, 0.000294350774412878, 0.6790264999999636
3397.3071822033894, 0.000294350774412878, 0.6794857000004413
3397.3071822033894, 0.000294350774412878, 0.6799499999997352
3397.3071822033894, 0.000294350774412878, 0.6804769999998825
3397.3071822033894, 0.000294350774412878, 0.681007000000136
3397.3071822033894, 0.000294350774412878, 0.6814652000002752
3397.3071822033894, 0.000294350774412878, 0.6820634000005157
3397.3071822033894, 0.000294350774412878, 0.6826185999998415
3397.3071822033894, 0.000294350774412878, 0.6830799999997907
3397.3071822033894, 0.000294350774412878, 0.6835750999998709
3397.3071822033894, 0.000294350774412878, 0.6842965000005279
3397.3071822033894, 0.000294350774412878, 0.6849336000004769
3397.3071822033894, 0.000294350774412878, 0.6853917999997066
3397.3071822033894, 0.000294350774412878, 0.6858576000004177
3397.3071822033894, 0.000294350774412878, 0.686322000000473
3397.3071822033894, 0.000294350774412878, 0.6867842000001474
3397.3071822033894, 0.000294350774412878, 0.6872442000003502
3397.3071822033894, 0.000294350774412878, 0.6877727000000959
3397.3071822033894, 0.000294350774412878, 0.6882949999999255
3397.3071822033894, 0.000294350774412878, 0.6887560000004669
3397.3071822033894, 0.000294350774412878, 0.6892183999998451
3397.3071822033894, 0.000294350774412878, 0.6896814000001541
3397.3071822033894, 0.000294350774412878, 0.6901367000000391
3397.3071822033894, 0.000294350774412878, 0.6906447000001208
3397.3071822033894, 0.000294350774412878, 0.69110929999988
3397.3071822033894, 0.000294350774412878, 0.6921614000002592
3397.3071822033894, 0.000294350774412878, 0.6927823000005446
3397.3071822033894, 0.000294350774412878, 0.6932474000004731
3397.3071822033894, 0.000294350774412878, 0.6937568000003012
3397.3071822033894, 0.00029393278242379606, 0.6942212000003565
3397.3071822033894, 0.000294350774412878, 0.6946847999997772
3397.3071822033894, 0.000294350774412878, 0.6952147000001787
3397.3071822033894, 0.000294350774412878, 0.6957444999998188
3397.3071822033894, 0.000294350774412878, 0.6962082999998529
3397.3071822033894, 0.000294350774412878, 0.6966704000005848
3397.3071822033894, 0.000294350774412878, 0.6971294000004491
3397.3071822033894, 0.000294350774412878, 0.6975927000003139
3397.3071822033894, 0.000294350774412878, 0.6980505000001358
3397.3071822033894, 0.000294350774412878, 0.6987765000003492
3397.3071822033894, 0.000294350774412878, 0.6993787000001248
3397.3071822033894, 0.000294350774412878, 0.699843399999736
3397.3071822033894, 0.000294350774412878, 0.7002987000005305
3397.3071822033894, 0.000294350774412878, 0.700767199999973
3397.3071822033894, 0.000294350774412878, 0.7012249999997948
3397.3071822033894, 0.000294350774412878, 0.7017230999999811
3397.3071822033894, 0.000294350774412878, 0.7021798000005219
3397.3071822033894, 0.000294350774412878, 0.702715100000205
3397.3071822033894, 0.000294350774412878, 0.703238500000225
3397.3071822033894, 0.000294350774412878, 0.7037347000004956
3397.3071822033894, 0.000294350774412878, 0.7041912000004231
3397.3071822033894, 0.000294350774412878, 0.7046557000003304
3397.3071822033894, 0.000294350774412878, 0.7051115000003847
3397.3071822033894, 0.000294350774412878, 0.70556839999972
3397.3071822033894, 0.000294350774412878, 0.7062566000004153
3397.3071822033894, 0.000294350774412878, 0.7067339000004722
3397.3071822033894, 0.000294350774412878, 0.7071955000001253
3397.3071822033894, 0.000294350774412878, 0.7076542000004338
3397.3071822033894, 0.000294350774412878, 0.7081089000002976
3397.3071822033894, 0.000294350774412878, 0.7086435999999594
3397.3071822033894, 0.000294350774412878, 0.709103099999993
3397.3071822033894, 0.000294350774412878, 0.7095654000004288
3397.3071822033894, 0.000294350774412878, 0.7100909000000684
3397.3071822033894, 0.000294350774412878, 0.7106235000001107
3397.3071822033894, 0.000294350774412878, 0.7110800000000381
3397.3071822033894, 0.000294350774412878, 0.7115739000000758
3397.3071822033894, 0.000294350774412878, 0.7120295000004262
3397.3071822033894, 0.000294350774412878, 0.712492900000143
3397.3071822033894, 0.000294350774412878, 0.7129477999997107
3397.3071822033894, 0.000294350774412878, 0.7136431999997512
3397.3071822033894, 0.000294350774412878, 0.7141036000002714
3397.3071822033894, 0.000294350774412878, 0.7145674000003055
3397.3071822033894, 0.000294350774412878, 0.7150244000004022
3397.3071822033894, 0.000294350774412878, 0.7156099000003451
3397.3071822033894, 0.000294350774412878, 0.7160733000000619
3397.3071822033894, 0.000294350774412878, 0.7165346000001591
3397.3071822033894, 0.000294350774412878, 0.7169893999998749
3397.3071822033894, 0.000294350774412878, 0.717512700000043
3397.3071822033894, 0.000294350774412878, 0.7180429999998523
3397.3071822033894, 0.000294350774412878, 0.7185098999998445
3397.3071822033894, 0.0002941455329644723, 0.7189662000000681
3397.3071822033894, 0.0002941455329644723, 0.719426100000419
3397.3071822033894, 0.000294350774412878, 0.7198865000000296
3397.3071822033894, 0.000294350774412878, 0.7203423999999359
3397.3071822033894, 0.000294350774412878, 0.7210363000003781
3397.3071822033894, 0.000294350774412878, 0.7215323000000353
3397.3071822033894, 0.000294350774412878, 0.7219910000003438
3397.3071822033894, 0.000294350774412878, 0.7224500000002081
3397.3071822033894, 0.000294350774412878, 0.7229059999999663
3397.3071822033894, 0.000294350774412878, 0.7233649999998306
3397.3071822033894, 0.000294350774412878, 0.7238576999998259
3397.3071822033894, 0.000294350774412878, 0.7243113000004087
3397.3071822033894, 0.000294350774412878, 0.7249092000001838
3397.3071822033894, 0.000294350774412878, 0.7254443000001629
3397.3071822033894, 0.000294350774412878, 0.7259018000004289
3397.3071822033894, 0.000294350774412878, 0.7263611999997011
3397.3071822033894, 0.00029364755959362395, 0.726823200000581
3397.3071822033894, 0.000294350774412878, 0.7273841000005632
3397.3071822033894, 0.000294350774412878, 0.7278974999999264
3397.3071822033894, 0.000294350774412878, 0.7291686999997182
3397.3071822033894, 0.000294350774412878, 0.7299064999997427
3397.3071822033894, 0.000294350774412878, 0.7304060000005848
3397.3071822033894, 0.000294350774412878, 0.7308671000000686
3397.3071822033894, 0.000294350774412878, 0.731322700000419
3397.3071822033894, 0.000294350774412878, 0.7319972000004782
3397.3071822033894, 0.000294350774412878, 0.7325902000002316
3397.3071822033894, 0.000294350774412878, 0.7330506999996942
3397.3071822033894, 0.000294350774412878, 0.7335468999999648
3397.3071822033894, 0.000294350774412878, 0.7340064999998503
3397.3071822033894, 0.000294350774412878, 0.7344665000000532
3397.3071822033894, 0.000294350774412878, 0.7349190000004455
3397.3071822033894, 0.000294350774412878, 0.735384200000226
3397.3071822033894, 0.000294350774412878, 0.7360880000005636
3397.3071822033894, 0.000294350774412878, 0.7365484000001743
3397.3071822033894, 0.000294350774412878, 0.7370034000005035
3397.3071822033894, 0.000294350774412878, 0.737468500000432
3397.3071822033894, 0.000294350774412878, 0.7379252000000633
3397.3071822033894, 0.000294350774412878, 0.7383836999997584
3397.3071822033894, 0.000294350774412878, 0.7388382999997702
3397.3071822033894, 0.000294350774412878, 0.7393646999998964
3397.3071822033894, 0.000294350774412878, 0.739889100000255
3397.3071822033894, 0.00029286949523086225, 0.7403948999999557
3397.3071822033894, 0.000294350774412878, 0.7408827999997811
3397.3071822033894, 0.000294350774412878, 0.7413703000001988
3397.3071822033894, 0.000294350774412878, 0.7418372000001909
3397.3071822033894, 0.000294350774412878, 0.7423009000003731
3397.3071822033894, 0.0002939169229129324, 0.7430709000000206
3397.3071822033894, 0.000294350774412878, 0.7435858999997436
3397.3071822033894, 0.000294350774412878, 0.7440470000001369
3397.3071822033894, 0.000294350774412878, 0.744505300000128
3397.3071822033894, 0.000294350774412878, 0.7449649000000136
3397.3071822033894, 0.000294350774412878, 0.7454226999998355
3397.3071822033894, 0.000294350774412878, 0.7458781000004819
3397.3071822033894, 0.000294350774412878, 0.7463403000001563
3397.3071822033894, 0.000294350774412878, 0.7468693000000712
3397.3071822033894, 0.000294350774412878, 0.7473931000004086
3397.3071822033894, 0.000294350774412878, 0.7478535000000193
3397.3071822033894, 0.0002938284698508066, 0.7483167000000321
3397.3071822033894, 0.000294350774412878, 0.7489653000002363
3397.3071822033894, 0.000294350774412878, 0.7494296000004397
3397.3071822033894, 0.000294350774412878, 0.7498928000004526
3397.3071822033894, 0.000294350774412878, 0.7504497999998421
3397.3071822033894, 0.000294350774412878, 0.7509213000003001
3397.3071822033894, 0.000294350774412878, 0.7513828000001013
3397.3071822033894, 0.000294350774412878, 0.7519466000003376
3397.3071822033894, 0.000294350774412878, 0.752417499999865
3397.3071822033894, 0.000294350774412878, 0.7528720999998768
3397.3071822033894, 0.000294350774412878, 0.7533269000005021
3397.3071822033894, 0.000294350774412878, 0.753913399999874
3397.3071822033894, 0.000294350774412878, 0.7543838000001415
3397.3071822033894, 0.000294350774412878, 0.7548727000003055
3397.3071822033894, 0.000294350774412878, 0.7553331999997681
3397.3071822033894, 0.000294350774412878, 0.7557875000002241
3397.3071822033894, 0.000294350774412878, 0.7562490000000253
3397.3071822033894, 0.000294350774412878, 0.7567041000002064
3397.3071822033894, 0.000294350774412878, 0.7571623000003456
3397.3071822033894, 0.000294350774412878, 0.7576607999999396
3397.3071822033894, 0.000294350774412878, 0.7582920000004378
3397.3071822033894, 0.000294350774412878, 0.7587552000004507
3397.3071822033894, 0.000294350774412878, 0.7592205999999351
3397.3071822033894, 0.000294350774412878, 0.7596788999999262
3397.3071822033894, 0.000294350774412878, 0.7601383000001078
3397.3071822033894, 0.000294350774412878, 0.7606008000002475
3397.3071822033894, 0.000294350774412878, 0.7610555999999633
3397.3071822033894, 0.000294350774412878, 0.7615470000000641
3397.3071822033894, 0.000294350774412878, 0.7620853999997053
3397.3071822033894, 0.000294350774412878, 0.7625476000002891
3397.3071822033894, 0.000294350774412878, 0.76301070000045
3397.3071822033894, 0.000294350774412878, 0.7634691000002931
3397.3071822033894, 0.000294350774412878, 0.7640081999998074
3397.3071822033894, 0.000294350774412878, 0.7647292999999991
3397.3071822033894, 0.000294350774412878, 0.7653508000003058
3397.3071822033894, 0.000294350774412878, 0.7659819000000425
3397.3071822033894, 0.000294350774412878, 0.7666464000003543
3397.3071822033894, 0.000294350774412878, 0.7671286000004329
3397.3071822033894, 0.000294350774412878, 0.7676381000001129
3397.3071822033894, 0.000294350774412878, 0.7681097000004229
3397.3071822033894, 0.000294350774412878, 0.768721700000242
3397.3071822033894, 0.000294350774412878, 0.7692843000004359
3397.3071822033894, 0.000294350774412878, 0.7700046999998449
3397.3071822033894, 0.000294350774412878, 0.7705655999998271
3397.3071822033894, 0.000294350774412878, 0.771236300000055
3397.3071822033894, 0.000294350774412878, 0.7720383000005313
3397.3071822033894, 0.000294350774412878, 0.7725339999997232
3397.3071822033894, 0.000294350774412878, 0.7730240999999296
3397.3071822033894, 0.000294350774412878, 0.7735092000002624
3397.3071822033894, 0.000294350774412878, 0.7739919000005102
3397.3071822033894, 0.000294350774412878, 0.77447790000042
3397.3071822033894, 0.000294350774412878, 0.7750137000002724
3397.3071822033894, 0.000294350774412878, 0.7755339000004824
3397.3071822033894, 0.000294350774412878, 0.7760101000003488
3397.3071822033894, 0.000294350774412878, 0.7765343999999459
3397.3071822033894, 0.000294350774412878, 0.7770060000002559
3397.3071822033894, 0.000294350774412878, 0.7775007999998707
3397.3071822033894, 0.000294350774412878, 0.777961800000412
3397.3071822033894, 0.000294350774412878, 0.7784578999999212
3397.3071822033894, 0.000294350774412878, 0.7789136999999755
3397.3071822033894, 0.000294350774412878, 0.7794400000002497
3397.3071822033894, 0.000294350774412878, 0.7800269999997909
3397.3071822033894, 0.000294350774412878, 0.7805170000001453
3397.3071822033894, 0.000294350774412878, 0.7809716000001572
3397.3071822033894, 0.000294350774412878, 0.7814574000003631
3397.3071822033894, 0.000294350774412878, 0.7820793000000776
3397.3071822033894, 0.000294350774412878, 0.7828018999998676
3397.3071822033894, 0.000294350774412878, 0.7834566999999879
3397.3071822033894, 0.000294350774412878, 0.7839522000003853
3397.3071822033894, 0.000294350774412878, 0.7844793000003847
3397.3071822033894, 0.000294350774412878, 0.7849335999999312
3397.3071822033894, 0.000294350774412878, 0.7854265000005398
3397.3071822033894, 0.000294350774412878, 0.7858870000000024
3397.3071822033894, 0.000294350774412878, 0.7863821000000826
3389.544235963983, 0.0002950249149693133, 0.7868622000005416
3389.544235963983, 0.0002950249149693133, 0.7874079000002894
3389.544235963983, 0.0002950249149693133, 0.7878720999997313
3389.544235963983, 0.0002950249149693133, 0.7883621000000858
3389.544235963983, 0.0002950249149693133, 0.7888160000002244
3389.544235963983, 0.0002950249149693133, 0.7893074000003253
3389.544235963983, 0.0002950249149693133, 0.7897633000002315
3389.544235963983, 0.0002950249149693133, 0.7902401000001191
3389.544235963983, 0.0002950249149693133, 0.7907093000003442
3389.544235963983, 0.0002950249149693133, 0.7912004999998317
3389.544235963983, 0.0002950249149693133, 0.7917324000000008
3389.544235963983, 0.0002950249149693133, 0.7921900000001187
3389.544235963983, 0.0002950249149693133, 0.792719400000351
3389.544235963983, 0.0002950249149693133, 0.7931776000004902
3389.544235963983, 0.0002950249149693133, 0.7936682999998084
3389.544235963983, 0.0002950249149693133, 0.7941209999999046
3389.544235963983, 0.0002950249149693133, 0.7949553999997079
3389.544235963983, 0.0002950249149693133, 0.795873400000346
3389.544235963983, 0.0002950249149693133, 0.796456500000204
3383.999274364406, 0.000295508337597922, 0.7969436000003043
3383.999274364406, 0.000295508337597922, 0.7974230999998326
3383.999274364406, 0.000295508337597922, 0.797890599999846
3383.999274364406, 0.000295508337597922, 0.7983673999997336
3383.999274364406, 0.000295508337597922, 0.7989574000002904
3383.999274364406, 0.000295508337597922, 0.7994570999999269
3383.999274364406, 0.000295508337597922, 0.800031200000376
3383.999274364406, 0.000295508337597922, 0.8013013999998293
3383.999274364406, 0.000295508337597922, 0.8018381000001682
3383.999274364406, 0.000295508337597922, 0.8023595000004207
3383.999274364406, 0.000295508337597922, 0.8028352000001178
3383.999274364406, 0.000295508337597922, 0.8033966000002692
3383.999274364406, 0.000295508337597922, 0.8049964000001637
3383.999274364406, 0.0002950249149693133, 0.8074622000003728
3383.999274364406, 0.000294350774412878, 0.8080907000003208
3383.999274364406, 0.000295508337597922, 0.8086086000002979
3383.999274364406, 0.000295508337597922, 0.809149100000468
3383.999274364406, 0.000295508337597922, 0.8096338000004835
3383.999274364406, 0.000295508337597922, 0.8101007000004756
3382.5177198093215, 0.000295508337597922, 0.8106003000002602
3382.5177198093215, 0.000295508337597922, 0.8110584000005474
3382.5177198093215, 0.000295508337597922, 0.8117529000001014
3382.5177198093215, 0.000295508337597922, 0.8123088000002099
3382.5177198093215, 0.000295508337597922, 0.8127888999997595
3382.5177198093215, 0.000295508337597922, 0.81331339999997
3382.5177198093215, 0.000295508337597922, 0.8137771000001521
3382.5177198093215, 0.0002956377712801374, 0.8143064000005324
3382.5177198093215, 0.0002956377712801374, 0.8147716000003129
3382.5177198093215, 0.0002956377712801374, 0.8153551000004882
3382.5177198093215, 0.000295508337597922, 0.8159765999998854
3382.5177198093215, 0.000295508337597922, 0.8176340999998502
3382.5177198093215, 0.000295508337597922, 0.8183384000003571
3382.5177198093215, 0.0002956377712801374, 0.819228700000167
3382.5177198093215, 0.0002956377712801374, 0.8197655000003579
3382.5177198093215, 0.0002956377712801374, 0.8202524999996967
3382.5177198093215, 0.0002956377712801374, 0.8207302000000709
3382.5177198093215, 0.000295508337597922, 0.8212224999997488
3382.5177198093215, 0.0002956377712801374, 0.8216793999999936
3382.5177198093215, 0.0002956377712801374, 0.8221313000003647
3382.5177198093215, 0.0002956377712801374, 0.8226581999997507
3382.5177198093215, 0.0002956377712801374, 0.8231154000004608
3382.5177198093215, 0.0002956377712801374, 0.8236814000001687
3382.5177198093215, 0.0002956377712801374, 0.8241378000002442
3382.5177198093215, 0.0002956377712801374, 0.8246680000002016
3382.5177198093215, 0.0002956377712801374, 0.8251226000002134
3382.5177198093215, 0.0002956377712801374, 0.825618900000336
3382.5177198093215, 0.000295450112475847, 0.8260758000005808
3382.5177198093215, 0.000295450112475847, 0.8265760000003866
3382.5177198093215, 0.0002956377712801374, 0.8270320000001448
3382.5177198093215, 0.0002956377712801374, 0.8275914000005287
3382.5177198093215, 0.0002956377712801374, 0.8280899000001227
3382.5177198093215, 0.0002956377712801374, 0.8285839999998643
3382.5177198093215, 0.00029427178400810163, 0.8290431000004901
3382.5177198093215, 0.0002956377712801374, 0.8295353000003161
3382.5177198093215, 0.0002956377712801374, 0.8299944000000323
3382.5177198093215, 0.0002956377712801374, 0.8304862000004505
3382.5177198093215, 0.0002956377712801374, 0.8309848999997484
3382.5177198093215, 0.0002956377712801374, 0.8314817999998922
3382.5177198093215, 0.0002956377712801374, 0.8320395999999164
3382.5177198093215, 0.0002956377712801374, 0.833224799999698
3382.5177198093215, 0.0002956377712801374, 0.8340220999998564
3382.5177198093215, 0.0002956377712801374, 0.8359980000004725
3382.5177198093215, 0.0002956377712801374, 0.8371455000005881
3382.5177198093215, 0.0002956377712801374, 0.8376503999998022
3382.5177198093215, 0.0002956377712801374, 0.838138699999945
3382.5177198093215, 0.0002956377712801374, 0.8388022999997702
3382.5177198093215, 0.0002956377712801374, 0.8392995000003793
3382.5177198093215, 0.0002956377712801374, 0.8397586000000956
3382.5177198093215, 0.0002956377712801374, 0.8402527999996892
3382.5177198093215, 0.0002956377712801374, 0.8407138000002305
3382.5177198093215, 0.0002956377712801374, 0.8412021000003733
3382.5177198093215, 0.0002956377712801374, 0.8416794000004302
3382.5177198093215, 0.0002956377712801374, 0.8422225000003891
3382.5177198093215, 0.0002956377712801374, 0.8427176000004692
3381.0901906779654, 0.000295762592419779, 0.8432714999999007
3381.0901906779654, 0.000295762592419779, 0.8437540000004446
3381.0901906779654, 0.000295762592419779, 0.8442847000005713
3381.0901906779654, 0.000295762592419779, 0.8447424000005412
3381.0901906779654, 0.000295762592419779, 0.8452377000003253
3381.0901906779654, 0.000295762592419779, 0.8458049000000756
3381.0901906779654, 0.000295762592419779, 0.8463110000002416
3381.0901906779654, 0.000295762592419779, 0.846769900000254
3381.0901906779654, 0.000295762592419779, 0.8472609000000375
3381.0901906779654, 0.000295762592419779, 0.8477156999997533
3381.0901906779654, 0.000295762592419779, 0.8482098000004044
3381.0901906779654, 0.000295762592419779, 0.8488422000000355
3381.0901906779654, 0.000295762592419779, 0.8501616000003196
3381.0901906779654, 0.000295762592419779, 0.8515690000003815
3381.0901906779654, 0.000295762592419779, 0.8529017000000749
3381.0901906779654, 0.000295762592419779, 0.8544534000002386
3381.0901906779654, 0.000295762592419779, 0.8549778000005972
3381.0901906779654, 0.000295762592419779, 0.8554861000002347
3381.0901906779654, 0.000295762592419779, 0.8559457000001203
3381.0901906779654, 0.000295762592419779, 0.8564592000002449
3381.0901906779654, 0.000295762592419779, 0.8569333000004917
3381.0901906779654, 0.000295762592419779, 0.8574305000001914
3381.0901906779654, 0.000295762592419779, 0.8579226000001654
3381.0901906779654, 0.000295762592419779, 0.858418800000436
3381.0901906779654, 0.00029549689742500407, 0.8588802000003852
3381.0901906779654, 0.000295762592419779, 0.8594223000000056
3381.0901906779654, 0.000295762592419779, 0.8598781999999119
3381.0901906779654, 0.000295762592419779, 0.8603688000002876
3381.0901906779654, 0.000295762592419779, 0.8609668999997666
3381.0901906779654, 0.000295762592419779, 0.8617120999997496
3381.0901906779654, 0.000295762592419779, 0.862278000000515
3381.0901906779654, 0.000295762592419779, 0.8627639000005729
3381.0901906779654, 0.000295762592419779, 0.8632711000000199
3381.0901906779654, 0.000295762592419779, 0.8637614999997822
3381.0901906779654, 0.000295762592419779, 0.8642956000003323
3381.0901906779654, 0.000295762592419779, 0.864806900000076
3381.0901906779654, 0.000295762592419779, 0.8653669000004811
3381.0901906779654, 0.000295762592419779, 0.8661769999998796
3381.0901906779654, 0.000295762592419779, 0.8674891000000571
3381.0901906779654, 0.000295762592419779, 0.8683921000001646
3381.0901906779654, 0.000295762592419779, 0.8702711000005365
3381.0901906779654, 0.000295762592419779, 0.8709716000003027
3381.0901906779654, 0.000295762592419779, 0.8714667000003828
3381.0901906779654, 0.000295762592419779, 0.8719396000005872
3381.0901906779654, 0.000295762592419779, 0.8724557000005007
3381.0901906779654, 0.000295762592419779, 0.8729441000004954
3381.0901906779654, 0.000295130031063702, 0.8734291000000667
3381.0901906779654, 0.000295762592419779, 0.8739064000001235
3381.0901906779654, 0.000295762592419779, 0.8744175000001633
3381.0901906779654, 0.000295762592419779, 0.8749382000005426
3381.0901906779654, 0.000295762592419779, 0.8754810999998881
3381.0901906779654, 0.000295762592419779, 0.8759667000003901
3381.0901906779654, 0.000295762592419779, 0.8764538000004904
3381.0901906779654, 0.000295762592419779, 0.8769280000005892
3381.0901906779654, 0.000295762592419779, 0.8774132999997164
3381.0901906779654, 0.000295762592419779, 0.8778887999997096
3381.0901906779654, 0.000295762592419779, 0.8783607000004849
3381.0901906779654, 0.000295762592419779, 0.878833200000372
3381.0901906779654, 0.000295762592419779, 0.8793072999997094
3381.0901906779654, 0.000295762592419779, 0.8797945000005711
3381.0901906779654, 0.000295762592419779, 0.8802778999997827
3381.0901906779654, 0.000295762592419779, 0.8807783000002019
3381.0901906779654, 0.000295762592419779, 0.8812827000001562
3381.0901906779654, 0.000295762592419779, 0.8817592000004879
3381.0901906779654, 0.000295762592419779, 0.8824114999997619
3381.0901906779654, 0.000295762592419779, 0.8831762999998318
3381.0901906779654, 0.000295762592419779, 0.884060700000191
3381.0901906779654, 0.000295762592419779, 0.8845990999998321
3381.0901906779654, 0.000295762592419779, 0.8855341999997108
3381.0901906779654, 0.000295762592419779, 0.8864352999999028
3381.0901906779654, 0.000295762592419779, 0.8883335000000443
3381.0901906779654, 0.000295762592419779, 0.8894863000004989
3381.0901906779654, 0.000295762592419779, 0.8900449000002482
3381.0901906779654, 0.000295762592419779, 0.8905394000003071
3381.0901906779654, 0.000295762592419779, 0.8911035000000993
3381.0901906779654, 0.00029484971394904346, 0.8916635000005044
3381.0901906779654, 0.000295762592419779, 0.8925863000004028
3381.0901906779654, 0.000295762592419779, 0.8933653000003687
3381.0901906779654, 0.000295762592419779, 0.8939031999998406
3381.0901906779654, 0.000295762592419779, 0.8955289000004996
3381.0901906779654, 0.000295762592419779, 0.8964605000001029
3381.0901906779654, 0.000295762592419779, 0.8970368000000235
3381.0901906779654, 0.000295762592419779, 0.8981167000001733
3381.0901906779654, 0.000295762592419779, 0.8997675000000527
3381.0901906779654, 0.000295762592419779, 0.9364958000005572
3381.0901906779654, 0.000295762592419779, 0.9382794000002832
3381.0901906779654, 0.000295762592419779, 0.9400021000001288
3381.0901906779654, 0.000295762592419779, 0.9416320999998788
3381.0901906779654, 0.000295762592419779, 0.9427175999999236
3381.0901906779654, 0.000295762592419779, 0.944513299999926
3381.0901906779654, 0.000295762592419779, 0.9461691000005885
3381.0901906779654, 0.000295762592419779, 0.9475386000003709
3381.0901906779654, 0.000295762592419779, 0.9489825000000565
3381.0901906779654, 0.000295762592419779, 0.9507486000002245
3381.0901906779654, 0.000295762592419779, 0.952240200000233
3381.0901906779654, 0.000295762592419779, 0.9532227999998213
3381.0901906779654, 0.000295762592419779, 0.9543014000000767
3381.0901906779654, 0.00029476329344602976, 0.955519699999968
3381.0901906779654, 0.000295762592419779, 0.958047300000544
3381.0901906779654, 0.000295762592419779, 0.9612716999999975
3381.0901906779654, 0.000295762592419779, 0.9632159000002503
3381.0901906779654, 0.000295762592419779, 0.9642445999998017
3381.0901906779654, 0.000295762592419779, 0.9652438000002803
3381.0901906779654, 0.000295762592419779, 0.9675250999998752
3381.0901906779654, 0.000295762592419779, 0.9688856000002488
3381.0901906779654, 0.000295762592419779, 0.9703214999999545
3381.0901906779654, 0.000295762592419779, 0.9723461000003226
3381.0901906779654, 0.000295762592419779, 0.9734723000001395
3381.0901906779654, 0.000295762592419779, 0.9745087999999669
3381.0901906779654, 0.000295762592419779, 0.9756224000002476
3381.0901906779654, 0.000295762592419779, 0.9764553000004526
3381.0901906779654, 0.000295762592419779, 0.9770470000003115
3381.0901906779654, 0.000295762592419779, 0.9775642000004154
3381.0901906779654, 0.000295762592419779, 0.9785025999999561
3381.0901906779654, 0.000295762592419779, 0.9790472000004229
3381.0901906779654, 0.000295762592419779, 0.9795560000002297
3381.0901906779654, 0.000295762592419779, 0.9801099000005706
3381.0901906779654, 0.000295762592419779, 0.9806042999998681
3381.0901906779654, 0.000295762592419779, 0.9811125000005632
3381.0901906779654, 0.000295762592419779, 0.9816128000002209
3381.0901906779654, 0.000295762592419779, 0.9824681000000055
3381.0901906779654, 0.000295762592419779, 0.9842459000001327
3381.0901906779654, 0.000295762592419779, 0.9856478000001516
3381.0901906779654, 0.000295762592419779, 0.9866202000002886
3381.0901906779654, 0.000295762592419779, 0.9871772000005876
3381.0901906779654, 0.000295762592419779, 0.9876917999999932
3381.0901906779654, 0.000295762592419779, 0.9881900999998834
3381.0901906779654, 0.000295762592419779, 0.9888873999998395
3381.0901906779654, 0.000295762592419779, 0.9894610999999713
3381.0901906779654, 0.000295762592419779, 0.9899694000005184
3381.0901906779654, 0.000295762592419779, 0.9904778000000078
3381.0901906779654, 0.000295762592419779, 0.9909509999997681
3381.0901906779654, 0.000295762592419779, 0.9914316000003964
3381.0901906779654, 0.0002950749429265299, 0.9919379000002664
3381.0901906779654, 0.000295762592419779, 0.9924097000002803
3381.0901906779654, 0.000295762592419779, 0.992903500000466
3381.0901906779654, 0.000295762592419779, 0.9933931000005032
3381.0901906779654, 0.000295762592419779, 0.9938874999998006
3381.0901906779654, 0.000295762592419779, 0.994371200000387
3381.0901906779654, 0.000295762592419779, 0.9948610999999801
3381.0901906779654, 0.000295762592419779, 0.9953409999998257
3381.0901906779654, 0.000295762592419779, 0.9958396000001812
3381.0901906779654, 0.000295762592419779, 0.9963235000004715
3381.0901906779654, 0.000295762592419779, 0.9968097000000853
3381.0901906779654, 0.000295762592419779, 0.9972898000005443
3381.0901906779654, 0.000295762592419779, 0.9977712999998403
3381.0901906779654, 0.000295762592419779, 0.9982522000000245
3381.0901906779654, 0.000295762592419779, 0.9988552000004347
3381.0901906779654, 0.000295762592419779, 0.9995409000002837
3381.0901906779654, 0.000295762592419779, 1.0001604999997653
3381.0901906779654, 0.000295762592419779, 1.0008570999998483
3381.0901906779654, 0.000295762592419779, 1.0014147000001685
3381.0901906779654, 0.000295762592419779, 1.001925300000039
3381.0901906779654, 0.000295762592419779, 1.0024253000001409
3381.0901906779654, 0.000295762592419779, 1.0029339000002437
3381.0901906779654, 0.000295762592419779, 1.0034200999998575
3381.0901906779654, 0.000295762592419779, 1.003907000000254
3381.0901906779654, 0.000295762592419779, 1.004390500000227
3381.0901906779654, 0.000295762592419779, 1.004879300000539
3381.0901906779654, 0.000295762592419779, 1.0053632999997717
3381.0901906779654, 0.000295762592419779, 1.0058490999999776
3381.0901906779654, 0.000295762592419779, 1.0063403000003746
3381.0901906779654, 0.000295762592419779, 1.0068321999997352
3381.0901906779654, 0.000295762592419779, 1.007317000000512
3381.0901906779654, 0.000295762592419779, 1.007803899999999
3381.0901906779654, 0.000295762592419779, 1.0082878000002893
3381.0901906779654, 0.000295762592419779, 1.0087787000002209
3381.0901906779654, 0.000295762592419779, 1.0092618999997285
3381.0901906779654, 0.000295762592419779, 1.0097448000005897
3381.0901906779654, 0.000295762592419779, 1.0102305999998862
3381.0901906779654, 0.000295762592419779, 1.0107367000000522
3381.0901906779654, 0.000295762592419779, 1.011225199999899
3381.0901906779654, 0.000295762592419779, 1.0117190999999366
3381.0901906779654, 0.00029541257897757703, 1.0122105000000374
3381.0901906779654, 0.000295762592419779, 1.0126974000004338
3381.0901906779654, 0.000295762592419779, 1.0131878000001961
3381.090190677965, 0.00029576259241977906, 1.0136807999997473
3381.090190677965, 0.00029576259241977906, 1.014174599999933
3381.090190677965, 0.00029576259241977906, 1.0146638000005623
3381.090190677965, 0.00029576259241977906, 1.0152588000000833
3381.090190677965, 0.00029576259241977906, 1.0161858999999822
3381.090190677965, 0.00029576259241977906, 1.0168892000001506
3381.090190677965, 0.00029576259241977906, 1.0173942000001261
3381.090190677965, 0.00029576259241977906, 1.0179238999999143
3381.090190677965, 0.00029576259241977906, 1.0184268000002703
3381.090190677965, 0.00029576259241977906, 1.0189181000005192
3365.3888003177967, 0.00029714248763933876, 1.019404200000281
3365.3888003177967, 0.00029714248763933876, 1.0198935999997047
3365.3888003177967, 0.00029714248763933876, 1.020394699999997
3365.3888003177967, 0.00029714248763933876, 1.0208855000000767
3365.3888003177967, 0.00029714248763933876, 1.0213721000000078
3365.3888003177967, 0.00029714248763933876, 1.021867000000384
3365.3888003177967, 0.00029714248763933876, 1.0223576999997022
3365.3888003177967, 0.00029714248763933876, 1.0228557999998884
3365.3888003177967, 0.00029714248763933876, 1.023340100000496
3365.3888003177967, 0.00029714248763933876, 1.0238341000003857
3365.3888003177967, 0.00029714248763933876, 1.0243225000003804
3365.3888003177967, 0.00029714248763933876, 1.024807700000565
3365.3888003177967, 0.00029714248763933876, 1.0252983999998833
3365.3888003177967, 0.00029576259241977906, 1.0258034999997108
3365.3888003177967, 0.000295762592419779, 1.026292800000192
3365.3888003177967, 0.000295762592419779, 1.0267886999999973
3365.3888003177967, 0.000295762592419779, 1.0272808999998233
3365.3888003177967, 0.00029714248763933876, 1.027771400000347
3365.3888003177967, 0.00029714248763933876, 1.028254800000468
3365.3888003177967, 0.000295762592419779, 1.0287447000000611
3365.3888003177967, 0.00029714248763933876, 1.0292362999998659
3365.3888003177967, 0.00029714248763933876, 1.029730400000517
3365.3888003177967, 0.00029714248763933876, 1.0302191000000676
3365.3888003177967, 0.00029714248763933876, 1.0307080000002316
3365.3888003177967, 0.00029714248763933876, 1.0312040999997407
3365.3888003177967, 0.00029714248763933876, 1.0316891000002215
3365.3888003177967, 0.00029714248763933876, 1.0322781000004397
3365.3888003177967, 0.00029714248763933876, 1.0328644000001077
3365.3888003177967, 0.00029714248763933876, 1.0333712999999989
3365.3888003177967, 0.00029714248763933876, 1.0338957000003575
3365.3888003177967, 0.00029714248763933876, 1.0344296000002942
3365.3888003177967, 0.00029714248763933876, 1.0349222000004374
3365.3888003177967, 0.00029714248763933876, 1.0354096000000936
3365.3888003177967, 0.00029714248763933876, 1.035896600000342
3365.3888003177967, 0.00029714248763933876, 1.0363912000002529
3365.3888003177967, 0.00029714248763933876, 1.0368791000000783
3365.3888003177967, 0.00029714248763933876, 1.0373663000000306
3365.3888003177967, 0.00029714248763933876, 1.037876200000028
3365.3888003177967, 0.00029714248763933876, 1.038362600000255
3365.3888003177967, 0.00029714248763933876, 1.0388503000003766
3365.3888003177967, 0.00029714248763933876, 1.0393301000003703
3365.3888003177967, 0.00029714248763933876, 1.0398225999997521
3365.3888003177967, 0.00029714248763933876, 1.0403060999997251
3365.3888003177967, 0.00029714248763933876, 1.0408133000000817
3365.3888003177967, 0.00029714248763933876, 1.0413029000001188
3365.3888003177967, 0.00029714248763933876, 1.041791600000579
3365.3888003177967, 0.00029714248763933876, 1.0422779000000446
3365.3888003177967, 0.00029714248763933876, 1.0427635000005466
3365.3888003177967, 0.00029714248763933876, 1.0432466000002023
3365.3888003177967, 0.00029714248763933876, 1.0437369999999646
3365.3888003177967, 0.00029714248763933876, 1.0442226000004666
3365.3888003177967, 0.00029714248763933876, 1.0447119000000384
3365.3888003177967, 0.00029714248763933876, 1.0452007000003505
3365.3888003177967, 0.00029714248763933876, 1.045692599999711
3365.3888003177967, 0.00029714248763933876, 1.0461765999998534
3365.3888003177967, 0.00029714248763933876, 1.0466625999997632
3365.3888003177967, 0.00029714248763933876, 1.0471465999999054
3365.3888003177967, 0.00029714248763933876, 1.047636500000408
3365.3888003177967, 0.00029714248763933876, 1.0481207000002541
3365.3888003177967, 0.00029714248763933876, 1.048660600000403
3365.3888003177967, 0.0002968896246433007, 1.0491834000004019
3365.3888003177967, 0.00029714248763933876, 1.0498460999997405
3365.3888003177967, 0.00029714248763933876, 1.0503543000004356
3365.3888003177967, 0.00029714248763933876, 1.0509152000004178
3365.3888003177967, 0.00029714248763933876, 1.0514130999999907
3365.3888003177967, 0.00029714248763933876, 1.0519091000005574
3365.3888003177967, 0.00029714248763933876, 1.05241819999992
3365.3888003177967, 0.00029714248763933876, 1.052929000000404
3365.3888003177967, 0.00029714248763933876, 1.0534002000003966
3365.3888003177967, 0.00029714248763933876, 1.0539069000005838
3365.3888003177967, 0.00029714248763933876, 1.0543832000003022
3365.3888003177967, 0.00029714248763933876, 1.054888700000447
3365.3888003177967, 0.00029714248763933876, 1.0553773999999976
3365.3888003177967, 0.00029714248763933876, 1.0558837999997195
3365.3888003177967, 0.00029714248763933876, 1.0563929999998436
3365.3888003177967, 0.00029714248763933876, 1.0568969000005382
3365.3888003177967, 0.00029714248763933876, 1.0573762000003626
3365.3888003177967, 0.00029714248763933876, 1.0578866000005291
3365.3888003177967, 0.00029714248763933876, 1.058356200000162
3365.3888003177967, 0.00029714248763933876, 1.0588599000002432
3365.3888003177967, 0.00029714248763933876, 1.0593594000001758
3365.3888003177967, 0.00029714248763933876, 1.0598656000001938
3365.3888003177967, 0.00029714248763933876, 1.0603397000004406
3365.3888003177967, 0.00029714248763933876, 1.0608455000001413
3365.3888003177967, 0.00029714248763933876, 1.0613174000000072
3365.3888003177967, 0.00029714248763933876, 1.0618217999999615
3365.3888003177967, 0.00029714248763933876, 1.0622917000000598
3365.3888003177967, 0.00029714248763933876, 1.0628311000000394
3365.3888003177967, 0.00029714248763933876, 1.063327200000458
3365.3888003177967, 0.00029714248763933876, 1.0638182000002416
3365.3888003177967, 0.00029714248763933876, 1.0642853999997897
3365.3888003177967, 0.00029714248763933876, 1.0647890999998708
3365.3888003177967, 0.00029714248763933876, 1.065324099999998
3365.3888003177967, 0.00029714248763933876, 1.0664050000004863
3365.3888003177967, 0.00029714248763933876, 1.0678526000001511
3365.3888003177967, 0.00029714248763933876, 1.0694976000004317
3365.3888003177967, 0.00029714248763933876, 1.0708495999997467
3365.3888003177967, 0.00029714248763933876, 1.0713696000002528
3365.3888003177967, 0.00029714248763933876, 1.0718739000003552
3365.3888003177967, 0.00029714248763933876, 1.072373200000584
3365.3888003177967, 0.00029714248763933876, 1.072883699999693
3365.3888003177967, 0.00029714248763933876, 1.073371500000576
3365.3888003177967, 0.00029714248763933876, 1.0738626000002114
3365.3888003177967, 0.00029714248763933876, 1.0745581999999558
3365.3888003177967, 0.00029714248763933876, 1.075064100000418
3365.3888003177967, 0.00029714248763933876, 1.0755660000004355
3365.3888003177967, 0.00029714248763933876, 1.0760583999999653
3365.3888003177967, 0.00029714248763933876, 1.0765483000004679
3365.3888003177967, 0.00029714248763933876, 1.0770376000000397
3365.3888003177967, 0.00029714248763933876, 1.0775199999998222
3365.3888003177967, 0.00029714248763933876, 1.0780156999999235
3365.3888003177967, 0.00029714248763933876, 1.078486299999895
3365.3888003177967, 0.00029714248763933876, 1.0789574000000357
3365.3888003177967, 0.00029714248763933876, 1.0794277000004513
3365.3888003177967, 0.00029714248763933876, 1.0798977000004015
3365.3888003177967, 0.00029714248763933876, 1.0803720000003523
3365.3888003177967, 0.00029714248763933876, 1.0808446000000913
3365.3888003177967, 0.00029714248763933876, 1.0814532000003965
3365.3888003177967, 0.00029714248763933876, 1.0825345000002926
3365.3888003177967, 0.00029714248763933876, 1.0831481000004715
3365.3888003177967, 0.00029714248763933876, 1.0837088999996922
3365.3888003177967, 0.00029714248763933876, 1.0842104000003019
3365.3888003177967, 0.00029714248763933876, 1.0847458999996888
3365.3888003177967, 0.00029714248763933876, 1.085272299999815
3365.3888003177967, 0.00029714248763933876, 1.0858109000000695
3365.3888003177967, 0.00029714248763933876, 1.0863802000003489
3365.3888003177967, 0.00029714248763933876, 1.0872454999998808
3365.3888003177967, 0.00029714248763933876, 1.0882006000001638
3365.3888003177967, 0.00029714248763933876, 1.0888261999998576
3365.3888003177967, 0.00029714248763933876, 1.0893936000002213
3365.3888003177967, 0.00029714248763933876, 1.089899399999922
3365.3888003177967, 0.00029714248763933876, 1.0903721000004225
3365.3888003177967, 0.00029714248763933876, 1.0908823999998276
3365.3888003177967, 0.00029714248763933876, 1.0913546000001588
3365.3888003177967, 0.00029714248763933876, 1.0918579999997746
3365.3888003177967, 0.00029714248763933876, 1.0923681000003853
3365.3888003177967, 0.0002968266664354312, 1.0929056000004493
3365.3888003177967, 0.0002968266664354312, 1.0933734000000186
3365.3888003177967, 0.00029651151586690253, 1.0938763000003746
3365.3888003177967, 0.00029714248763933876, 1.0943543000003046
3365.3888003177967, 0.00029714248763933876, 1.094862099999773
3365.3888003177967, 0.00029714248763933876, 1.0953330000002097
3365.3888003177967, 0.00029714248763933876, 1.0958646999997654
3365.3888003177967, 0.00029714248763933876, 1.0964198000001488
3365.3888003177967, 0.00029714248763933876, 1.0969073000005665
3365.3888003177967, 0.00029714248763933876, 1.0973728999997547
3365.3888003177967, 0.00029714248763933876, 1.097892800000409
3365.3888003177967, 0.00029714248763933876, 1.0983873000004678
3365.3888003177967, 0.00029714248763933876, 1.09893430000011
3365.3888003177967, 0.00029714248763933876, 1.0996906999998828
3365.3888003177967, 0.00029714248763933876, 1.1008483000005072
3365.3888003177967, 0.00029714248763933876, 1.1013663000003362
3365.3888003177967, 0.00029714248763933876, 1.1019053999998505
3365.3888003177967, 0.00029714248763933876, 1.1026182000005065
3365.3888003177967, 0.00029714248763933876, 1.1031912999997076
3365.3888003177967, 0.00029714248763933876, 1.1038901000001715
3365.3888003177967, 0.00029714248763933876, 1.1044219000004887
3365.3888003177967, 0.00029714248763933876, 1.104909100000441
3365.3888003177967, 0.00029714248763933876, 1.1053854000001593
3365.3888003177967, 0.00029714248763933876, 1.1058866000003036
3365.3888003177967, 0.00029714248763933876, 1.1063548000001902
3365.3888003177967, 0.00029714248763933876, 1.1068847000005917
3365.3888003177967, 0.00029714248763933876, 1.1073701000004803
3365.3888003177967, 0.00029714248763933876, 1.1079054000001634
3365.3888003177967, 0.00029714248763933876, 1.1083748999999443
3365.3888003177967, 0.00029714248763933876, 1.1088801000005333
3365.3888003177967, 0.00029714248763933876, 1.1093533000002935
3365.3888003177967, 0.00029714248763933876, 1.1098567999997613
3365.3888003177967, 0.00029714248763933876, 1.1103258000002825
3365.3888003177967, 0.00029714248763933876, 1.1108603000002404
3365.3888003177967, 0.00029714248763933876, 1.111479899999722
3365.3888003177967, 0.00029714248763933876, 1.111949199999799
3365.3888003177967, 0.00029714248763933876, 1.1124615999997332
3365.3888003177967, 0.00029714248763933876, 1.1129264999999577
3365.3888003177967, 0.00029714248763933876, 1.1134211999997206
3365.3888003177967, 0.00029714248763933876, 1.113904800000455
3365.3888003177967, 0.00029714248763933876, 1.114422700000432
3365.3888003177967, 0.00029560715446284397, 1.114931300000535
3365.3888003177967, 0.00029714248763933876, 1.115527099999781
3365.3888003177967, 0.00029714248763933876, 1.1162310999998226
3365.3888003177967, 0.00029714248763933876, 1.1168507000002137
3365.3888003177967, 0.00029647798793643157, 1.1174203999999008
3365.3888003177967, 0.00029714248763933876, 1.1180365999998685
3365.3888003177967, 0.00029714248763933876, 1.11859800000002
3365.3888003177967, 0.00029714248763933876, 1.1190881000002264
3365.3888003177967, 0.00029714248763933876, 1.1195925000001807
3365.3888003177967, 0.00029714248763933876, 1.120064700000512
3365.3888003177967, 0.00029714248763933876, 1.1205669999999373
3365.3888003177967, 0.00029714248763933876, 1.1210344000000987
3365.3888003177967, 0.00029714248763933876, 1.1216259000002538
3365.3888003177967, 0.0002964712856577606, 1.1221126000000368
3365.3888003177967, 0.00029714248763933876, 1.1226120999999694
3365.3888003177967, 0.00029714248763933876, 1.1230697999999393
3365.3888003177967, 0.00029714248763933876, 1.1235999999998967
3365.3888003177967, 0.00029714248763933876, 1.124058100000184
3365.3888003177967, 0.00029714248763933876, 1.124550100000306
3365.3888003177967, 0.00029714248763933876, 1.1250113000005513
3365.3888003177967, 0.00029714248763933876, 1.125525899999957
3365.3888003177967, 0.00029714248763933876, 1.1261544999997568
3365.3888003177967, 0.00029714248763933876, 1.1266454000005979
3365.3888003177967, 0.00029714248763933876, 1.1271001000004617
3365.3888003177967, 0.00029714248763933876, 1.1275973000001613
3365.3888003177967, 0.00029714248763933876, 1.1280553000005966
3365.3888003177967, 0.00029714248763933876, 1.12854359999983
3365.3888003177967, 0.00029714248763933876, 1.1290195000001404
3365.3888003177967, 0.00029714248763933876, 1.1296084000005067
3365.3888003177967, 0.00029714248763933876, 1.1301055000003544
3365.3888003177967, 0.00029714248763933876, 1.130602700000054
3365.3888003177967, 0.00029714248763933876, 1.1310632000004261
3365.3888003177967, 0.00029714248763933876, 1.1316040000001522
3365.3888003177967, 0.00029714248763933876, 1.1322087999997166
3365.3888003177967, 0.00029714248763933876, 1.13292840000031
3365.3888003177967, 0.00029714248763933876, 1.1340133000003334
3365.3888003177967, 0.00029714248763933876, 1.1347209000005023
3365.3888003177967, 0.00029714248763933876, 1.135283000000527
3365.3888003177967, 0.00029714248763933876, 1.1357969999999113
3365.3888003177967, 0.00029714248763933876, 1.1362869000004139
3365.3888003177967, 0.00029714248763933876, 1.1367759000004298
3365.3888003177967, 0.00029714248763933876, 1.1372865000003003
3365.3888003177967, 0.00029714248763933876, 1.1377932000004876
3365.3888003177967, 0.00029714248763933876, 1.1382622999999512
3365.3888003177967, 0.00029714248763933876, 1.1387684999999692
3365.3888003177967, 0.00029714248763933876, 1.139237200000025
3365.3888003177967, 0.00029714248763933876, 1.13974109999981
3365.3888003177967, 0.00029714248763933876, 1.140248800000336
3365.3888003177967, 0.00029714248763933876, 1.1408614000001762
3365.3888003177967, 0.00029714248763933876, 1.141364799999792
3365.3888003177967, 0.00029714248763933876, 1.1418370000001232
3365.3888003177967, 0.00029714248763933876, 1.142327600000499
3365.3888003177967, 0.00029714248763933876, 1.142814400000134
3365.3888003177967, 0.00029714248763933876, 1.1432810000005702
3365.3888003177967, 0.00029714248763933876, 1.1438205000004018
3365.3888003177967, 0.00029714248763933876, 1.1443323000003147
3365.3888003177967, 0.00029707926964499747, 1.1448097000002235
3365.3888003177967, 0.00029714248763933876, 1.1452805999997508
3365.3888003177967, 0.00029714248763933876, 1.1457996999997704
3365.3888003177967, 0.00029714248763933876, 1.1462748000003558
3365.3888003177967, 0.00029714248763933876, 1.146796600000016
3365.3888003177967, 0.00029714248763933876, 1.1472899999998845
3365.3888003177967, 0.00029714248763933876, 1.1478736999997636
3365.3888003177967, 0.00029714248763933876, 1.1484271999997873
3365.3888003177967, 0.00029714248763933876, 1.1497768999997788
3365.3888003177967, 0.00029714248763933876, 1.150357299999996
3365.3888003177967, 0.00029714248763933876, 1.150948100000278
3365.3888003177967, 0.00029714248763933876, 1.1515015000004496
3365.3888003177967, 0.00029714248763933876, 1.1520141000000876
3365.3888003177967, 0.00029714248763933876, 1.1525201000004017
3365.3888003177967, 0.00029714248763933876, 1.1529885999998442
3365.3888003177967, 0.00029714248763933876, 1.1534922000000734
3365.3888003177967, 0.00029714248763933876, 1.1539621000001716
3365.3888003177967, 0.00029714248763933876, 1.154463300000316
3365.3888003177967, 0.00029714248763933876, 1.1549647000001642
3365.3888003177967, 0.00029714248763933876, 1.1555640000005951
3365.3888003177967, 0.00029714248763933876, 1.1560435999999754
3365.3888003177967, 0.00029714248763933876, 1.1565514000003532
3365.3888003177967, 0.00029714248763933876, 1.157020300000113
3365.3888003177967, 0.00029714248763933876, 1.157527399999708
3365.3888003177967, 0.00029714248763933876, 1.1579948999997214
3365.3888003177967, 0.00029714248763933876, 1.158531199999743
3365.3888003177967, 0.00029714248763933876, 1.1590385999998034
3365.3888003177967, 0.00029714248763933876, 1.159540499999821
3365.3888003177967, 0.00029714248763933876, 1.160008800000469
3365.3888003177967, 0.00029714248763933876, 1.1605114000003596
3365.3888003177967, 0.00029714248763933876, 1.1609834999999293
3365.3888003177967, 0.00029714248763933876, 1.1615535999999338
3365.3888003177967, 0.00029714248763933876, 1.1623633999997764
3365.3888003177967, 0.00029714248763933876, 1.1628767000001972
3365.3888003177967, 0.00029714248763933876, 1.1633856999997079
3365.3888003177967, 0.00029714248763933876, 1.163862500000505
3365.3888003177967, 0.00029714248763933876, 1.1643658000002688
3365.3888003177967, 0.00029714248763933876, 1.1648354999997537
3365.3888003177967, 0.00029714248763933876, 1.1654710000002524
3365.3888003177967, 0.00029714248763933876, 1.1660587000005762
3365.3888003177967, 0.00029714248763933876, 1.1665855000001102
3365.3888003177967, 0.00029714248763933876, 1.1671335999999428
3365.3888003177967, 0.00029714248763933876, 1.1677308999996967
3365.3888003177967, 0.00029714248763933876, 1.1682054000002609
3365.3888003177967, 0.00029714248763933876, 1.168709300000046
3365.3888003177967, 0.00029714248763933876, 1.1691797000003135
3365.3888003177967, 0.00029714248763933876, 1.169719399999849
3365.3888003177967, 0.00029714248763933876, 1.1702826000000641
3365.3888003177967, 0.00029714248763933876, 1.1707529000004797
3365.3888003177967, 0.00029714248763933876, 1.1712489999999889
3365.3888003177967, 0.00029714248763933876, 1.1717365000004065
3365.3888003177967, 0.00029714248763933876, 1.1722123999998075
3365.3888003177967, 0.00029714248763933876, 1.1727191999998468
3365.3888003177967, 0.00029714248763933876, 1.1732240999999703
3365.3888003177967, 0.00029714248763933876, 1.1737411000003704
3365.3888003177967, 0.00029714248763933876, 1.174209200000405
3365.3888003177967, 0.00029714248763933876, 1.1747138000000632
3365.3888003177967, 0.00029714248763933876, 1.17526799999996
3365.3888003177967, 0.00029616179505847557, 1.1757401000004393
3365.3888003177967, 0.00029714248763933876, 1.1762282999998206
3365.3888003177967, 0.00029714248763933876, 1.17674420000003
3365.3888003177967, 0.00029714248763933876, 1.1772501000004922
3365.3888003177967, 0.00029714248763933876, 1.1777229999997871
3365.3888003177967, 0.00029714248763933876, 1.1781922000000122
3365.3888003177967, 0.00029714248763933876, 1.1786989000001995
3365.3888003177967, 0.00029714248763933876, 1.1791652000001704
3365.3888003177967, 0.00029714248763933876, 1.1796688000003996
3365.3888003177967, 0.00029714248763933876, 1.1801371999999901
3365.3888003177967, 0.00029714248763933876, 1.1806765000001178
3365.3888003177967, 0.00029714248763933876, 1.1811665000004723
3365.3888003177967, 0.00029714248763933876, 1.1816502000001492
3365.3888003177967, 0.00029714248763933876, 1.1822591999998622
3365.3888003177967, 0.00029714248763933876, 1.1828651000005266
3365.3888003177967, 0.00029714248763933876, 1.183438300000489
3365.3888003177967, 0.00029714248763933876, 1.183958800000255
3365.3888003177967, 0.00029714248763933876, 1.1844728000005489
3365.3888003177967, 0.00029714248763933876, 1.1849459000004572
3365.3888003177967, 0.00029714248763933876, 1.185455599999841
3365.3888003177967, 0.00029714248763933876, 1.18592499999977
3365.3888003177967, 0.00029714248763933876, 1.18642809999983
3365.3888003177967, 0.00029714248763933876, 1.1868958000004568
3365.3888003177967, 0.00029714248763933876, 1.1874133000001166
3365.3888003177967, 0.00029714248763933876, 1.1879178999997748
3365.3888003177967, 0.00029714248763933876, 1.188455000000431
3365.3888003177967, 0.00029714248763933876, 1.1889774999999645
3365.3888003177967, 0.00029714248763933876, 1.1894950000005338
3365.3888003177967, 0.00029714248763933876, 1.1899670000002516
3365.3888003177967, 0.00029714248763933876, 1.1904737000004388
3365.3888003177967, 0.00029714248763933876, 1.1909488000001147
3365.3888003177967, 0.00029714248763933876, 1.191483600000538
3365.3888003177967, 0.00029714248763933876, 1.1920639999998457
3365.3888003177967, 0.00029714248763933876, 1.1925732999998218
3365.3888003177967, 0.00029714248763933876, 1.193051000000196
3365.3888003177967, 0.00029714248763933876, 1.1935628999999608
3365.3888003177967, 0.00029714248763933876, 1.194034900000588
3365.3888003177967, 0.00029714248763933876, 1.194536799999696
3365.3888003177967, 0.00029714248763933876, 1.1950291000002835
3365.3888003177967, 0.00029714248763933876, 1.1955198000005112
3365.3888003177967, 0.00029714248763933876, 1.196023100000275
3365.3888003177967, 0.00029714248763933876, 1.196532500000103
3365.3888003177967, 0.00029714248763933876, 1.1970049000001382
3365.3888003177967, 0.00029714248763933876, 1.1975117000001774
3365.3888003177967, 0.00029714248763933876, 1.1979800999997678
3365.3888003177967, 0.00029714248763933876, 1.1985389999999825
3365.3888003177967, 0.00029714248763933876, 1.1991087000005791
3365.3888003177967, 0.00029714248763933876, 1.1997419999997874
3365.3888003177967, 0.00029714248763933876, 1.2003530000001774
3365.3888003177967, 0.00029714248763933876, 1.2010090000003402
3365.3888003177967, 0.00029714248763933876, 1.2015785000003234
3365.3888003177967, 0.00029714248763933876, 1.2020602000002327
3365.3888003177967, 0.00029671653505877835, 1.2025376000001415
3365.3888003177967, 0.00029714248763933876, 1.2030301000004329
3365.3888003177967, 0.00029714248763933876, 1.2035587000000305
3365.3888003177967, 0.00029714248763933876, 1.2040133999998943
3365.3888003177967, 0.00029714248763933876, 1.2045005999998466
3365.3888003177967, 0.00029714248763933876, 1.20495850000043
3365.3888003177967, 0.00029714248763933876, 1.205448400000023
3365.3888003177967, 0.00029714248763933876, 1.206000000000131
3365.3888003177967, 0.00029714248763933876, 1.2064827000003788
3365.3888003177967, 0.0002963227465427127, 1.206946500000413
3365.3888003177967, 0.00029714248763933876, 1.2074811000002228
3365.3888003177967, 0.00029714248763933876, 1.2079355000005307
3365.3888003177967, 0.00029714248763933876, 1.2084301000004416
3365.3888003177967, 0.00029714248763933876, 1.2088842000002842
3365.3888003177967, 0.00029714248763933876, 1.209396299999753
3365.3888003177967, 0.00029714248763933876, 1.2099411999997756
3365.3888003177967, 0.00029714248763933876, 1.2104392000001098
3365.3888003177967, 0.00029714248763933876, 1.2108938000001217
3365.3888003177967, 0.00029714248763933876, 1.2114197999999305
3365.3888003177967, 0.00029714248763933876, 1.2118768000000273
3365.3888003177967, 0.00029714248763933876, 1.2123663000002125
3365.3888003177967, 0.00029714248763933876, 1.212825900000098
3365.3888003177967, 0.00029714248763933876, 1.213400100000399
3365.3888003177967, 0.00029714248763933876, 1.2138605999998617
3365.3888003177967, 0.00029714248763933876, 1.2143483999998352
3365.3888003177967, 0.00029714248763933876, 1.2148035999998683
3365.3888003177967, 0.00029714248763933876, 1.2153453999999329
3365.3888003177967, 0.00029714248763933876, 1.2160663000004206
3365.3888003177967, 0.00029714248763933876, 1.2167263000001185
3365.3888003177967, 0.00029714248763933876, 1.217299599999933
3365.3888003177967, 0.00029714248763933876, 1.2178172000003542
3365.3888003177967, 0.00029714248763933876, 1.2183075000002646
3365.3888003177967, 0.00029714248763933876, 1.2187645000003613
3365.3888003177967, 0.00029714248763933876, 1.2192578000003778
3365.3888003177967, 0.00029714248763933876, 1.2197127999997974
3365.3888003177967, 0.00029714248763933876, 1.2202013000005536
3365.3888003177967, 0.00029714248763933876, 1.220757500000218
3365.3888003177967, 0.00029714248763933876, 1.2213072000004104
3365.3888003177967, 0.00029714248763933876, 1.2217639000000418
3365.3888003177967, 0.00029714248763933876, 1.222251099999994
3365.3888003177967, 0.00029714248763933876, 1.2227130000001125
3365.3888003177967, 0.00029714248763933876, 1.2232837000001382
3365.3888003177967, 0.00029714248763933876, 1.2237387000004674
3365.3888003177967, 0.00029714248763933876, 1.224230599999828
3365.3888003177967, 0.00029714248763933876, 1.224710700000287
3365.3888003177967, 0.00029714248763933876, 1.22521610000058
3365.3888003177967, 0.00029714248763933876, 1.2256859999997687
3365.3888003177967, 0.00029714248763933876, 1.2261796000002505
3365.3888003177967, 0.00029714248763933876, 1.2266404000001785
3365.3888003177967, 0.00029714248763933876, 1.2271357999998145
3365.3888003177967, 0.00029708894681069065, 1.2275910999996995
3365.3888003177967, 0.00029714248763933876, 1.228171900000234
3365.3888003177967, 0.00029714248763933876, 1.228627399999823
3365.3888003177967, 0.00029714248763933876, 1.2291018000005351
3365.3888003177967, 0.00029714248763933876, 1.2295699000005698
3365.3888003177967, 0.00029714248763933876, 1.2300285000001168
3365.3888003177967, 0.00029714248763933876, 1.2305193000001964
3365.3888003177967, 0.00029714248763933876, 1.230973300000187
3365.3888003177967, 0.00029714248763933876, 1.2315447999999378
3365.3888003177967, 0.00029714248763933876, 1.2321609999999055
3365.3888003177967, 0.00029714248763933876, 1.2329338999998072
3365.3888003177967, 0.00029714248763933876, 1.2336218000000372
3365.3888003177967, 0.00029714248763933876, 1.2341204000003927
3365.3888003177967, 0.00029714248763933876, 1.2345755000005738
3365.3888003177967, 0.00029714248763933876, 1.2350532999998904
3365.3888003177967, 0.00029714248763933876, 1.2356062999997448
3365.3888003177967, 0.00029714248763933876, 1.2361074999998891
3365.3888003177967, 0.00029714248763933876, 1.2365667000003668
3365.3888003177967, 0.00029714248763933876, 1.2370233000001463
3365.3888003177967, 0.00029714248763933876, 1.2375177000003532
3365.3888003177967, 0.00029714248763933876, 1.2379793000000063
3365.3888003177967, 0.00029677323934900005, 1.2384741000005306
3365.3888003177967, 0.00029714248763933876, 1.2389524999998685
3365.3888003177967, 0.00029714248763933876, 1.2395125000002736
3365.3888003177967, 0.00029714248763933876, 1.2399720000003072
3365.3888003177967, 0.00029714248763933876, 1.2404604000003019
3365.3888003177967, 0.00029714248763933876, 1.2409208999997645
3365.3888003177967, 0.00029714248763933876, 1.2414487000005465
3365.3888003177967, 0.00029714248763933876, 1.2419079000001148
3365.3888003177967, 0.00029714248763933876, 1.2424172000000908
3365.3888003177967, 0.00029714248763933876, 1.2429675000003044
3365.3888003177967, 0.00029714248763933876, 1.2434924999997747
3365.3888003177967, 0.00029714248763933876, 1.2439487000001463
3365.3888003177967, 0.00029714248763933876, 1.244437399999697
3365.3888003177967, 0.00029714248763933876, 1.2448964000004707
3365.3888003177967, 0.00029714248763933876, 1.245386800000233
3365.3888003177967, 0.00029714248763933876, 1.245842299999822
3365.3888003177967, 0.00029714248763933876, 1.2463669999997364
3365.3888003177967, 0.00029714248763933876, 1.2468604000005143
3365.3888003177967, 0.00029714248763933876, 1.2473492999997688
3365.3888003177967, 0.00029714248763933876, 1.2478054000002885
3365.3888003177967, 0.00029714248763933876, 1.2482974000004106
3365.3888003177967, 0.00029714248763933876, 1.2491408000005322
3365.3888003177967, 0.00029714248763933876, 1.2502513999997973
3365.3888003177967, 0.00029714248763933876, 1.2507654999999431
3365.3888003177967, 0.00029714248763933876, 1.2512996000004932
3365.3888003177967, 0.00029714248763933876, 1.2517613999998503
3365.3888003177967, 0.00029714248763933876, 1.2523363000000245
3365.3888003177967, 0.00029714248763933876, 1.2528246000001673
3365.3888003177967, 0.00029714248763933876, 1.2533595000004425
3365.3888003177967, 0.00029714248763933876, 1.2538612999996985
3365.3888003177967, 0.00029714248763933876, 1.2543984000003547
3365.3888003177967, 0.0002967874772422915, 1.2549073999998654
3365.3888003177967, 0.00029714248763933876, 1.255528000000595
3365.3888003177967, 0.00029714248763933876, 1.2560119999998278
3365.3888003177967, 0.00029714248763933876, 1.2564935000000332
3365.3888003177967, 0.00029714248763933876, 1.2569571000003634
3365.3888003177967, 0.00029714248763933876, 1.2575664000005418
3365.3888003177967, 0.0002956935303480699, 1.2580648000002839
3365.3888003177967, 0.00029714248763933876, 1.2585343000000648
3365.3888003177967, 0.00029714248763933876, 1.2590117999998256
3365.3888003177967, 0.00029714248763933876, 1.2594832000004317
3365.3888003177967, 0.00029714248763933876, 1.259940099999767
3365.3888003177967, 0.00029714248763933876, 1.260431200000312
3365.3888003177967, 0.00029714248763933876, 1.260909300000094
3365.3888003177967, 0.00029714248763933876, 1.2614172000003236
3365.3888003177967, 0.00029714248763933876, 1.261912900000425
3365.3888003177967, 0.00029714248763933876, 1.262405100000251
3365.3888003177967, 0.00029714248763933876, 1.2628617999998824
3365.3888003177967, 0.00029714248763933876, 1.2633937000000515
3365.3888003177967, 0.00029714248763933876, 1.2638526000000638
3365.3888003177967, 0.00029714248763933876, 1.264344400000482
3365.3888003177967, 0.00029714248763933876, 1.264902699999766
3365.3888003177967, 0.00029714248763933876, 1.2655322000000524
3365.3888003177967, 0.00029714248763933876, 1.2662700999999288
3365.3888003177967, 0.00029714248763933876, 1.2669406000004528
3365.3888003177967, 0.00029714248763933876, 1.2674382000004698
3365.3888003177967, 0.00029714248763933876, 1.267900599999848
3365.3888003177967, 0.00029714248763933876, 1.2684288999998898
3365.3888003177967, 0.00029714248763933876, 1.268904300000031
3365.3888003177967, 0.00029714248763933876, 1.2693796000003204
3365.3888003177967, 0.00029714248763933876, 1.2698381999998674
3365.3888003177967, 0.00029714248763933876, 1.270335199999863
3365.3888003177967, 0.00029714248763933876, 1.270791800000552
3365.3888003177967, 0.00029714248763933876, 1.2713322999998127
3365.3888003177967, 0.00029714248763933876, 1.2718288000005487
3365.3888003177967, 0.00029714248763933876, 1.272382799999832
3365.3888003177967, 0.00029714248763933876, 1.2728367999998227
3365.3888003177967, 0.00029714248763933876, 1.2733677000005628
3365.3888003177967, 0.00029714248763933876, 1.2738263999999617
3365.3888003177967, 0.00029714248763933876, 1.2743187000005491
3365.3888003177967, 0.00029714248763933876, 1.274773300000561
3365.3888003177967, 0.00029714248763933876, 1.2752681000001758
3365.3888003177967, 0.00029714248763933876, 1.275760900000023
3365.3888003177967, 0.00029714248763933876, 1.2762935000000653
3365.3888003177967, 0.00029714248763933876, 1.276752800000395
3365.3888003177967, 0.00029714248763933876, 1.2772483999997348
3365.3888003177967, 0.00029714248763933876, 1.2777100000002974
3365.3888003177967, 0.00029714248763933876, 1.2782044000005044
3365.3888003177967, 0.00029714248763933876, 1.2786612999998397
3365.3888003177967, 0.00029714248763933876, 1.2791771000001972
3365.3888003177967, 0.00029714248763933876, 1.2797276000001148
3365.3888003177967, 0.00029714248763933876, 1.2802188000005117
3365.3888003177967, 0.00029714248763933876, 1.2806781999997838
3365.3888003177967, 0.00029714248763933876, 1.2812093000002278
3365.3888003177967, 0.00029714248763933876, 1.2816840000004959
3365.3888003177967, 0.00029714248763933876, 1.2823975999999675
3365.3888003177967, 0.00029714248763933876, 1.2830405000004248
3365.3888003177967, 0.00029714248763933876, 1.2837067999998908
3365.3888003177967, 0.00029714248763933876, 1.284204900000077
3365.3888003177967, 0.00029714248763933876, 1.2846663000000262
3365.3888003177967, 0.00029714248763933876, 1.2851640999997471
3365.0924894067794, 0.000297168652317276, 1.285621799999717
3365.0924894067794, 0.000297168652317276, 1.2861142000001564
3365.0924894067794, 0.000297168652317276, 1.2865974000005735
3365.0924894067794, 0.000297168652317276, 1.2872113000003083
3365.0924894067794, 0.000297168652317276, 1.2876742999997077
3365.0924894067794, 0.000297168652317276, 1.2881704999999783
3365.0924894067794, 0.000297168652317276, 1.2886323000002449
3365.0924894067794, 0.000297168652317276, 1.28912500000024
3365.0924894067794, 0.000297168652317276, 1.2895840000001044
3365.0924894067794, 0.000297168652317276, 1.2900773000001209
3365.0924894067794, 0.000297168652317276, 1.2905713999998625
3365.0924894067794, 0.000297168652317276, 1.2911017000005813
3365.0924894067794, 0.000297168652317276, 1.2915583000003608
3365.0924894067794, 0.000297168652317276, 1.2920538999997007
3365.0924894067794, 0.000297168652317276, 1.292511800000284
3365.0924894067794, 0.000297168652317276, 1.2930397999998604
3365.0924894067794, 0.000297168652317276, 1.2934979999999996
3365.0924894067794, 0.000297168652317276, 1.2939811000005648
3365.0924894067794, 0.000297168652317276, 1.2945274000003337
3365.0924894067794, 0.000297168652317276, 1.2950190999999904
3365.0924894067794, 0.000297168652317276, 1.2954761000000872
3365.0924894067794, 0.000297168652317276, 1.295984800000042
3365.0924894067794, 0.00029714248763933876, 1.2964467000001605
3365.0924894067794, 0.000297168652317276, 1.2969223000000056
3365.0924894067794, 0.000297168652317276, 1.2973997999997664
3365.0924894067794, 0.000297168652317276, 1.2979348999997455
3365.0924894067794, 0.000297168652317276, 1.2984750000005079
3365.0924894067794, 0.000297168652317276, 1.2993851999999606
3365.0924894067794, 0.000297168652317276, 1.3003476000003502
3361.808005826271, 0.00029745898583944215, 1.3008184000000256
3361.808005826271, 0.00029745898583944215, 1.3013737999999648
3361.808005826271, 0.00029745898583944215, 1.3019518000000971
3361.808005826271, 0.00029745898583944215, 1.302409699999771
3361.808005826271, 0.00029745898583944215, 1.3028928000003361
3361.808005826271, 0.00029745898583944215, 1.303413399999954
3361.808005826271, 0.00029745898583944215, 1.3038950999998633
3361.808005826271, 0.00029745898583944215, 1.3043641000003845
3361.808005826271, 0.00029745898583944215, 1.3048165999998673
3361.808005826271, 0.00029745898583944215, 1.3053414000005432
3361.164059851695, 0.00029751597428544533, 1.305836000000454
3361.164059851695, 0.00029751597428544533, 1.3063303999997515
3361.164059851695, 0.00029751597428544533, 1.3067861999998058
3361.164059851695, 0.00029751597428544533, 1.3072793000001184
3361.164059851695, 0.00029751597428544533, 1.30773550000049
3361.164059851695, 0.00029751597428544533, 1.308224500000506
3361.164059851695, 0.00029751597428544533, 1.3087009000000762
3361.164059851695, 0.00029751597428544533, 1.309220600000117
3361.164059851695, 0.00029751597428544533, 1.3096787000004042
3361.164059851695, 0.00029751597428544533, 1.3101698000000397
3361.164059851695, 0.00029745898583944215, 1.3106266000004325
3361.164059851695, 0.000297168652317276, 1.3111633999997139
3361.164059851695, 0.00029751597428544533, 1.3116246999998111
3361.164059851695, 0.00029751597428544533, 1.3121170000003985
3361.164059851695, 0.00029751597428544533, 1.3126070999996955
3361.164059851695, 0.00029751597428544533, 1.3132144000001063
3361.164059851695, 0.00029751597428544533, 1.3137334000002738
3361.164059851695, 0.00029751597428544533, 1.3142170999999507
3361.164059851695, 0.00029751597428544533, 1.3146766999998363
3361.164059851695, 0.00029751597428544533, 1.3153043000002071
3361.164059851695, 0.00029751597428544533, 1.3160268999999971
3361.164059851695, 0.00029751597428544533, 1.3170382999996946
3361.164059851695, 0.00029751597428544533, 1.3175105999998777
3361.164059851695, 0.00029751597428544533, 1.3181062000003294
3361.164059851695, 0.00029751597428544533, 1.3185904000001756
3361.164059851695, 0.00029751597428544533, 1.319117500000175
3361.164059851695, 0.00029751597428544533, 1.319934000000103
3361.164059851695, 0.00029751597428544533, 1.3207155999998577
3361.164059851695, 0.00029751597428544533, 1.321532699999807
3361.164059851695, 0.00029751597428544533, 1.322245500000463
3361.164059851695, 0.00029751597428544533, 1.3230460000004314
3361.164059851695, 0.00029751597428544533, 1.3236867000005077
3361.164059851695, 0.00029751597428544533, 1.3243420999997397
3361.164059851695, 0.00029751597428544533, 1.325069600000461
3361.164059851695, 0.00029751597428544533, 1.325531200000114
3361.164059851695, 0.00029751597428544533, 1.326014799999939
3361.164059851695, 0.00029751597428544533, 1.326483100000587
3361.164059851695, 0.00029751597428544533, 1.3269835999999486
3361.164059851695, 0.00029751597428544533, 1.327805900000385
3361.164059851695, 0.00029751597428544533, 1.3285753999998633
3361.164059851695, 0.00029751597428544533, 1.329350500000146
3361.164059851695, 0.00029751597428544533, 1.3301008999997066
3361.164059851695, 0.00029751597428544533, 1.330559799999719
3361.164059851695, 0.00029751597428544533, 1.3313090999999986
3361.164059851695, 0.00029751597428544533, 1.3321731000005457
3361.164059851695, 0.00029751597428544533, 1.3331389000004492
3361.164059851695, 0.0002969823866651938, 1.3337579999997615
3361.164059851695, 0.00029751597428544533, 1.3346355000003314
3361.164059851695, 0.00029751597428544533, 1.3354190999998536
3361.164059851695, 0.00029751597428544533, 1.3359222999997655
3361.164059851695, 0.00029751597428544533, 1.336688999999751
3361.164059851695, 0.00029751597428544533, 1.337453699999969
3361.164059851695, 0.00029751597428544533, 1.3383768000003329
3361.164059851695, 0.00029751597428544533, 1.3391606000004685
3361.164059851695, 0.00029751597428544533, 1.3396199999997407
3361.164059851695, 0.00029751597428544533, 1.3402358000003005
3361.164059851695, 0.00029751597428544533, 1.3409956000004968
3361.164059851695, 0.00029751597428544533, 1.3414613000004465
3361.164059851695, 0.00029751597428544533, 1.3420169000000897
3361.164059851695, 0.00029751597428544533, 1.3428350000003775
3361.164059851695, 0.00029751597428544533, 1.343598800000109
3361.164059851695, 0.00029751597428544533, 1.3443661000001157
3361.164059851695, 0.00029751597428544533, 1.3451153000005434
3361.164059851695, 0.00029751597428544533, 1.3457134999998743
3361.164059851695, 0.00029751597428544533, 1.3464599999997517
3361.164059851695, 0.00029751597428544533, 1.3472257000003083
3361.164059851695, 0.00029751597428544533, 1.347990799999934
3361.164059851695, 0.00029751597428544533, 1.3487301000004663
3361.164059851695, 0.00029751597428544533, 1.3502422999999908
3361.164059851695, 0.00029751597428544533, 1.3507707999997365
3361.164059851695, 0.00029751597428544533, 1.3515535000005912
3361.164059851695, 0.00029751597428544533, 1.3523265000003448
3361.164059851695, 0.00029751597428544533, 1.3532503000005818
3361.164059851695, 0.00029751597428544533, 1.3540207000005466
3361.164059851695, 0.00029751597428544533, 1.3547853000000032
3361.164059851695, 0.00029751597428544533, 1.355552500000158
3361.164059851695, 0.00029751597428544533, 1.3561077000003934
3361.164059851695, 0.00029751597428544533, 1.3566149999996924
3361.164059851695, 0.00029751597428544533, 1.3573263999996925
3361.164059851695, 0.00029751597428544533, 1.3578176000000894
3361.164059851695, 0.00029703364736429063, 1.3585910000001604
3360.8420868644066, 0.0002975444766977964, 1.3593657999999778
3360.8420868644066, 0.0002975444766977964, 1.3602915000001303
3360.8420868644066, 0.0002975444766977964, 1.3610841999998229
3360.8420868644066, 0.0002975444766977964, 1.3615436999998565
3360.8420868644066, 0.0002975444766977964, 1.3621431999999913
3360.8420868644066, 0.0002975444766977964, 1.3629526000004262
3360.8420868644066, 0.0002975444766977964, 1.3637084000001778
3360.8420868644066, 0.0002975444766977964, 1.364522599999873
3360.8420868644066, 0.0002975444766977964, 1.3653481000001193
3360.8420868644066, 0.0002975444766977964, 1.366356700000324
3360.8420868644066, 0.0002975444766977964, 1.3671265000002677
3360.8420868644066, 0.0002975444766977964, 1.367650500000309
3360.8420868644066, 0.0002975444766977964, 1.368131799999901
3360.8420868644066, 0.0002975444766977964, 1.3685907999997653
3360.8420868644066, 0.0002975444766977964, 1.3691938000001755
3360.8420868644066, 0.0002975444766977964, 1.3696490000002086
3360.8420868644066, 0.0002975444766977964, 1.3701388999998017
3360.8420868644066, 0.0002975444766977964, 1.3706071000005977
3360.8420868644066, 0.0002975444766977964, 1.3711419999999634
3360.8420868644066, 0.0002975444766977964, 1.3716370000001916
3360.8420868644066, 0.0002970889510180878, 1.3721666999999798
3360.8420868644066, 0.0002975444766977964, 1.3726598000002923
3360.8420868644066, 0.0002975444766977964, 1.3731833000001643
3360.8420868644066, 0.00029751597428544533, 1.3736401000005571
3360.8420868644066, 0.0002975444766977964, 1.3741308999997273
3360.8420868644066, 0.0002975444766977964, 1.3745891999997184
3360.8420868644066, 0.0002975444766977964, 1.3750797000002422
3360.8420868644066, 0.0002975444766977964, 1.375613400000475
3360.8420868644066, 0.0002975444766977964, 1.3765573999999106
3360.8420868644066, 0.0002975444766977964, 1.3775844000001598
3360.8420868644066, 0.0002975444766977964, 1.3780937000001359
3360.8420868644066, 0.0002975444766977964, 1.3785912000003009
3360.8420868644066, 0.0002975444766977964, 1.379089500000191
3360.8420868644066, 0.00029632482604782177, 1.3795780000000377
3360.8420868644066, 0.0002975444766977964, 1.3800671999997576
3360.8420868644066, 0.0002975444766977964, 1.3807428999998592
3360.8420868644066, 0.0002975444766977964, 1.3814534000002823
3360.8420868644066, 0.0002975444766977964, 1.3822203999998237
3360.8420868644066, 0.0002975444766977964, 1.3831981000002997
3360.8420868644066, 0.0002975444766977964, 1.384126500000093
3360.8420868644066, 0.0002975444766977964, 1.3850921000002927
3360.8420868644066, 0.0002975444766977964, 1.3860654999998587
3360.8420868644066, 0.0002975444766977964, 1.3873419000001377
3360.8420868644066, 0.0002975444766977964, 1.3886866000002556
3360.8420868644066, 0.0002975444766977964, 1.3899202000002333
3360.8420868644066, 0.0002975444766977964, 1.3919858999997814
3360.8420868644066, 0.0002975444766977964, 1.392857499999991
3360.8420868644066, 0.0002975444766977964, 1.3933727000003273
3360.8420868644066, 0.0002975444766977964, 1.3938963000000513
3360.8420868644066, 0.0002975444766977964, 1.3943712000000232
3360.8420868644066, 0.0002975444766977964, 1.3948697000005268
3360.8420868644066, 0.0002975444766977964, 1.3953283999999258
3360.8420868644066, 0.0002975444766977964, 1.3958240000001751
3360.8420868644066, 0.0002975444766977964, 1.3962814000005892
3360.8420868644066, 0.0002975444766977964, 1.396770800000013
3360.8420868644066, 0.0002975444766977964, 1.397348200000124
3360.8420868644066, 0.0002975444766977964, 1.397960299999795
3360.8420868644066, 0.0002975444766977964, 1.3985523999999714
3360.8420868644066, 0.0002975444766977964, 1.3991102999998475
3360.8420868644066, 0.0002975444766977964, 1.4003343000003952
3360.8420868644066, 0.0002975444766977964, 1.4010661000002074
3360.8420868644066, 0.0002975444766977964, 1.401702000000114
3360.8420868644066, 0.0002975444766977964, 1.402765900000304
3360.8420868644066, 0.0002975444766977964, 1.403693000000203
3360.8420868644066, 0.0002975444766977964, 1.404725100000178
3360.8420868644066, 0.0002975444766977964, 1.405296200000521
3360.8420868644066, 0.0002975444766977964, 1.4058731000004627
3360.8420868644066, 0.0002975444766977964, 1.4065356999999494
3360.8420868644066, 0.0002975444766977964, 1.4076987999997073
3360.8420868644066, 0.0002975444766977964, 1.4092338000000382
3360.8420868644066, 0.0002975444766977964, 1.4101160999998683
3360.8420868644066, 0.0002975444766977964, 1.4106425999998464
3360.8420868644066, 0.0002975444766977964, 1.4111136000001352
3360.8420868644066, 0.0002975444766977964, 1.4116086000003634
3360.8420868644066, 0.0002975444766977964, 1.4121526999997513
3360.8420868644066, 0.0002975444766977964, 1.4127125000004526
3360.8420868644066, 0.0002975444766977964, 1.4132348000002821
3360.8420868644066, 0.0002975444766977964, 1.4137441000002582
3360.8420868644066, 0.0002975444766977964, 1.414215200000399
3360.8420868644066, 0.0002975444766977964, 1.4147232000004806
3360.8420868644066, 0.00029721354863876875, 1.4154488000003767
3360.8420868644066, 0.0002975444766977964, 1.4164557000003697
3360.8420868644066, 0.0002975444766977964, 1.4174257000004218
3360.8420868644066, 0.0002975444766977964, 1.4179715999998734
3360.8420868644066, 0.0002975444766977964, 1.4185803000000305
3360.8420868644066, 0.0002975444766977964, 1.4195292000003974
3360.8420868644066, 0.0002975444766977964, 1.4204681000001074
3360.8420868644066, 0.0002975444766977964, 1.4211684000001696
3360.8420868644066, 0.0002975444766977964, 1.4216974000000846
3360.8420868644066, 0.0002975444766977964, 1.4221691000002465
3360.8420868644066, 0.0002975444766977964, 1.422696999999971
3353.467887976695, 0.0002981987701702273, 1.423183599999902
3353.467887976695, 0.0002981987701702273, 1.4237278000000515
3353.467887976695, 0.0002981987701702273, 1.4242325000004712
3353.467887976695, 0.0002981987701702273, 1.4247364000002563
3353.467887976695, 0.0002981987701702273, 1.4252172000005885
3353.467887976695, 0.0002981987701702273, 1.4257214999997814
3353.467887976695, 0.0002981987701702273, 1.4261897000005774
3353.467887976695, 0.0002981987701702273, 1.426692300000468
3353.467887976695, 0.0002981987701702273, 1.4272509000002174
3353.467887976695, 0.0002981987701702273, 1.427776200000153
3353.467887976695, 0.0002981987701702273, 1.4282699000004868
3353.467887976695, 0.0002981987701702273, 1.4287732000002507
3353.467887976695, 0.0002981987701702273, 1.429246100000455
3353.467887976695, 0.0002981987701702273, 1.429752300000473
3353.467887976695, 0.0002981987701702273, 1.4302550000002157
3353.467887976695, 0.0002981987701702273, 1.4308013999998366
3353.467887976695, 0.0002981987701702273, 1.4312744999997449
3353.467887976695, 0.0002981987701702273, 1.4318579000000682
3353.467887976695, 0.0002981987701702273, 1.4326926000003368
3353.467887976695, 0.0002981987701702273, 1.4338954000004378
3353.467887976695, 0.0002981987701702273, 1.4351808999999776
3353.467887976695, 0.0002981987701702273, 1.4362981000003856
3353.467887976695, 0.0002981987701702273, 1.4372309000000314
3353.467887976695, 0.0002981987701702273, 1.4383485999996992
3353.467887976695, 0.0002981987701702273, 1.4397766000001866
3353.467887976695, 0.0002981987701702273, 1.4407404000003226
3353.467887976695, 0.00029767570059310394, 1.4417302000001655
3353.467887976695, 0.0002981987701702273, 1.4426856999998563
3353.467887976695, 0.0002981987701702273, 1.4436126000000513
3353.467887976695, 0.0002981987701702273, 1.4445474000003742
3353.467887976695, 0.0002981987701702273, 1.445527800000491
3353.467887976695, 0.0002981987701702273, 1.446452500000305
3353.467887976695, 0.0002981987701702273, 1.447408600000017
3353.467887976695, 0.0002981987701702273, 1.4483319999999367
3353.467887976695, 0.0002981987701702273, 1.4496337999999014
3353.467887976695, 0.0002981987701702273, 1.4509585000005245
3353.467887976695, 0.0002981987701702273, 1.4518937000002552
3353.467887976695, 0.0002981987701702273, 1.4528540999999677
3353.467887976695, 0.0002981987701702273, 1.4537744999997813
3353.467887976695, 0.0002981987701702273, 1.4546935999997004
3353.467887976695, 0.0002981987701702273, 1.4556438999998136
3353.467887976695, 0.0002981987701702273, 1.4566426999999749
3353.467887976695, 0.0002981987701702273, 1.4575731000004453
3353.467887976695, 0.0002981987701702273, 1.4580555000002278
3353.467887976695, 0.0002981987701702273, 1.4585661000000982
3353.467887976695, 0.0002981987701702273, 1.4590355000000272
3353.467887976695, 0.0002981987701702273, 1.459541199999876
3353.467887976695, 0.0002981987701702273, 1.4600330000002941
3353.467887976695, 0.0002981987701702273, 1.4605854999999792
3353.467887976695, 0.0002981987701702273, 1.4613707999997132
3353.467887976695, 0.0002981987701702273, 1.4619106999998621
3353.467887976695, 0.0002981987701702273, 1.4623858000004475
3353.467887976695, 0.0002981987701702273, 1.4628871000004438
3353.467887976695, 0.0002981987701702273, 1.4634181000001263
3353.467887976695, 0.0002981987701702273, 1.4639004999999088
3353.467887976695, 0.0002981987701702273, 1.464372500000536
3353.467887976695, 0.0002981987701702273, 1.464878800000406
3353.467887976695, 0.00029756330926254074, 1.465473799999927
3353.467887976695, 0.0002981987701702273, 1.466480600000068
3353.467887976695, 0.0002981987701702273, 1.4671501000002536
3353.467887976695, 0.0002981987701702273, 1.4676611000004414
3353.467887976695, 0.0002981987701702273, 1.4681311000003916
3353.467887976695, 0.0002981987701702273, 1.4686381999999867
3353.467887976695, 0.0002981987701702273, 1.4691092000002755
3353.467887976695, 0.0002981987701702273, 1.46960880000006
3353.467887976695, 0.0002981987701702273, 1.4700801999997566
3353.467887976695, 0.0002981987701702273, 1.4705802999997104
3353.467887976695, 0.0002981987701702273, 1.471195400000397
3353.467887976695, 0.0002981987701702273, 1.4717056999998022
3353.467887976695, 0.0002981987701702273, 1.472182999999859
3347.022543697034, 0.0002987730100244338, 1.4726897000000463
3347.022543697034, 0.0002987730100244338, 1.4731584000001021
3347.022543697034, 0.0002987730100244338, 1.4736613000004581
3347.022543697034, 0.0002987730100244338, 1.4741577000004327
3347.022543697034, 0.0002987730100244338, 1.4746752999999444
3347.022543697034, 0.0002987730100244338, 1.4751815999998144
3347.022543697034, 0.0002987730100244338, 1.4757508000002417
3347.022543697034, 0.0002987730100244338, 1.476525799999763
3347.022543697034, 0.0002987730100244338, 1.4769987999998193
3347.022543697034, 0.0002987730100244338, 1.477504399999816
3347.022543697034, 0.0002987730100244338, 1.4780331000001752
3347.022543697034, 0.0002987730100244338, 1.4785594000004494
3347.022543697034, 0.0002987730100244338, 1.4790264000002935
3347.022543697034, 0.0002987730100244338, 1.479532399999698
3347.022543697034, 0.0002987730100244338, 1.4800003000000288
3347.022543697034, 0.0002987730100244338, 1.4805084999998144
3347.022543697034, 0.0002987730100244338, 1.4809769000003143
3347.022543697034, 0.0002987730100244338, 1.4814971000005244
3347.022543697034, 0.0002987730100244338, 1.4822027000000162
3347.022543697034, 0.0002987730100244338, 1.4832668999997622
3347.022543697034, 0.0002987730100244338, 1.4841473000005863
3347.022543697034, 0.0002987730100244338, 1.4849228000002768
3347.022543697034, 0.0002987730100244338, 1.4858019000002969
3347.022543697034, 0.0002987730100244338, 1.4865798000000723
3347.022543697034, 0.0002987730100244338, 1.4874283999997715
3347.022543697034, 0.0002987730100244338, 1.4881938999997146
3347.022543697034, 0.0002987730100244338, 1.4890028999998322
3347.022543697034, 0.0002987730100244338, 1.4897878000001583
3347.022543697034, 0.0002987730100244338, 1.4905893000004653
3347.022543697034, 0.0002987730100244338, 1.4913139000000228
3347.022543697034, 0.0002987730100244338, 1.4919184999998834
3347.022543697034, 0.0002987730100244338, 1.4924760000003516
3347.022543697034, 0.0002987730100244338, 1.4933554999997796
3347.022543697034, 0.0002987730100244338, 1.4941052000003765
3347.022543697034, 0.0002987730100244338, 1.4946168000005855
3347.022543697034, 0.0002987730100244338, 1.4953866000005291
3347.022543697034, 0.0002987730100244338, 1.4961482999997315
3347.022543697034, 0.0002987730100244338, 1.496967300000506
3347.022543697034, 0.0002987730100244338, 1.4976965000005293
3347.022543697034, 0.0002987730100244338, 1.4981589999997595
3347.022543697034, 0.0002987730100244338, 1.4992844999997033
3347.022543697034, 0.0002987730100244338, 1.5001429000003554
3347.022543697034, 0.0002987730100244338, 1.50080380000054
3347.022543697034, 0.0002987730100244338, 1.501575700000103
3347.022543697034, 0.0002987730100244338, 1.50236330000007
3347.022543697034, 0.0002987730100244338, 1.5031416000001627
3347.022543697034, 0.0002987730100244338, 1.5038860000004206
3347.022543697034, 0.0002987730100244338, 1.504402300000038
3347.022543697034, 0.0002987730100244338, 1.5051651000003403
3347.022543697034, 0.0002987730100244338, 1.5059307000001354
3347.022543697034, 0.0002987730100244338, 1.5066069000004063
3347.022543697034, 0.0002987730100244338, 1.507278199999746
3347.022543697034, 0.0002987730100244338, 1.508196300000236
3347.022543697034, 0.0002987730100244338, 1.5089683000005607
3347.022543697034, 0.0002987730100244338, 1.5097372000000178
3347.022543697034, 0.0002987730100244338, 1.5105173000001741
3347.022543697034, 0.0002987730100244338, 1.51103779999994
3347.022543697034, 0.0002987730100244338, 1.5115955000001122
3347.022543697034, 0.0002987730100244338, 1.5124013000004197
3347.022543697034, 0.0002987730100244338, 1.5131576000003406
3347.022543697034, 0.0002987730100244338, 1.5137790999997378
3347.022543697034, 0.0002987730100244338, 1.514697900000101
3347.022543697034, 0.0002987730100244338, 1.5154726000000664
3347.022543697034, 0.0002987730100244338, 1.5168776999998954
3347.022543697034, 0.0002987730100244338, 1.5173804000005475
3347.022543697034, 0.0002976987408381976, 1.5181486999999834
3347.022543697034, 0.0002987730100244338, 1.518978199999765
3347.022543697034, 0.0002987730100244338, 1.5197311000001719
3347.022543697034, 0.0002987730100244338, 1.5201912000002267
3347.022543697034, 0.0002987730100244338, 1.5209027000000788
3347.022543697034, 0.0002987730100244338, 1.5215711000000738
3347.022543697034, 0.0002987730100244338, 1.5222072000005937
3347.022543697034, 0.0002978171683485663, 1.5229914000001372
3347.022543697034, 0.0002987730100244338, 1.523855999999796
3347.022543697034, 0.0002987730100244338, 1.5246428000000378
3347.022543697034, 0.0002987730100244338, 1.5254102999997485
3347.022543697034, 0.0002987730100244338, 1.5258952000003774
3347.022543697034, 0.0002987730100244338, 1.5264247000004616
3347.022543697034, 0.0002987730100244338, 1.5271901000005528
3347.022543697034, 0.0002987730100244338, 1.5279594000003272
3347.022543697034, 0.0002987730100244338, 1.5287011999998867
3347.022543697034, 0.0002987730100244338, 1.5291936000003261
3347.022543697034, 0.0002987730100244338, 1.5300681999997323
3344.0483011122883, 0.00029903874285170545, 1.5308724000005896
3344.0483011122883, 0.00029903874285170545, 1.531735600000502
3344.0483011122883, 0.00029903874285170545, 1.5326623000000836
3344.0483011122883, 0.00029903874285170545, 1.533693299999868
3344.0483011122883, 0.00029903874285170545, 1.5341698000001998
3344.0483011122883, 0.00029903874285170545, 1.5348770999999033
3344.0483011122883, 0.00029903874285170545, 1.5356472000003123
3344.0483011122883, 0.00029903874285170545, 1.536388800000168
3344.0483011122883, 0.00029903874285170545, 1.5369861999997738
3344.0483011122883, 0.00029903874285170545, 1.5375067000004492
3344.0483011122883, 0.00029903874285170545, 1.5382786000000124
3344.0483011122883, 0.00029903874285170545, 1.5390432000003784
3344.0483011122883, 0.00029903874285170545, 1.539929900000061
3344.0483011122883, 0.00029903874285170545, 1.5405132000005324
3344.0483011122883, 0.00029903874285170545, 1.541306799999802
3344.0483011122883, 0.00029903874285170545, 1.5420775000002322
3344.0483011122883, 0.00029903874285170545, 1.542879399999947
3344.0483011122883, 0.00029903874285170545, 1.5436271999997189
3344.0483011122883, 0.00029903874285170545, 1.54427349999969
3344.0483011122883, 0.00029903874285170545, 1.5450415000004796
3344.0483011122883, 0.00029903874285170545, 1.5458100000005288
3344.0483011122883, 0.00029903874285170545, 1.5465777999997954
3344.0483011122883, 0.00029903874285170545, 1.5473486000000776
3344.0483011122883, 0.00029903874285170545, 1.5481224000004659
3344.0483011122883, 0.00029903874285170545, 1.5488524000002144
3344.0483011122883, 0.00029903874285170545, 1.5502009000001635
3344.0483011122883, 0.00029903874285170545, 1.5509768000001714
3344.0483011122883, 0.00029903874285170545, 1.5516143000004377
3344.0483011122883, 0.00029903874285170545, 1.5520998000001782
3344.0483011122883, 0.00029903874285170545, 1.5528094000001147
3344.0483011122883, 0.00029903874285170545, 1.553537900000265
3344.0483011122883, 0.00029903874285170545, 1.5539951999999175
3344.0483011122883, 0.00029903874285170545, 1.554555700000492
3344.0483011122883, 0.00029903874285170545, 1.5554916999999477
3344.0483011122883, 0.00029903874285170545, 1.5562846000002537
3344.0483011122883, 0.00029903874285170545, 1.5570517000005566
3344.0483011122883, 0.00029903874285170545, 1.5578172000004997
3344.0483011122883, 0.00029903874285170545, 1.558623699999771
3344.0483011122883, 0.00029903874285170545, 1.5595097000004898
3344.0483011122883, 0.00029903874285170545, 1.5599750999999742
3344.0483011122883, 0.00029903874285170545, 1.5605657000005522
3344.0483011122883, 0.00029903874285170545, 1.5613353999997344
3344.0483011122883, 0.00029903874285170545, 1.562096499999825
3344.0483011122883, 0.00029903874285170545, 1.5629337999998825
3344.0483011122883, 0.00029903874285170545, 1.5637244999998074
3344.0483011122883, 0.00029903874285170545, 1.5644204999998692
3344.0483011122883, 0.00029903874285170545, 1.5648788999997123
3344.0483011122883, 0.00029903874285170545, 1.565807699999823
3344.0483011122883, 0.00029903874285170545, 1.566589500000191
3344.0483011122883, 0.00029903874285170545, 1.5671995000002426
3344.0483011122883, 0.00029903874285170545, 1.5678913000001558
3344.0483011122883, 0.00029903874285170545, 1.5684188000004724
3344.0483011122883, 0.00029903874285170545, 1.5691891000005853
3344.0483011122883, 0.00029903874285170545, 1.5699829000004684
3344.0483011122883, 0.00029903874285170545, 1.570650900000146
3344.0483011122883, 0.00029903874285170545, 1.5714909999996962
3344.0483011122883, 0.00029903874285170545, 1.572297400000025
3344.0483011122883, 0.00029903874285170545, 1.5730659999999261
3344.0483011122883, 0.00029903874285170545, 1.573901400000068
3344.0483011122883, 0.00029903874285170545, 1.5744157999997697
3344.0483011122883, 0.00029903874285170545, 1.5751852000003055
3344.0483011122883, 0.00029903874285170545, 1.5759484999998676
3344.0483011122883, 0.00029903874285170545, 1.5767181999999593
3343.336697563559, 0.0002991023909523517, 1.5772527999997692
3343.336697563559, 0.0002991023909523517, 1.5780353000000105
3343.336697563559, 0.0002991023909523517, 1.5788307000002533
3343.336697563559, 0.0002991023909523517, 1.5797435000004043
3343.336697563559, 0.0002991023909523517, 1.5805233000000953
3343.336697563559, 0.0002991023909523517, 1.5811172000003353
3343.336697563559, 0.0002991023909523517, 1.5817326000005778
3343.336697563559, 0.0002991023909523517, 1.5827307999998084
3343.336697563559, 0.0002991023909523517, 1.5835348000000522
3343.336697563559, 0.0002991023909523517, 1.5840084999999817
3343.336697563559, 0.0002991023909523517, 1.5847208000004684
3343.336697563559, 0.0002991023909523517, 1.58547980000003
3343.336697563559, 0.0002991023909523517, 1.5859410000002754
3343.336697563559, 0.0002991023909523517, 1.586543299999903
3343.336697563559, 0.0002991023909523517, 1.5873829000001933
3340.196259269068, 0.00029938360574621715, 1.5883101999997962
3340.196259269068, 0.00029938360574621715, 1.5887914000004457
3340.196259269068, 0.00029938360574621715, 1.5892911999999342
3340.196259269068, 0.00029938360574621715, 1.5900542999997924
3340.196259269068, 0.00029938360574621715, 1.590854600000057
3340.196259269068, 0.00029938360574621715, 1.5916775000005146
3340.196259269068, 0.00029938360574621715, 1.5926679000003787
3340.196259269068, 0.00029938360574621715, 1.593481800000518
3340.196259269068, 0.00029938360574621715, 1.594253799999933
3340.196259269068, 0.00029938360574621715, 1.5949744999998074
3340.196259269068, 0.00029938360574621715, 1.5957890999998199
3340.196259269068, 0.00029938360574621715, 1.5964175999997678
3340.196259269068, 0.00029938360574621715, 1.5968770999998014
3340.196259269068, 0.00029938360574621715, 1.5973911000000953
3340.196259269068, 0.0002991023909523517, 1.5978552000005948
3340.196259269068, 0.00029903874285170545, 1.5985262000003786
3340.196259269068, 0.00029938360574621715, 1.5995125999997981
3340.196259269068, 0.00029903874285170545, 1.6005487000002177
3340.196259269068, 0.00029938360574621715, 1.6010135000005903
3340.196259269068, 0.00029938360574621715, 1.6017523999998957
3340.196259269068, 0.00029796056280553926, 1.6027383999999074
3340.196259269068, 0.00029938360574621715, 1.6037219999998342
3340.196259269068, 0.00029938360574621715, 1.6046182999998564
3340.196259269068, 0.00029938360574621715, 1.605518999999731
3340.196259269068, 0.00029938360574621715, 1.6064183999997113
3340.196259269068, 0.00029938360574621715, 1.6073150000001988
3340.196259269068, 0.00029938360574621715, 1.6082224000001588
3340.196259269068, 0.00029938360574621715, 1.6091260000002876
3340.196259269068, 0.00029938360574621715, 1.61002389999976
3340.196259269068, 0.00029938360574621715, 1.6110653000005186
3340.196259269068, 0.0002986976689871225, 1.611965600000076
3340.196259269068, 0.00029885637495274275, 1.6128963000001022
3340.196259269068, 0.00029938360574621715, 1.613797500000146
3340.196259269068, 0.00029938360574621715, 1.6146914999999353
3340.196259269068, 0.00029938360574621715, 1.6156611000005796
3340.196259269068, 0.00029938360574621715, 1.616558100000475
3340.196259269068, 0.00029938360574621715, 1.6171439999998256
3340.196259269068, 0.00029938360574621715, 1.6176347000000533
3340.196259269068, 0.00029938360574621715, 1.6182337999998708
3340.196259269068, 0.00029938360574621715, 1.6187958000000435
3340.196259269068, 0.00029938360574621715, 1.6193066000005274
3340.196259269068, 0.00029938360574621715, 1.6197635999997146
3340.196259269068, 0.00029938360574621715, 1.6202908000004754
3340.196259269068, 0.00029938360574621715, 1.6207460000005085
3340.196259269068, 0.00029938360574621715, 1.621253400000569
3340.196259269068, 0.00029938360574621715, 1.6217212999999902
3340.196259269068, 0.00029938360574621715, 1.6222545999999056
3340.196259269068, 0.00029938360574621715, 1.622707999999875
3340.196259269068, 0.00029938360574621715, 1.6232718000001114
3340.196259269068, 0.00029938360574621715, 1.6237472000002526
3340.196259269068, 0.00029938360574621715, 1.6242191999999704
3340.196259269068, 0.00029938360574621715, 1.6247290999999677
3340.196259269068, 0.00029938360574621715, 1.6253108999999313
3340.196259269068, 0.00029938360574621715, 1.6258514000001014
3340.196259269068, 0.00029938360574621715, 1.6263679000003322
3340.196259269068, 0.00029938360574621715, 1.6268282000000909
3340.196259269068, 0.00029938360574621715, 1.6273239000001922
3340.196259269068, 0.00029938360574621715, 1.6277767000001404
3340.196259269068, 0.00029938360574621715, 1.6282701999998608
3340.196259269068, 0.00029938360574621715, 1.6287578999999823
3340.196259269068, 0.00029938360574621715, 1.6292889000005744
3340.196259269068, 0.00029938360574621715, 1.629742900000565
3340.196259269068, 0.00029938360574621715, 1.6302659000002677
3340.196259269068, 0.00029938360574621715, 1.6307200999999623
3340.196259269068, 0.00029938360574621715, 1.6312109000000419
3340.196259269068, 0.00029938360574621715, 1.6317510999997467
3340.196259269068, 0.00029938360574621715, 1.6323928000001615
3340.196259269068, 0.00029938360574621715, 1.6337813999998616
3340.196259269068, 0.00029938360574621715, 1.6345148000000336
3340.196259269068, 0.00029938360574621715, 1.6350023000004512
3340.196259269068, 0.00029938360574621715, 1.6354782999997042
3340.196259269068, 0.00029938360574621715, 1.6359563000005437
3340.196259269068, 0.00029938360574621715, 1.6364346999998816
3340.196259269068, 0.00029938360574621715, 1.6369276000004902
3340.196259269068, 0.00029938360574621715, 1.637419300000147
3340.196259269068, 0.00029938360574621715, 1.6378770999999688
3340.196259269068, 0.00029938360574621715, 1.638369899999816
3340.196259269068, 0.00029938360574621715, 1.6388249000001451
3340.196259269068, 0.00029938360574621715, 1.6393144000003304
3340.196259269068, 0.00029938360574621715, 1.6398731999997835
3340.196259269068, 0.00029938360574621715, 1.6403799999998228
3340.196259269068, 0.00029938360574621715, 1.6408393000001524
3340.196259269068, 0.00029938360574621715, 1.6413313000002745
3340.196259269068, 0.00029938360574621715, 1.6417946000001393
3340.196259269068, 0.00029938360574621715, 1.6423209000004135
3340.196259269068, 0.00029938360574621715, 1.6427745999999388
3340.196259269068, 0.00029938360574621715, 1.6432666000000609
3340.196259269068, 0.00029938360574621715, 1.6437556999999288
3340.196259269068, 0.00029938360574621715, 1.6442488000002413
3340.196259269068, 0.00029938360574621715, 1.6447042999998303
3340.196259269068, 0.00029938360574621715, 1.6452030000000377
3340.196259269068, 0.00029938360574621715, 1.6456576999999015
3340.196259269068, 0.00029938360574621715, 1.646144400000594
3340.196259269068, 0.00029938360574621715, 1.6465987000001405
3340.196259269068, 0.00029938360574621715, 1.6471534000002066
3340.196259269068, 0.00029938360574621715, 1.6476253000000725
3340.196259269068, 0.00029938360574621715, 1.6481136000002152
3340.196259269068, 0.00029938360574621715, 1.6487231000000975
3340.196259269068, 0.00029938360574621715, 1.6494204000000536
3340.196259269068, 0.00029938360574621715, 1.6501827000001867
3340.196259269068, 0.00029938360574621715, 1.650982500000282
3340.196259269068, 0.00029938360574621715, 1.6514592000003177
3340.196259269068, 0.00029938360574621715, 1.6519294999998237
3340.196259269068, 0.00029938360574621715, 1.6524636000003738
3340.196259269068, 0.00029938360574621715, 1.652922899999794
3340.196259269068, 0.00029938360574621715, 1.653417200000149
3340.196259269068, 0.00029938360574621715, 1.6538741000003938
3340.196259269068, 0.00029938360574621715, 1.6543657000001986
3340.196259269068, 0.00029938360574621715, 1.6549175999998624
3340.196259269068, 0.00029938360574621715, 1.655387800000426
3340.196259269068, 0.00029938360574621715, 1.6558452999997826
3340.196259269068, 0.00029938360574621715, 1.6563379999997778
3340.196259269068, 0.00029938360574621715, 1.65679530000034
3340.196259269068, 0.00029938360574621715, 1.6572864999998274
3340.196259269068, 0.00029938360574621715, 1.6577452000001358
3340.196259269068, 0.00029938360574621715, 1.6582681999998385
3340.196259269068, 0.00029938360574621715, 1.6587561000005735
3340.196259269068, 0.00029938360574621715, 1.6592454000001453
3340.196259269068, 0.00029938360574621715, 1.65970230000039
3340.196259269068, 0.00029938360574621715, 1.6602241999999023
3340.196259269068, 0.00029938360574621715, 1.6606787999999142
3340.196259269068, 0.00029938360574621715, 1.6611680000005435
3340.196259269068, 0.00029938360574621715, 1.6616500999998607
3340.196259269068, 0.00029938360574621715, 1.6621811000004527
3340.196259269068, 0.00029938360574621715, 1.6626353000001473
3340.196259269068, 0.00029938360574621715, 1.663126000000375
3340.196259269068, 0.00029938360574621715, 1.663578900000175
3340.196259269068, 0.00029938360574621715, 1.6640686000000642
3340.196259269068, 0.00029938360574621715, 1.664523200000076
3340.196259269068, 0.00029938360574621715, 1.6650822999999946
3340.196259269068, 0.00029938360574621715, 1.6657167000003028
3340.196259269068, 0.00029938360574621715, 1.6666535000003933
3340.196259269068, 0.00029938360574621715, 1.6672925000002579
3340.196259269068, 0.00029938360574621715, 1.6677513000004183
3340.196259269068, 0.00029938360574621715, 1.6682448999999906
3340.196259269068, 0.00029938360574621715, 1.6687136000000464
3340.196259269068, 0.00029938360574621715, 1.669306400000096
3340.196259269068, 0.00029938360574621715, 1.6697795999998561
3340.196259269068, 0.00029938360574621715, 1.6704316000004837
3340.196259269068, 0.00029938360574621715, 1.6709461999998894
3340.196259269068, 0.00029938360574621715, 1.6714013999999224
3340.196259269068, 0.00029938360574621715, 1.6718574000005901
3340.196259269068, 0.00029938360574621715, 1.6723805000001448
3340.196259269068, 0.00029938360574621715, 1.6728628000000754
3340.196259269068, 0.00029938360574621715, 1.6733541000003243
3340.196259269068, 0.00029938360574621715, 1.6738224000000628
3340.196259269068, 0.00029938360574621715, 1.674326100000144
3340.196259269068, 0.00029938360574621715, 1.6747818000003463
3340.196259269068, 0.00029938360574621715, 1.675273599999855
3340.196259269068, 0.00029938360574621715, 1.6757274999999936
3340.196259269068, 0.00029938360574621715, 1.6763583000001745
3340.196259269068, 0.00029938360574621715, 1.6769432000000961
3340.196259269068, 0.00029938360574621715, 1.6774044000003414
3340.196259269068, 0.00029938360574621715, 1.6778832999998485
3340.196259269068, 0.00029938360574621715, 1.6783620000005612
3340.196259269068, 0.00029938360574621715, 1.6788188000000446
3340.196259269068, 0.00029938360574621715, 1.6793158000000403
3340.196259269068, 0.00029938360574621715, 1.6798187000003963
3340.196259269068, 0.00029938360574621715, 1.6803455999997823
3340.196259269068, 0.00029938360574621715, 1.6808368000001792
3340.196259269068, 0.00029938360574621715, 1.6813592999997127
3340.196259269068, 0.00029938360574621715, 1.6820104999997056
3340.196259269068, 0.00029938360574621715, 1.6826368000001821
3340.196259269068, 0.00029938360574621715, 1.6832116000005044
3340.196259269068, 0.00029938360574621715, 1.683836500000325
3340.196259269068, 0.00029938360574621715, 1.6844921000001705
3340.196259269068, 0.00029938360574621715, 1.6850064000000202
3340.196259269068, 0.00029938360574621715, 1.685466699999779
3340.196259269068, 0.00029938360574621715, 1.6859615000003032
3340.196259269068, 0.00029938360574621715, 1.686416100000315
3340.196259269068, 0.00029938360574621715, 1.6869068000005427
3340.196259269068, 0.00029938360574621715, 1.6873652000003858
3340.196259269068, 0.00029938360574621715, 1.6878394000004846
3340.196259269068, 0.00029938360574621715, 1.6883120000002236
3340.196259269068, 0.00029938360574621715, 1.6888003000003664
3340.196259269068, 0.00029938360574621715, 1.689292000000023
3340.196259269068, 0.00029938360574621715, 1.6897440000002462
3340.196259269068, 0.00029938360574621715, 1.6902657000000545
3340.196259269068, 0.00029938360574621715, 1.6907251000002361
3340.196259269068, 0.00029938360574621715, 1.6912146000004213
3340.196259269068, 0.00029938360574621715, 1.691717300000164
3340.196259269068, 0.00029938360574621715, 1.692573000000266
3340.196259269068, 0.00029938360574621715, 1.6931233000004795
3340.196259269068, 0.00029938360574621715, 1.693577400000322
3340.196259269068, 0.00029938360574621715, 1.6940669000005073
3340.196259269068, 0.00029938360574621715, 1.6945200000000114
3340.196259269068, 0.00029938360574621715, 1.695011599999816
3340.196259269068, 0.00029938360574621715, 1.69550049999998
3340.196259269068, 0.00029938360574621715, 1.695992699999806
3340.196259269068, 0.00029938360574621715, 1.6964539999999033
3340.196259269068, 0.0002984238594886274, 1.6969817999997758
3340.196259269068, 0.00029938360574621715, 1.6974375999998301
3340.196259269068, 0.00029938360574621715, 1.6980242999998154
3340.196259269068, 0.00029938360574621715, 1.6986729000000196
3340.196259269068, 0.00029938360574621715, 1.699395600000571
3340.196259269068, 0.00029938360574621715, 1.7002676000001884
3340.196259269068, 0.00029938360574621715, 1.7008568000001105
3340.196259269068, 0.00029938360574621715, 1.701365099999748
3340.196259269068, 0.00029938360574621715, 1.701873500000147
3340.196259269068, 0.00029938360574621715, 1.7023435999999492
3340.196259269068, 0.00029938360574621715, 1.702865500000371
3340.196259269068, 0.00029938360574621715, 1.7033701999998812
3340.196259269068, 0.00029938360574621715, 1.7038758999997299
3340.196259269068, 0.00029938360574621715, 1.704350300000442
3340.196259269068, 0.00029938360574621715, 1.704865200000313
3340.196259269068, 0.00029938360574621715, 1.7053358000002845
3340.196259269068, 0.00029938360574621715, 1.705823500000406
3340.196259269068, 0.00029938360574621715, 1.7063281000000643
3340.196259269068, 0.00029938360574621715, 1.7068890999998985
3340.196259269068, 0.00029938360574621715, 1.7073631000002933
3340.196259269068, 0.00029938360574621715, 1.7078651000001628
3340.196259269068, 0.00029938360574621715, 1.7083371999997325
3340.196259269068, 0.0002986348717879807, 1.7088418000003003
3340.196259269068, 0.00029938360574621715, 1.7093081000002712
3340.196259269068, 0.00029938360574621715, 1.709777000000031
3340.196259269068, 0.00029938360574621715, 1.710319900000286
3340.196259269068, 0.00029938360574621715, 1.7108600000001388
3340.196259269068, 0.00029938360574621715, 1.7113335000003644
3340.196259269068, 0.00029938360574621715, 1.7118374000001495
3340.196259269068, 0.00029938360574621715, 1.7123090000004595
3340.196259269068, 0.00029938360574621715, 1.7127945000002
3340.196259269068, 0.00029938360574621715, 1.7132763999998133
3340.196259269068, 0.00029938360574621715, 1.7137714999998934
3340.196259269068, 0.00029938360574621715, 1.7142900999997437
3340.196259269068, 0.00029938360574621715, 1.7147604000001593
3340.196259269068, 0.00029938360574621715, 1.7153779000000213
3340.196259269068, 0.00029938360574621715, 1.7159796000005372
3340.196259269068, 0.00029938360574621715, 1.7164585000000443
3340.196259269068, 0.00029938360574621715, 1.7169668000005913
3340.196259269068, 0.00029938360574621715, 1.7174630999998044
3340.196259269068, 0.00029938360574621715, 1.7179823000005854
3340.196259269068, 0.00029938360574621715, 1.7185146000001623
3340.196259269068, 0.00029938360574621715, 1.7190812999997434
3340.196259269068, 0.00029938360574621715, 1.7195511999998416
3340.196259269068, 0.00029938360574621715, 1.7200557000005574
3340.196259269068, 0.00029938360574621715, 1.7205192000001261
3340.196259269068, 0.00029938360574621715, 1.7210572000003594
3340.196259269068, 0.00029938360574621715, 1.7216395000004923
3340.196259269068, 0.00029938360574621715, 1.7221307999998317
3340.196259269068, 0.00029938360574621715, 1.7226312000002508
3340.196259269068, 0.00029938360574621715, 1.7231551000004401
3340.196259269068, 0.00029938360574621715, 1.7236226000004535
3340.196259269068, 0.00029938360574621715, 1.7241236999998364
3340.196259269068, 0.00029938360574621715, 1.724599400000443
3340.196259269068, 0.00029938360574621715, 1.725103499999932
3340.196259269068, 0.00029938360574621715, 1.7256114000001617
3340.196259269068, 0.00029938360574621715, 1.7261161000005814
3340.196259269068, 0.00029938360574621715, 1.7265861000005316
3340.196259269068, 0.00029938360574621715, 1.7270888000002742
3340.196259269068, 0.00029938360574621715, 1.7275540999999066
3340.196259269068, 0.00029938360574621715, 1.7280577000001358
3340.196259269068, 0.00029938360574621715, 1.728556799999751
3340.196259269068, 0.00029938360574621715, 1.729096600000048
3340.196259269068, 0.00029938360574621715, 1.7295641000000614
3340.196259269068, 0.00029938360574621715, 1.7301483000001099
3340.196259269068, 0.00029938360574621715, 1.7306212000003143
3340.196259269068, 0.00029938360574621715, 1.7311349999999948
3340.196259269068, 0.00029938360574621715, 1.7316424999999072
3340.196259269068, 0.00029938360574621715, 1.732184500000585
3340.196259269068, 0.00029938360574621715, 1.7329085000001214
3340.196259269068, 0.00029938360574621715, 1.7333792999997968
3340.196259269068, 0.00029938360574621715, 1.7338845000003857
3340.196259269068, 0.00029938360574621715, 1.7343431999997847
3340.196259269068, 0.00029938360574621715, 1.7348368000002665
3340.196259269068, 0.00029816881187677, 1.735298600000533
3340.196259269068, 0.00029938360574621715, 1.7358052999998108
3340.196259269068, 0.00029938360574621715, 1.736467800000355
3340.196259269068, 0.00029938360574621715, 1.737011100000018
3340.196259269068, 0.00029938360574621715, 1.7374675999999454
3340.196259269068, 0.00029938360574621715, 1.7379596000000674
3340.196259269068, 0.00029938360574621715, 1.7384119999996983
3340.196259269068, 0.00029938360574621715, 1.738900399999693
3340.196259269068, 0.00029938360574621715, 1.7393782999997711
3340.196259269068, 0.00029938360574621715, 1.7399395000002187
3340.196259269068, 0.00029938360574621715, 1.7404083000001265
3340.196259269068, 0.00029938360574621715, 1.7408990000003541
3340.196259269068, 0.00029938360574621715, 1.74136019999969
3340.196259269068, 0.00029938360574621715, 1.7418872999996893
3340.196259269068, 0.00029938360574621715, 1.7423469000004843
3340.196259269068, 0.00029938360574621715, 1.7428405000000566
3340.196259269068, 0.00029938360574621715, 1.7435399000005418
3340.196259269068, 0.00029938360574621715, 1.7441435999999158
3340.196259269068, 0.00029938360574621715, 1.744607999999971
3340.196259269068, 0.00029938360574621715, 1.7451049000001149
3340.196259269068, 0.00029938360574621715, 1.7455950000003213
3340.196259269068, 0.00029938360574621715, 1.746302000000469
3340.196259269068, 0.00029938360574621715, 1.7469692000004216
3340.196259269068, 0.00029938360574621715, 1.747445300000436
3340.196259269068, 0.00029938360574621715, 1.7479181999997309
3340.196259269068, 0.00029938360574621715, 1.7484775000002628
3340.196259269068, 0.00029938360574621715, 1.7491276999999172
3340.196259269068, 0.00029938360574621715, 1.7496169000005466
3340.196259269068, 0.00029938360574621715, 1.750125300000036
3340.196259269068, 0.00029938360574621715, 1.750628200000392
3340.196259269068, 0.00029938360574621715, 1.751390000000356
3340.196259269068, 0.00029938360574621715, 1.7519007000000784
3340.196259269068, 0.00029938360574621715, 1.7523739999996906
3340.196259269068, 0.00029897144748408725, 1.7528463999997257
3340.196259269068, 0.00029938360574621715, 1.753320700000586
3340.196259269068, 0.00029938360574621715, 1.7537889000004725
3340.196259269068, 0.00029938360574621715, 1.7542579999999361
3340.196259269068, 0.00029938360574621715, 1.7547507999997833
3340.196259269068, 0.00029938360574621715, 1.7552431000003708
3340.196259269068, 0.00029938360574621715, 1.7557512000003044
3340.196259269068, 0.00029938360574621715, 1.7562244000000646
3340.196259269068, 0.00029938360574621715, 1.7567207000001872
3340.196259269068, 0.00029938360574621715, 1.7571792999997342
3340.196259269068, 0.00029938360574621715, 1.7576325999998517
3340.196259269068, 0.00029938360574621715, 1.7582308000000921
3340.196259269068, 0.00029938360574621715, 1.7590767000001506
3340.196259269068, 0.00029938360574621715, 1.7597947000003842
3340.196259269068, 0.00029938360574621715, 1.7603128999999171
3340.196259269068, 0.00029938360574621715, 1.7608336000002964
3340.196259269068, 0.00029938360574621715, 1.7612896999999066
3340.196259269068, 0.00029938360574621715, 1.7618696999998065
3340.196259269068, 0.00029938360574621715, 1.7623754000005647
3340.196259269068, 0.00029938360574621715, 1.7628684999999678
3340.196259269068, 0.00029938360574621715, 1.7633259000003818
3340.196259269068, 0.00029938360574621715, 1.7638157000001229
3340.196259269068, 0.00029938360574621715, 1.7642753999998604
3340.196259269068, 0.0002986337636203901, 1.7647690000003422
3340.196259269068, 0.00029938360574621715, 1.7654123000002073
3340.196259269068, 0.00029938360574621715, 1.766238500000327
3340.196259269068, 0.00029938360574621715, 1.7667655000004743
3340.196259269068, 0.00029938360574621715, 1.767541600000186
3340.196259269068, 0.00029938360574621715, 1.7682654000000184
3340.196259269068, 0.00029938360574621715, 1.7690890000003492
3340.196259269068, 0.00029938360574621715, 1.7699001999999382
3340.196259269068, 0.00029938360574621715, 1.7706938000001173
3340.196259269068, 0.00029938360574621715, 1.7714304999999513
3340.196259269068, 0.00029938360574621715, 1.772029200000361
3340.196259269068, 0.00029938360574621715, 1.7729847999999038
3340.196259269068, 0.00029888966628785913, 1.7737997000003816
3340.196259269068, 0.00029938360574621715, 1.7745592999999644
3340.196259269068, 0.00029938360574621715, 1.7753308999999717
3340.196259269068, 0.00029938360574621715, 1.7759524000002784
3340.196259269068, 0.00029938360574621715, 1.7764490999998088
3340.196259269068, 0.00029938360574621715, 1.777065400000538
3340.196259269068, 0.00029938360574621715, 1.7775363000000652
3340.196259269068, 0.00029938360574621715, 1.7784093000000212
3340.196259269068, 0.00029935480782081127, 1.7792116999999052
3340.196259269068, 0.00029938360574621715, 1.7798428000005515
3340.196259269068, 0.00029938360574621715, 1.7807671999999002
3340.196259269068, 0.000297982866107517, 1.7812470999997458
3340.196259269068, 0.00029938360574621715, 1.7818226999997933
3340.196259269068, 0.00029938360574621715, 1.7823527000000468
3340.196259269068, 0.00029938360574621715, 1.7829283999999461
3340.196259269068, 0.00029938360574621715, 1.7837653000005957
3340.196259269068, 0.00029938360574621715, 1.78456610000012
3340.196259269068, 0.00029938360574621715, 1.7853101999999126
3340.196259269068, 0.00029938360574621715, 1.785842400000547
3340.196259269068, 0.00029938360574621715, 1.7866291000000274
3340.196259269068, 0.00029938360574621715, 1.7875186000001122
3340.196259269068, 0.00029938360574621715, 1.7880820999998832
3340.196259269068, 0.00029938360574621715, 1.7885580000001937
3340.196259269068, 0.00029938360574621715, 1.7893527000005633
3340.196259269068, 0.00029938360574621715, 1.7901412999999593
3340.196259269068, 0.00029938360574621715, 1.790899100000388
3340.196259269068, 0.00029938360574621715, 1.791722099999788
3340.196259269068, 0.00029938360574621715, 1.7925084999997125
3340.196259269068, 0.00029938360574621715, 1.7933061000003363
3340.196259269068, 0.00029938360574621715, 1.7941751999996995
3340.196259269068, 0.00029938360574621715, 1.7950394999998025
3340.196259269068, 0.00029938360574621715, 1.7955205999996906
3340.196259269068, 0.00029938360574621715, 1.7962993999999526
3340.196259269068, 0.00029938360574621715, 1.79709129999992
3340.196259269068, 0.00029938360574621715, 1.7978727999998227
3340.196259269068, 0.00029938360574621715, 1.798439199999848
3340.196259269068, 0.00029799767795805665, 1.7992899999999281
3340.196259269068, 0.00029938360574621715, 1.8000882000005731
3340.196259269068, 0.00029938360574621715, 1.80088220000016
3340.196259269068, 0.00029938360574621715, 1.8013565000001108
3340.196259269068, 0.00029938360574621715, 1.80208279999988
3340.196259269068, 0.00029938360574621715, 1.8029677000004085
3340.196259269068, 0.00029938360574621715, 1.803757300000143
3340.196259269068, 0.00029938360574621715, 1.8045268000005308
3340.196259269068, 0.00029938360574621715, 1.8053162000005614
3340.196259269068, 0.00029938360574621715, 1.8061655999999857
3340.196259269068, 0.00029938360574621715, 1.8069616000002497
3340.196259269068, 0.00029938360574621715, 1.8077553000002808
3331.2476297669496, 0.0003001878308488159, 1.808529599999929
3325.7026681673733, 0.0003006883356024877, 1.8094427000005453
3325.7026681673733, 0.0003006883356024877, 1.8103407999997216
3325.7026681673733, 0.0003006883356024877, 1.8111423999998806
3325.7026681673733, 0.0003006883356024877, 1.8119489999999132
3325.7026681673733, 0.0003006883356024877, 1.8128029999998034
3325.7026681673733, 0.0003006883356024877, 1.8133077000002231
3325.7026681673733, 0.0003006883356024877, 1.8139369000000443
3325.7026681673733, 0.0003006883356024877, 1.8147263000000748
3325.7026681673733, 0.0003006883356024877, 1.8156498999996984
3325.7026681673733, 0.0003006883356024877, 1.8161371000005602
3325.7026681673733, 0.0003001878308488159, 1.8167782999998963
3325.7026681673733, 0.00029938360574621715, 1.8177616000002672
3325.7026681673733, 0.0003006883356024877, 1.8185324000005494
3325.7026681673733, 0.0003006883356024877, 1.819265500000256
3325.7026681673733, 0.0003006883356024877, 1.8198361000004297
3325.7026681673733, 0.0003006883356024877, 1.8206043999998656
3325.7026681673733, 0.0003006883356024877, 1.8210951000000932
3325.7026681673733, 0.0003006883356024877, 1.8216252000001987
3325.7026681673733, 0.0003006883356024877, 1.8223898000005647
3325.7026681673733, 0.0003006883356024877, 1.8231598000002123
3325.7026681673733, 0.0003006883356024877, 1.8240719000004901
3325.7026681673733, 0.0003006883356024877, 1.8254185000005236
3325.7026681673733, 0.0003006883356024877, 1.8262242000000697
3325.7026681673733, 0.0003006883356024877, 1.8267384000000675
3325.7026681673733, 0.0003006883356024877, 1.8275153000004138
3325.7026681673733, 0.0003006883356024877, 1.8283368000002156
3325.7026681673733, 0.0003006883356024877, 1.8291024999998626
3325.7026681673733, 0.0003006883356024877, 1.8296267000005173
3325.7026681673733, 0.0003006883356024877, 1.8303891000005024
3325.7026681673733, 0.0003006883356024877, 1.8313993000001574
3325.7026681673733, 0.0003006883356024877, 1.8325395000001663
3325.7026681673733, 0.0003006883356024877, 1.83301930000016
3325.7026681673733, 0.0003006883356024877, 1.833520299999691
3325.7026681673733, 0.0003006883356024877, 1.833984099999725
3325.7026681673733, 0.0003006883356024877, 1.8344734000002063
3325.7026681673733, 0.0003006883356024877, 1.834964900000159
3325.7026681673733, 0.0003006883356024877, 1.8354638000000705
3325.7026681673733, 0.0003006883356024877, 1.8359833000004073
3325.7026681673733, 0.0003006883356024877, 1.8364637000004223
3325.7026681673733, 0.0003006883356024877, 1.836937900000521
3325.7026681673733, 0.0003006883356024877, 1.8373916000000463
3325.7026681673733, 0.0003006883356024877, 1.8378901000005499
3325.7026681673733, 0.0003006883356024877, 1.8383473000003505
3325.7026681673733, 0.0003006883356024877, 1.8388940000004368
3325.7026681673733, 0.0003006883356024877, 1.8396929000000455
3325.7026681673733, 0.0003006883356024877, 1.8401541000002908
3325.7026681673733, 0.0003006883356024877, 1.8406457999999475
3325.7026681673733, 0.0003006883356024877, 1.8410997000000862
3325.7026681673733, 0.0003006883356024877, 1.8416631999998572
3325.7026681673733, 0.0003006883356024877, 1.842128899999807
3325.7026681673733, 0.0003006883356024877, 1.8426214999999502
3325.7026681673733, 0.0003006883356024877, 1.8431155999996918
3325.7026681673733, 0.0003006883356024877, 1.8436111000000892
3325.7026681673733, 0.0003006883356024877, 1.8440683999997418
3325.7026681673733, 0.0003006883356024877, 1.8445646999998644
3325.7026681673733, 0.0003006883356024877, 1.8450259999999616
3325.7026681673733, 0.0003006883356024877, 1.8455155999999988
3325.7026681673733, 0.0003006883356024877, 1.845991099999992
3325.7026681673733, 0.0003006883356024877, 1.846519800000351
3325.7026681673733, 0.0003006883356024877, 1.8469787000003635
3325.7026681673733, 0.0003006883356024877, 1.847467300000062
3325.7026681673733, 0.0003006883356024877, 1.8479237000001376
3325.7026681673733, 0.0003006883356024877, 1.8484742000000551
3325.7026681673733, 0.0003006883356024877, 1.8490607000003365
3325.7026681673733, 0.0003006883356024877, 1.8495947999999771
3325.7026681673733, 0.0003006883356024877, 1.8500879000002897
3325.7026681673733, 0.0003006883356024877, 1.8505874000002223
3325.7026681673733, 0.0003006883356024877, 1.8510447999997268
3325.7026681673733, 0.0003006883356024877, 1.8515686000000642
3325.7026681673733, 0.0003006883356024877, 1.8520267000003514
3325.7026681673733, 0.0003006883356024877, 1.8525164000002405
3325.7026681673733, 0.0003006883356024877, 1.8529708000005485
3325.7026681673733, 0.0003006883356024877, 1.8534694999998464
3325.7026681673733, 0.0003006883356024877, 1.854084700000385
3325.7026681673733, 0.0003006883356024877, 1.8546355999997104
3325.7026681673733, 0.0003006883356024877, 1.85509170000023
3325.7026681673733, 0.0003006883356024877, 1.8555903000005856
3325.7026681673733, 0.0003006883356024877, 1.8560450000004494
3325.7026681673733, 0.0003006883356024877, 1.8565324999999575
3325.7026681673733, 0.0003006883356024877, 1.8569867000005615
3325.7026681673733, 0.0003006883356024877, 1.857628400000067
3325.7026681673733, 0.0003006883356024877, 1.858108600000378
3325.7026681673733, 0.0003006883356024877, 1.8586106000002474
3325.7026681673733, 0.00029980985869792234, 1.8590702999999849
3325.7026681673733, 0.0003006883356024877, 1.8595949000000473
3325.7026681673733, 0.0003006883356024877, 1.860051000000567
3325.7026681673733, 0.0003006883356024877, 1.860538599999927
3325.7026681673733, 0.0003006883356024877, 1.8611061000001428
3325.7026681673733, 0.0003006883356024877, 1.8616289000001416
3325.7026681673733, 0.0003006883356024877, 1.8620842999998786
3325.7026681673733, 0.0003006883356024877, 1.862571000000571
3325.7026681673733, 0.0003006883356024877, 1.8630306000004566
3325.7026681673733, 0.0003006883356024877, 1.8635199000000284
3325.7026681673733, 0.0003006883356024877, 1.863976200000252
3325.7026681673733, 0.0003006883356024877, 1.8644567999999708
3325.7026681673733, 0.0003006883356024877, 1.8650102999999945
3325.7026681673733, 0.0003006883356024877, 1.865551200000482
3325.7026681673733, 0.0003006883356024877, 1.8660682999998244
3325.7026681673733, 0.0003006883356024877, 1.866567699999905
3325.7026681673733, 0.0003006883356024877, 1.8670235999998113
3325.7026681673733, 0.0003006883356024877, 1.8675116000003982
3325.7026681673733, 0.0003006883356024877, 1.8679915000002438
3325.7026681673733, 0.0003006883356024877, 1.8685379999997167
3325.7026681673733, 0.0003006883356024877, 1.8689964000004693
3325.7026681673733, 0.0003006883356024877, 1.8695233999997072
3325.7026681673733, 0.0003006883356024877, 1.8699867000004815
3325.7026681673733, 0.0002992508720808183, 1.8704812000005404
3325.7026681673733, 0.0003006883356024877, 1.870944000000236
3325.7026681673733, 0.0003006883356024877, 1.8714670999997907
3325.7026681673733, 0.0003006883356024877, 1.8719600000003993
3325.7026681673733, 0.0003006883356024877, 1.8724492999999711
3325.7026681673733, 0.0003006883356024877, 1.872904699999708
3325.7026681673733, 0.0003006883356024877, 1.8734002999999575
3325.7026681673733, 0.0003006883356024877, 1.8738844999998037
3325.7026681673733, 0.0003006883356024877, 1.8743375000003653
3325.7026681673733, 0.0003006883356024877, 1.8748278000002756
3325.7026681673733, 0.0003006883356024877, 1.8753051000003325
3325.7026681673733, 0.0003006883356024877, 1.8758476000002702
3325.7026681673733, 0.0003006883356024877, 1.8763006999997742
3325.7026681673733, 0.0003006883356024877, 1.8767936000003829
3325.7026681673733, 0.0003006883356024877, 1.8772541999996974
3325.7026681673733, 0.0003006883356024877, 1.8777430999998614
3325.7026681673733, 0.0003006883356024877, 1.8781970000000001
3325.7026681673733, 0.0003006883356024877, 1.8787105000001247
3325.7026681673733, 0.0003006883356024877, 1.8791799000000537
3325.7026681673733, 0.0003006883356024877, 1.879703999999947
3325.7026681673733, 0.0003006883356024877, 1.8801585000001069
3325.7026681673733, 0.0003006883356024877, 1.880651299999954
3325.7026681673733, 0.0003006883356024877, 1.8811059999998179
3325.7026681673733, 0.0003006883356024877, 1.8816813000003094
3325.7026681673733, 0.0003006883356024877, 1.882308700000067
3325.7026681673733, 0.0003006883356024877, 1.88285470000028
3325.7026681673733, 0.0003006883356024877, 1.8833149000001868
3325.7026681673733, 0.0003006883356024877, 1.8838092000005418
3325.7026681673733, 0.0003006883356024877, 1.8842764000000898
3325.7026681673733, 0.0003006883356024877, 1.884772200000043
3325.7026681673733, 0.00029991582932939774, 1.8852281999998013
3325.7026681673733, 0.0003006883356024877, 1.8857250000000931
3325.7026681673733, 0.0003006883356024877, 1.8862176000002364
3325.7026681673733, 0.0003006883356024877, 1.8867418999998335
3325.7026681673733, 0.0003006883356024877, 1.887197400000332
3325.7026681673733, 0.0003006883356024877, 1.887695800000074
3325.7026681673733, 0.0003006883356024877, 1.8881498999999167
3325.7026681673733, 0.0003006883356024877, 1.8886406000001443
3325.7026681673733, 0.0003006883356024877, 1.8890970000002199
3325.7026681673733, 0.0003006883356024877, 1.8897938000000067
3325.7026681673733, 0.0003006883356024877, 1.8908946999999898
3325.7026681673733, 0.0003006883356024877, 1.8915981999998621
3325.7026681673733, 0.0003006883356024877, 1.8921064000005572
3325.7026681673733, 0.0003006883356024877, 1.8926000000001295
3325.7026681673733, 0.0003006883356024877, 1.8930576000002475
3325.7026681673733, 0.0003006883356024877, 1.8935575000004974
3325.7026681673733, 0.00030059371940437953, 1.89404949999971
3325.7026681673733, 0.0003006883356024877, 1.8945443000002342
3325.7026681673733, 0.0003006883356024877, 1.8950010999997176
3325.7026681673733, 0.0003006883356024877, 1.8954947000001994
3325.7026681673733, 0.0003006883356024877, 1.8959507999998095
3325.7026681673733, 0.0003006883356024877, 1.8964459999997416
3325.7026681673733, 0.0003006883356024877, 1.8969250999998621
3325.7026681673733, 0.0003006883356024877, 1.8975230000005467
3325.7026681673733, 0.0003006883356024877, 1.8979887000004965
3325.7026681673733, 0.0003006883356024877, 1.898689700000432
3325.7026681673733, 0.0003006883356024877, 1.899213100000452
3325.7026681673733, 0.0003006883356024877, 1.8997417999999016
3325.7026681673733, 0.0003006883356024877, 1.9002007999997659
3325.7026681673733, 0.0003006883356024877, 1.900720600000568
3325.7026681673733, 0.0003006883356024877, 1.901198900000054
3325.7026681673733, 0.0003006883356024877, 1.9017249999997148
3325.7026681673733, 0.0003006883356024877, 1.9021846000005098
3325.7026681673733, 0.0003006883356024877, 1.902675199999976
3325.7026681673733, 0.0003006883356024877, 1.903131900000517
3325.7026681673733, 0.0003006883356024877, 1.9035954999999376
3325.7026681673733, 0.0003006883356024877, 1.9040524000001824
3325.7026681673733, 0.0003006883356024877, 1.9045992000001206
3325.7026681673733, 0.0003006883356024877, 1.9050715000003038
3325.7026681673733, 0.0003006883356024877, 1.9055323000002318
3325.7026681673733, 0.0003006883356024877, 1.905988200000138
3325.7026681673733, 0.0003006883356024877, 1.9064499000005526
3325.7026681673733, 0.0003006883356024877, 1.9069072000002052
3325.7026681673733, 0.00030017316640987084, 1.907365099999879
3325.7026681673733, 0.0003006883356024877, 1.9078220999999758
3325.7026681673733, 0.0003006883356024877, 1.9083197999998447
3325.7026681673733, 0.0003006883356024877, 1.9088128000003053
3325.7026681673733, 0.0003006883356024877, 1.9092682999998942
3325.7026681673733, 0.0003006883356024877, 1.909842000000026
3325.7026681673733, 0.0003006883356024877, 1.910299600000144
3325.7026681673733, 0.0003006883356024877, 1.9107509000004939
3325.7026681673733, 0.0003006883356024877, 1.9112076999999772
3325.7026681673733, 0.0003006883356024877, 1.9117645000005723
3325.7026681673733, 0.0003006883356024877, 1.912307900000087
3325.7026681673733, 0.0003006883356024877, 1.9127668000000995
3325.7026681673733, 0.0003006883356024877, 1.913226300000133
3325.7026681673733, 0.0003006883356024877, 1.9136801000004198
3325.7026681673733, 0.0003006883356024877, 1.9141372000003685
3325.7026681673733, 0.0003006883356024877, 1.9145918000003803
3325.7026681673733, 0.0003006883356024877, 1.9151178000001892
3325.7026681673733, 0.0003006883356024877, 1.9156075000000783
3325.7026681673733, 0.0003006883356024877, 1.9160953999999037
3325.7026681673733, 0.0003006883356024877, 1.916553600000043
3325.7026681673733, 0.0003006883356024877, 1.9170100999999704
3325.7026681673733, 0.0003006883356024877, 1.917466300000342
3325.7026681673733, 0.0003006883356024877, 1.9179237999996985
3325.7026681673733, 0.00029955685763112625, 1.9183841000003667
3325.7026681673733, 0.0003006883356024877, 1.9188407000001462
3325.7026681673733, 0.0003006883356024877, 1.919394900000043
3325.7026681673733, 0.0003006883356024877, 1.9202266000002055
3325.7026681673733, 0.0003006883356024877, 1.9208269999999175
3325.7026681673733, 0.0003006883356024877, 1.9213205000005473
3325.7026681673733, 0.0003006883356024877, 1.9217767999998614
3325.7026681673733, 0.0003006883356024877, 1.9223038999998607
3325.7026681673733, 0.0003006883356024877, 1.92277920000015
3325.7026681673733, 0.0003006883356024877, 1.9232511000000159
3325.7026681673733, 0.0003006883356024877, 1.923739800000476
3325.7026681673733, 0.0003006883356024877, 1.924238200000218
3325.7026681673733, 0.0003006883356024877, 1.9246966000000612
3325.7026681673733, 0.0003006883356024877, 1.9251867000002676
3325.7026681673733, 0.0003006883356024877, 1.9256451000001107
3325.7026681673733, 0.0003006883356024877, 1.926140999999916
3325.7026681673733, 0.0003006883356024877, 1.9267024000000674
3325.7026681673733, 0.0003001433186333652, 1.9271803999999975
3325.7026681673733, 0.0003006883356024877, 1.9276383000005808
3325.7026681673733, 0.0003006883356024877, 1.9281699000002845
3325.7026681673733, 0.0003006883356024877, 1.9286246000001483
3325.7026681673733, 0.0003006883356024877, 1.9291150999997626
3325.7026681673733, 0.0003006883356024877, 1.9295718000003035
3325.7026681673733, 0.0003006883356024877, 1.9301175000000512
3325.7026681673733, 0.0003006883356024877, 1.9305887999998959
3325.7026681673733, 0.0003006883356024877, 1.9310864999997648
3325.7026681673733, 0.0003006883356024877, 1.931615899999997
3325.7026681673733, 0.0003006883356024877, 1.9322142999999414
3325.7026681673733, 0.0003006883356024877, 1.9326723000003767
3325.7026681673733, 0.0002999726849290074, 1.9331622999998217
3322.1219213453396, 0.00030101243231766644, 1.9336185000001933
3322.1219213453396, 0.00030101243231766644, 1.9341881000000285
3322.1219213453396, 0.00030101243231766644, 1.9346418000004633
3322.1219213453396, 0.00030101243231766644, 1.9351828999997451
3322.1219213453396, 0.00030101243231766644, 1.9356410999998843
3322.1219213453396, 0.00030101243231766644, 1.9361335000003237
3322.1219213453396, 0.00030101243231766644, 1.9365882000001875
3322.1219213453396, 0.00030101243231766644, 1.9370810000000347
3322.1219213453396, 0.00030101243231766644, 1.9375706000000719
3322.1219213453396, 0.00030101243231766644, 1.9380864000004294
3322.1219213453396, 0.00030101243231766644, 1.9385581000005914
3322.1219213453396, 0.00030101243231766644, 1.9390481000000364
3322.1219213453396, 0.00030101243231766644, 1.9395039999999426
3322.1219213453396, 0.00030101243231766644, 1.940033200000471
3322.1219213453396, 0.00030101243231766644, 1.940491700000166
3322.1219213453396, 0.00030101243231766644, 1.9409854000004998
3322.1219213453396, 0.00030101243231766644, 1.9415562000003774
3322.1219213453396, 0.00030101243231766644, 1.9420884000001024
3322.1219213453396, 0.00030101243231766644, 1.9425490000003265
3322.1219213453396, 0.00030101243231766644, 1.9430410000004485
3322.1219213453396, 0.00030101243231766644, 1.943494300000566
3322.1219213453396, 0.00030101243231766644, 1.9439890000003288
3321.8256104343222, 0.00030103928299512746, 1.9444485000003624
3321.8256104343222, 0.00030103928299512746, 1.9449414000000615
3321.8256104343222, 0.00030101243231766644, 1.9454161000003296
3321.8256104343222, 0.00030101243231766644, 1.9459310000002006
3321.8256104343222, 0.00030101243231766644, 1.946387500000128
3321.8256104343222, 0.00030101243231766644, 1.9468770000003133
3321.8256104343222, 0.00030101243231766644, 1.947334200000114
3321.8256104343222, 0.00030101243231766644, 1.9478132000003825
3321.8256104343222, 0.00030101243231766644, 1.948450099999718
3321.8256104343222, 0.00030101243231766644, 1.9493084000005183
3321.8256104343222, 0.00030101243231766644, 1.9502778000005492
3321.8256104343222, 0.00030103928299512746, 1.951205200000004
3321.8256104343222, 0.00030103928299512746, 1.9520486999999775
3321.8256104343222, 0.00030103928299512746, 1.9525566000002073
3321.8256104343222, 0.00030103928299512746, 1.953048299999864
3321.8256104343222, 0.00030103928299512746, 1.953505700000278
3321.8256104343222, 0.00030103928299512746, 1.9539606999996977
3321.8256104343222, 0.00030103928299512746, 1.9544189999996888
3321.8256104343222, 0.00030103928299512746, 1.9548726000002716
3321.8256104343222, 0.00030103928299512746, 1.955325900000389
3321.8256104343222, 0.00030103928299512746, 1.9558026000004247
3321.8256104343222, 0.00030103928299512746, 1.9563551000001098
3321.8256104343222, 0.00030103928299512746, 1.9568074999997407
3321.8256104343222, 0.00030103928299512746, 1.9572645999996894
3321.8256104343222, 0.00030103928299512746, 1.957718399999976
3321.8256104343222, 0.00030103928299512746, 1.9581774999996924
3321.8256104343222, 0.00030103928299512746, 1.9586343000000852
3321.8256104343222, 0.00030103928299512746, 1.9590892000005624
3321.8256104343222, 0.00030103928299512746, 1.9595686000002388
3321.8256104343222, 0.00030103928299512746, 1.9601429000003918
3321.8256104343222, 0.00030103928299512746, 1.9606172000003426
3321.8256104343222, 0.00030103928299512746, 1.9610721999997622
3321.8256104343222, 0.00030103928299512746, 1.9615407000001142
3321.8256104343222, 0.00030103928299512746, 1.9621127000000342
3321.8256104343222, 0.00030103928299512746, 1.9626140000000305
3321.8256104343222, 0.00030103928299512746, 1.963078200000382
3321.8256104343222, 0.00030103928299512746, 1.9636563000003662
3321.8256104343222, 0.00030103928299512746, 1.9641233000002103
3321.8256104343222, 0.00030103928299512746, 1.9645854000000327
3321.8256104343222, 0.00030103928299512746, 1.9651160000003074
3321.8256104343222, 0.00030103928299512746, 1.9655791000004683
3321.8256104343222, 0.00030103928299512746, 1.9660389000000578
3321.8256104343222, 0.00030103928299512746, 1.9664981000005355
3321.8256104343222, 0.00030103928299512746, 1.9669896000004883
3321.8256104343222, 0.00030103928299512746, 1.9674492000003738
3321.8256104343222, 0.00030103928299512746, 1.9679385999997976
3321.8256104343222, 0.00030103928299512746, 1.9683952000004865
3321.8256104343222, 0.00030103928299512746, 1.968852599999991
3321.8256104343222, 0.00030103928299512746, 1.9693182000000888
3321.8256104343222, 0.00030103928299512746, 1.9697747999998683
3321.8256104343222, 0.00030103928299512746, 1.9706726000003982
3321.8256104343222, 0.00030103928299512746, 1.9714992999997776
3321.8256104343222, 0.00030103928299512746, 1.972316200000023
3321.8256104343222, 0.00030103928299512746, 1.9728844999999637
3321.8256104343222, 0.00030073807854445045, 1.9733468000003995
3321.8256104343222, 0.00030103928299512746, 1.9738072000000102
3321.8256104343222, 0.00030103928299512746, 1.9744387000000643
3321.8256104343222, 0.0002996230441767069, 1.9751038000003973
3321.8256104343222, 0.00030103928299512746, 1.9757047000002785
3321.8256104343222, 0.00030103928299512746, 1.9761674000001221
3321.8256104343222, 0.00030103928299512746, 1.9766313000000082
3321.8256104343222, 0.00030103928299512746, 1.977088100000401
3321.8256104343222, 0.00030103928299512746, 1.977549000000181
3321.8256104343222, 0.00030103928299512746, 1.9780694999999469
3321.8256104343222, 0.00030103928299512746, 1.9785811000001559
3321.8256104343222, 0.00030103928299512746, 1.9790386000004219
3321.8256104343222, 0.00030103928299512746, 1.979496900000413
3321.8256104343222, 0.00030103928299512746, 1.9799567000000025
3321.8256104343222, 0.00030103928299512746, 1.980522099999689
3321.8256104343222, 0.00030103928299512746, 1.9809789999999339
3321.8256104343222, 0.00030103928299512746, 1.981439500000306
3321.8256104343222, 0.00030103928299512746, 1.98201169999993
3321.8256104343222, 0.00030103928299512746, 1.9825453000003108
3321.8256104343222, 0.00030103928299512746, 1.9830026999998154
3321.8256104343222, 0.00030103928299512746, 1.9834638000002087
3321.8256104343222, 0.00030103928299512746, 1.9839217999997345
3321.8256104343222, 0.00030103928299512746, 1.9843769999997676
3321.8256104343222, 0.00030103928299512746, 1.9848345999998855
3321.8256104343222, 0.00030103928299512746, 1.9853165000004083
3321.8256104343222, 0.00030103928299512746, 1.9858641000000716
3321.8256104343222, 0.00030103928299512746, 1.9863224000000628
3321.8256104343222, 0.00030103928299512746, 1.9867776999999478
3321.8256104343222, 0.00030103928299512746, 1.9872374000005948
3321.8256104343222, 0.00030103928299512746, 1.987693400000353
3321.8256104343222, 0.00030103928299512746, 1.9881470000000263
3321.8256104343222, 0.00030103928299512746, 1.9886056000004828
3321.8256104343222, 0.00030103928299512746, 1.9890998999999283
3321.8256104343222, 0.00030103928299512746, 1.9895837000003667
3321.8256104343222, 0.0003000970494466045, 1.9900606000001062
3321.8256104343222, 0.00030103928299512746, 1.9907893999998123
3321.8256104343222, 0.00030103928299512746, 1.9913532999999006
3321.8256104343222, 0.00030103928299512746, 1.991812199999913
3321.8256104343222, 0.00030103928299512746, 1.9922692999998617
3321.8256104343222, 0.00030103928299512746, 1.992958599999838
3321.8256104343222, 0.00030103928299512746, 1.9934222000001682
3321.8256104343222, 0.00030103928299512746, 1.9938806999998633
3321.8256104343222, 0.00030103928299512746, 1.994336900000235
3321.8256104343222, 0.00030103928299512746, 1.994803800000227
3321.8256104343222, 0.00030103928299512746, 1.9952605999997104
3321.8256104343222, 0.00030103928299512746, 1.9957202000005054
3321.8256104343222, 0.00030103928299512746, 1.996177699999862
3321.8256104343222, 0.00030103928299512746, 1.996675200000027
3321.8256104343222, 0.00030103928299512746, 1.9971657000005507
3321.8256104343222, 0.00030103928299512746, 1.9976273000002038
3321.8256104343222, 0.00030103928299512746, 1.9980885000004491
3321.8256104343222, 0.00030103928299512746, 1.9985465999998269
3321.8256104343222, 0.00030103928299512746, 1.9990045000004102
3321.8256104343222, 0.00030103928299512746, 1.9994630000001052
3321.8256104343222, 0.00030103928299512746, 1.9999465000000782
3321.8256104343222, 0.00030103928299512746, 2.000579700000344
3321.8256104343222, 0.00030103928299512746, 2.001046000000315
3321.8256104343222, 0.00030103928299512746, 2.0015079000004334
3321.8256104343222, 0.00030103928299512746, 2.0019725000001927
3321.8256104343222, 0.00030103928299512746, 2.0024310999997397
3321.8256104343222, 0.00030103928299512746, 2.002999700000146
3321.8256104343222, 0.00030103928299512746, 2.003463400000328
3321.8256104343222, 0.00030103928299512746, 2.0039566000004925
3321.8256104343222, 0.00030103928299512746, 2.0044490000000224
3321.8256104343222, 0.00030103928299512746, 2.004905200000394
3321.8256104343222, 0.00030103928299512746, 2.0053674999999203
3321.8256104343222, 0.00030103928299512746, 2.0058249000003343
3321.8256104343222, 0.00030103928299512746, 2.006279899999754
3321.8256104343222, 0.00030103928299512746, 2.0067416000001685
3321.8256104343222, 0.00030103928299512746, 2.007203500000287
3321.8256104343222, 0.00030103928299512746, 2.007771800000228
3321.8256104343222, 0.00030103928299512746, 2.0082287000004726
3321.8256104343222, 0.00030103928299512746, 2.008697000000211
3321.8256104343222, 0.00030103928299512746, 2.009155499999906
3321.8256104343222, 0.00030103928299512746, 2.009612699999707
3321.8256104343222, 0.00030103928299512746, 2.0100695999999516
3321.8256104343222, 0.00030103928299512746, 2.0105301000003237
3321.8256104343222, 0.00030103928299512746, 2.011455300000307
3321.8256104343222, 0.00030103928299512746, 2.01226029999998
3321.8256104343222, 0.00030103928299512746, 2.0130620999998428
3321.8256104343222, 0.00030103928299512746, 2.0135328000005757
3321.8256104343222, 0.00030103928299512746, 2.013991700000588
3321.8256104343222, 0.00030103928299512746, 2.01445270000022
3321.8256104343222, 0.00030103928299512746, 2.0150266000000556
3321.8256104343222, 0.00030103928299512746, 2.015484600000491
3321.8256104343222, 0.00030103928299512746, 2.015943800000059
3321.8256104343222, 0.00030103928299512746, 2.0164010999997117
3321.8256104343222, 0.00030103928299512746, 2.0168628999999783
3321.8256104343222, 0.00030103928299512746, 2.0173202000005404
3321.8256104343222, 0.00030103928299512746, 2.0177819000000454
3321.8256104343222, 0.00030103928299512746, 2.0182425000002695
3321.8256104343222, 0.00030103928299512746, 2.01874190000035
3321.8256104343222, 0.00030103928299512746, 2.0192330999998376
3321.8256104343222, 0.00030103928299512746, 2.0196906000001036
3321.8256104343222, 0.00030103928299512746, 2.020147100000031
3321.8256104343222, 0.00030103928299512746, 2.020607200000086
3321.8256104343222, 0.00030103928299512746, 2.0211862000005567
3321.8256104343222, 0.00030103928299512746, 2.021647700000358
3321.8256104343222, 0.00030103928299512746, 2.022203999999874
3321.8256104343222, 0.00030103928299512746, 2.02268069999991
3321.8256104343222, 0.00030103928299512746, 2.0232465999997657
3321.8256104343222, 0.00030103928299512746, 2.0237026000004334
3321.8256104343222, 0.00030103928299512746, 2.02416280000034
3321.8256104343222, 0.00030103928299512746, 2.0246191000005638
3321.8256104343222, 0.00030103928299512746, 2.0250762000005125
3321.8256104343222, 0.00030103928299512746, 2.0255370000004405
3321.8256104343222, 0.00030103928299512746, 2.026034000000436
3321.8256104343222, 0.00030103928299512746, 2.0265300000000934
3321.8256104343222, 0.00030103928299512746, 2.027034100000492
3321.8256104343222, 0.00030103928299512746, 2.027501100000336
3321.8256104343222, 0.00030103928299512746, 2.027970600000117
3321.8256104343222, 0.00030103928299512746, 2.0284330000004047
3321.8256104343222, 0.00030103928299512746, 2.0288958000001003
3321.8256104343222, 0.00030103928299512746, 2.0293824999998833
3321.8256104343222, 0.00030103928299512746, 2.0299353000000337
3321.8256104343222, 0.00030103928299512746, 2.0303948999999193
3321.8256104343222, 0.00030103928299512746, 2.0308591000002707
3321.8256104343222, 0.00030103928299512746, 2.031459100000575
3321.8256104343222, 0.00030103928299512746, 2.0319257999999536
3321.8256104343222, 0.00030103928299512746, 2.0323849000005794
3321.8256104343222, 0.00030103928299512746, 2.0328459000002113
3321.8256104343222, 0.00030103928299512746, 2.033382900000106
3321.8256104343222, 0.00030103928299512746, 2.0338737000001856
3321.8256104343222, 0.00030103928299512746, 2.034335999999712
3321.8256104343222, 0.00030103928299512746, 2.034796599999936
3321.8256104343222, 0.00030103928299512746, 2.0352586999997584
3321.8256104343222, 0.00030103928299512746, 2.0357168000000456
3321.8256104343222, 0.00030103928299512746, 2.0361737000002904
3321.8256104343222, 0.00030103928299512746, 2.036637199999859
3321.8256104343222, 0.00030103928299512746, 2.03721300000052
3321.8256104343222, 0.00030027503344177, 2.0376704000000245
3321.8256104343222, 0.00030103928299512746, 2.03812840000046
3321.8256104343222, 0.00030103928299512746, 2.0385865999996895
3321.8256104343222, 0.00030103928299512746, 2.039045800000167
3321.8256104343222, 0.00030103928299512746, 2.039503799999693
3321.8256104343222, 0.00030103928299512746, 2.039961200000107
3321.8256104343222, 0.00030103928299512746, 2.0404434000001856
3321.8256104343222, 0.00030103928299512746, 2.040920299999925
3321.8256104343222, 0.00030103928299512746, 2.041487899999993
3321.8256104343222, 0.00030103928299512746, 2.0419496000004074
3321.8256104343222, 0.00030103928299512746, 2.042407699999785
3321.8256104343222, 0.00030103928299512746, 2.042861599999924
3321.8256104343222, 0.00030103928299512746, 2.0434259000003294
3321.8256104343222, 0.00030103928299512746, 2.0438874000001306
3321.8256104343222, 0.00030103928299512746, 2.0444563999999446
3321.8256104343222, 0.00030103928299512746, 2.0449140999999145
3321.8256104343222, 0.00030103928299512746, 2.0453715000003285
3321.8256104343222, 0.00030103928299512746, 2.0458322000004046
3321.8256104343222, 0.00030103928299512746, 2.04628909999974
3321.8256104343222, 0.00030103928299512746, 2.0467454999998154
3321.8256104343222, 0.00030103928299512746, 2.04720400000042
3321.8256104343222, 0.00030103928299512746, 2.0476638000000094
3321.8256104343222, 0.00030103928299512746, 2.048154600000089
3321.8256104343222, 0.00030103928299512746, 2.0486439000005703
3321.8256104343222, 0.00030103928299512746, 2.049110599999949
3321.8256104343222, 0.00030103928299512746, 2.049571200000173
3321.8256104343222, 0.00030103928299512746, 2.050029099999847
3321.8256104343222, 0.00030103928299512746, 2.0504869000005783
3321.8256104343222, 0.00030103928299512746, 2.050947400000041
3321.8256104343222, 0.00030103928299512746, 2.051431500000035
3321.8256104343222, 0.00030103928299512746, 2.0519982000005257
3321.8256104343222, 0.00030103928299512746, 2.0524608000005173
3321.8256104343222, 0.00030103928299512746, 2.0529199000002336
3321.8256104343222, 0.00030103928299512746, 2.0533777000000555
3321.8256104343222, 0.00030103928299512746, 2.0539441000000807
3321.8256104343222, 0.00030103928299512746, 2.0544034000004103
3321.8256104343222, 0.00030103928299512746, 2.0548625999999786
3321.8256104343222, 0.00030103928299512746, 2.0553539000002274
3321.8256104343222, 0.00030103928299512746, 2.055844200000138
3321.8256104343222, 0.00030103928299512746, 2.0563093999999182
3321.8256104343222, 0.00029983807080615133, 2.0567706000001635
3321.8256104343222, 0.00030103928299512746, 2.0572339000000284
3321.8256104343222, 0.00030103928299512746, 2.0576977000000625
3321.8256104343222, 0.00030103928299512746, 2.0581573999998
3321.8256104343222, 0.00030103928299512746, 2.0586136000001716
3321.8256104343222, 0.00030103928299512746, 2.0591904000002614
3321.8256104343222, 0.00030103928299512746, 2.059656000000359
3321.8256104343222, 0.00030103928299512746, 2.060113600000477
3321.8256104343222, 0.00030103928299512746, 2.060572200000024
3321.8256104343222, 0.00030103928299512746, 2.061035499999889
3321.8256104343222, 0.00030103928299512746, 2.061504100000093
3321.8256104343222, 0.00030103928299512746, 2.0620820000003732
3321.8256104343222, 0.00030103928299512746, 2.0625761999999668
3321.8256104343222, 0.00030103928299512746, 2.06303730000036
3321.8256104343222, 0.00030103928299512746, 2.06352969999989
3321.8256104343222, 0.00030103928299512746, 2.064094700000169
3321.8256104343222, 0.00030103928299512746, 2.06455619999997
3321.8256104343222, 0.00030103928299512746, 2.0650187999999616
3321.8256104343222, 0.00030103928299512746, 2.06547750000027
3321.8256104343222, 0.00030103928299512746, 2.0659347000000707
3321.8256104343222, 0.00030103928299512746, 2.0665107000004355
3321.8256104343222, 0.00030103928299512746, 2.066972700000406
3321.8256104343222, 0.00030103928299512746, 2.0674292000003334
3321.8256104343222, 0.00030103928299512746, 2.067887100000007
3321.8256104343222, 0.00030103928299512746, 2.068344899999829
3321.8256104343222, 0.00030103928299512746, 2.0688061999999263
3321.8256104343222, 0.00030103928299512746, 2.06926250000015
3321.8256104343222, 0.00030103928299512746, 2.0697197999998025
3321.8256104343222, 0.00030103928299512746, 2.0702195000003485
3321.8256104343222, 0.00030103928299512746, 2.070713099999921
3321.8256104343222, 0.00030103928299512746, 2.0711717000003773
3321.8256104343222, 0.00030103928299512746, 2.071628800000326
3321.8256104343222, 0.00030103928299512746, 2.0722100000002683
3321.8256104343222, 0.00030103928299512746, 2.0726746000000276
3321.8256104343222, 0.00030103928299512746, 2.073133200000484
3321.8256104343222, 0.00030103928299512746, 2.07368839999981
3321.8256104343222, 0.00030103928299512746, 2.074244500000532
3321.8256104343222, 0.00030103928299512746, 2.074709100000291
3321.8256104343222, 0.00030103928299512746, 2.075170000000071
3321.8256104343222, 0.00030103928299512746, 2.0756295999999566
3321.8256104343222, 0.00030103928299512746, 2.0760928999998214
3321.8256104343222, 0.00030103928299512746, 2.0765533000003416
3321.8256104343222, 0.00030103928299512746, 2.0770116000003327
3321.8256104343222, 0.00030103928299512746, 2.077509800000371
3321.8256104343222, 0.00030103928299512746, 2.078003399999943
3321.8256104343222, 0.00030103928299512746, 2.078463300000294
3321.8256104343222, 0.00030103928299512746, 2.0789961999998923
3321.8256104343222, 0.00030103928299512746, 2.079487699999845
3321.8256104343222, 0.00030103928299512746, 2.079950600000302
3321.8256104343222, 0.000300421355789573, 2.0804077000002508
3321.8256104343222, 0.00030103928299512746, 2.08088620000035
3321.8256104343222, 0.00030103928299512746, 2.081438100000014
3321.8256104343222, 0.00030103928299512746, 2.081896200000301
3321.8256104343222, 0.00030103928299512746, 2.082475400000476
3321.8256104343222, 0.00030103928299512746, 2.082940100000087
3321.8256104343222, 0.0003003839742872972, 2.0834728999998333
3321.8256104343222, 0.00030103928299512746, 2.083931300000586
3321.8256104343222, 0.00030103928299512746, 2.084498199999871
3321.8256104343222, 0.00030103928299512746, 2.0849921999997605
3321.8256104343222, 0.00030103928299512746, 2.0854872999998406
3321.8256104343222, 0.00030103928299512746, 2.085946100000001
3321.8256104343222, 0.00030103928299512746, 2.0864050999998653
3321.8256104343222, 0.00030103928299512746, 2.0868657999999414
3321.8256104343222, 0.00030103928299512746, 2.0873216999998476
3321.8256104343222, 0.00030103928299512746, 2.08777740000005
3321.8256104343222, 0.00030103928299512746, 2.0882614000001922
3321.8256104343222, 0.00030103928299512746, 2.088812699999835
3321.8256104343222, 0.00030103928299512746, 2.0893081000003804
3321.8256104343222, 0.00030103928299512746, 2.0897757000002457
3321.8256104343222, 0.00030103928299512746, 2.0902452000000267
3321.8256104343222, 0.00030103928299512746, 2.0907130000005054
3321.8256104343222, 0.00030103928299512746, 2.091175900000053
3321.8256104343222, 0.00030103928299512746, 2.091633500000171
3321.8256104343222, 0.00030103928299512746, 2.0921329000002515
3321.8256104343222, 0.00030103928299512746, 2.09323730000051
3321.8256104343222, 0.00030103928299512746, 2.09451319999971
3321.8256104343222, 0.00030103928299512746, 2.0954523999998855
3321.8256104343222, 0.00030103928299512746, 2.09630610000022
3321.8256104343222, 0.00030103928299512746, 2.0970586000003095
3321.8256104343222, 0.00030103928299512746, 2.0975570999999036
3321.8256104343222, 0.00030103928299512746, 2.0980372000003626
3321.8256104343222, 0.00030103928299512746, 2.0987081000002945
3321.8256104343222, 0.00030103928299512746, 2.0991896000005
3321.8256104343222, 0.00030103928299512746, 2.0996892000002845
3321.8256104343222, 0.00030103928299512746, 2.1007893000005424
3321.8256104343222, 0.00030103928299512746, 2.1020903999997245
3321.8256104343222, 0.00030103928299512746, 2.1028910000004544
3321.8256104343222, 0.00030103928299512746, 2.1036630999997215
3321.8256104343222, 0.00030103928299512746, 2.104236199999832
3321.8256104343222, 0.00030103928299512746, 2.1048805000000357
3321.8256104343222, 0.00030103928299512746, 2.1054394000002503
3321.8256104343222, 0.00030103928299512746, 2.1059414000001198
3321.8256104343222, 0.00030103928299512746, 2.1064477999998417
3321.8256104343222, 0.00030103928299512746, 2.1069234000005963
3321.8256104343222, 0.00030103928299512746, 2.10739569999987
3321.8256104343222, 0.00030103928299512746, 2.1078778000000966
3321.8256104343222, 0.00030103928299512746, 2.108350000000428
3321.8256104343222, 0.00030103928299512746, 2.1088325999999142
3321.8256104343222, 0.00030103928299512746, 2.109295299999758
3321.8256104343222, 0.00030103928299512746, 2.1097515999999814
3321.8256104343222, 0.00030103928299512746, 2.110211299999719
3321.8256104343222, 0.00030103928299512746, 2.1107333999998446
3321.8256104343222, 0.00030103928299512746, 2.1111955000005764
3321.8256104343222, 0.00030103928299512746, 2.111652600000525
3321.8256104343222, 0.00030103928299512746, 2.1121407000000545
3321.8256104343222, 0.00030103928299512746, 2.1126758000000336
3321.8256104343222, 0.00030103928299512746, 2.1131417000005968
3321.8256104343222, 0.00030103928299512746, 2.1135997999999745
3321.8256104343222, 0.00030103928299512746, 2.1140580000001137
3321.8256104343222, 0.00030103928299512746, 2.114556200000152
3321.8256104343222, 0.00030103928299512746, 2.115060099999937
3321.8256104343222, 0.00030103928299512746, 2.1156338999999207
3321.8256104343222, 0.00030103928299512746, 2.1160955000004833
3321.8256104343222, 0.00030103928299512746, 2.116561499999989
3321.8256104343222, 0.00030103928299512746, 2.1170204000000012
3321.8256104343222, 0.00030103928299512746, 2.1174848000000566
3321.8256104343222, 0.00030103928299512746, 2.1180193000000145
3321.8256104343222, 0.00030103928299512746, 2.1184773000004498
3321.8256104343222, 0.00030103928299512746, 2.118938999999955
3321.8256104343222, 0.00030103928299512746, 2.1194032000003062
3321.8256104343222, 0.00030037667537377723, 2.1198652000002767
3321.8256104343222, 0.00030103928299512746, 2.1203247000003103
3321.8256104343222, 0.00030103928299512746, 2.1207812000002377
3321.8256104343222, 0.00030103928299512746, 2.121236200000567
3321.8256104343222, 0.00030103928299512746, 2.121697200000199
3321.8256104343222, 0.00030103928299512746, 2.12215550000019
3321.8256104343222, 0.00030103928299512746, 2.1226573000003555
3321.8256104343222, 0.00030103928299512746, 2.123117799999818
3321.8256104343222, 0.00030103928299512746, 2.1235766999998305
3321.8256104343222, 0.00030103928299512746, 2.1240348999999696
3321.8256104343222, 0.00030103928299512746, 2.1244949000001725
3321.8256104343222, 0.00030103928299512746, 2.1249924000003375
3321.8256104343222, 0.00030103928299512746, 2.125516400000379
3321.8256104343222, 0.00030103928299512746, 2.125980200000413
3321.8256104343222, 0.00030103928299512746, 2.126437900000383
3321.8256104343222, 0.00030103928299512746, 2.1269035000004806
3321.8256104343222, 0.00030103928299512746, 2.1273606000004293
3321.8256104343222, 0.00030103928299512746, 2.1278198999998494
3321.8256104343222, 0.00030103928299512746, 2.128281500000412
3321.8256104343222, 0.00030103928299512746, 2.128738500000509
3321.8256104343222, 0.00030103928299512746, 2.129192299999886
3321.8256104343222, 0.00030103928299512746, 2.1296510000001945
3321.8256104343222, 0.00030103928299512746, 2.130114499999763
3321.8256104343222, 0.00030103928299512746, 2.130572000000029
3321.8256104343222, 0.00030103928299512746, 2.131028300000253
3321.8256104343222, 0.00030103928299512746, 2.131531900000482
3317.329622616525, 0.0003014472825318021, 2.1320827999998073
3317.329622616525, 0.0003014472825318021, 2.1327514000004157
3317.329622616525, 0.0003014472825318021, 2.1336013999998613
3317.329622616525, 0.0003014472825318021, 2.134452600000259
3317.329622616525, 0.0003014472825318021, 2.1353988999999274
3317.329622616525, 0.0003014472825318021, 2.1362779000000955
3317.329622616525, 0.0003014472825318021, 2.1371568000004117
3317.329622616525, 0.0003014472825318021, 2.1380017000001317
3317.329622616525, 0.0003014472825318021, 2.138839899999766
3317.329622616525, 0.0003014472825318021, 2.1397054999997636
3317.329622616525, 0.0003014472825318021, 2.140639100000044
3317.329622616525, 0.0003014472825318021, 2.1414732000002914
3317.329622616525, 0.0003014472825318021, 2.1423242999999275
3317.329622616525, 0.0003014472825318021, 2.143258400000377
3317.329622616525, 0.0003014472825318021, 2.144173800000317
3317.329622616525, 0.0003014472825318021, 2.145186599999761
3317.329622616525, 0.0003014472825318021, 2.1460259000004953
3317.329622616525, 0.0003014472825318021, 2.1468697000000247
3317.329622616525, 0.0003014472825318021, 2.1478188000000955
3317.329622616525, 0.0003014472825318021, 2.1487355999997817
3317.329622616525, 0.0003014472825318021, 2.1495758000000933
3317.329622616525, 0.0003014472825318021, 2.1504063000002134
3317.329622616525, 0.0003014472825318021, 2.1512903000002552
3317.329622616525, 0.0003014472825318021, 2.1521818000001076
3317.329622616525, 0.0003014472825318021, 2.1531513999998424
3317.329622616525, 0.0003014472825318021, 2.1540718000005654
3317.329622616525, 0.0003014472825318021, 2.155086900000242
3317.329622616525, 0.0003014472825318021, 2.155582299999878
3317.329622616525, 0.0003014472825318021, 2.1560432000005676
3317.329622616525, 0.0003014472825318021, 2.156508799999756
3317.329622616525, 0.0003014472825318021, 2.156973900000594
3317.329622616525, 0.0003014472825318021, 2.1574306000002252
3317.329622616525, 0.0003014472825318021, 2.1578896999999415
3317.329622616525, 0.0003014472825318021, 2.158382700000402
3317.329622616525, 0.0003014472825318021, 2.158881299999848
3317.329622616525, 0.0003014472825318021, 2.1593371999997544
3317.329622616525, 0.0003014472825318021, 2.159790499999872
3317.329622616525, 0.0003014472825318021, 2.1602547000002232
3317.329622616525, 0.0003014472825318021, 2.1607136000002356
3317.329622616525, 0.0003014472825318021, 2.161172500000248
3317.329622616525, 0.0003014472825318021, 2.1616282000004503
3317.329622616525, 0.0003014472825318021, 2.1622032000004765
3317.329622616525, 0.0003014472825318021, 2.162661399999706
3317.329622616525, 0.0003014472825318021, 2.163159700000506
3317.329622616525, 0.0003014472825318021, 2.163684699999976
3317.329622616525, 0.0003014472825318021, 2.164147100000264
3317.329622616525, 0.0003014472825318021, 2.164602500000001
3317.329622616525, 0.0003014472825318021, 2.165128600000571
3317.329622616525, 0.0003014472825318021, 2.165734000000157
3317.329622616525, 0.0003014472825318021, 2.1662311999998565
3317.329622616525, 0.0003014472825318021, 2.1666887000001225
3317.329622616525, 0.0003014472825318021, 2.1671943000001193
3317.329622616525, 0.0003014472825318021, 2.1676674000000276
3317.329622616525, 0.0003014472825318021, 2.168131500000527
3317.329622616525, 0.0003014472825318021, 2.168595699999969
3317.329622616525, 0.0003014472825318021, 2.1690785999999207
3317.329622616525, 0.0003014472825318021, 2.169636300000093
3317.329622616525, 0.0003014472825318021, 2.1700952000001053
3317.329622616525, 0.0003014472825318021, 2.1705571000002237
3317.329622616525, 0.0003014472825318021, 2.171017700000448
3317.329622616525, 0.0003014472825318021, 2.171482400000059
3317.329622616525, 0.0003014472825318021, 2.1719450000000506
3317.329622616525, 0.0003014472825318021, 2.172403600000507
3317.329622616525, 0.0003014472825318021, 2.1729033999999956
3317.329622616525, 0.00030108075824592775, 2.173406800000521
3317.329622616525, 0.0003010089078424643, 2.1739411999997174
3317.329622616525, 0.0003014472825318021, 2.174402000000555
3317.329622616525, 0.0003014472825318021, 2.174866800000018
3317.329622616525, 0.0003014472825318021, 2.1753295999997135
3317.329622616525, 0.0003014472825318021, 2.1758967000005214
3317.329622616525, 0.0003014472825318021, 2.1763606000004074
3317.329622616525, 0.0003014472825318021, 2.1769328999998834
3317.329622616525, 0.0003014472825318021, 2.177392100000361
3317.329622616525, 0.0003014472825318021, 2.177850199999739
3317.329622616525, 0.0003014472825318021, 2.178310000000238
3317.329622616525, 0.0003014472825318021, 2.1787648999998055
3317.329622616525, 0.0003014472825318021, 2.1792193000001134
3317.329622616525, 0.0003014472825318021, 2.17968110000038
3317.329622616525, 0.0003014472825318021, 2.180164899999909
3317.329622616525, 0.00030093898946033436, 2.180640499999754
3317.329622616525, 0.0003010195165513284, 2.18113220000032
3317.329622616525, 0.0003014472825318021, 2.1816619000001083
3317.329622616525, 0.0003014472825318021, 2.1821184999998877
3317.329622616525, 0.0003014472825318021, 2.182574399999794
3317.329622616525, 0.0003014472825318021, 2.1830277999997634
3317.329622616525, 0.0003014472825318021, 2.1834890999998606
3317.329622616525, 0.0003014472825318021, 2.1841747999997096
3317.329622616525, 0.0003014472825318021, 2.1846310000000813
3317.329622616525, 0.0003014472825318021, 2.185090300000411
3317.329622616525, 0.0003014472825318021, 2.185545999999704
3317.329622616525, 0.0003014472825318021, 2.18611299999975
3317.329622616525, 0.0003014472825318021, 2.186567599999762
3317.329622616525, 0.0003014472825318021, 2.1870983999997406
3317.329622616525, 0.0003014472825318021, 2.1875748000002204
3317.329622616525, 0.0003014472825318021, 2.188045800000509
3317.329622616525, 0.0003014472825318021, 2.188538999999764
3317.329622616525, 0.00030028249875286043, 2.1890025000002424
3317.329622616525, 0.0003014472825318021, 2.189459100000022
3317.329622616525, 0.0003014472825318021, 2.189917499999865
3317.329622616525, 0.0003014472825318021, 2.1903766000004907
3317.329622616525, 0.0003014472825318021, 2.190834199999699
3317.329622616525, 0.0003014472825318021, 2.1913831000001665
3317.329622616525, 0.0003014472825318021, 2.1918556000000535
3317.329622616525, 0.0003014472825318021, 2.1923132000001715
3317.329622616525, 0.0003014472825318021, 2.192769700000099
3317.329622616525, 0.0003014472825318021, 2.1932243999999628
3317.329622616525, 0.0003014472825318021, 2.1936836000004405
3317.329622616525, 0.0003014472825318021, 2.1942242000004626
3317.329622616525, 0.0003014472825318021, 2.194680800000242
3317.329622616525, 0.0003014472825318021, 2.1951685000003636
3317.329622616525, 0.0003014472825318021, 2.195664400000169
3317.329622616525, 0.0003014472825318021, 2.1962069000001065
3317.329622616525, 0.0003014472825318021, 2.1966640000000552
3317.329622616525, 0.0003014472825318021, 2.197118799999771
3317.329622616525, 0.0003014472825318021, 2.1975805000001856
3317.329622616525, 0.0003014472825318021, 2.198036200000388
3317.329622616525, 0.0003014472825318021, 2.198586299999988
3317.329622616525, 0.0003014472825318021, 2.199205599999914
3317.329622616525, 0.0003014472825318021, 2.1996619999999893
3317.329622616525, 0.0003014472825318021, 2.2001280000004044
3317.329622616525, 0.0003014472825318021, 2.2005858000002263
3317.329622616525, 0.0003014472825318021, 2.2010455999998157
3317.329622616525, 0.0003014472825318021, 2.2015018000001874
3317.329622616525, 0.0003014472825318021, 2.2019571999999243
3317.329622616525, 0.0003014472825318021, 2.202447200000279
3317.329622616525, 0.0003014472825318021, 2.2029466000003595
3317.329622616525, 0.0003014472825318021, 2.2034043000003294
3317.329622616525, 0.0003014472825318021, 2.2038595000003625
3317.329622616525, 0.0003014472825318021, 2.2044660999999905
3317.329622616525, 0.0003014472825318021, 2.204923299999791
3317.329622616525, 0.0003014472825318021, 2.205380000000332
3317.329622616525, 0.0003014472825318021, 2.206065899999885
3317.329622616525, 0.0003014472825318021, 2.206809400000566
3317.329622616525, 0.0003014472825318021, 2.207382999999936
3317.329622616525, 0.0003014472825318021, 2.208275500000127
3317.329622616525, 0.0003014472825318021, 2.2091560999997455
3317.329622616525, 0.0003014472825318021, 2.209686000000147
3317.329622616525, 0.0003014472825318021, 2.210314300000391
3317.329622616525, 0.0003014472825318021, 2.2113727000005383
3317.329622616525, 0.0003014472825318021, 2.2123444999997446
3317.329622616525, 0.0003014472825318021, 2.2133865000005244
3317.329622616525, 0.0003014472825318021, 2.2146159000003536
3317.329622616525, 0.0003014472825318021, 2.2169992999997703
3317.329622616525, 0.000301420359026651, 2.218473200000517
3317.329622616525, 0.0003014472825318021, 2.2196341999997458
3317.329622616525, 0.0003014472825318021, 2.2205306000005294
3317.329622616525, 0.0003014472825318021, 2.2214762000003248
3317.329622616525, 0.0003014472825318021, 2.2223547000003236
3317.329622616525, 0.0003014472825318021, 2.2232442000004085
3317.329622616525, 0.0003014472825318021, 2.2241484000005585
3317.329622616525, 0.0003014472825318021, 2.2251266000002943
3317.329622616525, 0.0003014472825318021, 2.2258716000005734
3317.329622616525, 0.0003014472825318021, 2.2263450999998895
3317.329622616525, 0.0003014472825318021, 2.2268510000003516
3317.329622616525, 0.0003014472825318021, 2.2273230000000694
3317.329622616525, 0.0003014472825318021, 2.2277992999997878
3317.329622616525, 0.0003014472825318021, 2.2283336000000418
3317.329622616525, 0.0003014472825318021, 2.228802600000563
3317.329622616525, 0.0003014472825318021, 2.2292711999998573
3317.329622616525, 0.0003014472825318021, 2.2297496999999566
3317.329622616525, 0.0003014472825318021, 2.230220200000076
3317.329622616525, 0.0003014472825318021, 2.2306868000005124
3317.329622616525, 0.0003014472825318021, 2.2311594000002515
3317.329622616525, 0.0003014472825318021, 2.2318089999998847
3317.329622616525, 0.0003014472825318021, 2.2327273000000787
3317.329622616525, 0.0003014472825318021, 2.233526400000301
3317.329622616525, 0.0003014472825318021, 2.234049800000321
3317.329622616525, 0.0003014472825318021, 2.2345280999998067
3317.329622616525, 0.0003014472825318021, 2.2350303000002896
3317.329622616525, 0.0003014472825318021, 2.2355685000002268
3317.329622616525, 0.0003014472825318021, 2.23603920000005
3317.329622616525, 0.0003014472825318021, 2.2365004000002955
3317.329622616525, 0.0003014472825318021, 2.237030500000401
3317.329622616525, 0.00029979626763460037, 2.237497500000245
3317.329622616525, 0.0003014472825318021, 2.2379901000003883
3317.329622616525, 0.0003014472825318021, 2.2384514000004856
3317.329622616525, 0.0003014472825318021, 2.2389412000002267
3317.329622616525, 0.0003014472825318021, 2.239431699999841
3317.329622616525, 0.0003014472825318021, 2.239957599999798
3317.329622616525, 0.0003014472825318021, 2.2404136000004655
3317.329622616525, 0.0003014472825318021, 2.2411479000002146
3317.329622616525, 0.0003014472825318021, 2.241831400000592
3317.329622616525, 0.0003014472825318021, 2.242289400000118
3317.329622616525, 0.0003014472825318021, 2.2428750999997646
3317.329622616525, 0.0003014472825318021, 2.2434078000005684
3317.329622616525, 0.0003014472825318021, 2.2439091000005646
3317.329622616525, 0.0003014472825318021, 2.244376999999986
3317.329622616525, 0.0003014472825318021, 2.2449094000003242
3317.329622616525, 0.0003014472825318021, 2.2453706000005695
3317.329622616525, 0.0003014472825318021, 2.24586090000048
3317.329622616525, 0.0003014472825318021, 2.2463448999997127
3317.329622616525, 0.0003014472825318021, 2.246856900000239
3317.329622616525, 0.0003014472825318021, 2.2473507000004247
3317.329622616525, 0.0003014472825318021, 2.2478538000004846
3317.329622616525, 0.0003014472825318021, 2.2484701000003042
3317.329622616525, 0.0003014472825318021, 2.249214100000245
3317.329622616525, 0.0003014472825318021, 2.2497659000000567
3317.329622616525, 0.0003014472825318021, 2.250318200000038
3317.329622616525, 0.0003014472825318021, 2.2507981999997355
3317.329622616525, 0.0003014472825318021, 2.2512551999998323
3317.329622616525, 0.0003014472825318021, 2.251751900000272
3317.329622616525, 0.0003014472825318021, 2.2522086999997555
3317.329622616525, 0.0003014472825318021, 2.252706500000386
3317.329622616525, 0.0003014472825318021, 2.2531645999997636
3317.329622616525, 0.0003014472825318021, 2.2536589000001186
3317.329622616525, 0.0003014472825318021, 2.2541505999997753
3317.329622616525, 0.0003014472825318021, 2.254680500000177
3317.329622616525, 0.0003014472825318021, 2.2551382000001468
3317.329622616525, 0.0003014472825318021, 2.2556325000005018
3317.329622616525, 0.0003014472825318021, 2.256086999999752
3317.329622616525, 0.0003014472825318021, 2.256608000000597
3317.329622616525, 0.0003014472825318021, 2.2570858999997654
3317.329622616525, 0.0003014472825318021, 2.257644400000572
3317.329622616525, 0.0003014472825318021, 2.2581216999997196
3317.329622616525, 0.0003014472825318021, 2.2586126000005606
3317.329622616525, 0.0003014472825318021, 2.259072500000002
3317.329622616525, 0.0003014472825318021, 2.2595626000002085
3317.329622616525, 0.0003014472825318021, 2.2600233000002845
3317.329622616525, 0.0003014472825318021, 2.2605214000004707
3317.329622616525, 0.0003014472825318021, 2.260980699999891
3317.329622616525, 0.0003014472825318021, 2.2615099000004193
3317.329622616525, 0.0003014472825318021, 2.262000900000203
3317.329622616525, 0.0003014472825318021, 2.262501500000326
3317.329622616525, 0.0003014472825318021, 2.26295730000038
3317.329622616525, 0.0003014472825318021, 2.2634103000000323
3317.329622616525, 0.0003014472825318021, 2.263904800000091
3317.329622616525, 0.0003014472825318021, 2.2643606999999975
3317.329622616525, 0.0003014472825318021, 2.265091299999767
3317.329622616525, 0.0003014472825318021, 2.265587300000334
3317.329622616525, 0.0003014472825318021, 2.266051499999776
3317.329622616525, 0.0003014472825318021, 2.2665115999998307
3317.329622616525, 0.0003014472825318021, 2.267075100000511
3317.329622616525, 0.0003014472825318021, 2.2675378000003548
3317.329622616525, 0.0003014472825318021, 2.2679980000002615
3317.329622616525, 0.0003014472825318021, 2.268476400000509
3317.329622616525, 0.0003014472825318021, 2.26894590000029
3317.329622616525, 0.0003014472825318021, 2.269439599999714
3317.329622616525, 0.0003014472825318021, 2.2698944000003394
3317.329622616525, 0.0003014472825318021, 2.270350900000267
3317.329622616525, 0.0003014472825318021, 2.2708109000004697
3317.329622616525, 0.0003014472825318021, 2.2712671999997838
3317.329622616525, 0.0003014472825318021, 2.2717236999997112
3317.329622616525, 0.0003014472825318021, 2.2722754000005807
3317.329622616525, 0.0003014472825318021, 2.272748899999897
3317.329622616525, 0.0003014472825318021, 2.273207000000184
3317.329622616525, 0.0003014472825318021, 2.273662100000365
3317.329622616525, 0.0003014472825318021, 2.2741180000002714
3317.329622616525, 0.0003014472825318021, 2.2745849000002636
3317.329622616525, 0.0003014472825318021, 2.275340799999867
3317.329622616525, 0.0003014472825318021, 2.276135500000237
3317.329622616525, 0.0003014472825318021, 2.277003500000319
3317.329622616525, 0.0003014472825318021, 2.277464100000543
3317.329622616525, 0.0003014472825318021, 2.2779200000004494
3317.329622616525, 0.0003014472825318021, 2.278374900000017
3317.329622616525, 0.0003014472825318021, 2.2788345999997546
3317.329622616525, 0.0003014472825318021, 2.2792913000002955
3317.329622616525, 0.0003014472825318021, 2.2798573999998553
3317.329622616525, 0.0003014472825318021, 2.2803155999999944
3317.329622616525, 0.0003014472825318021, 2.2807848000002195
3317.329622616525, 0.0003014472825318021, 2.2812401000001046
3317.329622616525, 0.0003014472825318021, 2.281770100000358
3317.329622616525, 0.0003014472825318021, 2.2822297000002436
3317.329622616525, 0.0003014472825318021, 2.28268560000015
3317.329622616525, 0.0003014472825318021, 2.28315879999991
3317.329622616525, 0.0003014472825318021, 2.283633000000009
3317.329622616525, 0.0003014472825318021, 2.284127500000068
3317.329622616525, 0.0003014472825318021, 2.284588700000313
3317.329622616525, 0.0003014472825318021, 2.285171900000023
3317.329622616525, 0.0003014472825318021, 2.2858925999998974
3317.329622616525, 0.0003014472825318021, 2.2863502999998673
3317.329622616525, 0.0003014472825318021, 2.2868287000001146
3317.329622616525, 0.0003014472825318021, 2.2873821000002863
3317.329622616525, 0.0003014472825318021, 2.2878428000003623
3317.329622616525, 0.0003014472825318021, 2.2882995999998457
3317.329622616525, 0.0003014472825318021, 2.288849100000334
3317.329622616525, 0.0003014472825318021, 2.2895392999998876
3317.329622616525, 0.0003014472825318021, 2.290213500000391
3317.329622616525, 0.0003014472825318021, 2.2907083000000057
3317.329622616525, 0.0003014472825318021, 2.2912058000001707
3317.329622616525, 0.0003014472825318021, 2.2916666000000987
3317.329622616525, 0.0003014472825318021, 2.2921237000000474
3317.329622616525, 0.0003014472825318021, 2.292579900000419
3317.329622616525, 0.0003014472825318021, 2.293036199999733
3317.329622616525, 0.0003014472825318021, 2.2934972000002745
3317.329622616525, 0.0003014472825318021, 2.293959800000266
3317.329622616525, 0.0003014472825318021, 2.294531200000165
3317.329622616525, 0.0003014472825318021, 2.2949914999999237
3317.329622616525, 0.0003014472825318021, 2.295554700000139
3317.329622616525, 0.0003014472825318021, 2.296010099999876
3317.329622616525, 0.0003014472825318021, 2.2964663000002474
3317.329622616525, 0.0003014472825318021, 2.296932100000049
3317.329622616525, 0.0003014472825318021, 2.2974967000000106
3317.329622616525, 0.0003014472825318021, 2.2979919999997946
3317.329622616525, 0.0003014472825318021, 2.298559699999714
3317.329622616525, 0.0003014472825318021, 2.2990203999997902
3317.329622616525, 0.0003014472825318021, 2.2994760000001406
3317.329622616525, 0.0003014472825318021, 2.299929599999814
3317.329622616525, 0.0003014472825318021, 2.3004830999998376
3317.329622616525, 0.0003014472825318021, 2.300956000000042
3317.329622616525, 0.0003014472825318021, 2.301411000000371
3317.329622616525, 0.0003014472825318021, 2.301980899999762
3317.329622616525, 0.0003014472825318021, 2.3024411000005784
3317.329622616525, 0.0003014472825318021, 2.302898400000231
3317.329622616525, 0.0003014472825318021, 2.303354599999693
3317.329622616525, 0.0003014472825318021, 2.3038151000000653
3317.329622616525, 0.0003014472825318021, 2.304280899999867
3317.329622616525, 0.0003014472825318021, 2.304739000000154
3317.329622616525, 0.0003014472825318021, 2.305216400000063
3317.329622616525, 0.0003014472825318021, 2.305946899999981
3317.329622616525, 0.0003014472825318021, 2.306673099999898
3317.329622616525, 0.0003014472825318021, 2.3071340000005875
3317.329622616525, 0.0003014472825318021, 2.3076633000000584
3317.329622616525, 0.0003014472825318021, 2.30811950000043
3317.329622616525, 0.0003014472825318021, 2.308580300000358
3317.329622616525, 0.0003014472825318021, 2.309132600000339
3317.329622616525, 0.0003014472825318021, 2.309603900000184
3317.329622616525, 0.0003014472825318021, 2.310062700000344
3317.329622616525, 0.0003014472825318021, 2.3105696000002354
3317.329622616525, 0.0003014472825318021, 2.3110326000005443
3317.329622616525, 0.0003014472825318021, 2.3114956999997958
3317.329622616525, 0.0003014472825318021, 2.311959900000147
3317.329622616525, 0.0003014472825318021, 2.3124211000003925
3317.329622616525, 0.0003014472825318021, 2.31291500000043
3317.329622616525, 0.0003014472825318021, 2.3134086000000025
3317.329622616525, 0.0003014472825318021, 2.3138700999998036
3317.329622616525, 0.0003014472825318021, 2.3143295999998372
3317.329622616525, 0.0003014472825318021, 2.3148400999998557
3317.329622616525, 0.0003014472825318021, 2.3153116000003138
3317.329622616525, 0.0003014472825318021, 2.3159912999999506
3317.329622616525, 0.0003014472825318021, 2.3165828000001056
3317.329622616525, 0.0003014472825318021, 2.3170405999999275
3317.329622616525, 0.0003014472825318021, 2.3175069999997504
3317.329622616525, 0.0003014472825318021, 2.3180732999999236
3317.329622616525, 0.0003014472825318021, 2.318529000000126
3317.329622616525, 0.0003014472825318021, 2.3189911999998003
3317.329622616525, 0.0003014472825318021, 2.3194571000003634
3317.329622616525, 0.0003014472825318021, 2.319934799999828
3317.329622616525, 0.0003014472825318021, 2.320405999999821
3317.329622616525, 0.0003014472825318021, 2.320896299999731
3317.329622616525, 0.0003014472825318021, 2.3213579000002937
3317.329622616525, 0.0003014472825318021, 2.321813999999904
3317.329622616525, 0.0003014472825318021, 2.322275300000001
3317.329622616525, 0.0003014472825318021, 2.3227335999999923
3317.329622616525, 0.0003014472825318021, 2.3231924000001527
3317.329622616525, 0.0003014472825318021, 2.3237483000002612
3317.329622616525, 0.0003014472825318021, 2.3242245000001276
3317.329622616525, 0.0003014472825318021, 2.324688900000183
3317.329622616525, 0.0003014472825318021, 2.32514700000047
3317.329622616525, 0.0003014472825318021, 2.3256006999999954
3317.329622616525, 0.0003014472825318021, 2.3263787000005323
3317.329622616525, 0.0003014472825318021, 2.3271161000002394
3317.329622616525, 0.0003014472825318021, 2.3276087000003827
3317.329622616525, 0.0003014472825318021, 2.3281746000002386
3317.329622616525, 0.0003014472825318021, 2.3286325999997644
3317.329622616525, 0.0003014472825318021, 2.32909170000039
3317.329622616525, 0.0003014472825318021, 2.329546400000254
3317.329622616525, 0.0003014472825318021, 2.3300011999999697
3317.329622616525, 0.0003014472825318021, 2.330456900000172
3317.329622616525, 0.0003014472825318021, 2.330934700000398
3317.329622616525, 0.0003014472825318021, 2.3314871000002313
3317.329622616525, 0.0003014472825318021, 2.331941399999778
3317.329622616525, 0.0003014472825318021, 2.332396200000403
3317.329622616525, 0.0003014472825318021, 2.3328554999998232
3317.329622616525, 0.0003014472825318021, 2.333315300000322
3317.329622616525, 0.0003014472825318021, 2.333772200000567
3317.329622616525, 0.0003014472825318021, 2.3342322999997123
3317.329622616525, 0.0003014472825318021, 2.334731400000237
3317.329622616525, 0.0003014472825318021, 2.3352077999998073
3317.329622616525, 0.0003014472825318021, 2.335681499999737
3317.329622616525, 0.0003014472825318021, 2.336249300000418
3317.329622616525, 0.0003014472825318021, 2.336707700000261
3317.329622616525, 0.0003014472825318021, 2.3371625999998287
3317.329622616525, 0.0003014472825318021, 2.33762040000056
3317.329622616525, 0.0003014472825318021, 2.338200500000312
3317.329622616525, 0.0003014472825318021, 2.338752600000589
3317.329622616525, 0.0003014472825318021, 2.3392125000000306
3317.329622616525, 0.0003014472825318021, 2.33966860000055
3317.329622616525, 0.0003014472825318021, 2.3401275000005626
3317.329622616525, 0.0003014472825318021, 2.3405827000005957
3317.329622616525, 0.0003014472825318021, 2.3410408999998253
3317.329622616525, 0.0003014472825318021, 2.3414966999998796
3317.329622616525, 0.0003014472825318021, 2.341977300000508
3317.329622616525, 0.0003014472825318021, 2.342447799999718
3317.329622616525, 0.0003014472825318021, 2.3429352000002837
3317.329622616525, 0.0003014472825318021, 2.343391299999894
3317.329622616525, 0.0003014472825318021, 2.343849699999737
3317.329622616525, 0.0003014472825318021, 2.3443021000002773
3317.329622616525, 0.0003014472825318021, 2.3447572000004584
3317.329622616525, 0.0003014472825318021, 2.3452148000005764
3317.329622616525, 0.0003014472825318021, 2.34571219999998
3317.329622616525, 0.0003014472825318021, 2.346342800000457
3317.329622616525, 0.0003014472825318021, 2.347106299999723
3317.329622616525, 0.0003014472825318021, 2.3478720000002795
3317.329622616525, 0.0003014472825318021, 2.3485570000002554
3317.329622616525, 0.0003014472825318021, 2.3490137999997387
3317.329622616525, 0.0003014472825318021, 2.349509200000284
3317.329622616525, 0.0003014472825318021, 2.350000500000533
3317.329622616525, 0.0003014472825318021, 2.3504586999997628
3317.329622616525, 0.0003014472825318021, 2.35091680000005
3317.329622616525, 0.0003014472825318021, 2.3513731000002736
3317.329622616525, 0.0003014472825318021, 2.351832000000286
3317.329622616525, 0.0003014472825318021, 2.352289500000552
3317.329622616525, 0.0003014472825318021, 2.352744900000289
3317.329622616525, 0.0003014472825318021, 2.353317199999765
3317.329622616525, 0.0003014472825318021, 2.353777500000433
3317.329622616525, 0.0003014472825318021, 2.35423290000017
3317.329622616525, 0.0003014472825318021, 2.3547201000001223
3317.329622616525, 0.0003014472825318021, 2.3553100999997696
3312.4984255826275, 0.0003018869359384261, 2.356255499999861
3312.4984255826275, 0.0003018869359384261, 2.357114200000069
3312.4984255826275, 0.0003018869359384261, 2.3580394999999044
3312.4984255826275, 0.0003018869359384261, 2.358607899999697
3312.4984255826275, 0.0003018869359384261, 2.3592023999999583
3312.4984255826275, 0.0003018869359384261, 2.360146099999838
3312.4984255826275, 0.0003018869359384261, 2.360768100000314
3312.4984255826275, 0.0003018869359384261, 2.361243399999694
3312.4984255826275, 0.0003018869359384261, 2.3618838000002143
3312.4984255826275, 0.0003018869359384261, 2.3625985999997283
3312.4984255826275, 0.0003018869359384261, 2.3638362000001507
3312.4984255826275, 0.0003018869359384261, 2.365327100000286
3312.4984255826275, 0.0003018869359384261, 2.3659738000005746
3312.4984255826275, 0.0003018869359384261, 2.3665823000001183
3312.4984255826275, 0.0003018869359384261, 2.36720620000051
3312.4984255826275, 0.0003018869359384261, 2.3678085000001374
3312.4984255826275, 0.0003018869359384261, 2.36842549999983
3307.667228548729, 0.0003023278736654412, 2.3688984000000346
3307.667228548729, 0.0003023278736654412, 2.3693880999999237
3307.667228548729, 0.0003023278736654412, 2.369845500000338
3307.667228548729, 0.0003023278736654412, 2.3703034000000116
3307.667228548729, 0.0003023278736654412, 2.3707946000004085
3307.667228548729, 0.0003023278736654412, 2.3712507999998707
3307.667228548729, 0.0003023278736654412, 2.371746499999972
3307.667228548729, 0.0003023278736654412, 2.3722395000004326
3307.667228548729, 0.0003023278736654412, 2.3727334000004703
3307.667228548729, 0.0003023278736654412, 2.3731943000002502
3307.667228548729, 0.0003023278736654412, 2.3739848000004713
3307.667228548729, 0.0003023278736654412, 2.3744611000001896
3307.667228548729, 0.0003023278736654412, 2.375122100000226
3307.667228548729, 0.0003023278736654412, 2.3756494999997813
3307.667228548729, 0.0003018869359384261, 2.3761265000002822
3307.667228548729, 0.0003023278736654412, 2.376617400000214
3307.667228548729, 0.0003023278736654412, 2.377093699999932
3307.667228548729, 0.0003023278736654412, 2.377573800000391
3307.667228548729, 0.0003023278736654412, 2.378050600000279
3307.667228548729, 0.0003023278736654412, 2.3785334000003786
3307.667228548729, 0.0003023278736654412, 2.379077600000528
3307.667228548729, 0.0003023278736654412, 2.379623700000593
3307.667228548729, 0.0003023278736654412, 2.3801008999998885
3307.667228548729, 0.0003023278736654412, 2.380576900000051
3307.667228548729, 0.0003023278736654412, 2.381048700000065
3307.667228548729, 0.0003023278736654412, 2.381745100000444
3307.667228548729, 0.0003023278736654412, 2.382886299999882
3307.667228548729, 0.0003023278736654412, 2.3837414999998146
3307.667228548729, 0.0003023278736654412, 2.384225200000401
3307.667228548729, 0.0003023278736654412, 2.3847059999998237
3307.667228548729, 0.0003023278736654412, 2.385195200000453
3307.667228548729, 0.0003023278736654412, 2.3856582999997045
3307.667228548729, 0.0003023278736654412, 2.3861888000001272
3307.667228548729, 0.0003023278736654412, 2.38675239999975
3307.667228548729, 0.0003023278736654412, 2.3872222999998485
3307.667228548729, 0.0003023278736654412, 2.387687000000369
3307.667228548729, 0.0003023278736654412, 2.3881434000004447
3307.667228548729, 0.0003023278736654412, 2.388639599999806
3307.667228548729, 0.0003023278736654412, 2.389100399999734
3307.667228548729, 0.0003023278736654412, 2.389990900000157
3307.667228548729, 0.0003023278736654412, 2.3904724000003625
3307.667228548729, 0.0003023278736654412, 2.390943000000334
3307.667228548729, 0.0003023278736654412, 2.391412400000263
3307.667228548729, 0.0003023278736654412, 2.391873399999895
3307.667228548729, 0.0003023278736654412, 2.3923406000003524
3307.667228548729, 0.0003023278736654412, 2.392802500000471
3307.667228548729, 0.0003023278736654412, 2.393263500000103
3307.667228548729, 0.0003023278736654412, 2.3937926999997217
3307.667228548729, 0.0003023278736654412, 2.3943209999997634
3307.667228548729, 0.0003023278736654412, 2.394783499999903
3307.667228548729, 0.0003023278736654412, 2.3952422000002116
3307.667228548729, 0.0003023278736654412, 2.395706600000267
3307.667228548729, 0.0003023278736654412, 2.396171299999878
3307.667228548729, 0.00030093533155711136, 2.396668999999747
3307.667228548729, 0.0003023278736654412, 2.397375700000339
3307.667228548729, 0.0003023278736654412, 2.397837399999844
3307.667228548729, 0.0003023278736654412, 2.398471800000152
3307.667228548729, 0.0003023278736654412, 2.399315800000295
3307.667228548729, 0.0003023278736654412, 2.39982130000044
3307.667228548729, 0.0003023278736654412, 2.400289899999734
3307.667228548729, 0.0003023278736654412, 2.4007517999998527
3307.667228548729, 0.0003023278736654412, 2.4012965000001714
3307.667228548729, 0.00030046883813509304, 2.4018287999997483
3307.667228548729, 0.0003023278736654412, 2.402299899999889
3307.667228548729, 0.0003023278736654412, 2.402759000000515
3307.667228548729, 0.0003023278736654412, 2.4032195999998294
3307.667228548729, 0.00030109765168858033, 2.403686600000583
3307.667228548729, 0.0003023278736654412, 2.4041434999999183
3307.667228548729, 0.0003023278736654412, 2.404864500000258
3307.667228548729, 0.0003023278736654412, 2.405421500000557
3307.667228548729, 0.0003023278736654412, 2.4062094999999317
3307.667228548729, 0.0003023278736654412, 2.40672960000029
3307.667228548729, 0.00030223222300679694, 2.40718889999971
3307.667228548729, 0.0003023278736654412, 2.407651600000463
3307.667228548729, 0.0003023278736654412, 2.40811500000018
3307.667228548729, 0.0003023278736654412, 2.4086802000001626
3307.667228548729, 0.0003023278736654412, 2.4092030000001614
3307.667228548729, 0.0003023278736654412, 2.4096642000004067
3307.667228548729, 0.0003023278736654412, 2.410126499999933
3307.667228548729, 0.0003023278736654412, 2.4105915999998615
3307.667228548729, 0.0003023278736654412, 2.4110497000001487
3307.667228548729, 0.0003023278736654412, 2.411513600000035
3307.667228548729, 0.0003023278736654412, 2.4122254000003522
3307.667228548729, 0.0003023278736654412, 2.412686300000132
3307.667228548729, 0.0003023278736654412, 2.4131437000005462
3307.667228548729, 0.0003023278736654412, 2.4136075000005803
3307.667228548729, 0.0003023278736654412, 2.414064999999937
3307.667228548729, 0.0003023278736654412, 2.414526200000182
3307.667228548729, 0.0003023278736654412, 2.4152204000001802
3307.667228548729, 0.0003023278736654412, 2.415736800000559
3307.667228548729, 0.0003023278736654412, 2.416243499999837
3307.667228548729, 0.0003023278736654412, 2.4168871000001673
3307.667228548729, 0.0003023278736654412, 2.417346600000201
3307.667228548729, 0.0003023278736654412, 2.4178053000005093
3307.667228548729, 0.0003023278736654412, 2.4182803000003332
3307.667228548729, 0.0003023278736654412, 2.4190073999998276
3307.667228548729, 0.0003023278736654412, 2.4196240000001126
3307.667228548729, 0.0003023278736654412, 2.420311099999708
3307.667228548729, 0.0003023278736654412, 2.420904000000519
3307.667228548729, 0.0003023278736654412, 2.42173240000011
3307.667228548729, 0.0003023278736654412, 2.4225014000003284
3307.667228548729, 0.0003023278736654412, 2.4233462000001964
3307.667228548729, 0.0003023278736654412, 2.424116299999696
3307.667228548729, 0.0003023278736654412, 2.4245834000003015
3307.667228548729, 0.0003023278736654412, 2.425043000000187
3307.667228548729, 0.0003023278736654412, 2.4255000000002838
3307.667228548729, 0.0003023278736654412, 2.425959000000148
3307.667228548729, 0.0003023278736654412, 2.426448100000016
3307.667228548729, 0.0003023278736654412, 2.427255800000239
3307.667228548729, 0.0003023278736654412, 2.428018399999928
3307.667228548729, 0.0003023278736654412, 2.4288250999998127
3307.667228548729, 0.0003023278736654412, 2.429468999999699
3307.667228548729, 0.0003023278736654412, 2.429927199999838
3307.667228548729, 0.0003023278736654412, 2.430435899999793
3307.667228548729, 0.0003023278736654412, 2.430939599999874
3307.667228548729, 0.0003023278736654412, 2.431442000000061
3307.667228548729, 0.0003023278736654412, 2.431940299999951
3307.667228548729, 0.0003023278736654412, 2.432397000000492
3307.667228548729, 0.0003023278736654412, 2.4328581999998278
3307.667228548729, 0.0003023278736654412, 2.433313700000326
3307.667228548729, 0.0003023278736654412, 2.433849199999713
3307.667228548729, 0.0003023278736654412, 2.434408500000245
3307.667228548729, 0.0003023278736654412, 2.4348705000002155
3307.667228548729, 0.0003023278736654412, 2.4353286000005028
3307.667228548729, 0.0003023278736654412, 2.4357840000002398
3307.667228548729, 0.0003023278736654412, 2.4362433000005694
3307.667228548729, 0.0003023278736654412, 2.436762700000145
3307.667228548729, 0.0003023278736654412, 2.4376068000001396
3307.667228548729, 0.0003023278736654412, 2.438409999999749
3307.667228548729, 0.0003023278736654412, 2.439250500000526
3307.667228548729, 0.0003023278736654412, 2.4400095999999394
3307.667228548729, 0.0003023278736654412, 2.4405625999997937
3307.667228548729, 0.0003023278736654412, 2.4410194000001866
3307.667228548729, 0.0003023278736654412, 2.4416049999999814
3307.667228548729, 0.0003023278736654412, 2.442067200000565
3307.667228548729, 0.0003023278736654412, 2.4425238000003446
3307.667228548729, 0.0003023278736654412, 2.4429809000002933
3307.667228548729, 0.0003023278736654412, 2.443434800000432
3307.667228548729, 0.0003023278736654412, 2.443895500000508
3307.667228548729, 0.0003023278736654412, 2.444350900000245
3307.667228548729, 0.0003023278736654412, 2.444805500000257
3307.667228548729, 0.0003023278736654412, 2.445288900000378
3307.667228548729, 0.0003023278736654412, 2.4457743000002665
3307.667228548729, 0.0003023278736654412, 2.446231599999919
3307.667228548729, 0.0003023278736654412, 2.44668830000046
3307.667228548729, 0.0003023278736654412, 2.4473643000001175
3307.667228548729, 0.0003023278736654412, 2.4481405000005907
3307.667228548729, 0.0003023278736654412, 2.448756300000241
3307.667228548729, 0.0003023278736654412, 2.4495065000000977
3307.667228548729, 0.0003023278736654412, 2.4502680000005057
3307.667228548729, 0.0003023278736654412, 2.4510305000003427
3307.667228548729, 0.0003023278736654412, 2.4514909999998054
3307.667228548729, 0.0003023278736654412, 2.451949400000558
3307.667228548729, 0.0003023278736654412, 2.452447900000152
3307.667228548729, 0.0003023278736654412, 2.4529561999997895
3307.667228548729, 0.0003023278736654412, 2.4534152000005633
3307.667228548729, 0.0003023278736654412, 2.4538714000000255
3307.667228548729, 0.0003023278736654412, 2.4543318000005456
3307.667228548729, 0.0003023278736654412, 2.4548389000001407
3307.667228548729, 0.0003023278736654412, 2.4553029999997307
3307.667228548729, 0.0003023278736654412, 2.4557675000005474
3307.667228548729, 0.0003023278736654412, 2.4563575000001947
3307.667228548729, 0.0003023278736654412, 2.456827599999997
3307.667228548729, 0.0003023278736654412, 2.457925599999726
3307.667228548729, 0.0003023278736654412, 2.4587317000004987
3307.667228548729, 0.0003023278736654412, 2.4595362000000023
3307.667228548729, 0.0003023278736654412, 2.460368300000482
3307.667228548729, 0.0003023278736654412, 2.4611327000002348
3307.667228548729, 0.0003023278736654412, 2.4619063000000097
3307.667228548729, 0.0003008678666677946, 2.4626758000003974
3307.667228548729, 0.0003023278736654412, 2.4636097000002337
3307.667228548729, 0.0003023278736654412, 2.464366600000176
3307.667228548729, 0.0003023278736654412, 2.465362200000527
3307.667228548729, 0.0003023278736654412, 2.466127000000597
3307.667228548729, 0.0003023278736654412, 2.46667989999969
3307.667228548729, 0.0003023278736654412, 2.4673548999999184
3307.667228548729, 0.0003023278736654412, 2.468149500000436
3307.667228548729, 0.0003023278736654412, 2.4689161000005697
3307.667228548729, 0.0003023278736654412, 2.4697150000001784
3307.667228548729, 0.0003023278736654412, 2.4704867000000377
3307.667228548729, 0.0003023278736654412, 2.471343700000034
3307.667228548729, 0.0003023278736654412, 2.4721066000001883
3307.667228548729, 0.0003023278736654412, 2.472944799999823
3307.667228548729, 0.0003023278736654412, 2.4737150999999358
3307.667228548729, 0.0003023278736654412, 2.4744790000004286
3307.667228548729, 0.0003023278736654412, 2.4752272000005178
3307.667228548729, 0.0003023278736654412, 2.475964600000225
3307.667228548729, 0.000300794319532414, 2.476733100000274
3307.667228548729, 0.0003023278736654412, 2.4775305000002845
3307.667228548729, 0.0003023278736654412, 2.478290300000481
3307.667228548729, 0.0003023278736654412, 2.4787512000002607
3307.667228548729, 0.0003023278736654412, 2.479207299999871
3307.667228548729, 0.0003023278736654412, 2.4799621000001935
3307.667228548729, 0.0003023278736654412, 2.4807269000002634
3307.667228548729, 0.0003023278736654412, 2.4815925000002608
3307.667228548729, 0.0003023278736654412, 2.482498399999713
3307.667228548729, 0.0003023278736654412, 2.4829624000003605
3307.667228548729, 0.0003023278736654412, 2.4834201000003304
3307.667228548729, 0.0003023278736654412, 2.483877200000279
3307.667228548729, 0.0003023278736654412, 2.484340500000144
3307.667228548729, 0.0003023278736654412, 2.4847945999999865
3307.667228548729, 0.0003023278736654412, 2.485255600000528
3307.667228548729, 0.0003023278736654412, 2.4857191000000967
3307.667228548729, 0.00030167311705600895, 2.4861971999998786
3307.667228548729, 0.0003023278736654412, 2.4866569000005256
3307.667228548729, 0.0003023278736654412, 2.4871859000004406
3307.667228548729, 0.0003023278736654412, 2.488236700000016
3307.667228548729, 0.0003023278736654412, 2.4890179000003627
3307.667228548729, 0.0003023278736654412, 2.490205500000229
3307.667228548729, 0.0003023278736654412, 2.4909764000003634
3307.667228548729, 0.0003023278736654412, 2.4917110000005778
3307.667228548729, 0.0003023278736654412, 2.4921776000001046
3307.667228548729, 0.0003023278736654412, 2.492636599999969
3307.667228548729, 0.0003023278736654412, 2.493094000000383
3307.667228548729, 0.0003023278736654412, 2.4935519999999087
3307.667228548729, 0.0003023278736654412, 2.494007799999963
3307.667228548729, 0.0003023278736654412, 2.494462100000419
3307.667228548729, 0.0003023278736654412, 2.4949201999997968
3307.667228548729, 0.0003023278736654412, 2.4953833999998096
3307.667228548729, 0.0003023278736654412, 2.4958375000005617
3307.667228548729, 0.0003023278736654412, 2.49629350000032
3307.667228548729, 0.0003023278736654412, 2.4967569000000367
3307.667228548729, 0.0003023278736654412, 2.4972140999998373
3307.667228548729, 0.0003023278736654412, 2.497675999999956
3307.667228548729, 0.00030065422550563806, 2.4987695999998323
3307.667228548729, 0.0003023278736654412, 2.4996719999999186
3307.667228548729, 0.0003023278736654412, 2.500563499999771
3307.667228548729, 0.0003023278736654412, 2.501365699999951
3307.667228548729, 0.0003023278736654412, 2.502308500000254
3307.667228548729, 0.0003023278736654412, 2.503272200000538
3307.667228548729, 0.0003023278736654412, 2.5051061000003756
3307.667228548729, 0.0003023278736654412, 2.5061492000004364
3307.667228548729, 0.0003023278736654412, 2.5069321000000855
3307.667228548729, 0.0003023278736654412, 2.507705099999839
3307.667228548729, 0.0003020009396572087, 2.5085074999997232
3307.667228548729, 0.0003023278736654412, 2.509262999999919
3307.667228548729, 0.0003023278736654412, 2.5100271000001158
3307.667228548729, 0.0003023278736654412, 2.5108328000005713
3307.667228548729, 0.0003023278736654412, 2.5115081000003556
3307.667228548729, 0.0003023278736654412, 2.5119659000001775
3307.667228548729, 0.0003023278736654412, 2.5124829000005775
3307.667228548729, 0.0003023278736654412, 2.513321299999916
3307.667228548729, 0.0003023278736654412, 2.514122600000519
3307.667228548729, 0.0003023278736654412, 2.5149977999999464
3307.667228548729, 0.0003023278736654412, 2.516411600000538
3307.667228548729, 0.0003023278736654412, 2.517294899999797
3307.667228548729, 0.0003023278736654412, 2.518574499999886
3307.667228548729, 0.0003023278736654412, 2.5193624000003183
3307.667228548729, 0.0003023278736654412, 2.5201280000001134
3307.667228548729, 0.0003023278736654412, 2.5209286999997857
3307.667228548729, 0.0003023278736654412, 2.5217006000002584
3307.667228548729, 0.0003023278736654412, 2.5224686999999903
3307.667228548729, 0.0003023278736654412, 2.523320500000409
3307.667228548729, 0.0003023278736654412, 2.524136300000464
3307.667228548729, 0.0003023278736654412, 2.5249002999998993
3307.667228548729, 0.0003023278736654412, 2.5256737999998222
3307.667228548729, 0.0003023278736654412, 2.526401199999782
3307.667228548729, 0.0003023278736654412, 2.5268654999999853
3307.667228548729, 0.0003023278736654412, 2.5273714000004475
3307.667228548729, 0.0003023278736654412, 2.5281337000005806
3307.667228548729, 0.0003023278736654412, 2.528933600000528
3307.667228548729, 0.0003023278736654412, 2.529761900000267
3307.667228548729, 0.0003023278736654412, 2.530270400000518
3307.667228548729, 0.0003023278736654412, 2.5310322000004817
3307.667228548729, 0.0003023278736654412, 2.532054799999969
3307.667228548729, 0.0003020502575944151, 2.5327758000003087
3307.667228548729, 0.0003023278736654412, 2.5332625000000917
3307.667228548729, 0.0003023278736654412, 2.5340314000004582
3307.667228548729, 0.0003023278736654412, 2.534799199999725
3307.667228548729, 0.0003023278736654412, 2.5355509000000893
3307.667228548729, 0.0003023278736654412, 2.536011099999996
3307.667228548729, 0.0003023278736654412, 2.5366288000004715
3307.667228548729, 0.0003023278736654412, 2.5373970999999074
3307.667228548729, 0.0003023278736654412, 2.538191900000129
3307.667228548729, 0.0003023278736654412, 2.538939300000493
3307.667228548729, 0.0003023278736654412, 2.5394811000005575
3307.667228548729, 0.0003023278736654412, 2.5402819999999338
3307.667228548729, 0.0003023278736654412, 2.541050400000131
3307.667228548729, 0.0003023278736654412, 2.541570600000341
3307.667228548729, 0.0003023278736654412, 2.5420298999997613
3307.667228548729, 0.0003023278736654412, 2.5424942999998166
3307.667228548729, 0.0003023278736654412, 2.5429517000002306
3307.667228548729, 0.0003023278736654412, 2.5434933000005913
3307.667228548729, 0.0003023278736654412, 2.5439524000003075
3307.667228548729, 0.0003023278736654412, 2.5445213000002695
3307.667228548729, 0.0003023278736654412, 2.545361200000116
3307.667228548729, 0.0003023278736654412, 2.5461230000000796
3307.667228548729, 0.0003023278736654412, 2.5468453000003137
3307.667228548729, 0.0003023278736654412, 2.5473516000001837
3307.667228548729, 0.0003023278736654412, 2.54818510000041
3307.667228548729, 0.0003023278736654412, 2.548857599999792
3307.667228548729, 0.0003023278736654412, 2.5493883999997706
3307.667228548729, 0.00030157518003682843, 2.5503887000004397
3307.667228548729, 0.0003023278736654412, 2.5514475999998467
3307.667228548729, 0.0003023278736654412, 2.5522341000005326
3307.667228548729, 0.0003023278736654412, 2.552985500000432
3307.667228548729, 0.0003023278736654412, 2.5536724000003233
3307.667228548729, 0.0003014793134418142, 2.554442999999992
3307.667228548729, 0.0003014793134418142, 2.5552144000002954
3307.667228548729, 0.0003023278736654412, 2.5559806000001117
3307.667228548729, 0.0003023278736654412, 2.5565138000001753
3307.667228548729, 0.0003023278736654412, 2.556976300000315
3307.667228548729, 0.0003023278736654412, 2.5576209999999264
3307.667228548729, 0.0003014691911013314, 2.558422000000064
3307.667228548729, 0.0003023278736654412, 2.559186999999838
3307.667228548729, 0.0003023278736654412, 2.5599502000004577
3307.667228548729, 0.0003023278736654412, 2.5607491999999183
3307.667228548729, 0.0003023278736654412, 2.561589300000378
3307.667228548729, 0.0003023278736654412, 2.562357900000279
3307.667228548729, 0.0003023278736654412, 2.563106499999776
3307.667228548729, 0.0003023278736654412, 2.5638754999999946
3307.667228548729, 0.0003018869359384261, 2.564644799999769
3307.667228548729, 0.0003023278736654412, 2.565379600000597
3307.667228548729, 0.0003023278736654412, 2.5658425999999963
3307.667228548729, 0.0003023278736654412, 2.5664200000001074
3307.667228548729, 0.0003023278736654412, 2.5671871000004103
3307.667228548729, 0.0003023278736654412, 2.5679486999997607
3307.667228548729, 0.0003023278736654412, 2.5687548000005336
3307.667228548729, 0.0003023278736654412, 2.569517099999757
3307.667228548729, 0.0003023278736654412, 2.5699788000001718
3307.667228548729, 0.0003023278736654412, 2.570576600000095
3307.667228548729, 0.0003023278736654412, 2.5713463000001866
3307.667228548729, 0.0003023278736654412, 2.5721057999999175
3307.667228548729, 0.0003023278736654412, 2.572849500000302
3307.667228548729, 0.0003023278736654412, 2.5733070000005682
3307.667228548729, 0.0003023278736654412, 2.573762500000157
3307.667228548729, 0.0003023278736654412, 2.574222700000064
3307.667228548729, 0.0003023278736654411, 2.5746839000003092
3307.667228548729, 0.0003023278736654412, 2.575242900000376
3307.667228548729, 0.0003023278736654412, 2.5757619000005434
3307.667228548729, 0.0003023278736654412, 2.5762227000004714
3307.667228548729, 0.0003023278736654412, 2.576682599999913
3307.667228548729, 0.0003023278736654412, 2.5771451000000525
3307.667228548729, 0.0003023278736654412, 2.5776003999999375
3307.667228548729, 0.0003023278736654412, 2.5780601000005845
3307.667228548729, 0.0003023278736654412, 2.578758600000583
3307.667228548729, 0.0003023278736654412, 2.579522900000484
3307.667228548729, 0.0003023278736654412, 2.5803304000000935
3307.667228548729, 0.0003023278736654412, 2.5810943000005864
3307.667228548729, 0.0003023278736654412, 2.5818311000002723
3307.667228548729, 0.0003023278736654412, 2.5822972000005393
3307.667228548729, 0.0003023278736654412, 2.5827555000005304
3307.667228548729, 0.0003023278736654412, 2.5832210999997187
3307.667228548729, 0.0003023278736654412, 2.5836785999999847
3307.667228548729, 0.0003023278736654412, 2.5841355000002295
3307.667228548729, 0.0003023278736654412, 2.5845925000003263
3307.667228548729, 0.0003023278736654412, 2.5850547999998525
3301.550819650423, 0.00030288796224129684, 2.5855148000000554
3301.550819650423, 0.00030288796224129684, 2.585971999999856
3301.550819650423, 0.00030288796224129684, 2.5864280000005238
3301.550819650423, 0.00030288796224129684, 2.5868867999997747
3301.550819650423, 0.00030288796224129684, 2.587344000000485
3295.1054753707626, 0.00030348042193929493, 2.5878012000002855
3295.1054753707626, 0.00030348042193929493, 2.5882622999997693
3295.1054753707626, 0.00030348042193929493, 2.5891191000000617
3295.1054753707626, 0.00030348042193929493, 2.589885999999751
3295.1054753707626, 0.00030348042193929493, 2.5906944999996995
3295.1054753707626, 0.00030348042193929493, 2.591460300000108
3295.1054753707626, 0.00030348042193929493, 2.592231399999946
3295.1054753707626, 0.00030348042193929493, 2.5926964000000225
3295.1054753707626, 0.00030348042193929493, 2.593155399999887
3295.1054753707626, 0.00030348042193929493, 2.593612600000597
3295.1054753707626, 0.00030348042193929493, 2.594074100000398
3295.1054753707626, 0.00030348042193929493, 2.594531300000199
3295.1054753707626, 0.00030348042193929493, 2.5949915999999575
3295.1054753707626, 0.00030348042193929493, 2.5954492000000755
3295.1054753707626, 0.00030348042193929493, 2.5959124999999403
3295.1054753707626, 0.00030348042193929493, 2.596371600000566
3295.1054753707626, 0.00030348042193929493, 2.596829300000536
3295.1054753707626, 0.00030348042193929493, 2.59728559999985
3295.1054753707626, 0.00030348042193929493, 2.597750200000519
3295.1054753707626, 0.00030348042193929493, 2.598206100000425
3295.1054753707626, 0.00030288796224129684, 2.5988337999997384
3295.1054753707626, 0.00030348042193929493, 2.5996013000003586
3295.1054753707626, 0.00030348042193929493, 2.60031650000019
3295.1054753707626, 0.00030348042193929493, 2.6010308000004443
3295.1054753707626, 0.00030348042193929493, 2.6017948999997316
3295.1054753707626, 0.00030348042193929493, 2.602556900000309
3295.1054753707626, 0.00030348042193929493, 2.6033213999999134
3295.1054753707626, 0.00030348042193929493, 2.6040461000002324
3295.1054753707626, 0.00030348042193929493, 2.604506300000139
3295.1054753707626, 0.00030348042193929493, 2.604963900000257
3295.1054753707626, 0.00030348042193929493, 2.605418699999973
3295.1054753707626, 0.00030348042193929493, 2.605877799999689
3295.1054753707626, 0.00030348042193929493, 2.6063335999997435
3295.1054753707626, 0.00030348042193929493, 2.6067941999999675
3295.1054753707626, 0.00030348042193929493, 2.607253199999832
3295.1054753707626, 0.00030348042193929493, 2.607710400000542
3295.1054753707626, 0.00030348042193929493, 2.608165600000575
3295.1054753707626, 0.00030348042193929493, 2.6088109000002078
3295.1054753707626, 0.00030348042193929493, 2.6095689000003404
3295.1054753707626, 0.00030348042193929493, 2.61003189999974
3295.1054753707626, 0.00030348042193929493, 2.610489400000006
3295.1054753707626, 0.00030348042193929493, 2.611291700000038
3295.1054753707626, 0.00030348042193929493, 2.6120553999999174
3295.1054753707626, 0.00030348042193929493, 2.612779699999919
3295.1054753707626, 0.00030348042193929493, 2.613237300000037
3295.1054753707626, 0.00030348042193929493, 2.613692400000218
3295.1054753707626, 0.00030348042193929493, 2.6141483999999764
3295.1054753707626, 0.00030348042193929493, 2.6146082000004753
3295.1054753707626, 0.00030348042193929493, 2.615066399999705
3295.1054753707626, 0.00030348042193929493, 2.615521599999738
3295.1054753707626, 0.00030348042193929493, 2.6159819000004063
3295.1054753707626, 0.00030348042193929493, 2.616445300000123
3295.1054753707626, 0.00030309412250324595, 2.6170066000004226
3295.1054753707626, 0.00030348042193929493, 2.6175155000000814
3295.1054753707626, 0.00030348042193929493, 2.6182017999999516
3295.1054753707626, 0.00030348042193929493, 2.6189118000002054
3295.1054753707626, 0.00030348042193929493, 2.6196092000000135
3295.1054753707626, 0.00030348042193929493, 2.6207102999997005
3295.1054753707626, 0.00030348042193929493, 2.6212516000005053
3295.1054753707626, 0.00030348042193929493, 2.6220093000001725
3295.1054753707626, 0.00030348042193929493, 2.623128700000052
3295.1054753707626, 0.00030348042193929493, 2.624098700000104
3295.1054753707626, 0.00030348042193929493, 2.625096400000075
3295.1054753707626, 0.00030348042193929493, 2.6258488000003126
3295.1054753707626, 0.00030348042193929493, 2.627599000000373
3295.1054753707626, 0.00030348042193929493, 2.629513200000474
3295.1054753707626, 0.00030348042193929493, 2.630203800000345
3295.1054753707626, 0.00030348042193929493, 2.63069330000053
3295.1054753707626, 0.00030348042193929493, 2.63117930000044
3295.1054753707626, 0.00030348042193929493, 2.631857000000309
3295.1054753707626, 0.00030348042193929493, 2.63360830000056
3295.1054753707626, 0.00030348042193929493, 2.6346401000000697
3295.1054753707626, 0.00030348042193929493, 2.6355780000003506
3295.1054753707626, 0.00030348042193929493, 2.636055099999794
3295.1054753707626, 0.00030348042193929493, 2.636735199999748
3295.1054753707626, 0.00030348042193929493, 2.6372866000001522
3295.1054753707626, 0.00030348042193929493, 2.637787499999831
3295.1054753707626, 0.00030348042193929493, 2.6382438000000548
3295.1054753707626, 0.00030348042193929493, 2.638770100000329
3295.1054753707626, 0.00030348042193929493, 2.639225400000214
3295.1054753707626, 0.00030348042193929493, 2.639718299999913
3295.1054753707626, 0.00030348042193929493, 2.640173499999946
3295.1054753707626, 0.00030348042193929493, 2.6406973000002836
3295.1054753707626, 0.00030348042193929493, 2.641162200000508
3294.8091644597457, 0.0003035077147370905, 2.6416589999998905
3294.8091644597457, 0.0003035077147370905, 2.6421182000003682
3294.8091644597457, 0.0003035077147370905, 2.6426148999998986
3294.8091644597457, 0.0003035077147370905, 2.643076700000165
3294.8091644597457, 0.0003035077147370905, 2.643571200000224
3294.8091644597457, 0.0003035077147370905, 2.6440277000001515
3294.8091644597457, 0.0003035077147370905, 2.6445190000004004
3294.8091644597457, 0.0003035077147370905, 2.6449798000003284
3294.8091644597457, 0.0003035077147370905, 2.6454695000002175
3294.8091644597457, 0.0003035077147370905, 2.645925700000589
3294.8091644597457, 0.0003035077147370905, 2.6464271000004373
3294.8091644597457, 0.0003035077147370905, 2.6468888999997944
3294.8091644597457, 0.0003035077147370905, 2.6473770000002332
3294.8091644597457, 0.0003035077147370905, 2.6478354999999283
3294.8091644597457, 0.0003035077147370905, 2.648517499999798
3294.8091644597457, 0.0003035077147370905, 2.6492121000001134
3294.8091644597457, 0.0003035077147370905, 2.649735099999816
3294.8091644597457, 0.0003035077147370905, 2.6501936000004207
3294.8091644597457, 0.0003035077147370905, 2.6507250000004206
3294.8091644597457, 0.0003035077147370905, 2.651181500000348
3294.8091644597457, 0.0003035077147370905, 2.651672900000449
3294.8091644597457, 0.0003035077147370905, 2.652133600000525
3294.8091644597457, 0.0003035077147370905, 2.6526650000005247
3294.8091644597457, 0.0003035077147370905, 2.6531449000003704
3292.4386771716104, 0.0003035077147370905, 2.6536375000005137
3292.4386771716104, 0.0003035077147370905, 2.6540979000001244
3292.4386771716104, 0.0003035077147370905, 2.654587099999844
3292.4386771716104, 0.0003035077147370905, 2.6550426000003426
3292.4386771716104, 0.0003035077147370905, 2.6555309000004854
3292.4386771716104, 0.0003035077147370905, 2.6559927999996944
3292.4386771716104, 0.00030372623397166993, 2.6564821000001757
3292.4386771716104, 0.00030372623397166993, 2.656938799999807
3292.4386771716104, 0.00030372623397166993, 2.657433200000014
3292.4386771716104, 0.00030372623397166993, 2.657890600000428
3292.4386771716104, 0.00030372623397166993, 2.6584170000005543
3292.4386771716104, 0.00030372623397166993, 2.658874200000355
3292.4386771716104, 0.00030372623397166993, 2.659372400000393
3292.4386771716104, 0.00030372623397166993, 2.6598297999998977
3292.4386771716104, 0.00030372623397166993, 2.6603436000004876
3292.4386771716104, 0.00030372623397166993, 2.6608123000005435
3292.4386771716104, 0.00030372623397166993, 2.6612961999999243
3292.4386771716104, 0.00030372623397166993, 2.6617662999997265
3292.4386771716104, 0.00030372623397166993, 2.662223299999823
3292.4386771716104, 0.00030372623397166993, 2.662714600000072
3292.4386771716104, 0.00030372623397166993, 2.663174899999831
3292.4386771716104, 0.00030372623397166993, 2.6636653000005026
3292.4386771716104, 0.00030372623397166993, 2.6641206000003876
3292.4386771716104, 0.00030372623397166993, 2.6646151000004465
3292.4386771716104, 0.00030372623397166993, 2.6653692999998384
3292.4386771716104, 0.00030353322053636395, 2.6658314000005703
3292.4386771716104, 0.00030372623397166993, 2.666323000000375
3292.4386771716104, 0.00030372623397166993, 2.6667850000003455
3292.4386771716104, 0.00030372623397166993, 2.667241400000421
3292.4386771716104, 0.00030372623397166993, 2.667731999999887
3292.4386771716104, 0.00030372623397166993, 2.6681915999997727
3292.4386771716104, 0.00030372623397166993, 2.668732099999943
3292.4386771716104, 0.00030372623397166993, 2.6691859000002296
3292.4386771716104, 0.00030372623397166993, 2.6696757999998226
3292.4386771716104, 0.00030372623397166993, 2.670137699999941
3292.4386771716104, 0.00030372623397166993, 2.670671800000491
3292.4386771716104, 0.00030372623397166993, 2.671127200000228
3292.4386771716104, 0.00030372623397166993, 2.6716175000001385
3292.4386771716104, 0.00030372623397166993, 2.6720757000002777
3292.4386771716104, 0.00030372623397166993, 2.672566299999744
3292.4386771716104, 0.00030372623397166993, 2.6730219999999463
3292.4386771716104, 0.00030372623397166993, 2.673515100000259
3292.4386771716104, 0.00030372623397166993, 2.6739690000003975
3292.4386771716104, 0.00030372623397166993, 2.674463999999716
3292.4386771716104, 0.00030372623397166993, 2.6749220000001515
3292.4386771716104, 0.00030372623397166993, 2.6754142999998294
3292.4386771716104, 0.00030372623397166993, 2.6758747000003495
3292.4386771716104, 0.00030372623397166993, 2.6763730000002397
3292.4386771716104, 0.00030372623397166993, 2.6768302999998923
3292.4386771716104, 0.00030372623397166993, 2.6773260999998456
3292.4386771716104, 0.00030372623397166993, 2.6777834000004077
3292.4386771716104, 0.00030372623397166993, 2.6782946000002994
3292.4386771716104, 0.00030372623397166993, 2.6787648999998055
3292.4386771716104, 0.00030372623397166993, 2.679249499999969
3292.4386771716104, 0.00030372623397166993, 2.6797173000004477
3292.4386771716104, 0.00030372623397166993, 2.680173300000206
3292.4386771716104, 0.00030372623397166993, 2.6806993000000148
3292.4386771716104, 0.00030372623397166993, 2.681158100000175
3292.4386771716104, 0.00030372623397166993, 2.6817198999997345
3292.4386771716104, 0.00030372623397166993, 2.6821836999997686
3292.4386771716104, 0.00030372623397166993, 2.682676399999764
3292.4386771716104, 0.00030372623397166993, 2.6831385000004957
3292.4386771716104, 0.00030372623397166993, 2.683603000000403
3292.4386771716104, 0.00030307408530315735, 2.6840589000003092
3292.4386771716104, 0.00030372623397166993, 2.684516700000131
3292.4386771716104, 0.00030372623397166993, 2.684970400000566
3292.4386771716104, 0.00030372623397166993, 2.685426400000324
3292.4386771716104, 0.00030372623397166993, 2.68588120000004
3292.4386771716104, 0.00030372623397166993, 2.6863382000001366
3292.4386771716104, 0.00030372623397166993, 2.6867921000002752
3292.4386771716104, 0.00030372623397166993, 2.687246200000118
3292.4386771716104, 0.00030372623397166993, 2.687706800000342
3292.4386771716104, 0.00030372623397166993, 2.6881702999999106
3292.4386771716104, 0.00030372623397166993, 2.688699400000587
3292.4386771716104, 0.00030372623397166993, 2.6891544000000067
3292.4386771716104, 0.00030372623397166993, 2.6896142000005057
3292.4386771716104, 0.00030372623397166993, 2.6900721000001795
3292.4386771716104, 0.00030372623397166993, 2.6906393999997817
3292.4386771716104, 0.00030372623397166993, 2.6910985000004075
3292.4386771716104, 0.00030372623397166993, 2.6915564000000813
3292.4386771716104, 0.00030372623397166993, 2.692010400000072
3292.4386771716104, 0.00030372623397166993, 2.692464700000528
3292.4386771716104, 0.00030372623397166993, 2.6929191999997784
3292.4386771716104, 0.00030372623397166993, 2.6933767999998963
3292.4386771716104, 0.00030372623397166993, 2.6938323000003948
3292.4386771716104, 0.00030372623397166993, 2.694288000000597
3292.4386771716104, 0.00030372623397166993, 2.6947440000003553
3292.4386771716104, 0.00030372623397166993, 2.6952057999997123
3292.4386771716104, 0.00030372623397166993, 2.6956602000000203
3292.4386771716104, 0.00030372623397166993, 2.6961185000000114
3292.4386771716104, 0.00030372623397166993, 2.6966193999996904
3292.4386771716104, 0.00030372623397166993, 2.697088900000381
3292.4386771716104, 0.00030372623397166993, 2.6975494999996954
3292.4386771716104, 0.00030372623397166993, 2.6980844999998226
3292.4386771716104, 0.00030372623397166993, 2.6986219999998866
3292.4386771716104, 0.00030372623397166993, 2.6990796999998565
3292.4386771716104, 0.00030372623397166993, 2.699537500000588
3292.4386771716104, 0.00030372623397166993, 2.699994399999923
3292.4386771716104, 0.00030372623397166993, 2.7004572000005282
3292.4386771716104, 0.0003032463538894362, 2.7010246999998344
3292.4386771716104, 0.00030372623397166993, 2.7014820000003965
3292.4386771716104, 0.00030372623397166993, 2.7019373000002815
3292.4386771716104, 0.00030372623397166993, 2.7023964999998498
3292.4386771716104, 0.00030372623397166993, 2.7028505999996923
3292.4386771716104, 0.00030372623397166993, 2.7033063999997466
3292.4386771716104, 0.00030372623397166993, 2.703766700000415
3292.4386771716104, 0.00030372623397166993, 2.7042286000005333
3292.4386771716104, 0.00030372623397166993, 2.7046839000004184
3292.4386771716104, 0.00030372623397166993, 2.705138199999965
3292.4386771716104, 0.00030372623397166993, 2.7056006000002526
3292.4386771716104, 0.00030372623397166993, 2.7060590000000957
3292.4386771716104, 0.00030372623397166993, 2.7065137999998115
3292.4386771716104, 0.00030372623397166993, 2.7069655000004786
3292.4386771716104, 0.00030372623397166993, 2.70742700000028
3292.4386771716104, 0.00030372623397166993, 2.7078810000002704
3292.4386771716104, 0.00030372623397166993, 2.708334800000557
3292.4386771716104, 0.00030372623397166993, 2.708900200000244
3292.4386771716104, 0.00030372623397166993, 2.7093596000004254
3292.4386771716104, 0.00030372623397166993, 2.7098143000002892
3292.4386771716104, 0.00030372623397166993, 2.710269700000026
3292.4386771716104, 0.00030372623397166993, 2.710781499999939
3292.4386771716104, 0.00030372623397166993, 2.7112971000005928
3292.4386771716104, 0.000303210233002004, 2.7117551000001185
3292.4386771716104, 0.00030372623397166993, 2.7122144000004482
3292.4386771716104, 0.00030372623397166993, 2.7126697000003333
3292.4386771716104, 0.00030372623397166993, 2.713128399999732
3292.4386771716104, 0.00030372623397166993, 2.7135871999998926
3292.4386771716104, 0.00030372623397166993, 2.7140414000004967
3292.4386771716104, 0.00030372623397166993, 2.714503600000171
3292.4386771716104, 0.0003035327076602751, 2.71496500000012
3292.4386771716104, 0.00030372623397166993, 2.7154239999999845
3292.4386771716104, 0.00030372623397166993, 2.715883699999722
3292.4386771716104, 0.00030372623397166993, 2.716341100000136
3292.4386771716104, 0.00030372623397166993, 2.7167976000000635
3292.4386771716104, 0.00030372623397166993, 2.71725349999997
3292.4386771716104, 0.00030372623397166993, 2.7177073000002565
3292.4386771716104, 0.00030372623397166993, 2.718166000000565
3292.4386771716104, 0.00030372623397166993, 2.7186186999997517
3292.4386771716104, 0.00030372623397166993, 2.7194562000004225
3292.4386771716104, 0.00030372623397166993, 2.7202359000002616
3292.4386771716104, 0.00030372623397166993, 2.7206998999999996
3292.4386771716104, 0.00030372623397166993, 2.721270799999729
3292.4386771716104, 0.00030372623397166993, 2.7217265999997835
3292.4386771716104, 0.00030372623397166993, 2.722188499999902
3292.4386771716104, 0.00030372623397166993, 2.722680200000468
3292.4386771716104, 0.00030372623397166993, 2.723138100000142
3292.4386771716104, 0.00030372623397166993, 2.723593599999731
3292.4386771716104, 0.00030372623397166993, 2.7240582000003997
3292.4386771716104, 0.00030372623397166993, 2.7245339999999487
3292.4386771716104, 0.00030372623397166993, 2.7253378000004886
3292.4386771716104, 0.00030372623397166993, 2.7260002000002714
3292.4386771716104, 0.00030372623397166993, 2.726479400000244
3292.4386771716104, 0.00030372623397166993, 2.7269759999999224
3292.4386771716104, 0.00030372623397166993, 2.7274316000002727
3292.4386771716104, 0.00030372623397166993, 2.7278917000003275
3292.4386771716104, 0.00030372623397166993, 2.7283471000000645
3292.4386771716104, 0.00030372623397166993, 2.7288077000002886
3292.4386771716104, 0.00030228466134630904, 2.729375699999764
3292.4386771716104, 0.00030372623397166993, 2.729841299999862
3292.4386771716104, 0.00030372623397166993, 2.7302968000003602
3292.4386771716104, 0.00030372623397166993, 2.7307527000002665
3292.4386771716104, 0.00030372623397166993, 2.7313334000000395
3292.4386771716104, 0.00030372623397166993, 2.7318507999998474
3292.4386771716104, 0.00030372623397166993, 2.732306900000367
3292.4386771716104, 0.00030372623397166993, 2.7327663000005487
3292.4386771716104, 0.00030372623397166993, 2.7332258000005822
3292.4386771716104, 0.00030372623397166993, 2.7336812000003192
3292.4386771716104, 0.00030372623397166993, 2.7341354999998657
3292.4386771716104, 0.00030372623397166993, 2.7345907999997507
3292.4386771716104, 0.00030372623397166993, 2.73504899999989
3292.4386771716104, 0.00030372623397166993, 2.7355045000003884
3292.4386771716104, 0.00030372623397166993, 2.736027300000387
3292.4386771716104, 0.00030372623397166993, 2.736569900000177
3292.4386771716104, 0.00030372623397166993, 2.73704220000036
3292.4386771716104, 0.00030372623397166993, 2.7374995999998646
3292.4386771716104, 0.00030372623397166993, 2.7379542999997284
3292.4386771716104, 0.00030372623397166993, 2.7384124999998676
3292.4386771716104, 0.00030372623397166993, 2.738871900000049
3292.4386771716104, 0.00030372623397166993, 2.7394433999998
3292.4386771716104, 0.00030372623397166993, 2.739903100000447
3292.4386771716104, 0.00030372623397166993, 2.7403716999997414
3292.4386771716104, 0.00030372623397166993, 2.7408316000000923
3292.4386771716104, 0.00030372623397166993, 2.7413948000003074
3292.4386771716104, 0.00030372623397166993, 2.7418502999998964
3292.4386771716104, 0.00030372623397166993, 2.742420999999922
3292.4386771716104, 0.00030372623397166993, 2.742940400000407
3292.4386771716104, 0.00030372623397166993, 2.743394900000567
3292.4386771716104, 0.00030372623397166993, 2.743851899999754
3292.4386771716104, 0.00030372623397166993, 2.744311800000105
3292.4386771716104, 0.00030372623397166993, 2.7447708999998213
3292.4386771716104, 0.00030372623397166993, 2.7452328999997917
3292.4386771716104, 0.00030372623397166993, 2.7456930999996985
3292.4386771716104, 0.00030372623397166993, 2.746148600000197
3292.4386771716104, 0.00030372623397166993, 2.746604500000103
3292.4386771716104, 0.00030372623397166993, 2.747058200000538
3292.4386771716104, 0.00030372623397166993, 2.7475156999998944
3292.4386771716104, 0.00030372623397166993, 2.747989000000416
3292.4386771716104, 0.00030372623397166993, 2.7484573000001546
3292.4386771716104, 0.00030372623397166993, 2.7489144999999553
3292.4386771716104, 0.00030372623397166993, 2.749450400000569
3292.4386771716104, 0.00030372623397166993, 2.749906199999714
3292.4386771716104, 0.00030372623397166993, 2.7503679000001284
3292.4386771716104, 0.00030372623397166993, 2.750824400000056
3292.4386771716104, 0.00030372623397166993, 2.7512886000004073
3292.4386771716104, 0.00030372623397166993, 2.7518293000002814
3292.4386771716104, 0.00030372623397166993, 2.752285900000061
3292.4386771716104, 0.00030372623397166993, 2.7527485000000524
3292.4386771716104, 0.00030372623397166993, 2.753210699999727
3292.4386771716104, 0.00030372623397166993, 2.7536670999998023
3292.4386771716104, 0.00030372623397166993, 2.7541250000003856
3292.4386771716104, 0.00030372623397166993, 2.7545867999997427
3292.4386771716104, 0.00030372623397166993, 2.7550436999999874
3292.4386771716104, 0.00030372623397166993, 2.755500700000084
3292.4386771716104, 0.00030372623397166993, 2.7559564000002865
3292.4386771716104, 0.00030372623397166993, 2.75641319999977
3292.4386771716104, 0.00030372623397166993, 2.7568676999999298
3292.4386771716104, 0.00030372623397166993, 2.7573231000005762
3292.4386771716104, 0.00030372623397166993, 2.757776399999784
3292.4386771716104, 0.00030372623397166993, 2.758278000000246
3292.4386771716104, 0.00030372623397166993, 2.7587407000000894
3292.4386771716104, 0.00030372623397166993, 2.759208999999828
3292.4386771716104, 0.00030372623397166993, 2.759779300000446
3292.4386771716104, 0.00030372623397166993, 2.760240600000543
3292.4386771716104, 0.00030372623397166993, 2.7606996000004074
3292.4386771716104, 0.00030372623397166993, 2.761154400000123
3292.4386771716104, 0.00030372623397166993, 2.7616557999999714
3292.4386771716104, 0.00030372623397166993, 2.76218020000033
3292.4386771716104, 0.00030372623397166993, 2.7626359000005323
3292.4386771716104, 0.00030372623397166993, 2.7630921999998463
3292.4386771716104, 0.00030372623397166993, 2.7635495000004084
3292.4386771716104, 0.00030372623397166993, 2.764006000000336
3292.4386771716104, 0.00030372623397166993, 2.76446180000039
3292.4386771716104, 0.00030372623397166993, 2.7649496000003637
3292.4386771716104, 0.00030372623397166993, 2.765411200000017
3292.4386771716104, 0.0003032457364108224, 2.7658682000001136
3292.4386771716104, 0.00030372623397166993, 2.766324199999872
3292.4386771716104, 0.00030372623397166993, 2.7667809000004127
3292.4386771716104, 0.00030372623397166993, 2.7672371999997267
3292.4386771716104, 0.00030372623397166993, 2.7676919000005
3292.4386771716104, 0.00030372623397166993, 2.768147599999793
3292.4386771716104, 0.00030372623397166993, 2.768601800000397
3292.4386771716104, 0.00030372623397166993, 2.76905700000043
3292.4386771716104, 0.00030372623397166993, 2.76951310000004
3292.4386771716104, 0.00030372623397166993, 2.770146300000306
3292.4386771716104, 0.00030372623397166993, 2.7706174000004467
3292.4386771716104, 0.00030372623397166993, 2.771079300000565
3292.4386771716104, 0.00030372623397166993, 2.7715361000000485
3292.4386771716104, 0.00030372623397166993, 2.772103000000243
3292.4386771716104, 0.00030372623397166993, 2.7725569000003816
3292.4386771716104, 0.00030372623397166993, 2.7730179999998654
3292.4386771716104, 0.00030372623397166993, 2.7734769999997297
3292.4386771716104, 0.00030372623397166993, 2.773938000000271
3292.4386771716104, 0.00030372623397166993, 2.7743915999999444
3292.4386771716104, 0.00030372623397166993, 2.774848600000041
3292.4386771716104, 0.00030372623397166993, 2.775306100000307
3292.4386771716104, 0.00030372623397166993, 2.7757618000005095
3292.4386771716104, 0.00030372623397166993, 2.776218400000289
3292.4386771716104, 0.00030372623397166993, 2.776673600000322
3292.4386771716104, 0.00030372623397166993, 2.7771326000001864
3292.4386771716104, 0.00030372623397166993, 2.7775909000001775
3292.4386771716104, 0.00030372623397166993, 2.778047499999957
3292.4386771716104, 0.00030372623397166993, 2.7785012000003917
3292.4386771716104, 0.00030372623397166993, 2.7789583000003404
3292.4386771716104, 0.00030372623397166993, 2.7794173000002047
3292.4386771716104, 0.00030372623397166993, 2.779872500000238
3292.4386771716104, 0.00030372623397166993, 2.780446800000391
3292.4386771716104, 0.00030372623397166993, 2.780902900000001
3292.4386771716104, 0.00030372623397166993, 2.781428500000402
3292.4386771716104, 0.00030372623397166993, 2.7818828999998004
3292.4386771716104, 0.00030372623397166993, 2.782452100000228
3292.4386771716104, 0.00030372623397166993, 2.782907900000282
3292.4386771716104, 0.00030372623397166993, 2.7833683999997447
3292.4386771716104, 0.00030220551598401127, 2.783828900000117
3292.4386771716104, 0.00030372623397166993, 2.784287899999981
3292.4386771716104, 0.00030372623397166993, 2.7847429000003103
3292.4386771716104, 0.00030372623397166993, 2.785203200000069
3292.4386771716104, 0.00030372623397166993, 2.7856621000000814
3292.4386771716104, 0.00030372623397166993, 2.7861179999999877
3292.4386771716104, 0.00030372623397166993, 2.786577699999725
3292.4386771716104, 0.00030372623397166993, 2.7870327999999063
3292.4386771716104, 0.00030372623397166993, 2.787492999999813
3292.4386771716104, 0.00030372623397166993, 2.7879510000002483
3292.4386771716104, 0.00030372623397166993, 2.7884131999999227
3292.4386771716104, 0.00030372623397166993, 2.7888707000001887
3292.4386771716104, 0.00030372623397166993, 2.7893279999998413
3292.4386771716104, 0.00030372623397166993, 2.7897831999998743
3292.4386771716104, 0.00030372623397166993, 2.790427300000374
3292.4386771716104, 0.00030372623397166993, 2.791329100000439
3292.4386771716104, 0.00030372623397166993, 2.7917890999997326
3292.4386771716104, 0.00030372623397166993, 2.792357500000435
3292.4386771716104, 0.00030372623397166993, 2.792816600000151
3292.4386771716104, 0.00030372623397166993, 2.7932756999998674
3292.4386771716104, 0.00030372623397166993, 2.793731100000514
3292.4386771716104, 0.00030372623397166993, 2.794184899999891
3292.4386771716104, 0.00030372623397166993, 2.7946434000004956
3292.4386771716104, 0.00030372623397166993, 2.7951043000002755
3292.4386771716104, 0.00030372623397166993, 2.7955595000003086
3292.4386771716104, 0.00030372623397166993, 2.7960124000001088
3292.4386771716104, 0.00030372623397166993, 2.796468200000163
3292.4386771716104, 0.00030372623397166993, 2.7969269000004715
3292.4386771716104, 0.00030372623397166993, 2.797380900000462
3292.4386771716104, 0.00030372623397166993, 2.7978393000003052
3292.4386771716104, 0.00030372623397166993, 2.7982984000000215
3292.4386771716104, 0.00030372623397166993, 2.798754899999949
3292.4386771716104, 0.00030372623397166993, 2.7992107000000033
3292.4386771716104, 0.00030372623397166993, 2.7996650000004593
3292.4386771716104, 0.00030372623397166993, 2.8001241000001755
3292.4386771716104, 0.00030372623397166993, 2.8006901999997353
3292.4386771716104, 0.00030372623397166993, 2.801146499999959
3292.4386771716104, 0.00030372623397166993, 2.8016028000001825
3292.4386771716104, 0.00030372623397166993, 2.8020611000001736
3292.4386771716104, 0.00030372623397166993, 2.8026240999997754
3292.4386771716104, 0.00030372623397166993, 2.8030784000002313
3292.4386771716104, 0.00030372623397166993, 2.80353550000018
3292.4386771716104, 0.00030372623397166993, 2.8039950000002136
3292.4386771716104, 0.00030372623397166993, 2.8044495000003735
3292.4386771716104, 0.00030372623397166993, 2.8049032999997507
3292.4386771716104, 0.00030372623397166993, 2.8053623000005246
3292.4386771716104, 0.00030372623397166993, 2.8058194000004733
3292.4386771716104, 0.00030372623397166993, 2.8062746000005063
3292.4386771716104, 0.00030372623397166993, 2.8067278999997143
3292.4386771716104, 0.00030372623397166993, 2.80718700000034
3292.4386771716104, 0.00030372623397166993, 2.807641700000204
3292.4386771716104, 0.00030372623397166993, 2.808097099999941
3292.4386771716104, 0.00030372623397166993, 2.8085526000004393
3292.4386771716104, 0.00030372623397166993, 2.8090141000002404
3292.4386771716104, 0.00030372623397166993, 2.8094700000001467
3292.4386771716104, 0.00030372623397166993, 2.8099247000000105
3292.4386771716104, 0.00030372623397166993, 2.810381899999811
3292.4386771716104, 0.00030372623397166993, 2.810958400000345
3292.4386771716104, 0.00030372623397166993, 2.8114175000000614
3292.4386771716104, 0.00030372623397166993, 2.811876300000222
3292.4386771716104, 0.00030372623397166993, 2.8123381000004883
3292.4386771716104, 0.00030372623397166993, 2.812901199999942
3292.4386771716104, 0.00030372623397166993, 2.8133647000004203
3292.4386771716104, 0.00030372623397166993, 2.813821800000369
3292.4386771716104, 0.00030372623397166993, 2.8142815000001065
3292.4386771716104, 0.00030372623397166993, 2.814737900000182
3292.4386771716104, 0.00030372623397166993, 2.815193100000215
3292.4386771716104, 0.00030372623397166993, 2.8156473999997615
3292.4386771716104, 0.00030372623397166993, 2.816107600000578
3292.4386771716104, 0.00030372623397166993, 2.81656650000059
3292.4386771716104, 0.00030372623397166993, 2.817021800000475
3292.4386771716104, 0.00030372623397166993, 2.8174816000000646
3292.4386771716104, 0.00030372623397166993, 2.817938299999696
3292.4386771716104, 0.00030372623397166993, 2.8183968000003006
3292.4386771716104, 0.00030372623397166993, 2.818850999999995
3292.4386771716104, 0.00030372623397166993, 2.819313500000135
3292.4386771716104, 0.00030372623397166993, 2.8198045999997703
3292.4386771716104, 0.00030372623397166993, 2.820341399999961
3292.4386771716104, 0.00030372623397166993, 2.8209105000005366
3292.4386771716104, 0.00030372623397166993, 2.8213739000002533
3292.4386771716104, 0.00030372623397166993, 2.821836400000393
3292.4386771716104, 0.00030268566748262225, 2.8223017000000254
3292.4386771716104, 0.00030372623397166993, 2.8227592000002915
3292.4386771716104, 0.00030372623397166993, 2.8233275000002322
3292.4386771716104, 0.00030372623397166993, 2.8237859999999273
3292.4386771716104, 0.00030372623397166993, 2.824242400000003
3292.4386771716104, 0.00030372623397166993, 2.8247026999997615
3292.4386771716104, 0.00030372623397166993, 2.82516140000007
3292.4386771716104, 0.00030372623397166993, 2.8256155999997645
3292.4386771716104, 0.00030372623397166993, 2.8260699000002205
3292.4386771716104, 0.00030372623397166993, 2.8265308999998524
3292.4386771716104, 0.00030372623397166993, 2.82699010000033
3292.4386771716104, 0.00030372623397166993, 2.8274458000005325
3292.4386771716104, 0.00030372623397166993, 2.8279019000001426
3292.4386771716104, 0.00030372623397166993, 2.8283619000003455
3292.4386771716104, 0.00030372623397166993, 2.8288148999999976
3292.4386771716104, 0.00030372623397166993, 2.8292687000002843
3292.4386771716104, 0.00030372623397166993, 2.82972190000055
3292.4386771716104, 0.00030372623397166993, 2.8301792000002024
3292.4386771716104, 0.00030372623397166993, 2.830706800000371
3292.4386771716104, 0.00030372623397166993, 2.831384099999923
3292.4386771716104, 0.00030372623397166993, 2.832148700000289
3292.4386771716104, 0.00030372623397166993, 2.832914999999957
3292.4386771716104, 0.00030372623397166993, 2.8334783999998763
3292.4386771716104, 0.00030372623397166993, 2.8339444000002914
3292.4386771716104, 0.00030372623397166993, 2.834400900000219
3292.4386771716104, 0.00030372623397166993, 2.8348611000001256
3292.4386771716104, 0.00030372623397166993, 2.835319200000413
3292.4386771716104, 0.00030372623397166993, 2.8357769000003827
3292.4386771716104, 0.00030372623397166993, 2.8362316000002465
3292.4386771716104, 0.00030372623397166993, 2.836690400000407
3292.4386771716104, 0.00030372623397166993, 2.837145500000588
3292.4386771716104, 0.00030372623397166993, 2.8375974000000497
3292.4386771716104, 0.00030372623397166993, 2.8380526999999347
3292.4386771716104, 0.00030372623397166993, 2.8385126000002856
3292.4386771716104, 0.00030372623397166993, 2.838968300000488
3292.4386771716104, 0.00030372623397166993, 2.8394279000003735
3292.4386771716104, 0.00030372623397166993, 2.8398887000003015
3292.4386771716104, 0.00030372623397166993, 2.8403478000000177
3292.4386771716104, 0.00030372623397166993, 2.8409106999997675
3292.4386771716104, 0.00030372623397166993, 2.841463400000066
3292.4386771716104, 0.00030372623397166993, 2.8419174000000567
3292.4386771716104, 0.00030372623397166993, 2.8423821000005773
3292.4386771716104, 0.00030372623397166993, 2.8428352999999333
3292.4386771716104, 0.00030372623397166993, 2.8433987999997044
3292.4386771716104, 0.00030372623397166993, 2.8438592000002245
3292.4386771716104, 0.00030372623397166993, 2.8443151999999827
3292.4386771716104, 0.00030372623397166993, 2.844768400000248
3292.4386771716104, 0.00030372623397166993, 2.8452245999997103
3292.4386771716104, 0.00030372623397166993, 2.8456817000005685
3292.4386771716104, 0.00030372623397166993, 2.8461355999997977
3292.4386771716104, 0.00030372623397166993, 2.8465917000003174
3292.4386771716104, 0.00030372623397166993, 2.847045600000456
3292.4386771716104, 0.00030372623397166993, 2.8475938000001406
3292.4386771716104, 0.00030372623397166993, 2.848050300000068
3292.4386771716104, 0.00030372623397166993, 2.8485064000005877
3292.4386771716104, 0.00030372623397166993, 2.8489638000000923
3292.4386771716104, 0.00030342112586696464, 2.849425600000359
3292.4386771716104, 0.00030372623397166993, 2.849880800000392
3292.4386771716104, 0.00030372623397166993, 2.85033680000015
3292.4386771716104, 0.00030372623397166993, 2.850792000000183
3292.4386771716104, 0.00030372623397166993, 2.851321000000098
3292.4386771716104, 0.00030372623397166993, 2.8520995999997467
3292.4386771716104, 0.00030372623397166993, 2.8528605000001335
3292.4386771716104, 0.00030372623397166993, 2.8536431000002267
3292.4386771716104, 0.00030372623397166993, 2.854099099999985
3292.4386771716104, 0.00030372623397166993, 2.854554200000166
3292.4386771716104, 0.00030372623397166993, 2.855006599999797
3292.4386771716104, 0.00030372623397166993, 2.8554628000001685
3292.4386771716104, 0.00030372623397166993, 2.855919300000096
3292.4386771716104, 0.00030372623397166993, 2.8563734999997905
3292.4386771716104, 0.00030372623397166993, 2.856835000000501
3292.4386771716104, 0.00030372623397166993, 2.8572912999998152
3292.4386771716104, 0.00030372623397166993, 2.8577499000002717
3292.4386771716104, 0.00030372623397166993, 2.8582045000002836
3292.4386771716104, 0.00030372623397166993, 2.8586606999997457
3292.4386771716104, 0.00030372623397166993, 2.8591182000000117
3292.4386771716104, 0.00030372623397166993, 2.8595757000002777
3292.4386771716104, 0.00030372623397166993, 2.8600304999999935
3292.4386771716104, 0.00030372623397166993, 2.860483000000386
3292.4386771716104, 0.00030372623397166993, 2.860941300000377
3292.4386771716104, 0.00030372623397166993, 2.861436799999865
3292.4386771716104, 0.00030372623397166993, 2.861959300000308
3292.4386771716104, 0.00030372623397166993, 2.862417700000151
3292.4386771716104, 0.00030372623397166993, 2.862872200000311
3292.4386771716104, 0.00030372623397166993, 2.8633299000002808
3292.4386771716104, 0.00030302852437192853, 2.863894099999925
3292.4386771716104, 0.00030372623397166993, 2.8643527000003814
3292.4386771716104, 0.00030372623397166993, 2.864806800000224
3292.4386771716104, 0.00030372623397166993, 2.8652609000000666
3292.4386771716104, 0.00030372623397166993, 2.865714100000332
3292.4386771716104, 0.00030372623397166993, 2.8661730000003445
3292.4386771716104, 0.00030372623397166993, 2.8666299000005893
3292.4386771716104, 0.00030372623397166993, 2.8670916999999463
3292.4386771716104, 0.00030372623397166993, 2.8675475000000006
3292.4386771716104, 0.00030372623397166993, 2.868008800000098
3292.4386771716104, 0.00030372623397166993, 2.868464600000152
3292.4386771716104, 0.00030372623397166993, 2.8689205999999103
3292.4386771716104, 0.00030372623397166993, 2.8693724000004295
3292.4386771716104, 0.00030372623397166993, 2.8698325000004843
3292.4386771716104, 0.00030372623397166993, 2.870288199999777
3292.4386771716104, 0.00030372623397166993, 2.870744800000466
3292.4386771716104, 0.0003031984771092067, 2.871204199999738
3292.4386771716104, 0.00030372623397166993, 2.8717648000001645
3292.4386771716104, 0.00030372623397166993, 2.872241099999883
3292.4386771716104, 0.0003020120891992082, 2.872701700000107
3292.4386771716104, 0.0003020120891992082, 2.873168699999951
3292.4386771716104, 0.0003020120891992082, 2.87362850000045
3292.4386771716104, 0.0003020120891992082, 2.874198499999693
3292.4386771716104, 0.00030372623397166993, 2.874658599999748
3292.4386771716104, 0.00030372623397166993, 2.8751176000005216
3292.4386771716104, 0.00030372623397166993, 2.8755780000001323
3292.4386771716104, 0.00030372623397166993, 2.8760340999997425
3292.4386771716104, 0.00030372623397166993, 2.8764914000003046
3292.4386771716104, 0.0003021182268984022, 2.876961800000572
3292.4386771716104, 0.0003035029869872198, 2.8774223000000347
3292.4386771716104, 0.00030372623397166993, 2.8778776999997717
3292.4386771716104, 0.00030372623397166993, 2.8783330000005662
3292.4386771716104, 0.00030372623397166993, 2.8787929999998596
3292.4386771716104, 0.00030372623397166993, 2.879245699999956
3292.4386771716104, 0.00030372623397166993, 2.8797059999997145
3292.4386771716104, 0.00030372623397166993, 2.8801658000002135
3292.4386771716104, 0.00030372623397166993, 2.880621600000268
3292.4386771716104, 0.00030372623397166993, 2.8810795999997936
3292.4386771716104, 0.00030372623397166993, 2.8815316999998686
3292.4386771716104, 0.00030372623397166993, 2.8821311000001515
3292.4386771716104, 0.00030372623397166993, 2.8825944999998683
3292.4386771716104, 0.00030372623397166993, 2.8830557999999655
3292.4386771716104, 0.00030372623397166993, 2.8835195000001477
3292.4386771716104, 0.00030372623397166993, 2.884089600000152
3292.4386771716104, 0.00030372623397166993, 2.884552100000292
3292.4386771716104, 0.00030372623397166993, 2.8850117000001774
3292.4386771716104, 0.00030372623397166993, 2.885473700000148
3292.4386771716104, 0.00030372623397166993, 2.8859371999997165
3292.4386771716104, 0.00030372623397166993, 2.8863945000002786
3292.4386771716104, 0.00030372623397166993, 2.886850300000333
3292.4386771716104, 0.00030372623397166993, 2.8873107999997956
3292.4386771716104, 0.00030372623397166993, 2.88776610000059
3292.4386771716104, 0.00030372623397166993, 2.8882195000005595
3292.4386771716104, 0.00030372623397166993, 2.8886758999997255
3292.4386771716104, 0.00030372623397166993, 2.8891355000005206
3292.4386771716104, 0.00030372623397166993, 2.8895908000004056
3292.4386771716104, 0.00030372623397166993, 2.8900461000002906
3292.4386771716104, 0.00030372623397166993, 2.8905038000002605
3292.4386771716104, 0.00030372623397166993, 2.8909644000004846
3292.4386771716104, 0.00030372623397166993, 2.8914221000004545
3292.4386771716104, 0.00030372623397166993, 2.8918751000001066
3292.4386771716104, 0.00030372623397166993, 2.892453299999943
3292.4386771716104, 0.00030372623397166993, 2.8929181000003155
3292.4386771716104, 0.00030372623397166993, 2.8933759999999893
3292.4386771716104, 0.00030372623397166993, 2.8938339000005726
3292.4386771716104, 0.00030372623397166993, 2.894402699999773
3292.4386771716104, 0.00030372623397166993, 2.894859400000314
3292.4386771716104, 0.00030372623397166993, 2.895314800000051
3292.4386771716104, 0.00030372623397166993, 2.895770099999936
3292.4386771716104, 0.00030372623397166993, 2.8962260999996943
3292.4386771716104, 0.00030372623397166993, 2.89668200000051
3292.4386771716104, 0.00030372623397166993, 2.8971416000003956
3292.4386771716104, 0.00030372623397166993, 2.8976002999997945
3292.4386771716104, 0.00030372623397166993, 2.8980553999999756
3292.4386771716104, 0.00030372623397166993, 2.8985130999999456
3292.4386771716104, 0.0003035130181401519, 2.898969599999873
3292.4386771716104, 0.00030372623397166993, 2.8994283000001815
3292.4386771716104, 0.00030372623397166993, 2.8998836000000665
3292.4386771716104, 0.00030372623397166993, 2.900337699999909
3292.4386771716104, 0.00030372623397166993, 2.900795100000323
3292.4386771716104, 0.00030372623397166993, 2.901255700000547
3292.4386771716104, 0.00030372623397166993, 2.901710300000559
3292.4386771716104, 0.00030372623397166993, 2.902161900000465
3292.4386771716104, 0.00030372623397166993, 2.9026997999999367
3292.4386771716104, 0.00030372623397166993, 2.9031520999997156
3292.4386771716104, 0.00030372623397166993, 2.903608300000087
3292.4386771716104, 0.00030372623397166993, 2.904062300000078
3292.4386771716104, 0.00030372623397166993, 2.9046250999999756
3292.4386771716104, 0.00030372623397166993, 2.9050802000001568
3292.4386771716104, 0.00030372623397166993, 2.9055398999998943
3292.4386771716104, 0.00030372623397166993, 2.9059947000005195
3292.4386771716104, 0.00030372623397166993, 2.9064524000004894
3292.4386771716104, 0.00030372623397166993, 2.9069083000003957
3292.4386771716104, 0.00030372623397166993, 2.907364000000598
3292.4386771716104, 0.00030372623397166993, 2.907816300000377
3292.4386771716104, 0.00030372623397166993, 2.908274899999924
3292.4386771716104, 0.00030372623397166993, 2.9087309000005916
3292.4386771716104, 0.00030372623397166993, 2.9091886000005616
3292.4386771716104, 0.00030372623397166993, 2.9096473999998125
3292.4386771716104, 0.00030372623397166993, 2.9101024000001416
3292.4386771716104, 0.00030372623397166993, 2.910561400000006
3289.7385474046614, 0.00030397552437378935, 2.9110172000000603
3289.7385474046614, 0.00030397552437378935, 2.911479600000348
3289.7385474046614, 0.00030397552437378935, 2.9119369999998526
3289.7385474046614, 0.00030397552437378935, 2.912391099999695
3289.7385474046614, 0.00030397552437378935, 2.9132386000001134
3289.7385474046614, 0.00030397552437378935, 2.9140007000005426
3289.7385474046614, 0.00030397552437378935, 2.9145023999999466
3289.7385474046614, 0.00030397552437378935, 2.9150275000001784
3289.7385474046614, 0.00030397552437378935, 2.915484099999958
3289.7385474046614, 0.00030397552437378935, 2.915943099999822
3289.7385474046614, 0.00030397552437378935, 2.916397599999982
3289.7385474046614, 0.00030397552437378935, 2.916852399999698
3289.7385474046614, 0.00030397552437378935, 2.9173079000001962
3289.7385474046614, 0.00030397552437378935, 2.9177695999997013
3289.7385474046614, 0.00030397552437378935, 2.9182253999997556
3289.7385474046614, 0.00030397552437378935, 2.918684199999916
3289.7385474046614, 0.00030397552437378935, 2.9191461999998864
3289.7385474046614, 0.00030397552437378935, 2.9196012000002156
3289.7385474046614, 0.00030397552437378935, 2.9200595000002068
3289.7385474046614, 0.00030397552437378935, 2.9205257000003257
3289.7385474046614, 0.00030397552437378935, 2.9209891999998945
3289.7385474046614, 0.00030397552437378935, 2.921444900000097
3289.7385474046614, 0.00030397552437378935, 2.921901599999728
3289.7385474046614, 0.00030397552437378935, 2.922358499999973
3289.7385474046614, 0.00030397552437378935, 2.92289510000046
3289.7385474046614, 0.00030397552437378935, 2.923350500000197
3289.7385474046614, 0.00030397552437378935, 2.9238076000001456
3289.7385474046614, 0.00030397552437378935, 2.924264899999798
3289.7385474046614, 0.00030397552437378935, 2.9248288999997385
3289.7385474046614, 0.00030397552437378935, 2.925284900000406
3289.7385474046614, 0.00030397552437378935, 2.925739799999974
3289.7385474046614, 0.00030397552437378935, 2.9261959000004936
3289.7385474046614, 0.00030397552437378935, 2.9266508999999132
3289.7385474046614, 0.00030397552437378935, 2.9271052000003692
3289.7385474046614, 0.00030397552437378935, 2.9275616000004447
3289.7385474046614, 0.00030397552437378935, 2.928020700000161
3289.7385474046614, 0.00030397552437378935, 2.928475300000173
3289.7385474046614, 0.00030397552437378935, 2.9289318999999523
3289.7385474046614, 0.00030397552437378935, 2.9293883999998798
3289.7385474046614, 0.00030397552437378935, 2.9298478999999134
3289.7385474046614, 0.00030397552437378935, 2.930307000000539
3289.7385474046614, 0.00030397552437378935, 2.93076740000015
3289.7385474046614, 0.00030397552437378935, 2.9312269000001834
3289.7385474046614, 0.00030397552437378935, 2.9316823999997723
3289.7385474046614, 0.00030397552437378935, 2.932138799999848
3289.7385474046614, 0.00030397552437378935, 2.9325933000000077
3289.7385474046614, 0.00030397552437378935, 2.933234000000084
3289.7385474046614, 0.00030397552437378935, 2.933694600000308
3289.7385474046614, 0.00030397552437378935, 2.934149400000024
3289.7385474046614, 0.00030397552437378935, 2.9346050000003743
3289.7385474046614, 0.00030397552437378935, 2.9351653000003353
3289.7385474046614, 0.00030397552437378935, 2.935628199999883
3289.7385474046614, 0.00030397552437378935, 2.9360851999999795
3289.7385474046614, 0.00030397552437378935, 2.936541400000351
3289.7385474046614, 0.00030397552437378935, 2.936998300000596
3289.7385474046614, 0.00030397552437378935, 2.937457699999868
3289.7385474046614, 0.00030397552437378935, 2.9379171999999016
3289.7385474046614, 0.00030397552437378935, 2.9383715000003576
3289.7385474046614, 0.00030397552437378935, 2.9388326999996934
3289.7385474046614, 0.00030397552437378935, 2.939288300000044
3289.7385474046614, 0.00030397552437378935, 2.939746500000183
3289.7385474046614, 0.00030397552437378935, 2.9402013999997507
3289.7385474046614, 0.00030397552437378935, 2.9406668000001446
3289.7385474046614, 0.00030397552437378935, 2.941125800000009
3289.7385474046614, 0.0003035029179504774, 2.9415797999999995
3289.7385474046614, 0.00030397552437378935, 2.942035500000202
3289.7385474046614, 0.00030397552437378935, 2.942529900000409
3289.7385474046614, 0.00030397552437378935, 2.9430867000000944
3289.7385474046614, 0.00030397552437378935, 2.9435567000000447
3289.7385474046614, 0.00030397552437378935, 2.9440162000000782
3289.7385474046614, 0.00030397552437378935, 2.94448199999988
3289.7385474046614, 0.00030397552437378935, 2.9449956999997084
3289.7385474046614, 0.00030397552437378935, 2.945545300000049
3289.7385474046614, 0.00030397552437378935, 2.9460017999999764
3289.7385474046614, 0.00030397552437378935, 2.946463400000539
3289.7385474046614, 0.00030397552437378935, 2.9469181000004028
3289.7385474046614, 0.00030397552437378935, 2.9473737999996956
3289.7385474046614, 0.00030397552437378935, 2.947839600000407
3289.7385474046614, 0.000302635231058256, 2.9482991000004404
3289.7385474046614, 0.00030397552437378935, 2.9487521999999444
3289.7385474046614, 0.00030397552437378935, 2.9492049999998926
3289.7385474046614, 0.00030397552437378935, 2.9496625000001586
3289.7385474046614, 0.00030397552437378935, 2.950115800000276
3289.7385474046614, 0.00030397552437378935, 2.950571399999717
3289.7385474046614, 0.00030397552437378935, 2.9510250000002998
3289.7385474046614, 0.00030397552437378935, 2.95148700000027
3289.7385474046614, 0.00030397552437378935, 2.951940800000557
3289.7385474046614, 0.00030397552437378935, 2.9523926000001666
3289.7385474046614, 0.00030397552437378935, 2.952851400000327
3289.7385474046614, 0.00030397552437378935, 2.9534362000003966
3289.7385474046614, 0.00030397552437378935, 2.9539137000001574
3289.7385474046614, 0.00030397552437378935, 2.9543828000005306
3289.7385474046614, 0.00030397552437378935, 2.95494140000028
3289.7385474046614, 0.00030397552437378935, 2.9555114000004323
3289.7385474046614, 0.00030397552437378935, 2.9559699999999793
3289.7385474046614, 0.00030397552437378935, 2.9565419000000475
3289.7385474046614, 0.00030397552437378935, 2.9580604000002495
3289.7385474046614, 0.00030397552437378935, 2.958858699999837
3289.7385474046614, 0.00030397552437378935, 2.9601517000000968
3289.7385474046614, 0.0003026491991281423, 2.9610327999998844
3289.7385474046614, 0.00030397552437378935, 2.96270689999983
3289.7385474046614, 0.00030397552437378935, 2.963454300000194
3289.7385474046614, 0.00030397552437378935, 2.9648552999997264
3289.7385474046614, 0.00030397552437378935, 2.966370199999801
3289.7385474046614, 0.00030397552437378935, 2.9675822999997763
3289.7385474046614, 0.00030397552437378935, 2.968835499999841
3289.7385474046614, 0.00030397552437378935, 2.969869700000345
3289.7385474046614, 0.00030397552437378935, 2.9709743000003073
3289.7385474046614, 0.00030397552437378935, 2.9718794000000344
3289.7385474046614, 0.00030397552437378935, 2.9727751999998873
3289.7385474046614, 0.00030397552437378935, 2.9737427999998545
3289.7385474046614, 0.00030397552437378935, 2.974996099999771
3289.7385474046614, 0.00030397552437378935, 2.9759172000003673
3289.7385474046614, 0.00030397552437378935, 2.9768888999997216
3289.7385474046614, 0.00030397552437378935, 2.9779346000004807
3289.7385474046614, 0.00030397552437378935, 2.9793086999998195
3289.7385474046614, 0.00030397552437378935, 2.98028130000057
3289.7385474046614, 0.00030397552437378935, 2.98159349999969
3289.7385474046614, 0.00030397552437378935, 2.9826786000003267
3289.7385474046614, 0.00030397552437378935, 2.9837133999999423
3289.7385474046614, 0.00030397552437378935, 2.984932999999728
3289.7385474046614, 0.00030397552437378935, 2.9860098999997717
3289.7385474046614, 0.00030397552437378935, 2.987153000000035
3289.7385474046614, 0.00030397552437378935, 2.9877832000001945
3289.7385474046614, 0.00030397552437378935, 2.9883780999998635
3289.7385474046614, 0.00030397552437378935, 2.989043600000514
3289.7385474046614, 0.00030397552437378935, 2.989990900000521
3289.7385474046614, 0.00030397552437378935, 2.9905948000005083
3289.7385474046614, 0.00030397552437378935, 2.991115200000422
3289.7385474046614, 0.00030397552437378935, 2.991672500000277
3289.7385474046614, 0.00030397552437378935, 2.9922283000005336
3289.7385474046614, 0.00030397552437378935, 2.9927599000002374
3289.7385474046614, 0.00030397552437378935, 2.9933146000003035
3289.7385474046614, 0.00030397552437378935, 2.993830500000513
3289.7385474046614, 0.00030397552437378935, 2.994337600000108
3289.7385474046614, 0.00030397552437378935, 2.9948160000003554
3289.7385474046614, 0.00030397552437378935, 2.995343999999932
3289.7385474046614, 0.00030397552437378935, 2.9958716999999524
3289.7385474046614, 0.00030397552437378935, 2.996395300000586
3289.7385474046614, 0.00030397552437378935, 2.9968587000003026
3289.7385474046614, 0.00030397552437378935, 2.997352999999748
3289.7385474046614, 0.00030397552437378935, 2.9978087999998024
3289.7385474046614, 0.00030397552437378935, 2.9985677000004216
3289.7385474046614, 0.00030397552437378935, 2.9990346000004138
3289.7385474046614, 0.00030397552437378935, 2.9994925999999396
3289.7385474046614, 0.00030397552437378935, 2.9999472999998034
3289.7385474046614, 0.00030397552437378935, 3.0004080999997313
3289.7385474046614, 0.00030397552437378935, 3.000869000000421
3289.7385474046614, 0.00030397552437378935, 3.0013315000005605
3289.7385474046614, 0.00030397552437378935, 3.0017899000004036
3289.7385474046614, 0.00030397552437378935, 3.002252799999951
3289.7385474046614, 0.00030397552437378935, 3.002707499999815
3289.7385474046614, 0.00030397552437378935, 3.003163299999869
3289.7385474046614, 0.00030397552437378935, 3.003620399999818
3289.7385474046614, 0.00030397552437378935, 3.0040790000002744
3289.7385474046614, 0.00030397552437378935, 3.0046376000000237
3289.7385474046614, 0.00030397552437378935, 3.005093300000226
3289.7385474046614, 0.00030397552437378935, 3.00555710000026
3289.7385474046614, 0.00030397552437378935, 3.006012599999849
3289.7385474046614, 0.00030397552437378935, 3.006541300000208
3289.7385474046614, 0.00030397552437378935, 3.0069970000004105
3289.7385474046614, 0.00030397552437378935, 3.007456400000592
3289.7385474046614, 0.00030397552437378935, 3.007912699999906
3289.7385474046614, 0.00030397552437378935, 3.0083659000001717
3289.7385474046614, 0.00030397552437378935, 3.008820199999718
3289.7385474046614, 0.00030397552437378935, 3.0092807999999422
3289.7385474046614, 0.00030397552437378935, 3.009737100000166
3289.7385474046614, 0.00030397552437378935, 3.010192200000347
3289.7385474046614, 0.00030397552437378935, 3.0106523000004017
3289.7385474046614, 0.00030397552437378935, 3.011105999999927
3289.7385474046614, 0.00030397552437378935, 3.011563500000193
3289.7385474046614, 0.00030397552437378935, 3.012023600000248
3289.7385474046614, 0.00030397552437378935, 3.012772400000358
3289.7385474046614, 0.00030397552437378935, 3.013611899999887
3289.7385474046614, 0.00030397552437378935, 3.014376000000084
3289.7385474046614, 0.00030397552437378935, 3.0152107000003525
3289.7385474046614, 0.00030397552437378935, 3.0160900999999285
3289.7385474046614, 0.00030397552437378935, 3.0167647999996916
3289.7385474046614, 0.00030397552437378935, 3.0176221000001533
3289.7385474046614, 0.00030397552437378935, 3.0185209999999643
3289.7385474046614, 0.00030397552437378935, 3.019463900000119
3289.7385474046614, 0.00030397552437378935, 3.0199680000005173
3289.7385474046614, 0.00030397552437378935, 3.0204893000000084
3289.7385474046614, 0.00030397552437378935, 3.020987800000512
3289.7385474046614, 0.00030397552437378935, 3.021534299999985
3289.7385474046614, 0.00030397552437378935, 3.0220586000004914
3289.7385474046614, 0.00030397552437378935, 3.0229556000003868
3289.7385474046614, 0.00030397552437378935, 3.0243173999997452
3289.7385474046614, 0.00030397552437378935, 3.0248862999997073
3289.7385474046614, 0.00030397552437378935, 3.0254328999999416
3289.7385474046614, 0.00030397552437378935, 3.0259931000000506
3289.7385474046614, 0.00030397552437378935, 3.0264902999997503
3289.7385474046614, 0.00030397552437378935, 3.0270737000000736
3289.7385474046614, 0.0003034390442478848, 3.0276393000003736
3289.7385474046614, 0.0003036200076793267, 3.028567999999723
3289.7385474046614, 0.00030397552437378935, 3.0295109999997294
3289.7385474046614, 0.00030397552437378935, 3.0302954999997382
3289.7385474046614, 0.00030397552437378935, 3.0309635000003254
3289.7385474046614, 0.00030397552437378935, 3.031992799999898
3289.7385474046614, 0.00030397552437378935, 3.0329063999997743
3289.7385474046614, 0.00030397552437378935, 3.033482300000287
3289.7385474046614, 0.00030397552437378935, 3.0340495000000374
3289.7385474046614, 0.00030397552437378935, 3.034566199999972
3289.7385474046614, 0.00030397552437378935, 3.0358020000003307
3289.7385474046614, 0.00030397552437378935, 3.037643100000423
3289.7385474046614, 0.00030397552437378935, 3.0392382
3289.7385474046614, 0.00030397552437378935, 3.0408578000005946
3289.7385474046614, 0.00030397552437378935, 3.041954500000429
3289.7385474046614, 0.00030397552437378935, 3.0426901000000726
3289.7385474046614, 0.00030397552437378935, 3.0436036000000968
3289.7385474046614, 0.00030397552437378935, 3.0445965999997497
3289.7385474046614, 0.00030397552437378935, 3.045378100000562
3289.7385474046614, 0.00030397552437378935, 3.046235300000262
3289.7385474046614, 0.00030397552437378935, 3.047317600000497
3289.7385474046614, 0.00030397552437378935, 3.047883400000501
3289.7385474046614, 0.00030397552437378935, 3.04842650000046
3289.7385474046614, 0.00030397552437378935, 3.0489496999998664
3289.7385474046614, 0.00030397552437378935, 3.049423299999944
3289.7385474046614, 0.00030397552437378935, 3.049923300000046
3289.7385474046614, 0.00030397552437378935, 3.0504597999997713
3289.7385474046614, 0.00030397552437378935, 3.0509572999999364
3289.7385474046614, 0.00030397552437378935, 3.0514961999997468
3289.7385474046614, 0.00030397552437378935, 3.0520023999997647
3289.7385474046614, 0.00030397552437378935, 3.0525360000001456
3289.7385474046614, 0.00030397552437378935, 3.0530883999999787
3289.7385474046614, 0.00030397552437378935, 3.05381159999979
3289.7385474046614, 0.00030397552437378935, 3.054317600000104
3289.7385474046614, 0.00030397552437378935, 3.0548734000003606
3289.7385474046614, 0.00030397552437378935, 3.055373899999722
3289.7385474046614, 0.00030397552437378935, 3.056481600000552
3289.7385474046614, 0.00030397552437378935, 3.057428600000094
3289.7385474046614, 0.00030397552437378935, 3.0580227000000377
3289.7385474046614, 0.00030397552437378935, 3.058543400000417
3289.7385474046614, 0.00030397552437378935, 3.059089500000482
3289.7385474046614, 0.00030397552437378935, 3.0595835000003717
3289.7385474046614, 0.00030397552437378935, 3.0600814999997965
3289.7385474046614, 0.00030397552437378935, 3.060571799999707
3289.7385474046614, 0.00030397552437378935, 3.0610568000001876
3289.7385474046614, 0.00030397552437378935, 3.061543100000563
3289.7385474046614, 0.00030397552437378935, 3.0620355999999447
3289.7385474046614, 0.00030397552437378935, 3.0625331000001097
3289.7385474046614, 0.0003025106647096517, 3.0630252000000837
3289.7385474046614, 0.00030397552437378935, 3.0635183000003963
3289.7385474046614, 0.00030397552437378935, 3.064021400000456
3289.7385474046614, 0.00030368562110632115, 3.0645112000001973
3289.7385474046614, 0.00030368562110632115, 3.065036500000133
3289.7385474046614, 0.00030397552437378935, 3.0655673999999635
3289.7385474046614, 0.00030397552437378935, 3.0665515999999116
3289.7385474046614, 0.00030397552437378935, 3.0675012000001516
3289.7385474046614, 0.00030397552437378935, 3.068019600000298
3289.7385474046614, 0.00030397552437378935, 3.068518099999892
3289.7385474046614, 0.00030397552437378935, 3.069040600000335
3289.7385474046614, 0.00030397552437378935, 3.0695489999998244
3289.7385474046614, 0.00030397552437378935, 3.070096899999953
3289.7385474046614, 0.00030397552437378935, 3.07064309999987
3289.7385474046614, 0.00030397552437378935, 3.0711849999997867
3289.7385474046614, 0.00030397552437378935, 3.071689399999741
3289.7385474046614, 0.00030285249530878194, 3.0722272000002704
3289.7385474046614, 0.00030397552437378935, 3.072780600000442
3289.7385474046614, 0.00030397552437378935, 3.0740390000000843
3289.7385474046614, 0.00030397552437378935, 3.074945399999706
3289.7385474046614, 0.00030397552437378935, 3.0759649000001446
3289.7385474046614, 0.00030397552437378935, 3.07676790000005
3289.7385474046614, 0.00030397552437378935, 3.077478600000177
3289.7385474046614, 0.00030397552437378935, 3.0780844000000798
3289.7385474046614, 0.00030397552437378935, 3.078596800000014
3289.7385474046614, 0.00030397552437378935, 3.079125400000521
3289.7385474046614, 0.00030397552437378935, 3.079674100000375
3289.7385474046614, 0.00030397552437378935, 3.0802420999998503
3289.7385474046614, 0.00030397552437378935, 3.0807433999998466
3289.7385474046614, 0.00030397552437378935, 3.081250100000034
3289.7385474046614, 0.00030397552437378935, 3.0817785999997795
3289.7385474046614, 0.00030360932205326875, 3.082274200000029
3289.7385474046614, 0.00030397552437378935, 3.0827681000000666
3289.7385474046614, 0.00030397552437378935, 3.083252500000526
3289.7385474046614, 0.00030397552437378935, 3.083742499999971
3289.7385474046614, 0.00030397552437378935, 3.08423060000041
3289.7385474046614, 0.00030397552437378935, 3.084717100000489
3289.7385474046614, 0.00030397552437378935, 3.0852307000004657
3289.7385474046614, 0.00030397552437378935, 3.085732800000187
3289.7385474046614, 0.00030397552437378935, 3.086224200000288
3289.7385474046614, 0.00030397552437378935, 3.0867103999999017
3289.7385474046614, 0.00030397552437378935, 3.0871956000000864
3289.7385474046614, 0.00030397552437378935, 3.087688700000399
3289.7385474046614, 0.00030397552437378935, 3.08820999999989
3289.7385474046614, 0.00030397552437378935, 3.0886968000004345
3289.7385474046614, 0.00030397552437378935, 3.0893341000000873
3289.7385474046614, 0.00030397552437378935, 3.0901051000000734
3289.7385474046614, 0.00030397552437378935, 3.090606100000514
3289.7385474046614, 0.00030397552437378935, 3.0911627000004955
3289.7385474046614, 0.00030358910952587876, 3.091658500000449
3289.7385474046614, 0.0003032036758547544, 3.0921433000003162
3289.7385474046614, 0.00030397552437378935, 3.092656800000441
3289.7385474046614, 0.00030397552437378935, 3.093248600000152
3289.7385474046614, 0.00030397552437378935, 3.093811700000515
3289.7385474046614, 0.00030397552437378935, 3.0943734000002223
3289.7385474046614, 0.00030397552437378935, 3.0948660000003656
3289.7385474046614, 0.00030397552437378935, 3.095461800000521
3289.7385474046614, 0.00030397552437378935, 3.0961112000004505
3289.7385474046614, 0.00030397552437378935, 3.0967585999997027
3289.7385474046614, 0.00030397552437378935, 3.0974032000003717
3289.7385474046614, 0.00030397552437378935, 3.09791899999982
3289.7385474046614, 0.00030397552437378935, 3.099013600000035
3289.7385474046614, 0.00030397552437378935, 3.099984399999812
3289.7385474046614, 0.00030397552437378935, 3.100532899999962
3289.7385474046614, 0.00030397552437378935, 3.1011053000001993
3289.7385474046614, 0.00030397552437378935, 3.101614000000154
3289.7385474046614, 0.00030397552437378935, 3.102130799999941
3289.7385474046614, 0.00030397552437378935, 3.1026385000004666
3289.7385474046614, 0.00030397552437378935, 3.1031732999999804
3289.7385474046614, 0.00030397552437378935, 3.103652400000101
3289.7385474046614, 0.00030397552437378935, 3.1041266000001997
3289.7385474046614, 0.00030397552437378935, 3.104622500000005
3289.7385474046614, 0.00030397552437378935, 3.1051171999997678
3289.7385474046614, 0.00030397552437378935, 3.1059273000000758
3289.7385474046614, 0.00030397552437378935, 3.107120499999837
3289.7385474046614, 0.00030397552437378935, 3.1085039999998116
3289.7385474046614, 0.00030397552437378935, 3.110060300000441
3289.7385474046614, 0.00030397552437378935, 3.111655300000166
3289.7385474046614, 0.00030397552437378935, 3.113339000000451
3289.7385474046614, 0.00030397552437378935, 3.113999899999726
3289.7385474046614, 0.00030397552437378935, 3.11455290000049
3289.7385474046614, 0.00030397552437378935, 3.116019099999903
3289.7385474046614, 0.00030397552437378935, 3.117139599999973
3289.7385474046614, 0.00030397552437378935, 3.118430999999873
3289.7385474046614, 0.00030397552437378935, 3.119021200000134
3289.7385474046614, 0.00030397552437378935, 3.1195976999997583
3289.7385474046614, 0.00030397552437378935, 3.1204397000001336
3289.7385474046614, 0.00030397552437378935, 3.121981600000254
3289.7385474046614, 0.00030397552437378935, 3.123452599999837
3289.7385474046614, 0.00030397552437378935, 3.1243672000000515
3289.7385474046614, 0.00030397552437378935, 3.1252430000004097
3289.7385474046614, 0.00030397552437378935, 3.1261243999997532
3289.7385474046614, 0.00030397552437378935, 3.127233199999864
3289.7385474046614, 0.00030397552437378935, 3.128390599999875
3289.7385474046614, 0.00030397552437378935, 3.129443700000593
3289.7385474046614, 0.00030397552437378935, 3.1305158000004667
3289.7385474046614, 0.00030397552437378935, 3.131720100000166
3289.7385474046614, 0.00030397552437378935, 3.132398700000522
3289.7385474046614, 0.00030397552437378935, 3.132934500000374
3289.7385474046614, 0.00030397552437378935, 3.133432100000391
3289.7385474046614, 0.00030397552437378935, 3.1339263999998366
3289.7385474046614, 0.00030397552437378935, 3.1344254000005094
3289.7385474046614, 0.00030397552437378935, 3.13494559999981
3289.7385474046614, 0.00030397552437378935, 3.1354413999997632
3289.7385474046614, 0.00030397552437378935, 3.135932500000308
3289.7385474046614, 0.00030397552437378935, 3.13642499999969
3289.7385474046614, 0.00030397552437378935, 3.1369123000004038
3289.7385474046614, 0.00030397552437378935, 3.1373951000005036
3289.7385474046614, 0.00030397552437378935, 3.1378837000002022
3289.7385474046614, 0.00030397552437378935, 3.1384030999997776
3289.7385474046614, 0.00030397552437378935, 3.1388996000005136
3289.7385474046614, 0.00030397552437378935, 3.1395281000004616
3289.7385474046614, 0.00030397552437378935, 3.1405854000004183
3289.7385474046614, 0.00030397552437378935, 3.141779999999926
3289.7385474046614, 0.00030397552437378935, 3.1427912999997716
3289.7385474046614, 0.00030397552437378935, 3.1442579000004116
3289.7385474046614, 0.00030397552437378935, 3.1453991999997015
3289.7385474046614, 0.00030397552437378935, 3.145928900000399
3289.7385474046614, 0.00030397552437378935, 3.1464367999997194
3289.7385474046614, 0.00030397552437378935, 3.1469434999999066
3289.7385474046614, 0.00030397552437378935, 3.147617800000262
3289.7385474046614, 0.00030397552437378935, 3.148510300000453
3289.7385474046614, 0.00030397552437378935, 3.1501250999999684
3289.7385474046614, 0.00030397552437378935, 3.1520620999999664
3289.7385474046614, 0.00030397552437378935, 3.1531972000002497
3289.7385474046614, 0.00030397552437378935, 3.1545529000004535
3289.7385474046614, 0.00030397552437378935, 3.1555907000001753
3289.7385474046614, 0.00030397552437378935, 3.156618200000594
3289.7385474046614, 0.00030397552437378935, 3.1577361999998175
3289.7385474046614, 0.00030397552437378935, 3.1584631000005174
3289.7385474046614, 0.00030397552437378935, 3.1589992999997776
3289.7385474046614, 0.00030397552437378935, 3.1595047999999224
3289.7385474046614, 0.00030397552437378935, 3.160005800000363
3289.7385474046614, 0.00030397552437378935, 3.160479799999848
3289.7385474046614, 0.00030397552437378935, 3.1610323000004428
3289.7385474046614, 0.00030397552437378935, 3.1615072000004147
3289.7385474046614, 0.00030397552437378935, 3.1619823000000906
3289.7385474046614, 0.00030397552437378935, 3.162731800000074
3289.7385474046614, 0.00030397552437378935, 3.1634318000005806
3289.7385474046614, 0.00030397552437378935, 3.1643589000004795
3289.7385474046614, 0.00030397552437378935, 3.1652008000000933
3289.7385474046614, 0.00030397552437378935, 3.165878700000576
3289.7385474046614, 0.00030397552437378935, 3.167275300000256
3289.7385474046614, 0.00030397552437378935, 3.1686351999996987
3289.7385474046614, 0.00030397552437378935, 3.169709800000419
3289.7385474046614, 0.00030397552437378935, 3.1702715000001263
3289.7385474046614, 0.00030397552437378935, 3.170823299999938
3289.7385474046614, 0.00030397552437378935, 3.171388400000069
3289.7385474046614, 0.0003033073841643386, 3.172452100000555
3289.7385474046614, 0.00030397552437378935, 3.173544700000093
3289.7385474046614, 0.00030397552437378935, 3.1747121999997034
3289.7385474046614, 0.00030397552437378935, 3.1754289000000426
3289.7385474046614, 0.00030397552437378935, 3.176951899999949
3289.7385474046614, 0.00030397552437378935, 3.1781184999999823
3289.7385474046614, 0.00030397552437378935, 3.178768499999933
3289.7385474046614, 0.00030397552437378935, 3.1794903999998496
3289.7385474046614, 0.00030397552437378935, 3.1800246000002517
3289.7385474046614, 0.00030397552437378935, 3.1805498000003354
3289.7385474046614, 0.00030397552437378935, 3.181029500000477
3289.7385474046614, 0.00030397552437378935, 3.181593199999952
3289.7385474046614, 0.00030397552437378935, 3.1829696000004333
3289.7385474046614, 0.00030397552437378935, 3.1845656000004965
3289.7385474046614, 0.00030397552437378935, 3.1855783999999403
3289.7385474046614, 0.00030397552437378935, 3.1865771000002496
3289.7385474046614, 0.00030397552437378935, 3.1875687000001562
3289.7385474046614, 0.00030397552437378935, 3.1882520999997723
3289.7385474046614, 0.00030397552437378935, 3.1891340000001946
3289.7385474046614, 0.00030397552437378935, 3.190670200000568
3289.7385474046614, 0.00030397552437378935, 3.1914570999997522
3289.7385474046614, 0.00030397552437378935, 3.1919566000005943
3289.7385474046614, 0.00030397552437378935, 3.192446000000018
3289.7385474046614, 0.00030397552437378935, 3.1929301999998643
3289.7385474046614, 0.00030397552437378935, 3.1934235999997327
3289.7385474046614, 0.00030397552437378935, 3.1939085000003615
3289.7385474046614, 0.00030397552437378935, 3.1944039999998495
3289.7385474046614, 0.000303213756137127, 3.194920599999932
3289.7385474046614, 0.00030397552437378935, 3.195402600000307
3289.7385474046614, 0.00030397552437378935, 3.19608049999988
3289.7385474046614, 0.00030397552437378935, 3.1970767000002525
3289.7385474046614, 0.00030397552437378935, 3.1977144000002227
3289.7385474046614, 0.00030397552437378935, 3.1988375000000815
3289.7385474046614, 0.00030397552437378935, 3.2003169999998136
3289.7385474046614, 0.00030397552437378935, 3.2010159000001295
3289.7385474046614, 0.00030397552437378935, 3.2027625999999145
3289.7385474046614, 0.00030397552437378935, 3.203292600000168
3289.7385474046614, 0.00030397552437378935, 3.203827000000274
3289.7385474046614, 0.00030397552437378935, 3.2045161000005464
3289.7385474046614, 0.00030397552437378935, 3.2057401000001846
3289.7385474046614, 0.00030397552437378935, 3.2063107000003583
3289.7385474046614, 0.00030397552437378935, 3.2079733999999007
3289.7385474046614, 0.00030397552437378935, 3.20916649999981
3289.7385474046614, 0.00030397552437378935, 3.210589500000424
3289.7385474046614, 0.00030397552437378935, 3.211477400000149
3289.7385474046614, 0.00030397552437378935, 3.2120702000001984
3289.7385474046614, 0.00030397552437378935, 3.2125789000001532
3289.7385474046614, 0.00030397552437378935, 3.2132471000004443
3289.7385474046614, 0.00030397552437378935, 3.2137573999998494
3289.7385474046614, 0.0003030517584955496, 3.214253300000564
3289.7385474046614, 0.00030397552437378935, 3.2148761999997078
3289.7385474046614, 0.00030397552437378935, 3.215896800000337
3289.7385474046614, 0.00030397552437378935, 3.216563599999972
3289.7385474046614, 0.00030397552437378935, 3.2170680999997785
3289.7385474046614, 0.00030397552437378935, 3.217587000000094
3289.7385474046614, 0.00030397552437378935, 3.2180728000003
3289.7385474046614, 0.00030397552437378935, 3.2185796000003393
3289.7385474046614, 0.00030397552437378935, 3.2193226999997933
3289.7385474046614, 0.00030397552437378935, 3.220476299999973
3289.7385474046614, 0.00030397552437378935, 3.221444700000575
3289.7385474046614, 0.00030397552437378935, 3.2223934000003283
3289.7385474046614, 0.00030397552437378935, 3.223356899999999
3289.7385474046614, 0.00030397552437378935, 3.2243030999998155
3289.7385474046614, 0.00030397552437378935, 3.2253943000005165
3289.7385474046614, 0.00030397552437378935, 3.2263608000002932
3289.7385474046614, 0.00030397552437378935, 3.227321100000154
3289.7385474046614, 0.00030397552437378935, 3.2282734000000346
3289.7385474046614, 0.00030397552437378935, 3.2293586000005234
3289.7385474046614, 0.00030397552437378935, 3.230356400000346
3289.7385474046614, 0.00030397552437378935, 3.231303999999909
3289.7385474046614, 0.00030397552437378935, 3.232330400000137
3289.7385474046614, 0.00030397552437378935, 3.2332930000002307
3289.7385474046614, 0.00030397552437378935, 3.2342501000002812
3289.7385474046614, 0.00030397552437378935, 3.2351872999997795
3289.7385474046614, 0.00030397552437378935, 3.2361194000004616
3289.7385474046614, 0.00030397552437378935, 3.237115200000517
3289.7385474046614, 0.00030397552437378935, 3.2376601000005394
3289.7385474046614, 0.00030397552437378935, 3.2381611999999222
3289.7385474046614, 0.00030397552437378935, 3.238650199999938
3289.7385474046614, 0.00030397552437378935, 3.2391224000002694
3289.7385474046614, 0.00030397552437378935, 3.2396355999999287
3289.7385474046614, 0.00030397552437378935, 3.2401145000003453
3289.7385474046614, 0.00030397552437378935, 3.2406215000000884
3289.7385474046614, 0.00030397552437378935, 3.2410932000002504
3289.7385474046614, 0.00030397552437378935, 3.241596599999866
3289.7385474046614, 0.00030397552437378935, 3.2420687000003454
3289.7385474046614, 0.00030397552437378935, 3.24257149999994
3289.7385474046614, 0.00030397552437378935, 3.2430395000001226
3289.7385474046614, 0.00030397552437378935, 3.2435420000001614
3289.7385474046614, 0.00030397552437378935, 3.2440173000004506
3289.7385474046614, 0.00030397552437378935, 3.244521700000405
3289.7385474046614, 0.00030397552437378935, 3.2449979000002713
3289.7385474046614, 0.00030397552437378935, 3.2455024999999296
3289.7385474046614, 0.00030397552437378935, 3.2459741000002396
3289.7385474046614, 0.00030397552437378935, 3.2464797000002363
3289.7385474046614, 0.00030397552437378935, 3.246947900000123
3289.7385474046614, 0.00030397552437378935, 3.2474560999999085
3289.7385474046614, 0.00030397552437378935, 3.2479644000004555
3289.7385474046614, 0.00030397552437378935, 3.248472899999797
3289.7385474046614, 0.00030397552437378935, 3.248944500000107
3289.7385474046614, 0.00030397552437378935, 3.249484800000573
3289.7385474046614, 0.00030397552437378935, 3.249956999999995
3289.7385474046614, 0.00030397552437378935, 3.2504276999998183
3289.7385474046614, 0.00030397552437378935, 3.2509146000002147
3289.7385474046614, 0.00030397552437378935, 3.251397900000484
3289.7385474046614, 0.00030397552437378935, 3.2518699000002016
3289.7385474046614, 0.00030397552437378935, 3.252338000000236
3289.7385474046614, 0.00030397552437378935, 3.2528086000002077
3289.7385474046614, 0.00030397552437378935, 3.2532742000003054
3289.7385474046614, 0.00030397552437378935, 3.2537496000004467
3289.7385474046614, 0.00030397552437378935, 3.2542189000005237
3289.7385474046614, 0.00030397552437378935, 3.254686500000389
3289.7385474046614, 0.00030397552437378935, 3.255153699999937
3289.7385474046614, 0.00030397552437378935, 3.2556240000003527
3289.7385474046614, 0.00030397552437378935, 3.2560930999998163
3289.7385474046614, 0.00030397552437378935, 3.2565622000001895
3289.7385474046614, 0.00030397552437378935, 3.257033599999886
3289.7385474046614, 0.00030397552437378935, 3.2575026000004073
3289.7385474046614, 0.00030397552437378935, 3.2579696000002514
3289.7385474046614, 0.00030397552437378935, 3.2584372999999687
3289.7385474046614, 0.00030397552437378935, 3.258912899999814
3289.7385474046614, 0.00030397552437378935, 3.2593814000001657
3289.7385474046614, 0.00030397552437378935, 3.259852000000137
3289.7385474046614, 0.00030397552437378935, 3.26032159999977
3289.7385474046614, 0.00030397552437378935, 3.2607918000003338
3289.7385474046614, 0.00030397552437378935, 3.2612607000000935
3289.7385474046614, 0.00030397552437378935, 3.261728299999959
3289.7385474046614, 0.00030397552437378935, 3.2621960000005856
3289.7385474046614, 0.00030397552437378935, 3.2626688000000286
3289.7385474046614, 0.00030397552437378935, 3.263137099999767
3289.7385474046614, 0.00030397552437378935, 3.2636059000005844
3289.7385474046614, 0.00030397552437378935, 3.2640763999997944
3289.7385474046614, 0.00030397552437378935, 3.2645847000003414
3289.7385474046614, 0.00030250657674513404, 3.2652696000004653
3289.7385474046614, 0.00030397552437378935, 3.265766600000461
3289.7385474046614, 0.00030397552437378935, 3.266255999999885
3289.7385474046614, 0.00030397552437378935, 3.266745599999922
3289.7385474046614, 0.00030397552437378935, 3.267222899999979
3289.7385474046614, 0.00030397552437378935, 3.2676938000004156
3289.7385474046614, 0.00030397552437378935, 3.2682426999999734
3289.7385474046614, 0.00030397552437378935, 3.268779199999699
3289.7385474046614, 0.00030397552437378935, 3.2694171000002825
3289.7385474046614, 0.00030397552437378935, 3.2699569000005795
3289.7385474046614, 0.00030397552437378935, 3.2706428999999844
3289.7385474046614, 0.00030397552437378935, 3.2711353000004237
3289.7385474046614, 0.00030397552437378935, 3.2716302999997424
3289.7385474046614, 0.00030397552437378935, 3.272094400000242
3289.7385474046614, 0.00030397552437378935, 3.272587299999941
3289.7385474046614, 0.00030397552437378935, 3.2730437999998685
3289.7385474046614, 0.00030397552437378935, 3.2735349000004135
3289.7385474046614, 0.00030397552437378935, 3.273995200000172
3289.7385474046614, 0.00030397552437378935, 3.274491300000591
3289.7385474046614, 0.00030397552437378935, 3.2749484000005396
3289.7385474046614, 0.00030397552437378935, 3.2754469000001336
3289.7385474046614, 0.00030397552437378935, 3.2759076000002096
3289.7385474046614, 0.00030397552437378935, 3.276400200000353
3289.7385474046614, 0.00030397552437378935, 3.276856200000111
3289.7385474046614, 0.00030397552437378935, 3.277347799999916
3289.7385474046614, 0.00030397552437378935, 3.2778096000001824
3289.7385474046614, 0.00030397552437378935, 3.2783078000002206
3289.7385474046614, 0.00030397552437378935, 3.2787624000002324
3289.7385474046614, 0.00030397552437378935, 3.2792576000001645
3289.7385474046614, 0.00030397552437378935, 3.2797151000004305
3289.7385474046614, 0.00030397552437378935, 3.2801760000002105
3289.7385474046614, 0.00030397552437378935, 3.280727399999705
3289.7385474046614, 0.00030397552437378935, 3.2812285999998494
3289.7385474046614, 0.00030397552437378935, 3.281926300000123
3289.7385474046614, 0.00030397552437378935, 3.282609699999739
3289.7385474046614, 0.00030397552437378935, 3.2830714000001535
3289.7385474046614, 0.00030397552437378935, 3.2835635999999795
3289.7385474046614, 0.00030397552437378935, 3.2840183999996952
3289.7385474046614, 0.00030397552437378935, 3.284622600000148
3289.7385474046614, 0.00030397552437378935, 3.2850827000002027
3289.7385474046614, 0.00030397552437378935, 3.2855823999998393
3289.7385474046614, 0.00030397552437378935, 3.286040099999809
3289.7385474046614, 0.00030397552437378935, 3.2865413999998054
3289.7385474046614, 0.00030397552437378935, 3.2869958999999653
3289.7385474046614, 0.00030397552437378935, 3.28748910000013
3289.7385474046614, 0.00030397552437378935, 3.287945099999888
3289.7385474046614, 0.00030397552437378935, 3.2885157000000618
3289.7385474046614, 0.00030397552437378935, 3.2889734999998836
3289.7385474046614, 0.00030397552437378935, 3.289494300000115
3289.7385474046614, 0.00030397552437378935, 3.2900041000002602
3289.7385474046614, 0.00030397552437378935, 3.290543400000388
3289.7385474046614, 0.00030397552437378935, 3.291032900000573
3289.7385474046614, 0.0003024272749413678, 3.2915302000001248
3289.7385474046614, 0.00030397552437378935, 3.2920753999997032
3289.7385474046614, 0.00030397552437378935, 3.2925809999997
3289.7385474046614, 0.00030397552437378935, 3.293075000000499
3289.7385474046614, 0.00030397552437378935, 3.2935684000003675
3289.7385474046614, 0.00030397552437378935, 3.2940569000002142
3289.7385474046614, 0.00030397552437378935, 3.294548699999723
3289.7385474046614, 0.00030397552437378935, 3.2958094000005076
3289.7385474046614, 0.00030397552437378935, 3.2964044000000285
3289.7385474046614, 0.00030397552437378935, 3.296972000000096
3289.7385474046614, 0.00030397552437378935, 3.2976942000004783
3289.7385474046614, 0.00030397552437378935, 3.2988562999998976
3289.7385474046614, 0.00030397552437378935, 3.3000167000000147
3289.7385474046614, 0.00030397552437378935, 3.300978600000235
3289.7385474046614, 0.00030397552437378935, 3.301587400000244
3289.7385474046614, 0.00030397552437378935, 3.3020714000003863
3289.7385474046614, 0.00030397552437378935, 3.302585700000236
3289.7385474046614, 0.00030397552437378935, 3.303058299999975
3289.7385474046614, 0.00030397552437378935, 3.3035710000003746
3289.7385474046614, 0.00030397552437378935, 3.304048099999818
3289.7385474046614, 0.00030397552437378935, 3.30456200000026
3289.7385474046614, 0.00030397552437378935, 3.3050364999999147
3289.7385474046614, 0.00030397552437378935, 3.3055436000004192
3289.7385474046614, 0.00030397552437378935, 3.306021200000032
3289.7385474046614, 0.00030397552437378935, 3.306528099999923
3289.7385474046614, 0.00030397552437378935, 3.307003099999747
3289.7385474046614, 0.00030397552437378935, 3.3075126000003365
3289.7385474046614, 0.00030397552437378935, 3.3079846999999063
3289.7385474046614, 0.00030397552437378935, 3.3085062000000107
3289.7385474046614, 0.00030397552437378935, 3.308978699999898
3289.7385474046614, 0.00030397552437378935, 3.3094894000005297
3289.7385474046614, 0.00030397552437378935, 3.30995780000012
3289.7385474046614, 0.00030397552437378935, 3.3104659999999058
3289.7385474046614, 0.00030397552437378935, 3.3109387000004062
3289.7385474046614, 0.00030397552437378935, 3.3116471000003003
3289.7385474046614, 0.00030397552437378935, 3.312380000000303
3289.7385474046614, 0.00030397552437378935, 3.3128704000000653
3289.7385474046614, 0.00030397552437378935, 3.3133625000000393
3289.7385474046614, 0.00030397552437378935, 3.3138773000000583
3289.7385474046614, 0.00030397552437378935, 3.3143716000004133
3289.7385474046614, 0.00030397552437378935, 3.315531700000065
3289.7385474046614, 0.00030397552437378935, 3.316353600000184
3289.7385474046614, 0.00030397552437378935, 3.316896999999699
3289.7385474046614, 0.00030397552437378935, 3.3175529999998616
3289.7385474046614, 0.00030397552437378935, 3.318036100000427
3289.7385474046614, 0.00030397552437378935, 3.318634000000202
3289.7385474046614, 0.00030397552437378935, 3.3193787000000157
3289.7385474046614, 0.00030397552437378935, 3.319859500000348
3289.7385474046614, 0.00030397552437378935, 3.3203650000004927
3289.7385474046614, 0.00030397552437378935, 3.320909400000346
3289.7385474046614, 0.00030397552437378935, 3.3214198000005126
3289.7385474046614, 0.00030397552437378935, 3.3219269000001077
3289.7385474046614, 0.00030397552437378935, 3.3224580000005517
3289.7385474046614, 0.00030397552437378935, 3.322932099999889
3289.7385474046614, 0.00030397552437378935, 3.3234652000001006
3289.7385474046614, 0.00030397552437378935, 3.32393730000058
3289.7385474046614, 0.00030397552437378935, 3.3244431000002805
3289.7385474046614, 0.00030397552437378935, 3.3249150999999983
3289.7385474046614, 0.00030397552437378935, 3.3254219000000376
3289.7385474046614, 0.00030397552437378935, 3.325894900000094
3289.7385474046614, 0.00030397552437378935, 3.326401600000281
3289.7385474046614, 0.00030397552437378935, 3.3268755999997666
3289.7385474046614, 0.00030397552437378935, 3.327391599999828
3289.7385474046614, 0.00030397552437378935, 3.3278677999996944
3289.7385474046614, 0.00030397552437378935, 3.3283705000003465
3289.7385474046614, 0.00030397552437378935, 3.3288486000001285
3289.7385474046614, 0.00030397552437378935, 3.3293521000005057
3289.7385474046614, 0.00030397552437378935, 3.329819900000075
3289.7385474046614, 0.00030397552437378935, 3.3303224000001137
3289.7385474046614, 0.00030397552437378935, 3.330795300000318
3289.7385474046614, 0.00030397552437378935, 3.331327200000487
3289.7385474046614, 0.00030397552437378935, 3.33193940000001
3289.7385474046614, 0.00030397552437378935, 3.33242220000011
3289.7385474046614, 0.00030397552437378935, 3.332900000000336
3289.7385474046614, 0.00030397552437378935, 3.333372699999927
3289.7385474046614, 0.00030397552437378935, 3.3338418000003003
3289.7385474046614, 0.00030397552437378935, 3.33431870000004
3289.7385474046614, 0.00030397552437378935, 3.334785799999736
3289.7385474046614, 0.00030397552437378935, 3.3352555000001303
3289.7385474046614, 0.00030397552437378935, 3.335809400000471
3289.7385474046614, 0.00030397552437378935, 3.3363483000002816
3289.7385474046614, 0.00030397552437378935, 3.3369173000000956
3289.7385474046614, 0.00030397552437378935, 3.3373916000000463
3289.7385474046614, 0.00030397552437378935, 3.3378646000001027
3289.7385474046614, 0.00030397552437378935, 3.338334600000053
3289.7385474046614, 0.00030397552437378935, 3.3388128000005963
3289.7385474046614, 0.00030397552437378935, 3.3392862999999124
3289.7385474046614, 0.0003026421746663477, 3.33976470000016
3289.7385474046614, 0.00030397552437378935, 3.340234600000258
3289.7385474046614, 0.00030397552437378935, 3.3407028999999966
3289.7385474046614, 0.00030397552437378935, 3.341175900000053
3289.7385474046614, 0.00030397552437378935, 3.341642899999897
3289.7385474046614, 0.00030397552437378935, 3.342114400000355
3289.7385474046614, 0.00030397552437378935, 3.34258090000003
3289.7385474046614, 0.00030397552437378935, 3.343054800000573
3289.7385474046614, 0.00030397552437378935, 3.3435239000000365
3289.7385474046614, 0.00030397552437378935, 3.3439932999999655
3289.7385474046614, 0.00030397552437378935, 3.3444620999998733
3289.7385474046614, 0.00030397552437378935, 3.344934800000374
3289.7385474046614, 0.00030397552437378935, 3.3454030000002604
3289.7385474046614, 0.00030397552437378935, 3.3458701999998084
3289.7385474046614, 0.00030397552437378935, 3.3463432999997167
3289.7385474046614, 0.00030397552437378935, 3.346812300000238
3289.7385474046614, 0.00030397552437378935, 3.3473398000005545
3289.7385474046614, 0.00030397552437378935, 3.3478156000001036
3289.7385474046614, 0.00030397552437378935, 3.3483264000005875
3289.7385474046614, 0.00030397552437378935, 3.34878050000043
3289.7385474046614, 0.00030397552437378935, 3.3492378000000826
3289.7385474046614, 0.00030397552437378935, 3.3496948000001794
3289.7385474046614, 0.00030397552437378935, 3.3501611000001503
3289.7385474046614, 0.00030397552437378935, 3.350621499999761
3289.7385474046614, 0.00030397552437378935, 3.3510778999998365
3289.7385474046614, 0.00030397552437378935, 3.351539100000082
3289.7385474046614, 0.00030397552437378935, 3.351995799999713
3289.7385474046614, 0.00030397552437378935, 3.352452400000402
3289.7385474046614, 0.00030397552437378935, 3.352912700000161
3289.7385474046614, 0.00030397552437378935, 3.3533722000001944
3289.7385474046614, 0.00030397552437378935, 3.353829499999847
3289.7385474046614, 0.00030397552437378935, 3.3542850000003455
3289.7385474046614, 0.00030397552437378935, 3.354744400000527
3289.7385474046614, 0.00030397552437378935, 3.355208500000117
3289.7385474046614, 0.0003032766702987715, 3.3556667000002562
3289.7385474046614, 0.00030397552437378935, 3.356124400000226
3289.7385474046614, 0.00030397552437378935, 3.3565807000004497
3289.7385474046614, 0.00030397552437378935, 3.3570424999998068
3289.7385474046614, 0.00030397552437378935, 3.357498299999861
3289.7385474046614, 0.00030397552437378935, 3.357953599999746
3289.7385474046614, 0.00030397552437378935, 3.358413400000245
3289.7385474046614, 0.00030397552437378935, 3.35887030000049
3289.7385474046614, 0.00030397552437378935, 3.359325500000523
3289.7385474046614, 0.00030397552437378935, 3.3597798000000694
3289.7385474046614, 0.00030397552437378935, 3.360239900000124
3289.7385474046614, 0.00030397552437378935, 3.3606964999999036
3289.7385474046614, 0.00030397552437378935, 3.3611570000002757
3289.7385474046614, 0.00030397552437378935, 3.361613600000055
3289.7385474046614, 0.00030397552437378935, 3.362073400000554
3289.7385474046614, 0.00030397552437378935, 3.362577500000043
3289.7385474046614, 0.00030397552437378935, 3.3633614999998827
3289.7385474046614, 0.00030397552437378935, 3.3641372000001866
3289.7385474046614, 0.00030397552437378935, 3.3649655999997776
3289.7385474046614, 0.00030397552437378935, 3.36543200000051
3289.7385474046614, 0.00030397552437378935, 3.365893899999719
3289.7385474046614, 0.00030397552437378935, 3.366353899999922
3289.7385474046614, 0.00030397552437378935, 3.3668188999999984
3289.7385474046614, 0.00030397552437378935, 3.3672801000002437
3289.7385474046614, 0.00030397552437378935, 3.3677385999999387
3289.7385474046614, 0.00030397552437378935, 3.36819689999993
3289.7385474046614, 0.00030397552437378935, 3.368660799999816
3289.7385474046614, 0.00030397552437378935, 3.3691232999999556
3289.7385474046614, 0.00030397552437378935, 3.369584500000201
3289.7385474046614, 0.00030397552437378935, 3.3700470000003406
3289.7385474046614, 0.00030397552437378935, 3.3705095000004803
3289.7385474046614, 0.00030397552437378935, 3.3709687000000486
3289.7385474046614, 0.00030397552437378935, 3.3714264000000185
3289.7385474046614, 0.00030397552437378935, 3.37188740000056
3289.7385474046614, 0.00030397552437378935, 3.3723447000002125
3289.7385474046614, 0.00030397552437378935, 3.372801299999992
3289.7385474046614, 0.00030397552437378935, 3.373259500000131
3289.7385474046614, 0.00030397552437378935, 3.373720200000207
3289.7385474046614, 0.00030397552437378935, 3.3741774000000078
3289.7385474046614, 0.00030397552437378935, 3.374633200000062
3289.7385474046614, 0.00030397552437378935, 3.3750926000002437
3289.7385474046614, 0.00030397552437378935, 3.3755505999997695
3289.7385474046614, 0.00030397552437378935, 3.376007099999697
3289.7385474046614, 0.00030397552437378935, 3.37646390000009
3289.7385474046614, 0.00030397552437378935, 3.3769217999997636
3289.7385474046614, 0.00030397552437378935, 3.3773808000005374
3289.7385474046614, 0.00030397552437378935, 3.3778387000002112
3289.7385474046614, 0.00030397552437378935, 3.3783116000004156
3289.7385474046614, 0.00030397552437378935, 3.3791939000002458
3289.7385474046614, 0.00030397552437378935, 3.3796540000003006
3289.7385474046614, 0.00030397552437378935, 3.3801174999998693
3289.7385474046614, 0.00030393090492760307, 3.380574300000262
3289.7385474046614, 0.00030397552437378935, 3.3810361000005287
3289.7385474046614, 0.00030397552437378935, 3.38149440000052
3289.7385474046614, 0.00030397552437378935, 3.381951399999707
3289.7385474046614, 0.00030397552437378935, 3.3824129000004177
3289.7385474046614, 0.00030397552437378935, 3.382868700000472
3289.7385474046614, 0.00030397552437378935, 3.3833278000001883
3289.7385474046614, 0.00030397552437378935, 3.3837890000004336
3289.7385474046614, 0.00030242108610583815, 3.384251200000108
3289.7385474046614, 0.00030397552437378935, 3.38470899999993
3289.7385474046614, 0.00030397552437378935, 3.385164299999815
3289.7385474046614, 0.00030397552437378935, 3.385627999999997
3289.7385474046614, 0.00030397552437378935, 3.386088700000073
3289.7385474046614, 0.00030397552437378935, 3.3865476000000854
3289.7385474046614, 0.00030397552437378935, 3.3870053999999072
3289.7385474046614, 0.00030397552437378935, 3.3874660000001313
3289.7385474046614, 0.00030397552437378935, 3.3879235000003973
3289.7385474046614, 0.00030397552437378935, 3.3883787000004304
3289.7385474046614, 0.00030397552437378935, 3.3888379999998506
3289.7385474046614, 0.00030397552437378935, 3.3892972000003283
3289.7385474046614, 0.00030397552437378935, 3.3897558999997273
3289.7385474046614, 0.00030397552437378935, 3.3902131000004374
3289.7385474046614, 0.00030397552437378935, 3.390668099999857
3289.7385474046614, 0.00030397552437378935, 3.391131800000039
3289.7385474046614, 0.00030397552437378935, 3.3915933999996923
3289.7385474046614, 0.00030397552437378935, 3.3920476000002964
3289.7385474046614, 0.00030397552437378935, 3.392512600000373
3289.7385474046614, 0.00030397552437378935, 3.39297119999992
3289.7385474046614, 0.00030397552437378935, 3.393428600000334
3289.7385474046614, 0.00030397552437378935, 3.393887799999902
3289.7385474046614, 0.00030397552437378935, 3.3947010000001683
3289.7385474046614, 0.00030397552437378935, 3.395161399999779
3289.7385474046614, 0.00030397552437378935, 3.3956171999998332
3289.7385474046614, 0.00030397552437378935, 3.3960775000005015
3289.7385474046614, 0.00030397552437378935, 3.396537000000535
3289.7385474046614, 0.00030397552437378935, 3.396992200000568
3289.7385474046614, 0.00030397552437378935, 3.3975878999999622
3289.7385474046614, 0.00030397552437378935, 3.3980656000003364
3289.7385474046614, 0.00030253158999349696, 3.3985327000000325
3289.7385474046614, 0.00030397552437378935, 3.398989899999833
3289.7385474046614, 0.00030397552437378935, 3.399445099999866
3289.7385474046614, 0.00030397552437378935, 3.3999037000003227
3289.7385474046614, 0.00030397552437378935, 3.400359400000525
3289.7385474046614, 0.00030397552437378935, 3.4008165000004738
3289.7385474046614, 0.00030397552437378935, 3.40127560000019
3289.7385474046614, 0.00030397552437378935, 3.401736200000414
3289.7385474046614, 0.00030397552437378935, 3.4021934000002148
3289.7385474046614, 0.00030397552437378935, 3.4026487999999517
3289.7385474046614, 0.00030397552437378935, 3.403128800000559
3289.7385474046614, 0.00030397552437378935, 3.403705599999739
3289.7385474046614, 0.00030397552437378935, 3.4041770000003453
3289.7385474046614, 0.00030397552437378935, 3.4046355000000403
3289.7385474046614, 0.00030397552437378935, 3.405095500000243
3289.7385474046614, 0.00030397552437378935, 3.4055539999999382
3289.7385474046614, 0.00030397552437378935, 3.406015700000353
3289.7385474046614, 0.0003035004269160302, 3.406474500000513
3289.7385474046614, 0.00030397552437378935, 3.406935300000441
3289.7385474046614, 0.00030397552437378935, 3.407390700000178
3289.7385474046614, 0.00030397552437378935, 3.4078463000005286
3289.7385474046614, 0.00030397552437378935, 3.408302800000456
3289.7385474046614, 0.00030397552437378935, 3.408761599999707
3289.7385474046614, 0.00030397552437378935, 3.4092145000004166
3289.7385474046614, 0.00030397552437378935, 3.409750700000586
3289.7385474046614, 0.00030397552437378935, 3.410210900000493
3289.7385474046614, 0.00030397552437378935, 3.410675500000252
3289.7385474046614, 0.00030397552437378935, 3.4111312000004546
3289.7385474046614, 0.00030397552437378935, 3.4115864000004876
3289.7385474046614, 0.00030397552437378935, 3.412046200000077
3289.7385474046614, 0.00030397552437378935, 3.412500800000089
3289.7385474046614, 0.00030397552437378935, 3.4129580999997415
3289.7385474046614, 0.00030397552437378935, 3.413411300000007
3289.7385474046614, 0.00030397552437378935, 3.4138703999997233
3289.7385474046614, 0.00030397552437378935, 3.414326400000391
3289.7385474046614, 0.00030397552437378935, 3.4147831999998743
3289.7385474046614, 0.00030397552437378935, 3.4152412000003096
3289.7385474046614, 0.00030397552437378935, 3.4156964000003427
3289.7385474046614, 0.00030397552437378935, 3.4161512000000585
3289.7385474046614, 0.00030397552437378935, 3.416607600000134
3289.7385474046614, 0.00030397552437378935, 3.4170699000005698
3289.7385474046614, 0.00030397552437378935, 3.4175270000005185
3289.7385474046614, 0.00030397552437378935, 3.4179831000001286
3289.7385474046614, 0.00030397552437378935, 3.4184374000005846
3289.7385474046614, 0.00030397552437378935, 3.4188991000000897
3289.7385474046614, 0.00030397552437378935, 3.419355699999869
3289.7385474046614, 0.00030397552437378935, 3.419807899999796
3289.7385474046614, 0.00030397552437378935, 3.420270900000105
3289.7385474046614, 0.0003036948755130315, 3.4207303000002867
3289.7385474046614, 0.00030397552437378935, 3.421186399999897
3289.7385474046614, 0.00030397552437378935, 3.4216440999998667
3289.7385474046614, 0.00030397552437378935, 3.422099899999921
3289.7385474046614, 0.00030397552437378935, 3.4225594999998066
3289.7385474046614, 0.00030397552437378935, 3.4230194000001575
3289.7385474046614, 0.00030397552437378935, 3.423475700000381
3289.7385474046614, 0.00030397552437378935, 3.4239728000002287
3289.7385474046614, 0.00030397552437378935, 3.424436500000411
3289.7385474046614, 0.00030397552437378935, 3.4248959000005925
3289.7385474046614, 0.00030397552437378935, 3.42542930000036
3289.7385474046614, 0.00030397552437378935, 3.4258922999997594
3289.7385474046614, 0.00030397552437378935, 3.4264571000003343
3289.7385474046614, 0.00030397552437378935, 3.4269241000001784
3289.7385474046614, 0.00030397552437378935, 3.4273880999999164
3289.7385474046614, 0.00030397552437378935, 3.4278479000004154
3289.7385474046614, 0.00030397552437378935, 3.428325099999711
3289.7385474046614, 0.00030397552437378935, 3.428868400000283
3289.7385474046614, 0.00030397552437378935, 3.4293273000002955
3289.7385474046614, 0.00030397552437378935, 3.4297843000003922
3289.7385474046614, 0.00030397552437378935, 3.4302401000004465
3289.7385474046614, 0.00030397552437378935, 3.4306954000003316
3289.7385474046614, 0.00030397552437378935, 3.431154400000196
3289.7385474046614, 0.00030397552437378935, 3.431615700000293
3289.7385474046614, 0.00030397552437378935, 3.4320754000000306
3289.7385474046614, 0.00030397552437378935, 3.4325352000005296
3289.7385474046614, 0.00030397552437378935, 3.432989599999928
3289.7385474046614, 0.00030397552437378935, 3.4334459000001516
3289.7385474046614, 0.00030397552437378935, 3.4339067999999315
3289.7385474046614, 0.00030319631291475193, 3.4343669999998383
3289.7385474046614, 0.00030319631291475193, 3.4348245000001043
3289.7385474046614, 0.00030397552437378935, 3.435280700000476
3289.7385474046614, 0.00030397552437378935, 3.4357348000003185
3289.7385474046614, 0.00030397552437378935, 3.4361942000005
3289.7385474046614, 0.00030397552437378935, 3.43673360000048
3289.7385474046614, 0.00030397552437378935, 3.4371891999999207
3289.7385474046614, 0.00030397552437378935, 3.4376467000001867
3289.7385474046614, 0.00030397552437378935, 3.4381037000002834
3289.7385474046614, 0.00030397552437378935, 3.4386733999999706
3289.7385474046614, 0.00030397552437378935, 3.4391304999999193
3289.7385474046614, 0.00030397552437378935, 3.4395912999998473
3289.7385474046614, 0.00030397552437378935, 3.440054300000156
3289.7385474046614, 0.0003026421746663476, 3.440512099999978
3289.7385474046614, 0.00030397552437378935, 3.4409680999997363
3289.7385474046614, 0.00030397552437378935, 3.4414268999998967
3289.7385474046614, 0.00030397552437378935, 3.4418813000002046
3289.7385474046614, 0.00030397552437378935, 3.442337999999836
3289.7385474046614, 0.00030397552437378935, 3.4427958000005674
3289.7385474046614, 0.00030397552437378935, 3.4432519000001776
3289.7385474046614, 0.00030397552437378935, 3.4437079999997877
3289.7385474046614, 0.00030397552437378935, 3.444163500000286
3289.7385474046614, 0.00030397552437378935, 3.4446256000001085
3289.7385474046614, 0.00030397552437378935, 3.4450870999999097
3289.7385474046614, 0.00030397552437378935, 3.4455470000002606
3289.7385474046614, 0.00030397552437378935, 3.4460022000002937
3289.7385474046614, 0.00030397552437378935, 3.446461399999862
3289.7385474046614, 0.00030397552437378935, 3.447214800000438
3289.7385474046614, 0.00030397552437378935, 3.4482263999998395
3289.7385474046614, 0.00030397552437378935, 3.448990099999719
3289.7385474046614, 0.00030397552437378935, 3.4494716999997763
3289.7385474046614, 0.00030397552437378935, 3.449945299999854
3289.7385474046614, 0.00030397552437378935, 3.450417000000016
3289.7385474046614, 0.00030397552437378935, 3.450889400000051
3289.7385474046614, 0.00030397552437378935, 3.451358600000276
3289.7385474046614, 0.00030397552437378935, 3.451859499999955
3289.7385474046614, 0.00030397552437378935, 3.4523356999998214
3289.7385474046614, 0.00030397552437378935, 3.4527986000002784
3289.7385474046614, 0.00030397552437378935, 3.453258800000185
3289.7385474046614, 0.00030397552437378935, 3.453716300000451
3289.7385474046614, 0.00030397552437378935, 3.454176799999914
3289.7385474046614, 0.00030397552437378935, 3.4546331000001373
3289.7385474046614, 0.00030397552437378935, 3.455095700000129
3289.7385474046614, 0.00030397552437378935, 3.4555516000000353
3289.7385474046614, 0.00030397552437378935, 3.4560128000002805
3289.7385474046614, 0.00030397552437378935, 3.456466000000546
3289.7385474046614, 0.00030397552437378935, 3.4570291999998517
3289.7385474046614, 0.00030397552437378935, 3.4574924999997165
3289.7385474046614, 0.00030397552437378935, 3.4579524000000674
3289.7385474046614, 0.00030397552437378935, 3.4584076999999525
3289.7385474046614, 0.00030397552437378935, 3.458941500000037
3289.7385474046614, 0.00030397552437378935, 3.459432200000265
3289.7385474046614, 0.00030397552437378935, 3.45989069999996
3289.7385474046614, 0.00030397552437378935, 3.460346699999718
3289.7385474046614, 0.00030397552437378935, 3.4608022000002165
3289.7385474046614, 0.00030397552437378935, 3.461264399999891
3289.7385474046614, 0.00030397552437378935, 3.461721900000157
3289.7385474046614, 0.00030397552437378935, 3.4621757000004436
3289.7385474046614, 0.00030397552437378935, 3.462633900000583
3289.7385474046614, 0.00030397552437378935, 3.463090299999749
3289.7385474046614, 0.00030397552437378935, 3.463550000000396
3289.7385474046614, 0.00030397552437378935, 3.464008800000556
3289.7385474046614, 0.00030397552437378935, 3.464476099999956
3289.7385474046614, 0.00030397552437378935, 3.464933700000074
3289.7385474046614, 0.00030397552437378935, 3.465390800000023
3289.7385474046614, 0.00030397552437378935, 3.465851300000395
3289.7385474046614, 0.00030397552437378935, 3.466317600000366
3289.7385474046614, 0.0003030560647901121, 3.4667764000005263
3289.7385474046614, 0.00030397552437378935, 3.467439699999886
3289.7385474046614, 0.00030397552437378935, 3.4682018000003154
3289.7385474046614, 0.00030397552437378935, 3.4686633999999685
3289.7385474046614, 0.00030397552437378935, 3.4692282000005434
3289.7385474046614, 0.00030397552437378935, 3.4696874999999636
3289.7385474046614, 0.00030397552437378935, 3.4701482999998916
3289.7385474046614, 0.00030397552437378935, 3.4706074000005174
3289.7385474046614, 0.00030397552437378935, 3.47106150000036
3289.7385474046614, 0.00030397552437378935, 3.4715249000000767
3289.7385474046614, 0.00030397552437378935, 3.4719867000003433
3289.7385474046614, 0.00030397552437378935, 3.4724475000002712
3289.7385474046614, 0.00030397552437378935, 3.4729032000004736
3289.7385474046614, 0.00030397552437378935, 3.473362900000211
3289.7385474046614, 0.00030397552437378935, 3.473818299999948
3289.7385474046614, 0.00030397552437378935, 3.4742787000004682
3289.7385474046614, 0.00030397552437378935, 3.474738200000502
3289.7385474046614, 0.00030397552437378935, 3.4751978000003874
3289.7385474046614, 0.00030397552437378935, 3.4756531000002724
3289.7385474046614, 0.00030397552437378935, 3.476110100000369
3289.7385474046614, 0.00030397552437378935, 3.476567900000191
3289.7385474046614, 0.00030397552437378935, 3.477031000000352
3289.7385474046614, 0.00030397552437378935, 3.4776056999999128
3289.7385474046614, 0.00030397552437378935, 3.4780627999998615
3289.7385474046614, 0.00030397552437378935, 3.478527500000382
3289.7385474046614, 0.00030397552437378935, 3.4789865000002465
3289.7385474046614, 0.00030397552437378935, 3.4795467000003555
3289.7385474046614, 0.00030397552437378935, 3.4800069000002622
3289.7385474046614, 0.00030397552437378935, 3.4804629000000205
3289.7385474046614, 0.00030397552437378935, 3.480927700000393
3289.7385474046614, 0.00030397552437378935, 3.4813869999998133
3289.7385474046614, 0.00030397552437378935, 3.4818457999999737
3289.7385474046614, 0.00030397552437378935, 3.4823028999999224
3289.7385474046614, 0.00030397552437378935, 3.4827581999998074
3289.7385474046614, 0.00030397552437378935, 3.4832204000003912
3289.7385474046614, 0.00030397552437378935, 3.4836801999999807
3289.7385474046614, 0.00030363491012385557, 3.48413679999976
3289.7385474046614, 0.00030397552437378935, 3.4845922000004066
3289.7385474046614, 0.00030397552437378935, 3.4850508999998056
3289.7385474046614, 0.00030397552437378935, 3.4855397999999695
3289.7385474046614, 0.00030397552437378935, 3.4860005999998975
3289.7385474046614, 0.00030397552437378935, 3.486463199999889
3289.7385474046614, 0.00030397552437378935, 3.486923399999796
3289.7385474046614, 0.00030397552437378935, 3.48746089999986
3289.7385474046614, 0.00030397552437378935, 3.488382999999885
3289.7385474046614, 0.00030397552437378935, 3.489149300000463
3289.7385474046614, 0.00030397552437378935, 3.4898487000000387
3289.7385474046614, 0.00030397552437378935, 3.490317800000412
3289.7385474046614, 0.00030397552437378935, 3.4907803000005515
3289.7385474046614, 0.00030397552437378935, 3.4912444000001415
3289.7385474046614, 0.00030397552437378935, 3.4917026000002807
3289.7385474046614, 0.00030397552437378935, 3.4921620000004623
3289.7385474046614, 0.00030397552437378935, 3.4926229000002422
3289.7385474046614, 0.00030397552437378935, 3.493080700000064
3289.7385474046614, 0.00030397552437378935, 3.4935365999999703
3289.7385474046614, 0.00030397552437378935, 3.4940025000005335
3289.7385474046614, 0.00030397552437378935, 3.4944604000002073
3289.7385474046614, 0.00030397552437378935, 3.494917500000156
3289.7385474046614, 0.00030397552437378935, 3.495375200000126
3289.7385474046614, 0.00030397552437378935, 3.4958352000003288
3289.7385474046614, 0.00030397552437378935, 3.4962924999999814
3289.7385474046614, 0.00030397552437378935, 3.496748600000501
3289.7385474046614, 0.00030397552437378935, 3.4972085999997944
3289.7385474046614, 0.00030397552437378935, 3.4977515000000494
3289.7385474046614, 0.00030397552437378935, 3.4982092000000193
3289.7385474046614, 0.00030397552437378935, 3.498667099999693
3289.7385474046614, 0.00030397552437378935, 3.4991305000003194
3289.7385474046614, 0.00030397552437378935, 3.499587899999824
3289.7385474046614, 0.00030397552437378935, 3.500246000000516
3289.7385474046614, 0.00030397552437378935, 3.5007580000001326
3289.7385474046614, 0.00030397552437378935, 3.50121769999987
3289.7385474046614, 0.00030397552437378935, 3.5016763000003266
3289.7385474046614, 0.00030397552437378935, 3.5021346000003177
3289.7385474046614, 0.00030397552437378935, 3.5025947000003725
3289.7385474046614, 0.00030397552437378935, 3.5030468000004475
3289.7385474046614, 0.00030397552437378935, 3.503502700000354
3289.7385474046614, 0.00030397552437378935, 3.5039591000004293
3289.7385474046614, 0.00030397552437378935, 3.504420199999913
3289.7385474046614, 0.00030397552437378935, 3.5048765999999887
3289.7385474046614, 0.00030397552437378935, 3.505332300000191
3289.7385474046614, 0.00030397552437378935, 3.505785299999843
3289.7385474046614, 0.00030397552437378935, 3.506245200000194
3289.7385474046614, 0.00030397552437378935, 3.5067023999999947
3289.7385474046614, 0.00030397552437378935, 3.5071567000004507
3289.7385474046614, 0.00030397552437378935, 3.507616400000188
3289.7385474046614, 0.00030397552437378935, 3.508335600000464
3289.7385474046614, 0.00030397552437378935, 3.509169099999781
3289.7385474046614, 0.00030397552437378935, 3.5098248000003878
3289.7385474046614, 0.00030397552437378935, 3.5104191000000355
3289.7385474046614, 0.00030397552437378935, 3.5109535999999935
3289.7385474046614, 0.00030397552437378935, 3.5114339000001564
3289.7385474046614, 0.00030397552437378935, 3.5119071999997686
3289.7385474046614, 0.00030397552437378935, 3.512362200000098
3289.7385474046614, 0.00030397552437378935, 3.512854999999945
3289.7385474046614, 0.00030397552437378935, 3.5133104000005915
3289.7385474046614, 0.00030397552437378935, 3.5138059999999314
3289.7385474046614, 0.00030397552437378935, 3.5142611999999644
3289.7385474046614, 0.00030397552437378935, 3.5150407999999516
3289.7385474046614, 0.00030397552437378935, 3.515534799999841
3289.7385474046614, 0.00030397552437378935, 3.515997399999833
3289.7385474046614, 0.00030397552437378935, 3.5164881000000605
3289.7385474046614, 0.00030397552437378935, 3.516944599999988
3289.7385474046614, 0.00030397552437378935, 3.517445999999836
3289.7385474046614, 0.00030397552437378935, 3.5179041999999754
3289.7385474046614, 0.00030397552437378935, 3.518361399999776
3289.7385474046614, 0.00030397552437378935, 3.518888700000389
3289.7385474046614, 0.00030397552437378935, 3.519346900000528
3289.7385474046614, 0.00030397552437378935, 3.519842200000312
3289.7385474046614, 0.00030397552437378935, 3.52029820000007
3289.7385474046614, 0.00030397552437378935, 3.5208291999997527
3289.7385474046614, 0.00030397552437378935, 3.5212915000001885
3289.7385474046614, 0.00030397552437378935, 3.5217985999997836
3289.7385474046614, 0.00030397552437378935, 3.522256700000071
3289.7385474046614, 0.00030397552437378935, 3.5227504000004046
3289.7385474046614, 0.00030397552437378935, 3.5232080000005226
3289.7385474046614, 0.00030397552437378935, 3.5238024999998743
3289.7385474046614, 0.00030397552437378935, 3.5243457000005947
3289.7385474046614, 0.00030397552437378935, 3.524880099999791
3289.7385474046614, 0.00030397552437378935, 3.5254495999997744
3289.7385474046614, 0.00030397552437378935, 3.5260588999999527
3289.7385474046614, 0.00030397552437378935, 3.526670899999772
3289.7385474046614, 0.00030397552437378935, 3.5273142000005464
3289.7385474046614, 0.00030397552437378935, 3.527864900000168
3289.7385474046614, 0.00030397552437378935, 3.5283251999999266
3289.7385474046614, 0.00030397552437378935, 3.5288533000002644
3289.7385474046614, 0.00030397552437378935, 3.529310500000065
3289.7385474046614, 0.00030397552437378935, 3.5298032000000603
3289.7385474046614, 0.00030397552437378935, 3.5302584999999453
3289.7385474046614, 0.00030397552437378935, 3.5307842000001983
3289.7385474046614, 0.00030397552437378935, 3.5313476000001174
3289.7385474046614, 0.00030397552437378935, 3.532009300000027
3289.7385474046614, 0.00030397552437378935, 3.5325191000001723
3289.7385474046614, 0.00030397552437378935, 3.532976899999994
3289.7385474046614, 0.00030397552437378935, 3.5334670000002006
3289.7385474046614, 0.00030397552437378935, 3.5339264000003823
3289.7385474046614, 0.00030397552437378935, 3.5344251000005897
3289.7385474046614, 0.00030397552437378935, 3.5348825999999463
3289.7385474046614, 0.00030397552437378935, 3.5353640000002997
3289.7385474046614, 0.00030397552437378935, 3.535830700000588
3289.7385474046614, 0.00030397552437378935, 3.5362912999999025
3289.7385474046614, 0.00030397552437378935, 3.536792500000047
3289.7385474046614, 0.00030397552437378935, 3.537258500000462
3289.7385474046614, 0.0003037110626467024, 3.537751599999865
3289.7385474046614, 0.00030397552437378935, 3.5382073999999193
3289.7385474046614, 0.00030397552437378935, 3.5387338000000454
3289.7385474046614, 0.00030397552437378935, 3.539194099999804
3289.7385474046614, 0.00030397552437378935, 3.5398401000002195
3289.7385474046614, 0.00030397552437378935, 3.5404542000005677
3289.7385474046614, 0.00030397552437378935, 3.5409145000003264
3289.7385474046614, 0.00030397552437378935, 3.5414529999998194
3289.7385474046614, 0.00030397552437378935, 3.541948600000069
3289.7385474046614, 0.00030397552437378935, 3.5424424000002546
3289.7385474046614, 0.00030397552437378935, 3.543240799999694
3289.7385474046614, 0.00030397552437378935, 3.54384889999983
3289.7385474046614, 0.00030397552437378935, 3.5444721000003483
3289.7385474046614, 0.00030397552437378935, 3.545216000000437
3289.7385474046614, 0.00030397552437378935, 3.545710500000496
3289.7385474046614, 0.00030397552437378935, 3.5462139999999636
3289.7385474046614, 0.00030397552437378935, 3.5468074000000342
3289.7385474046614, 0.00030397552437378935, 3.547623000000385
3289.7385474046614, 0.00030397552437378935, 3.5481500000005326
3289.7385474046614, 0.00030397552437378935, 3.5486707999998544
3289.7385474046614, 0.00030397552437378935, 3.549148900000546
3289.7385474046614, 0.00030397552437378935, 3.5497149000002537
3289.7385474046614, 0.00030397552437378935, 3.5505135000003065
3289.7385474046614, 0.00030397552437378935, 3.5522196000001713
3289.7385474046614, 0.00030397552437378935, 3.5531986000005418
3289.7385474046614, 0.00030397552437378935, 3.5537365999998656
3289.7385474046614, 0.00030397552437378935, 3.5542553000004773
3289.7385474046614, 0.0003033152317477919, 3.554765099999713
3289.7385474046614, 0.00030397552437378935, 3.555226600000424
3289.7385474046614, 0.00030397552437378935, 3.5557748000001084
3289.7385474046614, 0.00030397552437378935, 3.5562424999998257
3289.7385474046614, 0.00030397552437378935, 3.5567386000002443
3289.7385474046614, 0.00030397552437378935, 3.557204200000342
3289.7385474046614, 0.00030397552437378935, 3.5577032999999574
3289.7385474046614, 0.00030397552437378935, 3.5581687000003512
3289.7385474046614, 0.00030397552437378935, 3.5586984000001394
3289.7385474046614, 0.00030397552437378935, 3.5591595000005327
3289.7385474046614, 0.00030397552437378935, 3.559660900000381
3289.7385474046614, 0.00030397552437378935, 3.560121700000309
3289.7385474046614, 0.00030397552437378935, 3.560648100000435
3289.7385474046614, 0.00030397552437378935, 3.561106799999834
3289.7385474046614, 0.00030397552437378935, 3.5616007999997237
3289.7385474046614, 0.00030397552437378935, 3.5620637000001807
3289.7385474046614, 0.0003035130181401519, 3.5625583000000915
3289.7385474046614, 0.00030397552437378935, 3.5630221000001256
3289.7385474046614, 0.00030397552437378935, 3.5635142000000997
3289.7385474046614, 0.00030397552437378935, 3.563970899999731
3289.7385474046614, 0.00030397552437378935, 3.5645057000001543
3289.7385474046614, 0.00030397552437378935, 3.5653594000004887
3289.7385474046614, 0.00030397552437378935, 3.566728100000546
3289.7385474046614, 0.00030397552437378935, 3.5677117000004728
3289.7385474046614, 0.00030397552437378935, 3.5681745000001683
3289.7385474046614, 0.00030397552437378935, 3.5687090000001263
3289.7385474046614, 0.00030397552437378935, 3.5691646000004766
3289.7385474046614, 0.00030397552437378935, 3.569658100000197
3289.7385474046614, 0.00030397552437378935, 3.5701183000001038
3289.7385474046614, 0.00030397552437378935, 3.5706464000004416
3289.7385474046614, 0.00030397552437378935, 3.5711099999998623
3289.7385474046614, 0.00030397552437378935, 3.5718744000005245
3289.7385474046614, 0.00030397552437378935, 3.572485499999857
3289.7385474046614, 0.00030397552437378935, 3.5729505999997855
3289.7385474046614, 0.00030397552437378935, 3.5734422000004997
3289.7385474046614, 0.00030397552437378935, 3.573902000000089
3289.7385474046614, 0.00030397552437378935, 3.5743913000005705
3289.7385474046614, 0.00030397552437378935, 3.574853400000393
3289.7385474046614, 0.00030397552437378935, 3.5753328000000693
3289.7385474046614, 0.00030397552437378935, 3.575812799999767
3289.7385474046614, 0.00030397552437378935, 3.576287400000183
3289.7385474046614, 0.00030397552437378935, 3.5767548000003444
3289.7385474046614, 0.00030397552437378935, 3.5772250999998505
3289.7385474046614, 0.00030397552437378935, 3.5777026000005208
3289.7385474046614, 0.00030397552437378935, 3.5781717999998364
3289.7385474046614, 0.00030397552437378935, 3.578682999999728
3289.7385474046614, 0.00030397552437378935, 3.579155399999763
3289.7385474046614, 0.00030397552437378935, 3.5796305000003485
3289.7385474046614, 0.00030397552437378935, 3.5801038999998127
3289.7385474046614, 0.00030397552437378935, 3.580610799999704
3289.7385474046614, 0.00030397552437378935, 3.5810793999999078
3289.7385474046614, 0.00030397552437378935, 3.581688199999917
3289.7385474046614, 0.00030397552437378935, 3.5824694000002637
3289.7385474046614, 0.00030397552437378935, 3.5829695000002175
3289.7385474046614, 0.0003037073570751428, 3.5834890000005544
3289.7385474046614, 0.00030397552437378935, 3.5839685000000827
3289.7385474046614, 0.00030397552437378935, 3.584481699999742
3289.7385474046614, 0.00030397552437378935, 3.5851031000001967
3289.7385474046614, 0.00030260809494332826, 3.585678200000075
3289.7385474046614, 0.00030397552437378935, 3.5863509000000704
3289.7385474046614, 0.00030397552437378935, 3.5869462999999087
3289.7385474046614, 0.00030397552437378935, 3.5875599000000875
3289.7385474046614, 0.00030397552437378935, 3.5880490999998074
3289.7385474046614, 0.00030397552437378935, 3.588582100000167
3289.7385474046614, 0.00030397552437378935, 3.58903890000056
3289.7385474046614, 0.00030397552437378935, 3.589528900000005
3289.7385474046614, 0.00030397552437378935, 3.589990200000102
3289.7385474046614, 0.00030397552437378935, 3.590519399999721
3289.7385474046614, 0.00030397552437378935, 3.590974200000346
3289.7385474046614, 0.00030397552437378935, 3.591469599999982
3289.7385474046614, 0.00030397552437378935, 3.5919315999999526
3289.7385474046614, 0.00030397552437378935, 3.592421899999863
3289.7385474046614, 0.00030397552437378935, 3.5928808999997273
3289.7385474046614, 0.00030397552437378935, 3.593377099999998
3289.7385474046614, 0.00030397552437378935, 3.5938365000001795
3289.7385474046614, 0.00030397552437378935, 3.594327100000555
3289.7385474046614, 0.00030397552437378935, 3.5947828999997
3289.7385474046614, 0.00030397552437378935, 3.595277100000203
3289.7385474046614, 0.00030397552437378935, 3.5957366000002366
3289.7385474046614, 0.00030397552437378935, 3.5962405999998737
3289.7385474046614, 0.00030397552437378935, 3.59670559999995
3289.7385474046614, 0.00030397552437378935, 3.5971662000001743
3289.7385474046614, 0.00030397552437378935, 3.597655300000042
3289.7385474046614, 0.00030397552437378935, 3.598356999999851
3289.7385474046614, 0.00030397552437378935, 3.5990883000004033
3289.7385474046614, 0.00030397552437378935, 3.599582100000589
3289.7385474046614, 0.00030397552437378935, 3.600038499999755
3289.7385474046614, 0.00030397552437378935, 3.600568099999691
3289.7385474046614, 0.00030397552437378935, 3.6010230000001684
3289.7385474046614, 0.00030397552437378935, 3.601513999999952
3289.7385474046614, 0.00030397552437378935, 3.6019702000003235
3289.7385474046614, 0.00030397552437378935, 3.6027131000000736
3289.7385474046614, 0.00030397552437378935, 3.603211000000556
3289.7385474046614, 0.00030397552437378935, 3.60367210000004
3289.7385474046614, 0.00030397552437378935, 3.6041308000003482
3289.7385474046614, 0.00030397552437378935, 3.6046250999997937
3289.7385474046614, 0.00030397552437378935, 3.6050826000000598
3289.7385474046614, 0.00030397552437378935, 3.6055732000004355
3289.7385474046614, 0.00030397552437378935, 3.606042100000195
3289.7385474046614, 0.00030397552437378935, 3.6065426000004663
3289.7385474046614, 0.00030397552437378935, 3.6069981999999072
3289.7385474046614, 0.00030397552437378935, 3.6075705000002927
3289.7385474046614, 0.00030397552437378935, 3.608085800000481
3289.7385474046614, 0.00030397552437378935, 3.6086169000000154
3289.7385474046614, 0.00030397552437378935, 3.6090747999996893
3289.7385474046614, 0.00030397552437378935, 3.609573900000214
3289.7385474046614, 0.00030397552437378935, 3.61003189999974
3289.7385474046614, 0.00030397552437378935, 3.610561299999972
3289.7385474046614, 0.00030397552437378935, 3.611021900000196
3289.7385474046614, 0.00030244617569818576, 3.611532200000511
3289.7385474046614, 0.00030397552437378935, 3.6119903999997405
3289.7385474046614, 0.00030397552437378935, 3.6124824999997145
3289.7385474046614, 0.00030397552437378935, 3.6129390000005515
3289.7385474046614, 0.00030397552437378935, 3.6134345999998914
3289.7385474046614, 0.00030397552437378935, 3.6138903000000937
3289.7385474046614, 0.00030397552437378935, 3.6143850999997085
3289.7385474046614, 0.00030397552437378935, 3.6150053999999727
3289.7385474046614, 0.00030397552437378935, 3.6155017999999473
3289.7385474046614, 0.00030397552437378935, 3.615958500000488
3289.7385474046614, 0.00030397552437378935, 3.6164515000000392
3289.7385474046614, 0.00030397552437378935, 3.616912399999819
3289.7385474046614, 0.00030397552437378935, 3.6174049000001105
3289.7385474046614, 0.00030397552437378935, 3.6178599000004397
3289.7385474046614, 0.00030397552437378935, 3.618379000000459
3289.7385474046614, 0.00030397552437378935, 3.618949700000485
3289.7385474046614, 0.00030397552437378935, 3.619465200000377
3289.7385474046614, 0.00030397552437378935, 3.6199212000001353
3289.7385474046614, 0.00030397552437378935, 3.6205010000003313
3289.7385474046614, 0.00030397552437378935, 3.6209682999997312
3289.7385474046614, 0.00030397552437378935, 3.6214655000003404
3289.7385474046614, 0.00030397552437378935, 3.6219268000004377
3289.7385474046614, 0.00030397552437378935, 3.6224239000002854
3289.7385474046614, 0.00030397552437378935, 3.622883600000023
3289.7385474046614, 0.00030397552437378935, 3.6234560000002602
3289.7385474046614, 0.00030397552437378935, 3.623955500000193
3289.7385474046614, 0.00030397552437378935, 3.624428199999784
3289.7385474046614, 0.00030397552437378935, 3.624906500000179
3289.7385474046614, 0.00030397552437378935, 3.6254699000000983
3289.7385474046614, 0.00030397552437378935, 3.6259624000003896
3289.7385474046614, 0.00030397552437378935, 3.6264802000005147
3289.7385474046614, 0.00030397552437378935, 3.62695580000036
3289.7385474046614, 0.00030397552437378935, 3.627468100000442
3289.7385474046614, 0.00030397552437378935, 3.62794329999997
3289.7385474046614, 0.00030397552437378935, 3.6284529000004113
3289.7385474046614, 0.00030397552437378935, 3.628931199999897
3289.7385474046614, 0.00030397552437378935, 3.629469500000596
3289.7385474046614, 0.00030397552437378935, 3.63000220000049
3289.7385474046614, 0.00030397552437378935, 3.630556699999943
3289.7385474046614, 0.00030397552437378935, 3.6311523000003945
3289.7385474046614, 0.00030397552437378935, 3.6316508999998405
3289.7385474046614, 0.00030397552437378935, 3.632155700000112
3289.7385474046614, 0.00030397552437378935, 3.6326747000002797
3289.7385474046614, 0.00030397552437378935, 3.633156200000485
3289.7385474046614, 0.00030397552437378935, 3.633631300000161
3289.7385474046614, 0.00030397552437378935, 3.634120499999881
3289.7385474046614, 0.00030397552437378935, 3.6345876000004864
3289.7385474046614, 0.00030397552437378935, 3.635051000000203
3289.7385474046614, 0.00030397552437378935, 3.6355107999997927
3289.7385474046614, 0.00030397552437378935, 3.6359769000000597
3289.7385474046614, 0.00030397552437378935, 3.6364344000003257
3289.7385474046614, 0.00030397552437378935, 3.636895800000275
3289.7385474046614, 0.00030397552437378935, 3.6373583000004146
3289.7385474046614, 0.00030397552437378935, 3.6378220000005967
3289.7385474046614, 0.00030397552437378935, 3.6383316999999806
3289.7385474046614, 0.00030397552437378935, 3.638907200000176
3289.7385474046614, 0.00030397552437378935, 3.6393802000002324
3289.7385474046614, 0.00030397552437378935, 3.6398416000001816
3289.7385474046614, 0.00030397552437378935, 3.6402986000002784
3289.7385474046614, 0.00030397552437378935, 3.6408674000003884
3289.7385474046614, 0.00030397552437378935, 3.6413342000005287
3289.7385474046614, 0.00030397552437378935, 3.6417952000001605
3289.7385474046614, 0.00030397552437378935, 3.642257900000004
3289.7385474046614, 0.00030397552437378935, 3.6427197000002707
3289.7385474046614, 0.00030397552437378935, 3.643277500000295
3289.7385474046614, 0.00030397552437378935, 3.644247799999903
3289.7385474046614, 0.00030397552437378935, 3.645166600000266
3289.7385474046614, 0.00030397552437378935, 3.6459615000003396
3289.7385474046614, 0.00030397552437378935, 3.6467572000001383
3289.7385474046614, 0.00030397552437378935, 3.6473658000004434
3289.7385474046614, 0.00030397552437378935, 3.6479463000005126
3289.7385474046614, 0.00030397552437378935, 3.6484439000005295
3289.7385474046614, 0.00030397552437378935, 3.6492944000001444
3289.7385474046614, 0.00030397552437378935, 3.649799100000564
3289.7385474046614, 0.00030397552437378935, 3.6503088999998
3289.7385474046614, 0.00030397552437378935, 3.6508161000001564
3289.7385474046614, 0.00030397552437378935, 3.6513292999998157
3289.7385474046614, 0.00030397552437378935, 3.65192449999995
3289.7385474046614, 0.00030397552437378935, 3.6524343000000954
3289.7385474046614, 0.00030397552437378935, 3.6529354000003877
3289.7385474046614, 0.00030397552437378935, 3.6534622999997737
3289.7385474046614, 0.00030397552437378935, 3.653977599999962
3289.7385474046614, 0.00030397552437378935, 3.6544841000004453
3289.7385474046614, 0.00030397552437378935, 3.6549712000005457
3289.7385474046614, 0.00030397552437378935, 3.655467100000351
3289.7385474046614, 0.00030397552437378935, 3.6559661000001142
3289.7385474046614, 0.00030397552437378935, 3.6565067000001363
3289.7385474046614, 0.00030397552437378935, 3.6569839000003412
3289.7385474046614, 0.00030397552437378935, 3.657493599999725
3289.7385474046614, 0.00030397552437378935, 3.657962899999802
3289.7385474046614, 0.00030397552437378935, 3.658465800000158
3289.7385474046614, 0.00030397552437378935, 3.658940000000257
3289.7385474046614, 0.00030397552437378935, 3.6594451000000845
3289.7385474046614, 0.00030397552437378935, 3.6599144000001615
3289.7385474046614, 0.00030397552437378935, 3.660416400000031
3289.7385474046614, 0.00030397552437378935, 3.6608900999999605
3289.7385474046614, 0.00030397552437378935, 3.661391900000126
3289.7385474046614, 0.00030397552437378935, 3.661861000000499
3289.7385474046614, 0.00030397552437378935, 3.6623657000000094
3289.7385474046614, 0.00030397552437378935, 3.662839499999791
3289.7385474046614, 0.0003023418692982432, 3.6633527000003596
3289.7385474046614, 0.00030397552437378935, 3.663829000000078
3289.7385474046614, 0.00030397552437378935, 3.664350000000013
3289.7385474046614, 0.00030397552437378935, 3.6650539000002027
3289.7385474046614, 0.00030397552437378935, 3.665571600000476
3289.7385474046614, 0.00030397552437378935, 3.6660468000000037
3289.7385474046614, 0.00030397552437378935, 3.666553400000339
3289.7385474046614, 0.00030397552437378935, 3.6670242000000144
3289.7385474046614, 0.00030397552437378935, 3.667565900000227
3289.7385474046614, 0.00030397552437378935, 3.6680424000005587
3289.7385474046614, 0.00030397552437378935, 3.668547000000217
3289.7385474046614, 0.00030397552437378935, 3.6690151000002516
3289.7385474046614, 0.00030397552437378935, 3.6695188000003327
3289.7385474046614, 0.00030397552437378935, 3.6699914999999237
3289.7385474046614, 0.00030397552437378935, 3.67049550000047
3289.7385474046614, 0.00030397552437378935, 3.6709701999998288
3289.7385474046614, 0.00030397552437378935, 3.671482200000355
3289.7385474046614, 0.00030397552437378935, 3.671951999999692
3289.7385474046614, 0.00030397552437378935, 3.672466400000303
3289.7385474046614, 0.00030397552437378935, 3.672939099999894
3289.145925582627, 0.00030403029315972463, 3.6734519999999975
3289.145925582627, 0.00030403029315972463, 3.6739236000003075
3289.145925582627, 0.00030403029315972463, 3.67442630000005
3289.145925582627, 0.00030403029315972463, 3.6748967000003177
3289.145925582627, 0.00030403029315972463, 3.6754077000005054
3289.145925582627, 0.00030403029315972463, 3.6758777000004557
3289.145925582627, 0.00030403029315972463, 3.6763808000005156
3289.145925582627, 0.00030403029315972463, 3.676849299999958
3289.145925582627, 0.00030403029315972463, 3.6773541000002297
3289.145925582627, 0.00030403029315972463, 3.6778282000004765
3289.145925582627, 0.00030403029315972463, 3.678331000000071
3289.145925582627, 0.00030403029315972463, 3.678797300000042
3289.145925582627, 0.00030403029315972463, 3.6793040000002293
3289.145925582627, 0.00030403029315972463, 3.679772800000137
3289.145925582627, 0.00030403029315972463, 3.680292400000326
3288.256992849577, 0.00030411248335350093, 3.680767200000446
3288.256992849577, 0.00030411248335350093, 3.6813123000001724
3288.256992849577, 0.00030411248335350093, 3.6817821000004187
3288.256992849577, 0.00030411248335350093, 3.682252900000094
3288.256992849577, 0.00030411248335350093, 3.6827252000002773
3288.256992849577, 0.00030411248335350093, 3.683193400000164
3288.256992849577, 0.00030411248335350093, 3.683664299999691
3288.256992849577, 0.00030411248335350093, 3.6841388000002553
3288.256992849577, 0.00030411248335350093, 3.6846120999998675
3288.256992849577, 0.00030411248335350093, 3.685083399999712
3288.256992849577, 0.00030411248335350093, 3.685551999999916
3288.256992849577, 0.00030411248335350093, 3.68602379999993
3288.256992849577, 0.00030411248335350093, 3.6864909000005355
3288.256992849577, 0.00030411248335350093, 3.687076100000013
3288.256992849577, 0.00030411248335350093, 3.6875560999997106
3288.256992849577, 0.00030411248335350093, 3.6880338000000847
3288.256992849577, 0.00030411248335350093, 3.6885075000000143
3288.256992849577, 0.00030411248335350093, 3.6889845000005153
3288.256992849577, 0.00030411248335350093, 3.689502899999752
3288.256992849577, 0.00030411248335350093, 3.689979900000253
3288.256992849577, 0.00030411248335350093, 3.6904543999999078
3288.256992849577, 0.00030411248335350093, 3.690926400000535
3288.256992849577, 0.00030411248335350093, 3.6914378000001307
3288.256992849577, 0.00030411248335350093, 3.6919070000003558
3288.256992849577, 0.00030411248335350093, 3.6923729999998613
3288.256992849577, 0.00030411248335350093, 3.6928413000005094
3288.256992849577, 0.00030403029315972463, 3.693316500000037
3288.256992849577, 0.00030397552437378935, 3.693787600000178
3288.256992849577, 0.00030403029315972463, 3.6942614999998113
3288.256992849577, 0.00030301005117280844, 3.6947325000001
3288.256992849577, 0.00030276310343908277, 3.69520410000041
3288.256992849577, 0.00030403029315972463, 3.6956710000004023
3288.256992849577, 0.00030411248335350093, 3.696142400000099
3288.256992849577, 0.00030411248335350093, 3.6966174999997747
3288.256992849577, 0.00030411248335350093, 3.6970852000004015
3288.256992849577, 0.00030411248335350093, 3.6975516000002244
3288.256992849577, 0.00030411248335350093, 3.6980507999996917
3288.256992849577, 0.00030411248335350093, 3.6985233000004882
3288.256992849577, 0.00030411248335350093, 3.6989972999999736
3288.256992849577, 0.00030411248335350093, 3.699608900000385
3288.256992849577, 0.00030411248335350093, 3.7005567000005612
3288.256992849577, 0.00030411248335350093, 3.701000000000022
3288.256992849577, 0.00030411248335350093, 3.701520900000105
3288.256992849577, 0.00030411248335350093, 3.702252199999748
3288.256992849577, 0.00030411248335350093, 3.7026863999999478
3288.256992849577, 0.00030411248335350093, 3.703122099999746
3288.256992849577, 0.00030411248335350093, 3.7035586000001786
3288.256992849577, 0.00030411248335350093, 3.7039910000003147
3288.256992849577, 0.00030411248335350093, 3.7044283000004725
3288.256992849577, 0.00030411248335350093, 3.704868300000271
3288.256992849577, 0.00030411248335350093, 3.705299400000513
3288.256992849577, 0.00030411248335350093, 3.705732999999782
3288.256992849577, 0.00030411248335350093, 3.706170700000257
3288.256992849577, 0.00030411248335350093, 3.706605000000309
3288.256992849577, 0.00030411248335350093, 3.7070394000002125
3288.256992849577, 0.00030411248335350093, 3.7074725000002218
3288.256992849577, 0.00030411248335350093, 3.7079067000004216
3288.256992849577, 0.00030411248335350093, 3.708337300000494
3288.256992849577, 0.00030411248335350093, 3.708767500000249
3288.256992849577, 0.00030411248335350093, 3.709197899999708
3288.256992849577, 0.00030411248335350093, 3.7096879999999146
3288.256992849577, 0.00030411248335350093, 3.7101677000000564
3288.256992849577, 0.00030411248335350093, 3.7105995000001712
3288.256992849577, 0.00030411248335350093, 3.7110311000005822
3288.256992849577, 0.00030411248335350093, 3.711463999999978
3288.256992849577, 0.00030411248335350093, 3.712003700000423
3288.256992849577, 0.00030411248335350093, 3.7124346000000514
3288.256992849577, 0.00030411248335350093, 3.712875299999723
3288.256992849577, 0.00030411248335350093, 3.71330560000024
3288.256992849577, 0.00030411248335350093, 3.713744300000144
3288.256992849577, 0.00030411248335350093, 3.7141771000005974
3288.256992849577, 0.00030411248335350093, 3.7146835000003193
3288.256992849577, 0.00030411248335350093, 3.715117700000519
3288.256992849577, 0.00030411248335350093, 3.715547300000253
3288.256992849577, 0.00030411248335350093, 3.715977699999712
3288.256992849577, 0.00030411248335350093, 3.7164103000004616
3288.256992849577, 0.00030411248335350093, 3.7168424999999843
3288.256992849577, 0.00030411248335350093, 3.717274200000247
3288.256992849577, 0.00030411248335350093, 3.7177081999998336
3288.256992849577, 0.00030411248335350093, 3.7181384000004982
3288.256992849577, 0.00030411248335350093, 3.7185687999999573
3288.256992849577, 0.00030411248335350093, 3.7189981000001353
3288.256992849577, 0.00030411248335350093, 3.719429499999933
3288.256992849577, 0.00030411248335350093, 3.7199429000002056
3288.256992849577, 0.00030411248335350093, 3.720809299999928
3288.256992849577, 0.00030411248335350093, 3.721530700000585
3288.256992849577, 0.00030411248335350093, 3.7222701999999117
3288.256992849577, 0.00030411248335350093, 3.722705799999858
3288.256992849577, 0.00030411248335350093, 3.723137300000417
3288.256992849577, 0.00030411248335350093, 3.723567600000024
3288.256992849577, 0.00030411248335350093, 3.7240005000003293
3288.256992849577, 0.00030411248335350093, 3.724432099999831
3288.256992849577, 0.00030411248335350093, 3.7248648000004323
3288.256992849577, 0.00030411248335350093, 3.725294699999722
3288.256992849577, 0.00030411248335350093, 3.725729599999795
3288.256992849577, 0.00030411248335350093, 3.726161999999931
3288.256992849577, 0.00030411248335350093, 3.7265919999999824
3288.256992849577, 0.00030411248335350093, 3.7270219000001816
3288.256992849577, 0.00030411248335350093, 3.727458299999853
3288.256992849577, 0.00030411248335350093, 3.7278941000004124
3288.256992849577, 0.00030411248335350093, 3.7283245999997234
3288.256992849577, 0.00030411248335350093, 3.728757900000346
3288.256992849577, 0.00030411248335350093, 3.7291940000004615
3288.256992849577, 0.00030411248335350093, 3.7296243000000686
3288.256992849577, 0.00030411248335350093, 3.7301446000001306
3288.256992849577, 0.00030411248335350093, 3.7305943000001207
3288.256992849577, 0.00030411248335350093, 3.731025000000045
3288.256992849577, 0.00030411248335350093, 3.7314563999998427
3288.256992849577, 0.00030411248335350093, 3.731890900000508
3288.256992849577, 0.00030411248335350093, 3.732407399999829
3288.256992849577, 0.00030411248335350093, 3.732838300000367
3288.256992849577, 0.00030411248335350093, 3.733270900000207
3288.256992849577, 0.00030411248335350093, 3.733700400000089
3288.256992849577, 0.00030411248335350093, 3.7341400000004796
3288.256992849577, 0.00030411248335350093, 3.734573400000045
3288.256992849577, 0.00030411248335350093, 3.735004199999821
3288.256992849577, 0.00030411248335350093, 3.735435000000507
3288.256992849577, 0.00030411248335350093, 3.7358725000003687
3288.256992849577, 0.00030411248335350093, 3.7363047999997434
3288.256992849577, 0.00030411248335350093, 3.7367394000002605
3288.256992849577, 0.00030411248335350093, 3.7371720999999525
3288.256992849577, 0.00030411248335350093, 3.737605400000575
3288.256992849577, 0.00030411248335350093, 3.7380371999997806
3288.256992849577, 0.00030411248335350093, 3.7384727999997267
3288.256992849577, 0.00030411248335350093, 3.738908100000117
3288.256992849577, 0.00030411248335350093, 3.7393391000005067
3288.256992849577, 0.00030411248335350093, 3.739769300000262
3288.256992849577, 0.00030411248335350093, 3.7402063999998063
3288.256992849577, 0.00030411248335350093, 3.741007100000388
3288.256992849577, 0.00030411248335350093, 3.741738200000327
3288.256992849577, 0.00030411248335350093, 3.7425608000003194
3288.256992849577, 0.00030411248335350093, 3.7429927000002863
3288.256992849577, 0.00030411248335350093, 3.7434315999998944
3288.256992849577, 0.00030411248335350093, 3.7438663000002634
3288.256992849577, 0.00030411248335350093, 3.7442986000005476
3288.256992849577, 0.00030411248335350093, 3.74472969999988
3288.256992849577, 0.00030411248335350093, 3.7451631000003545
3288.256992849577, 0.00030411248335350093, 3.7455951000001733
3288.256992849577, 0.00030411248335350093, 3.7460252999999284
3288.256992849577, 0.00030411248335350093, 3.746464200000446
3285.3923953919493, 0.0003043776449359862, 3.746896100000413
3285.3923953919493, 0.0003043776449359862, 3.7473311000003378
3285.3923953919493, 0.0003043776449359862, 3.747764200000347
3285.3923953919493, 0.0003043776449359862, 3.7481988999998066
3285.3923953919493, 0.0003043776449359862, 3.7486712999998417
3285.3923953919493, 0.0003043776449359862, 3.7491093999997247
3285.3923953919493, 0.0003043776449359862, 3.749545599999692
3285.3923953919493, 0.0003043776449359862, 3.749988200000189
3285.3923953919493, 0.0003043776449359862, 3.7505071000005046
3285.3923953919493, 0.0003043776449359862, 3.7509437999997317
3285.3923953919493, 0.0003043776449359862, 3.7513840000001437
3280.3793498411023, 0.000304842792053437, 3.7518205000005764
3280.3793498411023, 0.000304842792053437, 3.7522546000000148
3280.3793498411023, 0.000304842792053437, 3.7527915999999095
3280.3793498411023, 0.000304842792053437, 3.7532258000001093
3280.3793498411023, 0.000304842792053437, 3.7536613000002035
3280.3793498411023, 0.000304842792053437, 3.754095799999959
3280.3793498411023, 0.000304842792053437, 3.7545294000001377
3280.3793498411023, 0.000304842792053437, 3.7549662000001263
3280.3793498411023, 0.000304842792053437, 3.7553954000004524
3280.3793498411023, 0.000304842792053437, 3.7558261000003768
3280.3793498411023, 0.000304842792053437, 3.7562926000000516
3280.3793498411023, 0.000304842792053437, 3.7568723000003956
3280.3793498411023, 0.000304842792053437, 3.7573355000004085
3280.3793498411023, 0.000304842792053437, 3.7577676000000793
3280.3793498411023, 0.000304842792053437, 3.75819969999975
3280.3793498411023, 0.000304842792053437, 3.758631100000457
3280.3793498411023, 0.000304842792053437, 3.7590681000001496
3280.3793498411023, 0.000304842792053437, 3.759501000000455
3280.3793498411023, 0.000304842792053437, 3.75993600000038
3280.3793498411023, 0.000304842792053437, 3.7603681000000506
3280.3793498411023, 0.000304842792053437, 3.761077199999818
3280.3793498411023, 0.0003043776449359862, 3.761804900000243
3280.3793498411023, 0.000304842792053437, 3.7625152999999045
3280.3793498411023, 0.00030411248335350093, 3.763031200000114
3280.3793498411023, 0.000304842792053437, 3.763466100000187
3280.3793498411023, 0.000304842792053437, 3.763898799999879
3280.3793498411023, 0.000304842792053437, 3.7643336000001
3280.3793498411023, 0.000304842792053437, 3.7647727000003215
3280.3793498411023, 0.000304842792053437, 3.7652076000003945
3280.3793498411023, 0.000304842792053437, 3.765641300000425
3280.3793498411023, 0.000304842792053437, 3.7660774000005404
3280.3793498411023, 0.000304842792053437, 3.7665114999999787
3280.3793498411023, 0.000304842792053437, 3.7669449000004533
3280.3793498411023, 0.000304842792053437, 3.767379400000209
3280.3793498411023, 0.000304842792053437, 3.7678103999996893
3280.3793498411023, 0.000304842792053437, 3.7682424000004175
3280.3793498411023, 0.000304842792053437, 3.7686722999997073
3280.3793498411023, 0.000304842792053437, 3.769109699999717
3280.3793498411023, 0.000304842792053437, 3.76954300000034
3280.3793498411023, 0.000304842792053437, 3.7699748000004547
3280.3793498411023, 0.000304842792053437, 3.7704093000002104
3280.3793498411023, 0.000304842792053437, 3.7709467000004224
3280.3793498411023, 0.000304842792053437, 3.7713824000002205
3280.3793498411023, 0.000304842792053437, 3.771818799999892
3280.3793498411023, 0.000304842792053437, 3.7722562999997535
3280.3793498411023, 0.000304842792053437, 3.7726932000005036
3280.3793498411023, 0.0003030364756037377, 3.7732373999997435
3280.3793498411023, 0.000304842792053437, 3.7736729999996896
3280.3793498411023, 0.000304842792053437, 3.774111300000186
3280.3793498411023, 0.000304842792053437, 3.774544699999751
3280.3793498411023, 0.000304842792053437, 3.7749771999997392
3280.3793498411023, 0.000304842792053437, 3.775411399999939
3280.3793498411023, 0.000304842792053437, 3.7758441000005405
3280.3793498411023, 0.000304842792053437, 3.7762745999998515
3280.3793498411023, 0.000304842792053437, 3.7767063000001144
3280.3793498411023, 0.000304842792053437, 3.7771410000004835
3280.3793498411023, 0.000304842792053437, 3.7775761000002603
3280.3793498411023, 0.000304842792053437, 3.778009700000439
3280.3793498411023, 0.000304842792053437, 3.778441500000554
3280.3793498411023, 0.000304842792053437, 3.7788785000002463
3280.3793498411023, 0.000304842792053437, 3.779310599999917
3280.3793498411023, 0.000304842792053437, 3.7797428000003492
3280.3793498411023, 0.000304842792053437, 3.780185700000402
3280.3793498411023, 0.000304842792053437, 3.780622199999925
3280.3793498411023, 0.000304842792053437, 3.781223900000441
3280.3793498411023, 0.000304842792053437, 3.7819500000005064
3280.3793498411023, 0.000304842792053437, 3.7826727000001483
3280.3793498411023, 0.000304842792053437, 3.783215999999811
3280.3793498411023, 0.000304842792053437, 3.7836505000004763
3280.3793498411023, 0.000304842792053437, 3.7840868000002956
3280.3793498411023, 0.000304842792053437, 3.7845245999997132
3280.3793498411023, 0.000304842792053437, 3.7849627000005057
3280.3793498411023, 0.0003047877301716468, 3.785395200000494
3280.3793498411023, 0.000304842792053437, 3.7858272000003126
3280.3793498411023, 0.000304842792053437, 3.786260800000491
3280.3793498411023, 0.000304842792053437, 3.7866963000005853
3280.3793498411023, 0.0003039697847722699, 3.7871321000002354
3280.3793498411023, 0.000304842792053437, 3.7875684999999066
3280.3793498411023, 0.000304842792053437, 3.788004300000466
3280.3793498411023, 0.000304842792053437, 3.7884445999998206
3280.3793498411023, 0.000304842792053437, 3.788875000000189
3280.3793498411023, 0.000304842792053437, 3.789309100000537
3280.3793498411023, 0.000304842792053437, 3.7897453000005044
3280.3793498411023, 0.000304842792053437, 3.7901780000001963
3280.3793498411023, 0.000304842792053437, 3.7906162999997832
3280.3793498411023, 0.000304842792053437, 3.7911008999999467
3280.3793498411023, 0.000304842792053437, 3.791562200000044
3280.3793498411023, 0.000304842792053437, 3.7919953000000532
3280.3793498411023, 0.000304842792053437, 3.7924278000000413
3280.3793498411023, 0.000304842792053437, 3.792859099999987
3280.3793498411023, 0.000304842792053437, 3.793391799999881
3280.3793498411023, 0.000304842792053437, 3.793823400000292
3280.3793498411023, 0.000304842792053437, 3.794256099999984
3280.3793498411023, 0.000304842792053437, 3.7946888000005856
3280.3793498411023, 0.000304842792053437, 3.795122100000299
3280.3793498411023, 0.000304842792053437, 3.795552999999927
3280.3793498411023, 0.000304842792053437, 3.795990999999958
3280.3793498411023, 0.000304842792053437, 3.7964248999996926
3280.3793498411023, 0.000304842792053437, 3.796860999999808
3280.3793498411023, 0.000304842792053437, 3.7972967000005156
3280.3793498411023, 0.000304842792053437, 3.7977288000001863
3280.3793498411023, 0.000304842792053437, 3.798160899999857
3280.3793498411023, 0.000304842792053437, 3.798592300000564
3280.3793498411023, 0.000304842792053437, 3.799030600000151
3280.3793498411023, 0.000304842792053437, 3.7994650999999067
3280.3793498411023, 0.000304842792053437, 3.7999030000000857
3280.3793498411023, 0.000304842792053437, 3.800333000000137
3280.3793498411023, 0.000304842792053437, 3.800770200000443
3280.3793498411023, 0.000304842792053437, 3.801200699999754
3280.3793498411023, 0.000304842792053437, 3.802120399999694
3280.3793498411023, 0.000304842792053437, 3.8028454000004785
3280.3793498411023, 0.000304842792053437, 3.8036314000000857
3280.3793498411023, 0.000304842792053437, 3.8040657999999894
3280.3793498411023, 0.000304842792053437, 3.80449950000002
3280.3793498411023, 0.000304842792053437, 3.804932699999881
3280.3793498411023, 0.000304842792053437, 3.805367599999954
3280.3793498411023, 0.000304842792053437, 3.8057983999997305
3280.3793498411023, 0.000304842792053437, 3.8062314999997398
3280.3793498411023, 0.000304842792053437, 3.8066625999999815
3280.3793498411023, 0.000304842792053437, 3.8070973000003505
3280.3793498411023, 0.000304842792053437, 3.807530900000529
3280.3793498411023, 0.000304842792053437, 3.8079648000002635
3280.3793498411023, 0.000304842792053437, 3.808404100000189
3280.3793498411023, 0.000304842792053437, 3.808834399999796
3280.3793498411023, 0.000304842792053437, 3.8092698000000382
3280.3793498411023, 0.000304842792053437, 3.80973510000058
3280.3793498411023, 0.000304842792053437, 3.8101805000005697
3280.3793498411023, 0.000304842792053437, 3.810617199999797
3280.3793498411023, 0.000304842792053437, 3.8110530000003564
3280.3793498411023, 0.000304842792053437, 3.811573699999826
3280.3793498411023, 0.000304842792053437, 3.8120091999999204
3280.3793498411023, 0.000304842792053437, 3.812442899999951
3280.3793498411023, 0.000304842792053437, 3.81287440000051
3280.3793498411023, 0.000304842792053437, 3.8133114000002024
3280.3793498411023, 0.000304842792053437, 3.813847000000351
3280.3793498411023, 0.000304842792053437, 3.81427739999981
3280.3793498411023, 0.000304842792053437, 3.8147080999997343
3280.3793498411023, 0.000304842792053437, 3.815142000000378
3280.3793498411023, 0.000304842792053437, 3.815573800000493
3280.3793498411023, 0.000304842792053437, 3.8160044000005655
3280.3793498411023, 0.000304842792053437, 3.8164377000002787
3280.3793498411023, 0.000304842792053437, 3.816868500000055
3280.3793498411023, 0.000304842792053437, 3.8172985000001063
3280.3793498411023, 0.000304842792053437, 3.817730400000073
3280.3793498411023, 0.000304842792053437, 3.818164600000273
3280.3793498411023, 0.000304842792053437, 3.8185954000000493
3280.3793498411023, 0.000304842792053437, 3.81902429999991
3280.3793498411023, 0.000304842792053437, 3.8194556999997076
3280.3793498411023, 0.000304842792053437, 3.8198879999999917
3280.3793498411023, 0.000304842792053437, 3.820318600000064
3280.3793498411023, 0.000304842792053437, 3.8207485000002634
3280.3793498411023, 0.000304842792053437, 3.821184500000527
3280.3793498411023, 0.000304842792053437, 3.821614100000261
3280.3793498411023, 0.000304842792053437, 3.82244559999981
3280.3793498411023, 0.000304842792053437, 3.8231706000005943
3280.3793498411023, 0.000304842792053437, 3.823963400000139
3280.3793498411023, 0.000304842792053437, 3.824401200000466
3280.3793498411023, 0.000304842792053437, 3.8248363000002428
3280.3793498411023, 0.000304842792053437, 3.8252677000000403
3280.3793498411023, 0.000304842792053437, 3.8257056000002194
3280.3793498411023, 0.000304842792053437, 3.826139100000546
3280.3793498411023, 0.00030371335755950864, 3.8265767000002597
3280.3793498411023, 0.000304842792053437, 3.8270093999999517
3280.3793498411023, 0.000304842792053437, 3.827444800000194
3280.3793498411023, 0.000304842792053437, 3.8278759000004356
3280.3793498411023, 0.000304842792053437, 3.828306100000191
3280.3793498411023, 0.000304842792053437, 3.8287411000001157
3280.3793498411023, 0.000304842792053437, 3.829171899999892
3280.3793498411023, 0.000304842792053437, 3.8296025999998164
3280.3793498411023, 0.000304842792053437, 3.8300343999999313
3280.3793498411023, 0.000304842792053437, 3.830468799999835
3280.3793498411023, 0.000304842792053437, 3.8308993000000555
3280.3793498411023, 0.000304842792053437, 3.8313288999997894
3280.3793498411023, 0.000304842792053437, 3.8317618999999468
3280.3793498411023, 0.000304842792053437, 3.8322986000002857
3280.3793498411023, 0.000304842792053437, 3.8327274000002944
3280.3793498411023, 0.000304842792053437, 3.8331598000004306
3280.3793498411023, 0.000304842792053437, 3.833596899999975
3280.3793498411023, 0.0003042602310875874, 3.834136000000399
3280.3793498411023, 0.000304842792053437, 3.8345678000005137
3280.3793498411023, 0.000304842792053437, 3.835001700000248
3280.3793498411023, 0.000304842792053437, 3.835436600000321
3280.3793498411023, 0.000304842792053437, 3.8358679000002667
3280.3793498411023, 0.000304842792053437, 3.8362992000002123
3280.3793498411023, 0.000304842792053437, 3.8367324000000735
3280.3793498411023, 0.000304842792053437, 3.8371647000003577
3280.3793498411023, 0.000304842792053437, 3.8375969999997324
3280.3793498411023, 0.000304842792053437, 3.8380269999997836
3280.3793498411023, 0.000304842792053437, 3.8384647000002587
3280.3793498411023, 0.000304842792053437, 3.8388967000000775
3280.3793498411023, 0.000304842792053437, 3.8393309000002773
3280.3793498411023, 0.000304842792053437, 3.8397657000004983
3280.3793498411023, 0.000304842792053437, 3.840200200000254
3280.3793498411023, 0.000304842792053437, 3.840630499999861
3280.3793498411023, 0.000304842792053437, 3.8410616000001028
3280.3793498411023, 0.000304842792053437, 3.8414984999999433
3280.3793498411023, 0.000304842792053437, 3.841930499999762
3280.3793498411023, 0.000304842792053437, 3.842515700000149
3280.3793498411023, 0.000304842792053437, 3.8429487000003064
3280.3793498411023, 0.000304842792053437, 3.843385799999851
3280.3793498411023, 0.000304842792053437, 3.84382050000022
3280.3793498411023, 0.00030369265928411953, 3.8443570999997974
3280.3793498411023, 0.000304842792053437, 3.844789800000399
3280.3793498411023, 0.000304842792053437, 3.845225400000345
3280.3793498411023, 0.000304842792053437, 3.84566040000027
3280.3793498411023, 0.000304842792053437, 3.8460915000005116
3280.3793498411023, 0.000304842792053437, 3.846526199999971
3280.3793498411023, 0.000304842792053437, 3.8469553000004453
3280.3793498411023, 0.000304842792053437, 3.8473877000005814
3280.3793498411023, 0.000304842792053437, 3.8478186000002097
3280.3793498411023, 0.000304842792053437, 3.8482521000005363
3280.3793498411023, 0.000304842792053437, 3.848684499999763
3280.3793498411023, 0.000304842792053437, 3.849113500000385
3280.3793498411023, 0.000304842792053437, 3.8495425999999497
3280.3793498411023, 0.000304842792053437, 3.849975699999959
3280.3793498411023, 0.000304842792053437, 3.8504062000001795
3280.3793498411023, 0.000304842792053437, 3.8508364999997866
3280.3793498411023, 0.000304842792053437, 3.851270099999965
3280.3793498411023, 0.000304842792053437, 3.8517007000000376
3280.3793498411023, 0.000304842792053437, 3.8521356999999625
3280.3793498411023, 0.000304842792053437, 3.852648600000066
3280.3793498411023, 0.000304842792053437, 3.8530870000004143
3280.3793498411023, 0.000304842792053437, 3.853516899999704
3280.3793498411023, 0.000304842792053437, 3.8539468999997553
3280.3793498411023, 0.000304842792053437, 3.854449399999794
3280.3793498411023, 0.000304842792053437, 3.854918400000315
3280.3793498411023, 0.000304842792053437, 3.855349700000261
3280.3793498411023, 0.000304842792053437, 3.8557803000003332
3280.3793498411023, 0.000304842792053437, 3.8562136000000464
3280.3793498411023, 0.000304842792053437, 3.856644999999844
3280.3793498411023, 0.000304842792053437, 3.8570755999999164
3280.3793498411023, 0.000304842792053437, 3.8575055999999677
3280.3793498411023, 0.000304842792053437, 3.8580345000000307
3280.3793498411023, 0.000304842792053437, 3.8585676000002422
3280.3793498411023, 0.000304842792053437, 3.8590008999999554
3280.3793498411023, 0.00030350183995679647, 3.859435299999859
3280.3793498411023, 0.000304842792053437, 3.85987010000008
3280.3793498411023, 0.000304842792053437, 3.8603014999998777
3280.3793498411023, 0.000304842792053437, 3.86073209999995
3280.3793498411023, 0.000304842792053437, 3.86116469999979
3280.3793498411023, 0.000304842792053437, 3.8615952999998626
3280.3793498411023, 0.000304842792053437, 3.8620324000003166
3280.3793498411023, 0.0003037133575595086, 3.8625299000004816
3280.3793498411023, 0.000304842792053437, 3.863015500000074
3280.3793498411023, 0.000304842792053437, 3.8634483000005275
3280.3793498411023, 0.000304842792053437, 3.8638817000000927
3280.3793498411023, 0.000304842792053437, 3.8643164000004617
3280.3793498411023, 0.000304842792053437, 3.8648568999997224
3280.3793498411023, 0.000304842792053437, 3.865287700000408
3280.3793498411023, 0.000304842792053437, 3.865722600000481
3280.3793498411023, 0.000304842792053437, 3.866153099999792
3280.3793498411023, 0.000304842792053437, 3.8665860000000976
3280.3793498411023, 0.000304842792053437, 3.867015900000297
3280.3793498411023, 0.000304842792053437, 3.8674465000003693
3280.3793498411023, 0.000304842792053437, 3.867880100000548
3280.3793498411023, 0.000304842792053437, 3.868311299999732
3280.3793498411023, 0.000304842792053437, 3.8687455999997837
3280.3793498411023, 0.000304842792053437, 3.8691760000001523
3280.3793498411023, 0.000304842792053437, 3.8696405000000595
3280.3793498411023, 0.000304842792053437, 3.870079899999837
3280.3793498411023, 0.000304842792053437, 3.8705183000001853
3280.3793498411023, 0.000304842792053437, 3.8709531000004063
3280.3793498411023, 0.000304842792053437, 3.871390000000247
3280.3793498411023, 0.000304842792053437, 3.871826200000214
3280.3793498411023, 0.000304842792053437, 3.872261499999695
3280.3793498411023, 0.000304842792053437, 3.8727741000002425
3280.3793498411023, 0.000304842792053437, 3.873210100000506
3280.3793498411023, 0.000304842792053437, 3.873643300000367
3280.3793498411023, 0.000304842792053437, 3.8740741000001435
3280.3793498411023, 0.000304842792053437, 3.8745091000000684
3280.3793498411023, 0.000304842792053437, 3.875044600000365
3280.3793498411023, 0.000304842792053437, 3.875477100000353
3280.3793498411023, 0.000304842792053437, 3.8759102000003622
3280.3793498411023, 0.000303174662689173, 3.8763503999998647
3280.3793498411023, 0.000304842792053437, 3.8767876000001706
3280.3793498411023, 0.000304842792053437, 3.87722070000018
3280.3793498411023, 0.000304842792053437, 3.87765600000057
3280.3793498411023, 0.000304842792053437, 3.878088999999818
3280.3793498411023, 0.000304842792053437, 3.8785216000005676
3280.3793498411023, 0.000304842792053437, 3.8789535000005344
3280.3793498411023, 0.000304842792053437, 3.879392900000312
3280.3793498411023, 0.000304842792053437, 3.8798257999997077
3280.3793498411023, 0.000304842792053437, 3.8802637999997387
3280.3793498411023, 0.000304842792053437, 3.8806953000002977
3280.3793498411023, 0.000304842792053437, 3.8811297000002014
3280.3793498411023, 0.000304842792053437, 3.8815599999998085
3280.3793498411023, 0.000304842792053437, 3.88199110000005
3280.3793498411023, 0.000304842792053437, 3.882425200000398
3280.3793498411023, 0.000304842792053437, 3.882944900000439
3280.3793498411023, 0.000304842792053437, 3.883702400000402
3280.3793498411023, 0.000304842792053437, 3.884426700000404
3280.3793498411023, 0.000304842792053437, 3.885207799999989
3280.3793498411023, 0.000304842792053437, 3.8856432000002314
3280.3793498411023, 0.000304842792053437, 3.8860740999998598
3280.3793498411023, 0.000304842792053437, 3.8865082000002076
3280.3793498411023, 0.000304842792053437, 3.88694360000045
3280.3793498411023, 0.000304842792053437, 3.8873751999999513
3280.3793498411023, 0.000304842792053437, 3.8878079000005528
3280.3793498411023, 0.000304842792053437, 3.8882377999998425
3280.3793498411023, 0.000304842792053437, 3.888673800000106
3280.3793498411023, 0.000304842792053437, 3.8891044000001784
3280.3793498411023, 0.000304842792053437, 3.8895361000004414
3280.3793498411023, 0.000304842792053437, 3.8899716000005355
3280.3793498411023, 0.000304842792053437, 3.890405799999826
3280.3793498411023, 0.000304842792053437, 3.8908394000000044
3280.3793498411023, 0.000304842792053437, 3.891272200000458
3280.3793498411023, 0.000304842792053437, 3.891708699999981
3280.3793498411023, 0.000304842792053437, 3.8921400999997786
3280.3793498411023, 0.000304842792053437, 3.892570400000295
3280.3793498411023, 0.000304842792053437, 3.893019400000412
3280.3793498411023, 0.000304842792053437, 3.893539800000326
3280.3793498411023, 0.000304842792053437, 3.893973299999743
3280.3793498411023, 0.000304842792053437, 3.894404100000429
3280.3793498411023, 0.000304842792053437, 3.8948348000003534
3280.3793498411023, 0.000304842792053437, 3.8953731000001426
3280.3793498411023, 0.000304842792053437, 3.8958025000001726
3280.3793498411023, 0.000304842792053437, 3.8962382999998226
3280.3793498411023, 0.000304842792053437, 3.8966718000001492
3280.3793498411023, 0.000304842792053437, 3.8971018000002005
3280.3793498411023, 0.000304842792053437, 3.8975320999998075
3280.3793498411023, 0.000304842792053437, 3.8979662000001554
3280.3793498411023, 0.0003039672844777305, 3.8984019999998054
3280.3793498411023, 0.000304842792053437, 3.8988349999999627
3280.3793498411023, 0.000304842792053437, 3.8992667000002257
3280.3793498411023, 0.000304842792053437, 3.8997002000005523
3280.3793498411023, 0.000304842792053437, 3.9001312000000325
3280.3793498411023, 0.000304842792053437, 3.9005582999998296
3280.3793498411023, 0.000304842792053437, 3.900988999999754
3280.3793498411023, 0.000304842792053437, 3.9014250999998694
3280.3793498411023, 0.000304842792053437, 3.9018582999997307
3280.3793498411023, 0.000304842792053437, 3.9022892000002685
3280.3793498411023, 0.000304842792053437, 3.902720699999918
3280.3793498411023, 0.000304842792053437, 3.9031542000002446
3280.3793498411023, 0.000304842792053437, 3.9039844999997513
3280.3793498411023, 0.000304842792053437, 3.9047092999999222
3280.3793498411023, 0.000304842792053437, 3.905506900000546
3280.3793498411023, 0.000304842792053437, 3.9059469000003446
3280.3793498411023, 0.00030420034245925537, 3.906382400000439
3280.3793498411023, 0.000304842792053437, 3.9068145000001095
3280.3793498411023, 0.000304842792053437, 3.907245399999738
3280.3793498411023, 0.000304842792053437, 3.9076787000003605
3280.3793498411023, 0.000304842792053437, 3.9081115999997564
3280.3793498411023, 0.000304842792053437, 3.908541900000273
3280.3793498411023, 0.000304842792053437, 3.9089758999998594
3280.3793498411023, 0.000304842792053437, 3.9094075000002704
3280.3793498411023, 0.000304842792053437, 3.9098382000001948
3280.3793498411023, 0.000304842792053437, 3.910268000000542
3280.3793498411023, 0.000304842792053437, 3.910704099999748
3280.3793498411023, 0.000304842792053437, 3.9111346999998204
3280.3793498411023, 0.000304842792053437, 3.9115670999999566
3280.3793498411023, 0.000304842792053437, 3.911996800000452
3280.3793498411023, 0.000304842792053437, 3.9124320000000807
3280.3793498411023, 0.000304842792053437, 3.9128640999997515
3280.3793498411023, 0.000304842792053437, 3.91329450000012
3280.3793498411023, 0.000304842792053437, 3.9138104000003295
3280.3793498411023, 0.000304842792053437, 3.9142437000000427
3280.3793498411023, 0.000304842792053437, 3.9146756000000096
3280.3793498411023, 0.000304842792053437, 3.915114000000358
3280.3793498411023, 0.000304842792053437, 3.9156552000004012
3280.3793498411023, 0.000304842792053437, 3.916086400000495
3280.3793498411023, 0.000304842792053437, 3.916519700000208
3280.3793498411023, 0.000304842792053437, 3.9169503000002805
3280.3793498411023, 0.000304842792053437, 3.9173847000001842
3280.3793498411023, 0.000304842792053437, 3.9178146000003835
3280.3793498411023, 0.000304842792053437, 3.9182442000001174
3280.3793498411023, 0.000304842792053437, 3.9186750999997457
3280.3793498411023, 0.000304842792053437, 3.919109500000559
3280.3793498411023, 0.000304842792053437, 3.9195393999998487
3280.3793498411023, 0.000304842792053437, 3.919971400000577
3280.3793498411023, 0.000304842792053437, 3.9204021000005014
3280.3793498411023, 0.000304842792053437, 3.9208330000001297
3280.3793498411023, 0.000304842792053437, 3.9212649999999485
3280.3793498411023, 0.000304842792053437, 3.921695500000169
3280.3793498411023, 0.000304842792053437, 3.9221286000001783
3280.3793498411023, 0.000304842792053437, 3.922560599999997
3280.3793498411023, 0.000304842792053437, 3.922989900000175
3280.3793498411023, 0.000304842792053437, 3.923424800000248
3280.3793498411023, 0.000304842792053437, 3.9240608000000066
3280.3793498411023, 0.000304842792053437, 3.924786700000368
3280.3793498411023, 0.000304842792053437, 3.9255078000005597
3280.3793498411023, 0.000304842792053437, 3.9261295000005703
3280.3793498411023, 0.000304842792053437, 3.926564600000347
3280.3793498411023, 0.000304842792053437, 3.9269947000002503
3280.3793498411023, 0.000304842792053437, 3.9274253000003227
3280.3793498411023, 0.000304842792053437, 3.927855699999782
3280.3793498411023, 0.000304842792053437, 3.928291799999897
3280.3793498411023, 0.000304842792053437, 3.928722900000139
3280.3793498411023, 0.000304842792053437, 3.9291519999997035
3280.3793498411023, 0.000304842792053437, 3.9295803000004526
3280.3793498411023, 0.000304842792053437, 3.93001490000006
3280.3793498411023, 0.000304842792053437, 3.9304455999999846
3280.3793498411023, 0.000304842792053437, 3.930907400000251
3280.3793498411023, 0.000304842792053437, 3.9313528000002407
3280.3793498411023, 0.000304842792053437, 3.9317910999998276
3280.3793498411023, 0.000304842792053437, 3.9322259000000486
3280.3793498411023, 0.000304842792053437, 3.9326608000001215
3280.3793498411023, 0.000304842792053437, 3.933097799999814
3280.3793498411023, 0.000304842792053437, 3.9335361000003104
3280.3793498411023, 0.000304842792053437, 3.934055900000203
3280.3793498411023, 0.000304842792053437, 3.9344928000000436
3280.3793498411023, 0.000304842792053437, 3.9349330000004556
3280.3793498411023, 0.000304842792053437, 3.935367699999915
3280.3793498411023, 0.000304842792053437, 3.9358013000000938
3280.3793498411023, 0.000304842792053437, 3.936336599999777
3280.3793498411023, 0.000304842792053437, 3.936771399999998
3280.3793498411023, 0.000304842792053437, 3.937203700000282
3280.3793498411023, 0.000304842792053437, 3.937636300000122
3280.3793498411023, 0.000304842792053437, 3.93806880000011
3280.3793498411023, 0.000304842792053437, 3.9385055000002467
3280.3793498411023, 0.000304842792053437, 3.93893879999996
3280.3793498411023, 0.000304842792053437, 3.9393717000002653
3280.3793498411023, 0.000304842792053437, 3.9398074000000634
3280.3793498411023, 0.000304842792053437, 3.94023930000003
3280.3793498411023, 0.000304842792053437, 3.94067350000023
3280.3793498411023, 0.000304842792053437, 3.941106299999774
3280.3793498411023, 0.000304842792053437, 3.9415391000002273
3280.3793498411023, 0.000304842792053437, 3.9419720000005327
3280.3793498411023, 0.000304842792053437, 3.942403199999717
3280.3793498411023, 0.000304842792053437, 3.9428391000001284
3280.3793498411023, 0.000304842792053437, 3.9432708000003913
3280.3793498411023, 0.000304842792053437, 3.9437034000002313
3280.3793498411023, 0.000304842792053437, 3.944246099999873
3280.3793498411023, 0.000304842792053437, 3.944685600000412
3280.3793498411023, 0.000304842792053437, 3.945115999999871
3280.3793498411023, 0.000304842792053437, 3.9455471999999645
3280.3793498411023, 0.000304842792053437, 3.945977800000037
3280.3793498411023, 0.000304842792053437, 3.946514600000228
3280.3793498411023, 0.000304842792053437, 3.9469518000005337
3280.3793498411023, 0.000304842792053437, 3.9473838000003525
3280.3793498411023, 0.000304842792053437, 3.9478187000004255
3280.3793498411023, 0.000304842792053437, 3.948254900000393
3280.3793498411023, 0.000304842792053437, 3.948685999999725
3280.3793498411023, 0.000304842792053437, 3.949117000000115
3280.3793498411023, 0.000304842792053437, 3.9495484999997643
3280.3793498411023, 0.000304842792053437, 3.9499855000003663
3280.3793498411023, 0.000304842792053437, 3.950417500000185
3280.3793498411023, 0.000304842792053437, 3.950852400000258
3280.3793498411023, 0.000304842792053437, 3.951289700000416
3280.3793498411023, 0.000304842792053437, 3.951722900000277
3280.3793498411023, 0.000304842792053437, 3.952152599999863
3280.3793498411023, 0.000304842792053437, 3.952588900000592
3280.3793498411023, 0.000304842792053437, 3.9530205000000933
3280.3793498411023, 0.000304842792053437, 3.9534505999999965
3280.3793498411023, 0.000304842792053437, 3.953880400000344
3280.3793498411023, 0.000304842792053437, 3.954418799999985
3280.3793498411023, 0.000304842792053437, 3.9548515000005864
3280.3793498411023, 0.000304842792053437, 3.955283100000088
3280.3793498411023, 0.000304842792053437, 3.955714700000499
3280.3793498411023, 0.000304842792053437, 3.9561494999998104
3280.3793498411023, 0.000304842792053437, 3.956669199999851
3280.3793498411023, 0.000304842792053437, 3.957101699999839
3280.3793498411023, 0.000304842792053437, 3.95753330000025
3280.3793498411023, 0.000304842792053437, 3.9579701000002387
3280.3793498411023, 0.000304842792053437, 3.958403100000396
3280.3793498411023, 0.000304842792053437, 3.9588332000002993
3280.3793498411023, 0.000304842792053437, 3.9592690999998013
3280.3793498411023, 0.000304842792053437, 3.9596997999997257
3280.3793498411023, 0.000304842792053437, 3.9601345000000947
3280.3793498411023, 0.000304842792053437, 3.9605658999998923
3280.3793498411023, 0.000304842792053437, 3.9610012000002826
3280.3793498411023, 0.000304842792053437, 3.961432199999763
3280.3793498411023, 0.000304842792053437, 3.961862199999814
3280.3793498411023, 0.000304842792053437, 3.9622934999997597
3280.3793498411023, 0.000304842792053437, 3.962731900000108
3280.3793498411023, 0.000304842792053437, 3.9631632999999056
3280.3793498411023, 0.000304842792053437, 3.9635933999998088
3280.3793498411023, 0.000304842792053437, 3.964026200000262
3280.3793498411023, 0.000304842792053437, 3.964594400000351
3280.3793498411023, 0.000304842792053437, 3.9661049000005733
3280.3793498411023, 0.000304842792053437, 3.966668600000048
3280.3793498411023, 0.000304842792053437, 3.967111200000545
3280.3793498411023, 0.000304842792053437, 3.9675456000004488
3280.3793498411023, 0.000304842792053437, 3.9680637999999817
3280.3793498411023, 0.000304842792053437, 3.968559200000527
3280.3793498411023, 0.000304842792053437, 3.968994400000156
3280.3793498411023, 0.000304842792053437, 3.969426800000292
3280.3793498411023, 0.000304842792053437, 3.9698636000002807
3280.3793498411023, 0.000304842792053437, 3.970297699999719
3280.3793498411023, 0.000304842792053437, 3.9707361000000674
3280.3793498411023, 0.0003037133575595086, 3.971175700000458
3280.3793498411023, 0.000304842792053437, 3.9716097000000445
3280.3793498411023, 0.000304842792053437, 3.9720398999997997
3280.3793498411023, 0.000304842792053437, 3.9724777999999787
3280.3793498411023, 0.000304842792053437, 3.972914099999798
3280.3793498411023, 0.000304842792053437, 3.973345500000505
3280.3793498411023, 0.000304842792053437, 3.9737793000003876
3280.3793498411023, 0.000304842792053437, 3.9742097999996986
3280.3793498411023, 0.000304842792053437, 3.9747323999999935
3280.3793498411023, 0.000304842792053437, 3.975166799999897
3280.3793498411023, 0.000304842792053437, 3.975597900000139
3280.3793498411023, 0.000304842792053437, 3.9760340000002543
3280.3793498411023, 0.000304842792053437, 3.9764672999999675
3280.3793498411023, 0.000304842792053437, 3.977003799999693
3280.3793498411023, 0.000304842792053437, 3.9774365000002945
3280.3793498411023, 0.000304842792053437, 3.977870100000473
3280.3793498411023, 0.000304842792053437, 3.9783047999999326
3280.3793498411023, 0.000304842792053437, 3.97873619999973
3280.3793498411023, 0.000304842792053437, 3.979166900000564
3280.3793498411023, 0.000304842792053437, 3.979604400000426
3280.3793498411023, 0.000304842792053437, 3.9800389000001815
3280.3793498411023, 0.000304842792053437, 3.980474900000445
3280.3793498411023, 0.00030339062626813447, 3.9809141000005184
3280.3793498411023, 0.000304842792053437, 3.9813481999999567
3280.3793498411023, 0.000304842792053437, 3.981778700000177
3280.3793498411023, 0.000304842792053437, 3.982211499999721
3280.3793498411023, 0.000304842792053437, 3.9826473000002807
3280.3793498411023, 0.000304842792053437, 3.983079600000565
3280.3793498411023, 0.000304842792053437, 3.983518300000469
3280.3793498411023, 0.000304842792053437, 3.9839491000002454
3280.3793498411023, 0.000304842792053437, 3.984382700000424
3280.3793498411023, 0.000304842792053437, 3.984949300000153
3280.3793498411023, 0.0003031453569450495, 3.9857802000005904
3280.3793498411023, 0.000304842792053437, 3.986504500000592
3280.3793498411023, 0.000304842792053437, 3.9871938000005684
3280.3793498411023, 0.000304842792053437, 3.9876312000005782
3280.3793498411023, 0.000304842792053437, 3.988066400000207
3280.3793498411023, 0.000304842792053437, 3.988499099999899
3280.3793498411023, 0.000304842792053437, 3.9889345000001413
3280.3793498411023, 0.000304842792053437, 3.9893674000004467
3280.3793498411023, 0.000304842792053437, 3.989798100000371
3280.3793498411023, 0.000304842792053437, 3.990233399999852
3280.3793498411023, 0.000304842792053437, 3.990668899999946
3280.3793498411023, 0.000304842792053437, 3.9911043000001882
3280.3793498411023, 0.000304842792053437, 3.9915368000001763
3280.3793498411023, 0.000304842792053437, 3.9920065000005707
3280.3793498411023, 0.000304842792053437, 3.9924541000000318
3280.3793498411023, 0.000304842792053437, 3.9928909999998723
3280.3793498411023, 0.000304842792053437, 3.9933256000003894
3280.3793498411023, 0.000304842792053437, 3.993765799999892
3280.3793498411023, 0.000304842792053437, 3.9942019999998593
3280.3793498411023, 0.000304842792053437, 3.9946343000001434
3280.3793498411023, 0.000304842792053437, 3.995171200000186
3280.3793498411023, 0.000304842792053437, 3.9956128000003446
3280.3793498411023, 0.000304842792053437, 3.996046000000206
3280.3793498411023, 0.000304842792053437, 3.996479299999919
3280.3793498411023, 0.000304842792053437, 3.996911299999738
3280.3793498411023, 0.000304842792053437, 3.997445400000288
3280.3793498411023, 0.000304842792053437, 3.997878600000149
3280.3793498411023, 0.000304842792053437, 3.998309800000243
3280.3793498411023, 0.000304842792053437, 3.9987449000000197
3280.3793498411023, 0.000304842792053437, 3.9991829999999027
3280.3793498411023, 0.000304842792053437, 3.999616099999912
3280.3793498411023, 0.000304842792053437, 4.000044899999921
3280.3793498411023, 0.000304842792053437, 4.0004758000004585
3280.3793498411023, 0.000304842792053437, 4.000912399999834
3280.3793498411023, 0.000304842792053437, 4.0013411999998425
3280.3793498411023, 0.000304842792053437, 4.001774000000296
3280.3793498411023, 0.000304842792053437, 4.00220200000058
3280.3793498411023, 0.000304842792053437, 4.002637900000082
3280.3793498411023, 0.000304842792053437, 4.003069200000027
3280.3793498411023, 0.000304842792053437, 4.003499899999952
3280.3793498411023, 0.000304842792053437, 4.003933599999982
3280.3793498411023, 0.000304842792053437, 4.0043664000004355
3280.3793498411023, 0.000304842792053437, 4.004798099999789
3280.3793498411023, 0.000304842792053437, 4.0053507000002355
3280.3793498411023, 0.000304842792053437, 4.0057865999997375
3280.3793498411023, 0.000304842792053437, 4.00621719999981
3280.3793498411023, 0.000304842792053437, 4.006654400000116
3280.3793498411023, 0.000304842792053437, 4.007087200000569
3280.3793498411023, 0.000304842792053437, 4.00762610000038
3280.3793498411023, 0.000304842792053437, 4.0080557999999655
3280.3793498411023, 0.000304842792053437, 4.008488899999975
3280.3793498411023, 0.000304842792053437, 4.008924599999773
3280.3793498411023, 0.000304842792053437, 4.009361999999783
3280.3793498411023, 0.0003044954400404723, 4.009793600000194
3280.3793498411023, 0.0003044954400404723, 4.010223500000393
3280.3793498411023, 0.0003044954400404723, 4.010660599999937
3280.3793498411023, 0.000304842792053437, 4.011091600000327
3280.3793498411023, 0.000304842792053437, 4.011523099999977
3280.3793498411023, 0.00030426811922945276, 4.011956700000155
3280.3793498411023, 0.000304842792053437, 4.0123953000002075
3280.3793498411023, 0.000304842792053437, 4.012829400000555
3280.3793498411023, 0.000304842792053437, 4.01326330000029
3280.3793498411023, 0.00030397905650635077, 4.013697299999876
3280.3793498411023, 0.000304842792053437, 4.014133200000288
3280.3793498411023, 0.000304842792053437, 4.014562399999704
3280.3793498411023, 0.000304842792053437, 4.014993400000094
3280.3793498411023, 0.000304842792053437, 4.015530499999841
3280.3793498411023, 0.000304842792053437, 4.0159620000004
3280.3793498411023, 0.000304842792053437, 4.016392900000028
3280.3793498411023, 0.000304842792053437, 4.016824799999995
3280.3793498411023, 0.000304842792053437, 4.017259700000068
3280.3793498411023, 0.000304842792053437, 4.017774300000383
3280.3793498411023, 0.000304842792053437, 4.018210899999758
3280.3793498411023, 0.000304842792053437, 4.018646700000318
3280.3793498411023, 0.000304842792053437, 4.0190785000004325
3280.3793498411023, 0.000304842792053437, 4.019508899999892
3280.3793498411023, 0.000304842792053437, 4.019938999999795
3280.3793498411023, 0.000304842792053437, 4.020371000000523
3280.3793498411023, 0.000304842792053437, 4.020802400000321
3280.3793498411023, 0.000304842792053437, 4.021233500000562
3280.3793498411023, 0.000304842792053437, 4.021663999999873
3280.3793498411023, 0.000304842792053437, 4.022095700000136
3280.3793498411023, 0.000304842792053437, 4.022530899999765
3280.3793498411023, 0.000304842792053437, 4.022962000000007
3280.3793498411023, 0.000304842792053437, 4.023396100000355
3280.3793498411023, 0.000304842792053437, 4.023829700000533
3280.3793498411023, 0.000304842792053437, 4.024295500000335
3280.3793498411023, 0.000304842792053437, 4.0247267000004285
3280.3793498411023, 0.000304842792053437, 4.02569130000029
3280.3793498411023, 0.000304842792053437, 4.026827400000002
3280.3793498411023, 0.000304842792053437, 4.027808800000457
3280.3793498411023, 0.000304842792053437, 4.028985200000534
3280.3793498411023, 0.000304842792053437, 4.029695500000344
3280.3793498411023, 0.000304842792053437, 4.030532900000253
3280.3793498411023, 0.000304842792053437, 4.031619200000023
3280.3793498411023, 0.000304842792053437, 4.032204500000262
3280.3793498411023, 0.000304842792053437, 4.032729499999732
3280.3793498411023, 0.000304842792053437, 4.033267700000579
3280.3793498411023, 0.000304842792053437, 4.034373399999822
3280.3793498411023, 0.000304842792053437, 4.035400800000389
3280.3793498411023, 0.000304842792053437, 4.037608000000546
3280.3793498411023, 0.000304842792053437, 4.038812100000541
3280.3793498411023, 0.000304842792053437, 4.039430900000298
3280.3793498411023, 0.000304842792053437, 4.040025000000242
3280.3793498411023, 0.000304842792053437, 4.040553900000305
3280.3793498411023, 0.000304842792053437, 4.041037699999833
3280.3793498411023, 0.000304842792053437, 4.041568999999981
3280.3793498411023, 0.000304842792053437, 4.0425961000000825
3280.3793498411023, 0.000304842792053437, 4.044121500000074
3280.3793498411023, 0.0003043691304015754, 4.045251900000039
3280.3793498411023, 0.000304842792053437, 4.046080699999948
3280.3793498411023, 0.000304842792053437, 4.046946000000389
3280.3793498411023, 0.000304842792053437, 4.047445500000322
3280.3793498411023, 0.000304842792053437, 4.0485342000001765
3280.3793498411023, 0.000304842792053437, 4.050860100000136
3280.3793498411023, 0.000304842792053437, 4.051501300000382
3280.3793498411023, 0.000304842792053437, 4.051993300000504
3280.3793498411023, 0.000304842792053437, 4.052474500000244
3280.3793498411023, 0.000304842792053437, 4.053009700000075
3280.3793498411023, 0.000304842792053437, 4.053626599999916
3280.3793498411023, 0.000304842792053437, 4.0541315000000395
3280.3793498411023, 0.000304842792053437, 4.0545977000001585
3280.3793498411023, 0.000304842792053437, 4.0550584000002345
3280.3793498411023, 0.000304842792053437, 4.055520200000501
3280.3793498411023, 0.00030407667631614184, 4.056020300000455
3280.3793498411023, 0.000304842792053437, 4.056482099999812
3280.3793498411023, 0.000304842792053437, 4.057075700000496
3280.3793498411023, 0.000304842792053437, 4.057538500000192
3280.3793498411023, 0.000304842792053437, 4.058310999999776
3280.3793498411023, 0.000304842792053437, 4.058845100000326
3280.3793498411023, 0.000304842792053437, 4.059407300000203
3280.3793498411023, 0.000304842792053437, 4.059909700000389
3280.3793498411023, 0.000304842792053437, 4.060512300000482
3280.3793498411023, 0.0003045666486566766, 4.061109000000215
3280.3793498411023, 0.000304842792053437, 4.061568500000249
3280.3793498411023, 0.000304842792053437, 4.06215020000036
3280.3793498411023, 0.000304842792053437, 4.062715500000195
3280.3793498411023, 0.000304842792053437, 4.0635199999996985
3280.3793498411023, 0.000304842792053437, 4.064157300000261
3280.3793498411023, 0.000304842792053437, 4.064817100000255
3280.3793498411023, 0.000304842792053437, 4.065901200000553
3280.3793498411023, 0.000304842792053437, 4.067935199999738
3280.3793498411023, 0.000304842792053437, 4.069187000000056
3280.3793498411023, 0.000304842792053437, 4.069684699999925
3280.3793498411023, 0.000304842792053437, 4.070279600000504
3280.3793498411023, 0.000304842792053437, 4.070749299999989
3280.3793498411023, 0.000304842792053437, 4.071255300000303
3280.3793498411023, 0.000304842792053437, 4.071775299999899
3280.3793498411023, 0.000304842792053437, 4.072342399999798
3280.3793498411023, 0.000304842792053437, 4.072807999999895
3280.3793498411023, 0.000304842792053437, 4.0732749999997395
3280.3793498411023, 0.000304842792053437, 4.07388439999977
3280.3793498411023, 0.000304842792053437, 4.074359799999911
3280.3793498411023, 0.000304842792053437, 4.074822100000347
3280.3793498411023, 0.000304842792053437, 4.075285400000212
3280.3793498411023, 0.000304842792053437, 4.075751399999717
3280.3793498411023, 0.000304842792053437, 4.076314599999932
3280.3793498411023, 0.000304842792053437, 4.076790300000539
3280.3793498411023, 0.000304842792053437, 4.077281500000026
3280.3793498411023, 0.000304842792053437, 4.077781500000128
3280.3793498411023, 0.000304842792053437, 4.078346799999963
3280.3793498411023, 0.000304842792053437, 4.0788422000005085
3280.3793498411023, 0.000304842792053437, 4.0793343000004825
3280.3793498411023, 0.000304842792053437, 4.079903800000466
3280.3793498411023, 0.000304842792053437, 4.080421600000591
3280.3793498411023, 0.000304842792053437, 4.080898199999865
3280.3793498411023, 0.000304842792053437, 4.0817008000003625
3280.3793498411023, 0.000304842792053437, 4.082831400000032
3280.3793498411023, 0.00030394546810680377, 4.0842296000000715
3280.3793498411023, 0.000304842792053437, 4.084905200000321
3280.3793498411023, 0.000304842792053437, 4.085412399999768
3280.3793498411023, 0.000304842792053437, 4.085909399999764
3280.3793498411023, 0.000304842792053437, 4.086447499999849
3280.3793498411023, 0.000304842792053437, 4.086918799999694
3280.3793498411023, 0.000304842792053437, 4.08740940000007
3280.3793498411023, 0.000304842792053437, 4.087905200000023
3280.3793498411023, 0.000304842792053437, 4.088362100000268
3280.3793498411023, 0.000304842792053437, 4.088860699999714
3280.3793498411023, 0.000304842792053437, 4.089317900000424
3280.3793498411023, 0.000304842792053437, 4.0899655000002895
3280.3793498411023, 0.000304842792053437, 4.090595499999836
3280.3793498411023, 0.000304842792053437, 4.0910837999999785
3280.3793498411023, 0.000304842792053437, 4.091567100000248
3280.3793498411023, 0.000304842792053437, 4.092043800000283
3280.3793498411023, 0.000304842792053437, 4.092507600000317
3280.3793498411023, 0.000304842792053437, 4.092999999999847
3280.3793498411023, 0.000304842792053437, 4.0934548000004725
3280.3793498411023, 0.000304842792053437, 4.094071399999848
3280.3793498411023, 0.000304842792053437, 4.094580300000416
3280.3793498411023, 0.000304842792053437, 4.095038800000111
3280.3793498411023, 0.000304842792053437, 4.095564199999899
3280.3793498411023, 0.000304842792053437, 4.096056800000042
3280.3793498411023, 0.000304842792053437, 4.096619300000384
3280.3793498411023, 0.000304842792053437, 4.097108400000252
3280.3793498411023, 0.000304842792053437, 4.097651900000528
3280.3793498411023, 0.000304842792053437, 4.098373700000593
3280.3793498411023, 0.000304842792053437, 4.099131500000112
3280.3793498411023, 0.000304842792053437, 4.0996351000003415
3280.3793498411023, 0.000304842792053437, 4.10020059999988
3280.3793498411023, 0.000304842792053437, 4.100696500000595
3280.3793498411023, 0.000304842792053437, 4.101223100000425
3280.3793498411023, 0.000304842792053437, 4.1018134000005375
3280.3793498411023, 0.000304842792053437, 4.10227070000019
3280.3793498411023, 0.000304842792053437, 4.102768800000376
3280.3793498411023, 0.000304842792053437, 4.1032876999997825
3280.3793498411023, 0.000304842792053437, 4.103859900000316
3280.3793498411023, 0.000304842792053437, 4.10436000000027
3280.3793498411023, 0.000304842792053437, 4.104859799999758
3280.3793498411023, 0.000304842792053437, 4.1054151999996975
3280.3793498411023, 0.000304842792053437, 4.106166399999893
3280.3793498411023, 0.000304842792053437, 4.106798300000264
3280.3793498411023, 0.000304842792053437, 4.107320900000559
3280.3793498411023, 0.000304842792053437, 4.107834100000218
3280.3793498411023, 0.000304842792053437, 4.1084091000002445
3280.3793498411023, 0.000304842792053437, 4.10938780000015
3280.3793498411023, 0.000304842792053437, 4.110223700000461
3280.3793498411023, 0.000304842792053437, 4.111105099999804
3280.3793498411023, 0.000304842792053437, 4.111762800000179
3280.3793498411023, 0.000304842792053437, 4.112348700000439
3280.3793498411023, 0.000304842792053437, 4.1128739000005226
3280.3793498411023, 0.000304842792053437, 4.113455599999725
3280.3793498411023, 0.000304842792053437, 4.114018000000215
3280.3793498411023, 0.000304842792053437, 4.115196900000228
3280.3793498411023, 0.0003045258107427716, 4.116082300000016
3280.3793498411023, 0.000304842792053437, 4.116641200000231
3280.3793498411023, 0.000304842792053437, 4.117272800000137
3280.3793498411023, 0.000304842792053437, 4.118068900000253
3280.3793498411023, 0.000304842792053437, 4.118762799999786
3280.3793498411023, 0.000304842792053437, 4.119354899999962
3280.3793498411023, 0.000304842792053437, 4.120785900000556
3280.3793498411023, 0.000304842792053437, 4.121884099999988
3280.3793498411023, 0.000304842792053437, 4.122732800000449
3280.3793498411023, 0.000304842792053437, 4.123425300000235
3280.3793498411023, 0.000304842792053437, 4.123931600000105
3280.3793498411023, 0.000304842792053437, 4.124457699999766
3280.3793498411023, 0.000304842792053437, 4.124919699999737
3280.3793498411023, 0.000304842792053437, 4.125401199999942
3280.3793498411023, 0.000304842792053437, 4.125875200000337
3280.3793498411023, 0.000304842792053437, 4.126354400000309
3280.3793498411023, 0.000304842792053437, 4.126932400000442
3280.3793498411023, 0.000304842792053437, 4.127632499999891
3280.3793498411023, 0.000304842792053437, 4.128304800000478
3280.3793498411023, 0.000304842792053437, 4.128790499999923
3280.3793498411023, 0.000304842792053437, 4.129268300000149
3280.3793498411023, 0.000304842792053437, 4.129743100000269
3280.3793498411023, 0.000304842792053437, 4.130219100000431
3280.3793498411023, 0.000304842792053437, 4.130701000000045
3280.3793498411023, 0.000304842792053437, 4.131304300000011
3280.3793498411023, 0.000304842792053437, 4.131935700000213
3280.3793498411023, 0.000304842792053437, 4.132411100000354
3280.3793498411023, 0.000304842792053437, 4.132997100000466
3280.3793498411023, 0.000304842792053437, 4.133475800000269
3280.3793498411023, 0.000304842792053437, 4.133958299999904
3280.3793498411023, 0.000304842792053437, 4.1344403000002785
3280.3793498411023, 0.000304842792053437, 4.134914299999764
3280.3793498411023, 0.000304842792053437, 4.13538299999982
3280.3793498411023, 0.000304842792053437, 4.135851699999876
3280.3793498411023, 0.000304842792053437, 4.1363320000000385
3280.3793498411023, 0.000304842792053437, 4.136802300000454
3280.3793498411023, 0.000304842792053437, 4.137278100000003
3280.3793498411023, 0.000304842792053437, 4.1377494999997
3280.3793498411023, 0.000304842792053437, 4.138263499999994
3280.3793498411023, 0.000304842792053437, 4.138737100000071
3280.3793498411023, 0.000304842792053437, 4.139204600000085
3280.3793498411023, 0.000304842792053437, 4.139674500000183
3280.3793498411023, 0.000304842792053437, 4.140148700000282
3280.3793498411023, 0.000304842792053437, 4.1406151999999565
3280.3793498411023, 0.000304842792053437, 4.141083999999864
3280.3793498411023, 0.000304842792053437, 4.141560400000344
3280.3793498411023, 0.000304842792053437, 4.142032400000062
3280.3793498411023, 0.000304842792053437, 4.1425114000003305
3280.3793498411023, 0.000304842792053437, 4.142985299999964
3280.3793498411023, 0.000304842792053437, 4.1434588000001895
3280.3793498411023, 0.000304842792053437, 4.143925899999886
3280.3793498411023, 0.000304842792053437, 4.144394099999772
3280.3793498411023, 0.000304842792053437, 4.144872800000485
3280.3793498411023, 0.000304842792053437, 4.145347800000309
3280.3793498411023, 0.000304842792053437, 4.1458026000000245
3280.3793498411023, 0.000304842792053437, 4.14626060000046
3280.3793498411023, 0.000304842792053437, 4.146787700000459
3280.3793498411023, 0.000304842792053437, 4.147508699999889
3280.3793498411023, 0.000304842792053437, 4.1485327999998844
3280.3793498411023, 0.000304842792053437, 4.149275599999783
3280.3793498411023, 0.000304842792053437, 4.149736700000176
3280.3793498411023, 0.000304842792053437, 4.150294199999735
3280.3793498411023, 0.000304842792053437, 4.150786700000026
3280.3793498411023, 0.000304842792053437, 4.15135250000003
3280.3793498411023, 0.000304842792053437, 4.15186150000045
3280.3793498411023, 0.000304842792053437, 4.1523355999997875
3280.3793498411023, 0.000304842792053437, 4.1529099999997925
3280.3793498411023, 0.000304842792053437, 4.153470799999923
3280.3793498411023, 0.000304842792053437, 4.153929799999787
3280.3793498411023, 0.000304842792053437, 4.154491000000235
3280.3793498411023, 0.000304842792053437, 4.154952599999888
3280.3793498411023, 0.000304842792053437, 4.155517400000463
3280.3793498411023, 0.000304842792053437, 4.1560380000000805
3280.3793498411023, 0.000304842792053437, 4.156529900000351
3280.3793498411023, 0.000304842792053437, 4.157116600000336
3280.3793498411023, 0.000304842792053437, 4.157677299999705
3280.3793498411023, 0.000304842792053437, 4.158169899999848
3280.3793498411023, 0.000304842792053437, 4.158763399999771
3280.3793498411023, 0.0003039697847722699, 4.159222899999804
3280.379349841102, 0.00030484279205343704, 4.159703999999692
3280.379349841102, 0.00030484279205343704, 4.160245900000518
3280.379349841102, 0.00030484279205343704, 4.160807600000226
3280.379349841102, 0.00030484279205343704, 4.161264800000026
3280.379349841102, 0.00030484279205343704, 4.161848900000223
3280.379349841102, 0.00030484279205343704, 4.162308500000108
3280.379349841102, 0.00030484279205343704, 4.162881899999775
3280.379349841102, 0.00030484279205343704, 4.163813500000288
3280.379349841102, 0.00030484279205343704, 4.164701700000478
3280.379349841102, 0.00030484279205343704, 4.165584600000329
3280.379349841102, 0.00030484279205343704, 4.166181499999766
3280.379349841102, 0.00030484279205343704, 4.166672999999719
3280.379349841102, 0.00030484279205343704, 4.167233600000145
3280.379349841102, 0.00030484279205343704, 4.167794599999979
3280.379349841102, 0.00030484279205343704, 4.168320300000232
3280.379349841102, 0.00030484279205343704, 4.1688107999998465
3280.379349841102, 0.00030484279205343704, 4.1693764999999985
3280.379349841102, 0.00030484279205343704, 4.169835300000159
3280.379349841102, 0.00030484279205343704, 4.170422600000165
3280.379349841102, 0.00030484279205343704, 4.170878699999776
3280.379349841102, 0.00030484279205343704, 4.171467699999994
3280.379349841102, 0.00030484279205343704, 4.171957700000348
3280.379349841102, 0.00030484279205343704, 4.172521000000415
3280.379349841102, 0.00030484279205343704, 4.173015899999882
3280.379349841102, 0.00030484279205343704, 4.173547500000495
3280.379349841102, 0.00030484279205343704, 4.174024599999939
3280.379349841102, 0.00030484279205343704, 4.174530199999936
3280.379349841102, 0.00030484279205343704, 4.175058700000591
3280.379349841102, 0.00030484279205343704, 4.17552169999999
3280.379349841102, 0.00030484279205343704, 4.176015400000324
3280.379349841102, 0.00030484279205343704, 4.176506800000425
3280.379349841102, 0.00030484279205343704, 4.177094599999691
3280.379349841102, 0.00030484279205343704, 4.177554500000042
3280.379349841102, 0.00030484279205343704, 4.1780165000000125
3280.379349841102, 0.00030484279205343704, 4.17848529999992
3280.379349841102, 0.00030484279205343704, 4.178946799999721
3280.379349841102, 0.00030484279205343704, 4.179401000000325
3280.379349841102, 0.00030484279205343704, 4.179858100000274
3280.379349841102, 0.00030484279205343704, 4.180316699999821
3280.379349841102, 0.00030484279205343704, 4.180771400000594
3280.379349841102, 0.00030484279205343704, 4.18132979999973
3280.379349841102, 0.00030484279205343704, 4.182252200000221
3280.379349841102, 0.00030484279205343704, 4.183741100000589
3280.379349841102, 0.00030484279205343704, 4.184710700000323
3280.379349841102, 0.00030484279205343704, 4.18520080000053
3280.379349841102, 0.00030484279205343704, 4.185817600000519
3280.379349841102, 0.00030484279205343704, 4.186279000000468
3280.379349841102, 0.00030484279205343704, 4.18674160000046
3280.379349841102, 0.00030484279205343704, 4.187201300000197
3280.379349841102, 0.00030484279205343704, 4.18771949999973
3280.379349841102, 0.00030484279205343704, 4.188205500000549
3280.379349841102, 0.00030484279205343704, 4.188667200000054
3280.379349841102, 0.00030484279205343704, 4.189270200000465
3280.379349841102, 0.00030484279205343704, 4.189966200000526
3280.379349841102, 0.00030484279205343704, 4.19057040000007
3280.379349841102, 0.00030484279205343704, 4.191220599999724
3280.379349841102, 0.00030484279205343704, 4.191747800000485
3280.379349841102, 0.00030484279205343704, 4.192343200000323
3280.379349841102, 0.00030484279205343704, 4.193009900000106
3280.379349841102, 0.00030484279205343704, 4.193471200000204
3280.379349841102, 0.00030484279205343704, 4.1939463999997315
3280.379349841102, 0.00030484279205343704, 4.194570499999827
3280.379349841102, 0.00030484279205343704, 4.195130699999936
3280.379349841102, 0.00030484279205343704, 4.195926299999883
3280.379349841102, 0.00030484279205343704, 4.196596900000259
3280.379349841102, 0.00030361313521040504, 4.197161400000368
3280.379349841102, 0.00030484279205343704, 4.197987999999896
3280.379349841102, 0.00030484279205343704, 4.198957100000371
3280.379349841102, 0.00030407667631614195, 4.19979020000028
3280.379349841102, 0.00030484279205343704, 4.200594500000079
3280.379349841102, 0.00030484279205343704, 4.201335900000231
3280.379349841102, 0.00030484279205343704, 4.2017947000003915
3280.379349841102, 0.00030484279205343704, 4.20225660000051
3280.379349841102, 0.0003035767577608007, 4.2027884999997696
3280.379349841102, 0.00030484279205343704, 4.203286200000548
3280.379349841102, 0.00030484279205343704, 4.203809100000399
3280.379349841102, 0.00030484279205343704, 4.204301300000225
3280.379349841102, 0.00030484279205343704, 4.20486290000008
3280.379349841102, 0.00030484279205343704, 4.20539269999972
3280.379349841102, 0.00030484279205343704, 4.205881699999736
3280.379349841102, 0.00030484279205343704, 4.206438299999718
3280.379349841102, 0.00030484279205343704, 4.207005700000082
3280.379349841102, 0.00030484279205343704, 4.207466900000327
3280.379349841102, 0.00030484279205343704, 4.208027000000584
3280.379349841102, 0.00030484279205343704, 4.208550800000012
3280.379349841102, 0.00030484279205343704, 4.209045100000367
3280.379349841102, 0.00030484279205343704, 4.209604100000433
3280.379349841102, 0.00030484279205343704, 4.2101284000000305
3280.379349841102, 0.00030484279205343704, 4.210629700000027
3280.379349841102, 0.00030484279205343704, 4.211218700000245
3280.379349841102, 0.00030484279205343704, 4.211710000000494
3280.379349841102, 0.00030484279205343704, 4.212239100000261
3280.379349841102, 0.00030484279205343704, 4.213024800000312
3280.379349841102, 0.00030484279205343704, 4.214082800000142
3280.379349841102, 0.00030484279205343704, 4.214817099999891
3280.379349841102, 0.00030484279205343704, 4.215639799999735
3280.379349841102, 0.00030484279205343704, 4.2164450000000215
3280.379349841102, 0.00030484279205343704, 4.217145600000549
3280.379349841102, 0.00030484279205343704, 4.217747700000473
3280.379349841102, 0.00030484279205343704, 4.218245699999898
3280.379349841102, 0.00030484279205343704, 4.2187651000003825
3280.379349841102, 0.00030484279205343704, 4.219383300000118
3280.379349841102, 0.00030484279205343704, 4.21999120000055
3280.379349841102, 0.00030484279205343704, 4.220624700000371
3280.379349841102, 0.00030484279205343704, 4.221280700000534
3280.379349841102, 0.00030336543031575855, 4.221866699999737
3280.379349841102, 0.00030484279205343704, 4.222530000000006
3280.379349841102, 0.00030484279205343704, 4.223240500000429
3280.379349841102, 0.00030484279205343704, 4.2238626999996995
3280.379349841102, 0.00030484279205343704, 4.224571599999763
3280.379349841102, 0.00030484279205343704, 4.225136600000042
3280.379349841102, 0.00030484279205343704, 4.225809100000333
3280.379349841102, 0.00030484279205343704, 4.226478700000371
3280.379349841102, 0.00030484279205343704, 4.227185700000518
3280.379349841102, 0.00030484279205343704, 4.227685200000451
3280.379349841102, 0.00030484279205343704, 4.228338900000381
3280.379349841102, 0.00030484279205343704, 4.228837900000144
3280.379349841102, 0.00030484279205343704, 4.229393300000083
3280.379349841102, 0.00030484279205343704, 4.2298830999998245
3280.379349841102, 0.00030484279205343704, 4.230496099999982
3280.379349841102, 0.00030484279205343704, 4.23111340000014
3280.379349841102, 0.00030484279205343704, 4.231655499999761
3280.379349841102, 0.00030484279205343704, 4.232298599999922
3280.379349841102, 0.00030484279205343704, 4.232787500000086
3280.379349841102, 0.00030484279205343704, 4.23340619999999
3280.379349841102, 0.00030484279205343704, 4.233908700000029
3280.379349841102, 0.00030484279205343704, 4.234515799999826
3280.379349841102, 0.00030484279205343704, 4.235145000000557
3280.379349841102, 0.00030484279205343704, 4.235639200000151
3280.379349841102, 0.00030484279205343704, 4.236226500000157
3280.379349841102, 0.00030484279205343704, 4.236706400000003
3280.379349841102, 0.00030484279205343704, 4.237290099999882
3280.379349841102, 0.00030484279205343704, 4.237805599999774
3280.379349841102, 0.00030484279205343704, 4.238339800000176
3280.379349841102, 0.00030484279205343704, 4.238972000000103
3280.379349841102, 0.00030484279205343704, 4.239462499999718
3280.379349841102, 0.00030484279205343704, 4.240059900000233
3280.379349841102, 0.00030484279205343704, 4.2406441000002815
3280.379349841102, 0.00030484279205343704, 4.241197500000453
3280.379349841102, 0.00030484279205343704, 4.241815299999871
3280.379349841102, 0.00030484279205343704, 4.242303099999845
3280.379349841102, 0.00030484279205343704, 4.242915400000129
3280.379349841102, 0.00030484279205343704, 4.243394900000567
3280.379349841102, 0.00030484279205343704, 4.243943500000569
3280.379349841102, 0.00030484279205343704, 4.244657299999744
3280.379349841102, 0.00030484279205343704, 4.245311399999991
3280.379349841102, 0.00030484279205343704, 4.245996700000433
3280.379349841102, 0.00030484279205343704, 4.246833400000469
3280.379349841102, 0.00030484279205343704, 4.247550799999772
3280.379349841102, 0.00030484279205343704, 4.248565200000485
3280.379349841102, 0.00030484279205343704, 4.249314200000299
3280.379349841102, 0.00030484279205343704, 4.250218199999836
3280.379349841102, 0.00030484279205343704, 4.2507072999997035
3280.379349841102, 0.00030484279205343704, 4.251402300000336
3280.379349841102, 0.00030484279205343704, 4.251948500000253
3280.379349841102, 0.00030484279205343704, 4.252425300000141
3280.379349841102, 0.00030484279205343704, 4.253008499999851
3280.379349841102, 0.00030484279205343704, 4.253489800000352
3280.379349841102, 0.00030484279205343704, 4.254065900000569
3280.379349841102, 0.00030484279205343704, 4.254608899999766
3280.379349841102, 0.00030484279205343704, 4.255196900000556
3280.379349841102, 0.00030484279205343704, 4.2556687000005695
3280.379349841102, 0.00030484279205343704, 4.256140100000266
3280.379349841102, 0.00030484279205343704, 4.256616600000598
3280.379349841102, 0.00030484279205343704, 4.257097100000465
3280.379349841102, 0.00030484279205343704, 4.257570599999781
3280.379349841102, 0.00030484279205343704, 4.258044700000028
3280.379349841102, 0.00030484279205343704, 4.258587400000579
3280.379349841102, 0.00030484279205343704, 4.259156099999927
3280.379349841102, 0.00030484279205343704, 4.25969140000052
3280.379349841102, 0.00030484279205343704, 4.260394200000519
3280.379349841102, 0.00030484279205343704, 4.260948300000564
3280.379349841102, 0.00030484279205343704, 4.261443100000179
3280.379349841102, 0.00030484279205343704, 4.262007100000119
3280.379349841102, 0.00030484279205343704, 4.262555899999825
3280.379349841102, 0.00030484279205343704, 4.2630692000002455
3280.379349841102, 0.00030484279205343704, 4.2636176000005435
3280.379349841102, 0.00030484279205343704, 4.264137000000119
3280.379349841102, 0.00030484279205343704, 4.265597700000399
3280.379349841102, 0.00030484279205343704, 4.266478800000186
3280.379349841102, 0.00030484279205343704, 4.267138199999863
3280.379349841102, 0.00030484279205343704, 4.267911599999934
3280.379349841102, 0.00030484279205343704, 4.268457099999978
3280.379349841102, 0.00030484279205343704, 4.268939200000204
3280.379349841102, 0.00030484279205343704, 4.269418300000325
3280.379349841102, 0.00030484279205343704, 4.269886699999915
3280.379349841102, 0.00030484279205343704, 4.2703615000000354
3280.379349841102, 0.00030484279205343704, 4.270841100000325
3280.379349841102, 0.00030484279205343704, 4.271314499999789
3280.379349841102, 0.00030484279205343704, 4.271785300000374
3280.379349841102, 0.00030484279205343704, 4.272264600000199
3280.379349841102, 0.00030484279205343704, 4.272742300000573
3280.379349841102, 0.00030484279205343704, 4.273215799999889
3280.379349841102, 0.00030484279205343704, 4.2736916000003475
3280.379349841102, 0.00030484279205343704, 4.274173599999813
3280.379349841102, 0.00030484279205343704, 4.274648300000081
3280.379349841102, 0.00030484279205343704, 4.2751367000000755
3280.379349841102, 0.00030484279205343704, 4.275641799999903
3280.379349841102, 0.00030484279205343704, 4.276202500000181
3280.379349841102, 0.00030484279205343704, 4.2767203000003065
3280.379349841102, 0.00030484279205343704, 4.277196600000025
3280.379349841102, 0.00030484279205343704, 4.277657499999805
3280.379349841102, 0.00030484279205343704, 4.2781544999998005
3280.379349841102, 0.00030484279205343704, 4.278611200000341
3280.379349841102, 0.00030484279205343704, 4.279071599999952
3280.379349841102, 0.00030484279205343704, 4.279536900000494
3280.379349841102, 0.00030484279205343704, 4.280029399999876
3280.379349841102, 0.00030484279205343704, 4.280487300000459
3280.379349841102, 0.00030484279205343704, 4.281206999999995
3280.379349841102, 0.00030484279205343704, 4.281976199999917
3280.379349841102, 0.00030484279205343704, 4.282681200000297
3280.379349841102, 0.00030484279205343704, 4.283334100000502
3280.379349841102, 0.00030484279205343704, 4.283801499999754
3280.379349841102, 0.00030484279205343704, 4.284294600000067
3280.379349841102, 0.00030484279205343704, 4.284751899999719
3280.379349841102, 0.00030484279205343704, 4.285210099999858
3280.379349841102, 0.00030484279205343704, 4.285668800000167
3280.379349841102, 0.00030484279205343704, 4.28616669999974
3280.379349841102, 0.00030484279205343704, 4.286623200000577
3280.379349841102, 0.00030484279205343704, 4.287081299999954
3280.379349841102, 0.00030484279205343704, 4.287535899999966
3280.379349841102, 0.00030484279205343704, 4.288028599999961
3280.379349841102, 0.00030484279205343704, 4.288484700000481
3280.379349841102, 0.00030484279205343704, 4.288943999999901
3280.379349841102, 0.00030484279205343704, 4.289406099999724
3280.379349841102, 0.00030484279205343704, 4.289864999999736
3280.379349841102, 0.00030450644437669344, 4.290362100000493
3280.379349841102, 0.00030484279205343704, 4.290818500000569
3280.379349841102, 0.00030484279205343704, 4.291282600000159
3280.379349841102, 0.00030484279205343704, 4.291738099999748
3280.379349841102, 0.00030484279205343704, 4.292281900000489
3280.379349841102, 0.00030484279205343704, 4.292741899999783
3280.379349841102, 0.00030361313521040504, 4.2932104000001345
3280.379349841102, 0.00030484279205343704, 4.293670699999893
3280.379349841102, 0.00030484279205343704, 4.294129599999906
3280.379349841102, 0.00030484279205343704, 4.294591500000024
3280.379349841102, 0.00030484279205343704, 4.295051900000544
3280.379349841102, 0.00030484279205343704, 4.295509700000366
3280.379349841102, 0.00030484279205343704, 4.296001499999875
3280.379349841102, 0.00030484279205343704, 4.296460200000183
3280.379349841102, 0.00030484279205343704, 4.2969224999997095
3280.379349841102, 0.0003046892281428255, 4.297471500000029
3276.7986030190677, 0.0003051759113540433, 4.298074700000143
3276.7986030190677, 0.0003051759113540433, 4.298927599999843
3276.7986030190677, 0.0003051759113540433, 4.299611399999776
3276.7986030190677, 0.0003051759113540433, 4.300153500000306
3276.7986030190677, 0.0003051759113540433, 4.300617400000192
3276.7986030190677, 0.0003051759113540433, 4.301087699999698
3276.7986030190677, 0.0003051759113540433, 4.301556299999902
3276.7986030190677, 0.0003051759113540433, 4.302018500000486
3276.7986030190677, 0.0003051759113540433, 4.302476200000456
3276.7986030190677, 0.0003051759113540433, 4.302940800000215
3276.7986030190677, 0.0003051759113540433, 4.303400200000397
3276.7986030190677, 0.0003051759113540433, 4.303856800000176
3276.7986030190677, 0.0003051759113540433, 4.304317000000083
3276.7986030190677, 0.0003051759113540433, 4.304777000000286
3276.7986030190677, 0.0003051759113540433, 4.305258000000322
3276.7986030190677, 0.0003051759113540433, 4.305714400000397
3276.7986030190677, 0.0003051759113540433, 4.3062072000002445
3276.7986030190677, 0.0003051759113540433, 4.306670500000109
3276.7986030190677, 0.0003051759113540433, 4.307132099999762
3276.7986030190677, 0.0003051759113540433, 4.307591900000261
3276.7986030190677, 0.0003051759113540433, 4.308197100000143
3276.7986030190677, 0.0003051759113540433, 4.308666699999776
3276.7986030190677, 0.0003051759113540433, 4.309126500000275
3276.7986030190677, 0.0003051759113540433, 4.309582400000181
3276.7986030190677, 0.0003051759113540433, 4.3100446999997075
3276.7986030190677, 0.0003051759113540433, 4.310506400000122
3276.7986030190677, 0.0003051759113540433, 4.3109630999997535
3276.7986030190677, 0.0003051759113540433, 4.311421899999914
3276.7986030190677, 0.0003051759113540433, 4.31188100000054
3276.7986030190677, 0.0003051759113540433, 4.312337600000319
3276.7986030190677, 0.0003051759113540433, 4.3127927000005
3276.7986030190677, 0.0003051759113540433, 4.313253700000132
3276.7986030190677, 0.0003051759113540433, 4.313706200000524
3276.7986030190677, 0.0003051759113540433, 4.31416580000041
3276.7986030190677, 0.0003051759113540433, 4.314769200000228
3276.7986030190677, 0.0003051759113540433, 4.315740300000471
3276.7986030190677, 0.0003051759113540433, 4.316353799999888
3276.7986030190677, 0.0003051759113540433, 4.317029900000307
3276.7986030190677, 0.0003051759113540433, 4.317492500000299
3276.7986030190677, 0.0003051759113540433, 4.317982999999913
3276.7986030190677, 0.0003051759113540433, 4.318439300000136
3276.7986030190677, 0.0003051759113540433, 4.318903500000488
3276.7986030190677, 0.0003051759113540433, 4.319361599999866
3276.7986030190677, 0.0003051759113540433, 4.319831499999964
3276.7986030190677, 0.0003051759113540433, 4.320295600000463
3276.7986030190677, 0.0003051759113540433, 4.320751400000518
3276.7986030190677, 0.00030484279205343704, 4.321217100000467
3276.7986030190677, 0.0003051759113540433, 4.321675199999845
3276.7986030190677, 0.0003051759113540433, 4.322138600000471
3276.7986030190677, 0.0003051759113540433, 4.322596200000589
3276.7986030190677, 0.0003051759113540433, 4.323129500000505
3276.7986030190677, 0.0003051759113540433, 4.323588199999904
3276.7986030190677, 0.0003051759113540433, 4.324047500000233
3276.7986030190677, 0.0003051759113540433, 4.3245059999999285
3276.7986030190677, 0.0003051759113540433, 4.324961600000279
3276.7986030190677, 0.0003051759113540433, 4.325421200000164
3276.7986030190677, 0.0003051759113540433, 4.325910000000476
3276.7986030190677, 0.0003051759113540433, 4.3263652000005095
3276.7986030190677, 0.0003051759113540433, 4.326843499999995
3276.7986030190677, 0.0003051759113540433, 4.327321100000518
3276.7986030190677, 0.0003050014719713518, 4.327784600000086
3276.7986030190677, 0.0003046351895542569, 4.328274800000145
3276.7986030190677, 0.0003051759113540433, 4.328730600000199
3276.7986030190677, 0.0003051759113540433, 4.329191100000571
3276.7986030190677, 0.0003051759113540433, 4.329646299999695
3276.7986030190677, 0.0003051759113540433, 4.33013579999988
3276.7986030190677, 0.0003051759113540433, 4.330593300000146
3276.7986030190677, 0.0003051759113540433, 4.331151299999874
3276.7986030190677, 0.0003051759113540433, 4.331801999999698
3276.7986030190677, 0.0003051759113540433, 4.332545299999765
3276.7986030190677, 0.0003051759113540433, 4.333342500000072
3276.7986030190677, 0.0003051759113540433, 4.333810900000572
3276.7986030190677, 0.0003051759113540433, 4.3342686000005415
3276.7986030190677, 0.0003051759113540433, 4.334733400000005
3276.7986030190677, 0.0003051759113540433, 4.335204500000145
3276.7986030190677, 0.0003051759113540433, 4.3356604999999035
3276.7986030190677, 0.0003051759113540433, 4.336155800000597
3276.7986030190677, 0.0003051759113540433, 4.336612099999911
3276.7986030190677, 0.0003051759113540433, 4.3371460999997
3276.7986030190677, 0.0003051759113540433, 4.337618700000348
3276.7986030190677, 0.0003051759113540433, 4.338112100000217
3276.7986030190677, 0.0003051759113540433, 4.338572900000145
3276.7986030190677, 0.0003051759113540433, 4.3393606999998156
3276.7986030190677, 0.0003051759113540433, 4.340261199999986
3276.7986030190677, 0.0003051759113540433, 4.341155400000389
3276.7986030190677, 0.0003051759113540433, 4.342062100000476
3276.7986030190677, 0.0003051759113540433, 4.342964800000118
3276.7986030190677, 0.0003051759113540433, 4.3438670000005
3276.7986030190677, 0.0003051759113540433, 4.344769100000121
3276.7986030190677, 0.0003051759113540433, 4.345658100000037
3276.7986030190677, 0.0003051759113540433, 4.3465806000003795
3276.7986030190677, 0.0003051759113540433, 4.347503200000574
3276.7986030190677, 0.0003051759113540433, 4.34883230000014
3276.7986030190677, 0.0003051759113540433, 4.349853800000346
3276.7986030190677, 0.0003051759113540433, 4.350805900000523
3276.7986030190677, 0.0003051759113540433, 4.352069100000335
3276.7986030190677, 0.0003051759113540433, 4.352907200000118
3276.7986030190677, 0.0003051759113540433, 4.353819099999782
3276.7986030190677, 0.0003051759113540433, 4.354512099999738
3276.7986030190677, 0.0003051759113540433, 4.356367200000022
3276.7986030190677, 0.0003051759113540433, 4.358134300000529
3276.7986030190677, 0.0003051759113540433, 4.359054399999877
3276.7986030190677, 0.0003051759113540433, 4.359531199999765
3276.7986030190677, 0.0003051759113540433, 4.360128000000259
3276.7986030190677, 0.0003051759113540433, 4.360897300000033
3276.7986030190677, 0.0003051759113540433, 4.3616376999998465
3276.7986030190677, 0.0003051759113540433, 4.362355400000524
3276.7986030190677, 0.0003051759113540433, 4.363121200000023
3276.7986030190677, 0.0003051759113540433, 4.363892000000305
3276.7986030190677, 0.0003051759113540433, 4.364729200000511
3276.7986030190677, 0.0003051759113540433, 4.36547470000005
3276.7986030190677, 0.0003051759113540433, 4.366727000000537
3276.7986030190677, 0.0003051759113540433, 4.367613800000072
3276.7986030190677, 0.0003051759113540433, 4.368416299999808
3276.7986030190677, 0.0003051759113540433, 4.369167699999707
3276.7986030190677, 0.0003051759113540433, 4.36963250000008
3276.7986030190677, 0.0003051759113540433, 4.37036900000021
3276.7986030190677, 0.0003051759113540433, 4.3714750999997705
3276.7986030190677, 0.0003051759113540433, 4.372408400000495
3276.7986030190677, 0.0003037499947506394, 4.373265600000195
3276.7986030190677, 0.0003051759113540433, 4.3741314999997485
3276.7986030190677, 0.0003051759113540433, 4.374981900000421
3276.7986030190677, 0.0003051759113540433, 4.375863700000082
3276.7986030190677, 0.0003051759113540433, 4.376717000000099
3276.7986030190677, 0.0003051759113540433, 4.377564000000348
3276.7986030190677, 0.0003051759113540433, 4.3784450000002835
3276.7986030190677, 0.0003051759113540433, 4.37929129999975
3276.7986030190677, 0.0003051759113540433, 4.380153099999916
3276.7986030190677, 0.0003051759113540433, 4.381150899999739
3276.7986030190677, 0.0003051759113540433, 4.382238299999699
3276.7986030190677, 0.0003051759113540433, 4.383091599999716
3276.7986030190677, 0.0003051759113540433, 4.383935400000155
3276.7986030190677, 0.0003051759113540433, 4.3848893000003955
3276.7986030190677, 0.0003051759113540433, 4.385774899999888
3276.7986030190677, 0.0003051759113540433, 4.386629200000243
3276.7986030190677, 0.0003051759113540433, 4.387571400000525
3276.7986030190677, 0.0003051759113540433, 4.38845289999972
3276.7986030190677, 0.0003051759113540433, 4.389122300000054
3276.7986030190677, 0.0003051759113540433, 4.389651200000117
3276.7986030190677, 0.0003051759113540433, 4.390166000000136
3276.7986030190677, 0.0003051759113540433, 4.39068750000024
3276.7986030190677, 0.0003051759113540433, 4.391204499999731
3276.7986030190677, 0.0003051759113540433, 4.3917185999998765
3276.7986030190677, 0.0003051759113540433, 4.392231599999832
3276.7986030190677, 0.0003051759113540433, 4.392750799999703
3276.7986030190677, 0.0003051759113540433, 4.393267000000378
3276.7986030190677, 0.0003050032624101275, 4.393782400000418
3276.7986030190677, 0.00030508597957355565, 4.3942949000002045
3276.7986030190677, 0.0003051759113540433, 4.394824400000289
3276.7986030190677, 0.0003051759113540433, 4.395342800000435
3276.7986030190677, 0.0003051759113540433, 4.395880500000203
3276.7986030190677, 0.0003051759113540433, 4.396341300000131
3276.7986030190677, 0.0003051759113540433, 4.39680159999989
3276.7986030190677, 0.0003051759113540433, 4.397259800000029
3276.7986030190677, 0.0003051759113540433, 4.397931800000151
3276.7986030190677, 0.0003051759113540433, 4.398402300000271
3276.7986030190677, 0.0003051759113540433, 4.3988594000002195
3276.7986030190677, 0.0003051759113540433, 4.399322299999767
3276.7986030190677, 0.0003051759113540433, 4.3997841999998855
3276.7986030190677, 0.0003051759113540433, 4.400240900000426
3276.7986030190677, 0.0003051759113540433, 4.400695000000269
3276.7986030190677, 0.0003051759113540433, 4.401157299999795
3276.7986030190677, 0.0003051759113540433, 4.40161420000004
3276.7986030190677, 0.0003051759113540433, 4.402067799999713
3276.7986030190677, 0.0003051759113540433, 4.402528300000085
3276.7986030190677, 0.0003051759113540433, 4.402984299999844
3276.7986030190677, 0.0003051759113540433, 4.403437200000553
3276.7986030190677, 0.0003051759113540433, 4.403893499999867
3276.7986030190677, 0.0003051759113540433, 4.404351000000133
3276.7986030190677, 0.0003051759113540433, 4.404812700000548
3276.7986030190677, 0.0003051759113540433, 4.405269300000327
3276.7986030190677, 0.0003051759113540433, 4.405724000000191
3276.7986030190677, 0.0003051759113540433, 4.406454400000257
3276.7986030190677, 0.0003051759113540433, 4.407216900000094
3276.7986030190677, 0.0003051759113540433, 4.408072000000175
3276.7986030190677, 0.0003051759113540433, 4.40853160000006
3276.7986030190677, 0.0003051759113540433, 4.408992399999988
3276.7986030190677, 0.0003051759113540433, 4.409448999999768
3276.7986030190677, 0.0003051759113540433, 4.410001199999897
3276.7986030190677, 0.0003051759113540433, 4.41047669999989
3276.7986030190677, 0.0003051759113540433, 4.410939399999734
3276.7986030190677, 0.0003051759113540433, 4.41139480000038
3276.7986030190677, 0.0003051759113540433, 4.411849900000561
3276.7986030190677, 0.0003051759113540433, 4.412310100000468
3276.7986030190677, 0.00030372057767983653, 4.412773500000185
3276.7986030190677, 0.0003051759113540433, 4.41323470000043
3276.7986030190677, 0.0003051759113540433, 4.413692000000083
3276.7986030190677, 0.0003051759113540433, 4.414149299999735
3276.7986030190677, 0.0003051759113540433, 4.4146746000005805
3276.7986030190677, 0.0003051759113540433, 4.415130399999725
3276.7986030190677, 0.0003051759113540433, 4.415583300000435
3276.7986030190677, 0.0003051759113540433, 4.416127399999823
3276.7986030190677, 0.0003051759113540433, 4.416593099999773
3276.7986030190677, 0.00030427867572029764, 4.417051500000525
3276.7986030190677, 0.0003051759113540433, 4.417509900000368
3276.7986030190677, 0.0003051759113540433, 4.417966200000592
3276.7986030190677, 0.0003051759113540433, 4.418532599999708
3276.7986030190677, 0.0003051759113540433, 4.418992200000503
3276.7986030190677, 0.0003051759113540433, 4.419448800000282
3276.7986030190677, 0.0003051759113540433, 4.419906600000104
3276.7986030190677, 0.0003051759113540433, 4.420361800000137
3276.7986030190677, 0.0003051759113540433, 4.420814000000064
3276.7986030190677, 0.0003051759113540433, 4.421274500000436
3276.7986030190677, 0.0003051759113540433, 4.421727699999792
3276.7986030190677, 0.0003051759113540433, 4.422179899999719
3276.7986030190677, 0.0003051759113540433, 4.422635099999752
3276.7986030190677, 0.0003051759113540433, 4.423093200000039
3276.7986030190677, 0.0003051759113540433, 4.423552899999777
3276.7986030190677, 0.0003051759113540433, 4.424008800000593
3276.7986030190677, 0.0003051759113540433, 4.424467100000584
3276.7986030190677, 0.0003051759113540433, 4.424920200000088
3276.7986030190677, 0.0003051759113540433, 4.425374600000396
3276.7986030190677, 0.0003051759113540433, 4.425831300000027
3276.7986030190677, 0.0003051759113540433, 4.42640080000001
3276.7986030190677, 0.0003051759113540433, 4.426857899999959
3276.7986030190677, 0.0003051759113540433, 4.427313600000161
3276.7986030190677, 0.0003051759113540433, 4.4277687000003425
3276.7986030190677, 0.0003051759113540433, 4.428227800000059
3276.7986030190677, 0.0003051759113540433, 4.428792200000316
3276.7986030190677, 0.0003051759113540433, 4.429247900000519
3276.7986030190677, 0.0003051759113540433, 4.429710700000214
3276.7986030190677, 0.0003051759113540433, 4.430170000000544
3276.7986030190677, 0.0003051759113540433, 4.430626899999879
3276.7986030190677, 0.0003051759113540433, 4.431191599999693
3276.7986030190677, 0.0003051759113540433, 4.431670699999813
3276.7986030190677, 0.0003051759113540433, 4.432138699999996
3276.7986030190677, 0.0003051759113540433, 4.4326630000005025
3276.7986030190677, 0.0003051759113540433, 4.433115400000133
3276.7986030190677, 0.0003051759113540433, 4.4335737999999765
3276.7986030190677, 0.0003051759113540433, 4.434030899999925
3276.7986030190677, 0.0003051759113540433, 4.4344865000002756
3276.7986030190677, 0.0003051759113540433, 4.43500640000002
3276.7986030190677, 0.0003051759113540433, 4.435486200000014
3276.7986030190677, 0.0003051759113540433, 4.4359424000003855
3276.7986030190677, 0.0003051759113540433, 4.436397299999953
3276.7986030190677, 0.0003051759113540433, 4.436939400000483
3276.7986030190677, 0.0003051759113540433, 4.437395099999776
3276.7986030190677, 0.0003051759113540433, 4.4378536000003805
3276.7986030190677, 0.0003051759113540433, 4.438312000000224
3276.7986030190677, 0.0003051759113540433, 4.438884000000144
3276.7986030190677, 0.0003051759113540433, 4.4393722000004345
3276.7986030190677, 0.0003051759113540433, 4.439826700000594
3276.7986030190677, 0.0003051759113540433, 4.440280599999824
3276.7986030190677, 0.0003051759113540433, 4.440739700000449
3276.7986030190677, 0.0003051759113540433, 4.441195000000334
3276.7986030190677, 0.0003051759113540433, 4.441654100000051
3276.7986030190677, 0.0003051759113540433, 4.44225170000027
3276.7986030190677, 0.0003051759113540433, 4.442729999999756
3276.7986030190677, 0.0003051759113540433, 4.443186399999831
3276.7986030190677, 0.0003051759113540433, 4.4436469000002035
3276.7986030190677, 0.0003051759113540433, 4.444105600000512
3276.7986030190677, 0.0003051759113540433, 4.444562000000587
3276.7986030190677, 0.0003051759113540433, 4.445018000000346
3276.7986030190677, 0.0003051759113540433, 4.445476800000506
3276.7986030190677, 0.0003051759113540433, 4.4459701000005225
3276.7986030190677, 0.0003051759113540433, 4.446459900000264
3276.7986030190677, 0.0003051759113540433, 4.446995100000095
3276.7986030190677, 0.0003051759113540433, 4.447455399999853
3276.7986030190677, 0.0003051759113540433, 4.447950900000251
3276.7986030190677, 0.0003051759113540433, 4.448405000000093
3276.7986030190677, 0.0003051759113540433, 4.448970299999928
3276.7986030190677, 0.0003051759113540433, 4.449472500000411
3276.7986030190677, 0.0003051759113540433, 4.449998400000368
3276.7986030190677, 0.0003051759113540433, 4.45045459999983
3276.7986030190677, 0.0003051759113540433, 4.450991700000486
3276.7986030190677, 0.0003051759113540433, 4.451461499999823
3276.7986030190677, 0.0003051759113540433, 4.451923499999793
3276.7986030190677, 0.0003051759113540433, 4.452382399999806
3276.7986030190677, 0.0003051759113540433, 4.452846299999692
3276.7986030190677, 0.0003051759113540433, 4.453345200000513
3276.7986030190677, 0.0003051759113540433, 4.453839200000402
3276.7986030190677, 0.0003051759113540433, 4.454305400000521
3273.217856197034, 0.00030550975948843295, 4.4547670000001744
3273.217856197034, 0.00030550975948843295, 4.455231699999786
3273.217856197034, 0.00030550975948843295, 4.455696900000476
3273.217856197034, 0.00030550975948843295, 4.456152599999768
3273.217856197034, 0.00030550975948843295, 4.4566147000005
3273.217856197034, 0.00030550975948843295, 4.457347900000059
3273.217856197034, 0.00030550975948843295, 4.458110200000192
3273.217856197034, 0.00030550975948843295, 4.458961100000124
3273.217856197034, 0.00030550975948843295, 4.459435200000371
3273.217856197034, 0.00030550975948843295, 4.460011300000588
3273.217856197034, 0.00030550975948843295, 4.460488100000475
3273.217856197034, 0.00030550975948843295, 4.460955100000319
3273.217856197034, 0.00030550975948843295, 4.461451099999977
3273.217856197034, 0.00030550975948843295, 4.461906100000306
3273.217856197034, 0.00030550975948843295, 4.4623609999998735
3273.217856197034, 0.00030550975948843295, 4.462816000000203
3273.217856197034, 0.00030550975948843295, 4.463276500000575
3273.217856197034, 0.00030550975948843295, 4.463735899999847
3273.217856197034, 0.00030550975948843295, 4.4642894999997225
3266.0563625529667, 0.0003061796518472613, 4.464761299999736
3266.0563625529667, 0.0003061796518472613, 4.465223400000468
3266.0563625529667, 0.0003061796518472613, 4.4656792000005225
3266.0563625529667, 0.0003061796518472613, 4.46613410000009
3266.0563625529667, 0.0003061796518472613, 4.4665899999999965
3266.0563625529667, 0.0003061796518472613, 4.467154599999958
3266.0563625529667, 0.0003061796518472613, 4.467615900000055
3266.0563625529667, 0.00030550975948843295, 4.4681086999999025
3266.0563625529667, 0.0003061796518472613, 4.468600899999728
3266.0563625529667, 0.0003061796518472613, 4.469119999999748
3266.0563625529667, 0.0003061796518472613, 4.4696249999997235
3266.0563625529667, 0.0003061796518472613, 4.470084999999926
3266.0563625529667, 0.0003061796518472613, 4.470546999999897
3266.0563625529667, 0.0003061796518472613, 4.471001200000501
3266.0563625529667, 0.0003061796518472613, 4.4714788000001136
3266.0563625529667, 0.0003061796518472613, 4.472023700000136
3266.0563625529667, 0.0003061796518472613, 4.472481900000275
3266.0563625529667, 0.0003061796518472613, 4.472937800000182
3266.0563625529667, 0.0003061796518472613, 4.47340129999975
3266.0563625529667, 0.00030514353428397407, 4.473864399999911
3266.0563625529667, 0.00030514353428397407, 4.474321599999712
3266.0563625529667, 0.0003061796518472613, 4.474776799999745
3266.0563625529667, 0.0003061796518472613, 4.475267100000565
3266.0563625529667, 0.0003061796518472613, 4.475745100000495
3266.0563625529667, 0.0003061796518472613, 4.476219799999853
3266.0563625529667, 0.0003061796518472613, 4.476677300000119
3266.0563625529667, 0.0003061796518472613, 4.477135500000259
3266.0563625529667, 0.0003061796518472613, 4.477961999999934
3266.0563625529667, 0.0003061796518472613, 4.478746700000556
3266.0563625529667, 0.0003061796518472613, 4.479558300000463
3266.0563625529667, 0.0003061796518472613, 4.480013399999734
3266.0563625529667, 0.0003061796518472613, 4.480480899999748
3266.0563625529667, 0.0003061796518472613, 4.480939099999887
3266.0563625529667, 0.0003061796518472613, 4.481394600000385
3266.0563625529667, 0.0003061796518472613, 4.481849499999953
3266.0563625529667, 0.0003061796518472613, 4.482313800000156
3266.0563625529667, 0.0003061796518472613, 4.482806300000448
3266.0563625529667, 0.0003061796518472613, 4.483298400000422
3266.0563625529667, 0.0003061796518472613, 4.483758600000328
3266.0563625529667, 0.0003061796518472613, 4.484217700000045
3266.0563625529667, 0.0003061796518472613, 4.484672900000078
3266.0563625529667, 0.0003061796518472613, 4.485128400000576
3266.0563625529667, 0.0003061796518472613, 4.48558839999987
3266.0563625529667, 0.0003061796518472613, 4.486042100000304
3266.0563625529667, 0.0003061796518472613, 4.486823899999763
3266.0563625529667, 0.0003061796518472613, 4.48753459999989
3266.0563625529667, 0.0003061796518472613, 4.488137800000004
3266.0563625529667, 0.0003061796518472613, 4.488637700000254
3266.0563625529667, 0.0003061796518472613, 4.489097700000457
3266.0563625529667, 0.0003061796518472613, 4.489628600000287
3266.0563625529667, 0.0003061796518472613, 4.490120800000113
3266.0563625529667, 0.0003061796518472613, 4.490612200000214
3266.0563625529667, 0.0003061796518472613, 4.491072400000121
3266.0563625529667, 0.0003061796518472613, 4.491569400000117
3266.0563625529667, 0.0003061796518472613, 4.492026500000065
3266.0563625529667, 0.0003061796518472613, 4.492601800000557
3266.0563625529667, 0.0003061796518472613, 4.493416400000569
3266.0563625529667, 0.0003061796518472613, 4.493984900000214
3266.0563625529667, 0.0003061796518472613, 4.494500800000424
3266.0563625529667, 0.0003061796518472613, 4.494985400000587
3266.0563625529667, 0.0003061796518472613, 4.495465400000285
3266.0563625529667, 0.0003061796518472613, 4.495934700000362
3266.0563625529667, 0.0003061796518472613, 4.496407200000249
3266.0563625529667, 0.0003061796518472613, 4.496880100000453
3266.0563625529667, 0.0003061796518472613, 4.49735630000032
3266.0563625529667, 0.0003061796518472613, 4.497946700000284
3266.0563625529667, 0.0003061796518472613, 4.498850300000413
3266.0563625529667, 0.0003061796518472613, 4.499856700000237
3266.0563625529667, 0.0003061796518472613, 4.500839700000142
3266.0563625529667, 0.0003061796518472613, 4.50191360000008
3266.0563625529667, 0.0003061796518472613, 4.502798000000439
3266.0563625529667, 0.0003061796518472613, 4.503761599999962
3266.0563625529667, 0.0003061796518472613, 4.504842199999985
3266.0563625529667, 0.0003061796518472613, 4.505812500000502
3266.0563625529667, 0.0003061796518472613, 4.506785100000343
3266.0563625529667, 0.0003061796518472613, 4.507762899999761
3266.0563625529667, 0.0003061796518472613, 4.508953100000326
3266.0563625529667, 0.0003061796518472613, 4.510053599999992
3266.0563625529667, 0.0003061796518472613, 4.510756300000139
3266.0563625529667, 0.0003061796518472613, 4.511239500000556
3266.0563625529667, 0.0003061796518472613, 4.511760800000047
3266.0563625529667, 0.0003061796518472613, 4.512503900000411
3266.0563625529667, 0.0003061796518472613, 4.512987300000532
3266.0563625529667, 0.0003061796518472613, 4.513522899999771
3266.0563625529667, 0.0003061796518472613, 4.5139821000002485
3266.0563625529667, 0.0003061796518472613, 4.514619600000515
3266.0563625529667, 0.0003061796518472613, 4.515499199999795
3266.0563625529667, 0.0003061796518472613, 4.516094100000373
3266.0563625529667, 0.0003061796518472613, 4.516689500000211
3266.0563625529667, 0.0003061796518472613, 4.517194000000018
3266.0563625529667, 0.0003061796518472613, 4.518107099999725
3266.0563625529667, 0.0003061796518472613, 4.519695300000421
3266.0563625529667, 0.0003061796518472613, 4.520322800000031
3266.0563625529667, 0.0003061796518472613, 4.520820100000492
3266.0563625529667, 0.0003061796518472613, 4.521281000000272
3266.0563625529667, 0.0003061796518472613, 4.521773100000246
3266.0563625529667, 0.0003061796518472613, 4.522227899999962
3266.0563625529667, 0.0003061796518472613, 4.522719900000084
3266.0563625529667, 0.0003061796518472613, 4.5232277000004615
3266.0563625529667, 0.0003061796518472613, 4.524116999999933
3266.0563625529667, 0.0003061796518472613, 4.52494040000056
3266.0563625529667, 0.0003061796518472613, 4.525438000000577
3266.0563625529667, 0.0003057876165058562, 4.52591029999985
3266.0563625529667, 0.0003061796518472613, 4.526380500000414
3266.0563625529667, 0.0003061796518472613, 4.526852500000132
3266.0563625529667, 0.0003061796518472613, 4.527467400000205
3266.0563625529667, 0.0003061796518472613, 4.527950100000453
3266.0563625529667, 0.0003061796518472613, 4.528431800000362
3266.0563625529667, 0.0003061796518472613, 4.528909900000144
3266.0563625529667, 0.0003061796518472613, 4.5294253000001845
3266.0563625529667, 0.0003061796518472613, 4.5298979999997755
3266.0563625529667, 0.0003061796518472613, 4.530373800000234
3266.0563625529667, 0.0003061796518472613, 4.5310920000001715
3266.0563625529667, 0.0003061796518472613, 4.532391800000369
3266.0563625529667, 0.0003061796518472613, 4.533402000000024
3266.0563625529667, 0.0003061796518472613, 4.534321600000112
3266.0563625529667, 0.0003061796518472613, 4.5352552000003925
3266.0563625529667, 0.0003061796518472613, 4.536147100000562
3266.0563625529667, 0.0003061796518472613, 4.537042800000563
3266.0563625529667, 0.0003061796518472613, 4.538171600000169
3266.0563625529667, 0.0003048545152085606, 4.539270199999919
3266.0563625529667, 0.0003048545152085606, 4.5401905999997325
3266.0563625529667, 0.0003061796518472613, 4.5411284000001615
3266.0563625529667, 0.0003061796518472613, 4.542015799999717
3266.0563625529667, 0.0003061796518472613, 4.542900500000542
3266.0563625529667, 0.0003061796518472613, 4.543794600000183
3266.0563625529667, 0.0003061796518472613, 4.544695999999931
3266.0563625529667, 0.0003061796518472613, 4.546055900000283
3266.0563625529667, 0.0003061796518472613, 4.54704430000038
3266.0563625529667, 0.0003061796518472613, 4.548154699999941
3266.0563625529667, 0.0003061796518472613, 4.549226400000407
3266.0563625529667, 0.0003061796518472613, 4.550167000000329
3266.0563625529667, 0.0003061796518472613, 4.551055500000075
3266.0563625529667, 0.0003061796518472613, 4.5519380000005185
3266.0563625529667, 0.0003061796518472613, 4.5531718000002
3266.0563625529667, 0.0003061796518472613, 4.554211700000451
3266.0563625529667, 0.0003061796518472613, 4.554802800000289
3266.0563625529667, 0.0003061796518472613, 4.555304100000285
3266.0563625529667, 0.0003061796518472613, 4.555779799999982
3266.0563625529667, 0.0003061796518472613, 4.556277900000168
3266.0563625529667, 0.0003061796518472613, 4.556775500000185
3266.0563625529667, 0.0003061796518472613, 4.557256500000221
3266.0563625529667, 0.0003061796518472613, 4.557765300000028
3266.0563625529667, 0.0003061796518472613, 4.558239599999979
3266.0563625529667, 0.0003061796518472613, 4.558710400000564
3266.0563625529667, 0.0003061796518472613, 4.55918660000043
3266.0563625529667, 0.0003061796518472613, 4.559713100000408
3266.0563625529667, 0.0003061796518472613, 4.560267800000474
3266.0563625529667, 0.0003061796518472613, 4.560872500000187
3266.0563625529667, 0.0003061796518472613, 4.561350800000582
3266.0563625529667, 0.0003061796518472613, 4.561823500000173
3266.0563625529667, 0.0003061796518472613, 4.562297899999976
3266.0563625529667, 0.0003061796518472613, 4.562767100000201
3266.0563625529667, 0.0003061796518472613, 4.563234600000214
3266.0563625529667, 0.0003061796518472613, 4.563743499999873
3266.0563625529667, 0.0003061796518472613, 4.564219800000501
3266.0563625529667, 0.0003061796518472613, 4.564866400000028
3266.0563625529667, 0.0003061796518472613, 4.565487800000483
3266.0563625529667, 0.0003061796518472613, 4.565952400000242
3266.0563625529667, 0.0003061796518472613, 4.566448800000217
3266.0563625529667, 0.0003061796518472613, 4.566909000000123
3266.0563625529667, 0.0003061796518472613, 4.567538400000558
3266.0563625529667, 0.00030570184021440686, 4.568289800000457
3266.0563625529667, 0.0003061796518472613, 4.568747199999962
3266.0563625529667, 0.0003061796518472613, 4.569220999999743
3266.0563625529667, 0.0003061796518472613, 4.5697251999999935
3266.0563625529667, 0.0003061796518472613, 4.570187899999837
3266.0563625529667, 0.0003061796518472613, 4.570680800000446
3266.0563625529667, 0.0003061796518472613, 4.571175199999743
3266.0563625529667, 0.0003061796518472613, 4.57170430000042
3266.0563625529667, 0.0003061796518472613, 4.572161099999903
3266.0563625529667, 0.0003061796518472613, 4.572696799999903
3266.0563625529667, 0.0003061796518472613, 4.573153000000275
3266.0563625529667, 0.0003061796518472613, 4.573683399999936
3266.0563625529667, 0.0003061796518472613, 4.574140400000033
3266.0563625529667, 0.0003061796518472613, 4.574731900000188
3266.0563625529667, 0.0003061796518472613, 4.57543910000004
3266.0563625529667, 0.0003061796518472613, 4.575910600000498
3266.0563625529667, 0.0003061796518472613, 4.576383999999962
3266.0563625529667, 0.0003061796518472613, 4.576854099999764
3266.0563625529667, 0.0003061796518472613, 4.57736660000046
3266.0563625529667, 0.0003061796518472613, 4.577836700000262
3266.0563625529667, 0.0003061796518472613, 4.578307300000233
3266.0563625529667, 0.0003061796518472613, 4.578774200000225
3266.0563625529667, 0.0003061796518472613, 4.5792943000005835
3266.0563625529667, 0.0003061796518472613, 4.579761200000576
3266.0563625529667, 0.0003061796518472613, 4.580234799999744
3266.0563625529667, 0.0003061796518472613, 4.580703999999969
3266.0563625529667, 0.0003061796518472613, 4.581214900000305
3266.0563625529667, 0.0003061796518472613, 4.581864400000086
3266.0563625529667, 0.0003061796518472613, 4.58247720000054
3266.0563625529667, 0.0003061796518472613, 4.583166000000347
3266.0563625529667, 0.0003061796518472613, 4.583644000000277
3266.0563625529667, 0.00030603601804436503, 4.584115300000121
3266.0563625529667, 0.0003061796518472613, 4.584585300000072
3266.0563625529667, 0.0003061796518472613, 4.585056200000508
3266.0563625529667, 0.0003061796518472613, 4.585527100000036
3266.0563625529667, 0.0003061796518472613, 4.585998600000494
3266.0563625529667, 0.0003061796518472613, 4.586475199999768
3266.0563625529667, 0.0003061796518472613, 4.5869423000003735
3266.0563625529667, 0.0003061796518472613, 4.587446900000032
3266.0563625529667, 0.0003061796518472613, 4.5879148000003624
3266.0563625529667, 0.0003061796518472613, 4.588430100000551
3266.0563625529667, 0.0003061796518472613, 4.588905999999952
3266.0563625529667, 0.0003061796518472613, 4.589452299999721
3266.0563625529667, 0.0003061796518472613, 4.590124100000139
3266.0563625529667, 0.0003061796518472613, 4.5906024000005345
3266.0563625529667, 0.0003061796518472613, 4.591071200000442
3266.0563625529667, 0.0003061796518472613, 4.591541200000393
3266.0563625529667, 0.0003061796518472613, 4.592013800000132
3266.0563625529667, 0.0003061796518472613, 4.59249009999985
3266.0563625529667, 0.0003061796518472613, 4.592960900000435
3266.0563625529667, 0.0003061796518472613, 4.593433900000491
3266.0563625529667, 0.0003061796518472613, 4.593909500000336
3266.0563625529667, 0.0003061796518472613, 4.59438020000016
3266.0563625529667, 0.0003061796518472613, 4.594847899999877
3266.0563625529667, 0.0003061796518472613, 4.5953270999998495
3266.0563625529667, 0.0003061796518472613, 4.59578590000001
3266.0563625529667, 0.0003061796518472613, 4.596279000000322
3266.0563625529667, 0.0003061796518472613, 4.596861600000011
3266.0563625529667, 0.0003061796518472613, 4.597469999999703
3266.0563625529667, 0.0003061796518472613, 4.59805039999992
3266.0563625529667, 0.0003061796518472613, 4.598675299999741
3266.0563625529667, 0.0003061796518472613, 4.599172899999758
3266.0563625529667, 0.0003061796518472613, 4.599666199999774
3266.0563625529667, 0.0003061796518472613, 4.600142000000233
3266.0563625529667, 0.0003061796518472613, 4.600617500000226
3266.0563625529667, 0.0003061796518472613, 4.601108599999861
3266.0563625529667, 0.0003061796518472613, 4.601604100000259
3266.0563625529667, 0.0003061796518472613, 4.602059100000588
3266.0563625529667, 0.0003061796518472613, 4.6025500000005195
3266.0563625529667, 0.0003061796518472613, 4.603009800000109
3266.0563625529667, 0.0003061796518472613, 4.603503400000591
3266.0563625529667, 0.0003061796518472613, 4.604005299999699
3266.0563625529667, 0.0003061796518472613, 4.60489409999991
3266.0563625529667, 0.0003061796518472613, 4.6055028000000675
3266.0563625529667, 0.0003061796518472613, 4.605962300000101
3266.0563625529667, 0.0003061796518472613, 4.606500900000356
3266.0563625529667, 0.0003061796518472613, 4.6069679000002
3266.0563625529667, 0.0003061796518472613, 4.607521500000075
3266.0563625529667, 0.0003061796518472613, 4.607998200000111
3266.0563625529667, 0.0003061796518472613, 4.608503800000108
3266.0563625529667, 0.0003061796518472613, 4.60896589999993
3266.0563625529667, 0.0003061796518472613, 4.609499799999867
3266.0563625529667, 0.0003061796518472613, 4.609958900000493
3266.0563625529667, 0.0003061796518472613, 4.610460900000362
3266.0563625529667, 0.0003061796518472613, 4.6109269999997196
3266.0563625529667, 0.0003061796518472613, 4.611437300000034
3266.0563625529667, 0.0003061796518472613, 4.6121947999999975
3266.0563625529667, 0.0003061796518472613, 4.612658600000032
3266.0563625529667, 0.0003061796518472613, 4.613157700000556
3266.0563625529667, 0.0003061796518472613, 4.613634000000275
3266.0563625529667, 0.0003061796518472613, 4.614341899999999
3266.0563625529667, 0.0003061796518472613, 4.6148815000005925
3266.0563625529667, 0.0003061796518472613, 4.615543099999741
3266.0563625529667, 0.0003061796518472613, 4.616002599999774
3266.0563625529667, 0.0003061796518472613, 4.6165092999999615
3266.0563625529667, 0.0003061796518472613, 4.616972700000588
3266.0563625529667, 0.0003061796518472613, 4.617503899999974
3266.0563625529667, 0.0003061796518472613, 4.617960399999902
3266.0563625529667, 0.0003061796518472613, 4.618475500000386
3266.0563625529667, 0.0003061796518472613, 4.61902530000043
3266.0563625529667, 0.0003061796518472613, 4.619685600000594
3266.0563625529667, 0.0003061796518472613, 4.620212200000424
3266.0563625529667, 0.0003061796518472613, 4.620673999999781
3266.0563625529667, 0.0003061796518472613, 4.621162600000389
3266.0563625529667, 0.0003061796518472613, 4.621626699999979
3266.0563625529667, 0.0003061796518472613, 4.622115500000291
3266.0563625529667, 0.0003061796518472613, 4.622609400000329
3266.0563625529667, 0.0003061796518472613, 4.6231212000002415
3266.0563625529667, 0.0003061796518472613, 4.623594900000171
3266.0563625529667, 0.0003061796518472613, 4.6240942000004
3266.0563625529667, 0.0003061796518472613, 4.624592400000438
3266.0563625529667, 0.0003061796518472613, 4.625107400000161
3266.0563625529667, 0.0003061796518472613, 4.625654600000416
3266.0563625529667, 0.0003061796518472613, 4.626363299999866
3266.0563625529667, 0.00030588127531389563, 4.627206099999967
3262.79694253178, 0.00030648551461006523, 4.627669900000001
3262.79694253178, 0.00030648551461006523, 4.6281723000001875
3262.79694253178, 0.00030648551461006523, 4.628632699999798
3262.79694253178, 0.00030648551461006523, 4.629157200000009
3262.79694253178, 0.00030648551461006523, 4.629634099999748
3262.79694253178, 0.00030648551461006523, 4.630144300000211
3262.79694253178, 0.00030648551461006523, 4.6306374000005235
3262.79694253178, 0.00030648551461006523, 4.631154900000183
3262.79694253178, 0.00030648551461006523, 4.631710200000271
3262.79694253178, 0.00030648551461006523, 4.6322738999997455
3262.79694253178, 0.00030648551461006523, 4.63273079999999
3262.79694253178, 0.00030648551461006523, 4.633250300000327
3262.79694253178, 0.00030648551461006523, 4.63392660000045
3262.79694253178, 0.00030648551461006523, 4.63459789999979
3262.79694253178, 0.00030648551461006523, 4.635108600000422
3262.79694253178, 0.00030648551461006523, 4.63558280000052
3262.79694253178, 0.00030648551461006523, 4.636117199999717
3262.79694253178, 0.00030648551461006523, 4.636649400000351
3262.79694253178, 0.00030648551461006523, 4.6371876000002885
3262.79694253178, 0.00030648551461006523, 4.637687399999777
3262.79694253178, 0.00030648551461006523, 4.638178199999857
3262.79694253178, 0.00030648551461006523, 4.638634200000524
3262.79694253178, 0.00030648551461006523, 4.639167299999826
3262.79694253178, 0.00030648551461006523, 4.63962360000005
3262.79694253178, 0.00030648551461006523, 4.6401176999997915
3262.79694253178, 0.00030648551461006523, 4.640598900000441
3262.79694253178, 0.00030648551461006523, 4.641368200000215
3262.79694253178, 0.00030648551461006523, 4.641956299999947
3262.79694253178, 0.00030648551461006523, 4.642447000000175
3262.79694253178, 0.00030648551461006523, 4.642912299999807
3262.79694253178, 0.00030648551461006523, 4.643401899999844
3262.79694253178, 0.0003061796518472613, 4.643862099999751
3262.79694253178, 0.00030648551461006523, 4.644386200000554
3262.79694253178, 0.00030648551461006523, 4.644845100000566
3262.79694253178, 0.00030648551461006523, 4.6453418999999485
3262.79694253178, 0.00030648551461006523, 4.645799800000532
3262.79694253178, 0.00030648551461006523, 4.6462892999998076
3262.79694253178, 0.00030648551461006523, 4.646753099999842
3262.79694253178, 0.00030648551461006523, 4.647281100000328
3262.79694253178, 0.00030648551461006523, 4.6478275999998
3262.79694253178, 0.00030648551461006523, 4.648414400000547
3262.79694253178, 0.00030648551461006523, 4.649079300000267
3262.79694253178, 0.00030648551461006523, 4.649572899999839
3262.79694253178, 0.00030648551461006523, 4.650101000000177
3262.79694253178, 0.00030648551461006523, 4.650584900000467
3262.79694253178, 0.00030648551461006523, 4.651092900000549
3262.79694253178, 0.00030648551461006523, 4.651570900000479
3262.79694253178, 0.00030648551461006523, 4.652251600000454
3262.79694253178, 0.00030648551461006523, 4.653266600000279
3262.79694253178, 0.00030648551461006523, 4.654160500000216
3262.79694253178, 0.00030648551461006523, 4.654659100000572
3262.79694253178, 0.00030648551461006523, 4.655174499999703
3262.79694253178, 0.00030648551461006523, 4.6557222000001275
3262.79694253178, 0.00030648551461006523, 4.656260100000509
3262.79694253178, 0.00030648551461006523, 4.6567346000001635
3262.79694253178, 0.00030648551461006523, 4.657395100000031
3262.79694253178, 0.00030648551461006523, 4.658023300000423
3262.79694253178, 0.00030648551461006523, 4.6585657000005085
3262.79694253178, 0.00030648551461006523, 4.659324199999901
3262.79694253178, 0.00030648551461006523, 4.660019900000407
3262.79694253178, 0.00030648551461006523, 4.660605900000519
3262.79694253178, 0.00030648551461006523, 4.661105799999859
3262.79694253178, 0.00030648551461006523, 4.661576299999979
3262.79694253178, 0.00030648551461006523, 4.662081700000272
3262.79694253178, 0.00030648551461006523, 4.66258470000048
3262.79694253178, 0.00030648551461006523, 4.663175000000592
3262.79694253178, 0.00030648551461006523, 4.663674000000356
3262.79694253178, 0.00030648551461006523, 4.664254199999959
3262.79694253178, 0.00030648551461006523, 4.66486470000018
3262.79694253178, 0.00030648551461006523, 4.665802399999848
3262.79694253178, 0.00030648551461006523, 4.666363799999999
3262.79694253178, 0.00030648551461006523, 4.666832900000372
3262.79694253178, 0.00030648551461006523, 4.667339399999946
3262.79694253178, 0.00030648551461006523, 4.667809900000066
3262.79694253178, 0.00030648551461006523, 4.6685067999997045
3262.79694253178, 0.00030648551461006523, 4.669254000000365
3262.79694253178, 0.00030648551461006523, 4.6697313000004215
3262.79694253178, 0.00030648551461006523, 4.670237199999974
3262.79694253178, 0.00030648551461006523, 4.670922100000098
3262.79694253178, 0.00030648551461006523, 4.671408799999881
3262.79694253178, 0.00030648551461006523, 4.671880200000487
3262.79694253178, 0.00030648551461006523, 4.672354700000142
3262.79694253178, 0.00030648551461006523, 4.672825300000113
3262.79694253178, 0.00030648551461006523, 4.673295800000233
3262.79694253178, 0.00030648551461006523, 4.673762899999929
3262.79694253178, 0.00030648551461006523, 4.674246399999902
3262.79694253178, 0.00030648551461006523, 4.674716999999873
3262.79694253178, 0.00030648551461006523, 4.6751986999997825
3262.79694253178, 0.00030648551461006523, 4.675657100000535
3262.79694253178, 0.00030648551461006523, 4.67615190000015
3262.79694253178, 0.00030648551461006523, 4.676610600000458
3262.79694253178, 0.0003060622415672003, 4.677135599999929
3262.79694253178, 0.00030648551461006523, 4.677647399999842
3262.79694253178, 0.00030648551461006523, 4.678340700000263
3262.79694253178, 0.00030648551461006523, 4.6788037000005716
3262.79694253178, 0.00030648551461006523, 4.679331700000148
3262.79694253178, 0.00030648551461006523, 4.679795199999717
3262.79694253178, 0.00030648551461006523, 4.6803061000000525
3262.79694253178, 0.00030648551461006523, 4.680764800000361
3262.79694253178, 0.00030648551461006523, 4.681352300000071
3262.79694253178, 0.00030648551461006523, 4.681975399999828
3262.79694253178, 0.00030648551461006523, 4.682444900000519
3262.79694253178, 0.00030648551461006523, 4.682925900000555
3262.79694253178, 0.00030648551461006523, 4.683403799999724
3262.79694253178, 0.00030648551461006523, 4.683860900000582
3262.79694253178, 0.00030648551461006523, 4.684414700000161
3262.79694253178, 0.0003051597943422276, 4.6849323000005825
3262.79694253178, 0.0003052425964421733, 4.685699200000272
3262.79694253178, 0.00030648551461006523, 4.686199599999782
3262.79694253178, 0.00030648551461006523, 4.686657700000069
3262.79694253178, 0.00030648551461006523, 4.687185400000089
3262.79694253178, 0.00030648551461006523, 4.687642900000355
3262.79694253178, 0.00030648551461006523, 4.68813450000016
3262.79694253178, 0.00030648551461006523, 4.688626300000578
3262.79694253178, 0.00030648551461006523, 4.689191899999969
3262.79694253178, 0.00030648551461006523, 4.6896513000001505
3262.79694253178, 0.00030580899599829894, 4.690142800000103
3262.79694253178, 0.00030580899599829894, 4.6906042000000525
3262.79694253178, 0.00030648551461006523, 4.691095600000153
3262.79694253178, 0.00030648551461006523, 4.6915506000004825
3262.79694253178, 0.00030648551461006523, 4.69206099999974
3262.79694253178, 0.00030648551461006523, 4.692778900000121
3262.79694253178, 0.00030648551461006523, 4.69327500000054
3262.79694253178, 0.0003062129023849295, 4.69373319999977
3262.79694253178, 0.00030648551461006523, 4.694229499999892
3262.79694253178, 0.00030648551461006523, 4.694686400000137
3262.79694253178, 0.00030648551461006523, 4.6951936000004935
3262.79694253178, 0.00030648551461006523, 4.695653599999787
3262.79694253178, 0.00030648551461006523, 4.696150599999783
3262.79694253178, 0.00030648551461006523, 4.6966450999998415
3262.79694253178, 0.00030648551461006523, 4.697173600000497
3262.79694253178, 0.00030648551461006523, 4.697770200000377
3262.79694253178, 0.0003056166717967195, 4.698307900000145
3262.79694253178, 0.00030648551461006523, 4.698812100000396
3262.79694253178, 0.0003064182590482496, 4.699349800000164
3262.79694253178, 0.00030648551461006523, 4.699858699999822
3262.79694253178, 0.00030648551461006523, 4.700994300000275
3262.79694253178, 0.00030648551461006523, 4.701529500000106
3262.79694253178, 0.00030648551461006523, 4.702103399999942
3262.79694253178, 0.00030648551461006523, 4.702708100000564
3262.79694253178, 0.00030648551461006523, 4.703549500000008
3262.79694253178, 0.00030648551461006523, 4.704225899999983
3262.79694253178, 0.00030648551461006523, 4.704710799999702
3262.79694253178, 0.0003062889794170833, 4.705191500000183
3262.79694253178, 0.00030648551461006523, 4.705670000000282
3262.79694253178, 0.00030648551461006523, 4.706150799999705
3262.79694253178, 0.00030648551461006523, 4.70662160000029
3262.79694253178, 0.00030648551461006523, 4.707325399999718
3262.79694253178, 0.00030648551461006523, 4.707803299999796
3262.79694253178, 0.00030648551461006523, 4.7082799999998315
3262.79694253178, 0.00030648551461006523, 4.708752800000184
3262.79694253178, 0.00030648551461006523, 4.709273100000246
3262.79694253178, 0.00030648551461006523, 4.709751100000176
3262.79694253178, 0.00030648551461006523, 4.71023200000036
3262.79694253178, 0.00030648551461006523, 4.710774300000594
3262.79694253178, 0.00030648551461006523, 4.711319500000172
3262.79694253178, 0.00030648551461006523, 4.711792699999933
3262.79694253178, 0.00030648551461006523, 4.712271000000328
3262.79694253178, 0.00030648551461006523, 4.712747900000068
3262.79694253178, 0.00030648551461006523, 4.713223599999765
3262.79694253178, 0.00030648551461006523, 4.713698399999885
3262.79694253178, 0.00030648551461006523, 4.714619100000164
3262.79694253178, 0.00030648551461006523, 4.715246300000217
3262.79694253178, 0.00030648551461006523, 4.715808200000538
3262.79694253178, 0.00030648551461006523, 4.716332699999839
3262.79694253178, 0.00030648551461006523, 4.716795899999852
3262.79694253178, 0.00030648551461006523, 4.717329500000233
3262.79694253178, 0.00030648551461006523, 4.717794400000457
3262.79694253178, 0.00030648551461006523, 4.718294899999819
3262.79694253178, 0.00030648551461006523, 4.71878900000047
3262.79694253178, 0.00030648551461006523, 4.719289300000128
3262.79694253178, 0.00030648551461006523, 4.719756700000289
3262.79694253178, 0.00030648551461006523, 4.720252799999798
3262.79694253178, 0.00030648551461006523, 4.720710800000234
3262.79694253178, 0.00030648551461006523, 4.721201999999721
3262.79694253178, 0.00030648551461006523, 4.72175419999985
3262.79694253178, 0.00030648551461006523, 4.722230899999886
3262.79694253178, 0.00030648551461006523, 4.722688100000596
3262.79694253178, 0.00030648551461006523, 4.723179800000253
3262.79694253178, 0.00030648551461006523, 4.723645099999885
3262.79694253178, 0.00030648551461006523, 4.72414149999986
3262.79694253178, 0.00030648551461006523, 4.724600200000168
3262.79694253178, 0.00030648551461006523, 4.725110500000483
3262.79694253178, 0.00030648551461006523, 4.725606099999823
3262.79694253178, 0.00030648551461006523, 4.726100300000326
3262.79694253178, 0.00030648551461006523, 4.726557300000422
3262.79694253178, 0.00030648551461006523, 4.727141299999857
3262.79694253178, 0.00030648551461006523, 4.727654600000278
3262.79694253178, 0.00030648551461006523, 4.728149499999745
3262.79694253178, 0.00030648551461006523, 4.728610500000286
3262.79694253178, 0.00030648551461006523, 4.729185099999995
3262.79694253178, 0.00030648551461006523, 4.729643399999986
3262.79694253178, 0.00030648551461006523, 4.730141300000469
3262.79694253178, 0.00030648551461006523, 4.730604200000016
3262.79694253178, 0.00030648551461006523, 4.731142999999975
3262.79694253178, 0.00030648551461006523, 4.731642700000521
3262.79694253178, 0.00030648551461006523, 4.7321778000005
3262.79694253178, 0.00030648551461006523, 4.732663599999796
3262.79694253178, 0.00030648551461006523, 4.733159899999919
3262.79694253178, 0.00030648551461006523, 4.733635399999912
3262.79694253178, 0.00030648551461006523, 4.734126999999717
3262.79694253178, 0.00030648551461006523, 4.734589599999708
3262.79694253178, 0.00030648551461006523, 4.735088100000212
3262.79694253178, 0.00030648551461006523, 4.7355474000005415
3262.79694253178, 0.00030648551461006523, 4.736047600000347
3262.79694253178, 0.0003058450505652119, 4.736615599999823
3262.79694253178, 0.00030648551461006523, 4.73713829999997
3262.79694253178, 0.00030648551461006523, 4.7375960999997915
3262.79694253178, 0.00030648551461006523, 4.738088500000231
3262.79694253178, 0.00030648551461006523, 4.738552100000561
3262.79694253178, 0.00030648551461006523, 4.739075800000137
3262.79694253178, 0.00030648551461006523, 4.739538300000277
3262.79694253178, 0.00030648551461006523, 4.740083499999855
3262.79694253178, 0.00030648551461006523, 4.740579000000253
3262.79694253178, 0.00030648551461006523, 4.741071700000248
3262.79694253178, 0.00030648551461006523, 4.741529900000387
3262.79694253178, 0.00030648551461006523, 4.74210740000035
3262.79694253178, 0.00030648551461006523, 4.742613500000516
3262.79694253178, 0.00030648551461006523, 4.743128900000556
3262.79694253178, 0.00030648551461006523, 4.743627500000002
3262.79694253178, 0.00030648551461006523, 4.744130699999914
3262.79694253178, 0.00030648551461006523, 4.74460100000033
3262.79694253178, 0.00030648551461006523, 4.7451977000000625
3262.79694253178, 0.00030648551461006523, 4.745889800000441
3262.79694253178, 0.00030648551461006523, 4.746463999999833
3262.79694253178, 0.00030648551461006523, 4.747031300000344
3262.79694253178, 0.00030648551461006523, 4.7479826999997385
3262.79694253178, 0.00030648551461006523, 4.7499103000000105
3262.79694253178, 0.00030648551461006523, 4.75097790000018
3262.79694253178, 0.00030648551461006523, 4.7516428999997515
3262.79694253178, 0.00030648551461006523, 4.752618900000016
3262.79694253178, 0.00030648551461006523, 4.753220800000236
3262.79694253178, 0.00030648551461006523, 4.753835700000309
3262.79694253178, 0.00030648551461006523, 4.754451700000573
3262.79694253178, 0.00030648551461006523, 4.754995500000405
3262.79694253178, 0.00030648551461006523, 4.7555583000003026
3262.79694253178, 0.00030648551461006523, 4.756116700000348
3262.79694253178, 0.00030648551461006523, 4.7568468999998
3262.79694253178, 0.00030648551461006523, 4.7574178000004395
3262.79694253178, 0.00030648551461006523, 4.757927900000141
3262.79694253178, 0.00030648551461006523, 4.758428699999968
3262.79694253178, 0.00030648551461006523, 4.759133499999734
3262.79694253178, 0.00030648551461006523, 4.760139200000594
3262.79694253178, 0.00030648551461006523, 4.760898800000177
3262.79694253178, 0.00030648551461006523, 4.761382000000594
3262.79694253178, 0.00030648551461006523, 4.76207979999981
3262.79694253178, 0.00030648551461006523, 4.763001799999984
3262.79694253178, 0.00030648551461006523, 4.763543799999752
3262.79694253178, 0.00030648551461006523, 4.764205899999979
3262.79694253178, 0.00030648551461006523, 4.766004300000532
3262.79694253178, 0.00030648551461006523, 4.76779230000011
3262.79694253178, 0.00030648551461006523, 4.768589000000247
3262.79694253178, 0.00030648551461006523, 4.7691272000001845
3262.79694253178, 0.00030648551461006523, 4.769620900000518
3262.79694253178, 0.00030648551461006523, 4.770121000000472
3262.79694253178, 0.00030648551461006523, 4.7706059000001915
3262.79694253178, 0.00030648551461006523, 4.77109019999989
3262.79694253178, 0.00030648551461006523, 4.7715727000004335
3262.79694253178, 0.00030648551461006523, 4.772060000000238
3262.79694253178, 0.00030648551461006523, 4.772547700000359
3262.79694253178, 0.00030648551461006523, 4.773031700000502
3262.79694253178, 0.00030648551461006523, 4.773519999999735
3262.79694253178, 0.00030648551461006523, 4.77401430000009
3262.79694253178, 0.00030648551461006523, 4.774497299999894
3262.79694253178, 0.00030648551461006523, 4.774982400000226
3262.79694253178, 0.00030648551461006523, 4.775475999999799
3262.79694253178, 0.00030555083133636593, 4.775963199999751
3262.79694253178, 0.00030555083133636593, 4.776474500000404
3262.79694253178, 0.00030648551461006523, 4.777056300000368
3262.79694253178, 0.00030648551461006523, 4.777766100000008
3262.79694253178, 0.00030648551461006523, 4.7782672000003
3262.79694253178, 0.00030648551461006523, 4.778775200000382
3262.79694253178, 0.00030648551461006523, 4.779345800000556
3262.79694253178, 0.0003053551722775692, 4.779869699999836
3262.79694253178, 0.00030648551461006523, 4.780429700000241
3262.79694253178, 0.00030648551461006523, 4.781295700000555
3262.79694253178, 0.00030648551461006523, 4.783130200000414
3262.79694253178, 0.00030648551461006523, 4.783940100000109
3262.79694253178, 0.00030648551461006523, 4.784498900000472
3262.79694253178, 0.00030648551461006523, 4.785362999999961
3262.79694253178, 0.00030648551461006523, 4.786084399999709
3262.79694253178, 0.00030648551461006523, 4.786648000000241
3262.79694253178, 0.00030648551461006523, 4.787536599999839
3262.79694253178, 0.00030648551461006523, 4.7889390999998795
3262.79694253178, 0.00030648551461006523, 4.789755700000569
3262.79694253178, 0.00030648551461006523, 4.790293600000041
3262.79694253178, 0.00030648551461006523, 4.7908330999998725
3262.79694253178, 0.00030648551461006523, 4.791390700000193
3262.79694253178, 0.00030648551461006523, 4.791927100000066
3262.79694253178, 0.00030648551461006523, 4.792493800000557
3262.79694253178, 0.00030648551461006523, 4.793464100000165
3262.79694253178, 0.00030648551461006523, 4.794050200000129
3262.79694253178, 0.00030648551461006523, 4.79452450000008
3262.79694253178, 0.00030648551461006523, 4.795110099999874
3262.79694253178, 0.00030648551461006523, 4.795658199999707
3262.79694253178, 0.00030648551461006523, 4.796160800000507
3262.79694253178, 0.00030648551461006523, 4.796678900000188
3262.79694253178, 0.00030648551461006523, 4.797232900000381
3262.79694253178, 0.00030648551461006523, 4.798109600000316
3262.79694253178, 0.00030648551461006523, 4.799609100000453
3262.79694253178, 0.00030648551461006523, 4.80020390000027
3262.79694253178, 0.00030648551461006523, 4.800736799999868
3262.79694253178, 0.00030648551461006523, 4.801666800000021
3262.79694253178, 0.00030648551461006523, 4.802773000000343
3262.79694253178, 0.00030648551461006523, 4.803773200000251
3262.79694253178, 0.00030648551461006523, 4.804702100000213
3262.79694253178, 0.00030648551461006523, 4.805625300000429
3262.79694253178, 0.00030648551461006523, 4.8065512000002855
3262.79694253178, 0.00030648551461006523, 4.8075017999999545
3262.79694253178, 0.00030648551461006523, 4.808432100000573
3262.79694253178, 0.00030648551461006523, 4.809356900000239
3262.79694253178, 0.00030648551461006523, 4.810150100000101
3262.79694253178, 0.00030648551461006523, 4.810762500000237
3262.79694253178, 0.00030648551461006523, 4.811242100000527
3262.79694253178, 0.00030648551461006523, 4.811979099999917
3262.79694253178, 0.00030648551461006523, 4.812926300000072
3262.79694253178, 0.00030648551461006523, 4.8140423000004375
3262.79694253178, 0.00030648551461006523, 4.815344800000275
3262.79694253178, 0.00030648551461006523, 4.81636619999972
3262.79694253178, 0.00030648551461006523, 4.817406400000436
3262.79694253178, 0.00030648551461006523, 4.818431200000305
3262.79694253178, 0.00030648551461006523, 4.8196539999999
3262.79694253178, 0.00030648551461006523, 4.82096619999993
3262.79694253178, 0.0003047147520600277, 4.822005400000307
3262.79694253178, 0.00030648551461006523, 4.822895700000117
3262.79694253178, 0.00030648551461006523, 4.823782899999969
3262.79694253178, 0.00030648551461006523, 4.824765500000467
3262.79694253178, 0.00030648551461006523, 4.825703600000452
3262.79694253178, 0.00030648551461006523, 4.826624500000435
3262.79694253178, 0.00030648551461006523, 4.827543800000058
3262.79694253178, 0.00030648551461006523, 4.828497100000277
3262.79694253178, 0.00030648551461006523, 4.829411300000174
3262.79694253178, 0.00030648551461006523, 4.8303357000004326
3262.79694253178, 0.00030648551461006523, 4.831652300000314
3262.79694253178, 0.00030648551461006523, 4.833386000000246
3262.79694253178, 0.00030648551461006523, 4.83441430000039
3262.79694253178, 0.00030648551461006523, 4.8353388000005
3262.79694253178, 0.00030648551461006523, 4.836232900000141
3262.79694253178, 0.00030600826866028686, 4.83711940000012
3262.79694253178, 0.00030648551461006523, 4.838010399999803
3262.79694253178, 0.00030648551461006523, 4.838896500000374
3262.79694253178, 0.00030648551461006523, 4.839887900000576
3262.79694253178, 0.00030648551461006523, 4.84077249999973
3262.79694253178, 0.00030648551461006523, 4.84165959999973
3262.79694253178, 0.00030648551461006523, 4.842542500000491
3262.79694253178, 0.00030648551461006523, 4.843429000000469
3262.79694253178, 0.00030648551461006523, 4.844378700000561
3262.79694253178, 0.00030648551461006523, 4.845286499999929
3262.79694253178, 0.00030648551461006523, 4.846175300000141
3262.79694253178, 0.00030648551461006523, 4.847615200000291
3262.79694253178, 0.00030648551461006523, 4.848813800000244
3262.79694253178, 0.00030648551461006523, 4.850098099999741
3262.79694253178, 0.00030648551461006523, 4.850849100000232
3262.79694253178, 0.00030648551461006523, 4.8513300000004165
3262.79694253178, 0.00030648551461006523, 4.851824899999883
3262.79694253178, 0.00030648551461006523, 4.852293500000087
3262.79694253178, 0.00030648551461006523, 4.852791000000252
3262.79694253178, 0.00030648551461006523, 4.853255500000159
3262.79694253178, 0.00030648551461006523, 4.853754800000388
3262.79694253178, 0.00030648551461006523, 4.854311799999778
3262.79694253178, 0.00030648551461006523, 4.854788200000257
3262.79694253178, 0.00030648551461006523, 4.855317499999728
3262.79694253178, 0.00030648551461006523, 4.855823300000338
3262.79694253178, 0.00030648551461006523, 4.856287399999928
3262.79694253178, 0.00030648551461006523, 4.856786000000284
3262.79694253178, 0.00030648551461006523, 4.857252700000572
3262.79694253178, 0.00030648551461006523, 4.857790300000488
3262.79694253178, 0.00030648551461006523, 4.858290400000442
3262.79694253178, 0.00030648551461006523, 4.858789500000057
3262.79694253178, 0.00030648551461006523, 4.85925430000043
3262.79694253178, 0.00030648551461006523, 4.860248699999829
3262.79694253178, 0.00030648551461006523, 4.861956900000223
3262.79694253178, 0.00030648551461006523, 4.863602500000525
3262.79694253178, 0.00030648551461006523, 4.865543300000354
3262.79694253178, 0.00030648551461006523, 4.867087700000411
3262.79694253178, 0.00030648551461006523, 4.867623600000115
3262.79694253178, 0.00030648551461006523, 4.868266000000403
3262.79694253178, 0.0003049392082065698, 4.86886770000001
3262.79694253178, 0.0003061796518472613, 4.86938149999969
3262.79694253178, 0.0003061796518472613, 4.869866500000171
3262.79694253178, 0.0003061796518472613, 4.870352099999764
3262.79694253178, 0.0003061796518472613, 4.87083900000016
3262.79694253178, 0.00030648551461006523, 4.871316900000238
3262.79694253178, 0.00030648551461006523, 4.871814900000572
3262.79694253178, 0.0003050176936091055, 4.87231359999987
3262.79694253178, 0.00030648551461006523, 4.872797400000309
3262.79694253178, 0.00030648551461006523, 4.873278699999901
3262.79694253178, 0.00030648551461006523, 4.873770500000319
3262.79694253178, 0.00030648551461006523, 4.874249999999847
3262.79694253178, 0.00030648551461006523, 4.874955899999804
3262.79694253178, 0.00030648551461006523, 4.875671300000249
3262.79694253178, 0.00030648551461006523, 4.876176300000225
3262.79694253178, 0.00030648551461006523, 4.876765799999703
3262.79694253178, 0.00030648551461006523, 4.8772368999998434
3262.79694253178, 0.00030648551461006523, 4.877749400000539
3262.79694253178, 0.00030648551461006523, 4.878218599999855
3262.79694253178, 0.00030648551461006523, 4.878713799999787
3262.79694253178, 0.00030648551461006523, 4.879178899999715
3262.79694253178, 0.00030648551461006523, 4.879715199999737
3262.79694253178, 0.00030648551461006523, 4.880201800000577
3262.79694253178, 0.00030648551461006523, 4.880721300000005
3262.79694253178, 0.00030648551461006523, 4.88157289999981
3262.79694253178, 0.00030648551461006523, 4.882327500000429
3262.79694253178, 0.00030648551461006523, 4.88287820000005
3262.79694253178, 0.00030648551461006523, 4.883384800000385
3262.79694253178, 0.00030648551461006523, 4.883884800000487
3262.79694253178, 0.00030648551461006523, 4.884378800000377
3262.79694253178, 0.00030648551461006523, 4.884899100000439
3262.79694253178, 0.00030648551461006523, 4.885410400000183
3262.79694253178, 0.00030648551461006523, 4.886193700000149
3262.79694253178, 0.00030648551461006523, 4.8867959999997765
3262.79694253178, 0.00030648551461006523, 4.887330600000496
3262.79694253178, 0.00030648551461006523, 4.887828599999921
3262.79694253178, 0.00030648551461006523, 4.888319499999852
3262.79694253178, 0.00030648551461006523, 4.88881500000025
3262.79694253178, 0.00030648551461006523, 4.889308800000435
3262.79694253178, 0.00030648551461006523, 4.889822699999968
3262.79694253178, 0.00030648551461006523, 4.890317000000323
3262.79694253178, 0.00030648551461006523, 4.891216699999859
3262.79694253178, 0.00030648551461006523, 4.891754899999796
3262.79694253178, 0.00030648551461006523, 4.892232400000466
3262.79694253178, 0.00030544228904734976, 4.892719800000123
3262.79694253178, 0.00030648551461006523, 4.893192499999714
3262.79694253178, 0.00030648551461006523, 4.893665399999918
3262.79694253178, 0.00030648551461006523, 4.894139799999721
3262.79694253178, 0.00030524053584146676, 4.894625099999757
3262.79694253178, 0.00030648551461006523, 4.895096000000194
3262.79694253178, 0.00030648551461006523, 4.895569899999828
3262.79694253178, 0.00030648551461006523, 4.896040999999968
3262.79694253178, 0.00030648551461006523, 4.896513100000448
3262.79694253178, 0.00030648551461006523, 4.896981699999742
3262.79694253178, 0.00030648551461006523, 4.897504300000037
3262.79694253178, 0.00030648551461006523, 4.898564900000565
3262.79694253178, 0.00030648551461006523, 4.899736399999711
3262.79694253178, 0.00030648551461006523, 4.900362999999743
3262.79694253178, 0.00030648551461006523, 4.9008613000005425
3262.79694253178, 0.00030648551461006523, 4.901336400000218
3262.79694253178, 0.00030648551461006523, 4.901806400000169
3262.79694253178, 0.00030648551461006523, 4.902455399999781
3262.79694253178, 0.00030648551461006523, 4.903025999999954
3262.79694253178, 0.00030648551461006523, 4.903610100000151
3262.79694253178, 0.00030648551461006523, 4.904199800000242
3262.79694253178, 0.00030648551461006523, 4.904679500000384
3262.79694253178, 0.00030648551461006523, 4.905137400000058
3262.79694253178, 0.00030648551461006523, 4.9058584000003975
3262.79694253178, 0.00030558057324528995, 4.906466100000216
3262.79694253178, 0.00030648551461006523, 4.906929100000525
3262.79694253178, 0.00030648551461006523, 4.907390700000178
3262.79694253178, 0.00030648551461006523, 4.907856599999832
3262.79694253178, 0.00030648551461006523, 4.908322100000078
3262.79694253178, 0.00030648551461006523, 4.908786099999816
3262.79694253178, 0.00030648551461006523, 4.909243199999764
3262.79694253178, 0.00030648551461006523, 4.909706299999925
3262.79694253178, 0.00030648551461006523, 4.910163399999874
3262.79694253178, 0.00030648551461006523, 4.9106228999999075
3262.79694253178, 0.00030648551461006523, 4.9110804000001735
3262.79694253178, 0.00030648551461006523, 4.911542100000588
3262.79694253178, 0.00030648551461006523, 4.911997299999712
3262.79694253178, 0.00030648551461006523, 4.912484999999833
3262.79694253178, 0.00030648551461006523, 4.913031099999898
3262.79694253178, 0.00030648551461006523, 4.913529700000254
3262.79694253178, 0.00030648551461006523, 4.913991600000372
3262.79694253178, 0.00030648551461006523, 4.914769500000148
3262.79694253178, 0.00030648551461006523, 4.9159835000000385
3262.79694253178, 0.00030648551461006523, 4.917536300000393
3262.79694253178, 0.00030648551461006523, 4.9182126000005155
3262.79694253178, 0.00030648551461006523, 4.918675500000063
3262.79694253178, 0.00030648551461006523, 4.919134499999927
3262.79694253178, 0.00030648551461006523, 4.919607200000428
3262.79694253178, 0.00030648551461006523, 4.920075600000018
3262.79694253178, 0.00030648551461006523, 4.920605700000124
3262.79694253178, 0.00030648551461006523, 4.92106430000058
3262.79694253178, 0.00030648551461006523, 4.9216143000003285
3262.79694253178, 0.00030648551461006523, 4.922073200000341
3262.79694253178, 0.00030648551461006523, 4.9225390000001426
3262.79694253178, 0.00030648551461006523, 4.9229975999996896
3262.79694253178, 0.00030648551461006523, 4.923461899999893
3262.79694253178, 0.00030648551461006523, 4.923920100000032
3262.79694253178, 0.00030648551461006523, 4.924377600000298
3262.79694253178, 0.00030648551461006523, 4.924831400000585
3262.79694253178, 0.00030648551461006523, 4.925298600000133
3262.79694253178, 0.00030555083133636593, 4.925759100000505
3262.79694253178, 0.00030648551461006523, 4.926216099999692
3262.79694253178, 0.00030648551461006523, 4.926673300000402
3262.79694253178, 0.00030648551461006523, 4.927135099999759
3262.79694253178, 0.00030648551461006523, 4.927661100000478
3262.79694253178, 0.00030648551461006523, 4.928117899999961
3262.79694253178, 0.00030648551461006523, 4.928577200000291
3262.79694253178, 0.00030648551461006523, 4.929037900000367
3262.79694253178, 0.00030648551461006523, 4.929498700000295
3262.79694253178, 0.00030648551461006523, 4.929960500000561
3262.79694253178, 0.00030648551461006523, 4.930424199999834
3262.79694253178, 0.00030648551461006523, 4.930979200000365
3262.79694253178, 0.00030648551461006523, 4.932096499999716
3262.79694253178, 0.00030648551461006523, 4.9336160000002565
3262.79694253178, 0.00030648551461006523, 4.9343125000004875
3262.79694253178, 0.00030648551461006523, 4.934815600000547
3262.79694253178, 0.00030648551461006523, 4.935378000000128
3262.79694253178, 0.00030648551461006523, 4.935841499999697
3262.79694253178, 0.00030648551461006523, 4.936336700000538
3262.79694253178, 0.00030648551461006523, 4.936804300000404
3262.79694253178, 0.00030648551461006523, 4.937352099999771
3262.79694253178, 0.00030648551461006523, 4.937829399999828
3262.79694253178, 0.00030648551461006523, 4.938330699999824
3262.79694253178, 0.0003058450505652119, 4.9388261000003695
3262.79694253178, 0.00030648551461006523, 4.939324900000429
3262.79694253178, 0.00030648551461006523, 4.939785999999913
3262.79694253178, 0.00030648551461006523, 4.940281899999718
3262.79694253178, 0.00030648551461006523, 4.940740099999857
3262.79694253178, 0.00030648551461006523, 4.941196800000398
3262.79694253178, 0.00030648551461006523, 4.941689199999928
3262.79694253178, 0.0003056749637734489, 4.942174100000557
3262.79694253178, 0.0003056749637734489, 4.942921599999863
3262.79694253178, 0.00030648551461006523, 4.943469499999992
3262.79694253178, 0.00030648551461006523, 4.943923100000575
3262.79694253178, 0.00030648551461006523, 4.944416799999999
3262.79694253178, 0.00030648551461006523, 4.94487190000018
3262.79694253178, 0.00030648551461006523, 4.945360499999879
3262.79694253178, 0.00030648551461006523, 4.945841100000507
3262.79694253178, 0.0003048523781322293, 4.946368300000358
3262.79694253178, 0.0003050176936091055, 4.946841300000415
3262.79694253178, 0.00030648551461006523, 4.947340800000347
3262.79694253178, 0.00030594077469414704, 4.948006100000384
3262.79694253178, 0.00030648551461006523, 4.948741500000324
3262.79694253178, 0.00030648551461006523, 4.949388799999724
3262.79694253178, 0.00030648551461006523, 4.95022119999976
3262.79694253178, 0.00030648551461006523, 4.950875900000028
3262.79694253178, 0.00030648551461006523, 4.951375100000405
3262.79694253178, 0.00030648551461006523, 4.951838099999804
3262.79694253178, 0.00030648551461006523, 4.9523300999999265
3262.79694253178, 0.00030648551461006523, 4.952785000000404
3262.79694253178, 0.00030648551461006523, 4.953365600000325
3262.79694253178, 0.00030648551461006523, 4.954196800000318
3262.79694253178, 0.00030648551461006523, 4.954675300000417
3262.79694253178, 0.00030648551461006523, 4.955132199999753
3262.79694253178, 0.00030648551461006523, 4.955629900000531
3262.79694253178, 0.00030648551461006523, 4.956083099999887
3262.79694253178, 0.00030648551461006523, 4.956576600000517
3262.79694253178, 0.00030648551461006523, 4.95709590000024
3262.79694253178, 0.00030648551461006523, 4.9575768000004246
3262.79694253178, 0.00030648551461006523, 4.95804279999993
3262.79694253178, 0.00030648551461006523, 4.958543499999905
3262.79694253178, 0.00030648551461006523, 4.958997700000509
3262.79694253178, 0.00030648551461006523, 4.959495199999765
3262.79694253178, 0.00030648551461006523, 4.959952700000031
3262.79694253178, 0.00030648551461006523, 4.96044350000011
3262.79694253178, 0.00030648551461006523, 4.960944500000551
3262.79694253178, 0.0003062587771633444, 4.961438299999827
3262.79694253178, 0.00030648551461006523, 4.961895299999924
3262.79694253178, 0.00030648551461006523, 4.962394799999856
3262.79694253178, 0.00030648551461006523, 4.962857200000144
3262.79694253178, 0.00030648551461006523, 4.963353400000415
3262.79694253178, 0.00030648551461006523, 4.963809900000342
3262.79694253178, 0.00030648551461006523, 4.964397200000349
3262.79694253178, 0.00030648551461006523, 4.965063999999984
3262.79694253178, 0.00030648551461006523, 4.966437699999915
3262.79694253178, 0.00030648551461006523, 4.96719099999973
3262.79694253178, 0.00030648551461006523, 4.967794199999844
3262.79694253178, 0.00030648551461006523, 4.968390199999703
3262.79694253178, 0.00030648551461006523, 4.968887600000016
3262.79694253178, 0.00030648551461006523, 4.969509900000048
3262.79694253178, 0.00030648551461006523, 4.970036200000322
3262.79694253178, 0.00030648551461006523, 4.970527800000127
3262.79694253178, 0.00030648551461006523, 4.97098460000052
3262.79694253178, 0.00030648551461006523, 4.971501199999693
3262.79694253178, 0.00030648551461006523, 4.9720359000002645
3262.79694253178, 0.00030648551461006523, 4.972574999999779
3262.79694253178, 0.00030648551461006523, 4.973038699999961
3262.79694253178, 0.00030648551461006523, 4.97353160000057
3262.79694253178, 0.00030648551461006523, 4.973991099999694
3262.79694253178, 0.00030648551461006523, 4.974486199999774
3262.79694253178, 0.00030648551461006523, 4.974949000000379
3262.79694253178, 0.00030648551461006523, 4.975477400000273
3262.79694253178, 0.00030648551461006523, 4.97597339999993
3262.79694253178, 0.00030648551461006523, 4.976465100000496
3262.79694253178, 0.00030648551461006523, 4.976924499999768
3262.79694253178, 0.00030648551461006523, 4.977419800000462
3262.79694253178, 0.00030648551461006523, 4.97787580000022
3262.79694253178, 0.00030648551461006523, 4.978375599999708
3262.79694253178, 0.00030648551461006523, 4.978851599999871
3262.79694253178, 0.00030648551461006523, 4.979585500000212
3262.79694253178, 0.00030648551461006523, 4.980188999999882
3262.79694253178, 0.00030648551461006523, 4.980648900000233
3262.79694253178, 0.00030648551461006523, 4.981775700000071
3262.79694253178, 0.00030648551461006523, 4.982430799999747
3262.79694253178, 0.00030648551461006523, 4.983006899999964
3262.79694253178, 0.00030648551461006523, 4.983619200000248
3262.79694253178, 0.00030648551461006523, 4.984114800000498
3262.79694253178, 0.00030648551461006523, 4.984604400000535
3262.79694253178, 0.00030648551461006523, 4.985117500000342
3262.79694253178, 0.00030648551461006523, 4.985679800000071
3262.79694253178, 0.00030648551461006523, 4.986207500000091
3262.79694253178, 0.00030648551461006523, 4.986737000000176
3262.79694253178, 0.00030648551461006523, 4.987264600000344
3262.79694253178, 0.00030648551461006523, 4.987733800000569
3262.79694253178, 0.00030648551461006523, 4.988248300000123
3262.79694253178, 0.00030648551461006523, 4.988729300000159
3262.79694253178, 0.00030648551461006523, 4.989232800000536
3262.79694253178, 0.00030648551461006523, 4.989703700000064
3262.79694253178, 0.00030648551461006523, 4.9902124999998705
3262.79694253178, 0.00030648551461006523, 4.990724600000249
3262.79694253178, 0.00030648551461006523, 4.991230600000563
3262.79694253178, 0.00030648551461006523, 4.991703700000471
3262.79694253178, 0.00030648551461006523, 4.992217200000596
3262.79694253178, 0.00030648551461006523, 4.9926870999997846
3262.79694253178, 0.00030524053584146676, 4.993198099999972
3262.79694253178, 0.00030648551461006523, 4.993691599999693
3262.79694253178, 0.00030648551461006523, 4.994372799999837
3262.79694253178, 0.00030648551461006523, 4.994850099999894
3262.79694253178, 0.00030648551461006523, 4.995380600000317
3262.79694253178, 0.0003061455341984403, 4.995858299999782
3262.79694253178, 0.00030648551461006523, 4.996369899999991
3262.79694253178, 0.00030648551461006523, 4.996840599999814
3262.79694253178, 0.00030648551461006523, 4.9973792999999205
3262.79694253178, 0.00030648551461006523, 4.9980053999997835
3262.79694253178, 0.00030648551461006523, 4.998657099999946
3262.79694253178, 0.00030648551461006523, 4.999226300000373
3262.79694253178, 0.00030648551461006523, 4.999732799999947
3262.79694253178, 0.00030648551461006523, 5.000265599999693
3262.79694253178, 0.00030648551461006523, 5.000739099999919
3262.79694253178, 0.00030648551461006523, 5.00131010000041
3262.79694253178, 0.00030648551461006523, 5.001914100000249
3262.79694253178, 0.00030648551461006523, 5.002422399999887
3262.79694253178, 0.00030648551461006523, 5.002893699999731
3262.79694253178, 0.00030648551461006523, 5.003410199999962
3262.79694253178, 0.00030648551461006523, 5.003880700000082
3262.79694253178, 0.00030648551461006523, 5.004386200000226
3262.79694253178, 0.00030648551461006523, 5.004890600000181
3262.79694253178, 0.00030648551461006523, 5.0054362999999285
3262.79694253178, 0.00030648551461006523, 5.005960600000435
3262.79694253178, 0.00030648551461006523, 5.006472099999883
3262.79694253178, 0.00030648551461006523, 5.006949499999791
3262.79694253178, 0.00030648551461006523, 5.007460100000571
3262.79694253178, 0.00030648551461006523, 5.007934600000226
3262.79694253178, 0.00030648551461006523, 5.008466400000543
3262.79694253178, 0.00030648551461006523, 5.009069700000509
3262.79694253178, 0.00030648551461006523, 5.009540099999867
3262.79694253178, 0.00030648551461006523, 5.010011700000177
3262.79694253178, 0.00030648551461006523, 5.010523699999794
3262.79694253178, 0.00030648551461006523, 5.0110012000004645
3262.79694253178, 0.00030648551461006523, 5.011505700000271
3262.79694253178, 0.00030648551461006523, 5.011994200000117
3262.79694253178, 0.00030648551461006523, 5.012484300000324
3262.79694253178, 0.00030648551461006523, 5.012988500000574
3262.79694253178, 0.00030648551461006523, 5.013490400000592
3262.79694253178, 0.00030648551461006523, 5.0139626000000135
3262.79694253178, 0.00030648551461006523, 5.0147727000003215
3262.79694253178, 0.00030648551461006523, 5.015453200000593
3262.79694253178, 0.00030648551461006523, 5.0161927999997715
3262.79694253178, 0.00030648551461006523, 5.016901300000427
3262.79694253178, 0.00030648551461006523, 5.017429300000003
3262.79694253178, 0.00030648551461006523, 5.01790340000025
3262.79694253178, 0.00030648551461006523, 5.018415000000459
3262.79694253178, 0.00030648551461006523, 5.018886800000473
3262.79694253178, 0.00030648551461006523, 5.019421599999987
3262.79694253178, 0.00030648551461006523, 5.019913600000109
3262.79694253178, 0.00030648551461006523, 5.020421500000339
3262.79694253178, 0.00030648551461006523, 5.020888500000183
3262.79694253178, 0.00030648551461006523, 5.0213942999998835
3262.79694253178, 0.00030648551461006523, 5.02186729999994
3262.79694253178, 0.00030648551461006523, 5.022369600000275
3262.79694253178, 0.00030648551461006523, 5.0228431000005
3262.79694253178, 0.00030648551461006523, 5.023344899999756
3262.79694253178, 0.00030648551461006523, 5.023916300000565
3262.79694253178, 0.00030648551461006523, 5.024421699999948
3262.79694253178, 0.00030648551461006523, 5.024891000000025
3262.79694253178, 0.00030648551461006523, 5.025412699999833
3262.79694253178, 0.00030648551461006523, 5.025881800000207
3262.79694253178, 0.00030648551461006523, 5.026394999999866
3262.630746822034, 0.00030650112672849975, 5.0269020000005185
3262.630746822034, 0.00030650112672849975, 5.027445400000033
3262.630746822034, 0.00030650112672849975, 5.027914799999962
3262.630746822034, 0.00030650112672849975, 5.028419199999917
3262.630746822034, 0.00030650112672849975, 5.0288932000003115
3262.630746822034, 0.00030650112672849975, 5.029399600000033
3262.630746822034, 0.00030650112672849975, 5.0298687000004065
3262.630746822034, 0.00030650112672849975, 5.030394700000215
3262.630746822034, 0.00030650112672849975, 5.0310097999999925
3262.630746822034, 0.00030650112672849975, 5.031589199999871
3262.630746822034, 0.00030650112672849975, 5.032159100000172
3262.630746822034, 0.00030650112672849975, 5.032812500000546
3262.630746822034, 0.00030650112672849975, 5.033534700000018
3262.630746822034, 0.00030650112672849975, 5.0342633999998725
3262.630746822034, 0.00030650112672849975, 5.03505529999984
3262.630746822034, 0.00030650112672849975, 5.035541700000067
3262.630746822034, 0.00030650112672849975, 5.036016699999891
3262.630746822034, 0.00030650112672849975, 5.036495000000286
3262.630746822034, 0.00030650112672849975, 5.036974700000428
3262.630746822034, 0.00030650112672849975, 5.037454299999808
3262.630746822034, 0.00030650112672849975, 5.038018000000193
3262.630746822034, 0.00030650112672849975, 5.038682000000335
3262.630746822034, 0.00030650112672849975, 5.039211600000272
3262.630746822034, 0.00030650112672849975, 5.039954599999874
3262.630746822034, 0.00030650112672849975, 5.0407734999998866
3262.630746822034, 0.00030650112672849975, 5.041259100000389
3262.630746822034, 0.00030650112672849975, 5.041759499999898
3262.630746822034, 0.00030650112672849975, 5.042248700000528
3262.630746822034, 0.00030650112672849975, 5.042736000000332
3262.630746822034, 0.00030650112672849975, 5.043222199999946
3262.630746822034, 0.00030650112672849975, 5.04371540000011
3262.630746822034, 0.00030650112672849975, 5.044203700000253
3262.630746822034, 0.00030650112672849975, 5.044686600000205
3262.630746822034, 0.00030650112672849975, 5.045172199999797
3262.630746822034, 0.00030650112672849975, 5.045703100000537
3262.630746822034, 0.00030650112672849975, 5.046218899999985
3262.630746822034, 0.00030650112672849975, 5.0466912000001685
3262.630746822034, 0.00030650112672849975, 5.047201000000314
3262.630746822034, 0.00030650112672849975, 5.047827999999754
3262.630746822034, 0.00030650112672849975, 5.0485514000001785
3262.630746822034, 0.00030648551461006523, 5.049163900000167
3262.630746822034, 0.00030650112672849975, 5.049736300000404
3262.630746822034, 0.00030650112672849975, 5.05032300000039
3262.630746822034, 0.00030650112672849975, 5.050810800000363
3262.630746822034, 0.00030650112672849975, 5.0512816000000385
3262.630746822034, 0.00030650112672849975, 5.051752100000158
3262.630746822034, 0.00030650112672849975, 5.052227899999707
3262.630746822034, 0.00030650112672849975, 5.05277070000011
3262.630746822034, 0.00030525808218772324, 5.0532468999999764
3262.630746822034, 0.00030650112672849975, 5.053717700000561
3262.630746822034, 0.00030650112672849975, 5.0541932000005545
3262.630746822034, 0.00030650112672849975, 5.0546626000004835
3262.630746822034, 0.00030650112672849975, 5.055133300000307
3262.630746822034, 0.00030650112672849975, 5.055603400000109
3262.630746822034, 0.00030650112672849975, 5.056093299999702
3262.630746822034, 0.00030650112672849975, 5.056585500000438
3262.630746822034, 0.00030650112672849975, 5.057079000000158
3262.630746822034, 0.00030650112672849975, 5.057649899999888
3262.630746822034, 0.00030650112672849975, 5.058145400000285
3262.630746822034, 0.00030650112672849975, 5.058600399999705
3262.630746822034, 0.00030650112672849975, 5.0590972999998485
3262.630746822034, 0.00030650112672849975, 5.059556000000157
3262.630746822034, 0.00030650112672849975, 5.060128500000246
3262.630746822034, 0.00030650112672849975, 5.060583299999962
3262.630746822034, 0.00030650112672849975, 5.061071699999957
3262.630746822034, 0.00030650112672849975, 5.0615309000004345
3262.630746822034, 0.00030650112672849975, 5.0620208000000275
3262.630746822034, 0.00030650112672849975, 5.062474600000314
3262.630746822034, 0.00030650112672849975, 5.062966600000436
3262.630746822034, 0.00030650112672849975, 5.063427300000512
3262.630746822034, 0.00030650112672849975, 5.063936399999875
3262.630746822034, 0.00030650112672849975, 5.064638200000445
3262.630746822034, 0.00030650112672849975, 5.06567510000059
3262.630746822034, 0.00030650112672849975, 5.0662749000002805
3262.630746822034, 0.00030650112672849975, 5.0667356000003565
3262.630746822034, 0.00030650112672849975, 5.067272299999786
3262.630746822034, 0.00030650112672849975, 5.06791770000018
3262.630746822034, 0.00030650112672849975, 5.068461599999864
3262.630746822034, 0.00030650112672849975, 5.0689540000003035
3262.630746822034, 0.00030650112672849975, 5.069409599999744
3262.630746822034, 0.00030650112672849975, 5.069893400000183
3262.630746822034, 0.00030650112672849975, 5.070366800000556
3262.630746822034, 0.00030650112672849975, 5.070845199999894
3262.630746822034, 0.0003053706694480414, 5.071321200000057
3262.630746822034, 0.00030492081797464285, 5.07181970000056
3262.630746822034, 0.00030650112672849975, 5.072311500000069
3262.630746822034, 0.00030650112672849975, 5.072771699999976
3262.630746822034, 0.00030650112672849975, 5.073266899999908
3262.630746822034, 0.00030650112672849975, 5.07372420000047
3262.630746822034, 0.00030650112672849975, 5.074214299999767
3262.630746822034, 0.00030650112672849975, 5.074766900000213
3262.630746822034, 0.00030650112672849975, 5.075243299999784
3262.630746822034, 0.00030650112672849975, 5.075752400000056
3262.630746822034, 0.00030650112672849975, 5.076248899999882
3262.630746822034, 0.00030650112672849975, 5.07670810000036
3262.630746822034, 0.00030650112672849975, 5.077205499999764
3262.630746822034, 0.00030650112672849975, 5.0776654000001145
3262.630746822034, 0.00030650112672849975, 5.078158400000575
3262.630746822034, 0.00030650112672849975, 5.0786495000002105
3262.630746822034, 0.00030650112672849975, 5.079147399999783
3262.630746822034, 0.00030650112672849975, 5.079609800000071
3262.630746822034, 0.00030650112672849975, 5.0801087999998344
3262.630746822034, 0.00030650112672849975, 5.080568600000333
3262.630746822034, 0.00030650112672849975, 5.08126429999993
3262.630746822034, 0.00030650112672849975, 5.082125300000371
3262.630746822034, 0.00030650112672849975, 5.082763800000066
3262.630746822034, 0.00030650112672849975, 5.0834216000002925
3262.630746822034, 0.00030650112672849975, 5.083914699999696
3262.630746822034, 0.00030650112672849975, 5.084420299999692
3262.630746822034, 0.00030650112672849975, 5.084956100000454
3262.630746822034, 0.00030650112672849975, 5.085412299999916
3262.630746822034, 0.00030650112672849975, 5.085937300000296
3262.630746822034, 0.00030650112672849975, 5.086431700000503
3262.630746822034, 0.00030650112672849975, 5.086927899999864
3262.630746822034, 0.00030650112672849975, 5.08738700000049
3262.630746822034, 0.00030650112672849975, 5.087876700000379
3262.630746822034, 0.00030650112672849975, 5.088334500000201
3262.630746822034, 0.00030650112672849975, 5.08878790000017
3262.630746822034, 0.00030650112672849975, 5.089302000000316
3262.630746822034, 0.00030650112672849975, 5.089881300000343
3262.630746822034, 0.00030650112672849975, 5.090337399999953
3262.630746822034, 0.00030650112672849975, 5.0907907999999225
3262.630746822034, 0.00030650112672849975, 5.091286900000341
3262.630746822034, 0.00030650112672849975, 5.091744199999994
3262.630746822034, 0.00030650112672849975, 5.092233299999862
3262.630746822034, 0.00030650112672849975, 5.092685900000106
3262.630746822034, 0.00030650112672849975, 5.093210500000168
3262.630746822034, 0.00030650112672849975, 5.093701599999804
3262.630746822034, 0.00030650112672849975, 5.094263900000442
3262.630746822034, 0.00030650112672849975, 5.09472310000001
3262.630746822034, 0.00030650112672849975, 5.09521500000028
3262.630746822034, 0.00030650112672849975, 5.095676500000081
3262.630746822034, 0.00030650112672849975, 5.096168900000521
3262.630746822034, 0.00030650112672849975, 5.096667300000263
3262.630746822034, 0.00030650112672849975, 5.097754200000054
3262.630746822034, 0.00030650112672849975, 5.098803099999714
3262.630746822034, 0.00030650112672849975, 5.099559000000227
3262.630746822034, 0.00030650112672849975, 5.100801600000523
3262.630746822034, 0.00030650112672849975, 5.101744000000508
3262.630746822034, 0.00030650112672849975, 5.102299600000151
3262.630746822034, 0.00030650112672849975, 5.102796099999978
3262.630746822034, 0.00030650112672849975, 5.103302700000313
3262.630746822034, 0.00030650112672849975, 5.10381310000048
3262.630746822034, 0.00030650112672849975, 5.104308500000116
3262.630746822034, 0.00030650112672849975, 5.104802599999857
3262.630746822034, 0.00030650112672849975, 5.105297799999789
3262.630746822034, 0.00030650112672849975, 5.105840000000171
3262.630746822034, 0.00030650112672849975, 5.106314600000587
3262.630746822034, 0.00030650112672849975, 5.106825500000014
3262.630746822034, 0.00030650112672849975, 5.1072936999999
3262.630746822034, 0.00030650112672849975, 5.1078034000001935
3262.630746822034, 0.00030650112672849975, 5.1083064000004015
3262.630746822034, 0.00030650112672849975, 5.108817199999976
3262.630746822034, 0.00030650112672849975, 5.109287899999799
3262.630746822034, 0.00030650112672849975, 5.109749500000362
3262.630746822034, 0.0003058968259325512, 5.1102435000002515
3262.630746822034, 0.00030650112672849975, 5.110701700000391
3262.630746822034, 0.00030650112672849975, 5.111213899999711
3262.630746822034, 0.00030594666680825344, 5.111751500000537
3262.630746822034, 0.00030594666680825344, 5.1122282000005725
3262.630746822034, 0.00030650112672849975, 5.112683399999696
3262.630746822034, 0.00030650112672849975, 5.113246400000207
3262.630746822034, 0.00030650112672849975, 5.113715700000284
3262.630746822034, 0.00030650112672849975, 5.114319700000124
3262.630746822034, 0.00030650112672849975, 5.115049799999724
3262.630746822034, 0.00030650112672849975, 5.115670600000158
3262.630746822034, 0.00030650112672849975, 5.116214300000138
3262.630746822034, 0.00030650112672849975, 5.116670899999917
3262.630746822034, 0.00030650112672849975, 5.117161000000124
3262.630746822034, 0.00030650112672849975, 5.117620699999861
3262.630746822034, 0.00030650112672849975, 5.118108900000152
3262.630746822034, 0.00030650112672849975, 5.118564800000058
3262.630746822034, 0.00030650112672849975, 5.119131800000105
3262.630746822034, 0.00030650112672849975, 5.119591000000582
3262.630746822034, 0.00030650112672849975, 5.120082899999943
3262.630746822034, 0.00030650112672849975, 5.120538199999828
3262.630746822034, 0.00030650112672849975, 5.1210283999998865
3262.630746822034, 0.00030650112672849975, 5.1214858000003005
3262.630746822034, 0.00030650112672849975, 5.121987700000318
3262.630746822034, 0.00030650112672849975, 5.122479600000588
3262.630746822034, 0.00030650112672849975, 5.123002100000122
3262.630746822034, 0.00030650112672849975, 5.123466400000325
3262.630746822034, 0.00030650112672849975, 5.123956600000383
3262.630746822034, 0.00030650112672849975, 5.124413200000163
3262.630746822034, 0.00030650112672849975, 5.124911099999736
3262.630746822034, 0.00030650112672849975, 5.1253677000004245
3262.630746822034, 0.00030650112672849975, 5.125897599999917
3262.630746822034, 0.00030650112672849975, 5.126463700000386
3262.630746822034, 0.00030650112672849975, 5.126961900000424
3262.630746822034, 0.00030650112672849975, 5.127420599999823
3262.630746822034, 0.00030650112672849975, 5.127910799999881
3262.630746822034, 0.00030650112672849975, 5.128369000000021
3262.630746822034, 0.00030650112672849975, 5.12891159999981
3262.630746822034, 0.00030650112672849975, 5.129369100000076
3262.630746822034, 0.00030650112672849975, 5.1298726000004535
3262.630746822034, 0.00030650112672849975, 5.13036749999992
3262.630746822034, 0.00030650112672849975, 5.130873500000234
3262.630746822034, 0.00030650112672849975, 5.131525599999804
3262.630746822034, 0.00030650112672849975, 5.132166200000029
3262.630746822034, 0.00030650112672849975, 5.132713900000454
3262.630746822034, 0.00030650112672849975, 5.1331866999998965
3262.630746822034, 0.00030650112672849975, 5.133760900000198
3262.630746822034, 0.00030650112672849975, 5.134219300000041
3262.630746822034, 0.00030650112672849975, 5.134681499999715
3262.630746822034, 0.00030650112672849975, 5.135170600000492
3262.630746822034, 0.00030650112672849975, 5.135639500000252
3262.630746822034, 0.00030650112672849975, 5.136128400000416
3262.630746822034, 0.00030650112672849975, 5.1365873000004285
3262.630746822034, 0.00030650112672849975, 5.1371140999999625
3262.630746822034, 0.00030650112672849975, 5.1375737999997
3262.630746822034, 0.00030650112672849975, 5.138069800000267
3262.630746822034, 0.00030636663141757385, 5.138523800000257
3262.630746822034, 0.0003056959215175461, 5.139012700000421
3262.630746822034, 0.0003056959215175461, 5.139473899999757
3262.630746822034, 0.00030650112672849975, 5.139964799999689
3262.630746822034, 0.00030650112672849975, 5.140420499999891
3262.630746822034, 0.00030650112672849975, 5.140975600000274
3262.630746822034, 0.00030650112672849975, 5.141450900000564
3261.9145974576268, 0.00030656841867638453, 5.14194469999984
3261.9145974576268, 0.00030656841867638453, 5.142397900000105
3261.9145974576268, 0.00030656841867638453, 5.142893799999911
3261.9145974576268, 0.00030656841867638453, 5.143350899999859
3261.9145974576268, 0.00030656841867638453, 5.143845900000088
3261.9145974576268, 0.00030656841867638453, 5.144301700000142
3261.9145974576268, 0.00030656841867638453, 5.145093900000575
3261.9145974576268, 0.00030656841867638453, 5.145968800000446
3261.9145974576268, 0.00030656841867638453, 5.146437299999889
3261.9145974576268, 0.00030656841867638453, 5.14694099999997
3261.9145974576268, 0.00030656841867638453, 5.147427099999732
3261.9145974576268, 0.00030656841867638453, 5.148012300000119
3261.9145974576268, 0.00030656841867638453, 5.148682699999881
3261.9145974576268, 0.00030656841867638453, 5.149295600000187
3261.9145974576268, 0.00030656841867638453, 5.149794500000098
3261.9145974576268, 0.00030656841867638453, 5.150262400000429
3261.9145974576268, 0.00030656841867638453, 5.150752800000191
3261.9145974576268, 0.00030656841867638453, 5.151212700000542
3261.9145974576268, 0.00030656841867638453, 5.151726199999757
3261.9145974576268, 0.00030656841867638453, 5.152203200000258
3261.9145974576268, 0.00030656841867638453, 5.1527304999999615
3261.9145974576268, 0.00030656841867638453, 5.153190400000312
3261.9145974576268, 0.00030656841867638453, 5.1536691999999675
3261.9145974576268, 0.00030656841867638453, 5.154143800000384
3261.9145974576268, 0.00030656841867638453, 5.154599200000121
3261.9145974576268, 0.00030656841867638453, 5.15508890000001
3261.9145974576268, 0.00030650112672849975, 5.155612200000178
3261.9145974576268, 0.00030656841867638453, 5.156089500000235
3261.9145974576268, 0.00030656841867638453, 5.156545200000437
3261.9145974576268, 0.00030656841867638453, 5.157036000000517
3261.9145974576268, 0.00030656841867638453, 5.157559000000219
3261.9145974576268, 0.00030656841867638453, 5.15803219999998
3261.9145974576268, 0.00030656841867638453, 5.15848989999995
3261.9145974576268, 0.00030650112672849975, 5.158985199999734
3261.9145974576268, 0.0003058888441967502, 5.159480700000131
3261.9145974576268, 0.0003058888441967502, 5.159982899999704
3261.9145974576268, 0.00030656841867638453, 5.160473400000228
3261.9145974576268, 0.00030656841867638453, 5.161042900000211
3261.9145974576268, 0.00030656841867638453, 5.1615216999998665
3261.9145974576268, 0.00030656841867638453, 5.162011999999777
3261.9145974576268, 0.00030656841867638453, 5.162475500000255
3261.9145974576268, 0.00030656841867638453, 5.16297140000006
3261.9145974576268, 0.00030656841867638453, 5.163478000000396
3261.9145974576268, 0.00030656841867638453, 5.164141799999925
3261.9145974576268, 0.00030656841867638453, 5.165293199999724
3261.9145974576268, 0.00030656841867638453, 5.165904700000283
3261.9145974576268, 0.00030656841867638453, 5.166464300000371
3261.9145974576268, 0.00030656841867638453, 5.166997899999842
3261.9145974576268, 0.00030656841867638453, 5.167480300000534
3261.9145974576268, 0.00030656841867638453, 5.167959299999893
3261.9145974576268, 0.00030656841867638453, 5.168432600000415
3261.9145974576268, 0.00030656841867638453, 5.168917200000578
3261.9145974576268, 0.00030656841867638453, 5.169441500000175
3261.9145974576268, 0.00030656841867638453, 5.170251000000462
3261.9145974576268, 0.00030656841867638453, 5.171007900000404
3261.9145974576268, 0.00030656841867638453, 5.171511800000189
3261.9145974576268, 0.00030656841867638453, 5.17200529999991
3261.9145974576268, 0.00030656841867638453, 5.172462100000303
3261.9145974576268, 0.00030656841867638453, 5.172951399999874
3261.9145974576268, 0.00030656841867638453, 5.173417900000459
3261.9145974576268, 0.00030656841867638453, 5.173943300000246
3261.9145974576268, 0.00030656841867638453, 5.1744189999999435
3261.9145974576268, 0.00030656841867638453, 5.174898400000529
3261.9145974576268, 0.00030656841867638453, 5.1753653000005215
3261.9145974576268, 0.00030656841867638453, 5.175854600000093
3261.9145974576268, 0.00030656841867638453, 5.1763097000002745
3261.9145974576268, 0.00030656841867638453, 5.176856500000213
3261.9145974576268, 0.00030656841867638453, 5.177313799999865
3261.9145974576268, 0.00030656841867638453, 5.17787860000044
3261.9145974576268, 0.00030656841867638453, 5.1783376000003045
3261.9145974576268, 0.00030656841867638453, 5.1788346000003
3261.9145974576268, 0.00030656841867638453, 5.179289700000481
3261.9145974576268, 0.00030656841867638453, 5.1797827999998844
3261.9145974576268, 0.00030656841867638453, 5.180239600000277
3261.9145974576268, 0.00030656841867638453, 5.180752000000211
3261.9145974576268, 0.00030656841867638453, 5.181397299999844
3261.9145974576268, 0.00030656841867638453, 5.182009300000573
3261.9145974576268, 0.00030656841867638453, 5.182525899999746
3261.9145974576268, 0.00030656841867638453, 5.18303990000004
3261.9145974576268, 0.0003059229149398288, 5.183513400000265
3261.9145974576268, 0.00030656841867638453, 5.184022399999776
3261.9145974576268, 0.00030656841867638453, 5.184559799999988
3261.9145974576268, 0.00030656841867638453, 5.185152099999868
3261.9145974576268, 0.00030656841867638453, 5.1858672999997
3261.9145974576268, 0.00030656841867638453, 5.1866478000001734
3261.9145974576268, 0.00030656841867638453, 5.18716779999977
3261.9145974576268, 0.00030656841867638453, 5.187661500000104
3261.9145974576268, 0.00030656841867638453, 5.188120400000116
3261.9145974576268, 0.00030656841867638453, 5.188614300000154
3261.9145974576268, 0.00030656841867638453, 5.189072099999976
3261.9145974576268, 0.00030656841867638453, 5.189610299999913
3261.9145974576268, 0.00030656841867638453, 5.190076200000476
3261.9145974576268, 0.00030656841867638453, 5.190559000000576
3261.9145974576268, 0.00030656841867638453, 5.191031199999998
3261.9145974576268, 0.00030656841867638453, 5.1914879000005385
3261.9145974576268, 0.00030656841867638453, 5.191976199999772
3261.9145974576268, 0.00030656841867638453, 5.192558200000349
3261.9145974576268, 0.00030614644849238394, 5.193049999999857
3261.9145974576268, 0.00030656841867638453, 5.1935072000005675
3261.9145974576268, 0.00030656841867638453, 5.193997899999886
3261.9145974576268, 0.00030656841867638453, 5.194456000000173
3261.9145974576268, 0.00030656841867638453, 5.194945500000358
3261.9145974576268, 0.00030656841867638453, 5.195400300000074
3261.9145974576268, 0.00030656841867638453, 5.195923899999798
3261.9145974576268, 0.00030656841867638453, 5.196417099999962
3261.9145974576268, 0.00030656841867638453, 5.196907999999894
3261.9145974576268, 0.00030656841867638453, 5.197385100000247
3261.9145974576268, 0.00030656841867638453, 5.198621999999887
3261.9145974576268, 0.00030656841867638453, 5.199934600000233
3261.9145974576268, 0.00030656841867638453, 5.200498700000026
3261.9145974576268, 0.00030656841867638453, 5.201104300000225
3261.9145974576268, 0.00030656841867638453, 5.20169100000021
3261.9145974576268, 0.00030656841867638453, 5.202332800000477
3261.9145974576268, 0.00030656841867638453, 5.2030061000004935
3261.9145974576268, 0.00030656841867638453, 5.203627300000335
3261.9145974576268, 0.00030656841867638453, 5.204091000000517
3261.9145974576268, 0.00030656841867638453, 5.204584900000555
3261.9145974576268, 0.00030656841867638453, 5.205044700000144
3261.9145974576268, 0.00030656841867638453, 5.205522199999905
3261.9145974576268, 0.00030656841867638453, 5.205992100000003
3261.9145974576268, 0.00030656841867638453, 5.206469100000504
3261.9145974576268, 0.00030656841867638453, 5.207015599999977
3261.9145974576268, 0.00030656841867638453, 5.207476999999926
3261.9145974576268, 0.00030656841867638453, 5.207967400000598
3261.9145974576268, 0.00030656841867638453, 5.208431500000188
3261.9145974576268, 0.00030656841867638453, 5.209211200000027
3261.9145974576268, 0.00030656841867638453, 5.209848200000124
3261.9145974576268, 0.00030656841867638453, 5.210338699999738
3261.9145974576268, 0.00030656841867638453, 5.21086379999997
3261.9145974576268, 0.00030656841867638453, 5.211322699999982
3261.9145974576268, 0.00030656841867638453, 5.21181230000002
3261.9145974576268, 0.00030656841867638453, 5.212266000000454
3261.9145974576268, 0.00030656841867638453, 5.212759799999731
3261.9145974576268, 0.00030656841867638453, 5.213214600000356
3261.9145974576268, 0.00030656841867638453, 5.213731599999846
3261.9145974576268, 0.00030656841867638453, 5.21469900000011
3261.9145974576268, 0.00030656841867638453, 5.216226399999869
3261.9145974576268, 0.00030656841867638453, 5.217484100000547
3261.9145974576268, 0.00030656841867638453, 5.218561000000591
3261.9145974576268, 0.00030656841867638453, 5.219210799999928
3261.9145974576268, 0.00030656841867638453, 5.219844500000363
3261.9145974576268, 0.00030656841867638453, 5.220756100000472
3261.9145974576268, 0.00030656841867638453, 5.221437100000003
3261.9145974576268, 0.00030656841867638453, 5.22196570000051
3261.9145974576268, 0.00030656841867638453, 5.222435100000439
3261.9145974576268, 0.00030656841867638453, 5.222928899999715
3261.9145974576268, 0.00030656841867638453, 5.223397900000236
3261.9145974576268, 0.00030656841867638453, 5.223888999999872
3261.9145974576268, 0.00030656841867638453, 5.224344899999778
3261.9145974576268, 0.00030656841867638453, 5.224915499999952
3261.9145974576268, 0.00030656841867638453, 5.225395600000411
3261.9145974576268, 0.00030656841867638453, 5.225865200000044
3261.9145974576268, 0.00030656841867638453, 5.226332700000057
3261.9145974576268, 0.00030656841867638453, 5.226805400000558
3261.9145974576268, 0.00030656841867638453, 5.227275799999916
3261.9145974576268, 0.00030656841867638453, 5.227745400000458
3261.9145974576268, 0.00030656841867638453, 5.228213600000345
3261.9145974576268, 0.00030656841867638453, 5.228750299999774
3261.9145974576268, 0.00030656841867638453, 5.229219599999851
3261.9145974576268, 0.00030656841867638453, 5.229721700000482
3261.9145974576268, 0.00030656841867638453, 5.230188300000009
3261.9145974576268, 0.00030656841867638453, 5.2306617000003826
3261.9145974576268, 0.00030656841867638453, 5.231508300000314
3261.9145974576268, 0.00030656841867638453, 5.2324681000000055
3261.9145974576268, 0.00030656841867638453, 5.233998800000336
3261.9145974576268, 0.0003050129349616472, 5.234786900000472
3261.9145974576268, 0.00030656841867638453, 5.235424299999977
3261.9145974576268, 0.00030656841867638453, 5.236144999999851
3261.9145974576268, 0.00030656841867638453, 5.236881300000277
3261.9145974576268, 0.00030656841867638453, 5.237821900000199
3261.9145974576268, 0.00030656841867638453, 5.238347000000431
3261.9145974576268, 0.00030656841867638453, 5.238878500000283
3261.9145974576268, 0.00030656841867638453, 5.239352399999916
3261.9145974576268, 0.00030656841867638453, 5.239910100000088
3261.9145974576268, 0.00030656841867638453, 5.240455099999963
3261.9145974576268, 0.00030656841867638453, 5.241070900000523
3261.9145974576268, 0.00030656841867638453, 5.241612599999826
3261.9145974576268, 0.00030656841867638453, 5.242087800000263
3261.9145974576268, 0.00030656841867638453, 5.242600800000218
3261.9145974576268, 0.00030656841867638453, 5.243078200000127
3261.9145974576268, 0.00030656841867638453, 5.243598799999745
3261.9145974576268, 0.00030656841867638453, 5.244081100000585
3261.9145974576268, 0.00030656841867638453, 5.244590799999969
3261.9145974576268, 0.00030656841867638453, 5.245081400000345
3261.9145974576268, 0.00030656841867638453, 5.245594900000469
3261.9145974576268, 0.00030656841867638453, 5.246072900000399
3261.9145974576268, 0.00030656841867638453, 5.246594500000356
3261.9145974576268, 0.00030656841867638453, 5.247113999999783
3261.9145974576268, 0.00030656841867638453, 5.248096999999689
3261.9145974576268, 0.00030656841867638453, 5.250455100000181
3261.9145974576268, 0.00030656841867638453, 5.251852399999734
3261.9145974576268, 0.00030656841867638453, 5.252821300000505
3261.9145974576268, 0.00030656841867638453, 5.253730800000085
3261.9145974576268, 0.00030656841867638453, 5.254588400000102
3261.9145974576268, 0.00030656841867638453, 5.255591199999799
3261.9145974576268, 0.00030656841867638453, 5.2565363000003344
3261.9145974576268, 0.00030656841867638453, 5.257066500000292
3261.9145974576268, 0.00030656841867638453, 5.257572800000162
3261.9145974576268, 0.00030656841867638453, 5.258072300000094
3261.9145974576268, 0.00030656841867638453, 5.258958999999777
3261.9145974576268, 0.00030656841867638453, 5.259730499999932
3261.9145974576268, 0.00030656841867638453, 5.260345300000154
3261.9145974576268, 0.00030656841867638453, 5.261160300000483
3261.9145974576268, 0.00030656841867638453, 5.261681800000588
3261.9145974576268, 0.00030656841867638453, 5.262141700000029
3261.9145974576268, 0.00030656841867638453, 5.2626083000004655
3261.9145974576268, 0.00030656841867638453, 5.26306250000016
3261.9145974576268, 0.00030656841867638453, 5.2635559000000285
3261.9145974576268, 0.00030656841867638453, 5.264022500000465
3261.9145974576268, 0.00030656841867638453, 5.265119700000469
3261.9145974576268, 0.00030656841867638453, 5.266435399999864
3261.9145974576268, 0.00030656841867638453, 5.267951499999981
3261.9145974576268, 0.00030656841867638453, 5.26868149999973
3261.9145974576268, 0.00030656841867638453, 5.269165200000316
3261.9145974576268, 0.00030656841867638453, 5.269644799999696
3261.9145974576268, 0.00030656841867638453, 5.270135800000389
3261.9145974576268, 0.00030656841867638453, 5.2707940000000235
3261.9145974576268, 0.00030656841867638453, 5.271955000000162
3261.9145974576268, 0.00030656841867638453, 5.273065200000019
3261.9145974576268, 0.00030656841867638453, 5.273686600000474
3261.9145974576268, 0.00030656841867638453, 5.274150600000212
3261.9145974576268, 0.00030656841867638453, 5.274623100000099
3261.9145974576268, 0.00030543746587620034, 5.275089599999774
3261.9145974576268, 0.00030656841867638453, 5.275548300000082
3261.9145974576268, 0.00030656841867638453, 5.2760063000005175
3261.9145974576268, 0.00030656841867638453, 5.27646840000034
3261.9145974576268, 0.00030656841867638453, 5.276923999999781
3261.9145974576268, 0.00030656841867638453, 5.27738700000009
3261.9145974576268, 0.00030656841867638453, 5.277850500000568
3261.9145974576268, 0.00030656841867638453, 5.278308599999946
3261.9145974576268, 0.00030656841867638453, 5.278766700000233
3261.9145974576268, 0.00030656841867638453, 5.279221800000414
3261.9145974576268, 0.00030656841867638453, 5.279702100000577
3261.9145974576268, 0.00030656841867638453, 5.280229200000576
3261.9145974576268, 0.00030656841867638453, 5.280758800000513
3261.9145974576268, 0.00030656841867638453, 5.281739600000037
3261.9145974576268, 0.00030656841867638453, 5.2831536000003325
3261.9145974576268, 0.00030656841867638453, 5.284585600000355
3261.9145974576268, 0.00030656841867638453, 5.285152299999936
3261.9145974576268, 0.00030656841867638453, 5.285642599999846
3261.9145974576268, 0.00030656841867638453, 5.286117100000411
3261.9145974576268, 0.00030656841867638453, 5.286600500000532
3261.9145974576268, 0.00030656841867638453, 5.2870740999997
3261.9145974576268, 0.00030656841867638453, 5.287671500000215
3261.9145974576268, 0.00030656841867638453, 5.288966600000094
3261.9145974576268, 0.00030656841867638453, 5.289708799999971
3261.9145974576268, 0.00030656841867638453, 5.2901732999998785
3261.9145974576268, 0.00030656841867638453, 5.290647599999829
3261.9145974576268, 0.00030656841867638453, 5.29110589999982
3261.9145974576268, 0.00030656841867638453, 5.291568100000404
3261.9145974576268, 0.00030656841867638453, 5.292029199999888
3261.9145974576268, 0.00030656841867638453, 5.292567100000269
3261.9145974576268, 0.00030656841867638453, 5.2933044999999765
3261.9145974576268, 0.00030656841867638453, 5.294128300000011
3261.9145974576268, 0.00030656841867638453, 5.29466500000035
3261.9145974576268, 0.00030656841867638453, 5.2952038000003085
3261.9145974576268, 0.0003051776149256578, 5.295670900000005
3261.9145974576268, 0.00030656841867638453, 5.296130599999742
3261.9145974576268, 0.00030656841867638453, 5.296667600000546
3261.9145974576268, 0.00030656841867638453, 5.297124700000495
3261.9145974576268, 0.00030656841867638453, 5.297684600000139
3261.9145974576268, 0.00030656841867638453, 5.298642900000232
3261.9145974576268, 0.00030656841867638453, 5.299790099999882
3261.9145974576268, 0.00030656841867638453, 5.301145399999768
3261.9145974576268, 0.00030656841867638453, 5.301693800000066
3261.9145974576268, 0.00030656841867638453, 5.30249670000012
3261.9145974576268, 0.00030485176590956057, 5.304626900000585
3261.9145974576268, 0.00030656841867638453, 5.305588100000023
3261.9145974576268, 0.00030656841867638453, 5.306626600000527
3261.9145974576268, 0.00030656841867638453, 5.3075159999998505
3261.9145974576268, 0.00030656841867638453, 5.308397300000252
3261.9145974576268, 0.00030656841867638453, 5.309483199999704
3261.9145974576268, 0.00030656841867638453, 5.310405400000491
3261.9145974576268, 0.00030656841867638453, 5.311287800000173
3261.9145974576268, 0.00030656841867638453, 5.31217050000032
3261.9145974576268, 0.00030656841867638453, 5.313118099999883
3261.9145974576268, 0.00030656841867638453, 5.314187800000582
3261.9145974576268, 0.00030656841867638453, 5.3157718000002205
3258.333850635593, 0.00030690532211882863, 5.318667499999719
3258.333850635593, 0.00030690532211882863, 5.320543499999985
3258.333850635593, 0.00030690532211882863, 5.321440100000473
3258.333850635593, 0.00030690532211882863, 5.321908099999746
3258.333850635593, 0.00030690532211882863, 5.322377100000267
3258.333850635593, 0.00030690532211882863, 5.322845300000154
3258.333850635593, 0.00030690532211882863, 5.323304100000314
3258.333850635593, 0.00030690532211882863, 5.323759800000516
3258.333850635593, 0.00030690532211882863, 5.324273700000049
3258.333850635593, 0.00030690532211882863, 5.324748400000317
3256.1854025423727, 0.0003071078198493297, 5.325240000000122
3256.1854025423727, 0.0003071078198493297, 5.3256968000005145
3256.1854025423727, 0.0003071078198493297, 5.326156600000104
3256.1854025423727, 0.0003071078198493297, 5.326614700000391
3256.1854025423727, 0.0003071078198493297, 5.327070999999705
3256.1854025423727, 0.0003071078198493297, 5.327532400000564
3256.1854025423727, 0.0003071078198493297, 5.327998599999773
3256.1854025423727, 0.0003071078198493297, 5.328486999999768
3256.1854025423727, 0.0003071078198493297, 5.328943100000288
3256.1854025423727, 0.0003071078198493297, 5.329403900000216
3256.1854025423727, 0.0003071078198493297, 5.329861600000186
3256.1854025423727, 0.0003071078198493297, 5.330349300000307
3256.1854025423727, 0.0003071078198493297, 5.330906700000014
3256.1854025423727, 0.00030690532211882863, 5.331987100000333
3256.1854025423727, 0.00030656841867638453, 5.333721300000434
3256.1854025423727, 0.0003071078198493297, 5.33526830000028
3256.1854025423727, 0.0003071078198493297, 5.33575380000002
3256.1854025423727, 0.00030626310416362773, 5.336275300000125
3256.1854025423727, 0.0003071078198493297, 5.336751699999695
3256.1854025423727, 0.0003071078198493297, 5.337210900000173
3256.1854025423727, 0.0003071078198493297, 5.337674899999911
3256.1854025423727, 0.0003071078198493297, 5.338134100000389
3256.1854025423727, 0.0003071078198493297, 5.338593299999957
3256.1854025423727, 0.0003071078198493297, 5.33905010000035
3256.1854025423727, 0.0003071078198493297, 5.339601100000436
3256.1854025423727, 0.0003071078198493297, 5.340056500000173
3256.1854025423727, 0.0003071078198493297, 5.340518599999996
3256.1854025423727, 0.0003071078198493297, 5.340981500000453
3256.1854025423727, 0.0003071078198493297, 5.341440700000021
3256.1854025423727, 0.0003071078198493297, 5.341899500000181
3256.1854025423727, 0.0003071078198493297, 5.3423602000002575
3256.1854025423727, 0.0003071078198493297, 5.342821100000037
3256.1854025423727, 0.0003071078198493297, 5.343283100000008
3256.1854025423727, 0.0003071078198493297, 5.343740799999978
3256.1854025423727, 0.0003071078198493297, 5.344195900000159
3256.1854025423727, 0.0003071078198493297, 5.344656700000087
3256.1854025423727, 0.0003071078198493297, 5.345111800000268
3256.1854025423727, 0.0003071078198493297, 5.345569799999794
3256.1854025423727, 0.0003071078198493297, 5.346032800000103
3256.1854025423727, 0.0003071078198493297, 5.346491100000094
3256.1854025423727, 0.0003071078198493297, 5.347019499999988
3256.1854025423727, 0.0003071078198493297, 5.347606700000142
3256.1854025423727, 0.0003071078198493297, 5.34837140000036
3256.1854025423727, 0.0003071078198493297, 5.350428400000055
3256.1854025423727, 0.0003071078198493297, 5.35142420000011
3256.1854025423727, 0.0003071078198493297, 5.3519215000005715
3256.1854025423727, 0.0003071078198493297, 5.352447700000084
3256.1854025423727, 0.0003071078198493297, 5.352912800000013
3256.1854025423727, 0.0003071078198493297, 5.353375499999856
3256.1854025423727, 0.0003071078198493297, 5.353832100000545
3256.1854025423727, 0.0003071078198493297, 5.354370600000038
3256.1854025423727, 0.0003071078198493297, 5.3548289999998815
3256.1854025423727, 0.0003071078198493297, 5.355292700000064
3256.1854025423727, 0.0003071078198493297, 5.355748900000435
3256.1854025423727, 0.0003071078198493297, 5.356205099999897
3256.1854025423727, 0.0003071078198493297, 5.3566710000004605
3256.1854025423727, 0.0003071078198493297, 5.357131400000071
3256.1854025423727, 0.0003071078198493297, 5.357587899999999
3256.1854025423727, 0.0003071078198493297, 5.3580456999998205
3256.1854025423727, 0.0003071078198493297, 5.35850980000032
3256.1854025423727, 0.0003071078198493297, 5.358967300000586
3256.1854025423727, 0.0003071078198493297, 5.359427800000049
3256.1854025423727, 0.0003071078198493297, 5.359889999999723
3256.1854025423727, 0.0003071078198493297, 5.360353199999736
3256.1854025423727, 0.0003071078198493297, 5.360850300000493
3256.1854025423727, 0.0003071078198493297, 5.361485200000061
3256.1854025423727, 0.0003071078198493297, 5.3619579000005615
3256.1854025423727, 0.0003071078198493297, 5.3624196999999185
3256.1854025423727, 0.0003071078198493297, 5.362873000000036
3256.1854025423727, 0.0003071078198493297, 5.363330700000006
3256.1854025423727, 0.0003071078198493297, 5.363790700000209
3256.1854025423727, 0.0003071078198493297, 5.364454999999907
3256.1854025423727, 0.0003071078198493297, 5.365478300000177
3256.1854025423727, 0.0003071078198493297, 5.366177699999753
3256.1854025423727, 0.0003071078198493297, 5.366637199999786
3256.1854025423727, 0.0003071078198493297, 5.367107799999758
3256.1854025423727, 0.0003071078198493297, 5.367568800000299
3256.1854025423727, 0.0003071078198493297, 5.368026500000269
3256.1854025423727, 0.0003071078198493297, 5.368788100000529
3256.1854025423727, 0.0003071078198493297, 5.369667599999957
3256.1854025423727, 0.0003071078198493297, 5.370287200000348
3256.1854025423727, 0.0003071078198493297, 5.3707461000003605
3256.1854025423727, 0.0003071078198493297, 5.371211499999845
3256.1854025423727, 0.0003071078198493297, 5.371669099999963
3256.1854025423727, 0.0003071078198493297, 5.372124900000017
3256.1854025423727, 0.0003071078198493297, 5.372586399999818
3256.1854025423727, 0.0003071078198493297, 5.373042000000169
3256.1854025423727, 0.0003071078198493297, 5.373500499999864
3256.1854025423727, 0.0003071078198493297, 5.373954200000298
3256.1854025423727, 0.0003071078198493297, 5.374413000000459
3256.1854025423727, 0.0003071078198493297, 5.374872000000323
3256.1854025423727, 0.0003071078198493297, 5.375331899999765
3256.1854025423727, 0.0003071078198493297, 5.375786100000369
3256.1854025423727, 0.0003071078198493297, 5.376615799999854
3256.1854025423727, 0.0003071078198493297, 5.377359600000091
3256.1854025423727, 0.0003071078198493297, 5.377819500000442
3256.1854025423727, 0.0003071078198493297, 5.378282599999693
3256.1854025423727, 0.0003071078198493297, 5.378736499999832
3256.1854025423727, 0.0003071078198493297, 5.37919520000014
3256.1854025423727, 0.0003071078198493297, 5.3796497000003
3256.1854025423727, 0.0003071078198493297, 5.380116199999975
3256.1854025423727, 0.0003071078198493297, 5.380574800000431
3256.1854025423727, 0.0003057788311253863, 5.381219099999726
3256.1854025423727, 0.0003071078198493297, 5.382318400000258
3256.1854025423727, 0.0003071078198493297, 5.382896000000073
3256.1854025423727, 0.0003071078198493297, 5.383508800000527
3256.1854025423727, 0.0003071078198493297, 5.384477800000241
3256.1854025423727, 0.0003071078198493297, 5.38497980000011
3256.1854025423727, 0.0003071078198493297, 5.385455700000421
3256.1854025423727, 0.0003071078198493297, 5.385979300000145
3256.1854025423727, 0.0003071078198493297, 5.386452100000497
3256.1854025423727, 0.0003071078198493297, 5.386919100000341
3256.1854025423727, 0.0003071078198493297, 5.387383100000079
3256.1854025423727, 0.0003071078198493297, 5.38784510000005
3256.1854025423727, 0.0003071078198493297, 5.388343000000532
3256.1854025423727, 0.0003071078198493297, 5.388801300000523
3256.1854025423727, 0.0003071078198493297, 5.38926470000024
3256.1854025423727, 0.0003071078198493297, 5.389721300000019
3256.1854025423727, 0.0003071078198493297, 5.390184500000032
3256.1854025423727, 0.0003071078198493297, 5.39063890000034
3256.1854025423727, 0.0003071078198493297, 5.391653900000165
3256.1854025423727, 0.0003071078198493297, 5.3924355999997715
3256.1854025423727, 0.0003071078198493297, 5.3929006999997
3256.1854025423727, 0.0003071078198493297, 5.393366199999946
3256.1854025423727, 0.0003071078198493297, 5.3938310000003185
3256.1854025423727, 0.0003071078198493297, 5.394302300000163
3256.1854025423727, 0.0003071078198493297, 5.394760199999837
3256.1854025423727, 0.0003071078198493297, 5.3952186000005895
3256.1854025423727, 0.0003071078198493297, 5.395678599999883
3256.1854025423727, 0.0003071078198493297, 5.396137100000487
3256.1854025423727, 0.0003071078198493297, 5.396593800000119
3256.1854025423727, 0.0003071078198493297, 5.3970531000004485
3256.1854025423727, 0.0003071078198493297, 5.3976478000004136
3256.1854025423727, 0.0003071078198493297, 5.398269100000107
3256.1854025423727, 0.0003071078198493297, 5.3989346999997
3256.1854025423727, 0.0003071078198493297, 5.399423200000456
3256.1854025423727, 0.0003071078198493297, 5.399972899999739
3256.1854025423727, 0.0003071078198493297, 5.400999299999967
3256.1854025423727, 0.0003071078198493297, 5.401500900000428
3256.1854025423727, 0.0003071078198493297, 5.402001100000234
3256.1854025423727, 0.0003071078198493297, 5.402494300000399
3256.1854025423727, 0.0003071078198493297, 5.402950800000326
3256.1854025423727, 0.0003071078198493297, 5.403449899999941
3256.1854025423727, 0.0003071078198493297, 5.403905500000292
3256.1854025423727, 0.0003071078198493297, 5.404395000000477
3256.1854025423727, 0.0003071078198493297, 5.404855900000257
3256.1854025423727, 0.0003071078198493297, 5.405365700000402
3256.1854025423727, 0.0003071078198493297, 5.405896700000085
3256.1854025423727, 0.0003071078198493297, 5.406423200000063
3256.1854025423727, 0.0003071078198493297, 5.406879300000583
3256.1854025423727, 0.0003071078198493297, 5.407369200000176
3256.1854025423727, 0.0003071078198493297, 5.40782180000042
3256.1854025423727, 0.0003071078198493297, 5.4083158000003095
3256.1854025423727, 0.0003071078198493297, 5.408771000000343
3256.1854025423727, 0.0003071078198493297, 5.40929849999975
3256.1854025423727, 0.0003071078198493297, 5.409774800000378
3256.1854025423727, 0.0003071078198493297, 5.4102834000004805
3256.1854025423727, 0.0003071078198493297, 5.4107396999997945
3256.1854025423727, 0.0003071078198493297, 5.4112341999998534
3256.1854025423727, 0.0003071078198493297, 5.411689100000331
3256.1854025423727, 0.0003071078198493297, 5.412180199999966
3256.1854025423727, 0.0003071078198493297, 5.412635599999703
3256.1854025423727, 0.0003071078198493297, 5.413442699999905
3256.1854025423727, 0.0003071078198493297, 5.4140863000002355
3256.1854025423727, 0.0003071078198493297, 5.415282099999786
3256.1854025423727, 0.0003071078198493297, 5.416370900000402
3256.1854025423727, 0.0003071078198493297, 5.4173171000002185
3256.1854025423727, 0.0003071078198493297, 5.423495500000172
3256.1854025423727, 0.0003071078198493297, 5.45280830000047
3256.1854025423727, 0.0003071078198493297, 5.453418900000543
3256.1854025423727, 0.0003071078198493297, 5.454012700000021
3256.1854025423727, 0.0003071078198493297, 5.45460120000007
3256.1854025423727, 0.0003071078198493297, 5.455086500000107
3256.1854025423727, 0.0003071078198493297, 5.455561900000248
3256.1854025423727, 0.0003071078198493297, 5.456036600000516
3256.1854025423727, 0.0003071078198493297, 5.4565105000001495
3256.1854025423727, 0.0003071078198493297, 5.456988699999783
3256.1854025423727, 0.0003071078198493297, 5.457719099999849
3256.1854025423727, 0.0003071078198493297, 5.458229400000164
3256.1854025423727, 0.0003071078198493297, 5.458715300000222
3256.1854025423727, 0.0003071078198493297, 5.459561399999984
3256.1854025423727, 0.0003071078198493297, 5.4605264000001625
3256.1854025423727, 0.0003071078198493297, 5.46149990000049
3256.1854025423727, 0.0003071078198493297, 5.462458500000139
3256.1854025423727, 0.0003071078198493297, 5.463384499999847
3256.1854025423727, 0.0003071078198493297, 5.465232200000173
3256.1854025423727, 0.0003071078198493297, 5.466702100000475
3256.1854025423727, 0.0003071078198493297, 5.467888300000595
3256.1854025423727, 0.0003071078198493297, 5.468881100000544
3256.1854025423727, 0.0003071078198493297, 5.46981870000036
3256.1854025423727, 0.0003071078198493297, 5.470722300000489
3256.1854025423727, 0.0003071078198493297, 5.471618700000363
3256.1854025423727, 0.0003071078198493297, 5.4727130999999645
3256.1854025423727, 0.0003071078198493297, 5.473791000000347
3256.1854025423727, 0.0003071078198493297, 5.474300599999879
3256.1854025423727, 0.0003071078198493297, 5.4748114000003625
3256.1854025423727, 0.0003056340464374332, 5.475384399999712
3256.1854025423727, 0.0003071078198493297, 5.4759515000005194
3256.1854025423727, 0.0003071078198493297, 5.476451000000452
3256.1854025423727, 0.0003058158102183407, 5.476945200000046
3256.1854025423727, 0.0003071078198493297, 5.47743410000021
3256.1854025423727, 0.0003071078198493297, 5.477925299999697
3256.1854025423727, 0.0003071078198493297, 5.478412700000263
3256.1854025423727, 0.0003071078198493297, 5.479084700000385
3256.1854025423727, 0.0003071078198493297, 5.479658400000517
3256.1854025423727, 0.0003071078198493297, 5.480589100000543
3256.1854025423727, 0.0003071078198493297, 5.4823176999998395
3256.1854025423727, 0.0003071078198493297, 5.483858399999917
3256.1854025423727, 0.0003071078198493297, 5.484931699999834
3256.1854025423727, 0.0003071078198493297, 5.485952699999871
3256.1854025423727, 0.0003071078198493297, 5.4875160000001415
3256.1854025423727, 0.0003071078198493297, 5.488563599999907
3256.1854025423727, 0.000305746911250938, 5.489503200000399
3256.1854025423727, 0.000305746911250938, 5.49019380000027
3256.1854025423727, 0.0003071078198493297, 5.490735299999869
3256.1854025423727, 0.0003071078198493297, 5.491204599999946
3256.1854025423727, 0.0003071078198493297, 5.491673000000446
3256.1854025423727, 0.0003064338643153762, 5.492141900000206
3256.1854025423727, 0.0003071078198493297, 5.492604799999754
3256.1854025423727, 0.0003071078198493297, 5.493112099999962
3256.1854025423727, 0.0003071078198493297, 5.493793399999959
3256.1854025423727, 0.0003068533675349366, 5.494496199999958
3256.1854025423727, 0.00030651657808590554, 5.4949814000001425
3256.1854025423727, 0.0003071078198493297, 5.495441699999901
3256.1854025423727, 0.0003071078198493297, 5.496012300000075
3256.1854025423727, 0.0003071078198493297, 5.496479399999771
3256.1854025423727, 0.0003071078198493297, 5.496982900000148
3256.1854025423727, 0.0003071078198493297, 5.49775690000024
3256.1854025423727, 0.0003071078198493297, 5.498375199999828
3256.1854025423727, 0.0003071078198493297, 5.498964600000363
3256.1854025423727, 0.0003071078198493297, 5.499536899999839
3256.1854025423727, 0.0003063466428685517, 5.500049199999921
3256.1854025423727, 0.0003071078198493297, 5.500546000000213
3256.1854025423727, 0.0003071078198493297, 5.50102059999972
3256.1854025423727, 0.0003071078198493297, 5.501564899999721
3256.1854025423727, 0.0003071078198493297, 5.502124100000401
3256.1854025423727, 0.0003071078198493297, 5.502596000000267
3256.1854025423727, 0.0003071078198493297, 5.503073300000324
3256.1854025423727, 0.0003071078198493297, 5.503544099999999
3256.1854025423727, 0.0003071078198493297, 5.5040139000002455
3256.1854025423727, 0.0003071078198493297, 5.504481900000428
3256.1854025423727, 0.0003071078198493297, 5.505031300000155
3256.1854025423727, 0.00030653930500832387, 5.505518900000425
3256.1854025423727, 0.0003071078198493297, 5.505995999999868
3256.1854025423727, 0.0003071078198493297, 5.506468399999903
3256.1854025423727, 0.0003071078198493297, 5.506948299999749
3256.1854025423727, 0.0003071078198493297, 5.50742050000008
3256.1854025423727, 0.0003071078198493297, 5.507893200000581
3256.1854025423727, 0.0003071078198493297, 5.508372600000257
3256.1854025423727, 0.0003071078198493297, 5.5089568000003055
3256.1854025423727, 0.0003071078198493297, 5.509428200000002
3256.1854025423727, 0.0003071078198493297, 5.509900699999889
3256.1854025423727, 0.0003071078198493297, 5.510373199999776
3256.1854025423727, 0.0003071078198493297, 5.510844200000065
3256.1854025423727, 0.0003071078198493297, 5.511312800000269
3256.1854025423727, 0.0003071078198493297, 5.511880699999892
3256.1854025423727, 0.0003071078198493297, 5.512371700000585
3256.1854025423727, 0.0003071078198493297, 5.512848800000029
3256.1854025423727, 0.0003071078198493297, 5.513319499999852
3256.1854025423727, 0.0003071078198493297, 5.513793699999951
3256.1854025423727, 0.0003071078198493297, 5.5144092000000455
3256.1854025423727, 0.0003071078198493297, 5.515040000000226
3256.1854025423727, 0.0003071078198493297, 5.515863800000261
3256.1854025423727, 0.0003071078198493297, 5.516419800000222
3256.1854025423727, 0.0003071078198493297, 5.516921600000387
3256.1854025423727, 0.0003071078198493297, 5.517426600000363
3256.1854025423727, 0.0003071078198493297, 5.517916400000104
3256.1854025423727, 0.0003071078198493297, 5.518409199999951
3256.1854025423727, 0.0003071078198493297, 5.51890160000039
3256.1854025423727, 0.00030630202074102884, 5.519397799999751
3256.1854025423727, 0.0003071078198493297, 5.519905000000108
3256.1854025423727, 0.0003071078198493297, 5.520391300000483
3256.1854025423727, 0.0003071078198493297, 5.520882300000267
3256.1854025423727, 0.0003071078198493297, 5.521371800000452
3256.1854025423727, 0.0003071078198493297, 5.5218595000005735
3256.1854025423727, 0.0003071078198493297, 5.522343300000102
3256.1854025423727, 0.0003071078198493297, 5.522842399999718
3256.1854025423727, 0.0003071078198493297, 5.523313700000472
3256.1854025423727, 0.0003071078198493297, 5.523818800000299
3256.1854025423727, 0.0003071078198493297, 5.524289400000271
3256.1854025423727, 0.0003071078198493297, 5.5247948000005636
3256.1854025423727, 0.0003071078198493297, 5.525268899999901
3256.1854025423727, 0.0003071078198493297, 5.5257728000005955
3256.1854025423727, 0.0003071078198493297, 5.5262486000001445
3256.1854025423727, 0.0003071078198493297, 5.526788099999976
3256.1854025423727, 0.0003071078198493297, 5.527348200000233
3256.1854025423727, 0.0003071078198493297, 5.5278526000001875
3256.1854025423727, 0.0003071078198493297, 5.528330600000118
3256.1854025423727, 0.0003071078198493297, 5.528835000000072
3256.1854025423727, 0.0003071078198493297, 5.529309999999896
3256.1854025423727, 0.0003071078198493297, 5.529825999999957
3256.1854025423727, 0.0003071078198493297, 5.53036880000036
3256.1854025423727, 0.0003071078198493297, 5.530961500000558
3256.1854025423727, 0.0003071078198493297, 5.531532799999695
3256.1854025423727, 0.0003071078198493297, 5.532094700000016
3256.1854025423727, 0.00030652687985635514, 5.532619600000544
3256.1854025423727, 0.0003071078198493297, 5.533117500000117
3256.1854025423727, 0.0003071078198493297, 5.533590000000004
3256.1854025423727, 0.0003071078198493297, 5.534131299999899
3256.1854025423727, 0.0003071078198493297, 5.534695100000135
3256.1854025423727, 0.0003071078198493297, 5.535174000000552
3256.1854025423727, 0.0003071078198493297, 5.5356855999998515
3256.1854025423727, 0.0003071078198493297, 5.536156899999696
3256.1854025423727, 0.0003071078198493297, 5.536648100000093
3256.1854025423727, 0.0003071078198493297, 5.537135499999749
3256.1854025423727, 0.0003071078198493297, 5.53765040000053
3256.1854025423727, 0.00030597289113569296, 5.5381366000001435
3256.1854025423727, 0.0003071078198493297, 5.538638600000013
3256.1854025423727, 0.0003071078198493297, 5.5391240999997535
3256.1854025423727, 0.0003071078198493297, 5.5395980000002965
3256.1854025423727, 0.0003071078198493297, 5.540104400000018
3256.1854025423727, 0.0003071078198493297, 5.540581500000371
3256.1854025423727, 0.0003071078198493297, 5.541113000000223
3256.1854025423727, 0.0003071078198493297, 5.541597399999773
3256.1854025423727, 0.0003071078198493297, 5.542110800000046
3256.1854025423727, 0.0003071078198493297, 5.542583200000081
3256.1854025423727, 0.0003071078198493297, 5.543087000000014
3256.1854025423727, 0.0003071078198493297, 5.543558600000324
3256.1854025423727, 0.0003071078198493297, 5.544084799999837
3256.1854025423727, 0.00030606542158275097, 5.544560700000147
3256.1854025423727, 0.0003071078198493297, 5.5451130999999805
3256.1854025423727, 0.0003071078198493297, 5.545586400000502
3256.1854025423727, 0.0003071078198493297, 5.54609470000014
3256.1854025423727, 0.0003071078198493297, 5.546564199999921
3256.1854025423727, 0.0003071078198493297, 5.547068500000023
3256.1854025423727, 0.0003071078198493297, 5.547607500000595
3256.1854025423727, 0.0003071078198493297, 5.548182100000304
3256.1854025423727, 0.0003071078198493297, 5.548712599999817
3256.1854025423727, 0.0003071078198493297, 5.549225100000513
3256.1854025423727, 0.0003071078198493297, 5.549727100000382
3256.1854025423727, 0.0003071078198493297, 5.550250299999789
3256.1854025423727, 0.0003071078198493297, 5.550809600000321
3256.1854025423727, 0.0003071078198493297, 5.551323499999853
3256.1854025423727, 0.0003071078198493297, 5.55183500000021
3256.1854025423727, 0.0003071078198493297, 5.55236640000021
3256.1854025423727, 0.0003071078198493297, 5.552860700000565
3256.1854025423727, 0.0003071078198493297, 5.553329700000177
3256.1854025423727, 0.0003071078198493297, 5.55383350000011
3256.1854025423727, 0.0003071078198493297, 5.554302900000039
3256.1854025423727, 0.0003071078198493297, 5.554817100000037
3256.1854025423727, 0.0003071078198493297, 5.5552888000001985
3256.1854025423727, 0.0003071078198493297, 5.555816099999902
3256.1854025423727, 0.0003071078198493297, 5.556302300000425
3256.1854025423727, 0.0003071078198493297, 5.5568128000004435
3256.1854025423727, 0.0003071078198493297, 5.557279600000584
3256.1854025423727, 0.0003071078198493297, 5.557784999999967
3256.1854025423727, 0.0003071078198493297, 5.558258400000341
3256.1854025423727, 0.0003071078198493297, 5.558760599999914
3256.1854025423727, 0.0003071078198493297, 5.559228799999801
3256.1854025423727, 0.0003071078198493297, 5.559764300000097
3256.1854025423727, 0.0003071078198493297, 5.560236700000132
3256.1854025423727, 0.0003071078198493297, 5.560741100000087
3256.1854025423727, 0.0003071078198493297, 5.561215200000333
3256.1854025423727, 0.0003058598594528747, 5.561728200000289
3256.1854025423727, 0.0003071078198493297, 5.562198300000091
3256.1854025423727, 0.0003071078198493297, 5.562704200000553
3256.1854025423727, 0.0003071078198493297, 5.563215300000593
3256.1854025423727, 0.00030658573467432106, 5.563748000000487
3256.1854025423727, 0.0003071078198493297, 5.564283499999874
3256.1854025423727, 0.0003071078198493297, 5.564884800000073
3256.1854025423727, 0.0003071078198493297, 5.565359199999875
3256.1854025423727, 0.0003071078198493297, 5.5658736000004865
3256.1854025423727, 0.0003071078198493297, 5.566344200000458
3256.1854025423727, 0.0003071078198493297, 5.566873100000521
3256.1854025423727, 0.0003071078198493297, 5.567399499999738
3256.1854025423727, 0.0003071078198493297, 5.567902300000242
3256.1854025423727, 0.0003071078198493297, 5.56837220000034
3256.1854025423727, 0.0003071078198493297, 5.568875699999808
3256.1854025423727, 0.0003071078198493297, 5.569349600000351
3256.1854025423727, 0.0003071078198493297, 5.569854399999713
3256.1854025423727, 0.0003071078198493297, 5.57032320000053
3256.1854025423727, 0.0003071078198493297, 5.570828900000379
3256.1854025423727, 0.0003071078198493297, 5.571392100000594
3256.1854025423727, 0.0003071078198493297, 5.571903099999872
3256.1854025423727, 0.0003071078198493297, 5.572376000000077
3256.1854025423727, 0.0003071078198493297, 5.57289209999999
3256.1854025423727, 0.0003071078198493297, 5.573364400000173
3256.1854025423727, 0.0003071078198493297, 5.573874100000467
3256.1854025423727, 0.0003071078198493297, 5.574389700000211
3256.1854025423727, 0.0003071078198493297, 5.574871100000564
3256.1854025423727, 0.0003071078198493297, 5.5753302000002805
3256.1854025423727, 0.0003071078198493297, 5.575870000000577
3256.1854025423727, 0.0003071078198493297, 5.576327800000399
3256.1854025423727, 0.0003071078198493297, 5.576824700000543
3256.1854025423727, 0.0003071078198493297, 5.577282000000196
3256.1854025423727, 0.0003071078198493297, 5.577776099999937
3256.1854025423727, 0.0003071078198493297, 5.578266800000165
3256.1854025423727, 0.0003071078198493297, 5.578771000000415
3256.1854025423727, 0.0003071078198493297, 5.579230800000005
3256.1854025423727, 0.0003071078198493297, 5.579731200000424
3256.1854025423727, 0.0003071078198493297, 5.580195200000162
3256.1854025423727, 0.0003071078198493297, 5.580733300000247
3256.1854025423727, 0.0003071078198493297, 5.581358999999793
3256.1854025423727, 0.0003071078198493297, 5.5819431999998415
3256.1854025423727, 0.0003071078198493297, 5.582419399999708
3256.1854025423727, 0.0003071078198493297, 5.5829131999998935
3256.1854025423727, 0.0003071078198493297, 5.5833690999998
3256.1854025423727, 0.0003071078198493297, 5.58386739999969
3256.1854025423727, 0.0003071078198493297, 5.584330499999851
3256.1854025423727, 0.0003071078198493297, 5.584827800000312
3256.1854025423727, 0.0003071078198493297, 5.585319599999821
3256.1854025423727, 0.0003071078198493297, 5.585853399999905
3256.1854025423727, 0.0003071078198493297, 5.586310100000446
3256.1854025423727, 0.0003071078198493297, 5.586804499999744
3256.1854025423727, 0.0003071078198493297, 5.587265099999968
3256.1854025423727, 0.0003071078198493297, 5.5877590000000055
3256.1854025423727, 0.0003071078198493297, 5.588214500000504
3256.1854025423727, 0.0003071078198493297, 5.588710900000478
3256.1854025423727, 0.0003071078198493297, 5.589278899999954
3256.1854025423727, 0.0003071078198493297, 5.589773499999865
3256.1854025423727, 0.0003071078198493297, 5.590229399999771
3256.1854025423727, 0.0003071078198493297, 5.590721900000062
3256.1854025423727, 0.0003071078198493297, 5.591179400000328
3256.1854025423727, 0.0003071078198493297, 5.591771500000505
3256.1854025423727, 0.0003071078198493297, 5.592278300000544
3256.1854025423727, 0.0003071078198493297, 5.5928100999999515
3256.1854025423727, 0.0003071078198493297, 5.593300399999862
3256.1854025423727, 0.0003071078198493297, 5.593792300000132
3256.1854025423727, 0.0003071078198493297, 5.594249100000525
3256.1854025423727, 0.0003071078198493297, 5.594765200000438
3256.1854025423727, 0.0003071078198493297, 5.595223500000429
3256.1854025423727, 0.0003071078198493297, 5.595720899999833
3256.1854025423727, 0.0003071078198493297, 5.596198000000186
3256.1854025423727, 0.0003071078198493297, 5.596718499999952
3256.1854025423727, 0.0003071078198493297, 5.597176500000387
3256.1854025423727, 0.0003071078198493297, 5.597944300000563
3256.1854025423727, 0.0003071078198493297, 5.598713700000189
3256.1854025423727, 0.0003071078198493297, 5.599175199999991
3256.1854025423727, 0.0003071078198493297, 5.599642099999983
3256.1854025423727, 0.0003071078198493297, 5.600140300000021
3256.1854025423727, 0.0003071078198493297, 5.600640399999975
3256.1854025423727, 0.0003071078198493297, 5.60110480000003
3256.1854025423727, 0.0003071078198493297, 5.6015840999998545
3256.1854025423727, 0.0003071078198493297, 5.602100600000085
3256.1854025423727, 0.0003071078198493297, 5.602558999999928
3256.1854025423727, 0.0003071078198493297, 5.603013800000554
3256.1854025423727, 0.0003071078198493297, 5.603493499999786
3256.1854025423727, 0.0003071078198493297, 5.604045300000507
3256.1854025423727, 0.0003071078198493297, 5.604506100000435
3253.4852727754246, 0.000307362694513425, 5.604965700000321
3249.90452595339, 0.00030770134692084244, 5.605427200000122
3249.90452595339, 0.00030770134692084244, 5.605893500000093
3249.90452595339, 0.00030770134692084244, 5.606351299999915
3249.90452595339, 0.00030770134692084244, 5.606809099999737
3249.90452595339, 0.00030770134692084244, 5.607289800000217
3249.90452595339, 0.00030770134692084244, 5.607761100000062
3249.90452595339, 0.00030770134692084244, 5.608253800000057
3249.90452595339, 0.00030770134692084244, 5.608709199999794
3249.90452595339, 0.00030770134692084244, 5.609168800000589
3249.90452595339, 0.00030770134692084244, 5.6096269999998185
3249.90452595339, 0.00030770134692084244, 5.610084400000233
3249.90452595339, 0.00030770134692084244, 5.610541699999885
3249.90452595339, 0.000307362694513425, 5.611100500000248
3249.90452595339, 0.00030770134692084244, 5.611572300000262
3249.90452595339, 0.00030770134692084244, 5.6120292000005065
3249.90452595339, 0.00030770134692084244, 5.612487000000328
3249.90452595339, 0.00030770134692084244, 5.612947800000256
3249.90452595339, 0.00030770134692084244, 5.61340410000048
3249.90452595339, 0.00030770134692084244, 5.6138605000005555
3249.90452595339, 0.00030770134692084244, 5.61439320000045
3249.90452595339, 0.00030770134692084244, 5.6148815000005925
3249.90452595339, 0.00030770134692084244, 5.615377799999806
3249.90452595339, 0.00030770134692084244, 5.615841800000453
3249.90452595339, 0.00030770134692084244, 5.616307400000551
3249.90452595339, 0.00030696810172797703, 5.616768099999717
3249.90452595339, 0.00030696810172797703, 5.617280899999969
3249.90452595339, 0.00030770134692084244, 5.618081700000403
3249.90452595339, 0.00030770134692084244, 5.618913500000417
3249.90452595339, 0.00030770134692084244, 5.619373200000155
3249.90452595339, 0.00030770134692084244, 5.619828800000505
3249.90452595339, 0.00030770134692084244, 5.620287800000369
3249.90452595339, 0.00030770134692084244, 5.620748100000128
3249.90452595339, 0.00030770134692084244, 5.62120750000031
3249.90452595339, 0.00030770134692084244, 5.621664899999814
3249.90452595339, 0.00030770134692084244, 5.6221587
3249.90452595339, 0.00030770134692084244, 5.622648700000354
3249.90452595339, 0.00030770134692084244, 5.623111800000515
3249.90452595339, 0.00030770134692084244, 5.6235702000003585
3249.90452595339, 0.00030770134692084244, 5.624034500000562
3249.90452595339, 0.00030770134692084244, 5.624490600000172
3249.90452595339, 0.00030770134692084244, 5.624947799999973
3249.90452595339, 0.00030770134692084244, 5.625409199999922
3249.90452595339, 0.0003070091212105016, 5.625983300000371
3249.90452595339, 0.00030770134692084244, 5.626439300000129
3249.90452595339, 0.00030770134692084244, 5.626893999999993
3249.90452595339, 0.00030770134692084244, 5.627397199999905
3249.90452595339, 0.00030770134692084244, 5.627954900000077
3249.90452595339, 0.00030770134692084244, 5.6284254000001965
3249.90452595339, 0.00030770134692084244, 5.628883399999722
3249.90452595339, 0.00030770134692084244, 5.629366000000118
3249.90452595339, 0.00030770134692084244, 5.629835400000047
3249.90452595339, 0.00030770134692084244, 5.6303303000004234
3249.90452595339, 0.00030770134692084244, 5.63085940000019
3249.90452595339, 0.00030770134692084244, 5.631319099999928
3249.90452595339, 0.00030770134692084244, 5.631775400000151
3249.90452595339, 0.00030770134692084244, 5.632231200000206
3249.90452595339, 0.00030770134692084244, 5.632687299999816
3249.90452595339, 0.00030770134692084244, 5.633456900000056
3249.90452595339, 0.00030770134692084244, 5.6342838999999
3249.90452595339, 0.00030680066588208274, 5.6350460000003295
3249.90452595339, 0.00030770134692084244, 5.635624900000039
3249.90452595339, 0.00030770134692084244, 5.636112799999864
3249.90452595339, 0.00030770134692084244, 5.636585700000069
3249.90452595339, 0.00030770134692084244, 5.637098799999876
3249.90452595339, 0.00030770134692084244, 5.637595799999872
3249.90452595339, 0.00030770134692084244, 5.638098500000524
3249.90452595339, 0.00030770134692084244, 5.638562099999945
3249.90452595339, 0.00030770134692084244, 5.6390252000001055
3249.90452595339, 0.00030770134692084244, 5.6394882000004145
3249.90452595339, 0.00030770134692084244, 5.639950200000385
3249.90452595339, 0.00030770134692084244, 5.640502400000514
3249.90452595339, 0.00030770134692084244, 5.640982800000529
3249.90452595339, 0.00030770134692084244, 5.641444500000034
3249.90452595339, 0.00030770134692084244, 5.641904500000237
3249.90452595339, 0.00030770134692084244, 5.642361899999742
3249.90452595339, 0.00030770134692084244, 5.6428249000000505
3249.90452595339, 0.00030770134692084244, 5.643284100000528
3249.90452595339, 0.00030770134692084244, 5.643743100000393
3249.90452595339, 0.00030770134692084244, 5.644233699999859
3249.90452595339, 0.00030770134692084244, 5.644731500000489
3249.90452595339, 0.00030770134692084244, 5.645186700000522
3249.90452595339, 0.00030770134692084244, 5.6456436999997095
3249.90452595339, 0.00030770134692084244, 5.6461034000003565
3249.90452595339, 0.00030770134692084244, 5.646560000000136
3249.90452595339, 0.00030770134692084244, 5.6470162000005075
3249.90452595339, 0.00030770134692084244, 5.647471799999948
3249.90452595339, 0.00030770134692084244, 5.64803959999972
3249.90452595339, 0.00030770134692084244, 5.648553900000479
3249.90452595339, 0.00030770134692084244, 5.649024299999837
3249.90452595339, 0.00030770134692084244, 5.649500900000021
3249.90452595339, 0.00030770134692084244, 5.649962200000118
3249.90452595339, 0.00030770134692084244, 5.650420599999961
3249.90452595339, 0.00030770134692084244, 5.650877000000037
3249.90452595339, 0.00030770134692084244, 5.651356600000327
3249.90452595339, 0.00030770134692084244, 5.65182890000051
3249.90452595339, 0.00030770134692084244, 5.652320099999997
3249.90452595339, 0.00030770134692084244, 5.652811800000563
3249.90452595339, 0.00030770134692084244, 5.653272700000343
3249.90452595339, 0.00030770134692084244, 5.653727200000503
3249.90452595339, 0.00030770134692084244, 5.654183600000579
3249.90452595339, 0.00030770134692084244, 5.6546385000001465
3249.90452595339, 0.00030770134692084244, 5.655098400000497
3249.90452595339, 0.00030770134692084244, 5.655573600000025
3249.90452595339, 0.00030770134692084244, 5.656241399999999
3249.90452595339, 0.00030770134692084244, 5.657279000000017
3249.90452595339, 0.00030770134692084244, 5.6579632000002675
3249.90452595339, 0.00030770134692084244, 5.6584522000002835
3249.90452595339, 0.00030770134692084244, 5.6589671000001545
3249.90452595339, 0.00030770134692084244, 5.659478200000194
3249.90452595339, 0.00030770134692084244, 5.659996100000171
3249.90452595339, 0.00030770134692084244, 5.66090880000047
3249.90452595339, 0.00030770134692084244, 5.661608899999919
3249.90452595339, 0.00030770134692084244, 5.662131400000362
3249.90452595339, 0.00030770134692084244, 5.6630348999997295
3249.90452595339, 0.00030770134692084244, 5.663533400000233
3249.90452595339, 0.00030770134692084244, 5.664333599999736
3249.90452595339, 0.00030770134692084244, 5.665145300000404
3249.90452595339, 0.00030770134692084244, 5.665660399999979
3249.90452595339, 0.00030770134692084244, 5.66614219999974
3249.90452595339, 0.00030770134692084244, 5.666615500000262
3249.90452595339, 0.00030770134692084244, 5.667347800000243
3249.90452595339, 0.00030770134692084244, 5.668370100000175
3249.90452595339, 0.00030770134692084244, 5.669454300000325
3249.90452595339, 0.00030770134692084244, 5.671935000000303
3249.90452595339, 0.00030770134692084244, 5.672794199999771
3249.90452595339, 0.00030770134692084244, 5.673304099999768
3249.90452595339, 0.00030770134692084244, 5.673806900000272
3249.90452595339, 0.00030660555477178027, 5.674342299999807
3249.90452595339, 0.00030770134692084244, 5.674826500000563
3249.90452595339, 0.00030770134692084244, 5.675306500000261
3249.90452595339, 0.00030770134692084244, 5.675771199999872
3249.90452595339, 0.00030770134692084244, 5.6762641000004805
3249.90452595339, 0.00030770134692084244, 5.676729900000282
3249.90452595339, 0.00030770134692084244, 5.677316799999971
3249.90452595339, 0.00030770134692084244, 5.677792000000409
3249.90452595339, 0.00030770134692084244, 5.678288500000235
3249.90452595339, 0.00030770134692084244, 5.678748799999994
3249.90452595339, 0.00030770134692084244, 5.6792419000003065
3249.90452595339, 0.00030770134692084244, 5.679701500000192
3249.90452595339, 0.00030770134692084244, 5.680270900000323
3249.90452595339, 0.00030770134692084244, 5.680837699999756
3249.90452595339, 0.00030770134692084244, 5.681356699999924
3249.90452595339, 0.00030770134692084244, 5.6824077999999645
3249.90452595339, 0.00030770134692084244, 5.683071299999938
3249.90452595339, 0.00030770134692084244, 5.6839199000005465
3249.90452595339, 0.00030610866950670174, 5.684933900000033
3249.90452595339, 0.00030770134692084244, 5.685894000000189
3249.90452595339, 0.00030770134692084244, 5.686850199999753
3249.90452595339, 0.00030770134692084244, 5.68751280000015
3249.90452595339, 0.00030770134692084244, 5.688133000000562
3249.90452595339, 0.00030770134692084244, 5.6889602999999624
3249.90452595339, 0.00030770134692084244, 5.6907123000000865
3249.90452595339, 0.00030770134692084244, 5.691606700000193
3249.90452595339, 0.00030770134692084244, 5.692173899999943
3249.90452595339, 0.00030770134692084244, 5.692655300000297
3249.90452595339, 0.00030770134692084244, 5.6931547000003775
3249.90452595339, 0.00030770134692084244, 5.693615700000009
3249.90452595339, 0.00030770134692084244, 5.694112700000005
3249.90452595339, 0.00030770134692084244, 5.694576599999891
3249.90452595339, 0.00030770134692084244, 5.6950723999998445
3249.90452595339, 0.00030770134692084244, 5.695571500000369
3249.90452595339, 0.00030770134692084244, 5.696171999999933
3249.90452595339, 0.00030770134692084244, 5.6966331000003265
3249.90452595339, 0.00030770134692084244, 5.697131800000534
3249.90452595339, 0.00030770134692084244, 5.697737600000437
3249.90452595339, 0.00030770134692084244, 5.698525800000425
3249.90452595339, 0.00030770134692084244, 5.699464700000135
3249.90452595339, 0.00030770134692084244, 5.700065699999868
3249.90452595339, 0.00030770134692084244, 5.700685800000429
3249.90452595339, 0.00030770134692084244, 5.701437700000497
3249.90452595339, 0.00030770134692084244, 5.701985499999864
3249.90452595339, 0.00030770134692084244, 5.702449200000046
3249.90452595339, 0.00030770134692084244, 5.7029757999998765
3249.90452595339, 0.00030770134692084244, 5.703463699999702
3249.90452595339, 0.00030770134692084244, 5.703971400000228
3249.90452595339, 0.00030770134692084244, 5.70442920000005
3249.90452595339, 0.00030770134692084244, 5.70492110000032
3249.90452595339, 0.00030770134692084244, 5.7053820000001
3249.90452595339, 0.00030770134692084244, 5.70587500000056
3249.90452595339, 0.00030770134692084244, 5.706333400000403
3249.90452595339, 0.00030770134692084244, 5.706866499999705
3249.90452595339, 0.00030770134692084244, 5.707331200000226
3249.90452595339, 0.00030770134692084244, 5.707826099999693
3249.90452595339, 0.00030770134692084244, 5.708286099999896
3249.90452595339, 0.00030770134692084244, 5.708778000000166
3249.90452595339, 0.00030770134692084244, 5.709241300000031
3249.90452595339, 0.00030770134692084244, 5.709698100000423
3249.90452595339, 0.00030770134692084244, 5.710209900000336
3249.90452595339, 0.00030770134692084244, 5.710681399999885
3249.90452595339, 0.00030770134692084244, 5.711210899999969
3249.90452595339, 0.00030770134692084244, 5.711670400000003
3249.90452595339, 0.00030770134692084244, 5.712218700000449
3249.90452595339, 0.00030770134692084244, 5.712677200000144
3249.90452595339, 0.00030770134692084244, 5.713171800000055
3249.90452595339, 0.00030770134692084244, 5.713631300000088
3249.90452595339, 0.00030770134692084244, 5.714354900000217
3249.90452595339, 0.00030770134692084244, 5.715048000000024
3249.90452595339, 0.00030770134692084244, 5.715626400000474
3249.90452595339, 0.00030770134692084244, 5.716119200000321
3249.90452595339, 0.00030770134692084244, 5.716633099999854
3249.90452595339, 0.00030770134692084244, 5.717148100000486
3249.90452595339, 0.00030770134692084244, 5.717642100000376
3249.90452595339, 0.00030770134692084244, 5.71814059999997
3249.90452595339, 0.00030770134692084244, 5.718623300000218
3249.90452595339, 0.00030770134692084244, 5.719125200000235
3249.90452595339, 0.00030770134692084244, 5.719588800000565
3249.90452595339, 0.00030770134692084244, 5.7200848000002225
3249.90452595339, 0.00030770134692084244, 5.720548100000087
3249.90452595339, 0.00030770134692084244, 5.721047900000485
3249.90452595339, 0.00030770134692084244, 5.721607100000256
3249.90452595339, 0.00030770134692084244, 5.722087000000101
3249.90452595339, 0.00030770134692084244, 5.722548200000347
3249.90452595339, 0.00030770134692084244, 5.7230452000003424
3249.90452595339, 0.00030770134692084244, 5.723504399999911
3249.90452595339, 0.00030770134692084244, 5.7239981000002444
3249.90452595339, 0.00030770134692084244, 5.724456400000236
3249.90452595339, 0.00030770134692084244, 5.724987999999939
3249.90452595339, 0.00030770134692084244, 5.725448700000015
3249.90452595339, 0.0003059813102961074, 5.72594990000016
3249.90452595339, 0.0003063423816051628, 5.726411100000405
3249.90452595339, 0.00030770134692084244, 5.726908399999957
3249.90452595339, 0.00030770134692084244, 5.727367000000413
3249.90452595339, 0.00030770134692084244, 5.727903300000435
3249.90452595339, 0.00030770134692084244, 5.728365800000574
3249.90452595339, 0.00030770134692084244, 5.728934800000388
3249.90452595339, 0.00030770134692084244, 5.729391900000337
3249.90452595339, 0.00030770134692084244, 5.729884600000332
3249.90452595339, 0.00030770134692084244, 5.73034430000007
3249.90452595339, 0.00030770134692084244, 5.730914100000518
3249.90452595339, 0.00030770134692084244, 5.731412600000112
3249.90452595339, 0.00030770134692084244, 5.7319219000000885
3249.90452595339, 0.00030770134692084244, 5.732419900000423
3249.90452595339, 0.00030770134692084244, 5.732946699999957
3249.90452595339, 0.00030770134692084244, 5.733402699999715
3249.90452595339, 0.00030770134692084244, 5.733892400000514
3249.90452595339, 0.00030770134692084244, 5.734350800000357
3249.90452595339, 0.00030770134692084244, 5.734843199999887
3249.90452595339, 0.00030770134692084244, 5.7353029000005336
3249.90452595339, 0.00030770134692084244, 5.735804300000382
3249.90452595339, 0.00030770134692084244, 5.736373400000048
3249.90452595339, 0.00030770134692084244, 5.736862499999916
3249.90452595339, 0.00030770134692084244, 5.737322099999801
3249.90452595339, 0.00030770134692084244, 5.7378604000005
3249.90452595339, 0.00030770134692084244, 5.738317999999708
3249.90452595339, 0.00030770134692084244, 5.738806199999999
3249.90452595339, 0.00030770134692084244, 5.739269100000456
3249.90452595339, 0.00030770134692084244, 5.739831599999889
3249.90452595339, 0.00030770134692084244, 5.740340800000013
3249.90452595339, 0.00030770134692084244, 5.7408661999998
3249.90452595339, 0.00030770134692084244, 5.741326899999876
3249.90452595339, 0.00030770134692084244, 5.741823899999872
3249.90452595339, 0.00030770134692084244, 5.742283600000519
3249.90452595339, 0.00030770134692084244, 5.7427748999998585
3249.90452595339, 0.00030770134692084244, 5.743237599999702
3249.90452595339, 0.00030770134692084244, 5.743784799999958
3249.90452595339, 0.00030770134692084244, 5.744332100000065
3249.90452595339, 0.00030770134692084244, 5.745037000000593
3249.90452595339, 0.00030770134692084244, 5.745605500000238
3249.90452595339, 0.00030619625802580657, 5.746137900000576
3249.90452595339, 0.00030770134692084244, 5.746604300000399
3249.90452595339, 0.00030770134692084244, 5.747142899999744
3249.90452595339, 0.00030770134692084244, 5.747711699999854
3249.90452595339, 0.00030770134692084244, 5.748193100000208
3249.90452595339, 0.00030770134692084244, 5.748786099999961
3249.90452595339, 0.00030656203530120453, 5.749467800000275
3249.90452595339, 0.00030770134692084244, 5.749983200000315
3249.90452595339, 0.00030770134692084244, 5.750457099999949
3249.90452595339, 0.00030770134692084244, 5.750985000000583
3249.90452595339, 0.00030770134692084244, 5.751597899999979
3249.90452595339, 0.00030770134692084244, 5.752101699999912
3249.90452595339, 0.00030770134692084244, 5.752564600000369
3249.90452595339, 0.00030770134692084244, 5.753063799999836
3249.90452595339, 0.00030770134692084244, 5.753521600000568
3249.90452595339, 0.00030770134692084244, 5.75402430000031
3249.90452595339, 0.00030770134692084244, 5.754515200000242
3249.90452595339, 0.00030770134692084244, 5.755044800000178
3249.90452595339, 0.00030770134692084244, 5.755506399999831
3249.90452595339, 0.00030770134692084244, 5.756001499999911
3249.90452595339, 0.00030770134692084244, 5.756457899999987
3249.90452595339, 0.00030770134692084244, 5.756952900000215
3249.90452595339, 0.00030770134692084244, 5.757415300000503
3249.90452595339, 0.00030770134692084244, 5.757929299999887
3249.90452595339, 0.00030770134692084244, 5.758475100000396
3249.90452595339, 0.00030770134692084244, 5.7589710000002015
3249.90452595339, 0.00030770134692084244, 5.759434700000384
3249.90452595339, 0.00030770134692084244, 5.759976100000131
3249.90452595339, 0.00030770134692084244, 5.760434100000566
3249.90452595339, 0.00030770134692084244, 5.760933800000203
3249.90452595339, 0.0003069029419218596, 5.76139190000049
3249.90452595339, 0.00030770134692084244, 5.761933900000258
3249.90452595339, 0.00030770134692084244, 5.762430300000233
3249.90452595339, 0.00030770134692084244, 5.762928300000567
3249.90452595339, 0.00030717724351842824, 5.763388999999734
3249.90452595339, 0.00030770134692084244, 5.763983100000587
3249.90452595339, 0.00030770134692084244, 5.764706200000546
3249.90452595339, 0.00030770134692084244, 5.765168099999755
3249.90452595339, 0.00030770134692084244, 5.765707300000031
3249.90452595339, 0.00030770134692084244, 5.766165300000466
3249.90452595339, 0.00030770134692084244, 5.76665950000006
3249.90452595339, 0.00030770134692084244, 5.767119300000559
3249.90452595339, 0.00030770134692084244, 5.7676142000000254
3249.90452595339, 0.00030770134692084244, 5.768074600000546
3249.90452595339, 0.00030770134692084244, 5.768538000000262
3249.90452595339, 0.00030770134692084244, 5.769108200000119
3249.90452595339, 0.00030770134692084244, 5.769637399999738
3249.90452595339, 0.00030770134692084244, 5.770139000000199
3249.90452595339, 0.00030770134692084244, 5.770627800000511
3249.90452595339, 0.00030770134692084244, 5.771084200000587
3249.90452595339, 0.00030770134692084244, 5.771567200000391
3249.90452595339, 0.00030770134692084244, 5.772044700000151
3249.90452595339, 0.00030708791078897104, 5.772501399999783
3249.90452595339, 0.00030770134692084244, 5.773087499999747
3249.90452595339, 0.00030770134692084244, 5.77360039999985
3249.90452595339, 0.00030770134692084244, 5.7740561000000525
3249.90452595339, 0.00030770134692084244, 5.774511399999938
3249.90452595339, 0.00030770134692084244, 5.77504719999979
3249.90452595339, 0.00030770134692084244, 5.775720300000103
3249.90452595339, 0.00030770134692084244, 5.776176999999734
3249.90452595339, 0.00030770134692084244, 5.776686100000006
3249.90452595339, 0.00030770134692084244, 5.777181800000108
3249.90452595339, 0.00030770134692084244, 5.777673399999912
3249.90452595339, 0.00030770134692084244, 5.778129500000432
3249.90452595339, 0.00030770134692084244, 5.778622599999835
3249.90452595339, 0.00030770134692084244, 5.77915910000047
3249.90452595339, 0.00030770134692084244, 5.779697200000555
3249.90452595339, 0.00030770134692084244, 5.780244600000515
3249.90452595339, 0.00030770134692084244, 5.780879300000379
3249.90452595339, 0.00030770134692084244, 5.781438900000467
3249.90452595339, 0.00030770134692084244, 5.781897599999866
3249.90452595339, 0.00030770134692084244, 5.782362099999773
3249.90452595339, 0.00030770134692084244, 5.782825799999955
3249.90452595339, 0.00030770134692084244, 5.783281799999713
3249.90452595339, 0.00030770134692084244, 5.783760199999961
3249.90452595339, 0.00030770134692084244, 5.784277800000382
3249.90452595339, 0.00030770134692084244, 5.784778500000357
3249.90452595339, 0.00030770134692084244, 5.7852358000000095
3249.90452595339, 0.00030770134692084244, 5.785701700000573
3249.90452595339, 0.00030770134692084244, 5.7861628000000564
3249.90452595339, 0.00030770134692084244, 5.786628099999689
3249.90452595339, 0.00030770134692084244, 5.787086700000145
3249.90452595339, 0.00030770134692084244, 5.787648399999853
3249.90452595339, 0.00030770134692084244, 5.7881280000001425
3249.90452595339, 0.00030770134692084244, 5.788586900000155
3249.90452595339, 0.00030770134692084244, 5.789048800000273
3249.90452595339, 0.00030770134692084244, 5.789509600000201
3249.90452595339, 0.0003074200027594039, 5.789971700000024
3249.90452595339, 0.00030770134692084244, 5.790429499999846
3249.90452595339, 0.00030770134692084244, 5.790885700000217
3249.90452595339, 0.00030770134692084244, 5.791375800000424
3249.90452595339, 0.00030770134692084244, 5.791869900000165
3249.90452595339, 0.00030770134692084244, 5.792324799999733
3249.90452595339, 0.00030770134692084244, 5.7927811999998085
3249.90452595339, 0.00030770134692084244, 5.793244500000583
3249.90452595339, 0.00030770134692084244, 5.793706700000257
3249.90452595339, 0.00030770134692084244, 5.794162899999719
3249.90452595339, 0.00030770134692084244, 5.794619799999964
3249.90452595339, 0.00030770134692084244, 5.795189700000265
3249.90452595339, 0.00030770134692084244, 5.795646999999917
3249.90452595339, 0.00030770134692084244, 5.796103100000437
3249.90452595339, 0.00030770134692084244, 5.7965635999998995
3249.90452595339, 0.0003073586652527995, 5.797236899999916
3249.90452595339, 0.00030770134692084244, 5.797750599999745
3249.90452595339, 0.00030770134692084244, 5.79821340000035
3249.90452595339, 0.00030770134692084244, 5.7987104000003455
3249.90452595339, 0.00030770134692084244, 5.799201499999981
3249.90452595339, 0.00030770134692084244, 5.799659299999803
3249.90452595339, 0.00030770134692084244, 5.800113500000407
3249.90452595339, 0.00030770134692084244, 5.800581100000272
3249.90452595339, 0.00030770134692084244, 5.801038999999946
3249.90452595339, 0.00030770134692084244, 5.801498599999832
3249.90452595339, 0.00030722744218000483, 5.802086400000007
3249.90452595339, 0.00030770134692084244, 5.802638099999967
3249.90452595339, 0.00030770134692084244, 5.803095899999789
3249.90452595339, 0.00030770134692084244, 5.8035540000000765
3249.90452595339, 0.00030770134692084244, 5.804121799999848
3249.90452595339, 0.00030770134692084244, 5.804581299999882
3249.90452595339, 0.00030588882040828133, 5.80503839999983
3249.90452595339, 0.00030770134692084244, 5.805495200000223
3249.90452595339, 0.00030770134692084244, 5.805990599999859
3249.90452595339, 0.00030770134692084244, 5.806482400000277
3249.90452595339, 0.00030770134692084244, 5.806941800000459
3249.90452595339, 0.00030770134692084244, 5.807398099999773
3249.90452595339, 0.00030770134692084244, 5.807859100000314
3249.90452595339, 0.00030770134692084244, 5.808315000000221
3249.90452595339, 0.00030770134692084244, 5.808772200000021
3249.90452595339, 0.00030770134692084244, 5.809233699999822
3249.90452595339, 0.00030770134692084244, 5.809799900000144
3249.90452595339, 0.00030770134692084244, 5.8102632999998605
3249.90452595339, 0.00030770134692084244, 5.810720299999957
3249.90452595339, 0.00030770134692084244, 5.811183100000562
3249.90452595339, 0.00030770134692084244, 5.8116428000003
3249.90452595339, 0.00030700957950421156, 5.812282400000186
3249.90452595339, 0.00030770134692084244, 5.813049000000319
3249.90452595339, 0.00030770134692084244, 5.813854400000309
3249.90452595339, 0.00030770134692084244, 5.8143669000000955
3249.90452595339, 0.00030770134692084244, 5.814823700000488
3249.90452595339, 0.00030770134692084244, 5.815280900000289
3249.90452595339, 0.00030770134692084244, 5.815749600000345
3249.90452595339, 0.00030770134692084244, 5.8162068000001454
3249.90452595339, 0.00030770134692084244, 5.816660299999967
3249.90452595339, 0.00030770134692084244, 5.817229500000394
3249.90452595339, 0.00030770134692084244, 5.817690400000174
3249.90452595339, 0.00030770134692084244, 5.818149800000356
3249.90452595339, 0.0003065506713510646, 5.818608900000072
3249.90452595339, 0.00030770134692084244, 5.819069500000296
3249.90452595339, 0.00030770134692084244, 5.819525099999737
3249.90452595339, 0.00030770134692084244, 5.819978999999876
3249.90452595339, 0.00030770134692084244, 5.820436599999994
3249.90452595339, 0.00030770134692084244, 5.820931700000074
3249.90452595339, 0.00030770134692084244, 5.821421499999815
3249.90452595339, 0.00030770134692084244, 5.821876400000292
3249.90452595339, 0.00030770134692084244, 5.8224206000004415
3249.90452595339, 0.00030770134692084244, 5.822879399999692
3249.90452595339, 0.00030770134692084244, 5.823335699999916
3249.90452595339, 0.00030770134692084244, 5.8237888000003295
3249.90452595339, 0.00030770134692084244, 5.824422000000595
3249.90452595339, 0.00030770134692084244, 5.824893699999848
3249.90452595339, 0.00030770134692084244, 5.825350199999775
3249.90452595339, 0.00030770134692084244, 5.825809500000105
3249.90452595339, 0.00030770134692084244, 5.826268200000413
3249.90452595339, 0.00030770134692084244, 5.826724700000341
3249.90452595339, 0.00030770134692084244, 5.827179800000522
3249.90452595339, 0.00030770134692084244, 5.8276378999999
3249.90452595339, 0.00030770134692084244, 5.828128500000275
3249.90452595339, 0.00030770134692084244, 5.828619300000355
3249.90452595339, 0.00030770134692084244, 5.829075300000113
3249.90452595339, 0.00030770134692084244, 5.829534899999999
3249.90452595339, 0.00030770134692084244, 5.8299896999997145
3249.90452595339, 0.00030770134692084244, 5.8304493000005095
3249.90452595339, 0.00030770134692084244, 5.830906299999697
3249.90452595339, 0.00030770134692084244, 5.831367100000534
3249.90452595339, 0.00030770134692084244, 5.831932799999777
3249.90452595339, 0.00030770134692084244, 5.83258079999996
3249.90452595339, 0.00030770134692084244, 5.833352000000559
3249.90452595339, 0.00030770134692084244, 5.833811600000445
3249.90452595339, 0.00030770134692084244, 5.834379099999751
3249.90452595339, 0.00030770134692084244, 5.83483570000044
3249.90452595339, 0.00030770134692084244, 5.835331700000097
3249.90452595339, 0.00030770134692084244, 5.835807500000556
3249.90452595339, 0.00030770134692084244, 5.836282700000083
3249.90452595339, 0.00030770134692084244, 5.836740599999757
3249.90452595339, 0.00030770134692084244, 5.837199399999918
3249.90452595339, 0.00030770134692084244, 5.837654800000564
3249.90452595339, 0.00030770134692084244, 5.838115100000323
3249.90452595339, 0.00030770134692084244, 5.838571799999954
3249.90452595339, 0.00030770134692084244, 5.8391348000004655
3249.90452595339, 0.0003062518300493362, 5.83960769999976
3249.90452595339, 0.00030770134692084244, 5.840063600000576
3249.90452595339, 0.00030770134692084244, 5.8405266999998275
3249.90452595339, 0.00030770134692084244, 5.840983600000072
3249.90452595339, 0.00030770134692084244, 5.841440400000465
3249.90452595339, 0.00030701945611604983, 5.841900000000351
3249.90452595339, 0.00030770134692084244, 5.8424433999998655
3249.90452595339, 0.00030770134692084244, 5.842941200000496
3249.90452595339, 0.00030770134692084244, 5.843434000000343
3249.90452595339, 0.00030770134692084244, 5.843891100000292
3249.90452595339, 0.00030770134692084244, 5.844353399999818
3249.90452595339, 0.00030770134692084244, 5.844918599999801
3249.90452595339, 0.00030770134692084244, 5.845378600000004
3249.90452595339, 0.00030770134692084244, 5.845832699999846
3249.90452595339, 0.00030770134692084244, 5.846371900000122
3249.90452595339, 0.00030770134692084244, 5.846862200000032
3249.90452595339, 0.00030770134692084244, 5.847317700000531
3249.90452595339, 0.00030770134692084244, 5.8477748000004794
3249.90452595339, 0.00030770134692084244, 5.848269099999925
3249.90452595339, 0.00030770134692084244, 5.8488304000002245
3249.90452595339, 0.00030770134692084244, 5.849304100000154
3249.90452595339, 0.00030770134692084244, 5.849804999999833
3249.90452595339, 0.00030770134692084244, 5.850302800000463
3249.90452595339, 0.00030770134692084244, 5.850803299999825
3249.90452595339, 0.00030770134692084244, 5.851262299999689
3249.90452595339, 0.00030770134692084244, 5.851726900000358
3249.90452595339, 0.00030770134692084244, 5.852189400000498
3249.90452595339, 0.00030770134692084244, 5.852764500000376
3249.90452595339, 0.00030770134692084244, 5.853551299999708
3249.90452595339, 0.00030770134692084244, 5.8543735000002926
3249.90452595339, 0.00030770134692084244, 5.85494319999998
3249.90452595339, 0.00030770134692084244, 5.855400999999802
3249.90452595339, 0.00030770134692084244, 5.8558577000003424
3249.90452595339, 0.00030770134692084244, 5.856321000000207
3249.90452595339, 0.00030770134692084244, 5.85678100000041
3249.90452595339, 0.00030770134692084244, 5.85726220000015
3249.90452595339, 0.00030770134692084244, 5.857737600000291
3249.90452595339, 0.00030770134692084244, 5.85822890000054
3249.90452595339, 0.00030770134692084244, 5.8586872000005314
3249.90452595339, 0.00030770134692084244, 5.8591425000004165
3249.90452595339, 0.00030770134692084244, 5.859602100000302
3249.90452595339, 0.00030770134692084244, 5.860062200000357
3249.90452595339, 0.00030770134692084244, 5.860519200000454
3249.90452595339, 0.00030770134692084244, 5.860998799999834
3249.90452595339, 0.00030770134692084244, 5.861546199999793
3249.90452595339, 0.00030770134692084244, 5.862002599999869
3249.90452595339, 0.00030770134692084244, 5.862461499999881
3249.90452595339, 0.00030770134692084244, 5.863035800000034
3249.90452595339, 0.00030770134692084244, 5.863490900000215
3249.90452595339, 0.00030770134692084244, 5.8639523000001645
3249.90452595339, 0.00030770134692084244, 5.864407400000346
3249.90452595339, 0.00030770134692084244, 5.864983800000118
3249.90452595339, 0.00030770134692084244, 5.865474899999754
3249.90452595339, 0.00030770134692084244, 5.8659349999998085
3249.90452595339, 0.00030770134692084244, 5.866393100000096
3249.90452595339, 0.00030770134692084244, 5.866850700000214
3249.90452595339, 0.00030770134692084244, 5.867308400000184
3249.90452595339, 0.00030770134692084244, 5.8677638999997725
3249.90452595339, 0.00030770134692084244, 5.868240400000104
3249.90452595339, 0.00030770134692084244, 5.868791300000339
3249.90452595339, 0.00030770134692084244, 5.869246299999759
3249.90452595339, 0.00030770134692084244, 5.869705900000554
3249.90452595339, 0.00030770134692084244, 5.870167300000503
3249.90452595339, 0.00030770134692084244, 5.870623300000261
3249.90452595339, 0.00030770134692084244, 5.871084800000062
3249.90452595339, 0.00030770134692084244, 5.871544800000265
3249.90452595339, 0.00030770134692084244, 5.872024400000555
3249.90452595339, 0.00030770134692084244, 5.87249520000023
3249.90452595339, 0.00030770134692084244, 5.8730930000001536
3249.90452595339, 0.00030770134692084244, 5.873827600000368
3249.90452595339, 0.00030770134692084244, 5.874295100000381
3249.90452595339, 0.00030770134692084244, 5.87475379999978
3249.90452595339, 0.00030770134692084244, 5.875318700000207
3249.90452595339, 0.00030770134692084244, 5.875878200000443
3249.90452595339, 0.00030770134692084244, 5.876354900000479
3249.90452595339, 0.00030770134692084244, 5.876816500000132
3249.90452595339, 0.00030770134692084244, 5.877277800000229
3249.90452595339, 0.00030770134692084244, 5.877730299999712
3249.90452595339, 0.00030770134692084244, 5.878186800000549
3249.90452595339, 0.00030770134692084244, 5.878641600000265
3249.90452595339, 0.00030770134692084244, 5.8791056999998546
3249.90452595339, 0.00030770134692084244, 5.879596400000082
3249.90452595339, 0.00030770134692084244, 5.880088099999739
3249.90452595339, 0.00030770134692084244, 5.880547900000238
3249.90452595339, 0.00030770134692084244, 5.881005799999912
3249.90452595339, 0.00030770134692084244, 5.881462399999691
3249.90452595339, 0.00030770134692084244, 5.881919100000232
3249.90452595339, 0.00030770134692084244, 5.882377699999779
3249.90452595339, 0.00030770134692084244, 5.882833200000277
3249.90452595339, 0.00030770134692084244, 5.883418600000368
3249.90452595339, 0.00030770134692084244, 5.88388120000036
3249.90452595339, 0.00030770134692084244, 5.884343800000352
3249.90452595339, 0.00030770134692084244, 5.884800300000279
3249.90452595339, 0.00030770134692084244, 5.885367500000029
3249.90452595339, 0.00030770134692084244, 5.885889799999859
3249.90452595339, 0.00030770134692084244, 5.886447500000031
3249.90452595339, 0.00030770134692084244, 5.886938700000428
3249.90452595339, 0.00030770134692084244, 5.8874266000002535
3249.90452595339, 0.00030770134692084244, 5.88788730000033
3249.90452595339, 0.00030770134692084244, 5.888343999999961
3249.90452595339, 0.00030770134692084244, 5.888799299999846
3249.90452595339, 0.00030770134692084244, 5.889257300000281
3249.90452595339, 0.00030770134692084244, 5.889715100000103
3249.90452595339, 0.00030770134692084244, 5.890170300000136
3249.90452595339, 0.00030770134692084244, 5.890737200000331
3249.90452595339, 0.00030770134692084244, 5.89120019999973
3249.90452595339, 0.00030770134692084244, 5.891655999999784
3249.90452595339, 0.00030770134692084244, 5.892112800000177
3249.90452595339, 0.00030770134692084244, 5.892566800000168
3249.90452595339, 0.00030770134692084244, 5.89302459999999
3249.90452595339, 0.00030770134692084244, 5.893573899999865
3249.90452595339, 0.00030770134692084244, 5.894051400000535
3249.90452595339, 0.00030770134692084244, 5.894524799999999
3249.90452595339, 0.00030770134692084244, 5.895017300000291
3249.90452595339, 0.00030770134692084244, 5.895580500000506
3249.90452595339, 0.00030770134692084244, 5.896037600000454
3249.90452595339, 0.00030770134692084244, 5.89649879999979
3249.90452595339, 0.00030770134692084244, 5.896957099999781
3249.90452595339, 0.00030770134692084244, 5.897413800000322
3249.90452595339, 0.00030770134692084244, 5.897972100000516
3249.90452595339, 0.00030770134692084244, 5.898441999999704
3249.90452595339, 0.00030770134692084244, 5.89889949999997
3249.90452595339, 0.00030770134692084244, 5.899355700000342
3249.90452595339, 0.00030770134692084244, 5.899813699999868
3249.90452595339, 0.00030770134692084244, 5.90026829999988
3249.90452595339, 0.00030770134692084244, 5.90072280000004
3249.90452595339, 0.00030770134692084244, 5.901177800000369
3249.90452595339, 0.00030770134692084244, 5.901670000000195
3249.90452595339, 0.00030770134692084244, 5.902155599999787
3249.90452595339, 0.00030770134692084244, 5.902612500000032
3249.90452595339, 0.00030770134692084244, 5.903071400000044
3249.90452595339, 0.00030770134692084244, 5.903612099999918
3249.90452595339, 0.00030770134692084244, 5.904068400000142
3249.90452595339, 0.00030770134692084244, 5.904524499999752
3249.90452595339, 0.00030770134692084244, 5.905007800000021
3249.90452595339, 0.00030770134692084244, 5.9056399000000965
3249.90452595339, 0.00030701674601294664, 5.9060997000005955
3249.90452595339, 0.00030770134692084244, 5.9065582000002905
3249.90452595339, 0.00030770134692084244, 5.907021400000303
3249.90452595339, 0.00030770134692084244, 5.907478199999787
3249.90452595339, 0.00030770134692084244, 5.907934099999693
3249.90452595339, 0.00030770134692084244, 5.908389899999747
3249.90452595339, 0.00030770134692084244, 5.908886000000166
3249.90452595339, 0.00030770134692084244, 5.909363400000075
3249.90452595339, 0.00030770134692084244, 5.9098326000003
3249.90452595339, 0.00030770134692084244, 5.910292200000185
3249.90452595339, 0.00030770134692084244, 5.910748500000409
3249.90452595339, 0.00030770134692084244, 5.91120409999985
3249.90452595339, 0.00030770134692084244, 5.911659800000052
3249.90452595339, 0.00030770134692084244, 5.912118700000065
3249.90452595339, 0.00030770134692084244, 5.91266910000013
3249.90452595339, 0.00030770134692084244, 5.913140100000419
3249.90452595339, 0.00030770134692084244, 5.913636500000393
3249.90452595339, 0.00030770134692084244, 5.914446900000257
3249.90452595339, 0.00030770134692084244, 5.914908599999762
3249.90452595339, 0.00030770134692084244, 5.91540570000052
3249.90452595339, 0.00030770134692084244, 5.915976700000101
3249.90452595339, 0.00030770134692084244, 5.916476200000034
3249.90452595339, 0.00030770134692084244, 5.916970400000537
3249.90452595339, 0.00030770134692084244, 5.917430000000422
3249.90452595339, 0.00030770134692084244, 5.917889100000139
3249.90452595339, 0.00030770134692084244, 5.918355300000258
3249.90452595339, 0.00030770134692084244, 5.918811999999889
3249.90452595339, 0.00030770134692084244, 5.919274200000473
3249.90452595339, 0.00030770134692084244, 5.919762300000002
3249.90452595339, 0.00030730540762990093, 5.920312899999772
3249.90452595339, 0.00030770134692084244, 5.920769199999995
3249.90452595339, 0.00030770134692084244, 5.921231700000135
3249.90452595339, 0.00030770134692084244, 5.921694100000423
3249.90452595339, 0.00030770134692084244, 5.922151300000223
3249.90452595339, 0.00030770134692084244, 5.922608800000489
3249.90452595339, 0.00030770134692084244, 5.923063400000501
3249.90452595339, 0.00030770134692084244, 5.92355520000001
3249.90452595339, 0.00030770134692084244, 5.924153099999785
3249.90452595339, 0.00030770134692084244, 5.924613500000305
3249.90452595339, 0.00030644856799992765, 5.925075900000593
3249.90452595339, 0.00030770134692084244, 5.925532500000372
3249.90452595339, 0.00030770134692084244, 5.92609530000027
3249.90452595339, 0.00030770134692084244, 5.926556500000515
3249.90452595339, 0.00030770134692084244, 5.927034600000297
3249.90452595339, 0.00030770134692084244, 5.9275837000004685
3249.90452595339, 0.00030770134692084244, 5.928040800000417
3249.90452595339, 0.00030770134692084244, 5.928496999999879
3249.90452595339, 0.00030770134692084244, 5.928958299999977
3249.90452595339, 0.00030770134692084244, 5.929412399999819
3249.90452595339, 0.00030770134692084244, 5.929866200000106
3249.90452595339, 0.00030770134692084244, 5.930323900000076
3249.90452595339, 0.00030770134692084244, 5.930799300000217
3249.90452595339, 0.00030770134692084244, 5.931272900000295
3249.90452595339, 0.00030770134692084244, 5.931767000000036
3249.90452595339, 0.00030770134692084244, 5.932227500000408
3249.90452595339, 0.00030770134692084244, 5.932680900000378
3249.90452595339, 0.00030770134692084244, 5.933136499999819
3249.90452595339, 0.00030770134692084244, 5.9335916
3249.90452595339, 0.00030770134692084244, 5.934177799999816
3249.90452595339, 0.00030770134692084244, 5.934745700000349
3249.90452595339, 0.00030770134692084244, 5.935222900000554
3249.90452595339, 0.00030770134692084244, 5.935681099999783
3249.90452595339, 0.00030770134692084244, 5.936251699999957
3249.90452595339, 0.00030770134692084244, 5.936712700000498
3249.90452595339, 0.00030770134692084244, 5.93717100000049
3249.90452595339, 0.00030770134692084244, 5.937630399999762
3249.90452595339, 0.00030770134692084244, 5.938088099999732
3249.90452595339, 0.00030770134692084244, 5.938578899999811
3249.90452595339, 0.00030770134692084244, 5.9390683000001445
3249.90452595339, 0.00030770134692084244, 5.93952950000039
3249.90452595339, 0.00030770134692084244, 5.939985500000148
3249.90452595339, 0.00030770134692084244, 5.9404384999998
3249.90452595339, 0.00030770134692084244, 5.94089299999996
3249.90452595339, 0.00030770134692084244, 5.9413571000004595
3249.90452595339, 0.00030770134692084244, 5.941834700000072
3249.90452595339, 0.00030770134692084244, 5.942383200000222
3249.90452595339, 0.00030770134692084244, 5.942837800000234
3249.90452595339, 0.00030770134692084244, 5.943297599999823
3249.90452595339, 0.00030770134692084244, 5.943752000000131
3249.90452595339, 0.00030770134692084244, 5.94429240000045
3249.90452595339, 0.00030770134692084244, 5.944753900000251
3249.90452595339, 0.00030770134692084244, 5.945210200000474
3249.90452595339, 0.00030770134692084244, 5.945667500000127
3249.90452595339, 0.00030770134692084244, 5.946157299999868
3249.90452595339, 0.00030770134692084244, 5.946759200000088
3249.90452595339, 0.00030770134692084244, 5.947214400000121
3249.90452595339, 0.00030770134692084244, 5.947668400000111
3249.90452595339, 0.00030770134692084244, 5.948124999999891
3249.90452595339, 0.00030770134692084244, 5.948583399999734
3249.90452595339, 0.00030770134692084244, 5.949038499999915
3249.90452595339, 0.00030770134692084244, 5.949513100000331
3249.90452595339, 0.00030770134692084244, 5.950039500000457
3249.90452595339, 0.00030738667048580494, 5.950505400000111
3249.90452595339, 0.00030770134692084244, 5.950963899999806
3249.90452595339, 0.00030770134692084244, 5.951422000000093
3249.90452595339, 0.00030770134692084244, 5.951880300000084
3249.90452595339, 0.00030770134692084244, 5.9523363999996945
3249.90452595339, 0.00030770134692084244, 5.952792099999897
3249.90452595339, 0.00030770134692084244, 5.953267699999742
3249.90452595339, 0.00030770134692084244, 5.953870500000448
3249.90452595339, 0.00030614070616665943, 5.9543484000005265
3249.90452595339, 0.00030770134692084244, 5.955163499999799
3249.90452595339, 0.00030770134692084244, 5.9559275000001435
3249.90452595339, 0.00030770134692084244, 5.95675410000058
3249.90452595339, 0.00030770134692084244, 5.957450599999902
3249.90452595339, 0.00030770134692084244, 5.95825860000059
3249.90452595339, 0.00030770134692084244, 5.959126100000503
3249.90452595339, 0.00030770134692084244, 5.959642400000121
3249.90452595339, 0.00030770134692084244, 5.960138299999926
3249.90452595339, 0.00030770134692084244, 5.960604400000193
3249.90452595339, 0.00030770134692084244, 5.961093200000505
3249.90452595339, 0.00030770134692084244, 5.961579300000267
3249.90452595339, 0.00030770134692084244, 5.962065100000473
3249.90452595339, 0.00030770134692084244, 5.962523299999702
3249.90452595339, 0.00030770134692084244, 5.963007500000458
3249.90452595339, 0.00030770134692084244, 5.96346850000009
3249.90452595339, 0.00030770134692084244, 5.964066800000182
3249.90452595339, 0.00030770134692084244, 5.964622800000143
3249.90452595339, 0.00030770134692084244, 5.9651331000004575
3249.90452595339, 0.00030770134692084244, 5.965596500000174
3249.90452595339, 0.00030770134692084244, 5.9660892000001695
3249.90452595339, 0.00030770134692084244, 5.966550500000267
3249.90452595339, 0.00030770134692084244, 5.967073700000583
3249.90452595339, 0.00030770134692084244, 5.967529499999728
3249.90452595339, 0.00030770134692084244, 5.968043900000339
3249.90452595339, 0.00030770134692084244, 5.968523100000311
3249.90452595339, 0.00030770134692084244, 5.969017200000053
3249.90452595339, 0.00030770134692084244, 5.969473199999811
3249.90452595339, 0.00030770134692084244, 5.9701021000000765
3249.90452595339, 0.00030770134692084244, 5.970598200000495
3249.90452595339, 0.00030770134692084244, 5.971089300000131
3249.90452595339, 0.00030770134692084244, 5.971545399999741
3249.90452595339, 0.00030770134692084244, 5.972243799999887
3249.90452595339, 0.0003073322191129614, 5.973078600000008
3249.90452595339, 0.00030605220145251197, 5.973631699999714
3249.90452595339, 0.00030770134692084244, 5.974134500000218
3249.90452595339, 0.00030770134692084244, 5.9745929999999134
3249.90452595339, 0.00030770134692084244, 5.975124300000061
3249.90452595339, 0.00030770134692084244, 5.975607299999865
3249.90452595339, 0.00030770134692084244, 5.9760856000002605
3249.90452595339, 0.00030717724351842824, 5.976559499999894
3249.90452595339, 0.00030770134692084244, 5.977065000000039
3249.90452595339, 0.00030770134692084244, 5.977534100000412
3249.90452595339, 0.00030770134692084244, 5.97800929999994
3249.90452595339, 0.00030770134692084244, 5.9784835000000385
3249.90452595339, 0.00030770134692084244, 5.9789552000002
3249.90452595339, 0.00030770134692084244, 5.979575199999999
3249.90452595339, 0.00030770134692084244, 5.980191300000115
3249.90452595339, 0.00030770134692084244, 5.980685200000153
3249.90452595339, 0.00030770134692084244, 5.981254000000263
3249.90452595339, 0.00030770134692084244, 5.981737900000553
3249.90452595339, 0.00030770134692084244, 5.982209700000567
3249.90452595339, 0.00030770134692084244, 5.98268040000039
3249.90452595339, 0.00030770134692084244, 5.983209400000305
3249.90452595339, 0.00030770134692084244, 5.98369989999992
3249.90452595339, 0.00030770134692084244, 5.984175700000378
3249.90452595339, 0.00030770134692084244, 5.984650200000033
3249.90452595339, 0.00030770134692084244, 5.98517240000001
3249.90452595339, 0.00030770134692084244, 5.985686199999691
3249.90452595339, 0.00030770134692084244, 5.986414799999693
3249.90452595339, 0.00030770134692084244, 5.98722429999998
3249.90452595339, 0.00030770134692084244, 5.9878514000001815
3249.90452595339, 0.00030770134692084244, 5.988317199999983
3249.90452595339, 0.00030770134692084244, 5.988814899999852
3249.90452595339, 0.00030770134692084244, 5.989273400000457
3249.90452595339, 0.00030770134692084244, 5.989770899999712
3249.90452595339, 0.00030770134692084244, 5.9902696999997715
3249.90452595339, 0.0003066549224761413, 5.990765600000486
3249.90452595339, 0.00030770134692084244, 5.991227700000309
3249.90452595339, 0.00030770134692084244, 5.991719600000579
3249.90452595339, 0.00030770134692084244, 5.992178200000126
3249.90452595339, 0.00030770134692084244, 5.99267190000046
3249.90452595339, 0.00030770134692084244, 5.993138800000452
3249.90452595339, 0.00030770134692084244, 5.993618600000445
3249.90452595339, 0.00030770134692084244, 5.99436390000028
3249.90452595339, 0.00030770134692084244, 5.995044600000256
3249.90452595339, 0.00030770134692084244, 5.9955761999999595
3249.90452595339, 0.00030770134692084244, 5.9960510999999315
3249.90452595339, 0.00030770134692084244, 5.996520700000474
3249.90452595339, 0.00030770134692084244, 5.997029000000111
3249.90452595339, 0.00030770134692084244, 5.997571500000049
3249.90452595339, 0.00030770134692084244, 5.9982258
3249.90452595339, 0.00030770134692084244, 5.998704100000396
3249.90452595339, 0.00030770134692084244, 5.999183200000516
3249.90452595339, 0.00030770134692084244, 5.999658499999896
3249.90452595339, 0.00030770134692084244, 6.000129199999719
3249.90452595339, 0.00030770134692084244, 6.00060300000041
3249.90452595339, 0.00030770134692084244, 6.001075400000445
3249.90452595339, 0.00030770134692084244, 6.001763199999914
3249.90452595339, 0.00030770134692084244, 6.002614900000481
3249.90452595339, 0.00030770134692084244, 6.0030978000004325
3249.90452595339, 0.00030770134692084244, 6.003573400000278
3249.90452595339, 0.00030770134692084244, 6.004048100000546
3249.90452595339, 0.00030770134692084244, 6.004518499999904
3249.90452595339, 0.00030770134692084244, 6.00503050000043
3249.90452595339, 0.00030770134692084244, 6.00552880000032
3249.90452595339, 0.00030770134692084244, 6.006003899999996
3249.90452595339, 0.00030770134692084244, 6.006465100000241
3249.90452595339, 0.00030770134692084244, 6.006989600000452
3249.90452595339, 0.00030770134692084244, 6.007449499999893
3249.90452595339, 0.00030770134692084244, 6.007939699999952
3249.90452595339, 0.00030770134692084244, 6.008420000000115
3249.90452595339, 0.00030770134692084244, 6.009066600000551
3249.90452595339, 0.00030770134692084244, 6.009609400000045
3249.90452595339, 0.00030770134692084244, 6.010070999999698
3249.90452595339, 0.00030770134692084244, 6.010534099999859
3249.90452595339, 0.00030770134692084244, 6.011024000000361
3249.90452595339, 0.00030770134692084244, 6.011482200000501
3249.90452595339, 0.00030770134692084244, 6.011975899999925
3249.90452595339, 0.00030770134692084244, 6.01247179999973
3249.90452595339, 0.00030770134692084244, 6.012995900000533
3249.90452595339, 0.00030770134692084244, 6.013453800000207
3249.90452595339, 0.00030770134692084244, 6.014032300000508
3249.90452595339, 0.00030770134692084244, 6.014651999999842
3249.90452595339, 0.00030770134692084244, 6.015138200000365
3249.90452595339, 0.00030770134692084244, 6.015631199999916
3249.90452595339, 0.00030770134692084244, 6.016182700000172
3249.90452595339, 0.00030770134692084244, 6.016950100000031
3249.90452595339, 0.00030770134692084244, 6.017410999999811
3249.90452595339, 0.00030770134692084244, 6.01794560000053
3249.90452595339, 0.00030770134692084244, 6.018400099999781
3249.90452595339, 0.00030770134692084244, 6.018890299999839
3249.90452595339, 0.00030770134692084244, 6.0193534
3249.90452595339, 0.00030770134692084244, 6.0198497000001225
3249.90452595339, 0.00030770134692084244, 6.020340099999885
3249.90452595339, 0.00030770134692084244, 6.020828400000028
3249.90452595339, 0.00030770134692084244, 6.021284600000399
3249.90452595339, 0.00030770134692084244, 6.021778799999993
3249.90452595339, 0.00030770134692084244, 6.022234799999751
3249.90452595339, 0.00030770134692084244, 6.022723900000528
3249.90452595339, 0.00030770134692084244, 6.023214499999995
3249.90452595339, 0.00030770134692084244, 6.023767800000314
3249.90452595339, 0.00030770134692084244, 6.024242399999821
3249.90452595339, 0.00030770134692084244, 6.0247669000000315
3249.90452595339, 0.00030770134692084244, 6.025226599999769
3249.90452595339, 0.00030770134692084244, 6.025715700000546
3249.90452595339, 0.00030770134692084244, 6.02617680000003
3249.90452595339, 0.00030770134692084244, 6.026705600000241
3249.90452595339, 0.00030770134692084244, 6.027200000000448
3249.90452595339, 0.00030770134692084244, 6.027758000000176
3249.90452595339, 0.00030770134692084244, 6.028450200000407
3249.90452595339, 0.00030770134692084244, 6.028977599999962
3249.90452595339, 0.00030770134692084244, 6.029434799999763
3249.90452595339, 0.00030770134692084244, 6.0299260000001595
3249.90452595339, 0.00030770134692084244, 6.0303813999998965
3249.90452595339, 0.00030770134692084244, 6.030949699999837
3249.90452595339, 0.00030770134692084244, 6.031619100000171
3249.90452595339, 0.00030770134692084244, 6.0320872000002055
3249.90452595339, 0.00030770134692084244, 6.0325988000004145
3249.90452595339, 0.00030770134692084244, 6.033064000000195
3249.90452595339, 0.00030770134692084244, 6.033594000000448
3249.90452595339, 0.00030770134692084244, 6.034052200000588
3249.90452595339, 0.00030770134692084244, 6.034619400000338
3249.90452595339, 0.00030770134692084244, 6.035112800000206
3249.90452595339, 0.00030770134692084244, 6.035602699999799
3249.90452595339, 0.00030770134692084244, 6.036060100000213
3249.90452595339, 0.00030770134692084244, 6.036591799999769
3249.90452595339, 0.00030770134692084244, 6.0370496000005005
3249.90452595339, 0.00030770134692084244, 6.037541100000453
3249.90452595339, 0.00030770134692084244, 6.038047600000027
3249.90452595339, 0.00030770134692084244, 6.038732699999855
3249.90452595339, 0.00030770134692084244, 6.039198399999805
3249.90452595339, 0.00030770134692084244, 6.039694099999906
3249.90452595339, 0.00030770134692084244, 6.040155300000151
3249.90452595339, 0.00030770134692084244, 6.0406466000004
3249.90452595339, 0.00030770134692084244, 6.041104900000391
3249.90452595339, 0.00030770134692084244, 6.041617099999712
3249.90452595339, 0.00030770134692084244, 6.042089700000361
3249.90452595339, 0.00030770134692084244, 6.042614200000571
3249.90452595339, 0.00030770134692084244, 6.043073800000457
3249.90452595339, 0.00030770134692084244, 6.043567200000325
3249.90452595339, 0.00030770134692084244, 6.044022300000506
3249.90452595339, 0.00030770134692084244, 6.044533100000081
3249.90452595339, 0.00030770134692084244, 6.045003100000031
3249.90452595339, 0.00030770134692084244, 6.045515900000282
3249.90452595339, 0.00030770134692084244, 6.046365600000172
3249.90452595339, 0.00030770134692084244, 6.046889199999896
3249.90452595339, 0.00030770134692084244, 6.047435299999961
3249.90452595339, 0.00030770134692084244, 6.047966799999813
3249.90452595339, 0.00030770134692084244, 6.048443700000462
3249.90452595339, 0.00030770134692084244, 6.049088700000539
3249.90452595339, 0.00030770134692084244, 6.04969600000004
3249.90452595339, 0.00030770134692084244, 6.050222300000314
3249.90452595339, 0.00030770134692084244, 6.050755400000526
3249.90452595339, 0.00030770134692084244, 6.051407400000244
3249.90452595339, 0.00030770134692084244, 6.052113200000349
3249.90452595339, 0.00030770134692084244, 6.052614600000197
3249.90452595339, 0.00030770134692084244, 6.053485500000534
3249.90452595339, 0.00030770134692084244, 6.05407490000016
3249.90452595339, 0.00030770134692084244, 6.054640600000312
3249.90452595339, 0.00030770134692084244, 6.055100499999753
3249.90452595339, 0.00030770134692084244, 6.055588199999875
3249.90452595339, 0.00030770134692084244, 6.056065700000545
3249.90452595339, 0.00030770134692084244, 6.056572500000584
3249.90452595339, 0.00030770134692084244, 6.057044600000154
3249.90452595339, 0.00030770134692084244, 6.057526399999915
3249.90452595339, 0.00030770134692084244, 6.058002300000226
3249.90452595339, 0.00030770134692084244, 6.0584742999999435
3249.90452595339, 0.00030770134692084244, 6.058942900000147
3249.90452595339, 0.00030770134692084244, 6.059417200000098
3249.90452595339, 0.00030770134692084244, 6.059893800000282
3249.90452595339, 0.0003075032498231763, 6.060392500000489
3249.90452595339, 0.00030710781984932963, 6.060890599999766
3249.90452595339, 0.00030710781984932963, 6.061364899999717
3249.90452595339, 0.00030770134692084244, 6.061836300000323
3249.90452595339, 0.00030770134692084244, 6.062304500000209
3249.90452595339, 0.00030770134692084244, 6.06279590000031
3249.90452595339, 0.00030770134692084244, 6.063267800000176
3249.90452595339, 0.00030770134692084244, 6.06373750000057
3249.90452595339, 0.00030770134692084244, 6.064315499999793
3249.90452595339, 0.00030770134692084244, 6.06513730000006
3249.90452595339, 0.00030770134692084244, 6.06562329999997
3249.90452595339, 0.00030770134692084244, 6.066086300000279
3249.90452595339, 0.00030770134692084244, 6.066607300000214
3249.90452595339, 0.00030770134692084244, 6.0671455000001515
3249.90452595339, 0.00030770134692084244, 6.067656400000487
3249.90452595339, 0.00030770134692084244, 6.0684252000000924
3249.90452595339, 0.00030770134692084244, 6.068924500000321
3249.90452595339, 0.00030770134692084244, 6.069383799999741
3249.90452595339, 0.00030770134692084244, 6.069844800000283
3249.90452595339, 0.0003066334125924809, 6.07030769999983
3249.90452595339, 0.00030770134692084244, 6.070771499999864
3249.90452595339, 0.00030770134692084244, 6.071907399999873
3249.90452595339, 0.00030770134692084244, 6.072740700000395
3249.90452595339, 0.00030770134692084244, 6.073198699999921
3249.90452595339, 0.00030770134692084244, 6.0736633000005895
3249.90452595339, 0.00030770134692084244, 6.074120199999925
3249.90452595339, 0.00030770134692084244, 6.074609899999814
3249.90452595339, 0.00030770134692084244, 6.075253099999827
3249.90452595339, 0.00030770134692084244, 6.075876500000049
3249.90452595339, 0.00030770134692084244, 6.076346400000148
3249.90452595339, 0.00030770134692084244, 6.076817500000288
3249.90452595339, 0.00030770134692084244, 6.077291200000218
3249.90452595339, 0.00030770134692084244, 6.0777789000003395
3249.90452595339, 0.00030770134692084244, 6.078247899999951
3249.90452595339, 0.00030770134692084244, 6.078726499999902
3249.90452595339, 0.00030770134692084244, 6.0792013000000225
3249.90452595339, 0.00030770134692084244, 6.079672500000015
3249.90452595339, 0.00030770134692084244, 6.08014809999986
3249.90452595339, 0.00030770134692084244, 6.080727800000204
3249.90452595339, 0.00030770134692084244, 6.0813092999997025
3249.90452595339, 0.00030770134692084244, 6.081794100000479
3249.90452595339, 0.00030770134692084244, 6.08230150000054
3249.90452595339, 0.00030770134692084244, 6.08296160000009
3249.90452595339, 0.00030770134692084244, 6.083438399999977
3249.90452595339, 0.00030770134692084244, 6.083908800000245
3249.90452595339, 0.00030770134692084244, 6.084378600000491
3249.90452595339, 0.00030770134692084244, 6.084855400000379
3249.90452595339, 0.00030770134692084244, 6.085334700000203
3249.90452595339, 0.00030770134692084244, 6.085791900000004
3249.90452595339, 0.00030770134692084244, 6.086247100000037
3249.90452595339, 0.00030770134692084244, 6.086743900000329
3249.90452595339, 0.00030770134692084244, 6.0872018000000025
3249.90452595339, 0.00030770134692084244, 6.087659300000269
3249.90452595339, 0.00030770134692084244, 6.088116099999752
3249.90452595339, 0.00030770134692084244, 6.088576500000272
3249.90452595339, 0.00030770134692084244, 6.089034700000411
3249.90452595339, 0.00030770134692084244, 6.089536800000133
3249.90452595339, 0.00030770134692084244, 6.090330400000312
3249.90452595339, 0.00030770134692084244, 6.0908133000002636
3249.90452595339, 0.00030770134692084244, 6.091269999999895
3249.90452595339, 0.00030770134692084244, 6.091729700000542
3249.90452595339, 0.00030770134692084244, 6.0921902999998565
3249.90452595339, 0.00030770134692084244, 6.0926619000001665
3249.90452595339, 0.00030770134692084244, 6.0931193000005806
3249.90452595339, 0.00030770134692084244, 6.093580400000064
3249.90452595339, 0.00030770134692084244, 6.0940464000004795
3249.90452595339, 0.00030770134692084244, 6.094537400000263
3249.90452595339, 0.00030770134692084244, 6.094996700000593
3249.90452595339, 0.00030770134692084244, 6.095455399999992
3249.90452595339, 0.00030770134692084244, 6.095919000000322
3249.90452595339, 0.00030770134692084244, 6.096454100000301
3249.90452595339, 0.00030770134692084244, 6.097033099999862
3249.90452595339, 0.00030770134692084244, 6.097617000000355
3249.90452595339, 0.00030770134692084244, 6.098147499999868
3249.90452595339, 0.00030770134692084244, 6.09861009999986
3249.90452595339, 0.00030770134692084244, 6.099067500000274
3249.90452595339, 0.00030770134692084244, 6.099536400000034
3249.90452595339, 0.00030770134692084244, 6.099998900000173
3249.90452595339, 0.00030770134692084244, 6.100457300000016
3249.90452595339, 0.00030770134692084244, 6.100914499999817
3249.90452595339, 0.00030770134692084244, 6.1013754000005065
3249.90452595339, 0.00030770134692084244, 6.1018340000000535
3249.90452595339, 0.00030770134692084244, 6.102289600000404
3249.90452595339, 0.00030770134692084244, 6.1027523000002475
3249.90452595339, 0.00030717724351842824, 6.103219800000261
3249.90452595339, 0.00030770134692084244, 6.103678899999977
3249.90452595339, 0.00030770134692084244, 6.104182300000502
3249.90452595339, 0.00030625390432668427, 6.1050138999999035
3249.90452595339, 0.00030770134692084244, 6.10549280000032
3249.90452595339, 0.00030770134692084244, 6.105955400000312
3249.90452595339, 0.00030770134692084244, 6.106447400000434
3249.90452595339, 0.00030770134692084244, 6.106907600000341
3249.90452595339, 0.00030770134692084244, 6.107377500000439
3249.90452595339, 0.00030770134692084244, 6.107841300000473
3249.90452595339, 0.00030770134692084244, 6.108304800000042
3249.90452595339, 0.00030770134692084244, 6.108768000000055
3249.90452595339, 0.00030770134692084244, 6.109228400000575
3249.90452595339, 0.00030770134692084244, 6.109687600000143
3249.90452595339, 0.00030770134692084244, 6.110144400000536
3249.90452595339, 0.00030770134692084244, 6.110607300000083
3249.90452595339, 0.00030770134692084244, 6.111062500000116
3249.90452595339, 0.00030770134692084244, 6.111582200000157
3249.90452595339, 0.00030770134692084244, 6.112057299999833
3249.90452595339, 0.00030770134692084244, 6.112829900000179
3249.90452595339, 0.00030770134692084244, 6.114126600000418
3249.90452595339, 0.00030770134692084244, 6.115814300000238
3249.90452595339, 0.00030701674601294664, 6.117140700000164
3249.90452595339, 0.00030770134692084244, 6.118386600000122
3249.90452595339, 0.00030770134692084244, 6.119563199999902
3249.90452595339, 0.00030770134692084244, 6.120934900000066
3249.90452595339, 0.00030770134692084244, 6.121901000000435
3249.90452595339, 0.00030770134692084244, 6.122888200000489
3249.90452595339, 0.00030770134692084244, 6.123824000000241
3249.90452595339, 0.00030770134692084244, 6.124820699999873
3249.90452595339, 0.00030770134692084244, 6.125823700000183
3249.90452595339, 0.00030770134692084244, 6.126761100000294
3249.90452595339, 0.00030770134692084244, 6.127578300000096
3249.90452595339, 0.00030770134692084244, 6.128403300000173
3249.90452595339, 0.00030770134692084244, 6.128863900000397
3249.90452595339, 0.00030770134692084244, 6.1293642999999065
3249.90452595339, 0.00030770134692084244, 6.12996800000019
3249.90452595339, 0.00030770134692084244, 6.130492600000252
3249.90452595339, 0.00030770134692084244, 6.131595400000151
3249.90452595339, 0.00030770134692084244, 6.132069899999806
3249.90452595339, 0.00030770134692084244, 6.13256999999976
3249.90452595339, 0.00030770134692084244, 6.133038699999815
3249.90452595339, 0.00030770134692084244, 6.133554699999877
3249.90452595339, 0.00030770134692084244, 6.134105300000556
3249.90452595339, 0.00030770134692084244, 6.134633800000302
3249.90452595339, 0.00030770134692084244, 6.135099099999934
3249.90452595339, 0.00030770134692084244, 6.135592600000564
3249.90452595339, 0.00030770134692084244, 6.13605329999973
3249.90452595339, 0.00030770134692084244, 6.136585000000196
3249.90452595339, 0.00030770134692084244, 6.137064600000485
3249.90452595339, 0.00030770134692084244, 6.137555600000269
3249.90452595339, 0.00030770134692084244, 6.138049199999841
3249.90452595339, 0.00030770134692084244, 6.138544299999921
3249.90452595339, 0.00030770134692084244, 6.139001000000462
3249.90452595339, 0.00030770134692084244, 6.139491900000394
3249.90452595339, 0.00030770134692084244, 6.139955200000259
3249.90452595339, 0.00030770134692084244, 6.140447100000529
3249.90452595339, 0.00030770134692084244, 6.140980199999831
3249.90452595339, 0.00030770134692084244, 6.141471300000376
3249.90452595339, 0.00030770134692084244, 6.141931400000431
3249.90452595339, 0.00030770134692084244, 6.142420700000002
3249.90452595339, 0.00030770134692084244, 6.142877299999782
3249.90452595339, 0.00030770134692084244, 6.143369999999777
3249.90452595339, 0.00030770134692084244, 6.1438309000004665
3249.90452595339, 0.00030770134692084244, 6.144373300000552
3249.90452595339, 0.00030770134692084244, 6.144865500000378
3249.90452595339, 0.00030770134692084244, 6.1453667000005225
3249.90452595339, 0.00030770134692084244, 6.145823800000471
3249.90452595339, 0.00030770134692084244, 6.146349499999815
3249.90452595339, 0.00030770134692084244, 6.146811399999933
3249.90452595339, 0.00030770134692084244, 6.147535099999914
3249.90452595339, 0.00030770134692084244, 6.148485100000471
3249.90452595339, 0.00030770134692084244, 6.1489545000004
3249.90452595339, 0.00030770134692084244, 6.149455800000396
3249.90452595339, 0.00030770134692084244, 6.149922300000071
3249.90452595339, 0.00030770134692084244, 6.150417300000299
3249.90452595339, 0.00030770134692084244, 6.150874599999952
3249.90452595339, 0.00030770134692084244, 6.151370600000519
3249.90452595339, 0.00030770134692084244, 6.151863199999752
3249.90452595339, 0.00030770134692084244, 6.152371600000151
3249.90452595339, 0.00030770134692084244, 6.152832499999931
3249.90452595339, 0.00030770134692084244, 6.153326000000561
3249.90452595339, 0.00030770134692084244, 6.153783499999918
3249.90452595339, 0.00030770134692084244, 6.15430970000034
3249.90452595339, 0.00030770134692084244, 6.154771000000437
3249.90452595339, 0.00030770134692084244, 6.1553218999997625
3249.90452595339, 0.00030770134692084244, 6.155796099999861
3249.90452595339, 0.00030770134692084244, 6.15632160000041
3249.90452595339, 0.00030770134692084244, 6.156781900000169
3249.90452595339, 0.00030770134692084244, 6.157274099999995
3249.90452595339, 0.00030770134692084244, 6.157731700000113
3249.90452595339, 0.00030770134692084244, 6.158226800000193
3249.90452595339, 0.00030770134692084244, 6.158681400000205
3249.90452595339, 0.00030770134692084244, 6.159193700000287
3249.90452595339, 0.00030770134692084244, 6.159702800000559
3249.90452595339, 0.0003073209401866919, 6.160211100000197
3249.90452595339, 0.00030770134692084244, 6.160699000000022
3249.90452595339, 0.00030770134692084244, 6.161181399999805
3249.90452595339, 0.00030770134692084244, 6.161653500000284
3249.90452595339, 0.00030770134692084244, 6.162116700000297
3249.90452595339, 0.00030770134692084244, 6.1626899000002595
3249.90452595339, 0.00030770134692084244, 6.163263700000243
3249.90452595339, 0.00030717724351842824, 6.163770099999965
3249.90452595339, 0.00030770134692084244, 6.164611100000002
3249.90452595339, 0.00030770134692084244, 6.165074200000163
3249.90452595339, 0.00030770134692084244, 6.165538899999774
3249.90452595339, 0.00030770134692084244, 6.165996700000505
3249.90452595339, 0.00030770134692084244, 6.1665631000005305
3249.90452595339, 0.00030770134692084244, 6.167056500000399
3249.90452595339, 0.00030770134692084244, 6.167518700000073
3249.90452595339, 0.00030770134692084244, 6.167975999999726
3249.90452595339, 0.00030770134692084244, 6.168431400000372
3249.90452595339, 0.00030770134692084244, 6.168931199999861
3249.90452595339, 0.00030770134692084244, 6.169417199999771
3249.90452595339, 0.00030770134692084244, 6.169895799999722
3249.90452595339, 0.00030770134692084244, 6.170436299999892
3249.90452595339, 0.00030770134692084244, 6.170900699999947
3249.90452595339, 0.00030588882040828133, 6.171358499999769
3249.90452595339, 0.00030622188519577065, 6.171815599999718
3249.90452595339, 0.00030770134692084244, 6.172272400000111
3249.90452595339, 0.00030770134692084244, 6.172732900000483
3249.90452595339, 0.00030770134692084244, 6.173189699999966
3249.90452595339, 0.00030770134692084244, 6.173681899999792
3249.90452595339, 0.00030770134692084244, 6.174166599999808
3249.90452595339, 0.00030770134692084244, 6.1747293999997055
3249.90452595339, 0.00030770134692084244, 6.175187100000585
3249.90452595339, 0.00030770134692084244, 6.175643100000343
3249.90452595339, 0.00030770134692084244, 6.176103200000398
3249.90452595339, 0.00030770134692084244, 6.176714700000048
3249.90452595339, 0.00030770134692084244, 6.177222299999812
3249.90452595339, 0.00030770134692084244, 6.177774300000237
3249.90452595339, 0.00030770134692084244, 6.178232899999784
3249.90452595339, 0.00030770134692084244, 6.178697399999692
3249.90452595339, 0.00030770134692084244, 6.179260300000351
3249.90452595339, 0.00030770134692084244, 6.179722599999877
3249.90452595339, 0.00030770134692084244, 6.180179800000587
3249.90452595339, 0.00030770134692084244, 6.180713499999911
3249.90452595339, 0.00030770134692084244, 6.1812049999998635
3249.90452595339, 0.00030770134692084244, 6.181699100000515
3249.90452595339, 0.00030770134692084244, 6.182155100000273
3249.90452595339, 0.00030770134692084244, 6.182615800000349
3249.90452595339, 0.00030770134692084244, 6.183075900000404
3249.90452595339, 0.00030770134692084244, 6.183529200000521
3249.90452595339, 0.00030770134692084244, 6.183990000000449
3249.90452595339, 0.00030770134692084244, 6.1844694000001255
3249.90452595339, 0.00030770134692084244, 6.185251699999753
3249.90452595339, 0.00030770134692084244, 6.18570869999985
3249.90452595339, 0.00030770134692084244, 6.1861675000000105
3249.90452595339, 0.00030770134692084244, 6.186679299999923
3249.90452595339, 0.00030770134692084244, 6.187190300000111
3249.90452595339, 0.00030770134692084244, 6.187645500000144
3249.90452595339, 0.00030770134692084244, 6.188102099999924
3249.90452595339, 0.00030770134692084244, 6.188600999999835
3249.90452595339, 0.00030770134692084244, 6.189090099999703
3249.90452595339, 0.00030770134692084244, 6.189547400000265
3249.90452595339, 0.00030770134692084244, 6.190005100000235
3249.90452595339, 0.00030770134692084244, 6.190467399999761
3249.90452595339, 0.00030770134692084244, 6.190929700000197
3249.90452595339, 0.00030770134692084244, 6.191382400000293
3249.90452595339, 0.00030770134692084244, 6.191860800000541
3249.90452595339, 0.00030770134692084244, 6.192403799999738
3249.90452595339, 0.00030770134692084244, 6.192863500000385
3249.90452595339, 0.00030770134692084244, 6.193318999999974
3249.90452595339, 0.00030770134692084244, 6.1937754999999015
3249.90452595339, 0.00030770134692084244, 6.1942353000004005
3249.90452595339, 0.00030770134692084244, 6.194694100000561
3249.90452595339, 0.00030770134692084244, 6.19526229999974
3249.90452595339, 0.00030770134692084244, 6.19575470000018
3249.90452595339, 0.00030770134692084244, 6.196251800000027
3249.90452595339, 0.00030770134692084244, 6.1967076999999335
3249.90452595339, 0.00030770134692084244, 6.197404800000186
3249.90452595339, 0.00030770134692084244, 6.197867400000177
3249.90452595339, 0.00030770134692084244, 6.198330899999746
3249.90452595339, 0.00030770134692084244, 6.198786400000245
3249.90452595339, 0.00030770134692084244, 6.1992691000004925
3249.90452595339, 0.00030770134692084244, 6.199820699999691
3249.90452595339, 0.00030770134692084244, 6.2002793000001475
3249.90452595339, 0.00030770134692084244, 6.200741600000583
3249.90452595339, 0.00030744906117025734, 6.201204599999983
3249.90452595339, 0.00030770134692084244, 6.201668599999721
3249.90452595339, 0.00030770134692084244, 6.202125100000558
3249.90452595339, 0.00030770134692084244, 6.202581499999724
3249.90452595339, 0.00030770134692084244, 6.203073900000163
3249.90452595339, 0.00030770134692084244, 6.203556700000263
3249.90452595339, 0.00030770134692084244, 6.204025799999727
3249.90452595339, 0.00030770134692084244, 6.204479199999696
3249.90452595339, 0.00030770134692084244, 6.204961200000071
3249.90452595339, 0.00030770134692084244, 6.205928600000334
3249.90452595339, 0.00030770134692084244, 6.206530200000088
3249.90452595339, 0.00030770134692084244, 6.207084300000133
3249.90452595339, 0.00030770134692084244, 6.20761659999971
3249.90452595339, 0.00030770134692084244, 6.208078900000146
3249.90452595339, 0.00030770134692084244, 6.208572300000014
3249.90452595339, 0.00030770134692084244, 6.209031700000196
3249.90452595339, 0.00030770134692084244, 6.209522600000128
3249.90452595339, 0.00030770134692084244, 6.209978699999738
3249.90452595339, 0.00030770134692084244, 6.210472700000537
3249.90452595339, 0.00030770134692084244, 6.210972699999729
3249.90452595339, 0.00030770134692084244, 6.21146409999983
3249.90452595339, 0.00030770134692084244, 6.2119196000003285
3249.90452595339, 0.00030770134692084244, 6.212403499999709
3249.90452595339, 0.00030770134692084244, 6.212889200000063
3249.90452595339, 0.00030770134692084244, 6.213346499999716
3249.90452595339, 0.00030770134692084244, 6.213881100000435
3249.90452595339, 0.00030770134692084244, 6.214486699999725
3249.90452595339, 0.00030770134692084244, 6.214942999999948
3249.90452595339, 0.00030770134692084244, 6.215454099999988
3249.90452595339, 0.00030770134692084244, 6.215926200000467
3249.90452595339, 0.00030770134692084244, 6.216401599999699
3249.90452595339, 0.00030770134692084244, 6.216875500000242
3249.90452595339, 0.00030770134692084244, 6.217332500000339
3249.90452595339, 0.00030770134692084244, 6.217894600000363
3249.90452595339, 0.00030770134692084244, 6.218391399999746
3249.90452595339, 0.00030770134692084244, 6.218846900000244
3249.90452595339, 0.00030770134692084244, 6.219301500000256
3249.90452595339, 0.00030770134692084244, 6.219794000000547
3249.90452595339, 0.00030770134692084244, 6.220253299999968
3249.90452595339, 0.00030770134692084244, 6.220807499999864
3249.90452595339, 0.00030770134692084244, 6.221292500000345
3249.90452595339, 0.00030770134692084244, 6.221844300000157
3249.90452595339, 0.00030770134692084244, 6.222304599999916
3249.90452595339, 0.00030770134692084244, 6.222794899999826
3249.90452595339, 0.00030770134692084244, 6.223333800000546
3249.90452595339, 0.00030770134692084244, 6.22382590000052
3249.90452595339, 0.00030770134692084244, 6.224282300000596
3249.90452595339, 0.00030770134692084244, 6.224782600000253
3249.90452595339, 0.00030770134692084244, 6.225274600000375
3249.90452595339, 0.00030770134692084244, 6.225837699999829
3249.90452595339, 0.00030770134692084244, 6.226296900000307
3249.90452595339, 0.00030770134692084244, 6.226865999999973
3249.90452595339, 0.00030770134692084244, 6.227322400000048
3249.90452595339, 0.00030770134692084244, 6.227861800000028
3249.90452595339, 0.00030770134692084244, 6.228321999999935
3249.90452595339, 0.00030770134692084244, 6.2289128000002165
3249.90452595339, 0.00030770134692084244, 6.229420200000277
3249.90452595339, 0.00030770134692084244, 6.229879299999993
3249.90452595339, 0.00030770134692084244, 6.230361699999776
3249.90452595339, 0.00030770134692084244, 6.231115999999929
3249.90452595339, 0.00030770134692084244, 6.23158500000045
3249.90452595339, 0.00030770134692084244, 6.232045700000526
3249.90452595339, 0.00030770134692084244, 6.2325449999998455
3249.90452595339, 0.00030770134692084244, 6.233037200000581
3249.90452595339, 0.00030770134692084244, 6.233493700000508
3249.90452595339, 0.00030770134692084244, 6.234010799999851
3249.90452595339, 0.00030770134692084244, 6.234483299999738
3249.90452595339, 0.00030770134692084244, 6.234944499999983
3249.90452595339, 0.00030770134692084244, 6.235512700000072
3249.90452595339, 0.00030770134692084244, 6.2359951999997065
3249.90452595339, 0.00030770134692084244, 6.236537300000236
3249.90452595339, 0.00030770134692084244, 6.236994800000502
3249.90452595339, 0.00030770134692084244, 6.237548699999934
3249.90452595339, 0.00030770134692084244, 6.238019200000053
3249.90452595339, 0.00030770134692084244, 6.238475400000425
3249.90452595339, 0.00030770134692084244, 6.238932400000522
3249.90452595339, 0.00030770134692084244, 6.239390200000344
3249.90452595339, 0.00030770134692084244, 6.239886100000149
3249.90452595339, 0.00030770134692084244, 6.240378700000292
3249.90452595339, 0.00030770134692084244, 6.240833800000473
3249.90452595339, 0.00030770134692084244, 6.241293699999915
3249.90452595339, 0.00030770134692084244, 6.241748899999948
3249.90452595339, 0.00030770134692084244, 6.24220349999996
3249.90452595339, 0.00030770134692084244, 6.242661400000543
3249.90452595339, 0.00030770134692084244, 6.243118100000174
3249.90452595339, 0.00030770134692084244, 6.243686900000284
3249.90452595339, 0.00030770134692084244, 6.244140700000571
3249.90452595339, 0.00030770134692084244, 6.244599900000139
3249.90452595339, 0.00030770134692084244, 6.245055100000172
3249.90452595339, 0.00030770134692084244, 6.2455101000005016
3249.90452595339, 0.00030770134692084244, 6.246131599999899
3249.90452595339, 0.00030770134692084244, 6.24663690000034
3249.90452595339, 0.00030770134692084244, 6.2471400000004
3249.90452595339, 0.00030770134692084244, 6.247697100000551
3249.90452595339, 0.00030770134692084244, 6.248278199999731
3249.90452595339, 0.00030591443728090844, 6.248739800000294
3249.90452595339, 0.00030770134692084244, 6.2492645000002085
3249.90452595339, 0.00030770134692084244, 6.249724199999946
3249.90452595339, 0.00030770134692084244, 6.25018689999979
3249.90452595339, 0.00030770134692084244, 6.250645500000246
3249.90452595339, 0.00030770134692084244, 6.251175100000182
3249.90452595339, 0.00030770134692084244, 6.251631900000575
3249.90452595339, 0.00030770134692084244, 6.252094399999805
3249.90452595339, 0.00030770134692084244, 6.252558600000157
3249.90452595339, 0.00030770134692084244, 6.253013600000486
3249.90452595339, 0.00030770134692084244, 6.253474300000562
3249.90452595339, 0.00030770134692084244, 6.253929000000426
3249.90452595339, 0.00030770134692084244, 6.2543892000003325
3249.90452595339, 0.00030770134692084244, 6.254852199999732
3249.90452595339, 0.00030770134692084244, 6.255312700000104
3249.90452595339, 0.00030770134692084244, 6.255805400000099
3249.90452595339, 0.00030770134692084244, 6.256262500000048
3249.90452595339, 0.00030770134692084244, 6.25672029999987
3249.90452595339, 0.00030770134692084244, 6.257179000000178
3249.90452595339, 0.00030770134692084244, 6.2576372000003175
3249.90452595339, 0.00030770134692084244, 6.258192899999813
3249.90452595339, 0.00030770134692084244, 6.258668299999954
3249.90452595339, 0.00030770134692084244, 6.2591254999997545
3249.90452595339, 0.00030770134692084244, 6.259583300000486
3249.90452595339, 0.00030770134692084244, 6.260043000000223
3249.90452595339, 0.0003075050889119774, 6.260504099999707
3249.90452595339, 0.00030770134692084244, 6.260960100000375
3249.90452595339, 0.00030770134692084244, 6.261417200000324
3249.90452595339, 0.00030770134692084244, 6.261872699999913
3249.90452595339, 0.00030770134692084244, 6.262331500000073
3249.90452595339, 0.00030770134692084244, 6.262787399999979
3249.90452595339, 0.00030770134692084244, 6.263287800000398
3249.90452595339, 0.00030770134692084244, 6.263757599999735
3249.90452595339, 0.00030770134692084244, 6.264255900000535
3249.90452595339, 0.00030770134692084244, 6.26471440000023
3249.90452595339, 0.00030770134692084244, 6.265173300000242
3249.90452595339, 0.00030770134692084244, 6.2657633999997415
3249.90452595339, 0.00030770134692084244, 6.266400100000283
3249.90452595339, 0.00030770134692084244, 6.266956899999968
3249.90452595339, 0.00030770134692084244, 6.26741949999996
3249.90452595339, 0.00030770134692084244, 6.267917699999998
3249.90452595339, 0.00030770134692084244, 6.268377200000032
3249.90452595339, 0.0003069329787130274, 6.268838900000446
3249.90452595339, 0.00030770134692084244, 6.269298600000184
3249.90452595339, 0.00030770134692084244, 6.269759800000429
3249.90452595339, 0.0003067634585860585, 6.270222500000273
3249.90452595339, 0.00030770134692084244, 6.270682800000031
3249.90452595339, 0.00030770134692084244, 6.271145300000171
3249.90452595339, 0.00030770134692084244, 6.271602700000585
3249.90452595339, 0.00030770134692084244, 6.27205849999973
3249.90452595339, 0.00030770134692084244, 6.272514700000102
3249.90452595339, 0.00030770134692084244, 6.27304069999991
3249.90452595339, 0.00030770134692084244, 6.273500600000261
3249.90452595339, 0.00030770134692084244, 6.273957600000358
3249.90452595339, 0.00030770134692084244, 6.27441650000037
3249.90452595339, 0.00030770134692084244, 6.274872200000573
3249.90452595339, 0.00030770134692084244, 6.27532919999976
3249.90452595339, 0.00030770134692084244, 6.275829799999883
3249.90452595339, 0.00030770134692084244, 6.276292999999896
3249.90452595339, 0.00030770134692084244, 6.276751399999739
3249.90452595339, 0.00030770134692084244, 6.2772069000002375
3249.90452595339, 0.00030770134692084244, 6.27766260000044
3249.90452595339, 0.00030770134692084244, 6.278155500000139
3249.90452595339, 0.00030770134692084244, 6.278610299999855
3249.90452595339, 0.00030770134692084244, 6.279068100000586
3249.90452595339, 0.00030770134692084244, 6.279529100000218
3249.90452595339, 0.00030770134692084244, 6.279985899999701
3249.90452595339, 0.00030770134692084244, 6.280513400000018
3249.90452595339, 0.00030770134692084244, 6.280977999999777
3249.90452595339, 0.00030770134692084244, 6.281438900000467
3249.90452595339, 0.00030770134692084244, 6.281896000000415
3249.90452595339, 0.00030770134692084244, 6.282351200000448
3249.90452595339, 0.00030770134692084244, 6.282811400000355
3249.90452595339, 0.00030770134692084244, 6.283270800000537
3249.90452595339, 0.00030770134692084244, 6.283723600000485
3249.90452595339, 0.00030770134692084244, 6.284179899999799
3249.90452595339, 0.00030770134692084244, 6.284644700000172
3249.90452595339, 0.00030770134692084244, 6.285102499999994
3249.90452595339, 0.00030770134692084244, 6.2855592000005345
3249.90452595339, 0.00030770134692084244, 6.286095299999943
3249.90452595339, 0.00030770134692084244, 6.286555599999701
3249.90452595339, 0.00030770134692084244, 6.287013400000433
3249.90452595339, 0.00030770134692084244, 6.287470100000064
3249.90452595339, 0.00030770134692084244, 6.288048500000514
3249.90452595339, 0.00030770134692084244, 6.288505800000166
3249.90452595339, 0.00030770134692084244, 6.2889695000003485
3249.90452595339, 0.00030770134692084244, 6.289425800000572
3249.90452595339, 0.00030770134692084244, 6.289883000000373
3249.90452595339, 0.00030770134692084244, 6.290342899999814
3249.90452595339, 0.00030770134692084244, 6.290797399999974
3249.90452595339, 0.00030770134692084244, 6.291260200000579
3249.90452595339, 0.00030770134692084244, 6.291723600000296
3249.90452595339, 0.00030770134692084244, 6.292179600000054
3249.90452595339, 0.00030770134692084244, 6.292638900000384
3249.90452595339, 0.00030770134692084244, 6.293098300000565
3249.90452595339, 0.00030770134692084244, 6.293553700000302
3249.90452595339, 0.00030770134692084244, 6.294009600000209
3249.90452595339, 0.00030770134692084244, 6.294463400000495
3249.90452595339, 0.00030770134692084244, 6.2949790000002395
3249.90452595339, 0.00030770134692084244, 6.295447600000443
3249.90452595339, 0.00030770134692084244, 6.295902500000011
3249.90452595339, 0.00030770134692084244, 6.296396700000514
3249.90452595339, 0.00030770134692084244, 6.296851799999786
3249.90452595339, 0.00030770134692084244, 6.297310599999946
3249.90452595339, 0.00030770134692084244, 6.2977639999999155
3249.90452595339, 0.00030770134692084244, 6.298264900000504
3249.90452595339, 0.00030770134692084244, 6.298724400000538
3249.90452595339, 0.00030770134692084244, 6.299181800000042
3249.90452595339, 0.00030770134692084244, 6.299638399999822
3249.90452595339, 0.00030770134692084244, 6.300101800000448
3249.90452595339, 0.00030770134692084244, 6.300557700000354
3249.90452595339, 0.00030770134692084244, 6.301011999999901
3249.90452595339, 0.00030770134692084244, 6.301469300000463
3249.90452595339, 0.00030770134692084244, 6.301925599999777
3249.90452595339, 0.00030770134692084244, 6.302453500000411
3249.90452595339, 0.00030770134692084244, 6.302908600000592
3249.90452595339, 0.00030770134692084244, 6.303367900000012
3249.90452595339, 0.00030770134692084244, 6.3038266000003205
3249.90452595339, 0.00030770134692084244, 6.304282900000544
3249.90452595339, 0.00030770134692084244, 6.3047404999997525
3249.90452595339, 0.00030770134692084244, 6.305195699999786
3249.90452595339, 0.00030770134692084244, 6.3056501000000935
3249.90452595339, 0.00030770134692084244, 6.3062472999999954
3249.90452595339, 0.00030770134692084244, 6.3070174000004045
3249.90452595339, 0.00030770134692084244, 6.307477800000015
3249.90452595339, 0.00030770134692084244, 6.307934200000091
3249.90452595339, 0.00030770134692084244, 6.308499300000221
3249.90452595339, 0.00030770134692084244, 6.3089598000005935
3249.90452595339, 0.00030770134692084244, 6.309438500000397
3249.90452595339, 0.00030770134692084244, 6.309985200000483
3249.90452595339, 0.00030770134692084244, 6.310548899999958
3249.90452595339, 0.00030770134692084244, 6.311013000000457
3249.90452595339, 0.00030770134692084244, 6.311469000000216
3249.90452595339, 0.00030770134692084244, 6.311924999999974
3249.90452595339, 0.00030770134692084244, 6.312387800000579
3249.90452595339, 0.00030770134692084244, 6.312844000000041
3249.90452595339, 0.00030770134692084244, 6.3133385000001
3249.90452595339, 0.00030770134692084244, 6.313821499999904
3249.90452595339, 0.00030770134692084244, 6.314291700000467
3249.90452595339, 0.00030770134692084244, 6.314747000000352
3249.90452595339, 0.00030770134692084244, 6.315201100000195
3249.90452595339, 0.00030770134692084244, 6.315659900000355
3249.90452595339, 0.00030770134692084244, 6.3161126000004515
3249.90452595339, 0.00030770134692084244, 6.316677800000434
3249.90452595339, 0.00030770134692084244, 6.317240899999888
3249.90452595339, 0.00030770134692084244, 6.317701900000429
3249.90452595339, 0.00030770134692084244, 6.318163599999934
3249.90452595339, 0.00030770134692084244, 6.31870280000021
3249.90452595339, 0.00030770134692084244, 6.3191584000005605
3249.90452595339, 0.00030770134692084244, 6.319621600000573
3249.90452595339, 0.00030770134692084244, 6.320077999999739
3249.90452595339, 0.00030770134692084244, 6.320533799999794
3249.90452595339, 0.00030770134692084244, 6.3210306999999375
3249.90452595339, 0.00030770134692084244, 6.32152270000006
3249.90452595339, 0.00030770134692084244, 6.321978800000579
3249.90452595339, 0.00030770134692084244, 6.3224388999997245
3249.90452595339, 0.00030770134692084244, 6.32289690000016
3249.90452595339, 0.00030770134692084244, 6.323355100000299
3249.90452595339, 0.00030770134692084244, 6.3238123000001
3249.90452595339, 0.00030770134692084244, 6.324289899999712
3249.90452595339, 0.00030770134692084244, 6.3248380000004545
3249.90452595339, 0.00030770134692084244, 6.325292900000022
3249.90452595339, 0.00030770134692084244, 6.325747099999717
3249.90452595339, 0.00030770134692084244, 6.326207400000385
3249.90452595339, 0.00030770134692084244, 6.326743200000237
3249.90452595339, 0.00030770134692084244, 6.327257699999791
3249.90452595339, 0.00030770134692084244, 6.327726800000164
3249.90452595339, 0.0003063423816051628, 6.328229900000224
3249.90452595339, 0.00030770134692084244, 6.32877069999995
3249.90452595339, 0.00030770134692084244, 6.329235600000175
3249.90452595339, 0.00030770134692084244, 6.329703299999892
3249.90452595339, 0.00030770134692084244, 6.3301604999996925
3249.90452595339, 0.00030770134692084244, 6.330622000000403
3249.90452595339, 0.00030770134692084244, 6.331080400000246
3249.90452595339, 0.00030770134692084244, 6.331563200000346
3249.90452595339, 0.00030770134692084244, 6.332123799999863
3249.90452595339, 0.00030770134692084244, 6.332582699999875
3249.90452595339, 0.00030770134692084244, 6.333037299999887
3249.90452595339, 0.00030770134692084244, 6.333496600000217
3249.90452595339, 0.00030770134692084244, 6.333952500000123
3249.90452595339, 0.00030770134692084244, 6.3344082000003255
3249.90452595339, 0.00030770134692084244, 6.334869299999809
3249.90452595339, 0.00030770134692084244, 6.3353643000000375
3249.90452595339, 0.00030770134692084244, 6.335828400000537
3249.90452595339, 0.00030770134692084244, 6.336319099999855
3249.90452595339, 0.00030770134692084244, 6.3368709000005765
3249.90452595339, 0.00030770134692084244, 6.337326699999721
3249.90452595339, 0.00030770134692084244, 6.337786199999755
3249.90452595339, 0.00030770134692084244, 6.338241999999809
3249.90452595339, 0.00030770134692084244, 6.338812699999835
3249.90452595339, 0.00030770134692084244, 6.339380600000368
3249.90452595339, 0.00030770134692084244, 6.339841699999852
3249.90452595339, 0.00030770134692084244, 6.340342399999827
3249.90452595339, 0.00030770134692084244, 6.3408330000002024
3249.90452595339, 0.00030770134692084244, 6.341289699999834
3249.90452595339, 0.00030770134692084244, 6.341745200000332
3249.90452595339, 0.00030770134692084244, 6.342209399999774
3249.90452595339, 0.00030770134692084244, 6.3426878999998735
3249.90452595339, 0.00030770134692084244, 6.343157100000099
3249.90452595339, 0.00030770134692084244, 6.3436461999999665
3249.90452595339, 0.00030770134692084244, 6.344107599999916
3249.90452595339, 0.00030770134692084244, 6.344562100000076
3249.90452595339, 0.00030770134692084244, 6.345024799999919
3249.90452595339, 0.00030665196317064124, 6.345485699999699
3249.90452595339, 0.00030744906117025734, 6.3459468000000925
3249.90452595339, 0.00030770134692084244, 6.346501099999841
3249.90452595339, 0.00030770134692084244, 6.347110900000189
3249.90452595339, 0.00030770134692084244, 6.347865499999898
3249.90452595339, 0.00030770134692084244, 6.348322499999995
3249.90452595339, 0.00030770134692084244, 6.348780100000113
3249.90452595339, 0.00030770134692084244, 6.349344400000518
3249.90452595339, 0.00030770134692084244, 6.34980429999996
3249.90452595339, 0.00030770134692084244, 6.350293500000589
3249.90452595339, 0.00030770134692084244, 6.350784199999907
3249.90452595339, 0.00030770134692084244, 6.3512391000003845
3249.90452595339, 0.00030770134692084244, 6.351701300000059
3249.90452595339, 0.00030770134692084244, 6.352163999999902
3249.90452595339, 0.00030770134692084244, 6.352619500000401
3249.90452595339, 0.00030770134692084244, 6.353077100000519
3249.90452595339, 0.00030770134692084244, 6.353531400000065
3249.90452595339, 0.00030770134692084244, 6.354100399999879
3249.90452595339, 0.00030770134692084244, 6.354558799999722
3249.90452595339, 0.00030770134692084244, 6.355019100000391
3249.90452595339, 0.00030770134692084244, 6.355472899999768
3249.90452595339, 0.00030770134692084244, 6.3559345000003304
3249.90452595339, 0.00030770134692084244, 6.356396700000005
3249.90452595339, 0.00030770134692084244, 6.356858699999975
3249.90452595339, 0.00030770134692084244, 6.357456900000216
3249.90452595339, 0.00030770134692084244, 6.357930799999849
3249.90452595339, 0.00030770134692084244, 6.358410200000435
3249.90452595339, 0.00030770134692084244, 6.358865899999728
3249.90452595339, 0.00030770134692084244, 6.359429199999795
3249.90452595339, 0.00030770134692084244, 6.3598854000001666
3249.90452595339, 0.00030770134692084244, 6.360346600000412
3249.90452595339, 0.00030770134692084244, 6.360802700000022
3249.90452595339, 0.00030770134692084244, 6.361370700000407
3249.90452595339, 0.00030770134692084244, 6.361830100000589
3249.90452595339, 0.00030770134692084244, 6.36228680000022
3249.90452595339, 0.00030770134692084244, 6.36274130000038
3249.90452595339, 0.00030770134692084244, 6.363200200000392
3249.90452595339, 0.00030770134692084244, 6.363660200000595
3249.90452595339, 0.00030770134692084244, 6.364116400000057
3249.90452595339, 0.00030770134692084244, 6.364571199999773
3249.90452595339, 0.00030770134692084244, 6.365064999999959
3249.90452595339, 0.00030770134692084244, 6.365555600000334
3249.90452595339, 0.00030770134692084244, 6.366011199999775
3249.90452595339, 0.00030770134692084244, 6.366470099999788
3249.90452595339, 0.00030770134692084244, 6.36693170000035
3249.90452595339, 0.00030770134692084244, 6.3676353000000745
3249.90452595339, 0.00030770134692084244, 6.368479800000387
3249.90452595339, 0.00030770134692084244, 6.369008399999984
3249.90452595339, 0.00030770134692084244, 6.369572600000538
3249.90452595339, 0.00030770134692084244, 6.370028299999831
3249.90452595339, 0.00030770134692084244, 6.370494700000563
3249.90452595339, 0.00030770134692084244, 6.370956300000216
3249.90452595339, 0.00030770134692084244, 6.371411799999805
3249.90452595339, 0.00030770134692084244, 6.371867200000452
3249.90452595339, 0.00030770134692084244, 6.372358499999791
3249.90452595339, 0.00030770134692084244, 6.372943700000178
3249.90452595339, 0.00030770134692084244, 6.373614500000258
3249.90452595339, 0.00030770134692084244, 6.3742440000005445
3249.90452595339, 0.00030770134692084244, 6.374707800000579
3249.90452595339, 0.00030770134692084244, 6.3751546000003145
3249.90452595339, 0.00030770134692084244, 6.376099699999941
3249.90452595339, 0.00030770134692084244, 6.37666580000041
3249.90452595339, 0.00030770134692084244, 6.377454399999806
3249.90452595339, 0.00030770134692084244, 6.378385699999853
3249.90452595339, 0.00030770134692084244, 6.378940000000512
3249.90452595339, 0.00030770134692084244, 6.379719800000203
3249.90452595339, 0.00030770134692084244, 6.381135200000244
3249.90452595339, 0.00030770134692084244, 6.382100599999831
3249.90452595339, 0.00030770134692084244, 6.38305180000043
3249.90452595339, 0.00030770134692084244, 6.383683699999892
3249.90452595339, 0.00030770134692084244, 6.384234600000127
3249.90452595339, 0.00030770134692084244, 6.38478380000015
3249.90452595339, 0.00030770134692084244, 6.385350900000049
3249.90452595339, 0.00030770134692084244, 6.385912400000052
3249.90452595339, 0.00030770134692084244, 6.386471700000584
3249.90452595339, 0.00030770134692084244, 6.387033300000439
3249.90452595339, 0.00030770134692084244, 6.38769400000001
3249.90452595339, 0.00030770134692084244, 6.388675799999874
3249.90452595339, 0.00030770134692084244, 6.389690699999846
3249.90452595339, 0.00030770134692084244, 6.390256399999998
3249.90452595339, 0.00030770134692084244, 6.390882599999713
3249.90452595339, 0.00030770134692084244, 6.3914417000005415
3249.90452595339, 0.00030770134692084244, 6.392001100000016
3249.90452595339, 0.00030770134692084244, 6.392571399999724
3249.90452595339, 0.00030770134692084244, 6.393131700000595
3249.90452595339, 0.00030770134692084244, 6.393696600000112
3249.90452595339, 0.00030770134692084244, 6.3942603000004965
3249.90452595339, 0.00030770134692084244, 6.394825800000035
3249.90452595339, 0.00030705997032798836, 6.395393100000547
3249.90452595339, 0.00030770134692084244, 6.395936300000358
3249.90452595339, 0.00030770134692084244, 6.396493700000065
3249.90452595339, 0.00030770134692084244, 6.397040599999855
3249.90452595339, 0.00030770134692084244, 6.397672400000374
3249.90452595339, 0.00030770134692084244, 6.398336299999755
3249.90452595339, 0.00030770134692084244, 6.398881900000561
3249.90452595339, 0.00030770134692084244, 6.399425399999927
3249.90452595339, 0.00030770134692084244, 6.400127599999905
3249.90452595339, 0.00030770134692084244, 6.400685900000099
3249.90452595339, 0.00030770134692084244, 6.401237400000355
3249.90452595339, 0.00030770134692084244, 6.401822200000424
3249.90452595339, 0.00030770134692084244, 6.40241530000003
3249.90452595339, 0.00030770134692084244, 6.402965899999799
3249.90452595339, 0.00030770134692084244, 6.403512900000351
3249.90452595339, 0.00030770134692084244, 6.404062800000247
3249.90452595339, 0.00030770134692084244, 6.404611800000566
3249.90452595339, 0.00030770134692084244, 6.405180499999915
3249.90452595339, 0.00030770134692084244, 6.405817599999864
3249.90452595339, 0.00030770134692084244, 6.4063646000004155
3249.90452595339, 0.00030770134692084244, 6.406909999999698
3249.90452595339, 0.00030770134692084244, 6.40745810000044
3249.90452595339, 0.0003063094972787123, 6.408151700000417
3249.90452595339, 0.00030770134692084244, 6.4087148999997225
3249.90452595339, 0.00030770134692084244, 6.409302500000194
3249.90452595339, 0.00030770134692084244, 6.409999000000425
3249.90452595339, 0.00030770134692084244, 6.410547399999814
3249.90452595339, 0.00030770134692084244, 6.411093100000471
3249.90452595339, 0.00030770134692084244, 6.41164099999969
3249.90452595339, 0.00030770134692084244, 6.412191600000369
3249.90452595339, 0.00030770134692084244, 6.412848800000575
3249.90452595339, 0.00030770134692084244, 6.413393499999984
3249.90452595339, 0.00030770134692084244, 6.413945600000261
3249.90452595339, 0.00030770134692084244, 6.414491499999713
3249.90452595339, 0.00030770134692084244, 6.415034700000433
3249.90452595339, 0.00030770134692084244, 6.4155854000000545
3249.90452595339, 0.00030770134692084244, 6.416133200000331
3249.90452595339, 0.00030770134692084244, 6.416851200000565
3249.90452595339, 0.00030770134692084244, 6.417449200000192
3249.90452595339, 0.00030770134692084244, 6.418108599999869
3249.90452595339, 0.00030770134692084244, 6.418654400000378
3249.90452595339, 0.00030770134692084244, 6.419201599999724
3249.90452595339, 0.00030770134692084244, 6.419771900000342
3249.90452595339, 0.00030770134692084244, 6.420412899999974
3249.90452595339, 0.00030770134692084244, 6.420958100000462
3249.90452595339, 0.00030770134692084244, 6.421504599999935
3249.90452595339, 0.00030770134692084244, 6.422055
3249.90452595339, 0.00030770134692084244, 6.422599700000319
3249.90452595339, 0.00030770134692084244, 6.423143799999707
3249.90452595339, 0.00030770134692084244, 6.423727100000178
3249.90452595339, 0.00030770134692084244, 6.424305999999888
3249.90452595339, 0.00030770134692084244, 6.424851800000397
3249.90452595339, 0.00030770134692084244, 6.4253967000004195
3249.90452595339, 0.00030770134692084244, 6.425946000000295
3249.90452595339, 0.0003057481485941508, 6.426494199999979
3249.90452595339, 0.0003057481485941508, 6.427044799999749
3249.90452595339, 0.00030770134692084244, 6.427699900000334
3249.90452595339, 0.00030770134692084244, 6.428354200000285
3249.90452595339, 0.00030770134692084244, 6.428904100000182
3249.90452595339, 0.00030770134692084244, 6.4294636000004175
3249.90452595339, 0.00030770134692084244, 6.430012499999975
3249.90452595339, 0.00030770134692084244, 6.430665500000032
3249.90452595339, 0.00030770134692084244, 6.431248500000038
3249.90452595339, 0.00030770134692084244, 6.431828300000234
3249.90452595339, 0.00030770134692084244, 6.432372100000066
3249.90452595339, 0.00030770134692084244, 6.432919500000025
3249.90452595339, 0.00030770134692084244, 6.433463999999731
3249.90452595339, 0.00030770134692084244, 6.434008700000049
3249.90452595339, 0.00030770134692084244, 6.434573399999863
3249.90452595339, 0.00030770134692084244, 6.435210200000256
3249.90452595339, 0.00030770134692084244, 6.43575250000049
3249.90452595339, 0.00030770134692084244, 6.4362960999997085
3249.90452595339, 0.00030770134692084244, 6.436846200000218
3249.90452595339, 0.00030770134692084244, 6.437391200000093
3249.90452595339, 0.00030770134692084244, 6.4379358000005595
3249.90452595339, 0.00030770134692084244, 6.438566400000127
3249.90452595339, 0.00030770134692084244, 6.439149200000429
3249.90452595339, 0.00030770134692084244, 6.439694700000473
3249.90452595339, 0.00030770134692084244, 6.440238099999988
3249.90452595339, 0.00030770134692084244, 6.440989300000183
3249.90452595339, 0.00030770134692084244, 6.441554300000462
3249.90452595339, 0.00030770134692084244, 6.442195800000263
3249.90452595339, 0.00030770134692084244, 6.442758600000161
3249.90452595339, 0.00030770134692084244, 6.4433060999999725
3249.90452595339, 0.00030770134692084244, 6.443856500000038
3249.90452595339, 0.00030770134692084244, 6.444403299999976
3249.90452595339, 0.00030770134692084244, 6.444949599999745
3249.90452595339, 0.00030770134692084244, 6.445496600000297
3249.90452595339, 0.00030770134692084244, 6.446074999999837
3249.90452595339, 0.00030770134692084244, 6.446661099999801
3249.90452595339, 0.00030770134692084244, 6.447209599999951
3249.90452595339, 0.00030770134692084244, 6.447755799999868
3249.90452595339, 0.00030770134692084244, 6.44830230000025
3249.90452595339, 0.00030770134692084244, 6.449256200000491
3249.90452595339, 0.00030770134692084244, 6.450300900000002
3249.90452595339, 0.00030770134692084244, 6.451040599999942
3249.90452595339, 0.00030770134692084244, 6.451591000000008
3249.90452595339, 0.00030770134692084244, 6.45213909999984
3249.90452595339, 0.00030770134692084244, 6.452688299999863
3249.90452595339, 0.00030770134692084244, 6.4532688999997845
3249.90452595339, 0.00030770134692084244, 6.453852900000129
3249.90452595339, 0.00030770134692084244, 6.454401300000427
3249.90452595339, 0.00030770134692084244, 6.4549486000005345
3249.90452595339, 0.00030770134692084244, 6.455497699999796
3249.90452595339, 0.00030770134692084244, 6.456049200000052
3249.90452595339, 0.0003065713524748795, 6.456619800000226
3249.90452595339, 0.00030770134692084244, 6.457260000000133
3249.90452595339, 0.00030770134692084244, 6.457806100000198
3249.90452595339, 0.00030770134692084244, 6.458357800000158
3249.90452595339, 0.00030770134692084244, 6.459026399999857
3249.90452595339, 0.00030770134692084244, 6.459572900000239
3249.90452595339, 0.00030770134692084244, 6.460121400000389
3249.90452595339, 0.00030770134692084244, 6.46076340000036
3249.90452595339, 0.00030770134692084244, 6.46140110000033
3249.90452595339, 0.00030690294192185953, 6.4619510000002265
3249.90452595339, 0.00030770134692084244, 6.4624940000003335
3249.90452595339, 0.00030770134692084244, 6.463044500000251
3249.90452595339, 0.00030770134692084244, 6.463592099999914
3249.90452595339, 0.00030644856799992765, 6.464237299999695
3249.90452595339, 0.00030770134692084244, 6.464796600000227
3249.90452595339, 0.00030770134692084244, 6.465343800000483
3249.90452595339, 0.00030770134692084244, 6.465893000000506
3249.90452595339, 0.00030770134692084244, 6.46644120000019
3249.90452595339, 0.00030770134692084244, 6.466991600000256
3249.90452595339, 0.00030770134692084244, 6.467537600000469
3249.90452595339, 0.00030770134692084244, 6.468116900000496
3249.90452595339, 0.00030770134692084244, 6.468698499999846
3249.90452595339, 0.00030770134692084244, 6.46969640000043
3249.90452595339, 0.00030770134692084244, 6.470655400000396
3249.90452595339, 0.00030770134692084244, 6.471510800000033
3249.90452595339, 0.00030770134692084244, 6.4720781000005445
3249.90452595339, 0.00030770134692084244, 6.472625200000039
3249.90452595339, 0.00030770134692084244, 6.473172400000294
3249.90452595339, 0.00030770134692084244, 6.473718600000211
3249.90452595339, 0.00030770134692084244, 6.474268200000552
3249.90452595339, 0.00030770134692084244, 6.474810900000193
3249.90452595339, 0.00030770134692084244, 6.47539130000041
3249.90452595339, 0.00030770134692084244, 6.475974099999803
3249.90452595339, 0.00030770134692084244, 6.476520500000333
3249.90452595339, 0.00030770134692084244, 6.477065199999743
3249.90452595339, 0.00030770134692084244, 6.477611100000104
3249.90452595339, 0.00030770134692084244, 6.4781557000005705
3249.90452595339, 0.00030770134692084244, 6.478815999999824
3249.90452595339, 0.00030770134692084244, 6.479478100000051
3249.90452595339, 0.00030770134692084244, 6.480033200000435
3249.90452595339, 0.00030770134692084244, 6.48058409999976
3249.90452595339, 0.00030770134692084244, 6.481246800000008
3249.90452595339, 0.0003063351846625041, 6.481803499999842
3249.90452595339, 0.00030770134692084244, 6.4823765000001
3249.90452595339, 0.00030770134692084244, 6.482958499999768
3249.90452595339, 0.00030770134692084244, 6.483527500000491
3249.90452595339, 0.00030770134692084244, 6.484082800000579
3249.90452595339, 0.00030770134692084244, 6.484662200000457
3249.90452595339, 0.00030770134692084244, 6.48520869999993
3249.90452595339, 0.00030770134692084244, 6.4858125000000655
3249.90452595339, 0.00030770134692084244, 6.48666300000059
3249.90452595339, 0.00030770134692084244, 6.4874588000002404
3249.90452595339, 0.00030770134692084244, 6.4890486000003875
3249.90452595339, 0.00030770134692084244, 6.4913329999999405
3249.90452595339, 0.00030770134692084244, 6.493442500000128
3249.90452595339, 0.00030770134692084244, 6.494870399999854
3249.90452595339, 0.00030770134692084244, 6.496336700000029
3249.90452595339, 0.00030770134692084244, 6.497449700000288
3249.90452595339, 0.00030770134692084244, 6.498158899999908
3249.90452595339, 0.00030770134692084244, 6.499641399999746
3249.90452595339, 0.00030700957950421156, 6.5004964999998265
3249.90452595339, 0.00030770134692084244, 6.501406299999871
3249.90452595339, 0.00030770134692084244, 6.502030000000559
3249.90452595339, 0.00030770134692084244, 6.5026121999999305
3249.90452595339, 0.00030770134692084244, 6.503158600000461
3249.90452595339, 0.00030770134692084244, 6.503830200000266
3249.90452595339, 0.00030770134692084244, 6.504381300000205
3249.90452595339, 0.00030770134692084244, 6.504966000000422
3249.90452595339, 0.00030770134692084244, 6.505582700000559
3249.90452595339, 0.00030770134692084244, 6.5061327000003075
3249.90452595339, 0.00030770134692084244, 6.506716400000187
3249.90452595339, 0.00030770134692084244, 6.507367700000032
3249.90452595339, 0.00030770134692084244, 6.50795190000008
3249.90452595339, 0.00030770134692084244, 6.508614000000307
3249.90452595339, 0.00030770134692084244, 6.509160100000372
3249.90452595339, 0.00030770134692084244, 6.509781200000361
3249.90452595339, 0.00030770134692084244, 6.510326499999792
3249.90452595339, 0.00030770134692084244, 6.510906600000453
3249.90452595339, 0.00030770134692084244, 6.511471900000288
3249.90452595339, 0.00030770134692084244, 6.512106799999856
3249.90452595339, 0.00030770134692084244, 6.512692799999968
3249.90452595339, 0.00030770134692084244, 6.513237300000583
3249.90452595339, 0.00030770134692084244, 6.513934600000539
3249.90452595339, 0.00030770134692084244, 6.514754800000446
3249.90452595339, 0.00030770134692084244, 6.515442599999915
3249.90452595339, 0.00030770134692084244, 6.516074400000434
3249.90452595339, 0.00030770134692084244, 6.516658700000335
3249.90452595339, 0.00030770134692084244, 6.5172048000004
3249.90452595339, 0.00030770134692084244, 6.517787900000258
3249.90452595339, 0.00030770134692084244, 6.518334000000323
3249.90452595339, 0.00030770134692084244, 6.518918300000223
3249.90452595339, 0.00030770134692084244, 6.51960229999986
3249.90452595339, 0.00030770134692084244, 6.520193299999846
3249.90452595339, 0.00030770134692084244, 6.520780900000318
3249.90452595339, 0.00030770134692084244, 6.521334600000046
3249.90452595339, 0.00030770134692084244, 6.521952300000521
3249.90452595339, 0.00030770134692084244, 6.522533899999871
3249.90452595339, 0.00030770134692084244, 6.523192800000288
3249.90452595339, 0.00030770134692084244, 6.523775900000146
3249.90452595339, 0.00030770134692084244, 6.524322600000232
3249.90452595339, 0.00030770134692084244, 6.524908100000175
3249.90452595339, 0.00030770134692084244, 6.525496600000224
3249.90452595339, 0.00030770134692084244, 6.526043099999697
3249.90452595339, 0.00030770134692084244, 6.5266606000004685
3249.90452595339, 0.00030770134692084244, 6.527246100000411
3249.90452595339, 0.00030770134692084244, 6.527834100000291
3249.90452595339, 0.00030770134692084244, 6.528381300000547
3249.90452595339, 0.00030770134692084244, 6.528961600000002
3249.90452595339, 0.00030770134692084244, 6.529588000000331
3249.90452595339, 0.00030770134692084244, 6.530155200000081
3249.90452595339, 0.00030770134692084244, 6.530883399999766
3249.90452595339, 0.00030770134692084244, 6.531510400000116
3249.90452595339, 0.00030770134692084244, 6.532059500000287
3249.90452595339, 0.00030770134692084244, 6.532639000000017
3249.90452595339, 0.00030770134692084244, 6.533189300000231
3249.90452595339, 0.00030770134692084244, 6.533770699999877
3249.90452595339, 0.00030770134692084244, 6.534352000000581
3249.90452595339, 0.00030770134692084244, 6.534934299999804
3249.90452595339, 0.00030770134692084244, 6.535544200000004
3249.90452595339, 0.00030770134692084244, 6.536102799999753
3249.90452595339, 0.00030770134692084244, 6.536682400000245
3249.90452595339, 0.00030770134692084244, 6.537232700000459
3249.90452595339, 0.00030770134692084244, 6.537893900000199
3249.90452595339, 0.00030770134692084244, 6.5384751000001415
3249.90452595339, 0.00030770134692084244, 6.539023799999995
3249.90452595339, 0.00030770134692084244, 6.539642900000217
3249.90452595339, 0.00030770134692084244, 6.540194799999881
3249.90452595339, 0.00030770134692084244, 6.540775399999802
3249.90452595339, 0.00030770134692084244, 6.541490499999782
3249.90452595339, 0.00030770134692084244, 6.5421040999999605
3249.90452595339, 0.00030770134692084244, 6.542705099999694
3249.90452595339, 0.0003072823684242308, 6.543260200000077
3249.90452595339, 0.00030770134692084244, 6.543843700000252
3249.90452595339, 0.00030770134692084244, 6.54442250000011
3249.90452595339, 0.00030770134692084244, 6.545068000000356
3249.90452595339, 0.00030770134692084244, 6.545663599999898
3249.90452595339, 0.00030770134692084244, 6.546211200000471
3249.90452595339, 0.00030770134692084244, 6.546794300000329
3249.90452595339, 0.00030770134692084244, 6.547447300000385
3249.90452595339, 0.00030770134692084244, 6.547998600000028
3249.90452595339, 0.00030770134692084244, 6.548687299999983
3249.90452595339, 0.00030770134692084244, 6.549261199999819
3249.90452595339, 0.00030770134692084244, 6.549861399999827
3249.90452595339, 0.00030770134692084244, 6.550444700000298
3249.90452595339, 0.00030770134692084244, 6.5510003999997934
3249.90452595339, 0.00030770134692084244, 6.5516222000005655
3249.90452595339, 0.00030770134692084244, 6.552188800000295
3249.90452595339, 0.00030770134692084244, 6.552825900000244
3249.90452595339, 0.00030770134692084244, 6.553377299999738
3249.90452595339, 0.00030770134692084244, 6.5539238000001205
3249.90452595339, 0.00030770134692084244, 6.554471100000228
3249.90452595339, 0.00030770134692084244, 6.555020599999807
3249.90452595339, 0.00030770134692084244, 6.555565900000147
3249.90452595339, 0.00030770134692084244, 6.556148600000597
3249.90452595339, 0.00030770134692084244, 6.556731800000307
3249.90452595339, 0.00030770134692084244, 6.557275899999695
3249.90452595339, 0.00030770134692084244, 6.5578199000001405
3249.90452595339, 0.00030770134692084244, 6.55836569999974
3249.90452595339, 0.00030770134692084244, 6.558913400000165
3249.90452595339, 0.00030770134692084244, 6.559480300000359
3249.90452595339, 0.00030770134692084244, 6.560099799999989
3249.90452595339, 0.00030770134692084244, 6.5606494000003295
3249.90452595339, 0.00030770134692084244, 6.561201700000311
3249.90452595339, 0.00030770134692084244, 6.561855699999796
3249.90452595339, 0.00030770134692084244, 6.562401700000009
3249.90452595339, 0.00030770134692084244, 6.562950100000307
3249.90452595339, 0.00030770134692084244, 6.563529000000017
3249.90452595339, 0.00030770134692084244, 6.564184200000454
3249.90452595339, 0.00030770134692084244, 6.56473460000052
3249.90452595339, 0.00030770134692084244, 6.56527879999976
3249.90452595339, 0.00030770134692084244, 6.565829400000439
3249.90452595339, 0.00030770134692084244, 6.566425300000446
3249.90452595339, 0.00030770134692084244, 6.567002400000092
3249.90452595339, 0.00030770134692084244, 6.567638999999872
3249.90452595339, 0.00030770134692084244, 6.568188299999747
3249.90452595339, 0.00030770134692084244, 6.568834800000332
3249.90452595339, 0.00030770134692084244, 6.569623100000172
3249.90452595339, 0.00030770134692084244, 6.5704476000000795
3249.90452595339, 0.00030770134692084244, 6.571103100000073
3249.90452595339, 0.00030770134692084244, 6.571716000000379
3249.90452595339, 0.00030770134692084244, 6.572351800000433
3249.90452595339, 0.00030770134692084244, 6.572905799999717
3249.90452595339, 0.00030770134692084244, 6.573453300000438
3249.90452595339, 0.00030770134692084244, 6.574000600000545
3249.90452595339, 0.00030770134692084244, 6.574661399999968
3249.90452595339, 0.00030770134692084244, 6.575211700000182
3249.90452595339, 0.00030770134692084244, 6.575758300000416
3249.90452595339, 0.00030770134692084244, 6.576305499999762
3249.90452595339, 0.00030770134692084244, 6.576851499999975
3249.90452595339, 0.00030770134692084244, 6.577393800000209
3249.90452595339, 0.00030770134692084244, 6.577959500000361
3249.90452595339, 0.00030770134692084244, 6.578542400000515
3249.90452595339, 0.00030770134692084244, 6.579101500000434
3249.90452595339, 0.00030770134692084244, 6.579645599999822
3249.90452595339, 0.00030770134692084244, 6.580302999999731
3249.90452595339, 0.00030770134692084244, 6.580924900000355
3249.90452595339, 0.00030770134692084244, 6.581470300000547
3249.90452595339, 0.00030770134692084244, 6.582210399999894
3249.90452595339, 0.00030770134692084244, 6.582762900000489
3249.90452595339, 0.00030770134692084244, 6.583307300000342
3249.90452595339, 0.00030770134692084244, 6.583852499999921
3249.90452595339, 0.00030770134692084244, 6.584406200000558
3249.90452595339, 0.00030770134692084244, 6.584952700000031
3249.90452595339, 0.00030770134692084244, 6.585535700000037
3249.90452595339, 0.00030770134692084244, 6.586119200000212
3249.90452595339, 0.00030770134692084244, 6.586667700000362
3249.90452595339, 0.00030770134692084244, 6.587212399999771
3249.90452595339, 0.00030770134692084244, 6.587758499999836
3249.90452595339, 0.00030770134692084244, 6.588307900000473
3249.90452595339, 0.00030770134692084244, 6.5888544999997976
3249.90452595339, 0.00030770134692084244, 6.5895101000005525
3249.90452595339, 0.00030770134692084244, 6.590060100000301
3249.90452595339, 0.00030770134692084244, 6.590817100000095
3249.90452595339, 0.00030770134692084244, 6.591362099999969
3249.90452595339, 0.00030770134692084244, 6.59191329999976
3249.90452595339, 0.00030770134692084244, 6.592566700000134
3249.90452595339, 0.00030770134692084244, 6.593151199999738
3249.90452595339, 0.00030770134692084244, 6.593735100000231
3249.90452595339, 0.00030770134692084244, 6.594279400000232
3249.90452595339, 0.00030770134692084244, 6.594827099999748
3249.90452595339, 0.00030770134692084244, 6.595370900000489
3249.90452595339, 0.00030770134692084244, 6.595924199999899
3249.90452595339, 0.00030770134692084244, 6.596492599999692
3249.90452595339, 0.00030770134692084244, 6.597163700000237
3249.90452595339, 0.00030770134692084244, 6.597773500000585
3249.90452595339, 0.00030770134692084244, 6.5983814000001075
3249.90452595339, 0.00030770134692084244, 6.598925799999961
3249.90452595339, 0.00030770134692084244, 6.599469300000237
3249.90452595339, 0.00030770134692084244, 6.600036800000453
3249.90452595339, 0.00030770134692084244, 6.600712600000406
3249.90452595339, 0.00030770134692084244, 6.601263200000176
3249.90452595339, 0.00030770134692084244, 6.60181139999986
3249.90452595339, 0.00030770134692084244, 6.602423999999701
3249.90452595339, 0.00030770134692084244, 6.6029859999998735
3249.90452595339, 0.00030770134692084244, 6.603538399999707
3249.90452595339, 0.00030770134692084244, 6.604201900000589
3247.039928495763, 0.000307972806624298, 6.604753000000528
3247.039928495763, 0.000307972806624298, 6.605300700000043
3247.039928495763, 0.000307972806624298, 6.605855800000427
3247.039928495763, 0.000307972806624298, 6.606402500000513
3247.039928495763, 0.000307972806624298, 6.606948900000134
3247.039928495763, 0.000307972806624298, 6.607532300000457
3247.039928495763, 0.000307972806624298, 6.6081106999999975
3247.039928495763, 0.000307972806624298, 6.608653299999787
3247.039928495763, 0.000307972806624298, 6.609202900000128
3247.039928495763, 0.000307972806624298, 6.609747900000002
3247.039928495763, 0.000307972806624298, 6.610290800000257
3247.039928495763, 0.000307972806624298, 6.610956000000442
3247.039928495763, 0.000307972806624298, 6.611601000000519
3247.039928495763, 0.000307972806624298, 6.612147200000436
3247.039928495763, 0.000307972806624298, 6.612800900000366
3247.039928495763, 0.000307972806624298, 6.613350300000093
3247.039928495763, 0.000307972806624298, 6.613928900000246
3247.039928495763, 0.000307972806624298, 6.614473399999952
3247.039928495763, 0.000307972806624298, 6.615056900000127
3247.039928495763, 0.000307972806624298, 6.615639499999816
3247.039928495763, 0.000307972806624298, 6.616181800000049
3247.039928495763, 0.000307972806624298, 6.61672980000003
3247.039928495763, 0.000307972806624298, 6.6172794000003705
3247.039928495763, 0.000307972806624298, 6.617824400000245
3247.039928495763, 0.000307972806624298, 6.618392500000482
3247.039928495763, 0.000307972806624298, 6.619034600000305
3247.039928495763, 0.000307972806624298, 6.619586200000413
3247.039928495763, 0.000307972806624298, 6.620137400000203
3247.039928495763, 0.000307972806624298, 6.620802999999796
3247.039928495763, 0.000307972806624298, 6.621353399999862
3247.039928495763, 0.000307972806624298, 6.621901499999694
3247.039928495763, 0.000307972806624298, 6.622480600000017
3247.039928495763, 0.000307972806624298, 6.623180000000502
3247.039928495763, 0.000307972806624298, 6.623743300000569
3238.4461361228814, 0.00030879006720093723, 6.624347800000578
3238.4461361228814, 0.00030879006720093723, 6.624989599999935
3238.4461361228814, 0.00030879006720093723, 6.625571200000195
3238.4461361228814, 0.000307972806624298, 6.626233400000274
3238.4461361228814, 0.000307972806624298, 6.627104199999849
3238.4461361228814, 0.000307972806624298, 6.627845300000445
3238.4461361228814, 0.000307972806624298, 6.629124400000364
3238.4461361228814, 0.00030879006720093723, 6.629901700000119
3238.4461361228814, 0.000307972806624298, 6.630845300000146
3238.4461361228814, 0.00030879006720093723, 6.6315599999998085
3238.4461361228814, 0.00030879006720093723, 6.632199599999694
3238.4461361228814, 0.00030879006720093723, 6.632792700000209
3238.4461361228814, 0.00030879006720093723, 6.633444400000371
3238.4461361228814, 0.00030879006720093723, 6.634185699999762
3238.4461361228814, 0.00030879006720093723, 6.635067299999719
3238.4461361228814, 0.00030879006720093723, 6.636743900000511
3238.4461361228814, 0.00030879006720093723, 6.637544799999887
3238.4461361228814, 0.00030879006720093723, 6.638102200000503
3238.4461361228814, 0.00030879006720093723, 6.638686899999811
3238.4461361228814, 0.00030879006720093723, 6.63928020000003
3238.4461361228814, 0.00030879006720093723, 6.639833400000498
3238.4461361228814, 0.00030879006720093723, 6.640438399999766
3238.4461361228814, 0.00030879006720093723, 6.641145800000231
3238.4461361228814, 0.00030879006720093723, 6.641790200000287
3238.4461361228814, 0.00030879006720093723, 6.642370000000483
3238.4461361228814, 0.00030879006720093723, 6.642921800000295
3238.4461361228814, 0.00030879006720093723, 6.643541800000094
3238.4461361228814, 0.00030879006720093723, 6.64408850000018
3238.4461361228814, 0.00030879006720093723, 6.6446756000004825
3238.4461361228814, 0.00030879006720093723, 6.6453646999998455
3238.4461361228814, 0.00030879006720093723, 6.64610040000025
3238.4461361228814, 0.00030879006720093723, 6.646692100000109
3238.4461361228814, 0.00030879006720093723, 6.647407899999962
3238.4461361228814, 0.00030879006720093723, 6.64863030000015
3238.4461361228814, 0.00030879006720093723, 6.649984599999698
3238.4461361228814, 0.00030879006720093723, 6.650647500000559
3238.4461361228814, 0.00030879006720093723, 6.651264000000083
3238.4461361228814, 0.00030879006720093723, 6.651875200000177
3238.4461361228814, 0.00030879006720093723, 6.652466100000311
3238.4461361228814, 0.00030879006720093723, 6.653019700000186
3238.4461361228814, 0.00030879006720093723, 6.653641200000493
3238.4461361228814, 0.00030879006720093723, 6.654214899999715
3238.4461361228814, 0.00030879006720093723, 6.654777100000501
3238.4461361228814, 0.00030879006720093723, 6.655428699999902
3238.4461361228814, 0.00030879006720093723, 6.655994400000054
3238.4461361228814, 0.00030879006720093723, 6.656576700000187
3238.4461361228814, 0.00030879006720093723, 6.657127399999808
3238.4461361228814, 0.00030879006720093723, 6.657709000000068
3238.4461361228814, 0.00030879006720093723, 6.658289799999693
3238.4461361228814, 0.00030879006720093723, 6.658857200000057
3238.4461361228814, 0.00030879006720093723, 6.659478800000215
3238.4461361228814, 0.00030879006720093723, 6.660037300000113
3238.4461361228814, 0.00030879006720093723, 6.660620300000119
3238.4461361228814, 0.00030879006720093723, 6.661211900000126
3238.4461361228814, 0.00030879006720093723, 6.661975699999857
3238.4461361228814, 0.00030879006720093723, 6.66263600000002
3238.4461361228814, 0.00030879006720093723, 6.663308600000164
3238.4461361228814, 0.00030879006720093723, 6.663986300000033
3238.4461361228814, 0.00030879006720093723, 6.664863400000286
3238.4461361228814, 0.00030879006720093723, 6.665513900000406
3238.4461361228814, 0.00030879006720093723, 6.6660634999998365
3238.4461361228814, 0.00030879006720093723, 6.666646200000287
3238.4461361228814, 0.00030879006720093723, 6.667271000000255
3238.4461361228814, 0.00030879006720093723, 6.66781760000049
3238.4461361228814, 0.00030879006720093723, 6.668399299999692
3238.4461361228814, 0.00030879006720093723, 6.668948399999863
3238.4461361228814, 0.00030879006720093723, 6.66953199999989
3238.4461361228814, 0.00030879006720093723, 6.670178800000031
3238.4461361228814, 0.00030879006720093723, 6.670743000000584
3238.4461361228814, 0.00030879006720093723, 6.671367200000532
3238.4461361228814, 0.00030879006720093723, 6.671919999999773
3238.4461361228814, 0.00030879006720093723, 6.672506800000519
3238.4461361228814, 0.00030879006720093723, 6.673053100000288
3238.4461361228814, 0.00030879006720093723, 6.67371009999988
3238.4461361228814, 0.00030879006720093723, 6.674296199999844
3238.4461361228814, 0.00030879006720093723, 6.674849099999847
3238.4461361228814, 0.00030879006720093723, 6.6754313999999795
3238.4461361228814, 0.00030879006720093723, 6.675978500000383
3238.4461361228814, 0.00030879006720093723, 6.676563900000474
3238.4461361228814, 0.00030879006720093723, 6.677110900000116
3238.4461361228814, 0.00030879006720093723, 6.678072800000336
3238.4461361228814, 0.00030879006720093723, 6.678682200000367
3238.4461361228814, 0.00030879006720093723, 6.679267000000436
3238.4461361228814, 0.00030879006720093723, 6.679816099999698
3238.4461361228814, 0.00030879006720093723, 6.680444900000111
3238.4461361228814, 0.00030879006720093723, 6.681184900000517
3238.4461361228814, 0.00030879006720093723, 6.681772699999783
3238.4461361228814, 0.00030879006720093723, 6.68235470000036
3238.4461361228814, 0.00030879006720093723, 6.682908800000405
3238.4461361228814, 0.00030879006720093723, 6.68352700000014
3238.4461361228814, 0.00030879006720093723, 6.684075600000142
3238.4461361228814, 0.00030879006720093723, 6.684767100000499
3238.4461361228814, 0.00030879006720093723, 6.6853681000002325
3238.4461361228814, 0.00030879006720093723, 6.685915000000023
3238.4461361228814, 0.00030879006720093723, 6.686501000000135
3238.4461361228814, 0.00030879006720093723, 6.6870490000001155
3238.4461361228814, 0.00030879006720093723, 6.687664699999914
3238.4461361228814, 0.00030879006720093723, 6.6882745000002615
3238.4461361228814, 0.00030879006720093723, 6.688858000000437
3238.4461361228814, 0.00030879006720093723, 6.689654900000278
3238.4461361228814, 0.00030879006720093723, 6.690405700000156
3238.4461361228814, 0.00030879006720093723, 6.691001500000311
3238.4461361228814, 0.0003080516302641521, 6.691622199999983
3238.4461361228814, 0.00030879006720093723, 6.6922645000004195
3238.4461361228814, 0.00030879006720093723, 6.692818200000147
3238.4461361228814, 0.00030879006720093723, 6.693455999999969
3238.4461361228814, 0.00030879006720093723, 6.69400510000014
3238.4461361228814, 0.00030879006720093723, 6.69456160000027
3238.4461361228814, 0.00030879006720093723, 6.69511650000004
3238.4461361228814, 0.00030879006720093723, 6.6956682
3238.4461361228814, 0.00030879006720093723, 6.696340899999996
3238.4461361228814, 0.00030879006720093723, 6.696888700000272
3238.4461361228814, 0.00030879006720093723, 6.697513699999945
3238.4461361228814, 0.00030879006720093723, 6.698090699999739
3238.4461361228814, 0.00030879006720093723, 6.698654300000271
3238.4461361228814, 0.00030879006720093723, 6.699201399999765
3238.4461361228814, 0.00030879006720093723, 6.699825100000453
3238.4461361228814, 0.00030879006720093723, 6.700377600000138
3238.4461361228814, 0.00030879006720093723, 6.700922699999865
3238.4461361228814, 0.00030879006720093723, 6.701510599999892
3238.4461361228814, 0.00030879006720093723, 6.702065700000276
3238.4461361228814, 0.00030879006720093723, 6.702616499999749
3238.4461361228814, 0.00030879006720093723, 6.703185299999859
3238.4461361228814, 0.00030879006720093723, 6.703750700000455
3238.4461361228814, 0.00030879006720093723, 6.704299699999865
3238.4461361228814, 0.00030879006720093723, 6.704849499999909
3238.4461361228814, 0.00030879006720093723, 6.705401299999721
3238.4461361228814, 0.00030879006720093723, 6.705953000000591
3238.4461361228814, 0.00030879006720093723, 6.706501000000571
3238.4461361228814, 0.00030879006720093723, 6.707120900000518
3238.4461361228814, 0.00030879006720093723, 6.707668000000012
3238.4461361228814, 0.00030879006720093723, 6.708220000000438
3238.4461361228814, 0.00030879006720093723, 6.708772300000419
3238.4461361228814, 0.00030879006720093723, 6.7093227000004845
3238.4461361228814, 0.00030879006720093723, 6.709872999999789
3238.4461361228814, 0.00030879006720093723, 6.710419099999854
3238.4461361228814, 0.00030879006720093723, 6.710969499999919
3238.4461361228814, 0.00030879006720093723, 6.711763400000564
3238.4461361228814, 0.00030879006720093723, 6.712719799999832
3238.4461361228814, 0.00030879006720093723, 6.713624900000468
3238.4461361228814, 0.00030879006720093723, 6.714276200000313
3238.4461361228814, 0.00030879006720093723, 6.714828600000146
3238.4461361228814, 0.00030879006720093723, 6.715376699999979
3238.4461361228814, 0.00030879006720093723, 6.7159271000000444
3238.4461361228814, 0.00030879006720093723, 6.716475700000046
3238.4461361228814, 0.00030879006720093723, 6.717021700000259
3238.4461361228814, 0.00030879006720093723, 6.717571700000008
3238.4461361228814, 0.00030879006720093723, 6.7181172000000515
3238.4461361228814, 0.00030879006720093723, 6.718662899999799
3238.4461361228814, 0.00030879006720093723, 6.7192141000004995
3238.4461361228814, 0.00030879006720093723, 6.719762700000501
3238.4461361228814, 0.00030879006720093723, 6.720311300000503
3238.4461361228814, 0.00030879006720093723, 6.720858900000167
3238.4461361228814, 0.00030879006720093723, 6.721474599999965
3238.4461361228814, 0.00030843858404527435, 6.722039500000392
3238.4461361228814, 0.00030879006720093723, 6.722587199999907
3238.4461361228814, 0.00030879006720093723, 6.723137699999825
3238.4461361228814, 0.00030879006720093723, 6.723732100000234
3238.4461361228814, 0.00030879006720093723, 6.724278400000003
3238.4461361228814, 0.00030879006720093723, 6.724828000000343
3238.4461361228814, 0.00030879006720093723, 6.72537900000043
3238.4461361228814, 0.00030787148603722786, 6.725928699999713
3238.4461361228814, 0.00030879006720093723, 6.726480199999969
3238.4461361228814, 0.00030879006720093723, 6.727033799999845
3238.4461361228814, 0.00030879006720093723, 6.727632099999937
3238.4461361228814, 0.0003083300924582573, 6.728190100000575
3238.4461361228814, 0.00030879006720093723, 6.728803200000584
3238.4461361228814, 0.00030879006720093723, 6.729377300000124
3238.4461361228814, 0.00030879006720093723, 6.729929400000401
3238.4461361228814, 0.00030879006720093723, 6.730484599999727
3238.4461361228814, 0.00030879006720093723, 6.731033699999898
3238.4461361228814, 0.00030879006720093723, 6.731819800000267
3238.4461361228814, 0.00030879006720093723, 6.732668900000135
3238.4461361228814, 0.00030879006720093723, 6.733228199999758
3238.4461361228814, 0.00030879006720093723, 6.733780000000479
3238.4461361228814, 0.00030879006720093723, 6.7343675000001895
3238.4461361228814, 0.00030879006720093723, 6.734921000000213
3238.4461361228814, 0.00030879006720093723, 6.735468300000321
3238.4461361228814, 0.00030879006720093723, 6.73602370000026
3238.4461361228814, 0.00030787148603722786, 6.736577499999839
3238.4461361228814, 0.00030879006720093723, 6.737146600000415
3238.4461361228814, 0.00030879006720093723, 6.737696400000459
3238.4461361228814, 0.00030879006720093723, 6.738252799999827
3238.4461361228814, 0.00030879006720093723, 6.738801399999829
3238.4461361228814, 0.00030879006720093723, 6.7393504000001485
3238.4461361228814, 0.00030879006720093723, 6.739909500000067
3238.4461361228814, 0.00030741424184124207, 6.740461700000196
3238.4461361228814, 0.00030879006720093723, 6.741010599999754
3238.4461361228814, 0.00030879006720093723, 6.741564500000095
3238.4461361228814, 0.00030879006720093723, 6.7423109000001205
3238.4461361228814, 0.00030879006720093723, 6.742860500000461
3238.4461361228814, 0.00030879006720093723, 6.743408100000124
3238.4461361228814, 0.00030879006720093723, 6.743993400000363
3238.4461361228814, 0.00030879006720093723, 6.74453960000028
3238.4461361228814, 0.00030879006720093723, 6.745088499999838
3238.4461361228814, 0.00030879006720093723, 6.745637500000157
3238.4461361228814, 0.00030879006720093723, 6.746185699999842
3238.4461361228814, 0.00030879006720093723, 6.746732600000541
3238.4461361228814, 0.00030879006720093723, 6.747605399999884
3238.4461361228814, 0.00030879006720093723, 6.748163199999908
3238.4461361228814, 0.00030879006720093723, 6.748711400000502
3238.4461361228814, 0.00030879006720093723, 6.7492590000001655
3238.4461361228814, 0.00030879006720093723, 6.7498138999999355
3238.4461361228814, 0.00030879006720093723, 6.75036210000053
3238.4461361228814, 0.00030879006720093723, 6.750910300000214
3238.4461361228814, 0.00030879006720093723, 6.751460800000132
3238.4461361228814, 0.00030879006720093723, 6.752053299999716
3238.4461361228814, 0.00030879006720093723, 6.7526001000005635
3238.4461361228814, 0.00030879006720093723, 6.753154099999847
3238.4461361228814, 0.00030879006720093723, 6.7537044999999125
3238.4461361228814, 0.00030879006720093723, 6.754287100000511
3238.4461361228814, 0.00030879006720093723, 6.754834700000174
3238.4461361228814, 0.00030879006720093723, 6.755385999999817
3238.4461361228814, 0.00030879006720093723, 6.755934100000559
3238.4461361228814, 0.00030879006720093723, 6.756481200000053
3238.4461361228814, 0.00030879006720093723, 6.75703859999976
3238.4461361228814, 0.00030879006720093723, 6.757585299999846
3238.4461361228814, 0.00030879006720093723, 6.758133600000292
3238.4461361228814, 0.00030879006720093723, 6.758683900000506
3238.4461361228814, 0.00030879006720093723, 6.75923419999981
3238.4461361228814, 0.00030879006720093723, 6.759780800000044
3238.4461361228814, 0.00030879006720093723, 6.760331000000406
3238.4461361228814, 0.00030879006720093723, 6.760881700000027
3238.4461361228814, 0.00030879006720093723, 6.761427500000536
3238.4461361228814, 0.00030879006720093723, 6.762008599999717
3238.4461361228814, 0.00030879006720093723, 6.762556800000311
3238.4461361228814, 0.00030879006720093723, 6.7632487000000765
3238.4461361228814, 0.00030879006720093723, 6.763980300000185
3238.4461361228814, 0.00030879006720093723, 6.764581100000214
3238.4461361228814, 0.00030879006720093723, 6.765131400000428
3238.4461361228814, 0.00030879006720093723, 6.765680600000451
3238.4461361228814, 0.00030879006720093723, 6.76623120000022
3238.4461361228814, 0.00030879006720093723, 6.766784200000075
3238.4461361228814, 0.0003075284255136867, 6.767335300000013
3238.4461361228814, 0.00030879006720093723, 6.7680544000004375
3238.4461361228814, 0.0003077951336392753, 6.768815500000528
3238.4461361228814, 0.00030879006720093723, 6.7696507999999085
3238.4461361228814, 0.00030879006720093723, 6.770535600000585
3238.4461361228814, 0.00030879006720093723, 6.771502900000087
3238.4461361228814, 0.00030879006720093723, 6.7721839000005275
3238.4461361228814, 0.00030879006720093723, 6.772737600000255
3238.4461361228814, 0.00030879006720093723, 6.773325799999839
3238.4461361228814, 0.00030879006720093723, 6.773973800000022
3238.4461361228814, 0.00030879006720093723, 6.774518700000044
3238.4461361228814, 0.00030879006720093723, 6.775075399999878
3238.4461361228814, 0.00030879006720093723, 6.775624500000049
3238.4461361228814, 0.00030879006720093723, 6.776171200000135
3238.4461361228814, 0.00030879006720093723, 6.776724600000307
3238.4461361228814, 0.00030879006720093723, 6.777274799999759
3238.4461361228814, 0.00030879006720093723, 6.777832800000397
3238.4461361228814, 0.00030879006720093723, 6.7783879999997225
3238.4461361228814, 0.00030879006720093723, 6.778939100000571
3238.4461361228814, 0.00030879006720093723, 6.77948650000053
3238.4461361228814, 0.00030879006720093723, 6.780032600000595
3238.4461361228814, 0.00030879006720093723, 6.780641399999695
3238.4461361228814, 0.00030879006720093723, 6.781251700000212
3238.4461361228814, 0.00030879006720093723, 6.7821162999998705
3238.4461361228814, 0.00030879006720093723, 6.783318900000268
3238.4461361228814, 0.00030879006720093723, 6.784446900000148
3238.4461361228814, 0.00030879006720093723, 6.785312699999849
3238.4461361228814, 0.00030879006720093723, 6.787602999999763
3238.4461361228814, 0.00030879006720093723, 6.789372500000354
3238.4461361228814, 0.00030879006720093723, 6.790477000000465
3238.4461361228814, 0.00030879006720093723, 6.791661100000056
3238.4461361228814, 0.00030879006720093723, 6.7927701999997225
3238.4461361228814, 0.00030879006720093723, 6.7939664000005
3238.4461361228814, 0.00030879006720093723, 6.7948599999999715
3238.4461361228814, 0.00030879006720093723, 6.7954289999997854
3238.4461361228814, 0.00030879006720093723, 6.79603010000028
3238.4461361228814, 0.00030879006720093723, 6.7966339000004155
3238.4461361228814, 0.00030879006720093723, 6.797255600000426
3238.4461361228814, 0.00030879006720093723, 6.798044199999822
3238.4461361228814, 0.00030879006720093723, 6.799105699999927
3238.4461361228814, 0.00030879006720093723, 6.799779099999796
3238.4461361228814, 0.00030879006720093723, 6.8006357000003845
3238.4461361228814, 0.00030879006720093723, 6.801209199999903
3238.4461361228814, 0.00030879006720093723, 6.801859899999727
3238.4461361228814, 0.00030879006720093723, 6.802429000000302
3238.4461361228814, 0.00030879006720093723, 6.803028400000585
3238.4461361228814, 0.00030879006720093723, 6.803625499999725
3238.4461361228814, 0.00030879006720093723, 6.804200800000217
3238.4461361228814, 0.00030879006720093723, 6.804798699999992
3238.4461361228814, 0.00030879006720093723, 6.805360999999721
3238.4461361228814, 0.00030879006720093723, 6.8059595000004265
3238.4461361228814, 0.00030879006720093723, 6.8065575999999055
3238.4461361228814, 0.00030879006720093723, 6.807120200000099
3238.4461361228814, 0.00030879006720093723, 6.807721899999706
3238.4461361228814, 0.00030879006720093723, 6.8082838999998785
3238.4461361228814, 0.00030879006720093723, 6.808879400000478
3238.4461361228814, 0.00030879006720093723, 6.809463300000061
3238.4461361228814, 0.00030879006720093723, 6.810040399999707
3238.4461361228814, 0.00030879006720093723, 6.810642899999948
3238.4461361228814, 0.00030879006720093723, 6.811208099999931
3238.4461361228814, 0.00030879006720093723, 6.81186500000058
3238.4461361228814, 0.00030879006720093723, 6.8124838000003365
3238.4461361228814, 0.00030879006720093723, 6.81305969999994
3238.4461361228814, 0.00030879006720093723, 6.81368300000031
3238.4461361228814, 0.00030879006720093723, 6.814325100000133
3238.4461361228814, 0.00030879006720093723, 6.815092800000457
3238.4461361228814, 0.00030879006720093723, 6.815699599999789
3238.4461361228814, 0.00030879006720093723, 6.816270500000428
3238.4461361228814, 0.00030879006720093723, 6.816984300000513
3238.4461361228814, 0.00030879006720093723, 6.817606600000545
3238.4461361228814, 0.00030879006720093723, 6.818174300000464
3238.4461361228814, 0.00030879006720093723, 6.818874800000231
3238.4461361228814, 0.00030879006720093723, 6.819476599999689
3238.4461361228814, 0.00030879006720093723, 6.820040200000221
3238.4461361228814, 0.00030879006720093723, 6.820642499999849
3238.4461361228814, 0.00030879006720093723, 6.821210400000382
3238.4461361228814, 0.00030879006720093723, 6.8218072999998185
3238.4461361228814, 0.00030879006720093723, 6.822367800000393
3238.4461361228814, 0.00030879006720093723, 6.822966300000189
3238.4461361228814, 0.00030879006720093723, 6.823570700000346
3238.4461361228814, 0.00030879006720093723, 6.824136299999736
3238.4461361228814, 0.00030879006720093723, 6.8247330000003785
3238.4461361228814, 0.00030879006720093723, 6.825300700000298
3238.4461361228814, 0.00030879006720093723, 6.825899399999798
3238.4461361228814, 0.00030879006720093723, 6.826500799999849
3238.4461361228814, 0.00030879006720093723, 6.827065200000106
3238.4461361228814, 0.00030879006720093723, 6.827676599999904
3238.4461361228814, 0.00030879006720093723, 6.828237900000204
3238.4461361228814, 0.00030879006720093723, 6.8288399000002755
3238.4461361228814, 0.00030879006720093723, 6.829440600000453
3238.4461361228814, 0.000307186128682347, 6.830043800000567
3238.4461361228814, 0.00030879006720093723, 6.8307079000005615
3238.4461361228814, 0.00030879006720093723, 6.83128940000006
3238.4461361228814, 0.00030879006720093723, 6.831941200000074
3238.4461361228814, 0.00030879006720093723, 6.832669200000055
3238.4461361228814, 0.00030879006720093723, 6.833359100000052
3238.4461361228814, 0.00030879006720093723, 6.833938900000248
3238.4461361228814, 0.00030879006720093723, 6.834556599999814
3238.4461361228814, 0.00030879006720093723, 6.835116799999923
3238.4461361228814, 0.00030879006720093723, 6.8356972999999925
3238.4461361228814, 0.00030879006720093723, 6.836241300000438
3238.4461361228814, 0.00030879006720093723, 6.836823999999979
3238.4461361228814, 0.00030879006720093723, 6.8373902000003
3238.4461361228814, 0.00030879006720093723, 6.837949800000388
3238.4461361228814, 0.00030879006720093723, 6.838530799999717
3238.4461361228814, 0.00030879006720093723, 6.839084600000206
3238.4461361228814, 0.00030879006720093723, 6.839667199999894
3238.4461361228814, 0.00030879006720093723, 6.840213299999959
3238.4461361228814, 0.00030879006720093723, 6.84079759999986
3238.4461361228814, 0.00030879006720093723, 6.8413619000002655
3238.4461361228814, 0.00030879006720093723, 6.841922999999952
3238.4461361228814, 0.00030879006720093723, 6.842522900000404
3238.4461361228814, 0.00030879006720093723, 6.84307009999975
3238.4461361228814, 0.00030879006720093723, 6.843650499999967
3238.4461361228814, 0.00030879006720093723, 6.8442028999998
3238.4461361228814, 0.00030879006720093723, 6.844784200000504
3238.4461361228814, 0.00030879006720093723, 6.845354099999895
3238.4461361228814, 0.000307967297368644, 6.845922600000449
3238.4461361228814, 0.00030879006720093723, 6.846506200000476
3238.4461361228814, 0.00030879006720093723, 6.84711150000021
3238.4461361228814, 0.00030879006720093723, 6.8477638000003935
3238.4461361228814, 0.00030879006720093723, 6.8483169000001
3238.4461361228814, 0.00030879006720093723, 6.848899200000233
3238.4461361228814, 0.00030879006720093723, 6.849446600000192
3238.4461361228814, 0.00030879006720093723, 6.849999199999729
3238.4461361228814, 0.00030879006720093723, 6.850549700000556
3238.4461361228814, 0.00030879006720093723, 6.851096600000346
3238.4461361228814, 0.00030879006720093723, 6.851641199999904
3238.4461361228814, 0.00030879006720093723, 6.852191500000117
3238.4461361228814, 0.00030879006720093723, 6.852739099999781
3238.4461361228814, 0.00030879006720093723, 6.853283600000395
3238.4461361228814, 0.00030879006720093723, 6.853835500000059
3238.4461361228814, 0.00030879006720093723, 6.854381600000124
3238.4461361228814, 0.00030879006720093723, 6.854933499999788
3238.4461361228814, 0.00030879006720093723, 6.8554887999998755
3238.4461361228814, 0.00030879006720093723, 6.856035599999814
3238.4461361228814, 0.00030879006720093723, 6.856580800000302
3238.4461361228814, 0.00030879006720093723, 6.857126500000049
3238.4461361228814, 0.00030879006720093723, 6.857674900000347
3238.4461361228814, 0.00030879006720093723, 6.858219599999757
3238.4461361228814, 0.00030879006720093723, 6.858765699999822
3238.4461361228814, 0.00030879006720093723, 6.859310599999844
3238.4461361228814, 0.00030879006720093723, 6.859854799999994
3238.4461361228814, 0.00030879006720093723, 6.860401599999932
3238.4461361228814, 0.00030879006720093723, 6.860951499999828
3238.4461361228814, 0.00030879006720093723, 6.861499399999957
3238.4461361228814, 0.00030879006720093723, 6.862054000000171
3238.4461361228814, 0.00030879006720093723, 6.862605000000258
3238.4461361228814, 0.00030879006720093723, 6.863151800000196
3238.4461361228814, 0.00030879006720093723, 6.863773900000524
3238.4461361228814, 0.00030879006720093723, 6.864628799999991
3238.4461361228814, 0.00030879006720093723, 6.865561399999933
3238.4461361228814, 0.00030879006720093723, 6.86610920000021
3238.4461361228814, 0.00030879006720093723, 6.866657300000043
3238.4461361228814, 0.00030879006720093723, 6.867207299999791
3238.4461361228814, 0.00030879006720093723, 6.867752799999835
3238.4461361228814, 0.00030879006720093723, 6.868299400000069
3238.4461361228814, 0.00030879006720093723, 6.868844000000536
3238.4461361228814, 0.00030879006720093723, 6.86939429999984
3238.4461361228814, 0.00030879006720093723, 6.869939899999736
3238.4461361228814, 0.00030879006720093723, 6.870492300000478
3238.4461361228814, 0.00030879006720093723, 6.87104249999993
3238.4461361228814, 0.00030879006720093723, 6.8715876000005665
3238.4461361228814, 0.00030879006720093723, 6.872137899999871
3238.4461361228814, 0.00030830238339240245, 6.872684300000401
3238.4461361228814, 0.00030879006720093723, 6.873235300000488
3238.4461361228814, 0.00030879006720093723, 6.873785599999792
3238.4461361228814, 0.00030879006720093723, 6.874332500000492
3238.4461361228814, 0.00030879006720093723, 6.874884900000325
3238.4461361228814, 0.00030879006720093723, 6.875430699999924
3238.4461361228814, 0.00030879006720093723, 6.875981299999694
3238.4461361228814, 0.00030879006720093723, 6.8765312000005
3238.4461361228814, 0.00030879006720093723, 6.877078600000459
3238.4461361228814, 0.00030879006720093723, 6.87762980000025
3238.4461361228814, 0.00030879006720093723, 6.8781779000000824
3238.4461361228814, 0.00030879006720093723, 6.878726699999788
3238.4461361228814, 0.00030879006720093723, 6.8793123000004925
3238.4461361228814, 0.00030879006720093723, 6.88032850000036
3238.4461361228814, 0.00030879006720093723, 6.881446999999753
3238.4461361228814, 0.00030879006720093723, 6.8825128999997105
3238.4461361228814, 0.00030741424184124207, 6.883818500000416
3238.4461361228814, 0.00030879006720093723, 6.885421800000586
3238.4461361228814, 0.00030879006720093723, 6.886566300000595
3238.4461361228814, 0.00030879006720093723, 6.887758900000335
3238.4461361228814, 0.00030879006720093723, 6.88883690000057
3238.4461361228814, 0.00030879006720093723, 6.889606300000196
3238.4461361228814, 0.00030879006720093723, 6.8914590000003955
3238.4461361228814, 0.00030879006720093723, 6.892505800000436
3238.4461361228814, 0.00030879006720093723, 6.893067500000143
3238.4461361228814, 0.00030879006720093723, 6.893648299999768
3238.4461361228814, 0.00030879006720093723, 6.894312000000355
3238.4461361228814, 0.00030879006720093723, 6.894891099999768
3238.4461361228814, 0.00030879006720093723, 6.895474500000091
3238.4461361228814, 0.00030879006720093723, 6.896030900000369
3238.4461361228814, 0.00030879006720093723, 6.896618400000079
3238.4461361228814, 0.00030879006720093723, 6.8972930999998425
3238.4461361228814, 0.00030879006720093723, 6.898196699999971
3238.4461361228814, 0.00030879006720093723, 6.899447499999951
3238.4461361228814, 0.00030879006720093723, 6.900324199999886
3238.4461361228814, 0.00030879006720093723, 6.901086599999871
3238.4461361228814, 0.00030879006720093723, 6.9016670999999405
3238.4461361228814, 0.00030879006720093723, 6.902234299999691
3238.4461361228814, 0.00030879006720093723, 6.9028181000003315
3238.4461361228814, 0.00030879006720093723, 6.903408099999979
3238.4461361228814, 0.00030879006720093723, 6.903960800000277
3238.4461361228814, 0.00030879006720093723, 6.904538599999796
3238.4461361228814, 0.00030879006720093723, 6.905087099999946
3238.4461361228814, 0.00030879006720093723, 6.90566680000029
3238.4461361228814, 0.00030879006720093723, 6.906239500000083
3238.4461361228814, 0.00030879006720093723, 6.9068222000005335
3238.4461361228814, 0.00030879006720093723, 6.907411899999715
3238.4461361228814, 0.00030879006720093723, 6.90796599999976
3238.4461361228814, 0.00030879006720093723, 6.908551399999851
3238.4461361228814, 0.00030787148603722786, 6.909096800000043
3238.4461361228814, 0.00030879006720093723, 6.909685100000388
3238.4461361228814, 0.00030879006720093723, 6.9102326000001995
3238.4461361228814, 0.00030879006720093723, 6.910816300000079
3238.4461361228814, 0.00030879006720093723, 6.9114017000001695
3238.4461361228814, 0.00030879006720093723, 6.911949400000594
3238.4461361228814, 0.00030879006720093723, 6.912530300000071
3238.4461361228814, 0.00030879006720093723, 6.9130825000002005
3238.4461361228814, 0.00030879006720093723, 6.913714600000276
3238.4461361228814, 0.00030879006720093723, 6.914942800000063
3238.4461361228814, 0.00030879006720093723, 6.915604300000268
3238.4461361228814, 0.00030879006720093723, 6.916157200000271
3238.4461361228814, 0.00030879006720093723, 6.916742200000044
3238.4461361228814, 0.00030879006720093723, 6.9173149999996895
3238.4461361228814, 0.00030879006720093723, 6.91787579999982
3238.4461361228814, 0.00030879006720093723, 6.918473499999891
3238.4461361228814, 0.00030879006720093723, 6.919025000000147
3238.4461361228814, 0.00030879006720093723, 6.919607499999984
3238.4461361228814, 0.00030879006720093723, 6.920154500000535
3238.4461361228814, 0.00030879006720093723, 6.920739400000457
3238.4461361228814, 0.00030879006720093723, 6.921308500000123
3238.4461361228814, 0.00030879006720093723, 6.921868500000528
3238.4461361228814, 0.00030879006720093723, 6.922459200000048
3238.4461361228814, 0.00030879006720093723, 6.923009199999797
3238.4461361228814, 0.00030879006720093723, 6.923592300000564
3238.4461361228814, 0.00030879006720093723, 6.924147599999742
3238.4461361228814, 0.00030879006720093723, 6.92473020000034
3238.4461361228814, 0.00030879006720093723, 6.925299200000154
3238.4461361228814, 0.00030879006720093723, 6.925859500000115
3238.4461361228814, 0.00030879006720093723, 6.926445300000523
3238.4461361228814, 0.00030879006720093723, 6.9269921000004615
3238.4461361228814, 0.00030879006720093723, 6.927573200000552
3238.4461361228814, 0.00030879006720093723, 6.928127099999983
3238.4461361228814, 0.00030879006720093723, 6.928707799999756
3238.4461361228814, 0.00030879006720093723, 6.929254300000139
3238.4461361228814, 0.00030879006720093723, 6.929839399999764
3238.4461361228814, 0.00030879006720093723, 6.930523699999867
3238.4461361228814, 0.00030879006720093723, 6.931187299999692
3238.4461361228814, 0.00030879006720093723, 6.931779800000186
3238.4461361228814, 0.00030879006720093723, 6.932365700000446
3238.4461361228814, 0.00030879006720093723, 6.932916900000237
3238.4461361228814, 0.00030879006720093723, 6.933511600000202
3238.4461361228814, 0.00030879006720093723, 6.934061800000563
3238.4461361228814, 0.00030879006720093723, 6.934650400000464
3238.4461361228814, 0.00030879006720093723, 6.935202300000128
3238.4461361228814, 0.00030879006720093723, 6.935790300000008
3238.4461361228814, 0.00030879006720093723, 6.936369099999865
3238.4461361228814, 0.00030879006720093723, 6.936919700000544
3238.4461361228814, 0.00030879006720093723, 6.937503600000127
3238.4461361228814, 0.00030879006720093723, 6.938051900000573
3238.4461361228814, 0.00030879006720093723, 6.93863760000022
3238.4461361228814, 0.00030879006720093723, 6.939189900000201
3238.4461361228814, 0.00030879006720093723, 6.939771899999869
3238.4461361228814, 0.00030879006720093723, 6.940352600000551
3238.4461361228814, 0.00030879006720093723, 6.940904000000046
3238.4461361228814, 0.00030879006720093723, 6.941487300000517
3238.4461361228814, 0.00030879006720093723, 6.942033500000434
3238.4461361228814, 0.00030879006720093723, 6.942615099999784
3238.4461361228814, 0.00030879006720093723, 6.943166300000485
3238.4461361228814, 0.00030879006720093723, 6.943753200000174
3238.4461361228814, 0.00030879006720093723, 6.944335500000307
3238.4461361228814, 0.00030879006720093723, 6.944888199999696
3238.4461361228814, 0.00030879006720093723, 6.945469700000103
3238.4461361228814, 0.00030879006720093723, 6.946017100000063
3238.4461361228814, 0.00030879006720093723, 6.946863199999825
3238.4461361228814, 0.00030879006720093723, 6.947581200000059
3238.4461361228814, 0.00030879006720093723, 6.948552500000005
3238.4461361228814, 0.00030879006720093723, 6.949128899999778
3238.4461361228814, 0.00030879006720093723, 6.9496963000001415
3238.4461361228814, 0.00030879006720093723, 6.950264900000548
3238.4461361228814, 0.00030879006720093723, 6.950885500000368
3238.4461361228814, 0.00030879006720093723, 6.951812500000415
3238.4461361228814, 0.00030879006720093723, 6.9527822000000015
3238.4461361228814, 0.00030879006720093723, 6.9541667000003144
3238.4461361228814, 0.00030879006720093723, 6.955203499999698
3238.4461361228814, 0.00030879006720093723, 6.956184900000153
3238.4461361228814, 0.00030879006720093723, 6.956779900000583
3238.4461361228814, 0.00030879006720093723, 6.95736399999987
3238.4461361228814, 0.00030879006720093723, 6.957962100000259
3238.4461361228814, 0.00030879006720093723, 6.958524599999691
3238.4461361228814, 0.00030879006720093723, 6.959086099999695
3238.4461361228814, 0.00030879006720093723, 6.959647499999846
3238.4461361228814, 0.00030879006720093723, 6.960199500000272
3238.4461361228814, 0.00030879006720093723, 6.960746400000062
3238.4461361228814, 0.00030879006720093723, 6.961297100000593
3238.4461361228814, 0.00030879006720093723, 6.961851099999876
3238.4461361228814, 0.00030879006720093723, 6.962399699999878
3238.4461361228814, 0.00030879006720093723, 6.962947799999711
3238.4461361228814, 0.00030879006720093723, 6.9635016000002
3238.4461361228814, 0.00030879006720093723, 6.964192399999774
3238.4461361228814, 0.00030879006720093723, 6.964739199999713
3238.4461361228814, 0.00030879006720093723, 6.9652867000004335
3238.4461361228814, 0.00030879006720093723, 6.965837800000372
3238.4461361228814, 0.00030879006720093723, 6.966388499999994
3238.4461361228814, 0.00030879006720093723, 6.966935700000249
3238.4461361228814, 0.00030879006720093723, 6.967521499999748
3238.4461361228814, 0.00030879006720093723, 6.968069200000173
3238.4461361228814, 0.00030879006720093723, 6.968614999999772
3238.4461361228814, 0.00030879006720093723, 6.96935780000058
3238.4461361228814, 0.00030879006720093723, 6.970071100000496
3238.4461361228814, 0.00030879006720093723, 6.970774899999924
3238.4461361228814, 0.00030879006720093723, 6.97144070000013
3238.4461361228814, 0.00030879006720093723, 6.971991899999921
3238.4461361228814, 0.00030879006720093723, 6.972542700000304
3238.4461361228814, 0.00030879006720093723, 6.97309580000001
3238.4461361228814, 0.00030879006720093723, 6.973645699999906
3238.4461361228814, 0.00030879006720093723, 6.9742382000004
3238.4461361228814, 0.00030879006720093723, 6.9747982999997475
3238.4461361228814, 0.00030879006720093723, 6.975353400000131
3238.4461361228814, 0.00030879006720093723, 6.975906399999985
3238.4461361228814, 0.00030879006720093723, 6.9764586000001145
3238.4461361228814, 0.00030879006720093723, 6.977015000000392
3238.4461361228814, 0.00030879006720093723, 6.977569300000141
3238.4461361228814, 0.00030879006720093723, 6.9781199999997625
3238.4461361228814, 0.00030879006720093723, 6.978678600000421
3238.4461361228814, 0.00030879006720093723, 6.979230599999937
3238.4461361228814, 0.00030879006720093723, 6.979779299999791
3238.4461361228814, 0.00030879006720093723, 6.980389999999716
3238.4461361228814, 0.00030879006720093723, 6.980954000000565
3238.4461361228814, 0.00030879006720093723, 6.9815037999997
3238.4461361228814, 0.00030879006720093723, 6.982054099999914
3238.4461361228814, 0.00030879006720093723, 6.982602900000529
3238.4461361228814, 0.00030879006720093723, 6.983155599999918
3238.4461361228814, 0.0003073905044210936, 6.983707100000174
3238.4461361228814, 0.00030879006720093723, 6.984258100000261
3238.4461361228814, 0.00030879006720093723, 6.984804200000326
3238.4461361228814, 0.00030879006720093723, 6.985347599999841
3238.4461361228814, 0.00030879006720093723, 6.985899700000118
3238.4461361228814, 0.00030879006720093723, 6.986446500000056
3238.4461361228814, 0.00030879006720093723, 6.987054600000192
3238.4461361228814, 0.00030879006720093723, 6.988146400000005
3238.4461361228814, 0.00030879006720093723, 6.988698699999986
3238.4461361228814, 0.00030879006720093723, 6.989249700000073
3238.4461361228814, 0.00030879006720093723, 6.989796699999715
3238.4461361228814, 0.00030879006720093723, 6.990348500000437
3238.4461361228814, 0.00030879006720093723, 6.990895900000396
3238.4461361228814, 0.00030879006720093723, 6.991445800000292
3238.4461361228814, 0.00030879006720093723, 6.9920946000002
3238.4461361228814, 0.00030879006720093723, 6.99280009999984
3238.4461361228814, 0.00030879006720093723, 6.993350700000519
3238.4461361228814, 0.00030879006720093723, 6.993901699999697
3238.4461361228814, 0.00030879006720093723, 6.994450600000164
3238.4461361228814, 0.00030879006720093723, 6.995119700000032
3238.4461361228814, 0.00030879006720093723, 6.995665800000097
3238.4461361228814, 0.00030879006720093723, 6.996218000000226
3238.4461361228814, 0.00030879006720093723, 6.99676670000008
3238.4461361228814, 0.00030879006720093723, 6.997346500000276
3238.4461361228814, 0.00030879006720093723, 6.997904100000596
3238.4461361228814, 0.00030879006720093723, 6.998458199999732
3238.4461361228814, 0.00030879006720093723, 6.999007299999903
3238.4461361228814, 0.00030879006720093723, 6.999557900000582
3238.4461361228814, 0.00030879006720093723, 7.00010680000014
3238.4461361228814, 0.00030879006720093723, 7.000653799999782
3238.4461361228814, 0.00030879006720093723, 7.001223899999786
3238.4461361228814, 0.00030879006720093723, 7.00181960000009
3238.4461361228814, 0.00030879006720093723, 7.002368999999817
3238.4461361228814, 0.00030879006720093723, 7.003004299999702
3238.4461361228814, 0.00030879006720093723, 7.003558899999916
3238.4461361228814, 0.00030879006720093723, 7.004108099999939
3238.4461361228814, 0.00030879006720093723, 7.004657800000132
3238.4461361228814, 0.00030879006720093723, 7.005320000000211
3238.4461361228814, 0.00030879006720093723, 7.005868500000361
3238.4461361228814, 0.00030879006720093723, 7.0064140000004045
3238.4461361228814, 0.00030879006720093723, 7.006962500000554
3238.4461361228814, 0.00030879006720093723, 7.0075096000000485
3238.4461361228814, 0.00030879006720093723, 7.008059700000558
3238.4461361228814, 0.00030879006720093723, 7.008610099999714
3238.4461361228814, 0.00030879006720093723, 7.009157700000287
3238.4461361228814, 0.00030879006720093723, 7.009707799999887
3238.4461361228814, 0.00030879006720093723, 7.010254499999974
3238.4461361228814, 0.00030879006720093723, 7.010805599999912
3238.4461361228814, 0.00030879006720093723, 7.0113547999999355
3238.4461361228814, 0.00030879006720093723, 7.011902199999895
3238.4461361228814, 0.00030879006720093723, 7.012453500000447
3238.4461361228814, 0.00030879006720093723, 7.013117399999828
3238.4461361228814, 0.00030879006720093723, 7.013699400000405
3238.4461361228814, 0.00030879006720093723, 7.014248500000576
3238.4461361228814, 0.00030879006720093723, 7.014796500000557
3238.4461361228814, 0.00030879006720093723, 7.015449499999704
3238.4461361228814, 0.00030879006720093723, 7.016000100000383
3238.4461361228814, 0.00030879006720093723, 7.016550500000449
3238.4461361228814, 0.00030879006720093723, 7.017100900000514
3238.4461361228814, 0.00030879006720093723, 7.0176486999998815
3238.4461361228814, 0.00030879006720093723, 7.018196500000158
3238.4461361228814, 0.00030879006720093723, 7.018745000000308
3238.4461361228814, 0.00030879006720093723, 7.01929199999995
3238.4461361228814, 0.00030879006720093723, 7.0198411999999735
3238.4461361228814, 0.00030879006720093723, 7.020389700000123
3238.4461361228814, 0.00030879006720093723, 7.020933800000421
3238.4461361228814, 0.00030879006720093723, 7.021483900000021
3238.4461361228814, 0.00030879006720093723, 7.022034900000108
3238.4461361228814, 0.00030879006720093723, 7.022587000000385
3238.4461361228814, 0.0003080934013915846, 7.023204699999951
3238.4461361228814, 0.00030879006720093723, 7.023996900000384
3238.4461361228814, 0.00030879006720093723, 7.024546399999963
3238.4461361228814, 0.00030879006720093723, 7.025093100000049
3238.4461361228814, 0.00030879006720093723, 7.025761699999748
3238.4461361228814, 0.00030879006720093723, 7.0263113999999405
3238.4461361228814, 0.00030879006720093723, 7.026858600000196
3238.4461361228814, 0.00030879006720093723, 7.027409899999839
3238.4461361228814, 0.00030879006720093723, 7.027957000000242
3238.4461361228814, 0.00030879006720093723, 7.028503000000455
3238.4461361228814, 0.00030879006720093723, 7.029051900000013
3238.4461361228814, 0.00030879006720093723, 7.02959970000029
3238.4461361228814, 0.00030879006720093723, 7.030150200000207
3238.4461361228814, 0.00030879006720093723, 7.030773700000282
3238.4461361228814, 0.00030879006720093723, 7.031325500000094
3238.4461361228814, 0.00030879006720093723, 7.031874700000117
3238.4461361228814, 0.00030879006720093723, 7.032420800000182
3238.4461361228814, 0.00030879006720093723, 7.032971000000543
3238.4461361228814, 0.00030879006720093723, 7.033626899999945
3238.4461361228814, 0.00030879006720093723, 7.034170800000538
3238.4461361228814, 0.00030879006720093723, 7.034724000000097
3238.4461361228814, 0.00030879006720093723, 7.035269099999823
3238.4461361228814, 0.00030879006720093723, 7.035926200000176
3238.4461361228814, 0.00030813474016688183, 7.036479000000327
3238.4461361228814, 0.00030879006720093723, 7.0370324000004985
3238.4461361228814, 0.00030879006720093723, 7.037580600000183
3238.4461361228814, 0.00030879006720093723, 7.038127800000439
3238.4461361228814, 0.00030879006720093723, 7.038682200000039
3238.4461361228814, 0.00030879006720093723, 7.039229900000464
3238.4461361228814, 0.00030879006720093723, 7.0397775000001275
3238.4461361228814, 0.00030879006720093723, 7.040330900000299
3238.4461361228814, 0.00030879006720093723, 7.040881599999921
3238.4461361228814, 0.00030879006720093723, 7.0414278999996895
3238.4461361228814, 0.00030879006720093723, 7.041977900000347
3238.4461361228814, 0.00030879006720093723, 7.042522700000518
3238.4461361228814, 0.00030879006720093723, 7.04306650000035
3238.4461361228814, 0.00030879006720093723, 7.043702400000257
3238.4461361228814, 0.00030879006720093723, 7.044255200000407
3238.4461361228814, 0.00030879006720093723, 7.04480169999988
3238.4461361228814, 0.00030879006720093723, 7.045349199999691
3238.4461361228814, 0.00030879006720093723, 7.046008500000426
3238.4461361228814, 0.00030879006720093723, 7.0465571000004275
3238.4461361228814, 0.00030879006720093723, 7.04710520000026
3238.4461361228814, 0.00030879006720093723, 7.047661999999946
3238.4461361228814, 0.00030879006720093723, 7.048211100000117
3238.4461361228814, 0.00030879006720093723, 7.048794000000271
3238.4461361228814, 0.00030879006720093723, 7.049355400000422
3238.4461361228814, 0.00030879006720093723, 7.049907600000552
3238.4461361228814, 0.00030879006720093723, 7.050457400000596
3238.4461361228814, 0.00030879006720093723, 7.051012400000218
3238.4461361228814, 0.00030879006720093723, 7.051566099999945
3238.4461361228814, 0.00030879006720093723, 7.052114900000561
3238.4461361228814, 0.00030879006720093723, 7.052665700000034
3238.4461361228814, 0.00030879006720093723, 7.053217300000142
3238.4461361228814, 0.00030879006720093723, 7.05388000000039
3238.4461361228814, 0.00030879006720093723, 7.054428100000223
3238.4461361228814, 0.00030879006720093723, 7.05498230000012
3238.4461361228814, 0.00030879006720093723, 7.055528599999889
3238.4461361228814, 0.00030879006720093723, 7.056196499999714
3238.4461361228814, 0.00030879006720093723, 7.056747300000097
3238.4461361228814, 0.00030879006720093723, 7.057297500000459
3238.4461361228814, 0.00030879006720093723, 7.0578457000001436
3238.4461361228814, 0.00030879006720093723, 7.058397800000421
3238.4461361228814, 0.00030879006720093723, 7.0589576000002126
3237.013837394068, 0.00030892669918428334, 7.059508000000278
3237.013837394068, 0.00030892669918428334, 7.060058400000344
3237.013837394068, 0.00030892669918428334, 7.060611099999733
3237.013837394068, 0.00030892669918428334, 7.061157799999819
3237.013837394068, 0.00030892669918428334, 7.061708000000181
3237.013837394068, 0.00030892669918428334, 7.062262800000099
3237.013837394068, 0.00030892669918428334, 7.062812199999826
3237.013837394068, 0.00030892669918428334, 7.063359499999933
3237.013837394068, 0.00030892669918428334, 7.063956099999814
3237.013837394068, 0.00030892669918428334, 7.064900500000476
3237.013837394068, 0.00030892669918428334, 7.065454800000225
3237.013837394068, 0.00030892669918428334, 7.066109600000345
3237.013837394068, 0.00030892669918428334, 7.066660899999988
3237.013837394068, 0.00030892669918428334, 7.067207500000222
3237.013837394068, 0.00030892669918428334, 7.067757400000119
3237.013837394068, 0.00030892669918428334, 7.0683051000005435
3237.013837394068, 0.00030892669918428334, 7.068852600000355
3237.013837394068, 0.00030892669918428334, 7.069403299999976
3237.013837394068, 0.00030892669918428334, 7.069949900000211
3237.013837394068, 0.00030892669918428334, 7.070502000000488
3237.013837394068, 0.00030892669918428334, 7.071048599999813
3237.013837394068, 0.00030892669918428334, 7.071594400000322
3237.013837394068, 0.00030892669918428334, 7.072141800000281
3237.013837394068, 0.00030892669918428334, 7.072687599999881
3237.013837394068, 0.00030892669918428334, 7.073232200000348
3237.013837394068, 0.00030892669918428334, 7.073781300000519
3237.013837394068, 0.00030892669918428334, 7.0744432000001325
3237.013837394068, 0.00030892669918428334, 7.074991200000113
3237.013837394068, 0.00030892669918428334, 7.075540300000284
3237.013837394068, 0.00030892669918428334, 7.076086099999884
3237.013837394068, 0.00030892669918428334, 7.076739699999962
3237.013837394068, 0.00030892669918428334, 7.077285700000175
3237.013837394068, 0.00030892669918428334, 7.077835699999923
3237.013837394068, 0.00030892669918428334, 7.078384200000073
3237.013837394068, 0.00030892669918428334, 7.078934199999821
3237.013837394068, 0.00030892669918428334, 7.0794771000000765
3237.013837394068, 0.00030892669918428334, 7.080027900000459
3237.013837394068, 0.00030892669918428334, 7.080573700000059
3237.013837394068, 0.00030892669918428334, 7.081124700000146
3237.013837394068, 0.00030892669918428334, 7.081675100000211
3237.013837394068, 0.00030892669918428334, 7.082225000000108
3237.013837394068, 0.00030892669918428334, 7.082777800000258
3237.013837394068, 0.00030892669918428334, 7.083326099999795
3237.013837394068, 0.00030892669918428334, 7.083872000000156
3237.013837394068, 0.00030892669918428334, 7.0845336000002135
3237.013837394068, 0.00030892669918428334, 7.085459200000514
3237.013837394068, 0.00030892669918428334, 7.086008100000072
3237.013837394068, 0.00030892669918428334, 7.0866633000005095
3237.013837394068, 0.00030892669918428334, 7.087209799999982
3237.013837394068, 0.00030892669918428334, 7.087758499999836
3237.013837394068, 0.00030892669918428334, 7.088306000000557
3237.013837394068, 0.00030892669918428334, 7.088856100000157
3237.013837394068, 0.00030892669918428334, 7.089403300000413
3237.013837394068, 0.00030892669918428334, 7.0899568000004365
3237.013837394068, 0.00030892669918428334, 7.090510500000164
3237.013837394068, 0.00030892669918428334, 7.091058099999827
3237.013837394068, 0.00030892669918428334, 7.091605100000379
3237.013837394068, 0.00030892669918428334, 7.092226200000368
3237.013837394068, 0.00030892669918428334, 7.092773600000328
3237.013837394068, 0.00030879006720093723, 7.093317500000012
3237.013837394068, 0.00030892669918428334, 7.09386749999976
3237.013837394068, 0.00030892669918428334, 7.0944162000005235
3237.013837394068, 0.00030892669918428334, 7.095075400000496
3237.013837394068, 0.00030892669918428334, 7.095623799999885
3237.013837394068, 0.00030892669918428334, 7.096174100000098
3237.013837394068, 0.00030892669918428334, 7.096835600000304
3237.013837394068, 0.00030892669918428334, 7.097383400000581
3237.013837394068, 0.00030892669918428334, 7.09793450000052
3237.013837394068, 0.00030892669918428334, 7.098484300000564
3237.013837394068, 0.00030892669918428334, 7.099030000000312
3237.013837394068, 0.00030892669918428334, 7.099579300000187
3237.013837394068, 0.00030892669918428334, 7.1001304000001255
3237.013837394068, 0.00030892669918428334, 7.100677999999789
3237.013837394068, 0.00030892669918428334, 7.101224000000002
3237.013837394068, 0.00030892669918428334, 7.101775799999814
3237.013837394068, 0.00030892669918428334, 7.102325500000006
3237.013837394068, 0.00030892669918428334, 7.102876699999797
3237.013837394068, 0.00030892669918428334, 7.103427699999884
3237.013837394068, 0.00030892669918428334, 7.103974900000139
3237.013837394068, 0.00030892669918428334, 7.104526600000099
3237.013837394068, 0.00030892669918428334, 7.1053892999998425
3237.013837394068, 0.00030892669918428334, 7.105941499999972
3237.013837394068, 0.00030892669918428334, 7.106490500000291
3237.013837394068, 0.00030892669918428334, 7.107142900000326
3237.013837394068, 0.00030892669918428334, 7.107695499999863
3237.013837394068, 0.00030892669918428334, 7.108242600000267
3237.013837394068, 0.00030892669918428334, 7.108789599999909
3237.013837394068, 0.00030892669918428334, 7.109343699999954
3237.013837394068, 0.00030787834164988957, 7.109895499999766
3237.013837394068, 0.0003081876094047394, 7.110445600000276
3237.013837394068, 0.00030892669918428334, 7.1109974999999395
3237.013837394068, 0.00030892669918428334, 7.111543300000449
3237.013837394068, 0.00030892669918428334, 7.112088699999731
3237.013837394068, 0.00030892669918428334, 7.1126359999998385
3237.013837394068, 0.00030892669918428334, 7.113186800000221
3237.013837394068, 0.00030892669918428334, 7.113737399999991
3237.013837394068, 0.00030892669918428334, 7.114284700000098
3237.013837394068, 0.00030892669918428334, 7.114841900000101
3237.013837394068, 0.00030892669918428334, 7.115508300000329
3237.013837394068, 0.00030892669918428334, 7.116127000000233
3237.013837394068, 0.00030892669918428334, 7.116678200000024
3237.013837394068, 0.00030892669918428334, 7.1173336000001655
3237.013837394068, 0.00030892669918428334, 7.117881199999829
3237.013837394068, 0.00030892669918428334, 7.118427399999746
3237.013837394068, 0.00030892669918428334, 7.118976300000213
3237.013837394068, 0.00030892669918428334, 7.119523100000151
3237.013837394068, 0.00030892669918428334, 7.120070500000111
3237.013837394068, 0.00030892669918428334, 7.120620800000324
3237.013837394068, 0.00030892669918428334, 7.121165600000495
3237.013837394068, 0.00030892669918428334, 7.121712699999989
3237.013837394068, 0.00030892669918428334, 7.122261600000456
3237.013837394068, 0.00030892669918428334, 7.122809500000585
3237.013837394068, 0.00030892669918428334, 7.123394199999893
3237.013837394068, 0.00030892669918428334, 7.123950400000467
3237.013837394068, 0.00030892669918428334, 7.1245066999999835
3237.013837394068, 0.00030892669918428334, 7.125057299999753
3237.013837394068, 0.00030892669918428334, 7.125861800000166
3237.013837394068, 0.00030892669918428334, 7.126489199999924
3237.013837394068, 0.00030892669918428334, 7.12726449999991
3237.013837394068, 0.00030892669918428334, 7.127980600000228
3237.013837394068, 0.00030892669918428334, 7.128746999999748
3237.013837394068, 0.00030892669918428334, 7.129383000000416
3237.013837394068, 0.00030892669918428334, 7.130077800000436
3237.013837394068, 0.00030892669918428334, 7.130918599999859
3237.013837394068, 0.00030892669918428334, 7.1321366000001944
3237.013837394068, 0.00030892669918428334, 7.13323550000041
3237.013837394068, 0.00030892669918428334, 7.134273000000576
3237.013837394068, 0.00030892669918428334, 7.134841799999776
3237.013837394068, 0.00030892669918428334, 7.135458900000231
3237.013837394068, 0.00030892669918428334, 7.136034799999834
3237.013837394068, 0.0003080959430022505, 7.136608100000558
3237.013837394068, 0.00030892669918428334, 7.137156499999946
3237.013837394068, 0.00030892669918428334, 7.137821000000258
3237.013837394068, 0.00030892669918428334, 7.138369899999816
3237.013837394068, 0.00030892669918428334, 7.138921900000241
3237.013837394068, 0.00030892669918428334, 7.13947300000018
3237.013837394068, 0.00030892669918428334, 7.140021100000013
3237.013837394068, 0.00030892669918428334, 7.140571400000226
3237.013837394068, 0.00030892669918428334, 7.141117699999995
3237.013837394068, 0.00030892669918428334, 7.141669000000547
3237.013837394068, 0.00030892669918428334, 7.142216799999915
3237.013837394068, 0.00030892669918428334, 7.142763300000297
3237.013837394068, 0.00030892669918428334, 7.143318700000236
3237.013837394068, 0.0003074354592948572, 7.143869600000471
3237.013837394068, 0.00030892669918428334, 7.144419000000198
3237.013837394068, 0.00030892669918428334, 7.144968000000517
3237.013837394068, 0.00030892669918428334, 7.145638300000428
3237.013837394068, 0.00030892669918428334, 7.1461897999997746
3237.013837394068, 0.00030892669918428334, 7.146748400000433
3237.013837394068, 0.00030892669918428334, 7.14743449999969
3237.013837394068, 0.00030892669918428334, 7.148063399999955
3237.013837394068, 0.00030892669918428334, 7.148619800000233
3237.013837394068, 0.00030892669918428334, 7.149167900000066
3237.013837394068, 0.00030892669918428334, 7.149715700000343
3237.013837394068, 0.00030892669918428334, 7.150262699999985
3237.013837394068, 0.00030892669918428334, 7.150812699999733
3237.013837394068, 0.00030892669918428334, 7.151365900000201
3237.013837394068, 0.00030892669918428334, 7.151913499999864
3237.013837394068, 0.00030892669918428334, 7.152464900000268
3237.013837394068, 0.00030892669918428334, 7.153010500000164
3237.013837394068, 0.00030892669918428334, 7.153556299999764
3237.013837394068, 0.00030892669918428334, 7.15410460000021
3237.013837394068, 0.00030892669918428334, 7.154649799999788
3237.013837394068, 0.00030892669918428334, 7.1551955000004455
3237.013837394068, 0.00030892669918428334, 7.155854600000566
3237.013837394068, 0.00030892669918428334, 7.156401299999743
3237.013837394068, 0.00030892669918428334, 7.156946300000527
3237.013837394068, 0.00030892669918428334, 7.157501599999705
3237.013837394068, 0.00030892669918428334, 7.158156700000291
3237.013837394068, 0.00030892669918428334, 7.158701600000313
3237.013837394068, 0.00030892669918428334, 7.159250599999723
3237.013837394068, 0.00030892669918428334, 7.15980110000055
3237.013837394068, 0.00030892669918428334, 7.1603525000000445
3237.013837394068, 0.0003080823137426262, 7.160903300000427
3237.013837394068, 0.00030892669918428334, 7.161455200000091
3237.013837394068, 0.00030892669918428334, 7.162001900000178
3237.013837394068, 0.00030892669918428334, 7.162553300000582
3237.013837394068, 0.00030892669918428334, 7.163103400000182
3237.013837394068, 0.00030892669918428334, 7.163710100000571
3237.013837394068, 0.00030892669918428334, 7.164318000000094
3237.013837394068, 0.00030892669918428334, 7.164868500000011
3237.013837394068, 0.00030892669918428334, 7.16541320000033
3237.013837394068, 0.00030892669918428334, 7.1660744000000705
3237.013837394068, 0.00030892669918428334, 7.166623600000094
3237.013837394068, 0.00030892669918428334, 7.167181200000414
3237.013837394068, 0.00030892669918428334, 7.167732099999739
3237.013837394068, 0.00030892669918428334, 7.168391600000177
3237.013837394068, 0.00030892669918428334, 7.168943000000581
3237.013837394068, 0.00030892669918428334, 7.169488100000308
3237.013837394068, 0.00030892669918428334, 7.170031600000584
3237.013837394068, 0.00030892669918428334, 7.170588900000439
3237.013837394068, 0.00030839841680291454, 7.171139199999743
3237.013837394068, 0.00030892669918428334, 7.171689800000422
3237.013837394068, 0.00030892669918428334, 7.172239900000022
3237.013837394068, 0.00030892669918428334, 7.172787100000278
3237.013837394068, 0.00030892669918428334, 7.1733328999998776
3237.013837394068, 0.00030892669918428334, 7.173878800000239
3237.013837394068, 0.00030892669918428334, 7.1744275999999445
3237.013837394068, 0.00030892669918428334, 7.174975099999756
3237.013837394068, 0.00030892669918428334, 7.175520700000561
3237.013837394068, 0.00030892669918428334, 7.176187799999752
3237.013837394068, 0.00030892669918428334, 7.176732900000388
3237.013837394068, 0.00030892669918428334, 7.177279700000327
3237.013837394068, 0.00030892669918428334, 7.177829899999779
3237.013837394068, 0.00030892669918428334, 7.17848419999973
3237.013837394068, 0.00030892669918428334, 7.1790320000000065
3237.013837394068, 0.00030892669918428334, 7.179582100000516
3237.013837394068, 0.00030892669918428334, 7.180127700000412
3237.013837394068, 0.00030892669918428334, 7.180750900000021
3237.013837394068, 0.00030892669918428334, 7.181299699999727
3237.013837394068, 0.00030892669918428334, 7.181846700000278
3237.013837394068, 0.00030892669918428334, 7.1823968999997305
3237.013837394068, 0.00030892669918428334, 7.182951400000093
3237.013837394068, 0.00030892669918428334, 7.1835023000003275
3237.013837394068, 0.00030892669918428334, 7.184050900000329
3237.013837394068, 0.00030892669918428334, 7.184598400000141
3237.013837394068, 0.00030892669918428334, 7.185148000000481
3237.013837394068, 0.00030892669918428334, 7.185695699999997
3237.013837394068, 0.00030892669918428334, 7.186484900000323
3237.013837394068, 0.00030892669918428334, 7.187580599999819
3237.013837394068, 0.00030892669918428334, 7.188763500000277
3237.013837394068, 0.00030892669918428334, 7.189845300000343
3237.013837394068, 0.00030892669918428334, 7.190921899999921
3237.013837394068, 0.00030892669918428334, 7.191991200000302
3237.013837394068, 0.00030892669918428334, 7.193059500000345
3237.013837394068, 0.00030892669918428334, 7.194136900000558
3237.013837394068, 0.00030892669918428334, 7.195211400000517
3237.013837394068, 0.00030892669918428334, 7.1964115000000675
3237.013837394068, 0.00030749365631670025, 7.197568399999909
3237.013837394068, 0.00030892669918428334, 7.198653399999785
3237.013837394068, 0.00030892669918428334, 7.199274800000239
3237.013837394068, 0.00030892669918428334, 7.199830900000052
3237.013837394068, 0.00030892669918428334, 7.200383399999737
3237.013837394068, 0.00030892669918428334, 7.200941099999909
3237.013837394068, 0.00030892669918428334, 7.201491700000588
3237.013837394068, 0.00030892669918428334, 7.202040699999998
3237.013837394068, 0.00030892669918428334, 7.2025949999997465
3237.013837394068, 0.00030892669918428334, 7.203148999999939
3237.013837394068, 0.00030892669918428334, 7.20369970000047
3237.013837394068, 0.00030892669918428334, 7.204247300000134
3237.013837394068, 0.00030892669918428334, 7.204800100000284
3237.013837394068, 0.00030892669918428334, 7.205352900000435
3237.013837394068, 0.00030892669918428334, 7.205900099999781
3237.013837394068, 0.00030892669918428334, 7.206451099999867
3237.013837394068, 0.00030892669918428334, 7.207127200000286
3237.013837394068, 0.00030892669918428334, 7.207685399999718
3237.013837394068, 0.00030892669918428334, 7.208241899999848
3237.013837394068, 0.00030892669918428334, 7.208907700000054
3237.013837394068, 0.00030892669918428334, 7.209460500000205
3237.013837394068, 0.00030892669918428334, 7.210016900000483
3237.013837394068, 0.00030892669918428334, 7.210576899999978
3237.013837394068, 0.00030892669918428334, 7.211131300000488
3237.013837394068, 0.00030892669918428334, 7.211686499999814
3237.013837394068, 0.00030892669918428334, 7.212237400000049
3237.013837394068, 0.00030892669918428334, 7.212789199999861
3237.013837394068, 0.00030892669918428334, 7.213337600000159
3237.013837394068, 0.00030892669918428334, 7.213957500000106
3237.013837394068, 0.00030892669918428334, 7.21450939999977
3237.013837394068, 0.00030892669918428334, 7.215058100000533
3237.013837394068, 0.00030892669918428334, 7.215606499999922
3237.013837394068, 0.00030892669918428334, 7.2161550999999236
3237.013837394068, 0.00030892669918428334, 7.216818099999728
3237.013837394068, 0.00030892669918428334, 7.217367400000512
3237.013837394068, 0.00030892669918428334, 7.21791630000007
3237.013837394068, 0.00030892669918428334, 7.218468199999734
3237.013837394068, 0.00030892669918428334, 7.2191241999998965
3237.013837394068, 0.00030892669918428334, 7.219674099999793
3237.013837394068, 0.00030892669918428334, 7.220225900000514
3237.013837394068, 0.00030892669918428334, 7.22077309999986
3237.013837394068, 0.00030892669918428334, 7.221319500000391
3237.013837394068, 0.00030892669918428334, 7.221867100000054
3237.013837394068, 0.00030892669918428334, 7.222525600000154
3237.013837394068, 0.00030892669918428334, 7.2230798000000505
3237.013837394068, 0.00030892669918428334, 7.223628499999904
3237.013837394068, 0.00030892669918428334, 7.224181399999907
3237.013837394068, 0.00030892669918428334, 7.224729600000501
3237.013837394068, 0.00030892669918428334, 7.225276600000143
3237.013837394068, 0.00030892669918428334, 7.225822000000335
3237.013837394068, 0.00030892669918428334, 7.2263724000004
3237.013837394068, 0.00030892669918428334, 7.226997700000538
3237.013837394068, 0.00030892669918428334, 7.227969600000506
3237.013837394068, 0.00030892669918428334, 7.228920700000344
3237.013837394068, 0.00030892669918428334, 7.229583899999852
3237.013837394068, 0.00030892669918428334, 7.230133300000489
3237.013837394068, 0.00030892669918428334, 7.23075289999997
3237.013837394068, 0.00030892669918428334, 7.231305799999973
3237.013837394068, 0.00030892669918428334, 7.2318560000003345
3237.013837394068, 0.00030892669918428334, 7.232403500000146
3237.013837394068, 0.00030892669918428334, 7.232956400000148
3237.013837394068, 0.00030892669918428334, 7.233507400000235
3237.013837394068, 0.00030892669918428334, 7.234056100000089
3237.013837394068, 0.00030892669918428334, 7.234602900000027
3237.013837394068, 0.00030892669918428334, 7.235155399999712
3237.013837394068, 0.00030892669918428334, 7.235702400000264
3237.013837394068, 0.00030892669918428334, 7.236248600000181
3237.013837394068, 0.00030892669918428334, 7.23680239999976
3237.013837394068, 0.00030892669918428334, 7.237461499999881
3237.013837394068, 0.00030892669918428334, 7.2380081000001155
3237.013837394068, 0.00030892669918428334, 7.238559100000202
3237.013837394068, 0.00030892669918428334, 7.2391145999999935
3237.013837394068, 0.00030892669918428334, 7.239771700000347
3237.013837394068, 0.00030892669918428334, 7.24032520000037
3237.013837394068, 0.00030892669918428334, 7.240877500000352
3237.013837394068, 0.00030892669918428334, 7.241426399999909
3237.013837394068, 0.00030892669918428334, 7.241974700000355
3237.013837394068, 0.00030892669918428334, 7.242525000000569
3237.013837394068, 0.00030892669918428334, 7.243072700000084
3237.013837394068, 0.00030892669918428334, 7.243617799999811
3237.013837394068, 0.00030892669918428334, 7.244165900000553
3237.013837394068, 0.00030892669918428334, 7.244719100000111
3237.013837394068, 0.00030892669918428334, 7.245270700000219
3237.013837394068, 0.00030892669918428334, 7.2458183999997345
3237.013837394068, 0.00030892669918428334, 7.246369700000287
3237.013837394068, 0.00030892669918428334, 7.246921300000395
3237.013837394068, 0.00030892669918428334, 7.247599700000137
3237.013837394068, 0.00030892669918428334, 7.248560600000019
3237.013837394068, 0.00030892669918428334, 7.249560000000201
3237.013837394068, 0.00030892669918428334, 7.250108100000034
3237.013837394068, 0.00030892669918428334, 7.25065530000029
3237.013837394068, 0.00030892669918428334, 7.251205900000059
3237.013837394068, 0.00030892669918428334, 7.2517523000005895
3237.013837394068, 0.00030892669918428334, 7.252296100000422
3237.013837394068, 0.00030892669918428334, 7.2528424000001905
3237.013837394068, 0.00030892669918428334, 7.253392200000235
3237.013837394068, 0.00030892669918428334, 7.253941200000554
3237.013837394068, 0.00030892669918428334, 7.25449000000026
3237.013837394068, 0.00030892669918428334, 7.255041100000199
3237.013837394068, 0.00030892669918428334, 7.255587100000412
3237.013837394068, 0.00030892669918428334, 7.256131400000413
3237.013837394068, 0.00030892669918428334, 7.256680299999971
3237.013837394068, 0.00030892669918428334, 7.257229100000586
3237.013837394068, 0.00030892669918428334, 7.2578818000001775
3237.013837394068, 0.00030892669918428334, 7.258427800000391
3237.013837394068, 0.00030892669918428334, 7.258976099999927
3237.013837394068, 0.00030892669918428334, 7.259519899999759
3237.013837394068, 0.00030892669918428334, 7.260173100000429
3237.013837394068, 0.00030892669918428334, 7.260721200000262
3237.013837394068, 0.00030892669918428334, 7.261265199999798
3237.013837394068, 0.00030892669918428334, 7.261811200000011
3237.013837394068, 0.00030892669918428334, 7.262362899999971
3237.013837394068, 0.00030892669918428334, 7.262914200000523
3237.013837394068, 0.00030892669918428334, 7.26345930000025
3237.013837394068, 0.00030892669918428334, 7.264009200000146
3237.013837394068, 0.00030892669918428334, 7.264558599999873
3237.013837394068, 0.00030892669918428334, 7.265106100000594
3237.013837394068, 0.00030892669918428334, 7.265652400000363
3237.013837394068, 0.00030892669918428334, 7.266209399999752
3237.013837394068, 0.00030892669918428334, 7.266755000000558
3237.013837394068, 0.00030892669918428334, 7.267300499999692
3237.013837394068, 0.00030892669918428334, 7.268165000000408
3237.013837394068, 0.00030892669918428334, 7.268940599999951
3237.013837394068, 0.00030892669918428334, 7.269529000000148
3237.013837394068, 0.00030892669918428334, 7.270089300000109
3237.013837394068, 0.00030892669918428334, 7.270709299999908
3237.013837394068, 0.00030892669918428334, 7.271290900000167
3237.013837394068, 0.00030892669918428334, 7.271838700000444
3237.013837394068, 0.00030892669918428334, 7.272428600000239
3237.013837394068, 0.00030892669918428334, 7.272977399999945
3237.013837394068, 0.00030892669918428334, 7.273561900000459
3237.013837394068, 0.00030892669918428334, 7.274131699999998
3237.013837394068, 0.00030892669918428334, 7.274693700000171
3237.013837394068, 0.00030892669918428334, 7.275273600000219
3237.013837394068, 0.00030892669918428334, 7.275822999999946
3237.013837394068, 0.00030892669918428334, 7.276402600000438
3237.013837394068, 0.00030892669918428334, 7.276947700000164
3237.013837394068, 0.00030892669918428334, 7.277528700000403
3237.013837394068, 0.00030892669918428334, 7.2780799000001934
3237.013837394068, 0.00030892669918428334, 7.278699100000267
3237.013837394068, 0.00030892669918428334, 7.279282899999998
3237.013837394068, 0.00030892669918428334, 7.279831800000466
3237.013837394068, 0.00030892669918428334, 7.280703500000527
3237.013837394068, 0.00030892669918428334, 7.281282300000385
3237.013837394068, 0.00030892669918428334, 7.281830200000513
3237.013837394068, 0.00030892669918428334, 7.282413699999779
3237.013837394068, 0.00030892669918428334, 7.282959099999971
3237.013837394068, 0.00030892669918428334, 7.283577199999854
3237.013837394068, 0.00030892669918428334, 7.284202300000288
3237.013837394068, 0.00030892669918428334, 7.284755100000439
3237.013837394068, 0.00030892669918428334, 7.2853407000002335
3237.013837394068, 0.00030892669918428334, 7.285894000000553
3237.013837394068, 0.00030892669918428334, 7.286479500000496
3237.013837394068, 0.00030892669918428334, 7.287025999999969
3237.013837394068, 0.00030892669918428334, 7.287611499999912
3237.013837394068, 0.00030892669918428334, 7.288229300000239
3237.013837394068, 0.00030892669918428334, 7.2887768999999025
3237.013837394068, 0.00030892669918428334, 7.289364600000226
3237.013837394068, 0.00030892669918428334, 7.2899115999998685
3237.013837394068, 0.00030892669918428334, 7.290528499999709
3237.013837394068, 0.00030892669918428334, 7.2911143000001175
3237.013837394068, 0.00030892669918428334, 7.29166559999976
3237.013837394068, 0.00030892669918428334, 7.2922466999998505
3237.013837394068, 0.00030892669918428334, 7.292793300000085
3237.013837394068, 0.00030892669918428334, 7.293376300000091
3237.013837394068, 0.00030892669918428334, 7.293922200000452
3237.013837394068, 0.00030892669918428334, 7.294505200000458
3237.013837394068, 0.00030892669918428334, 7.295069499999954
3237.013837394068, 0.00030892669918428334, 7.2956333000001905
3237.013837394068, 0.00030892669918428334, 7.296213600000556
3237.013837394068, 0.00030892669918428334, 7.296758399999817
3237.013837394068, 0.00030892669918428334, 7.297419399999853
3237.013837394068, 0.00030892669918428334, 7.297969799999919
3237.013837394068, 0.00030892669918428334, 7.298588700000437
3237.013837394068, 0.00030892669918428334, 7.299180799999704
3237.013837394068, 0.00030892669918428334, 7.299729500000467
3237.013837394068, 0.00030892669918428334, 7.300347399999737
3237.013837394068, 0.00030892669918428334, 7.300892500000373
3237.013837394068, 0.00030892669918428334, 7.3014772000005905
3237.013837394068, 0.00030892669918428334, 7.302023299999746
3237.013837394068, 0.00030892669918428334, 7.30257150000034
3237.013837394068, 0.00030892669918428334, 7.303119799999877
3237.013837394068, 0.00030892669918428334, 7.303666300000259
3237.013837394068, 0.00030892669918428334, 7.304270300000098
3237.013837394068, 0.00030892669918428334, 7.304829900000186
3237.013837394068, 0.00030892669918428334, 7.305378300000484
3237.013837394068, 0.00030892669918428334, 7.305925600000592
3237.013837394068, 0.00030892669918428334, 7.306475200000023
3237.013837394068, 0.00030892669918428334, 7.307025400000384
3237.013837394068, 0.00030892669918428334, 7.30756939999992
3237.013837394068, 0.00030892669918428334, 7.308220599999913
3237.013837394068, 0.00030892669918428334, 7.308774600000106
3237.013837394068, 0.00030892669918428334, 7.309321900000214
3237.013837394068, 0.00030892669918428334, 7.309866600000532
3237.013837394068, 0.00030892669918428334, 7.310523600000124
3237.013837394068, 0.00030892669918428334, 7.31107510000038
3237.013837394068, 0.00030892669918428334, 7.311625800000002
3237.013837394068, 0.00030892669918428334, 7.31217050000032
3237.013837394068, 0.00030892669918428334, 7.312724500000513
3237.013837394068, 0.00030892669918428334, 7.313270200000261
3237.013837394068, 0.00030892669918428334, 7.313891400000102
3237.013837394068, 0.00030892669918428334, 7.314440799999829
3237.013837394068, 0.00030892669918428334, 7.314988099999937
3237.013837394068, 0.00030892669918428334, 7.3155329000001075
3237.013837394068, 0.00030892669918428334, 7.316082100000131
3237.013837394068, 0.00030892669918428334, 7.3166307999999844
3237.013837394068, 0.00030892669918428334, 7.317177300000367
3237.013837394068, 0.00030892669918428334, 7.317727800000284
3237.013837394068, 0.00030892669918428334, 7.318274400000519
3237.013837394068, 0.00030892669918428334, 7.318904599999769
3237.013837394068, 0.00030892669918428334, 7.319453600000088
3237.013837394068, 0.00030892669918428334, 7.319999999999709
3237.013837394068, 0.00030892669918428334, 7.320659799999703
3237.013837394068, 0.00030892669918428334, 7.321205700000064
3237.013837394068, 0.00030892669918428334, 7.321757499999876
3237.013837394068, 0.00030892669918428334, 7.322303200000533
3237.013837394068, 0.00030892669918428334, 7.32284830000026
3237.013837394068, 0.00030892669918428334, 7.32346729999972
3237.013837394068, 0.00030892669918428334, 7.3240138999999544
3237.013837394068, 0.00030892669918428334, 7.324558400000569
3237.013837394068, 0.00030892669918428334, 7.325108600000021
3237.013837394068, 0.00030892669918428334, 7.3256600000004255
3237.013837394068, 0.00030892669918428334, 7.326207300000533
3237.013837394068, 0.00030892669918428334, 7.326755300000514
3237.013837394068, 0.00030892669918428334, 7.327302300000156
3237.013837394068, 0.00030892669918428334, 7.3278471000003265
3237.013837394068, 0.00030892669918428334, 7.328399300000456
3237.013837394068, 0.00030892669918428334, 7.329060799999752
3237.013837394068, 0.00030892669918428334, 7.3296079000001555
3237.013837394068, 0.00030892669918428334, 7.330176000000392
3237.013837394068, 0.00030892669918428334, 7.330886100000498
3237.013837394068, 0.00030892669918428334, 7.331438100000014
3237.013837394068, 0.00030892669918428334, 7.331987900000058
3237.013837394068, 0.00030892669918428334, 7.332539799999722
3237.013837394068, 0.00030892669918428334, 7.3330895999997665
3237.013837394068, 0.00030892669918428334, 7.333635699999832
3237.013837394068, 0.00030892669918428334, 7.3341873999997915
3237.013837394068, 0.00030892669918428334, 7.334735000000364
3237.013837394068, 0.00030892669918428334, 7.335280700000112
3237.013837394068, 0.00030892669918428334, 7.335827800000516
3237.013837394068, 0.00030892669918428334, 7.336374600000454
3237.013837394068, 0.00030892669918428334, 7.336918300000434
3237.013837394068, 0.00030892669918428334, 7.3374626000004355
3237.013837394068, 0.00030892669918428334, 7.338011699999697
3237.013837394068, 0.00030892669918428334, 7.338558100000228
3237.013837394068, 0.00030892669918428334, 7.339469100000315
3237.013837394068, 0.00030892669918428334, 7.340419699999984
3237.013837394068, 0.00030892669918428334, 7.34107800000038
3237.013837394068, 0.00030892669918428334, 7.341627400000107
3237.013837394068, 0.00030892669918428334, 7.342173199999706
3237.013837394068, 0.00030892669918428334, 7.3427223999997295
3237.013837394068, 0.00030892669918428334, 7.343269699999837
3237.013837394068, 0.00030892669918428334, 7.343817900000431
3237.013837394068, 0.00030892669918428334, 7.344375499999842
3237.013837394068, 0.00030892669918428334, 7.344923200000267
3237.013837394068, 0.00030892669918428334, 7.345467799999824
3237.013837394068, 0.00030892669918428334, 7.346017800000482
3237.013837394068, 0.00030892669918428334, 7.346563199999764
3237.013837394068, 0.00030892669918428334, 7.347111400000358
3237.013837394068, 0.00030892669918428334, 7.347657600000275
3237.013837394068, 0.00030892669918428334, 7.348207099999854
3237.013837394068, 0.00030892669918428334, 7.34875430000011
3237.013837394068, 0.00030892669918428334, 7.3494110999999975
3237.013837394068, 0.00030892669918428334, 7.349962299999788
3237.013837394068, 0.00030892669918428334, 7.350509900000361
3237.013837394068, 0.00030892669918428334, 7.351162599999952
3237.013837394068, 0.00030892669918428334, 7.3517117000001235
3237.013837394068, 0.00030892669918428334, 7.3522570000004634
3237.013837394068, 0.00030892669918428334, 7.352804000000106
3237.013837394068, 0.00030892669918428334, 7.353349500000149
3237.013837394068, 0.00030892669918428334, 7.353897699999834
3237.013837394068, 0.00030892669918428334, 7.354442900000322
3237.013837394068, 0.00030892669918428334, 7.354987700000493
3237.013837394068, 0.00030892669918428334, 7.355537899999945
3237.013837394068, 0.00030892669918428334, 7.35608240000056
3237.013837394068, 0.00030892669918428334, 7.356626300000244
3237.013837394068, 0.00030892669918428334, 7.357175600000119
3237.013837394068, 0.00030892669918428334, 7.357721700000184
3237.013837394068, 0.00030892669918428334, 7.358272100000249
3237.013837394068, 0.00030892669918428334, 7.358902500000113
3237.013837394068, 0.00030892669918428334, 7.359838700000182
3237.013837394068, 0.00030892669918428334, 7.360802799999874
3237.013837394068, 0.00030892669918428334, 7.361632699999973
3237.013837394068, 0.00030892669918428334, 7.362189200000103
3237.013837394068, 0.00030892669918428334, 7.362738800000443
3237.013837394068, 0.00030892669918428334, 7.363285100000212
3237.013837394068, 0.00030892669918428334, 7.36383509999996
3237.013837394068, 0.00030892669918428334, 7.364390599999751
3237.013837394068, 0.00030892669918428334, 7.364943800000219
3237.013837394068, 0.00030892669918428334, 7.365490700000009
3237.013837394068, 0.00030892669918428334, 7.366044299999885
3237.013837394068, 0.00030892669918428334, 7.366589400000521
3237.013837394068, 0.00030892669918428334, 7.3671377000000575
3237.013837394068, 0.00030892669918428334, 7.367687300000398
3237.013837394068, 0.00030892669918428334, 7.368234399999892
3237.013837394068, 0.00030892669918428334, 7.36878119999983
3237.013837394068, 0.00030892669918428334, 7.3694438000002265
3237.013837394068, 0.00030892669918428334, 7.36999139999989
3237.013837394068, 0.00030892669918428334, 7.370537700000568
3237.013837394068, 0.00030892669918428334, 7.3710855999997875
3237.013837394068, 0.00030892669918428334, 7.371745600000395
3237.013837394068, 0.00030892669918428334, 7.372295199999826
3237.013837394068, 0.00030892669918428334, 7.372843600000124
3237.013837394068, 0.00030789276665713116, 7.373389600000337
3237.013837394068, 0.0003075496587324814, 7.373936300000423
3237.013837394068, 0.00030892669918428334, 7.37448730000051
3237.013837394068, 0.00030892669918428334, 7.375037200000406
3237.013837394068, 0.00030892669918428334, 7.375582900000154
3237.013837394068, 0.00030892669918428334, 7.376127300000007
3237.013837394068, 0.00030892669918428334, 7.376675999999861
3237.013837394068, 0.00030892669918428334, 7.377221499999905
3237.013837394068, 0.00030892669918428334, 7.377771999999823
3237.013837394068, 0.00030892669918428334, 7.378325599999698
3237.013837394068, 0.0003085380395727801, 7.378872899999806
3237.013837394068, 0.0003085380395727801, 7.379420000000209
3237.013837394068, 0.00030892669918428334, 7.380108899999868
3237.013837394068, 0.00030892669918428334, 7.380681600000571
3237.013837394068, 0.00030892669918428334, 7.3812269000000015
3237.013837394068, 0.00030892669918428334, 7.381881799999974
3237.013837394068, 0.00030892669918428334, 7.382430999999997
3237.013837394068, 0.00030892669918428334, 7.382974600000125
3237.013837394068, 0.00030892669918428334, 7.383520000000317
3237.013837394068, 0.00030892669918428334, 7.38406920000034
3237.013837394068, 0.00030892669918428334, 7.3846143999999185
3237.013837394068, 0.00030892669918428334, 7.3851566000003
3237.013837394068, 0.00030892669918428334, 7.38570720000007
3237.013837394068, 0.00030892669918428334, 7.386253499999839
3237.013837394068, 0.00030892669918428334, 7.386797199999819
3237.013837394068, 0.00030892669918428334, 7.387341000000561
3237.013837394068, 0.00030892669918428334, 7.387899700000162
3237.013837394068, 0.00030892669918428334, 7.388445700000375
3237.013837394068, 0.00030892669918428334, 7.388990100000228
3237.013837394068, 0.00030892669918428334, 7.389541000000463
3237.013837394068, 0.00030892669918428334, 7.390201600000182
3237.013837394068, 0.00030892669918428334, 7.390748800000438
3237.013837394068, 0.00030892669918428334, 7.391302799999721
3237.013837394068, 0.00030892669918428334, 7.391846399999849
3237.013837394068, 0.00030892669918428334, 7.3925037999997585
3237.013837394068, 0.00030892669918428334, 7.393053800000416
3237.013837394068, 0.00030892669918428334, 7.393598100000418
3237.013837394068, 0.00030892669918428334, 7.394146000000546
3237.013837394068, 0.00030892669918428334, 7.394694100000379
3237.013837394068, 0.00030892669918428334, 7.395239899999979
3237.013837394068, 0.00030892669918428334, 7.395789400000467
3237.013837394068, 0.00030892669918428334, 7.396334500000194
3237.013837394068, 0.00030892669918428334, 7.39688279999973
3237.013837394068, 0.00030892669918428334, 7.39742699999988
3237.013837394068, 0.00030892669918428334, 7.397969700000431
3237.013837394068, 0.00030892669918428334, 7.398517999999967
3237.013837394068, 0.00030892669918428334, 7.399063200000455
3237.013837394068, 0.00030892669918428334, 7.399615500000436
3237.013837394068, 0.00030766184962045936, 7.400427200000195
3237.013837394068, 0.00030892669918428334, 7.401840600000469
3237.013837394068, 0.00030892669918428334, 7.403047599999809
3237.013837394068, 0.00030892669918428334, 7.404065200000332
3237.013837394068, 0.00030892669918428334, 7.4050796000001355
3237.013837394068, 0.00030892669918428334, 7.406092299999727
3237.013837394068, 0.00030892669918428334, 7.407189700000345
3237.013837394068, 0.00030892669918428334, 7.408210000000508
3237.013837394068, 0.00030892669918428334, 7.409225000000333
3237.013837394068, 0.00030892669918428334, 7.410361700000067
3237.013837394068, 0.00030892669918428334, 7.411067000000003
3237.013837394068, 0.00030892669918428334, 7.411624100000154
3237.013837394068, 0.00030892669918428334, 7.4121837000002415
3237.013837394068, 0.00030892669918428334, 7.412847100000363
3237.013837394068, 0.00030892669918428334, 7.413398200000302
3237.013837394068, 0.00030892669918428334, 7.4139445000000705
3237.013837394068, 0.00030892669918428334, 7.414494300000115
3237.013837394068, 0.00030892669918428334, 7.415042200000244
3237.013837394068, 0.00030892669918428334, 7.415589199999886
3237.013837394068, 0.00030892669918428334, 7.416140100000121
3237.013837394068, 0.00030892669918428334, 7.416691000000355
3237.013837394068, 0.00030892669918428334, 7.417237800000294
3237.013837394068, 0.00030892669918428334, 7.417787299999873
3237.013837394068, 0.00030892669918428334, 7.418335600000319
3237.013837394068, 0.00030892669918428334, 7.418882800000574
3237.013837394068, 0.00030892669918428334, 7.4194327000004705
3237.013837394068, 0.00030892669918428334, 7.419977300000028
3237.013837394068, 0.00030892669918428334, 7.420699799999966
3237.013837394068, 0.00030892669918428334, 7.4212703000002875
3237.013837394068, 0.00030892669918428334, 7.421833299999889
3237.013837394068, 0.00030892669918428334, 7.422395100000358
3237.013837394068, 0.00030892669918428334, 7.42336239999986
3237.013837394068, 0.00030892669918428334, 7.424332000000504
3237.013837394068, 0.00030892669918428334, 7.42548700000043
3237.013837394068, 0.00030892669918428334, 7.426176200000555
3237.013837394068, 0.00030892669918428334, 7.426726599999711
3237.013837394068, 0.00030892669918428334, 7.427280699999756
3237.013837394068, 0.00030892669918428334, 7.427826900000582
3237.013837394068, 0.00030892669918428334, 7.4283743000005416
3237.013837394068, 0.00030892669918428334, 7.428930600000058
3237.013837394068, 0.00030892669918428334, 7.429479299999912
3237.013837394068, 0.00030892669918428334, 7.430023300000357
3237.013837394068, 0.00030892669918428334, 7.430639000000156
3237.013837394068, 0.00030892669918428334, 7.431549599999926
3237.013837394068, 0.00030892669918428334, 7.432099100000414
3237.013837394068, 0.00030892669918428334, 7.432715900000403
3237.013837394068, 0.00030892669918428334, 7.43366960000003
3237.013837394068, 0.00030892669918428334, 7.434585500000139
3237.013837394068, 0.00030892669918428334, 7.435136300000522
3237.013837394068, 0.00030892669918428334, 7.435693700000229
3237.013837394068, 0.00030892669918428334, 7.436247999999978
3237.013837394068, 0.00030892669918428334, 7.436795000000529
3237.013837394068, 0.00030892669918428334, 7.437341300000298
3237.013837394068, 0.00030892669918428334, 7.437891900000068
3237.013837394068, 0.00030892669918428334, 7.438441700000112
3237.013837394068, 0.00030892669918428334, 7.4389892999997755
3237.013837394068, 0.00030892669918428334, 7.439542400000391
3237.013837394068, 0.00030892669918428334, 7.440094600000521
3237.013837394068, 0.00030892669918428334, 7.44074240000009
3237.013837394068, 0.00030892669918428334, 7.441703000000416
3237.013837394068, 0.00030892669918428334, 7.442702199999985
3237.013837394068, 0.00030892669918428334, 7.443305499999951
3237.013837394068, 0.0003087270217016406, 7.443860700000187
3237.013837394068, 0.00030892669918428334, 7.444411899999977
3237.013837394068, 0.00030892669918428334, 7.4449663000004875
3237.013837394068, 0.00030892669918428334, 7.445524300000216
3237.013837394068, 0.0003082393726740695, 7.446077100000366
3237.013837394068, 0.00030892669918428334, 7.446632700000009
3237.013837394068, 0.00030892669918428334, 7.447183799999948
3237.013837394068, 0.00030892669918428334, 7.447735800000373
3237.013837394068, 0.00030892669918428334, 7.448284199999762
3237.013837394068, 0.00030892669918428334, 7.448836499999743
3237.013837394068, 0.00030892669918428334, 7.449382599999808
3237.013837394068, 0.00030892669918428334, 7.449933500000043
3237.013837394068, 0.00030892669918428334, 7.450482299999749
3237.013837394068, 0.00030892669918428334, 7.45133320000059
3237.013837394068, 0.00030892669918428334, 7.45228920000045
3237.013837394068, 0.00030892669918428334, 7.453291700000591
3237.013837394068, 0.00030892669918428334, 7.454250599999796
3237.013837394068, 0.00030892669918428334, 7.455167300000539
3237.013837394068, 0.00030892669918428334, 7.455713899999864
3237.013837394068, 0.00030892669918428334, 7.456450800000312
3237.013837394068, 0.00030892669918428334, 7.457195300000421
3237.013837394068, 0.00030892669918428334, 7.457959600000322
3237.013837394068, 0.00030892669918428334, 7.45884389999992
3237.013837394068, 0.00030892669918428334, 7.4595789000004515
3237.013837394068, 0.00030892669918428334, 7.460466300000007
3237.013837394068, 0.00030892669918428334, 7.461754500000097
3237.013837394068, 0.00030892669918428334, 7.46249859999989
3237.013837394068, 0.00030892669918428334, 7.4633332000003065
3237.013837394068, 0.00030892669918428334, 7.464312799999789
3237.013837394068, 0.00030892669918428334, 7.4666500000003
3237.013837394068, 0.00030892669918428334, 7.46763540000029
3237.013837394068, 0.00030892669918428334, 7.468229099999917
3237.013837394068, 0.00030892669918428334, 7.468779599999834
3237.013837394068, 0.00030892669918428334, 7.469365900000412
3237.013837394068, 0.00030892669918428334, 7.46991270000035
3237.013837394068, 0.00030892669918428334, 7.470493900000292
3237.013837394068, 0.00030892669918428334, 7.471112600000197
3237.013837394068, 0.00030892669918428334, 7.471662200000537
3237.013837394068, 0.00030892669918428334, 7.472248500000205
3237.013837394068, 0.00030892669918428334, 7.472796199999721
3237.013837394068, 0.00030892669918428334, 7.473410999999942
3237.013837394068, 0.00030892669918428334, 7.474051500000314
3237.013837394068, 0.00030892669918428334, 7.475000000000364
3237.013837394068, 0.00030892669918428334, 7.4755685999998605
3237.013837394068, 0.00030780429871975966, 7.47612990000016
3237.013837394068, 0.00030861722612547047, 7.476681799999824
3237.013837394068, 0.00030892669918428334, 7.477240500000335
3237.013837394068, 0.00030892669918428334, 7.477789600000506
3237.013837394068, 0.00030892669918428334, 7.478341900000487
3237.013837394068, 0.00030892669918428334, 7.478890600000341
3237.013837394068, 0.00030892669918428334, 7.47944329999973
3237.013837394068, 0.00030892669918428334, 7.479994700000134
3237.013837394068, 0.00030892669918428334, 7.480758499999865
3237.013837394068, 0.00030892669918428334, 7.482356299999992
3237.013837394068, 0.00030892669918428334, 7.48297249999996
3237.013837394068, 0.00030892669918428334, 7.483527899999899
3237.013837394068, 0.00030892669918428334, 7.484089999999924
3237.013837394068, 0.00030892669918428334, 7.484640700000455
3237.013837394068, 0.00030892669918428334, 7.485192300000563
3237.013837394068, 0.00030892669918428334, 7.485748199999762
3237.013837394068, 0.00030892669918428334, 7.486300999999912
3237.013837394068, 0.00030892669918428334, 7.486853399999745
3237.013837394068, 0.00030892669918428334, 7.487414899999749
3237.013837394068, 0.00030892669918428334, 7.487967000000026
3237.013837394068, 0.00030892669918428334, 7.488515799999732
3237.013837394068, 0.00030892669918428334, 7.489067999999861
3237.013837394068, 0.00030892669918428334, 7.489621700000498
3237.013837394068, 0.00030892669918428334, 7.490414200000487
3237.013837394068, 0.00030892669918428334, 7.491032900000391
3237.013837394068, 0.00030892669918428334, 7.492001700000401
3237.013837394068, 0.00030892669918428334, 7.492990800000371
3237.013837394068, 0.00030892669918428334, 7.4935481000002255
3237.013837394068, 0.00030892669918428334, 7.4941561000005095
3237.013837394068, 0.00030892669918428334, 7.495120600000519
3237.013837394068, 0.00030892669918428334, 7.496062000000165
3237.013837394068, 0.00030892669918428334, 7.496611000000485
3237.013837394068, 0.00030892669918428334, 7.4976009000001795
3237.013837394068, 0.00030892669918428334, 7.498426400000426
3237.013837394068, 0.00030892669918428334, 7.499013499999819
3237.013837394068, 0.00030892669918428334, 7.499974500000462
3237.013837394068, 0.00030892669918428334, 7.500973700000031
3237.013837394068, 0.00030892669918428334, 7.501924700000018
3237.013837394068, 0.00030892669918428334, 7.5024757000001046
3237.013837394068, 0.00030892669918428334, 7.503108500000053
3237.013837394068, 0.00030892669918428334, 7.504068799999914
3237.013837394068, 0.00030892669918428334, 7.5050035000003845
3237.013837394068, 0.00030892669918428334, 7.505553800000598
3237.013837394068, 0.00030892669918428334, 7.506282100000135
3237.013837394068, 0.00030892669918428334, 7.507129999999961
3237.013837394068, 0.00030892669918428334, 7.507684700000027
3237.013837394068, 0.00030892669918428334, 7.5084961000002295
3237.013837394068, 0.00030892669918428334, 7.509457400000429
3237.013837394068, 0.00030892669918428334, 7.510414700000183
3237.013837394068, 0.00030892669918428334, 7.5113882000005106
3237.013837394068, 0.00030892669918428334, 7.511975899999925
3237.013837394068, 0.00030892669918428334, 7.512970200000382
3237.013837394068, 0.00030892669918428334, 7.514093599999796
3237.013837394068, 0.00030892669918428334, 7.515048000000206
3237.013837394068, 0.00030892669918428334, 7.515597800000251
3237.013837394068, 0.00030892669918428334, 7.516149300000507
3237.013837394068, 0.00030892669918428334, 7.516736300000048
3237.013837394068, 0.00030892669918428334, 7.517405700000381
3237.013837394068, 0.00030892669918428334, 7.517951900000298
3237.013837394068, 0.00030892669918428334, 7.518499900000279
3237.013837394068, 0.00030892669918428334, 7.5190473000002385
3237.013837394068, 0.00030892669918428334, 7.519609300000411
3237.013837394068, 0.00030793088638044277, 7.520159300000159
3237.013837394068, 0.00030892669918428334, 7.5208904000000985
3237.013837394068, 0.00030892669918428334, 7.522117600000456
3237.013837394068, 0.00030892669918428334, 7.522692700000334
3237.013837394068, 0.00030892669918428334, 7.523385299999973
3237.013837394068, 0.00030892669918428334, 7.523938100000123
3237.013837394068, 0.00030892669918428334, 7.524591899999905
3237.013837394068, 0.00030892669918428334, 7.525195500000336
3237.013837394068, 0.00030892669918428334, 7.525741399999788
3237.013837394068, 0.00030892669918428334, 7.526303200000257
3237.013837394068, 0.00030892669918428334, 7.526848500000597
3237.013837394068, 0.00030892669918428334, 7.527396000000408
3237.013837394068, 0.00030892669918428334, 7.52794460000041
3237.013837394068, 0.00030892669918428334, 7.5284952000001795
3237.013837394068, 0.00030892669918428334, 7.529040700000223
3237.013837394068, 0.00030892669918428334, 7.52959009999995
3237.013837394068, 0.00030892669918428334, 7.530154900000525
3237.013837394068, 0.00030892669918428334, 7.53074960000049
3237.013837394068, 0.00030892669918428334, 7.531397300000208
3237.013837394068, 0.00030892669918428334, 7.531948100000591
3237.013837394068, 0.00030892669918428334, 7.532493200000317
3237.013837394068, 0.00030892669918428334, 7.533038999999917
3237.013837394068, 0.00030892669918428334, 7.53368860000046
3237.013837394068, 0.00030892669918428334, 7.534234700000525
3237.013837394068, 0.00030892669918428334, 7.534780900000442
3237.013837394068, 0.00030892669918428334, 7.535379900000407
3237.013837394068, 0.00030892669918428334, 7.535934700000325
3237.013837394068, 0.00030892669918428334, 7.536485700000412
3237.013837394068, 0.00030892669918428334, 7.537039499999992
3237.013837394068, 0.00030892669918428334, 7.537589700000353
3237.013837394068, 0.00030892669918428334, 7.53813799999989
3237.013837394068, 0.00030892669918428334, 7.538686699999744
3237.013837394068, 0.00030892669918428334, 7.5392382
3237.013837394068, 0.00030892669918428334, 7.5397861999999805
3237.013837394068, 0.00030892669918428334, 7.540332600000511
3237.013837394068, 0.00030892669918428334, 7.5408840000000055
3237.013837394068, 0.00030892669918428334, 7.5415641999998115
3237.013837394068, 0.00030892669918428334, 7.542517599999883
3237.013837394068, 0.00030892669918428334, 7.543543200000386
3237.013837394068, 0.00030892669918428334, 7.544096800000261
3237.013837394068, 0.00030892669918428334, 7.544642300000305
3237.013837394068, 0.00030892669918428334, 7.545191899999736
3237.013837394068, 0.00030892669918428334, 7.545742899999823
3237.013837394068, 0.00030892669918428334, 7.546292099999846
3237.013837394068, 0.00030892669918428334, 7.546903800000109
3237.013837394068, 0.00030892669918428334, 7.5474549999999
3237.013837394068, 0.00030892669918428334, 7.548002200000155
3237.013837394068, 0.00030892669918428334, 7.548548499999924
3237.013837394068, 0.00030892669918428334, 7.54910000000018
3237.013837394068, 0.0003080073061519088, 7.549655800000437
3237.013837394068, 0.00030892669918428334, 7.550205300000016
3237.013837394068, 0.00030892669918428334, 7.55075190000025
3237.013837394068, 0.00030892669918428334, 7.551305400000274
3237.013837394068, 0.00030892669918428334, 7.55192790000001
3237.013837394068, 0.00030892669918428334, 7.552471099999821
3237.013837394068, 0.00030892669918428334, 7.553022099999907
3237.013837394068, 0.00030892669918428334, 7.553671900000154
3237.013837394068, 0.00030892669918428334, 7.554217599999902
3237.013837394068, 0.00030892669918428334, 7.5547654000001785
3237.013837394068, 0.00030892669918428334, 7.555311799999799
3237.013837394068, 0.00030892669918428334, 7.555854700000054
3237.013837394068, 0.00030892669918428334, 7.556398900000204
3237.013837394068, 0.00030892669918428334, 7.55695360000027
3237.013837394068, 0.0003084663176000493, 7.557503799999722
3237.013837394068, 0.00030892669918428334, 7.558052000000316
3237.013837394068, 0.00030892669918428334, 7.558599500000128
3237.013837394068, 0.00030892669918428334, 7.559144100000594
3237.013837394068, 0.00030892669918428334, 7.5596889999997074
3237.013837394068, 0.00030892669918428334, 7.560237800000323
3237.013837394068, 0.00030892669918428334, 7.560781500000303
3237.013837394068, 0.00030892669918428334, 7.561328599999797
3237.013837394068, 0.00030892669918428334, 7.562314599999809
3237.013837394068, 0.00030892669918428334, 7.5638119000004735
3237.013837394068, 0.00030892669918428334, 7.564846600000237
3237.013837394068, 0.00030892669918428334, 7.565869400000338
3237.013837394068, 0.00030892669918428334, 7.566886499999782
3237.013837394068, 0.00030892669918428334, 7.56790220000039
3237.013837394068, 0.00030892669918428334, 7.568931599999814
3237.013837394068, 0.00030892669918428334, 7.569953500000338
3237.013837394068, 0.00030892669918428334, 7.5709679000001415
3237.013837394068, 0.00030892669918428334, 7.572088900000381
3237.013837394068, 0.00030892669918428334, 7.573102600000311
3237.013837394068, 0.00030892669918428334, 7.574144100000012
3237.013837394068, 0.00030892669918428334, 7.574717299999975
3237.013837394068, 0.00030892669918428334, 7.575268800000231
3237.013837394068, 0.00030892669918428334, 7.575824700000339
3237.013837394068, 0.00030892669918428334, 7.576373500000045
3237.013837394068, 0.00030892669918428334, 7.576922199999899
3237.013837394068, 0.00030892669918428334, 7.57746700000007
3237.013837394068, 0.00030892669918428334, 7.578014599999733
3237.013837394068, 0.00030892669918428334, 7.578566600000158
3237.013837394068, 0.00030892669918428334, 7.579111600000033
3237.013837394068, 0.00030892669918428334, 7.579656900000373
3237.013837394068, 0.00030892669918428334, 7.580202900000586
3237.013837394068, 0.00030892669918428334, 7.580750799999805
3237.013837394068, 0.00030892669918428334, 7.581296100000145
3237.013837394068, 0.00030892669918428334, 7.581842900000083
3237.013837394068, 0.00030892669918428334, 7.582740400000148
3237.013837394068, 0.00030892669918428334, 7.5836856000005355
3237.013837394068, 0.00030892669918428334, 7.584342799999831
3237.013837394068, 0.00030892669918428334, 7.584886300000107
3237.013837394068, 0.00030892669918428334, 7.585432900000342
3237.013837394068, 0.00030892669918428334, 7.585984400000598
3237.013837394068, 0.00030892669918428334, 7.586538600000495
3237.013837394068, 0.00030892669918428334, 7.587084300000242
3237.013837394068, 0.00030892669918428334, 7.587637900000118
3237.013837394068, 0.00030726330619849115, 7.588190200000099
3237.013837394068, 0.00030726330619849115, 7.588737099999889
3237.013837394068, 0.00030892669918428334, 7.589380999999776
3237.013837394068, 0.00030892669918428334, 7.589941899999758
3237.013837394068, 0.00030892669918428334, 7.590485900000203
3237.013837394068, 0.00030892669918428334, 7.591042699999889
3237.013837394068, 0.00030892669918428334, 7.591588700000102
3237.013837394068, 0.00030892669918428334, 7.592134700000315
3237.013837394068, 0.00030892669918428334, 7.592786600000181
3237.013837394068, 0.00030892669918428334, 7.593335000000479
3237.013837394068, 0.00030892669918428334, 7.593880500000523
3237.013837394068, 0.00030892669918428334, 7.594540600000073
3237.013837394068, 0.00030892669918428334, 7.595092000000477
3237.013837394068, 0.00030892669918428334, 7.595638400000098
3237.013837394068, 0.00030892669918428334, 7.596188499999698
3237.013837394068, 0.00030892669918428334, 7.596734300000207
3237.013837394068, 0.00030892669918428334, 7.59728240000004
3237.013837394068, 0.00030892669918428334, 7.597827900000084
3237.013837394068, 0.00030892669918428334, 7.598373200000424
3237.013837394068, 0.00030892669918428334, 7.5989298000004055
3237.013837394068, 0.00030892669918428334, 7.599476200000026
3237.013837394068, 0.00030892669918428334, 7.600026600000092
3237.013837394068, 0.00030892669918428334, 7.600576300000284
3237.013837394068, 0.00030892669918428334, 7.60112350000054
3237.013837394068, 0.00030892669918428334, 7.601673699999992
3237.013837394068, 0.00030892669918428334, 7.602224799999931
3237.013837394068, 0.00030892669918428334, 7.602939600000354
3237.013837394068, 0.00030892669918428334, 7.603487000000314
3237.013837394068, 0.00030892669918428334, 7.6040296999999555
3237.013837394068, 0.00030892669918428334, 7.604685400000562
3237.013837394068, 0.00030892669918428334, 7.605229300000246
3237.013837394068, 0.00030892669918428334, 7.605773799999952
3237.013837394068, 0.00030892669918428334, 7.606322800000271
3237.013837394068, 0.00030892669918428334, 7.6068678000001455
3237.013837394068, 0.00030892669918428334, 7.607413200000337
3237.013837394068, 0.00030892669918428334, 7.607961100000466
3237.013837394068, 0.00030892669918428334, 7.608510600000045
3237.013837394068, 0.00030892669918428334, 7.609056299999793
3237.013837394068, 0.00030892669918428334, 7.609606099999837
3237.013837394068, 0.00030892669918428334, 7.61015580000003
3237.013837394068, 0.00030892669918428334, 7.6106988999999885
3237.013837394068, 0.00030892669918428334, 7.611244499999884
3237.013837394068, 0.00030892669918428334, 7.611793099999886
3237.013837394068, 0.00030892669918428334, 7.612337100000332
3237.013837394068, 0.00030892669918428334, 7.612966100000449
3237.013837394068, 0.00030892669918428334, 7.613514200000282
3237.013837394068, 0.00030892669918428334, 7.614064999999755
3237.013837394068, 0.00030892669918428334, 7.614613200000349
3237.013837394068, 0.00030892669918428334, 7.615265399999771
3237.013837394068, 0.00030892669918428334, 7.615812000000005
3237.013837394068, 0.00030892669918428334, 7.616363900000579
3237.013837394068, 0.00030892669918428334, 7.616950399999951
3237.013837394068, 0.00030892669918428334, 7.617608000000473
3237.013837394068, 0.00030892669918428334, 7.618182600000182
3237.013837394068, 0.00030892669918428334, 7.618730600000163
3237.013837394068, 0.00030892669918428334, 7.619278000000122
3237.013837394068, 0.00030892669918428334, 7.619829899999786
3237.013837394068, 0.00030892669918428334, 7.620378499999788
3237.013837394068, 0.00030892669918428334, 7.62093139999979
3237.013837394068, 0.00030892669918428334, 7.621484299999793
3237.013837394068, 0.00030892669918428334, 7.622031400000196
3237.013837394068, 0.00030892669918428334, 7.622579599999881
3237.013837394068, 0.00030892669918428334, 7.623396400000274
3237.013837394068, 0.00030892669918428334, 7.623967600000469
3237.013837394068, 0.00030892669918428334, 7.624574500000563
3237.013837394068, 0.00030892669918428334, 7.625246600000537
3237.013837394068, 0.00030892669918428334, 7.625799800000095
3237.013837394068, 0.00030892669918428334, 7.626347399999759
3237.013837394068, 0.00030892669918428334, 7.626891300000352
3237.013837394068, 0.00030892669918428334, 7.627440100000058
3237.013837394068, 0.00030892669918428334, 7.627985600000102
3237.013837394068, 0.00030892669918428334, 7.6285303000004205
3237.013837394068, 0.00030892669918428334, 7.6290734000003795
3237.013837394068, 0.00030892669918428334, 7.629621600000064
3237.013837394068, 0.00030892669918428334, 7.630163900000298
3237.013837394068, 0.00030892669918428334, 7.630709699999898
3237.013837394068, 0.00030892669918428334, 7.631259800000407
3237.013837394068, 0.00030892669918428334, 7.631810699999733
3237.013837394068, 0.00030892669918428334, 7.632355599999755
3237.013837394068, 0.00030892669918428334, 7.6329954000002544
3237.013837394068, 0.00030892669918428334, 7.633552500000405
3237.013837394068, 0.00030892669918428334, 7.634096700000555
3237.013837394068, 0.00030892669918428334, 7.634643000000324
3237.013837394068, 0.00030892669918428334, 7.635306799999853
3237.013837394068, 0.00030892669918428334, 7.635852700000214
3237.013837394068, 0.00030892669918428334, 7.636397600000237
3237.013837394068, 0.00030892669918428334, 7.6369487000001754
3237.013837394068, 0.00030892669918428334, 7.637498699999924
3237.013837394068, 0.00030892669918428334, 7.638042399999904
3237.013837394068, 0.00030892669918428334, 7.6385927000001175
3237.013837394068, 0.00030892669918428334, 7.639137699999992
3237.013837394068, 0.00030892669918428334, 7.639683100000184
3237.013837394068, 0.00030892669918428334, 7.6402280000002065
3237.013837394068, 0.00030892669918428334, 7.64077720000023
3237.013837394068, 0.00030892669918428334, 7.641321400000379
3237.013837394068, 0.00030892669918428334, 7.64187050000055
3237.013837394068, 0.00030892669918428334, 7.642417500000192
3237.013837394068, 0.00030892669918428334, 7.6429634000005535
3237.013837394068, 0.00030892669918428334, 7.643594000000121
3237.013837394068, 0.00030892669918428334, 7.644143299999996
3237.013837394068, 0.00030892669918428334, 7.644695099999808
3237.013837394068, 0.00030892669918428334, 7.6453440000004775
3237.013837394068, 0.00030892669918428334, 7.6458957000004375
3237.013837394068, 0.00030892669918428334, 7.64644219999991
3237.013837394068, 0.00030892669918428334, 7.646991800000251
3237.013837394068, 0.00030892669918428334, 7.647541799999999
3237.013837394068, 0.00030892669918428334, 7.648087000000487
3237.013837394068, 0.00030892669918428334, 7.648631699999896
3237.013837394068, 0.00030892669918428334, 7.64917609999975
3237.013837394068, 0.00030892669918428334, 7.6497245000000476
3237.013837394068, 0.00030892669918428334, 7.650270199999795
3237.013837394068, 0.00030892669918428334, 7.650816399999712
3237.013837394068, 0.00030892669918428334, 7.651364999999714
3237.013837394068, 0.00030892669918428334, 7.651908900000308
3237.013837394068, 0.00030892669918428334, 7.652456900000288
3237.013837394068, 0.00030892669918428334, 7.653008199999931
3237.013837394068, 0.00030892669918428334, 7.653659800000241
3237.013837394068, 0.00030892669918428334, 7.654206500000328
3237.013837394068, 0.00030892669918428334, 7.6547553000000335
3237.013837394068, 0.00030892669918428334, 7.655300600000373
3237.013837394068, 0.00030892669918428334, 7.65592370000013
3237.013837394068, 0.00030892669918428334, 7.656473099999857
3237.013837394068, 0.00030892669918428334, 7.657023200000367
3237.013837394068, 0.00030892669918428334, 7.65757450000001
3237.013837394068, 0.00030892669918428334, 7.658119200000328
3237.013837394068, 0.00030892669918428334, 7.658672999999908
3237.013837394068, 0.00030892669918428334, 7.659218499999952
3237.013837394068, 0.00030892669918428334, 7.6597630000005665
3237.013837394068, 0.00030892669918428334, 7.6603092000004835
3237.013837394068, 0.00030892669918428334, 7.660861199999999
3237.013837394068, 0.00030892669918428334, 7.661407000000509
3237.013837394068, 0.00030892669918428334, 7.661958499999855
3237.013837394068, 0.00030892669918428334, 7.662503600000491
3237.013837394068, 0.00030892669918428334, 7.663046499999837
3237.013837394068, 0.00030892669918428334, 7.663718599999811
3237.013837394068, 0.00030892669918428334, 7.664629599999898
3237.013837394068, 0.00030892669918428334, 7.665178100000048
3237.013837394068, 0.00030892669918428334, 7.66583030000038
3237.013837394068, 0.00030892669918428334, 7.666379400000551
3237.013837394068, 0.00030892669918428334, 7.666925399999855
3237.013837394068, 0.00030892669918428334, 7.667469099999835
3237.013837394068, 0.00030892669918428334, 7.668018100000154
3237.013837394068, 0.00030892669918428334, 7.668564700000388
3237.013837394068, 0.00030892669918428334, 7.669110300000284
3237.013837394068, 0.00030892669918428334, 7.669659400000455
3237.013837394068, 0.00030892669918428334, 7.6702092000004995
3237.013837394068, 0.00030892669918428334, 7.670753500000501
3237.013837394068, 0.00030892669918428334, 7.671302599999763
3237.013837394068, 0.00030892669918428334, 7.671854299999723
3237.013837394068, 0.00030892669918428334, 7.672400500000549
3237.013837394068, 0.00030892669918428334, 7.672948800000086
3237.013837394068, 0.00030892669918428334, 7.673498300000574
3237.013837394068, 0.00030892669918428334, 7.674129799999719
3237.013837394068, 0.00030892669918428334, 7.674676999999974
3237.013837394068, 0.00030892669918428334, 7.675221200000124
3237.013837394068, 0.00030892669918428334, 7.675865500000327
3237.013837394068, 0.0003077783123188982, 7.676429000000098
3237.013837394068, 0.00030892669918428334, 7.676978299999973
3237.013837394068, 0.00030892669918428334, 7.677526200000102
3237.013837394068, 0.00030892669918428334, 7.678079000000253
3237.013837394068, 0.00030892669918428334, 7.678628200000276
3237.013837394068, 0.00030892669918428334, 7.679181800000151
3237.013837394068, 0.00030892669918428334, 7.679728900000555
3237.013837394068, 0.00030892669918428334, 7.680273300000408
3237.013837394068, 0.00030892669918428334, 7.68081919999986
3237.013837394068, 0.00030892669918428334, 7.681367899999714
3237.013837394068, 0.00030892669918428334, 7.68191300000035
3237.013837394068, 0.00030892669918428334, 7.682458400000542
3237.013837394068, 0.00030892669918428334, 7.6830049000000145
3237.013837394068, 0.00030892669918428334, 7.683551400000397
3237.013837394068, 0.00030892669918428334, 7.684173800000281
3237.013837394068, 0.00030892669918428334, 7.684726600000431
3237.013837394068, 0.00030892669918428334, 7.685274399999798
3237.013837394068, 0.00030892669918428334, 7.68582460000016
3237.013837394068, 0.00030892669918428334, 7.6864487000002555
3237.013837394068, 0.00030892669918428334, 7.686995400000342
3237.013837394068, 0.00030892669918428334, 7.687540800000534
3237.013837394068, 0.00030892669918428334, 7.688088200000493
3237.013837394068, 0.00030892669918428334, 7.688636099999712
3237.013837394068, 0.00030892669918428334, 7.689180399999714
3237.013837394068, 0.00030892669918428334, 7.689724599999863
3237.013837394068, 0.00030892669918428334, 7.690370799999982
3237.013837394068, 0.00030892669918428334, 7.690935499999796
3237.013837394068, 0.00030892669918428334, 7.691515000000436
3237.013837394068, 0.00030892669918428334, 7.692070199999762
3237.013837394068, 0.00030892669918428334, 7.69262290000006
3237.013837394068, 0.00030892669918428334, 7.693175399999745
3237.013837394068, 0.00030892669918428334, 7.693727500000023
3237.013837394068, 0.00030892669918428334, 7.694388300000355
3237.013837394068, 0.00030892669918428334, 7.694941900000231
3237.013837394068, 0.0003075496587324814, 7.69549090000055
3237.013837394068, 0.00030892669918428334, 7.696044100000108
3237.013837394068, 0.00030892669918428334, 7.696700999999848
3237.013837394068, 0.00030892669918428334, 7.697246900000209
3237.013837394068, 0.00030892669918428334, 7.697798000000148
3237.013837394068, 0.00030892669918428334, 7.698344399999769
3237.013837394068, 0.00030892669918428334, 7.698889000000236
3237.013837394068, 0.00030892669918428334, 7.699434300000576
3237.013837394068, 0.00030892669918428334, 7.699982600000112
3237.013837394068, 0.00030892669918428334, 7.700527900000452
3237.013837394068, 0.00030892669918428334, 7.701077100000475
3237.013837394068, 0.00030892669918428334, 7.701628700000583
3237.013837394068, 0.00030892669918428334, 7.70217219999995
3237.013837394068, 0.00030892669918428334, 7.702721700000438
3237.013837394068, 0.00030892669918428334, 7.703270400000292
3237.013837394068, 0.00030892669918428334, 7.703819399999702
3237.013837394068, 0.00030892669918428334, 7.704608600000029
3237.013837394068, 0.00030892669918428334, 7.705666500000007
3237.013837394068, 0.00030892669918428334, 7.706619100000353
3237.013837394068, 0.00030892669918428334, 7.707190000000082
3237.013837394068, 0.00030892669918428334, 7.707760600000256
3237.013837394068, 0.00030892669918428334, 7.708330999999816
3237.013837394068, 0.00030892669918428334, 7.708925800000543
3237.013837394068, 0.00030892669918428334, 7.709605900000497
3237.013837394068, 0.0003074354592948572, 7.710179900000185
3237.013837394068, 0.00030892669918428334, 7.7107309000002715
3237.013837394068, 0.00030892669918428334, 7.711619599999722
3237.013837394068, 0.00030892669918428334, 7.712320300000101
3237.013837394068, 0.00030892669918428334, 7.713380199999847
3237.013837394068, 0.00030892669918428334, 7.714192899999944
3237.013837394068, 0.00030892669918428334, 7.714885999999751
3237.013837394068, 0.00030892669918428334, 7.715701300000546
3237.013837394068, 0.00030892669918428334, 7.716441100000338
3237.013837394068, 0.00030892669918428334, 7.71706069999982
3237.013837394068, 0.00030892669918428334, 7.717629400000078
3237.013837394068, 0.00030892669918428334, 7.71839910000017
3237.013837394068, 0.00030892669918428334, 7.719940800000586
3237.013837394068, 0.00030892669918428334, 7.721846800000094
3237.013837394068, 0.00030892669918428334, 7.722671700000319
3237.013837394068, 0.00030892669918428334, 7.7233329000000595
3237.013837394068, 0.00030892669918428334, 7.723916500000087
3237.013837394068, 0.00030892669918428334, 7.724518799999714
3237.013837394068, 0.00030892669918428334, 7.725080799999887
3237.013837394068, 0.00030892669918428334, 7.725661100000252
3237.013837394068, 0.00030892669918428334, 7.726206000000275
3237.013837394068, 0.00030892669918428334, 7.726824700000179
3237.013837394068, 0.00030892669918428334, 7.72737060000054
3237.013837394068, 0.00030892669918428334, 7.727950999999848
3237.013837394068, 0.00030892669918428334, 7.728528000000551
3237.013837394068, 0.00030892669918428334, 7.729085599999962
3237.013837394068, 0.00030892669918428334, 7.729796800000258
3237.013837394068, 0.00030892669918428334, 7.730569500000456
3237.013837394068, 0.00030892669918428334, 7.731705400000465
3237.013837394068, 0.00030892669918428334, 7.732845900000029
3237.013837394068, 0.00030892669918428334, 7.733765800000583
3237.013837394068, 0.00030892669918428334, 7.734375300000465
3237.013837394068, 0.00030892669918428334, 7.73499720000018
3237.013837394068, 0.00030892669918428334, 7.735577000000376
3237.013837394068, 0.00030892669918428334, 7.736147000000528
3237.013837394068, 0.00030892669918428334, 7.736748700000135
3237.013837394068, 0.00030892669918428334, 7.737308800000392
3237.013837394068, 0.00030892669918428334, 7.737872900000184
3237.013837394068, 0.00030892669918428334, 7.73844150000059
3237.013837394068, 0.00030892669918428334, 7.739008999999896
3237.013837394068, 0.00030892669918428334, 7.739574899999752
3237.013837394068, 0.00030892669918428334, 7.740138500000285
3237.013837394068, 0.00030892669918428334, 7.740706999999929
3237.013837394068, 0.0003084982165477904, 7.741276100000505
3237.013837394068, 0.00030892669918428334, 7.741838800000551
3237.013837394068, 0.00030892669918428334, 7.742401000000427
3237.013837394068, 0.00030892669918428334, 7.742962299999817
3237.013837394068, 0.00030892669918428334, 7.743524100000286
3237.013837394068, 0.00030892669918428334, 7.744087400000353
3237.013837394068, 0.00030892669918428334, 7.744687800000065
3237.013837394068, 0.00030892669918428334, 7.745258599999943
3237.013837394068, 0.00030892669918428334, 7.7458910000004835
3237.013837394068, 0.00030892669918428334, 7.746509200000219
3237.013837394068, 0.00030892669918428334, 7.74723510000058
3237.013837394068, 0.00030892669918428334, 7.748003200000312
3237.013837394068, 0.00030892669918428334, 7.748605800000405
3237.013837394068, 0.00030892669918428334, 7.749150700000428
3237.013837394068, 0.00030892669918428334, 7.749735700000201
3237.013837394068, 0.00030892669918428334, 7.750281900000118
3237.013837394068, 0.00030892669918428334, 7.750862099999722
3237.013837394068, 0.00030892669918428334, 7.751446600000236
3237.013837394068, 0.00030892669918428334, 7.751992800000153
3237.013837394068, 0.00030892669918428334, 7.752572800000053
3237.013837394068, 0.00030892669918428334, 7.753119699999843
3237.013837394068, 0.00030892669918428334, 7.753710099999807
3237.013837394068, 0.00030892669918428334, 7.7542583000004015
3237.013837394068, 0.00030892669918428334, 7.754880500000581
3237.013837394068, 0.00030892669918428334, 7.7554652999997415
3237.013837394068, 0.00030892669918428334, 7.756012400000145
3237.013837394068, 0.00030892669918428334, 7.756630900000346
3237.013837394068, 0.00030892669918428334, 7.757178800000474
3237.013837394068, 0.00030892669918428334, 7.75775799999974
3237.013837394068, 0.00030892669918428334, 7.75830279999991
3237.013837394068, 0.00030892669918428334, 7.758887200000572
3237.013837394068, 0.00030892669918428334, 7.759471399999711
3237.013837394068, 0.00030892669918428334, 7.760018200000559
3237.013837394068, 0.00030892669918428334, 7.760599700000057
3237.013837394068, 0.00030892669918428334, 7.761152300000504
3237.013837394068, 0.00030892669918428334, 7.76188110000021
3237.013837394068, 0.00030892669918428334, 7.762467200000174
3237.013837394068, 0.00030892669918428334, 7.7630214999999225
3237.013837394068, 0.00030892669918428334, 7.763692800000172
3237.013837394068, 0.00030892669918428334, 7.764311400000224
3237.013837394068, 0.00030892669918428334, 7.764938400000574
3237.013837394068, 0.00030892669918428334, 7.765521700000136
3237.013837394068, 0.00030892669918428334, 7.766070100000434
3237.013837394068, 0.00030892669918428334, 7.76669050000055
3237.013837394068, 0.00030892669918428334, 7.767236000000594
3237.013837394068, 0.00030892669918428334, 7.767816200000198
3237.013837394068, 0.00030892669918428334, 7.7683961000002455
3237.013837394068, 0.00030892669918428334, 7.768949500000417
3237.013837394068, 0.00030892669918428334, 7.7695306000005075
3237.013837394068, 0.00030892669918428334, 7.770075700000234
3237.013837394068, 0.00030892669918428334, 7.770700199999737
3237.013837394068, 0.00030892669918428334, 7.7712446000005
3237.013837394068, 0.00030892669918428334, 7.771825100000569
3237.013837394068, 0.00030892669918428334, 7.772411300000385
3237.013837394068, 0.00030892669918428334, 7.772957600000154
3237.013837394068, 0.00030892669918428334, 7.773536499999864
3237.013837394068, 0.00030892669918428334, 7.774216499999966
3237.013837394068, 0.00030892669918428334, 7.775089300000218
3237.013837394068, 0.0003079417565746772, 7.775790599999709
3237.013837394068, 0.00030892669918428334, 7.776399299999866
3237.013837394068, 0.00030892669918428334, 7.776971000000231
3237.013837394068, 0.00030892669918428334, 7.777595000000474
3237.013837394068, 0.00030892669918428334, 7.7781457000000955
3237.013837394068, 0.00030892669918428334, 7.7787319999997635
3237.013837394068, 0.00030892669918428334, 7.77928299999985
3237.013837394068, 0.00030892669918428334, 7.779863200000364
3237.013837394068, 0.00030892669918428334, 7.780492500000037
3237.013837394068, 0.00030892669918428334, 7.7810402000004615
3237.013837394068, 0.00030892669918428334, 7.781698800000413
3237.013837394068, 0.00030892669918428334, 7.782242100000076
3237.013837394068, 0.00030892669918428334, 7.782799000000523
3237.013837394068, 0.00030892669918428334, 7.7833441000002495
3237.013837394068, 0.00030892669918428334, 7.783893300000273
3237.013837394068, 0.00030892669918428334, 7.784500499999922
3237.013837394068, 0.00030892669918428334, 7.7851025999998456
3237.013837394068, 0.00030892669918428334, 7.7856478000003335
3237.013837394068, 0.00030892669918428334, 7.78619770000023
3237.013837394068, 0.00030892669918428334, 7.786850200000117
3237.013837394068, 0.00030892669918428334, 7.78739349999978
3237.013837394068, 0.00030892669918428334, 7.787946999999804
3237.013837394068, 0.00030892669918428334, 7.788498400000208
3237.013837394068, 0.00030892669918428334, 7.789047100000062
3237.013837394068, 0.00030892669918428334, 7.78959500000019
3237.013837394068, 0.00030892669918428334, 7.79015040000013
3237.013837394068, 0.00030892669918428334, 7.790699500000301
3237.013837394068, 0.00030892669918428334, 7.79124580000007
3237.013837394068, 0.00030892669918428334, 7.791793399999733
3237.013837394068, 0.00030892669918428334, 7.792337300000327
3237.013837394068, 0.00030892669918428334, 7.792882499999905
3237.013837394068, 0.00030892669918428334, 7.793428099999801
3237.013837394068, 0.00030892669918428334, 7.793974700000035
3237.013837394068, 0.00030892669918428334, 7.7945214000001215
3237.013837394068, 0.00030892669918428334, 7.795612099999744
3237.013837394068, 0.00030892669918428334, 7.7962672000003295
3237.013837394068, 0.00030892669918428334, 7.796971100000519
3237.013837394068, 0.00030892669918428334, 7.7976299000001745
3237.013837394068, 0.00030892669918428334, 7.798252800000228
3237.013837394068, 0.00030892669918428334, 7.798801500000081
3237.013837394068, 0.00030892669918428334, 7.799383700000362
3237.013837394068, 0.00030892669918428334, 7.799934399999984
3237.013837394068, 0.00030892669918428334, 7.8005591000001
3237.013837394068, 0.00030892669918428334, 7.801127499999893
3237.013837394068, 0.00030892669918428334, 7.801696499999707
3237.013837394068, 0.00030892669918428334, 7.8022765000005165
3237.013837394068, 0.00030892669918428334, 7.8028291999999055
3237.013837394068, 0.00030892669918428334, 7.803413800000271
3237.013837394068, 0.00030892669918428334, 7.803959200000463
3237.013837394068, 0.00030892669918428334, 7.804546100000152
3237.013837394068, 0.00030892669918428334, 7.805137600000307
3237.013837394068, 0.00030892669918428334, 7.805712299999868
3237.013837394068, 0.00030892669918428334, 7.806296800000382
3237.013837394068, 0.00030892669918428334, 7.8068443000001935
3237.013837394068, 0.00030892669918428334, 7.807465900000352
3237.013837394068, 0.00030892669918428334, 7.8080102000003535
3237.013837394068, 0.00030892669918428334, 7.808590600000571
3237.013837394068, 0.00030892669918428334, 7.809174600000006
3237.013837394068, 0.00030892669918428334, 7.809721600000557
3237.013837394068, 0.00030892669918428334, 7.810347900000124
3237.013837394068, 0.00030892669918428334, 7.810897999999725
3237.013837394068, 0.00030892669918428334, 7.811478999999963
3237.013837394068, 0.00030892669918428334, 7.812029700000494
3237.013837394068, 0.00030892669918428334, 7.812613600000077
3237.013837394068, 0.00030892669918428334, 7.813199299999724
3237.013837394068, 0.00030892669918428334, 7.813969300000281
3237.013837394068, 0.00030892669918428334, 7.814514800000325
3237.013837394068, 0.00030892669918428334, 7.815067600000475
3237.013837394068, 0.00030892669918428334, 7.815722500000447
3237.013837394068, 0.00030892669918428334, 7.816267500000322
3237.013837394068, 0.00030892669918428334, 7.8168157000000065
3237.013837394068, 0.00030892669918428334, 7.817361000000346
3237.013837394068, 0.00030892669918428334, 7.818014100000255
3237.013837394068, 0.00030892669918428334, 7.818565999999919
3237.013837394068, 0.00030892669918428334, 7.819113300000026
3237.013837394068, 0.00030892669918428334, 7.819656399999985
3237.013837394068, 0.00030892669918428334, 7.82022440000037
3237.013837394068, 0.00030892669918428334, 7.820902700000261
3237.013837394068, 0.00030892669918428334, 7.821447500000431
3237.013837394068, 0.00030892669918428334, 7.821991599999819
3237.013837394068, 0.00030892669918428334, 7.8225406999999905
3237.013837394068, 0.00030892669918428334, 7.823088199999802
3237.013837394068, 0.00030892669918428334, 7.823635400000057
3237.013837394068, 0.00030892669918428334, 7.824183300000186
3237.013837394068, 0.00030892669918428334, 7.824730100000124
3237.013837394068, 0.00030892669918428334, 7.825274499999978
3237.013837394068, 0.00030892669918428334, 7.825937200000226
3237.013837394068, 0.00030892669918428334, 7.826482899999974
3237.013837394068, 0.00030892669918428334, 7.827027000000271
3237.013837394068, 0.00030892669918428334, 7.8275745000000825
3237.013837394068, 0.00030892669918428334, 7.828228200000012
3237.013837394068, 0.00030892669918428334, 7.828774399999929
3237.013837394068, 0.00030892669918428334, 7.829319500000565
3237.013837394068, 0.00030892669918428334, 7.829867299999933
3237.013837394068, 0.00030892669918428334, 7.8305543000005855
3237.013837394068, 0.00030892669918428334, 7.83111850000023
3237.013837394068, 0.00030892669918428334, 7.831670600000507
3237.013837394068, 0.00030892669918428334, 7.832219200000509
3237.013837394068, 0.00030892669918428334, 7.832765799999834
3237.013837394068, 0.00030892669918428334, 7.833313900000576
3237.013837394068, 0.00030892669918428334, 7.8338628999999855
3237.013837394068, 0.00030892669918428334, 7.834407700000156
3237.013837394068, 0.00030892669918428334, 7.834956900000179
3237.013837394068, 0.00030892669918428334, 7.8355068999999276
3237.013837394068, 0.00030892669918428334, 7.836279600000125
3237.013837394068, 0.00030892669918428334, 7.837234399999943
3237.013837394068, 0.00030892669918428334, 7.83819240000048
3237.013837394068, 0.00030892669918428334, 7.838743899999827
3237.013837394068, 0.00030892669918428334, 7.8392884000004415
3237.013837394068, 0.00030892669918428334, 7.839835900000253
3237.013837394068, 0.00030892669918428334, 7.840385600000445
3237.013837394068, 0.00030892669918428334, 7.8409357000000455
3237.013837394068, 0.00030892669918428334, 7.841486799999984
3237.013837394068, 0.00030892669918428334, 7.842041099999733
3237.013837394068, 0.00030872951546807165, 7.842596299999968
3237.013837394068, 0.00030892669918428334, 7.843144800000118
3237.013837394068, 0.00030892669918428334, 7.8436937000005855
3237.013837394068, 0.00030892669918428334, 7.844243700000334
3237.013837394068, 0.00030892669918428334, 7.84479040000042
3237.013837394068, 0.00030892669918428334, 7.8453355999999985
3237.013837394068, 0.00030892669918428334, 7.845884299999852
3237.013837394068, 0.00030892669918428334, 7.846539199999825
3237.013837394068, 0.00030749365631670025, 7.84716010000011
3237.013837394068, 0.00030766184962045936, 7.847711399999753
3237.013837394068, 0.00030892669918428334, 7.848367800000233
3237.013837394068, 0.00030892669918428334, 7.848916200000531
3237.013837394068, 0.00030892669918428334, 7.849463000000469
3237.013837394068, 0.00030892669918428334, 7.850016000000323
3237.013837394068, 0.00030892669918428334, 7.850561400000515
3237.013837394068, 0.00030892669918428334, 7.851107600000432
3237.013837394068, 0.00030892669918428334, 7.851657299999715
3237.013837394068, 0.00030892669918428334, 7.852242599999954
3237.013837394068, 0.00030892669918428334, 7.85280000000057
3237.013837394068, 0.00030892669918428334, 7.853356800000256
3237.013837394068, 0.00030892669918428334, 7.853907300000174
3237.013837394068, 0.00030892669918428334, 7.854460000000472
3237.013837394068, 0.00030892669918428334, 7.855014599999777
3237.013837394068, 0.00030892669918428334, 7.85556540000016
3237.013837394068, 0.00030892669918428334, 7.85611549999976
3237.013837394068, 0.00030892669918428334, 7.857318700000178
3237.013837394068, 0.00030892669918428334, 7.858439999999973
3237.013837394068, 0.00030892669918428334, 7.859454100000221
3237.013837394068, 0.00030892669918428334, 7.860466400000405
3237.013837394068, 0.00030892669918428334, 7.861561200000324
3237.013837394068, 0.00030892669918428334, 7.862567400000444
3237.013837394068, 0.00030892669918428334, 7.863573700000416
3237.013837394068, 0.00030892669918428334, 7.864588399999775
3237.013837394068, 0.00030892669918428334, 7.865609999999833
3237.013837394068, 0.00030892669918428334, 7.866631099999722
3237.013837394068, 0.00030892669918428334, 7.867187100000592
3237.013837394068, 0.00030892669918428334, 7.867739600000277
3237.013837394068, 0.00030892669918428334, 7.868286900000385
3237.013837394068, 0.00030892669918428334, 7.86894410000059
3237.013837394068, 0.00030892669918428334, 7.869491399999788
3237.013837394068, 0.00030892669918428334, 7.870040599999811
3237.013837394068, 0.00030892669918428334, 7.870584299999791
3237.013837394068, 0.00030892669918428334, 7.871137500000259
3237.013837394068, 0.00030892669918428334, 7.871683100000155
3237.013837394068, 0.00030892669918428334, 7.872228600000199
3237.013837394068, 0.00030892669918428334, 7.872780400000011
3237.013837394068, 0.00030892669918428334, 7.873327500000414
3237.013837394068, 0.00030892669918428334, 7.873874599999908
3237.013837394068, 0.00030892669918428334, 7.8744235000003755
3237.013837394068, 0.00030892669918428334, 7.874976300000526
3237.013837394068, 0.00030892669918428334, 7.875529099999767
3237.013837394068, 0.00030892669918428334, 7.876075500000297
3237.013837394068, 0.00030892669918428334, 7.876727500000015
3237.013837394068, 0.00030892669918428334, 7.877282399999785
3237.013837394068, 0.00030892669918428334, 7.877832600000147
3237.013837394068, 0.00030892669918428334, 7.878384200000255
3237.013837394068, 0.00030892669918428334, 7.879040900000291
3237.013837394068, 0.00030892669918428334, 7.879587800000081
3237.013837394068, 0.00030892669918428334, 7.880144499999915
3237.013837394068, 0.00030892669918428334, 7.880696000000171
3237.013837394068, 0.0003086675109006471, 7.88124070000049
3237.013837394068, 0.000308865255968944, 7.881793000000471
3237.013837394068, 0.00030892669918428334, 7.8823388000000705
3237.013837394068, 0.00030892669918428334, 7.882887499999924
3237.013837394068, 0.00030892669918428334, 7.883433799999693
3237.013837394068, 0.00030892669918428334, 7.8839849000005415
3237.013837394068, 0.00030892669918428334, 7.884534300000269
3237.013837394068, 0.00030892669918428334, 7.885085400000207
3237.013837394068, 0.00030892669918428334, 7.8856351000004
3237.013837394068, 0.00030892669918428334, 7.886186599999746
3237.013837394068, 0.00030789279791334595, 7.886758700000428
3237.013837394068, 0.00030789279791334595, 7.887409599999955
3237.013837394068, 0.00030892669918428334, 7.8879587000001266
3237.013837394068, 0.00030892669918428334, 7.888506000000234
3237.013837394068, 0.00030892669918428334, 7.889165800000228
3237.013837394068, 0.00030892669918428334, 7.8897133000000395
3237.013837394068, 0.00030892669918428334, 7.890258600000379
3237.013837394068, 0.00030892669918428334, 7.890809499999705
3237.013837394068, 0.00030892669918428334, 7.891355300000214
3237.013837394068, 0.00030892669918428334, 7.891902200000004
3237.013837394068, 0.00030892669918428334, 7.892448999999942
3237.013837394068, 0.00030892669918428334, 7.893003700000008
3237.013837394068, 0.00030892669918428334, 7.893554299999778
3237.013837394068, 0.00030892669918428334, 7.894101699999737
3237.013837394068, 0.00030892669918428334, 7.894651100000374
3237.013837394068, 0.00030892669918428334, 7.895197599999847
3237.013837394068, 0.00030892669918428334, 7.895743900000525
3237.013837394068, 0.00030892669918428334, 7.896292700000231
3237.013837394068, 0.00030892669918428334, 7.896838200000275
3237.013837394068, 0.00030892669918428334, 7.89756320000015
3237.013837394068, 0.00030892669918428334, 7.898137600000155
3237.013837394068, 0.00030892669918428334, 7.898703800000476
3237.013837394068, 0.00030892669918428334, 7.899440000000141
3237.013837394068, 0.00030892669918428334, 7.89999330000046
3237.013837394068, 0.00030892669918428334, 7.900541099999828
3237.013837394068, 0.00030892669918428334, 7.901083499999913
3237.013837394068, 0.00030892669918428334, 7.901633500000571
3237.013837394068, 0.00030892669918428334, 7.902182700000594
3237.013837394068, 0.00030892669918428334, 7.902729299999919
3237.013837394068, 0.00030892669918428334, 7.903276900000492
3237.013837394068, 0.00030892669918428334, 7.903823300000113
3237.013837394068, 0.00030892669918428334, 7.90437380000003
3237.013837394068, 0.00030892669918428334, 7.904922400000032
3237.013837394068, 0.00030892669918428334, 7.905478399999993
3237.013837394068, 0.00030892669918428334, 7.906030000000101
3237.013837394068, 0.00030892669918428334, 7.906575300000441
3237.013837394068, 0.00030892669918428334, 7.907234199999948
3237.013837394068, 0.00030892669918428334, 7.907780999999886
3237.013837394068, 0.00030892669918428334, 7.908331600000565
3237.013837394068, 0.00030892669918428334, 7.908882400000039
3237.013837394068, 0.00030892669918428334, 7.909516900000199
3237.013837394068, 0.00030892669918428334, 7.910064499999862
3237.013837394068, 0.00030892669918428334, 7.910618599999907
3237.013837394068, 0.0003073888342333695, 7.91116940000029
3237.013837394068, 0.00030892669918428334, 7.911716800000249
3237.013837394068, 0.00030892669918428334, 7.912261700000272
3237.013837394068, 0.00030892669918428334, 7.9128122000001895
3237.013837394068, 0.00030892669918428334, 7.913364000000001
3237.013837394068, 0.00030892669918428334, 7.913914300000215
3237.013837394068, 0.00030892669918428334, 7.914462800000365
3237.013837394068, 0.00030892669918428334, 7.91501210000024
3237.013837394068, 0.00030892669918428334, 7.9155595000001995
3237.013837394068, 0.00030892669918428334, 7.916110799999842
3237.013837394068, 0.00030892669918428334, 7.916660200000479
3237.013837394068, 0.00030892669918428334, 7.917211500000121
3237.013837394068, 0.00030892669918428334, 7.917885800000477
3237.013837394068, 0.00030892669918428334, 7.9184385999997176
3237.013837394068, 0.00030892669918428334, 7.918987900000502
3237.013837394068, 0.00030892669918428334, 7.9196437000000515
3237.013837394068, 0.00030892669918428334, 7.920194600000286
3237.013837394068, 0.00030892669918428334, 7.920744300000479
3237.013837394068, 0.00030892669918428334, 7.921290299999782
3237.013837394068, 0.00030892669918428334, 7.921840599999996
3237.013837394068, 0.00030892669918428334, 7.922391300000527
3237.013837394068, 0.00030892669918428334, 7.922942899999725
3237.013837394068, 0.00030892669918428334, 7.923496700000214
3237.013837394068, 0.00030892669918428334, 7.9240436999998565
3237.013837394068, 0.00030892669918428334, 7.924589500000366
3237.013837394068, 0.00030892669918428334, 7.9251350000004095
3237.013837394068, 0.00030892669918428334, 7.925689100000454
3237.013837394068, 0.00030892669918428334, 7.926235400000223
3237.013837394068, 0.00030892669918428334, 7.926781500000288
3237.013837394068, 0.00030892669918428334, 7.927332500000375
3237.013837394068, 0.00030892669918428334, 7.927999700000328
3237.013837394068, 0.00030892669918428334, 7.928544200000033
3237.013837394068, 0.00030892669918428334, 7.929099400000268
3237.013837394068, 0.00030892669918428334, 7.9297566000004736
3237.013837394068, 0.00030892669918428334, 7.9303017000002
3237.013837394068, 0.00030892669918428334, 7.930852600000435
3237.013837394068, 0.00030892669918428334, 7.931400200000098
3237.013837394068, 0.00030892669918428334, 7.931984699999703
3237.013837394068, 0.00030892669918428334, 7.9325353000003815
3237.013837394068, 0.00030892669918428334, 7.933092199999919
3237.013837394068, 0.00030892669918428334, 7.933643299999858
3237.013837394068, 0.00030892669918428334, 7.934195900000304
3237.013837394068, 0.00030892669918428334, 7.93474950000018
3237.013837394068, 0.00030892669918428334, 7.935303400000521
3237.013837394068, 0.00030892669918428334, 7.935854700000164
3237.013837394068, 0.00030892669918428334, 7.936407099999997
3237.013837394068, 0.00030892669918428334, 7.936956700000337
3237.013837394068, 0.00030892669918428334, 7.937508500000149
3237.013837394068, 0.00030892669918428334, 7.938163300000269
3237.013837394068, 0.00030892669918428334, 7.9387384999999995
3237.013837394068, 0.00030892669918428334, 7.939285800000107
3237.013837394068, 0.00030892669918428334, 7.939949100000376
3237.013837394068, 0.00030892669918428334, 7.940502000000379
3237.013837394068, 0.00030892669918428334, 7.9410477000001265
3237.013837394068, 0.00030892669918428334, 7.941595799999959
3237.013837394068, 0.00030892669918428334, 7.9421455000001515
3237.013837394068, 0.00030892669918428334, 7.9426917999999205
3237.013837394068, 0.00030892669918428334, 7.943239000000176
3237.013837394068, 0.00030892669918428334, 7.9437886000005165
3237.013837394068, 0.00030892669918428334, 7.944339800000307
3237.013837394068, 0.00030749365631670025, 7.944891000000098
3237.013837394068, 0.00030892669918428334, 7.9454413000003115
3237.013837394068, 0.00030892669918428334, 7.945988700000271
3237.013837394068, 0.00030892669918428334, 7.94653819999985
3237.013837394068, 0.00030892669918428334, 7.9470906000005925
3237.013837394068, 0.00030892669918428334, 7.947643100000278
3237.013837394068, 0.00030892669918428334, 7.9482976999997845
3237.013837394068, 0.00030892669918428334, 7.948844600000484
3237.013837394068, 0.00030892669918428334, 7.949393900000359
3237.013837394068, 0.00030892669918428334, 7.949941099999705
3237.013837394068, 0.00030892669918428334, 7.95059399999991
3237.013837394068, 0.00030892669918428334, 7.951143799999954
3237.013837394068, 0.00030892669918428334, 7.951689100000294
3237.013837394068, 0.00030892669918428334, 7.952235200000359
3237.013837394068, 0.00030892669918428334, 7.952783800000361
3237.013837394068, 0.00030892669918428334, 7.95332849999977
3237.013837394068, 0.00030892669918428334, 7.953875700000026
3237.013837394068, 0.00030892669918428334, 7.954425599999922
3237.013837394068, 0.00030892669918428334, 7.954968199999712
3237.013837394068, 0.00030892669918428334, 7.955512800000179
3237.013837394068, 0.00030892669918428334, 7.956058800000392
3237.013837394068, 0.00030892669918428334, 7.956607400000394
3237.013837394068, 0.00030892669918428334, 7.957154200000332
3237.013837394068, 0.00030892669918428334, 7.957703500000207
3237.013837394068, 0.00030892669918428334, 7.9584044000002905
3237.013837394068, 0.00030892669918428334, 7.958959700000378
3237.013837394068, 0.00030892669918428334, 7.959509199999957
3237.013837394068, 0.00030892669918428334, 7.9600634999997055
3237.013837394068, 0.00030892669918428334, 7.9607191000004605
3237.013837394068, 0.00030892669918428334, 7.961266799999976
3237.013837394068, 0.00030892669918428334, 7.961817299999893
3237.013837394068, 0.00030892669918428334, 7.96236719999979
3237.013837394068, 0.00030892669918428334, 7.962914200000341
3237.013837394068, 0.00030892669918428334, 7.963463600000068
3237.013837394068, 0.00030892669918428334, 7.964009899999837
3237.013837394068, 0.00030892669918428334, 7.964557400000558
3237.013837394068, 0.00030892669918428334, 7.9651027999998405
3237.013837394068, 0.00030892669918428334, 7.965653199999906
3237.013837394068, 0.00030892669918428334, 7.96619869999995
3237.013837394068, 0.00030892669918428334, 7.966744700000163
3237.013837394068, 0.00030892669918428334, 7.96729090000008
3237.013837394068, 0.00030892669918428334, 7.967839300000378
3237.013837394068, 0.00030892669918428334, 7.968499800000245
3237.013837394068, 0.00030892669918428334, 7.969051699999909
3237.013837394068, 0.00030892669918428334, 7.969596699999784
3237.013837394068, 0.00030892669918428334, 7.970144699999764
3237.013837394068, 0.00030892669918428334, 7.970832099999825
{"problem_size": "65", "population_size": 10, "descendents": 4, "partitions": 6, "mutation_prob": 0.05, "best_fitness": 3237.013837394068, "task_time": 610.4000000000001, "task_cost": 8115.0109639830525, "iteration": 12341, "conv_limit_reach": true, "doomsday": true, "doomsday_iter": 11235, "time": 7.970864099999744, "best_gen": ["J", "C", "J", "C", "J", "J", "C", "J", "C", "J", "J", "J", "J", "C", "J", "S", "C", "J", "C", "S", "J", "J", "C", "C", "C", "J", "J", "C", "C", "C", "C", "C", "C", "C", "S", "J", "J", "S", "C", "J", "C", "S", "J", "J", "C", "J", "J", "J", "J", "C", "J", "J", "J", "J", "J", "J", "S", "C", "J", "J", "J", "C", "J", "J", "J"]}
