3467.812142478814, 0.00028836625483559026, 0.001206899999488087
3461.7517955508483, 0.0002844187430598879, 0.0018224999994345126
3461.7517955508483, 0.0002856881430658944, 0.002393300000221643
3461.7517955508483, 0.00028836625483559026, 0.0028849000000263914
3461.7517955508483, 0.00028836625483559026, 0.0033757999999579624
3461.7517955508483, 0.00028836625483559026, 0.0039109999997890554
3461.7517955508483, 0.00028836625483559026, 0.004401799999868672
3461.7517955508483, 0.00028836625483559026, 0.004963899999893329
3461.7517955508483, 0.00028836625483559026, 0.005487299999913375
3461.7517955508483, 0.0002888710858141913, 0.005977199999506411
3461.7517955508483, 0.0002888710858141913, 0.006466099999670405
3461.7517955508483, 0.0002888710858141913, 0.006984399999964808
3461.7517955508483, 0.0002888710858141913, 0.007470399999874644
3461.7517955508483, 0.0002888710858141913, 0.007938900000226567
3461.7517955508483, 0.0002888710858141913, 0.008408300000155577
3461.7517955508483, 0.0002888710858141913, 0.008876199999576784
3461.7517955508483, 0.0002888710858141913, 0.009341500000118685
3461.7517955508483, 0.0002888710858141913, 0.009808499999962805
3461.7517955508483, 0.0002888710858141913, 0.010277899999891815
3461.7517955508483, 0.0002888710858141913, 0.010744899999735935
3461.7517955508483, 0.0002888710858141913, 0.011214899999686168
3461.7517955508483, 0.0002888710858141913, 0.01168710000001738
3461.7517955508483, 0.0002888710858141913, 0.012155800000073214
3461.7517955508483, 0.0002888710858141913, 0.012620900000001711
3461.7517955508483, 0.0002888710858141913, 0.013087899999845831
3461.7517955508483, 0.0002888710858141913, 0.01355509999939386
3461.7517955508483, 0.0002888710858141913, 0.014022499999555293
3461.7517955508483, 0.0002888710858141913, 0.01448889999937819
3461.7517955508483, 0.0002888710858141913, 0.014959099999941827
3461.7517955508483, 0.0002888710858141913, 0.015427299999828392
3461.7517955508483, 0.0002888710858141913, 0.015896199999588134
3461.7517955508483, 0.0002888710858141913, 0.016363900000214926
3461.7517955508483, 0.0002888710858141913, 0.017003299999487353
3461.7517955508483, 0.0002888710858141913, 0.017788000000109605
3461.7517955508483, 0.0002888710858141913, 0.01856820000011794
3461.7517955508483, 0.0002888710858141913, 0.01935349999985192
3461.7517955508483, 0.0002886181824184736, 0.02013379999971221
3461.7517955508483, 0.0002888710858141913, 0.02087759999994887
3461.7517955508483, 0.0002888710858141913, 0.021344499999941036
3461.7517955508483, 0.0002888710858141913, 0.021813599999404687
3461.7517955508483, 0.0002888710858141913, 0.022289999999884458
3461.7517955508483, 0.0002888710858141913, 0.02276590000019496
3461.7517955508483, 0.0002888710858141913, 0.023237399999743502
3461.7517955508483, 0.0002888710858141913, 0.023705599999630067
3461.7517955508483, 0.0002888710858141913, 0.02417669999977079
3461.7517955508483, 0.0002888710858141913, 0.024643099999593687
3461.7517955508483, 0.0002888710858141913, 0.025107999999818276
3461.7517955508483, 0.0002888710858141913, 0.02557509999951435
3461.7517955508483, 0.0002888710858141913, 0.026043799999570183
3461.7517955508483, 0.0002888710858141913, 0.026510799999414303
3461.7517955508483, 0.0002888710858141913, 0.026977900000019872
3461.7517955508483, 0.0002888710858141913, 0.027449600000181817
3461.7517955508483, 0.0002888710858141913, 0.027919899999687914
3461.7517955508483, 0.0002888710858141913, 0.028383500000018103
3461.7517955508483, 0.0002888710858141913, 0.028855499999735912
3461.7517955508483, 0.0002888710858141913, 0.029329199999665434
3461.7517955508483, 0.0002888710858141913, 0.029795800000101735
3461.7517955508483, 0.0002888710858141913, 0.03026289999979781
3461.7517955508483, 0.0002888710858141913, 0.03073599999970611
3461.7517955508483, 0.0002888710858141913, 0.03120279999984632
3461.7517955508483, 0.0002888710858141913, 0.03167219999977533
3461.7517955508483, 0.0002888710858141913, 0.032139400000232854
3461.7517955508483, 0.0002888710858141913, 0.03287819999968633
3461.7517955508483, 0.0002888710858141913, 0.03366089999963151
3461.7517955508483, 0.0002888710858141913, 0.03444020000006276
3461.7517955508483, 0.0002888710858141913, 0.035222699999394536
3461.7517955508483, 0.0002888710858141913, 0.03600249999999505
3461.7517955508483, 0.0002888710858141913, 0.036779899999601184
3461.7517955508483, 0.0002888710858141913, 0.037366699999438424
3461.7517955508483, 0.0002888710858141913, 0.037834900000234484
3461.7517955508483, 0.0002888710858141913, 0.03830209999978251
3461.7517955508483, 0.0002888710858141913, 0.038769899999351765
3461.7517955508483, 0.0002888710858141913, 0.039301099999647704
3461.7517955508483, 0.0002888710858141913, 0.03986209999948187
3461.7517955508483, 0.0002888710858141913, 0.040330299999368435
3461.7517955508483, 0.0002888710858141913, 0.040802200000143785
3461.7517955508483, 0.00028832004972005945, 0.04128260000015871
3461.7517955508483, 0.0002888710858141913, 0.04174979999970674
3461.7517955508483, 0.0002888710858141913, 0.042215999999825726
3461.7517955508483, 0.0002888710858141913, 0.042685700000220095
3461.7517955508483, 0.0002888710858141913, 0.043158499999663036
3461.7517955508483, 0.0002888710858141913, 0.043624699999782024
3461.7517955508483, 0.0002888710858141913, 0.044095199999901524
3461.7517955508483, 0.0002888710858141913, 0.044567199999619334
3461.7517955508483, 0.0002888710858141913, 0.045037199999569566
3461.7517955508483, 0.0002888710858141913, 0.04550389999985782
3461.7517955508483, 0.0002888710858141913, 0.04597670000021026
3461.7517955508483, 0.0002888710858141913, 0.046445699999821954
3461.7517955508483, 0.0002888710858141913, 0.04691679999996268
3461.7517955508483, 0.0002888710858141913, 0.04738409999936266
3461.7517955508483, 0.0002888710858141913, 0.04785859999992681
3461.7517955508483, 0.0002888710858141913, 0.04867980000017269
3461.7517955508483, 0.0002888710858141913, 0.04945829999996931
3461.7517955508483, 0.0002888710858141913, 0.0502357999994274
3461.7517955508483, 0.0002888710858141913, 0.05101169999943522
3461.7517955508483, 0.0002888710858141913, 0.05178939999950671
3461.7517955508483, 0.0002888710858141913, 0.05252629999995406
3461.7517955508483, 0.0002888710858141913, 0.05299329999979818
3461.7517955508483, 0.0002888710858141913, 0.05346240000017133
3461.7517955508483, 0.0002888710858141913, 0.05393370000001596
3461.7517955508483, 0.0002888710858141913, 0.05440589999943768
3461.7517955508483, 0.0002888710858141913, 0.05486990000008518
3461.7517955508483, 0.0002888710858141913, 0.055331099999420985
3461.7517955508483, 0.0002888710858141913, 0.05579609999949753
3461.7517955508483, 0.0002888710858141913, 0.05625839999993332
3461.7517955508483, 0.0002888710858141913, 0.056721099999776925
3461.7517955508483, 0.0002888710858141913, 0.05718479999995907
3461.7517955508483, 0.0002888710858141913, 0.05764449999969656
3461.7517955508483, 0.0002888710858141913, 0.058106299999963085
3461.7517955508483, 0.0002888710858141913, 0.058564799999658135
3461.7517955508483, 0.0002888710858141913, 0.059021799999754876
3461.7517955508483, 0.0002888710858141913, 0.05947879999985162
3461.7517955508483, 0.0002888710858141913, 0.05994099999952596
3461.7517955508483, 0.0002888710858141913, 0.0603982000002361
3461.7517955508483, 0.0002888710858141913, 0.060856199999761884
3461.7517955508483, 0.0002888710858141913, 0.061313399999562535
3461.7517955508483, 0.0002888710858141913, 0.061772000000019034
3461.7517955508483, 0.0002888710858141913, 0.062231099999735306
3461.7517955508483, 0.0002888710858141913, 0.06269189999966329
3461.7517955508483, 0.0002888710858141913, 0.06314969999948516
3461.7517955508483, 0.0002888710858141913, 0.06368810000003577
3461.7517955508483, 0.0002888710858141913, 0.06534849999934522
3461.7517955508483, 0.0002888710858141913, 0.06685779999952501
3461.7517955508483, 0.0002888710858141913, 0.06832560000020749
3461.7517955508483, 0.0002888710858141913, 0.06913299999996525
3461.7517955508483, 0.0002888710858141913, 0.0696871000000101
3461.7517955508483, 0.0002888710858141913, 0.07019889999992301
3461.7517955508483, 0.0002888710858141913, 0.07086329999947338
3461.7517955508483, 0.0002888710858141913, 0.07147859999986395
3461.7517955508483, 0.0002888710858141913, 0.07220890000007785
3461.7517955508483, 0.0002888710858141913, 0.07276009999986854
3461.7517955508483, 0.0002888710858141913, 0.07326599999942118
3461.7517955508483, 0.0002888710858141913, 0.07375619999947958
3461.7517955508483, 0.0002888710858141913, 0.07425799999964511
3461.7517955508483, 0.0002888710858141913, 0.07474000000001979
3461.2688360699167, 0.00028891139271789297, 0.07521910000014032
3460.7858765889846, 0.00028895171087141015, 0.07569909999983793
3460.7858765889846, 0.00028895171087141015, 0.07624599999962811
3460.7858765889846, 0.00028895171087141015, 0.076789199999439
3460.7858765889846, 0.00028895171087141015, 0.07726159999947413
3460.7858765889846, 0.00028895171087141015, 0.07773420000012266
3460.7858765889846, 0.00028895171087141015, 0.07821199999943929
3460.7858765889846, 0.00028895171087141015, 0.07871259999956237
3460.7858765889846, 0.00028895171087141015, 0.07921069999974861
3460.7858765889846, 0.00028895171087141015, 0.07990169999993668
3460.7858765889846, 0.00028895171087141015, 0.08063219999985449
3460.6765135063574, 0.00028896084222180017, 0.08122819999971398
3460.6765135063574, 0.00028896084222180017, 0.08170890000019426
3460.6765135063574, 0.00028896084222180017, 0.08222479999949428
3460.6765135063574, 0.00028896084222180017, 0.08274359999995795
3460.6765135063574, 0.00028896084222180017, 0.08327959999951418
3460.6765135063574, 0.00028895171087141015, 0.0837720999998055
3459.497984639832, 0.00028895171087141015, 0.08435420000023441
3459.497984639832, 0.00028895171087141015, 0.08483929999965767
3459.497984639832, 0.00028895171087141015, 0.08535719999963476
3459.497984639832, 0.00028895171087141015, 0.08583369999996648
3459.497984639832, 0.00028895171087141015, 0.08634819999952015
3459.497984639832, 0.00028895171087141015, 0.08685119999972812
3459.497984639832, 0.00028895171087141015, 0.087385799999538
3459.497984639832, 0.00028895171087141015, 0.08787940000001981
3459.497984639832, 0.00028895171087141015, 0.08837009999933798
3459.497984639832, 0.00028895171087141015, 0.08884969999962777
3458.4153893008483, 0.0002891497658417948, 0.08936559999983729
3458.4153893008483, 0.0002891497658417948, 0.08983869999974559
3458.4153893008483, 0.0002891497658417948, 0.09034879999944678
3458.4153893008483, 0.0002891497658417948, 0.09084809999967547
3458.4153893008483, 0.0002891497658417948, 0.09137599999939994
3458.4153893008483, 0.0002891497658417948, 0.0918695000000298
3458.4153893008483, 0.0002891497658417948, 0.09236160000000382
3458.4153893008483, 0.0002891497658417948, 0.09283569999934116
3458.4153893008483, 0.0002891497658417948, 0.09334659999967698
3458.4153893008483, 0.0002891497658417948, 0.09381930000017746
3458.4153893008483, 0.0002891497658417948, 0.09438279999994847
3458.4153893008483, 0.0002891497658417948, 0.09492880000016157
3457.127497351696, 0.0002890592809823851, 0.0954037999999855
3457.127497351696, 0.0002891497658417948, 0.09591679999994085
3457.127497351696, 0.0002890592809823851, 0.09639189999961673
3457.127497351696, 0.0002891497658417948, 0.09690169999976206
3457.127497351696, 0.0002891497658417948, 0.09737519999998767
3457.127497351696, 0.0002891497658417948, 0.09788560000015423
3457.127497351696, 0.0002891497658417948, 0.09840540000004694
3457.127497351696, 0.0002891497658417948, 0.09896029999981693
3457.127497351696, 0.0002892574834934615, 0.09943899999962014
3457.127497351696, 0.0002892574834934615, 0.09995639999942796
3454.950672669493, 0.0002891497658417948, 0.10043769999992946
3454.950672669493, 0.0002892574834934615, 0.10101870000016788
3454.950672669493, 0.0002892574834934615, 0.10156000000006316
3454.950672669493, 0.0002892574834934615, 0.10210009999991598
3454.950672669493, 0.0002892574834934615, 0.1025763999996343
3454.950672669493, 0.0002892574834934615, 0.10305400000015652
3454.950672669493, 0.0002892574834934615, 0.10353020000002289
3454.950672669493, 0.0002892574834934615, 0.10400560000016412
3454.950672669493, 0.0002892574834934615, 0.10447819999990315
3454.950672669493, 0.0002892574834934615, 0.10495189999983268
3454.950672669493, 0.0002892574834934615, 0.1054586999998719
3454.950672669493, 0.0002892574834934615, 0.10595699999976205
3454.950672669493, 0.0002891497658417948, 0.1064488000001802
3454.950672669493, 0.0002892574834934615, 0.10692479999943316
3454.950672669493, 0.0002891497658417948, 0.10740059999989171
3454.950672669493, 0.0002892574834934615, 0.10787679999975808
3454.950672669493, 0.0002892574834934615, 0.10834770000019489
3454.950672669493, 0.0002892574834934615, 0.10882409999976517
3454.950672669493, 0.0002892574834934615, 0.10934769999948912
3454.950672669493, 0.00028864233826296254, 0.10982069999954547
3454.950672669493, 0.0002892574834934615, 0.11029139999936888
3454.950672669493, 0.0002892574834934615, 0.11076069999944593
3454.950672669493, 0.0002892574834934615, 0.11126939999940078
3454.950672669493, 0.0002892574834934615, 0.11174969999956375
3454.950672669493, 0.0002892574834934615, 0.11222249999991618
3454.950672669493, 0.0002892574834934615, 0.1127145999998902
3454.950672669493, 0.0002892574834934615, 0.11320419999992737
3454.950672669493, 0.0002892574834934615, 0.11371069999950123
3454.950672669493, 0.0002892574834934615, 0.11418669999966369
3454.950672669493, 0.0002892574834934615, 0.11465919999955076
3454.950672669493, 0.0002892574834934615, 0.11512959999981831
3454.950672669493, 0.0002892574834934615, 0.11560539999936736
3454.950672669493, 0.0002892574834934615, 0.11607629999980418
3454.950672669493, 0.0002892574834934615, 0.11660889999984647
3454.950672669493, 0.0002892574834934615, 0.1170972999998412
3454.950672669493, 0.0002892574834934615, 0.11760859999958484
3454.950672669493, 0.0002892574834934615, 0.11808149999978923
3454.950672669493, 0.0002892574834934615, 0.11855070000001433
3454.950672669493, 0.0002892574834934615, 0.11903379999967001
3454.950672669493, 0.00028862726004899917, 0.11965239999972255
3454.950672669493, 0.0002892574834934615, 0.1201535000000149
3454.950672669493, 0.0002892574834934615, 0.12063450000005105
3454.950672669493, 0.0002892574834934615, 0.12111730000015086
3454.950672669493, 0.0002892574834934615, 0.12169269999958487
3454.950672669493, 0.0002892574834934615, 0.12215180000021064
3454.950672669493, 0.0002892574834934615, 0.12261899999975867
3454.950672669493, 0.0002892574834934615, 0.12308549999943352
3454.950672669493, 0.0002892574834934615, 0.12354210000012245
3454.950672669493, 0.0002892574834934615, 0.12407919999986916
3454.950672669493, 0.0002892574834934615, 0.12453929999992397
3454.950672669493, 0.0002892574834934615, 0.125
3454.950672669493, 0.0002892574834934615, 0.12545799999952578
3454.950672669493, 0.0002892574834934615, 0.1259180999995806
3454.950672669493, 0.0002892574834934615, 0.12637649999942369
3454.950672669493, 0.0002892574834934615, 0.1268411000000924
3454.950672669493, 0.0002892574834934615, 0.1273062000000209
3454.950672669493, 0.0002892574834934615, 0.12780639999982668
3454.950672669493, 0.0002892574834934615, 0.12830309999935707
3454.3837129237304, 0.0002894872379865459, 0.12876859999960288
3454.3837129237304, 0.0002894872379865459, 0.12922749999961525
3454.3837129237304, 0.0002894872379865459, 0.12979559999985213
3454.3837129237304, 0.0002894872379865459, 0.13025269999980083
3454.3837129237304, 0.0002894872379865459, 0.1307158999998137
3454.3837129237304, 0.0002894872379865459, 0.13122359999943
3454.3837129237304, 0.0002894872379865459, 0.1319538999996439
3454.3837129237304, 0.0002894872379865459, 0.13259560000005877
3454.3837129237304, 0.0002894872379865459, 0.13310289999935776
3454.3837129237304, 0.0002894872379865459, 0.13356329999987793
3454.3837129237304, 0.0002894872379865459, 0.13412499999958527
3454.3837129237304, 0.0002894872379865459, 0.13460909999957948
3454.3837129237304, 0.0002894872379865459, 0.1351782000001549
3454.3837129237304, 0.0002894872379865459, 0.13567280000006576
3454.3837129237304, 0.0002894872379865459, 0.13633829999980662
3454.3837129237304, 0.0002894872379865459, 0.13682049999988521
3453.4502184851704, 0.00028956548863722794, 0.13732489999983954
3453.4502184851704, 0.00028956548863722794, 0.1377911999998105
3453.4502184851704, 0.00028956548863722794, 0.13829279999936261
3453.4502184851704, 0.00028956548863722794, 0.13896939999995084
3453.4502184851704, 0.00028956548863722794, 0.1396441999995659
3453.4502184851704, 0.00028956548863722794, 0.14018249999935506
3453.4502184851704, 0.00028956548863722794, 0.14066469999943365
3453.4502184851704, 0.00028956548863722794, 0.14116620000004332
3453.4502184851704, 0.00028956548863722794, 0.14162639999995008
3453.4502184851704, 0.0002894872379865459, 0.14218009999967762
3453.4502184851704, 0.00028956548863722794, 0.14265139999952225
3453.4502184851704, 0.00028956548863722794, 0.14318309999998746
3453.4502184851704, 0.00028956548863722794, 0.14364959999966231
3453.4502184851704, 0.0002882359173977339, 0.1441463000001022
3453.4502184851704, 0.00028956548863722794, 0.14460569999937434
3453.4502184851704, 0.00028956548863722794, 0.14510429999972985
3453.4502184851704, 0.00028956548863722794, 0.14556780000020808
3453.4502184851704, 0.00028956548863722794, 0.14612020000004122
3453.4502184851704, 0.00028956548863722794, 0.14673899999979767
3453.4502184851704, 0.00028956548863722794, 0.1472316999997929
3453.4502184851704, 0.00028956548863722794, 0.14768809999986843
3453.4502184851704, 0.00028956548863722794, 0.14817839999977878
3453.4502184851704, 0.00028956548863722794, 0.14863590000004478
3453.4502184851704, 0.00028956548863722794, 0.14913549999982934
3453.4502184851704, 0.00028956548863722794, 0.14963069999976142
3453.4502184851704, 0.00028956548863722794, 0.15016130000003614
3453.4502184851704, 0.00028956548863722794, 0.15071089999946707
3453.4502184851704, 0.00028956548863722794, 0.15142569999989064
3453.4502184851704, 0.00028956548863722794, 0.15222670000002836
3453.4502184851704, 0.00028956548863722794, 0.1526880000001256
3453.4502184851704, 0.00028956548863722794, 0.15320650000012392
3453.4502184851704, 0.00028956548863722794, 0.15396469999996043
3453.4502184851704, 0.00028956548863722794, 0.15452839999943535
3453.4502184851704, 0.00028956548863722794, 0.15502839999953721
3453.4502184851704, 0.0002893113684311495, 0.1554902999996557
3453.4502184851704, 0.00028956548863722794, 0.1559477999999217
3453.4502184851704, 0.00028956548863722794, 0.1564410000000862
3453.4502184851704, 0.00028956548863722794, 0.1569245000000592
3453.4502184851704, 0.00028956548863722794, 0.15742150000005495
3453.4502184851704, 0.00028956548863722794, 0.15789249999943422
3453.4502184851704, 0.00028956548863722794, 0.1583878999999797
3453.4502184851704, 0.00028956548863722794, 0.1588451999996323
3453.4502184851704, 0.00028956548863722794, 0.1593433999996705
3453.4502184851704, 0.00028956548863722794, 0.15980039999976725
3453.4502184851704, 0.00028956548863722794, 0.16033150000021124
3453.4502184851704, 0.00028956548863722794, 0.16091729999970994
3453.4502184851704, 0.00028956548863722794, 0.16145400000004884
3453.4502184851704, 0.00028956548863722794, 0.1619092000000819
3453.4502184851704, 0.00028956548863722794, 0.1624381000001449
3453.4502184851704, 0.00028956548863722794, 0.16289359999973385
3453.4502184851704, 0.00028956548863722794, 0.1633888999995179
3453.4502184851704, 0.00028956548863722794, 0.16384980000020732
3453.4502184851704, 0.00028956548863722794, 0.1643791999995301
3453.4502184851704, 0.00028956548863722794, 0.16485909999937576
3453.4502184851704, 0.00028956548863722794, 0.16534109999975044
3453.4502184851704, 0.00028956548863722794, 0.1657971999993606
3453.4502184851704, 0.00028956548863722794, 0.16629209999973682
3453.4502184851704, 0.00028956548863722794, 0.16675080000004527
3453.4502184851704, 0.00028956548863722794, 0.16739749999942433
3453.4502184851704, 0.00028956548863722794, 0.167973599999641
3453.4502184851704, 0.00028956548863722794, 0.16882129999976314
3453.4502184851704, 0.00028956548863722794, 0.16932059999999183
3453.4502184851704, 0.00028956548863722794, 0.16978029999972932
3453.4502184851704, 0.00028956548863722794, 0.17030650000015157
3453.4502184851704, 0.00028956548863722794, 0.1707632999996349
3453.4502184851704, 0.00028956548863722794, 0.17126079999979993
3453.4502184851704, 0.00028956548863722794, 0.17175849999966886
3451.3565929555093, 0.00028974114179945325, 0.17232569999941916
3451.3565929555093, 0.00028974114179945325, 0.17278609999993932
3451.3565929555093, 0.00028974114179945325, 0.1732851999995546
3451.3565929555093, 0.00028974114179945325, 0.1737435999993977
3451.3565929555093, 0.00028974114179945325, 0.17424190000019735
3451.3565929555093, 0.00028974114179945325, 0.1746992999997019
3451.3565929555093, 0.00028974114179945325, 0.17522310000003927
3451.3565929555093, 0.00028974114179945325, 0.17599049999989802
3451.3565929555093, 0.00028974114179945325, 0.17647219999980734
3451.3565929555093, 0.00028974114179945325, 0.17694859999937762
3451.3565929555093, 0.00028974114179945325, 0.17742859999998473
3451.3565929555093, 0.00028974114179945325, 0.17789859999993496
3451.3565929555093, 0.00028974114179945325, 0.17837210000016057
3451.3565929555093, 0.00028974114179945325, 0.17884219999996276
3451.3565929555093, 0.00028974114179945325, 0.17932219999966037
3451.3565929555093, 0.00028974114179945325, 0.17979560000003403
3451.3565929555093, 0.00028974114179945325, 0.18030540000017936
3451.3565929555093, 0.00028974114179945325, 0.1807807999994111
3451.3565929555093, 0.00028974114179945325, 0.1812549999995099
3451.3565929555093, 0.00028974114179945325, 0.18172619999950257
3451.3565929555093, 0.00028974114179945325, 0.18223309999939374
3451.3565929555093, 0.00028974114179945325, 0.18272609999985434
3451.3565929555093, 0.00028974114179945325, 0.1835053999993761
3451.3565929555093, 0.00028974114179945325, 0.18427040000005945
3451.3565929555093, 0.00028974114179945325, 0.1848357999997461
3451.3565929555093, 0.00028974114179945325, 0.1853118999997605
3451.3565929555093, 0.00028974114179945325, 0.18578770000021905
3439.841652542374, 0.00029071105620832974, 0.18633129999943776
3439.841652542374, 0.00029071105620832974, 0.18680739999945217
3439.841652542374, 0.00029071105620832974, 0.18728180000016437
3439.841652542374, 0.00029071105620832974, 0.18779869999980292
3439.841652542374, 0.00029071105620832974, 0.1882754999996905
3439.841652542374, 0.00029071105620832974, 0.1887348000000202
3439.841652542374, 0.00029071105620832974, 0.18922920000022714
3439.841652542374, 0.00029071105620832974, 0.1896932999998171
3439.841652542374, 0.00029071105620832974, 0.1902834000002258
3439.841652542374, 0.00029071105620832974, 0.19100669999988895
3439.841652542374, 0.00029071105620832974, 0.19146959999943647
3439.841652542374, 0.00029071105620832974, 0.1920043000000078
3439.841652542374, 0.00029071105620832974, 0.1924632999998721
3439.841652542374, 0.00028974114179945325, 0.1929571999999098
3439.841652542374, 0.00028956548863722794, 0.1934198999997534
3439.841652542374, 0.00029071105620832974, 0.19395389999954205
3439.841652542374, 0.00028956548863722794, 0.1944456999999602
3439.841652542374, 0.00028956548863722794, 0.1949423999994906
3439.841652542374, 0.00028956548863722794, 0.19540349999988393
3439.841652542374, 0.00028956548863722794, 0.19590659999994386
3439.841652542374, 0.00029071105620832974, 0.19637259999944945
3439.841652542374, 0.00029071105620832974, 0.19683319999967352
3439.841652542374, 0.00029071105620832974, 0.1973690999993778
3439.841652542374, 0.00029071105620832974, 0.1980993999995917
3439.841652542374, 0.00029071105620832974, 0.1985568999998577
3439.841652542374, 0.00029071105620832974, 0.19908609999947657
3439.841652542374, 0.00029071105620832974, 0.19954450000022916
3439.841652542374, 0.00029071105620832974, 0.20007900000018708
3439.841652542374, 0.00029071105620832974, 0.2006045999996786
3439.841652542374, 0.00029071105620832974, 0.2012442999994164
3439.841652542374, 0.00029071105620832974, 0.20176449999962642
3439.841652542374, 0.00029071105620832974, 0.20240329999978712
3439.841652542374, 0.00029071105620832974, 0.2029062999999951
3439.841652542374, 0.00029071105620832974, 0.20337599999947997
3439.841652542374, 0.00029071105620832974, 0.2038671999998769
3439.841652542374, 0.00029071105620832974, 0.20434489999934158
3439.841652542374, 0.00029071105620832974, 0.20514989999992395
3439.841652542374, 0.00029071105620832974, 0.205884199999673
3439.841652542374, 0.00029071105620832974, 0.20638270000017656
3439.841652542374, 0.00029071105620832974, 0.20686969999951543
3439.841652542374, 0.00029071105620832974, 0.2073473999998896
3439.841652542374, 0.00029071105620832974, 0.20781960000022082
3439.841652542374, 0.00029071105620832974, 0.20829369999955816
3439.841652542374, 0.00029071105620832974, 0.2087733999996999
3439.841652542374, 0.00029071105620832974, 0.20924899999954505
3439.841652542374, 0.00029071105620832974, 0.20971920000010869
3439.841652542374, 0.00029071105620832974, 0.2102311999997255
3439.841652542374, 0.00029071105620832974, 0.21070939999935945
3439.841652542374, 0.00029071105620832974, 0.21118479999950068
3439.841652542374, 0.00029071105620832974, 0.21165430000019114
3439.841652542374, 0.00029071105620832974, 0.21218339999995806
3439.841652542374, 0.00029071105620832974, 0.21299899999939953
3439.841652542374, 0.00029071105620832974, 0.21347530000002735
3439.841652542374, 0.00029071105620832974, 0.21394710000004125
3439.841652542374, 0.00029071105620832974, 0.21441779999986466
3439.841652542374, 0.00029071105620832974, 0.21506679999947664
3439.841652542374, 0.00029071105620832974, 0.2159247999998115
3439.841652542374, 0.00029071105620832974, 0.21643669999957638
3439.841652542374, 0.00029071105620832974, 0.21698839999953634
3439.841652542374, 0.00029071105620832974, 0.2176350999998249
3439.841652542374, 0.00029071105620832974, 0.2184239999996862
3439.841652542374, 0.00029071105620832974, 0.21896579999975074
3439.841652542374, 0.00029071105620832974, 0.21961999999984982
3439.841652542374, 0.00029071105620832974, 0.22047010000005685
3439.841652542374, 0.00029071105620832974, 0.22101609999936045
3439.841652542374, 0.00029071105620832974, 0.22150409999994736
3439.841652542374, 0.00029071105620832974, 0.2219852999996874
3439.841652542374, 0.00029071105620832974, 0.22246159999940573
3439.841652542374, 0.00029071105620832974, 0.22300850000010541
3439.841652542374, 0.00029071105620832974, 0.22352929999942717
3439.841652542374, 0.00029071105620832974, 0.22423089999938384
3439.841652542374, 0.00029071105620832974, 0.2248089999993681
3439.841652542374, 0.00029071105620832974, 0.22559240000009595
3439.841652542374, 0.00029071105620832974, 0.22621309999976802
3439.841652542374, 0.00029071105620832974, 0.226852400000098
3439.841652542374, 0.0002902713925016663, 0.22745299999951385
3439.841652542374, 0.00029071105620832974, 0.22813229999974283
3439.841652542374, 0.00029071105620832974, 0.22864149999986694
3439.841652542374, 0.00029071105620832974, 0.22911930000009306
3439.841652542374, 0.00029071105620832974, 0.22959799999989627
3439.841652542374, 0.00029071105620832974, 0.2300705999996353
3439.841652542374, 0.00029071105620832974, 0.2305409000000509
3439.841652542374, 0.00029071105620832974, 0.23115809999944759
3439.841652542374, 0.00029071105620832974, 0.2316384999994625
3439.841652542374, 0.00029071105620832974, 0.23211069999979372
3439.841652542374, 0.00029071105620832974, 0.23258369999985007
3439.841652542374, 0.00029071105620832974, 0.23308730000007927
3439.841652542374, 0.00029071105620832974, 0.2335585999999239
3439.841652542374, 0.00029071105620832974, 0.23417499999959546
3439.841652542374, 0.00029071105620832974, 0.23507299999982934
3439.841652542374, 0.00029071105620832974, 0.23557249999976193
3439.841652542374, 0.00029071105620832974, 0.23605880000013713
3439.841652542374, 0.0002901997149212033, 0.2365350000000035
3439.841652542374, 0.00029071105620832974, 0.23702109999976528
3439.841652542374, 0.00028959070046463974, 0.2374960999995892
3439.841652542374, 0.00029071105620832974, 0.23797529999956168
3439.841652542374, 0.00029071105620832974, 0.23844800000006217
3439.841652542374, 0.00029071105620832974, 0.23892590000014025
3439.841652542374, 0.00029071105620832974, 0.23939789999985805
3439.841652542374, 0.00029071105620832974, 0.23987769999985176
3439.841652542374, 0.00029071105620832974, 0.24035379999986617
3439.841652542374, 0.00029071105620832974, 0.24086309999984223
3439.841652542374, 0.00029071105620832974, 0.24133329999949638
3439.841652542374, 0.00029071105620832974, 0.24187809999966703
3439.841652542374, 0.00029071105620832974, 0.24248420000003534
3439.841652542374, 0.00029071105620832974, 0.2429983000001812
3439.841652542374, 0.00029071105620832974, 0.24346499999955995
3439.841652542374, 0.00029071105620832974, 0.24394130000018777
3439.841652542374, 0.00029071105620832974, 0.24440989999948215
3439.841652542374, 0.00029071105620832974, 0.24488490000021557
3439.841652542374, 0.00029071105620832974, 0.2453522999994675
3439.841652542374, 0.00029071105620832974, 0.24582589999954507
3439.841652542374, 0.00029071105620832974, 0.24629519999962213
3439.841652542374, 0.00029071105620832974, 0.24680999999964115
3439.841652542374, 0.00029071105620832974, 0.24729159999969852
3439.841652542374, 0.00029071105620832974, 0.24778770000011718
3439.841652542374, 0.00029071105620832974, 0.24824739999985468
3439.841652542374, 0.00029071105620832974, 0.24873260000003938
3439.841652542374, 0.00029071105620832974, 0.24933650000002672
3439.841652542374, 0.00029071105620832974, 0.2498334000001705
3439.841652542374, 0.00029071105620832974, 0.2502883999995902
3439.841652542374, 0.00029071105620832974, 0.25090110000019195
3439.841652542374, 0.00029071105620832974, 0.25158860000010463
3439.841652542374, 0.00029071105620832974, 0.2520960000001651
3439.841652542374, 0.00029071105620832974, 0.2525942000002033
3439.841652542374, 0.00029071105620832974, 0.2531591999995726
3439.841652542374, 0.00029071105620832974, 0.25361619999966933
3439.841652542374, 0.00029071105620832974, 0.25410849999934726
3439.841652542374, 0.00029071105620832974, 0.2545645999998669
3439.841652542374, 0.00029071105620832974, 0.2550658999998632
3439.841652542374, 0.00029071105620832974, 0.25552849999985483
3439.841652542374, 0.00029071105620832974, 0.2560395000000426
3439.841652542374, 0.00029071105620832974, 0.2566164999998364
3439.841652542374, 0.00029052720274945634, 0.25719109999954526
3439.841652542374, 0.00029071105620832974, 0.2576520000002347
3439.841652542374, 0.00029071105620832974, 0.2581442999999126
3439.841652542374, 0.00029071105620832974, 0.2586003999995228
3439.841652542374, 0.00029071105620832974, 0.2590970000001107
3439.841652542374, 0.00029071105620832974, 0.2595519999995304
3439.841652542374, 0.00029071105620832974, 0.26008099999944534
3439.841652542374, 0.00029071105620832974, 0.26057010000022274
3439.841652542374, 0.00029071105620832974, 0.2611035999998421
3439.841652542374, 0.00029071105620832974, 0.2615605000000869
3439.841652542374, 0.00029071105620832974, 0.26208669999959966
3439.841652542374, 0.00029071105620832974, 0.2625436999996964
3439.841652542374, 0.00029071105620832974, 0.26313889999983076
3439.841652542374, 0.00029071105620832974, 0.26364889999968
3439.841652542374, 0.00029071105620832974, 0.26452449999942473
3439.841652542374, 0.00029071105620832974, 0.265022499999759
3439.841652542374, 0.00029071105620832974, 0.2654849999998987
3439.841652542374, 0.00029071105620832974, 0.26597750000019005
3439.841652542374, 0.00029071105620832974, 0.26643679999961023
3439.841652542374, 0.00029071105620832974, 0.2669630000000325
3439.841652542374, 0.00029071105620832974, 0.2676175999995394
3439.841652542374, 0.00029071105620832974, 0.26817659999960597
3439.841652542374, 0.00029071105620832974, 0.26877389999935986
3439.841652542374, 0.00029071105620832974, 0.26923249999981635
3439.841652542374, 0.00029071105620832974, 0.26972899999964284
3439.841652542374, 0.00029071105620832974, 0.2701900000001842
3439.841652542374, 0.00029071105620832974, 0.2707985999995799
3439.841652542374, 0.00029071105620832974, 0.27142060000005586
3439.841652542374, 0.00029071105620832974, 0.27198479999970004
3439.841652542374, 0.00029071105620832974, 0.272451099999671
3439.841652542374, 0.00029071105620832974, 0.2729855999996289
3439.841652542374, 0.00029071105620832974, 0.27345340000010765
3439.841652542374, 0.00029071105620832974, 0.2739482999995744
3439.841652542374, 0.00029071105620832974, 0.27440849999948114
3439.841652542374, 0.00029071105620832974, 0.2749094000000696
3439.841652542374, 0.00029071105620832974, 0.27540849999968486
3439.841652542374, 0.00029071105620832974, 0.2759027000001879
3439.841652542374, 0.00029071105620832974, 0.2763585000002422
3439.841652542374, 0.00029071105620832974, 0.27685589999964577
3439.841652542374, 0.00029071105620832974, 0.27731690000018716
3439.841652542374, 0.00029071105620832974, 0.277922999999646
3439.841652542374, 0.0002901904414350327, 0.2784764999996696
3439.841652542374, 0.0002901904414350327, 0.2790774999994028
3439.841652542374, 0.00029071105620832974, 0.27954159999990225
3439.841652542374, 0.00029071105620832974, 0.2800407999993695
3439.841652542374, 0.00029071105620832974, 0.28050359999997454
3439.841652542374, 0.00029071105620832974, 0.2810450999995737
3439.841652542374, 0.00029071105620832974, 0.2815055000000939
3439.841652542374, 0.00029071105620832974, 0.2820350000001781
3439.841652542374, 0.00029071105620832974, 0.2825150999997277
3439.841652542374, 0.00029071105620832974, 0.28303219999997964
3439.841652542374, 0.00029071105620832974, 0.2834966999998869
3439.841652542374, 0.00029071105620832974, 0.2841517999995631
3439.841652542374, 0.00029071105620832974, 0.28471259999969334
3439.841652542374, 0.00029071105620832974, 0.2851833999993687
3439.841652542374, 0.00029071105620832974, 0.285693299999366
3439.841652542374, 0.00029071105620832974, 0.2865851999995357
3439.841652542374, 0.00029071105620832974, 0.28713259999949514
3439.841652542374, 0.00029071105620832974, 0.28759919999993144
3439.841652542374, 0.00029071105620832974, 0.2880980999998428
3439.841652542374, 0.00029071105620832974, 0.288559499999792
3439.841652542374, 0.00029071105620832974, 0.2890508000000409
3439.841652542374, 0.00029071105620832974, 0.28954609999982495
3439.841652542374, 0.00029071105620832974, 0.2900757999996131
3439.841652542374, 0.00029071105620832974, 0.29053250000015396
3439.841652542374, 0.00029071105620832974, 0.2910840999993525
3439.841652542374, 0.00029071105620832974, 0.29161349999958475
3439.841652542374, 0.00029071105620832974, 0.2920899000000645
3439.841652542374, 0.00029071105620832974, 0.2925500000001193
3439.841652542374, 0.00029071105620832974, 0.2931699999999182
3439.841652542374, 0.00029071105620832974, 0.2937936999996964
3439.841652542374, 0.00029071105620832974, 0.29425739999987854
3439.841652542374, 0.0002896837335146293, 0.29475769999953627
3439.841652542374, 0.00029071105620832974, 0.29521979999935866
3439.841652542374, 0.00029071105620832974, 0.29575239999940095
3439.841652542374, 0.00029071105620832974, 0.29623780000019906
3439.841652542374, 0.00029071105620832974, 0.2967098999997688
3439.841652542374, 0.00029071105620832974, 0.29719010000007984
3439.841652542374, 0.00029071105620832974, 0.29766319999998814
3439.841652542374, 0.00029071105620832974, 0.29813130000002275
3439.841652542374, 0.00029071105620832974, 0.29860349999944447
3439.841652542374, 0.00029071105620832974, 0.29908400000022084
3439.841652542374, 0.00029071105620832974, 0.29956179999953747
3439.841652542374, 0.00029071105620832974, 0.30003519999991113
3439.841652542374, 0.00029071105620832974, 0.30063030000019353
3439.841652542374, 0.00029071105620832974, 0.30151130000012927
3436.6918948622897, 0.0002909774953917045, 0.3020034000001033
3436.6918948622897, 0.0002909774953917045, 0.30248930000016117
3436.514675582628, 0.00029099250095024245, 0.30300720000013825
3436.514675582628, 0.00029099250095024245, 0.3034799999995812
3436.514675582628, 0.00029099250095024245, 0.30395669999961683
3436.514675582628, 0.00029099250095024245, 0.30443190000005416
3436.514675582628, 0.00029099250095024245, 0.3049100999996881
3436.514675582628, 0.00029099250095024245, 0.30538220000016736
3436.514675582628, 0.00029099250095024245, 0.3058689999998023
3436.514675582628, 0.00029099250095024245, 0.30633269999998447
3436.514675582628, 0.00029099250095024245, 0.3068279999997685
3423.2067677436453, 0.0002921237505787986, 0.30728559999988647
3423.2067677436453, 0.0002921237505787986, 0.3078122999995685
3423.2067677436453, 0.0002921237505787986, 0.30828980000023876
3423.2067677436453, 0.0002921237505787986, 0.30877979999968375
3423.2067677436453, 0.0002921237505787986, 0.3092367999997805
3423.2067677436453, 0.0002921237505787986, 0.3098166999998284
3423.2067677436453, 0.0002921237505787986, 0.3106002999993507
3423.2067677436453, 0.0002921237505787986, 0.31109079999987443
3423.2067677436453, 0.0002921237505787986, 0.3116183000001911
3423.2067677436453, 0.0002921237505787986, 0.3121107999995729
3423.2067677436453, 0.0002921237505787986, 0.3126425999998901
3423.2067677436453, 0.0002921237505787986, 0.3131078999995225
3423.2067677436453, 0.0002921237505787986, 0.31360309999945457
3423.2067677436453, 0.0002921237505787986, 0.31406590000005963
3423.2067677436453, 0.0002921237505787986, 0.3145262999996703
3423.2067677436453, 0.0002921237505787986, 0.31506480000007286
3423.2067677436453, 0.0002921237505787986, 0.3156835999998293
3423.2067677436453, 0.0002921237505787986, 0.3161432999995668
3423.2067677436453, 0.0002921237505787986, 0.3166406000000279
3423.2067677436453, 0.0002921237505787986, 0.31714430000010907
3423.2067677436453, 0.00029099250095024245, 0.31774959999984276
3420.0570100635596, 0.0002921237505787986, 0.3182267000001957
3420.0570100635596, 0.0002921237505787986, 0.3187674999999217
3420.0570100635596, 0.0002921237505787986, 0.3192441000001054
3420.0570100635596, 0.0002921237505787986, 0.3197534999999334
3420.0570100635596, 0.0002921237505787986, 0.3202127999993536
3420.0570100635596, 0.0002921237505787986, 0.320745199999692
3420.0570100635596, 0.0002921237505787986, 0.3212063999999373
3420.0570100635596, 0.0002920204529222762, 0.3217059999997218
3420.0570100635596, 0.0002921237505787986, 0.3221711999995023
3420.0570100635596, 0.0002921237505787986, 0.32274929999948654
3420.0570100635596, 0.0002921237505787986, 0.3232074999996257
3420.0570100635596, 0.0002921237505787986, 0.32370040000023437
3420.0570100635596, 0.0002921237505787986, 0.32415839999976015
3420.0570100635596, 0.0002921237505787986, 0.32465899999988324
3420.0570100635596, 0.0002921237505787986, 0.32511689999955706
3420.0570100635596, 0.0002921237505787986, 0.3256565000001501
3420.0570100635596, 0.0002921237505787986, 0.3261512999997649
3420.0570100635596, 0.0002921237505787986, 0.3266905999998926
3420.0570100635596, 0.0002921237505787986, 0.32714750000013737
3420.0570100635596, 0.0002921237505787986, 0.32764009999937116
3420.0570100635596, 0.0002921237505787986, 0.328096899999764
3420.0570100635596, 0.0002921237505787986, 0.3286207999999533
3420.0570100635596, 0.0002921237505787986, 0.32913009999992937
3420.0570100635596, 0.0002921237505787986, 0.329678199999762
3420.0570100635596, 0.0002921237505787986, 0.3303813000002265
3420.0570100635596, 0.0002921237505787986, 0.3310476999995444
3420.0570100635596, 0.0002921237505787986, 0.33172519999970973
3420.0570100635596, 0.0002921237505787986, 0.33219869999993534
3420.0570100635596, 0.0002921237505787986, 0.3327088999994885
3420.0570100635596, 0.0002921237505787986, 0.33323289999952976
3420.0570100635596, 0.0002921237505787986, 0.33376619999944523
3420.0570100635596, 0.0002921237505787986, 0.3343863000000056
3420.0570100635596, 0.0002921237505787986, 0.334908899999391
3420.0570100635596, 0.0002921237505787986, 0.335562199999913
3420.0570100635596, 0.0002921237505787986, 0.336119200000212
3420.0570100635596, 0.0002921237505787986, 0.33670749999964755
3420.0570100635596, 0.0002921237505787986, 0.3374023999995188
3420.0570100635596, 0.0002921237505787986, 0.3380818999994517
3420.0570100635596, 0.0002921237505787986, 0.3386609999997745
3420.0570100635596, 0.0002921237505787986, 0.3392140999994808
3420.0570100635596, 0.0002920204529222762, 0.33976089999941905
3420.0570100635596, 0.0002921237505787986, 0.3403422999999748
3420.0570100635596, 0.0002921237505787986, 0.3409633000001122
3420.0570100635596, 0.0002921237505787986, 0.3417042000000947
3420.0570100635596, 0.0002921237505787986, 0.34221009999964735
3420.0570100635596, 0.0002921237505787986, 0.34272599999985687
3420.0570100635596, 0.0002921237505787986, 0.3432081000000835
3420.0570100635596, 0.00029137062961861115, 0.34372050000001764
3420.0570100635596, 0.0002921237505787986, 0.34422799999993003
3420.0570100635596, 0.0002921237505787986, 0.34476730000005773
3420.0570100635596, 0.0002921237505787986, 0.34525289999965025
3420.0570100635596, 0.0002921237505787986, 0.34577230000013515
3420.0570100635596, 0.0002921237505787986, 0.3462491999998747
3420.0570100635596, 0.0002921237505787986, 0.34675999999944906
3420.0570100635596, 0.0002921237505787986, 0.34723380000014004
3420.0570100635596, 0.0002921237505787986, 0.3477876999995715
3420.0570100635596, 0.00029078996996284763, 0.3483027000002039
3420.0570100635596, 0.0002921237505787986, 0.3488117999995666
3420.0570100635596, 0.0002921237505787986, 0.34928559999934805
3420.0570100635596, 0.0002921237505787986, 0.34979889999976876
3420.0570100635596, 0.0002921237505787986, 0.3502781999995932
3420.0570100635596, 0.0002921237505787986, 0.35082599999986996
3420.0570100635596, 0.0002921237505787986, 0.35132699999940087
3420.0570100635596, 0.0002921237505787986, 0.35183059999963007
3420.0570100635596, 0.0002921237505787986, 0.3523085999995601
3420.0570100635596, 0.0002921237505787986, 0.3528158999997686
3420.0570100635596, 0.0002921237505787986, 0.35328839999965567
3420.0570100635596, 0.0002921237505787986, 0.35379829999965295
3420.0570100635596, 0.0002921237505787986, 0.354269800000111
3420.0570100635596, 0.0002921237505787986, 0.3547951999998986
3420.0570100635596, 0.0002921237505787986, 0.35530259999995906
3420.0570100635596, 0.0002921237505787986, 0.3558514999995168
3420.0570100635596, 0.0002921237505787986, 0.3563250999995944
3420.0570100635596, 0.0002921237505787986, 0.35683090000020457
3420.0570100635596, 0.0002921237505787986, 0.3573019999994358
3420.0570100635596, 0.0002921237505787986, 0.3578515999997762
3420.0570100635596, 0.0002921237505787986, 0.35834629999953904
3420.0570100635596, 0.0002921237505787986, 0.35889529999985825
3420.0570100635596, 0.0002921237505787986, 0.35936839999976655
3420.0570100635596, 0.0002921237505787986, 0.3598805000001448
3420.0570100635596, 0.0002921237505787986, 0.36035699999956705
3420.0570100635596, 0.0002921237505787986, 0.3608995999993567
3420.0570100635596, 0.0002921237505787986, 0.3613705999996455
3420.0570100635596, 0.0002921237505787986, 0.3618814999999813
3420.0570100635596, 0.0002921237505787986, 0.3623799999995754
3420.0570100635596, 0.0002919405249933137, 0.3628891999996995
3420.0570100635596, 0.0002921237505787986, 0.36337300000013784
3420.0570100635596, 0.0002921237505787986, 0.36388259999966976
3420.0570100635596, 0.0002921237505787986, 0.3643555999997261
3420.0570100635596, 0.0002921237505787986, 0.36486369999965973
3420.0570100635596, 0.0002921237505787986, 0.3653387999993356
3420.0570100635596, 0.0002921237505787986, 0.36586889999944106
3420.0570100635596, 0.0002921237505787986, 0.3663685000001351
3420.0570100635596, 0.0002921237505787986, 0.36687849999998434
3420.0570100635596, 0.0002921237505787986, 0.36738679999962187
3420.0570100635596, 0.0002921237505787986, 0.3678730000001451
3420.0570100635596, 0.0002921237505787986, 0.3683455000000322
3420.0570100635596, 0.0002921237505787986, 0.3688566000000719
3420.0570100635596, 0.0002921237505787986, 0.36933460000000196
3420.0570100635596, 0.0002921237505787986, 0.369883999999729
3420.0570100635596, 0.0002921237505787986, 0.370376099999703
3420.0570100635596, 0.0002921237505787986, 0.37086660000022675
3420.0570100635596, 0.0002910966833225221, 0.37135159999979805
3420.0570100635596, 0.0002921237505787986, 0.3718608999997741
3420.0570100635596, 0.0002921237505787986, 0.3723337999999785
3420.0570100635596, 0.0002921237505787986, 0.37284420000014507
3420.0570100635596, 0.0002921237505787986, 0.3733444999998028
3420.0570100635596, 0.0002921237505787986, 0.37394919999951526
3420.0570100635596, 0.0002921237505787986, 0.37446949999957724
3420.0570100635596, 0.0002921237505787986, 0.3749473999996553
3420.0570100635596, 0.0002921237505787986, 0.37547480000012
3420.0570100635596, 0.0002921237505787986, 0.37594999999964784
3420.0570100635596, 0.0002921237505787986, 0.37646719999975176
3420.0570100635596, 0.0002921237505787986, 0.376945799999703
3420.0570100635596, 0.0002917773251425761, 0.37750119999964227
3420.0570100635596, 0.0002921237505787986, 0.3780163999999786
3420.0570100635596, 0.0002921237505787986, 0.3785311999999976
3420.0570100635596, 0.0002921237505787986, 0.3790023999999903
3420.0570100635596, 0.0002921237505787986, 0.3795220000001791
3420.0570100635596, 0.0002921237505787986, 0.37999500000023545
3420.0570100635596, 0.0002921237505787986, 0.3805080000001908
3420.0570100635596, 0.0002921237505787986, 0.3810228000002098
3420.0570100635596, 0.0002921237505787986, 0.38158889999976964
3420.0570100635596, 0.0002921237505787986, 0.3821412999996028
3420.0570100635596, 0.0002921237505787986, 0.38272169999982
3420.0570100635596, 0.0002921237505787986, 0.38327190000018163
3420.0570100635596, 0.0002921237505787986, 0.3838110999995479
3420.0570100635596, 0.0002921237505787986, 0.38433789999999135
3420.0570100635596, 0.0002921237505787986, 0.38550369999938994
3420.0570100635596, 0.0002921237505787986, 0.3860802999997759
3420.0570100635596, 0.0002921237505787986, 0.3867218999994293
3420.0570100635596, 0.0002921237505787986, 0.3874844000001758
3420.0570100635596, 0.0002921237505787986, 0.3879590999995344
3420.0570100635596, 0.0002921237505787986, 0.3884704000001875
3420.0570100635596, 0.0002921237505787986, 0.38894040000013774
3420.0570100635596, 0.0002921237505787986, 0.3894479999999021
3420.0570100635596, 0.0002921237505787986, 0.3900374999993801
3420.0570100635596, 0.0002921237505787986, 0.39054309999937686
3420.0570100635596, 0.0002921237505787986, 0.39101299999947514
3420.0570100635596, 0.0002921237505787986, 0.3914893999999549
3420.0570100635596, 0.0002921237505787986, 0.39195680000011635
3420.0570100635596, 0.0002921237505787986, 0.3924606999999014
3420.0570100635596, 0.0002921237505787986, 0.3929673000002367
3420.0570100635596, 0.0002921237505787986, 0.3934572999996817
3420.0570100635596, 0.0002921237505787986, 0.39392940000016097
3420.0570100635596, 0.0002921237505787986, 0.39440019999983633
3420.0570100635596, 0.0002921237505787986, 0.39487279999957536
3420.0570100635596, 0.0002921237505787986, 0.3953434999993988
3420.0570100635596, 0.0002921237505787986, 0.3958500999997341
3420.0570100635596, 0.0002921237505787986, 0.3963210000001709
3420.0570100635596, 0.0002921237505787986, 0.39679619999969873
3420.0570100635596, 0.0002921237505787986, 0.39726539999992383
3420.0570100635596, 0.0002921237505787986, 0.3977461999993466
3420.0570100635596, 0.0002921237505787986, 0.39822189999995317
3420.0570100635596, 0.0002921237505787986, 0.398699299999862
3420.0570100635596, 0.0002921237505787986, 0.39916879999964294
3420.0570100635596, 0.0002921237505787986, 0.39965459999984887
3420.0570100635596, 0.0002921237505787986, 0.40012579999984155
3420.0570100635596, 0.0002921237505787986, 0.4006952999998248
3420.0570100635596, 0.0002921237505787986, 0.40156219999971654
3420.0570100635596, 0.0002921237505787986, 0.4022334999999657
3420.0570100635596, 0.0002921237505787986, 0.4029040999994322
3420.0570100635596, 0.0002921237505787986, 0.4033867999996801
3420.0570100635596, 0.0002921237505787986, 0.4038650000002235
3420.0570100635596, 0.0002921237505787986, 0.4043879000000743
3420.0570100635596, 0.0002921237505787986, 0.4048861000001125
3420.0570100635596, 0.0002921237505787986, 0.4054102000000057
3420.0570100635596, 0.0002921237505787986, 0.4058934999993653
3420.0570100635596, 0.0002921237505787986, 0.40637389999938023
3420.0570100635596, 0.0002921237505787986, 0.40685029999986
3420.0570100635596, 0.0002921237505787986, 0.40732959999968443
3420.0570100635596, 0.0002921237505787986, 0.4078066000001854
3420.0570100635596, 0.0002921237505787986, 0.40829049999956624
3420.0570100635596, 0.0002921237505787986, 0.4087664999997287
3420.0570100635596, 0.0002921237505787986, 0.4092360999993616
3420.0570100635596, 0.0002921237505787986, 0.4097167999998419
3420.0570100635596, 0.0002921237505787986, 0.4102207999994789
3420.0570100635596, 0.0002921237505787986, 0.41069210000023304
3420.0570100635596, 0.0002921237505787986, 0.4111641999998028
3420.0570100635596, 0.0002921237505787986, 0.41164169999956357
3420.0570100635596, 0.0002921237505787986, 0.412114499999916
3420.0570100635596, 0.0002921237505787986, 0.41258560000005673
3420.0570100635596, 0.0002921237505787986, 0.41305969999939407
3420.0570100635596, 0.0002921237505787986, 0.41353350000008504
3420.0570100635596, 0.0002921237505787986, 0.4140028000001621
3420.0570100635596, 0.0002921237505787986, 0.41448659999969095
3420.0570100635596, 0.0002921237505787986, 0.41496039999947243
3420.0570100635596, 0.0002921237505787986, 0.41543970000020636
3420.0570100635596, 0.0002921237505787986, 0.41591069999958563
3420.0570100635596, 0.0002921237505787986, 0.41638009999951464
3420.0570100635596, 0.0002921237505787986, 0.4168512999995073
3420.0570100635596, 0.0002921237505787986, 0.4173581999993985
3420.0570100635596, 0.0002921237505787986, 0.41839040000013483
3420.0570100635596, 0.0002921237505787986, 0.4190588999999818
3420.0570100635596, 0.000292073187187189, 0.4195499999996173
3420.0570100635596, 0.0002921237505787986, 0.4200310999995054
3420.0570100635596, 0.00029170444679268493, 0.4205794999998034
3420.0570100635596, 0.00029170444679268493, 0.4210641999998188
3420.0570100635596, 0.0002921237505787986, 0.42154589999972814
3420.0570100635596, 0.0002921237505787986, 0.4220224999999118
3420.0570100635596, 0.0002921237505787986, 0.4224978000002011
3420.0570100635596, 0.0002921237505787986, 0.42297229999985575
3420.0570100635596, 0.0002921237505787986, 0.42344599999978527
3420.0570100635596, 0.0002921237505787986, 0.42391909999969357
3420.0570100635596, 0.0002921237505787986, 0.4243924000002153
3420.0570100635596, 0.0002921237505787986, 0.42488959999991494
3420.0570100635596, 0.0002921237505787986, 0.4253904999995939
3420.0570100635596, 0.0002921237505787986, 0.4258687000001373
3420.0570100635596, 0.0002921237505787986, 0.42634300000008807
3420.0570100635596, 0.0002921237505787986, 0.42682409999997617
3420.0570100635596, 0.0002921237505787986, 0.4272962999993979
3420.0570100635596, 0.0002921237505787986, 0.4277689000000464
3420.0570100635596, 0.0002921237505787986, 0.428242500000124
3420.0570100635596, 0.0002921237505787986, 0.4287176999996518
3420.0570100635596, 0.0002921237505787986, 0.4291888999996445
3420.0570100635596, 0.0002921237505787986, 0.42967510000016773
3420.0570100635596, 0.0002921237505787986, 0.43015250000007654
3420.0570100635596, 0.0002921237505787986, 0.43062879999979486
3420.0570100635596, 0.0002921237505787986, 0.4311002999993434
3420.0570100635596, 0.0002921237505787986, 0.4315716999999495
3420.0570100635596, 0.0002921237505787986, 0.4320440999999846
3420.0570100635596, 0.0002921237505787986, 0.43255909999970754
3420.0570100635596, 0.0002921237505787986, 0.4330355000001873
3420.0570100635596, 0.0002921237505787986, 0.4335104000001593
3420.0570100635596, 0.0002921237505787986, 0.4340965999999753
3420.0570100635596, 0.0002921237505787986, 0.43524539999998524
3420.0570100635596, 0.0002921237505787986, 0.4365061999997124
3420.0570100635596, 0.0002921237505787986, 0.4369866999995793
3420.0570100635596, 0.0002921237505787986, 0.4374582999998893
3420.0570100635596, 0.0002921237505787986, 0.4379211999994368
3420.0570100635596, 0.0002921237505787986, 0.43839070000012725
3420.0570100635596, 0.0002921237505787986, 0.4388497999998435
3420.0570100635596, 0.0002921237505787986, 0.4393122999999832
3420.0570100635596, 0.0002921237505787986, 0.4397726999995939
3420.0570100635596, 0.0002921237505787986, 0.44034689999989496
3420.0570100635596, 0.0002921237505787986, 0.4408187999997608
3420.0570100635596, 0.0002921237505787986, 0.4412795999996888
3420.0570100635596, 0.0002921237505787986, 0.44174370000018826
3420.0570100635596, 0.0002921237505787986, 0.44222069999977975
3420.0570100635596, 0.0002921237505787986, 0.4426927999993495
3420.0570100635596, 0.0002921237505787986, 0.44315869999991264
3420.0570100635596, 0.0002921237505787986, 0.44362159999946016
3420.0570100635596, 0.0002921237505787986, 0.4440796999997474
3420.0570100635596, 0.0002921237505787986, 0.4445568999999523
3420.0570100635596, 0.0002921237505787986, 0.44501539999964734
3420.0570100635596, 0.0002921237505787986, 0.44547919999968144
3420.0570100635596, 0.0002921237505787986, 0.4459385999998631
3420.0570100635596, 0.0002911804337223631, 0.4464020999994318
3420.0570100635596, 0.0002921237505787986, 0.4468650999997408
3420.0570100635596, 0.0002921237505787986, 0.44738580000012007
3420.0570100635596, 0.0002921237505787986, 0.44785809999939374
3420.0570100635596, 0.0002921237505787986, 0.448319399999491
3420.0570100635596, 0.0002921237505787986, 0.44877589999941847
3420.0570100635596, 0.0002921237505787986, 0.4492424000000028
3420.0570100635596, 0.0002921237505787986, 0.44969940000009956
3420.0570100635596, 0.0002921237505787986, 0.4501585999996678
3420.0570100635596, 0.0002921237505787986, 0.4508168000002115
3420.0570100635596, 0.0002921237505787986, 0.45145319999937783
3420.0570100635596, 0.0002921237505787986, 0.4520935999998983
3420.0570100635596, 0.0002921237505787986, 0.4527674000000843
3420.0570100635596, 0.0002921237505787986, 0.4534542999999758
3420.0570100635596, 0.0002921237505787986, 0.45391990000007354
3420.0570100635596, 0.0002921237505787986, 0.4544114999998783
3420.0570100635596, 0.0002921237505787986, 0.4549870999999257
3420.0570100635596, 0.0002921237505787986, 0.455486199999541
3420.0570100635596, 0.0002921237505787986, 0.4559449999997014
3420.0570100635596, 0.0002921237505787986, 0.45644309999988764
3420.0570100635596, 0.0002921237505787986, 0.45690300000023853
3420.0570100635596, 0.0002921237505787986, 0.4574014999998326
3420.0570100635596, 0.0002921237505787986, 0.4578633000000991
3420.0570100635596, 0.0002921237505787986, 0.45839169999999285
3420.0570100635596, 0.0002921237505787986, 0.4588507999997091
3420.0570100635596, 0.0002921237505787986, 0.45938699999987875
3420.0570100635596, 0.0002921237505787986, 0.4598452999998699
3420.0570100635596, 0.0002921237505787986, 0.4603706999996575
3420.0570100635596, 0.0002921237505787986, 0.46082860000024084
3420.0570100635596, 0.0002921237505787986, 0.46132330000000366
3420.0570100635596, 0.0002921237505787986, 0.46178019999933895
3420.0570100635596, 0.0002921237505787986, 0.4623497000002317
3420.0570100635596, 0.0002921237505787986, 0.4628075999999055
3420.0570100635596, 0.0002921237505787986, 0.4633039000000281
3420.0570100635596, 0.0002921237505787986, 0.4637676000002102
3420.0570100635596, 0.0002921237505787986, 0.46426100000007864
3420.0570100635596, 0.0002921237505787986, 0.4647200999997949
3420.0570100635596, 0.0002921237505787986, 0.4652182999998331
3420.0570100635596, 0.0002921237505787986, 0.46569949999957316
3420.0570100635596, 0.0002921237505787986, 0.46620769999935874
3420.0570100635596, 0.0002921237505787986, 0.466700299999502
3420.0570100635596, 0.0002921237505787986, 0.46724360000007437
3420.0570100635596, 0.0002921237505787986, 0.4678507999997237
3420.0570100635596, 0.00029222685605971235, 0.4686609000000317
3420.0570100635596, 0.00029222685605971235, 0.46929779999936727
3420.0570100635596, 0.00029222685605971235, 0.46991889999935665
3420.0570100635596, 0.00029222685605971235, 0.47045859999980166
3420.0570100635596, 0.00029222685605971235, 0.47091980000004696
3420.0570100635596, 0.00029222685605971235, 0.4714683000001969
3420.0570100635596, 0.00029222685605971235, 0.4719461999993655
3420.0570100635596, 0.00029222685605971235, 0.4724824999993871
3420.0570100635596, 0.00029222685605971235, 0.47294529999999213
3420.0570100635596, 0.00029222685605971235, 0.4734477000001789
3420.0570100635596, 0.00029222685605971235, 0.47394769999937125
3420.0570100635596, 0.00029222685605971235, 0.474486899999647
3420.0570100635596, 0.00029222685605971235, 0.47495040000012523
3420.0570100635596, 0.00029222685605971235, 0.4754481999998461
3420.0570100635596, 0.00029222685605971235, 0.4759094000000914
3407.5053773834757, 0.0002934698230081359, 0.47643669999979466
3407.5053773834757, 0.0002934698230081359, 0.4770154999996521
3407.5053773834757, 0.0002934698230081359, 0.4774938000000475
3407.5053773834757, 0.0002934698230081359, 0.4779590999996799
3407.5053773834757, 0.0002934698230081359, 0.4784528999998656
3407.5053773834757, 0.0002934698230081359, 0.47890949999964505
3407.5053773834757, 0.0002934698230081359, 0.47940399999970396
3407.5053773834757, 0.00029222685605971235, 0.47986459999992803
3407.5053773834757, 0.00029222685605971235, 0.48041029999967577
3407.5053773834757, 0.0002934698230081359, 0.4808843999999226
3407.5053773834757, 0.0002934698230081359, 0.48138440000002447
3407.5053773834757, 0.0002934698230081359, 0.481852699999763
3407.5053773834757, 0.0002934698230081359, 0.4823778999998467
3407.5053773834757, 0.0002934698230081359, 0.4828395999993518
3407.5053773834757, 0.0002934698230081359, 0.4833360000002358
3407.5053773834757, 0.0002934698230081359, 0.483846099999937
3407.5053773834757, 0.0002934698230081359, 0.4847316999994291
3407.5053773834757, 0.0002934698230081359, 0.4854653000002145
3407.5053773834757, 0.0002934698230081359, 0.48595409999961703
3407.5053773834757, 0.0002934698230081359, 0.48650889999953506
3407.5053773834757, 0.0002934698230081359, 0.48699759999999515
3407.5053773834757, 0.0002934698230081359, 0.48758079999970505
3407.5053773834757, 0.0002934698230081359, 0.4881279999999606
3407.5053773834757, 0.0002934698230081359, 0.48887699999977485
3407.5053773834757, 0.0002934698230081359, 0.4895013999994262
3407.5053773834757, 0.0002934698230081359, 0.4904102000000421
3407.5053773834757, 0.0002934698230081359, 0.490993399999752
3407.5053773834757, 0.0002934698230081359, 0.4920836999999665
3407.5053773834757, 0.0002934698230081359, 0.4932400999996389
3407.5053773834757, 0.0002934698230081359, 0.4942743999999948
3407.5053773834757, 0.0002934698230081359, 0.49513500000011845
3407.5053773834757, 0.0002934698230081359, 0.495819599999777
3407.5053773834757, 0.0002934698230081359, 0.4963255000002391
3407.5053773834757, 0.0002934698230081359, 0.49678339999991294
3407.5053773834757, 0.0002934698230081359, 0.4972778000001199
3407.5053773834757, 0.0002934698230081359, 0.4977352999994764
3407.5053773834757, 0.0002934698230081359, 0.49826930000017455
3407.5053773834757, 0.0002934698230081359, 0.4987548999997671
3407.5053773834757, 0.0002934698230081359, 0.49946819999968284
3407.5053773834757, 0.0002934698230081359, 0.500261799999862
3407.5053773834757, 0.0002934698230081359, 0.5009977999998227
3407.5053773834757, 0.0002934698230081359, 0.5021810999996887
3407.5053773834757, 0.0002934698230081359, 0.5034857000000557
3407.5053773834757, 0.0002934698230081359, 0.504047499999615
3407.5053773834757, 0.0002934698230081359, 0.5045298999993975
3407.5053773834757, 0.0002934698230081359, 0.5049872999998115
3407.5053773834757, 0.0002934698230081359, 0.5055001999999149
3407.5053773834757, 0.0002934698230081359, 0.5059596000000965
3407.5053773834757, 0.0002934698230081359, 0.5065043999993577
3407.5053773834757, 0.0002934698230081359, 0.5072964999999385
3407.5053773834757, 0.0002934698230081359, 0.5077704999994239
3407.5053773834757, 0.0002934698230081359, 0.5082664999999906
3407.5053773834757, 0.0002934698230081359, 0.5087325999993482
3407.5053773834757, 0.0002934698230081359, 0.509231600000021
3407.5053773834757, 0.0002934698230081359, 0.5096937999996953
3407.5053773834757, 0.0002934698230081359, 0.5102268999999069
3407.5053773834757, 0.0002934698230081359, 0.5107178999996904
3407.5053773834757, 0.0002934698230081359, 0.5112140000001091
3407.5053773834757, 0.0002934698230081359, 0.511674899999889
3407.5053773834757, 0.0002934698230081359, 0.512200600000142
3407.5053773834757, 0.0002934698230081359, 0.5126657999999225
3407.5053773834757, 0.0002934698230081359, 0.5131578000000445
3407.5053773834757, 0.0002934698230081359, 0.5136682000002111
3407.5053773834757, 0.0002934698230081359, 0.5143060999998852
3407.5053773834757, 0.0002934698230081359, 0.5147708999993483
3407.5053773834757, 0.0002934698230081359, 0.5152649999999994
3407.5053773834757, 0.0002934698230081359, 0.5157295999997586
3407.5053773834757, 0.00029310584287650817, 0.5162640999997166
3407.5053773834757, 0.0002934698230081359, 0.5167227000001731
3407.5053773834757, 0.0002934698230081359, 0.5173365999999078
3407.5053773834757, 0.0002934698230081359, 0.5179254999993645
3407.5053773834757, 0.0002934698230081359, 0.5185568999995667
3407.5053773834757, 0.0002934698230081359, 0.519057999999859
3407.5053773834757, 0.0002934698230081359, 0.519521000000168
3407.5053773834757, 0.0002934698230081359, 0.5199830999999904
3407.5053773834757, 0.0002934698230081359, 0.5205099999993763
3407.5053773834757, 0.0002934698230081359, 0.5210226999997758
3407.5053773834757, 0.0002934698230081359, 0.5216707999998107
3407.5053773834757, 0.0002934698230081359, 0.5222132999997484
3407.5053773834757, 0.0002934698230081359, 0.5226720999999088
3407.5053773834757, 0.0002934698230081359, 0.5231668999995236
3407.5053773834757, 0.0002934698230081359, 0.5236236999999164
3407.5053773834757, 0.0002934698230081359, 0.524114599999848
3407.5053773834757, 0.0002934698230081359, 0.5246049999996103
3407.5053773834757, 0.0002934698230081359, 0.5251195000000735
3407.5053773834757, 0.0002934698230081359, 0.5255865999997695
3407.5053773834757, 0.0002934698230081359, 0.5260805999996592
3407.5053773834757, 0.0002934698230081359, 0.5265344999997978
3407.5053773834757, 0.0002934698230081359, 0.5270317999993495
3407.5053773834757, 0.0002934698230081359, 0.5274933000000601
3407.5053773834757, 0.0002934698230081359, 0.5279518999996071
3407.5053773834757, 0.0002934698230081359, 0.5285343999994438
3407.5053773834757, 0.0002934698230081359, 0.5292346999995061
3407.5053773834757, 0.0002934698230081359, 0.5296920000000682
3407.5053773834757, 0.0002934698230081359, 0.5302197999999407
3407.5053773834757, 0.0002931002208852088, 0.5306798999999955
3407.5053773834757, 0.0002934698230081359, 0.5311794999997801
3407.5053773834757, 0.0002934698230081359, 0.5316407999998773
3407.5053773834757, 0.0002934698230081359, 0.5322145000000091
3407.5053773834757, 0.0002934698230081359, 0.5327121000000261
3407.5053773834757, 0.0002934698230081359, 0.5332072000001062
3407.5053773834757, 0.0002934698230081359, 0.5336650999997801
3407.5053773834757, 0.0002934698230081359, 0.5342700999999579
3407.5053773834757, 0.0002934698230081359, 0.5348089999997683
3407.5053773834757, 0.0002934698230081359, 0.535360099999707
3407.5053773834757, 0.0002934698230081359, 0.5358949999999822
3407.5053773834757, 0.0002934698230081359, 0.5365198999998029
3407.5053773834757, 0.0002934698230081359, 0.5370177999993757
3407.5053773834757, 0.0002934698230081359, 0.537472500000149
3407.5053773834757, 0.0002934698230081359, 0.5379291999997804
3407.5053773834757, 0.0002934698230081359, 0.5384275999995225
3407.5053773834757, 0.0002934698230081359, 0.538883999999598
3407.5053773834757, 0.0002934698230081359, 0.5394175999999788
3407.5053773834757, 0.0002934698230081359, 0.5398981999996977
3407.5053773834757, 0.0002934698230081359, 0.5404045999994196
3407.5053773834757, 0.0002934698230081359, 0.5408693999997922
3407.5053773834757, 0.0002934698230081359, 0.541366399999788
3407.5053773834757, 0.0002934698230081359, 0.5418222999996942
3407.5053773834757, 0.0002934698230081359, 0.5423488999995243
3407.5053773834757, 0.0002934698230081359, 0.5428787000000739
3407.5053773834757, 0.0002934698230081359, 0.5436607999999978
3407.5053773834757, 0.0002934698230081359, 0.5441915000001245
3407.5053773834757, 0.0002934698230081359, 0.5446560999998837
3407.5053773834757, 0.0002934698230081359, 0.5451600999995208
3407.5053773834757, 0.0002934698230081359, 0.5456219999996392
3407.5053773834757, 0.0002934698230081359, 0.5461141999994652
3407.5053773834757, 0.0002934698230081359, 0.5465948999999455
3407.5053773834757, 0.0002934698230081359, 0.5471060999998372
3407.5053773834757, 0.0002934698230081359, 0.547602999999981
3407.5053773834757, 0.0002934698230081359, 0.548131800000192
3407.5053773834757, 0.0002934698230081359, 0.5485946999997395
3407.5053773834757, 0.0002934698230081359, 0.5490972999996302
3407.5053773834757, 0.0002934698230081359, 0.5495629999995799
3407.5053773834757, 0.00029230245369370027, 0.5501014999999825
3407.5053773834757, 0.0002934698230081359, 0.5509009999996124
3407.5053773834757, 0.0002934698230081359, 0.5515815999997358
3407.5053773834757, 0.0002934698230081359, 0.5521242999993774
3407.5053773834757, 0.0002934698230081359, 0.5526128000001336
3407.5053773834757, 0.0002934698230081359, 0.5531050999998115
3407.5053773834757, 0.0002934698230081359, 0.5535835999999108
3407.5053773834757, 0.0002934698230081359, 0.5541784999995798
3407.5053773834757, 0.0002934698230081359, 0.5548643000001903
3407.5053773834757, 0.0002934698230081359, 0.5554953000000751
3407.5053773834757, 0.0002934698230081359, 0.5565550000001167
3407.5053773834757, 0.0002934698230081359, 0.5571368000000803
3407.5053773834757, 0.0002934698230081359, 0.5578341999998884
3407.5053773834757, 0.0002934698230081359, 0.5584571999997934
3407.5053773834757, 0.0002934698230081359, 0.5589224999994258
3407.5053773834757, 0.0002934698230081359, 0.559383799999523
3407.5053773834757, 0.0002934698230081359, 0.559849000000213
3407.5053773834757, 0.0002934698230081359, 0.5603516000001036
3407.5053773834757, 0.0002934698230081359, 0.5608125999997355
3407.5053773834757, 0.0002934698230081359, 0.5613454999993337
3407.5053773834757, 0.0002934698230081359, 0.5618108999997276
3407.5053773834757, 0.0002934698230081359, 0.5623737999994773
3407.5053773834757, 0.0002934698230081359, 0.5628339999993841
3407.5053773834757, 0.0002934698230081359, 0.5635035999994216
3407.5053773834757, 0.0002934698230081359, 0.5639694999999847
3407.5053773834757, 0.0002934698230081359, 0.5644266999997853
3407.5053773834757, 0.0002934698230081359, 0.5651168999993388
3407.5053773834757, 0.0002934698230081359, 0.5659170999997514
3407.5053773834757, 0.0002934698230081359, 0.5663925999997446
3407.5053773834757, 0.0002934698230081359, 0.5668673999998646
3407.5053773834757, 0.0002934698230081359, 0.5674719999997251
3407.5053773834757, 0.0002934698230081359, 0.5682907999998861
3407.5053773834757, 0.0002934698230081359, 0.5693440999993982
3407.5053773834757, 0.0002934698230081359, 0.5698285999997097
3407.5053773834757, 0.0002934698230081359, 0.5703106000000844
3407.5053773834757, 0.0002934698230081359, 0.570793899999444
3407.5053773834757, 0.0002934698230081359, 0.571274099999755
3407.5053773834757, 0.0002934698230081359, 0.571746799999346
3407.5053773834757, 0.0002934698230081359, 0.5722222999993392
3407.5053773834757, 0.0002934698230081359, 0.5730561999998827
3407.5053773834757, 0.0002934698230081359, 0.5735819999999876
3407.5053773834757, 0.0002934698230081359, 0.5740574999999808
3407.5053773834757, 0.0002934698230081359, 0.5745299999998679
3407.5053773834757, 0.0002934698230081359, 0.575011099999756
3407.5053773834757, 0.0002934698230081359, 0.5754822999997486
3407.5053773834757, 0.0002934698230081359, 0.5760370999996667
3407.5053773834757, 0.00029331678501554227, 0.5765033999996376
3403.846998146187, 0.0002937852378631069, 0.5770387000002302
3403.846998146187, 0.0002937852378631069, 0.5775014999999257
3403.846998146187, 0.0002937852378631069, 0.5779628999998749
3403.846998146187, 0.0002937852378631069, 0.5784259000001839
3403.846998146187, 0.0002937852378631069, 0.578964399999677
3403.846998146187, 0.0002937852378631069, 0.5794239999995625
3403.846998146187, 0.0002937852378631069, 0.5803867999993599
3403.846998146187, 0.0002937852378631069, 0.5809205999994447
3403.846998146187, 0.0002937852378631069, 0.581390399999691
3403.846998146187, 0.0002937852378631069, 0.5818868999995175
3403.846998146187, 0.0002937852378631069, 0.5823532999993404
3403.846998146187, 0.0002937852378631069, 0.5828200999994806
3403.846998146187, 0.0002937852378631069, 0.5832811999998739
3403.846998146187, 0.0002937852378631069, 0.5840265999995609
3403.846998146187, 0.0002937852378631069, 0.5852703999998994
3403.846998146187, 0.0002937852378631069, 0.5861784999997326
3403.846998146187, 0.0002937852378631069, 0.5871430999995937
3403.846998146187, 0.0002937852378631069, 0.5887179000001197
3403.846998146187, 0.0002937852378631069, 0.5896197000001848
3403.846998146187, 0.0002937852378631069, 0.590550500000063
3403.846998146187, 0.0002937852378631069, 0.5914414999997462
3403.846998146187, 0.0002937852378631069, 0.5923781999999846
3403.846998146187, 0.0002937852378631069, 0.5932701000001543
3403.846998146187, 0.0002937852378631069, 0.5942305999997188
3403.846998146187, 0.0002935464019057234, 0.5953928999997515
3403.846998146187, 0.0002935464019057234, 0.5963998999995965
3403.846998146187, 0.0002937852378631069, 0.5973509999994349
3403.846998146187, 0.0002935464019057234, 0.5983165999996345
3403.846998146187, 0.0002937852378631069, 0.5993526000002021
3403.846998146187, 0.0002937852378631069, 0.6005421999998362
3403.846998146187, 0.0002937852378631069, 0.6019016000000192
3403.846998146187, 0.0002937852378631069, 0.6030085000002146
3403.846998146187, 0.0002937852378631069, 0.6039651000000958
3403.846998146187, 0.0002937852378631069, 0.6049031000002287
3403.846998146187, 0.0002937852378631069, 0.6058831000000282
3403.846998146187, 0.0002937852378631069, 0.6068500000001222
3403.846998146187, 0.0002937852378631069, 0.6077429999995729
3403.846998146187, 0.0002937852378631069, 0.6086906999998973
3403.846998146187, 0.0002937852378631069, 0.6099249999997483
3403.846998146187, 0.0002937852378631069, 0.6109765999999581
3403.846998146187, 0.0002937852378631069, 0.6119192999994993
3403.846998146187, 0.0002937852378631069, 0.6123938000000635
3403.846998146187, 0.0002937852378631069, 0.6129031000000396
3403.846998146187, 0.0002937852378631069, 0.6133894999993572
3403.846998146187, 0.0002937852378631069, 0.6139042999993762
3403.846998146187, 0.0002937852378631069, 0.6143667999995159
3403.846998146187, 0.0002937852378631069, 0.6148666999997658
3403.846998146187, 0.0002937852378631069, 0.6153267999998207
3403.846998146187, 0.0002937852378631069, 0.6158315000002403
3403.846998146187, 0.0002937852378631069, 0.6162924000000203
3403.846998146187, 0.0002937852378631069, 0.6168659999993906
3403.846998146187, 0.0002937852378631069, 0.6174432999996498
3403.846998146187, 0.0002937852378631069, 0.6179719000001569
3403.846998146187, 0.0002937852378631069, 0.6184537999997701
3403.846998146187, 0.0002937852378631069, 0.6190135999995618
3403.846998146187, 0.0002937852378631069, 0.619499999999789
3403.846998146187, 0.0002937852378631069, 0.6200178999997661
3403.846998146187, 0.0002937852378631069, 0.6205829000000449
3403.846998146187, 0.0002937852378631069, 0.6211476999997103
3403.846998146187, 0.0002937852378631069, 0.62182969999958
3403.846998146187, 0.0002937852378631069, 0.6225267999998323
3403.846998146187, 0.0002937852378631069, 0.6230298000000403
3403.846998146187, 0.0002937852378631069, 0.623500900000181
3403.846998146187, 0.0002937852378631069, 0.6240632999997615
3403.846998146187, 0.0002937852378631069, 0.6245389999994586
3403.846998146187, 0.0002937852378631069, 0.6250503000001117
3403.846998146187, 0.0002937852378631069, 0.6255133999993632
3403.846998146187, 0.0002937852378631069, 0.6260302000000593
3403.846998146187, 0.0002937852378631069, 0.626504599999862
3403.846998146187, 0.0002937852378631069, 0.6271087999994052
3403.846998146187, 0.0002937852378631069, 0.6277152000002388
3403.846998146187, 0.0002937852378631069, 0.6282093999998324
3403.846998146187, 0.0002937852378631069, 0.6286927000001015
3403.846998146187, 0.0002937852378631069, 0.6291743000001588
3403.846998146187, 0.0002937852378631069, 0.6296511000000464
3403.846998146187, 0.0002937852378631069, 0.6301635999998325
3403.846998146187, 0.0002937852378631069, 0.630642699999953
3403.846998146187, 0.0002937852378631069, 0.6311214999996082
3403.846998146187, 0.0002937852378631069, 0.6316686999998637
3403.846998146187, 0.0002937852378631069, 0.6321804999997767
3403.846998146187, 0.0002937852378631069, 0.6326594000001933
3403.846998146187, 0.0002937852378631069, 0.6331340999995518
3403.846998146187, 0.0002937852378631069, 0.633606499999587
3403.846998146187, 0.0002937852378631069, 0.634220799999639
3403.846998146187, 0.0002937852378631069, 0.6348618000001807
3403.846998146187, 0.0002937852378631069, 0.6354099000000133
3403.846998146187, 0.0002937852378631069, 0.6358989999998812
3403.846998146187, 0.0002937852378631069, 0.6363648999995348
3403.846998146187, 0.0002937852378631069, 0.6368578999999954
3403.846998146187, 0.0002937852378631069, 0.6373208999993949
3403.846998146187, 0.0002937852378631069, 0.6378139999997074
3403.846998146187, 0.0002937852378631069, 0.638278999999784
3403.846998146187, 0.0002937852378631069, 0.6387882999997601
3403.846998146187, 0.0002937852378631069, 0.6394576000002417
3403.846998146187, 0.0002937852378631069, 0.6400990000001912
3403.846998146187, 0.0002937852378631069, 0.6405730999995285
3403.846998146187, 0.0002937852378631069, 0.6410697000001164
3403.846998146187, 0.0002937852378631069, 0.6415299999998751
3403.846998146187, 0.0002937852378631069, 0.6420624000002135
3403.846998146187, 0.0002937852378631069, 0.6425635999994483
3403.846998146187, 0.0002937852378631069, 0.643324599999687
3403.846998146187, 0.0002937852378631069, 0.6439960999996401
3403.846998146187, 0.0002937852378631069, 0.6445499999999811
3403.846998146187, 0.0002937852378631069, 0.6450611999998728
3403.846998146187, 0.0002937852378631069, 0.6455384000000777
3403.846998146187, 0.0002937852378631069, 0.6461246999997456
3403.846998146187, 0.0002937852378631069, 0.6466069999996762
3403.846998146187, 0.0002937852378631069, 0.6471057999997356
3403.846998146187, 0.0002937852378631069, 0.6475722999994105
3403.846998146187, 0.0002937852378631069, 0.6480670999999347
3403.846998146187, 0.0002937852378631069, 0.6485280999995666
3403.846998146187, 0.0002937852378631069, 0.6490229999999428
3403.846998146187, 0.0002937852378631069, 0.6494842000001881
3403.846998146187, 0.0002937852378631069, 0.6500873999993928
3403.846998146187, 0.0002937852378631069, 0.6507173999998486
3403.846998146187, 0.0002937852378631069, 0.6512050000001182
3403.846998146187, 0.0002937852378631069, 0.6517444999999498
3403.846998146187, 0.0002937852378631069, 0.6522108999997727
3403.846998146187, 0.0002937852378631069, 0.6527059000000008
3403.846998146187, 0.0002937852378631069, 0.6531860999994024
3403.846998146187, 0.0002937852378631069, 0.6537466999998287
3403.846998146187, 0.0002937852378631069, 0.6542116000000533
3403.846998146187, 0.0002937852378631069, 0.654720599999564
3403.846998146187, 0.0002937852378631069, 0.655189999999493
3403.846998146187, 0.0002937852378631069, 0.6556937999994261
3403.846998146187, 0.0002937852378631069, 0.6561535999999251
3403.846998146187, 0.0002937852378631069, 0.6566155000000435
3403.846998146187, 0.0002937852378631069, 0.65714349999962
3403.846998146187, 0.0002937852378631069, 0.6576445000000604
3403.846998146187, 0.0002937852378631069, 0.6581056999993962
3403.846998146187, 0.0002937852378631069, 0.6585702000002129
3403.846998146187, 0.0002937852378631069, 0.6591059000002133
3403.846998146187, 0.0002937852378631069, 0.6595731999996133
3403.846998146187, 0.0002937852378631069, 0.6601032999997187
3403.846998146187, 0.0002937852378631069, 0.6605877000001783
3403.846998146187, 0.0002937852378631069, 0.6611425000000963
3403.846998146187, 0.0002937852378631069, 0.6616276999993715
3403.846998146187, 0.0002937852378631069, 0.6621412999993481
3403.846998146187, 0.0002937852378631069, 0.6626212000001033
3403.846998146187, 0.0002937852378631069, 0.6630975999996735
3403.846998146187, 0.0002937852378631069, 0.6635636999999406
3403.846998146187, 0.0002937852378631069, 0.6640567999993436
3403.846998146187, 0.0002937852378631069, 0.6645486999996137
3403.846998146187, 0.0002937852378631069, 0.6650751999995919
3403.846998146187, 0.0002937852378631069, 0.6655774000000747
3403.846998146187, 0.0002937852378631069, 0.6660707000000912
3403.846998146187, 0.0002937852378631069, 0.6665291999997862
3403.846998146187, 0.0002937852378631069, 0.6670626999994056
3403.846998146187, 0.0002937852378631069, 0.6677663000000393
3403.846998146187, 0.0002937852378631069, 0.6683391999995365
3403.846998146187, 0.0002937852378631069, 0.6688039999999091
3403.846998146187, 0.0002937852378631069, 0.6692622000000483
3403.846998146187, 0.0002937852378631069, 0.6697957999995197
3403.846998146187, 0.0002937852378631069, 0.6702759999998307
3403.846998146187, 0.0002937852378631069, 0.6707341999999699
3403.846998146187, 0.0002937852378631069, 0.6711888999998337
3403.846998146187, 0.0002937852378631069, 0.6716720999993413
3403.846998146187, 0.0002937852378631069, 0.6722464999993463
3403.846998146187, 0.0002937852378631069, 0.6727199999995719
3403.846998146187, 0.0002937852378631069, 0.6731785000001764
3403.846998146187, 0.0002937852378631069, 0.6736419999997452
3403.846998146187, 0.0002937852378631069, 0.6741020999998
3403.846998146187, 0.0002937852378631069, 0.6746564999994007
3403.846998146187, 0.0002937852378631069, 0.6751298999997744
3403.846998146187, 0.0002937852378631069, 0.6757017999998425
3403.846998146187, 0.0002937852378631069, 0.6761632999996436
3403.846998146187, 0.0002937852378631069, 0.6766237000001638
3403.846998146187, 0.0002937852378631069, 0.677079699999922
3403.846998146187, 0.0002937852378631069, 0.6775423999997656
3403.846998146187, 0.0002937852378631069, 0.6780011000000741
3403.846998146187, 0.0002937852378631069, 0.6784612000001289
3403.846998146187, 0.0002937852378631069, 0.6789160999996966
3403.846998146187, 0.0002937852378631069, 0.6794109000002209
3403.846998146187, 0.0002937852378631069, 0.6799039999996239
3403.846998146187, 0.0002937852378631069, 0.6804698999994798
3403.846998146187, 0.0002937852378631069, 0.680928199999471
3403.846998146187, 0.0002937852378631069, 0.6813844999996945
3403.846998146187, 0.0002937852378631069, 0.6818456999999398
3403.846998146187, 0.0002937852378631069, 0.6823908999995183
3403.846998146187, 0.0002937852378631069, 0.6829600000000937
3403.846998146187, 0.0002937852378631069, 0.683422199999768
3403.846998146187, 0.0002937852378631069, 0.6839516999998523
3403.846998146187, 0.0002937852378631069, 0.6844114999994417
3403.846998146187, 0.0002937852378631069, 0.6848711000002368
3403.846998146187, 0.0002937852378631069, 0.6853322999995726
3403.846998146187, 0.0002937852378631069, 0.6857875999994576
3403.846998146187, 0.0002937852378631069, 0.6862451999995756
3403.846998146187, 0.0002937852378631069, 0.686738599999444
3403.846998146187, 0.0002937852378631069, 0.6872358999999051
3403.846998146187, 0.0002937852378631069, 0.6876959000001079
3403.846998146187, 0.0002937852378631069, 0.6881558999994013
3403.846998146187, 0.0002937852378631069, 0.6886153999994349
3403.846998146187, 0.0002937852378631069, 0.6890761999993629
3403.846998146187, 0.0002937852378631069, 0.6895339000002423
3403.846998146187, 0.0002937852378631069, 0.6900120999998762
3403.846998146187, 0.0002937852378631069, 0.6905421999999817
3403.846998146187, 0.0002937852378631069, 0.691007599999466
3403.846998146187, 0.0002937852378631069, 0.6914704000000711
3403.846998146187, 0.0002937852378631069, 0.6919307999996818
3403.846998146187, 0.00029306421049231054, 0.6925037000000884
3403.846998146187, 0.0002937852378631069, 0.6929667999993399
3403.846998146187, 0.0002937852378631069, 0.6934252999999444
3403.846998146187, 0.0002937852378631069, 0.6940121999996336
3403.846998146187, 0.0002937852378631069, 0.6945140999996511
3403.846998146187, 0.0002937852378631069, 0.6949829999994108
3403.846998146187, 0.0002937852378631069, 0.6954455999994025
3403.846998146187, 0.0002937852378631069, 0.6959089000001768
3403.846998146187, 0.0002937852378631069, 0.6963741999998092
3403.846998146187, 0.0002937852378631069, 0.696939200000088
3403.846998146187, 0.0002937852378631069, 0.6975204000000303
3403.846998146187, 0.0002937852378631069, 0.6979989999999816
3403.846998146187, 0.0002937852378631069, 0.6984551999994437
3403.846998146187, 0.0002937852378631069, 0.6989177999994354
3403.846998146187, 0.0002937852378631069, 0.6993882999995549
3403.846998146187, 0.0002937852378631069, 0.6998500999998214
3403.846998146187, 0.0002928311775685867, 0.7004657999996198
3403.846998146187, 0.0002928311775685867, 0.7010783999994601
3403.846998146187, 0.0002937852378631069, 0.7015592999996443
3403.846998146187, 0.0002937852378631069, 0.7020781999999599
3403.846998146187, 0.0002937852378631069, 0.7025986999997258
3403.846998146187, 0.0002937852378631069, 0.7031273000002329
3403.846998146187, 0.0002937852378631069, 0.7035946999994849
3403.846998146187, 0.0002937852378631069, 0.704055100000005
3403.846998146187, 0.0002937852378631069, 0.7045164000001023
3403.846998146187, 0.0002937852378631069, 0.7050865000001068
3403.846998146187, 0.0002937852378631069, 0.7055497999999716
3403.846998146187, 0.0002937852378631069, 0.7060098000001744
3403.846998146187, 0.0002937852378631069, 0.7064689999997427
3403.846998146187, 0.0002937852378631069, 0.706931099999565
3403.846998146187, 0.0002937852378631069, 0.7073884000001271
3403.846998146187, 0.0002937852378631069, 0.7078467000001183
3403.846998146187, 0.0002937852378631069, 0.7083032000000458
3403.846998146187, 0.0002937852378631069, 0.708799199999703
3403.846998146187, 0.0002937852378631069, 0.7092953999999736
3403.846998146187, 0.0002937852378631069, 0.7097580999998172
3403.846998146187, 0.0002937852378631069, 0.710218199999872
3403.846998146187, 0.0002937852378631069, 0.7107851999999184
3403.846998146187, 0.0002937852378631069, 0.711244799999804
3403.846998146187, 0.0002937852378631069, 0.7117060999999012
3403.846998146187, 0.0002937852378631069, 0.7122626999998829
3403.846998146187, 0.0002937852378631069, 0.7128160000002026
3403.846998146187, 0.0002937852378631069, 0.7132824999998775
3403.846998146187, 0.0002937852378631069, 0.7137437000001228
3403.846998146187, 0.0002937852378631069, 0.7142022999996698
3403.846998146187, 0.0002937852378631069, 0.7146630999995978
3403.846998146187, 0.0002937852378631069, 0.7151217000000543
3403.846998146187, 0.0002937852378631069, 0.7155799000001934
3403.846998146187, 0.0002937852378631069, 0.7160689000002094
3403.846998146187, 0.0002937852378631069, 0.7165660999999091
3403.846998146187, 0.0002937852378631069, 0.7170295999994778
3403.846998146187, 0.00029333250713415367, 0.7174887999999555
3403.846998146187, 0.0002937852378631069, 0.7179492999994181
3403.846998146187, 0.0002937852378631069, 0.7184117999995578
3403.846998146187, 0.0002937852378631069, 0.7188716999999087
3403.846998146187, 0.0002937852378631069, 0.7193510999995851
3403.846998146187, 0.0002937852378631069, 0.7198981000001368
3403.846998146187, 0.0002937852378631069, 0.7203607000001284
3403.846998146187, 0.0002937852378631069, 0.7209109999994325
3403.846998146187, 0.0002937852378631069, 0.7213726999998471
3403.846998146187, 0.0002937852378631069, 0.7218361999994158
3403.846998146187, 0.0002937852378631069, 0.7222989000001689
3403.846998146187, 0.0002937852378631069, 0.7228703000000678
3403.846998146187, 0.0002937852378631069, 0.7233636999999362
3403.846998146187, 0.0002937852378631069, 0.7238557000000583
3403.846998146187, 0.0002937852378631069, 0.7243143999994572
3403.846998146187, 0.0002937852378631069, 0.7247719999995752
3403.846998146187, 0.0002937852378631069, 0.7252287000001161
3403.846998146187, 0.0002937852378631069, 0.7256857000002128
3403.846998146187, 0.0002937852378631069, 0.7261451999993369
3403.846998146187, 0.0002937852378631069, 0.7266104000000269
3403.846998146187, 0.0002937852378631069, 0.7271810000002006
3403.846998146187, 0.0002937852378631069, 0.727638599999409
3403.846998146187, 0.0002937852378631069, 0.7281005999993795
3403.846998146187, 0.0002937852378631069, 0.7285577000002377
3403.846998146187, 0.0002937852378631069, 0.7290214999993623
3403.846998146187, 0.0002937852378631069, 0.7294768000001568
3403.846998146187, 0.0002937852378631069, 0.7299427999996624
3403.846998146187, 0.0002937852378631069, 0.7303978999998435
3403.846998146187, 0.0002937852378631069, 0.7309438000002046
3403.846998146187, 0.0002937852378631069, 0.7314361999997345
3403.846998146187, 0.0002937852378631069, 0.7318962999997893
3403.846998146187, 0.0002937852378631069, 0.7323539999997593
3403.846998146187, 0.0002937852378631069, 0.7329009999994014
3403.846998146187, 0.0002937852378631069, 0.7333693000000494
3403.846998146187, 0.0002937852378631069, 0.7338321999995969
3403.846998146187, 0.0002937852378631069, 0.7343915000001289
3403.846998146187, 0.0002937852378631069, 0.7348666999996567
3403.846998146187, 0.00029292228143285324, 0.7353240000002188
3403.846998146187, 0.0002937852378631069, 0.7357879000001049
3403.846998146187, 0.0002937852378631069, 0.736249499999758
3403.846998146187, 0.0002937852378631069, 0.7367059999996854
3403.846998146187, 0.0002937852378631069, 0.7371610999998666
3403.846998146187, 0.0002937852378631069, 0.7376201999995828
3403.846998146187, 0.0002937852378631069, 0.7381131000001915
3403.846998146187, 0.0002937852378631069, 0.738600900000165
3403.846998146187, 0.0002937852378631069, 0.7390660000000935
3403.846998146187, 0.0002937852378631069, 0.7395274000000427
3403.846998146187, 0.0002937852378631069, 0.7399844000001394
3403.846998146187, 0.0002937852378631069, 0.7404402000001937
3403.846998146187, 0.0002937852378631069, 0.740973899999517
3403.846998146187, 0.0002937852378631069, 0.7419138999994175
3403.846998146187, 0.0002937852378631069, 0.7429216000000451
3403.846998146187, 0.0002937852378631069, 0.7434518999998545
3403.846998146187, 0.0002937852378631069, 0.7439248999999108
3403.846998146187, 0.0002937852378631069, 0.7446023000002242
3403.846998146187, 0.0002937852378631069, 0.7454731999996511
3403.846998146187, 0.0002937852378631069, 0.7465862999997626
3403.846998146187, 0.0002937852378631069, 0.7476829999995971
3403.846998146187, 0.0002937852378631069, 0.748859999999695
3403.846998146187, 0.0002937852378631069, 0.7495202000000063
3403.846998146187, 0.0002937852378631069, 0.7503736999997273
3403.846998146187, 0.0002937852378631069, 0.7512152999997852
3403.846998146187, 0.0002937852378631069, 0.7517036999997799
3403.846998146187, 0.0002937852378631069, 0.7521984999993947
3403.846998146187, 0.0002937852378631069, 0.752699599999687
3403.846998146187, 0.0002937852378631069, 0.7532294000002366
3403.846998146187, 0.0002937852378631069, 0.753703499999574
3403.846998146187, 0.0002937852378631069, 0.7541629999996076
3403.846998146187, 0.0002937852378631069, 0.754621799999768
3403.846998146187, 0.0002937852378631069, 0.7550786000001608
3403.846998146187, 0.0002937852378631069, 0.7555344000002151
3403.846998146187, 0.0002937852378631069, 0.755998699999509
3403.846998146187, 0.0002937852378631069, 0.7565544999997655
3403.846998146187, 0.0002937852378631069, 0.757019599999694
3393.819179025425, 0.0002946532938997539, 0.7574819000001298
3393.819179025425, 0.0002946532938997539, 0.7579439000001003
3393.819179025425, 0.0002946532938997539, 0.7584017999997741
3393.819179025425, 0.0002946532938997539, 0.7588623000001462
3393.819179025425, 0.0002946532938997539, 0.7593210999993971
3393.819179025425, 0.0002946532938997539, 0.7597891999994317
3393.819179025425, 0.0002946532938997539, 0.7602827999999135
3393.819179025425, 0.0002946532938997539, 0.7607749999997395
3393.819179025425, 0.0002946532938997539, 0.7613184000001638
3390.238432203391, 0.0002949645047089145, 0.7617896000001565
3390.238432203391, 0.0002949645047089145, 0.7623493000000963
3390.238432203391, 0.0002949645047089145, 0.7628196999994543
3390.238432203391, 0.0002949645047089145, 0.7633896999996068
3390.238432203391, 0.0002949645047089145, 0.7639686000002257
3390.238432203391, 0.0002949645047089145, 0.764436200000091
3390.238432203391, 0.0002949645047089145, 0.7648957000001246
3390.238432203391, 0.0002949645047089145, 0.7653590999998414
3390.238432203391, 0.0002949645047089145, 0.765824000000066
3390.238432203391, 0.0002949645047089145, 0.7662871000002269
3390.238432203391, 0.0002949645047089145, 0.7667498999999225
3390.238432203391, 0.0002949645047089145, 0.7672260999997889
3390.238432203391, 0.0002949645047089145, 0.767701699999634
3390.238432203391, 0.0002949645047089145, 0.7681935999999041
3390.238432203391, 0.0002949645047089145, 0.7686515999994299
3390.238432203391, 0.0002949645047089145, 0.7691110999994635
3390.238432203391, 0.0002949645047089145, 0.7695715999998356
3390.238432203391, 0.0002949645047089145, 0.7700319999994463
3390.238432203391, 0.0002949645047089145, 0.7704900999997335
3390.238432203391, 0.0002949645047089145, 0.7710294999997132
3390.238432203391, 0.0002949645047089145, 0.7715927999997803
3390.238432203391, 0.0002946532938997539, 0.772055200000068
3390.238432203391, 0.0002937852378631069, 0.7725156999995306
3390.238432203391, 0.0002949645047089145, 0.7729731999997966
3390.238432203391, 0.0002937852378631069, 0.7735327000000325
3390.238432203391, 0.0002937852378631069, 0.7739975999993476
3390.238432203391, 0.0002949645047089145, 0.774453199999698
3390.238432203391, 0.0002949645047089145, 0.7749463000000105
3390.238432203391, 0.0002949645047089145, 0.775437499999498
3390.238432203391, 0.0002937852378631069, 0.7759011999996801
3390.238432203391, 0.0002937852378631069, 0.7763645999993969
3390.238432203391, 0.0002949645047089145, 0.7768264999995154
3390.238432203391, 0.0002937852378631069, 0.7773035000000164
3390.238432203391, 0.0002949645047089145, 0.7778987000001507
3390.238432203391, 0.0002949645047089145, 0.7784553000001324
3390.238432203391, 0.0002949645047089145, 0.7789279999997234
3390.238432203391, 0.0002949645047089145, 0.7793872000002011
3390.238432203391, 0.0002949645047089145, 0.7798511000000872
3390.238432203391, 0.0002949645047089145, 0.7803146999995079
3390.238432203391, 0.0002949645047089145, 0.7807740999996895
3390.238432203391, 0.0002949645047089145, 0.7812373999995543
3390.238432203391, 0.0002949645047089145, 0.7819632999999158
3390.238432203391, 0.0002949645047089145, 0.7829909000001862
3390.238432203391, 0.0002949645047089145, 0.7837885999997525
3390.238432203391, 0.0002949645047089145, 0.7842642999994496
3390.238432203391, 0.0002949645047089145, 0.7848646000002191
3390.238432203391, 0.0002949645047089145, 0.785743100000218
3390.238432203391, 0.0002949645047089145, 0.7867541999994501
3390.238432203391, 0.0002949645047089145, 0.7880085999995572
3390.238432203391, 0.0002947539476944194, 0.7892308999998932
3390.238432203391, 0.0002949645047089145, 0.7897551999994903
3390.238432203391, 0.0002949645047089145, 0.7904730999998719
3390.238432203391, 0.0002949645047089145, 0.7912993999998434
3390.238432203391, 0.0002949645047089145, 0.7919225999994524
3390.238432203391, 0.0002949645047089145, 0.7924191000001883
3390.238432203391, 0.0002949645047089145, 0.7929077999997389
3390.238432203391, 0.0002949645047089145, 0.7933967999997549
3390.238432203391, 0.0002949645047089145, 0.7938856999999189
3390.238432203391, 0.0002949645047089145, 0.7943749999994907
3390.238432203391, 0.0002949645047089145, 0.7948574000001827
3390.238432203391, 0.0002949645047089145, 0.7953425999994579
3390.238432203391, 0.0002949645047089145, 0.7958349999998973
3390.238432203391, 0.0002944856100214975, 0.7963119999994888
3390.238432203391, 0.0002949645047089145, 0.7968261999994866
3390.238432203391, 0.0002949645047089145, 0.7973032999998395
3390.238432203391, 0.0002949645047089145, 0.7977753999994093
3390.238432203391, 0.0002949645047089145, 0.7982351000000563
3390.238432203391, 0.0002949645047089145, 0.7986906999994972
3390.238432203391, 0.0002949645047089145, 0.7991480999999112
3390.238432203391, 0.0002949645047089145, 0.7996048999993945
3390.238432203391, 0.0002949645047089145, 0.800063499999851
3390.238432203391, 0.0002949645047089145, 0.8006138000000647
3390.238432203391, 0.0002949645047089145, 0.8010849000002054
3390.238432203391, 0.0002949645047089145, 0.8015414000001329
3390.238432203391, 0.0002949645047089145, 0.802538299999469
3390.238432203391, 0.0002949645047089145, 0.8033031999993909
3390.238432203391, 0.0002949645047089145, 0.8040629999995872
3390.238432203391, 0.0002949645047089145, 0.8045324999993682
3390.238432203391, 0.0002949645047089145, 0.8050345000001471
3390.238432203391, 0.0002949645047089145, 0.8055280999997194
3390.238432203391, 0.0002949645047089145, 0.8059831999999005
3390.238432203391, 0.0002949645047089145, 0.806446099999448
3390.238432203391, 0.0002949645047089145, 0.8069734999999127
3390.238432203391, 0.0002949645047089145, 0.8075296999995771
3390.238432203391, 0.00029381118988600286, 0.8079937000002246
3390.238432203391, 0.0002949645047089145, 0.8085030000002007
3390.238432203391, 0.0002949645047089145, 0.809485499999937
3390.238432203391, 0.0002949645047089145, 0.8100893000000724
3390.238432203391, 0.0002949645047089145, 0.8111130999996021
3390.238432203391, 0.0002949645047089145, 0.8122081999999864
3390.238432203391, 0.0002949645047089145, 0.813162999999804
3390.238432203391, 0.0002949645047089145, 0.8141310999999405
3390.238432203391, 0.0002949645047089145, 0.8151840000000448
3390.238432203391, 0.0002949645047089145, 0.8165596999997433
3390.238432203391, 0.0002949645047089145, 0.817929799999547
3390.238432203391, 0.0002949645047089145, 0.8185883999994985
3390.238432203391, 0.0002949645047089145, 0.8191145000000688
3390.238432203391, 0.0002949645047089145, 0.8196361000000252
3390.238432203391, 0.0002949645047089145, 0.8204160999994201
3390.238432203391, 0.0002949645047089145, 0.821120399999927
3390.238432203391, 0.0002949645047089145, 0.8225295000002006
3390.238432203391, 0.0002949645047089145, 0.8245090999998865
3390.238432203391, 0.0002949645047089145, 0.8253966000002038
3390.238432203391, 0.0002949645047089145, 0.8258774999994785
3390.238432203391, 0.0002949645047089145, 0.8263594000000012
3390.238432203391, 0.0002949645047089145, 0.8268386999998256
3390.238432203391, 0.0002949645047089145, 0.8273134000000937
3390.238432203391, 0.0002949645047089145, 0.8277913000001718
3390.238432203391, 0.0002949645047089145, 0.8282700999998269
3390.238432203391, 0.0002949645047089145, 0.8287406999997984
3390.238432203391, 0.0002949645047089145, 0.829214100000172
3390.238432203391, 0.0002949645047089145, 0.8296865000002072
3390.238432203391, 0.0002949645047089145, 0.8302321999999549
3390.238432203391, 0.0002949645047089145, 0.8307058000000325
3390.238432203391, 0.0002949645047089145, 0.8311745000000883
3390.238432203391, 0.0002949645047089145, 0.8316484999995737
3390.238432203391, 0.0002949645047089145, 0.8321233999995457
3390.238432203391, 0.0002949645047089145, 0.8325973000000886
3390.238432203391, 0.0002949645047089145, 0.8330664999994042
3390.238432203391, 0.0002949645047089145, 0.8336935999996058
3390.238432203391, 0.0002949645047089145, 0.8343764999999621
3390.238432203391, 0.0002949645047089145, 0.8357747999998537
3390.238432203391, 0.0002949645047089145, 0.8367582999999286
3390.238432203391, 0.0002949645047089145, 0.8387063000000126
3390.238432203391, 0.0002949645047089145, 0.8394577999997637
3390.238432203391, 0.0002949645047089145, 0.8399241999995866
3390.238432203391, 0.0002949645047089145, 0.8404227999999421
3390.238432203391, 0.0002949645047089145, 0.8409222999998747
3390.238432203391, 0.0002947752336540456, 0.8414261999996597
3390.238432203391, 0.0002949645047089145, 0.8418843999997989
3390.238432203391, 0.0002949645047089145, 0.842376399999921
3390.238432203391, 0.0002949645047089145, 0.8428388000002087
3390.238432203391, 0.0002949645047089145, 0.843369299999722
3390.238432203391, 0.0002949645047089145, 0.8438815999998042
3390.238432203391, 0.0002949645047089145, 0.8443943000002037
3390.238432203391, 0.0002949645047089145, 0.8449252999998862
3390.238432203391, 0.0002944828583074292, 0.8454646000000139
3390.238432203391, 0.0002949645047089145, 0.845928300000196
3390.238432203391, 0.0002949645047089145, 0.846458399999392
3390.238432203391, 0.0002949645047089145, 0.8469219999997222
3390.238432203391, 0.0002949645047089145, 0.8474197999994431
3390.238432203391, 0.0002949645047089145, 0.8479148999995232
3390.238432203391, 0.0002949645047089145, 0.8484434000001784
3390.238432203391, 0.0002949645047089145, 0.848906100000022
3390.238432203391, 0.00029458161539760996, 0.8494953999997961
3390.238432203391, 0.0002949645047089145, 0.8502951999998913
3390.238432203391, 0.0002949645047089145, 0.8508780000001934
3390.238432203391, 0.0002949645047089145, 0.8527414999998655
3390.238432203391, 0.0002949645047089145, 0.8538941999995586
3390.238432203391, 0.0002949645047089145, 0.8556473999997252
3390.238432203391, 0.0002949645047089145, 0.8563743999993676
3390.238432203391, 0.0002949645047089145, 0.8568574000000808
3390.238432203391, 0.0002949645047089145, 0.8573590999994849
3390.238432203391, 0.0002949645047089145, 0.8578186999993704
3390.238432203391, 0.0002949645047089145, 0.8583129999997254
3390.238432203391, 0.0002949645047089145, 0.858791900000142
3390.238432203391, 0.0002949645047089145, 0.8593460000001869
3390.238432203391, 0.0002949645047089145, 0.8598031000001356
3390.238432203391, 0.0002949645047089145, 0.8602967999995599
3390.238432203391, 0.0002949645047089145, 0.8607538999995086
3390.238432203391, 0.0002949645047089145, 0.8612459999994826
3390.238432203391, 0.0002949645047089145, 0.8617052999998123
3390.238432203391, 0.0002949645047089145, 0.8621962999995958
3390.238432203391, 0.0002949645047089145, 0.8626898000002257
3390.238432203391, 0.0002949645047089145, 0.8632235999994009
3390.238432203391, 0.0002949645047089145, 0.8636823999995613
3390.238432203391, 0.0002949645047089145, 0.8641579999994065
3390.238432203391, 0.0002949645047089145, 0.8646474999995917
3390.238432203391, 0.0002949645047089145, 0.8651103000001967
3390.238432203391, 0.0002949645047089145, 0.8656683999997767
3390.238432203391, 0.0002949645047089145, 0.8662204000002021
3390.238432203391, 0.0002949645047089145, 0.8666992999997092
3390.238432203391, 0.0002949645047089145, 0.8673029999999926
3390.238432203391, 0.0002949645047089145, 0.8678706000000602
3390.238432203391, 0.0002949645047089145, 0.8691778000002159
3390.238432203391, 0.0002949645047089145, 0.869988899999953
3390.238432203391, 0.0002949645047089145, 0.8714927000000898
3390.238432203391, 0.0002949645047089145, 0.8726098999995884
3390.238432203391, 0.0002949645047089145, 0.8731939999997849
3390.238432203391, 0.0002949645047089145, 0.873765899999853
3390.238432203391, 0.0002949645047089145, 0.8742787999999564
3390.238432203391, 0.0002949645047089145, 0.8747388000001592
3390.238432203391, 0.0002949645047089145, 0.8752665000001798
3390.238432203391, 0.0002949645047089145, 0.8757232999996631
3390.238432203391, 0.0002949645047089145, 0.8762214999997013
3390.238432203391, 0.0002949645047089145, 0.8766798999995444
3390.238432203391, 0.0002949645047089145, 0.8771791999997731
3390.238432203391, 0.0002949645047089145, 0.877637099999447
3390.238432203391, 0.0002949645047089145, 0.8781692000002295
3390.238432203391, 0.0002949645047089145, 0.8786620000000767
3390.238432203391, 0.0002949645047089145, 0.8791560999998183
3390.238432203391, 0.0002949645047089145, 0.8796175999996194
3390.238432203391, 0.0002949645047089145, 0.8800804000002245
3390.238432203391, 0.0002949645047089145, 0.8806409999997413
3390.238432203391, 0.0002949645047089145, 0.8811274999998204
3390.238432203391, 0.0002949645047089145, 0.88168880000012
3390.238432203391, 0.0002949645047089145, 0.8822678999995333
3390.238432203391, 0.0002949645047089145, 0.88277029999972
3390.238432203391, 0.0002949645047089145, 0.883288399999401
3390.238432203391, 0.0002949645047089145, 0.8839522999996916
3390.238432203391, 0.0002949645047089145, 0.8857366000002003
3390.238432203391, 0.0002949645047089145, 0.8874851999999009
3390.238432203391, 0.0002949645047089145, 0.8892519000000902
3390.238432203391, 0.0002949645047089145, 0.8901034999998956
3390.238432203391, 0.0002949645047089145, 0.8909422999995513
3390.238432203391, 0.0002949645047089145, 0.89179090000016
3390.238432203391, 0.0002949645047089145, 0.8926470999995217
3390.238432203391, 0.0002949645047089145, 0.8931925999995656
3390.238432203391, 0.0002949645047089145, 0.8940032999998948
3390.238432203391, 0.0002949645047089145, 0.894803299999694
3390.238432203391, 0.0002949645047089145, 0.8955989999994927
3390.238432203391, 0.0002949645047089145, 0.8961949999993521
3390.238432203391, 0.0002949645047089145, 0.8970545000001948
3390.238432203391, 0.0002949645047089145, 0.8979450999995606
3390.238432203391, 0.0002949645047089145, 0.8988490000001548
3390.238432203391, 0.0002949645047089145, 0.8995773999995436
3390.238432203391, 0.0002949645047089145, 0.9010819999994055
3390.238432203391, 0.0002949645047089145, 0.9033682999997836
3390.238432203391, 0.0002949645047089145, 0.9043412999999418
3390.238432203391, 0.0002949645047089145, 0.9054881000001842
3390.238432203391, 0.0002949645047089145, 0.9075762000002214
3390.238432203391, 0.0002949645047089145, 0.9090742999997019
3390.238432203391, 0.0002949645047089145, 0.9118446000002223
3390.238432203391, 0.0002949645047089145, 0.9129143999998632
3390.238432203391, 0.0002949645047089145, 0.913912099999834
3390.238432203391, 0.0002949645047089145, 0.9151783999996042
3390.238432203391, 0.0002949645047089145, 0.9165046999996775
3390.238432203391, 0.0002949645047089145, 0.9176282999997056
3390.238432203391, 0.0002949645047089145, 0.9197862999999415
3390.238432203391, 0.0002949645047089145, 0.9217172999997274
3390.238432203391, 0.0002949645047089145, 0.9223795999996582
3390.238432203391, 0.0002949645047089145, 0.9228890999993382
3390.238432203391, 0.0002949645047089145, 0.9233815999996295
3390.238432203391, 0.0002949645047089145, 0.9238718999995399
3390.238432203391, 0.0002949645047089145, 0.9243645999995351
3390.238432203391, 0.0002949645047089145, 0.9248577999996996
3390.238432203391, 0.0002949645047089145, 0.9253684999994221
3390.238432203391, 0.0002949645047089145, 0.925862799999777
3390.238432203391, 0.0002949645047089145, 0.9263569999993706
3390.238432203391, 0.0002949645047089145, 0.9268425999998726
3390.238432203391, 0.0002949645047089145, 0.9273266999998668
3390.238432203391, 0.0002949645047089145, 0.927810999999565
3390.238432203391, 0.0002949645047089145, 0.9283218000000488
3390.238432203391, 0.0002949645047089145, 0.9288220999997066
3390.238432203391, 0.0002949645047089145, 0.9293391999999585
3390.238432203391, 0.0002949645047089145, 0.9298297999994247
3390.238432203391, 0.0002949645047089145, 0.9303644000001441
3390.238432203391, 0.0002949645047089145, 0.9310648999999103
3390.238432203391, 0.0002949645047089145, 0.9315643999998429
3390.238432203391, 0.0002949645047089145, 0.9320836999995663
3390.238432203391, 0.0002949645047089145, 0.9325844999993933
3390.238432203391, 0.0002949645047089145, 0.9330768999998327
3390.238432203391, 0.0002949645047089145, 0.933569499999976
3390.238432203391, 0.0002949645047089145, 0.9353602000001047
3390.238432203391, 0.0002949645047089145, 0.9364033000001655
3390.238432203391, 0.0002949645047089145, 0.9370264999997744
3390.238432203391, 0.0002949645047089145, 0.9375369999997929
3390.238432203391, 0.0002949645047089145, 0.938079800000196
3390.238432203391, 0.0002949645047089145, 0.9386414000000514
3390.238432203391, 0.0002949645047089145, 0.9400350999994771
3390.238432203391, 0.0002949645047089145, 0.9411083999993934
3390.238432203391, 0.0002949645047089145, 0.9425524999996924
3390.238432203391, 0.0002949645047089145, 0.9434488999995665
3390.238432203391, 0.0002949645047089145, 0.9444272000000637
3390.238432203391, 0.0002949645047089145, 0.9459440000000541
3390.238432203391, 0.0002939069548685108, 0.947628299999451
3390.238432203391, 0.0002949645047089145, 0.9491287999999258
3390.238432203391, 0.0002949645047089145, 0.9499372000000221
3390.238432203391, 0.0002949645047089145, 0.9505184999998164
3390.238432203391, 0.0002949645047089145, 0.9513761999996859
3390.238432203391, 0.0002949645047089145, 0.9522071000001233
3390.238432203391, 0.0002949645047089145, 0.9530156999999235
3390.238432203391, 0.0002949645047089145, 0.9540686000000278
3390.238432203391, 0.0002949645047089145, 0.9551992999995491
3390.238432203391, 0.0002949645047089145, 0.9572262000001501
3390.238432203391, 0.0002941491871495111, 0.9580141999995249
3390.238432203391, 0.0002949645047089145, 0.9586148999997022
3390.238432203391, 0.0002949645047089145, 0.9598722000000635
3390.238432203391, 0.0002949645047089145, 0.9610720999999103
3390.238432203391, 0.0002949645047089145, 0.9618787999997949
3388.7568776483063, 0.00029509346232414567, 0.9624008000000686
3388.7568776483063, 0.00029509346232414567, 0.9628802999995969
3388.7568776483063, 0.00029509346232414567, 0.9633569999996325
3388.7568776483063, 0.00029509346232414567, 0.9638306999995621
3388.7568776483063, 0.00029509346232414567, 0.9643093999993653
3388.7568776483063, 0.00029509346232414567, 0.9647876999997607
3388.7568776483063, 0.00029509346232414567, 0.9652654999999868
3388.7568776483063, 0.00029509346232414567, 0.9657369999995353
3388.7568776483063, 0.00029509346232414567, 0.9662148999996134
3388.7568776483063, 0.00029509346232414567, 0.966691699999501
3388.7568776483063, 0.00029509346232414567, 0.9672322999995231
3388.7568776483063, 0.00029509346232414567, 0.9677958000002036
3388.7568776483063, 0.00029509346232414567, 0.9689601000000039
3388.7568776483063, 0.00029509346232414567, 0.9697157000000516
3388.7568776483063, 0.00029509346232414567, 0.9703025999997408
3388.7568776483063, 0.00029509346232414567, 0.9711218000002191
3388.7568776483063, 0.00029509346232414567, 0.9718962999995711
3388.7568776483063, 0.00029509346232414567, 0.9725827000002027
3388.7568776483063, 0.00029509346232414567, 0.9730984999996508
3388.7568776483063, 0.00029509346232414567, 0.9735768000000462
3388.7568776483063, 0.00029509346232414567, 0.9740511999998489
3388.7568776483063, 0.00029509346232414567, 0.9745292999996309
3388.7568776483063, 0.00029509346232414567, 0.9751744999994116
3388.7568776483063, 0.00029509346232414567, 0.9757349000001341
3388.7568776483063, 0.00029509346232414567, 0.9762160999998741
3388.7568776483063, 0.00029509346232414567, 0.9767375999999786
3388.7568776483063, 0.00029509346232414567, 0.9772478999993837
3387.5716340042386, 0.0002951967096317789, 0.9777223000000959
3387.5716340042386, 0.0002951967096317789, 0.978195799999412
3387.5716340042386, 0.0002951967096317789, 0.9786729999996169
3387.5716340042386, 0.0002951967096317789, 0.9791488000000754
3387.5716340042386, 0.0002951967096317789, 0.9796238999997513
3387.5716340042386, 0.0002951967096317789, 0.9800967000001037
3387.5716340042386, 0.0002951967096317789, 0.980569999999716
3387.5716340042386, 0.0002951967096317789, 0.9810465000000477
3387.5716340042386, 0.0002951967096317789, 0.9815189000000828
3387.5716340042386, 0.0002951967096317789, 0.981992299999547
3387.5716340042386, 0.00029509346232414567, 0.982470199999625
3387.5716340042386, 0.0002951967096317789, 0.9829487999995763
3387.5716340042386, 0.0002951967096317789, 0.9834248999995907
3387.5716340042386, 0.0002951967096317789, 0.9839832999996361
3387.5716340042386, 0.0002944348078883621, 0.9845588999996835
3387.5716340042386, 0.0002951967096317789, 0.9860393999997541
3387.5716340042386, 0.0002951967096317789, 0.9868885999994745
3387.5716340042386, 0.0002951967096317789, 0.9873662999998487
3387.5716340042386, 0.0002951967096317789, 0.9878436999997575
3387.5716340042386, 0.0002951967096317789, 0.9883187999994334
3387.5716340042386, 0.0002951967096317789, 0.9887963000001037
3387.5716340042386, 0.0002951967096317789, 0.9892724000001181
3387.5716340042386, 0.0002951967096317789, 0.9897485000001325
3387.5716340042386, 0.0002951967096317789, 0.9902329999995345
3387.5716340042386, 0.0002951967096317789, 0.9907087000001411
3387.5716340042386, 0.0002951967096317789, 0.9912264999993567
3387.5716340042386, 0.0002951967096317789, 0.9917326999993747
3387.5716340042386, 0.0002951967096317789, 0.9922092999995584
3387.5716340042386, 0.0002951967096317789, 0.9926809999997204
3387.5716340042386, 0.0002951967096317789, 0.9931510999995226
3387.5716340042386, 0.0002951967096317789, 0.9936210999994728
3387.5716340042386, 0.0002951967096317789, 0.9940962000000582
3387.5716340042386, 0.0002951967096317789, 0.9945687999997972
3387.5716340042386, 0.0002951967096317789, 0.9950392999999167
3387.5716340042386, 0.0002951967096317789, 0.9955079999999725
3387.5716340042386, 0.0002951967096317789, 0.9959832999993523
3387.5716340042386, 0.0002951967096317789, 0.9964529999997467
3387.5716340042386, 0.0002951967096317789, 0.9969248999996125
3387.5716340042386, 0.0002951967096317789, 0.9973939000001337
3387.5716340042386, 0.0002951967096317789, 0.9978677999997672
3387.5716340042386, 0.0002951967096317789, 0.9983385999994425
3387.5716340042386, 0.0002951967096317789, 0.9988107999997737
3387.5716340042386, 0.0002951967096317789, 0.9993190999994113
3387.5716340042386, 0.0002951967096317789, 0.9998045000002094
3387.5716340042386, 0.0002951967096317789, 1.0002987999996549
3387.5716340042386, 0.0002951967096317789, 1.0008837999994284
3387.5716340042386, 0.0002951967096317789, 1.0018623999994816
3387.5716340042386, 0.0002951967096317789, 1.0024776000000202
3387.5716340042386, 0.0002951967096317789, 1.002958299999591
3387.5716340042386, 0.0002951967096317789, 1.0034369999993942
3387.5716340042386, 0.0002951967096317789, 1.0039107000002332
3387.5716340042386, 0.0002951967096317789, 1.0043814999999086
3387.5716340042386, 0.0002951967096317789, 1.0048546999996688
3387.5716340042386, 0.0002951967096317789, 1.0053367999998954
3387.5716340042386, 0.00029490848943493375, 1.0058106999995289
3387.5716340042386, 0.0002951967096317789, 1.0063033999995241
3387.5716340042386, 0.0002951967096317789, 1.0068309999996927
3387.5716340042386, 0.0002951967096317789, 1.0073228000001109
3387.5716340042386, 0.0002951967096317789, 1.0077965999998924
3387.5716340042386, 0.0002951967096317789, 1.0082691999996314
3387.5716340042386, 0.0002951967096317789, 1.0087413999999626
3387.5716340042386, 0.0002951967096317789, 1.009220999999343
3387.5716340042386, 0.0002951967096317789, 1.0096917999999278
3387.5716340042386, 0.0002951967096317789, 1.0101642999998148
3387.5716340042386, 0.0002951967096317789, 1.010634399999617
3387.5716340042386, 0.0002951967096317789, 1.0111096999999063
3387.5716340042386, 0.0002951967096317789, 1.011580800000047
3387.5716340042386, 0.0002951967096317789, 1.012052500000209
3387.5716340042386, 0.0002951967096317789, 1.0125302999995256
3387.5716340042386, 0.0002951967096317789, 1.0130067999998573
3387.5716340042386, 0.0002951967096317789, 1.0134764999993422
3387.5716340042386, 0.0002951967096317789, 1.0139877999999953
3387.5716340042386, 0.0002951967096317789, 1.014445899999373
3387.5716340042386, 0.0002951967096317789, 1.0149203999999372
3387.5716340042386, 0.0002951967096317789, 1.0153799999998228
3387.5716340042386, 0.0002951967096317789, 1.015847799999392
3387.5716340042386, 0.0002951967096317789, 1.016307500000039
3387.5716340042386, 0.0002951967096317789, 1.0167679999995016
3387.5716340042386, 0.0002951967096317789, 1.0172966999998607
3387.5716340042386, 0.00029462967443789255, 1.0182606999997006
3387.5716340042386, 0.0002951967096317789, 1.0189470999994228
3387.5716340042386, 0.0002951967096317789, 1.01952429999983
3387.5716340042386, 0.0002951967096317789, 1.019988099999864
3387.5716340042386, 0.0002951967096317789, 1.0205230000001393
3387.5716340042386, 0.0002951967096317789, 1.0209817999993902
3387.5716340042386, 0.0002951967096317789, 1.0215116999997917
3387.5716340042386, 0.0002951967096317789, 1.0220543999994334
3387.5716340042386, 0.0002951967096317789, 1.022516999999425
3387.5716340042386, 0.0002951967096317789, 1.0230258999999933
3387.5716340042386, 0.0002951967096317789, 1.023497099999986
3387.5716340042386, 0.0002951967096317789, 1.0239652999998725
3387.5716340042386, 0.0002951967096317789, 1.0244287999994413
3387.5716340042386, 0.0002951967096317789, 1.0248953999998776
3387.5716340042386, 0.0002951967096317789, 1.0253631999994468
3387.5716340042386, 0.0002951967096317789, 1.025834500000201
3387.5716340042386, 0.00029518268175870196, 1.0262971000001926
3387.5716340042386, 0.0002951967096317789, 1.0267610999999306
3387.5716340042386, 0.0002951967096317789, 1.027219800000239
3387.5716340042386, 0.0002951967096317789, 1.027683999999681
3387.5716340042386, 0.0002951967096317789, 1.0281472999995458
3387.5716340042386, 0.0002951967096317789, 1.0286832000001596
3387.5716340042386, 0.0002951967096317789, 1.0291437999994741
3387.5716340042386, 0.0002951967096317789, 1.0296054000000368
3387.5716340042386, 0.0002951967096317789, 1.0300761999997121
3387.5716340042386, 0.0002951967096317789, 1.0305376999995133
3387.5716340042386, 0.0002951967096317789, 1.0309974000001603
3387.5716340042386, 0.0002951967096317789, 1.031457899999623
3387.5716340042386, 0.0002951967096317789, 1.0319164000002274
3387.5716340042386, 0.0002951967096317789, 1.032372900000155
3387.5716340042386, 0.0002951967096317789, 1.0328330000002097
3387.5716340042386, 0.0002951967096317789, 1.0332913000002009
3387.5716340042386, 0.0002951967096317789, 1.0338341999995464
3387.5716340042386, 0.0002951967096317789, 1.03453829999944
3387.5716340042386, 0.0002951967096317789, 1.0352124000000913
3387.5716340042386, 0.0002951967096317789, 1.0358970999996018
3387.5716340042386, 0.0002951967096317789, 1.0368086999997104
3387.5716340042386, 0.0002951967096317789, 1.0373705000001792
3387.5716340042386, 0.0002951967096317789, 1.0378984999997556
3387.5716340042386, 0.0002951967096317789, 1.0383598999997048
3387.5716340042386, 0.0002951967096317789, 1.038821499999358
3387.5716340042386, 0.0002951967096317789, 1.0392823000001954
3387.5716340042386, 0.0002951967096317789, 1.0397523999999976
3387.5716340042386, 0.0002951967096317789, 1.0402146999995239
3387.5716340042386, 0.0002951967096317789, 1.040673099999367
3387.5716340042386, 0.0002951967096317789, 1.0411311999996542
3387.5716340042386, 0.0002951967096317789, 1.0416237999997975
3387.5716340042386, 0.0002951967096317789, 1.0420893999998952
3387.5716340042386, 0.0002951967096317789, 1.042546599999696
3387.5716340042386, 0.0002951967096317789, 1.0430492999994385
3387.5716340042386, 0.0002951967096317789, 1.0439390999999887
3387.5716340042386, 0.0002951967096317789, 1.0444474999994782
3387.5716340042386, 0.0002951967096317789, 1.044926900000064
3387.5716340042386, 0.0002951967096317789, 1.0453894000002038
3387.5716340042386, 0.0002951967096317789, 1.0458520000001954
3387.5716340042386, 0.0002951967096317789, 1.0463190000000395
3387.5716340042386, 0.0002951967096317789, 1.0467799999996714
3387.5716340042386, 0.0002951967096317789, 1.0472399999998743
3387.5716340042386, 0.0002951967096317789, 1.0476975000001403
3387.5716340042386, 0.0002951967096317789, 1.0481548999996448
3387.5716340042386, 0.0002951967096317789, 1.0486119999995935
3387.5716340042386, 0.0002951967096317789, 1.0490719999997964
3387.5716340042386, 0.0002951967096317789, 1.0495297999996183
3387.5716340042386, 0.0002951967096317789, 1.0499888999993345
3387.5716340042386, 0.0002951967096317789, 1.0505802999996376
3387.5716340042386, 0.0002951967096317789, 1.0512706999998045
3387.5716340042386, 0.0002951967096317789, 1.0519945999994889
3387.5716340042386, 0.0002951967096317789, 1.0525080999996135
3387.5716340042386, 0.0002951967096317789, 1.0530766000001677
3387.5716340042386, 0.0002951967096317789, 1.0536821999994572
3387.5716340042386, 0.0002951967096317789, 1.0542114999998375
3387.5716340042386, 0.0002951967096317789, 1.0546893999999156
3387.5716340042386, 0.0002951967096317789, 1.0551615999993373
3387.5716340042386, 0.0002951967096317789, 1.0556384000001344
3387.5716340042386, 0.0002951967096317789, 1.0561108000001695
3387.5716340042386, 0.0002951967096317789, 1.0565827000000354
3387.5716340042386, 0.0002951967096317789, 1.0570566999995208
3387.5716340042386, 0.0002951967096317789, 1.0575313999997888
3387.5716340042386, 0.0002951967096317789, 1.0580683999996836
3387.5716340042386, 0.0002951967096317789, 1.0585593999994671
3387.5716340042386, 0.0002951967096317789, 1.0590327999998408
3387.5716340042386, 0.0002951967096317789, 1.059505999999601
3387.5716340042386, 0.0002951967096317789, 1.0599834999993618
3387.5716340042386, 0.0002951967096317789, 1.0604554999999891
3387.5716340042386, 0.0002951967096317789, 1.0609269999995377
3387.5716340042386, 0.0002951967096317789, 1.0613984999999957
3387.5716340042386, 0.0002951967096317789, 1.0618712999994386
3387.5716340042386, 0.0002951967096317789, 1.0623449999993682
3387.5716340042386, 0.0002951967096317789, 1.0628163000001223
3387.5716340042386, 0.0002951967096317789, 1.0632943000000523
3387.5716340042386, 0.0002951967096317789, 1.0638139000002411
3387.5716340042386, 0.0002951967096317789, 1.0642847999997684
3387.5716340042386, 0.0002951967096317789, 1.064758499999698
3387.5716340042386, 0.0002951967096317789, 1.0652547999998205
3387.5716340042386, 0.0002951967096317789, 1.065791199999694
3387.5716340042386, 0.0002951967096317789, 1.0662741999994978
3387.5716340042386, 0.0002951967096317789, 1.066781099999389
3387.5716340042386, 0.0002951967096317789, 1.0673738999994384
3387.5716340042386, 0.0002951967096317789, 1.067961099999593
3387.5716340042386, 0.0002951967096317789, 1.068523599999935
3387.5716340042386, 0.0002951967096317789, 1.06903069999953
3384.557200741526, 0.00029545962460936074, 1.069544699999824
3384.557200741526, 0.00029545962460936074, 1.0701841000000059
3384.557200741526, 0.00029545962460936074, 1.0707901999994647
3384.557200741526, 0.00029545962460936074, 1.071327900000142
3384.557200741526, 0.00029545962460936074, 1.071914299999662
3384.557200741526, 0.00029545962460936074, 1.0730445999997755
3384.557200741526, 0.00029545962460936074, 1.074217299999873
3384.557200741526, 0.00029545962460936074, 1.0748195999995005
3384.557200741526, 0.00029545962460936074, 1.0752990000000864
3384.557200741526, 0.00029545962460936074, 1.0757966000001034
3384.557200741526, 0.00029545962460936074, 1.0762948000001415
3384.557200741526, 0.00029545962460936074, 1.0767703000001347
3384.557200741526, 0.00029545962460936074, 1.0772485999996206
3384.557200741526, 0.00029545962460936074, 1.0777235999994446
3384.557200741526, 0.00029545962460936074, 1.0781987999998819
3384.557200741526, 0.00029545962460936074, 1.0786755999997695
3384.557200741526, 0.00029545962460936074, 1.0791503999998895
3384.557200741526, 0.00029545962460936074, 1.0796246999998402
3384.557200741526, 0.00029545962460936074, 1.0801989000001413
3384.557200741526, 0.00029545962460936074, 1.0806998999996722
3384.557200741526, 0.0002951967096317789, 1.0811757000001307
3384.557200741526, 0.00029545962460936074, 1.0816499000002295
3384.557200741526, 0.00029545962460936074, 1.08212469999944
3384.557200741526, 0.00029545962460936074, 1.0826366999999664
3384.557200741526, 0.0002951967096317789, 1.0831118999994942
3384.557200741526, 0.0002951967096317789, 1.0835910999994667
3384.557200741526, 0.00029545962460936074, 1.0841671999996834
3384.557200741526, 0.00029423347490441384, 1.084907899999962
3384.557200741526, 0.00029545962460936074, 1.0862983999995777
3384.557200741526, 0.00029545962460936074, 1.0871264999996129
3384.557200741526, 0.00029545962460936074, 1.0878334999997605
3384.557200741526, 0.00029545962460936074, 1.0886007999997673
3384.557200741526, 0.00029545962460936074, 1.089162000000215
3384.557200741526, 0.00029545962460936074, 1.089657299999999
3384.557200741526, 0.00029545962460936074, 1.090146300000015
3384.557200741526, 0.00029545962460936074, 1.0906236000000717
3384.557200741526, 0.00029545962460936074, 1.0911003999999593
3384.557200741526, 0.00029545962460936074, 1.091574999999466
3384.557200741526, 0.00029545962460936074, 1.092101399999592
3384.557200741526, 0.00029545962460936074, 1.0925929999993969
3384.557200741526, 0.00029545962460936074, 1.0930801999993491
3384.557200741526, 0.00029545962460936074, 1.0935626000000411
3384.557200741526, 0.00029545962460936074, 1.0940418000000136
3384.557200741526, 0.00029545962460936074, 1.094544099999439
3384.557200741526, 0.00029545962460936074, 1.0951273999999103
3384.557200741526, 0.00029545962460936074, 1.0956195999997362
3384.557200741526, 0.00029545962460936074, 1.0960979000001316
3384.557200741526, 0.00029545962460936074, 1.0965842999994493
3384.557200741526, 0.00029545962460936074, 1.0970600999999078
3384.557200741526, 0.00029545962460936074, 1.0975369999996474
3384.557200741526, 0.00029545962460936074, 1.0980131999995137
3384.557200741526, 0.00029545962460936074, 1.098490800000036
3384.557200741526, 0.00029545962460936074, 1.0989648999993733
3384.557200741526, 0.00029545962460936074, 1.0994396999994933
3384.557200741526, 0.00029545962460936074, 1.0999566000000414
3384.557200741526, 0.00029545962460936074, 1.1005107999999382
3384.557200741526, 0.00029545962460936074, 1.1010721000002377
3384.557200741526, 0.00029545962460936074, 1.1019311999998536
3384.557200741526, 0.00029545962460936074, 1.102541499999461
3384.557200741526, 0.00029545962460936074, 1.1031912999997076
3384.557200741526, 0.00029545962460936074, 1.10378639999999
3384.557200741526, 0.00029545962460936074, 1.104244899999685
3384.557200741526, 0.00029545962460936074, 1.104754299999513
3384.557200741526, 0.00029545962460936074, 1.105225700000119
3384.557200741526, 0.00029545962460936074, 1.105720399999882
3384.557200741526, 0.00029545962460936074, 1.1062130000000252
3384.557200741526, 0.00029545962460936074, 1.1067149000000427
3384.557200741526, 0.00029545962460936074, 1.107180199999675
3384.557200741526, 0.00029545962460936074, 1.1076760999994804
3384.557200741526, 0.00029545962460936074, 1.1081328000000212
3384.557200741526, 0.00029545962460936074, 1.1086261999998896
3384.557200741526, 0.00029545962460936074, 1.1091151999999056
3384.557200741526, 0.00029545962460936074, 1.1097607000001517
3384.557200741526, 0.00029545962460936074, 1.1104365999999573
3384.557200741526, 0.00029545962460936074, 1.1109319999995932
3384.557200741526, 0.00029545962460936074, 1.1113928999993732
3384.557200741526, 0.00029545962460936074, 1.1119865999999092
3384.557200741526, 0.00029545962460936074, 1.1126001000002361
3384.557200741526, 0.00029545962460936074, 1.113129399999707
3384.557200741526, 0.00029545962460936074, 1.1136304999999993
3384.557200741526, 0.00029545962460936074, 1.1140901999997368
3384.557200741526, 0.00029545962460936074, 1.11457960000007
3384.557200741526, 0.00029545962460936074, 1.1150398999998288
3384.557200741526, 0.00029545962460936074, 1.115558499999679
3384.557200741526, 0.00029545962460936074, 1.116032500000074
3384.557200741526, 0.00029545962460936074, 1.1165116000001944
3384.557200741526, 0.00029545962460936074, 1.117173300000104
3384.557200741526, 0.00029545962460936074, 1.117966499999966
3384.557200741526, 0.00029545962460936074, 1.1190376999993532
3384.557200741526, 0.00029545962460936074, 1.1196574999994482
3384.557200741526, 0.00029545962460936074, 1.1204290999994555
3384.557200741526, 0.00029545962460936074, 1.1211849999999686
3384.557200741526, 0.00029545962460936074, 1.1217078999998193
3384.557200741526, 0.00029545962460936074, 1.12247859999934
3384.557200741526, 0.00029545962460936074, 1.1232494999994742
3384.557200741526, 0.00029545962460936074, 1.1241737000000285
3384.557200741526, 0.00029545962460936074, 1.1251575999995111
3384.557200741526, 0.00029545962460936074, 1.125683499999468
3384.557200741526, 0.00029545962460936074, 1.1264530999997078
3384.557200741526, 0.00029545962460936074, 1.127218399999947
3384.557200741526, 0.00029545962460936074, 1.1280077000001256
3384.557200741526, 0.00029545962460936074, 1.1287529000001086
3384.557200741526, 0.00029545962460936074, 1.1292196999993394
3384.557200741526, 0.00029545962460936074, 1.129772100000082
3384.557200741526, 0.00029545962460936074, 1.1305425999998988
3384.557200741526, 0.00029545962460936074, 1.1314661999995224
3384.557200741526, 0.00029545962460936074, 1.1324562999998307
3384.557200741526, 0.0002942764034068078, 1.1332296999999016
3384.557200741526, 0.00029545962460936074, 1.134103999999752
3384.557200741526, 0.00029545962460936074, 1.1349326999998084
3384.557200741526, 0.00029545962460936074, 1.1356814999999187
3383.913254766951, 0.000295515849465494, 1.1366673000002265
3383.913254766951, 0.000295515849465494, 1.1374464000000444
3383.913254766951, 0.000295515849465494, 1.1381867999998576
3383.913254766951, 0.000295515849465494, 1.138884699999835
3383.913254766951, 0.000295515849465494, 1.140030999999908
3383.913254766951, 0.000295515849465494, 1.1407998999993652
3383.913254766951, 0.000295515849465494, 1.1415750999994998
3383.913254766951, 0.000295515849465494, 1.1424318999997922
3383.913254766951, 0.000295515849465494, 1.1432144000000335
3383.913254766951, 0.000295515849465494, 1.1439860999998928
3383.913254766951, 0.000295515849465494, 1.144754799999646
3383.913254766951, 0.000295515849465494, 1.1455206000000544
3383.913254766951, 0.000295515849465494, 1.1464846999997462
3383.913254766951, 0.000295515849465494, 1.1475212999994255
3383.913254766951, 0.000295515849465494, 1.1482864999998128
3383.913254766951, 0.000295515849465494, 1.1490525999997772
3383.913254766951, 0.000295515849465494, 1.1498204999998052
3383.913254766951, 0.000295515849465494, 1.1504530000001978
3383.913254766951, 0.00029545962460936074, 1.151500699999815
3383.913254766951, 0.000295515849465494, 1.1525621999999203
3383.913254766951, 0.00029545962460936074, 1.1535014000000956
3383.913254766951, 0.000295515849465494, 1.1544970999993893
3383.913254766951, 0.000295515849465494, 1.154967200000101
3383.913254766951, 0.000295515849465494, 1.1554621999994197
3383.913254766951, 0.0002944648343189437, 1.1559325999996872
3383.913254766951, 0.000295515849465494, 1.1564116999998078
3383.913254766951, 0.000295515849465494, 1.1572177999996711
3383.913254766951, 0.000295515849465494, 1.158002199999828
3383.913254766951, 0.000295515849465494, 1.1587555999994947
3383.913254766951, 0.000295515849465494, 1.1592204999997193
3383.913254766951, 0.000295515849465494, 1.1598683000001984
3383.913254766951, 0.000295515849465494, 1.1607782000000952
3383.913254766951, 0.000295515849465494, 1.1616045000000668
3383.913254766951, 0.000295515849465494, 1.1620710999995936
3383.913254766951, 0.000295515849465494, 1.1625857999997606
3383.913254766951, 0.000295515849465494, 1.1633652999998958
3383.913254766951, 0.0002953045048551278, 1.1641289999997753
3383.913254766951, 0.000295515849465494, 1.164998000000196
3383.913254766951, 0.000295515849465494, 1.1657375999993747
3383.913254766951, 0.00029532834536219775, 1.16620199999943
3383.913254766951, 0.000295515849465494, 1.1670108999996955
3383.913254766951, 0.000295515849465494, 1.1676190999996834
3383.913254766951, 0.000295515849465494, 1.1687443999999232
3383.913254766951, 0.000295515849465494, 1.1694676999995863
3383.913254766951, 0.000295515849465494, 1.1700231999993775
3383.913254766951, 0.000295515849465494, 1.1705040999995617
3383.913254766951, 0.000295515849465494, 1.1709805999998935
3383.913254766951, 0.000295515849465494, 1.1714621999999508
3383.913254766951, 0.000295515849465494, 1.17193750000024
3383.913254766951, 0.000295515849465494, 1.1724208999994516
3383.913254766951, 0.000295515849465494, 1.1728948999998465
3383.913254766951, 0.000295515849465494, 1.1733723999996073
3383.913254766951, 0.000295515849465494, 1.1738435999996
3383.913254766951, 0.000295515849465494, 1.1743382999993628
3383.913254766951, 0.00029428122454644705, 1.1748338999996122
3383.913254766951, 0.00029428122454644705, 1.1753122999998595
3383.913254766951, 0.000295515849465494, 1.1758899999995265
3383.913254766951, 0.000295515849465494, 1.1764164999995046
3383.913254766951, 0.000295515849465494, 1.1768888999995397
3383.913254766951, 0.000295515849465494, 1.1774328999999852
3383.913254766951, 0.000295515849465494, 1.1779202999996414
3383.913254766951, 0.000295515849465494, 1.1784017999998468
3383.913254766951, 0.000295515849465494, 1.1788792999996076
3383.913254766951, 0.000295515849465494, 1.179377999999815
3383.913254766951, 0.000295515849465494, 1.1798594000001685
3383.913254766951, 0.000295515849465494, 1.180338799999845
3383.913254766951, 0.000295515849465494, 1.1808179999998174
3383.913254766951, 0.000295515849465494, 1.1813249999995605
3383.913254766951, 0.000295515849465494, 1.1818185000001904
3383.913254766951, 0.000295515849465494, 1.1822956999994858
3383.913254766951, 0.000295515849465494, 1.1828154999993785
3383.913254766951, 0.000295515849465494, 1.1833188999999038
3383.913254766951, 0.000295515849465494, 1.1838719999996101
3383.913254766951, 0.000295515849465494, 1.1844780999999784
3383.913254766951, 0.000295515849465494, 1.1853762000000643
3383.913254766951, 0.000295515849465494, 1.1860876999999164
3383.913254766951, 0.000295515849465494, 1.1866104000000632
3383.913254766951, 0.000295515849465494, 1.1870858000002045
3383.913254766951, 0.000295515849465494, 1.1875639999998384
3383.913254766951, 0.000295515849465494, 1.1880464999994729
3383.913254766951, 0.000295515849465494, 1.1885224999996353
3383.913254766951, 0.000295515849465494, 1.1889987999993537
3383.913254766951, 0.000295515849465494, 1.1894790999995166
3383.913254766951, 0.000295515849465494, 1.1899913999995988
3383.913254766951, 0.000295515849465494, 1.1904680999996344
3383.913254766951, 0.000295515849465494, 1.1909453999996913
3383.913254766951, 0.000295515849465494, 1.191422899999452
3383.913254766951, 0.000295515849465494, 1.191896899999847
3383.913254766951, 0.000295515849465494, 1.1923697000001994
3383.913254766951, 0.000295515849465494, 1.19285200000013
3383.913254766951, 0.000295515849465494, 1.193333000000166
3383.913254766951, 0.000295515849465494, 1.1938098999999056
3383.913254766951, 0.000295515849465494, 1.1943296999997983
3383.913254766951, 0.000295515849465494, 1.1948087999999188
3383.913254766951, 0.000295515849465494, 1.1952849999997852
3383.913254766951, 0.000295515849465494, 1.195756199999778
3383.913254766951, 0.000295515849465494, 1.196282699999756
3383.913254766951, 0.000295515849465494, 1.196772499999497
3383.913254766951, 0.000295515849465494, 1.1973315999994156
3383.913254766951, 0.000295515849465494, 1.1978085000000647
3383.913254766951, 0.000295515849465494, 1.1982841999997618
3383.913254766951, 0.000295515849465494, 1.1987600000002203
3383.913254766951, 0.000295515849465494, 1.1992306000001918
3383.913254766951, 0.000295515849465494, 1.1997408999995969
3383.913254766951, 0.000295515849465494, 1.2002136999999493
3383.913254766951, 0.000295515849465494, 1.2011322999996992
3383.913254766951, 0.000295515849465494, 1.2017366000000038
3383.913254766951, 0.000295515849465494, 1.2022484999997687
3383.913254766951, 0.000295515849465494, 1.2027262999999948
3383.913254766951, 0.000295515849465494, 1.2031989999995858
3383.913254766951, 0.000295515849465494, 1.203674299999875
3383.913254766951, 0.000295515849465494, 1.2041454000000158
3383.913254766951, 0.000295515849465494, 1.2046919999993406
3383.913254766951, 0.000295515849465494, 1.2051661999994394
3383.913254766951, 0.000295515849465494, 1.2056407000000036
3383.913254766951, 0.000295515849465494, 1.2061115999995309
3383.913254766951, 0.000295515849465494, 1.2066336999996565
3383.616943855933, 0.0002955417284500328, 1.2071111999994173
3383.616943855933, 0.0002955417284500328, 1.2075896999995166
3383.616943855933, 0.0002955417284500328, 1.2080629000001863
3383.616943855933, 0.0002955417284500328, 1.2085411999996722
3383.616943855933, 0.0002955417284500328, 1.209013099999538
3383.616943855933, 0.0002955417284500328, 1.2095027999994272
3381.839078389831, 0.0002956970975910901, 1.209980099999484
3381.839078389831, 0.0002956970975910901, 1.210454099999879
3381.839078389831, 0.0002956970975910901, 1.2109261999994487
3381.839078389831, 0.0002956970975910901, 1.2113989999998012
3381.839078389831, 0.0002956970975910901, 1.211910899999566
3381.839078389831, 0.0002956970975910901, 1.2123875999996017
3381.839078389831, 0.0002956970975910901, 1.2128579000000173
3381.839078389831, 0.0002956970975910901, 1.213437100000192
3381.839078389831, 0.0002956970975910901, 1.2146364999998696
3381.839078389831, 0.0002956970975910901, 1.2157118999994054
3381.839078389831, 0.0002956970975910901, 1.2164060999994035
3381.839078389831, 0.0002956970975910901, 1.217021599999498
3381.839078389831, 0.0002956970975910901, 1.2182389999998122
3381.839078389831, 0.0002956970975910901, 1.21884080000018
3381.839078389831, 0.0002956970975910901, 1.2193717999998626
3381.839078389831, 0.0002956970975910901, 1.21987369999988
3381.839078389831, 0.0002956970975910901, 1.2203717000002143
3381.839078389831, 0.0002956970975910901, 1.220863300000019
3381.839078389831, 0.0002956970975910901, 1.2213574999996126
3381.839078389831, 0.0002956970975910901, 1.2218437999999878
3381.839078389831, 0.0002956970975910901, 1.2223340999998982
3381.839078389831, 0.0002956970975910901, 1.2228213999997024
3381.839078389831, 0.0002956970975910901, 1.2233114999999088
3381.839078389831, 0.0002956970975910901, 1.2237975999996706
3381.839078389831, 0.0002956970975910901, 1.2243444999994608
3381.839078389831, 0.0002956970975910901, 1.2248765999993338
3381.839078389831, 0.0002956970975910901, 1.225402799999756
3381.839078389831, 0.0002956970975910901, 1.2259293999995862
3381.839078389831, 0.0002955417284500328, 1.2264217000001736
3381.839078389831, 0.0002955417284500328, 1.2269264999995357
3381.839078389831, 0.0002956970975910901, 1.2274256999999125
3381.839078389831, 0.0002956970975910901, 1.2279070999993564
3381.839078389831, 0.0002956970975910901, 1.2284233000000313
3381.839078389831, 0.0002956970975910901, 1.2288990999995804
3381.839078389831, 0.0002956970975910901, 1.2296780999995462
3374.592282838984, 0.0002956970975910901, 1.230467299999873
3374.592282838984, 0.00029633209472011175, 1.230981900000188
3374.592282838984, 0.00029633209472011175, 1.2314916999994239
3374.592282838984, 0.00029633209472011175, 1.2319668999998612
3374.592282838984, 0.00029633209472011175, 1.232478899999478
3374.592282838984, 0.00029633209472011175, 1.2329543999994712
3374.592282838984, 0.00029633209472011175, 1.2334616999996797
3374.592282838984, 0.00029633209472011175, 1.2347181999994064
3374.592282838984, 0.00029633209472011175, 1.2355471999999281
3374.592282838984, 0.00029633209472011175, 1.2360380000000077
3374.592282838984, 0.00029633209472011175, 1.2365622999996049
3374.592282838984, 0.00029633209472011175, 1.2370371999995768
3374.592282838984, 0.00029633209472011175, 1.2375791999993453
3374.592282838984, 0.00029633209472011175, 1.2380776999998488
3374.592282838984, 0.00029633209472011175, 1.2385714000001826
3374.592282838984, 0.00029633209472011175, 1.2390434999997524
3374.592282838984, 0.00029633209472011175, 1.2395676999994976
3374.592282838984, 0.00029633209472011175, 1.2400388999994902
3374.592282838984, 0.00029633209472011175, 1.2405502000001434
3374.592282838984, 0.00029633209472011175, 1.2410400999997364
3374.592282838984, 0.00029633209472011175, 1.2415689999997994
3374.592282838984, 0.00029633209472011175, 1.242048000000068
3374.592282838984, 0.00029633209472011175, 1.2425587999996424
3374.592282838984, 0.00029633209472011175, 1.243035299999974
3374.592282838984, 0.00029633209472011175, 1.2435482000000775
3374.592282838984, 0.00029633209472011175, 1.244022899999436
3374.592282838984, 0.00029633209472011175, 1.2445333999994546
3374.592282838984, 0.00029633209472011175, 1.2450395999994726
3374.592282838984, 0.00029633209472011175, 1.2455929999996442
3374.592282838984, 0.00029633209472011175, 1.2460633999999118
3374.592282838984, 0.00029633209472011175, 1.2465738999999303
3374.592282838984, 0.00029633209472011175, 1.2470438000000286
3374.592282838984, 0.00029633209472011175, 1.2475500999998985
3374.592282838984, 0.00029633209472011175, 1.2480213999997432
3374.592282838984, 0.00029633209472011175, 1.2486391000002186
3374.592282838984, 0.00029633209472011175, 1.2491758999995
3374.592282838984, 0.00029633209472011175, 1.2496535999998741
3374.592282838984, 0.0002956970975910901, 1.250163199999406
3374.592282838984, 0.00029633209472011175, 1.2515101999997569
3374.592282838984, 0.00029550708681343055, 1.2523466000002372
3374.592282838984, 0.00029633209472011175, 1.2528714999998556
3374.592282838984, 0.00029633209472011175, 1.253388499999346
3374.592282838984, 0.00029633209472011175, 1.2538660999998683
3374.592282838984, 0.00029633209472011175, 1.2543985000002067
3374.592282838984, 0.00029633209472011175, 1.2548784999999043
3374.592282838984, 0.00029633209472011175, 1.255389699999796
3374.592282838984, 0.00029633209472011175, 1.2558883000001515
3374.592282838984, 0.00029633209472011175, 1.256385799999407
3374.592282838984, 0.00029633209472011175, 1.256862600000204
3374.592282838984, 0.00029633209472011175, 1.2573714999998629
3374.592282838984, 0.00029633209472011175, 1.2578456999999617
3374.592282838984, 0.00029633209472011175, 1.258356499999536
3374.592282838984, 0.00029633209472011175, 1.2588320999993812
3374.592282838984, 0.00029633209472011175, 1.2593454999996538
3374.592282838984, 0.00029633209472011175, 1.2598518999993757
3374.592282838984, 0.00029633209472011175, 1.2603740999993533
3374.592282838984, 0.00029633209472011175, 1.2608829999999216
3374.592282838984, 0.00029633209472011175, 1.26138279999941
3374.592282838984, 0.00029606762540849096, 1.261856799999805
3374.592282838984, 0.00029633209472011175, 1.2623703999997815
3374.592282838984, 0.00029633209472011175, 1.2628479999993942
3374.592282838984, 0.00029633209472011175, 1.2633883999997124
3374.592282838984, 0.00029633209472011175, 1.2638779999997496
3374.592282838984, 0.00029633209472011175, 1.264394099999663
3374.592282838984, 0.00029633209472011175, 1.264852599999358
3374.592282838984, 0.00029633209472011175, 1.26534939999965
3374.592282838984, 0.00029633209472011175, 1.2658064999995986
3374.592282838984, 0.00029633209472011175, 1.26633369999945
3374.592282838984, 0.00029633209472011175, 1.2667915000001813
3374.592282838984, 0.00029633209472011175, 1.2680976000001465
3374.592282838984, 0.00029633209472011175, 1.26877659999991
3374.592282838984, 0.00029633209472011175, 1.2692963999998028
3374.592282838984, 0.00029633209472011175, 1.2697582000000693
3374.592282838984, 0.00029633209472011175, 1.2702596999997695
3374.592282838984, 0.00029633209472011175, 1.2708169999996244
3374.592282838984, 0.00029633209472011175, 1.2713364999999612
3374.592282838984, 0.00029633209472011175, 1.271796899999572
3374.592282838984, 0.00029633209472011175, 1.2722904000002018
3374.592282838984, 0.00029633209472011175, 1.2727519999998549
3374.592282838984, 0.00029633209472011175, 1.2732485999995333
3374.592282838984, 0.00029633209472011175, 1.2737121000000116
3374.592282838984, 0.00029633209472011175, 1.2742652999995698
3374.592282838984, 0.00029633209472011175, 1.2747385000002396
3374.592282838984, 0.00029633209472011175, 1.2752653999996255
3374.592282838984, 0.00029633209472011175, 1.2757247999998071
3374.592282838984, 0.00029633209472011175, 1.2762481999998272
3374.592282838984, 0.00029633209472011175, 1.2767324999995253
3374.592282838984, 0.0002958779884585291, 1.2772313999994367
3374.592282838984, 0.0002958779884585291, 1.277689499999724
3374.592282838984, 0.0002958779884585291, 1.278224599999703
3374.592282838984, 0.00029633209472011175, 1.2786828999996942
3374.592282838984, 0.00029633209472011175, 1.2791812999994363
3374.592282838984, 0.00029633209472011175, 1.2796385999999984
3374.592282838984, 0.00029633209472011175, 1.28013269999974
3374.592282838984, 0.00029633209472011175, 1.2805919000002177
3374.592282838984, 0.00029633209472011175, 1.2810872999998537
3374.592282838984, 0.00029633209472011175, 1.2815669999999955
3374.592282838984, 0.00029633209472011175, 1.2820759999995062
3374.592282838984, 0.00029633209472011175, 1.2825752999997349
3374.592282838984, 0.00029625186014452107, 1.2830776000000697
3374.592282838984, 0.00029633209472011175, 1.2835562999998729
3374.592282838984, 0.00029633209472011175, 1.285143699999935
3374.592282838984, 0.00029633209472011175, 1.2857367999995404
3374.592282838984, 0.00029633209472011175, 1.2862772999997105
3374.592282838984, 0.00029633209472011175, 1.2867404999997234
3374.592282838984, 0.00029633209472011175, 1.2872495000001436
3374.592282838984, 0.00029633209472011175, 1.2877109999999448
3374.592282838984, 0.00029633209472011175, 1.288207099999454
3374.592282838984, 0.00029633209472011175, 1.2886680000001434
3374.592282838984, 0.00029633209472011175, 1.2891677999996318
3374.592282838984, 0.00029633209472011175, 1.2896635999995851
3374.592282838984, 0.00029633209472011175, 1.2901573999997709
3374.592282838984, 0.00029633209472011175, 1.2906163999996352
3374.592282838984, 0.00029633209472011175, 1.291114099999504
3374.592282838984, 0.00029633209472011175, 1.2915752999997494
3374.592282838984, 0.00029633209472011175, 1.2921424999994997
3374.592282838984, 0.00029633209472011175, 1.2927184000000125
3374.592282838984, 0.00029633209472011175, 1.2932251000001997
3374.592282838984, 0.00029633209472011175, 1.2936917999995785
3374.592282838984, 0.00029633209472011175, 1.2942204000000856
3374.592282838984, 0.00029633209472011175, 1.2946836000000985
3374.592282838984, 0.00029633209472011175, 1.2951813999998194
3374.592282838984, 0.00029633209472011175, 1.2956451999998535
3374.592282838984, 0.0002951700084702145, 1.2961777000000438
3374.592282838984, 0.00029633209472011175, 1.2966718999996374
3374.592282838984, 0.00029633209472011175, 1.2971718999997393
3374.592282838984, 0.00029633209472011175, 1.2976338999997097
3374.592282838984, 0.00029633209472011175, 1.2981304999993881
3374.592282838984, 0.00029633209472011175, 1.2985914999999295
3374.592282838984, 0.00029633209472011175, 1.2990886999996292
3374.592282838984, 0.00029633209472011175, 1.2995512999996208
3374.592282838984, 0.00029633209472011175, 1.3001201999995828
3374.592282838984, 0.00029633209472011175, 1.301514099999622
3374.592282838984, 0.00029633209472011175, 1.3022454000001744
3374.592282838984, 0.0002960467409037713, 1.302722200000062
3374.592282838984, 0.00029633209472011175, 1.3032275999994454
3374.592282838984, 0.00029633209472011175, 1.3037256999996316
3374.592282838984, 0.00029633209472011175, 1.3042737999994642
3374.592282838984, 0.00029633209472011175, 1.3047483999998803
3374.592282838984, 0.00029633209472011175, 1.3052491999997073
3374.592282838984, 0.00029633209472011175, 1.30570649999936
3374.592282838984, 0.00029633209472011175, 1.3062394999997196
3374.592282838984, 0.00029633209472011175, 1.3067020999997112
3374.592282838984, 0.00029633209472011175, 1.307219499999519
3374.592282838984, 0.00029633209472011175, 1.3077717999995002
3374.592282838984, 0.00029633209472011175, 1.3083115999997972
3374.592282838984, 0.00029633209472011175, 1.3087705999996615
3374.592282838984, 0.00029633209472011175, 1.3092689999994036
3374.592282838984, 0.00029633209472011175, 1.3097290999994584
3374.592282838984, 0.00029633209472011175, 1.3102294999998776
3374.592282838984, 0.00029633209472011175, 1.3106926999998905
3374.592282838984, 0.00029633209472011175, 1.3111871999999494
3374.592282838984, 0.00029633209472011175, 1.3116802999993524
3374.592282838984, 0.00029633209472011175, 1.3121777999995174
3374.592282838984, 0.00029633209472011175, 1.3126335999995717
3374.592282838984, 0.00029633209472011175, 1.313130800000181
3374.592282838984, 0.00029633209472011175, 1.3135941999998977
3374.592282838984, 0.00029633209472011175, 1.3141224999999395
3374.592282838984, 0.00029633209472011175, 1.3146035999998276
3374.592282838984, 0.00029633209472011175, 1.3151805999996213
3374.592282838984, 0.00029633209472011175, 1.3156410000001415
3374.592282838984, 0.00029633209472011175, 1.316169799999443
3374.592282838984, 0.00029633209472011175, 1.3166279999995822
3374.592282838984, 0.00029633209472011175, 1.3172285000000556
3374.592282838984, 0.00029633209472011175, 1.3179129000000103
3374.592282838984, 0.00029633209472011175, 1.318615399999544
3374.592282838984, 0.0002955986505439376, 1.3191907000000356
3374.592282838984, 0.00029633209472011175, 1.3196604999993724
3374.592282838984, 0.0002956246611448316, 1.3201725999997507
3374.592282838984, 0.00029633209472011175, 1.3206387000000177
3374.592282838984, 0.00029633209472011175, 1.3211354999994
3374.592282838984, 0.00029633209472011175, 1.3215963000002375
3374.592282838984, 0.00029633209472011175, 1.3221450999999433
3374.592282838984, 0.00029633209472011175, 1.322644599999876
3374.592282838984, 0.00029633209472011175, 1.323137599999427
3374.592282838984, 0.00029633209472011175, 1.3235988999995243
3374.592282838984, 0.00029633209472011175, 1.324137999999948
3374.592282838984, 0.00029633209472011175, 1.3246025999997073
3374.592282838984, 0.00029633209472011175, 1.3250957999998718
3374.592282838984, 0.00029633209472011175, 1.3256234000000404
3374.592282838984, 0.00029633209472011175, 1.3261568999996598
3374.592282838984, 0.00029633209472011175, 1.326654200000121
3374.592282838984, 0.00029633209472011175, 1.3271487000001798
3374.592282838984, 0.00029633209472011175, 1.3276096999998117
3374.592282838984, 0.00029633209472011175, 1.3281009000002086
3374.592282838984, 0.00029633209472011175, 1.3285626999995657
3374.592282838984, 0.00029633209472011175, 1.329055000000153
3374.592282838984, 0.00029633209472011175, 1.329609100000198
3374.592282838984, 0.00029633209472011175, 1.3301191000000472
3374.592282838984, 0.00029633209472011175, 1.3305860999998913
3374.592282838984, 0.00029633209472011175, 1.3310787000000346
3374.592282838984, 0.00029633209472011175, 1.331537500000195
3374.592282838984, 0.00029633209472011175, 1.332029700000021
3374.592282838984, 0.00029633209472011175, 1.3324925999995685
3374.592282838984, 0.00029633209472011175, 1.3329850999998598
3374.592282838984, 0.00029633209472011175, 1.3334944999996878
3374.592282838984, 0.00029633209472011175, 1.3341105999998035
3374.592282838984, 0.00029633209472011175, 1.3348188999998456
3374.592282838984, 0.00029633209472011175, 1.33549419999963
3374.592282838984, 0.00029633209472011175, 1.3360308000001169
3374.592282838984, 0.00029633209472011175, 1.3365022999996654
3374.592282838984, 0.00029633209472011175, 1.3370033000001058
3374.592282838984, 0.00029633209472011175, 1.3377307000000656
3374.592282838984, 0.00029633209472011175, 1.338961499999641
3374.592282838984, 0.00029633209472011175, 1.3398364999993646
3374.592282838984, 0.00029633209472011175, 1.3404383999995844
3374.592282838984, 0.00029633209472011175, 1.3409265000000232
3374.592282838984, 0.00029633209472011175, 1.3414088999998057
3374.592282838984, 0.00029633209472011175, 1.3419181999997818
3374.592282838984, 0.00029633209472011175, 1.3426675000000614
3374.592282838984, 0.00029633209472011175, 1.3435161999996126
3374.592282838984, 0.00029633209472011175, 1.344808699999703
3374.592282838984, 0.00029633209472011175, 1.3454186999997546
3374.592282838984, 0.00029633209472011175, 1.3460944999997082
3374.592282838984, 0.00029633209472011175, 1.3466363999996247
3374.592282838984, 0.00029633209472011175, 1.3471564000001308
3374.592282838984, 0.00029633209472011175, 1.3476880999996865
3374.592282838984, 0.00029633209472011175, 1.3482021999998324
3374.592282838984, 0.00029633209472011175, 1.3488122999997358
3374.592282838984, 0.00029633209472011175, 1.349622300000192
3374.592282838984, 0.00029633209472011175, 1.3501741000000038
3374.592282838984, 0.00029633209472011175, 1.3508044999998674
3374.592282838984, 0.00029633209472011175, 1.3513951999993878
3374.592282838984, 0.00029633209472011175, 1.3520671999995102
3374.592282838984, 0.00029633209472011175, 1.3527555000000575
3374.592282838984, 0.00029633209472011175, 1.3532831000002261
3374.592282838984, 0.00029633209472011175, 1.3537833000000319
3374.592282838984, 0.00029633209472011175, 1.354292500000156
3374.592282838984, 0.00029633209472011175, 1.354768199999853
3374.592282838984, 0.00029633209472011175, 1.3554827999996633
3374.592282838984, 0.00029633209472011175, 1.3562074000001303
3374.592282838984, 0.00029633209472011175, 1.3567905999998402
3374.592282838984, 0.00029633209472011175, 1.3579288000000815
3374.592282838984, 0.00029633209472011175, 1.3594828999994206
3374.592282838984, 0.00029633209472011175, 1.3604754999996658
3374.592282838984, 0.00029633209472011175, 1.3609779999997045
3374.592282838984, 0.00029633209472011175, 1.3614544000001843
3374.592282838984, 0.00029633209472011175, 1.3620008999996571
3374.592282838984, 0.00029633209472011175, 1.3624767999999676
3374.592282838984, 0.00029633209472011175, 1.3629509000002145
3374.592282838984, 0.00029633209472011175, 1.3634217999997418
3374.592282838984, 0.00029633209472011175, 1.3639342999995279
3374.592282838984, 0.00029633209472011175, 1.364412199999606
3374.592282838984, 0.00029633209472011175, 1.3648844999997891
3374.592282838984, 0.00029633209472011175, 1.3653542000001835
3374.592282838984, 0.00029633209472011175, 1.3658513000000312
3374.592282838984, 0.00029633209472011175, 1.366430600000058
3374.592282838984, 0.00029633209472011175, 1.3669546000000992
3374.592282838984, 0.00029633209472011175, 1.3674966999997196
3374.592282838984, 0.00029633209472011175, 1.3685658999993393
3374.592282838984, 0.00029633209472011175, 1.3695384000002377
3374.592282838984, 0.00029633209472011175, 1.3701584000000366
3374.592282838984, 0.00029633209472011175, 1.3707752000000255
3374.592282838984, 0.00029633209472011175, 1.3718526000002385
3374.592282838984, 0.00029633209472011175, 1.3726111999994828
3374.592282838984, 0.00029633209472011175, 1.3734126999997898
3374.592282838984, 0.00029633209472011175, 1.374064399999952
3374.592282838984, 0.00029633209472011175, 1.374526099999457
3374.592282838984, 0.00029633209472011175, 1.3750331999999617
3374.592282838984, 0.00029633209472011175, 1.3754971999996997
3374.592282838984, 0.00029633209472011175, 1.3760180999997829
3374.592282838984, 0.00029633209472011175, 1.3764884000001985
3374.592282838984, 0.00029633209472011175, 1.3769615000001068
3374.592282838984, 0.00029633209472011175, 1.3774376999999731
3374.592282838984, 0.00029633209472011175, 1.3779284000002008
3374.592282838984, 0.00029633209472011175, 1.3784083999998984
3374.592282838984, 0.00029633209472011175, 1.3788913999997021
3374.592282838984, 0.00029633209472011175, 1.3793648000000758
3374.592282838984, 0.00029633209472011175, 1.379837999999836
3374.592282838984, 0.00029633209472011175, 1.3803091999998287
3374.592282838984, 0.00029633209472011175, 1.3807861999994202
3374.592282838984, 0.00029633209472011175, 1.3813260999995691
3374.592282838984, 0.00029633209472011175, 1.3817998999993506
3374.592282838984, 0.00029633209472011175, 1.3822714999996606
3374.592282838984, 0.00029633209472011175, 1.382747799999379
3374.592282838984, 0.00029633209472011175, 1.3832532999995237
3374.592282838984, 0.00029633209472011175, 1.383834499999466
3374.592282838984, 0.00029633209472011175, 1.384576599999491
3374.592282838984, 0.00029633209472011175, 1.3860051000001476
3374.592282838984, 0.00029633209472011175, 1.3868869999996605
3374.592282838984, 0.00029633209472011175, 1.3874845000000278
3374.592282838984, 0.00029633209472011175, 1.3879756999995152
3374.592282838984, 0.00029633209472011175, 1.3885141000000658
3374.592282838984, 0.00029633209472011175, 1.3890121999993426
3374.592282838984, 0.00029633209472011175, 1.389476399999694
3374.592282838984, 0.00029633209472011175, 1.3899891000000935
3374.592282838984, 0.00029633209472011175, 1.3904521999993449
3374.592282838984, 0.00029633209472011175, 1.3909466999994038
3374.592282838984, 0.00029633209472011175, 1.391403999999966
3374.592282838984, 0.00029633209472011175, 1.3919209999994564
3374.592282838984, 0.00029633209472011175, 1.3923973000000842
3374.592282838984, 0.00029633209472011175, 1.3929247999994914
3374.592282838984, 0.00029633209472011175, 1.393384099999821
3374.592282838984, 0.00029633209472011175, 1.393909800000074
3374.592282838984, 0.00029633209472011175, 1.3944233000001987
3374.592282838984, 0.00029633209472011175, 1.3949302999999418
3374.592282838984, 0.00029633209472011175, 1.395394999999553
3374.592282838984, 0.00029633209472011175, 1.3959697000000233
3374.592282838984, 0.00029633209472011175, 1.3964365000001635
3374.592282838984, 0.00029633209472011175, 1.3969332999995459
3374.592282838984, 0.00029633209472011175, 1.3973952999995163
3374.592282838984, 0.00029633209472011175, 1.3978903999995964
3374.592282838984, 0.00029633209472011175, 1.3983540999997786
3374.592282838984, 0.00029633209472011175, 1.3988515999999436
3374.592282838984, 0.00029633209472011175, 1.39934489999996
3374.592282838984, 0.00029633209472011175, 1.399859899999683
3374.592282838984, 0.00029633209472011175, 1.4004783000000316
3374.592282838984, 0.00029633209472011175, 1.4012949999996636
3374.592282838984, 0.00029633209472011175, 1.4020236999995177
3374.592282838984, 0.00029633209472011175, 1.4026585000001432
3374.592282838984, 0.00029633209472011175, 1.4032707999995182
3374.592282838984, 0.00029633209472011175, 1.403807699999561
3374.592282838984, 0.00029633209472011175, 1.4042730999999549
3374.592282838984, 0.0002959784847533067, 1.4047792999999729
3374.592282838984, 0.0002959784847533067, 1.4052445999996053
3374.592282838984, 0.00029633209472011175, 1.4057646999999633
3374.592282838984, 0.00029633209472011175, 1.406238300000041
3374.592282838984, 0.00029633209472011175, 1.4067402000000584
3374.592282838984, 0.00029633209472011175, 1.4072213999997985
3374.592282838984, 0.00029633209472011175, 1.4077194000001327
3374.592282838984, 0.00029633209472011175, 1.4082005000000208
3374.592282838984, 0.00029633209472011175, 1.4086609999994835
3374.592282838984, 0.00029633209472011175, 1.4091560999995636
3374.592282838984, 0.00029633209472011175, 1.4096173999996608
3374.592282838984, 0.00029633209472011175, 1.4101113999995505
3374.592282838984, 0.00029633209472011175, 1.4106774000001678
3374.592282838984, 0.00029633209472011175, 1.411150999999336
3374.592282838984, 0.00029633209472011175, 1.4116174000000683
3374.592282838984, 0.00029633209472011175, 1.4121131000001697
3374.592282838984, 0.00029633209472011175, 1.4125755999993999
3374.592282838984, 0.00029633209472011175, 1.4130715999999666
3374.592282838984, 0.00029633209472011175, 1.4135329999999158
3374.592282838984, 0.00029633209472011175, 1.4141020999995817
3374.592282838984, 0.00029633209472011175, 1.414583899999343
3374.592282838984, 0.00029633209472011175, 1.4150603999996747
3374.592282838984, 0.00029633209472011175, 1.4155571000001146
3374.592282838984, 0.00029633209472011175, 1.4160838999996486
3374.592282838984, 0.00029633209472011175, 1.416543599999386
3374.592282838984, 0.00029633209472011175, 1.4171704999998838
3374.592282838984, 0.00029633209472011175, 1.4179992999997921
3374.592282838984, 0.000296003856494397, 1.4192770999998174
3374.592282838984, 0.00029633209472011175, 1.419878400000016
3374.592282838984, 0.00029633209472011175, 1.4204843999996228
3374.592282838984, 0.00029633209472011175, 1.4210296000001108
3374.592282838984, 0.00029633209472011175, 1.4215352000001076
3374.592282838984, 0.00029633209472011175, 1.4220813000001726
3374.592282838984, 0.00029633209472011175, 1.4225459999997838
3374.592282838984, 0.00029597562224691835, 1.4230532000001404
3374.592282838984, 0.00029633209472011175, 1.4235162999993918
3374.592282838984, 0.00029633209472011175, 1.424048899999434
3374.592282838984, 0.00029633209472011175, 1.4245124999997643
3374.592282838984, 0.00029633209472011175, 1.4250363000001016
3374.592282838984, 0.00029633209472011175, 1.4255820999997013
3374.592282838984, 0.00029633209472011175, 1.4260779999995066
3374.592282838984, 0.00029633209472011175, 1.4265374999995402
3374.592282838984, 0.00029633209472011175, 1.4270367999997688
3374.592282838984, 0.00029633209472011175, 1.4275001999994856
3374.592282838984, 0.00029633209472011175, 1.4279971999994814
3374.592282838984, 0.00029633209472011175, 1.4284593000002133
3374.592282838984, 0.00029633209472011175, 1.4289583999998285
3374.592282838984, 0.00029633209472011175, 1.429454799999803
3374.592282838984, 0.00029633209472011175, 1.429954600000201
3374.592282838984, 0.00029633209472011175, 1.4304137999997693
3374.592282838984, 0.00029633209472011175, 1.430909900000188
3374.592282838984, 0.00029633209472011175, 1.4313690999997561
3374.592282838984, 0.00029633209472011175, 1.4318648999997095
3374.592282838984, 0.00029633209472011175, 1.4323515999994925
3374.592282838984, 0.0002962692210463277, 1.432907399999749
3374.592282838984, 0.00029633209472011175, 1.4333699999997407
3374.592282838984, 0.00029633209472011175, 1.4338966999994227
3374.592282838984, 0.00029633209472011175, 1.434483299999556
3374.592282838984, 0.00029633209472011175, 1.4350896999994802
3374.592282838984, 0.00029633209472011175, 1.4360423999996783
3374.592282838984, 0.00029633209472011175, 1.4368696000001364
3374.592282838984, 0.00029633209472011175, 1.4373568000000887
3374.592282838984, 0.00029633209472011175, 1.4379740999993373
3374.592282838984, 0.00029633209472011175, 1.4385572000001048
3374.592282838984, 0.00029633209472011175, 1.4391682999994373
3374.592282838984, 0.00029633209472011175, 1.4398028999994494
3374.592282838984, 0.00029633209472011175, 1.4402972999996564
3374.592282838984, 0.00029633209472011175, 1.4407993999993778
3374.592282838984, 0.00029633209472011175, 1.441259700000046
3374.592282838984, 0.00029633209472011175, 1.4417524000000412
3374.592282838984, 0.00029633209472011175, 1.4422085999995033
3374.592282838984, 0.00029633209472011175, 1.4427083000000493
3374.592282838984, 0.00029633209472011175, 1.4431684000001042
3374.592282838984, 0.00029633209472011175, 1.4437339999994947
3374.592282838984, 0.00029633209472011175, 1.4442326999997022
3374.592282838984, 0.00029633209472011175, 1.4447343000001638
3374.592282838984, 0.00029633209472011175, 1.4452000000001135
3374.592282838984, 0.00029633209472011175, 1.4457281999993938
3374.592282838984, 0.00029633209472011175, 1.4461873999998716
3374.592282838984, 0.00029633209472011175, 1.446683000000121
3374.592282838984, 0.00029633209472011175, 1.4472393999994893
3374.592282838984, 0.00029633209472011175, 1.4477452999999514
3374.592282838984, 0.00029633209472011175, 1.4482084000001123
3374.592282838984, 0.00029487850579369696, 1.4487103000001298
3374.592282838984, 0.00029633209472011175, 1.4491721999993388
3374.592282838984, 0.00029633209472011175, 1.4497357000000193
3374.592282838984, 0.00029633209472011175, 1.450247699999636
3374.592282838984, 0.00029633209472011175, 1.4509511999995084
3374.592282838984, 0.0002948823806334396, 1.4516506999998455
3374.592282838984, 0.00029633209472011175, 1.452297799999542
3374.592282838984, 0.00029633209472011175, 1.4528048000001945
3374.592282838984, 0.00029633209472011175, 1.4532656000001225
3374.592282838984, 0.00029633209472011175, 1.45379899999989
3374.592282838984, 0.00029582970003935857, 1.4542782999997144
3374.592282838984, 0.00029633209472011175, 1.4547996000001149
3374.592282838984, 0.00029633209472011175, 1.4552593999997043
3374.592282838984, 0.00029633209472011175, 1.4557940999993662
3374.592282838984, 0.00029633209472011175, 1.4562601999996332
3374.592282838984, 0.00029633209472011175, 1.4567585999993753
3374.592282838984, 0.00029633209472011175, 1.4572214999998323
3374.592282838984, 0.00029633209472011175, 1.4577147999998488
3374.592282838984, 0.00029633209472011175, 1.4582061000000976
3374.592282838984, 0.00029633209472011175, 1.4587407999997595
3374.592282838984, 0.00029633209472011175, 1.4592020999998567
3374.592282838984, 0.00029633209472011175, 1.4596958000001905
3374.592282838984, 0.00029633209472011175, 1.4601579999998648
3374.592282838984, 0.00029633209472011175, 1.460654099999374
3374.592282838984, 0.00029633209472011175, 1.4611126999998305
3374.592282838984, 0.00029633209472011175, 1.4616249000000607
3374.592282838984, 0.00029633209472011175, 1.4621800999993866
3374.592282838984, 0.00029633209472011175, 1.462672599999678
3374.592282838984, 0.00029633209472011175, 1.4631847999999081
3374.592282838984, 0.00029633209472011175, 1.4637272999998459
3374.592282838984, 0.00029633209472011175, 1.4641928999999436
3374.592282838984, 0.00029633209472011175, 1.4647760999996535
3374.592282838984, 0.00029633209472011175, 1.4652415000000474
3374.592282838984, 0.00029633209472011175, 1.4658058999993955
3374.592282838984, 0.00029633209472011175, 1.4663120999994135
3374.592282838984, 0.00029633209472011175, 1.466827000000194
3374.592282838984, 0.00029633209472011175, 1.467391499999394
3374.592282838984, 0.00029633209472011175, 1.4681190000001152
3374.592282838984, 0.00029633209472011175, 1.4687591000001703
3374.592282838984, 0.00029633209472011175, 1.4693149999993693
3374.592282838984, 0.00029633209472011175, 1.4697950999998284
3374.592282838984, 0.00029633209472011175, 1.4702541999995447
3374.592282838984, 0.00029633209472011175, 1.4707518999994136
3374.592282838984, 0.00029633209472011175, 1.4712113999994472
3374.592282838984, 0.00029633209472011175, 1.471705099999781
3374.592282838984, 0.00029633209472011175, 1.4721645999998145
3374.592282838984, 0.00029633209472011175, 1.4726603999997678
3374.592282838984, 0.00029633209472011175, 1.47315239999989
3374.592282838984, 0.00029633209472011175, 1.4736849999999322
3374.592282838984, 0.00029633209472011175, 1.474150500000178
3374.592282838984, 0.00029633209472011175, 1.4746504999993704
3374.592282838984, 0.00029633209472011175, 1.4751102000000174
3374.592282838984, 0.00029633209472011175, 1.4756434000000809
3374.592282838984, 0.00029633209472011175, 1.4761024999997971
3374.592282838984, 0.00029633209472011175, 1.4766645999998218
3374.592282838984, 0.00029633209472011175, 1.4771384999994552
3374.592282838984, 0.00029633209472011175, 1.4776314999999158
3374.592282838984, 0.00029633209472011175, 1.4780888999994204
3374.592282838984, 0.00029633209472011175, 1.4785891000001357
3374.592282838984, 0.00029633209472011175, 1.47904490000019
3374.592282838984, 0.00029633209472011175, 1.4795696000001044
3374.592282838984, 0.00029633209472011175, 1.4800562999998874
3374.592282838984, 0.00029633209472011175, 1.480592400000205
3374.592282838984, 0.00029633209472011175, 1.4810885999995662
3374.592282838984, 0.00029633209472011175, 1.4816290999997364
3374.592282838984, 0.00029633209472011175, 1.4820909999998548
3374.592282838984, 0.00029633209472011175, 1.4825904999997874
3374.592282838984, 0.00029633209472011175, 1.483052200000202
3374.592282838984, 0.00029633209472011175, 1.483596199999738
3374.592282838984, 0.00029633209472011175, 1.4843863999994937
3374.592282838984, 0.00029633209472011175, 1.4856159999999363
3374.592282838984, 0.00029633209472011175, 1.4860953999996127
3374.592282838984, 0.00029633209472011175, 1.4865954999995665
3374.592282838984, 0.00029633209472011175, 1.4870673999994324
3374.592282838984, 0.00029633209472011175, 1.4875541999999768
3374.592282838984, 0.00029633209472011175, 1.4880284999999276
3374.592282838984, 0.00029633209472011175, 1.4885562999998
3374.592282838984, 0.00029633209472011175, 1.4890209999994113
3374.592282838984, 0.00029633209472011175, 1.4895003000001452
3374.592282838984, 0.00029633209472011175, 1.489972499999567
3374.592282838984, 0.00029633209472011175, 1.490432999999939
3374.592282838984, 0.00029633209472011175, 1.4909330999998929
3374.592282838984, 0.00029633209472011175, 1.4914951000000656
3374.592282838984, 0.00029633209472011175, 1.4919714999996359
3374.592282838984, 0.00029633209472011175, 1.492432899999585
3374.592282838984, 0.00029633209472011175, 1.492936199999349
3374.592282838984, 0.00029633209472011175, 1.49339449999934
3374.592282838984, 0.00029633209472011175, 1.4939229999999952
3374.592282838984, 0.00029633209472011175, 1.4943839999996271
3374.592282838984, 0.00029633209472011175, 1.4949312999997346
3374.592282838984, 0.00029633209472011175, 1.4954111999995803
3374.592282838984, 0.00029633209472011175, 1.4959294999998747
3374.592282838984, 0.00029633209472011175, 1.4963950999999724
3374.592282838984, 0.00029633209472011175, 1.4968884999998409
3374.592282838984, 0.00029633209472011175, 1.497349000000213
3374.592282838984, 0.00029633209472011175, 1.4979425000001356
3374.592282838984, 0.00029633209472011175, 1.4984297999999399
3374.592282838984, 0.00029633209472011175, 1.498985299999731
3374.592282838984, 0.00029633209472011175, 1.4994651999995767
3374.592282838984, 0.00029633209472011175, 1.4999387999996543
3374.592282838984, 0.00029633209472011175, 1.5005004999993616
3374.592282838984, 0.00029633209472011175, 1.5012608999995791
3374.592282838984, 0.00029633209472011175, 1.5019156999996994
3374.592282838984, 0.00029633209472011175, 1.5025279999999839
3374.592282838984, 0.00029633209472011175, 1.5030275999997684
3374.592282838984, 0.00029633209472011175, 1.5035570000000007
3374.592282838984, 0.00029633209472011175, 1.50402479999957
3374.592282838984, 0.00029633209472011175, 1.5045263000001796
3374.592282838984, 0.00029633209472011175, 1.5049867999996422
3374.592282838984, 0.00029633209472011175, 1.505503100000169
3374.592282838984, 0.00029633209472011175, 1.5060733999998774
3374.592282838984, 0.00029633209472011175, 1.5065918999998757
3374.592282838984, 0.00029633209472011175, 1.5070553999994445
3374.592282838984, 0.00029633209472011175, 1.5075526999999056
3374.592282838984, 0.00029633209472011175, 1.5080141999997068
3374.592282838984, 0.00029633209472011175, 1.5085133000002315
3374.592282838984, 0.00029633209472011175, 1.5089791999998852
3374.592282838984, 0.00029633209472011175, 1.5094889000001785
3374.592282838984, 0.00029633209472011175, 1.5099860000000263
3374.592282838984, 0.00029633209472011175, 1.5105194999996456
3374.592282838984, 0.00029633209472011175, 1.510978599999362
3374.592282838984, 0.00029633209472011175, 1.5114720000001398
3374.592282838984, 0.00029633209472011175, 1.5119310000000041
3374.592282838984, 0.00029633209472011175, 1.5123901999995724
3374.592282838984, 0.00029633209472011175, 1.512884199999462
3374.592282838984, 0.00029633209472011175, 1.5134331999997812
3374.592282838984, 0.00029633209472011175, 1.5140237999994497
3374.592282838984, 0.00029633209472011175, 1.5145211999997628
3374.592282838984, 0.00029633209472011175, 1.5149886999997761
3374.592282838984, 0.00029633209472011175, 1.515517799999543
3374.592282838984, 0.00029633209472011175, 1.5159767999994074
3374.592282838984, 0.00029633209472011175, 1.5164746999998897
3374.592282838984, 0.00029633209472011175, 1.5169869999999719
3374.592282838984, 0.00029633209472011175, 1.5176979999996547
3374.592282838984, 0.00029633209472011175, 1.5183570999997755
3374.592282838984, 0.00029633209472011175, 1.5189644000001863
3374.592282838984, 0.00029633209472011175, 1.5195146999994904
3374.592282838984, 0.00029633209472011175, 1.5199898999999277
3374.592282838984, 0.00029633209472011175, 1.5205043999994814
3374.592282838984, 0.00029633209472011175, 1.521063299999696
3374.592282838984, 0.00029633209472011175, 1.5215563000001566
3374.592282838984, 0.00029633209472011175, 1.5220137999995131
3374.592282838984, 0.00029633209472011175, 1.522545199999513
3374.592282838984, 0.00029633209472011175, 1.5230071999994834
3374.592282838984, 0.00029633209472011175, 1.5235413999998855
3374.592282838984, 0.00029633209472011175, 1.5240004999996017
3374.592282838984, 0.00029633209472011175, 1.5245113000000856
3374.592282838984, 0.00029633209472011175, 1.525007899999764
3374.592282838984, 0.00029633209472011175, 1.5255363999995097
3374.592282838984, 0.00029633209472011175, 1.5259946999995009
3374.592282838984, 0.00029633209472011175, 1.5264944000000469
3374.592282838984, 0.00029633209472011175, 1.526958200000081
3374.592282838984, 0.00029633209472011175, 1.5274490000001606
3374.592282838984, 0.00029633209472011175, 1.5279375999998592
3374.592282838984, 0.00029633209472011175, 1.528495099999418
3374.592282838984, 0.00029633209472011175, 1.5289553000002343
3374.592282838984, 0.00029633209472011175, 1.5294832999998107
3374.592282838984, 0.00029633209472011175, 1.5299582999996346
3374.592282838984, 0.00029633209472011175, 1.5304987999998048
3374.592282838984, 0.00029633209472011175, 1.5309729000000516
3374.592282838984, 0.00029633209472011175, 1.5314729000001535
3374.592282838984, 0.00029633209472011175, 1.5319739999995363
3374.592282838984, 0.00029633209472011175, 1.5324807999995755
3374.592282838984, 0.00029633209472011175, 1.532948999999462
3374.592282838984, 0.00029633209472011175, 1.5335182999997414
3374.592282838984, 0.00029633209472011175, 1.5342540999999983
3374.592282838984, 0.00029633209472011175, 1.535595999999714
3374.592282838984, 0.00029633209472011175, 1.5360940000000483
3374.592282838984, 0.00029633209472011175, 1.5365961999996216
3374.592282838984, 0.00029633209472011175, 1.537060599999677
3374.592282838984, 0.00029633209472011175, 1.5375592000000324
3374.592282838984, 0.00029633209472011175, 1.538019699999495
3374.592282838984, 0.00029633209472011175, 1.5385124999993423
3374.592282838984, 0.00029633209472011175, 1.5389979999999923
3374.592282838984, 0.00029633209472011175, 1.53954049999993
3374.592282838984, 0.00029633209472011175, 1.5400166999997964
3374.592282838984, 0.00029633209472011175, 1.5405094999996436
3374.592282838984, 0.00029633209472011175, 1.5409732999996777
3374.592282838984, 0.00029633209472011175, 1.5414675000001807
3374.592282838984, 0.00029633209472011175, 1.5419295000001512
3374.592282838984, 0.00029633209472011175, 1.5424235999998928
3374.592282838984, 0.00029633209472011175, 1.5429967999998553
3374.592282838984, 0.00029633209472011175, 1.5435312999998132
3374.592282838984, 0.00029633209472011175, 1.5439895999998043
3374.592282838984, 0.00029633209472011175, 1.5444819999993342
3374.592282838984, 0.00029633209472011175, 1.5449416999999812
3374.592282838984, 0.00029633209472011175, 1.5454859000001306
3374.592282838984, 0.00029633209472011175, 1.545943499999339
3374.592282838984, 0.00029633209472011175, 1.5464397999994617
3374.592282838984, 0.00029633209472011175, 1.5469168999998146
3374.592282838984, 0.00029633209472011175, 1.5474248999998963
3374.592282838984, 0.00029633209472011175, 1.5478843999999299
3374.592282838984, 0.00029633209472011175, 1.5483770999999251
3374.592282838984, 0.00029633209472011175, 1.5488445999999385
3374.592282838984, 0.00029633209472011175, 1.5493257999996786
3374.592282838984, 0.00029633209472011175, 1.5498012999996718
3374.592282838984, 0.00029633209472011175, 1.5507473999996364
3374.592282838984, 0.00029633209472011175, 1.5518904999998995
3374.592282838984, 0.00029573332160007194, 1.5524663999995028
3374.592282838984, 0.00029633209472011175, 1.5529335000001083
3374.592282838984, 0.00029633209472011175, 1.553478400000131
3374.592282838984, 0.00029633209472011175, 1.553977099999429
3374.592282838984, 0.00029633209472011175, 1.55449150000004
3374.592282838984, 0.00029633209472011175, 1.5549516999999469
3374.592282838984, 0.00029633209472011175, 1.5554936999997153
3374.592282838984, 0.00029633209472011175, 1.5559546999993472
3374.592282838984, 0.00029633209472011175, 1.556450600000062
3374.592282838984, 0.00029633209472011175, 1.556909299999461
3374.592282838984, 0.00029633209472011175, 1.5573973000000478
3374.592282838984, 0.00029633209472011175, 1.5579467999996268
3374.592282838984, 0.00029633209472011175, 1.558444799999961
3374.592282838984, 0.00029633209472011175, 1.5589052999994237
3374.592282838984, 0.00029633209472011175, 1.559403499999462
3374.592282838984, 0.00029633209472011175, 1.55996899999991
3374.592282838984, 0.00029633209472011175, 1.5605169999998907
3374.592282838984, 0.00029633209472011175, 1.5609936999999263
3374.592282838984, 0.00029633209472011175, 1.5616849999996703
3374.592282838984, 0.00029633209472011175, 1.5621611999995366
3374.592282838984, 0.00029633209472011175, 1.5626548999998704
3374.592282838984, 0.00029633209472011175, 1.5631151999996291
3374.592282838984, 0.00029633209472011175, 1.56364880000001
3374.592282838984, 0.00029633209472011175, 1.5641076000001704
3374.592282838984, 0.00029633209472011175, 1.5646034000001237
3374.592282838984, 0.00029633209472011175, 1.56517359999998
3374.592282838984, 0.00029633209472011175, 1.5657063999997263
3374.592282838984, 0.00029633209472011175, 1.5661644000001615
3374.592282838984, 0.00029633209472011175, 1.566658599999755
3374.592282838984, 0.00029633209472011175, 1.567182199999479
3374.592282838984, 0.00029633209472011175, 1.5678718999997727
3374.592282838984, 0.00029633209472011175, 1.5685783999997511
3374.592282838984, 0.00029633209472011175, 1.56909799999994
3374.592282838984, 0.00029633209472011175, 1.5697125999995478
3374.592282838984, 0.00029633209472011175, 1.5702315999997154
3374.592282838984, 0.00029633209472011175, 1.570725499999753
3374.592282838984, 0.00029633209472011175, 1.5711836000000403
3374.592282838984, 0.00029633209472011175, 1.5716889999994237
3374.592282838984, 0.00029633209472011175, 1.5722113000001627
3374.592282838984, 0.00029633209472011175, 1.5726938999996491
3374.592282838984, 0.00029633209472011175, 1.573156100000233
3374.592282838984, 0.00029633209472011175, 1.5736895999998524
3374.592282838984, 0.00029633209472011175, 1.574149000000034
3374.592282838984, 0.00029633209472011175, 1.5746431999996275
3374.592282838984, 0.00029633209472011175, 1.5751012999999148
3374.592282838984, 0.00029633209472011175, 1.5756443000000218
3374.592282838984, 0.00029633209472011175, 1.5761408999997002
3374.592282838984, 0.00029633209472011175, 1.5766845999996804
3374.592282838984, 0.00029633209472011175, 1.5771426000001156
3374.592282838984, 0.00029633209472011175, 1.57764700000007
3374.592282838984, 0.00029633209472011175, 1.578111899999385
3374.592282838984, 0.00029633209472011175, 1.5786079999998037
3374.592282838984, 0.00029633209472011175, 1.579071600000134
3374.592282838984, 0.00029633209472011175, 1.5796724000001632
3374.592282838984, 0.0002957815785580069, 1.5801464999995005
3374.592282838984, 0.00029633209472011175, 1.580642799999623
3374.592282838984, 0.00029633209472011175, 1.5811033999998472
3374.592282838984, 0.00029633209472011175, 1.581603599999653
3374.592282838984, 0.00029633209472011175, 1.5820691999997507
3374.592282838984, 0.00029633209472011175, 1.5825666999999157
3374.592282838984, 0.00029633209472011175, 1.5830265999993571
3374.592282838984, 0.00029633209472011175, 1.5836867999996684
3374.592282838984, 0.00029633209472011175, 1.58437689999937
3374.592282838984, 0.00029633209472011175, 1.5854600000002392
3374.592282838984, 0.00029633209472011175, 1.5859347999994498
3374.592282838984, 0.00029633209472011175, 1.5864283000000796
3374.592282838984, 0.00029633209472011175, 1.586989800000083
3374.592282838984, 0.00029633209472011175, 1.5874717999995482
3374.592282838984, 0.00029633209472011175, 1.5879371000000901
3374.592282838984, 0.00029633209472011175, 1.588431700000001
3374.592282838984, 0.00029633209472011175, 1.588890299999548
3374.592282838984, 0.00029633209472011175, 1.5893925000000309
3374.592282838984, 0.00029633209472011175, 1.5898612999999386
3373.7116657838988, 0.00029640944427526976, 1.5903594999999768
3373.7116657838988, 0.00029640944427526976, 1.5908528999998452
3373.7116657838988, 0.00029640944427526976, 1.5913517999997566
3373.7116657838988, 0.00029640944427526976, 1.5918197999999393
3373.7116657838988, 0.00029640944427526976, 1.592345199999727
3373.7116657838988, 0.00029640944427526976, 1.592826299999615
3373.7116657838988, 0.00029640944427526976, 1.5933561000001646
3373.7116657838988, 0.00029640944427526976, 1.5938187000001562
3373.7116657838988, 0.00029640944427526976, 1.5943823999996312
3373.7116657838988, 0.00029640944427526976, 1.5948582999999417
3373.7116657838988, 0.00029640944427526976, 1.5953967999994347
3371.9338003177972, 0.00029640944427526976, 1.5958640999997442
3371.9338003177972, 0.00029640944427526976, 1.596357700000226
3371.9338003177972, 0.00029640944427526976, 1.5968151999995825
3371.9338003177972, 0.00029640944427526976, 1.59731069999998
3371.9338003177972, 0.00029640944427526976, 1.5977937999996357
3371.9338003177972, 0.00029640944427526976, 1.5982991999999285
3371.9338003177972, 0.00029640944427526976, 1.5988417999997182
3371.9338003177972, 0.00029640944427526976, 1.5993554999995467
3371.9338003177972, 0.00029640944427526976, 1.5998229999995601
3371.9338003177972, 0.00029640944427526976, 1.6004162999997789
3371.9338003177972, 0.00029640944427526976, 1.6010245999996187
3371.9338003177972, 0.00029640944427526976, 1.6017412999999578
3371.9338003177972, 0.00029640944427526976, 1.6023752000000968
3371.9338003177972, 0.00029640944427526976, 1.6028458999999202
3371.9338003177972, 0.00029640944427526976, 1.6033858000000691
3371.9338003177972, 0.00029640944427526976, 1.6038493999994898
3369.8596239406784, 0.000296748265979878, 1.6043426999995063
3369.8596239406784, 0.000296748265979878, 1.6048025000000052
3369.8596239406784, 0.000296748265979878, 1.6053402999996251
3369.8596239406784, 0.000296748265979878, 1.605833900000107
3369.8596239406784, 0.000296748265979878, 1.6063242000000173
3369.8596239406784, 0.000296748265979878, 1.6067842000002202
3369.8596239406784, 0.000296748265979878, 1.6072868000001108
3369.8596239406784, 0.000296748265979878, 1.6077477999997427
3369.8596239406784, 0.000296748265979878, 1.6082699999997203
3369.8596239406784, 0.000296748265979878, 1.608752099999947
3369.8596239406784, 0.000296748265979878, 1.6093130999997811
3369.8596239406784, 0.000296748265979878, 1.6097758999994767
3369.8596239406784, 0.000296748265979878, 1.6102691999994931
3369.8596239406784, 0.000296748265979878, 1.6107277000000977
3369.8596239406784, 0.000296748265979878, 1.6112247000000934
3369.8596239406784, 0.000296748265979878, 1.6116824999999153
3369.8596239406784, 0.00029640944427526976, 1.6121616999998878
3369.8596239406784, 0.000296748265979878, 1.612668400000075
3369.8596239406784, 0.000296748265979878, 1.6132103999998435
3369.8596239406784, 0.000296748265979878, 1.613677700000153
3369.8596239406784, 0.000296748265979878, 1.6141561999993428
3369.8596239406784, 0.000296748265979878, 1.6146461999996973
3369.8596239406784, 0.000296748265979878, 1.6151165999999648
3369.8596239406784, 0.000296748265979878, 1.6156501999994362
3369.8596239406784, 0.000296748265979878, 1.616135100000065
3369.8596239406784, 0.000296748265979878, 1.6166865999994116
3369.8596239406784, 0.000296748265979878, 1.6173038999995697
3369.8596239406784, 0.000296748265979878, 1.6180309000001216
3369.8596239406784, 0.000296748265979878, 1.618751599999996
3369.8596239406784, 0.000296748265979878, 1.6192626000001837
3369.8596239406784, 0.000296748265979878, 1.6197274999994988
3369.8596239406784, 0.000296748265979878, 1.620259100000112
3369.8596239406784, 0.000296748265979878, 1.6207538999997269
3369.8596239406784, 0.000296748265979878, 1.6212519000000611
3369.8596239406784, 0.000296748265979878, 1.6217144000002008
3369.8596239406784, 0.000296748265979878, 1.6222045999993497
3369.8596239406784, 0.000296748265979878, 1.6226687999997012
3369.8596239406784, 0.000296748265979878, 1.6232104000000618
3369.8596239406784, 0.000296748265979878, 1.623768100000234
3369.8596239406784, 0.000296748265979878, 1.6243267999998352
3369.8596239406784, 0.000296748265979878, 1.6247873000002073
3369.8596239406784, 0.000296748265979878, 1.6253225999998904
3369.8596239406784, 0.000296748265979878, 1.6257832999999664
3369.8596239406784, 0.000296748265979878, 1.6262762999995175
3369.8596239406784, 0.000296748265979878, 1.6267354999999952
3369.8596239406784, 0.000296748265979878, 1.6272571999998036
3369.8596239406784, 0.000296748265979878, 1.6277266999995845
3369.8596239406784, 0.000296748265979878, 1.6282559000001129
3369.8596239406784, 0.000296748265979878, 1.6287185000001045
3369.8596239406784, 0.000296748265979878, 1.6292303999998694
3369.8596239406784, 0.000296748265979878, 1.6296916000001147
3369.8596239406784, 0.000296748265979878, 1.6301844999998139
3369.8596239406784, 0.000296748265979878, 1.630645100000038
3369.8596239406784, 0.000296748265979878, 1.6311905000002298
3369.8596239406784, 0.000296454754200417, 1.631651900000179
3369.8596239406784, 0.000296748265979878, 1.6321478999998362
3369.8596239406784, 0.000296748265979878, 1.6326130999996167
3369.8596239406784, 0.000296748265979878, 1.6330733999993754
3369.8596239406784, 0.000296748265979878, 1.6337305999995806
3369.8596239406784, 0.000296748265979878, 1.634442599999602
3369.8596239406784, 0.000296748265979878, 1.6351552999994965
3369.8596239406784, 0.000296748265979878, 1.6357547999996314
3369.8596239406784, 0.000296748265979878, 1.6362511999996059
3369.8596239406784, 0.000296748265979878, 1.6367141999999149
3369.8596239406784, 0.000296748265979878, 1.637210199999572
3369.8596239406784, 0.000296748265979878, 1.6376685999994152
3369.8596239406784, 0.000296748265979878, 1.6381807999996454
3369.8596239406784, 0.000296748265979878, 1.6387408000000505
3369.8596239406784, 0.000296748265979878, 1.6392328000001726
3369.8596239406784, 0.000296748265979878, 1.6396915999994235
3369.8596239406784, 0.000296748265979878, 1.6402288999997836
3369.8596239406784, 0.000296748265979878, 1.640693999999712
3369.8596239406784, 0.000296748265979878, 1.6411920999998983
3369.8596239406784, 0.000296748265979878, 1.641652399999657
3369.8596239406784, 0.000296748265979878, 1.6421568999994633
3369.8596239406784, 0.000296748265979878, 1.6426480000000083
3369.8596239406784, 0.000296748265979878, 1.643182799999522
3369.8596239406784, 0.000296748265979878, 1.6436401000000842
3369.8596239406784, 0.000296748265979878, 1.6441500999999334
3369.8596239406784, 0.000296748265979878, 1.6446110999995653
3369.8596239406784, 0.000296748265979878, 1.6451284999993732
3369.8596239406784, 0.000296748265979878, 1.6456215999996857
3369.8596239406784, 0.000296748265979878, 1.6462068000000727
3369.8596239406784, 0.000296748265979878, 1.6466661999993448
3369.8596239406784, 0.000296748265979878, 1.647158799999488
3369.8596239406784, 0.000296748265979878, 1.647616399999606
3369.8596239406784, 0.000296748265979878, 1.6481116999993901
3369.8596239406784, 0.000296748265979878, 1.6485695999999734
3369.8596239406784, 0.000296748265979878, 1.6490255999997316
3369.8596239406784, 0.000296748265979878, 1.649552799999583
3369.8596239406784, 0.000296748265979878, 1.6500440999998318
3369.8596239406784, 0.000296748265979878, 1.6506031999997504
3369.8596239406784, 0.000296748265979878, 1.6513226999995823
3369.8596239406784, 0.000296748265979878, 1.6520289000000048
3369.8596239406784, 0.000296748265979878, 1.6525172999999995
3369.8596239406784, 0.000296748265979878, 1.6530212999996365
3369.8596239406784, 0.000296748265979878, 1.653554399999848
3369.8596239406784, 0.000296748265979878, 1.6540180000001783
3369.8596239406784, 0.000296748265979878, 1.6545120999999199
3369.8596239406784, 0.000296748265979878, 1.6549718999995093
3369.8596239406784, 0.000296748265979878, 1.655502499999784
3369.8596239406784, 0.000296748265979878, 1.6559661000001142
3369.8596239406784, 0.000296748265979878, 1.6565123000000312
3369.8596239406784, 0.000296748265979878, 1.6570088999997097
3369.8596239406784, 0.000296748265979878, 1.6575364999998783
3369.8596239406784, 0.000296748265979878, 1.6580050000002302
3369.8596239406784, 0.000296748265979878, 1.658499899999697
3369.8596239406784, 0.000296748265979878, 1.6589589999994132
3369.8596239406784, 0.000296748265979878, 1.6594531999999163
3369.8596239406784, 0.000296748265979878, 1.6599173999993582
3369.8596239406784, 0.000296748265979878, 1.660522499999388
3369.8596239406784, 0.000296748265979878, 1.6609991999994236
3369.8596239406784, 0.000296748265979878, 1.6614934999997786
3369.8596239406784, 0.000296748265979878, 1.661957899999834
3369.8596239406784, 0.000296748265979878, 1.6624512999997023
3369.8596239406784, 0.000296748265979878, 1.6629072999994605
3369.8596239406784, 0.000296748265979878, 1.6635098999995535
3369.8596239406784, 0.000296748265979878, 1.6640097999998034
3369.8596239406784, 0.000296748265979878, 1.6644847999996273
3369.8596239406784, 0.000296748265979878, 1.664978400000109
3369.8596239406784, 0.000296748265979878, 1.6655077999994319
3369.8596239406784, 0.000296748265979878, 1.6659733999995296
3368.4107454978816, 0.00029687590841959236, 1.6665083999996568
3368.4107454978816, 0.00029687590841959236, 1.6671140999997078
3368.4107454978816, 0.00029687590841959236, 1.6678133999994316
3368.4107454978816, 0.00029687590841959236, 1.6684879999993427
3368.4107454978816, 0.00029687590841959236, 1.6690529999996215
3368.4107454978816, 0.00029687590841959236, 1.6695220999999947
3368.4107454978816, 0.00029687590841959236, 1.6700077999994392
3368.4107454978816, 0.00029687590841959236, 1.6704835999998977
3368.4107454978816, 0.00029687590841959236, 1.6709485000001223
3368.4107454978816, 0.00029687590841959236, 1.6714421999995466
3367.766799523306, 0.00029693267364638967, 1.6719419000000926
3367.766799523306, 0.00029693267364638967, 1.6725955000001704
3367.766799523306, 0.00029693267364638967, 1.6731260999995357
3367.766799523306, 0.00029693267364638967, 1.673587199999929
3367.766799523306, 0.00029693267364638967, 1.674155900000187
3367.766799523306, 0.00029693267364638967, 1.6746735999995508
3367.766799523306, 0.00029693267364638967, 1.6752182000000175
3367.766799523306, 0.00029693267364638967, 1.6757575999999972
3367.766799523306, 0.00029693267364638967, 1.6762548999995488
3367.766799523306, 0.00029693267364638967, 1.6767144999994343
3367.766799523306, 0.00029687590841959236, 1.6772102999993876
3367.766799523306, 0.00029693267364638967, 1.6776679999993576
3367.766799523306, 0.00029693267364638967, 1.6781719000000521
3367.766799523306, 0.00029693267364638967, 1.6786333999998533
3367.766799523306, 0.00029693267364638967, 1.6791593999996621
3367.766799523306, 0.00029693267364638967, 1.6796168999999281
3367.766799523306, 0.00029693267364638967, 1.680145100000118
3367.766799523306, 0.00029693267364638967, 1.6806025999994745
3367.766799523306, 0.00029693267364638967, 1.6810995999994702
3367.766799523306, 0.00029693267364638967, 1.6815601999996943
3367.766799523306, 0.00029693267364638967, 1.6820551000000705
3367.766799523306, 0.00029693267364638967, 1.6825153999998292
3367.766799523306, 0.00029693267364638967, 1.6830830999997488
3367.766799523306, 0.00029693267364638967, 1.6836601999993945
3367.766799523306, 0.00029693267364638967, 1.6843508000001748
3367.766799523306, 0.00029693267364638967, 1.68497539999953
3367.766799523306, 0.00029693267364638967, 1.6856208999997762
3367.766799523306, 0.00029693267364638967, 1.6862733999996635
3367.766799523306, 0.00029693267364638967, 1.6868071999997483
3367.766799523306, 0.00029693267364638967, 1.687332499999684
3367.766799523306, 0.00029693267364638967, 1.6877912999998443
3367.766799523306, 0.00029693267364638967, 1.6883295999996335
3367.766799523306, 0.00029693267364638967, 1.6887884999996459
3367.766799523306, 0.00029693267364638967, 1.6892805999996199
3367.766799523306, 0.00029693267364638967, 1.689743400000225
3367.766799523306, 0.0002967975827324018, 1.6903511999998955
3367.766799523306, 0.00029693267364638967, 1.6908273999997618
3367.766799523306, 0.00029693267364638967, 1.6913211000000956
3367.766799523306, 0.00029693267364638967, 1.6917837999999392
3367.766799523306, 0.00029693267364638967, 1.692278599999554
3367.766799523306, 0.00029693267364638967, 1.6927374999995664
3367.766799523306, 0.00029693267364638967, 1.6932642000001579
3367.766799523306, 0.00029693267364638967, 1.6937237000001915
3367.766799523306, 0.00029693267364638967, 1.6943192999997336
3367.766799523306, 0.00029693267364638967, 1.6948046999996222
3367.766799523306, 0.00029693267364638967, 1.6953585000001112
3367.766799523306, 0.00029693267364638967, 1.6958285999999134
3367.766799523306, 0.00029693267364638967, 1.6963912999999593
3367.766799523306, 0.00029693267364638967, 1.6968754999998055
3367.766799523306, 0.00029693267364638967, 1.6974002999995719
3367.766799523306, 0.00029664393067436984, 1.6979587999994692
3367.766799523306, 0.00029664393067436984, 1.698417900000095
3367.766799523306, 0.00029693267364638967, 1.698876299999938
3367.766799523306, 0.00029693267364638967, 1.6993701000001238
3367.766799523306, 0.00029693267364638967, 1.6998296000001574
3367.766799523306, 0.00029693267364638967, 1.7004194999999527
3367.766799523306, 0.00029693267364638967, 1.7009804999997868
3367.766799523306, 0.00029693267364638967, 1.701546000000235
3367.766799523306, 0.00029693267364638967, 1.7021413000002212
3367.766799523306, 0.00029693267364638967, 1.702741999999489
3367.766799523306, 0.00029693267364638967, 1.7032742000001235
3367.766799523306, 0.00029693267364638967, 1.7037319000000934
3367.766799523306, 0.00029693267364638967, 1.7042703999995865
3367.766799523306, 0.00029693267364638967, 1.70474860000013
3367.766799523306, 0.00029693267364638967, 1.705332399999861
3367.766799523306, 0.00029693267364638967, 1.7057942999999796
3367.766799523306, 0.00029693267364638967, 1.7062867999993614
3367.766799523306, 0.00029693267364638967, 1.7067544000001362
3367.766799523306, 0.00029693267364638967, 1.7072478999998566
3367.766799523306, 0.00029693267364638967, 1.707704499999636
3367.766799523306, 0.00029693267364638967, 1.708196699999462
3367.766799523306, 0.00029693267364638967, 1.70869649999986
3367.766799523306, 0.00029693267364638967, 1.709225499999775
3367.766799523306, 0.00029693267364638967, 1.7096830999998929
3367.766799523306, 0.00029693267364638967, 1.71017589999974
3367.766799523306, 0.00029693267364638967, 1.7106351000002178
3367.766799523306, 0.00029693267364638967, 1.7111286999997901
3367.766799523306, 0.00029693267364638967, 1.711589699999422
3367.766799523306, 0.00029693267364638967, 1.712101199999779
3367.766799523306, 0.00029693267364638967, 1.7126570999998876
3367.766799523306, 0.00029693267364638967, 1.7131834000001618
3367.766799523306, 0.00029693267364638967, 1.7136413999996876
3367.766799523306, 0.00029693267364638967, 1.7141325000002325
3367.766799523306, 0.00029693267364638967, 1.7145943999994415
3367.766799523306, 0.00029693267364638967, 1.7151214999994409
3367.766799523306, 0.00029693267364638967, 1.7155808999996225
3367.766799523306, 0.00029693267364638967, 1.716113999999834
3367.766799523306, 0.00029693267364638967, 1.7166096999999354
3367.766799523306, 0.00029693267364638967, 1.7171650999998747
3367.766799523306, 0.00029693267364638967, 1.7177256999993915
3367.766799523306, 0.00029693267364638967, 1.7182537999997294
3367.766799523306, 0.00029693267364638967, 1.718732700000146
3367.766799523306, 0.00029693267364638967, 1.7192630999998073
3367.766799523306, 0.00029693267364638967, 1.7199217999996108
3367.766799523306, 0.00029693267364638967, 1.720973800000138
3367.766799523306, 0.000296012569154638, 1.721617199999855
3367.766799523306, 0.00029693267364638967, 1.7221198999995977
3367.766799523306, 0.00029693267364638967, 1.7225848999996742
3367.766799523306, 0.00029693267364638967, 1.7231166000001394
3367.766799523306, 0.00029693267364638967, 1.7236071999996057
3367.766799523306, 0.00029693267364638967, 1.7241010999996433
3367.766799523306, 0.00029693267364638967, 1.724566899999445
3367.766799523306, 0.00029693267364638967, 1.7250943999997617
3367.766799523306, 0.00029693267364638967, 1.725552500000049
3367.766799523306, 0.00029693267364638967, 1.7260465999997905
3367.766799523306, 0.00029693267364638967, 1.7265074999995704
3367.766799523306, 0.00029693267364638967, 1.7269904999993742
3367.766799523306, 0.00029693267364638967, 1.7276938999993945
3367.766799523306, 0.00029693267364638967, 1.7282147999994777
3367.766799523306, 0.00029693267364638967, 1.728679299999385
3367.766799523306, 0.00029693267364638967, 1.7291761999995288
3367.766799523306, 0.00029693267364638967, 1.729634199999964
3367.766799523306, 0.00029693267364638967, 1.7301311999999598
3367.766799523306, 0.00029693267364638967, 1.7306111999996574
3367.766799523306, 0.00029693267364638967, 1.7311167999996542
3367.766799523306, 0.00029693267364638967, 1.731608299999607
3367.766799523306, 0.00029693267364638967, 1.7320995999998559
3367.766799523306, 0.00029693267364638967, 1.7325592999995933
3367.766799523306, 0.00029693267364638967, 1.7330916999999317
3367.766799523306, 0.00029693267364638967, 1.7336177999995925
3367.766799523306, 0.00029693267364638967, 1.7343399000001227
3367.766799523306, 0.00029693267364638967, 1.735041199999614
3367.766799523306, 0.00029693267364638967, 1.7356347999993886
3367.766799523306, 0.00029693267364638967, 1.7361887999995815
3367.766799523306, 0.00029693267364638967, 1.7366574999996374
3367.766799523306, 0.00029693267364638967, 1.73715379999976
3367.766799523306, 0.00029693267364638967, 1.7376157999997304
3367.766799523306, 0.00029693267364638967, 1.7381514999997307
3367.766799523306, 0.00029693267364638967, 1.7386468999993667
3367.766799523306, 0.00029693267364638967, 1.7391413999994256
3367.766799523306, 0.00029693267364638967, 1.739600299999438
3367.766799523306, 0.00029693267364638967, 1.7401092999998582
3367.766799523306, 0.00029693267364638967, 1.7405700999997862
3367.766799523306, 0.00029693267364638967, 1.7410675999999512
3367.766799523306, 0.00029693267364638967, 1.7415492000000086
3367.766799523306, 0.00029693267364638967, 1.742164899999807
3367.766799523306, 0.00029693267364638967, 1.7426649999997608
3367.766799523306, 0.00029693267364638967, 1.7431933999996545
3367.766799523306, 0.00029693267364638967, 1.743649999999434
3367.766799523306, 0.00029693267364638967, 1.7441490999999587
3367.766799523306, 0.00029693267364638967, 1.7446089999994001
3367.766799523306, 0.00029693267364638967, 1.7451407999997173
3367.766799523306, 0.00029693267364638967, 1.7456364999998186
3367.766799523306, 0.00029693267364638967, 1.746165800000199
3367.766799523306, 0.00029693267364638967, 1.746627499999704
3367.766799523306, 0.00029693267364638967, 1.7471184999994875
3367.766799523306, 0.00029693267364638967, 1.7475797999995848
3367.766799523306, 0.00029693267364638967, 1.74807569999939
3367.766799523306, 0.00029693267364638967, 1.7485360000000583
3367.766799523306, 0.00029693267364638967, 1.7490710000001854
3367.766799523306, 0.00029693267364638967, 1.7498623999999836
3367.766799523306, 0.00029693267364638967, 1.7504744999996547
3367.766799523306, 0.00029693267364638967, 1.7511648999998215
3367.766799523306, 0.00029693267364638967, 1.7516341000000466
3367.766799523306, 0.00029693267364638967, 1.7522270999998
3367.766799523306, 0.00029693267364638967, 1.7527080999998361
3367.766799523306, 0.00029693267364638967, 1.7532444999997097
3367.766799523306, 0.00029693267364638967, 1.7537180999997872
3367.766799523306, 0.00029693267364638967, 1.7542136000001847
3367.766799523306, 0.00029693267364638967, 1.7546715999997105
3367.766799523306, 0.00029693267364638967, 1.7552010999997947
3367.766799523306, 0.00029693267364638967, 1.7556579000001875
3367.766799523306, 0.00029693267364638967, 1.7561541999994006
3367.766799523306, 0.00029693267364638967, 1.756686400000035
3367.766799523306, 0.00029693267364638967, 1.757303200000024
3367.766799523306, 0.00029693267364638967, 1.7578022999996392
3367.766799523306, 0.00029693267364638967, 1.7582605999996304
3367.766799523306, 0.00029693267364638967, 1.7587235999999393
3367.766799523306, 0.00029693267364638967, 1.7592125999999553
3367.766799523306, 0.00029693267364638967, 1.7596757000001162
3367.766799523306, 0.00029693267364638967, 1.7602061999996295
3367.766799523306, 0.00029693267364638967, 1.7606838000001517
3367.766799523306, 0.00029693267364638967, 1.7611651999995956
3367.766799523306, 0.00029693267364638967, 1.7616290999994817
3367.766799523306, 0.00029693267364638967, 1.7621601000000737
3367.766799523306, 0.00029693267364638967, 1.762616899999557
3367.766799523306, 0.00029693267364638967, 1.7631501999994725
3367.766799523306, 0.00029693267364638967, 1.7636327000000165
3367.766799523306, 0.00029693267364638967, 1.7643632999997862
3367.766799523306, 0.00029693267364638967, 1.7650142000002234
3367.766799523306, 0.00029693267364638967, 1.7655788000001849
3367.766799523306, 0.00029693267364638967, 1.7660744999993767
3367.766799523306, 0.00029693267364638967, 1.7665337999997064
3367.766799523306, 0.00029693267364638967, 1.7671167999997124
3367.766799523306, 0.00029655095221285584, 1.7677001000001837
3367.766799523306, 0.00029693267364638967, 1.7682637999996587
3367.766799523306, 0.00029693267364638967, 1.7687452000000121
3367.766799523306, 0.00029693267364638967, 1.7692275999997946
3367.766799523306, 0.00029693267364638967, 1.7696913999998287
3367.766799523306, 0.00029693267364638967, 1.7701843999993798
3367.766799523306, 0.00029693267364638967, 1.7706405999997514
3367.766799523306, 0.00029693267364638967, 1.771176700000069
3367.766799523306, 0.00029693267364638967, 1.7718827999997302
3367.766799523306, 0.00029693267364638967, 1.7724093999995603
3367.766799523306, 0.00029693267364638967, 1.7729385000002367
3367.766799523306, 0.00029693267364638967, 1.7734026999996786
3367.766799523306, 0.00029693267364638967, 1.7739635999996608
3367.766799523306, 0.00029693267364638967, 1.774475899999743
3367.766799523306, 0.00029693267364638967, 1.7750120999999126
3367.766799523306, 0.00029693267364638967, 1.775505499999781
3367.766799523306, 0.00029693267364638967, 1.7759980999999243
3367.766799523306, 0.00029693267364638967, 1.776452000000063
3367.766799523306, 0.00029693267364638967, 1.7769448999997621
3367.766799523306, 0.00029693267364638967, 1.7774038999996264
3367.766799523306, 0.00029693267364638967, 1.7778926999999385
3367.766799523306, 0.00029693267364638967, 1.7783711000001858
3367.766799523306, 0.00029693267364638967, 1.7791100999993432
3367.766799523306, 0.00029693267364638967, 1.779626300000018
3367.766799523306, 0.00029693267364638967, 1.7801332999997612
3367.766799523306, 0.00029693267364638967, 1.7805928999996468
3367.766799523306, 0.00029693267364638967, 1.7810885999997481
3367.766799523306, 0.00029693267364638967, 1.7815562999994654
3367.766799523306, 0.00029693267364638967, 1.7820654999995895
3367.766799523306, 0.00029693267364638967, 1.7825398999993922
3367.766799523306, 0.00029693267364638967, 1.7830696000000898
3367.766799523306, 0.00029693267364638967, 1.7836170999999013
3367.766799523306, 0.00029693267364638967, 1.7844218000000183
3367.766799523306, 0.00029693267364638967, 1.7849648000001253
3367.766799523306, 0.00029693267364638967, 1.7855294999999387
3367.766799523306, 0.00029693267364638967, 1.786070799999834
3367.766799523306, 0.00029693267364638967, 1.7870081000000937
3367.766799523306, 0.00029693267364638967, 1.7874697999995988
3367.766799523306, 0.00029693267364638967, 1.787965599999552
3367.766799523306, 0.00029693267364638967, 1.7884245999994164
3367.766799523306, 0.00029693267364638967, 1.7889147999994748
3367.766799523306, 0.00029693267364638967, 1.7893942999999126
3367.766799523306, 0.00029693267364638967, 1.7899074999995719
3367.766799523306, 0.00029693267364638967, 1.7903996999993979
3367.766799523306, 0.00029693267364638967, 1.790888399999858
3367.766799523306, 0.00029693267364638967, 1.791346899999553
3367.766799523306, 0.00029693267364638967, 1.7918423999999504
3367.766799523306, 0.00029693267364638967, 1.7923001999997723
3367.766799523306, 0.00029693267364638967, 1.7928260999997292
3367.766799523306, 0.00029693267364638967, 1.793336900000213
3367.766799523306, 0.00029693267364638967, 1.7939952999995512
3367.766799523306, 0.00029693267364638967, 1.7944551000000502
3367.766799523306, 0.00029693267364638967, 1.7949963999999454
3367.766799523306, 0.00029693267364638967, 1.795462399999451
3367.766799523306, 0.00029693267364638967, 1.7959548999997423
3367.766799523306, 0.00029693267364638967, 1.7964156999996703
3367.766799523306, 0.00029693267364638967, 1.7969426999998177
3367.766799523306, 0.00029693267364638967, 1.7974457000000257
3367.766799523306, 0.00029693267364638967, 1.797939099999894
3367.766799523306, 0.00029693267364638967, 1.7983994999995048
3367.766799523306, 0.00029693267364638967, 1.798894399999881
3367.766799523306, 0.00029693267364638967, 1.7993590999994922
3367.766799523306, 0.00029693267364638967, 1.7999371999994764
3367.766799523306, 0.00029693267364638967, 1.8009550999995554
3363.7988387182213, 0.00029728293751984616, 1.801715300000069
3363.7988387182213, 0.00029728293751984616, 1.8023225999995702
3363.7988387182213, 0.00029728293751984616, 1.8029345999993893
3363.7988387182213, 0.00029728293751984616, 1.8034084999999322
3363.7988387182213, 0.00029728293751984616, 1.8039123999997173
3363.7988387182213, 0.00029728293751984616, 1.8044190000000526
3363.7988387182213, 0.00029728293751984616, 1.8050107999997635
3363.7988387182213, 0.00029728293751984616, 1.805480500000158
3363.7988387182213, 0.00029728293751984616, 1.8059828999994352
3363.7988387182213, 0.00029728293751984616, 1.8064641999999367
3363.7988387182213, 0.00029728293751984616, 1.8069728999998915
3363.7988387182213, 0.00029728293751984616, 1.8074354999998832
3363.7988387182213, 0.00029728293751984616, 1.8079772999999477
3363.7988387182213, 0.00029728293751984616, 1.8086662999994587
3363.7988387182213, 0.00029728293751984616, 1.8092190999996092
3363.7988387182213, 0.00029728293751984616, 1.809752899999694
3363.7988387182213, 0.00029728293751984616, 1.8102247999995598
3363.7988387182213, 0.00029728293751984616, 1.8107217999995555
3363.7988387182213, 0.00029728293751984616, 1.8111848999997164
3363.7988387182213, 0.00029728293751984616, 1.8116851999993742
3363.7988387182213, 0.00029728293751984616, 1.8121912999995402
3363.7988387182213, 0.00029728293751984616, 1.8127212999997937
3363.7988387182213, 0.00029728293751984616, 1.813185899999553
3363.7988387182213, 0.00029728293751984616, 1.8136825000001409
3363.7988387182213, 0.00029728293751984616, 1.814149699999689
3363.7988387182213, 0.00029728293751984616, 1.8146508999998332
3363.7988387182213, 0.00029728293751984616, 1.815548200000194
3363.7988387182213, 0.00029728293751984616, 1.8171465999994325
3363.7988387182213, 0.00029728293751984616, 1.8181483999997
3363.7988387182213, 0.00029728293751984616, 1.8188763999996809
3363.7988387182213, 0.00029728293751984616, 1.8194366999996419
3363.7988387182213, 0.00029728293751984616, 1.8199225999996997
3363.7988387182213, 0.00029693267364638967, 1.8203985999998622
3363.7988387182213, 0.00029728293751984616, 1.8209503999996741
3363.7988387182213, 0.00029728293751984616, 1.8214915999997174
3363.7988387182213, 0.00029728293751984616, 1.8221567999999024
3363.7988387182213, 0.00029728293751984616, 1.8232741000001624
3363.7988387182213, 0.00029728293751984616, 1.824692799999866
3363.7988387182213, 0.00029728293751984616, 1.8259245999997802
3363.7988387182213, 0.00029728293751984616, 1.827226399999745
3363.7988387182213, 0.00029728293751984616, 1.828524099999413
3363.7988387182213, 0.00029728293751984616, 1.8297360999995362
3363.7988387182213, 0.00029728293751984616, 1.8311139999996158
3363.7988387182213, 0.00029728293751984616, 1.8320941000001767
3363.7988387182213, 0.00029728293751984616, 1.8326718999996956
3363.7988387182213, 0.00029728293751984616, 1.8331516999996893
3363.7988387182213, 0.00029728293751984616, 1.833824100000129
3363.7988387182213, 0.00029728293751984616, 1.8347537999998167
3363.7988387182213, 0.00029728293751984616, 1.8352567000001727
3363.7988387182213, 0.00029728293751984616, 1.835743999999977
3363.7988387182213, 0.0002970493365266383, 1.8362231000000975
3363.7988387182213, 0.00029728293751984616, 1.836717199999839
3363.7988387182213, 0.00029728293751984616, 1.8372003999993467
3363.7988387182213, 0.00029728293751984616, 1.837783699999818
3363.7988387182213, 0.00029728293751984616, 1.8382482999995773
3363.7988387182213, 0.00029728293751984616, 1.8387739999998303
3363.7988387182213, 0.00029728293751984616, 1.8392410999995263
3363.7988387182213, 0.00029728293751984616, 1.839751200000137
3363.7988387182213, 0.00029728293751984616, 1.8402087999993455
3363.7988387182213, 0.00029728293751984616, 1.8407793999995192
3363.7988387182213, 0.00029728293751984616, 1.8413093999997727
3363.7988387182213, 0.00029728293751984616, 1.8418034999995143
3363.7988387182213, 0.00029728293751984616, 1.8422592999995686
3363.7988387182213, 0.00029728293751984616, 1.8427529000000504
3363.7988387182213, 0.00029728293751984616, 1.8432126999996399
3363.7988387182213, 0.00029728293751984616, 1.8437253000001874
3363.7988387182213, 0.00029728293751984616, 1.8444056999996974
3363.7988387182213, 0.00029728293751984616, 1.8449744999998074
3363.7988387182213, 0.00029728293751984616, 1.8454335999995237
3363.7988387182213, 0.00029728293751984616, 1.8459256999994977
3363.7988387182213, 0.00029728293751984616, 1.846386000000166
3363.7988387182213, 0.0002965882085394512, 1.8468806999999288
3363.7988387182213, 0.00029728293751984616, 1.847337499999412
3363.7988387182213, 0.00029728293751984616, 1.847879699999794
3363.7988387182213, 0.00029728293751984616, 1.8483706999995775
3363.7988387182213, 0.00029728293751984616, 1.8489033999994717
3363.7988387182213, 0.00029728293751984616, 1.8493609999995897
3363.7988387182213, 0.00029728293751984616, 1.8498509999999442
3363.7988387182213, 0.00029728293751984616, 1.850501500000064
3363.7988387182213, 0.00029728293751984616, 1.8509752999998454
3363.7988387182213, 0.00029728293751984616, 1.8514359000000695
3363.7988387182213, 0.00029728293751984616, 1.851948800000173
3363.7988387182213, 0.00029728293751984616, 1.8524553999995987
3363.7988387182213, 0.00029728293751984616, 1.8529499999995096
3363.7988387182213, 0.00029728293751984616, 1.8534046999993734
3363.7988387182213, 0.00029728293751984616, 1.8538932000001296
3363.7988387182213, 0.00029728293751984616, 1.8543464999993375
3363.7988387182213, 0.00029728293751984616, 1.8548541000000114
3363.7988387182213, 0.00029728293751984616, 1.8553474000000278
3363.7988387182213, 0.00029728293751984616, 1.8558781000001545
3363.7988387182213, 0.00029728293751984616, 1.8563390999997864
3363.7988387182213, 0.00029728293751984616, 1.8568377999999939
3363.7988387182213, 0.00029728293751984616, 1.857293999999456
3363.7988387182213, 0.00029728293751984616, 1.8577865999995993
3363.7988387182213, 0.00029728293751984616, 1.858245999999781
3363.7988387182213, 0.00029728293751984616, 1.858766199999991
3363.7988387182213, 0.00029728293751984616, 1.8593222999998034
3363.7988387182213, 0.00029728293751984616, 1.8598144999996293
3363.7988387182213, 0.00029728293751984616, 1.8602701999998317
3363.7988387182213, 0.00029728293751984616, 1.8607639000001654
3363.7988387182213, 0.00029728293751984616, 1.8612204999999449
3363.7988387182213, 0.00029728293751984616, 1.861710399999538
3363.7988387182213, 0.00029728293751984616, 1.8621666999997615
3363.7988387182213, 0.00029728293751984616, 1.8626602999993338
3363.7988387182213, 0.00029728293751984616, 1.863134700000046
3363.7988387182213, 0.00029728293751984616, 1.8636821999998574
3363.7988387182213, 0.00029728293751984616, 1.864136199999848
3363.7988387182213, 0.00029728293751984616, 1.8646326999996745
3363.7988387182213, 0.00029728293751984616, 1.8650884999997288
3363.7988387182213, 0.00029728293751984616, 1.865577200000189
3363.7988387182213, 0.00029728293751984616, 1.8660288000000946
3363.7988387182213, 0.00029728293751984616, 1.8665642999994816
3363.7988387182213, 0.00029728293751984616, 1.8672095000001718
3363.7988387182213, 0.00029728293751984616, 1.8676636999998664
3363.7988387182213, 0.00029728293751984616, 1.8681187000001955
3363.7988387182213, 0.00029728293751984616, 1.8685774999994464
3363.7988387182213, 0.00029728293751984616, 1.869032800000241
3363.7988387182213, 0.00029728293751984616, 1.8694927999995343
3363.7988387182213, 0.0002957960260448604, 1.8699900000001435
3363.7988387182213, 0.0002960142505085802, 1.8704710000001796
3363.7988387182213, 0.00029728293751984616, 1.8709392000000662
3363.7988387182213, 0.00029728293751984616, 1.87140029999955
3363.7988387182213, 0.00029728293751984616, 1.8718558000000485
3363.7988387182213, 0.00029728293751984616, 1.8723143999995955
3363.7988387182213, 0.00029728293751984616, 1.8727671999995437
3363.7988387182213, 0.00029728293751984616, 1.8732215999998516
3363.7988387182213, 0.00029728293751984616, 1.8737191000000166
3363.7988387182213, 0.00029599335543517645, 1.8741814999993949
3363.7988387182213, 0.00029728293751984616, 1.8746369999998933
3363.7988387182213, 0.00029728293751984616, 1.875090999999884
3363.7988387182213, 0.00029728293751984616, 1.875600399999712
3363.7988387182213, 0.00029728293751984616, 1.8760694000002331
3363.7988387182213, 0.00029728293751984616, 1.8765071999996508
3363.7988387182213, 0.00029728293751984616, 1.876944900000126
3363.7988387182213, 0.00029728293751984616, 1.8774167000001398
3363.7988387182213, 0.00029728293751984616, 1.8778770999997505
3363.7988387182213, 0.00029728293751984616, 1.8783243999996557
3363.7988387182213, 0.00029728293751984616, 1.8787666999996873
3363.7988387182213, 0.00029728293751984616, 1.8791997999996966
3363.7988387182213, 0.00029728293751984616, 1.8796400000001086
3363.7988387182213, 0.00029728293751984616, 1.8800703999995676
3363.7988387182213, 0.00029728293751984616, 1.8805049000002327
3363.7988387182213, 0.00029728293751984616, 1.8809849999997823
3363.7988387182213, 0.00029728293751984616, 1.8814880999998422
3363.7988387182213, 0.00029728293751984616, 1.8819217000000208
3363.7988387182213, 0.00029728293751984616, 1.8823524999997971
3363.7988387182213, 0.00029728293751984616, 1.8830929999994623
3363.7988387182213, 0.00029728293751984616, 1.8839128999998138
3363.7988387182213, 0.00029728293751984616, 1.8844375999997283
3363.7988387182213, 0.00029728293751984616, 1.885141400000066
3363.7988387182213, 0.00029728293751984616, 1.8856195999996999
3363.7988387182213, 0.00029728293751984616, 1.8862991999994847
3363.7988387182213, 0.00029728293751984616, 1.8867607000001954
3363.7988387182213, 0.00029728293751984616, 1.8872199999996155
3363.7988387182213, 0.00029728293751984616, 1.8876807999995435
3363.7988387182213, 0.00029728293751984616, 1.8881444999997257
3363.7988387182213, 0.0002970810015874172, 1.8886674999994284
3363.7988387182213, 0.00029728293751984616, 1.8891286999996737
3363.7988387182213, 0.00029728293751984616, 1.889590799999496
3363.7988387182213, 0.00029728293751984616, 1.8900489999996353
3363.7988387182213, 0.00029728293751984616, 1.8905063000001974
3363.7988387182213, 0.00029728293751984616, 1.890963499999998
3363.7988387182213, 0.00029728293751984616, 1.8914285999999265
3363.7988387182213, 0.00029728293751984616, 1.8918862000000445
3363.7988387182213, 0.00029728293751984616, 1.8923463999999512
3363.7988387182213, 0.00029728293751984616, 1.8928030999995826
3363.7988387182213, 0.00029728293751984616, 1.89326759999949
3363.7988387182213, 0.00029728293751984616, 1.8937243999998827
3363.7988387182213, 0.00029728293751984616, 1.8941847999994934
3363.7988387182213, 0.00029728293751984616, 1.8946403999998438
3363.7988387182213, 0.00029728293751984616, 1.8951015000002371
3363.7988387182213, 0.00029728293751984616, 1.895556200000101
3363.7988387182213, 0.00029728293751984616, 1.896051499999885
3363.7988387182213, 0.00029728293751984616, 1.8964870999998311
3363.7988387182213, 0.00029728293751984616, 1.8969616999993377
3363.7988387182213, 0.00029728293751984616, 1.897396899999876
3363.7988387182213, 0.00029728293751984616, 1.897848900000099
3363.7988387182213, 0.00029728293751984616, 1.8985732999999527
3363.7988387182213, 0.00029728293751984616, 1.8990438000000722
3363.7988387182213, 0.00029728293751984616, 1.8995113000000856
3363.7988387182213, 0.00029728293751984616, 1.899990699999762
3363.7988387182213, 0.00029728293751984616, 1.900695700000142
3363.7988387182213, 0.00029728293751984616, 1.901167600000008
3363.7988387182213, 0.00029728293751984616, 1.9015990999996575
3363.7988387182213, 0.00029728293751984616, 1.9020667999993748
3363.7988387182213, 0.00029728293751984616, 1.9024985999994897
3363.7988387182213, 0.00029728293751984616, 1.9029602999999042
3363.7988387182213, 0.00029728293751984616, 1.9034813999996913
3363.7988387182213, 0.00029728293751984616, 1.9039489999995567
3363.7988387182213, 0.00029728293751984616, 1.9043793999999252
3363.7988387182213, 0.00029728293751984616, 1.9048334999997678
3363.7988387182213, 0.00029728293751984616, 1.9052787999999055
3363.7988387182213, 0.00029728293751984616, 1.9057118000000628
3363.7988387182213, 0.00029728293751984616, 1.9062069999999949
3363.7988387182213, 0.00029728293751984616, 1.9066678999997748
3363.7988387182213, 0.00029728293751984616, 1.9071265000002313
3363.7988387182213, 0.00029728293751984616, 1.9075840999994398
3363.7988387182213, 0.00029728293751984616, 1.9080408999998326
3363.7988387182213, 0.00029728293751984616, 1.9085009000000355
3363.7988387182213, 0.00029728293751984616, 1.9089609000002383
3363.7988387182213, 0.00029728293751984616, 1.9094164999996792
3363.7988387182213, 0.00029728293751984616, 1.9098764000000301
3363.7988387182213, 0.00029728293751984616, 1.9103391999997257
3363.7988387182213, 0.00029728293751984616, 1.9108626999995977
3363.7988387182213, 0.00029728293751984616, 1.9113186999993559
3363.7988387182213, 0.00029728293751984616, 1.9117711999997482
3363.7988387182213, 0.00029728293751984616, 1.9123086999998122
3363.7988387182213, 0.00029728293751984616, 1.912837099999706
3363.7988387182213, 0.00029728293751984616, 1.9132926000002044
3363.7988387182213, 0.00029728293751984616, 1.9137486999998146
3363.7988387182213, 0.00029728293751984616, 1.9142971999999645
3362.9099059851706, 0.0002973615196233002, 1.9147575999995752
3362.9099059851706, 0.0002973615196233002, 1.9152303999999276
3362.9099059851706, 0.0002973615196233002, 1.9156920999994327
3362.9099059851706, 0.0002973615196233002, 1.9161514999996143
3362.9099059851706, 0.0002973615196233002, 1.9165836000001946
3362.9099059851706, 0.0002973615196233002, 1.917310699999689
3362.9099059851706, 0.0002973615196233002, 1.9178456999998161
3362.9099059851706, 0.0002973615196233002, 1.9183016999995743
3362.9099059851706, 0.0002973615196233002, 1.9187354999994568
3362.9099059851706, 0.0002973615196233002, 1.9191691999994873
3362.9099059851706, 0.0002973615196233002, 1.919600299999729
3362.9099059851706, 0.0002973615196233002, 1.9200380000002042
3362.9099059851706, 0.0002973615196233002, 1.9204705000001923
3362.9099059851706, 0.0002973615196233002, 1.9209043999999267
3362.9099059851706, 0.0002973615196233002, 1.9213583999999173
3362.9099059851706, 0.0002973615196233002, 1.9218161999997392
3362.9099059851706, 0.0002973615196233002, 1.9222916999997324
3362.9099059851706, 0.0002973615196233002, 1.9227253999997629
3362.9099059851706, 0.0002973615196233002, 1.9231573999995817
3362.9099059851706, 0.0002973615196233002, 1.9235987000001842
3362.9099059851706, 0.0002973615196233002, 1.9240287000002354
3362.9099059851706, 0.0002973615196233002, 1.924466699999357
3362.9099059851706, 0.0002973615196233002, 1.9248988999997891
3362.9099059851706, 0.0002973615196233002, 1.9254493999997067
3362.9099059851706, 0.0002973615196233002, 1.9258848999998008
3362.9099059851706, 0.0002973615196233002, 1.9263174999996409
3362.9099059851706, 0.00029728293751984616, 1.9267540999999255
3362.9099059851706, 0.00029728293751984616, 1.9271914000000834
3362.9099059851706, 0.0002973615196233002, 1.9276301999998395
3362.9099059851706, 0.0002973615196233002, 1.9280635999994047
3362.9099059851706, 0.0002973615196233002, 1.9284981000000698
3362.9099059851706, 0.0002973615196233002, 1.9289743999997881
3362.9099059851706, 0.0002973615196233002, 1.9294455999997808
3362.9099059851706, 0.00029728293751984616, 1.9298818999996001
3362.9099059851706, 0.0002973615196233002, 1.930315900000096
3362.9099059851706, 0.0002973615196233002, 1.930754199999683
3362.9099059851706, 0.0002973615196233002, 1.9311879999995654
3362.9099059851706, 0.0002973615196233002, 1.9316220000000612
3362.9099059851706, 0.0002973615196233002, 1.9320558999997957
3362.9099059851706, 0.0002973615196233002, 1.9326587999994445
3362.9099059851706, 0.0002973615196233002, 1.9334681000000273
3362.9099059851706, 0.0002973615196233002, 1.934190399999352
3362.9099059851706, 0.0002973615196233002, 1.9349348999994618
3362.9099059851706, 0.0002973615196233002, 1.9353731000001062
3362.9099059851706, 0.0002973615196233002, 1.9358120999995663
3362.9099059851706, 0.0002973615196233002, 1.936283299999559
3362.9099059851706, 0.0002973615196233002, 1.9367535000001226
3362.9099059851706, 0.0002973615196233002, 1.937190599999667
3362.9099059851706, 0.0002973615196233002, 1.9376703999996607
3362.9099059851706, 0.0002973615196233002, 1.9381115999995018
3362.9099059851706, 0.0002973615196233002, 1.9385535999999775
3362.9099059851706, 0.0002973615196233002, 1.9389948999996705
3362.9099059851706, 0.0002973615196233002, 1.9394321999998283
3362.9099059851706, 0.0002973615196233002, 1.9399712999993426
3362.9099059851706, 0.00029662285317614363, 1.9404241000002003
3362.9099059851706, 0.0002973615196233002, 1.9408642999997028
3362.9099059851706, 0.0002973615196233002, 1.9413009999998394
3362.9099059851706, 0.0002973615196233002, 1.9417389000000185
3362.9099059851706, 0.0002973615196233002, 1.942172799999753
3362.9099059851706, 0.0002973615196233002, 1.9426069000001007
3362.9099059851706, 0.0002973615196233002, 1.9431432000001223
3362.9099059851706, 0.0002973615196233002, 1.9436164999997345
3362.9099059851706, 0.000297145261923993, 1.9440853999994943
3362.9099059851706, 0.0002973615196233002, 1.9445178999994823
3362.9099059851706, 0.0002973615196233002, 1.945060299999568
3362.9099059851706, 0.0002973615196233002, 1.9454936000001908
3362.9099059851706, 0.0002973615196233002, 1.9459290999993755
3362.9099059851706, 0.0002973615196233002, 1.9463642000000618
3362.9099059851706, 0.0002973615196233002, 1.9468043999995643
3362.9099059851706, 0.0002973615196233002, 1.9473369999996066
3362.9099059851706, 0.0002973615196233002, 1.9477809999998499
3362.9099059851706, 0.0002973615196233002, 1.9482171999998172
3362.9099059851706, 0.0002973615196233002, 1.9486511999994036
3362.9099059851706, 0.0002973615196233002, 1.9490851000000475
3362.9099059851706, 0.0002973615196233002, 1.9495208999996976
3362.9099059851706, 0.0002973615196233002, 1.9499525000001086
3362.9099059851706, 0.0002973615196233002, 1.9504589999996824
3362.9099059851706, 0.0002973615196233002, 1.9509253999995053
3362.9099059851706, 0.0002973615196233002, 1.9513808000001518
3362.9099059851706, 0.0002973615196233002, 1.9518329000002268
3362.9099059851706, 0.0002973615196233002, 1.9522732999994332
3362.9099059851706, 0.0002973615196233002, 1.9527061999997386
3362.9099059851706, 0.0002973615196233002, 1.9534735999995974
3362.9099059851706, 0.0002973615196233002, 1.9543890999993891
3362.9099059851706, 0.0002973615196233002, 1.9552690999998958
3362.9099059851706, 0.0002973615196233002, 1.9557070999999269
3362.9099059851706, 0.0002973615196233002, 1.9561416999995345
3362.9099059851706, 0.0002973615196233002, 1.9565763000000516
3362.9099059851706, 0.0002973615196233002, 1.9570192000001043
3362.9099059851706, 0.0002973615196233002, 1.9574562999996488
3362.9099059851706, 0.0002973615196233002, 1.9578984999998283
3362.9099059851706, 0.0002973615196233002, 1.9583701000001383
3362.9099059851706, 0.0002973615196233002, 1.958844699999645
3362.9099059851706, 0.0002973615196233002, 1.9592788999998447
3362.9099059851706, 0.0002973615196233002, 1.959709799999473
3362.9099059851706, 0.0002973615196233002, 1.9601438999998209
3362.9099059851706, 0.0002973615196233002, 1.960581700000148
3362.9099059851706, 0.0002973615196233002, 1.961014200000136
3362.9099059851706, 0.0002973615196233002, 1.9614464999995107
3362.9099059851706, 0.0002973615196233002, 1.9619741999995313
3362.9099059851706, 0.0002973615196233002, 1.9624291000000085
3362.9099059851706, 0.0002973615196233002, 1.9628630999995949
3362.9099059851706, 0.0002973615196233002, 1.9633778999996139
3362.9099059851706, 0.0002973615196233002, 1.9638100000001941
3362.9099059851706, 0.0002973615196233002, 1.964245299999675
3362.9099059851706, 0.0002973615196233002, 1.964676800000234
3362.9099059851706, 0.0002973615196233002, 1.9651082999998835
3362.9099059851706, 0.0002973615196233002, 1.965684799999508
3362.9099059851706, 0.0002973615196233002, 1.9661559999995006
3362.9099059851706, 0.0002973615196233002, 1.9665876999997636
3362.9099059851706, 0.0002973615196233002, 1.9670178999995187
3362.9099059851706, 0.0002973615196233002, 1.9674551999996766
3362.9099059851706, 0.0002973615196233002, 1.9678981999995813
3362.9099059851706, 0.0002973615196233002, 1.968329299999823
3362.9099059851706, 0.0002973615196233002, 1.9687629000000015
3362.9099059851706, 0.0002973615196233002, 1.9692737999994279
3362.9099059851706, 0.0002973615196233002, 1.9697417999996105
3362.9099059851706, 0.0002973615196233002, 1.9701734000000215
3362.9099059851706, 0.0002973615196233002, 1.970607100000052
3362.9099059851706, 0.0002973615196233002, 1.9710395000001881
3362.9099059851706, 0.0002973615196233002, 1.9714802999997119
3362.9099059851706, 0.0002973615196233002, 1.971912599999996
3362.9099059851706, 0.0002973615196233002, 1.972345099999984
3362.9099059851706, 0.0002973615196233002, 1.9727757999999085
3362.9099059851706, 0.0002973615196233002, 1.9732483999996475
3362.9099059851706, 0.0002973615196233002, 1.974094199999854
3362.9099059851706, 0.0002973615196233002, 1.974819000000025
3362.9099059851706, 0.0002973615196233002, 1.9755795999999464
3362.9099059851706, 0.0002973615196233002, 1.9760156000002098
3362.9099059851706, 0.0002973615196233002, 1.9764808999998422
3362.9099059851706, 0.0002973615196233002, 1.9770110999997996
3362.9099059851706, 0.0002973615196233002, 1.977444199999809
3362.9099059851706, 0.0002973615196233002, 1.9778780999995433
3362.9099059851706, 0.0002973615196233002, 1.9783143999993626
3362.9099059851706, 0.0002973615196233002, 1.97874739999952
3362.9099059851706, 0.0002973615196233002, 1.9791793999993388
3362.9099059851706, 0.0002973615196233002, 1.9796096999998554
3362.9099059851706, 0.0002973615196233002, 1.9800452999998015
3362.9099059851706, 0.0002973615196233002, 1.9805139999998573
3362.9099059851706, 0.0002973615196233002, 1.9809838000001037
3362.9099059851706, 0.0002973615196233002, 1.9814148999994359
3362.9099059851706, 0.0002973615196233002, 1.9818531000000803
3362.9099059851706, 0.0002973615196233002, 1.9822859999994762
3362.9099059851706, 0.0002973615196233002, 1.9827196999995067
3362.9099059851706, 0.0002973615196233002, 1.98314930000015
3362.9099059851706, 0.0002973615196233002, 1.983687999999347
3362.9099059851706, 0.0002973615196233002, 1.9842322999993485
3362.9099059851706, 0.0002973615196233002, 1.9846651999996539
3362.9099059851706, 0.0002973615196233002, 1.9850995999995575
3362.9099059851706, 0.0002973615196233002, 1.9855348999999478
3362.9099059851706, 0.0002973615196233002, 1.9860670999996728
3362.9099059851706, 0.0002973615196233002, 1.9865012999998726
3362.9099059851706, 0.0002973615196233002, 1.986934200000178
3362.9099059851706, 0.0002973615196233002, 1.9873741999999766
3362.9099059851706, 0.0002973615196233002, 1.9878438999994614
3362.9099059851706, 0.0002973615196233002, 1.9883147999998982
3362.9099059851706, 0.0002973615196233002, 1.9887493999995058
3362.9099059851706, 0.0002973615196233002, 1.9891858000000866
3362.9099059851706, 0.0002973615196233002, 1.9896153999998205
3362.9099059851706, 0.0002973615196233002, 1.9900484999998298
3362.9099059851706, 0.0002973615196233002, 1.9904845000000932
3362.9099059851706, 0.0002973615196233002, 1.9909234999995533
3362.9099059851706, 0.0002973615196233002, 1.9914586999993844
3362.9099059851706, 0.0002973615196233002, 1.9919066000002204
3362.9099059851706, 0.0002973615196233002, 1.992341199999828
3362.9099059851706, 0.0002973615196233002, 1.9927774999996473
3362.9099059851706, 0.0002973615196233002, 1.9932073999998465
3362.9099059851706, 0.0002973615196233002, 1.9936391000001095
3362.9099059851706, 0.0002973615196233002, 1.9944561000002068
3362.9099059851706, 0.0002973615196233002, 1.9952157999996416
3362.9099059851706, 0.0002973615196233002, 1.9956871999993382
3362.9099059851706, 0.0002973615196233002, 1.9962236999999732
3362.9099059851706, 0.0002973615196233002, 1.996661099999983
3362.9099059851706, 0.0002973615196233002, 1.9970923999999286
3362.9099059851706, 0.0002973615196233002, 1.997528699999748
3362.9099059851706, 0.0002973615196233002, 1.997961099999884
3362.9099059851706, 0.0002973615196233002, 1.9983940000001894
3362.9099059851706, 0.0002973615196233002, 1.998939099999916
3362.9099059851706, 0.0002973615196233002, 1.9994197999994867
3362.9099059851706, 0.0002973615196233002, 1.9998623000001317
3362.9099059851706, 0.0002973615196233002, 2.000298799999655
3362.9099059851706, 0.0002973615196233002, 2.00073699999939
3362.9099059851706, 0.0002973615196233002, 2.0011791999995694
3362.9099059851706, 0.0002973615196233002, 2.0016217000002143
3362.9099059851706, 0.0002973615196233002, 2.0020636999997805
3362.9099059851706, 0.0002973615196233002, 2.00253900000007
3362.9099059851706, 0.0002973615196233002, 2.0030158999998093
3362.9099059851706, 0.0002973615196233002, 2.0034513999999035
3362.9099059851706, 0.0002973615196233002, 2.003987699999925
3362.9099059851706, 0.0002973615196233002, 2.0044269999998505
3362.9099059851706, 0.00029619729785786445, 2.004869499999586
3362.9099059851706, 0.0002973615196233002, 2.0053056999995533
3362.9099059851706, 0.0002973615196233002, 2.0057460999996692
3362.9099059851706, 0.0002973615196233002, 2.0063117999998212
3362.9099059851706, 0.0002973615196233002, 2.0067520000002332
3362.9099059851706, 0.0002973615196233002, 2.0071878999997352
3362.9099059851706, 0.0002973615196233002, 2.007622000000083
3362.9099059851706, 0.0002973615196233002, 2.0080551000000924
3362.9099059851706, 0.0002973615196233002, 2.008493599999383
3362.9099059851706, 0.0002973615196233002, 2.0089344999996683
3362.9099059851706, 0.0002973615196233002, 2.0093697000002066
3362.9099059851706, 0.0002973615196233002, 2.0098394999995435
3362.9099059851706, 0.0002973615196233002, 2.0103173999996216
3362.9099059851706, 0.0002973615196233002, 2.010750100000223
3362.9099059851706, 0.0002973615196233002, 2.0111847999996826
3362.9099059851706, 0.0002973615196233002, 2.0116167999995014
3362.9099059851706, 0.0002973615196233002, 2.0120547999995324
3362.9099059851706, 0.0002973615196233002, 2.01249050000024
3362.9099059851706, 0.0002973615196233002, 2.0129203999995298
3362.9099059851706, 0.0002973615196233002, 2.0134484999998676
3362.9099059851706, 0.0002973615196233002, 2.0139063999995415
3362.9099059851706, 0.0002973615196233002, 2.014507500000036
3362.9099059851706, 0.0002973615196233002, 2.014945500000067
3362.9099059851706, 0.0002973615196233002, 2.0153865000002043
3362.9099059851706, 0.0002973615196233002, 2.015829599999961
3362.9099059851706, 0.0002973615196233002, 2.0163689000000886
3362.9099059851706, 0.0002973615196233002, 2.0168042999994213
3362.9099059851706, 0.0002973615196233002, 2.017280500000197
3362.9099059851706, 0.0002973615196233002, 2.0177537999998094
3362.9099059851706, 0.0002973615196233002, 2.018187599999692
3362.9099059851706, 0.0002973615196233002, 2.01862329999949
3362.9099059851706, 0.0002973615196233002, 2.0190585999998802
3362.9099059851706, 0.0002973615196233002, 2.0194971000000805
3362.9099059851706, 0.0002973615196233002, 2.01993179999954
3362.9099059851706, 0.0002973615196233002, 2.020366400000057
3362.9099059851706, 0.0002973615196233002, 2.021005999999943
3362.9099059851706, 0.0002973615196233002, 2.0215222999995603
3362.9099059851706, 0.0002973615196233002, 2.021955799999887
3362.9099059851706, 0.0002973615196233002, 2.0223866999995153
3362.9099059851706, 0.0002973615196233002, 2.0228245999996943
3362.9099059851706, 0.0002973615196233002, 2.023261999999704
3362.9099059851706, 0.0002973615196233002, 2.023694499999692
3362.9099059851706, 0.0002973615196233002, 2.024129399999765
3362.9099059851706, 0.0002973615196233002, 2.0246815000000424
3362.9099059851706, 0.0002973615196233002, 2.0251518999994005
3362.9099059851706, 0.0002973615196233002, 2.0255882000001293
3362.9099059851706, 0.0002973615196233002, 2.0260231000002022
3362.9099059851706, 0.0002973615196233002, 2.026560999999674
3362.9099059851706, 0.0002973615196233002, 2.026998899999853
3362.9099059851706, 0.0002973615196233002, 2.0274343000000954
3362.9099059851706, 0.0002973615196233002, 2.0278668999999354
3362.9099059851706, 0.0002973615196233002, 2.028418099999726
3362.9099059851706, 0.0002973615196233002, 2.0288567999996303
3362.9099059851706, 0.0002973615196233002, 2.029291299999386
3362.9099059851706, 0.0002973615196233002, 2.0297239999999874
3362.9099059851706, 0.0002973615196233002, 2.0301570000001448
3362.9099059851706, 0.0002973615196233002, 2.0305883999999423
3362.9099059851706, 0.0002973615196233002, 2.0310265999996773
3362.9099059851706, 0.0002973615196233002, 2.031461699999454
3362.9099059851706, 0.0002973615196233002, 2.0319353999993837
3362.9099059851706, 0.0002973615196233002, 2.0324034999994183
3362.9099059851706, 0.0002973615196233002, 2.0328394999996817
3362.9099059851706, 0.0002973615196233002, 2.0332753000002413
3362.9099059851706, 0.0002973615196233002, 2.0337092999998276
3362.9099059851706, 0.0002973615196233002, 2.034145799999351
3362.9099059851706, 0.0002973615196233002, 2.034705600000052
3362.9099059851706, 0.0002973615196233002, 2.0351423000001887
3362.9099059851706, 0.0002973615196233002, 2.035693099999662
3362.9099059851706, 0.0002973615196233002, 2.0361328999997568
3362.9099059851706, 0.0002973615196233002, 2.0366487999999663
3362.9099059851706, 0.0002973615196233002, 2.0370843999999124
3362.9099059851706, 0.0002973615196233002, 2.0375169999997524
3362.9099059851706, 0.0002973615196233002, 2.037954499999614
3362.9099059851706, 0.0002973615196233002, 2.0383874999997715
3362.9099059851706, 0.0002973615196233002, 2.0388261999996757
3362.9099059851706, 0.0002973615196233002, 2.0392965000000913
3362.9099059851706, 0.0002973615196233002, 2.0397704999995767
3362.9099059851706, 0.0002973615196233002, 2.0402039999999033
3362.9099059851706, 0.0002973615196233002, 2.0406373999994685
3362.9099059851706, 0.0002973615196233002, 2.0410692999994353
3362.9099059851706, 0.0002973615196233002, 2.0415075999999317
3362.9099059851706, 0.0002973615196233002, 2.0419422999993913
3362.9099059851706, 0.0002973615196233002, 2.0423750999998447
3362.9099059851706, 0.0002973615196233002, 2.0429035999995904
3362.9099059851706, 0.0002973615196233002, 2.043359899999814
3362.9099059851706, 0.0002973615196233002, 2.0437959999999293
3362.9099059851706, 0.0002973615196233002, 2.0442339999999604
3362.9099059851706, 0.0002973615196233002, 2.044767399999728
3362.9099059851706, 0.0002973615196233002, 2.045206799999505
3362.9099059851706, 0.0002973615196233002, 2.045641699999578
3362.9099059851706, 0.0002971765083259297, 2.046078100000159
3362.9099059851706, 0.0002973615196233002, 2.046550500000194
3362.9099059851706, 0.0002973615196233002, 2.0471277999995436
3362.9099059851706, 0.0002973615196233002, 2.0475621999994473
3362.9099059851706, 0.0002973615196233002, 2.047996399999647
3362.9099059851706, 0.0002973615196233002, 2.0484285000002274
3362.9099059851706, 0.0002973615196233002, 2.048866999999518
3362.9099059851706, 0.0002973615196233002, 2.04930400000012
3362.9099059851706, 0.0002973615196233002, 2.049739000000045
3362.9099059851706, 0.0002973615196233002, 2.0502701999994315
3362.9099059851706, 0.0002973615196233002, 2.050720799999908
3362.9099059851706, 0.0002973615196233002, 2.0511544000000868
3362.9099059851706, 0.0002973615196233002, 2.0515857000000324
3362.9099059851706, 0.0002973615196233002, 2.0520196999996188
3362.9099059851706, 0.0002973615196233002, 2.052457499999946
3362.9099059851706, 0.0002973615196233002, 2.0528893999999127
3362.9099059851706, 0.0002973615196233002, 2.053323499999351
3362.9099059851706, 0.0002973615196233002, 2.0537758999998914
3362.9099059851706, 0.0002973615196233002, 2.0542285000001357
3362.9099059851706, 0.0002973615196233002, 2.054696000000149
3362.9099059851706, 0.0002973615196233002, 2.0560985000001892
3362.9099059851706, 0.0002973615196233002, 2.057047700000112
3362.9099059851706, 0.0002973615196233002, 2.0575850999994145
3362.9099059851706, 0.0002973615196233002, 2.05803990000004
3362.9099059851706, 0.0002973615196233002, 2.05847249999988
3362.9099059851706, 0.0002973615196233002, 2.058911199999784
3362.9099059851706, 0.0002973615196233002, 2.059346899999582
3362.9099059851706, 0.0002973615196233002, 2.059781199999634
3362.9099059851706, 0.0002973615196233002, 2.060250499999711
3362.9099059851706, 0.0002973615196233002, 2.0606919000001653
3362.9099059851706, 0.0002973615196233002, 2.0614675999995598
3362.9099059851706, 0.0002973615196233002, 2.0622236999997767
3362.9099059851706, 0.0002973615196233002, 2.0626758999997037
3362.9099059851706, 0.0002973615196233002, 2.063114499999756
3362.9099059851706, 0.00029679708268463785, 2.0635576999993646
3362.9099059851706, 0.0002973615196233002, 2.06399330000022
3362.9099059851706, 0.0002973615196233002, 2.0647284999995463
3362.9099059851706, 0.0002973615196233002, 2.0653654999996434
3362.9099059851706, 0.0002973615196233002, 2.0658015999997588
3362.9099059851706, 0.0002973615196233002, 2.066270799999984
3362.9099059851706, 0.0002973615196233002, 2.0667490999994698
3362.9099059851706, 0.0002973615196233002, 2.0675108999994336
3362.9099059851706, 0.00029720439693834517, 2.068014200000107
3362.9099059851706, 0.00029682166493691717, 2.068475999999464
3362.9099059851706, 0.0002973615196233002, 2.068934099999751
3362.9099059851706, 0.0002973615196233002, 2.0693928000000597
3362.9099059851706, 0.0002973615196233002, 2.070076599999993
3362.9099059851706, 0.0002973615196233002, 2.070814199999404
3362.9099059851706, 0.0002973615196233002, 2.071308300000055
3362.9099059851706, 0.0002973615196233002, 2.0717710999997507
3362.9099059851706, 0.0002973615196233002, 2.072298999999475
3362.9099059851706, 0.0002973615196233002, 2.0727579999993395
3362.9099059851706, 0.0002973615196233002, 2.0732154999996055
3362.9099059851706, 0.0002973615196233002, 2.0736738999994486
3362.9099059851706, 0.0002973615196233002, 2.0741337999997995
3362.9099059851706, 0.0002973615196233002, 2.074598000000151
3362.9099059851706, 0.0002973615196233002, 2.075132599999961
3362.9099059851706, 0.0002973615196233002, 2.0765221000001475
3362.9099059851706, 0.0002973615196233002, 2.0773184999998193
3362.9099059851706, 0.0002973615196233002, 2.077780399999938
3362.9099059851706, 0.0002973615196233002, 2.078239699999358
3362.9099059851706, 0.0002973615196233002, 2.0786944999999832
3362.9099059851706, 0.0002973615196233002, 2.079157600000144
3362.9099059851706, 0.0002970690587240013, 2.079682099999445
3362.9099059851706, 0.0002973615196233002, 2.0801440999994156
3362.9099059851706, 0.00029719103381529804, 2.0806047999994917
3362.9099059851706, 0.0002966228531761436, 2.081070700000055
3362.9099059851706, 0.0002973615196233002, 2.0815284999998767
3362.9099059851706, 0.0002973615196233002, 2.0819831999997405
3362.9099059851706, 0.0002973615196233002, 2.082440499999393
3362.9099059851706, 0.0002973615196233002, 2.082900599999448
3362.9099059851706, 0.0002973615196233002, 2.0833574999996927
3362.9099059851706, 0.0002973615196233002, 2.0838145999996414
3362.9099059851706, 0.0002973615196233002, 2.0842723999994632
3362.9099059851706, 0.0002973615196233002, 2.0847337999994124
3362.9099059851706, 0.0002973615196233002, 2.0852340000001277
3362.9099059851706, 0.0002973615196233002, 2.085696199999802
3362.9099059851706, 0.0002973615196233002, 2.0861573000001954
3362.9099059851706, 0.00029671498572771045, 2.0866196999995736
3362.9099059851706, 0.0002973615196233002, 2.087143599999763
3362.9099059851706, 0.0002973615196233002, 2.087667699999656
3362.9099059851706, 0.0002973615196233002, 2.0881296999996266
3362.9099059851706, 0.0002973615196233002, 2.0885925000002317
3362.9099059851706, 0.0002973615196233002, 2.089053199999398
3362.9099059851706, 0.0002973615196233002, 2.0895110999999815
3362.9099059851706, 0.0002973615196233002, 2.089970600000015
3362.9099059851706, 0.0002973615196233002, 2.0904301000000487
3362.9099059851706, 0.0002973615196233002, 2.090885900000103
3362.9099059851706, 0.0002973615196233002, 2.0913458999993964
3362.9099059851706, 0.0002973615196233002, 2.091807699999663
3362.9099059851706, 0.0002973615196233002, 2.0922647999996116
3362.9099059851706, 0.0002973615196233002, 2.092721099999835
3362.9099059851706, 0.0002973615196233002, 2.0931771999994453
3362.9099059851706, 0.0002973615196233002, 2.093636599999627
3362.9099059851706, 0.0002973615196233002, 2.09409499999947
3362.9099059851706, 0.0002973615196233002, 2.0946192000001247
3362.9099059851706, 0.0002973615196233002, 2.095075399999587
3362.9099059851706, 0.0002973615196233002, 2.0956239999995887
3362.9099059851706, 0.0002973615196233002, 2.096085099999982
3362.9099059851706, 0.0002973615196233002, 2.0965190999995684
3362.9099059851706, 0.0002973615196233002, 2.0969483999997465
3362.9099059851706, 0.0002973615196233002, 2.09738599999946
3362.9099059851706, 0.0002973615196233002, 2.0979576999998244
3362.9099059851706, 0.0002973615196233002, 2.0983901999998125
3362.9099059851706, 0.0002973615196233002, 2.0988587000001644
3362.9099059851706, 0.0002973615196233002, 2.099296200000026
3362.9099059851706, 0.0002973615196233002, 2.0997348000000784
3362.9099059851706, 0.0002973615196233002, 2.1001704999998765
3362.9099059851706, 0.0002973615196233002, 2.1006078000000343
3362.9099059851706, 0.0002973615196233002, 2.1010442999995576
3362.9099059851706, 0.0002973615196233002, 2.1015048999997816
3362.9099059851706, 0.0002973615196233002, 2.1020314999996117
3362.9099059851706, 0.0002973615196233002, 2.1024625999998534
3362.9099059851706, 0.0002973615196233002, 2.1029007999995883
3362.9099059851706, 0.0002973615196233002, 2.103335299999344
3362.9099059851706, 0.0002973615196233002, 2.103771500000221
3362.9099059851706, 0.0002973615196233002, 2.104204999999638
3362.9099059851706, 0.0002973615196233002, 2.104645999999775
3362.9099059851706, 0.0002973615196233002, 2.1050797999996576
3362.9099059851706, 0.0002973615196233002, 2.105550199999925
3362.9099059851706, 0.0002972836724375398, 2.1061220000001413
3362.9099059851706, 0.0002972836724375398, 2.1065606000001935
3362.9099059851706, 0.0002972836724375398, 2.1069939999997587
3362.9099059851706, 0.0002973615196233002, 2.107430199999726
3362.9099059851706, 0.0002973615196233002, 2.107964899999388
3362.9099059851706, 0.0002973615196233002, 2.108400499999334
3362.9099059851706, 0.0002973615196233002, 2.108857600000192
3362.9099059851706, 0.0002973615196233002, 2.109382199999345
3362.9099059851706, 0.0002973615196233002, 2.109816199999841
3362.9099059851706, 0.0002973615196233002, 2.1102559999999357
3362.9099059851706, 0.0002962867430017602, 2.1106928999997763
3362.9099059851706, 0.0002962867430017602, 2.1111262999993414
3362.9099059851706, 0.0002973615196233002, 2.111560499999541
3362.9099059851706, 0.0002973615196233002, 2.111995499999466
3362.9099059851706, 0.0002973615196233002, 2.1124282000000676
3362.9099059851706, 0.0002973615196233002, 2.1128970999998273
3362.9099059851706, 0.0002973615196233002, 2.113365399999566
3362.9099059851706, 0.0002973615196233002, 2.1137991999994483
3362.9099059851706, 0.0002973615196233002, 2.1142371999994793
3362.9099059851706, 0.0002973615196233002, 2.114669900000081
3362.9099059851706, 0.0002973615196233002, 2.1151021999994555
3362.9099059851706, 0.0002973615196233002, 2.1155399999997826
3362.9099059851706, 0.0002973615196233002, 2.116095800000039
3362.9099059851706, 0.0002973615196233002, 2.1166435999994064
3362.9099059851706, 0.0002973615196233002, 2.1170790999995006
3362.9099059851706, 0.0002973615196233002, 2.1175185000001875
3362.9099059851706, 0.0002973615196233002, 2.118051999999807
3362.9099059851706, 0.0002973615196233002, 2.11848529999952
3362.9099059851706, 0.0002973615196233002, 2.118916399999762
3362.9099059851706, 0.0002973615196233002, 2.119350399999348
3362.9099059851706, 0.0002973615196233002, 2.1197855999998865
3362.9099059851706, 0.0002972118169050781, 2.120253199999752
3362.9099059851706, 0.0002972118169050781, 2.1207218999998076
3362.9099059851706, 0.0002973615196233002, 2.121152400000028
3362.9099059851706, 0.0002973615196233002, 2.1217698000000382
3362.9099059851706, 0.0002973615196233002, 2.122204700000111
3362.9099059851706, 0.0002959795940662677, 2.12263989999974
3362.9099059851706, 0.0002973615196233002, 2.123072299999876
3362.9099059851706, 0.0002973615196233002, 2.123530699999719
3362.9099059851706, 0.0002973615196233002, 2.1240944999999556
3362.9099059851706, 0.0002973615196233002, 2.124533700000029
3362.9099059851706, 0.0002973615196233002, 2.1249713999995947
3362.9099059851706, 0.0002973615196233002, 2.1254180999994787
3362.9099059851706, 0.0002973615196233002, 2.1258550000002288
3362.9099059851706, 0.0002973615196233002, 2.12637149999955
3362.9099059851706, 0.0002973615196233002, 2.1268073999999615
3362.9099059851706, 0.0002973615196233002, 2.127267299999403
3362.9099059851706, 0.0002973615196233002, 2.1277195000002393
3362.9099059851706, 0.0002973615196233002, 2.1282673999994586
3362.9099059851706, 0.0002973615196233002, 2.1287017999993623
3362.9099059851706, 0.0002973615196233002, 2.1291448000001765
3362.9099059851706, 0.0002973615196233002, 2.129578899999615
3362.9099059851706, 0.0002973615196233002, 2.130019999999604
3362.9099059851706, 0.0002973615196233002, 2.1304542999996556
3362.9099059851706, 0.0002973615196233002, 2.130915300000197
3362.9099059851706, 0.0002973615196233002, 2.13143989999935
3362.9099059851706, 0.0002973615196233002, 2.1318752999995922
3362.9099059851706, 0.0002973615196233002, 2.1323059999995166
3362.9099059851706, 0.0002973615196233002, 2.1327440999993996
3362.9099059851706, 0.0002973615196233002, 2.13317779999943
3362.9099059851706, 0.0002973615196233002, 2.1336105000000316
3362.9099059851706, 0.0002973615196233002, 2.1340486999997665
3362.9099059851706, 0.0002973615196233002, 2.1344865999999456
3362.9099059851706, 0.0002968669004991692, 2.1349577000000863
3362.9099059851706, 0.0002973615196233002, 2.1354272999997193
3362.9099059851706, 0.0002973615196233002, 2.1358664999997927
3362.9099059851706, 0.0002973615196233002, 2.1364011999994545
3362.9099059851706, 0.0002973615196233002, 2.136837399999422
3362.9099059851706, 0.0002973615196233002, 2.137270499999431
3362.9099059851706, 0.0002973615196233002, 2.1377058999996734
3362.9099059851706, 0.0002973615196233002, 2.1381412999999156
3362.9099059851706, 0.0002973615196233002, 2.138722400000006
3362.9099059851706, 0.0002973615196233002, 2.1391538999996556
3362.9099059851706, 0.0002973615196233002, 2.139595499999814
3362.9099059851706, 0.0002973615196233002, 2.1400291999998444
3362.9099059851706, 0.0002973615196233002, 2.140462700000171
3362.9099059851706, 0.0002973615196233002, 2.1408968999994613
3362.9099059851706, 0.0002973615196233002, 2.1413352999998096
3362.9099059851706, 0.0002973615196233002, 2.1417702999997346
3362.9099059851706, 0.0002973615196233002, 2.1422394999999597
3362.9099059851706, 0.0002973615196233002, 2.14271109999936
3362.9099059851706, 0.0002973615196233002, 2.143149099999391
3362.9099059851706, 0.0002973615196233002, 2.1435848999999507
3362.9099059851706, 0.0002973615196233002, 2.1440176999994947
3362.9099059851706, 0.0002973615196233002, 2.1444500999996308
3362.9099059851706, 0.0002973615196233002, 2.1448849999997037
3362.9099059851706, 0.0002973615196233002, 2.1453222000000096
3362.9099059851706, 0.0002966035601524055, 2.14585309999984
3362.9099059851706, 0.0002973615196233002, 2.1463061999993442
3362.9099059851706, 0.0002973615196233002, 2.1468254000001252
3362.9099059851706, 0.0002973615196233002, 2.147259999999733
3362.9099059851706, 0.0002973615196233002, 2.147693099999742
3362.9099059851706, 0.0002973615196233002, 2.1481265000002168
3362.9099059851706, 0.0002973615196233002, 2.148665799999435
3362.9099059851706, 0.0002973615196233002, 2.149097999999867
3362.9099059851706, 0.0002973615196233002, 2.1495694999994157
3362.9099059851706, 0.0002973615196233002, 2.150038400000085
3362.9099059851706, 0.0002973615196233002, 2.1504758999999467
3362.9099059851706, 0.0002973615196233002, 2.15090919999966
3362.9099059851706, 0.0002973615196233002, 2.1513451999999234
3362.9099059851706, 0.0002973615196233002, 2.151780399999552
3362.9099059851706, 0.0002973615196233002, 2.152216800000133
3362.9099059851706, 0.0002973615196233002, 2.1526561000000584
3362.9099059851706, 0.0002973615196233002, 2.1531858999996984
3362.9099059851706, 0.0002973615196233002, 2.153638300000239
3362.9099059851706, 0.0002973615196233002, 2.154081199999382
3362.9099059851706, 0.0002973615196233002, 2.154517500000111
3362.9099059851706, 0.0002973615196233002, 2.154953499999465
3362.9099059851706, 0.0002973615196233002, 2.1553898000001936
3362.9099059851706, 0.0002973615196233002, 2.155826199999865
3362.9099059851706, 0.0002973615196233002, 2.1562580999998318
3362.9099059851706, 0.0002973615196233002, 2.156862899999396
3362.9099059851706, 0.0002973615196233002, 2.1576874000002135
3362.9099059851706, 0.0002973615196233002, 2.158514099999593
3362.9099059851706, 0.0002973615196233002, 2.1590212000000975
3362.9099059851706, 0.0002973615196233002, 2.1594877999996243
3362.9099059851706, 0.0002973615196233002, 2.1599465999997847
3362.9099059851706, 0.0002973615196233002, 2.1604327999993984
3362.9099059851706, 0.0002973615196233002, 2.1609520000001794
3362.9099059851706, 0.00029621933795909134, 2.1614103000001705
3362.9099059851706, 0.00029629735870274676, 2.161912900000061
3362.9099059851706, 0.0002973615196233002, 2.1623515999999654
3362.9099059851706, 0.0002973615196233002, 2.1627871000000596
3362.9099059851706, 0.0002973615196233002, 2.1632229999995616
3362.9099059851706, 0.0002973615196233002, 2.1636570999999094
3362.9099059851706, 0.0002973615196233002, 2.1641312000001562
3362.9099059851706, 0.0002973615196233002, 2.164563599999383
3362.9099059851706, 0.0002973615196233002, 2.165032500000052
3362.9099059851706, 0.0002973615196233002, 2.165467799999533
3362.9099059851706, 0.0002973615196233002, 2.1659068999997544
3362.9099059851706, 0.0002973615196233002, 2.16634139999951
3362.9099059851706, 0.0002973615196233002, 2.166875799999616
3362.9099059851706, 0.0002973615196233002, 2.167310799999541
3362.9099059851706, 0.0002973615196233002, 2.167794799999683
3362.9099059851706, 0.0002973615196233002, 2.1682958999999755
3362.9099059851706, 0.0002973615196233002, 2.1687279999996463
3362.9099059851706, 0.0002973615196233002, 2.1692601999993713
3362.9099059851706, 0.0002973615196233002, 2.1696956999994654
3362.9099059851706, 0.0002973615196233002, 2.170128400000067
3362.9099059851706, 0.0002973615196233002, 2.1705599999995684
3362.9099059851706, 0.0002973615196233002, 2.170994099999916
3362.9099059851706, 0.0002973615196233002, 2.1714666999996552
3362.9099059851706, 0.0002973615196233002, 2.171903800000109
3362.9099059851706, 0.0002973615196233002, 2.17237329999989
3362.9099059851706, 0.0002973615196233002, 2.172805100000005
3362.9099059851706, 0.0002973615196233002, 2.1732390999995914
3362.9099059851706, 0.0002973615196233002, 2.173670499999389
3362.9099059851706, 0.0002973615196233002, 2.1741031999999905
3362.9099059851706, 0.0002973615196233002, 2.1745387000000846
3362.9099059851706, 0.0002968752617608777, 2.1749933999999485
3362.9099059851706, 0.0002973615196233002, 2.1755199999997785
3362.9099059851706, 0.0002973615196233002, 2.1759520999994493
3362.9099059851706, 0.0002973615196233002, 2.176384700000199
3362.9099059851706, 0.0002973615196233002, 2.176821999999447
3362.9099059851706, 0.0002973615196233002, 2.177597400000195
3362.9099059851706, 0.0002973615196233002, 2.178320999999414
3362.9099059851706, 0.0002973615196233002, 2.179161000000022
3362.9099059851706, 0.0002973615196233002, 2.179630300000099
3362.9099059851706, 0.0002973615196233002, 2.1800673999996434
3362.9099059851706, 0.0002973615196233002, 2.1804981999994197
3362.9099059851706, 0.0002973615196233002, 2.180931299999429
3362.9099059851706, 0.0002973615196233002, 2.1813625999993747
3362.9099059851706, 0.0002973615196233002, 2.1817968999994264
3362.9099059851706, 0.0002973615196233002, 2.182230299999901
3362.9099059851706, 0.0002973615196233002, 2.1827748999994583
3362.9099059851706, 0.0002973615196233002, 2.183205199999975
3362.9099059851706, 0.0002973615196233002, 2.1836394000001746
3362.9099059851706, 0.0002973615196233002, 2.1840713999999934
3362.9099059851706, 0.0002973615196233002, 2.184502899999643
3362.9099059851706, 0.0002973615196233002, 2.1849332000001596
3362.9099059851706, 0.0002973615196233002, 2.1854143999998996
3362.9099059851706, 0.0002973615196233002, 2.1858609999999317
3362.9099059851706, 0.0002973615196233002, 2.1863376999999673
3362.9099059851706, 0.0002973615196233002, 2.1868187000000034
3362.9099059851706, 0.0002973615196233002, 2.187346499999876
3362.9099059851706, 0.0002973615196233002, 2.187782299999526
3362.9099059851706, 0.0002973615196233002, 2.1882206000000224
3362.9099059851706, 0.0002973615196233002, 2.188657400000011
3362.9099059851706, 0.0002973615196233002, 2.189096399999471
3362.9099059851706, 0.0002973615196233002, 2.189633999999387
3362.9099059851706, 0.0002973615196233002, 2.1901809999999386
3362.9099059851706, 0.0002973615196233002, 2.1906123999997362
3362.9099059851706, 0.0002973615196233002, 2.191055199999937
3362.9099059851706, 0.0002973615196233002, 2.1914913000000524
3362.9099059851706, 0.0002973615196233002, 2.1919254999993427
3362.9099059851706, 0.0002973615196233002, 2.1923618999999235
3362.9099059851706, 0.0002973615196233002, 2.1928038999994897
3362.9099059851706, 0.0002973615196233002, 2.1932385999998587
3362.9099059851706, 0.0002973615196233002, 2.193706199999724
3362.9099059851706, 0.0002973615196233002, 2.194175300000097
3362.9099059851706, 0.0002973615196233002, 2.1946115000000646
3362.9099059851706, 0.0002973615196233002, 2.1950412999995024
3362.9099059851706, 0.0002973615196233002, 2.1954741999998078
3362.9099059851706, 0.0002973615196233002, 2.1959053999999014
3362.9099059851706, 0.0002973615196233002, 2.1963404999996783
3362.9099059851706, 0.0002973615196233002, 2.1967774999993708
3362.9099059851706, 0.0002973615196233002, 2.1973308999995425
3362.9099059851706, 0.0002973615196233002, 2.198111300000164
3362.9099059851706, 0.0002973615196233002, 2.1988271999998688
3362.9099059851706, 0.0002967296182834631, 2.199262799999815
3362.9099059851706, 0.0002967296182834631, 2.199800999999752
3362.9099059851706, 0.0002973615196233002, 2.200236799999402
3362.9099059851706, 0.0002973615196233002, 2.2006756999999197
3362.9099059851706, 0.0002973615196233002, 2.2011443999999756
3362.9099059851706, 0.0002973615196233002, 2.20161569999982
3362.9099059851706, 0.0002973615196233002, 2.2020465999994485
3362.9099059851706, 0.0002973615196233002, 2.202488699999776
3362.9099059851706, 0.00029699063109823646, 2.202923699999701
3362.9099059851706, 0.0002973615196233002, 2.2033581999994567
3362.9099059851706, 0.0002973615196233002, 2.203794299999572
3362.9099059851706, 0.0002973615196233002, 2.2042301999999836
3362.9099059851706, 0.0002973615196233002, 2.2047762000001967
3362.9099059851706, 0.0002973615196233002, 2.2052137999999104
3362.9099059851706, 0.0002973615196233002, 2.2056470999996236
3362.9099059851706, 0.0002973615196233002, 2.206080099999781
3362.9099059851706, 0.0002973615196233002, 2.2065136000001075
3362.9099059851706, 0.0002973615196233002, 2.20694739999999
3362.9099059851706, 0.0002973615196233002, 2.207377599999745
3362.9099059851706, 0.0002973615196233002, 2.207895699999426
3362.9099059851706, 0.0002973615196233002, 2.20836589999999
3362.9099059851706, 0.0002973615196233002, 2.208833400000003
3362.9099059851706, 0.0002973615196233002, 2.209263799999462
3362.9099059851706, 0.0002973615196233002, 2.2098046000000977
3362.9099059851706, 0.0002973615196233002, 2.2102389000001494
3362.9099059851706, 0.0002973615196233002, 2.2106775000002017
3362.9099059851706, 0.0002973615196233002, 2.211110700000063
3362.9099059851706, 0.0002973615196233002, 2.2115483999996286
3362.9099059851706, 0.0002973615196233002, 2.2120822999995653
3362.9099059851706, 0.0002973615196233002, 2.2125285000001895
3362.9099059851706, 0.0002973615196233002, 2.2129619999996066
3362.9099059851706, 0.0002973615196233002, 2.2133976999994047
3362.9099059851706, 0.0002973615196233002, 2.213827699999456
3362.9099059851706, 0.0002973615196233002, 2.2142628000001423
3362.9099059851706, 0.0002973615196233002, 2.2146990999999616
3362.9099059851706, 0.0002973615196233002, 2.215138200000183
3362.9099059851706, 0.0002973615196233002, 2.215607699999964
3362.9099059851706, 0.0002973615196233002, 2.2160407999999734
3362.9099059851706, 0.0002973615196233002, 2.216509599999881
3362.9099059851706, 0.0002973615196233002, 2.216944599999806
3362.9099059851706, 0.0002973615196233002, 2.217378700000154
3362.9099059851706, 0.0002973615196233002, 2.217971999999463
3362.9099059851706, 0.0002973615196233002, 2.218698399999994
3362.9099059851706, 0.0002973615196233002, 2.2195130999998582
3362.9099059851706, 0.0002973615196233002, 2.22004939999988
3362.9099059851706, 0.0002973615196233002, 2.2204854000001433
3362.9099059851706, 0.0002973615196233002, 2.2209212999996453
3362.9099059851706, 0.0002973615196233002, 2.221456600000238
3362.9099059851706, 0.0002973615196233002, 2.2219029999996565
3362.9099059851706, 0.0002973615196233002, 2.222371099999691
3362.9099059851706, 0.0002973615196233002, 2.2228045000001657
3362.9099059851706, 0.0002973615196233002, 2.2234723999999915
3362.9099059851706, 0.0002973615196233002, 2.224307200000112
3362.9099059851706, 0.0002973615196233002, 2.2249919999994745
3362.9099059851706, 0.0002973615196233002, 2.226133299999674
3362.9099059851706, 0.0002973615196233002, 2.227122100000088
3362.9099059851706, 0.0002973615196233002, 2.2277266999999483
3362.9099059851706, 0.0002973615196233002, 2.2286904000002323
3362.9099059851706, 0.0002973615196233002, 2.2298995000001014
3362.9099059851706, 0.0002973615196233002, 2.230442000000039
3362.9099059851706, 0.0002973615196233002, 2.2311378999993394
3362.9099059851706, 0.0002973615196233002, 2.231841699999677
3362.9099059851706, 0.0002973615196233002, 2.232663899999352
3362.9099059851706, 0.0002973615196233002, 2.2336457000001246
3362.9099059851706, 0.0002973615196233002, 2.236260900000161
3362.9099059851706, 0.0002973615196233002, 2.2371182999995654
3362.9099059851706, 0.0002973615196233002, 2.2378093999996054
3362.9099059851706, 0.0002973615196233002, 2.2384203000001435
3362.9099059851706, 0.0002973615196233002, 2.238966099999743
3362.9099059851706, 0.0002973615196233002, 2.239531700000043
3362.9099059851706, 0.0002973615196233002, 2.2400560999994923
3362.9099059851706, 0.0002973615196233002, 2.2405222999996113
3362.9099059851706, 0.0002973615196233002, 2.241020899999967
3362.9099059851706, 0.0002973615196233002, 2.2415751999997156
3362.9099059851706, 0.0002973615196233002, 2.242627999999968
3362.9099059851706, 0.0002973615196233002, 2.2431704999999056
3362.9099059851706, 0.0002973615196233002, 2.243704699999398
3362.9099059851706, 0.0002973615196233002, 2.2442166999999245
3362.9099059851706, 0.0002973615196233002, 2.2447425000000294
3362.9099059851706, 0.0002973615196233002, 2.2452739000000292
3362.9099059851706, 0.0002973615196233002, 2.2457594999996218
3362.9099059851706, 0.0002973615196233002, 2.2462797999996837
3362.9099059851706, 0.0002973615196233002, 2.246806600000127
3362.9099059851706, 0.0002973615196233002, 2.2473137999995743
3362.9099059851706, 0.0002973615196233002, 2.2478296999997838
3362.9099059851706, 0.0002973615196233002, 2.248286299999563
3362.9099059851706, 0.0002973615196233002, 2.248748899999555
3362.9099059851706, 0.0002973615196233002, 2.2492772999994486
3362.9099059851706, 0.0002969820562714088, 2.249744099999589
3362.9099059851706, 0.0002973615196233002, 2.2504621999996743
3362.9099059851706, 0.0002973615196233002, 2.251227900000231
3362.9099059851706, 0.0002973615196233002, 2.2522204999995665
3362.9099059851706, 0.0002973615196233002, 2.2527351999997336
3362.9099059851706, 0.0002973615196233002, 2.2531951999999364
3362.9099059851706, 0.0002973615196233002, 2.2536596999998437
3362.9099059851706, 0.0002973615196233002, 2.2541291999996247
3362.9099059851706, 0.0002970406473171145, 2.2545893999995315
3362.9099059851706, 0.0002973615196233002, 2.2550493999997343
3362.9099059851706, 0.0002973615196233002, 2.2555124999998952
3362.9099059851706, 0.000296710299944894, 2.2559775999998237
3362.9099059851706, 0.0002973615196233002, 2.256503900000098
3362.9099059851706, 0.0002973615196233002, 2.257019499999842
3362.9099059851706, 0.0002973615196233002, 2.2574844999999186
3362.9099059851706, 0.0002973615196233002, 2.258021199999348
3362.9099059851706, 0.0002973615196233002, 2.2584882000001016
3362.9099059851706, 0.0002973615196233002, 2.258955700000115
3362.9099059851706, 0.0002973615196233002, 2.259419699999853
3362.9099059851706, 0.0002973615196233002, 2.259892299999592
3362.9099059851706, 0.0002973615196233002, 2.260361199999352
3362.9099059851706, 0.0002973615196233002, 2.260838899999726
3362.9099059851706, 0.0002973615196233002, 2.2613033999996333
3362.9099059851706, 0.0002973615196233002, 2.261765899999773
3362.9099059851706, 0.0002973615196233002, 2.2622280999994473
3362.9099059851706, 0.0002973615196233002, 2.2626891999998406
3362.9099059851706, 0.0002973615196233002, 2.263156099999833
3362.9099059851706, 0.0002973615196233002, 2.263657599999533
3362.9099059851706, 0.0002973615196233002, 2.2641202999993766
3362.9099059851706, 0.0002970939189854804, 2.264581499999622
3362.9099059851706, 0.0002973615196233002, 2.2650431000001845
3362.9099059851706, 0.0002973615196233002, 2.265503699999499
3362.9099059851706, 0.0002973615196233002, 2.265965900000083
3362.9099059851706, 0.0002973615196233002, 2.266429700000117
3362.9099059851706, 0.0002973615196233002, 2.267110899999352
3362.9099059851706, 0.0002973615196233002, 2.267881099999613
3362.9099059851706, 0.0002973615196233002, 2.268477399999938
3362.9099059851706, 0.0002973615196233002, 2.2689455999998245
3362.9099059851706, 0.0002973615196233002, 2.269407699999647
3362.9099059851706, 0.0002973615196233002, 2.2698702999996385
3362.9099059851706, 0.0002973615196233002, 2.270328200000222
3362.9099059851706, 0.0002973615196233002, 2.2708513999996285
3362.9099059851706, 0.0002973615196233002, 2.271325099999558
3362.9099059851706, 0.0002973615196233002, 2.2717929000000368
3362.9099059851706, 0.0002973615196233002, 2.2722515999994357
3362.9099059851706, 0.0002973615196233002, 2.2727155000002313
3362.9099059851706, 0.0002973615196233002, 2.273173499999757
3362.9099059851706, 0.0002973615196233002, 2.2737124999994194
3362.9099059851706, 0.0002973615196233002, 2.274174799999855
3362.9099059851706, 0.0002973615196233002, 2.274640999999974
3362.9099059851706, 0.0002973615196233002, 2.2751056999995853
3362.9099059851706, 0.00029709875796672214, 2.2755774999995992
3362.9099059851706, 0.0002973615196233002, 2.2760444999994434
3362.9099059851706, 0.0002973615196233002, 2.2765073999999004
3362.9099059851706, 0.0002973615196233002, 2.2769672999993418
3362.9099059851706, 0.0002973615196233002, 2.277431699999397
3362.9099059851706, 0.0002973615196233002, 2.277896200000214
3362.9099059851706, 0.0002973615196233002, 2.2784335999995164
3362.9099059851706, 0.0002973615196233002, 2.2788935999997193
3362.9099059851706, 0.0002973615196233002, 2.2793598999996902
3362.9099059851706, 0.0002973188206074817, 2.2798213999994914
3362.9099059851706, 0.0002973188206074817, 2.280283699999927
3362.9099059851706, 0.0002973615196233002, 2.2807420999997703
3362.9099059851706, 0.0002973615196233002, 2.281202299999677
3362.9099059851706, 0.0002973615196233002, 2.2816667999995843
3362.9099059851706, 0.0002973615196233002, 2.282126000000062
3362.9099059851706, 0.0002973615196233002, 2.2825833999995666
3362.9099059851706, 0.0002973615196233002, 2.283044599999812
3362.9099059851706, 0.0002973615196233002, 2.28379810000024
3362.9099059851706, 0.0002973615196233002, 2.2842704999993657
3362.9099059851706, 0.0002973615196233002, 2.2847332999999708
3362.9099059851706, 0.0002973615196233002, 2.2851928999998563
3362.9099059851706, 0.0002973615196233002, 2.2857217000000674
3362.9099059851706, 0.0002973615196233002, 2.2861831999998685
3362.9099059851706, 0.0002973615196233002, 2.286620899999434
3362.9099059851706, 0.0002973615196233002, 2.2870590000002267
3362.9099059851706, 0.0002973615196233002, 2.2874967999996443
3362.9099059851706, 0.0002973615196233002, 2.287934399999358
3362.9099059851706, 0.0002973615196233002, 2.2883686999994097
3362.9099059851706, 0.0002973615196233002, 2.288801799999419
3362.9099059851706, 0.0002973615196233002, 2.2892719000001307
3362.9099059851706, 0.0002973615196233002, 2.289745099999891
3362.9099059851706, 0.0002973615196233002, 2.2901787000000695
3362.9099059851706, 0.0002973615196233002, 2.290612699999656
3362.9099059851706, 0.0002973615196233002, 2.2910501999995176
3362.9099059851706, 0.0002971475277821655, 2.291523899999447
3362.9099059851706, 0.0002973615196233002, 2.2919573999997738
3362.9099059851706, 0.0002973615196233002, 2.292393199999424
3362.9099059851706, 0.0002973615196233002, 2.2929886000001716
3362.9099059851706, 0.0002973615196233002, 2.2938200999997207
3362.9099059851706, 0.0002973615196233002, 2.29451809999955
3362.9099059851706, 0.0002973615196233002, 2.2949719999996887
3362.9099059851706, 0.0002973615196233002, 2.2954490000001897
3362.9099059851706, 0.0002973615196233002, 2.2959749999999985
3362.9099059851706, 0.0002973615196233002, 2.296433900000011
3362.9099059851706, 0.0002973615196233002, 2.2968919999993886
3362.9099059851706, 0.0002973615196233002, 2.2973542999998244
3362.9099059851706, 0.0002973615196233002, 2.2978124999999636
3362.9099059851706, 0.0002973615196233002, 2.2982686999994257
3362.9099059851706, 0.0002973615196233002, 2.298726600000009
3362.9099059851706, 0.0002973615196233002, 2.299186700000064
3362.9099059851706, 0.0002973615196233002, 2.299645199999759
3362.9099059851706, 0.0002973615196233002, 2.3002018999995926
3362.9099059851706, 0.0002973615196233002, 2.3007136999995055
3362.9099059851706, 0.0002973615196233002, 2.301179399999455
3362.9099059851706, 0.0002973615196233002, 2.3016429999997854
3362.9099059851706, 0.0002973615196233002, 2.30210309999984
3362.9099059851706, 0.0002973615196233002, 2.3025615999995352
3362.9099059851706, 0.0002973615196233002, 2.303024799999548
3362.9099059851706, 0.0002973615196233002, 2.3034852000000683
3362.9099059851706, 0.0002973615196233002, 2.3039459000001443
3362.9099059851706, 0.0002973615196233002, 2.304405599999882
3362.9099059851706, 0.0002973615196233002, 2.3048683999995774
3362.9099059851706, 0.0002973615196233002, 2.305328599999484
3362.9099059851706, 0.0002973615196233002, 2.305784700000004
3362.9099059851706, 0.0002973615196233002, 2.306234399999994
3362.9099059851706, 0.0002973615196233002, 2.3066705000001093
3362.9099059851706, 0.0002973615196233002, 2.3071036999999706
3362.9099059851706, 0.0002973615196233002, 2.3076412999998865
3362.9099059851706, 0.00029698836763221193, 2.30809169999975
3362.9099059851706, 0.00029698836763221193, 2.3085298999994848
3362.9099059851706, 0.0002973615196233002, 2.3089659999996
3362.9099059851706, 0.0002973615196233002, 2.3094012000001385
3362.9099059851706, 0.00029717166681166696, 2.3098369999997885
3362.9099059851706, 0.0002973615196233002, 2.3102752999993754
3362.9099059851706, 0.0002973615196233002, 2.3107114999993428
3362.9099059851706, 0.0002973615196233002, 2.31116959999963
3362.9099059851706, 0.0002973615196233002, 2.3117396999996345
3362.9099059851706, 0.0002973615196233002, 2.3121941999997944
3362.9099059851706, 0.0002973615196233002, 2.312633200000164
3362.9099059851706, 0.0002973615196233002, 2.3130694999999832
3362.9099059851706, 0.0002973615196233002, 2.313503999999739
3362.9099059851706, 0.0002973615196233002, 2.313939499999833
3362.9099059851706, 0.0002973615196233002, 2.31437459999961
3362.9099059851706, 0.0002973615196233002, 2.3148541000000478
3362.9099059851706, 0.0002973615196233002, 2.315360200000214
3362.9099059851706, 0.0002973615196233002, 2.315799899999547
3362.9099059851706, 0.0002973615196233002, 2.316233900000043
3362.9099059851706, 0.0002973615196233002, 2.316740100000061
3362.9099059851706, 0.0002973615196233002, 2.3171753999995417
3362.9099059851706, 0.0002973615196233002, 2.317613600000186
3362.9099059851706, 0.0002973615196233002, 2.3180499999998574
3362.9099059851706, 0.0002973615196233002, 2.3185040999997
3362.9099059851706, 0.0002973615196233002, 2.31895379999969
3362.9099059851706, 0.0002973615196233002, 2.3194692999995823
3362.9099059851706, 0.0002973615196233002, 2.319912099999783
3362.9099059851706, 0.0002973615196233002, 2.320350099999814
3362.9099059851706, 0.0002973615196233002, 2.3207922000001417
3362.9099059851706, 0.0002973615196233002, 2.321233300000131
3362.9099059851706, 0.0002973615196233002, 2.3216708999998446
3362.9099059851706, 0.0002973615196233002, 2.322135700000217
3362.9099059851706, 0.0002973615196233002, 2.322668899999371
3362.9099059851706, 0.0002973615196233002, 2.3231024999995498
3362.9099059851706, 0.0002973615196233002, 2.3235398999995596
3362.9099059851706, 0.0002973615196233002, 2.3239748999994845
3362.9099059851706, 0.0002973615196233002, 2.324414599999727
3362.9099059851706, 0.0002973615196233002, 2.324848799999927
3362.9099059851706, 0.0002973615196233002, 2.3252830999999787
3362.9099059851706, 0.0002973615196233002, 2.325721000000158
3362.9099059851706, 0.0002973615196233002, 2.3262182999997094
3362.9099059851706, 0.0002973615196233002, 2.3267841999995653
3362.9099059851706, 0.0002973615196233002, 2.3273394999996526
3362.9099059851706, 0.0002973615196233002, 2.3277745999994295
3362.9099059851706, 0.0002973615196233002, 2.3282131999994817
3362.9099059851706, 0.0002973615196233002, 2.3286522999997032
3362.9099059851706, 0.0002973615196233002, 2.329087199999776
3362.9099059851706, 0.0002973615196233002, 2.3295478000000003
3362.9099059851706, 0.0002973615196233002, 2.3300767999999152
3362.9099059851706, 0.0002973615196233002, 2.3305129000000306
3362.9099059851706, 0.0002973615196233002, 2.330951699999787
3362.9099059851706, 0.0002973615196233002, 2.331387899999754
3362.9099059851706, 0.0002973615196233002, 2.3318241999995735
3362.9099059851706, 0.0002973615196233002, 2.332266399999753
3362.9099059851706, 0.0002973615196233002, 2.3327024999998685
3362.9099059851706, 0.0002973615196233002, 2.333156400000007
3362.9099059851706, 0.0002973615196233002, 2.3336785000001328
3362.9099059851706, 0.0002973615196233002, 2.3341513999994277
3362.9099059851706, 0.0002973615196233002, 2.3345854999997755
3362.9099059851706, 0.0002973615196233002, 2.33502690000023
3362.9099059851706, 0.0002973615196233002, 2.335465199999817
3362.9099059851706, 0.0002973615196233002, 2.3359024999999747
3362.9099059851706, 0.0002973615196233002, 2.336337900000217
3362.9099059851706, 0.0002973615196233002, 2.3367919000002075
3362.9099059851706, 0.0002973615196233002, 2.3373240999999325
3362.9099059851706, 0.0002973615196233002, 2.337754700000005
3362.9099059851706, 0.0002973615196233002, 2.3382830000000467
3362.9099059851706, 0.0002973615196233002, 2.338725099999465
3362.9099059851706, 0.0002973615196233002, 2.339163699999517
3362.9099059851706, 0.0002973615196233002, 2.3395971999998437
3362.9099059851706, 0.0002973615196233002, 2.340029699999832
3362.9099059851706, 0.0002973615196233002, 2.3404642999994394
3362.9099059851706, 0.0002973615196233002, 2.340940899999623
3362.9099059851706, 0.0002955609552969659, 2.3414185000001453
3362.9099059851706, 0.0002973615196233002, 2.3418510000001334
3362.9099059851706, 0.0002973615196233002, 2.342291299999488
3362.9099059851706, 0.0002973615196233002, 2.34272989999954
3362.9099059851706, 0.0002973615196233002, 2.343167699999867
3362.9099059851706, 0.0002973615196233002, 2.3436000000001513
3362.9099059851706, 0.0002973615196233002, 2.3440362999999707
3362.9099059851706, 0.0002973615196233002, 2.344589999999698
3362.9099059851706, 0.0002973615196233002, 2.345022599999538
3362.9099059851706, 0.0002973615196233002, 2.3454551999993782
3362.9099059851706, 0.0002973615196233002, 2.3458933000001707
3362.9099059851706, 0.0002973615196233002, 2.3463310999995883
3362.9099059851706, 0.0002973615196233002, 2.3467618999993647
3362.9099059851706, 0.0002973615196233002, 2.3471958000000086
3362.9099059851706, 0.0002973615196233002, 2.347629400000187
3362.9099059851706, 0.0002973615196233002, 2.3482109999995373
3362.9099059851706, 0.0002973615196233002, 2.3488390000002255
3362.9099059851706, 0.0002973615196233002, 2.3493946999997206
3362.9099059851706, 0.0002973615196233002, 2.349833799999942
3362.9099059851706, 0.0002973615196233002, 2.3502693999998883
3362.9099059851706, 0.0002973615196233002, 2.350704399999813
3362.9099059851706, 0.0002973615196233002, 2.3511429000000135
3362.9099059851706, 0.0002971094471315726, 2.351605799999561
3362.9099059851706, 0.0002973615196233002, 2.3521296999997503
3362.9099059851706, 0.0002973615196233002, 2.3525654999994003
3362.9099059851706, 0.0002973615196233002, 2.3529984999995577
3362.9099059851706, 0.0002973615196233002, 2.353439499999695
3362.9099059851706, 0.0002973615196233002, 2.3538784000002124
3362.9099059851706, 0.0002973615196233002, 2.3543172999998205
3362.9099059851706, 0.00029702250805455755, 2.3547499999995125
3362.9099059851706, 0.00029702250805455755, 2.355207999999948
3362.9099059851706, 0.0002973615196233002, 2.355660700000044
3362.9099059851706, 0.0002973615196233002, 2.3561316999994233
3362.9099059851706, 0.0002973615196233002, 2.356568299999708
3362.9099059851706, 0.0002957441835150052, 2.357436499999494
3362.9099059851706, 0.00029723057252066016, 2.3581629999998768
3362.9099059851706, 0.0002973615196233002, 2.359005199999956
3362.9099059851706, 0.0002973615196233002, 2.3597296999996615
3362.9099059851706, 0.0002973615196233002, 2.360519299999396
3362.9099059851706, 0.0002973615196233002, 2.3611989000000904
3362.9099059851706, 0.0002973615196233002, 2.3621456000000762
3362.9099059851706, 0.0002973615196233002, 2.3628178999997544
3362.9099059851706, 0.0002973615196233002, 2.3633405999999013
3362.9099059851706, 0.0002973615196233002, 2.363805599999978
3362.9099059851706, 0.0002973615196233002, 2.364522699999725
3362.9099059851706, 0.0002973615196233002, 2.365277199999582
3362.9099059851706, 0.0002973615196233002, 2.3661050999999134
3362.9099059851706, 0.0002973615196233002, 2.3684708000000683
3362.9099059851706, 0.0002973615196233002, 2.3696013999997376
3362.9099059851706, 0.0002973615196233002, 2.3703865999996196
3362.9099059851706, 0.0002973615196233002, 2.3709607999999207
3362.9099059851706, 0.0002973615196233002, 2.3714319000000614
3362.9099059851706, 0.0002973615196233002, 2.3718926000001375
3362.9099059851706, 0.0002973615196233002, 2.3723623999994743
3362.9099059851706, 0.0002973615196233002, 2.37282199999936
3362.9099059851706, 0.0002973615196233002, 2.373285799999394
3362.9099059851706, 0.0002973615196233002, 2.373742499999935
3362.9099059851706, 0.0002973615196233002, 2.374267499999405
3362.9099059851706, 0.0002973615196233002, 2.374724199999946
3362.9099059851706, 0.0002973615196233002, 2.3752661999997144
3362.9099059851706, 0.0002973615196233002, 2.3761516999993546
3362.9099059851706, 0.0002973615196233002, 2.3767361999998684
3362.9099059851706, 0.0002973615196233002, 2.377437099999952
3362.9099059851706, 0.0002973615196233002, 2.377924499999608
3362.9099059851706, 0.0002973615196233002, 2.3783990000001722
3362.9099059851706, 0.0002973615196233002, 2.378864999999678
3362.9099059851706, 0.0002973615196233002, 2.37936019999961
3362.9099059851706, 0.0002973615196233002, 2.3798735000000306
3362.9099059851706, 0.0002973615196233002, 2.3807090000000244
3362.9099059851706, 0.0002973615196233002, 2.3813530999996146
3362.9099059851706, 0.0002968284853842575, 2.3820120999998835
3362.9099059851706, 0.0002973615196233002, 2.383000099999663
3362.9099059851706, 0.0002973615196233002, 2.3842500000000655
3362.9099059851706, 0.0002973615196233002, 2.3858915999999226
3362.9099059851706, 0.0002973615196233002, 2.38659269999971
3362.9099059851706, 0.0002973615196233002, 2.3872833999994327
3362.9099059851706, 0.0002973615196233002, 2.3880826999993587
3362.9099059851706, 0.0002973615196233002, 2.3888949000001958
3362.9099059851706, 0.0002973615196233002, 2.3895769999999175
3362.9099059851706, 0.0002973615196233002, 2.3903691999994408
3362.9099059851706, 0.0002973615196233002, 2.391241999999693
3362.9099059851706, 0.0002973615196233002, 2.3920858999999837
3362.9099059851706, 0.0002973615196233002, 2.392718000000059
3362.9099059851706, 0.0002973615196233002, 2.393258500000229
3362.9099059851706, 0.0002973615196233002, 2.394054899999901
3362.9099059851706, 0.0002973615196233002, 2.3948492999998052
3362.9099059851706, 0.0002973615196233002, 2.39573560000008
3362.9099059851706, 0.0002973615196233002, 2.3965054999998756
3362.9099059851706, 0.0002973615196233002, 2.3969490999998015
3362.9099059851706, 0.0002973615196233002, 2.3974105999996027
3362.9099059851706, 0.0002973615196233002, 2.3978508000000147
3362.9099059851706, 0.0002973615196233002, 2.3984390999994503
3362.9099059851706, 0.0002973615196233002, 2.399166199999854
3362.9099059851706, 0.0002973615196233002, 2.4000374999995984
3362.9099059851706, 0.0002973615196233002, 2.401472200000171
3362.9099059851706, 0.0002973615196233002, 2.4019337999998243
3362.9099059851706, 0.0002973615196233002, 2.402634600000056
3362.9099059851706, 0.0002973615196233002, 2.403475399999479
3362.9099059851706, 0.0002973615196233002, 2.4042116000000533
3362.9099059851706, 0.0002973615196233002, 2.404936199999611
3362.9099059851706, 0.0002973615196233002, 2.405803300000116
3362.9099059851706, 0.0002973615196233002, 2.406426599999577
3362.9099059851706, 0.0002973615196233002, 2.407317299999704
3362.9099059851706, 0.0002973615196233002, 2.408090299999458
3362.9099059851706, 0.0002973615196233002, 2.4088565000001836
3362.9099059851706, 0.0002973615196233002, 2.409618099999534
3362.9099059851706, 0.0002973615196233002, 2.4101184000001012
3362.9099059851706, 0.0002973615196233002, 2.4109479999997347
3362.9099059851706, 0.0002973615196233002, 2.411719699999594
3362.9099059851706, 0.0002973615196233002, 2.4123238000001948
3362.9099059851706, 0.0002973615196233002, 2.4127904999995735
3362.9099059851706, 0.0002973615196233002, 2.413399799999752
3362.9099059851706, 0.0002973615196233002, 2.414204300000165
3362.9099059851706, 0.0002973615196233002, 2.4149883000000045
3362.9099059851706, 0.0002973615196233002, 2.4157565999994404
3362.9099059851706, 0.0002973615196233002, 2.4164795999995476
3362.9099059851706, 0.0002973615196233002, 2.4174997000000076
3362.9099059851706, 0.0002973615196233002, 2.418268700000226
3362.9099059851706, 0.0002973615196233002, 2.4187225999994553
3362.9099059851706, 0.0002973615196233002, 2.4192355999994106
3362.9099059851706, 0.0002973615196233002, 2.419673999999759
3362.9099059851706, 0.0002973615196233002, 2.4201671999999235
3362.9099059851706, 0.0002973615196233002, 2.4213985999995202
3362.9099059851706, 0.0002973615196233002, 2.422318699999778
3362.9099059851706, 0.0002973615196233002, 2.423075699999572
3362.9099059851706, 0.0002973615196233002, 2.4238053999997646
3362.9099059851706, 0.0002973615196233002, 2.424539399999958
3362.9099059851706, 0.00029682259496885584, 2.4253951999999117
3362.9099059851706, 0.0002973615196233002, 2.426129200000105
3362.9099059851706, 0.0002973615196233002, 2.4268424000001687
3362.9099059851706, 0.0002973615196233002, 2.4273002999998425
3362.9099059851706, 0.0002973615196233002, 2.427736900000127
3362.9099059851706, 0.0002973615196233002, 2.4283078999997088
3362.9099059851706, 0.0002973615196233002, 2.4290516999999454
3362.9099059851706, 0.0002973615196233002, 2.4295336999994106
3362.9099059851706, 0.0002973615196233002, 2.4299995999999737
3362.9099059851706, 0.0002973615196233002, 2.4307238999999754
3362.9099059851706, 0.0002973615196233002, 2.4314487000001463
3362.9099059851706, 0.0002973615196233002, 2.432267999999567
3362.9099059851706, 0.0002973615196233002, 2.432849499999975
3362.9099059851706, 0.0002973615196233002, 2.433744399999341
3362.9099059851706, 0.0002973615196233002, 2.434349199999815
3362.9099059851706, 0.0002973615196233002, 2.4350822999995216
3362.9099059851706, 0.0002973615196233002, 2.4357952000000296
3362.9099059851706, 0.0002973615196233002, 2.4364717999997083
3362.9099059851706, 0.0002973615196233002, 2.4372142000001986
3362.9099059851706, 0.0002973615196233002, 2.4379767000000356
3362.9099059851706, 0.0002973615196233002, 2.438700699999572
3362.9099059851706, 0.0002973615196233002, 2.4394273999996585
3362.9099059851706, 0.0002973615196233002, 2.440057599999818
3362.9099059851706, 0.0002973615196233002, 2.440784700000222
3362.9099059851706, 0.0002973615196233002, 2.4415140000000974
3362.9099059851706, 0.0002973615196233002, 2.442142099999728
3362.9099059851706, 0.0002973615196233002, 2.4425867999998445
3362.9099059851706, 0.0002973615196233002, 2.4430678999997326
3362.9099059851706, 0.0002973615196233002, 2.44381439999961
3362.9099059851706, 0.0002973615196233002, 2.4445637999997416
3362.9099059851706, 0.0002973615196233002, 2.4452974999994694
3362.9099059851706, 0.0002973615196233002, 2.446006000000125
3362.9099059851706, 0.0002973615196233002, 2.446444799999881
3362.9099059851706, 0.0002973615196233002, 2.4469014999995125
3362.9099059851706, 0.0002973615196233002, 2.4477250999998432
3362.9099059851706, 0.0002973615196233002, 2.4490005999996356
3362.9099059851706, 0.0002973615196233002, 2.4496853000000556
3362.9099059851706, 0.0002973615196233002, 2.4505469999994602
3362.9099059851706, 0.0002973615196233002, 2.4512753999997585
3362.9099059851706, 0.0002973615196233002, 2.4519986999994217
3362.9099059851706, 0.0002973615196233002, 2.452721499999825
3362.9099059851706, 0.0002973615196233002, 2.453162699999666
3362.9099059851706, 0.0002973615196233002, 2.453597799999443
3362.9099059851706, 0.0002973615196233002, 2.4540329999999813
3362.9099059851706, 0.0002973615196233002, 2.454475800000182
3362.9099059851706, 0.0002973615196233002, 2.4549134999997477
3362.9099059851706, 0.0002973615196233002, 2.4553476999999475
3362.9099059851706, 0.0002973615196233002, 2.4557811999993646
3362.9099059851706, 0.0002973615196233002, 2.456220299999586
3362.9099059851706, 0.0002973615196233002, 2.456656800000019
3362.9099059851706, 0.0002973615196233002, 2.457089399999859
3362.9099059851706, 0.0002973615196233002, 2.4575239999994665
3362.9099059851706, 0.0002973615196233002, 2.4579594999995606
3362.9099059851706, 0.0002973615196233002, 2.458392200000162
3362.9099059851706, 0.0002973615196233002, 2.458827599999495
3362.9099059851706, 0.0002973615196233002, 2.459268399999928
3362.9099059851706, 0.0002973615196233002, 2.459709199999452
3362.9099059851706, 0.0002973615196233002, 2.4601435999993555
3362.9099059851706, 0.0002973615196233002, 2.4605829000001904
3362.9099059851706, 0.0002973615196233002, 2.461020099999587
3362.9099059851706, 0.0002973615196233002, 2.461458899999343
3362.9099059851706, 0.0002973615196233002, 2.4618921000001137
3362.9099059851706, 0.0002973615196233002, 2.462328200000229
3362.9099059851706, 0.0002973615196233002, 2.4627605999994557
3362.9099059851706, 0.0002973615196233002, 2.4632002999996985
3362.9099059851706, 0.0002973615196233002, 2.4636357999997927
3362.9099059851706, 0.0002973615196233002, 2.4640706000000137
3362.9099059851706, 0.0002973615196233002, 2.46450619999996
3362.9099059851706, 0.0002973615196233002, 2.4649437999996735
3362.9099059851706, 0.0002973615196233002, 2.4653778000001694
3362.9099059851706, 0.0002973615196233002, 2.465812599999481
3362.9099059851706, 0.0002973615196233002, 2.466710300000159
3362.9099059851706, 0.0002973615196233002, 2.467287999999826
3362.9099059851706, 0.0002973615196233002, 2.4677565000001778
3362.9099059851706, 0.0002973615196233002, 2.468190499999764
3362.9099059851706, 0.0002973615196233002, 2.468623900000239
3362.9099059851706, 0.0002973615196233002, 2.469066199999361
3362.9099059851706, 0.0002973615196233002, 2.469500999999582
3362.9099059851706, 0.0002973615196233002, 2.4699345999997604
3362.9099059851706, 0.0002973615196233002, 2.4703663999998753
3362.9099059851706, 0.0002973615196233002, 2.4708057999996527
3362.9099059851706, 0.0002973615196233002, 2.471238999999514
3362.9099059851706, 0.0002973615196233002, 2.4716717000001154
3362.9099059851706, 0.0002973615196233002, 2.472106100000019
3362.9099059851706, 0.0002973615196233002, 2.4725438999994367
3362.9099059851706, 0.0002973615196233002, 2.4730666999994355
3362.9099059851706, 0.0002973615196233002, 2.4735077999994246
3362.9099059851706, 0.0002973615196233002, 2.4739475999995193
3362.9099059851706, 0.0002973615196233002, 2.4743909999997413
3362.9099059851706, 0.0002973615196233002, 2.4748325999998997
3362.9099059851706, 0.0002973615196233002, 2.475272799999402
3362.9099059851706, 0.0002973615196233002, 2.4757117999997718
3362.9099059851706, 0.0002973615196233002, 2.4761523999995916
3362.9099059851706, 0.0002973615196233002, 2.476589099999728
3362.9099059851706, 0.0002973615196233002, 2.4770332999996754
3362.9099059851706, 0.0002973615196233002, 2.477470599999833
3362.9099059851706, 0.0002973615196233002, 2.4779096000002028
3362.9099059851706, 0.0002973615196233002, 2.4783440999999584
3362.9099059851706, 0.0002973615196233002, 2.478780800000095
3362.9099059851706, 0.0002973615196233002, 2.4792154999995546
3362.9099059851706, 0.0002973615196233002, 2.4796525000001566
3362.9099059851706, 0.0002973615196233002, 2.480086200000187
3362.9099059851706, 0.0002973615196233002, 2.4805292999999438
3362.9099059851706, 0.0002973615196233002, 2.480967299999975
3362.9099059851706, 0.0002973615196233002, 2.4814096000000063
3362.9099059851706, 0.0002973615196233002, 2.481975099999545
3362.9099059851706, 0.0002973615196233002, 2.4824110999998084
3362.9099059851706, 0.0002973615196233002, 2.4828459999998813
3362.9099059851706, 0.0002973615196233002, 2.4833392999998978
3362.9099059851706, 0.0002973615196233002, 2.4837828999998237
3362.9099059851706, 0.0002973615196233002, 2.4842171000000235
3362.9099059851706, 0.0002973615196233002, 2.48465380000016
3362.9099059851706, 0.0002973615196233002, 2.485091900000043
3362.9099059851706, 0.0002973615196233002, 2.4855320999995456
3362.9099059851706, 0.0002973615196233002, 2.485972099999344
3362.9099059851706, 0.0002973615196233002, 2.4864079999997557
3362.9099059851706, 0.0002973615196233002, 2.486847199999829
3362.9099059851706, 0.0002973615196233002, 2.4872832000000926
3362.9099059851706, 0.0002973615196233002, 2.4877183999997214
3362.9099059851706, 0.0002973615196233002, 2.4881510999994134
3362.9099059851706, 0.0002973615196233002, 2.4885913999996774
3362.9099059851706, 0.0002973615196233002, 2.4890301999994335
3362.9099059851706, 0.0002973615196233002, 2.4894616999999926
3362.9099059851706, 0.0002973615196233002, 2.4898966999999175
3362.9099059851706, 0.0002973615196233002, 2.4903404999995473
3362.9099059851706, 0.0002973615196233002, 2.490774899999451
3362.9099059851706, 0.0002973615196233002, 2.4912100999999893
3362.9099059851706, 0.0002973615196233002, 2.491650599999957
3362.9099059851706, 0.0002973615196233002, 2.492092099999354
3362.9099059851706, 0.0002973615196233002, 2.4925302999999985
3362.9099059851706, 0.0002966615988338659, 2.492966599999818
3362.9099059851706, 0.0002973615196233002, 2.4934026000000813
3362.9099059851706, 0.0002973615196233002, 2.4938437999999223
3362.9099059851706, 0.0002973615196233002, 2.4942768000000797
3362.9099059851706, 0.0002973615196233002, 2.494713299999603
3362.9099059851706, 0.0002973615196233002, 2.4951498999998876
3362.9099059851706, 0.0002973615196233002, 2.4955851999993683
3362.9099059851706, 0.0002973615196233002, 2.4960200999994413
3362.9099059851706, 0.0002973615196233002, 2.49647079999977
3362.9099059851706, 0.0002973615196233002, 2.496909399999822
3362.9099059851706, 0.0002973615196233002, 2.4978000999999495
3362.9099059851706, 0.0002973615196233002, 2.4992989000002126
3362.9099059851706, 0.0002973615196233002, 2.500447499999609
3362.9099059851706, 0.0002973615196233002, 2.5012065000000803
3362.9099059851706, 0.0002973615196233002, 2.501822600000196
3362.9099059851706, 0.0002973615196233002, 2.5026294999997845
3362.9099059851706, 0.0002973615196233002, 2.503509600000143
3362.9099059851706, 0.0002973615196233002, 2.5040407999995296
3362.9099059851706, 0.0002973615196233002, 2.504559899999549
3362.9099059851706, 0.0002973615196233002, 2.505210499999521
3362.9099059851706, 0.0002973615196233002, 2.5060601999994105
3362.9099059851706, 0.0002973615196233002, 2.5069101999997656
3362.9099059851706, 0.0002973615196233002, 2.508310999999594
3362.9099059851706, 0.0002973615196233002, 2.5089429999998174
3362.9099059851706, 0.0002973615196233002, 2.5094127000002118
3362.9099059851706, 0.0002973615196233002, 2.509908699999869
3362.9099059851706, 0.0002973615196233002, 2.510366900000008
3362.9099059851706, 0.0002973615196233002, 2.510838899999726
3362.9099059851706, 0.0002973615196233002, 2.51129949999995
3362.9099059851706, 0.0002973615196233002, 2.5117566999997507
3362.9099059851706, 0.0002973615196233002, 2.512218299999404
3362.9099059851706, 0.0002973615196233002, 2.512681899999734
3362.9099059851706, 0.0002973615196233002, 2.5131420999996408
3362.9099059851706, 0.0002973615196233002, 2.5136007999999492
3362.9099059851706, 0.0002973615196233002, 2.514061599999877
3362.9099059851706, 0.0002973615196233002, 2.5145236999996996
3362.9099059851706, 0.0002973615196233002, 2.514985599999818
3362.9099059851706, 0.0002973615196233002, 2.5154508999994505
3362.9099059851706, 0.0002973615196233002, 2.51607950000016
3362.9099059851706, 0.0002973615196233002, 2.5169408000001567
3362.9099059851706, 0.0002973615196233002, 2.517649999999776
3362.9099059851706, 0.0002973615196233002, 2.5190081999999165
3362.9099059851706, 0.0002973615196233002, 2.519832399999359
3362.9099059851706, 0.0002973615196233002, 2.5207905999996
3362.9099059851706, 0.0002973615196233002, 2.521256500000163
3362.9099059851706, 0.0002973615196233002, 2.5217155999998795
3362.9099059851706, 0.0002973615196233002, 2.5221820999995543
3362.9099059851706, 0.0002973615196233002, 2.5226486000001387
3362.9099059851706, 0.0002973615196233002, 2.5231119999998555
3362.9099059851706, 0.0002973615196233002, 2.5235695999999734
3362.9099059851706, 0.0002973615196233002, 2.5240327999999863
3362.9099059851706, 0.0002973615196233002, 2.5244935999999143
3362.9099059851706, 0.0002973615196233002, 2.524956899999779
3362.9099059851706, 0.0002973615196233002, 2.525416999999834
3362.9099059851706, 0.0002973615196233002, 2.525877600000058
3362.9099059851706, 0.0002973615196233002, 2.526342299999669
3362.9099059851706, 0.0002973615196233002, 2.5268058000001474
3362.9099059851706, 0.0002973615196233002, 2.52726949999942
3362.9099059851706, 0.0002973615196233002, 2.5277308999993693
3362.9099059851706, 0.0002973615196233002, 2.528196299999763
3362.9099059851706, 0.0002973615196233002, 2.52865920000022
3362.9099059851706, 0.0002973615196233002, 2.5291208999997252
3362.9099059851706, 0.0002973615196233002, 2.5295883999997386
3362.9099059851706, 0.0002973615196233002, 2.530050200000005
3362.9099059851706, 0.0002973615196233002, 2.5305074999996577
3362.9099059851706, 0.0002973615196233002, 2.5309691000002204
3362.9099059851706, 0.0002973615196233002, 2.531431700000212
3362.9099059851706, 0.0002973615196233002, 2.53216859999975
3362.9099059851706, 0.0002973615196233002, 2.5333137999996325
3362.9099059851706, 0.0002973615196233002, 2.5340902999996615
3362.9099059851706, 0.0002973615196233002, 2.534665099999984
3362.9099059851706, 0.0002973615196233002, 2.5351341999994474
3362.9099059851706, 0.0002973615196233002, 2.535598200000095
3362.9099059851706, 0.0002973615196233002, 2.536059299999579
3362.9099059851706, 0.0002973615196233002, 2.5365179000000353
3362.9099059851706, 0.0002973615196233002, 2.5369818999997733
3362.9099059851706, 0.0002973615196233002, 2.5374416999993628
3362.9099059851706, 0.0002973615196233002, 2.537933699999485
3362.9099059851706, 0.0002973615196233002, 2.5384022999996887
3362.9099059851706, 0.0002973615196233002, 2.5388624999995955
3362.9099059851706, 0.0002973615196233002, 2.5393254000000525
3362.9099059851706, 0.0002973615196233002, 2.539784900000086
3362.9099059851706, 0.0002973615196233002, 2.5402444000001196
3362.9099059851706, 0.0002973615196233002, 2.54070369999954
3362.9099059851706, 0.0002973615196233002, 2.541158600000017
3362.9099059851706, 0.0002973615196233002, 2.541618700000072
3362.9099059851706, 0.0002973615196233002, 2.5420798999994076
3362.9099059851706, 0.0002973615196233002, 2.5426446999999825
3362.9099059851706, 0.0002973615196233002, 2.543123299999934
3362.9099059851706, 0.0002973615196233002, 2.5435884999997143
3362.9099059851706, 0.0002973615196233002, 2.5440592999993896
3362.9099059851706, 0.0002973615196233002, 2.5445220999999947
3362.9099059851706, 0.0002973615196233002, 2.5449856999994154
3362.9099059851706, 0.0002973615196233002, 2.545447699999386
3362.9099059851706, 0.0002973615196233002, 2.54591900000014
3362.9099059851706, 0.0002973615196233002, 2.5463653999995586
3362.9099059851706, 0.0002973615196233002, 2.546833599999445
3362.9099059851706, 0.0002973615196233002, 2.547270799999751
3362.9099059851706, 0.0002963329338966549, 2.547867899999801
3362.9099059851706, 0.0002973615196233002, 2.548579199999949
3362.9099059851706, 0.0002973615196233002, 2.549066099999436
3362.9099059851706, 0.0002973615196233002, 2.5495012000001225
3362.9099059851706, 0.0002973615196233002, 2.5500535999999556
3362.9099059851706, 0.0002973615196233002, 2.550825499999519
3362.9099059851706, 0.00029638412881655477, 2.55126939999991
3362.9099059851706, 0.0002973615196233002, 2.551735999999437
3362.9099059851706, 0.0002973615196233002, 2.5521695999996155
3362.9099059851706, 0.0002973615196233002, 2.5526080999998157
3362.9099059851706, 0.0002973615196233002, 2.5530825999994704
3362.9099059851706, 0.0002973615196233002, 2.5535179999997126
3362.9099059851706, 0.0002973615196233002, 2.5539892999995573
3362.9099059851706, 0.0002973615196233002, 2.554429099999652
3362.9099059851706, 0.0002973615196233002, 2.5549004999993485
3362.9099059851706, 0.0002973615196233002, 2.5553398000001835
3362.9099059851706, 0.0002973615196233002, 2.5558074999999008
3362.9099059851706, 0.0002973615196233002, 2.556274599999597
3362.9099059851706, 0.0002973615196233002, 2.5567365999995673
3362.9099059851706, 0.0002973615196233002, 2.5571940999998333
3362.9099059851706, 0.0002973615196233002, 2.557653400000163
3362.9099059851706, 0.0002973615196233002, 2.5581136000000697
3362.9099059851706, 0.0002973615196233002, 2.558572999999342
3362.9099059851706, 0.0002973615196233002, 2.5590323999995235
3362.9099059851706, 0.0002973615196233002, 2.5594881999995778
3362.9099059851706, 0.0002973615196233002, 2.5599536999998236
3362.9099059851706, 0.0002973615196233002, 2.5604167000001326
3362.9099059851706, 0.0002973615196233002, 2.560881299999892
3362.9099059851706, 0.0002973615196233002, 2.5613376999999673
3362.9099059851706, 0.0002973615196233002, 2.5617966999998316
3362.9099059851706, 0.0002973615196233002, 2.562255699999696
3362.9099059851706, 0.0002973615196233002, 2.562713899999835
3362.9099059851706, 0.0002973615196233002, 2.5631696999998894
3362.9099059851706, 0.0002973615196233002, 2.5636254000000918
3362.9099059851706, 0.0002973615196233002, 2.565075800000159
3362.9099059851706, 0.0002973615196233002, 2.5658660999997664
3362.9099059851706, 0.0002973615196233002, 2.566336899999442
3362.9099059851706, 0.0002973615196233002, 2.566837299999861
3362.9099059851706, 0.0002973615196233002, 2.567306899999494
3362.9099059851706, 0.0002973615196233002, 2.5678368999997474
3362.9099059851706, 0.0002973615196233002, 2.5683014999995066
3362.9099059851706, 0.0002973615196233002, 2.5687641999993502
3362.9099059851706, 0.0002973615196233002, 2.5692299000002095
3362.9099059851706, 0.0002973615196233002, 2.5696891999996296
3362.9099059851706, 0.0002973615196233002, 2.570156300000235
3362.9099059851706, 0.0002973615196233002, 2.570617599999423
3362.9099059851706, 0.0002973615196233002, 2.571081299999605
3362.9099059851706, 0.0002973615196233002, 2.571538999999575
3362.9099059851706, 0.0002973615196233002, 2.571996399999989
3362.9099059851706, 0.0002973615196233002, 2.5724583999999595
3362.9099059851706, 0.0002973615196233002, 2.5729231999994226
3362.9099059851706, 0.0002973615196233002, 2.573381799999879
3362.9099059851706, 0.0002973615196233002, 2.573840399999426
3362.9099059851706, 0.0002973615196233002, 2.574297899999692
3362.9099059851706, 0.0002973615196233002, 2.574758599999768
3362.9099059851706, 0.0002973615196233002, 2.575218899999527
3362.9099059851706, 0.0002973615196233002, 2.5756805999999415
3362.9099059851706, 0.0002973615196233002, 2.5761414999997214
3362.9099059851706, 0.00029619136137256844, 2.576586600000155
3362.9099059851706, 0.0002973615196233002, 2.577021099999911
3362.9099059851706, 0.0002973615196233002, 2.5774884000002203
3362.9099059851706, 0.0002973615196233002, 2.577926699999807
3362.9099059851706, 0.0002973615196233002, 2.578364999999394
3362.9099059851706, 0.0002973615196233002, 2.5788007999999536
3362.9099059851706, 0.0002973615196233002, 2.5792356000001746
3362.9099059851706, 0.0002973615196233002, 2.5798728999998275
3362.9099059851706, 0.0002973615196233002, 2.5806100999998307
3362.9099059851706, 0.0002973615196233002, 2.5815693999993528
3362.9099059851706, 0.0002973615196233002, 2.582305400000223
3362.9099059851706, 0.0002973615196233002, 2.58275009999943
3362.9099059851706, 0.0002973615196233002, 2.5832093999997596
3362.9099059851706, 0.0002973615196233002, 2.5836734999993496
3362.9099059851706, 0.0002973615196233002, 2.584114999999656
3362.9099059851706, 0.0002973615196233002, 2.584556299999349
3362.9099059851706, 0.0002973615196233002, 2.5850008999996135
3362.9099059851706, 0.0002973615196233002, 2.585508299999674
3362.9099059851706, 0.0002973615196233002, 2.585946299999705
3362.9099059851706, 0.0002973615196233002, 2.586386500000117
3362.9099059851706, 0.0002973615196233002, 2.5868241999996826
3362.9099059851706, 0.0002973615196233002, 2.5872588000001997
3362.9099059851706, 0.0002973615196233002, 2.5881494999994175
3362.9099059851706, 0.0002973615196233002, 2.5890193999994153
3362.9099059851706, 0.0002973615196233002, 2.58961249999993
3362.9099059851706, 0.0002973615196233002, 2.5900471999993897
3362.9099059851706, 0.0002973615196233002, 2.5904884000001402
3362.9099059851706, 0.0002973615196233002, 2.590928900000108
3362.9099059851706, 0.0002973615196233002, 2.591366900000139
3362.9099059851706, 0.0002973615196233002, 2.591802699999789
3362.9099059851706, 0.0002973615196233002, 2.5922360999993543
3362.9099059851706, 0.0002973615196233002, 2.592675599999893
3362.9099059851706, 0.0002973615196233002, 2.5931094999996276
3362.9099059851706, 0.0002973615196233002, 2.593570899999577
3362.9099059851706, 0.0002973615196233002, 2.594002400000136
3362.9099059851706, 0.0002973615196233002, 2.5944398999999976
3362.9099059851706, 0.0002973615196233002, 2.594874599999457
3362.9099059851706, 0.0002973615196233002, 2.595310900000186
3362.9099059851706, 0.0002973615196233002, 2.595895699999346
3362.9099059851706, 0.0002973615196233002, 2.596360800000184
3362.9099059851706, 0.0002973615196233002, 2.5968198999999004
3362.9099059851706, 0.0002973615196233002, 2.597277799999574
3362.9099059851706, 0.0002973615196233002, 2.5978526999997484
3362.9099059851706, 0.0002973615196233002, 2.599016600000141
3362.9099059851706, 0.0002973615196233002, 2.5994824999997945
3362.9099059851706, 0.0002973615196233002, 2.599979099999473
3362.9099059851706, 0.0002973615196233002, 2.6004348999995273
3362.9099059851706, 0.0002973615196233002, 2.6009008999999423
3362.9099059851706, 0.0002973615196233002, 2.601357999999891
3362.9099059851706, 0.0002973615196233002, 2.601824299999862
3362.9099059851706, 0.00029634679849733516, 2.602285299999494
3362.9099059851706, 0.00029634679849733516, 2.6027495999996972
3362.9099059851706, 0.0002973615196233002, 2.6032138000000486
3362.9099059851706, 0.0002973615196233002, 2.603672799999913
3362.9099059851706, 0.0002973615196233002, 2.6041321000002426
3362.9099059851706, 0.0002973615196233002, 2.604593600000044
3362.9099059851706, 0.0002973615196233002, 2.605051900000035
3362.9099059851706, 0.0002973615196233002, 2.605507399999624
3362.9099059851706, 0.0002973615196233002, 2.605976799999553
3362.9099059851706, 0.0002973615196233002, 2.6064132000001337
3362.9099059851706, 0.0002973615196233002, 2.60684719999972
3362.9099059851706, 0.0002973615196233002, 2.6072804999994332
3362.9099059851706, 0.0002973615196233002, 2.607805799999369
3362.9099059851706, 0.0002973615196233002, 2.608253700000205
3362.9099059851706, 0.0002973615196233002, 2.608696399999644
3362.9099059851706, 0.0002973615196233002, 2.6091402000001835
3362.9099059851706, 0.0002973615196233002, 2.609580299999834
3362.9099059851706, 0.0002973615196233002, 2.6100275999997393
3362.9099059851706, 0.0002973615196233002, 2.6104660000000877
3362.9099059851706, 0.0002973615196233002, 2.610902200000055
3362.9099059851706, 0.0002973615196233002, 2.6113418999993883
3362.9099059851706, 0.0002973615196233002, 2.61178419999942
3362.9099059851706, 0.0002973615196233002, 2.612221800000043
3362.9099059851706, 0.0002973615196233002, 2.612657499999841
3362.9099059851706, 0.0002973615196233002, 2.613092399999914
3362.9099059851706, 0.0002973615196233002, 2.6136366999999154
3362.9099059851706, 0.0002973615196233002, 2.614079899999524
3362.9099059851706, 0.0002973615196233002, 2.6145163999999568
3362.9099059851706, 0.0002973615196233002, 2.6149562000000515
3362.9099059851706, 0.0002973615196233002, 2.6153948999999557
3362.9099059851706, 0.0002973615196233002, 2.6158294999995633
3362.9099059851706, 0.0002973615196233002, 2.6162680999996155
3362.9099059851706, 0.00029685096467642656, 2.6167085999995834
3362.9099059851706, 0.0002973615196233002, 2.617148199999974
3362.9099059851706, 0.0002973615196233002, 2.6175820999997086
3362.9099059851706, 0.0002973615196233002, 2.618018299999676
3362.9099059851706, 0.0002973615196233002, 2.618451599999389
3362.9099059851706, 0.0002973615196233002, 2.618890300000203
3362.9099059851706, 0.0002973615196233002, 2.6193247000001065
3362.9099059851706, 0.0002973615196233002, 2.619759199999862
3362.9099059851706, 0.0002973615196233002, 2.620200599999407
3362.9099059851706, 0.0002973615196233002, 2.6206412999999884
3362.9099059851706, 0.0002973615196233002, 2.6210762000000614
3362.9099059851706, 0.0002973615196233002, 2.621544900000117
3362.9099059851706, 0.0002973615196233002, 2.6219810000002326
3362.9099059851706, 0.0002973615196233002, 2.622423699999672
3362.9099059851706, 0.0002973615196233002, 2.623134100000243
3362.9099059851706, 0.0002973615196233002, 2.6239386999995986
3362.9099059851706, 0.0002973615196233002, 2.6246575999994093
3362.9099059851706, 0.0002973615196233002, 2.625640299999759
3362.9099059851706, 0.0002973615196233002, 2.6264454000001933
3362.9099059851706, 0.00029651689600212756, 2.6269863999996232
3362.9099059851706, 0.0002973615196233002, 2.6277343000001565
3362.9099059851706, 0.0002973615196233002, 2.6288477999996758
3362.9099059851706, 0.0002973615196233002, 2.629399299999932
3362.9099059851706, 0.0002973615196233002, 2.629866999999649
3362.9099059851706, 0.0002973615196233002, 2.630640499999572
3362.9099059851706, 0.0002973615196233002, 2.631393599999683
3362.9099059851706, 0.0002973615196233002, 2.632408399999804
3362.9099059851706, 0.0002973615196233002, 2.6341938999994454
3362.9099059851706, 0.0002973615196233002, 2.634988400000111
3362.9099059851706, 0.0002971191013645998, 2.6357090999999855
3362.9099059851706, 0.0002973615196233002, 2.636438399999861
3362.9099059851706, 0.0002973615196233002, 2.6370065000000977
3362.9099059851706, 0.0002973615196233002, 2.637464999999793
3362.9099059851706, 0.0002973615196233002, 2.6379594999998517
3362.9099059851706, 0.0002973615196233002, 2.6384226999998646
3362.9099059851706, 0.0002973615196233002, 2.638887500000237
3362.9099059851706, 0.0002973615196233002, 2.63935709999987
3362.9099059851706, 0.0002973615196233002, 2.6398197999997137
3362.9099059851706, 0.0002973615196233002, 2.640295499999411
3362.9099059851706, 0.0002973615196233002, 2.64076169999953
3362.9099059851706, 0.00029653559847662623, 2.64149019999968
3362.9099059851706, 0.0002973615196233002, 2.641970499999843
3362.9099059851706, 0.0002973615196233002, 2.6424326999995174
3362.9099059851706, 0.0002973615196233002, 2.6428931999998895
3362.9099059851706, 0.0002973615196233002, 2.6433618999999453
3362.9099059851706, 0.0002973615196233002, 2.643822299999556
3362.9099059851706, 0.0002973615196233002, 2.6442818999994415
3362.9099059851706, 0.0002973615196233002, 2.6447448999997505
3362.9099059851706, 0.0002968168349776708, 2.6452148999997007
3362.9099059851706, 0.0002973615196233002, 2.6456748000000516
3362.9099059851706, 0.0002973615196233002, 2.6461359999993874
3362.9099059851706, 0.0002973615196233002, 2.6465963999999076
3362.9099059851706, 0.0002973615196233002, 2.647061599999688
3362.9099059851706, 0.0002973615196233002, 2.6475186999996367
3362.9099059851706, 0.0002973615196233002, 2.647980799999459
3362.9099059851706, 0.0002973615196233002, 2.6484394999997676
3362.9099059851706, 0.0002973615196233002, 2.648909300000014
3362.9099059851706, 0.0002973615196233002, 2.6493671999996877
3362.9099059851706, 0.0002973615196233002, 2.6498274999994464
3362.9099059851706, 0.0002973615196233002, 2.6506352999995215
3362.9099059851706, 0.0002973615196233002, 2.6514597999994294
3362.9099059851706, 0.0002973615196233002, 2.6521619999994073
3362.9099059851706, 0.0002973615196233002, 2.6526232999995045
3362.9099059851706, 0.0002973615196233002, 2.6530839999995806
3362.9099059851706, 0.0002973615196233002, 2.653548899999805
3362.9099059851706, 0.0002973615196233002, 2.654015299999628
3362.9099059851706, 0.0002973615196233002, 2.6544777999997677
3362.9099059851706, 0.0002973615196233002, 2.6549519000000146
3362.9099059851706, 0.0002973615196233002, 2.6554122999996252
3362.9099059851706, 0.0002973615196233002, 2.65587719999985
3362.9099059851706, 0.0002973615196233002, 2.6563372999999046
3362.9099059851706, 0.0002973615196233002, 2.656798699999854
3362.9099059851706, 0.0002973615196233002, 2.6575214999993477
3362.9099059851706, 0.0002973615196233002, 2.6580542000001515
3362.9099059851706, 0.0002973615196233002, 2.6588256999993973
3362.9099059851706, 0.0002973615196233002, 2.6592976000001727
3362.9099059851706, 0.0002973615196233002, 2.659756699999889
3362.9099059851706, 0.0002973615196233002, 2.6602216000001135
3362.9099059851706, 0.0002973615196233002, 2.660682199999428
3362.9099059851706, 0.0002973615196233002, 2.661141999999927
3362.9099059851706, 0.0002973615196233002, 2.66163940000024
3362.9099059851706, 0.0002973615196233002, 2.662315900000067
3362.9099059851706, 0.0002973615196233002, 2.6628129999999146
3362.9099059851706, 0.0002973615196233002, 2.663351000000148
3362.9099059851706, 0.0002973615196233002, 2.663817399999971
3362.9099059851706, 0.0002973615196233002, 2.6643146999995224
3362.9099059851706, 0.0002973615196233002, 2.664778999999726
3362.9099059851706, 0.0002973615196233002, 2.6652798999994047
3362.9099059851706, 0.0002973615196233002, 2.665757300000223
3362.9099059851706, 0.0002973615196233002, 2.6662576999997327
3362.9099059851706, 0.0002973615196233002, 2.6668222999996942
3362.9099059851706, 0.0002973615196233002, 2.667696999999862
3362.9099059851706, 0.0002973615196233002, 2.6682510999999067
3362.9099059851706, 0.0002973615196233002, 2.668718400000216
3362.9099059851706, 0.0002973615196233002, 2.6692278000000442
3362.9099059851706, 0.0002973615196233002, 2.669690499999888
3362.9099059851706, 0.0002973615196233002, 2.6701957999994193
3362.9099059851706, 0.0002973615196233002, 2.6706564999994953
3362.9099059851706, 0.0002973615196233002, 2.671156499999597
3362.9099059851706, 0.0002973615196233002, 2.67163359999995
3362.9099059851706, 0.0002973615196233002, 2.672137399999883
3362.9099059851706, 0.0002973615196233002, 2.672598399999515
3362.9099059851706, 0.0002973615196233002, 2.673402899999928
3362.9099059851706, 0.0002973615196233002, 2.67445459999999
3362.9099059851706, 0.0002973615196233002, 2.675330899999608
3362.9099059851706, 0.0002973615196233002, 2.6759956999994756
3362.9099059851706, 0.0002973615196233002, 2.6764704999995956
3362.9099059851706, 0.0002969878545613509, 2.676938799999334
3362.9099059851706, 0.0002973615196233002, 2.67740429999958
3362.9099059851706, 0.0002973615196233002, 2.6778730999994877
3362.9099059851706, 0.000296872019756946, 2.678336599999966
3362.9099059851706, 0.0002973615196233002, 2.6789036000000124
3362.9099059851706, 0.0002973615196233002, 2.679369299999962
3362.9099059851706, 0.0002973615196233002, 2.67983809999987
3362.9099059851706, 0.0002973615196233002, 2.680301999999756
3362.9099059851706, 0.0002973615196233002, 2.6807693999999174
3362.9099059851706, 0.0002973615196233002, 2.6812335999993593
3362.9099059851706, 0.0002973615196233002, 2.6816914000000907
3362.9099059851706, 0.0002973615196233002, 2.682162899999639
3362.9099059851706, 0.0002973615196233002, 2.6826265999998213
3362.9099059851706, 0.0002973615196233002, 2.683089399999517
3362.9099059851706, 0.0002973615196233002, 2.6838073999997505
3362.9099059851706, 0.0002973615196233002, 2.6844327999997404
3362.9099059851706, 0.0002973615196233002, 2.6849474000000555
3362.9099059851706, 0.0002973615196233002, 2.685407699999814
3362.9099059851706, 0.0002973615196233002, 2.685870399999658
3362.9099059851706, 0.0002973615196233002, 2.686339699999735
3362.9099059851706, 0.0002973615196233002, 2.6868022999997265
3362.9099059851706, 0.0002973615196233002, 2.687249300000076
3362.9099059851706, 0.0002973615196233002, 2.6878259999994043
3362.9099059851706, 0.0002973615196233002, 2.688381599999957
3362.9099059851706, 0.0002973615196233002, 2.6890480000001844
3362.9099059851706, 0.0002973615196233002, 2.6897288999998636
3362.9099059851706, 0.0002973615196233002, 2.690282699999443
3362.9099059851706, 0.0002973615196233002, 2.690832700000101
3362.9099059851706, 0.0002973615196233002, 2.69138490000023
3362.9099059851706, 0.0002971917045392671, 2.691933699999936
3359.2865082097455, 0.0002976822600740081, 2.6924879999996847
3359.2865082097455, 0.0002976822600740081, 2.6930373999994117
3359.2865082097455, 0.0002976822600740081, 2.693592599999647
3359.2865082097455, 0.0002976822600740081, 2.6942282999998497
3359.2865082097455, 0.0002976822600740081, 2.6948084999994535
3359.2865082097455, 0.0002976822600740081, 2.6953552999993917
3359.2865082097455, 0.0002976822600740081, 2.6959689999994225
3359.2865082097455, 0.0002976822600740081, 2.6965322999994896
3359.2865082097455, 0.0002976822600740081, 2.69708350000019
3359.2865082097455, 0.0002976822600740081, 2.6976377999999386
3359.2865082097455, 0.0002976822600740081, 2.6981888000000254
3359.2865082097455, 0.0002976822600740081, 2.6987244000001738
3359.2865082097455, 0.0002976822600740081, 2.699285300000156
3359.2865082097455, 0.0002976822600740081, 2.699899799999912
3359.2865082097455, 0.0002976822600740081, 2.70071629999984
3359.2865082097455, 0.0002976822600740081, 2.70127119999961
3359.2865082097455, 0.0002976822600740081, 2.7018272999994224
3359.2865082097455, 0.0002976822600740081, 2.7023445999993783
3359.2865082097455, 0.0002976822600740081, 2.7028990999997404
3359.2865082097455, 0.0002976822600740081, 2.7034196999993583
3359.2865082097455, 0.0002976822600740081, 2.704044199999771
3359.2865082097455, 0.0002976822600740081, 2.704558499999621
3359.2865082097455, 0.0002976822600740081, 2.705110199999581
3359.2865082097455, 0.0002976822600740081, 2.705636400000003
3359.2865082097455, 0.0002976822600740081, 2.7061917999999423
3359.2865082097455, 0.0002976822600740081, 2.7070967999998174
3359.2865082097455, 0.0002976822600740081, 2.7079020000001037
3359.2865082097455, 0.0002976822600740081, 2.708645400000023
3359.2865082097455, 0.0002976822600740081, 2.709217499999795
3359.2865082097455, 0.0002976822600740081, 2.709791999999652
3359.2865082097455, 0.0002976822600740081, 2.710332499999822
3359.2865082097455, 0.0002976822600740081, 2.710885899999994
3359.2865082097455, 0.0002976822600740081, 2.711403899999823
3359.2865082097455, 0.0002976822600740081, 2.7119568999996773
3359.2865082097455, 0.0002976822600740081, 2.7124771999997392
3359.2865082097455, 0.0002976822600740081, 2.713031199999932
3359.2865082097455, 0.0002976822600740081, 2.7135465999999724
3359.2865082097455, 0.0002976822600740081, 2.7141027999996368
3359.2865082097455, 0.0002976822600740081, 2.7146231999995507
3359.2865082097455, 0.0002976822600740081, 2.7151968999996825
3359.2865082097455, 0.0002976822600740081, 2.7157508000000234
3359.2865082097455, 0.0002976822600740081, 2.716312300000027
3359.2865082097455, 0.0002976822600740081, 2.716896099999758
3359.2865082097455, 0.0002976822600740081, 2.717442499999379
3359.2865082097455, 0.0002976822600740081, 2.718001600000207
3359.2865082097455, 0.0002976822600740081, 2.7185524999995323
3359.2865082097455, 0.0002976822600740081, 2.719101900000169
3359.2865082097455, 0.0002976822600740081, 2.7196505000001707
3359.2865082097455, 0.0002976822600740081, 2.720203799999581
3359.2865082097455, 0.0002976822600740081, 2.720750699999371
3359.2865082097455, 0.0002976822600740081, 2.7212946999998167
3359.2865082097455, 0.0002976822600740081, 2.721850099999756
3359.2865082097455, 0.0002976822600740081, 2.7223973999998634
3359.2865082097455, 0.0002976822600740081, 2.722944799999823
3359.2865082097455, 0.0002976822600740081, 2.72348939999938
3359.2865082097455, 0.0002976822600740081, 2.7240418999999747
3359.2865082097455, 0.0002976822600740081, 2.7245867999999973
3359.2865082097455, 0.0002976822600740081, 2.7251393999995344
3359.2865082097455, 0.0002976822600740081, 2.72568659999979
3359.2865082097455, 0.0002976822600740081, 2.7262323999993896
3359.2865082097455, 0.0002976822600740081, 2.7267572999999174
3359.2865082097455, 0.0002976822600740081, 2.7272781000001487
3359.2865082097455, 0.0002976822600740081, 2.7278068999994503
3359.2865082097455, 0.0002976822600740081, 2.7283253999994486
3359.2865082097455, 0.0002976822600740081, 2.7288447999999335
3359.2865082097455, 0.0002976822600740081, 2.729364899999382
3359.2865082097455, 0.0002976822600740081, 2.7298890000001848
3359.2865082097455, 0.0002976822600740081, 2.73040839999976
3359.2865082097455, 0.0002976822600740081, 2.730926499999441
3359.2865082097455, 0.0002976822600740081, 2.731451799999377
3359.2865082097455, 0.0002976822600740081, 2.7319707999995444
3359.2865082097455, 0.0002976822600740081, 2.732489099999839
3359.2865082097455, 0.0002976822600740081, 2.7330055000002176
3359.2865082097455, 0.0002976822600740081, 2.7337916999995286
3359.2865082097455, 0.0002976822600740081, 2.7346980000002077
3359.2865082097455, 0.0002976822600740081, 2.7356009999994058
3359.2865082097455, 0.0002976822600740081, 2.736510400000043
3359.2865082097455, 0.0002976822600740081, 2.737415699999474
3359.2865082097455, 0.0002976822600740081, 2.7380457999997816
3359.2865082097455, 0.0002967782669730951, 2.738566699999865
3359.2865082097455, 0.0002976822600740081, 2.7390881000001173
3359.2865082097455, 0.0002976822600740081, 2.739611799999693
3359.2865082097455, 0.0002976822600740081, 2.7402335999995557
3359.2865082097455, 0.0002976822600740081, 2.74075189999985
3359.2865082097455, 0.0002976822600740081, 2.741274799999701
3359.2865082097455, 0.0002976822600740081, 2.7417985000001863
3359.2865082097455, 0.0002976822600740081, 2.7423173999995925
3359.2865082097455, 0.0002976822600740081, 2.742838999999549
3359.2865082097455, 0.00029749402852137085, 2.7433609999998225
3359.2865082097455, 0.0002976822600740081, 2.7438806000000113
3359.2865082097455, 0.0002976822600740081, 2.7444049999994604
3359.2865082097455, 0.0002976822600740081, 2.744926499999565
3359.2865082097455, 0.0002976822600740081, 2.7454446000001553
3359.2865082097455, 0.0002976822600740081, 2.745959899999434
3359.2865082097455, 0.0002976822600740081, 2.7464804999999615
3359.2865082097455, 0.0002976822600740081, 2.7470014000000447
3359.2865082097455, 0.0002976822600740081, 2.74751920000017
3359.2865082097455, 0.0002976822600740081, 2.748037999999724
3359.2865082097455, 0.0002976822600740081, 2.74863809999988
3359.2865082097455, 0.0002976822600740081, 2.7491605999994135
3359.2865082097455, 0.0002976822600740081, 2.7496784999993906
3359.2865082097455, 0.0002976822600740081, 2.7501953999999387
3359.2865082097455, 0.0002976822600740081, 2.7512219999998706
3359.2865082097455, 0.0002967027631337832, 2.751746199999616
3359.2865082097455, 0.0002976822600740081, 2.7522687999999107
3359.2865082097455, 0.0002976822600740081, 2.752887099999498
3359.2865082097455, 0.0002976822600740081, 2.753502099999423
3359.2865082097455, 0.0002976822600740081, 2.7540291999994224
3359.2865082097455, 0.0002976822600740081, 2.754559899999549
3359.2865082097455, 0.00029660516784735626, 2.7550962999994226
3359.2865082097455, 0.0002976822600740081, 2.755620999999337
3359.2865082097455, 0.0002976822600740081, 2.756145999999717
3359.2865082097455, 0.0002976822600740081, 2.75667169999997
3359.2865082097455, 0.0002976822600740081, 2.7571971999996094
3359.2865082097455, 0.0002976822600740081, 2.7577236999995876
3354.1465744173734, 0.0002981384318822452, 2.7582445999996708
3354.1465744173734, 0.0002981384318822452, 2.759223999999449
3354.1465744173734, 0.0002981384318822452, 2.7597482999999556
3354.1465744173734, 0.0002981384318822452, 2.760269100000187
3354.1465744173734, 0.0002981384318822452, 2.760857600000236
3354.1465744173734, 0.0002981384318822452, 2.761381100000108
3354.1465744173734, 0.0002981384318822452, 2.7619004999996832
3354.1465744173734, 0.0002981384318822452, 2.7624237999998513
3354.1465744173734, 0.0002981384318822452, 2.7629454999996597
3354.1465744173734, 0.0002981384318822452, 2.763467899999341
3354.1465744173734, 0.0002981384318822452, 2.7639908000001014
3354.1465744173734, 0.0002981384318822452, 2.764513999999508
3354.1465744173734, 0.0002981384318822452, 2.7650426000000152
3354.1465744173734, 0.0002981384318822452, 2.765562999999929
3354.1465744173734, 0.0002981384318822452, 2.766083200000139
3354.1465744173734, 0.0002981384318822452, 2.766608500000075
3354.1465744173734, 0.0002981384318822452, 2.7671276999999463
3354.1465744173734, 0.0002981384318822452, 2.767647399999987
3354.1465744173734, 0.0002981384318822452, 2.76816559999952
3354.1465744173734, 0.0002981384318822452, 2.7688696999994136
3354.1465744173734, 0.0002980111741681104, 2.7693929999995817
3354.1465744173734, 0.0002981384318822452, 2.769912099999601
3354.1465744173734, 0.0002981384318822452, 2.7704398999994737
3354.1465744173734, 0.00029721085133048306, 2.771065500000077
3354.1465744173734, 0.0002981384318822452, 2.771586699999716
3354.1465744173734, 0.0002981384318822452, 2.7721076999996512
3354.1465744173734, 0.0002981384318822452, 2.77263049999965
3354.1465744173734, 0.0002981384318822452, 2.773149999999987
3354.1465744173734, 0.0002981384318822452, 2.7736700999994355
3354.1465744173734, 0.0002981384318822452, 2.7741949999999633
3354.1465744173734, 0.0002981384318822452, 2.774715099999412
3354.1465744173734, 0.0002981384318822452, 2.7752347999994527
3354.1465744173734, 0.0002981384318822452, 2.77575220000017
3354.1465744173734, 0.0002981384318822452, 2.7762779999993654
3354.1465744173734, 0.0002981384318822452, 2.776796999999533
3354.1465744173734, 0.0002981384318822452, 2.7773145000001023
3354.1465744173734, 0.0002981384318822452, 2.777834999999868
3354.1465744173734, 0.0002981384318822452, 2.778354600000057
3354.1465744173734, 0.0002981384318822452, 2.7789566999999806
3354.1465744173734, 0.0002981384318822452, 2.7794843000001492
3354.1465744173734, 0.0002981384318822452, 2.7800055999996403
3354.1465744173734, 0.0002981384318822452, 2.780522799999744
3354.1465744173734, 0.0002981384318822452, 2.7811436000001777
3354.1465744173734, 0.0002981384318822452, 2.7816699999993943
3354.1465744173734, 0.0002981384318822452, 2.782194599999457
3354.1465744173734, 0.0002981384318822452, 2.782715299999836
3354.1465744173734, 0.0002981384318822452, 2.7832362999997713
3354.1465744173734, 0.0002981384318822452, 2.7837541999997484
3354.1465744173734, 0.0002981384318822452, 2.7842736000002333
3354.1465744173734, 0.0002981384318822452, 2.7847932999993645
3354.1465744173734, 0.0002981384318822452, 2.7853134999995746
3354.1465744173734, 0.0002981384318822452, 2.7858298999999533
3354.1465744173734, 0.0002981384318822452, 2.786352899999656
3354.1465744173734, 0.0002981384318822452, 2.7868766999999934
3354.1465744173734, 0.0002981384318822452, 2.7873970000000554
3354.1465744173734, 0.0002981384318822452, 2.7879148000001805
3354.1465744173734, 0.0002981384318822452, 2.7884362999993755
3354.1465744173734, 0.0002981384318822452, 2.7890717000000222
3354.1465744173734, 0.0002981384318822452, 2.7895905999994284
3354.1465744173734, 0.0002981384318822452, 2.790109499999744
3354.1465744173734, 0.0002981384318822452, 2.790632199999891
3354.1465744173734, 0.0002981384318822452, 2.7912360000000263
3354.1465744173734, 0.0002981384318822452, 2.79175639999994
3354.1465744173734, 0.0002981384318822452, 2.7922781999996005
3354.1465744173734, 0.0002981384318822452, 2.7928012000002127
3354.1465744173734, 0.0002981384318822452, 2.793317799999386
3354.1465744173734, 0.0002981384318822452, 2.7938390999997864
3354.1465744173734, 0.0002981384318822452, 2.7943616000002294
3354.1465744173734, 0.0002981384318822452, 2.794879399999445
3354.1465744173734, 0.0002981384318822452, 2.795397099999718
3354.1465744173734, 0.0002981384318822452, 2.7959194999993997
3354.1465744173734, 0.0002981384318822452, 2.7964361999993343
3354.1465744173734, 0.0002981384318822452, 2.796954700000242
3354.1465744173734, 0.0002981384318822452, 2.797472799999923
3354.1465744173734, 0.0002981384318822452, 2.797996299999795
3354.1465744173734, 0.0002981384318822452, 2.798519299999498
3354.1465744173734, 0.0002981384318822452, 2.799141899999995
3354.1465744173734, 0.0002981384318822452, 2.799663199999486
3354.1465744173734, 0.0002981384318822452, 2.800182500000119
3354.1465744173734, 0.0002981384318822452, 2.800701499999377
3354.1465744173734, 0.0002981384318822452, 2.80132439999943
3354.1465744173734, 0.0002981384318822452, 2.801846299999852
3354.1465744173734, 0.0002981384318822452, 2.8023659999998927
3354.1465744173734, 0.0002981384318822452, 2.8028839999997217
3354.1465744173734, 0.0002981384318822452, 2.803405599999678
3354.1465744173734, 0.0002981384318822452, 2.8039233999998032
3354.1465744173734, 0.0002981384318822452, 2.804439999999886
3354.1465744173734, 0.0002981384318822452, 2.8049606999993557
3354.1465744173734, 0.0002981384318822452, 2.805484499999693
3354.1465744173734, 0.0002981384318822452, 2.806004899999607
3354.1465744173734, 0.0002981384318822452, 2.806524499999796
3354.1465744173734, 0.0002981384318822452, 2.807045599999583
3354.1465744173734, 0.0002981384318822452, 2.8075668999999834
3354.1465744173734, 0.0002981384318822452, 2.8080854999998337
3354.1465744173734, 0.0002981384318822452, 2.8086278999999195
3354.1465744173734, 0.0002981384318822452, 2.8095726999999897
3354.1465744173734, 0.0002981384318822452, 2.810514499999954
3354.1465744173734, 0.0002981384318822452, 2.811488399999689
3354.1465744173734, 0.0002981384318822452, 2.8120208000000275
3354.1465744173734, 0.0002981384318822452, 2.8125427999993917
3354.1465744173734, 0.0002981384318822452, 2.813063399999919
3354.1465744173734, 0.0002981384318822452, 2.8135833999995157
3354.1465744173734, 0.0002981384318822452, 2.8141092999994726
3354.1465744173734, 0.00029675127894781357, 2.814632200000233
3354.1465744173734, 0.0002981384318822452, 2.815153999999893
3354.1465744173734, 0.0002981384318822452, 2.8156761000000188
3354.1465744173734, 0.0002981384318822452, 2.8161964000000808
3354.1465744173734, 0.0002981384318822452, 2.816714900000079
3354.1465744173734, 0.0002981384318822452, 2.817232100000183
3354.1465744173734, 0.0002981384318822452, 2.817753299999822
3354.1465744173734, 0.0002981384318822452, 2.818271399999503
3354.1465744173734, 0.0002981384318822452, 2.8187879999995857
3354.1465744173734, 0.0002981384318822452, 2.8193639999999505
3354.1465744173734, 0.0002981384318822452, 2.8199305999996795
3354.1465744173734, 0.0002981384318822452, 2.8204482000001008
3354.1465744173734, 0.0002981384318822452, 2.820964300000014
3354.1465744173734, 0.0002981384318822452, 2.8215659999996205
3354.1465744173734, 0.0002981384318822452, 2.822084399999767
3354.1465744173734, 0.0002981384318822452, 2.8226064000000406
3354.1465744173734, 0.0002981384318822452, 2.8231305999997858
3354.1465744173734, 0.00029758192645878886, 2.823656200000187
3354.1465744173734, 0.00029777990499390476, 2.8242499999996653
3354.1465744173734, 0.0002981384318822452, 2.824784499999623
3354.1465744173734, 0.0002981384318822452, 2.8253107999998974
3354.1465744173734, 0.0002981384318822452, 2.825836199999685
3354.1465744173734, 0.0002981384318822452, 2.826364999999896
3354.1465744173734, 0.0002981384318822452, 2.8268913000001703
3354.1465744173734, 0.0002981384318822452, 2.8274218999995355
3354.1465744173734, 0.00029750322783615827, 2.8279474000000846
3354.1465744173734, 0.0002981384318822452, 2.8284686999995756
3354.1465744173734, 0.0002981384318822452, 2.8289865999995527
3354.1465744173734, 0.0002981384318822452, 2.8295283999996172
3354.1465744173734, 0.0002981384318822452, 2.8305505999996967
3354.1465744173734, 0.0002981384318822452, 2.8314197999998214
3354.1465744173734, 0.0002981384318822452, 2.832043800000065
3354.1465744173734, 0.0002981384318822452, 2.83256209999945
3354.1465744173734, 0.0002981384318822452, 2.8330894000000626
3354.1465744173734, 0.0002981384318822452, 2.833608500000082
3354.1465744173734, 0.0002981384318822452, 2.834125800000038
3354.1465744173734, 0.0002981384318822452, 2.834643899999719
3354.1465744173734, 0.0002981384318822452, 2.835164099999929
3354.1465744173734, 0.0002981384318822452, 2.8356859999994413
3354.1465744173734, 0.0002981384318822452, 2.8362029999998413
3354.1465744173734, 0.0002981384318822452, 2.8367248999993535
3354.1465744173734, 0.0002981384318822452, 2.837246299999606
3354.1465744173734, 0.0002981384318822452, 2.8377644000001965
3354.1465744173734, 0.0002981384318822452, 2.838287099999434
3354.1465744173734, 0.0002981384318822452, 2.838809599999877
3354.1465744173734, 0.0002981384318822452, 2.8393270999995366
3354.1465744173734, 0.0002981384318822452, 2.8399271999996927
3354.1465744173734, 0.0002981384318822452, 2.840446399999564
3354.1465744173734, 0.0002981384318822452, 2.8409653999997317
3354.1465744173734, 0.0002981384318822452, 2.8414907999995194
3354.1465744173734, 0.0002981384318822452, 2.8421168999993824
3354.1465744173734, 0.0002981384318822452, 2.8426368999998886
3354.1465744173734, 0.0002979233207978769, 2.843155499999739
3354.1465744173734, 0.0002981384318822452, 2.8436744000000544
3354.1465744173734, 0.0002981384318822452, 2.8441924999997354
3354.1465744173734, 0.0002981384318822452, 2.844711300000199
3354.1465744173734, 0.0002981384318822452, 2.8452300999997533
3354.1465744173734, 0.0002981384318822452, 2.84575009999935
3354.1465744173734, 0.0002981384318822452, 2.846267199999602
3354.1465744173734, 0.0002981384318822452, 2.846785099999579
3354.1465744173734, 0.0002981384318822452, 2.847305999999662
3354.1465744173734, 0.0002981384318822452, 2.847823000000062
3354.1465744173734, 0.0002981384318822452, 2.848340200000166
3354.1465744173734, 0.0002981384318822452, 2.848856099999466
3354.1465744173734, 0.0002981384318822452, 2.8493773999998666
3354.1465744173734, 0.0002981384318822452, 2.8499463999996806
3354.1465744173734, 0.0002981384318822452, 2.850519699999495
3354.1465744173734, 0.0002981384318822452, 2.8510405999995783
3354.1465744173734, 0.0002981384318822452, 2.851557099999809
3354.1465744173734, 0.0002981384318822452, 2.8521556999994573
3354.1465744173734, 0.0002981384318822452, 2.852675299999646
3354.1465744173734, 0.0002981384318822452, 2.8531959000001734
3354.1465744173734, 0.0002981384318822452, 2.853715100000045
3354.1465744173734, 0.0002981384318822452, 2.8542311999999583
3354.1465744173734, 0.0002981384318822452, 2.854750999999851
3354.1465744173734, 0.0002981384318822452, 2.8552671999996164
3354.1465744173734, 0.0002981384318822452, 2.855783999999403
3354.1465744173734, 0.0002981384318822452, 2.856303200000184
3354.1465744173734, 0.0002981384318822452, 2.856819099999484
3354.1465744173734, 0.0002981384318822452, 2.85733909999999
3354.1465744173734, 0.00029728204228266023, 2.85785979999946
3354.1465744173734, 0.0002981384318822452, 2.858380099999522
3354.1465744173734, 0.0002981384318822452, 2.8589019000000917
3354.1465744173734, 0.0002981384318822452, 2.8594201999994766
3354.1465744173734, 0.0002981384318822452, 2.859941300000173
3354.1465744173734, 0.0002981384318822452, 2.860563700000057
3354.1465744173734, 0.0002981384318822452, 2.8610800999995263
3354.1465744173734, 0.0002981384318822452, 2.861595999999736
3354.1465744173734, 0.0002981384318822452, 2.862116799999967
3354.1465744173734, 0.0002981384318822452, 2.8627349999997023
3354.1465744173734, 0.0002981384318822452, 2.8632502999998906
3354.1465744173734, 0.0002981384318822452, 2.8637707999996564
3354.1465744173734, 0.0002981384318822452, 2.8642911999995704
3354.1465744173734, 0.0002981384318822452, 2.8648065999996106
3354.1465744173734, 0.0002981384318822452, 2.8653267999998207
3354.1465744173734, 0.0002981384318822452, 2.8658472999995865
3354.1465744173734, 0.0002981384318822452, 2.866368899999543
3354.1465744173734, 0.0002981384318822452, 2.8668902999997954
3354.1465744173734, 0.0002981384318822452, 2.8674119999996037
3354.1465744173734, 0.0002981384318822452, 2.8679292999995596
3354.1465744173734, 0.0002981384318822452, 2.8684434999995574
3354.1465744173734, 0.0002981384318822452, 2.8689642999997886
3354.1465744173734, 0.0002981384318822452, 2.86948029999985
3354.1465744173734, 0.0002981384318822452, 2.869999900000039
3354.1465744173734, 0.0002981384318822452, 2.87064349999946
3354.1465744173734, 0.0002981384318822452, 2.8711701000001995
3354.1465744173734, 0.0002981384318822452, 2.8716874000001553
3354.1465744173734, 0.0002981384318822452, 2.872206600000027
3354.1465744173734, 0.0002981384318822452, 2.872830100000101
3354.1465744173734, 0.0002981384318822452, 2.8733510000001843
3354.1465744173734, 0.0002981384318822452, 2.873871899999358
3354.1465744173734, 0.0002981384318822452, 2.874389799999335
3354.1465744173734, 0.0002981384318822452, 2.874915499999588
3354.1465744173734, 0.0002981384318822452, 2.87543259999984
3354.1465744173734, 0.0002981384318822452, 2.8759488999994574
3354.1465744173734, 0.0002981384318822452, 2.876465199999984
3354.1465744173734, 0.0002981384318822452, 2.876984999999877
3354.1465744173734, 0.0002981384318822452, 2.877500599999621
3354.1465744173734, 0.0002981384318822452, 2.878017099999852
3354.1465744173734, 0.0002981384318822452, 2.87853720000021
3354.1465744173734, 0.0002981384318822452, 2.879052899999806
3354.1465744173734, 0.0002981384318822452, 2.879570799999783
3354.1465744173734, 0.0002981384318822452, 2.8800870999994004
3354.1465744173734, 0.0002981384318822452, 2.880685999999514
3354.1465744173734, 0.0002981384318822452, 2.881207700000232
3354.1465744173734, 0.0002981384318822452, 2.8817302999996173
3354.1465744173734, 0.0002981384318822452, 2.882254699999976
3354.1465744173734, 0.0002981384318822452, 2.882875299999796
3354.1465744173734, 0.0002981384318822452, 2.883390699999836
3354.1465744173734, 0.0002981384318822452, 2.883907399999771
3354.1465744173734, 0.0002981384318822452, 2.8844267999993463
3354.1465744173734, 0.0002981384318822452, 2.8849436000000424
3354.1465744173734, 0.0002981384318822452, 2.8854624999994485
3354.1465744173734, 0.0002981384318822452, 2.885977599999933
3354.1465744173734, 0.0002981384318822452, 2.8865003000000797
3354.1465744173734, 0.0002981384318822452, 2.8870177999997395
3354.1465744173734, 0.0002981384318822452, 2.887538500000119
3354.1465744173734, 0.0002981384318822452, 2.8880585999995674
3354.1465744173734, 0.0002981384318822452, 2.888575099999798
3354.1465744173734, 0.0002981384318822452, 2.8890905999996903
3354.1465744173734, 0.0002981384318822452, 2.88960969999971
3354.1465744173734, 0.0002981384318822452, 2.8901280000000042
3354.1465744173734, 0.0002981384318822452, 2.8906490999997914
3354.1465744173734, 0.0002981384318822452, 2.8914515999995274
3354.1465744173734, 0.0002981384318822452, 2.8919787999993787
3354.1465744173734, 0.0002981384318822452, 2.8924981000000116
3354.1465744173734, 0.0002981384318822452, 2.893244799999593
3354.1465744173734, 0.0002981384318822452, 2.893852999999581
3354.1465744173734, 0.0002981384318822452, 2.8943727999994735
3354.1465744173734, 0.0002981384318822452, 2.894976399999905
3354.1465744173734, 0.0002981384318822452, 2.8955043999994814
3354.1465744173734, 0.0002981384318822452, 2.8960329000001366
3354.1465744173734, 0.0002981384318822452, 2.8965590999996493
3354.1465744173734, 0.0002981384318822452, 2.897081099999923
3354.1465744173734, 0.0002981384318822452, 2.897607799999605
3354.1465744173734, 0.0002981384318822452, 2.898128299999371
3354.1465744173734, 0.0002981384318822452, 2.8986494000000675
3354.1465744173734, 0.0002981384318822452, 2.8991668999997273
3354.1465744173734, 0.0002981384318822452, 2.8996932999998535
3354.1465744173734, 0.0002981384318822452, 2.900217200000043
3354.1465744173734, 0.0002981384318822452, 2.9007372999994914
3354.1465744173734, 0.0002981384318822452, 2.901341599999796
3354.1465744173734, 0.0002981384318822452, 2.9018602999994982
3354.1465744173734, 0.0002981384318822452, 2.9023839000001317
3354.1465744173734, 0.0002981384318822452, 2.9029036000001724
3354.1465744173734, 0.0002981384318822452, 2.903531699999803
3354.1465744173734, 0.0002981384318822452, 2.90405120000014
3354.1465744173734, 0.0002981384318822452, 2.9045697000001383
3354.1465744173734, 0.0002981384318822452, 2.905092899999545
3354.1465744173734, 0.0002981384318822452, 2.905609800000093
3354.1465744173734, 0.0002981384318822452, 2.9061299999993935
3354.1465744173734, 0.0002981384318822452, 2.906648700000005
3354.1465744173734, 0.0002981384318822452, 2.90717179999956
3354.1465744173734, 0.0002981384318822452, 2.907694200000151
3354.1465744173734, 0.0002981384318822452, 2.9082102000002124
3354.1465744173734, 0.0002981384318822452, 2.9087328999994497
3354.1465744173734, 0.0002981384318822452, 2.909252800000104
3354.1465744173734, 0.0002981384318822452, 2.9097703999996156
3354.1465744173734, 0.0002981384318822452, 2.910294100000101
3354.1465744173734, 0.0002981384318822452, 2.9108133999998245
3354.1465744173734, 0.0002981384318822452, 2.9114457999994556
3354.1465744173734, 0.0002981384318822452, 2.911969300000237
3354.1465744173734, 0.0002981384318822452, 2.9124934000001304
3354.1465744173734, 0.0002981384318822452, 2.9130143000002136
3354.1465744173734, 0.0002981384318822452, 2.91363629999978
3354.1465744173734, 0.0002981384318822452, 2.9141576000001805
3354.1465744173734, 0.0002981384318822452, 2.9146749000001364
3354.1465744173734, 0.0002981384318822452, 2.915195599999606
3354.1465744173734, 0.0002981384318822452, 2.915715499999351
3354.1465744173734, 0.0002981384318822452, 2.916232699999455
3354.1465744173734, 0.0002981384318822452, 2.9167490999998336
3354.1465744173734, 0.0002981384318822452, 2.9172663999997894
3354.1465744173734, 0.0002981384318822452, 2.9177868999995553
3354.1465744173734, 0.0002981384318822452, 2.9183038999999553
3354.1465744173734, 0.0002981384318822452, 2.918820899999446
3354.1465744173734, 0.0002981384318822452, 2.9193656999996165
3354.1465744173734, 0.0002981384318822452, 2.9200558000002275
3354.1465744173734, 0.0002981384318822452, 2.9205739999997604
3354.1465744173734, 0.0002981384318822452, 2.921095599999717
3354.1465744173734, 0.0002981384318822452, 2.9217209999997067
3354.1465744173734, 0.0002981384318822452, 2.92223869999998
3354.1465744173734, 0.0002981384318822452, 2.9227553999999145
3354.1465744173734, 0.0002981384318822452, 2.9232764999997016
3354.1465744173734, 0.0002981384318822452, 2.9239024999997127
3354.1465744173734, 0.0002981384318822452, 2.924420999999711
3354.1465744173734, 0.0002981384318822452, 2.924942900000133
3354.1465744173734, 0.0002981384318822452, 2.9254651999999624
3354.1465744173734, 0.0002981384318822452, 2.925985299999411
3354.1465744173734, 0.0002981384318822452, 2.926502499999515
3354.1465744173734, 0.0002981384318822452, 2.927020199999788
3354.1465744173734, 0.0002981384318822452, 2.92754049999985
3354.1465744173734, 0.0002981384318822452, 2.928058399999827
3354.1465744173734, 0.0002981384318822452, 2.9285767999999734
3354.1465744173734, 0.0002981384318822452, 2.929101499999888
3354.1465744173734, 0.0002981384318822452, 2.929619999999886
3354.1465744173734, 0.0002981384318822452, 2.93013719999999
3354.1465744173734, 0.0002981384318822452, 2.9306587000000945
3354.1465744173734, 0.0002981384318822452, 2.9311738999995214
3354.1465744173734, 0.0002981384318822452, 2.9318923000000723
3354.1465744173734, 0.0002981384318822452, 2.9327948999998625
3354.1465744173734, 0.0002981384318822452, 2.9337658999993437
3354.1465744173734, 0.0002981384318822452, 2.93428429999949
3354.1465744173734, 0.0002981384318822452, 2.9348062999997637
3354.1465744173734, 0.0002981384318822452, 2.93533269999989
3354.1465744173734, 0.00029682290074204456, 2.935855900000206
3354.1465744173734, 0.0002981384318822452, 2.936374099999739
3354.1465744173734, 0.0002981384318822452, 2.936895299999378
3354.1465744173734, 0.0002976223399742274, 2.9374173999995037
3354.1465744173734, 0.0002981384318822452, 2.9379361999999674
3354.1465744173734, 0.0002981384318822452, 2.9384542999996484
3354.1465744173734, 0.0002981384318822452, 2.93897939999988
3354.1465744173734, 0.0002978924684941803, 2.939497499999561
3354.1465744173734, 0.0002981384318822452, 2.9400181000000885
3354.1465744173734, 0.0002981384318822452, 2.940538199999537
3354.1465744173734, 0.0002981384318822452, 2.9410624000001917
3354.1465744173734, 0.0002981384318822452, 2.9415824999996403
3354.1465744173734, 0.0002981384318822452, 2.9421803999994154
3354.1465744173734, 0.0002981384318822452, 2.9426997000000483
3354.1465744173734, 0.0002981384318822452, 2.94321889999992
3354.1465744173734, 0.0002981384318822452, 2.943831300000056
3354.1465744173734, 0.0002981384318822452, 2.9443640999998024
3354.1465744173734, 0.0002981384318822452, 2.9448875999996744
3354.1465744173734, 0.0002981384318822452, 2.945405999999821
3354.1465744173734, 0.0002981384318822452, 2.945929399999841
3354.1465744173734, 0.0002981384318822452, 2.946452600000157
3354.1465744173734, 0.0002981384318822452, 2.9469742000001133
3354.1465744173734, 0.0002981384318822452, 2.947490800000196
3354.1465744173734, 0.0002981384318822452, 2.9480110999993485
3354.1465744173734, 0.0002981384318822452, 2.9485318999995798
3354.1465744173734, 0.0002981384318822452, 2.9490521999996417
3354.1465744173734, 0.0002981384318822452, 2.949570199999471
3354.1465744173734, 0.0002981384318822452, 2.9500923999994484
3354.1465744173734, 0.0002981384318822452, 2.9506130999998277
3354.1465744173734, 0.0002981384318822452, 2.951128400000016
3354.1465744173734, 0.0002981384318822452, 2.9516537999998036
3354.1465744173734, 0.0002981384318822452, 2.9525355999994645
3354.1465744173734, 0.0002981384318822452, 2.9532854999997653
3354.1465744173734, 0.0002974348532954337, 2.9538434999994934
3354.1465744173734, 0.0002981384318822452, 2.954366299999492
3354.1465744173734, 0.0002981384318822452, 2.954957199999626
3354.1465744173734, 0.0002981384318822452, 2.9555866000000606
3354.1465744173734, 0.0002981384318822452, 2.9561871999994764
3354.1465744173734, 0.0002981384318822452, 2.956743199999437
3354.1465744173734, 0.0002981384318822452, 2.9572612000001754
3354.1465744173734, 0.0002981384318822452, 2.957815499999924
3354.1465744173734, 0.0002981384318822452, 2.958338499999627
3354.1465744173734, 0.0002981384318822452, 2.95889249999982
3354.1465744173734, 0.0002981384318822452, 2.9594468999994206
3354.1465744173734, 0.0002981384318822452, 2.9599688999996943
3354.1465744173734, 0.0002981384318822452, 2.960519799999929
3354.1465744173734, 0.0002981384318822452, 2.961037799999758
3354.1465744173734, 0.0002981384318822452, 2.9615901999995913
3354.1465744173734, 0.0002981384318822452, 2.962110699999357
3354.1465744173734, 0.0002981384318822452, 2.962698399999681
3354.1465744173734, 0.0002981384318822452, 2.963227000000188
3354.1465744173734, 0.0002981384318822452, 2.9637838999997257
3354.1465744173734, 0.0002981384318822452, 2.9643036999996184
3354.1465744173734, 0.0002981384318822452, 2.964890899999773
3354.1465744173734, 0.0002981384318822452, 2.9654444999996485
3354.1465744173734, 0.0002981384318822452, 2.965966699999626
3354.1465744173734, 0.0002981384318822452, 2.9667602999998053
3354.1465744173734, 0.0002981384318822452, 2.9674457000000984
3354.1465744173734, 0.0002981384318822452, 2.968110599999818
3354.1465744173734, 0.0002981384318822452, 2.9686750999999276
3354.1465744173734, 0.0002981384318822452, 2.9692048999995677
3354.1465744173734, 0.00029685767748162487, 2.9697691000001214
3354.1465744173734, 0.0002981384318822452, 2.9702971999995498
3354.1465744173734, 0.0002981384318822452, 2.970868999999766
3354.1465744173734, 0.0002981384318822452, 2.9714255999997476
3354.1465744173734, 0.0002981384318822452, 2.9719515999995565
3354.1465744173734, 0.0002981384318822452, 2.9725398999999015
3354.1465744173734, 0.0002981384318822452, 2.9730610999995406
3354.1465744173734, 0.0002981384318822452, 2.9736229000000094
3354.1465744173734, 0.00029791876542274243, 2.974145999999564
3354.1465744173734, 0.0002981384318822452, 2.97473379999974
3354.1465744173734, 0.0002981384318822452, 2.9752512999993996
3354.1465744173734, 0.0002981384318822452, 2.9758163999995304
3354.1465744173734, 0.0002981384318822452, 2.9763363000001846
3354.1465744173734, 0.0002981384318822452, 2.9768942999999126
3354.1465744173734, 0.0002981384318822452, 2.9774544000001697
3354.1465744173734, 0.0002981384318822452, 2.977973799999745
3354.1465744173734, 0.0002981384318822452, 2.9785267999995995
3354.1465744173734, 0.0002981384318822452, 2.97904490000019
3354.1465744173734, 0.0002981384318822452, 2.9796019999994314
3354.1465744173734, 0.0002981384318822452, 2.9801220999997895
3354.1465744173734, 0.0002981384318822452, 2.980680499999835
3354.1465744173734, 0.0002981384318822452, 2.981205399999453
3354.1465744173734, 0.0002981384318822452, 2.981764999999541
3354.1465744173734, 0.0002981384318822452, 2.982284499999878
3354.1465744173734, 0.0002981384318822452, 2.982870400000138
3354.1465744173734, 0.0002981384318822452, 2.983689900000172
3354.1465744173734, 0.0002981384318822452, 2.984215200000108
3354.1465744173734, 0.0002981384318822452, 2.9848056000000724
3354.1465744173734, 0.0002981384318822452, 2.985376799999358
3354.1465744173734, 0.0002981384318822452, 2.9858988999994835
3354.1465744173734, 0.0002981384318822452, 2.9864237000001594
3354.1465744173734, 0.0002981384318822452, 2.986944499999481
3354.1465744173734, 0.0002981384318822452, 2.987463999999818
3354.1465744173734, 0.0002981384318822452, 2.987987200000134
3354.1465744173734, 0.0002981384318822452, 2.988504799999646
3354.1465744173734, 0.0002981384318822452, 2.9890294999995604
3354.1465744173734, 0.0002981384318822452, 2.9895464000001084
3354.1465744173734, 0.0002981384318822452, 2.990071000000171
3354.1465744173734, 0.0002981384318822452, 2.9905902999998943
3354.1465744173734, 0.0002981384318822452, 2.9911090999994485
3354.1465744173734, 0.0002981384318822452, 2.9916253999999753
3354.1465744173734, 0.0002981384318822452, 2.9921463000000585
3354.1465744173734, 0.0002981384318822452, 2.992772999999943
3354.1465744173734, 0.0002981384318822452, 2.9932930999993914
3354.1465744173734, 0.0002981384318822452, 2.993811999999707
3354.1465744173734, 0.0002981384318822452, 2.994336199999452
3354.1465744173734, 0.0002981384318822452, 2.994958599999336
3354.1465744173734, 0.0002981384318822452, 2.9954775999995036
3354.1465744173734, 0.0002981384318822452, 2.9959994999999253
3354.1465744173734, 0.0002981384318822452, 2.9965237999995225
3354.1465744173734, 0.0002981384318822452, 2.997043599999415
3354.1465744173734, 0.0002981384318822452, 2.9975618999997096
3354.1465744173734, 0.0002981384318822452, 2.9980853999995816
3354.1465744173734, 0.0002981384318822452, 2.998607499999707
3354.1465744173734, 0.00029756662641375364, 2.999127399999452
3354.1465744173734, 0.0002981384318822452, 2.9996518999996624
3354.1465744173734, 0.0002981384318822452, 3.0002417999994577
3354.1465744173734, 0.0002981384318822452, 3.000762499999837
3354.1465744173734, 0.0002981384318822452, 3.001280499999666
3354.1465744173734, 0.0002981384318822452, 3.001807199999348
3354.1465744173734, 0.0002976868082193114, 3.0023277000000235
3354.1465744173734, 0.0002981384318822452, 3.0029571999994005
3354.1465744173734, 0.0002981384318822452, 3.0034844000001613
3354.1465744173734, 0.0002981384318822452, 3.004004100000202
3354.1465744173734, 0.0002981384318822452, 3.004527500000222
3354.1465744173734, 0.0002980601774381205, 3.0051524000000427
3354.1465744173734, 0.0002981384318822452, 3.0056715000000622
3354.1465744173734, 0.0002981384318822452, 3.006188299999849
3354.1465744173734, 0.0002981384318822452, 3.006706299999678
3354.1465744173734, 0.0002981384318822452, 3.007229400000142
3354.1465744173734, 0.0002981384318822452, 3.007749800000056
3354.1465744173734, 0.0002981384318822452, 3.0082699999993565
3354.1465744173734, 0.0002981384318822452, 3.008793899999546
3354.1465744173734, 0.0002981384318822452, 3.0093129999995654
3354.1465744173734, 0.0002981384318822452, 3.0098364999994374
3354.1465744173734, 0.0002981384318822452, 3.010355100000197
3354.1465744173734, 0.0002981384318822452, 3.0108830999997735
3354.1465744173734, 0.0002981384318822452, 3.0114032999999836
3354.1465744173734, 0.0002981384318822452, 3.0119236000000456
3354.1465744173734, 0.0002981384318822452, 3.012445299999854
3354.1465744173734, 0.0002981384318822452, 3.0130708999995477
3354.1465744173734, 0.0002981384318822452, 3.013591899999483
3354.1465744173734, 0.0002981384318822452, 3.0141133999995873
3354.1465744173734, 0.0002981384318822452, 3.0146295999993526
3354.1465744173734, 0.0002981384318822452, 3.0152539000000615
3354.1465744173734, 0.0002981384318822452, 3.015781199999765
3354.1465744173734, 0.0002981384318822452, 3.016304300000229
3354.1465744173734, 0.0002981384318822452, 3.016895900000236
3354.1465744173734, 0.0002981384318822452, 3.0174208999997063
3354.1465744173734, 0.0002981384318822452, 3.017946799999663
3354.1465744173734, 0.0002981384318822452, 3.018468700000085
3354.1465744173734, 0.0002981384318822452, 3.0189903999998933
3354.1465744173734, 0.0002981384318822452, 3.019512699999723
3354.1465744173734, 0.0002981384318822452, 3.020035999999891
3354.1465744173734, 0.0002981384318822452, 3.02055399999972
3354.1465744173734, 0.0002981384318822452, 3.0210792999996556
3354.1465744173734, 0.0002981384318822452, 3.0216043999998874
3354.1465744173734, 0.0002981384318822452, 3.022124299999632
3354.1465744173734, 0.0002981384318822452, 3.0226425000000745
3354.1465744173734, 0.0002981384318822452, 3.023435099999915
3354.1465744173734, 0.0002981384318822452, 3.0244001999999455
3354.1465744173734, 0.0002981384318822452, 3.0249643999995897
3354.1465744173734, 0.0002981384318822452, 3.0256368000000293
3354.1465744173734, 0.0002981384318822452, 3.026190599999609
3354.1465744173734, 0.0002981384318822452, 3.0267438999999285
3354.1465744173734, 0.0002981384318822452, 3.0272926999996344
3354.1465744173734, 0.0002981384318822452, 3.0280606999995143
3354.1465744173734, 0.0002981384318822452, 3.028926699999829
3354.1465744173734, 0.00029720913331333026, 3.0298155999998926
3354.1465744173734, 0.0002981384318822452, 3.030527599999914
3354.1465744173734, 0.0002981384318822452, 3.03109669999958
3354.1465744173734, 0.0002981384318822452, 3.0316616000000067
3354.1465744173734, 0.0002981384318822452, 3.032222400000137
3354.1465744173734, 0.0002981384318822452, 3.032862000000023
3354.1465744173734, 0.0002981384318822452, 3.0334818999999698
3354.1465744173734, 0.0002981384318822452, 3.034028000000035
3354.1465744173734, 0.0002981384318822452, 3.0345722000001842
3354.1465744173734, 0.0002981384318822452, 3.03512099999989
3354.1465744173734, 0.0002981384318822452, 3.0357480000002397
3354.1465744173734, 0.0002981384318822452, 3.036266999999498
3354.1465744173734, 0.0002981384318822452, 3.0367888000000676
3354.1465744173734, 0.0002981384318822452, 3.037311000000045
3354.1465744173734, 0.0002981384318822452, 3.037828999999874
3354.1465744173734, 0.0002981384318822452, 3.038346399999682
3354.1465744173734, 0.0002981384318822452, 3.038866599999892
3354.1465744173734, 0.0002981384318822452, 3.039383899999848
3354.1465744173734, 0.0002981384318822452, 3.0399452999999994
3354.1465744173734, 0.0002981384318822452, 3.0404711000001043
3354.1465744173734, 0.0002981384318822452, 3.0410007999998925
3354.1465744173734, 0.0002981384318822452, 3.0415235999998913
3354.1465744173734, 0.0002981384318822452, 3.0420495999997
3354.1465744173734, 0.0002981384318822452, 3.0425764999999956
3354.1465744173734, 0.0002981384318822452, 3.043095799999719
3354.1465744173734, 0.0002981384318822452, 3.0438531999998304
3354.1465744173734, 0.0002981384318822452, 3.0447659000001295
3354.1465744173734, 0.0002981384318822452, 3.0457031999994797
3354.1465744173734, 0.0002981384318822452, 3.0462250999999014
3354.1465744173734, 0.0002981384318822452, 3.046742699999413
3354.1465744173734, 0.0002981384318822452, 3.0472663999998986
3354.1465744173734, 0.0002981384318822452, 3.0477893999996013
3354.1465744173734, 0.0002981384318822452, 3.048309299999346
3354.1465744173734, 0.0002981384318822452, 3.048828699999831
3354.1465744173734, 0.0002981384318822452, 3.049352099999851
3354.1465744173734, 0.0002981384318822452, 3.0498694999996587
3354.1465744173734, 0.0002981384318822452, 3.050388199999361
3354.1465744173734, 0.0002981384318822452, 3.050905299999613
3354.1465744173734, 0.0002981384318822452, 3.051425999999992
3354.1465744173734, 0.0002981384318822452, 3.051943200000096
3354.1465744173734, 0.0002981384318822452, 3.052460599999904
3354.1465744173734, 0.0002981384318822452, 3.0529830999994374
3354.1465744173734, 0.0002981384318822452, 3.0535234999997556
3354.1465744173734, 0.0002981384318822452, 3.0541253000001234
3354.1465744173734, 0.0002981384318822452, 3.0546432000001005
3354.1465744173734, 0.0002981384318822452, 3.055166199999803
3354.1465744173734, 0.0002981384318822452, 3.055790800000068
3354.1465744173734, 0.0002981384318822452, 3.0563108999995166
3354.1465744173734, 0.0002981384318822452, 3.0568371999997908
3354.1465744173734, 0.0002970988465616841, 3.057358899999599
3354.1465744173734, 0.0002981384318822452, 3.05787859999964
3354.1465744173734, 0.0002981384318822452, 3.058402499999829
3354.1465744173734, 0.0002981384318822452, 3.058922499999426
3354.1465744173734, 0.0002981384318822452, 3.059437799999614
3354.1465744173734, 0.0002981384318822452, 3.05996099999993
3354.1465744173734, 0.00029774726364045214, 3.0604874999999083
3354.1465744173734, 0.0002981384318822452, 3.0610101000002032
3354.1465744173734, 0.0002981384318822452, 3.0615287999999055
3354.1465744173734, 0.0002981384318822452, 3.0620552000000316
3354.1465744173734, 0.0002981384318822452, 3.062573899999734
3354.1465744173734, 0.0002981384318822452, 3.0630930999996053
3354.1465744173734, 0.0002981384318822452, 3.0636092999993707
3354.1465744173734, 0.0002981384318822452, 3.064405699999952
3354.1465744173734, 0.0002981384318822452, 3.0649281999994855
3354.1465744173734, 0.0002981384318822452, 3.065448899999865
3354.1465744173734, 0.0002981384318822452, 3.0660760999999184
3354.1465744173734, 0.0002981384318822452, 3.0665987000002133
3354.1465744173734, 0.0002981384318822452, 3.0671259999999165
3354.1465744173734, 0.0002966188841125074, 3.067651399999704
3354.1465744173734, 0.0002967492926838953, 3.0681746999998722
3354.1465744173734, 0.0002981384318822452, 3.068699100000231
3354.1465744173734, 0.0002967773747728522, 3.0692229999995106
3354.1465744173734, 0.0002981384318822452, 3.0697473000000173
3354.1465744173734, 0.0002981384318822452, 3.070267000000058
3354.1465744173734, 0.0002981384318822452, 3.070789700000205
3354.1465744173734, 0.0002981384318822452, 3.0713150000001406
3354.1465744173734, 0.0002981384318822452, 3.07183459999942
3354.1465744173734, 0.0002981384318822452, 3.072354899999482
3354.1465744173734, 0.0002981384318822452, 3.0728729000002204
3354.1465744173734, 0.0002981384318822452, 3.0733948999995846
3354.1465744173734, 0.0002981384318822452, 3.0740027000001646
3354.1465744173734, 0.0002981384318822452, 3.074536099999932
3354.1465744173734, 0.0002981384318822452, 3.0750582000000577
3354.1465744173734, 0.0002981384318822452, 3.0755779000000985
3354.1465744173734, 0.0002981384318822452, 3.0761758999997255
3354.1465744173734, 0.0002981384318822452, 3.0767046000000846
3354.1465744173734, 0.00029792787631232275, 3.077224099999512
3354.1465744173734, 0.0002981384318822452, 3.077746899999511
3354.1465744173734, 0.00029776560400992386, 3.0782658999996784
3354.1465744173734, 0.0002981384318822452, 3.0787891999998465
3354.1465744173734, 0.0002981384318822452, 3.0793120999996972
3354.1465744173734, 0.0002981384318822452, 3.079832599999463
3354.1465744173734, 0.0002981384318822452, 3.080356800000118
3354.1465744173734, 0.0002981384318822452, 3.0808822999997574
3354.1465744173734, 0.0002981384318822452, 3.0814009999994596
3354.1465744173734, 0.0002981384318822452, 3.08192229999986
3354.1465744173734, 0.0002981384318822452, 3.082442799999626
3354.1465744173734, 0.0002981384318822452, 3.0829672999998365
3354.1465744173734, 0.0002981384318822452, 3.083489699999518
3354.1465744173734, 0.0002981384318822452, 3.084012899999834
3354.1465744173734, 0.0002981384318822452, 3.085027899999659
3354.1465744173734, 0.0002981384318822452, 3.0855507999995098
3354.1465744173734, 0.0002981384318822452, 3.086077899999509
3354.1465744173734, 0.00029776332871587124, 3.0867017000000487
3354.1465744173734, 0.0002981384318822452, 3.087226799999371
3354.1465744173734, 0.0002981384318822452, 3.0877489999993486
3354.1465744173734, 0.0002981384318822452, 3.088273399999707
3354.1465744173734, 0.0002981384318822452, 3.0887947999999597
3354.1465744173734, 0.0002981384318822452, 3.089316200000212
3354.1465744173734, 0.0002981384318822452, 3.089842800000042
3354.1465744173734, 0.0002981384318822452, 3.0903669999997874
3354.1465744173734, 0.0002981384318822452, 3.09088520000023
3354.1465744173734, 0.0002981384318822452, 3.091406300000017
3354.1465744173734, 0.0002981384318822452, 3.091924399999698
3354.1465744173734, 0.0002981384318822452, 3.092442199999823
3354.1465744173734, 0.0002981384318822452, 3.0929608999995253
3354.1465744173734, 0.0002981384318822452, 3.093482000000222
3354.1465744173734, 0.0002981384318822452, 3.0940020999996705
3354.1465744173734, 0.0002981384318822452, 3.0946383999998943
3354.1465744173734, 0.0002981384318822452, 3.0951596999993853
3354.1465744173734, 0.0002981384318822452, 3.0956768999994893
3354.1465744173734, 0.0002981384318822452, 3.0961970999996993
3354.1465744173734, 0.0002981384318822452, 3.096819200000027
3354.1465744173734, 0.0002981384318822452, 3.097341900000174
3354.1465744173734, 0.0002981384318822452, 3.0978579000002355
3354.1465744173734, 0.0002981384318822452, 3.0983759000000646
3354.1465744173734, 0.0002981384318822452, 3.0988964999996824
3354.1465744173734, 0.0002981384318822452, 3.0994169999994483
3354.1465744173734, 0.0002981384318822452, 3.0999375000001237
3354.1465744173734, 0.0002981384318822452, 3.100456000000122
3354.1465744173734, 0.0002981384318822452, 3.100976900000205
3354.1465744173734, 0.0002981384318822452, 3.1014962999997806
3354.1465744173734, 0.0002981384318822452, 3.102014000000054
3354.1465744173734, 0.0002981384318822452, 3.102535999999418
3354.1465744173734, 0.0002981384318822452, 3.1030565000000934
3354.1465744173734, 0.0002981384318822452, 3.1035759999995207
3354.1465744173734, 0.0002981384318822452, 3.1040980999996464
3354.1465744173734, 0.0002981384318822452, 3.104813400000239
3354.1465744173734, 0.0002981384318822452, 3.1054214999994656
3354.1465744173734, 0.0002981384318822452, 3.105940599999485
3354.1465744173734, 0.0002981384318822452, 3.1064612000000125
3354.1465744173734, 0.0002981384318822452, 3.107082399999854
3354.1465744173734, 0.0002981384318822452, 3.107655299999351
3354.1465744173734, 0.0002981384318822452, 3.1081739999999627
3354.1465744173734, 0.0002981384318822452, 3.1086961999999403
3354.1465744173734, 0.0002981384318822452, 3.109213400000044
3354.1465744173734, 0.0002981384318822452, 3.109733299999789
3354.1465744173734, 0.0002981384318822452, 3.1102554999997665
3354.1465744173734, 0.0002981384318822452, 3.11077479999949
3354.1465744173734, 0.0002981384318822452, 3.111329100000148
3354.1465744173734, 0.0002981384318822452, 3.111858399999619
3354.1465744173734, 0.0002981384318822452, 3.1123827999999776
3354.1465744173734, 0.0002981384318822452, 3.112910699999702
3354.1465744173734, 0.0002981384318822452, 3.1134348999994472
3354.1465744173734, 0.0002981384318822452, 3.1139588999994885
3354.1465744173734, 0.0002981384318822452, 3.114488700000038
3354.1465744173734, 0.0002981384318822452, 3.1151153999999224
3354.1465744173734, 0.0002976837880757436, 3.115643000000091
3354.1465744173734, 0.0002981384318822452, 3.11616580000009
3354.1465744173734, 0.0002981384318822452, 3.116685399999369
3354.1465744173734, 0.0002981384318822452, 3.1173085999998875
3354.1465744173734, 0.0002981384318822452, 3.117837099999633
3354.1465744173734, 0.0002981384318822452, 3.118356799999674
3354.1465744173734, 0.0002981384318822452, 3.118873899999926
3354.1465744173734, 0.0002981384318822452, 3.119402799999989
3354.1465744173734, 0.0002981384318822452, 3.1199222999994163
3354.1465744173734, 0.0002981384318822452, 3.120443599999817
3354.1465744173734, 0.0002981384318822452, 3.120965399999477
3354.1465744173734, 0.0002981384318822452, 3.12148789999992
3354.1465744173734, 0.0002981384318822452, 3.122007599999961
3354.1465744173734, 0.0002981384318822452, 3.122523199999705
3354.1465744173734, 0.0002981384318822452, 3.1230476000000635
3354.1465744173734, 0.0002981384318822452, 3.123566199999914
3354.1465744173734, 0.0002981384318822452, 3.124084799999764
3354.1465744173734, 0.0002981384318822452, 3.1246063999997205
3354.1465744173734, 0.0002981384318822452, 3.1253748999997697
3354.1465744173734, 0.0002981384318822452, 3.126289899999392
3354.1465744173734, 0.0002981384318822452, 3.127255200000036
3354.1465744173734, 0.0002981384318822452, 3.127781799999866
3354.1465744173734, 0.0002981384318822452, 3.128310099999908
3354.1465744173734, 0.0002967793614127193, 3.1288347999998223
3354.1465744173734, 0.0002981384318822452, 3.1293526999997994
3354.1465744173734, 0.0002981384318822452, 3.1298808000001372
3354.1465744173734, 0.0002981384318822452, 3.1304018999999244
3354.1465744173734, 0.0002981384318822452, 3.1309203000000707
3354.1465744173734, 0.0002981384318822452, 3.1314425999999003
3354.1465744173734, 0.0002981384318822452, 3.131960199999412
3354.1465744173734, 0.0002981384318822452, 3.1324789999998757
3354.1465744173734, 0.0002981384318822452, 3.133008699999664
3354.1465744173734, 0.00029752789497067685, 3.1335331000000224
3354.1465744173734, 0.0002981384318822452, 3.1340533000002324
3354.1465744173734, 0.0002981384318822452, 3.134573399999681
3354.1465744173734, 0.0002981384318822452, 3.1351945999995223
3354.1465744173734, 0.0002981384318822452, 3.1357356999997137
3354.1465744173734, 0.0002981384318822452, 3.1362521000000925
3354.1465744173734, 0.0002981384318822452, 3.1367749000000913
3354.1465744173734, 0.0002981384318822452, 3.1374074999994264
3354.1465744173734, 0.0002981384318822452, 3.1379300999997213
3354.1465744173734, 0.00029739590540505225, 3.1384514999999737
3354.1465744173734, 0.0002981384318822452, 3.139158199999656
3354.1465744173734, 0.0002981384318822452, 3.139678300000014
3354.1465744173734, 0.0002981384318822452, 3.140198500000224
3354.1465744173734, 0.0002981384318822452, 3.140724400000181
3354.1465744173734, 0.0002981384318822452, 3.141248099999757
3354.1465744173734, 0.0002981384318822452, 3.141768299999967
3354.1465744173734, 0.0002981384318822452, 3.1422908999993524
3354.1465744173734, 0.0002981384318822452, 3.142812199999753
3354.1465744173734, 0.0002981384318822452, 3.143332499999815
3354.1465744173734, 0.0002981384318822452, 3.143852999999581
3354.1465744173734, 0.0002981384318822452, 3.144374699999389
3354.1465744173734, 0.0002981384318822452, 3.1448929999996835
3354.1465744173734, 0.0002981384318822452, 3.1455095000001165
3354.1465744173734, 0.0002981384318822452, 3.146039700000074
3354.1465744173734, 0.0002981384318822452, 3.146560600000157
3354.1465744173734, 0.0002981384318822452, 3.1470793999997113
3354.1465744173734, 0.0002981384318822452, 3.147701699999743
3354.1465744173734, 0.0002981384318822452, 3.1482216999993398
3354.1465744173734, 0.0002981384318822452, 3.14874189999955
3354.1465744173734, 0.0002981384318822452, 3.149261900000056
3354.1465744173734, 0.0002981384318822452, 3.1497842999997374
3354.1465744173734, 0.0002981384318822452, 3.150304299999334
3354.1465744173734, 0.0002981384318822452, 3.150820699999713
3354.1465744173734, 0.0002981384318822452, 3.1513396000000284
3354.1465744173734, 0.0002981384318822452, 3.151859499999773
3354.1465744173734, 0.0002981384318822452, 3.1523778999999195
3354.1465744173734, 0.0002981384318822452, 3.1528956000001926
3354.1465744173734, 0.0002981384318822452, 3.1534221000001708
3354.1465744173734, 0.0002981384318822452, 3.1539394999999786
3354.1465744173734, 0.0002981384318822452, 3.154458099999829
3354.1465744173734, 0.0002981384318822452, 3.1549777999998696
3354.1465744173734, 0.0002981384318822452, 3.155562699999791
3354.1465744173734, 0.0002981384318822452, 3.156097299999601
3354.1465744173734, 0.0002981384318822452, 3.1566203000002133
3354.1465744173734, 0.0002981384318822452, 3.1571439999997892
3354.1465744173734, 0.0002981384318822452, 3.1577644999997574
3354.1465744173734, 0.0002981384318822452, 3.1582829999997557
3354.1465744173734, 0.0002981384318822452, 3.1588081999998394
3354.1465744173734, 0.0002981384318822452, 3.159327399999711
3354.1465744173734, 0.0002981384318822452, 3.1598487999999634
3354.1465744173734, 0.0002981384318822452, 3.1603761999995186
3354.1465744173734, 0.0002981384318822452, 3.1608961000001727
3354.1465744173734, 0.0002981384318822452, 3.1614144999994096
3354.1465744173734, 0.0002981384318822452, 3.1619332999998733
3354.1465744173734, 0.0002981384318822452, 3.162456999999449
3354.1465744173734, 0.0002981384318822452, 3.162979599999744
3354.1465744173734, 0.0002981384318822452, 3.1634973999998692
3354.1465744173734, 0.0002981384318822452, 3.1640191999995295
3354.1465744173734, 0.0002981384318822452, 3.1645355999999083
3354.1465744173734, 0.0002981384318822452, 3.165054500000224
3354.1465744173734, 0.0002981384318822452, 3.1655781999998
3354.1465744173734, 0.0002981384318822452, 3.1662139999998544
3354.1465744173734, 0.0002981384318822452, 3.1667343999997684
3354.1465744173734, 0.0002981384318822452, 3.1672553999997035
3354.1465744173734, 0.0002981384318822452, 3.1678776999997353
3354.1465744173734, 0.0002981384318822452, 3.1683991999998398
3354.1465744173734, 0.0002981384318822452, 3.1689163000000917
3354.1465744173734, 0.0002981384318822452, 3.1694422999999006
3354.1465744173734, 0.0002981384318822452, 3.1699619999999413
3354.1465744173734, 0.0002981384318822452, 3.170481699999982
3354.1465744173734, 0.0002981384318822452, 3.1710022999996
3354.1465744173734, 0.0002981384318822452, 3.1715275999995356
3354.1465744173734, 0.0002981384318822452, 3.172049199999492
3354.1465744173734, 0.0002981384318822452, 3.1725677999993422
3354.1465744173734, 0.0002981384318822452, 3.173089799999616
3354.1465744173734, 0.0002981384318822452, 3.173607599999741
3354.1465744173734, 0.0002981384318822452, 3.174127000000226
3354.1465744173734, 0.0002981384318822452, 3.174650699999802
3354.1465744173734, 0.00029781670819664527, 3.175177899999653
3354.1465744173734, 0.0002981384318822452, 3.1756965999993554
3354.1465744173734, 0.0002981384318822452, 3.176318899999387
3354.1465744173734, 0.0002981384318822452, 3.1768418999999994
3354.1465744173734, 0.0002981384318822452, 3.1773679999996602
3354.1465744173734, 0.0002970580420189969, 3.177890899999511
3354.1465744173734, 0.0002981384318822452, 3.178524400000242
3354.1465744173734, 0.0002981384318822452, 3.179044900000008
3354.1465744173734, 0.0002981384318822452, 3.1795657000002393
3354.1465744173734, 0.0002981384318822452, 3.180086399999709
3354.1465744173734, 0.0002981384318822452, 3.180616199999349
3354.1465744173734, 0.00029775360604120864, 3.181135699999686
3354.1465744173734, 0.00029779643003950424, 3.181655999999748
3354.1465744173734, 0.0002981384318822452, 3.1822119999997085
3354.1465744173734, 0.0002981384318822452, 3.182736799999475
3354.1465744173734, 0.0002981384318822452, 3.1832636999997703
3354.1465744173734, 0.0002981384318822452, 3.1837931000000026
3354.1465744173734, 0.0002981384318822452, 3.1843191999996634
3354.1465744173734, 0.0002981384318822452, 3.184841499999493
3354.1465744173734, 0.0002981384318822452, 3.1853627999998935
3354.1465744173734, 0.0002981384318822452, 3.185888399999385
3354.1465744173734, 0.0002981384318822452, 3.186655900000005
3354.1465744173734, 0.0002981384318822452, 3.1875301000000036
3354.1465744173734, 0.0002981384318822452, 3.1880589000002146
3354.1465744173734, 0.0002981384318822452, 3.1886838000000353
3354.1465744173734, 0.0002981384318822452, 3.18920369999978
3354.1465744173734, 0.0002981384318822452, 3.1897202000000107
3354.1465744173734, 0.0002981384318822452, 3.19024249999984
3354.1465744173734, 0.0002981384318822452, 3.1907615999998598
3354.1465744173734, 0.0002981384318822452, 3.1912805000001754
3354.1465744173734, 0.0002981384318822452, 3.191805100000238
3354.1465744173734, 0.0002981384318822452, 3.1923256999998557
3354.1465744173734, 0.0002981384318822452, 3.1928447000000233
3354.1465744173734, 0.0002981384318822452, 3.193363700000191
3354.1465744173734, 0.0002981384318822452, 3.19422349999968
3354.1465744173734, 0.0002981384318822452, 3.1951411000000007
3354.1465744173734, 0.0002981384318822452, 3.196284900000137
3354.1465744173734, 0.0002981384318822452, 3.19743120000021
3354.1465744173734, 0.0002981384318822452, 3.19806460000018
3354.1465744173734, 0.0002981384318822452, 3.19891860000007
3354.1465744173734, 0.0002981384318822452, 3.200002999999924
3354.1465744173734, 0.0002981384318822452, 3.200813299999936
3354.1465744173734, 0.0002981384318822452, 3.2015118999997867
3354.1465744173734, 0.0002981384318822452, 3.20298559999992
3354.1465744173734, 0.0002981384318822452, 3.2048366999997597
3354.1465744173734, 0.0002981384318822452, 3.2056865999993533
3354.1465744173734, 0.00029715593561054727, 3.206247699999949
3354.1465744173734, 0.0002981384318822452, 3.2068075999995926
3354.1465744173734, 0.0002981384318822452, 3.2073641999995743
3354.1465744173734, 0.0002981384318822452, 3.2079179000002114
3354.1465744173734, 0.0002981384318822452, 3.2084673999997904
3354.1465744173734, 0.0002981384318822452, 3.2090220000000045
3354.1465744173734, 0.0002981384318822452, 3.2095767000000706
3354.1465744173734, 0.0002981384318822452, 3.210128199999417
3354.1465744173734, 0.0002981384318822452, 3.210701500000141
3354.1465744173734, 0.00029667103378449227, 3.211253699999361
3354.1465744173734, 0.00029667103378449227, 3.21180749999985
3354.1465744173734, 0.0002981384318822452, 3.212355900000148
3354.1465744173734, 0.0002981384318822452, 3.212908900000002
3354.1465744173734, 0.0002981384318822452, 3.213462400000026
3354.1465744173734, 0.0002981384318822452, 3.214009299999816
3354.1465744173734, 0.0002981384318822452, 3.2145620999999664
3354.1465744173734, 0.0002981384318822452, 3.2151140999994823
3354.1465744173734, 0.0002981384318822452, 3.215667699999358
3354.1465744173734, 0.0002981384318822452, 3.216210300000057
3354.1465744173734, 0.0002981384318822452, 3.2170334000002185
3354.1465744173734, 0.0002981384318822452, 3.2189620999997715
3354.1465744173734, 0.0002981384318822452, 3.219955999999911
3354.1465744173734, 0.0002981384318822452, 3.22051620000002
3354.1465744173734, 0.0002981384318822452, 3.22103960000004
3354.1465744173734, 0.0002981384318822452, 3.221600199999557
3354.1465744173734, 0.0002981384318822452, 3.2221207000002323
3354.1465744173734, 0.0002981384318822452, 3.2226756000000023
3354.1465744173734, 0.0002981384318822452, 3.2231950999994297
3354.1465744173734, 0.0002981384318822452, 3.2237520999997287
3354.1465744173734, 0.0002981384318822452, 3.2242716999999175
3354.1465744173734, 0.0002981384318822452, 3.224835600000006
3354.1465744173734, 0.0002981384318822452, 3.225378600000113
3354.1465744173734, 0.0002981384318822452, 3.225954599999568
3354.1465744173734, 0.0002981384318822452, 3.22653900000023
3354.1465744173734, 0.0002981384318822452, 3.227086699999745
3354.1465744173734, 0.0002981384318822452, 3.227641099999346
3354.1465744173734, 0.0002981384318822452, 3.2281889999994746
3354.1465744173734, 0.0002981384318822452, 3.2287424999994982
3354.1465744173734, 0.0002981384318822452, 3.2292983999996068
3354.1465744173734, 0.0002981384318822452, 3.2298549999995885
3354.1465744173734, 0.0002981384318822452, 3.2304039999999077
3354.1465744173734, 0.0002981384318822452, 3.230959699999403
3354.1465744173734, 0.00029737635887794805, 3.23150859999987
3354.1465744173734, 0.0002981384318822452, 3.2320588000002317
3354.1465744173734, 0.0002981384318822452, 3.232608999999684
3354.1465744173734, 0.0002981384318822452, 3.2332657999995718
3354.1465744173734, 0.0002981384318822452, 3.234122199999547
3354.1465744173734, 0.0002981384318822452, 3.234764799999539
3354.1465744173734, 0.0002981384318822452, 3.2353128999993714
3354.1465744173734, 0.0002981384318822452, 3.2358617999998387
3354.1465744173734, 0.0002981384318822452, 3.2364662999998473
3354.1465744173734, 0.0002981384318822452, 3.2369873999996344
3354.1465744173734, 0.0002981384318822452, 3.237540799999806
3354.1465744173734, 0.0002981384318822452, 3.238061799999741
3354.1465744173734, 0.0002981384318822452, 3.2386545999997907
3354.1465744173734, 0.0002981384318822452, 3.239173999999366
3354.1465744173734, 0.0002981384318822452, 3.2397289999998975
3354.1465744173734, 0.0002981384318822452, 3.240381999999954
3354.1465744173734, 0.0002981384318822452, 3.2409038999994664
3354.1465744173734, 0.0002981384318822452, 3.241459500000019
3354.1465744173734, 0.0002981384318822452, 3.241986099999849
3354.1465744173734, 0.0002981384318822452, 3.2425413999999364
3354.1465744173734, 0.0002981384318822452, 3.243060799999512
3354.1465744173734, 0.0002981384318822452, 3.2436196999997264
3354.1465744173734, 0.0002981384318822452, 3.244141899999704
3354.1465744173734, 0.0002981384318822452, 3.2446963000002143
3354.1465744173734, 0.0002981384318822452, 3.245213000000149
3354.1465744173734, 0.0002981384318822452, 3.2457706999994116
3354.1465744173734, 0.0002981384318822452, 3.246288299999833
3354.1465744173734, 0.0002981384318822452, 3.2468736999999237
3354.1465744173734, 0.0002981384318822452, 3.2474246000001585
3354.1465744173734, 0.0002981384318822452, 3.247949699999481
3354.1465744173734, 0.0002981384318822452, 3.248657600000115
3354.1465744173734, 0.0002981384318822452, 3.2492480000000796
3354.1465744173734, 0.0002981384318822452, 3.250031300000046
3354.1465744173734, 0.0002981384318822452, 3.250995200000034
3354.1465744173734, 0.0002981384318822452, 3.2520801000000574
3354.1465744173734, 0.0002981384318822452, 3.253090600000178
3354.1465744173734, 0.0002981384318822452, 3.2536811999998463
3354.1465744173734, 0.0002981384318822452, 3.2542458999996597
3354.1465744173734, 0.0002981384318822452, 3.2548393999995824
3354.1465744173734, 0.0002968161828600551, 3.255447699999422
3354.1465744173734, 0.0002981384318822452, 3.2560002000000168
3354.1465744173734, 0.0002981384318822452, 3.256786099999772
3354.1465744173734, 0.0002981384318822452, 3.2577258999999685
3354.1465744173734, 0.0002981384318822452, 3.2584608999995908
3354.1465744173734, 0.0002981384318822452, 3.259396999999808
3354.1465744173734, 0.0002981384318822452, 3.2601957999995648
3354.1465744173734, 0.0002981384318822452, 3.2608798999999635
3354.1465744173734, 0.0002981384318822452, 3.2615403999998307
3354.1465744173734, 0.0002981384318822452, 3.2622338000001037
3354.1465744173734, 0.0002981384318822452, 3.2629016999999294
3354.1465744173734, 0.0002981384318822452, 3.2634860999996818
3354.1465744173734, 0.0002981384318822452, 3.2640363000000434
3354.1465744173734, 0.0002981384318822452, 3.2646601999995255
3354.1465744173734, 0.0002981384318822452, 3.265213799999401
3354.1465744173734, 0.0002981384318822452, 3.2657639999997627
3354.1465744173734, 0.0002981384318822452, 3.2663627000001725
3354.1465744173734, 0.0002981384318822452, 3.26720159999968
3354.1465744173734, 0.0002981384318822452, 3.2678338999994594
3354.1465744173734, 0.0002981384318822452, 3.2684228999996776
3354.1465744173734, 0.0002981384318822452, 3.2689829000000827
3354.1465744173734, 0.0002981384318822452, 3.269539199999599
3354.1465744173734, 0.0002981384318822452, 3.270093399999496
3354.1465744173734, 0.0002981384318822452, 3.270642399999815
3354.1465744173734, 0.0002981384318822452, 3.2711982000000717
3354.1465744173734, 0.0002981384318822452, 3.271749099999397
3354.1465744173734, 0.0002981384318822452, 3.272302999999738
3354.1465744173734, 0.0002981384318822452, 3.2728597999994236
3354.1465744173734, 0.000296855689793128, 3.273412599999574
3354.1465744173734, 0.0002981384318822452, 3.273964199999682
3354.1465744173734, 0.0002981384318822452, 3.274512999999388
3354.1465744173734, 0.0002981384318822452, 3.2750669999995807
3354.1465744173734, 0.0002981384318822452, 3.275614499999392
3354.1465744173734, 0.0002981384318822452, 3.276162999999542
3354.1465744173734, 0.0002981384318822452, 3.2767673999996987
3354.1465744173734, 0.0002981384318822452, 3.2773157999999967
3354.1465744173734, 0.0002981384318822452, 3.277864099999533
3354.1465744173734, 0.0002981384318822452, 3.278412799999387
3354.1465744173734, 0.0002981384318822452, 3.2790362999994613
3354.1465744173734, 0.0002981384318822452, 3.2795883999997386
3354.1465744173734, 0.00029743485329543367, 3.280137300000206
3354.1465744173734, 0.0002981384318822452, 3.2806870999993407
3354.1465744173734, 0.0002981384318822452, 3.2812429999994492
3354.1465744173734, 0.00029799656839983986, 3.2817948000001707
3354.1465744173734, 0.0002981384318822452, 3.282344600000215
3354.1465744173734, 0.0002981384318822452, 3.2828957000001537
3354.1465744173734, 0.0002981384318822452, 3.283546099999512
3354.1465744173734, 0.0002981384318822452, 3.284096899999895
3354.1465744173734, 0.0002981384318822452, 3.2846478999999817
3354.1465744173734, 0.0002981384318822452, 3.2851968999993915
3354.1465744173734, 0.0002981384318822452, 3.285746900000049
3354.1465744173734, 0.0002981384318822452, 3.2862825000001976
3354.1465744173734, 0.0002981384318822452, 3.2869902000002185
3354.1465744173734, 0.00029756985534903154, 3.287511800000175
3354.1465744173734, 0.0002981384318822452, 3.288033099999666
3354.1465744173734, 0.0002981384318822452, 3.2885631999997713
3354.1465744173734, 0.0002981384318822452, 3.2891884999999093
3354.1465744173734, 0.0002981384318822452, 3.2897069000000556
3354.1465744173734, 0.0002981384318822452, 3.290226399999483
3354.1465744173734, 0.0002981384318822452, 3.2907492999993337
3354.1465744173734, 0.0002981384318822452, 3.291266999999607
3354.1465744173734, 0.0002981384318822452, 3.2917827000001125
3354.1465744173734, 0.0002981384318822452, 3.2923085000002175
3354.1465744173734, 0.0002981384318822452, 3.292828399999962
3354.1465744173734, 0.0002981384318822452, 3.293348100000003
3354.1465744173734, 0.0002981384318822452, 3.293871599999875
3354.1465744173734, 0.0002981384318822452, 3.2943946999994296
3354.1465744173734, 0.0002981384318822452, 3.294913599999745
3354.1465744173734, 0.0002981384318822452, 3.2954321999995955
3354.1465744173734, 0.0002981384318822452, 3.295959699999912
3354.1465744173734, 0.0002981384318822452, 3.2964818999998897
3354.1465744173734, 0.0002981384318822452, 3.2971014999993713
3354.1465744173734, 0.0002981384318822452, 3.2976248999993913
3354.1465744173734, 0.0002981384318822452, 3.2981420999994953
3354.1465744173734, 0.0002981384318822452, 3.298661599999832
3354.1465744173734, 0.0002981384318822452, 3.2992810999994617
3354.1465744173734, 0.0002981384318822452, 3.299882599999364
3354.1465744173734, 0.0002981384318822452, 3.300402299999405
3354.1465744173734, 0.0002981384318822452, 3.3009227000002284
3354.1465744173734, 0.0002981384318822452, 3.3014462000001004
3354.1465744173734, 0.0002981384318822452, 3.301966399999401
3354.1465744173734, 0.0002981384318822452, 3.302486499999759
3354.1465744173734, 0.0002981384318822452, 3.3030117999996946
3354.1465744173734, 0.0002981384318822452, 3.303530999999566
3354.1465744173734, 0.0002981384318822452, 3.3040492999998605
3354.1465744173734, 0.0002981384318822452, 3.3045658000000913
3354.1465744173734, 0.0002981384318822452, 3.305088899999646
3354.1465744173734, 0.0002981384318822452, 3.3056053999998767
3354.1465744173734, 0.0002981384318822452, 3.3061250999999174
3354.1465744173734, 0.0002981384318822452, 3.306646699999874
3354.1465744173734, 0.0002981384318822452, 3.3073683000002347
3354.1465744173734, 0.0002981384318822452, 3.3082895999996254
3354.1465744173734, 0.0002981384318822452, 3.30925599999955
3354.1465744173734, 0.0002981384318822452, 3.309777999999824
3354.1465744173734, 0.0002981384318822452, 3.310293399999864
3354.1465744173734, 0.0002981384318822452, 3.310810799999672
3354.1465744173734, 0.0002981384318822452, 3.311328599999797
3354.1465744173734, 0.0002981384318822452, 3.311849699999584
3354.1465744173734, 0.0002981384318822452, 3.3123674999997093
3354.1465744173734, 0.0002981384318822452, 3.3128835999996227
3354.1465744173734, 0.0002981384318822452, 3.3134048000001712
3354.1465744173734, 0.0002981384318822452, 3.3139235999997254
3354.1465744173734, 0.0002981384318822452, 3.3144409999995332
3354.1465744173734, 0.0002981384318822452, 3.3149618999996164
3354.1465744173734, 0.0002981384318822452, 3.315483100000165
3354.1465744173734, 0.0002981384318822452, 3.316004399999656
3354.1465744173734, 0.0002981384318822452, 3.3165916999996625
3354.1465744173734, 0.0002981384318822452, 3.3171777999996266
3354.1465744173734, 0.0002981384318822452, 3.317716300000029
3354.1465744173734, 0.0002981384318822452, 3.318236600000091
3354.1465744173734, 0.0002981384318822452, 3.318754799999624
3354.1465744173734, 0.0002981384318822452, 3.3193841000002067
3354.1465744173734, 0.0002981384318822452, 3.3199070999999094
3354.1465744173734, 0.00029756662641375364, 3.320424599999569
3354.1465744173734, 0.0002981384318822452, 3.320948099999441
3354.1465744173734, 0.0002981384318822452, 3.321467400000074
3354.1465744173734, 0.0002981384318822452, 3.321987700000136
3354.1465744173734, 0.0002981384318822452, 3.322510500000135
3354.1465744173734, 0.0002981384318822452, 3.3230305999995835
3354.1465744173734, 0.0002981384318822452, 3.3235513999998147
3354.1465744173734, 0.00029738882182984907, 3.324073199999475
3354.1465744173734, 0.0002981384318822452, 3.3245940999995582
3354.1465744173734, 0.0002981384318822452, 3.3251126999994085
3354.1465744173734, 0.0002981384318822452, 3.3256289999999353
3354.1465744173734, 0.0002981384318822452, 3.3261502999994264
3354.1465744173734, 0.0002981384318822452, 3.326668499999869
3354.1465744173734, 0.0002981384318822452, 3.327186399999846
3354.1465744173734, 0.0002981384318822452, 3.3278847000001406
3354.1465744173734, 0.0002981384318822452, 3.3284113999998226
3354.1465744173734, 0.0002981384318822452, 3.3289334999999483
3354.1465744173734, 0.0002981384318822452, 3.32955579999998
3354.1465744173734, 0.0002981384318822452, 3.3300774999997884
3354.1465744173734, 0.0002981384318822452, 3.3305954999996175
3354.1465744173734, 0.0002981384318822452, 3.3311155000001236
3354.1465744173734, 0.0002981384318822452, 3.331634099999974
3354.1465744173734, 0.0002981384318822452, 3.332155399999465
3354.1465744173734, 0.0002981384318822452, 3.332673299999442
3354.1465744173734, 0.0002981384318822452, 3.3332601000001887
3354.1465744173734, 0.0002981384318822452, 3.3337743000001865
3354.1465744173734, 0.0002981384318822452, 3.3342963999994026
3354.1465744173734, 0.0002981384318822452, 3.334813899999972
3354.1465744173734, 0.0002981384318822452, 3.3353330999998434
3354.1465744173734, 0.0002981384318822452, 3.3358533000000534
3354.1465744173734, 0.0002981384318822452, 3.3363713999997344
3354.1465744173734, 0.0002981384318822452, 3.33689030000005
3354.1465744173734, 0.0002981384318822452, 3.3374073999993925
3354.1465744173734, 0.0002981384318822452, 3.338014099999782
3354.1465744173734, 0.0002981384318822452, 3.3385756999996374
3354.1465744173734, 0.0002981384318822452, 3.3391050000000178
3354.1465744173734, 0.0002981384318822452, 3.339723799999774
3354.1465744173734, 0.0002981384318822452, 3.3402621999994153
3354.1465744173734, 0.0002981384318822452, 3.3407886999993934
3354.1465744173734, 0.0002981384318822452, 3.34131939999952
3354.1465744173734, 0.0002981384318822452, 3.341848399999435
3354.1465744173734, 0.0002981384318822452, 3.3423727999997936
3354.1465744173734, 0.0002981384318822452, 3.3428972000001522
3354.1465744173734, 0.0002981384318822452, 3.3434213999998974
3354.1465744173734, 0.0002981384318822452, 3.3439471000001504
3354.1465744173734, 0.0002981384318822452, 3.344467299999451
3354.1465744173734, 0.0002981384318822452, 3.344986699999936
3354.1465744173734, 0.0002981384318822452, 3.3455128999994486
3354.1465744173734, 0.0002981384318822452, 3.346033400000124
3354.1465744173734, 0.0002981384318822452, 3.34655229999953
3354.1465744173734, 0.0002981384318822452, 3.3470743999996557
3354.1465744173734, 0.0002981384318822452, 3.3475938000001406
3354.1465744173734, 0.0002981384318822452, 3.3484967999993387
3354.1465744173734, 0.0002981384318822452, 3.3494018000001233
3354.1465744173734, 0.0002981384318822452, 3.3503022999993846
3354.1465744173734, 0.0002981384318822452, 3.3508491000002323
3354.1465744173734, 0.0002981384318822452, 3.3513687999993635
3354.1465744173734, 0.0002981384318822452, 3.351892300000145
3354.1465744173734, 0.0002981384318822452, 3.352416699999594
3354.1465744173734, 0.0002981384318822452, 3.352936799999952
3354.1465744173734, 0.0002981384318822452, 3.3534531999994215
3354.1465744173734, 0.0002981384318822452, 3.353976700000203
3354.1465744173734, 0.0002981384318822452, 3.3544920999993337
3354.1465744173734, 0.0002981384318822452, 3.355012600000009
3354.1465744173734, 0.0002981384318822452, 3.35553069999969
3354.1465744173734, 0.0002981384318822452, 3.3560529999995197
3354.1465744173734, 0.0002981384318822452, 3.3565699999999197
3354.1465744173734, 0.0002981384318822452, 3.3570929999996224
3354.1465744173734, 0.0002981384318822452, 3.357614499999727
3354.1465744173734, 0.0002981384318822452, 3.358206099999734
3354.1465744173734, 0.0002981384318822452, 3.358730299999479
3354.1465744173734, 0.0002977776029455933, 3.359253699999499
3354.1465744173734, 0.0002981384318822452, 3.359770600000047
3354.1465744173734, 0.0002981384318822452, 3.360365399999864
3354.1465744173734, 0.0002981384318822452, 3.360885600000074
3354.1465744173734, 0.0002981384318822452, 3.3614102000001367
3354.1465744173734, 0.0002981384318822452, 3.3619300999998813
3354.1465744173734, 0.0002981384318822452, 3.362452299999859
3354.1465744173734, 0.0002981384318822452, 3.362973199999942
3354.1465744173734, 0.0002981384318822452, 3.3634917999997924
3354.1465744173734, 0.0002981384318822452, 3.3640097999996215
3354.1465744173734, 0.0002981384318822452, 3.3645305999998527
3354.1465744173734, 0.0002981384318822452, 3.3650502000000415
3354.1465744173734, 0.0002981384318822452, 3.365571700000146
3354.1465744173734, 0.0002981384318822452, 3.3660904999997
3354.1465744173734, 0.0002981384318822452, 3.366619399999763
3354.1465744173734, 0.0002981384318822452, 3.3671415999997407
3354.1465744173734, 0.0002981384318822452, 3.36766230000012
3354.1465744173734, 0.0002981384318822452, 3.3683817000001
3354.1465744173734, 0.0002981384318822452, 3.3692614000001413
3354.1465744173734, 0.0002981384318822452, 3.3697834999993574
3354.1465744173734, 0.0002981384318822452, 3.370404499999495
3354.1465744173734, 0.0002981384318822452, 3.3709294999998747
3354.1465744173734, 0.0002981384318822452, 3.3714491999999154
3354.1465744173734, 0.0002981384318822452, 3.3719703999995545
3354.1465744173734, 0.0002981384318822452, 3.372494999999617
3354.1465744173734, 0.0002981384318822452, 3.373018599999341
3354.1465744173734, 0.0002981384318822452, 3.3735423999996783
3354.1465744173734, 0.0002981384318822452, 3.374062899999444
3354.1465744173734, 0.0002981384318822452, 3.3745865000000776
3354.1465744173734, 0.0002981384318822452, 3.375108899999759
3354.1465744173734, 0.0002981384318822452, 3.3756282999993346
3354.1465744173734, 0.0002981384318822452, 3.376146300000073
3354.1465744173734, 0.0002981384318822452, 3.376669799999945
3354.1465744173734, 0.0002981384318822452, 3.3771889999998166
3354.1465744173734, 0.0002981384318822452, 3.377710799999477
3354.1465744173734, 0.0002981384318822452, 3.378233800000089
3354.1465744173734, 0.0002981384318822452, 3.378833300000224
3354.1465744173734, 0.0002981384318822452, 3.379351499999757
3354.1465744173734, 0.0002981384318822452, 3.379872200000136
3354.1465744173734, 0.0002981384318822452, 3.380484599999363
3354.1465744173734, 0.0002981384318822452, 3.3810217000000193
3354.1465744173734, 0.0002981384318822452, 3.3815399999994042
3354.1465744173734, 0.0002981384318822452, 3.382062199999382
3354.1465744173734, 0.0002981384318822452, 3.38258069999938
3354.1465744173734, 0.0002981384318822452, 3.3831045999995695
3354.1465744173734, 0.000297303349571416, 3.383628300000055
3354.1465744173734, 0.0002981384318822452, 3.3841569999995045
3354.1465744173734, 0.0002981384318822452, 3.384678100000201
3354.1465744173734, 0.0002981384318822452, 3.385196499999438
3354.1465744173734, 0.0002981384318822452, 3.385719099999733
3354.1465744173734, 0.0002981384318822452, 3.3862395999994988
3354.1465744173734, 0.0002981384318822452, 3.3867583000001105
3354.1465744173734, 0.0002981384318822452, 3.387280400000236
3354.1465744173734, 0.0002981384318822452, 3.3878021999998964
3354.1465744173734, 0.0002981384318822452, 3.3883217000002332
3354.1465744173734, 0.0002981384318822452, 3.3890682999999626
3354.1465744173734, 0.0002981384318822452, 3.3896002000001317
3354.1465744173734, 0.0002981384318822452, 3.390124200000173
3354.1465744173734, 0.0002981384318822452, 3.390727099999822
3354.1465744173734, 0.0002981384318822452, 3.3912501999993765
3354.1465744173734, 0.0002981384318822452, 3.391768499999671
3354.1465744173734, 0.0002981384318822452, 3.3922857999996268
3354.1465744173734, 0.0002981384318822452, 3.39280509999935
3354.1465744173734, 0.0002981384318822452, 3.3933252999995602
3354.1465744173734, 0.0002981384318822452, 3.393844799999897
3354.1465744173734, 0.0002981384318822452, 3.3943632000000434
3354.1465744173734, 0.0002981384318822452, 3.3948868999996193
3354.1465744173734, 0.0002981384318822452, 3.3954053999996177
3354.1465744173734, 0.0002981384318822452, 3.395923999999468
3354.1465744173734, 0.0002981384318822452, 3.3964484999996785
3354.1465744173734, 0.0002981384318822452, 3.396973199999593
3354.1465744173734, 0.0002981384318822452, 3.3974960999994437
3354.1465744173734, 0.0002981384318822452, 3.3980155999997805
3354.1465744173734, 0.0002981384318822452, 3.3985388000000967
3354.1465744173734, 0.0002981384318822452, 3.3991605000001073
3354.1465744173734, 0.0002981384318822452, 3.3996791999998095
3354.1465744173734, 0.0002981384318822452, 3.400199099999554
3354.1465744173734, 0.0002981384318822452, 3.4007197000000815
3354.1465744173734, 0.0002981384318822452, 3.401342299999669
3354.1465744173734, 0.0002981384318822452, 3.401858700000048
3354.1465744173734, 0.0002981384318822452, 3.4023841999996876
3354.1465744173734, 0.0002981384318822452, 3.4029036000001724
3354.1465744173734, 0.0002981384318822452, 3.4034193999996205
3354.1465744173734, 0.0002981384318822452, 3.40394329999981
3354.1465744173734, 0.0002981384318822452, 3.404466799999682
3354.1465744173734, 0.0002981384318822452, 3.404984799999511
3354.1465744173734, 0.0002981384318822452, 3.405501600000207
3354.1465744173734, 0.0002981384318822452, 3.406022899999698
3354.1465744173734, 0.0002981384318822452, 3.406539200000225
3354.1465744173734, 0.0002981384318822452, 3.4070568999995885
3354.1465744173734, 0.0002981384318822452, 3.407572199999777
3354.1465744173734, 0.0002981384318822452, 3.4080979999998817
3354.1465744173734, 0.0002981384318822452, 3.408616799999436
3354.1465744173734, 0.0002981384318822452, 3.409236299999975
3354.1465744173734, 0.0002981384318822452, 3.4097608000001856
3354.1465744173734, 0.0002981384318822452, 3.4103156000001036
3354.1465744173734, 0.0002981384318822452, 3.410848200000146
3354.1465744173734, 0.0002981384318822452, 3.4114755000000514
3354.1465744173734, 0.0002981384318822452, 3.4120014999998602
3354.1465744173734, 0.0002981384318822452, 3.4125309000000925
3354.1465744173734, 0.0002981384318822452, 3.413055500000155
3354.1465744173734, 0.0002981384318822452, 3.4135817999995197
3354.1465744173734, 0.0002981384318822452, 3.414105099999688
3354.1465744173734, 0.0002981384318822452, 3.4146242999995593
3354.1465744173734, 0.0002981384318822452, 3.4151457999996637
3354.1465744173734, 0.0002981384318822452, 3.4156686999995145
3354.1465744173734, 0.0002981384318822452, 3.4161889999995765
3354.1465744173734, 0.0002981384318822452, 3.416707999999744
3354.1465744173734, 0.0002981384318822452, 3.4172342000001663
3354.1465744173734, 0.0002981384318822452, 3.417753300000186
3354.1465744173734, 0.0002981384318822452, 3.4182730000002266
3354.1465744173734, 0.0002981384318822452, 3.418791500000225
3354.1465744173734, 0.0002981384318822452, 3.419417899999644
3354.1465744173734, 0.0002981384318822452, 3.4199360000002343
3354.1465744173734, 0.0002981384318822452, 3.4204547999997885
3354.1465744173734, 0.0002981384318822452, 3.4209758999995756
3354.1465744173734, 0.0002981384318822452, 3.4215761999994356
3354.1465744173734, 0.0002981384318822452, 3.422094599999582
3354.1465744173734, 0.0002981384318822452, 3.42261150000013
3354.1465744173734, 0.0002981384318822452, 3.423131999999896
3354.1465744173734, 0.0002981384318822452, 3.4236503000001903
3354.1465744173734, 0.0002981384318822452, 3.4241684999997233
3354.1465744173734, 0.0002981384318822452, 3.4246902999993836
3354.1465744173734, 0.0002981384318822452, 3.4252075999993394
3354.1465744173734, 0.0002981384318822452, 3.4257247999994433
3354.1465744173734, 0.0002981384318822452, 3.426249999999527
3354.1465744173734, 0.0002981384318822452, 3.426767099999779
3354.1465744173734, 0.0002981384318822452, 3.4272918999995454
3354.1465744173734, 0.0002981384318822452, 3.4278094000001147
3354.1465744173734, 0.0002981384318822452, 3.4283353000000716
3354.1465744173734, 0.0002981384318822452, 3.4288532000000487
3354.1465744173734, 0.0002981384318822452, 3.4295721999997113
3354.1465744173734, 0.0002981384318822452, 3.4305788000001485
3354.1465744173734, 0.0002981384318822452, 3.4311449999995602
3354.1465744173734, 0.0002981384318822452, 3.4317344000000958
3354.1465744173734, 0.0002981384318822452, 3.432284599999548
3354.1465744173734, 0.0002981384318822452, 3.4328349999996135
3354.1465744173734, 0.0002981384318822452, 3.433381400000144
3354.1465744173734, 0.0002981384318822452, 3.4339609999997265
3354.1465744173734, 0.0002981384318822452, 3.434503699999368
3354.1465744173734, 0.0002981384318822452, 3.4350245999994513
3354.1465744173734, 0.0002981384318822452, 3.435541899999407
3354.1465744173734, 0.0002981384318822452, 3.436060699999871
3354.1465744173734, 0.0002981384318822452, 3.4365797000000384
3354.1465744173734, 0.0002981384318822452, 3.437096599999677
3354.1465744173734, 0.0002981384318822452, 3.4376173000000563
3354.1465744173734, 0.0002981384318822452, 3.4381390999997166
3354.1465744173734, 0.0002981384318822452, 3.4386571999993976
3354.1465744173734, 0.0002981384318822452, 3.439175499999692
3354.1465744173734, 0.0002981384318822452, 3.439786599999934
3354.1465744173734, 0.0002981384318822452, 3.440301499999805
3354.1465744173734, 0.0002981384318822452, 3.4408229999999094
3354.1465744173734, 0.0002981384318822452, 3.4413409999997384
3354.1465744173734, 0.0002981384318822452, 3.4419637999999395
3354.1465744173734, 0.0002981384318822452, 3.442482899999959
3354.1465744173734, 0.0002981384318822452, 3.4429997999995976
3354.1465744173734, 0.0002981384318822452, 3.443515599999955
3354.1465744173734, 0.0002981384318822452, 3.4440315000001647
3354.1465744173734, 0.0002981384318822452, 3.4445494999999937
3354.1465744173734, 0.0002981384318822452, 3.445064999999886
3354.1465744173734, 0.0002981384318822452, 3.4455809000000954
3354.1465744173734, 0.0002981384318822452, 3.4460994999999457
3354.1465744173734, 0.0002981384318822452, 3.4466194999995423
3354.1465744173734, 0.0002981384318822452, 3.447135999999773
3354.1465744173734, 0.0002981384318822452, 3.447650299999623
3354.1465744173734, 0.0002981384318822452, 3.4481697000001077
3354.1465744173734, 0.00029773705921936055, 3.4486878999996406
3354.1465744173734, 0.0002965166228752016, 3.4492089999994278
3354.1465744173734, 0.0002965166228752016, 3.4498655999996117
3354.1465744173734, 0.0002981384318822452, 3.4503881000000547
3354.1465744173734, 0.0002981384318822452, 3.450992299999598
3354.1465744173734, 0.0002981384318822452, 3.4515378999994937
3354.1465744173734, 0.0002981384318822452, 3.452141400000073
3354.1465744173734, 0.0002981384318822452, 3.452661100000114
3354.1465744173734, 0.0002981384318822452, 3.4531833999999435
3354.1465744173734, 0.0002981384318822452, 3.4537014999996245
3354.1465744173734, 0.0002981384318822452, 3.4542178000001513
3354.1465744173734, 0.0002981384318822452, 3.4547394000001077
3354.1465744173734, 0.0002981384318822452, 3.4552568999997675
3354.1465744173734, 0.0002981384318822452, 3.4557739000001675
3354.1465744173734, 0.0002981384318822452, 3.4562928999994256
3354.1465744173734, 0.0002981384318822452, 3.45681439999953
3354.1465744173734, 0.0002981384318822452, 3.4573414999995293
3354.1465744173734, 0.0002981384318822452, 3.4578598999996757
3354.1465744173734, 0.0002981384318822452, 3.4583851999996114
3354.1465744173734, 0.0002981384318822452, 3.4589052999999694
3354.1465744173734, 0.0002981384318822452, 3.4594239999996717
3354.1465744173734, 0.0002981384318822452, 3.4600485999999364
3354.1465744173734, 0.0002981384318822452, 3.460568499999681
3354.1465744173734, 0.0002981384318822452, 3.46108490000006
3354.1465744173734, 0.0002981384318822452, 3.461608200000228
3354.1465744173734, 0.0002981384318822452, 3.4622288999999
3354.1465744173734, 0.0002981384318822452, 3.4627529999997932
3354.1465744173734, 0.0002981384318822452, 3.463269500000024
3354.1465744173734, 0.0002981384318822452, 3.463793699999769
3354.1465744173734, 0.0002981384318822452, 3.4643127999997887
3354.1465744173734, 0.0002981384318822452, 3.464831199999935
3354.1465744173734, 0.0002981384318822452, 3.4653510999996797
3354.1465744173734, 0.0002981384318822452, 3.4658676999997624
3354.1465744173734, 0.0002981384318822452, 3.4663826999994853
3354.1465744173734, 0.0002981384318822452, 3.466899999999441
3354.1465744173734, 0.0002981384318822452, 3.467424200000096
3354.1465744173734, 0.0002981384318822452, 3.4679434999998193
3354.1465744173734, 0.0002981384318822452, 3.468460399999458
3354.1465744173734, 0.0002981384318822452, 3.4689816000000064
3354.1465744173734, 0.0002981384318822452, 3.4694979999994757
3354.1465744173734, 0.0002981384318822452, 3.470203400000173
3354.1465744173734, 0.0002981384318822452, 3.471077199999854
3354.1465744173734, 0.0002981384318822452, 3.471724500000164
3354.1465744173734, 0.0002981384318822452, 3.472247300000163
3354.1465744173734, 0.0002981384318822452, 3.4728353000000425
3354.1465744173734, 0.0002981384318822452, 3.473359900000105
3354.1465744173734, 0.0002981384318822452, 3.4739142999997057
3354.1465744173734, 0.0002981384318822452, 3.4744313000001057
3354.1465744173734, 0.0002981384318822452, 3.474986999999601
3354.1465744173734, 0.0002981384318822452, 3.4755379999996876
3354.1465744173734, 0.0002981384318822452, 3.4760525000001508
3354.1465744173734, 0.0002981384318822452, 3.4766030000000683
3354.1465744173734, 0.0002981384318822452, 3.4771246999998766
3354.1465744173734, 0.0002981384318822452, 3.4776762999999846
3354.1465744173734, 0.0002981384318822452, 3.4781942999998137
3354.1465744173734, 0.0002981384318822452, 3.4787491999995837
3354.1465744173734, 0.0002981384318822452, 3.479263700000047
3354.1465744173734, 0.0002981384318822452, 3.4798148999998375
3354.1465744173734, 0.0002981384318822452, 3.4803357000000688
3354.1465744173734, 0.0002981384318822452, 3.480977299999722
3354.1465744173734, 0.0002981384318822452, 3.481542900000022
3354.1465744173734, 0.0002981384318822452, 3.482068700000127
3354.1465744173734, 0.0002981384318822452, 3.4826655999995637
3354.1465744173734, 0.0002981384318822452, 3.4835176999995383
3354.1465744173734, 0.0002981384318822452, 3.4840393999993466
3354.1465744173734, 0.0002981384318822452, 3.484994700000243
3354.1465744173734, 0.0002981384318822452, 3.485720599999695
3354.1465744173734, 0.0002981384318822452, 3.486692200000107
3354.1465744173734, 0.0002981384318822452, 3.487512599999718
3354.1465744173734, 0.0002981384318822452, 3.4881706999995004
3354.1465744173734, 0.000297623472903744, 3.4893225999994684
3354.1465744173734, 0.0002981384318822452, 3.490320199999587
3354.1465744173734, 0.0002981384318822452, 3.49096499999996
3354.1465744173734, 0.0002981384318822452, 3.491556699999819
3354.1465744173734, 0.0002981384318822452, 3.492389799999728
3354.1465744173734, 0.0002981384318822452, 3.493333299999904
3354.1465744173734, 0.0002981384318822452, 3.494602699999632
3354.1465744173734, 0.0002981384318822452, 3.496172000000115
3354.1465744173734, 0.0002981384318822452, 3.4967971999994916
3354.1465744173734, 0.0002981384318822452, 3.4973486999997476
3354.1465744173734, 0.0002981384318822452, 3.497898200000236
3354.1465744173734, 0.0002981384318822452, 3.4984494999998788
3354.1465744173734, 0.0002981384318822452, 3.4990014999993946
3354.1465744173734, 0.0002981384318822452, 3.4995774999997593
3354.1465744173734, 0.0002981384318822452, 3.500353399999767
3354.1465744173734, 0.0002981384318822452, 3.502235699999801
3354.1465744173734, 0.0002981384318822452, 3.503260099999352
3354.1465744173734, 0.0002981384318822452, 3.504201199999443
3354.1465744173734, 0.0002981384318822452, 3.504757300000165
3354.1465744173734, 0.0002981384318822452, 3.5053068999995958
3354.1465744173734, 0.0002981384318822452, 3.505872300000192
3354.1465744173734, 0.0002981384318822452, 3.506439199999477
3354.1465744173734, 0.0002981384318822452, 3.5070073999995657
3354.1465744173734, 0.0002981384318822452, 3.507579699999951
3354.1465744173734, 0.0002981384318822452, 3.5081436999998914
3354.1465744173734, 0.0002981384318822452, 3.5087161999999807
3353.099761652543, 0.0002982315084795329, 3.5092822999995406
3353.099761652543, 0.0002982315084795329, 3.509853900000053
3353.099761652543, 0.0002982315084795329, 3.510429299999487
3353.099761652543, 0.0002982315084795329, 3.511000299999978
3353.099761652543, 0.0002982315084795329, 3.51156439999977
3353.099761652543, 0.0002982315084795329, 3.5121256000002177
3353.099761652543, 0.0002982315084795329, 3.5126933000001372
3353.099761652543, 0.0002982315084795329, 3.513258899999528
3353.099761652543, 0.0002982315084795329, 3.51382730000023
3353.099761652543, 0.0002982315084795329, 3.5143921999997474
3353.099761652543, 0.0002982315084795329, 3.514959799999815
3353.099761652543, 0.0002982315084795329, 3.5155251999995016
3353.099761652543, 0.0002982315084795329, 3.5160839000000124
3353.099761652543, 0.0002982315084795329, 3.516769299999396
3353.099761652543, 0.0002982315084795329, 3.5177990000001955
3353.099761652543, 0.0002982315084795329, 3.5183311000000685
3353.099761652543, 0.0002982315084795329, 3.5188914999998815
3353.099761652543, 0.0002982315084795329, 3.519449899999927
3353.099761652543, 0.0002982315084795329, 3.519967899999756
3353.099761652543, 0.0002982315084795329, 3.520560099999784
3353.099761652543, 0.0002982315084795329, 3.521080699999402
3353.099761652543, 0.0002982315084795329, 3.521639900000082
3353.099761652543, 0.0002982315084795329, 3.5221599999995306
3353.099761652543, 0.0002982315084795329, 3.522752400000172
3353.099761652543, 0.0002982315084795329, 3.52326979999998
3353.099761652543, 0.0002982315084795329, 3.5238211999994746
3353.099761652543, 0.0002982315084795329, 3.5243602999998984
3353.099761652543, 0.0002982315084795329, 3.5248956999994334
3353.099761652543, 0.0002982315084795329, 3.5254628000002413
3353.099761652543, 0.0002982315084795329, 3.525991399999839
3353.099761652543, 0.0002982315084795329, 3.526546199999757
3353.099761652543, 0.0002982315084795329, 3.5270644000001994
3353.099761652543, 0.0002982315084795329, 3.5276162999998633
3353.099761652543, 0.0002982315084795329, 3.5281396999998833
3353.099761652543, 0.0002982315084795329, 3.5286952999995265
3353.099761652543, 0.0002982315084795329, 3.5292115000002013
3353.099761652543, 0.0002982315084795329, 3.529768800000056
3353.099761652543, 0.0002982315084795329, 3.5302889999993567
3353.099761652543, 0.0002982315084795329, 3.53087559999949
3353.099761652543, 0.0002982315084795329, 3.531429399999979
3353.099761652543, 0.0002982315084795329, 3.53194910000002
3353.099761652543, 0.0002982315084795329, 3.532535899999857
3353.099761652543, 0.0002982315084795329, 3.533207099999345
3353.099761652543, 0.0002982315084795329, 3.533997999999883
3353.099761652543, 0.0002982315084795329, 3.534561099999337
3353.099761652543, 0.0002982315084795329, 3.53508359999978
3353.099761652543, 0.0002982315084795329, 3.535638199999994
3353.099761652543, 0.0002982315084795329, 3.5361607999993794
3353.099761652543, 0.0002982315084795329, 3.5367169999999533
3353.099761652543, 0.0002982315084795329, 3.5372386999997616
3353.099761652543, 0.0002982315084795329, 3.537800399999469
3353.099761652543, 0.0002982315084795329, 3.5383467999999993
3353.099761652543, 0.0002982315084795329, 3.538880500000232
3353.099761652543, 0.0002982315084795329, 3.5394366999998965
3353.099761652543, 0.0002982315084795329, 3.5399618000001283
3353.099761652543, 0.00029777815385588393, 3.5405611999995017
3353.099761652543, 0.0002982315084795329, 3.541081700000177
3353.099761652543, 0.0002982315084795329, 3.5416408000000956
3353.099761652543, 0.0002982315084795329, 3.5421646999993754
3353.099761652543, 0.0002982315084795329, 3.5427530999995724
3353.099761652543, 0.0002982315084795329, 3.543272199999592
3353.099761652543, 0.0002982315084795329, 3.543830099999468
3353.099761652543, 0.0002982315084795329, 3.544384699999682
3353.099761652543, 0.0002982315084795329, 3.5449048999998922
3353.099761652543, 0.0002982315084795329, 3.5454663000000437
3353.099761652543, 0.0002982315084795329, 3.545985799999471
3353.099761652543, 0.0002982315084795329, 3.546540599999389
3353.099761652543, 0.0002982315084795329, 3.5470573000002332
3353.099761652543, 0.0002982315084795329, 3.5476162999993903
3353.099761652543, 0.0002977226582420005, 3.5481377999994947
3353.099761652543, 0.0002982315084795329, 3.548692100000153
3353.099761652543, 0.0002982315084795329, 3.5492162000000462
3353.099761652543, 0.0002982315084795329, 3.5498994999998104
3353.099761652543, 0.00029765433591236396, 3.5504870999993727
3353.099761652543, 0.0002982315084795329, 3.5510064000000057
3353.099761652543, 0.0002982315084795329, 3.5516313999996783
3353.099761652543, 0.0002982315084795329, 3.5522648999995
3353.099761652543, 0.0002982315084795329, 3.552856299999803
3353.099761652543, 0.0002982315084795329, 3.553411899999446
3353.099761652543, 0.0002982315084795329, 3.553933799999868
3353.099761652543, 0.0002982315084795329, 3.5544567999995706
3353.099761652543, 0.0002982315084795329, 3.5549757999997382
3353.099761652543, 0.0002982315084795329, 3.5554971999999907
3353.099761652543, 0.0002982315084795329, 3.5560184999994817
3353.099761652543, 0.0002982315084795329, 3.5565354999998817
3353.099761652543, 0.0002982315084795329, 3.5570530999993935
3353.099761652543, 0.0002982315084795329, 3.5575724000000264
3353.099761652543, 0.0002982315084795329, 3.558095399999729
3353.099761652543, 0.0002982315084795329, 3.5586137999998755
3353.099761652543, 0.0002982315084795329, 3.559133599999768
3353.099761652543, 0.0002982315084795329, 3.5596552999995765
3353.099761652543, 0.0002982315084795329, 3.5601729999998497
3353.099761652543, 0.0002982315084795329, 3.560776799999985
3353.099761652543, 0.00029776670574374955, 3.561297199999899
3353.099761652543, 0.0002982315084795329, 3.5618201999996018
3353.099761652543, 0.0002982315084795329, 3.5623821999997745
3353.099761652543, 0.0002982315084795329, 3.5630154000000402
3353.099761652543, 0.0002982315084795329, 3.563547199999448
3353.099761652543, 0.0002982315084795329, 3.5640709999997853
3353.099761652543, 0.0002982315084795329, 3.564595499999996
3353.099761652543, 0.0002982315084795329, 3.5651177999998254
3353.099761652543, 0.0002982315084795329, 3.565642200000184
3353.099761652543, 0.0002982315084795329, 3.566171399999803
3353.099761652543, 0.0002982315084795329, 3.566763699999683
3353.099761652543, 0.0002982315084795329, 3.5672889999996187
3353.099761652543, 0.0002982315084795329, 3.568313499999931
3353.099761652543, 0.0002982315084795329, 3.5692314999996597
3353.099761652543, 0.0002982315084795329, 3.5697599999994054
3353.099761652543, 0.0002982315084795329, 3.5703960000000734
3353.099761652543, 0.0002982315084795329, 3.5710055999998076
3353.099761652543, 0.0002982315084795329, 3.5715276999999332
3353.099761652543, 0.0002982315084795329, 3.572051499999361
3353.099761652543, 0.0002982315084795329, 3.572570299999825
3353.099761652543, 0.0002982315084795329, 3.5731955000001108
3353.099761652543, 0.0002982315084795329, 3.573718199999348
3353.099761652543, 0.0002982315084795329, 3.574243999999453
3353.099761652543, 0.0002982315084795329, 3.5747676000000865
3353.099761652543, 0.0002982315084795329, 3.575287499999831
3353.099761652543, 0.0002982315084795329, 3.575814299999365
3353.099761652543, 0.0002982315084795329, 3.576336799999808
3353.099761652543, 0.0002982315084795329, 3.5768557000001238
3353.099761652543, 0.0002982315084795329, 3.5773748999999953
3353.099761652543, 0.0002982315084795329, 3.5778989999998885
3353.099761652543, 0.0002982315084795329, 3.5784170999995695
3353.099761652543, 0.0002982315084795329, 3.578935599999568
3353.099761652543, 0.0002982315084795329, 3.579458000000159
3353.099761652543, 0.0002982315084795329, 3.5799762999995437
3353.099761652543, 0.0002982315084795329, 3.5804960999994364
3353.099761652543, 0.0002982315084795329, 3.581117699999595
3353.099761652543, 0.0002982315084795329, 3.5816389000001436
3353.099761652543, 0.0002982315084795329, 3.582153599999401
3353.099761652543, 0.0002982315084795329, 3.582677800000056
3353.099761652543, 0.0002982315084795329, 3.5833033999997497
3353.099761652543, 0.0002982315084795329, 3.5838284999999814
3353.099761652543, 0.0002982315084795329, 3.5843466999995144
3353.099761652543, 0.0002982315084795329, 3.5848697000001266
3353.099761652543, 0.0002982315084795329, 3.58539380000002
3353.099761652543, 0.0002982315084795329, 3.58591559999968
3353.099761652543, 0.0002982315084795329, 3.5864332000001014
3353.099761652543, 0.0002982315084795329, 3.5869548999999097
3353.099761652543, 0.0002982315084795329, 3.5874745000000985
3353.099761652543, 0.0002982315084795329, 3.587994099999378
3353.099761652543, 0.0002982315084795329, 3.5885165999998208
3353.099761652543, 0.0002982315084795329, 3.5890370999995866
3353.099761652543, 0.0002982315084795329, 3.5895573999996486
3353.099761652543, 0.00029796136115030944, 3.590075799999795
3353.099761652543, 0.0002982315084795329, 3.5905979999997726
3353.099761652543, 0.0002982315084795329, 3.5912663999997676
3353.099761652543, 0.0002982315084795329, 3.5921733999994103
3353.099761652543, 0.0002982315084795329, 3.5931660999995074
3353.099761652543, 0.0002982315084795329, 3.593704799999614
3353.099761652543, 0.0002982315084795329, 3.5942246999993586
3353.099761652543, 0.0002982315084795329, 3.5947495999998864
3353.099761652543, 0.0002982315084795329, 3.595268600000054
3353.099761652543, 0.0002982315084795329, 3.595792999999503
3353.099761652543, 0.0002982315084795329, 3.596313399999417
3353.099761652543, 0.0002982315084795329, 3.596831299999394
3353.099761652543, 0.0002982315084795329, 3.597353699999985
3353.099761652543, 0.0002982315084795329, 3.597871199999645
3353.099761652543, 0.0002982315084795329, 3.5983900000001086
3353.099761652543, 0.0002982315084795329, 3.598906399999578
3353.099761652543, 0.0002982315084795329, 3.5994376999997257
3353.099761652543, 0.0002982315084795329, 3.5999581999994916
3353.099761652543, 0.0002982315084795329, 3.6004778999995324
3353.099761652543, 0.0002982315084795329, 3.601000199999362
3353.099761652543, 0.0002982315084795329, 3.6016325999999026
3353.099761652543, 0.0002982315084795329, 3.6021522000000914
3353.099761652543, 0.0002982315084795329, 3.6026707999999417
3353.099761652543, 0.0002982315084795329, 3.6031935000000885
3353.099761652543, 0.0002982315084795329, 3.603817999999592
3353.099761652543, 0.0002982315084795329, 3.604336599999442
3353.099761652543, 0.0002982315084795329, 3.6048577000001387
3353.099761652543, 0.0002982315084795329, 3.6053775999998834
3353.099761652543, 0.0002982315084795329, 3.605896500000199
3353.099761652543, 0.0002982315084795329, 3.606415499999457
3353.099761652543, 0.0002982315084795329, 3.6069390000002386
3353.099761652543, 0.0002982315084795329, 3.607455399999708
3353.099761652543, 0.0002982315084795329, 3.6079780999998547
3353.099761652543, 0.00029804258190092734, 3.6085026000000653
3353.099761652543, 0.0002982315084795329, 3.60902249999981
3353.099761652543, 0.0002982315084795329, 3.609540399999787
3353.099761652543, 0.0002982315084795329, 3.610059199999341
3353.099761652543, 0.0002982315084795329, 3.610581299999467
3353.099761652543, 0.0002982315084795329, 3.6111006999999518
3353.099761652543, 0.0002982315084795329, 3.611737700000049
3353.099761652543, 0.0002982315084795329, 3.6122653000002174
3353.099761652543, 0.0002982315084795329, 3.612788399999772
3353.099761652543, 0.0002982315084795329, 3.613308099999813
3353.099761652543, 0.0002982315084795329, 3.6139323999996122
3353.099761652543, 0.0002982315084795329, 3.6144555999999284
3353.099761652543, 0.0002982315084795329, 3.6149774999994406
3353.099761652543, 0.0002982315084795329, 3.615495799999735
3353.099761652543, 0.0002982315084795329, 3.616016399999353
3353.099761652543, 0.0002982315084795329, 3.6165368000001763
3353.099761652543, 0.0002982315084795329, 3.617055900000196
3353.099761652543, 0.0002982315084795329, 3.6175765999996656
3353.099761652543, 0.0002982315084795329, 3.6181015000001935
3353.099761652543, 0.0002982315084795329, 3.618621599999642
3353.099761652543, 0.0002982315084795329, 3.6191400999996404
3353.099761652543, 0.0002982315084795329, 3.6196642999993855
3353.099761652543, 0.0002982315084795329, 3.620181700000103
3353.099761652543, 0.0002982315084795329, 3.6207039000000805
3353.099761652543, 0.0002982315084795329, 3.6212252999994234
3353.099761652543, 0.0002982315084795329, 3.6218285999993896
3353.099761652543, 0.0002982315084795329, 3.622349999999642
3353.099761652543, 0.0002982315084795329, 3.622869499999979
3353.099761652543, 0.0002982315084795329, 3.623392899999999
3353.099761652543, 0.0002982315084795329, 3.6240152999998827
3353.099761652543, 0.0002982315084795329, 3.6245320999996693
3353.099761652543, 0.0002982315084795329, 3.6250535999997737
3353.099761652543, 0.0002982315084795329, 3.6255770999996457
3353.099761652543, 0.0002982315084795329, 3.626097999999729
3353.099761652543, 0.0002982315084795329, 3.6266170999997485
3353.099761652543, 0.0002982315084795329, 3.627139100000022
3353.099761652543, 0.0002982315084795329, 3.627653900000041
3353.099761652543, 0.0002982315084795329, 3.6281785000001037
3353.099761652543, 0.0002982315084795329, 3.6286985999995522
3353.099761652543, 0.0002982315084795329, 3.6292251999993823
3353.099761652543, 0.0002982315084795329, 3.6297458999997616
3353.099761652543, 0.0002982315084795329, 3.6302656999996543
3353.099761652543, 0.0002982315084795329, 3.6307888999999705
3353.099761652543, 0.0002982315084795329, 3.6313129000000117
3353.099761652543, 0.0002982315084795329, 3.631949099999474
3353.099761652543, 0.0002982315084795329, 3.6324703000000227
3353.099761652543, 0.0002982315084795329, 3.6329993999997896
3353.099761652543, 0.0002982315084795329, 3.633518199999344
3353.099761652543, 0.0002982315084795329, 3.6341398999993544
3353.099761652543, 0.0002982315084795329, 3.6346661999996286
3353.099761652543, 0.0002982315084795329, 3.6352241999993566
3353.099761652543, 0.0002982315084795329, 3.635750200000075
3353.099761652543, 0.0002982315084795329, 3.6362782999995034
3353.099761652543, 0.0002982315084795329, 3.6368063999998412
3353.099761652543, 0.0002982315084795329, 3.6373364999999467
3353.099761652543, 0.0002980139839841918, 3.637860400000136
3353.099761652543, 0.0002982315084795329, 3.6383850000001985
3353.099761652543, 0.0002982315084795329, 3.6389085999999224
3353.099761652543, 0.0002982315084795329, 3.639430700000048
3353.099761652543, 0.0002982315084795329, 3.639956600000005
3353.099761652543, 0.0002982315084795329, 3.640482499999962
3353.099761652543, 0.0002982315084795329, 3.6410077999998975
3353.099761652543, 0.0002982315084795329, 3.6415289999995366
3353.099761652543, 0.0002982315084795329, 3.6421590999998443
3353.099761652543, 0.0002982315084795329, 3.642678799999885
3353.099761652543, 0.0002982315084795329, 3.6431996999999683
3353.099761652543, 0.0002982315084795329, 3.6437236000001576
3353.099761652543, 0.0002982315084795329, 3.6443460000000414
3353.099761652543, 0.0002982315084795329, 3.644863499999701
3353.099761652543, 0.0002982315084795329, 3.6453811999999743
3353.099761652543, 0.0002982315084795329, 3.645905800000037
3353.099761652543, 0.0002982315084795329, 3.6464227999995273
3353.099761652543, 0.0002982315084795329, 3.6469452999999703
3353.099761652543, 0.000297820184856965, 3.6474692000001596
3353.099761652543, 0.0002982315084795329, 3.647989299999608
3353.099761652543, 0.0002982315084795329, 3.6485093000001143
3353.099761652543, 0.0002982315084795329, 3.649029000000155
3353.099761652543, 0.0002982315084795329, 3.649555500000133
3353.099761652543, 0.0002977328028689381, 3.6500724999996237
3353.099761652543, 0.0002977328028689381, 3.650591799999347
3353.099761652543, 0.0002982315084795329, 3.651116000000002
3353.099761652543, 0.0002982315084795329, 3.6516352999997252
3353.099761652543, 0.0002982315084795329, 3.6522645999993983
3353.099761652543, 0.0002982315084795329, 3.6531917000002068
3353.099761652543, 0.0002982315084795329, 3.6540906000000177
3353.099761652543, 0.0002982315084795329, 3.6547161999997115
3353.099761652543, 0.0002982315084795329, 3.6552394999998796
3353.099761652543, 0.00029810417131214296, 3.6557593999996243
3353.099761652543, 0.0002982315084795329, 3.6562832999998136
3353.099761652543, 0.0002982315084795329, 3.656801999999516
3353.099761652543, 0.0002982315084795329, 3.6573210999995354
3353.099761652543, 0.0002982315084795329, 3.6578414999994493
3353.099761652543, 0.0002982315084795329, 3.6583620999999766
3353.099761652543, 0.0002982315084795329, 3.6588797999993403
3353.099761652543, 0.0002982315084795329, 3.6594036999995296
3353.099761652543, 0.0002982315084795329, 3.6599255000000994
3353.099761652543, 0.0002982315084795329, 3.6604428999999072
3353.099761652543, 0.0002982315084795329, 3.6609622999994826
3353.099761652543, 0.0002982315084795329, 3.6614847999999256
3353.099761652543, 0.0002982315084795329, 3.662159299999985
3353.099761652543, 0.00029794023519849546, 3.6627729000001636
3353.099761652543, 0.0002982315084795329, 3.6632936999994854
3353.099761652543, 0.0002982315084795329, 3.663816499999484
3353.099761652543, 0.0002982315084795329, 3.664335499999652
3353.099761652543, 0.0002982315084795329, 3.6649571999996624
3353.099761652543, 0.0002982315084795329, 3.6654748000000836
3353.099761652543, 0.0002982315084795329, 3.666001999999935
3353.099761652543, 0.00029686960335471635, 3.666526099999828
3353.099761652543, 0.0002982315084795329, 3.6670476999997845
3353.099761652543, 0.0002982315084795329, 3.667566299999635
3353.099761652543, 0.0002982315084795329, 3.6680857000001197
3353.099761652543, 0.0002982315084795329, 3.6686030000000756
3353.099761652543, 0.0002982315084795329, 3.6691235999996934
3353.099761652543, 0.0002982315084795329, 3.6696516000001793
3353.099761652543, 0.0002982315084795329, 3.670173900000009
3353.099761652543, 0.0002982315084795329, 3.6706915999993726
3353.099761652543, 0.0002982315084795329, 3.6712133000000904
3353.099761652543, 0.0002974691130910968, 3.671736199999941
3353.099761652543, 0.0002982315084795329, 3.6722555999995166
3353.099761652543, 0.0002982315084795329, 3.672979199999645
3353.099761652543, 0.0002982315084795329, 3.673519799999667
3353.099761652543, 0.0002982315084795329, 3.674038600000131
3353.099761652543, 0.0002982315084795329, 3.674556799999664
3353.099761652543, 0.0002982315084795329, 3.6751798999994207
3353.099761652543, 0.0002982315084795329, 3.6757041999999274
3353.099761652543, 0.0002982315084795329, 3.6762220999999045
3353.099761652543, 0.0002982315084795329, 3.676741199999924
3353.099761652543, 0.0002982315084795329, 3.6772605999994994
3353.099761652543, 0.0002982315084795329, 3.677776699999413
3353.099761652543, 0.0002982315084795329, 3.678293699999813
3353.099761652543, 0.0002982315084795329, 3.6788111999994726
3353.099761652543, 0.0002982315084795329, 3.6793330999998943
3353.099761652543, 0.0002982315084795329, 3.679849799999829
3353.099761652543, 0.0002982315084795329, 3.680367599999954
3353.099761652543, 0.0002982315084795329, 3.6808829999999944
3353.099761652543, 0.0002982315084795329, 3.6814057000001412
3353.099761652543, 0.0002982315084795329, 3.681923199999801
3353.099761652543, 0.0002982315084795329, 3.682446699999673
3353.099761652543, 0.0002980600239212113, 3.68308369999977
3353.099761652543, 0.0002982315084795329, 3.6836021999997683
3353.099761652543, 0.0002982315084795329, 3.6841237999997247
3353.099761652543, 0.0002982315084795329, 3.684644999999364
3353.099761652543, 0.0002982315084795329, 3.6852672999993956
3353.099761652543, 0.0002982315084795329, 3.6857838999994783
3353.099761652543, 0.0002982315084795329, 3.6863008000000264
3353.099761652543, 0.0002982315084795329, 3.6868211999999403
3353.099761652543, 0.0002982315084795329, 3.6873361999996632
3353.099761652543, 0.0002982315084795329, 3.6878554999993867
3353.099761652543, 0.0002982315084795329, 3.688370699999723
3353.099761652543, 0.0002982315084795329, 3.688895700000103
3353.099761652543, 0.0002982315084795329, 3.689415099999678
3353.099761652543, 0.0002982315084795329, 3.689937299999656
3353.099761652543, 0.0002982315084795329, 3.6904571999994005
3353.099761652543, 0.0002982315084795329, 3.690975299999991
3353.099761652543, 0.0002982315084795329, 3.691495799999757
3353.099761652543, 0.0002982315084795329, 3.692015999999967
3353.099761652543, 0.0002982315084795329, 3.692533999999796
3353.099761652543, 0.0002982315084795329, 3.6932317999999213
3353.099761652543, 0.0002982315084795329, 3.693768899999668
3353.099761652543, 0.0002982315084795329, 3.694292499999392
3353.099761652543, 0.0002982315084795329, 3.6948140999993484
3353.099761652543, 0.0002982315084795329, 3.695435199999338
3353.099761652543, 0.0002982315084795329, 3.6960418999997273
3353.099761652543, 0.0002982315084795329, 3.696649699999398
3353.099761652543, 0.0002982315084795329, 3.697211900000184
3353.099761652543, 0.0002982315084795329, 3.697729999999865
3353.099761652543, 0.0002982315084795329, 3.6982585999994626
3353.099761652543, 0.0002982315084795329, 3.698779700000159
3353.099761652543, 0.0002982315084795329, 3.69929460000003
3353.099761652543, 0.0002982315084795329, 3.6998223000000507
3353.099761652543, 0.0002982315084795329, 3.7003421999997954
3353.099761652543, 0.0002982315084795329, 3.7008602999994764
3353.099761652543, 0.0002982315084795329, 3.701376799999707
3353.099761652543, 0.0002982315084795329, 3.7018981999999596
3353.099761652543, 0.0002982315084795329, 3.702414599999429
3353.099761652543, 0.0002982315084795329, 3.702934699999787
3353.099761652543, 0.0002982315084795329, 3.703560099999777
3353.099761652543, 0.0002982315084795329, 3.704078199999458
3353.099761652543, 0.0002982315084795329, 3.7045963999999003
3353.099761652543, 0.0002982315084795329, 3.705118899999434
3353.099761652543, 0.0002982315084795329, 3.7057214999995267
3353.099761652543, 0.0002982315084795329, 3.7062418999994406
3353.099761652543, 0.0002982315084795329, 3.7067613999997775
3353.099761652543, 0.0002982315084795329, 3.7073240999998234
3353.099761652543, 0.0002982315084795329, 3.7078532999994422
3353.099761652543, 0.0002982315084795329, 3.7083834999993996
3353.099761652543, 0.0002982315084795329, 3.708907100000033
3353.099761652543, 0.0002982315084795329, 3.709435599999779
3353.099761652543, 0.0002982315084795329, 3.7099582000000737
3353.099761652543, 0.0002982315084795329, 3.710479899999882
3353.099761652543, 0.0002982315084795329, 3.711006499999712
3353.099761652543, 0.0002982315084795329, 3.711525900000197
3353.099761652543, 0.0002982315084795329, 3.7120457000000897
3353.099761652543, 0.0002982315084795329, 3.7125637999997707
3353.099761652543, 0.0002982315084795329, 3.7130843999993886
3353.099761652543, 0.0002982315084795329, 3.713910499999656
3353.099761652543, 0.0002982315084795329, 3.714821999999913
3353.099761652543, 0.0002982315084795329, 3.715704399999595
3353.099761652543, 0.0002982315084795329, 3.716233199999806
3353.099761652543, 0.0002982315084795329, 3.71675199999936
3353.099761652543, 0.0002982315084795329, 3.7172731999999087
3353.099761652543, 0.0002982315084795329, 3.7177965999999287
3353.099761652543, 0.0002982315084795329, 3.7183165999995254
3353.099761652543, 0.0002982315084795329, 3.718835399999989
3353.099761652543, 0.0002982315084795329, 3.719356099999459
3353.099761652543, 0.0002982315084795329, 3.719879999999648
3353.099761652543, 0.0002982315084795329, 3.720396900000196
3353.099761652543, 0.0002982315084795329, 3.7209171999993487
3353.099761652543, 0.0002982315084795329, 3.721438499999749
3353.099761652543, 0.0002982315084795329, 3.721958699999959
3353.099761652543, 0.0002982315084795329, 3.722477700000127
3353.099761652543, 0.0002982315084795329, 3.722996200000125
3353.099761652543, 0.0002982315084795329, 3.7235983999999007
3353.099761652543, 0.0002982315084795329, 3.724120099999709
3353.099761652543, 0.0002982315084795329, 3.7246377000001303
3353.099761652543, 0.0002982315084795329, 3.7251623000001928
3353.099761652543, 0.000298045413364334, 3.7257832999994207
3344.725259533899, 0.0002989782186592372, 3.7263029999994615
3344.725259533899, 0.0002989782186592372, 3.726821199999904
3344.725259533899, 0.0002989782186592372, 3.7273435999995854
3344.725259533899, 0.0002989782186592372, 3.7278611000001547
3344.725259533899, 0.0002989782186592372, 3.7283809000000474
3344.725259533899, 0.0002989782186592372, 3.7289036000001943
3344.725259533899, 0.0002989782186592372, 3.729425099999389
3344.725259533899, 0.0002989782186592372, 3.7299459999994724
3344.725259533899, 0.0002989782186592372, 3.730467599999429
3344.725259533899, 0.0002989782186592372, 3.730983699999342
3344.725259533899, 0.0002989782186592372, 3.731508899999426
3344.725259533899, 0.0002989782186592372, 3.73202609999953
3344.725259533899, 0.0002989782186592372, 3.7325488999995287
3344.725259533899, 0.0002989782186592372, 3.733066400000098
3344.725259533899, 0.0002989782186592372, 3.7335849000000962
3344.725259533899, 0.0002989782186592372, 3.73452559999987
3344.725259533899, 0.0002989782186592372, 3.7353892000000997
3344.725259533899, 0.0002989782186592372, 3.735987999999452
3344.725259533899, 0.0002989782186592372, 3.7365062999997463
3344.725259533899, 0.0002989782186592372, 3.7370278999997026
3344.725259533899, 0.0002989782186592372, 3.7375480999999127
3344.725259533899, 0.0002989782186592372, 3.7380678999998054
3344.725259533899, 0.0002989782186592372, 3.7385872999993808
3344.725259533899, 0.0002989782186592372, 3.73910960000012
3344.725259533899, 0.0002989782186592372, 3.7396294999998645
3344.725259533899, 0.0002989782186592372, 3.740146299999651
3344.725259533899, 0.0002989782186592372, 3.740667399999438
3344.725259533899, 0.0002989782186592372, 3.741186399999606
3344.725259533899, 0.0002989782186592372, 3.7417036999995616
3344.725259533899, 0.0002989782186592372, 3.7422210999993695
3344.725259533899, 0.0002989782186592372, 3.7427428999999393
3344.725259533899, 0.0002989782186592372, 3.7432616999994934
3344.725259533899, 0.0002989782186592372, 3.7437793999997666
3344.725259533899, 0.0002989782186592372, 3.744408300000032
3344.725259533899, 0.0002989782186592372, 3.7449274999999034
3344.725259533899, 0.0002989782186592372, 3.745444499999394
3344.725259533899, 0.0002989782186592372, 3.7460657999999967
3344.725259533899, 0.0002989782186592372, 3.746582899999339
3344.725259533899, 0.0002989782186592372, 3.747104699999909
3344.725259533899, 0.0002989782186592372, 3.7476237999999285
3344.725259533899, 0.0002989782186592372, 3.7481450999994195
3344.725259533899, 0.0002989782186592372, 3.748663399999714
3344.725259533899, 0.0002989782186592372, 3.7491807999995217
3344.725259533899, 0.0002989782186592372, 3.749701499999901
3344.725259533899, 0.0002989782186592372, 3.750218600000153
3344.725259533899, 0.0002989782186592372, 3.7507332999994105
3344.725259533899, 0.0002989782186592372, 3.75125239999943
3344.725259533899, 0.0002989782186592372, 3.7517737999996825
3344.725259533899, 0.0002989782186592372, 3.752289099999871
3344.725259533899, 0.0002989782186592372, 3.7528095999996367
3344.725259533899, 0.0002989782186592372, 3.7533339000001433
3344.725259533899, 0.0002989782186592372, 3.7538510999993377
3344.725259533899, 0.0002989782186592372, 3.75447129999975
3344.725259533899, 0.0002989782186592372, 3.7549872999998115
3344.725259533899, 0.0002989782186592372, 3.75551170000017
3344.725259533899, 0.0002989782186592372, 3.7560284999999567
3344.725259533899, 0.0002989782186592372, 3.756651900000179
3344.725259533899, 0.0002989782186592372, 3.7571727999993527
3344.725259533899, 0.0002989782186592372, 3.757688199999393
3344.725259533899, 0.0002989782186592372, 3.7582094999997935
3344.725259533899, 0.0002989782186592372, 3.758726199999728
3344.725259533899, 0.0002989782186592372, 3.759247399999367
3344.725259533899, 0.0002989782186592372, 3.759766099999979
3344.725259533899, 0.0002989782186592372, 3.760289400000147
3344.725259533899, 0.0002989782186592372, 3.760816799999702
3344.725259533899, 0.0002989782186592372, 3.7613354999994044
3344.725259533899, 0.0002989782186592372, 3.7618531999996776
3344.725259533899, 0.0002989782186592372, 3.7623794000001
3344.725259533899, 0.0002989782186592372, 3.7628986999998233
3344.725259533899, 0.0002989782186592372, 3.7634149999994406
3344.725259533899, 0.0002989782186592372, 3.7639315999995233
3344.725259533899, 0.0002989782186592372, 3.7645544999995764
3344.725259533899, 0.0002989782186592372, 3.765075999999681
3344.725259533899, 0.0002989782186592372, 3.765594399999827
3344.725259533899, 0.0002989782186592372, 3.7661158999999316
3344.725259533899, 0.0002989782186592372, 3.766716699999961
3344.725259533899, 0.0002989782186592372, 3.7672342999994726
3344.725259533899, 0.0002989782186592372, 3.767752499999915
3344.725259533899, 0.0002989782186592372, 3.768273599999702
3344.725259533899, 0.0002989782186592372, 3.768790600000102
3344.725259533899, 0.0002989782186592372, 3.76931119999972
3344.725259533899, 0.0002989782186592372, 3.7698325000001205
3344.725259533899, 0.0002989782186592372, 3.7703499999997803
3344.725259533899, 0.0002989782186592372, 3.770869699999821
3344.725259533899, 0.0002989782186592372, 3.7713865999994596
3344.725259533899, 0.0002989782186592372, 3.772110199999588
3344.725259533899, 0.0002989782186592372, 3.77262729999984
3344.725259533899, 0.0002989782186592372, 3.7731462000001557
3344.725259533899, 0.0002989782186592372, 3.7736684000001333
3344.725259533899, 0.0002989782186592372, 3.774186199999349
3344.725259533899, 0.0002989782186592372, 3.774933599999713
3344.725259533899, 0.0002989782186592372, 3.7758373999995456
3344.725259533899, 0.0002989782186592372, 3.7768040999999357
3344.725259533899, 0.0002989782186592372, 3.777332199999364
3344.725259533899, 0.0002989782186592372, 3.7778511999995317
3344.725259533899, 0.0002989782186592372, 3.7783691999993607
3344.725259533899, 0.0002989782186592372, 3.778889799999888
3344.725259533899, 0.0002989782186592372, 3.779405499999484
3344.725259533899, 0.0002989782186592372, 3.779921700000159
3344.725259533899, 0.0002989782186592372, 3.780476400000225
3344.725259533899, 0.0002989782186592372, 3.781005499999992
3344.725259533899, 0.0002989782186592372, 3.7815284999996948
3344.725259533899, 0.0002989782186592372, 3.782052300000032
3344.725259533899, 0.0002989782186592372, 3.782582099999672
3344.725259533899, 0.0002989782186592372, 3.783101799999713
3344.725259533899, 0.0002989782186592372, 3.7836231999999654
3344.725259533899, 0.0002989782186592372, 3.7841472999998587
3344.725259533899, 0.0002989782186592372, 3.7847452999994857
3344.725259533899, 0.0002989782186592372, 3.7852677000000767
3344.725259533899, 0.0002989782186592372, 3.7857844999998633
3344.725259533899, 0.0002989782186592372, 3.7863053999999465
3344.725259533899, 0.0002989782186592372, 3.7869276000001264
3344.725259533899, 0.0002989782186592372, 3.787443600000188
3344.725259533899, 0.0002989782186592372, 3.7879659000000174
3344.725259533899, 0.0002989782186592372, 3.7884902999994665
3344.725259533899, 0.0002989782186592372, 3.7890073999997185
3344.725259533899, 0.0002989782186592372, 3.7895291999993788
3344.725259533899, 0.0002989782186592372, 3.7900535999997373
3344.725259533899, 0.0002989782186592372, 3.7905720999997357
3344.725259533899, 0.0002989782186592372, 3.7910892999998396
3344.725259533899, 0.0002989782186592372, 3.7916094000001976
3344.725259533899, 0.0002989782186592372, 3.792126599999392
3344.725259533899, 0.0002989782186592372, 3.7926424999996016
3344.725259533899, 0.0002989782186592372, 3.793158699999367
3344.725259533899, 0.0002989782186592372, 3.7936822000001484
3344.725259533899, 0.0002989782186592372, 3.7942008999998507
3344.725259533899, 0.0002989782186592372, 3.7947187999998278
3344.725259533899, 0.0002989782186592372, 3.7953272999993715
3344.725259533899, 0.0002989782186592372, 3.795846999999412
3344.725259533899, 0.0002989782186592372, 3.7963705000001937
3344.725259533899, 0.0002989782186592372, 3.7969481999998607
3344.725259533899, 0.0002989782186592372, 3.7974935000002006
3344.725259533899, 0.0002989782186592372, 3.7980133999999452
3344.725259533899, 0.00029873315835550175, 3.798530299999584
3344.725259533899, 0.0002989782186592372, 3.799050499999794
3344.725259533899, 0.0002989782186592372, 3.7995676999998977
3344.725259533899, 0.0002989782186592372, 3.800083099999938
3344.725259533899, 0.0002989782186592372, 3.8006034
3344.725259533899, 0.0002989782186592372, 3.801120799999808
3344.725259533899, 0.0002989782186592372, 3.801638799999637
3344.725259533899, 0.0002989782186592372, 3.8021576000001005
3344.725259533899, 0.0002989782186592372, 3.8026810999999725
3344.725259533899, 0.0002989782186592372, 3.8031968999994206
3344.725259533899, 0.0002989782186592372, 3.8037167000002228
3344.725259533899, 0.0002989782186592372, 3.8042344999994384
3344.725259533899, 0.0002989782186592372, 3.8047575999999026
3344.725259533899, 0.0002989782186592372, 3.805375699999786
3344.725259533899, 0.0002989782186592372, 3.8058923999997205
3344.725259533899, 0.0002989782186592372, 3.806410600000163
3344.725259533899, 0.0002989782186592372, 3.8069273999999496
3344.725259533899, 0.0002989782186592372, 3.807546000000002
3344.725259533899, 0.0002989782186592372, 3.8080638000001272
3344.725259533899, 0.0002989782186592372, 3.8085839999994278
3344.725259533899, 0.0002989782186592372, 3.8091027000000395
3344.725259533899, 0.0002989782186592372, 3.809618899999805
3344.725259533899, 0.0002989782186592372, 3.8101353000001836
3344.725259533899, 0.0002989782186592372, 3.8106527999998434
3344.725259533899, 0.0002989782186592372, 3.811168899999757
3344.725259533899, 0.0002989782186592372, 3.811685099999522
3344.725259533899, 0.0002989782186592372, 3.81219929999952
3344.725259533899, 0.0002989782186592372, 3.81271629999992
3344.725259533899, 0.0002989782186592372, 3.813234199999897
3344.725259533899, 0.0002989782186592372, 3.8137510999995357
3344.725259533899, 0.0002989782186592372, 3.8142680000000837
3344.725259533899, 0.0002989782186592372, 3.8147880999995323
3344.725259533899, 0.0002989782186592372, 3.8154046999998172
3344.725259533899, 0.0002989782186592372, 3.815923600000133
3344.725259533899, 0.0002989782186592372, 3.816443199999412
3344.725259533899, 0.0002989782186592372, 3.816959499999939
3344.725259533899, 0.0002989782186592372, 3.817551899999671
3344.725259533899, 0.0002983720582263825, 3.8180703999996695
3344.725259533899, 0.0002989782186592372, 3.8185882999996466
3344.725259533899, 0.0002989782186592372, 3.8191091999997298
3344.725259533899, 0.0002989782186592372, 3.819627099999707
3344.725259533899, 0.0002989782186592372, 3.8201437999996415
3344.725259533899, 0.0002989782186592372, 3.820658900000126
3344.725259533899, 0.0002989782186592372, 3.8211789999995744
3344.725259533899, 0.0002989782186592372, 3.821694000000207
3344.725259533899, 0.0002989782186592372, 3.8222107999999935
3344.725259533899, 0.0002989782186592372, 3.8227281999998013
3344.725259533899, 0.0002989782186592372, 3.8232434000001376
3344.725259533899, 0.0002989782186592372, 3.82376209999984
3344.725259533899, 0.0002989782186592372, 3.824279200000092
3344.725259533899, 0.0002989782186592372, 3.8248007000001962
3344.725259533899, 0.0002989782186592372, 3.825317400000131
3344.725259533899, 0.0002989782186592372, 3.825915100000202
3344.725259533899, 0.0002989782186592372, 3.8264399999998204
3344.725259533899, 0.0002989782186592372, 3.8269633999998405
3344.725259533899, 0.0002989782186592372, 3.827521700000034
3344.725259533899, 0.0002989782186592372, 3.8281010999999125
3344.725259533899, 0.0002989782186592372, 3.8286219999999958
3344.725259533899, 0.0002989782186592372, 3.8291423999999097
3344.725259533899, 0.0002989782186592372, 3.829660200000035
3344.725259533899, 0.0002989782186592372, 3.8301824000000124
3344.725259533899, 0.0002989782186592372, 3.8306971000001795
3344.725259533899, 0.0002989782186592372, 3.8312151000000085
3344.725259533899, 0.0002989782186592372, 3.831731999999647
3344.725259533899, 0.0002989782186592372, 3.8322533999998996
3344.725259533899, 0.0002989782186592372, 3.8327708999995593
3344.725259533899, 0.0002989782186592372, 3.833289700000023
3344.725259533899, 0.0002989782186592372, 3.8338087000001906
3344.725259533899, 0.0002989782186592372, 3.8343262999997023
3344.725259533899, 0.0002989782186592372, 3.834845999999743
3344.725259533899, 0.0002989782186592372, 3.835366100000101
3344.725259533899, 0.0002989782186592372, 3.83615379999992
3344.725259533899, 0.0002989782186592372, 3.8370594999996683
3344.725259533899, 0.0002989782186592372, 3.83797659999982
3344.725259533899, 0.0002989782186592372, 3.838495399999374
3344.725259533899, 0.0002989782186592372, 3.8390167999996265
3344.725259533899, 0.0002989782186592372, 3.8395339999997304
3344.725259533899, 0.0002989782186592372, 3.8400516000001517
3344.725259533899, 0.0002989782186592372, 3.8405699999993885
3344.725259533899, 0.0002989782186592372, 3.8410956999996415
3344.725259533899, 0.0002989782186592372, 3.841614699999809
3344.725259533899, 0.0002989782186592372, 3.842134900000019
3344.725259533899, 0.0002989782186592372, 3.842660899999828
3344.725259533899, 0.0002989782186592372, 3.8431798999999955
3344.725259533899, 0.0002989782186592372, 3.843698399999994
3344.725259533899, 0.0002989782186592372, 3.844217099999696
3344.725259533899, 0.0002989782186592372, 3.8447355999996944
3344.725259533899, 0.0002989782186592372, 3.8452513000002
3344.725259533899, 0.0002989782186592372, 3.8458338999998887
3344.725259533899, 0.0002989782186592372, 3.8463684999996985
3344.725259533899, 0.0002989782186592372, 3.8468888999996125
3344.725259533899, 0.0002979384376260613, 3.8474107000001823
3344.725259533899, 0.0002989782186592372, 3.848034099999495
3344.725259533899, 0.0002989782186592372, 3.8485516000000644
3344.725259533899, 0.0002989782186592372, 3.8490665999997873
3344.725259533899, 0.0002989782186592372, 3.84958159999951
3344.725259533899, 0.0002989782186592372, 3.8501024999995934
3344.725259533899, 0.0002989782186592372, 3.850618999999824
3344.725259533899, 0.0002989782186592372, 3.8511373000001186
3344.725259533899, 0.0002989782186592372, 3.8516841999999087
3344.725259533899, 0.0002989782186592372, 3.852220099999613
3344.725259533899, 0.0002989782186592372, 3.85274279999976
3344.725259533899, 0.0002989782186592372, 3.85326619999978
3344.725259533899, 0.0002989782186592372, 3.8537931999999273
3344.725259533899, 0.0002989782186592372, 3.85431619999963
3344.725259533899, 0.0002989782186592372, 3.8548360999993747
3344.725259533899, 0.0002989782186592372, 3.855359700000008
3344.725259533899, 0.0002989782186592372, 3.8558906999996907
3344.725259533899, 0.0002989782186592372, 3.856866600000103
3344.725259533899, 0.0002989782186592372, 3.857771299999513
3344.725259533899, 0.0002989782186592372, 3.858517199999369
3344.725259533899, 0.0002989782186592372, 3.859042000000045
3344.725259533899, 0.0002989782186592372, 3.859562499999811
3344.725259533899, 0.0002989782186592372, 3.8600790999998935
3344.725259533899, 0.0002989782186592372, 3.860603600000104
3344.725259533899, 0.00029861826914826634, 3.861124899999595
3344.725259533899, 0.0002989782186592372, 3.861644399999932
3344.725259533899, 0.0002989782186592372, 3.8621595999993588
3344.725259533899, 0.0002989782186592372, 3.8626813999999285
3344.725259533899, 0.0002989782186592372, 3.8631992999999056
3344.725259533899, 0.0002989782186592372, 3.863715699999375
3344.725259533899, 0.0002989782186592372, 3.8642429999999877
3344.725259533899, 0.0002989782186592372, 3.864761799999542
3344.725259533899, 0.0002989782186592372, 3.8652790999994977
3344.725259533899, 0.0002989782186592372, 3.8658009000000675
3344.725259533899, 0.0002989782186592372, 3.866419799999676
3344.725259533899, 0.0002989782186592372, 3.866937499999949
3344.725259533899, 0.0002989782186592372, 3.867455099999461
3344.725259533899, 0.0002989782186592372, 3.8679799000001367
3344.725259533899, 0.0002989782186592372, 3.8686008999993646
3344.725259533899, 0.0002989782186592372, 3.869118499999786
3344.725259533899, 0.0002989782186592372, 3.869636599999467
3344.725259533899, 0.0002989782186592372, 3.8701554999997825
3344.725259533899, 0.0002989782186592372, 3.8706708999998227
3344.725259533899, 0.0002989782186592372, 3.871187099999588
3344.725259533899, 0.0002989782186592372, 3.871838000000025
3344.725259533899, 0.0002989782186592372, 3.8723819999995612
3344.725259533899, 0.0002989782186592372, 3.8728998999995383
3344.725259533899, 0.0002989782186592372, 3.873415799999748
3344.725259533899, 0.0002989782186592372, 3.873936599999979
3344.725259533899, 0.0002989782186592372, 3.8744529999994484
3344.725259533899, 0.0002989782186592372, 3.8749674000000596
3344.725259533899, 0.0002989782186592372, 3.8754926999999952
3344.725259533899, 0.0002989782186592372, 3.8760088999997606
3344.725259533899, 0.0002989782186592372, 3.8766900000000533
3344.725259533899, 0.0002989782186592372, 3.8776006999996753
3344.725259533899, 0.0002989782186592372, 3.8785935999994763
3344.725259533899, 0.0002989782186592372, 3.879113199999665
3344.725259533899, 0.0002989782186592372, 3.879632799999854
3344.725259533899, 0.0002989782186592372, 3.8801503999993656
3344.725259533899, 0.0002989782186592372, 3.880670900000041
3344.725259533899, 0.0002989782186592372, 3.8811872999995103
3344.725259533899, 0.0002989782186592372, 3.8817054999999527
3344.725259533899, 0.0002989782186592372, 3.8822282000000996
3344.725259533899, 0.0002989782186592372, 3.8827457999996113
3344.725259533899, 0.0002989782186592372, 3.883262299999842
3344.725259533899, 0.0002989782186592372, 3.883780199999819
3344.725259533899, 0.0002989782186592372, 3.8843040000001565
3344.725259533899, 0.00029889877987467864, 3.8848258999996688
3343.8363268008484, 0.0002990576996801548, 3.8853471000002173
3343.8363268008484, 0.0002990576996801548, 3.8858712999999625
3343.8363268008484, 0.0002990576996801548, 3.8863878000001932
3343.8363268008484, 0.0002990576996801548, 3.8869872999994186
3343.8363268008484, 0.0002990576996801548, 3.8875073999997767
3343.8363268008484, 0.0002990576996801548, 3.8880262000002404
3343.8363268008484, 0.0002990576996801548, 3.8885433999994348
3343.8363268008484, 0.0002990576996801548, 3.889162800000122
3343.8363268008484, 0.0002990576996801548, 3.8896874000001844
3343.8363268008484, 0.0002990576996801548, 3.8902061999997386
3343.8363268008484, 0.0002990576996801548, 3.8907221999998
3343.8363268008484, 0.0002990576996801548, 3.8912390999994386
3343.8363268008484, 0.0002990576996801548, 3.8917592999996486
3343.8363268008484, 0.0002990576996801548, 3.8922759999995833
3343.8363268008484, 0.0002990576996801548, 3.8927936000000045
3343.8363268008484, 0.0002990576996801548, 3.8933147999996436
3343.8363268008484, 0.0002990576996801548, 3.8938297999993665
3343.8363268008484, 0.0002990576996801548, 3.894351199999619
3343.8363268008484, 0.0002990576996801548, 3.894868100000167
3343.8363268008484, 0.0002990576996801548, 3.895386399999552
3343.8363268008484, 0.0002990576996801548, 3.895903900000121
3343.8363268008484, 0.0002990576996801548, 3.8964218000000983
3343.8363268008484, 0.0002990576996801548, 3.8970681999999215
3343.8363268008484, 0.0002990576996801548, 3.897592999999688
3343.8363268008484, 0.0002990576996801548, 3.8981119999998555
3343.8363268008484, 0.0002990576996801548, 3.8986337999995158
3343.8363268008484, 0.0002990576996801548, 3.899256900000182
3343.8363268008484, 0.0002990576996801548, 3.899774399999842
3343.8363268008484, 0.0002990576996801548, 3.900289299999713
3343.8363268008484, 0.0002990576996801548, 3.900815699999839
3343.8363268008484, 0.0002990576996801548, 3.901338300000134
3343.8363268008484, 0.0002990576996801548, 3.901859599999625
3343.8363268008484, 0.0002990576996801548, 3.9023817999996027
3343.8363268008484, 0.0002990576996801548, 3.902900099999897
3343.8363268008484, 0.0002990576996801548, 3.9034191000000646
3343.8363268008484, 0.0002990576996801548, 3.9039394000001266
3343.8363268008484, 0.0002990576996801548, 3.904458500000146
3343.8363268008484, 0.0002990576996801548, 3.9049773999995523
3343.8363268008484, 0.0002990576996801548, 3.905493600000227
3343.8363268008484, 0.0002990576996801548, 3.906011999999464
3343.8363268008484, 0.0002990576996801548, 3.906529099999716
3343.8363268008484, 0.0002990576996801548, 3.907129499999428
3343.8363268008484, 0.0002990576996801548, 3.9076485999994475
3343.8363268008484, 0.0002990576996801548, 3.908169700000144
3343.8363268008484, 0.0002990576996801548, 3.9086907000000792
3343.8363268008484, 0.0002990576996801548, 3.909313499999371
3343.8363268008484, 0.0002990576996801548, 3.90983419999975
3343.8363268008484, 0.0002990576996801548, 3.910351399999854
3343.8363268008484, 0.0002990576996801548, 3.9108673999999155
3343.8363268008484, 0.0002990576996801548, 3.9113848999995753
3343.8363268008484, 0.0002990576996801548, 3.9119049999999334
3343.8363268008484, 0.0002990576996801548, 3.9124207999993814
3343.8363268008484, 0.0002990576996801548, 3.9129409999995914
3343.8363268008484, 0.0002990576996801548, 3.9134666999998444
3343.8363268008484, 0.0002990576996801548, 3.9139876999997796
3343.8363268008484, 0.0002990576996801548, 3.9145057999994606
3343.8363268008484, 0.0002990576996801548, 3.915023800000199
3343.8363268008484, 0.0002990576996801548, 3.915546799999902
3343.8363268008484, 0.0002990576996801548, 3.916067099999964
3343.8363268008484, 0.0002990576996801548, 3.916585899999518
3343.8363268008484, 0.0002990576996801548, 3.9171814999999697
3343.8363268008484, 0.0002990576996801548, 3.9181227999997645
3343.8363268008484, 0.0002990576996801548, 3.9190269999999146
3343.8363268008484, 0.0002990576996801548, 3.9197135999993407
3343.8363268008484, 0.0002990576996801548, 3.9202369999993607
3343.8363268008484, 0.00029787418052099247, 3.9207646999993813
3343.8363268008484, 0.00029787418052099247, 3.9212909999996555
3343.8363268008484, 0.0002990576996801548, 3.9218105999998443
3343.8363268008484, 0.0002990576996801548, 3.9223283000001175
3343.8363268008484, 0.0002990576996801548, 3.922853600000053
3343.8363268008484, 0.0002990576996801548, 3.923374799999692
3343.8363268008484, 0.0002990576996801548, 3.923925999999483
3343.8363268008484, 0.0002990576996801548, 3.9244557000001805
3343.8363268008484, 0.0002990576996801548, 3.924979700000222
3343.8363268008484, 0.0002990576996801548, 3.9255137000000104
3343.8363268008484, 0.00029855622943546206, 3.926038999999946
3343.8363268008484, 0.0002990576996801548, 3.926568899999438
3343.8363268008484, 0.0002990576996801548, 3.927090899999712
3343.8363268008484, 0.0002990576996801548, 3.927716700000019
3343.8363268008484, 0.0002990576996801548, 3.928249699999469
3343.8363268008484, 0.0002990576996801548, 3.928768300000229
3343.8363268008484, 0.0002990576996801548, 3.929293499999403
3343.8363268008484, 0.0002990576996801548, 3.929915499999879
3343.8363268008484, 0.0002990576996801548, 3.930438599999434
3343.8363268008484, 0.0002990576996801548, 3.930956499999411
3343.8363268008484, 0.0002990576996801548, 3.9314755999994304
3343.8363268008484, 0.0002990576996801548, 3.9319980000000214
3343.8363268008484, 0.0002990576996801548, 3.9325191999996605
3343.8363268008484, 0.0002990576996801548, 3.933041299999786
3343.8363268008484, 0.0002988654330495697, 3.933563900000081
3343.8363268008484, 0.0002990576996801548, 3.9340823000002274
3343.8363268008484, 0.0002990576996801548, 3.9346003000000564
3343.8363268008484, 0.0002990576996801548, 3.9351182999998855
3343.8363268008484, 0.0002990576996801548, 3.9356388999995033
3343.8363268008484, 0.0002990576996801548, 3.9361595999998826
3343.8363268008484, 0.00029757731491590497, 3.9366832999994585
3343.8363268008484, 0.0002990576996801548, 3.9372145999996064
3343.8363268008484, 0.0002990576996801548, 3.9378431999994064
3343.8363268008484, 0.0002990576996801548, 3.9383639999996376
3343.8363268008484, 0.0002990576996801548, 3.9388843999995515
3343.8363268008484, 0.0002990576996801548, 3.9394063999998252
3343.8363268008484, 0.0002990576996801548, 3.9400291000001744
3343.8363268008484, 0.0002990576996801548, 3.940549099999771
3343.8363268008484, 0.0002990576996801548, 3.9410720999994737
3343.8363268008484, 0.0002990576996801548, 3.941596099999515
3343.8363268008484, 0.0002990576996801548, 3.942114099999344
3343.8363268008484, 0.0002990576996801548, 3.9426380999993853
3343.8363268008484, 0.0002990576996801548, 3.943159399999786
3343.8363268008484, 0.0002990576996801548, 3.9436847999995734
3343.8363268008484, 0.0002990576996801548, 3.9442041000002064
3343.8363268008484, 0.0002990576996801548, 3.9447258999998667
3343.8363268008484, 0.0002990576996801548, 3.9452427999995052
3343.8363268008484, 0.0002990576996801548, 3.9457619999993767
3343.8363268008484, 0.0002990576996801548, 3.946279599999798
3343.8363268008484, 0.0002990576996801548, 3.9468011999997543
3343.8363268008484, 0.0002990576996801548, 3.9473190999997314
3343.8363268008484, 0.0002990576996801548, 3.9479192999997395
3343.8363268008484, 0.0002990576996801548, 3.9484457999997176
3343.8363268008484, 0.0002990576996801548, 3.948965099999441
3343.8363268008484, 0.0002990576996801548, 3.949482799999714
3343.8363268008484, 0.0002990576996801548, 3.9501036999999997
3343.8363268008484, 0.0002990576996801548, 3.950626199999533
3343.8363268008484, 0.0002990576996801548, 3.9511438999998063
3343.8363268008484, 0.0002990576996801548, 3.951660599999741
3343.8363268008484, 0.0002990576996801548, 3.9521827999997186
3343.8363268008484, 0.0002990576996801548, 3.9527032999994844
3343.8363268008484, 0.0002990576996801548, 3.953222299999652
3343.8363268008484, 0.0002990576996801548, 3.9537430000000313
3343.8363268008484, 0.0002990576996801548, 3.9542608000001565
3343.8363268008484, 0.0002990576996801548, 3.954778399999668
3343.8363268008484, 0.0002990576996801548, 3.955295400000068
3343.8363268008484, 0.0002990576996801548, 3.9558170999998765
3343.8363268008484, 0.0002990576996801548, 3.9563363999996
3343.8363268008484, 0.0002990576996801548, 3.956854399999429
3343.8363268008484, 0.0002990576996801548, 3.957377199999428
3333.3681991525436, 0.00029999686210909263, 3.9579900999997335
3333.3681991525436, 0.00029999686210909263, 3.9590815000001385
3333.3681991525436, 0.00029999686210909263, 3.9600673999993887
3333.3681991525436, 0.00029999686210909263, 3.9606072999995376
3333.3681991525436, 0.00029999686210909263, 3.9611293999996633
3333.3681991525436, 0.00029999686210909263, 3.9616532000000007
3333.3681991525436, 0.00029999686210909263, 3.962273600000117
3333.3681991525436, 0.00029999686210909263, 3.9630674
3333.3681991525436, 0.00029999686210909263, 3.96398439999939
3333.3681991525436, 0.00029999686210909263, 3.9648929999993925
3333.3681991525436, 0.00029999686210909263, 3.9658042000000933
3333.3681991525436, 0.00029999686210909263, 3.9667076999994606
3333.3681991525436, 0.00029999686210909263, 3.9672355000002426
3333.3681991525436, 0.00029999686210909263, 3.967755099999522
3333.3681991525436, 0.00029999686210909263, 3.9683568000000378
3333.3681991525436, 0.00029999686210909263, 3.9688774999995076
3333.3681991525436, 0.00029999686210909263, 3.969396599999527
3333.3681991525436, 0.00029999686210909263, 3.969912800000202
3333.3681991525436, 0.00029999686210909263, 3.970535899999959
3333.3681991525436, 0.00029999686210909263, 3.971060099999704
3333.3681991525436, 0.00029999686210909263, 3.9715790000000197
3333.3681991525436, 0.00029999686210909263, 3.972097899999426
3333.3681991525436, 0.00029999686210909263, 3.972620900000038
3333.3681991525436, 0.00029999686210909263, 3.973139199999423
3333.3681991525436, 0.00029999686210909263, 3.9736610999998447
3333.3681991525436, 0.00029999686210909263, 3.9741833999996743
3333.3681991525436, 0.00029999686210909263, 3.9747013999995033
3333.3681991525436, 0.00029999686210909263, 3.9752223999994385
3333.3681991525436, 0.00029999686210909263, 3.9757431999996697
3333.3681991525436, 0.00029999686210909263, 3.976264899999478
3333.3681991525436, 0.00029999686210909263, 3.9767837999997937
3333.3681991525436, 0.00029999686210909263, 3.977301599999919
3333.3681991525436, 0.00029999686210909263, 3.9778237000000445
3333.3681991525436, 0.00029999686210909263, 3.9784662000001845
3333.3681991525436, 0.00029999686210909263, 3.9790095999996993
3333.3681991525436, 0.00029999686210909263, 3.9795281999995495
3333.3681991525436, 0.00029999686210909263, 3.9800546999995277
3333.3681991525436, 0.00029999686210909263, 3.980681199999708
3333.3681991525436, 0.00029999686210909263, 3.9812432999997327
3333.3681991525436, 0.00029999686210909263, 3.981921699999475
3333.3681991525436, 0.00029999686210909263, 3.9825190999999904
3333.3681991525436, 0.00029999686210909263, 3.983038899999883
3333.3681991525436, 0.00029999686210909263, 3.983559299999797
3333.3681991525436, 0.00029999686210909263, 3.9840839999997115
3333.3681991525436, 0.00029999686210909263, 3.9847429999999804
3333.3681991525436, 0.00029999686210909263, 3.985290999999961
3333.3681991525436, 0.00029999686210909263, 3.985808200000065
3333.3681991525436, 0.0002990576996801548, 3.986332299999958
3333.3681991525436, 0.00029999686210909263, 3.9868564999997034
3333.3681991525436, 0.00029999686210909263, 3.9873780999996598
3333.3681991525436, 0.00029999686210909263, 3.9878993000002083
3333.3681991525436, 0.00029999686210909263, 3.988519399999859
3333.3681991525436, 0.00029848274753356443, 3.9891311000001224
3333.3681991525436, 0.00029999686210909263, 3.989647800000057
3333.3681991525436, 0.00029999686210909263, 3.990165700000034
3333.3681991525436, 0.00029999686210909263, 3.9907695000001695
3333.3681991525436, 0.00029999686210909263, 3.9912898000002315
3333.3681991525436, 0.00029999686210909263, 3.9918282999997245
3333.3681991525436, 0.00029999686210909263, 3.9927991999993537
3333.3681991525436, 0.00029999686210909263, 3.9939015999998446
3333.3681991525436, 0.00029999686210909263, 3.994719299999815
3333.3681991525436, 0.00029999686210909263, 3.995245199999772
3333.3681991525436, 0.00029999686210909263, 3.9958378000001176
3333.3681991525436, 0.00029999686210909263, 3.9964008999995713
3333.3681991525436, 0.00029999686210909263, 3.996959600000082
3333.3681991525436, 0.0002989029858688566, 3.9975131999999576
3333.3681991525436, 0.00029999686210909263, 3.9981047999999646
3333.3681991525436, 0.00029999686210909263, 3.998709299999973
3333.3681991525436, 0.0002993142708864976, 3.999264299999595
3333.3681991525436, 0.00029999686210909263, 4.000027500000215
3333.3681991525436, 0.00029999686210909263, 4.000757099999646
3333.3681991525436, 0.00029999686210909263, 4.00131330000022
3333.3681991525436, 0.00029999686210909263, 4.001864500000011
3333.3681991525436, 0.00029999686210909263, 4.00241989999995
3333.3681991525436, 0.00029999686210909263, 4.002975200000037
3333.3681991525436, 0.00029999686210909263, 4.003531899999871
3333.3681991525436, 0.00029999686210909263, 4.004079199999978
3333.3681991525436, 0.00029999686210909263, 4.004627100000107
3333.3681991525436, 0.00029999686210909263, 4.005173699999432
3333.3681991525436, 0.00029999686210909263, 4.005739499999436
3333.3681991525436, 0.00029999686210909263, 4.006277399999817
3333.3681991525436, 0.00029999686210909263, 4.006990799999585
3333.3681991525436, 0.00029999686210909263, 4.007616099999723
3333.3681991525436, 0.0002994627878282748, 4.00813990000006
3333.3681991525436, 0.00029999686210909263, 4.008727399999771
3333.3681991525436, 0.00029999686210909263, 4.009246599999642
3333.3681991525436, 0.00029999686210909263, 4.009803400000237
3333.3681991525436, 0.00029999686210909263, 4.01034350000009
3333.3681991525436, 0.00029999686210909263, 4.011001400000168
3333.3681991525436, 0.00029999686210909263, 4.011555500000213
3333.3681991525436, 0.00029999686210909263, 4.012079499999345
3333.3681991525436, 0.00029999686210909263, 4.012636699999348
3333.3681991525436, 0.00029999686210909263, 4.01315650000015
3333.3681991525436, 0.00029999686210909263, 4.013714799999434
3333.3681991525436, 0.00029999686210909263, 4.014493399999992
3333.3681991525436, 0.00029999686210909263, 4.015517699999691
3333.3681991525436, 0.00029999686210909263, 4.016060999999354
3333.3681991525436, 0.00029999686210909263, 4.016754199999923
3333.3681991525436, 0.00029999686210909263, 4.017512599999463
3333.3681991525436, 0.000299227900172973, 4.0180608999999095
3333.3681991525436, 0.00029999686210909263, 4.01864680000017
3333.3681991525436, 0.00029999686210909263, 4.019192499999917
3333.3681991525436, 0.00029999686210909263, 4.019741299999623
3333.3681991525436, 0.00029999686210909263, 4.020289799999773
3333.3681991525436, 0.00029999686210909263, 4.020898400000078
3333.3681991525436, 0.0002995927766934293, 4.021501600000192
3333.3681991525436, 0.00029999686210909263, 4.022391599999537
3333.3681991525436, 0.00029999686210909263, 4.022948899999392
3333.3681991525436, 0.00029999686210909263, 4.023497399999542
3333.3681991525436, 0.00029999686210909263, 4.02404899999965
3333.3681991525436, 0.00029999686210909263, 4.024601000000075
3333.3681991525436, 0.00029999686210909263, 4.025153300000056
3333.3681991525436, 0.00029999686210909263, 4.02570839999953
3333.3681991525436, 0.00029999686210909263, 4.026256299999659
3333.3681991525436, 0.00029999686210909263, 4.026893700000073
3333.3681991525436, 0.00029999686210909263, 4.027445799999441
3333.3681991525436, 0.00029999686210909263, 4.027992700000141
3333.3681991525436, 0.00029999686210909263, 4.028577600000062
3333.3681991525436, 0.00029938656837832044, 4.029520699999921
3333.3681991525436, 0.00029999686210909263, 4.03017219999947
3333.3681991525436, 0.00029999686210909263, 4.030754399999751
3333.3681991525436, 0.00029999686210909263, 4.031307399999605
3333.3681991525436, 0.00029999686210909263, 4.031857099999797
3333.3681991525436, 0.00029999686210909263, 4.032409200000075
3333.3681991525436, 0.00029999686210909263, 4.033072899999752
3333.3681991525436, 0.00029999686210909263, 4.033893299999363
3333.3681991525436, 0.00029999686210909263, 4.034455199999684
3333.3681991525436, 0.00029999686210909263, 4.0350054000000455
3333.3681991525436, 0.00029999686210909263, 4.035572499999944
3333.3681991525436, 0.00029999686210909263, 4.036121799999819
3333.3681991525436, 0.00029999686210909263, 4.037153600000238
3333.3681991525436, 0.00029999686210909263, 4.03772889999982
3333.3681991525436, 0.0002994217839445374, 4.0382771999993565
3333.3681991525436, 0.00029999686210909263, 4.038864000000103
3333.3681991525436, 0.00029999686210909263, 4.039413200000126
3333.3681991525436, 0.00029999686210909263, 4.039965199999642
3333.3681991525436, 0.00029999686210909263, 4.040545599999859
3333.3681991525436, 0.00029999686210909263, 4.041094100000009
3333.3681991525436, 0.00029999686210909263, 4.041646300000139
3333.3681991525436, 0.00029999686210909263, 4.042197599999781
3333.3681991525436, 0.00029999686210909263, 4.043037299999924
3333.3681991525436, 0.00029999686210909263, 4.044034399999873
3333.3681991525436, 0.00029999686210909263, 4.045019499999398
3333.3681991525436, 0.00029999686210909263, 4.045572399999401
3333.3681991525436, 0.00029999686210909263, 4.0461193000001
3333.3681991525436, 0.00029999686210909263, 4.046677799999998
3333.3681991525436, 0.00029999686210909263, 4.047225100000105
3333.3681991525436, 0.00029999686210909263, 4.04777439999998
3333.3681991525436, 0.00029999686210909263, 4.048362900000029
3333.3681991525436, 0.00029999686210909263, 4.0489096000001155
3333.3681991525436, 0.00029999686210909263, 4.049493800000164
3333.3681991525436, 0.00029999686210909263, 4.050280499999644
3333.3681991525436, 0.00029999686210909263, 4.051157799999601
3333.3681991525436, 0.00029999686210909263, 4.052156300000206
3333.3681991525436, 0.00029999686210909263, 4.052709599999616
3333.3681991525436, 0.00029999686210909263, 4.053261799999746
3333.3681991525436, 0.00029999686210909263, 4.053815000000213
3333.3681991525436, 0.00029999686210909263, 4.0543651999996655
3333.3681991525436, 0.00029999686210909263, 4.054918499999985
3333.3681991525436, 0.00029999686210909263, 4.055466899999374
3333.3681991525436, 0.00029999686210909263, 4.056017299999439
3333.3681991525436, 0.00029999686210909263, 4.056565599999885
3333.3681991525436, 0.00029999686210909263, 4.057120899999973
3333.3681991525436, 0.00029999686210909263, 4.057669299999361
3333.3681991525436, 0.00029999686210909263, 4.058311799999501
3333.3681991525436, 0.00029999686210909263, 4.059352299999773
3333.3681991525436, 0.00029999686210909263, 4.059909800000241
3333.3681991525436, 0.00029999686210909263, 4.0604935000001205
3333.3681991525436, 0.00029999686210909263, 4.061041799999657
3333.3681991525436, 0.00029999686210909263, 4.061597099999744
3333.3681991525436, 0.00029999686210909263, 4.062145500000042
3333.3681991525436, 0.00029999686210909263, 4.062695099999473
3333.3681991525436, 0.00029999686210909263, 4.063248299999941
3333.3681991525436, 0.00029999686210909263, 4.0637957999997525
3333.3681991525436, 0.00029999686210909263, 4.064344800000072
3333.3681991525436, 0.00029999686210909263, 4.064898300000095
3333.3681991525436, 0.00029999686210909263, 4.065460799999528
3333.3681991525436, 0.00029999686210909263, 4.066643999999542
3333.3681991525436, 0.00029999686210909263, 4.067577099999653
3333.3681991525436, 0.00029999686210909263, 4.068138199999339
3333.3681991525436, 0.00029999686210909263, 4.068731700000171
3333.3681991525436, 0.00029999686210909263, 4.0692840000001524
3333.3681991525436, 0.00029999686210909263, 4.069836300000134
3333.3681991525436, 0.00029999686210909263, 4.070418399999653
3333.3681991525436, 0.00029999686210909263, 4.070964900000035
3333.3681991525436, 0.00029999686210909263, 4.0715118999996776
3333.3681991525436, 0.00029999686210909263, 4.072062299999743
3333.3681991525436, 0.00029999686210909263, 4.072610399999576
3333.3681991525436, 0.00029999686210909263, 4.073457399999825
3333.3681991525436, 0.00029999686210909263, 4.074297199999819
3333.3681991525436, 0.00029999686210909263, 4.074883399999635
3333.3681991525436, 0.00029999686210909263, 4.075436799999807
3333.3681991525436, 0.0002984035717902327, 4.0759908
3333.3681991525436, 0.00029999686210909263, 4.076539499999853
3333.3681991525436, 0.00029999686210909263, 4.077087499999834
3333.3681991525436, 0.00029999686210909263, 4.077635199999349
3333.3681991525436, 0.00029999686210909263, 4.07826599999953
3333.3681991525436, 0.00029999686210909263, 4.078823499999999
3333.3681991525436, 0.00029999686210909263, 4.0793784999996205
3333.3681991525436, 0.00029999686210909263, 4.079940799999349
3333.3681991525436, 0.00029999686210909263, 4.080780100000084
3333.3681991525436, 0.00029999686210909263, 4.081425499999568
3333.3681991525436, 0.00029999686210909263, 4.081980299999486
3333.3681991525436, 0.00029999686210909263, 4.082570800000212
3333.3681991525436, 0.00029999686210909263, 4.083228800000143
3333.3681991525436, 0.00029999686210909263, 4.083989400000064
3333.3681991525436, 0.00029880591261914705, 4.084551199999623
3333.3681991525436, 0.00029999686210909263, 4.085099799999625
3333.3681991525436, 0.00029999686210909263, 4.085646800000177
3333.3681991525436, 0.00029999686210909263, 4.0862013999994815
3333.3681991525436, 0.00029851517854499553, 4.086756400000013
3333.3681991525436, 0.00029999686210909263, 4.087304499999846
3333.3681991525436, 0.00029999686210909263, 4.088020299999698
3333.3681991525436, 0.00029999686210909263, 4.088893699999971
3333.3681991525436, 0.00029999686210909263, 4.089527999999518
3333.3681991525436, 0.00029999686210909263, 4.090075999999499
3333.3681991525436, 0.00029999686210909263, 4.090693699999974
3333.3681991525436, 0.00029999686210909263, 4.0912493999994695
3333.3681991525436, 0.00029999686210909263, 4.091793800000232
3333.3681991525436, 0.00029999686210909263, 4.092348499999389
3333.3681991525436, 0.00029999686210909263, 4.092898099999729
3333.3681991525436, 0.00029999686210909263, 4.093446500000027
3333.3681991525436, 0.00029999686210909263, 4.093990399999711
3333.3681991525436, 0.00029999686210909263, 4.094535399999586
3333.3681991525436, 0.00029999686210909263, 4.0952079999997295
3333.3681991525436, 0.00029999686210909263, 4.096036099999765
3333.3681991525436, 0.00029999686210909263, 4.0965990999993664
3333.3681991525436, 0.00029999686210909263, 4.097148599999855
3333.3681991525436, 0.00029999686210909263, 4.097697000000153
3333.3681991525436, 0.00029999686210909263, 4.098276799999439
3333.3681991525436, 0.00029999686210909263, 4.098824699999568
3333.3681991525436, 0.00029999686210909263, 4.099410099999659
3333.3681991525436, 0.00029999686210909263, 4.10009429999991
3333.3681991525436, 0.00029999686210909263, 4.100815699999657
3333.3681991525436, 0.00029999686210909263, 4.1013710999995965
3333.3681991525436, 0.00029999686210909263, 4.101917699999831
3333.3681991525436, 0.00029999686210909263, 4.102634799999578
3333.3681991525436, 0.00029999686210909263, 4.103631999999379
3333.3681991525436, 0.00029999686210909263, 4.104186300000038
3333.3681991525436, 0.00029999686210909263, 4.104732199999489
3333.3681991525436, 0.00029999686210909263, 4.105278399999406
3333.3681991525436, 0.00029999686210909263, 4.1058273999997255
3333.3681991525436, 0.00029999686210909263, 4.106446899999355
3333.3681991525436, 0.00029999686210909263, 4.106993100000182
3333.3681991525436, 0.00029999686210909263, 4.107540799999697
3333.3681991525436, 0.00029999686210909263, 4.108096199999636
3333.3681991525436, 0.00029999686210909263, 4.108676899999409
3333.3681991525436, 0.00029999686210909263, 4.109225299999707
3333.3681991525436, 0.00029999686210909263, 4.1099061999993864
3333.3681991525436, 0.00029999686210909263, 4.1107875999996395
3333.3681991525436, 0.00029999686210909263, 4.11135430000013
3333.3681991525436, 0.00029999686210909263, 4.111901399999624
3333.3681991525436, 0.00029999686210909263, 4.112452100000155
3333.3681991525436, 0.00029999686210909263, 4.113001300000178
3333.3681991525436, 0.00029999686210909263, 4.113550000000032
3333.3681991525436, 0.00029999686210909263, 4.114099599999463
3333.3681991525436, 0.00029999686210909263, 4.11464739999974
3333.3681991525436, 0.00029999686210909263, 4.115194899999551
3333.3681991525436, 0.00029999686210909263, 4.115741599999637
3333.3681991525436, 0.00029999686210909263, 4.11642429999938
3333.3681991525436, 0.00029999686210909263, 4.117271099999925
3333.3681991525436, 0.00029999686210909263, 4.117841999999655
3333.3681991525436, 0.00029999686210909263, 4.118431199999577
3333.3681991525436, 0.00029999686210909263, 4.118978999999854
3333.3681991525436, 0.00029999686210909263, 4.119531700000152
3333.3681991525436, 0.00029999686210909263, 4.120085300000028
3333.3681991525436, 0.00029999686210909263, 4.120675000000119
3333.3681991525436, 0.00029999686210909263, 4.12122459999955
3333.3681991525436, 0.00029999686210909263, 4.121769599999425
3333.3681991525436, 0.00029999686210909263, 4.122375199999624
3333.3681991525436, 0.00029999686210909263, 4.122921999999562
3333.3681991525436, 0.00029999686210909263, 4.123468099999627
3333.3681991525436, 0.00029999686210909263, 4.124012299999777
3333.3681991525436, 0.00029999686210909263, 4.124762899999951
3333.3681991525436, 0.00029999686210909263, 4.125715199999831
3333.3681991525436, 0.00029999686210909263, 4.126302399999986
3333.3681991525436, 0.00029999686210909263, 4.126869099999567
3333.3681991525436, 0.00029999686210909263, 4.12743429999955
3333.3681991525436, 0.00029999686210909263, 4.127995400000145
3333.3681991525436, 0.00029999686210909263, 4.128555399999641
3333.3681991525436, 0.00029999686210909263, 4.129120999999941
3333.3681991525436, 0.00029999686210909263, 4.129683799999839
3333.3681991525436, 0.00029999686210909263, 4.13024729999961
3333.3681991525436, 0.00029999686210909263, 4.130812999999762
3333.3681991525436, 0.00029999686210909263, 4.131377799999427
3333.3681991525436, 0.00029999686210909263, 4.131938699999409
3333.3681991525436, 0.00029999686210909263, 4.1325041999998575
3333.3681991525436, 0.00029999686210909263, 4.133143699999891
3333.3681991525436, 0.00029999686210909263, 4.133828399999402
3333.3681991525436, 0.00029999686210909263, 4.134392500000104
3333.3681991525436, 0.00029999686210909263, 4.134964599999876
3333.3681991525436, 0.00029999686210909263, 4.135528199999499
3333.3681991525436, 0.00029999686210909263, 4.13609919999999
3333.3681991525436, 0.00029999686210909263, 4.136645599999611
3333.3681991525436, 0.00029999686210909263, 4.137195799999972
3333.3681991525436, 0.00029999686210909263, 4.137740999999551
3333.3681991525436, 0.00029999686210909263, 4.138361199999963
3333.3681991525436, 0.00029999686210909263, 4.138907699999436
3333.3681991525436, 0.00029999686210909263, 4.139527799999996
3333.3681991525436, 0.00029999686210909263, 4.1401122999996005
3333.3681991525436, 0.00029999686210909263, 4.140661100000216
3333.3681991525436, 0.00029999686210909263, 4.141223799999352
3333.3681991525436, 0.00029999686210909263, 4.141780899999503
3333.3681991525436, 0.00029999686210909263, 4.142331199999717
3333.3681991525436, 0.00029999686210909263, 4.142877299999782
3333.3681991525436, 0.00029999686210909263, 4.143430199999784
3333.3681991525436, 0.00029999686210909263, 4.1439769999997225
3333.3681991525436, 0.00029999686210909263, 4.144528199999513
3333.3681991525436, 0.00029999686210909263, 4.145084199999474
3333.3681991525436, 0.00029999686210909263, 4.145634699999391
3333.3681991525436, 0.00029999686210909263, 4.146211399999629
3333.3681991525436, 0.00029999686210909263, 4.147226999999475
3333.3681991525436, 0.00029999686210909263, 4.147791299999881
3333.3681991525436, 0.00029999686210909263, 4.14837929999976
3333.3681991525436, 0.00029999686210909263, 4.148896099999547
3333.3681991525436, 0.00029999686210909263, 4.149448600000142
3333.3681991525436, 0.00029999686210909263, 4.150218400000085
3333.3681991525436, 0.00029999686210909263, 4.150775500000236
3333.3681991525436, 0.00029999686210909263, 4.1513273999999
3333.3681991525436, 0.00029999686210909263, 4.151848699999391
3333.3681991525436, 0.00029999686210909263, 4.152409799999987
3333.3681991525436, 0.00029848274753356443, 4.1529326999998375
3333.3681991525436, 0.00029999686210909263, 4.1534852999993745
3333.3681991525436, 0.00029999686210909263, 4.154166100000111
3333.3681991525436, 0.00029999686210909263, 4.15468460000011
3333.3681991525436, 0.00029999686210909263, 4.155242299999372
3333.3681991525436, 0.00029999686210909263, 4.155873199999405
3333.3681991525436, 0.00029999686210909263, 4.15645029999996
3333.3681991525436, 0.00029999686210909263, 4.1570114999994985
3333.3681991525436, 0.00029999686210909263, 4.157572999999502
3333.3681991525436, 0.0002984035717902327, 4.158170599999721
3333.3681991525436, 0.00029999686210909263, 4.1587226000001465
3333.3681991525436, 0.00029999686210909263, 4.159276200000022
3333.3681991525436, 0.00029999686210909263, 4.15982939999958
3333.3681991525436, 0.00029999686210909263, 4.160413200000221
3333.3681991525436, 0.00029999686210909263, 4.160961999999927
3333.3681991525436, 0.00029999686210909263, 4.161585299999388
3333.3681991525436, 0.00029999686210909263, 4.16214779999973
3333.3681991525436, 0.00029999686210909263, 4.1626963999997315
3333.3681991525436, 0.00029999686210909263, 4.163247099999353
3333.3681991525436, 0.00029999686210909263, 4.163798399999905
3333.3681991525436, 0.00029999686210909263, 4.164349399999992
3333.3681991525436, 0.00029999686210909263, 4.164896700000099
3333.3681991525436, 0.00029999686210909263, 4.165444299999763
3333.3681991525436, 0.00029999686210909263, 4.166031300000213
3333.3681991525436, 0.00029999686210909263, 4.167017099999612
3333.3681991525436, 0.00029999686210909263, 4.168015000000196
3333.3681991525436, 0.00029999686210909263, 4.16864489999989
3333.3681991525436, 0.00029999686210909263, 4.169205499999407
3333.3681991525436, 0.00029916116386174155, 4.169762399999854
3333.3681991525436, 0.00029999686210909263, 4.170319500000005
3333.3681991525436, 0.00029999686210909263, 4.170877499999733
3333.3681991525436, 0.00029999686210909263, 4.171431300000222
3333.3681991525436, 0.00029999686210909263, 4.1720156999999745
3333.3681991525436, 0.00029999686210909263, 4.17259920000015
3333.3681991525436, 0.00029999686210909263, 4.17314720000013
3333.3681991525436, 0.00029999686210909263, 4.173693099999582
3333.3681991525436, 0.00029999686210909263, 4.174239399999351
3333.3681991525436, 0.00029999686210909263, 4.174788999999691
3333.3681991525436, 0.00029999686210909263, 4.1753610999994635
3333.3681991525436, 0.00029999686210909263, 4.1759947999998985
3333.3681991525436, 0.00029999686210909263, 4.176539000000048
3333.3681991525436, 0.00029999686210909263, 4.17708870000024
3333.3681991525436, 0.00029999686210909263, 4.177635000000009
3333.3681991525436, 0.00029999686210909263, 4.178236099999594
3333.3681991525436, 0.0002997392750937719, 4.17878490000021
3333.3681991525436, 0.00029999686210909263, 4.179370099999687
3333.3681991525436, 0.00029999686210909263, 4.179952099999355
3333.3681991525436, 0.00029999686210909263, 4.180534099999932
3333.3681991525436, 0.00029999686210909263, 4.181080700000166
3333.3681991525436, 0.00029999686210909263, 4.1816257000000405
3333.3681991525436, 0.00029999686210909263, 4.182170799999767
3333.3681991525436, 0.00029999686210909263, 4.182739400000173
3333.3681991525436, 0.00029999686210909263, 4.1834039999994275
3333.3681991525436, 0.00029999686210909263, 4.183954999999514
3333.3681991525436, 0.00029999686210909263, 4.184502399999474
3333.3681991525436, 0.00029999686210909263, 4.1850501999997505
3333.3681991525436, 0.00029999686210909263, 4.185596599999371
3333.3681991525436, 0.00029999686210909263, 4.1861424999997325
3333.3681991525436, 0.00029999686210909263, 4.186721899999611
3333.3681991525436, 0.00029999686210909263, 4.187305100000231
3333.3681991525436, 0.00029999686210909263, 4.187851699999555
3333.3681991525436, 0.00029999686210909263, 4.188471800000116
3333.3681991525436, 0.00029999686210909263, 4.1890207999995255
3333.3681991525436, 0.00029999686210909263, 4.189564999999675
3333.3681991525436, 0.00029999686210909263, 4.190185399999791
3333.3681991525436, 0.00029999686210909263, 4.190729500000089
3333.3681991525436, 0.00029999686210909263, 4.19128019999971
3333.3681991525436, 0.00029999686210909263, 4.191825899999458
3333.3681991525436, 0.00029999686210909263, 4.192369599999438
3333.3681991525436, 0.00029999686210909263, 4.192917899999884
3333.3681991525436, 0.00029999686210909263, 4.193463399999928
3333.3681991525436, 0.00029999686210909263, 4.194043399999828
3333.3681991525436, 0.00029999686210909263, 4.194622199999685
3333.3681991525436, 0.00029999686210909263, 4.1951696999994965
3333.3681991525436, 0.00029999686210909263, 4.1957126999996035
3333.3681991525436, 0.00029999686210909263, 4.196256299999732
3333.3681991525436, 0.00029999686210909263, 4.196801199999754
3333.3681991525436, 0.00029999686210909263, 4.1973698000001605
3333.3681991525436, 0.00029999686210909263, 4.197964999999385
3333.3681991525436, 0.00029999686210909263, 4.198551699999371
3333.3681991525436, 0.00029999686210909263, 4.1991057999994155
3333.3681991525436, 0.00029999686210909263, 4.199684799999886
3333.3681991525436, 0.00029999686210909263, 4.20027299999947
3333.3681991525436, 0.00029999686210909263, 4.200823700000001
3333.3681991525436, 0.00029999686210909263, 4.201404299999922
3333.3681991525436, 0.00029999686210909263, 4.201984999999695
3333.3681991525436, 0.00029999686210909263, 4.202533900000162
3333.3681991525436, 0.0002994326581387785, 4.203084799999488
3333.3681991525436, 0.00029999686210909263, 4.203628399999616
3333.3681991525436, 0.00029999686210909263, 4.204176799999914
3333.3681991525436, 0.00029999686210909263, 4.2047421999996
3333.3681991525436, 0.00029999686210909263, 4.205344599999989
3333.3681991525436, 0.00029999686210909263, 4.205889699999716
3333.3681991525436, 0.00029999686210909263, 4.206432500000119
3333.3681991525436, 0.00029999686210909263, 4.2069830999998885
3333.3681991525436, 0.00029999686210909263, 4.207529499999509
3333.3681991525436, 0.00029999686210909263, 4.208076199999596
3333.3681991525436, 0.00029999686210909263, 4.208979099999851
3333.3681991525436, 0.00029999686210909263, 4.20957129999988
3333.3681991525436, 0.00029999686210909263, 4.210117099999479
3333.3681991525436, 0.00029999686210909263, 4.210702299999866
3333.3681991525436, 0.00029999686210909263, 4.211251099999572
3333.3681991525436, 0.00029999686210909263, 4.211798199999976
3333.3681991525436, 0.00029999686210909263, 4.212413600000218
3333.3681991525436, 0.00029999686210909263, 4.21296220000022
3333.3681991525436, 0.00029999686210909263, 4.21350910000001
3333.3681991525436, 0.00029999686210909263, 4.2140535999997155
3333.3681991525436, 0.00029999686210909263, 4.214600100000098
3333.3681991525436, 0.00029999686210909263, 4.215155599999889
3333.3681991525436, 0.00029999686210909263, 4.215701699999954
3333.3681991525436, 0.00029999686210909263, 4.216280499999812
3333.3681991525436, 0.00029999686210909263, 4.216864399999395
3333.3681991525436, 0.00029999686210909263, 4.217410299999756
3333.3681991525436, 0.00029999686210909263, 4.217955899999652
3333.3681991525436, 0.00029999686210909263, 4.2185444999995525
3333.3681991525436, 0.00029999686210909263, 4.219065000000228
3333.3681991525436, 0.00029999686210909263, 4.2196867000002385
3333.3681991525436, 0.00029999686210909263, 4.220219499999985
3333.3681991525436, 0.00029999686210909263, 4.220842900000207
3333.3681991525436, 0.00029999686210909263, 4.221360699999423
3333.3681991525436, 0.00029999686210909263, 4.221876699999484
3333.3681991525436, 0.00029999686210909263, 4.222393899999588
3333.3681991525436, 0.00029999686210909263, 4.222913599999629
3333.3681991525436, 0.00029999686210909263, 4.223468700000012
3333.3681991525436, 0.00029999686210909263, 4.224023699999634
3333.3681991525436, 0.00029999686210909263, 4.224541099999442
3333.3681991525436, 0.00029999686210909263, 4.225057300000117
3333.3681991525436, 0.00029999686210909263, 4.225577600000179
3333.3681991525436, 0.00029999686210909263, 4.226095500000156
3333.3681991525436, 0.00029999686210909263, 4.226743600000191
3333.3681991525436, 0.00029999686210909263, 4.227353000000221
3333.3681991525436, 0.00029999686210909263, 4.227868500000113
3333.3681991525436, 0.00029999686210909263, 4.228385100000196
3333.3681991525436, 0.00029999686210909263, 4.228999799999656
3333.3681991525436, 0.00029999686210909263, 4.22951699999976
3333.3681991525436, 0.00029999686210909263, 4.230070599999635
3333.3681991525436, 0.00029999686210909263, 4.230686500000047
3333.3681991525436, 0.00029999686210909263, 4.231247300000177
3333.3681991525436, 0.00029999686210909263, 4.23176869999952
3333.3681991525436, 0.00029999686210909263, 4.232292300000154
3333.3681991525436, 0.00029999686210909263, 4.23281709999992
3333.3681991525436, 0.00029999686210909263, 4.233340199999475
3333.3681991525436, 0.00029999686210909263, 4.233862099999897
3333.3681991525436, 0.00029999686210909263, 4.234502700000121
3333.3681991525436, 0.00029999686210909263, 4.235020299999633
3333.3681991525436, 0.00029999686210909263, 4.235538099999758
3333.3681991525436, 0.00029999686210909263, 4.236052299999756
3333.3681991525436, 0.00029999686210909263, 4.236578699999882
3333.3681991525436, 0.00029999686210909263, 4.237095800000134
3333.3681991525436, 0.00029999686210909263, 4.237614199999371
3333.3681991525436, 0.00029999686210909263, 4.238171899999543
3333.3681991525436, 0.00029999686210909263, 4.238797199999681
3333.3681991525436, 0.00029999686210909263, 4.239318199999616
3333.3681991525436, 0.00029999686210909263, 4.239835200000016
3333.3681991525436, 0.00029999686210909263, 4.24035670000012
3333.3681991525436, 0.00029999686210909263, 4.24098099999992
3333.3681991525436, 0.00029999686210909263, 4.241525100000217
3333.3681991525436, 0.00029999686210909263, 4.2421389000001
3333.3681991525436, 0.0002996204901813753, 4.242657899999358
3333.3681991525436, 0.00029999686210909263, 4.243174100000033
3333.3681991525436, 0.00029999686210909263, 4.243690199999946
3333.3681991525436, 0.00029999686210909263, 4.2442111000000295
3333.3681991525436, 0.00029999686210909263, 4.2447291999997105
3333.3681991525436, 0.00029999686210909263, 4.245286899999883
3333.3681991525436, 0.00029999686210909263, 4.245824900000116
3333.3681991525436, 0.00029999686210909263, 4.24636079999982
3333.3681991525436, 0.00029999686210909263, 4.246877300000051
3333.3681991525436, 0.00029999686210909263, 4.247398599999542
3333.3681991525436, 0.00029999686210909263, 4.247919599999477
3333.3681991525436, 0.00029999686210909263, 4.248435599999539
3333.3681991525436, 0.00029999686210909263, 4.2491973999995025
3333.3681991525436, 0.00029999686210909263, 4.249864299999899
3333.3681991525436, 0.00029999686210909263, 4.250461099999484
3333.3681991525436, 0.00029999686210909263, 4.2512590999995155
3333.3681991525436, 0.00029999686210909263, 4.252339699999538
3333.3681991525436, 0.00029999686210909263, 4.253515899999911
3333.3681991525436, 0.00029999686210909263, 4.254232000000229
3333.3681991525436, 0.00029999686210909263, 4.254922999999508
3333.3681991525436, 0.00029999686210909263, 4.255496300000232
3333.3681991525436, 0.00029999686210909263, 4.256175599999551
3333.3681991525436, 0.00029999686210909263, 4.256823599999734
3333.3681991525436, 0.00029999686210909263, 4.257395099999485
3333.3681991525436, 0.00029999686210909263, 4.257962499999849
3333.3681991525436, 0.00029999686210909263, 4.258577200000218
3333.3681991525436, 0.00029999686210909263, 4.25924169999962
3333.3681991525436, 0.0002986228459404286, 4.259821399999964
3333.3681991525436, 0.00029999686210909263, 4.260419700000057
3333.3681991525436, 0.00029999686210909263, 4.2610562999998365
3333.3681991525436, 0.00029999686210909263, 4.261626499999693
3333.3681991525436, 0.00029999686210909263, 4.2621767000000546
3333.3681991525436, 0.00029999686210909263, 4.262723599999845
3333.3681991525436, 0.00029999686210909263, 4.2632669999993595
3333.3681991525436, 0.00029999686210909263, 4.263880599999538
3333.3681991525436, 0.00029999686210909263, 4.264426099999582
3333.3681991525436, 0.00029999686210909263, 4.264970299999732
3333.3681991525436, 0.00029999686210909263, 4.265515999999479
3333.3681991525436, 0.00029999686210909263, 4.2660652999993545
3333.3681991525436, 0.00029999686210909263, 4.266835700000229
3333.3681991525436, 0.00029999686210909263, 4.26738209999985
3333.3681991525436, 0.00029999686210909263, 4.267937200000233
3333.3681991525436, 0.00029999686210909263, 4.268482999999833
3333.3681991525436, 0.00029999686210909263, 4.269030599999496
3333.3681991525436, 0.00029999686210909263, 4.270070499999747
3333.3681991525436, 0.00029999686210909263, 4.271011499999986
3333.3681991525436, 0.00029999686210909263, 4.271701300000132
3333.3681991525436, 0.00029999686210909263, 4.272251100000176
3333.3681991525436, 0.00029999686210909263, 4.272796799999924
3333.3681991525436, 0.00029999686210909263, 4.273350399999799
3333.3681991525436, 0.00029999686210909263, 4.273901200000182
3333.3681991525436, 0.00029999686210909263, 4.274449300000015
3333.3681991525436, 0.00029999686210909263, 4.274999499999467
3333.3681991525436, 0.00029999686210909263, 4.275546799999574
3333.3681991525436, 0.00029999686210909263, 4.2760928999996395
3333.3681991525436, 0.00029999686210909263, 4.276610599999913
3333.3681991525436, 0.00029999686210909263, 4.277136900000187
3333.3681991525436, 0.00029999686210909263, 4.277654499999699
3333.3681991525436, 0.00029999686210909263, 4.278170999999929
3333.3681991525436, 0.00029999686210909263, 4.278803799999878
3333.3681991525436, 0.00029999686210909263, 4.279436599999826
3333.3681991525436, 0.00029999686210909263, 4.279959899999994
3333.3681991525436, 0.00029999686210909263, 4.2804754999997385
3333.3681991525436, 0.00029999686210909263, 4.280995199999779
3333.3681991525436, 0.00029999686210909263, 4.281619100000171
3333.3681991525436, 0.00029999686210909263, 4.2821736999994755
3333.3681991525436, 0.00029999686210909263, 4.282729499999732
3333.3681991525436, 0.00029999686210909263, 4.283380199999556
3333.3681991525436, 0.00029999686210909263, 4.2838966999997865
3333.3681991525436, 0.00029999686210909263, 4.2844147999994675
3333.3681991525436, 0.00029999686210909263, 4.284937700000228
3333.3681991525436, 0.00029999686210909263, 4.2854553999995915
3333.3681991525436, 0.00029999686210909263, 4.28608499999973
3333.3681991525436, 0.00029999686210909263, 4.286604799999623
3333.3681991525436, 0.00029999686210909263, 4.287123099999917
3333.3681991525436, 0.00029999686210909263, 4.287638499999957
3333.3681991525436, 0.00029999686210909263, 4.288157899999533
3333.3681991525436, 0.00029999686210909263, 4.288679799999954
3333.3681991525436, 0.00029999686210909263, 4.289197999999487
3333.3681991525436, 0.00029999686210909263, 4.2898143000002165
3333.3681991525436, 0.00029999686210909263, 4.29037100000005
3333.3681991525436, 0.00029999686210909263, 4.290887899999689
3333.3681991525436, 0.00029999686210909263, 4.291403199999877
3333.3681991525436, 0.00029999686210909263, 4.291999500000202
3333.3681991525436, 0.00029999686210909263, 4.292521100000158
3333.3681991525436, 0.00029999686210909263, 4.293082700000014
3333.3681991525436, 0.00029999686210909263, 4.293670099999872
3333.3681991525436, 0.00029999686210909263, 4.294184800000039
3333.3681991525436, 0.00029999686210909263, 4.294708299999911
3333.3681991525436, 0.00029999686210909263, 4.295225699999719
3333.3681991525436, 0.00029999686210909263, 4.295743099999527
3333.3681991525436, 0.00029999686210909263, 4.296264300000075
3333.3681991525436, 0.00029999686210909263, 4.296816899999612
3333.3681991525436, 0.00029999686210909263, 4.297369799999615
3333.3681991525436, 0.00029999686210909263, 4.297888799999782
3333.3681991525436, 0.00029960080525396845, 4.298408099999506
3333.3681991525436, 0.00029999686210909263, 4.298922599999969
3333.3681991525436, 0.00029999686210909263, 4.299457099999927
3333.3681991525436, 0.00029999686210909263, 4.300076999999874
3333.3681991525436, 0.00029999686210909263, 4.300709199999801
3333.3681991525436, 0.00029999686210909263, 4.301225399999566
3333.3681991525436, 0.00029999686210909263, 4.301843700000063
3333.3681991525436, 0.00029999686210909263, 4.3023630999996385
3333.3681991525436, 0.00029999686210909263, 4.302881300000081
3333.3681991525436, 0.00029999686210909263, 4.303398999999445
3333.3681991525436, 0.00029999686210909263, 4.303922399999465
3333.3681991525436, 0.0002987265653597965, 4.304525300000023
3333.3681991525436, 0.00029999686210909263, 4.30508860000009
3333.3681991525436, 0.00029999686210909263, 4.305618599999434
3333.3681991525436, 0.00029924506145239825, 4.3061477999999624
3333.3681991525436, 0.00029999686210909263, 4.306673600000067
3333.3681991525436, 0.00029999686210909263, 4.3071969000002355
3333.3681991525436, 0.00029999686210909263, 4.307749200000217
3333.3681991525436, 0.00029999686210909263, 4.308358899999803
3333.3681991525436, 0.00029999686210909263, 4.308876699999928
3333.3681991525436, 0.00029999686210909263, 4.30939429999944
3333.3681991525436, 0.00029999686210909263, 4.310134599999401
3333.3681991525436, 0.00029999686210909263, 4.311198399999739
3333.3681991525436, 0.00029999686210909263, 4.312232199999926
3333.3681991525436, 0.00029999686210909263, 4.312788000000182
3333.3681991525436, 0.00029999686210909263, 4.313336799999888
3333.3681991525436, 0.00029999686210909263, 4.313890999999785
3333.3681991525436, 0.00029999686210909263, 4.314438100000189
3333.3681991525436, 0.00029999686210909263, 4.315056499999628
3333.3681991525436, 0.000299498654758287, 4.3156724000000395
3333.3681991525436, 0.00029999686210909263, 4.3162553000001935
3333.3681991525436, 0.00029999686210909263, 4.316781900000024
3333.3681991525436, 0.00029999686210909263, 4.3173001999994085
3333.3681991525436, 0.00029999686210909263, 4.317820600000232
3333.3681991525436, 0.00029999686210909263, 4.318338799999765
3333.3681991525436, 0.00029999686210909263, 4.3188945000001695
3333.3681991525436, 0.00029999686210909263, 4.31945369999994
3333.3681991525436, 0.00029999686210909263, 4.320074399999612
3333.3681991525436, 0.00029999686210909263, 4.320588399999906
3333.3681991525436, 0.00029999686210909263, 4.3211084999993545
3333.3681991525436, 0.00029999686210909263, 4.321630800000094
3333.3681991525436, 0.00029999686210909263, 4.322233199999573
3333.3681991525436, 0.00029999686210909263, 4.3228682999997545
3333.3681991525436, 0.00029999686210909263, 4.323385799999414
3333.3681991525436, 0.00029999686210909263, 4.323900800000047
3333.3681991525436, 0.00029999686210909263, 4.324419900000066
3333.3681991525436, 0.00029999686210909263, 4.324937499999578
3333.3681991525436, 0.00029999686210909263, 4.325453899999957
3333.3681991525436, 0.00029999686210909263, 4.325970099999722
3333.3681991525436, 0.00029999686210909263, 4.326526099999683
3333.3681991525436, 0.00029999686210909263, 4.327081599999474
3333.3681991525436, 0.00029999686210909263, 4.327601099999811
3333.3681991525436, 0.00029943043862114185, 4.328123000000232
3333.3681991525436, 0.00029999686210909263, 4.328643499999998
3333.3681991525436, 0.00029999686210909263, 4.329163499999595
3333.3681991525436, 0.00029999686210909263, 4.329698999999891
3333.3681991525436, 0.00029999686210909263, 4.330575099999805
3333.3681991525436, 0.00029999686210909263, 4.331543399999646
3333.3681991525436, 0.00029999686210909263, 4.332542000000103
3333.3681991525436, 0.00029999686210909263, 4.333129900000131
3333.3681991525436, 0.00029999686210909263, 4.333685099999457
3333.3681991525436, 0.00029999686210909263, 4.33423219999986
3333.3681991525436, 0.00029999686210909263, 4.334777699999904
3333.3681991525436, 0.00029999686210909263, 4.3353232999998
3333.3681991525436, 0.00029999686210909263, 4.335872199999358
3333.3681991525436, 0.00029999686210909263, 4.336444699999447
3333.3681991525436, 0.00029999686210909263, 4.337032999999792
3333.3681991525436, 0.00029999686210909263, 4.337680799999362
3333.3681991525436, 0.00029999686210909263, 4.338224699999955
3333.3681991525436, 0.00029999686210909263, 4.3387722999996186
3333.3681991525436, 0.00029999686210909263, 4.339317099999789
3333.3681991525436, 0.00029999686210909263, 4.339902199999415
3333.3681991525436, 0.00029999686210909263, 4.3405603000001065
3333.3681991525436, 0.00029999686210909263, 4.341114199999538
3333.3681991525436, 0.00029999686210909263, 4.341672399999879
3333.3681991525436, 0.00029999686210909263, 4.342195100000026
3333.3681991525436, 0.00029999686210909263, 4.3428187999998045
3333.3681991525436, 0.00029999686210909263, 4.343336400000226
3333.3681991525436, 0.00029999686210909263, 4.343858899999759
3333.3681991525436, 0.00029999686210909263, 4.3443946999996115
3333.3681991525436, 0.00029999686210909263, 4.345003100000213
3333.3681991525436, 0.00029999686210909263, 4.345521600000211
3333.3681991525436, 0.00029999686210909263, 4.346035900000061
3333.3681991525436, 0.00029999686210909263, 4.34662599999956
3333.3681991525436, 0.00029999686210909263, 4.34735769999952
3333.3681991525436, 0.00029999686210909263, 4.34794520000014
3333.3681991525436, 0.00029999686210909263, 4.34849849999955
3333.3681991525436, 0.00029999686210909263, 4.349048699999912
3333.3681991525436, 0.00029999686210909263, 4.3496415999998135
3333.3681991525436, 0.00029972350855589797, 4.3501596999994945
3333.3681991525436, 0.00029999686210909263, 4.350874199999453
3333.3681991525436, 0.00029999686210909263, 4.351801599999817
3333.3681991525436, 0.00029999686210909263, 4.352872200000093
3333.3681991525436, 0.00029999686210909263, 4.353480799999488
3333.3681991525436, 0.00029999686210909263, 4.353996499999994
3333.3681991525436, 0.00029999686210909263, 4.354517799999485
3333.3681991525436, 0.00029999686210909263, 4.355039299999589
3333.3681991525436, 0.00029999686210909263, 4.355576399999336
3333.3681991525436, 0.00029999686210909263, 4.356127699999888
3333.3681991525436, 0.00029999686210909263, 4.3566579999996975
3333.3681991525436, 0.00029999686210909263, 4.357179099999485
3333.3681991525436, 0.00029999686210909263, 4.357695900000181
3333.3681991525436, 0.00029999686210909263, 4.358212799999819
3333.3681991525436, 0.00029999686210909263, 4.358736999999564
3333.3681991525436, 0.00029891378987647097, 4.359353899999405
3333.3681991525436, 0.00029999686210909263, 4.3598886999998285
3333.3681991525436, 0.00029999686210909263, 4.360404000000017
3333.3681991525436, 0.00029999686210909263, 4.361028999999689
3333.3681991525436, 0.00029999686210909263, 4.361545300000216
3333.3681991525436, 0.00029999686210909263, 4.362060999999812
3333.3681991525436, 0.00029999686210909263, 4.36257999999998
3333.3681991525436, 0.00029999686210909263, 4.3632072000000335
3333.3681991525436, 0.00029999686210909263, 4.363758999999845
3333.3681991525436, 0.00029999686210909263, 4.364275099999759
3333.3681991525436, 0.00029999686210909263, 4.364796099999694
3333.3681991525436, 0.00029999686210909263, 4.365311099999417
3333.3681991525436, 0.00029999686210909263, 4.365824900000007
3333.3681991525436, 0.00029999686210909263, 4.366345200000069
3333.3681991525436, 0.00029999686210909263, 4.366976700000123
3333.3681991525436, 0.00029999686210909263, 4.367491199999677
3333.3681991525436, 0.00029999686210909263, 4.3680051000001185
3333.3681991525436, 0.00029999686210909263, 4.368525699999736
3333.3681991525436, 0.00029999686210909263, 4.3690403999999035
3333.3681991525436, 0.00029999686210909263, 4.369553300000007
3333.3681991525436, 0.00029999686210909263, 4.370074499999646
3333.3681991525436, 0.00029999686210909263, 4.370629299999564
3333.3681991525436, 0.00029999686210909263, 4.371427999999469
3333.3681991525436, 0.00029999686210909263, 4.372335899999598
3333.3681991525436, 0.00029999686210909263, 4.373260999999729
3333.3681991525436, 0.00029999686210909263, 4.37380260000009
3333.3681991525436, 0.00029999686210909263, 4.374417600000015
3333.3681991525436, 0.00029999686210909263, 4.3749330000000555
3333.3681991525436, 0.00029999686210909263, 4.375454600000012
3333.3681991525436, 0.00029999686210909263, 4.375970500000221
3333.3681991525436, 0.00029999686210909263, 4.37648530000024
3333.3681991525436, 0.00029999686210909263, 4.3769987999994555
3333.3681991525436, 0.00029999686210909263, 4.377522899999349
3333.3681991525436, 0.00029999686210909263, 4.378075799999351
3333.3681991525436, 0.00029999686210909263, 4.378627500000221
3333.3681991525436, 0.00029999686210909263, 4.379140000000007
3333.3681991525436, 0.00029999686210909263, 4.379660999999942
3333.3681991525436, 0.00029999686210909263, 4.380221200000051
3333.3681991525436, 0.00029999686210909263, 4.380745899999965
3333.3681991525436, 0.00029999686210909263, 4.381450899999436
3333.3681991525436, 0.00029999686210909263, 4.381990400000177
3333.3681991525436, 0.00029999686210909263, 4.382514099999753
3333.3681991525436, 0.00029999686210909263, 4.383039299999837
3333.3681991525436, 0.00029999686210909263, 4.383741199999349
3333.3681991525436, 0.00029999686210909263, 4.384380299999975
3333.3681991525436, 0.00029999686210909263, 4.384994899999583
3333.3681991525436, 0.00029850718788608304, 4.385556000000179
3333.3681991525436, 0.00029999686210909263, 4.386093999999503
3333.3681991525436, 0.00029999686210909263, 4.386613199999374
3333.3681991525436, 0.00029999686210909263, 4.3871346999994785
3333.3681991525436, 0.00029999686210909263, 4.387654499999371
3333.3681991525436, 0.00029999686210909263, 4.388171699999475
3333.3681991525436, 0.00029999686210909263, 4.388784699999633
3333.3681991525436, 0.00029999686210909263, 4.389322299999549
3333.3681991525436, 0.00029999686210909263, 4.389839299999949
3333.3681991525436, 0.00029999686210909263, 4.390357599999334
3333.3681991525436, 0.00029999686210909263, 4.390876599999501
3333.3681991525436, 0.00029999686210909263, 4.391587299999628
3333.3681991525436, 0.00029999686210909263, 4.392541100000017
3333.3681991525436, 0.00029999686210909263, 4.393553099999735
3333.3681991525436, 0.00029999686210909263, 4.394076900000073
3333.3681991525436, 0.00029999686210909263, 4.394596199999796
3333.3681991525436, 0.00029999686210909263, 4.3951133999999
3333.3681991525436, 0.00029999686210909263, 4.395632099999602
3333.3681991525436, 0.00029999686210909263, 4.39627019999989
3333.3681991525436, 0.00029999686210909263, 4.396787300000142
3333.3681991525436, 0.00029999686210909263, 4.397304099999928
3333.3681991525436, 0.00029999686210909263, 4.3978188999999475
3333.3681991525436, 0.00029999686210909263, 4.398341600000094
3333.3681991525436, 0.00029999686210909263, 4.398858099999416
3333.3681991525436, 0.00029999686210909263, 4.3993752999995195
3333.3681991525436, 0.00029999686210909263, 4.3999377000000095
3333.3681991525436, 0.00029999686210909263, 4.400491299999885
3333.3681991525436, 0.00029999686210909263, 4.401011699999799
3333.3681991525436, 0.00029999686210909263, 4.401608499999384
3333.3681991525436, 0.00029999686210909263, 4.4021316999997
3333.3681991525436, 0.00029999686210909263, 4.40265029999955
3333.3681991525436, 0.00029999686210909263, 4.403166899999633
3333.3681991525436, 0.00029999686210909263, 4.4038802999994004
3333.3681991525436, 0.00029999686210909263, 4.40440690000014
3333.3681991525436, 0.00029999686210909263, 4.404924599999504
3333.3681991525436, 0.00029999686210909263, 4.4054409000000305
3333.3681991525436, 0.00029999686210909263, 4.4059612999999445
3333.3681991525436, 0.00029999686210909263, 4.406478099999731
3333.3681991525436, 0.00029999686210909263, 4.407012799999393
3333.3681991525436, 0.00029999686210909263, 4.4075489999995625
3333.3681991525436, 0.00029999686210909263, 4.40810109999984
3333.3681991525436, 0.00029999686210909263, 4.408616400000028
3333.3681991525436, 0.00029999686210909263, 4.409132300000238
3333.3681991525436, 0.00029999686210909263, 4.409655200000088
3333.3681991525436, 0.00029999686210909263, 4.41017439999996
3333.3681991525436, 0.00029999686210909263, 4.410719099999369
3333.3681991525436, 0.00029999686210909263, 4.411324499999864
3333.3681991525436, 0.00029999686210909263, 4.411971999999878
3333.3681991525436, 0.00029999686210909263, 4.41249069999958
3333.3681991525436, 0.00029999686210909263, 4.413006400000086
3333.3681991525436, 0.00029999686210909263, 4.413529100000233
3333.3681991525436, 0.00029999686210909263, 4.414155299999948
3333.3681991525436, 0.00029999686210909263, 4.414708299999802
3333.3681991525436, 0.00029999686210909263, 4.415264499999466
3333.3681991525436, 0.00029999686210909263, 4.4157844000001205
3333.3681991525436, 0.00029999686210909263, 4.416302199999336
3333.3681991525436, 0.00029999686210909263, 4.416823699999441
3333.3681991525436, 0.00029999686210909263, 4.4173494999995455
3333.3681991525436, 0.00029999686210909263, 4.417865999999776
3333.3681991525436, 0.00029999686210909263, 4.418496000000232
3333.3681991525436, 0.00029999686210909263, 4.4190184999997655
3333.3681991525436, 0.00029999686210909263, 4.41953680000006
3333.3681991525436, 0.00029999686210909263, 4.42005379999955
3333.3681991525436, 0.00029999686210909263, 4.420572199999697
3333.3681991525436, 0.00029999686210909263, 4.421257699999842
3333.3681991525436, 0.00029999686210909263, 4.4218737999999576
3333.3681991525436, 0.00029999686210909263, 4.422491899999841
3333.3681991525436, 0.00029999686210909263, 4.423010499999691
3333.3681991525436, 0.00029999686210909263, 4.4235256000001755
3333.3681991525436, 0.00029999686210909263, 4.424149800000123
3333.3681991525436, 0.00029999686210909263, 4.424673599999551
3333.3681991525436, 0.0002984604085023974, 4.425194699999338
3333.3681991525436, 0.00029999686210909263, 4.425826799999413
3333.3681991525436, 0.00029999686210909263, 4.426344399999834
3333.3681991525436, 0.00029999686210909263, 4.4268645000001925
3333.3681991525436, 0.00029999686210909263, 4.42737919999945
3333.3681991525436, 0.00029999686210909263, 4.427892900000188
3333.3681991525436, 0.00029999686210909263, 4.428410800000165
3333.3681991525436, 0.00029999686210909263, 4.428931200000079
3333.3681991525436, 0.00029999686210909263, 4.429489499999363
3333.3681991525436, 0.00029999686210909263, 4.430042500000127
3333.3681991525436, 0.00029999686210909263, 4.430556799999977
3333.3681991525436, 0.00029999686210909263, 4.431078799999341
3333.3681991525436, 0.00029999686210909263, 4.431596999999783
3333.3681991525436, 0.00029999686210909263, 4.432240999999522
3333.3681991525436, 0.00029999686210909263, 4.432808800000203
3333.3681991525436, 0.00029999686210909263, 4.433393499999511
3333.3681991525436, 0.00029999686210909263, 4.433909499999572
3333.3681991525436, 0.00029999686210909263, 4.434531899999456
3333.3681991525436, 0.00029999686210909263, 4.435051999999814
3333.3681991525436, 0.00029999686210909263, 4.435573300000215
3333.3681991525436, 0.00029999686210909263, 4.4360916999994515
3333.3681991525436, 0.00029999686210909263, 4.436647499999708
3333.3681991525436, 0.00029999686210909263, 4.437197499999456
3333.3681991525436, 0.00029999686210909263, 4.437714900000174
3333.3681991525436, 0.00029999686210909263, 4.438230499999918
3333.3681991525436, 0.00029999686210909263, 4.43875079999998
3333.3681991525436, 0.00029999686210909263, 4.43926620000002
3333.3681991525436, 0.00029999686210909263, 4.439788300000146
3333.3681991525436, 0.00029999686210909263, 4.440419399999882
3333.3681991525436, 0.00029999686210909263, 4.440944199999649
3333.3681991525436, 0.00029999686210909263, 4.441460999999435
3333.3681991525436, 0.00029999686210909263, 4.441982100000132
3333.3681991525436, 0.00029999686210909263, 4.4425836999998864
3333.3681991525436, 0.00029999686210909263, 4.443099999999504
3333.3681991525436, 0.00029999686210909263, 4.443615999999565
3333.3681991525436, 0.00029999686210909263, 4.44417329999942
3333.3681991525436, 0.00029999686210909263, 4.444840499999373
3333.3681991525436, 0.00029999686210909263, 4.445358500000111
3333.3681991525436, 0.00029999686210909263, 4.445878499999708
3333.3681991525436, 0.00029999686210909263, 4.446398699999918
3333.3681991525436, 0.00029999686210909263, 4.446912899999916
3333.3681991525436, 0.00029999686210909263, 4.447458599999663
3333.3681991525436, 0.00029999686210909263, 4.448069299999588
3333.3681991525436, 0.00029999686210909263, 4.448593500000243
3333.3681991525436, 0.00029999686210909263, 4.449109299999691
3333.3681991525436, 0.00029999686210909263, 4.449626200000239
3333.3681991525436, 0.00029999686210909263, 4.450145699999666
3333.3681991525436, 0.00029999686210909263, 4.450663399999939
3333.3681991525436, 0.00029999686210909263, 4.451220599999942
3333.3681991525436, 0.0002986836791152863, 4.451763799999753
3333.3681991525436, 0.00029999686210909263, 4.452470299999732
3333.3681991525436, 0.00029999686210909263, 4.453550499999437
3333.3681991525436, 0.00029999686210909263, 4.454543299999386
3333.3681991525436, 0.00029999686210909263, 4.455185799999526
3333.3681991525436, 0.00029999686210909263, 4.455933799999912
3333.3681991525436, 0.00029999686210909263, 4.456454899999699
3333.3681991525436, 0.00029999686210909263, 4.456973100000141
3333.3681991525436, 0.00029999686210909263, 4.457499600000119
3333.3681991525436, 0.00029999686210909263, 4.458018100000118
3333.3681991525436, 0.00029999686210909263, 4.458573899999465
3333.3681991525436, 0.00029999686210909263, 4.459112399999867
3333.3681991525436, 0.00029999686210909263, 4.459716700000172
3333.3681991525436, 0.00029999686210909263, 4.46023520000017
3333.3681991525436, 0.00029999686210909263, 4.460753399999703
3333.3681991525436, 0.00029999686210909263, 4.46127019999949
3333.3681991525436, 0.00029999686210909263, 4.461790700000165
3333.3681991525436, 0.00029999686210909263, 4.462407199999689
3333.3681991525436, 0.00029999686210909263, 4.463069499999619
3333.3681991525436, 0.00029999686210909263, 4.46363669999937
3333.3681991525436, 0.00029999686210909263, 4.464304699999957
3333.3681991525436, 0.00029999686210909263, 4.46498419999989
3333.3681991525436, 0.00029999686210909263, 4.46574580000015
3333.3681991525436, 0.00029999686210909263, 4.466319799999837
3333.3681991525436, 0.00029999686210909263, 4.46687060000022
3333.3681991525436, 0.00029999686210909263, 4.467416800000137
3333.3681991525436, 0.00029999686210909263, 4.467965099999674
3333.3681991525436, 0.00029999686210909263, 4.468514399999549
3333.3681991525436, 0.00029999686210909263, 4.469060599999466
3333.3681991525436, 0.00029999686210909263, 4.469663699999728
3333.3681991525436, 0.00029999686210909263, 4.470228199999838
3333.3681991525436, 0.00029999686210909263, 4.470778299999438
3333.3681991525436, 0.00029999686210909263, 4.471325900000011
3333.3681991525436, 0.00029999686210909263, 4.471875000000182
3333.3681991525436, 0.00029999686210909263, 4.472420099999908
3333.3681991525436, 0.00029999686210909263, 4.473376899999494
3333.3681991525436, 0.00029999686210909263, 4.473938199999793
3333.3681991525436, 0.00029999686210909263, 4.47475729999951
3333.3681991525436, 0.00029999686210909263, 4.47538429999986
3333.3681991525436, 0.00029999686210909263, 4.475940100000116
3333.3681991525436, 0.00029999686210909263, 4.476494200000161
3333.3681991525436, 0.00029999686210909263, 4.477106999999705
3333.3681991525436, 0.00029999686210909263, 4.477654100000109
3333.3681991525436, 0.00029999686210909263, 4.47820159999992
3333.3681991525436, 0.00029999686210909263, 4.478747000000112
3333.3681991525436, 0.00029999686210909263, 4.479291599999669
3333.3681991525436, 0.00029999686210909263, 4.479836200000136
3333.3681991525436, 0.00029999686210909263, 4.480387499999779
3333.3681991525436, 0.00029999686210909263, 4.480934100000013
3333.3681991525436, 0.00029999686210909263, 4.48147710000012
3333.3681991525436, 0.00029999686210909263, 4.482030799999848
3333.3681991525436, 0.00029999686210909263, 4.482576399999743
3333.3681991525436, 0.00029999686210909263, 4.483190899999499
3333.3681991525436, 0.00029999686210909263, 4.483734399999776
3333.3681991525436, 0.00029999686210909263, 4.484281500000179
3333.3681991525436, 0.00029999686210909263, 4.484902299999703
3333.3681991525436, 0.00029999686210909263, 4.48549869999988
3333.3681991525436, 0.00029999686210909263, 4.4860515000000305
3333.3681991525436, 0.00029999686210909263, 4.486568700000134
3333.3681991525436, 0.00029999686210909263, 4.487086999999519
3333.3681991525436, 0.00029999686210909263, 4.487603599999602
3333.3681991525436, 0.00029999686210909263, 4.488161000000218
3333.3681991525436, 0.00029999686210909263, 4.488714699999946
3333.3681991525436, 0.00029999686210909263, 4.489231800000198
3333.3681991525436, 0.0002994326581387785, 4.489754600000197
3333.3681991525436, 0.00029999686210909263, 4.4902719000001525
3333.3681991525436, 0.00029999686210909263, 4.49078659999941
3333.3681991525436, 0.00029999686210909263, 4.491306500000064
3333.3681991525436, 0.00029999686210909263, 4.491938399999526
3333.3681991525436, 0.00029999686210909263, 4.49245879999944
3333.3681991525436, 0.00029835482684218686, 4.492980500000158
3333.3681991525436, 0.00029999686210909263, 4.49373469999955
3333.3681991525436, 0.00029999686210909263, 4.494743700000072
3333.3681991525436, 0.00029999686210909263, 4.495722900000146
3333.3681991525436, 0.00029999686210909263, 4.4963041000000885
3333.3681991525436, 0.00029999686210909263, 4.496857000000091
3333.3681991525436, 0.00029999686210909263, 4.49740010000005
3333.3681991525436, 0.00029999686210909263, 4.498097799999414
3333.3681991525436, 0.00029999686210909263, 4.498880699999972
3333.3681991525436, 0.00029999686210909263, 4.499637199999597
3333.3681991525436, 0.00029999686210909263, 4.500557999999728
3333.3681991525436, 0.00029999686210909263, 4.501146300000073
3333.3681991525436, 0.00029999686210909263, 4.501745399999891
3333.3681991525436, 0.00029999686210909263, 4.502417300000161
3333.3681991525436, 0.00029999686210909263, 4.503015700000105
3333.3681991525436, 0.00029999686210909263, 4.503639099999418
3333.3681991525436, 0.00029999686210909263, 4.504205999999613
3333.3681991525436, 0.00029867369059440995, 4.504774699999871
3333.3681991525436, 0.00029880591261914705, 4.505341699999917
3333.3681991525436, 0.00029999686210909263, 4.505941899999925
3333.3681991525436, 0.00029999686210909263, 4.5065544999997655
3333.3681991525436, 0.00029999686210909263, 4.507102800000212
3333.3681991525436, 0.00029999686210909263, 4.5076468999995996
3333.3681991525436, 0.00029999686210909263, 4.508198999999877
3333.3681991525436, 0.00029999686210909263, 4.50874179999937
3333.3681991525436, 0.00029999686210909263, 4.50928759999988
3333.3681991525436, 0.00029999686210909263, 4.509838500000114
3333.3681991525436, 0.00029999686210909263, 4.510392999999567
3333.3681991525436, 0.00029999686210909263, 4.510938299999907
3333.3681991525436, 0.00029999686210909263, 4.511483999999655
3333.3681991525436, 0.00029999686210909263, 4.5120296999994025
3333.3681991525436, 0.00029999686210909263, 4.512582399999701
3333.3681991525436, 0.00029999686210909263, 4.513132500000211
3333.3681991525436, 0.00029999686210909263, 4.513869800000066
3333.3681991525436, 0.00029999686210909263, 4.514469699999609
3333.3681991525436, 0.00029999686210909263, 4.515019999999822
3333.3681991525436, 0.00029999686210909263, 4.515571999999338
3333.3681991525436, 0.000299227900172973, 4.516171299999769
3333.3681991525436, 0.00029999686210909263, 4.516696699999557
3333.3681991525436, 0.00029999686210909263, 4.517219700000169
3333.3681991525436, 0.00029859039153184606, 4.517775599999368
3333.3681991525436, 0.00029999686210909263, 4.518334100000175
3333.3681991525436, 0.00029999686210909263, 4.518851299999369
3333.3681991525436, 0.00029999686210909263, 4.519368999999642
3333.3681991525436, 0.00029999686210909263, 4.519888499999979
3333.3681991525436, 0.00029999686210909263, 4.520406300000104
3333.3681991525436, 0.00029999686210909263, 4.520944599999893
3333.3681991525436, 0.00029999686210909263, 4.521554999999353
3333.3681991525436, 0.00029999686210909263, 4.522076299999753
3333.3681991525436, 0.00029999686210909263, 4.522592599999371
3333.3681991525436, 0.00029999686210909263, 4.523107500000151
3333.3681991525436, 0.00029999686210909263, 4.523627499999748
3333.3681991525436, 0.00029999686210909263, 4.524250999999822
3333.3681991525436, 0.00029999686210909263, 4.524804499999846
3333.3681991525436, 0.00029999686210909263, 4.525360300000102
3333.3681991525436, 0.00029999686210909263, 4.525882199999614
3333.3681991525436, 0.00029999686210909263, 4.5265026999995825
3333.3681991525436, 0.00029999686210909263, 4.527020499999708
3333.3681991525436, 0.00029999686210909263, 4.527541299999939
3333.3681991525436, 0.00029999686210909263, 4.528057900000022
3333.3681991525436, 0.00029999686210909263, 4.5286888000000545
3333.3681991525436, 0.00029999686210909263, 4.529249600000185
3333.3681991525436, 0.00029999686210909263, 4.529779599999529
3333.3681991525436, 0.00029999686210909263, 4.53030359999957
3333.3681991525436, 0.00029999686210909263, 4.530827399999907
3333.3681991525436, 0.00029999686210909263, 4.53135039999961
3333.3681991525436, 0.00029999686210909263, 4.531875900000159
3333.3681991525436, 0.00029999686210909263, 4.5324320999998235
3333.3681991525436, 0.00029999686210909263, 4.532987499999763
3333.3681991525436, 0.00029999686210909263, 4.533509099999719
3333.3681991525436, 0.00029999686210909263, 4.534025799999654
3333.3681991525436, 0.00029999686210909263, 4.535231400000157
3333.3681991525436, 0.00029999686210909263, 4.535891999999876
3333.3681991525436, 0.00029999686210909263, 4.536674899999525
3333.3681991525436, 0.00029999686210909263, 4.537246899999445
3333.3681991525436, 0.00029999686210909263, 4.537799499999892
3333.3681991525436, 0.00029999686210909263, 4.53832009999951
3333.3681991525436, 0.00029999686210909263, 4.538873999999851
3333.3681991525436, 0.00029999686210909263, 4.539411699999619
3333.3681991525436, 0.00029999686210909263, 4.540003600000091
3333.3681991525436, 0.00029999686210909263, 4.540536200000133
3333.3681991525436, 0.00029999686210909263, 4.541089800000009
3333.3681991525436, 0.00029999686210909263, 4.541603699999541
3333.3681991525436, 0.00029999686210909263, 4.542159799999354
3333.3681991525436, 0.00029999686210909263, 4.542680699999437
3333.3681991525436, 0.00029999686210909263, 4.54334899999958
3333.3681991525436, 0.00029999686210909263, 4.543904099999963
3333.3681991525436, 0.00029999686210909263, 4.544420199999877
3333.3681991525436, 0.00029999686210909263, 4.545003999999608
3333.3681991525436, 0.00029999686210909263, 4.545525300000008
3333.3681991525436, 0.00029999686210909263, 4.546092699999463
3333.3681991525436, 0.00029999686210909263, 4.546609600000011
3333.3681991525436, 0.00029999686210909263, 4.547549599999911
3333.3681991525436, 0.00029999686210909263, 4.548343399999794
3333.3681991525436, 0.00029999686210909263, 4.549443500000052
3333.3681991525436, 0.00029999686210909263, 4.551380400000198
3333.3681991525436, 0.00029999686210909263, 4.552517600000101
3333.3681991525436, 0.00029848274753356443, 4.553957899999659
3333.3681991525436, 0.00029999686210909263, 4.555397899999662
3333.3681991525436, 0.00029999686210909263, 4.556618900000103
3333.3681991525436, 0.00029999686210909263, 4.557892099999663
3333.3681991525436, 0.00029999686210909263, 4.560502599999381
3333.3681991525436, 0.00029999686210909263, 4.561354299999948
3333.3681991525436, 0.00029999686210909263, 4.5619299999998475
3333.3681991525436, 0.00029999686210909263, 4.562605000000076
3333.3681991525436, 0.00029999686210909263, 4.563277000000198
3333.3681991525436, 0.00029999686210909263, 4.563967500000217
3333.3681991525436, 0.00029999686210909263, 4.565031299999646
3333.3681991525436, 0.00029999686210909263, 4.566195399999742
3333.3681991525436, 0.00029999686210909263, 4.569049900000209
3333.3681991525436, 0.00029999686210909263, 4.5707635999997365
3333.3681991525436, 0.00029999686210909263, 4.572795600000063
3333.3681991525436, 0.00029999686210909263, 4.573607399999673
3333.3681991525436, 0.00029999686210909263, 4.57457340000019
3333.3681991525436, 0.00029999686210909263, 4.5758664999993925
3333.3681991525436, 0.00029999686210909263, 4.577678300000116
3333.3681991525436, 0.00029999686210909263, 4.579299099999844
3333.3681991525436, 0.00029999686210909263, 4.580275299999812
3333.3681991525436, 0.00029999686210909263, 4.581382599999415
3333.3681991525436, 0.00029999686210909263, 4.5831208999998125
3333.3681991525436, 0.00029999686210909263, 4.584863199999745
3333.3681991525436, 0.00029999686210909263, 4.586248200000227
3333.3681991525436, 0.00029999686210909263, 4.588944999999512
3333.3681991525436, 0.00029999686210909263, 4.589671599999747
3333.3681991525436, 0.00029999686210909263, 4.5903330999999525
3333.3681991525436, 0.00029999686210909263, 4.591063500000018
3333.3681991525436, 0.00029999686210909263, 4.59206709999944
3333.3681991525436, 0.00029999686210909263, 4.592711700000109
3333.3681991525436, 0.00029999686210909263, 4.593360299999404
3333.3681991525436, 0.00029999686210909263, 4.593965099999878
3333.3681991525436, 0.00029999686210909263, 4.594574400000056
3333.3681991525436, 0.00029999686210909263, 4.595201000000088
3333.3681991525436, 0.00029999686210909263, 4.5957682999996905
3333.3681991525436, 0.00029999686210909263, 4.596406900000147
3333.3681991525436, 0.00029999686210909263, 4.597178899999562
3333.3681991525436, 0.00029999686210909263, 4.598079100000177
3333.3681991525436, 0.00029999686210909263, 4.598993200000223
3333.3681991525436, 0.00029999686210909263, 4.599995999999919
3333.3681991525436, 0.00029999686210909263, 4.602160100000219
3333.3681991525436, 0.00029999686210909263, 4.604056399999536
3333.3681991525436, 0.00029999686210909263, 4.605053799999951
3333.3681991525436, 0.00029999686210909263, 4.605754499999421
3333.3681991525436, 0.00029999686210909263, 4.606407999999647
3333.3681991525436, 0.00029999686210909263, 4.607159899999715
3333.3681991525436, 0.00029999686210909263, 4.60800399999971
3333.3681991525436, 0.00029999686210909263, 4.608778400000119
3333.3681991525436, 0.00029999686210909263, 4.609520699999848
3333.3681991525436, 0.00029999686210909263, 4.610387199999423
3333.3681991525436, 0.00029999686210909263, 4.611963800000012
3333.3681991525436, 0.00029999686210909263, 4.612711699999636
3333.3681991525436, 0.00029999686210909263, 4.6137707999996564
3333.3681991525436, 0.00029999686210909263, 4.614521099999365
3333.3681991525436, 0.00029999686210909263, 4.61517189999995
3333.3681991525436, 0.00029999686210909263, 4.6158755999995265
3333.3681991525436, 0.00029999686210909263, 4.617425200000071
3333.3681991525436, 0.00029999686210909263, 4.61810449999939
3333.3681991525436, 0.00029999686210909263, 4.618733899999825
3333.3681991525436, 0.00029999686210909263, 4.619352599999729
3333.3681991525436, 0.0002996697310609514, 4.619971000000078
3333.3681991525436, 0.00029999686210909263, 4.620579700000235
3333.3681991525436, 0.00029999686210909263, 4.62117760000001
3333.3681991525436, 0.00029999686210909263, 4.621769200000017
3333.3681991525436, 0.00029999686210909263, 4.622361799999453
3333.3681991525436, 0.00029999686210909263, 4.622945299999628
3333.3681991525436, 0.00029999686210909263, 4.623529800000142
3333.3681991525436, 0.00029999686210909263, 4.624120200000107
3333.3681991525436, 0.00029999686210909263, 4.6247425999999905
3333.3681991525436, 0.00029999686210909263, 4.625359300000127
3333.3681991525436, 0.00029999686210909263, 4.62597519999963
3333.3681991525436, 0.00029999686210909263, 4.6265943999997035
3333.3681991525436, 0.00029999686210909263, 4.627207999999882
3333.3681991525436, 0.00029999686210909263, 4.627791500000058
3333.3681991525436, 0.00029999686210909263, 4.628406499999983
3333.3681991525436, 0.00029999686210909263, 4.629044599999361
3333.3681991525436, 0.00029999686210909263, 4.62966890000007
3333.3681991525436, 0.00029999686210909263, 4.630333799999789
3333.3681991525436, 0.00029999686210909263, 4.631013100000018
3333.3681991525436, 0.00029999686210909263, 4.631774200000109
3333.3681991525436, 0.00029999686210909263, 4.632395499999802
3333.3681991525436, 0.00029999686210909263, 4.6333482
3333.3681991525436, 0.00029999686210909263, 4.633974399999715
3333.3681991525436, 0.00029999686210909263, 4.634596199999578
3333.3681991525436, 0.00029999686210909263, 4.635193000000072
3333.3681991525436, 0.00029999686210909263, 4.635879299999942
3333.3681991525436, 0.00029999686210909263, 4.636574600000131
3333.3681991525436, 0.00029999686210909263, 4.637180499999886
3333.3681991525436, 0.00029999686210909263, 4.637926499999594
3333.3681991525436, 0.00029999686210909263, 4.639069899999413
3333.3681991525436, 0.00029999686210909263, 4.639777100000174
3333.3681991525436, 0.00029999686210909263, 4.640451199999916
3333.3681991525436, 0.00029999686210909263, 4.641243099999883
3333.3681991525436, 0.00029999686210909263, 4.642023999999765
3333.3681991525436, 0.00029999686210909263, 4.642863699999907
3333.3681991525436, 0.00029999686210909263, 4.643782399999509
3333.3681991525436, 0.00029999686210909263, 4.644490699999551
3333.3681991525436, 0.00029999686210909263, 4.6453669000002265
3333.3681991525436, 0.00029999686210909263, 4.646183899999414
3333.3681991525436, 0.00029999686210909263, 4.647245199999816
3333.3681991525436, 0.00029999686210909263, 4.648492799999985
3333.3681991525436, 0.00029999686210909263, 4.649474400000145
3333.3681991525436, 0.00029999686210909263, 4.650695100000121
3333.3681991525436, 0.00029999686210909263, 4.651329299999816
3333.3681991525436, 0.00029999686210909263, 4.652060499999607
3332.321386387713, 0.00030009110288249094, 4.6528385999999955
3320.8064459745774, 0.0003011316727634585, 4.653549499999826
3320.8064459745774, 0.0003011316727634585, 4.654454299999998
3320.8064459745774, 0.0003011316727634585, 4.655271799999355
3320.8064459745774, 0.0003011316727634585, 4.655917500000214
3320.8064459745774, 0.0003011316727634585, 4.656654599999456
3320.8064459745774, 0.0003011316727634585, 4.657304100000147
3320.8064459745774, 0.0003011316727634585, 4.6579320000000735
3320.8064459745774, 0.0003011316727634585, 4.6585386999995535
3320.8064459745774, 0.0003011316727634585, 4.659159299999374
3320.8064459745774, 0.0003011316727634585, 4.659782199999427
3320.8064459745774, 0.0003011316727634585, 4.660374899999624
3320.8064459745774, 0.0003011316727634585, 4.660976099999971
3320.8064459745774, 0.0003011316727634585, 4.661604299999453
3320.8064459745774, 0.0003011316727634585, 4.662189699999544
3320.8064459745774, 0.0003011316727634585, 4.662772599999698
3320.8064459745774, 0.0003011316727634585, 4.663360800000191
3320.8064459745774, 0.0003011316727634585, 4.663946900000155
3320.8064459745774, 0.0003011316727634585, 4.664716299999782
3320.8064459745774, 0.0003011316727634585, 4.6656026000000566
3320.8064459745774, 0.0003011316727634585, 4.666314199999761
3320.8064459745774, 0.0003011316727634585, 4.666973800000051
3320.8064459745774, 0.0003011316727634585, 4.667620299999726
3320.8064459745774, 0.0003011316727634585, 4.668353500000194
3320.8064459745774, 0.0003011316727634585, 4.669044700000086
3320.8064459745774, 0.0003011316727634585, 4.669681299999866
3320.8064459745774, 0.0003011316727634585, 4.670294499999727
3320.8064459745774, 0.0003011316727634585, 4.671036900000217
3320.8064459745774, 0.0003011316727634585, 4.67255010000008
3320.8064459745774, 0.0003011316727634585, 4.673976099999891
3320.8064459745774, 0.0003011316727634585, 4.675468499999624
3320.8064459745774, 0.0003011316727634585, 4.676312300000063
3320.8064459745774, 0.0003011316727634585, 4.676982799999678
3320.8064459745774, 0.0003011316727634585, 4.677652299999863
3320.8064459745774, 0.0003011316727634585, 4.678592899999785
3320.8064459745774, 0.0003011316727634585, 4.679223299999649
3320.8064459745774, 0.0003011316727634585, 4.679805899999337
3320.8064459745774, 0.0003011316727634585, 4.680572000000211
3320.8064459745774, 0.0003011316727634585, 4.681254499999341
3320.8064459745774, 0.0003011316727634585, 4.681909400000222
3320.8064459745774, 0.0003011316727634585, 4.682631499999843
3320.8064459745774, 0.0003011316727634585, 4.683756299999914
3320.8064459745774, 0.0003011316727634585, 4.684522200000174
3320.8064459745774, 0.0003011316727634585, 4.685242699999435
3320.8064459745774, 0.0003011316727634585, 4.686763199999405
3320.8064459745774, 0.00030009110288249094, 4.688307100000202
3320.8064459745774, 0.0003011316727634585, 4.689546699999482
3320.8064459745774, 0.0003011316727634585, 4.691277799999625
3320.8064459745774, 0.0003011316727634585, 4.692501699999411
3320.8064459745774, 0.0003011316727634585, 4.693311999999423
3320.8064459745774, 0.0003011316727634585, 4.693954899999881
3320.8064459745774, 0.0003011316727634585, 4.694849399999839
3320.8064459745774, 0.0003011316727634585, 4.695594799999526
3320.8064459745774, 0.00030066786119396175, 4.696366399999533
3320.8064459745774, 0.0003011316727634585, 4.696991400000115
3320.8064459745774, 0.0003011316727634585, 4.697860700000092
3320.8064459745774, 0.0003011316727634585, 4.69922570000017
3320.8064459745774, 0.0003011316727634585, 4.699885999999424
3320.8064459745774, 0.0003011316727634585, 4.700660099999368
3320.8064459745774, 0.0003011316727634585, 4.701279299999442
3320.8064459745774, 0.0003011316727634585, 4.701918699999624
3320.8064459745774, 0.0003011316727634585, 4.702566599999955
3320.8064459745774, 0.0003011316727634585, 4.7031953999994585
3320.8064459745774, 0.0003011316727634585, 4.703813099999934
3320.8064459745774, 0.0003011316727634585, 4.704408599999624
3320.8064459745774, 0.0003011316727634585, 4.704996499999652
3320.8064459745774, 0.0003011316727634585, 4.705605600000126
3320.8064459745774, 0.0003011316727634585, 4.706235599999673
3320.8064459745774, 0.0003011316727634585, 4.706852999999683
3320.8064459745774, 0.0003011316727634585, 4.707473200000095
3320.8064459745774, 0.0003011316727634585, 4.708099299999958
3320.8064459745774, 0.0003011316727634585, 4.708689600000071
3320.8064459745774, 0.0003011316727634585, 4.709322900000188
3320.8064459745774, 0.0003011316727634585, 4.710174499999994
3320.8064459745774, 0.0003011316727634585, 4.7109645999998975
3320.8064459745774, 0.0003011316727634585, 4.7117615999995905
3320.8064459745774, 0.0003011316727634585, 4.712848099999974
3320.8064459745774, 0.0003011316727634585, 4.713611499999388
3320.8064459745774, 0.0003011316727634585, 4.71423330000016
3320.8064459745774, 0.0003011316727634585, 4.7148465000000215
3320.8064459745774, 0.0003011316727634585, 4.715457999999671
3320.8064459745774, 0.0003011316727634585, 4.716675699999541
3320.8064459745774, 0.0003011316727634585, 4.7184213000000454
3320.8064459745774, 0.0003011316727634585, 4.720254400000158
3320.8064459745774, 0.0003011316727634585, 4.721713500000078
3320.8064459745774, 0.0003011316727634585, 4.722819499999787
3320.8064459745774, 0.0003011316727634585, 4.723564599999918
3320.8064459745774, 0.0003011316727634585, 4.724285100000088
3320.8064459745774, 0.0003011316727634585, 4.725067899999885
3320.8064459745774, 0.0003011316727634585, 4.725956100000076
3320.8064459745774, 0.0003011316727634585, 4.726624699999775
3320.8064459745774, 0.0003011316727634585, 4.728340399999979
3320.8064459745774, 0.0003011316727634585, 4.729699200000141
3320.8064459745774, 0.0003011316727634585, 4.730434999999488
3320.8064459745774, 0.0003011316727634585, 4.731087699999989
3320.8064459745774, 0.0003011316727634585, 4.731709099999534
3320.8064459745774, 0.0003011316727634585, 4.732321899999988
3320.8064459745774, 0.0003011316727634585, 4.732944499999576
3320.8064459745774, 0.0003011316727634585, 4.734364500000083
3320.8064459745774, 0.0003011316727634585, 4.73550669999986
3320.8064459745774, 0.0003011316727634585, 4.736615499999971
3320.8064459745774, 0.0003011316727634585, 4.7378264999997555
3320.8064459745774, 0.0003011316727634585, 4.739398300000175
3320.8064459745774, 0.0003011316727634585, 4.7413212000001295
3320.8064459745774, 0.0003011316727634585, 4.743203999999423
3320.8064459745774, 0.0003011316727634585, 4.744876699999622
3320.8064459745774, 0.0003011316727634585, 4.746642199999769
3320.8064459745774, 0.0003011316727634585, 4.748012600000038
3320.8064459745774, 0.0003011316727634585, 4.748999299999923
3320.8064459745774, 0.0003011316727634585, 4.749940199999401
3320.8064459745774, 0.0003011316727634585, 4.750651399999697
3320.8064459745774, 0.0003011316727634585, 4.752286599999934
3320.8064459745774, 0.0003011316727634585, 4.754161400000157
3320.8064459745774, 0.0003011316727634585, 4.755968800000119
3320.8064459745774, 0.0003008271631632039, 4.757756999999401
3320.8064459745774, 0.0003003741807944525, 4.759516499999336
3320.8064459745774, 0.0003011316727634585, 4.761138799999571
3320.8064459745774, 0.0003011316727634585, 4.7623054999994565
3320.8064459745774, 0.0003011316727634585, 4.7635027999995145
3320.8064459745774, 0.0003011316727634585, 4.76425239999935
3320.8064459745774, 0.0003011316727634585, 4.764904799999385
3320.8064459745774, 0.0003011316727634585, 4.7657092999997985
3320.8064459745774, 0.0003011316727634585, 4.766404799999691
3320.8064459745774, 0.0003011316727634585, 4.767407800000001
3320.8064459745774, 0.0003011316727634585, 4.768125699999473
3320.8064459745774, 0.0003011316727634585, 4.7694863999995505
3320.8064459745774, 0.0003011316727634585, 4.77101440000024
3320.8064459745774, 0.0003011316727634585, 4.773528499999884
3320.8064459745774, 0.0003011316727634585, 4.775101399999585
3320.8064459745774, 0.0003011316727634585, 4.7771312999993825
3320.8064459745774, 0.0003011316727634585, 4.778976699999475
3320.8064459745774, 0.0003011316727634585, 4.780499200000122
3320.8064459745774, 0.0003011316727634585, 4.781213399999615
3320.8064459745774, 0.0003011316727634585, 4.782006200000069
3320.8064459745774, 0.0003011316727634585, 4.783046200000172
3320.8064459745774, 0.0003011316727634585, 4.785427400000117
3320.8064459745774, 0.0003011316727634585, 4.786595900000066
3320.8064459745774, 0.0003011316727634585, 4.787759400000141
3320.8064459745774, 0.0003011316727634585, 4.78865499999938
3320.8064459745774, 0.0003011316727634585, 4.789297599999372
3320.8064459745774, 0.0003011316727634585, 4.790259499999593
3320.8064459745774, 0.0003011316727634585, 4.790995100000146
3320.8064459745774, 0.0003009390550570893, 4.792314199999964
3320.8064459745774, 0.0003011316727634585, 4.7937903000001825
3320.8064459745774, 0.0003011316727634585, 4.7945451999994475
3320.8064459745774, 0.0003011316727634585, 4.795248899999933
3320.8064459745774, 0.0003011316727634585, 4.797444499999983
3320.8064459745774, 0.0003011316727634585, 4.799997699999949
3320.8064459745774, 0.0003011316727634585, 4.8012566999996125
3320.8064459745774, 0.0003011316727634585, 4.8018873000000895
3320.8064459745774, 0.0003011316727634585, 4.8025706999997055
3320.8064459745774, 0.0003011316727634585, 4.803549499999463
3320.8064459745774, 0.0003011316727634585, 4.804203699999562
3320.8064459745774, 0.0003011316727634585, 4.805044599999746
3320.8064459745774, 0.0003011316727634585, 4.806125799999791
3320.8064459745774, 0.0003011316727634585, 4.806764500000099
3320.8064459745774, 0.0003011316727634585, 4.8073763000002145
3320.8064459745774, 0.0003011316727634585, 4.807971499999439
3320.8064459745774, 0.0003011316727634585, 4.808556599999974
3320.8064459745774, 0.0003011316727634585, 4.809152099999665
3320.8064459745774, 0.0003011316727634585, 4.809752899999694
3320.8064459745774, 0.0003011316727634585, 4.810340799999722
3320.8064459745774, 0.0003011316727634585, 4.810923799999728
3320.8064459745774, 0.0003011316727634585, 4.811560799999825
3320.8064459745774, 0.0003011316727634585, 4.812165299999833
3320.8064459745774, 0.0003011316727634585, 4.812753499999417
3320.8064459745774, 0.0003011316727634585, 4.813342299999931
3320.8064459745774, 0.0003011316727634585, 4.813935799999854
3320.8064459745774, 0.0003011316727634585, 4.814566199999717
3320.8064459745774, 0.0003011316727634585, 4.815508499999851
3320.8064459745774, 0.0003011316727634585, 4.816519299999527
3320.8064459745774, 0.0003011316727634585, 4.817449000000124
3320.8064459745774, 0.0003011316727634585, 4.818054999999731
3320.8064459745774, 0.0003011316727634585, 4.818654599999718
3320.8064459745774, 0.0003011316727634585, 4.819363599999633
3320.8064459745774, 0.0003011316727634585, 4.820023899999796
3320.8064459745774, 0.0003011316727634585, 4.8206476999994265
3320.8064459745774, 0.0003011316727634585, 4.821313100000225
3320.8064459745774, 0.0003011316727634585, 4.821967199999563
3320.8064459745774, 0.0003011316727634585, 4.822591499999362
3320.8064459745774, 0.0003011316727634585, 4.823203500000091
3320.8064459745774, 0.0003011316727634585, 4.8238123000001
3320.8064459745774, 0.0003011316727634585, 4.8249549000001934
3320.8064459745774, 0.0003011316727634585, 4.8261751
3320.8064459745774, 0.0003011316727634585, 4.826991299999463
3320.8064459745774, 0.0003011316727634585, 4.827606599999854
3320.8064459745774, 0.0003011316727634585, 4.828227199999674
3320.8064459745774, 0.00030000179611774485, 4.828839199999493
3320.8064459745774, 0.0003011316727634585, 4.8294316999999864
3320.8064459745774, 0.0003011316727634585, 4.830022899999676
3320.8064459745774, 0.0003011316727634585, 4.830613199999789
3320.8064459745774, 0.0003011316727634585, 4.831200099999478
3320.8064459745774, 0.0003011316727634585, 4.831915199999457
3320.8064459745774, 0.0003011316727634585, 4.832550499999343
3320.8064459745774, 0.0003011316727634585, 4.8339765000000625
3320.8064459745774, 0.0003011316727634585, 4.83543169999939
3320.8064459745774, 0.0003011316727634585, 4.836082499999975
3320.8064459745774, 0.0003011316727634585, 4.8366752000001725
3320.8064459745774, 0.0003011316727634585, 4.837266999999883
3320.8064459745774, 0.0003011316727634585, 4.837853799999721
3320.8064459745774, 0.0003011316727634585, 4.838446799999474
3320.8064459745774, 0.0003011316727634585, 4.839030000000093
3320.8064459745774, 0.0003011316727634585, 4.839612899999338
3320.8064459745774, 0.0003011316727634585, 4.840195099999619
3320.8064459745774, 0.0003011316727634585, 4.840785700000197
3320.8064459745774, 0.0003011316727634585, 4.841381499999443
3320.8064459745774, 0.0003011316727634585, 4.841965999999957
3320.8064459745774, 0.0003011316727634585, 4.842552799999794
3320.8064459745774, 0.0003011316727634585, 4.843140500000118
3320.8064459745774, 0.0003011316727634585, 4.843724199999997
3320.8064459745774, 0.0003011316727634585, 4.8443090999999185
3320.8064459745774, 0.0003011316727634585, 4.844901599999503
3320.8064459745774, 0.0003011316727634585, 4.845489599999382
3320.8064459745774, 0.0003011316727634585, 4.846075100000235
3320.8064459745774, 0.0003011316727634585, 4.846660499999416
3320.8064459745774, 0.0003011316727634585, 4.847241599999506
3320.8064459745774, 0.0003011316727634585, 4.847823899999639
3320.8064459745774, 0.0003011316727634585, 4.8484096000001955
3320.8064459745774, 0.0003011316727634585, 4.849000899999737
3320.8064459745774, 0.0003011316727634585, 4.849582400000145
3320.8064459745774, 0.0003011316727634585, 4.850166100000024
3320.8064459745774, 0.0003011316727634585, 4.8507480999996915
3320.8064459745774, 0.0003011316727634585, 4.851333699999486
3320.8064459745774, 0.0003011316727634585, 4.85191979999945
3320.8064459745774, 0.0003011316727634585, 4.852498299999752
3320.8064459745774, 0.0003011316727634585, 4.853087800000139
3320.8064459745774, 0.0003011316727634585, 4.853733899999497
3320.8064459745774, 0.0003011316727634585, 4.854747700000189
3320.8064459745774, 0.0003011316727634585, 4.8557591999997385
3320.8064459745774, 0.0003011316727634585, 4.8567683000001125
3320.8064459745774, 0.0003011316727634585, 4.857770900000105
3320.8064459745774, 0.0003011316727634585, 4.858355599999413
3320.8064459745774, 0.0003011316727634585, 4.858937899999546
3320.8064459745774, 0.0003011316727634585, 4.859518999999636
3320.8064459745774, 0.0003011316727634585, 4.86010559999977
3320.8064459745774, 0.0003011316727634585, 4.860688499999924
3320.8064459745774, 0.0003011316727634585, 4.861272899999676
3320.8064459745774, 0.0003011316727634585, 4.8618593999999575
3320.8064459745774, 0.0003011316727634585, 4.862447599999541
3320.8064459745774, 0.0003011316727634585, 4.863032799999928
3320.8064459745774, 0.0003011316727634585, 4.863614799999596
3320.8064459745774, 0.0003011316727634585, 4.8642000999998345
3320.8064459745774, 0.0003011316727634585, 4.8647830999998405
3320.8064459745774, 0.0003011316727634585, 4.865375299999869
3320.8064459745774, 0.0002999317141431311, 4.865962699999727
3320.8064459745774, 0.0003011316727634585, 4.86655090000022
3320.8064459745774, 0.0003011316727634585, 4.867138200000227
3320.8064459745774, 0.0003011316727634585, 4.867719699999725
3320.8064459745774, 0.0003011316727634585, 4.868302699999731
3320.8064459745774, 0.0003011316727634585, 4.868888899999547
3320.8064459745774, 0.0003011316727634585, 4.869470099999489
3320.8064459745774, 0.0003011316727634585, 4.870159000000058
3320.8064459745774, 0.0003011316727634585, 4.870759200000066
3320.8064459745774, 0.0003011316727634585, 4.871348799999396
3320.8064459745774, 0.0003011316727634585, 4.871937899999466
3320.8064459745774, 0.0003011316727634585, 4.872524499999599
3320.8064459745774, 0.0003011316727634585, 4.873120499999459
3320.8064459745774, 0.0003011316727634585, 4.873709800000142
3320.8064459745774, 0.0003011316727634585, 4.874296500000128
3320.8064459745774, 0.0003011316727634585, 4.874880599999415
3320.8064459745774, 0.0003011316727634585, 4.875470899999527
3320.8064459745774, 0.0003011316727634585, 4.87604999999985
3320.8064459745774, 0.0003011316727634585, 4.8766310999999405
3320.8064459745774, 0.0003011316727634585, 4.877213300000221
3320.8064459745774, 0.0003011316727634585, 4.877800600000228
3320.8064459745774, 0.0003011316727634585, 4.878380299999662
3320.8064459745774, 0.0003011316727634585, 4.878961499999605
3320.8064459745774, 0.0003011316727634585, 4.879552800000056
3320.8064459745774, 0.0003011316727634585, 4.880134699999871
3320.8064459745774, 0.0003011316727634585, 4.8807402000002185
3320.8064459745774, 0.0003011316727634585, 4.88133039999957
3320.8064459745774, 0.0003011316727634585, 4.881982799999605
3320.8064459745774, 0.0003011316727634585, 4.882548699999461
3320.8064459745774, 0.0003011316727634585, 4.883109800000057
3320.8064459745774, 0.0003011316727634585, 4.8836766999993415
3320.8064459745774, 0.0003011316727634585, 4.884238900000128
3320.8064459745774, 0.0003011316727634585, 4.8848025999996025
3320.8064459745774, 0.0003011316727634585, 4.88536860000022
3320.8064459745774, 0.0003011316727634585, 4.885931199999504
3320.8064459745774, 0.0003011316727634585, 4.886495599999762
3320.8064459745774, 0.0003011316727634585, 4.887056499999744
3320.8064459745774, 0.0003011316727634585, 4.887622899999769
3320.8064459745774, 0.0003011316727634585, 4.888181799999984
3320.8064459745774, 0.0003011316727634585, 4.88874450000003
3320.8064459745774, 0.0003011316727634585, 4.8893151000002035
3320.8064459745774, 0.0003011316727634585, 4.889877599999636
3320.8064459745774, 0.0003011316727634585, 4.890439899999365
3320.8064459745774, 0.0003011316727634585, 4.890999999999622
3320.8064459745774, 0.0003011316727634585, 4.89161409999997
3320.8064459745774, 0.0003011316727634585, 4.892158300000119
3320.8064459745774, 0.0003011316727634585, 4.892705299999761
3320.8064459745774, 0.0003011316727634585, 4.893256299999848
3320.8064459745774, 0.0003011316727634585, 4.893803399999342
3320.8064459745774, 0.0003011316727634585, 4.894347899999957
3320.8064459745774, 0.0003011316727634585, 4.894890599999599
3320.8064459745774, 0.0003011316727634585, 4.895441799999389
3320.8064459745774, 0.0003011316727634585, 4.89598819999992
3320.8064459745774, 0.0003011316727634585, 4.897039599999516
3320.8064459745774, 0.0003011316727634585, 4.89811920000011
3320.8064459745774, 0.0003011316727634585, 4.899300000000039
3320.8064459745774, 0.0003011316727634585, 4.900619399999414
3320.8064459745774, 0.0003011316727634585, 4.901625200000126
3320.8064459745774, 0.0003011316727634585, 4.902355799999896
3320.8064459745774, 0.0003011316727634585, 4.903090499999962
3320.8064459745774, 0.0003011316727634585, 4.903769300000022
3320.8064459745774, 0.0003011316727634585, 4.904614500000207
3320.8064459745774, 0.0003011316727634585, 4.905234199999541
3320.8064459745774, 0.0003011316727634585, 4.90581740000016
3320.8064459745774, 0.0003011316727634585, 4.906369199999972
3320.8064459745774, 0.0003011316727634585, 4.906952199999978
3320.8064459745774, 0.0003011316727634585, 4.907499099999768
3320.8064459745774, 0.0003011316727634585, 4.908084799999415
3320.8064459745774, 0.0003011316727634585, 4.908641199999693
3320.8064459745774, 0.0003011316727634585, 4.909222100000079
3320.8064459745774, 0.0003011316727634585, 4.909801699999662
3320.8064459745774, 0.0003011316727634585, 4.910354599999664
3320.8064459745774, 0.0003011316727634585, 4.910970999999336
3320.8064459745774, 0.0003011316727634585, 4.911521999999422
3320.8064459745774, 0.0003011316727634585, 4.912385599999652
3320.8064459745774, 0.0003011316727634585, 4.912998499999958
3320.8064459745774, 0.0003011316727634585, 4.913568899999518
3320.8064459745774, 0.0003011316727634585, 4.914211399999658
3320.8064459745774, 0.0003011316727634585, 4.914865499999905
3320.8064459745774, 0.0003011316727634585, 4.9156222000001435
3320.8064459745774, 0.0003011316727634585, 4.916326300000037
3320.8064459745774, 0.0003011316727634585, 4.9170164999995905
3320.8064459745774, 0.0003011316727634585, 4.917602800000168
3320.8064459745774, 0.0003011316727634585, 4.9182191999998395
3320.8064459745774, 0.0003011316727634585, 4.918827399999827
3320.8064459745774, 0.0003011316727634585, 4.919396399999641
3320.8064459745774, 0.0003011316727634585, 4.920075600000018
3320.8064459745774, 0.0003011316727634585, 4.9208182000002125
3320.8064459745774, 0.0003011316727634585, 4.921899299999495
3320.8064459745774, 0.0003011316727634585, 4.922547099999974
3320.8064459745774, 0.0003011316727634585, 4.923370099999374
3320.8064459745774, 0.0003011316727634585, 4.924043799999708
3320.8064459745774, 0.0003011316727634585, 4.924595099999351
3320.8064459745774, 0.0003011316727634585, 4.925177600000097
3320.8064459745774, 0.0003011316727634585, 4.925757999999405
3320.8064459745774, 0.0003011316727634585, 4.9263160999998945
3320.8064459745774, 0.0003011316727634585, 4.926914399999987
3320.8064459745774, 0.0003011316727634585, 4.927461399999629
3320.8064459745774, 0.0003011316727634585, 4.928153199999542
3320.8064459745774, 0.0003011316727634585, 4.92873580000014
3320.8064459745774, 0.0003011316727634585, 4.929282199999761
3320.8064459745774, 0.0003011316727634585, 4.929864099999577
3320.8064459745774, 0.0003011316727634585, 4.930412699999579
3320.8064459745774, 0.0003011316727634585, 4.930990599999859
3320.8064459745774, 0.0003011316727634585, 4.931539799999882
3320.8064459745774, 0.0003011316727634585, 4.932132299999466
3320.8064459745774, 0.0003011316727634585, 4.93272639999941
3320.8064459745774, 0.0003011316727634585, 4.93358679999983
3320.8064459745774, 0.0003011316727634585, 4.934211400000095
3320.8064459745774, 0.0003011316727634585, 4.934794299999339
3320.8064459745774, 0.0003011316727634585, 4.935340500000166
3320.8064459745774, 0.0003011316727634585, 4.9359294999994745
3320.8064459745774, 0.0003011316727634585, 4.936483499999667
3320.8064459745774, 0.0003011316727634585, 4.9370662999999695
3320.8064459745774, 0.0003011316727634585, 4.937615199999527
3320.8064459745774, 0.0003011316727634585, 4.9382009000000835
3320.8064459745774, 0.0003011316727634585, 4.938784599999963
3320.8064459745774, 0.0003011316727634585, 4.939332899999499
3320.8064459745774, 0.0003011316727634585, 4.939914399999907
3320.8064459745774, 0.0003011316727634585, 4.940465900000163
3320.8064459745774, 0.0003011316727634585, 4.941047599999365
3320.8064459745774, 0.0003011316727634585, 4.941592499999388
3320.8064459745774, 0.0003011316727634585, 4.942188099999839
3320.8064459745774, 0.0003011316727634585, 4.942772700000205
3320.8064459745774, 0.0003011316727634585, 4.94332039999972
3320.8064459745774, 0.0003011316727634585, 4.9440123999993375
3320.8064459745774, 0.0003011316727634585, 4.944562599999699
3320.8064459745774, 0.0003011316727634585, 4.945152599999346
3320.8064459745774, 0.0003011316727634585, 4.945732600000156
3320.8064459745774, 0.0003011316727634585, 4.946284399999968
3320.8064459745774, 0.0003011316727634585, 4.946868699999868
3320.8064459745774, 0.0003008026169011934, 4.94741729999987
3320.8064459745774, 0.0003011316727634585, 4.948002899999665
3320.8064459745774, 0.0003011316727634585, 4.9485476999998355
3320.8064459745774, 0.0003011316727634585, 4.949132400000053
3320.8064459745774, 0.0003011316727634585, 4.94979929999954
3320.8064459745774, 0.0003011316727634585, 4.950360099999671
3320.8064459745774, 0.0003011316727634585, 4.950943400000142
3320.8064459745774, 0.0003011316727634585, 4.951489399999446
3320.8064459745774, 0.0003011316727634585, 4.9521774999993795
3320.8064459745774, 0.0003011316727634585, 4.9527745999994295
3320.8064459745774, 0.0002999378015104692, 4.953332699999919
3320.8064459745774, 0.0003011316727634585, 4.953922599999714
3320.8064459745774, 0.0003011316727634585, 4.9544793999994
3320.8064459745774, 0.0003011316727634585, 4.955071399999724
3320.8064459745774, 0.0003011316727634585, 4.955656699999963
3320.8064459745774, 0.0003011316727634585, 4.956216900000072
3320.8064459745774, 0.0003011316727634585, 4.956858599999578
3320.8064459745774, 0.0003011316727634585, 4.957407899999453
3320.8064459745774, 0.0003011316727634585, 4.957994700000199
3320.8064459745774, 0.0003011316727634585, 4.95854109999982
3320.8064459745774, 0.0003011316727634585, 4.959123300000101
3320.8064459745774, 0.0003011316727634585, 4.959746399999858
3320.8064459745774, 0.0003011316727634585, 4.960297999999966
3320.8064459745774, 0.0003011316727634585, 4.960879600000226
3320.8064459745774, 0.0003011316727634585, 4.961427899999762
3320.8064459745774, 0.0003011316727634585, 4.962011699999493
3320.8064459745774, 0.0003011316727634585, 4.962556399999812
3320.8064459745774, 0.0003011316727634585, 4.963137099999585
3320.8064459745774, 0.0003011316727634585, 4.963716999999633
3320.8064459745774, 0.0003011316727634585, 4.964275199999975
3320.8064459745774, 0.0003011316727634585, 4.964861299999939
3320.8064459745774, 0.0003011316727634585, 4.965407900000173
3320.8064459745774, 0.0003011316727634585, 4.966100699999515
3320.8064459745774, 0.0003011316727634585, 4.966756899999382
3320.8064459745774, 0.0003011316727634585, 4.9673038999999335
3320.8064459745774, 0.0003011316727634585, 4.967917699999816
3320.8064459745774, 0.0003011316727634585, 4.968467099999543
3320.8064459745774, 0.0003011316727634585, 4.969048899999507
3320.8064459745774, 0.0003011316727634585, 4.9695959000000585
3320.8064459745774, 0.0003011316727634585, 4.970143800000187
3320.8064459745774, 0.0003011316727634585, 4.9706914999997025
3320.8064459745774, 0.0003011316727634585, 4.971237499999916
3320.8064459745774, 0.0003011316727634585, 4.971788500000002
3320.8064459745774, 0.0003011316727634585, 4.9723431000002165
3320.8064459745774, 0.0003011316727634585, 4.972889499999837
3320.8064459745774, 0.0003011316727634585, 4.973434099999395
3320.8064459745774, 0.0003011316727634585, 4.973985599999651
3320.8064459745774, 0.0003011316727634585, 4.974535399999695
3320.8064459745774, 0.0003011316727634585, 4.975081900000077
3320.8064459745774, 0.0003011316727634585, 4.975764099999651
3320.8064459745774, 0.0003011316727634585, 4.976759899999706
3320.8064459745774, 0.0003011316727634585, 4.97773159999997
3320.8064459745774, 0.0003011316727634585, 4.978297199999361
3320.8064459745774, 0.0003011316727634585, 4.978865500000211
3320.8064459745774, 0.0003011316727634585, 4.979433499999686
3320.8064459745774, 0.0003011316727634585, 4.979994100000113
3320.8064459745774, 0.0003011316727634585, 4.980558499999461
3320.8064459745774, 0.0003011316727634585, 4.981124999999338
3320.8064459745774, 0.0003011316727634585, 4.981688699999722
3320.8064459745774, 0.0003011316727634585, 4.982252099999641
3320.8064459745774, 0.0003011316727634585, 4.982825899999625
3320.8064459745774, 0.0003011316727634585, 4.983389399999396
3320.8064459745774, 0.0003011316727634585, 4.98395359999995
3320.8064459745774, 0.0003011316727634585, 4.98455819999981
3320.8064459745774, 0.0003011316727634585, 4.985206599999401
3320.8064459745774, 0.0003011316727634585, 4.9858220999994955
3320.8064459745774, 0.0003011316727634585, 4.986387599999944
3320.8064459745774, 0.0003011316727634585, 4.986955499999567
3320.8064459745774, 0.0003011316727634585, 4.987518699999782
3320.8064459745774, 0.0003011316727634585, 4.988097899999957
3320.8064459745774, 0.0003011316727634585, 4.9886648000001514
3320.8064459745774, 0.0003011316727634585, 4.9892282000000705
3320.8064459745774, 0.0003011316727634585, 4.989796799999567
3320.8064459745774, 0.0003011316727634585, 4.990359299999909
3320.8064459745774, 0.0003011316727634585, 4.9909317000001465
3320.8064459745774, 0.0003011316727634585, 4.991494099999727
3320.8064459745774, 0.0003011316727634585, 4.992056500000217
3320.8064459745774, 0.0003011316727634585, 4.992622300000221
3320.8064459745774, 0.0003011316727634585, 4.993184999999357
3320.8064459745774, 0.0003011316727634585, 4.993747900000017
3320.8064459745774, 0.0003011316727634585, 4.994309099999555
3320.8064459745774, 0.0003011316727634585, 4.9948774999993475
3320.8064459745774, 0.0003011316727634585, 4.995444700000007
3320.8064459745774, 0.00030072765779565864, 4.996010500000011
3320.8064459745774, 0.0003011316727634585, 4.9965776999997615
3320.8064459745774, 0.0003011316727634585, 4.997143999999935
3320.8064459745774, 0.0003011316727634585, 4.997704200000044
3320.8064459745774, 0.0003011316727634585, 4.998274499999752
3320.8064459745774, 0.0003011316727634585, 4.998841999999968
3320.8064459745774, 0.0002995263378859287, 4.999405399999887
3320.8064459745774, 0.0003011316727634585, 4.99996689999989
3320.8064459745774, 0.0003011316727634585, 5.000528800000211
3320.8064459745774, 0.0003011316727634585, 5.001091799999813
3320.8064459745774, 0.0003011316727634585, 5.0016515999996045
3320.8064459745774, 0.0003011316727634585, 5.002219299999524
3320.8064459745774, 0.0003011316727634585, 5.002781099999993
3320.8064459745774, 0.0003011316727634585, 5.003345299999637
3320.8064459745774, 0.0003011316727634585, 5.003908799999408
3320.8064459745774, 0.0003011316727634585, 5.0044757999994545
3320.8064459745774, 0.0003011316727634585, 5.005037400000219
3320.8064459745774, 0.0003011316727634585, 5.005602700000054
3320.8064459745774, 0.0003011316727634585, 5.006246899999496
3320.8064459745774, 0.0003011316727634585, 5.00680039999952
3320.8064459745774, 0.0003011316727634585, 5.00734680000005
3320.8064459745774, 0.0003011316727634585, 5.008007800000087
3320.8064459745774, 0.0003011316727634585, 5.008613500000138
3320.8064459745774, 0.0003011316727634585, 5.009173599999485
3320.8064459745774, 0.0003011316727634585, 5.009723699999995
3320.8064459745774, 0.0003011316727634585, 5.010277999999744
3320.8064459745774, 0.00030000179611774485, 5.010824599999978
3320.8064459745774, 0.0003011316727634585, 5.011370999999599
3320.8064459745774, 0.0003011316727634585, 5.011923099999876
3320.8064459745774, 0.0003011316727634585, 5.012476899999456
3320.8064459745774, 0.00030091222225516986, 5.013027099999817
3320.8064459745774, 0.0003011316727634585, 5.013574300000073
3320.8064459745774, 0.0003011316727634585, 5.014124100000117
3320.8064459745774, 0.0003011316727634585, 5.014672999999675
3320.8064459745774, 0.0003011316727634585, 5.015224599999783
3320.8064459745774, 0.0003011316727634585, 5.015773799999806
3320.8064459745774, 0.0003011316727634585, 5.016429700000117
3320.8064459745774, 0.0003011316727634585, 5.0169748999996955
3320.8064459745774, 0.0003011316727634585, 5.017519799999718
3320.8064459745774, 0.0003011316727634585, 5.018189200000052
3320.8064459745774, 0.0002999426618613924, 5.018738300000223
3320.8064459745774, 0.0003011316727634585, 5.019289899999421
3320.8064459745774, 0.0003011316727634585, 5.019844999999805
3320.8064459745774, 0.0003011316727634585, 5.02039539999987
3320.8064459745774, 0.0003011316727634585, 5.020944099999724
3320.8064459745774, 0.0003011316727634585, 5.021493600000213
3320.8064459745774, 0.0003011316727634585, 5.022048400000131
3320.8064459745774, 0.0003011316727634585, 5.0225949999994555
3320.8064459745774, 0.0003011316727634585, 5.023139899999478
3320.8064459745774, 0.0003011316727634585, 5.023689099999501
3320.8064459745774, 0.0003011316727634585, 5.02423219999946
3320.8064459745774, 0.0003011316727634585, 5.024778899999546
3320.8064459745774, 0.0003011316727634585, 5.025324499999442
3320.8064459745774, 0.0003011316727634585, 5.025878100000227
3320.8064459745774, 0.0003011316727634585, 5.026674599999751
3320.8064459745774, 0.0003011316727634585, 5.0276309999999285
3320.8064459745774, 0.0003011316727634585, 5.0283740999993825
3320.8064459745774, 0.0003011316727634585, 5.028933599999618
3320.8064459745774, 0.0003011316727634585, 5.029488899999706
3320.8064459745774, 0.0003011316727634585, 5.03004189999956
3320.8064459745774, 0.0003011316727634585, 5.030597399999351
3320.8064459745774, 0.0003011316727634585, 5.031157800000074
3320.8064459745774, 0.0003011316727634585, 5.031710299999759
3320.8064459745774, 0.0003011316727634585, 5.0322642000001
3320.8064459745774, 0.0003011316727634585, 5.032811500000207
3320.8064459745774, 0.0003011316727634585, 5.033360100000209
3320.8064459745774, 0.0003011316727634585, 5.033908399999746
3320.8064459745774, 0.0003011316727634585, 5.034457400000065
3320.8064459745774, 0.0003011316727634585, 5.035001999999622
3320.8064459745774, 0.0003011316727634585, 5.03554769999937
3320.8064459745774, 0.0003011316727634585, 5.036106800000198
3320.8064459745774, 0.0003011316727634585, 5.036738400000104
3320.8064459745774, 0.0003011316727634585, 5.037288999999873
3320.8064459745774, 0.0003011316727634585, 5.037838999999622
3320.8064459745774, 0.0003011316727634585, 5.038428599999861
3320.8064459745774, 0.0003011316727634585, 5.039045299999998
3320.8064459745774, 0.0003011316727634585, 5.039592699999957
3320.8064459745774, 0.0003011316727634585, 5.040141299999959
3320.8064459745774, 0.0003011316727634585, 5.040692699999454
3320.8064459745774, 0.0003011316727634585, 5.041238599999815
3320.8064459745774, 0.0003011316727634585, 5.041798499999459
3320.8064459745774, 0.0003011316727634585, 5.042346700000053
3320.8064459745774, 0.0003011316727634585, 5.0428923999998005
3320.8064459745774, 0.0003011316727634585, 5.043437599999379
3320.8064459745774, 0.0003011316727634585, 5.043988100000206
3320.8064459745774, 0.0003011316727634585, 5.044535799999721
3320.8064459745774, 0.0003011316727634585, 5.045079900000019
3320.8064459745774, 0.0003011316727634585, 5.04563059999964
3320.8064459745774, 0.0003011316727634585, 5.046180199999981
3320.8064459745774, 0.0003011316727634585, 5.046881799999937
3320.8064459745774, 0.0003011316727634585, 5.047907499999383
3320.8064459745774, 0.0003011316727634585, 5.048920299999736
3320.8064459745774, 0.0003011316727634585, 5.049469300000055
3320.8064459745774, 0.0003011316727634585, 5.050017800000205
3320.8064459745774, 0.0003011316727634585, 5.050567499999488
3320.8064459745774, 0.0003011316727634585, 5.051232499999969
3320.8064459745774, 0.0003011316727634585, 5.051779499999611
3320.8064459745774, 0.0003011316727634585, 5.052325499999824
3320.8064459745774, 0.0003011316727634585, 5.052881399999933
3320.8064459745774, 0.00029960611063928073, 5.05343399999947
3320.8064459745774, 0.0003011316727634585, 5.053984199999832
3320.8064459745774, 0.0003006709421910083, 5.054553999999371
3320.8064459745774, 0.0003011316727634585, 5.05513719999999
3320.8064459745774, 0.0003011316727634585, 5.05569849999938
3320.8064459745774, 0.0003011316727634585, 5.056244899999911
3320.8064459745774, 0.0003011316727634585, 5.056909899999482
3320.8064459745774, 0.0003011316727634585, 5.0574595999996745
3320.8064459745774, 0.0003011316727634585, 5.05800679999993
3320.8064459745774, 0.0003011316727634585, 5.05863379999937
3320.8064459745774, 0.0003011316727634585, 5.059288499999639
3320.8064459745774, 0.0003011316727634585, 5.059835699999894
3320.8064459745774, 0.0003011316727634585, 5.060380299999451
3320.8064459745774, 0.0003011316727634585, 5.060928799999601
3320.8064459745774, 0.0003011316727634585, 5.06147989999954
3320.8064459745774, 0.0003011316727634585, 5.062060000000201
3320.8064459745774, 0.0003011316727634585, 5.062644399999954
3320.8064459745774, 0.0003011316727634585, 5.063190299999405
3320.8064459745774, 0.0003011316727634585, 5.063736999999492
3320.8064459745774, 0.0003011316727634585, 5.064283499999874
3320.8064459745774, 0.0003011316727634585, 5.064834899999369
3320.8064459745774, 0.0003011316727634585, 5.06538189999992
3320.8064459745774, 0.0003011316727634585, 5.066041699999914
3320.8064459745774, 0.0003011316727634585, 5.066591299999345
3320.8064459745774, 0.0003011316727634585, 5.067468799999915
3320.8064459745774, 0.0003011316727634585, 5.068205200000193
3320.8064459745774, 0.0003011316727634585, 5.068800199999714
3320.8064459745774, 0.0003011316727634585, 5.0693931999994675
3320.8064459745774, 0.0003011316727634585, 5.070006099999773
3320.8064459745774, 0.0003011316727634585, 5.070592500000203
3320.8064459745774, 0.0003011316727634585, 5.071138499999506
3320.8064459745774, 0.0003011316727634585, 5.071722699999555
3320.8064459745774, 0.0003011316727634585, 5.072269299999789
3320.8064459745774, 0.0003011316727634585, 5.072853900000155
3320.8064459745774, 0.0003011316727634585, 5.073521499999515
3320.8064459745774, 0.0003011316727634585, 5.074068699999771
3320.8064459745774, 0.0003011316727634585, 5.074653900000158
3320.8064459745774, 0.0003011316727634585, 5.0752051999998
3320.8064459745774, 0.0003011316727634585, 5.07578680000006
3320.8064459745774, 0.0003011316727634585, 5.076371499999368
3320.8064459745774, 0.0003011316727634585, 5.0769524999996065
3320.8064459745774, 0.0003011316727634585, 5.077582799999618
3320.8064459745774, 0.0003011316727634585, 5.078133199999684
3320.8064459745774, 0.0003011316727634585, 5.078721699999733
3320.8064459745774, 0.0003011316727634585, 5.0792694000001575
3320.8064459745774, 0.0003011316727634585, 5.079885499999364
3320.8064459745774, 0.0003011316727634585, 5.080540999999357
3320.8064459745774, 0.0003011316727634585, 5.081105499999467
3320.8064459745774, 0.0003011316727634585, 5.081811500000185
3320.8064459745774, 0.0003011316727634585, 5.082704999999805
3320.8064459745774, 0.0003011316727634585, 5.0835385999998834
3320.8064459745774, 0.0003011316727634585, 5.084163699999408
3320.8064459745774, 0.0003011316727634585, 5.084807600000204
3320.8064459745774, 0.0003011316727634585, 5.085431599999538
3320.8064459745774, 0.0003011316727634585, 5.0859937999994145
3320.8064459745774, 0.0003011316727634585, 5.086594200000036
3320.8064459745774, 0.0003011316727634585, 5.087583999999879
3320.8064459745774, 0.0003011316727634585, 5.088222200000018
3320.8064459745774, 0.0003011316727634585, 5.089183999999477
3320.8064459745774, 0.0003011316727634585, 5.089949399999568
3320.8064459745774, 0.0003011316727634585, 5.09058289999939
3320.8064459745774, 0.0003011316727634585, 5.091164999999819
3320.8064459745774, 0.0003011316727634585, 5.091746099999909
3320.8064459745774, 0.0003011316727634585, 5.092412500000137
3320.8064459745774, 0.0003011316727634585, 5.093092500000239
3320.8064459745774, 0.0003011316727634585, 5.093670499999462
3320.8064459745774, 0.0003011316727634585, 5.0942214999995485
3320.8064459745774, 0.0003011316727634585, 5.094797799999469
3320.8064459745774, 0.0003011316727634585, 5.095416699999987
3320.8064459745774, 0.0003011316727634585, 5.095963300000221
3320.8064459745774, 0.0003011316727634585, 5.096544699999868
3320.8064459745774, 0.0003011316727634585, 5.097095899999658
3320.8064459745774, 0.0003011316727634585, 5.097715599999901
3320.8064459745774, 0.0003011316727634585, 5.09830729999976
3320.8064459745774, 0.0003011316727634585, 5.098932400000194
3320.8064459745774, 0.0003011316727634585, 5.099671699999817
3320.8064459745774, 0.0003011316727634585, 5.100286299999425
3320.8064459745774, 0.0003011316727634585, 5.100837599999977
3320.8064459745774, 0.0003011316727634585, 5.101385599999958
3320.8064459745774, 0.0003011316727634585, 5.101932099999431
3320.8064459745774, 0.0003011316727634585, 5.1025770999995075
3320.8064459745774, 0.0003011316727634585, 5.103140799999892
3320.8064459745774, 0.0003011316727634585, 5.1036866999993435
3320.8064459745774, 0.0003011316727634585, 5.1042342000000644
3320.8064459745774, 0.0003011316727634585, 5.104784999999538
3320.8064459745774, 0.0003011316727634585, 5.105331199999455
3320.8064459745774, 0.0003011316727634585, 5.105877500000133
3320.8064459745774, 0.0003011316727634585, 5.10646799999995
3320.8064459745774, 0.0003011316727634585, 5.107051399999364
3320.8064459745774, 0.0003011316727634585, 5.107719300000099
3320.8064459745774, 0.0003011316727634585, 5.108366699999351
3320.8064459745774, 0.0003011316727634585, 5.108936799999356
3320.8064459745774, 0.0003011316727634585, 5.109600799999498
3320.8064459745774, 0.0003011316727634585, 5.110265399999662
3320.8064459745774, 0.0003011316727634585, 5.110825799999475
3320.8064459745774, 0.00029971456656266383, 5.111383999999816
3320.8064459745774, 0.0003011316727634585, 5.111934999999903
3320.8064459745774, 0.0003011316727634585, 5.112486600000011
3320.8064459745774, 0.0003011316727634585, 5.11303609999959
3320.8064459745774, 0.0003011316727634585, 5.11361450000004
3320.8064459745774, 0.0003011316727634585, 5.114195799999834
3320.8064459745774, 0.0003011316727634585, 5.114745099999709
3320.8064459745774, 0.0003011316727634585, 5.115290400000049
3320.8064459745774, 0.0003011316727634585, 5.115834899999754
3320.8064459745774, 0.0003011316727634585, 5.116457099999934
3320.8064459745774, 0.0003011316727634585, 5.117133799999465
3320.8064459745774, 0.0003011316727634585, 5.118257299999641
3320.8064459745774, 0.0003011316727634585, 5.119297899999765
3320.8064459745774, 0.0003011316727634585, 5.120151600000099
3320.8064459745774, 0.0003011316727634585, 5.121012999999948
3320.8064459745774, 0.0003011316727634585, 5.121748399999888
3320.8064459745774, 0.0003011316727634585, 5.1223488999994515
3320.8064459745774, 0.0003011316727634585, 5.122955199999524
3320.8064459745774, 0.0003011316727634585, 5.123646999999437
3320.8064459745774, 0.0003011316727634585, 5.124444399999447
3320.8064459745774, 0.0003011316727634585, 5.12537599999996
3320.8064459745774, 0.0003011316727634585, 5.1261530000001585
3320.8064459745774, 0.0003011316727634585, 5.127063299999463
3320.8064459745774, 0.0003011316727634585, 5.128058599999349
3320.8064459745774, 0.0003011316727634585, 5.128833899999336
3320.8064459745774, 0.0003011316727634585, 5.129601699999512
3320.8064459745774, 0.0003011316727634585, 5.130307499999617
3320.8064459745774, 0.0003011316727634585, 5.131134899999779
3320.8064459745774, 0.0003011316727634585, 5.1319603000001734
3320.8064459745774, 0.0003011316727634585, 5.132910700000139
3320.8064459745774, 0.0003006577932691847, 5.1337038000001485
3320.8064459745774, 0.0003011316727634585, 5.134292599999753
3320.8064459745774, 0.0003011316727634585, 5.134896599999593
3320.8064459745774, 0.0003011316727634585, 5.135468599999513
3320.8064459745774, 0.0003011316727634585, 5.136035599999559
3320.8064459745774, 0.0003011316727634585, 5.136609099999987
3320.8064459745774, 0.0003011316727634585, 5.137176100000033
3320.8064459745774, 0.0003011316727634585, 5.137784399999873
3320.8064459745774, 0.0003011316727634585, 5.138392500000009
3320.8064459745774, 0.0003011316727634585, 5.138958699999421
3320.8064459745774, 0.0003011316727634585, 5.139587699999538
3320.8064459745774, 0.0003011316727634585, 5.14022549999936
3320.8064459745774, 0.0003011316727634585, 5.140794199999618
3320.8064459745774, 0.0003011316727634585, 5.141368999999941
3320.8064459745774, 0.0003011316727634585, 5.141933400000198
3320.8064459745774, 0.0003011316727634585, 5.142504200000076
3320.8064459745774, 0.0003011316727634585, 5.1430673999993815
3320.8064459745774, 0.0003011316727634585, 5.143632100000104
3320.8064459745774, 0.0003011316727634585, 5.144200199999432
3320.8064459745774, 0.0003011316727634585, 5.144772300000113
3320.8064459745774, 0.0003011316727634585, 5.145335499999419
3320.8064459745774, 0.0003011316727634585, 5.145901500000036
3320.8064459745774, 0.0003011316727634585, 5.146472499999618
3320.8064459745774, 0.0003011316727634585, 5.147119799999928
3320.8064459745774, 0.0003011316727634585, 5.147725199999513
3320.8064459745774, 0.0003011316727634585, 5.14829920000011
3320.8064459745774, 0.0003011316727634585, 5.148864499999945
3320.8064459745774, 0.0003011316727634585, 5.149651199999425
3320.8064459745774, 0.0003011316727634585, 5.150577399999747
3320.8064459745774, 0.0003011316727634585, 5.151157399999647
3320.8064459745774, 0.0003011316727634585, 5.151725699999588
3320.8064459745774, 0.0003011316727634585, 5.152287599999909
3320.8064459745774, 0.0003011316727634585, 5.152867400000105
3320.8064459745774, 0.0003011316727634585, 5.153430100000151
3320.8064459745774, 0.0003011316727634585, 5.1540195999996286
3320.8064459745774, 0.0003011316727634585, 5.154647399999703
3320.8064459745774, 0.0003011316727634585, 5.155207699999664
3320.8064459745774, 0.0003011316727634585, 5.1557772999994995
3320.8064459745774, 0.0003011316727634585, 5.156346799999483
3320.8064459745774, 0.0003011316727634585, 5.156912200000079
3320.8064459745774, 0.0003011316727634585, 5.157503800000086
3320.8064459745774, 0.0003011316727634585, 5.158071299999392
3320.8064459745774, 0.0003011316727634585, 5.158639700000094
3320.8064459745774, 0.0003011316727634585, 5.159200500000225
3320.8064459745774, 0.0003011316727634585, 5.159800399999767
3320.8064459745774, 0.0003011316727634585, 5.160370699999476
3320.8064459745774, 0.0003011316727634585, 5.160932899999352
3320.8064459745774, 0.0003011316727634585, 5.1615412999999535
3320.8064459745774, 0.0003011316727634585, 5.162139199999729
3320.8064459745774, 0.0003011316727634585, 5.162702900000113
3320.8064459745774, 0.0003011316727634585, 5.163261599999714
3320.8064459745774, 0.0003011316727634585, 5.163866599999892
3320.8064459745774, 0.0003011316727634585, 5.164444099999855
3320.8064459745774, 0.0003011316727634585, 5.165027199999713
3320.8064459745774, 0.0003011316727634585, 5.16611550000016
3320.8064459745774, 0.0003011316727634585, 5.167330299999776
3320.8064459745774, 0.0003011316727634585, 5.167918999999529
3320.8064459745774, 0.0003011316727634585, 5.168553999999858
3320.8064459745774, 0.0003011316727634585, 5.1693709999999555
3320.8064459745774, 0.0003011316727634585, 5.170398399999613
3320.8064459745774, 0.0003011316727634585, 5.170972299999448
3320.8064459745774, 0.0003011316727634585, 5.171579299999394
3320.8064459745774, 0.0003011316727634585, 5.172152399999504
3320.8064459745774, 0.0003011316727634585, 5.172774199999367
3320.8064459745774, 0.0003011316727634585, 5.17344249999951
3320.8064459745774, 0.0003011316727634585, 5.174119899999823
3320.8064459745774, 0.0003011316727634585, 5.174837999999909
3320.8064459745774, 0.0003011316727634585, 5.175460899999962
3320.8064459745774, 0.0003011316727634585, 5.176087499999994
3320.8064459745774, 0.0003011316727634585, 5.1767963000002055
3320.8064459745774, 0.0003011316727634585, 5.1775566999995135
3320.8064459745774, 0.0003011316727634585, 5.178541299999779
3320.8064459745774, 0.0003011316727634585, 5.1792820000000575
3320.8064459745774, 0.0003011316727634585, 5.179941399999734
3320.8064459745774, 0.0003011316727634585, 5.1805538999997225
3320.8064459745774, 0.0003011316727634585, 5.181311299999834
3320.8064459745774, 0.0003011316727634585, 5.1825136999996175
3320.8064459745774, 0.0003011316727634585, 5.183288999999604
3320.8064459745774, 0.0003011316727634585, 5.184649799999534
3320.8064459745774, 0.0003011316727634585, 5.185370899999725
3320.8064459745774, 0.0003011316727634585, 5.186046699999679
3320.8064459745774, 0.0003011316727634585, 5.186635500000193
3320.8064459745774, 0.0003011316727634585, 5.187247299999399
3320.8064459745774, 0.0003011316727634585, 5.187847099999999
3320.8064459745774, 0.0003011316727634585, 5.188432199999625
3320.8064459745774, 0.0003011316727634585, 5.188982499999838
3320.8064459745774, 0.0003011316727634585, 5.189604199999849
3320.8064459745774, 0.0003011316727634585, 5.19015330000002
3320.8064459745774, 0.0003011316727634585, 5.190786099999968
3320.8064459745774, 0.0002999317141431311, 5.191498799999863
3320.8064459745774, 0.0003011316727634585, 5.192053799999485
3320.8064459745774, 0.0003011316727634585, 5.192638299999999
3320.8064459745774, 0.0003011316727634585, 5.193204700000024
3320.8064459745774, 0.0003011316727634585, 5.1937700999997105
3320.8064459745774, 0.0003011316727634585, 5.194370700000036
3320.8064459745774, 0.0003011316727634585, 5.194952699999703
3320.8064459745774, 0.0003011316727634585, 5.195668899999873
3320.8064459745774, 0.0003004686588154383, 5.196263799999542
3320.8064459745774, 0.0003011316727634585, 5.196824300000117
3320.8064459745774, 0.0003011316727634585, 5.197577699999783
3320.8064459745774, 0.0003011316727634585, 5.198817299999973
3320.8064459745774, 0.0003011316727634585, 5.199585299999853
3320.8064459745774, 0.0003011316727634585, 5.200296099999832
3320.8064459745774, 0.0003011316727634585, 5.201077599999735
3320.8064459745774, 0.0003011316727634585, 5.202718900000036
3320.8064459745774, 0.0003011316727634585, 5.203838899999937
3320.8064459745774, 0.0003011316727634585, 5.204471000000012
3320.8064459745774, 0.0003011316727634585, 5.205038799999784
3320.8064459745774, 0.0003011316727634585, 5.205747899999551
3320.8064459745774, 0.0003011316727634585, 5.207242899999983
3320.8064459745774, 0.0003011316727634585, 5.208628800000042
3320.8064459745774, 0.0003011316727634585, 5.209511299999576
3320.8064459745774, 0.0003011316727634585, 5.2100776999996015
3320.8064459745774, 0.0003011316727634585, 5.210651599999437
3320.8064459745774, 0.0003011316727634585, 5.211216199999399
3320.8064459745774, 0.0003011316727634585, 5.211778400000185
3320.8064459745774, 0.0003011316727634585, 5.2123673999994935
3320.8064459745774, 0.0003011316727634585, 5.212955500000135
3320.8064459745774, 0.0003011316727634585, 5.213907800000015
3320.8064459745774, 0.0003011316727634585, 5.214606800000183
3320.8064459745774, 0.0003011316727634585, 5.215173599999616
3320.8064459745774, 0.0003011316727634585, 5.215740699999515
3320.8064459745774, 0.0003011316727634585, 5.216731900000013
3320.8064459745774, 0.0003011316727634585, 5.219138100000237
3320.8064459745774, 0.0003011316727634585, 5.2202024999996866
3320.8064459745774, 0.0003011316727634585, 5.221311000000242
3320.8064459745774, 0.0003011316727634585, 5.222001899999668
3320.8064459745774, 0.00030059645238088913, 5.222589099999823
3320.8064459745774, 0.0003011316727634585, 5.2231769999998505
3320.8064459745774, 0.0003011316727634585, 5.223820799999885
3320.8064459745774, 0.0003011316727634585, 5.22443789999943
3320.8064459745774, 0.0003011316727634585, 5.224999899999602
3320.8064459745774, 0.0003011316727634585, 5.22558459999982
3320.8064459745774, 0.0003011316727634585, 5.226165199999741
3320.8064459745774, 0.0003011316727634585, 5.2267117000001235
3320.8064459745774, 0.0003011316727634585, 5.2273911000002045
3320.8064459745774, 0.0003011316727634585, 5.228180099999918
3320.8064459745774, 0.0003011316727634585, 5.228760099999818
3320.8064459745774, 0.0003011316727634585, 5.229432199999792
3320.8064459745774, 0.0003011316727634585, 5.22998109999935
3320.8064459745774, 0.0003011316727634585, 5.23056059999999
3320.8064459745774, 0.0003011316727634585, 5.231127500000184
3320.8064459745774, 0.0003011316727634585, 5.23171689999981
3320.8064459745774, 0.0003011316727634585, 5.232314299999416
3320.8064459745774, 0.0003011316727634585, 5.232966200000192
3320.8064459745774, 0.0003011316727634585, 5.233992800000124
3320.8064459745774, 0.0003011316727634585, 5.2349168000000645
3320.8064459745774, 0.0003011316727634585, 5.236449999999422
3320.8064459745774, 0.0003011316727634585, 5.237190699999701
3320.8064459745774, 0.0003011316727634585, 5.23775999999998
3320.8064459745774, 0.0003011316727634585, 5.238333399999647
3320.8064459745774, 0.0003011316727634585, 5.238897700000052
3320.8064459745774, 0.0003011316727634585, 5.23950109999987
3320.8064459745774, 0.0003011316727634585, 5.240068000000065
3320.8064459745774, 0.0003011316727634585, 5.2406397999993715
3320.8064459745774, 0.0003011316727634585, 5.241204599999946
3320.8064459745774, 0.0003011316727634585, 5.241765499999929
3320.8064459745774, 0.0003011316727634585, 5.242449800000031
3320.8064459745774, 0.0003011316727634585, 5.243025199999465
3320.8064459745774, 0.0003011316727634585, 5.243595099999766
3320.8064459745774, 0.0003011316727634585, 5.244161499999791
3320.8064459745774, 0.0003011316727634585, 5.244723699999668
3320.8064459745774, 0.0003011316727634585, 5.24532839999938
3320.8064459745774, 0.0003011316727634585, 5.245892699999786
3320.8064459745774, 0.0003011316727634585, 5.246487100000195
3320.8064459745774, 0.0003011316727634585, 5.2470893999998225
3320.8064459745774, 0.0003011316727634585, 5.247662400000081
3320.8064459745774, 0.0003011316727634585, 5.2482499999996435
3320.8064459745774, 0.0003011316727634585, 5.248800399999709
3320.8064459745774, 0.0003011316727634585, 5.2494959999994535
3320.8064459745774, 0.0003011316727634585, 5.250125200000184
3320.8064459745774, 0.0003011316727634585, 5.251232699999491
3320.8064459745774, 0.0003011316727634585, 5.251986399999623
3320.8064459745774, 0.0003011316727634585, 5.252755999999863
3320.8064459745774, 0.0003011316727634585, 5.253398500000003
3320.8064459745774, 0.0003011316727634585, 5.2539695999994365
3320.8064459745774, 0.0003011316727634585, 5.25453589999961
3320.8064459745774, 0.0003011316727634585, 5.255121600000166
3320.8064459745774, 0.0003011316727634585, 5.255671299999449
3320.8064459745774, 0.0003011316727634585, 5.256256300000132
3320.8064459745774, 0.0003011316727634585, 5.256825100000242
3320.8064459745774, 0.0003011316727634585, 5.257539499999439
3320.8064459745774, 0.0003011316727634585, 5.258206599999539
3320.8064459745774, 0.0003011316727634585, 5.258763499999986
3320.8064459745774, 0.0003011316727634585, 5.259380099999362
3320.8064459745774, 0.0003011316727634585, 5.25992320000023
3320.8064459745774, 0.0003011316727634585, 5.26050639999994
3320.8064459745774, 0.0003011316727634585, 5.261262199999692
3320.8064459745774, 0.0003011316727634585, 5.261898099999598
3320.8064459745774, 0.0003011316727634585, 5.2625186999994185
3320.8064459745774, 0.0003011316727634585, 5.263114700000187
3320.8064459745774, 0.0003011316727634585, 5.263882999999623
3320.8064459745774, 0.0003011316727634585, 5.264679500000057
3320.8064459745774, 0.0003011316727634585, 5.26535419999982
3320.8064459745774, 0.0003011316727634585, 5.266006099999686
3320.8064459745774, 0.0003011316727634585, 5.26672950000011
3320.8064459745774, 0.0003011316727634585, 5.26761069999975
3320.8064459745774, 0.0003011316727634585, 5.268306699999812
3320.8064459745774, 0.0003011316727634585, 5.269052099999499
3320.8064459745774, 0.0003011316727634585, 5.269823099999485
3320.8064459745774, 0.0003011316727634585, 5.270440700000108
3320.8064459745774, 0.0003011316727634585, 5.271202500000072
3320.8064459745774, 0.0003011316727634585, 5.271902099999352
3320.8064459745774, 0.0003011316727634585, 5.272842200000014
3320.8064459745774, 0.0003011316727634585, 5.273677000000134
3320.8064459745774, 0.0003011316727634585, 5.274297599999954
3320.8064459745774, 0.0003011316727634585, 5.274887099999432
3320.8064459745774, 0.0003011316727634585, 5.275489099999504
3320.8064459745774, 0.0003011316727634585, 5.2760988
3320.8064459745774, 0.0003011316727634585, 5.276661299999432
3320.8064459745774, 0.0003011316727634585, 5.2772760999996535
3320.8064459745774, 0.0003011316727634585, 5.2778472999998485
3320.8064459745774, 0.0003011316727634585, 5.278466799999478
3320.8064459745774, 0.0003011316727634585, 5.279088799999954
3320.8064459745774, 0.0003011316727634585, 5.279649699999936
3320.8064459745774, 0.0003011316727634585, 5.2802137999997285
3320.8064459745774, 0.0003011316727634585, 5.280777500000113
3320.8064459745774, 0.0003011316727634585, 5.281377299999804
3320.8064459745774, 0.0003011316727634585, 5.281938199999786
3320.8064459745774, 0.0003011316727634585, 5.282499699999789
3320.8064459745774, 0.0003011316727634585, 5.28326990000005
3320.8064459745774, 0.0003011316727634585, 5.28396149999935
3320.8064459745774, 0.0003011316727634585, 5.284553099999357
3320.8064459745774, 0.0003011316727634585, 5.285125299999891
3320.8064459745774, 0.0003011316727634585, 5.285686100000021
3320.8064459745774, 0.0003011316727634585, 5.286337300000014
3320.8064459745774, 0.0003011316727634585, 5.287013699999989
3320.8064459745774, 0.0003011316727634585, 5.288175300000148
3320.8064459745774, 0.0003011316727634585, 5.288924099999349
3320.8064459745774, 0.0003011316727634585, 5.290470999999343
3320.8064459745774, 0.0003011316727634585, 5.291748199999347
3320.8064459745774, 0.0003011316727634585, 5.292995400000109
3320.8064459745774, 0.0003011316727634585, 5.293833900000209
3320.8064459745774, 0.0003011316727634585, 5.29442680000011
3320.8064459745774, 0.0003011316727634585, 5.295018899999377
3320.8064459745774, 0.0003011316727634585, 5.295572999999422
3320.8064459745774, 0.0003011316727634585, 5.296146799999406
3320.8064459745774, 0.0003011316727634585, 5.2967180999994525
3320.8064459745774, 0.00029982999524133817, 5.297324899999694
3320.8064459745774, 0.0003011316727634585, 5.297889999999825
3320.8064459745774, 0.0003011316727634585, 5.298489299999346
3320.8064459745774, 0.0003011316727634585, 5.2990859000001365
3320.8064459745774, 0.0003011316727634585, 5.299771899999541
3320.8064459745774, 0.0003011316727634585, 5.300847200000135
3320.8064459745774, 0.0003011316727634585, 5.302069800000027
3320.8064459745774, 0.0003011316727634585, 5.302644200000032
3320.8064459745774, 0.0003011316727634585, 5.303215999999338
3320.8064459745774, 0.0003011316727634585, 5.303779199999553
3320.8064459745774, 0.0003011316727634585, 5.30434139999943
3320.8064459745774, 0.0003011316727634585, 5.304912499999773
3320.8064459745774, 0.0003011316727634585, 5.305482300000222
3320.8064459745774, 0.0003011316727634585, 5.30608889999985
3320.8064459745774, 0.0003011316727634585, 5.3066375999997035
3320.8064459745774, 0.0003011316727634585, 5.307255400000031
3320.8064459745774, 0.0003011316727634585, 5.307819699999527
3320.8064459745774, 0.0003011316727634585, 5.308454299999539
3320.8064459745774, 0.0003011316727634585, 5.309161199999835
3320.8064459745774, 0.0003011316727634585, 5.310224099999687
3320.8064459745774, 0.0003011316727634585, 5.310802299999523
3320.8064459745774, 0.0003011316727634585, 5.311386100000163
3320.8064459745774, 0.0003011316727634585, 5.312005499999941
3320.8064459745774, 0.0003011316727634585, 5.312590300000011
3320.8064459745774, 0.0003011316727634585, 5.313173200000165
3320.8064459745774, 0.0003011316727634585, 5.313785100000132
3320.8064459745774, 0.0003011316727634585, 5.314402399999381
3320.8064459745774, 0.0003011316727634585, 5.314987099999598
3320.8064459745774, 0.0003011316727634585, 5.315683400000125
3320.8064459745774, 0.0003011316727634585, 5.316389900000104
3320.8064459745774, 0.0003011316727634585, 5.317023699999481
3320.8064459745774, 0.0003011316727634585, 5.317577400000118
3320.8064459745774, 0.0003011316727634585, 5.31816069999968
3320.8064459745774, 0.0003011316727634585, 5.318708499999957
3320.8064459745774, 0.0003011316727634585, 5.319362799999908
3320.8064459745774, 0.0003011316727634585, 5.319976799999495
3320.8064459745774, 0.0003011316727634585, 5.3205191999995805
3320.8064459745774, 0.0003011316727634585, 5.321104399999967
3320.8064459745774, 0.0003011316727634585, 5.3216504000001805
3320.8064459745774, 0.0003011316727634585, 5.32223410000006
3320.8064459745774, 0.0003011316727634585, 5.322854099999859
3320.8064459745774, 0.0003011316727634585, 5.323415199999545
3320.8064459745774, 0.0003011316727634585, 5.3239996000002066
3320.8064459745774, 0.0003011316727634585, 5.324546299999383
3320.8064459745774, 0.0003011316727634585, 5.325194099999862
3320.8064459745774, 0.0003011316727634585, 5.325764799999888
3320.8064459745774, 0.0003011316727634585, 5.326382100000046
3320.8064459745774, 0.0003011316727634585, 5.327002799999718
3320.8064459745774, 0.0003011316727634585, 5.327553699999953
3320.8064459745774, 0.0003011316727634585, 5.328141099999812
3320.8064459745774, 0.0003011316727634585, 5.3286874999994325
3320.8064459745774, 0.0003011316727634585, 5.3293072999995275
3320.8064459745774, 0.0003011316727634585, 5.329906399999345
3320.8064459745774, 0.0003011316727634585, 5.3305446999993364
3320.8064459745774, 0.0003011316727634585, 5.331126999999469
3320.8064459745774, 0.0003011316727634585, 5.331679400000212
3320.8064459745774, 0.00030079739844918505, 5.3323362000001
3320.8064459745774, 0.00030079739844918505, 5.333239599999615
3320.8064459745774, 0.0003011316727634585, 5.334112699999423
3320.8064459745774, 0.0003011316727634585, 5.334894200000235
3320.8064459745774, 0.0003011316727634585, 5.33547389999967
3320.8064459745774, 0.0003011316727634585, 5.336042599999928
3320.8064459745774, 0.0003011316727634585, 5.336607700000059
3320.8064459745774, 0.0003011316727634585, 5.337217399999645
3320.8064459745774, 0.0003011316727634585, 5.337821999999505
3320.8064459745774, 0.0003011316727634585, 5.338387699999657
3320.8064459745774, 0.0003011316727634585, 5.339020299999902
3320.8064459745774, 0.0003011316727634585, 5.339588299999377
3320.8064459745774, 0.0003011316727634585, 5.340154399999847
3320.8064459745774, 0.0003011316727634585, 5.3407170999998925
3320.8064459745774, 0.0003011316727634585, 5.341279799999938
3320.8064459745774, 0.0003011316727634585, 5.341842099999667
3320.8064459745774, 0.0003011316727634585, 5.342402799999945
3320.8064459745774, 0.0003011316727634585, 5.342966100000012
3320.8064459745774, 0.0003011316727634585, 5.343534300000101
3320.8064459745774, 0.0003011316727634585, 5.344098900000063
3320.8064459745774, 0.0003011316727634585, 5.344661499999347
3320.8064459745774, 0.0003011316727634585, 5.345292799999697
3320.8064459745774, 0.0003011316727634585, 5.34586760000002
3320.8064459745774, 0.0003011316727634585, 5.3464171999994505
3320.8064459745774, 0.0003011316727634585, 5.3469623000000865
3320.8064459745774, 0.0003011316727634585, 5.347600899999634
3320.8064459745774, 0.0003011316727634585, 5.348153199999615
3320.8064459745774, 0.0003011316727634585, 5.348735200000192
3320.8064459745774, 0.0003011316727634585, 5.3494080000000395
3320.8064459745774, 0.0003011316727634585, 5.349958299999344
3320.8064459745774, 0.0003011316727634585, 5.35050499999943
3320.8064459745774, 0.0003011316727634585, 5.351055000000088
3320.8064459745774, 0.0003011316727634585, 5.351606499999434
3320.8064459745774, 0.0003011316727634585, 5.352247799999532
3320.8064459745774, 0.0003011316727634585, 5.352806799999598
3320.8064459745774, 0.0003011316727634585, 5.3533589999997275
3320.8064459745774, 0.0003011316727634585, 5.353903999999602
3320.8064459745774, 0.0003011316727634585, 5.35445129999971
3320.8064459745774, 0.0003011316727634585, 5.354994799999986
3320.8064459745774, 0.0003011316727634585, 5.355539499999395
3320.8064459745774, 0.0003011316727634585, 5.356124199999613
3320.8064459745774, 0.0003011316727634585, 5.356704400000126
3320.8064459745774, 0.0003011316727634585, 5.357354699999632
3320.8064459745774, 0.0003011316727634585, 5.357903499999338
3320.8064459745774, 0.0003011316727634585, 5.358448399999361
3320.8064459745774, 0.0003011316727634585, 5.35899419999987
3320.8064459745774, 0.0003011316727634585, 5.3596530999993774
3320.8064459745774, 0.0003011316727634585, 5.360200999999506
3320.8064459745774, 0.0003011316727634585, 5.360752200000206
3320.8064459745774, 0.0003011316727634585, 5.3612990999999965
3320.8064459745774, 0.0003011316727634585, 5.361847099999977
3320.8064459745774, 0.0003011316727634585, 5.362395600000127
3320.8064459745774, 0.0003011316727634585, 5.362946199999897
3320.8064459745774, 0.0002992607352388482, 5.363537399999586
3320.8064459745774, 0.0003011316727634585, 5.364126999999826
3320.8064459745774, 0.0002999317141431311, 5.364679100000103
3320.8064459745774, 0.0003006418376796023, 5.365227899999809
3320.8064459745774, 0.0003011316727634585, 5.365778299999874
3320.8064459745774, 0.0003011316727634585, 5.366391900000053
3320.8064459745774, 0.0003011316727634585, 5.367044200000237
3320.8064459745774, 0.0003011316727634585, 5.367760499999349
3320.8064459745774, 0.0003011316727634585, 5.368800999999621
3320.8064459745774, 0.0003011316727634585, 5.369768599999588
3320.8064459745774, 0.0003011316727634585, 5.370336699999825
3320.8064459745774, 0.0003011316727634585, 5.370904299999893
3320.8064459745774, 0.0003011316727634585, 5.371468399999685
3320.8064459745774, 0.0003011316727634585, 5.372037600000112
3320.8064459745774, 0.0003011316727634585, 5.372819499999423
3320.8064459745774, 0.0003011316727634585, 5.373503799999526
3320.8064459745774, 0.0003011316727634585, 5.374113199999556
3320.8064459745774, 0.0003011316727634585, 5.374862799999391
3320.8064459745774, 0.0003011316727634585, 5.375444399999651
3320.8064459745774, 0.0003011316727634585, 5.3760308000000805
3320.8064459745774, 0.0003011316727634585, 5.376612999999452
3320.8064459745774, 0.0003011316727634585, 5.377191599999605
3320.8064459745774, 0.0003011316727634585, 5.377859600000193
3320.8064459745774, 0.0003011316727634585, 5.378443499999776
3320.8064459745774, 0.0003011316727634585, 5.379013300000224
3320.8064459745774, 0.0003011316727634585, 5.379621099999895
3320.8064459745774, 0.0003011316727634585, 5.3801917999999205
3320.8064459745774, 0.0003011316727634585, 5.3807660000002215
3320.8064459745774, 0.0003011316727634585, 5.381332599999951
3320.8064459745774, 0.0003011316727634585, 5.38196809999954
3320.8064459745774, 0.0003011316727634585, 5.382578599999761
3320.8064459745774, 0.0003011316727634585, 5.383197899999686
3320.8064459745774, 0.0003011316727634585, 5.383871199999703
3320.8064459745774, 0.0003011316727634585, 5.384561699999722
3320.8064459745774, 0.0003011316727634585, 5.3853766000002
3320.8064459745774, 0.0003011316727634585, 5.386512299999595
3320.8064459745774, 0.0003011316727634585, 5.387120399999731
3320.8064459745774, 0.0003011316727634585, 5.387703399999737
3320.8064459745774, 0.0003011316727634585, 5.388250399999379
3320.8064459745774, 0.0003011316727634585, 5.388879899999665
3320.8064459745774, 0.0003011316727634585, 5.389538299999913
3320.8064459745774, 0.0003011316727634585, 5.390088099999957
3320.8064459745774, 0.0003011316727634585, 5.390641899999537
3320.8064459745774, 0.0003011316727634585, 5.391189799999665
3320.8064459745774, 0.0003011316727634585, 5.391738199999963
3320.8064459745774, 0.0003011316727634585, 5.392286599999352
3320.8064459745774, 0.0003011316727634585, 5.392852199999652
3320.8064459745774, 0.0003011316727634585, 5.393401499999527
3320.8064459745774, 0.0003011316727634585, 5.39394589999938
3320.8064459745774, 0.0003011316727634585, 5.39449809999951
3320.8064459745774, 0.0003011316727634585, 5.395048599999427
3320.8064459745774, 0.0003011316727634585, 5.395597400000042
3320.8064459745774, 0.0003011316727634585, 5.396188599999732
3320.8064459745774, 0.0003011316727634585, 5.396772500000225
3320.8064459745774, 0.0003011316727634585, 5.397341699999743
3320.8064459745774, 0.0003011316727634585, 5.39790769999945
3320.8064459745774, 0.0003011316727634585, 5.3984613000002355
3320.8064459745774, 0.0003011316727634585, 5.399008899999899
3320.8064459745774, 0.0003011316727634585, 5.39999970000008
3320.8064459745774, 0.0003011316727634585, 5.400903499999913
3320.8064459745774, 0.0003011316727634585, 5.401457799999662
3320.8064459745774, 0.0003011316727634585, 5.402033200000005
3320.8064459745774, 0.0003011316727634585, 5.402669699999933
3320.8064459745774, 0.0003011316727634585, 5.403216499999871
3320.8064459745774, 0.0003011316727634585, 5.403834400000051
3320.8064459745774, 0.0003011316727634585, 5.404384800000116
3320.8064459745774, 0.0003011316727634585, 5.404937100000097
3320.8064459745774, 0.0003011316727634585, 5.405485700000099
3320.8064459745774, 0.0003011316727634585, 5.406030899999678
3320.8064459745774, 0.0003011316727634585, 5.406587200000104
3320.8064459745774, 0.00029963073531192046, 5.407136199999513
3320.8064459745774, 0.0003011316727634585, 5.4077314999995
3320.8064459745774, 0.0003011316727634585, 5.408287399999608
3320.8064459745774, 0.0003011316727634585, 5.408834599999864
3320.8064459745774, 0.0003011316727634585, 5.409416699999383
3320.8064459745774, 0.0003011316727634585, 5.409967499999766
3320.8064459745774, 0.0003011316727634585, 5.410516999999345
3320.8064459745774, 0.0003011316727634585, 5.411137600000075
3320.8064459745774, 0.0003011316727634585, 5.411689999999908
3320.8064459745774, 0.0003011316727634585, 5.412240799999381
3320.8064459745774, 0.0003011316727634585, 5.412788999999975
3320.8064459745774, 0.0003011316727634585, 5.413338100000146
3320.8064459745774, 0.0003011316727634585, 5.413894499999515
3320.8064459745774, 0.0003011316727634585, 5.41444649999994
3320.8064459745774, 0.0003011316727634585, 5.414991300000111
3320.8064459745774, 0.0003011316727634585, 5.415656399999534
3320.8064459745774, 0.0003011316727634585, 5.416365399999449
3320.8064459745774, 0.0003011316727634585, 5.416923199999474
3320.8064459745774, 0.0003011316727634585, 5.417509099999734
3320.8064459745774, 0.0003011316727634585, 5.418066000000181
3320.8064459745774, 0.0003011316727634585, 5.418695299999854
3320.8064459745774, 0.0003011316727634585, 5.419263799999499
3320.8064459745774, 0.0003011316727634585, 5.419828299999608
3320.8064459745774, 0.0003011316727634585, 5.42037689999961
3320.8064459745774, 0.0003011316727634585, 5.420921799999633
3320.8064459745774, 0.0003011316727634585, 5.421472199999698
3320.8064459745774, 0.0003011316727634585, 5.422022300000208
3320.8064459745774, 0.0003011316727634585, 5.4225845999999365
3320.8064459745774, 0.0003011316727634585, 5.423132500000065
3320.8064459745774, 0.0003011316727634585, 5.423684599999433
3320.8064459745774, 0.0003011316727634585, 5.424238999999943
3320.8064459745774, 0.0003011316727634585, 5.424786300000051
3320.8064459745774, 0.0003011316727634585, 5.425335400000222
3320.8064459745774, 0.0003011316727634585, 5.425961599999937
3320.8064459745774, 0.0003011316727634585, 5.426510399999643
3320.8064459745774, 0.0003011316727634585, 5.427063999999518
3320.8064459745774, 0.0003011316727634585, 5.427649299999757
3320.8064459745774, 0.0003011316727634585, 5.428198900000098
3320.8064459745774, 0.0003011316727634585, 5.428745600000184
3320.8064459745774, 0.0003011316727634585, 5.429334599999493
3320.8064459745774, 0.0003011316727634585, 5.429882800000087
3320.8064459745774, 0.0003011316727634585, 5.430433399999856
3320.8064459745774, 0.0003011316727634585, 5.4309800999999425
3320.8064459745774, 0.0003011316727634585, 5.431581799999549
3320.8064459745774, 0.0003011316727634585, 5.432127199999741
3320.8064459745774, 0.0003011316727634585, 5.4327149999999165
3320.8064459745774, 0.0003011316727634585, 5.433376399999361
3320.8064459745774, 0.0003011316727634585, 5.4339241999996375
3320.8064459745774, 0.0003011316727634585, 5.434473100000105
3320.8064459745774, 0.0003011316727634585, 5.435020599999916
3320.8064459745774, 0.0003011316727634585, 5.435570799999368
3320.8064459745774, 0.0003011316727634585, 5.4361165999998775
3320.8064459745774, 0.0003011316727634585, 5.4366650000001755
3320.8064459745774, 0.0003011316727634585, 5.437212899999395
3320.8064459745774, 0.0003011316727634585, 5.437809500000185
3320.8064459745774, 0.0003011316727634585, 5.438356900000144
3320.8064459745774, 0.0003011316727634585, 5.4389116000002105
3320.8064459745774, 0.0003011316727634585, 5.4394987999994555
3320.8064459745774, 0.0003011316727634585, 5.440044899999521
3320.8064459745774, 0.0003011316727634585, 5.440661099999488
3320.8064459745774, 0.0003011316727634585, 5.441214099999343
3320.8064459745774, 0.0003011316727634585, 5.4417648999997255
3320.8064459745774, 0.0003011316727634585, 5.4423110999996425
3320.8064459745774, 0.0003011316727634585, 5.442857399999411
3320.8064459745774, 0.0003011316727634585, 5.443406399999731
3320.8064459745774, 0.0003011316727634585, 5.4439527999993516
3320.8064459745774, 0.0003011316727634585, 5.444496299999628
3320.8064459745774, 0.0003011316727634585, 5.445041299999502
3320.8064459745774, 0.0003011316727634585, 5.445591199999399
3320.8064459745774, 0.0003011316727634585, 5.446135799999865
3320.8064459745774, 0.0003011316727634585, 5.446681299999909
3320.8064459745774, 0.0003011316727634585, 5.447231099999954
3320.8064459745774, 0.0003011316727634585, 5.447942599999806
3320.8064459745774, 0.0003011316727634585, 5.448489999999765
3320.8064459745774, 0.0003011316727634585, 5.4490420000001905
3320.8064459745774, 0.0003011316727634585, 5.449703599999339
3320.8064459745774, 0.0003011316727634585, 5.450297399999727
3320.8064459745774, 0.0003011316727634585, 5.450851599999623
3320.8064459745774, 0.0003011316727634585, 5.451412499999606
3320.8064459745774, 0.00029963073531192046, 5.451969499999905
3320.8064459745774, 0.0003011316727634585, 5.452521299999717
3320.8064459745774, 0.0003011316727634585, 5.453076099999635
3320.8064459745774, 0.0003011316727634585, 5.4536246999996365
3320.8064459745774, 0.0003011316727634585, 5.4541763999995965
3320.8064459745774, 0.0003011316727634585, 5.454725200000212
3320.8064459745774, 0.0003011316727634585, 5.455351999999948
3320.8064459745774, 0.0003011316727634585, 5.455900299999485
3320.8064459745774, 0.0003011316727634585, 5.456444899999951
3320.8064459745774, 0.0003011316727634585, 5.456999899999573
3320.8064459745774, 0.0003011316727634585, 5.457593199999792
3320.8064459745774, 0.0003011316727634585, 5.458140799999455
3320.8064459745774, 0.0003011316727634585, 5.458687199999986
3320.8064459745774, 0.0003011316727634585, 5.459238100000221
3320.8064459745774, 0.0003011316727634585, 5.459823999999571
3320.8064459745774, 0.0003011316727634585, 5.460372200000165
3320.8064459745774, 0.0003011316727634585, 5.460923199999343
3320.8064459745774, 0.0003011316727634585, 5.461470100000042
3320.8064459745774, 0.0003011316727634585, 5.46201579999979
3320.8064459745774, 0.0003011316727634585, 5.462630799999715
3320.8064459745774, 0.0003011316727634585, 5.4631862999995064
3320.8064459745774, 0.0003011316727634585, 5.463732199999868
3320.8064459745774, 0.0003011316727634585, 5.464279299999362
3320.8064459745774, 0.0003011316727634585, 5.464827799999512
3320.8064459745774, 0.0003011316727634585, 5.465372900000148
3320.8064459745774, 0.0003011316727634585, 5.465919799999938
3320.8064459745774, 0.0003011316727634585, 5.466465099999368
3320.8064459745774, 0.0003011316727634585, 5.46701369999937
3320.8064459745774, 0.0003011316727634585, 5.467644299999847
3320.8064459745774, 0.0003011316727634585, 5.468193699999574
3320.8064459745774, 0.0003011316727634585, 5.468740100000105
3320.8064459745774, 0.0003011316727634585, 5.469287599999916
3320.8064459745774, 0.0003011316727634585, 5.4699440999993385
3320.8064459745774, 0.0003011316727634585, 5.470490799999425
3320.8064459745774, 0.0003011316727634585, 5.47104599999966
3320.8064459745774, 0.0003011316727634585, 5.4715934999994715
3320.8064459745774, 0.0003011316727634585, 5.472139200000129
3320.8064459745774, 0.0003011316727634585, 5.472693799999433
3320.8064459745774, 0.0003011316727634585, 5.473245000000134
3320.8064459745774, 0.0003011316727634585, 5.473791899999924
3320.8064459745774, 0.0003011316727634585, 5.474339599999439
3320.8064459745774, 0.0003011316727634585, 5.474888400000054
3320.8064459745774, 0.0003011316727634585, 5.475438099999337
3320.8064459745774, 0.0003011316727634585, 5.475990199999615
3320.8064459745774, 0.0003011316727634585, 5.476540399999976
3320.8064459745774, 0.0003011316727634585, 5.477145400000154
3320.8064459745774, 0.0003011316727634585, 5.477749399999993
3320.8064459745774, 0.0003011316727634585, 5.478297499999826
3320.8064459745774, 0.0003011316727634585, 5.478847499999574
3320.8064459745774, 0.0003011316727634585, 5.47939469999983
3320.8064459745774, 0.0003011316727634585, 5.479974299999412
3320.8064459745774, 0.0003011316727634585, 5.480527799999436
3320.8064459745774, 0.0003011316727634585, 5.481074100000114
3320.8064459745774, 0.0003011316727634585, 5.481618299999354
3320.8064459745774, 0.0003011316727634585, 5.482170199999928
3320.8064459745774, 0.0003011316727634585, 5.482722599999761
3320.8064459745774, 0.0003011316727634585, 5.483269800000016
3320.8064459745774, 0.0003011316727634585, 5.4838190999998915
3320.8064459745774, 0.0003011316727634585, 5.4843683999997666
3320.8064459745774, 0.0003011316727634585, 5.484989900000073
3320.8064459745774, 0.0003011316727634585, 5.485537499999737
3320.8064459745774, 0.0003011316727634585, 5.486156099999789
3320.8064459745774, 0.0003011316727634585, 5.486707999999453
3320.8064459745774, 0.0003011316727634585, 5.487254499999835
3320.8064459745774, 0.0003011316727634585, 5.4879172000000835
3320.8064459745774, 0.0003011316727634585, 5.488921699999992
3320.8064459745774, 0.0003011316727634585, 5.489478599999529
3320.8064459745774, 0.0003011316727634585, 5.490065500000128
3320.8064459745774, 0.0003011316727634585, 5.49061459999939
3320.8064459745774, 0.0003011316727634585, 5.491166199999498
3320.8064459745774, 0.0003011316727634585, 5.491713200000049
3320.8064459745774, 0.0003011316727634585, 5.492338199999722
3320.8064459745774, 0.0003011316727634585, 5.492891500000042
3320.8064459745774, 0.0003011316727634585, 5.493437199999789
3320.8064459745774, 0.0003011316727634585, 5.493984699999601
3320.8064459745774, 0.0003011316727634585, 5.494533600000068
3320.8064459745774, 0.0003011316727634585, 5.495083899999372
3320.8064459745774, 0.0003011316727634585, 5.495632099999966
3320.8064459745774, 0.0003011316727634585, 5.496180000000095
3320.8064459745774, 0.0003011316727634585, 5.496730299999399
3320.8064459745774, 0.0003011316727634585, 5.49727780000012
3320.8064459745774, 0.0003011316727634585, 5.497823900000185
3320.8064459745774, 0.0003011316727634585, 5.49842339999941
3320.8064459745774, 0.0003011316727634585, 5.498974199999793
3320.8064459745774, 0.0003006954116530378, 5.49959409999974
3320.8064459745774, 0.0003011316727634585, 5.500180099999852
3320.8064459745774, 0.0003011316727634585, 5.500732499999685
3320.8064459745774, 0.0003011316727634585, 5.501282100000026
3320.8064459745774, 0.00030036695463343495, 5.501832199999626
3320.8064459745774, 0.0003011316727634585, 5.5023817999999665
3320.8064459745774, 0.0003011316727634585, 5.502929199999926
3320.8064459745774, 0.0003011316727634585, 5.503476699999737
3320.8064459745774, 0.0003011316727634585, 5.504025100000035
3320.8064459745774, 0.0003011316727634585, 5.50464699999975
3320.8064459745774, 0.0003011316727634585, 5.505193399999371
3320.8064459745774, 0.0003011316727634585, 5.505739399999584
3320.8064459745774, 0.0003011316727634585, 5.50628770000003
3320.8064459745774, 0.0003011316727634585, 5.5069124999999985
3320.8064459745774, 0.0003011316727634585, 5.507458299999598
3320.8064459745774, 0.0003011316727634585, 5.508168899999873
3320.8064459745774, 0.0003011316727634585, 5.508748499999456
3320.8064459745774, 0.0003011316727634585, 5.509298199999648
3320.8064459745774, 0.0003011316727634585, 5.5098502000000735
3320.8064459745774, 0.0003011316727634585, 5.510438299999805
3320.8064459745774, 0.0003011316727634585, 5.510985799999617
3320.8064459745774, 0.0003011316727634585, 5.511533199999576
3320.8064459745774, 0.0003011316727634585, 5.512075999999979
3320.8064459745774, 0.0003011316727634585, 5.512627899999643
3320.8064459745774, 0.0003011316727634585, 5.5131751999997505
3320.8064459745774, 0.0003011316727634585, 5.513723000000027
3320.8064459745774, 0.0003011316727634585, 5.514344000000165
3320.8064459745774, 0.0003011316727634585, 5.514892099999997
3320.8064459745774, 0.0003011316727634585, 5.515438399999766
3320.8064459745774, 0.0003011316727634585, 5.515986299999895
3320.8064459745774, 0.0003011316727634585, 5.516537800000151
3320.8064459745774, 0.0003011316727634585, 5.517083499999899
3320.8064459745774, 0.0003011316727634585, 5.517629799999668
3320.8064459745774, 0.0003011316727634585, 5.518225599999823
3320.8064459745774, 0.0003011316727634585, 5.518773299999339
3320.8064459745774, 0.0003011316727634585, 5.5193191999997
3320.8064459745774, 0.0003011316727634585, 5.51986289999968
3320.8064459745774, 0.0003011316727634585, 5.5204478999994535
3320.8064459745774, 0.0003011316727634585, 5.520993399999497
3320.8064459745774, 0.0003011316727634585, 5.521611099999973
3320.8064459745774, 0.0003011316727634585, 5.5221623999996154
3320.8064459745774, 0.0003011316727634585, 5.522707799999807
3320.8064459745774, 0.0003011316727634585, 5.523258299999725
3320.8064459745774, 0.0003011316727634585, 5.523807099999431
3320.8064459745774, 0.0003011316727634585, 5.524355099999411
3320.8064459745774, 0.0003011316727634585, 5.524940299999798
3320.8064459745774, 0.0003011316727634585, 5.5254957999995895
3320.8064459745774, 0.0003011316727634585, 5.526053499999762
3320.8064459745774, 0.0003011316727634585, 5.526604300000145
3320.8064459745774, 0.0003011316727634585, 5.527160599999661
3320.8064459745774, 0.0003011316727634585, 5.527709299999515
3320.8064459745774, 0.0003011316727634585, 5.528352799999993
3320.8064459745774, 0.00029960611063928073, 5.528984300000047
3320.8064459745774, 0.0003011316727634585, 5.529534199999944
3320.8064459745774, 0.0003011316727634585, 5.530089099999714
3320.8064459745774, 0.0003011316727634585, 5.53067209999972
3320.8064459745774, 0.0003011316727634585, 5.531219200000123
3320.8064459745774, 0.0003011316727634585, 5.531772999999703
3320.8064459745774, 0.0003011316727634585, 5.532318399999895
3320.8064459745774, 0.0003011316727634585, 5.532870000000003
3320.8064459745774, 0.0003011316727634585, 5.533420599999772
3320.8064459745774, 0.00030077812998884404, 5.533972100000028
3320.8064459745774, 0.0003011316727634585, 5.534520499999417
3320.8064459745774, 0.0003011316727634585, 5.535065699999905
3320.8064459745774, 0.0003011316727634585, 5.535616199999822
3320.8064459745774, 0.0003011316727634585, 5.536240800000087
3320.8064459745774, 0.0003011316727634585, 5.536788800000068
3320.8064459745774, 0.0003011316727634585, 5.53733529999954
3320.8064459745774, 0.0003011316727634585, 5.537885099999585
3320.8064459745774, 0.0003011316727634585, 5.538463599999886
3320.8064459745774, 0.0003011316727634585, 5.539009399999486
3320.8064459745774, 0.0003011316727634585, 5.539555299999847
3320.8064459745774, 0.0003011316727634585, 5.5401084999994055
3320.8064459745774, 0.0003011316727634585, 5.5406904000001305
3320.8064459745774, 0.0003011316727634585, 5.54123619999973
3320.8064459745774, 0.0003011316727634585, 5.541788599999563
3320.8064459745774, 0.0003011316727634585, 5.542342499999904
3320.8064459745774, 0.0003011316727634585, 5.542890599999737
3320.8064459745774, 0.0003011316727634585, 5.54351349999979
3320.8064459745774, 0.0003011316727634585, 5.544062799999665
3320.8064459745774, 0.00030064183767960226, 5.544608600000174
3320.8064459745774, 0.0003011316727634585, 5.545157800000197
3320.8064459745774, 0.0003011316727634585, 5.545708599999671
3320.8064459745774, 0.0003011316727634585, 5.546256599999651
3320.8064459745774, 0.0003011316727634585, 5.546801699999378
3320.8064459745774, 0.0003011316727634585, 5.547348500000226
3320.8064459745774, 0.0003011316727634585, 5.547894299999825
3320.8064459745774, 0.0003011316727634585, 5.548588599999675
3320.8064459745774, 0.0003011316727634585, 5.54954589999943
3320.8064459745774, 0.0003011316727634585, 5.550502399999459
3320.8064459745774, 0.0003011316727634585, 5.55112519999966
3320.8064459745774, 0.00030105183932887245, 5.551679700000022
3320.8064459745774, 0.0002998231010354922, 5.55222859999958
3320.8064459745774, 0.0002998231010354922, 5.552781299999879
3320.8064459745774, 0.0003011316727634585, 5.553329800000029
3320.8064459745774, 0.0003011316727634585, 5.553880999999819
3320.8064459745774, 0.0003011316727634585, 5.5544289999998
3320.8064459745774, 0.0003011316727634585, 5.554974599999696
3320.8064459745774, 0.0003011316727634585, 5.555521499999486
3320.8064459745774, 0.0003011316727634585, 5.556066099999953
3320.8064459745774, 0.0003011316727634585, 5.556614499999341
3320.8064459745774, 0.0003011316727634585, 5.557165299999724
3320.8064459745774, 0.0003011316727634585, 5.557713399999557
3320.8064459745774, 0.0002993954994749584, 5.558371199999783
3320.8064459745774, 0.000300980475583466, 5.55893130000004
3320.8064459745774, 0.00030108788422876135, 5.559480599999915
3320.8064459745774, 0.0003011316727634585, 5.560027599999557
3320.8064459745774, 0.0003011316727634585, 5.56061150000005
3320.8064459745774, 0.0003011316727634585, 5.561157899999671
3320.8064459745774, 0.0003011316727634585, 5.561703100000159
3320.8064459745774, 0.0003011316727634585, 5.562256899999738
3320.8064459745774, 0.0003011316727634585, 5.562804999999571
3320.8064459745774, 0.0003011316727634585, 5.563350999999784
3320.8064459745774, 0.0003011316727634585, 5.563896300000124
3320.8064459745774, 0.0003011316727634585, 5.56444620000002
3320.8064459745774, 0.0003011316727634585, 5.564991199999895
3320.8064459745774, 0.0003011316727634585, 5.56560829999944
3320.8064459745774, 0.0003011316727634585, 5.566156599999886
3320.8064459745774, 0.0003011316727634585, 5.566702600000099
3320.8064459745774, 0.0003011316727634585, 5.567250399999466
3320.8064459745774, 0.0003011316727634585, 5.567798299999595
3320.8064459745774, 0.0003011316727634585, 5.568344199999956
3320.8064459745774, 0.0003011316727634585, 5.569413999999597
3320.8064459745774, 0.0003011316727634585, 5.570463000000018
3320.8064459745774, 0.0003011316727634585, 5.571037599999727
3320.8064459745774, 0.0003011316727634585, 5.571587999999792
3320.8064459745774, 0.0003011316727634585, 5.572134799999731
3320.8064459745774, 0.0003011316727634585, 5.572728699999971
3320.8064459745774, 0.0003011316727634585, 5.573310199999469
3320.8064459745774, 0.0003011316727634585, 5.573857800000042
3320.8064459745774, 0.0003011316727634585, 5.5744096999997055
3320.8064459745774, 0.0003011316727634585, 5.575292399999853
3320.8064459745774, 0.0003011316727634585, 5.576048099999753
3320.8064459745774, 0.0003011316727634585, 5.576957399999628
3320.8064459745774, 0.0003011316727634585, 5.577717099999973
3320.8064459745774, 0.0003011316727634585, 5.57832210000015
3320.8064459745774, 0.0003011316727634585, 5.5789178999993965
3320.8064459745774, 0.0003011316727634585, 5.579502499999762
3320.8064459745774, 0.0003011316727634585, 5.580095399999664
3320.8064459745774, 0.0003011316727634585, 5.580680299999585
3320.8064459745774, 0.0003011316727634585, 5.581260299999485
3320.8064459745774, 0.0003011316727634585, 5.5818522999998095
3320.8064459745774, 0.0003011316727634585, 5.582413000000088
3320.8064459745774, 0.0003011316727634585, 5.582973300000049
3320.8064459745774, 0.0003011316727634585, 5.58354429999963
3320.8064459745774, 0.0003011316727634585, 5.584091599999738
3320.8064459745774, 0.0003011316727634585, 5.584636699999464
3320.8064459745774, 0.0003011316727634585, 5.585183799999868
3320.8064459745774, 0.0003011316727634585, 5.585726700000123
3320.8064459745774, 0.0003011316727634585, 5.586268600000039
3320.8064459745774, 0.0003011316727634585, 5.586812999999893
3320.8064459745774, 0.0003011316727634585, 5.587414699999499
3320.8064459745774, 0.0003011316727634585, 5.587976400000116
3320.8064459745774, 0.0003011316727634585, 5.588564900000165
3320.8064459745774, 0.0003011316727634585, 5.589540099999795
3320.8064459745774, 0.0003011316727634585, 5.590174999999363
3320.8064459745774, 0.0003011316727634585, 5.590724900000168
3320.8064459745774, 0.0003011316727634585, 5.5913088999996035
3320.8064459745774, 0.0003011316727634585, 5.591860200000156
3320.8064459745774, 0.0003011316727634585, 5.592408599999544
3320.8064459745774, 0.0003011316727634585, 5.592962799999441
3320.8064459745774, 0.0003011316727634585, 5.593514099999993
3320.8064459745774, 0.0003011316727634585, 5.594061199999487
3320.8064459745774, 0.0003011316727634585, 5.594608299999891
3320.8064459745774, 0.0003011316727634585, 5.595228899999711
3320.8064459745774, 0.0003011316727634585, 5.595778099999734
3320.8064459745774, 0.0003011316727634585, 5.5963308000000325
3320.8064459745774, 0.0003011316727634585, 5.596873399999822
3320.8064459745774, 0.0003011316727634585, 5.597540199999457
3320.8064459745774, 0.0003011316727634585, 5.598087200000009
3320.8064459745774, 0.0003011316727634585, 5.59863630000018
3320.8064459745774, 0.0003011316727634585, 5.599310200000218
3320.8064459745774, 0.0003011316727634585, 5.599977699999727
3320.8064459745774, 0.0003011316727634585, 5.600527200000215
3320.8064459745774, 0.0003011316727634585, 5.601107899999988
3320.8064459745774, 0.0003011316727634585, 5.601656400000138
3320.8064459745774, 0.0003011316727634585, 5.60227549999945
3320.8064459745774, 0.0003011316727634585, 5.602890699999989
3320.8064459745774, 0.0003011316727634585, 5.603458699999464
3320.8064459745774, 0.0003011316727634585, 5.604104899999584
3320.8064459745774, 0.0003011316727634585, 5.604661999999735
3320.8064459745774, 0.0003011316727634585, 5.605219099999886
3320.8064459745774, 0.0003011316727634585, 5.605778099999952
3320.8064459745774, 0.00030028195429770277, 5.60633929999949
3320.8064459745774, 0.0003008731706340016, 5.606893499999387
3320.8064459745774, 0.0003011316727634585, 5.607446199999686
3320.8064459745774, 0.0003011316727634585, 5.607997500000238
3320.8064459745774, 0.0003011316727634585, 5.6085518999998385
3320.8064459745774, 0.0003011316727634585, 5.609141400000226
3320.8064459745774, 0.0003011316727634585, 5.609771700000238
3320.8064459745774, 0.0003011316727634585, 5.610324999999648
3320.8064459745774, 0.0003011316727634585, 5.610875800000031
3320.8064459745774, 0.0003011316727634585, 5.611461699999381
3320.8064459745774, 0.0003011316727634585, 5.612012599999616
3320.8064459745774, 0.0003011316727634585, 5.612563799999407
3320.8064459745774, 0.0003011316727634585, 5.613112000000001
3320.8064459745774, 0.0003011316727634585, 5.61366629999975
3320.8064459745774, 0.0003011316727634585, 5.614217899999858
3320.8064459745774, 0.0003011316727634585, 5.614765100000113
3320.8064459745774, 0.0003011316727634585, 5.61536789999991
3320.8064459745774, 0.0003011316727634585, 5.6161457999996856
3320.8064459745774, 0.0003011316727634585, 5.616700800000217
3320.8064459745774, 0.0003011316727634585, 5.617323999999826
3320.8064459745774, 0.0003011316727634585, 5.6178775999997015
3320.8064459745774, 0.0003011316727634585, 5.618425599999682
3320.8064459745774, 0.0003011316727634585, 5.618972000000213
3320.8064459745774, 0.0003011316727634585, 5.619572200000221
3320.8064459745774, 0.0003011316727634585, 5.62012279999999
3320.8064459745774, 0.0003011316727634585, 5.620670599999357
3320.8064459745774, 0.0003011316727634585, 5.6212531999999555
3320.8064459745774, 0.0003011316727634585, 5.621804299999894
3320.8064459745774, 0.0003011316727634585, 5.622350999999981
3320.8064459745774, 0.0003011316727634585, 5.622901400000046
3320.8064459745774, 0.0003011316727634585, 5.623452699999689
3320.8064459745774, 0.0003011316727634585, 5.624003299999458
3320.8064459745774, 0.0003011316727634585, 5.624624799999765
3320.8064459745774, 0.0003011316727634585, 5.625175899999704
3320.8064459745774, 0.0003011316727634585, 5.625731999999516
3320.8064459745774, 0.0003011316727634585, 5.626279699999941
3320.8064459745774, 0.0003011316727634585, 5.626826400000027
3320.8064459745774, 0.0003011316727634585, 5.627374300000156
3320.8064459745774, 0.0003011316727634585, 5.627922399999989
3320.8064459745774, 0.0003011316727634585, 5.628469399999631
3320.8064459745774, 0.0003011316727634585, 5.629024400000162
3320.8064459745774, 0.0003011316727634585, 5.6296118999998725
3320.8064459745774, 0.0003011316727634585, 5.630158599999959
3320.8064459745774, 0.0003011316727634585, 5.630703099999664
3320.8064459745774, 0.0003011316727634585, 5.63131759999942
3320.8064459745774, 0.0003011316727634585, 5.631936699999642
3320.8064459745774, 0.0003011316727634585, 5.632520199999817
3320.8064459745774, 0.0003011316727634585, 5.633064699999522
3320.8064459745774, 0.0003011316727634585, 5.633614800000032
3320.8064459745774, 0.0003011316727634585, 5.634161099999801
3320.8064459745774, 0.0003011316727634585, 5.634706899999401
3320.8064459745774, 0.0003011316727634585, 5.635255299999699
3320.8064459745774, 0.0003011316727634585, 5.635802299999341
3320.8064459745774, 0.0003011316727634585, 5.636347099999512
3320.8064459745774, 0.0003011316727634585, 5.636892599999555
3320.8064459745774, 0.0003011316727634585, 5.637443300000086
3320.8064459745774, 0.0003011316727634585, 5.637993100000131
3320.8064459745774, 0.0003011316727634585, 5.638540400000238
{"problem_size": "65", "population_size": 10, "descendents": 4, "partitions": 6, "mutation_prob": 0.05, "best_fitness": 3320.8064459745774, "task_time": 592.1000000000003, "task_cost": 8388.404131355936, "iteration": 8365, "conv_limit_reach": true, "doomsday": true, "doomsday_iter": 4965, "time": 5.6385527000002185, "best_gen": ["J", "C", "J", "C", "J", "S", "C", "J", "C", "S", "J", "J", "J", "C", "J", "C", "C", "S", "C", "S", "J", "J", "S", "C", "C", "S", "S", "C", "C", "S", "C", "C", "C", "C", "J", "S", "S", "S", "C", "J", "C", "S", "J", "S", "S", "J", "S", "J", "J", "S", "J", "J", "J", "S", "S", "S", "S", "C", "J", "J", "S", "C", "S", "J", "J"]}
