3428.5198159427973,3544.307232521188,0.006777200000215089
3421.7265161546616,3584.5584600105935,0.011437500000283762
3421.7265161546616,3525.9919345868648,0.016808100000162085
3421.7265161546616,3558.6387248411015,0.02214910000020609
3421.7265161546616,3540.3432004766955,0.027697700000317127
3421.7265161546616,3522.976869703391,0.0335746000000654
3393.1033924788135,3533.5789870233057,0.03943280000021332
3393.1033924788135,3512.7379700741535,0.044428700000025856
3393.1033924788135,3560.5887619173727,0.050251700000444544
3393.1033924788135,3552.1050622351704,0.05599570000049425
3393.1033924788135,3564.488695709747,0.0617128000003504
3393.1033924788135,3522.058226959746,0.06743249999999534
3393.1033924788135,3540.0872073622877,0.07054040000002715
3393.1033924788135,3522.593245497882,0.07323160000032658
3393.1033924788135,3543.3517783368648,0.07873280000058003
3393.1033924788135,3533.166996822034,0.08408060000056139
3389.669131355932,3503.8833712923733,0.0889565000006769
3389.669131355932,3531.0180826271194,0.0937963000005766
3389.669131355932,3539.516366525424,0.09846999999990658
3389.669131355932,3541.6060209216103,0.10392320000028121
3389.669131355932,3555.7541512182197,0.10975959999996121
3389.669131355932,3520.9469491525433,0.11545230000047013
3389.669131355932,3530.631036811441,0.12116520000017772
3389.669131355932,3506.126199682204,0.1269625000004453
3389.669131355932,3491.7278138241536,0.13255819999994856
3389.669131355932,3531.6790730932207,0.13772620000054303
3389.669131355932,3498.0289737817807,0.14062830000057147
3389.669131355932,3511.2943961864416,0.14368910000030155
3388.710427701272,3519.946264565679,0.14648380000016914
3388.710427701272,3521.238808262712,0.15211980000003678
3388.710427701272,3544.6645444915257,0.1577207999998791
3388.710427701272,3505.884282309324,0.16245380000054865
3388.710427701272,3510.8314247881367,0.16809840000041731
3388.710427701272,3519.0453310381363,0.17382330000054935
3388.710427701272,3514.960320444915,0.17644560000007914
3388.710427701272,3500.9794729872883,0.1806378000001132
3380.77210407839,3526.2808222987287,0.1842808999999761
3380.77210407839,3512.708040254237,0.18687970000064524
3380.77210407839,3558.53984375,0.192399700000351
3380.77210407839,3533.6594650423735,0.19821400000000722
3380.77210407839,3541.9333964512716,0.20385440000063682
3380.77210407839,3532.9026536016954,0.2097858000006454
3380.77210407839,3506.8130998411025,0.2141064000006736
3380.77210407839,3517.5170974576276,0.21673439999995026
3364.9685685911013,3489.0669994703394,0.21942829999989044
3364.9685685911013,3517.124580243645,0.22203590000026452
3364.9685685911013,3557.678440148306,0.22465090000059718
3364.9685685911013,3531.062065677966,0.23017729999992298
3364.9685685911013,3536.9062552966097,0.2359587000000829
3364.9685685911013,3529.5144835805086,0.24025570000048901
3364.9685685911013,3501.43552568856,0.24285049999980401
3364.9685685911013,3496.982379502119,0.24711310000020603
3364.9685685911013,3544.006882944915,0.24972640000032698
3364.9685685911013,3502.2199073093225,0.2527140000001964
3364.9685685911013,3505.946717425848,0.255462200000693
3364.9685685911013,3502.6771014300853,0.25824090000060096
3364.9685685911013,3508.602179555084,0.2618391000005431
3364.9685685911013,3526.8994518008485,0.26532120000047144
3364.9685685911013,3523.9642028601706,0.2681971000001795
3364.9685685911013,3519.5585963983062,0.27083420000053593
3364.9685685911013,3526.2047934322045,0.2740521000005174
3364.9685685911013,3539.0655958686443,0.27826590000040596
3364.9685685911013,3491.0523742055093,0.28093540000008943
3364.9685685911013,3522.038203124999,0.2850471000001562
3364.9685685911013,3505.209500794492,0.2882245000000694
3364.9685685911013,3532.524190942797,0.29085980000036216
3364.9685685911013,3492.6360606461863,0.29597840000042197
3364.9685685911013,3496.4501390360165,0.3015977000004568
3364.9685685911013,3528.1579422669497,0.3051654000000781
3364.9685685911013,3524.2067121292366,0.30778620000000956
3364.9685685911013,3475.932382150426,0.31224999999994907
3364.9685685911013,3514.3784560381355,0.3149640999999974
3364.9685685911013,3491.0112314618646,0.32023670000035054
3364.9685685911013,3500.2998940677967,0.3229028000005201
3364.9685685911013,3498.838303760593,0.3277398999998695
3364.9685685911013,3498.4933567266953,0.333321099999921
3364.9685685911013,3520.6912619173736,0.3387625000004846
3364.9685685911013,3503.9419359110175,0.34432730000025913
3364.9685685911013,3509.5842743644084,0.350464699999975
3364.9685685911013,3492.868377913137,0.3557594000003519
3364.9685685911013,3479.1953972457645,0.3587580000003072
3364.9685685911013,3483.7650172139834,0.36322629999995115
3364.9685685911013,3476.95174523305,0.3658826999999292
3364.9685685911013,3473.911104343221,0.369165800000701
3364.9685685911013,3458.4309375,0.37172710000049847
3364.9685685911013,3512.231247351694,0.3742805000001681
3364.9685685911013,3499.984985434323,0.3778756000001522
3364.9685685911013,3501.1859229343227,0.38088840000000346
3364.9685685911013,3493.7577356991533,0.38358250000055705
3364.9685685911013,3508.7140214512724,0.3867915999999241
3364.9685685911013,3534.125728283899,0.38938080000025366
3364.9685685911013,3493.800712394068,0.39310110000042187
3364.9685685911013,3526.4069398834754,0.3972462000001542
3364.9685685911013,3519.5755892478815,0.40070449999984703
3364.9685685911013,3479.883895656779,0.4035180000000764
3364.9685685911013,3491.2409110169506,0.40626500000053056
3355.7188042902535,3482.739894067797,0.4113785999998072
3344.479921875,3458.825907044493,0.4145256000001609
3344.479921875,3489.4054369703395,0.41729709999981424
3344.479921875,3464.406708156781,0.4210683000001154
3344.479921875,3462.2795286016953,0.4243937000001097
3344.479921875,3451.174446504238,0.4277151000005688
3344.479921875,3479.631044756357,0.43104810000022553
3344.479921875,3472.059034692797,0.4336566000001767
3344.479921875,3480.5340055614415,0.4387185000005047
3344.479921875,3463.013346133476,0.443326700000398
3344.479921875,3455.7306130826287,0.44691430000057153
3344.479921875,3472.6087301377133,0.45088530000066385
3344.479921875,3468.070883209746,0.45372320000024047
3344.479921875,3460.6085434322044,0.4565619000004517
3344.479921875,3472.1607905190676,0.4602364000002126
3344.479921875,3441.035475370763,0.4629322000000684
3344.479921875,3460.975826271186,0.4657483000000866
3339.7125410487283,3465.1706845868653,0.47003399999994144
3339.7125410487283,3469.718652012713,0.4752195999999458
3339.7125410487283,3467.5418683792377,0.4803324000004068
3339.7125410487283,3447.7604250529675,0.48479260000021895
3339.7125410487283,3483.2675609110174,0.489459700000225
3339.7125410487283,3464.883331567797,0.4939789000000019
3339.7125410487283,3466.1745166843225,0.49821500000052765
3339.7125410487283,3480.4061930614407,0.5007924000001367
3339.7125410487283,3475.0174907309333,0.5033936999998332
3339.7125410487283,3466.0390757415253,0.5062026000005062
3339.7125410487283,3490.780876588984,0.5089247000005344
3339.7125410487283,3467.445713718221,0.5115509000006568
3339.7125410487283,3478.28676509534,0.5141352999999071
3339.7125410487283,3443.1247470868648,0.5170637000001079
3339.7125410487283,3479.5895722987293,0.5198037999998633
3339.7125410487283,3478.591089777543,0.5224212000002808
3339.7125410487283,3451.9640956038133,0.525174600000355
3339.7125410487283,3473.231553230932,0.5284695999998803
3339.7125410487283,3484.321219544492,0.5311283999999432
3339.7125410487283,3451.7675039724577,0.5337104999998701
3339.7125410487283,3485.7616009004246,0.5362855000003037
3339.7125410487283,3471.7880111228815,0.540450299999975
3339.7125410487283,3461.876015625,0.5459113000006255
3339.7125410487283,3505.143494438559,0.552776399999857
3339.7125410487283,3452.2957084216105,0.5582516000004034
3339.7125410487283,3469.9230958686444,0.5675209000000905
3339.7125410487283,3469.93299523305,0.572860799999944
3339.7125410487283,3477.7274523305095,0.5774876000004951
3339.7125410487283,3456.5512632415252,0.5823999000003823
3339.7125410487283,3503.5244398834748,0.5876103999999032
3339.7125410487283,3471.000749470338,0.5928885000002992
3339.7125410487283,3456.5071054025434,0.5982660999998188
3339.7125410487283,3461.7869650423727,0.603558000000703
3339.7125410487283,3470.6560328389833,0.6088330000002316
3339.7125410487283,3480.514846398306,0.614203300000554
3339.7125410487283,3468.4738837394066,0.6198322000000189
3339.7125410487283,3497.1110897775434,0.6250938000002861
3339.7125410487283,3445.210214512713,0.6306806000002325
3339.7125410487283,3461.547151747881,0.6338095000000976
3339.7125410487283,3502.402339777542,0.6380208999999013
3339.7125410487283,3470.4610195974583,0.6444857000005868
3339.7125410487283,3440.420116525424,0.6470717000001969
3339.7125410487283,3453.536612817797,0.649774399999842
3339.7125410487283,3472.5492386122887,0.652558400000089
3339.7125410487283,3483.158310381356,0.6564328000004025
3339.7125410487283,3464.4694557733064,0.6602275000004738
3339.7125410487283,3494.473393802966,0.6629272000000128
3339.7125410487283,3519.316457891948,0.6655248000006395
3339.7125410487283,3460.7900648834743,0.6681572000006781
3339.7125410487283,3470.912311970339,0.6708158999999796
3339.7125410487283,3475.793340836865,0.6762582999999722
3339.7125410487283,3444.9428998940684,0.681965499999933
3339.7125410487283,3486.219757680085,0.6872400000002017
3339.7125410487283,3484.1017200741526,0.6927132000000711
3339.7125410487283,3464.8389420021185,0.6969222000006994
3339.7125410487283,3478.4033739406777,0.7029637000005096
3339.7125410487283,3461.582281514831,0.7102346000001489
3339.7125410487283,3471.1567545021185,0.7160119999998642
3339.7125410487283,3472.1292041843217,0.7211926999998468
3339.7125410487283,3461.2643683792385,0.7263722000006965
3339.7125410487283,3477.053131620763,0.7315611000003628
3339.7125410487283,3472.218091896187,0.7367256000006819
3339.7125410487283,3476.4681091101693,0.7418624000001728
3339.7125410487283,3474.784992055085,0.7470829000003505
3339.7125410487283,3511.0837526483065,0.7522059000002628
3339.7125410487283,3474.8201377118653,0.7575155000004088
3339.7125410487283,3482.677067002119,0.7641670000002705
3339.7125410487283,3489.611538665254,0.7683336000000054
3339.5855177436433,3464.800941472458,0.774148100000275
3339.5855177436433,3447.1842121292366,0.7793900000006033
3339.5855177436433,3478.3906342690675,0.7820110000002387
3319.51781779661,3441.7415836864416,0.785817599999973
3319.51781779661,3440.100577330509,0.7940544000002774
3319.51781779661,3437.7719041313567,0.8012984000006327
3319.51781779661,3436.0247894597464,0.8061310000002777
3319.51781779661,3443.599589512713,0.8119584000005489
3319.51781779661,3426.2710553495763,0.8184233000001768
3319.51781779661,3450.5695153601705,0.8248226000005161
3319.51781779661,3449.722370233051,0.8310138000006191
3319.51781779661,3443.711240730933,0.8362934000006135
3319.51781779661,3462.0693829449165,0.8415239000005386
3319.51781779661,3437.4243352754247,0.8500652000002447
3319.51781779661,3430.067632415255,0.8585192000000461
3319.51781779661,3436.761448622883,0.8664183999999295
3319.51781779661,3439.3672206038136,0.8706860000002052
3319.51781779661,3455.053151483052,0.878827900000033
3319.51781779661,3458.8056024894076,0.8875985000004221
3319.51781779661,3430.5111784957635,0.8955469000002267
3319.51781779661,3471.1919359110175,0.9019003000003067
3319.51781779661,3447.643185911018,0.9069925000003423
3319.51781779661,3442.647649629238,0.912887899999987
3319.51781779661,3442.544319385594,0.9179404000005889
3319.51781779661,3461.2718789724577,0.9229881000001114
3319.51781779661,3436.3624337923734,0.9286812000000282
3319.51781779661,3457.9398291843227,0.9350217999999586
3319.51781779661,3493.1355654131366,0.9446816999998191
3319.51781779661,3474.1789711334754,0.9505964999998469
3319.51781779661,3464.224287605932,0.9560497000002215
3319.51781779661,3466.363687764832,0.9649317000003066
3319.51781779661,3459.280066207628,0.9711240000006001
3319.51781779661,3486.651357256356,0.9795496000006096
3319.51781779661,3466.799238612288,0.9869527999999264
3319.51781779661,3456.137366260593,0.9953114999998434
3319.51781779661,3455.1527727754246,1.0032747000004747
3319.51781779661,3466.853467955509,1.0111188999999285
3319.51781779661,3463.5500609110177,1.0166712999998708
3319.51781779661,3453.3103707627124,1.0221495000005234
3319.51781779661,3437.6857070974575,1.0293104000002131
3319.51781779661,3472.9757229872885,1.0356007999998837
3319.51781779661,3446.839680879238,1.0425026000002617
3319.51781779661,3450.5550238347473,1.0517227000000275
3319.51781779661,3454.960801112288,1.0651526999999987
3319.51781779661,3469.234796080508,1.0722559000005276
3319.51781779661,3463.663746027543,1.0789367000006678
3319.51781779661,3488.7015995762717,1.0818527000001268
3319.51781779661,3450.124147245763,1.08625530000063
3319.51781779661,3453.510287341102,1.0946689000002152
3319.51781779661,3448.1188744703395,1.1001452000000427
3319.51781779661,3460.4687526483053,1.1055271000004723
3319.51781779661,3476.089498146187,1.1114898000005269
3319.51781779661,3448.0556739936437,1.119430800000373
3319.51781779661,3435.5389645127116,1.1258404999998675
3319.51781779661,3440.1890002648315,1.1310864000006404
3319.51781779661,3455.3806779661027,1.1359400000001187
3319.51781779661,3438.670744173729,1.1430487000006906
3319.51781779661,3464.346061970339,1.1469662999998036
3319.51781779661,3482.0864936440685,1.1507766000004267
3319.51781779661,3438.189316737288,1.1533908999999767
3319.51781779661,3458.6034494173728,1.1562994000005347
3319.51781779661,3440.299653072033,1.1597160999999687
3319.51781779661,3457.422241790254,1.162466200000381
3319.51781779661,3463.039793432204,1.1686773000001267
3319.51781779661,3485.2909308792377,1.1762868000005255
3319.51781779661,3436.046422139831,1.180921500000295
3319.51781779661,3432.9345140360174,1.1859970000004978
3319.51781779661,3440.906938559322,1.192428000000291
3319.51781779661,3436.9332468220346,1.1960530000005747
3319.51781779661,3443.3328813559333,1.2036305999999968
3319.51781779661,3444.634303495763,1.210464900000261
3319.51781779661,3425.716002383476,1.2157610000003842
3319.51781779661,3449.1911096398308,1.220944700000473
3319.51781779661,3477.263093220339,1.2263307000002897
3319.51781779661,3432.01409957627,1.2292823000007047
3319.51781779661,3474.2618538135603,1.2319170000000668
3319.51781779661,3429.831130826271,1.234528400000272
3319.51781779661,3443.688339512713,1.2371173000001363
3319.51781779661,3474.288229608051,1.2417248000001564
3319.51781779661,3484.3576046080516,1.2443334999998115
3319.51781779661,3463.41761387712,1.2469166999999288
3319.51781779661,3441.202685381357,1.2494917000003625
3319.51781779661,3434.1027635063574,1.2531450000005862
3319.51781779661,3457.398074682204,1.258565300000555
3319.51781779661,3445.35872881356,1.2631754000003639
3319.51781779661,3438.685899099577,1.268641800000296
3319.51781779661,3455.729141949153,1.2742324000000735
3319.51781779661,3463.750034427967,1.2788268000003882
3319.51781779661,3439.6842796610176,1.2848660999998174
3319.51781779661,3449.5611811440676,1.2903721000002406
3319.51781779661,3464.9388638771197,1.2962009000002581
3319.51781779661,3435.7117452330517,1.3017727000005834
3319.51781779661,3432.443657309323,1.3073475999999573
3319.51781779661,3460.655974576272,1.3128044000004593
3319.51781779661,3459.000993114408,1.318459900000562
3319.51781779661,3466.9184043961864,1.3240019000004395
3319.51781779661,3448.8451602224577,1.3296731000000364
3319.51781779661,3463.363200476695,1.334569100000408
3319.51781779661,3451.357300052966,1.3371905000003608
3319.51781779661,3437.7297629766954,1.3409308000000237
3319.51781779661,3430.7038625529663,1.344375200000286
3319.51781779661,3437.8721345338995,1.3473492000002807
3319.51781779661,3449.737119968222,1.3505769000003056
3319.51781779661,3428.255696504239,1.353163200000381
3319.51781779661,3469.217566207628,1.3575140000002648
3319.51781779661,3424.105895127119,1.3618976000007024
3319.51781779661,3453.535086069916,1.364592700000685
3319.51781779661,3446.1103257415257,1.367207000000235
3319.51781779661,3455.2050979872884,1.3716443000002982
3316.7270656779656,3471.2202833686447,1.3745905000005223
3316.7270656779656,3438.465234375001,1.3785562000002756
3316.7270656779656,3436.6050052966107,1.3835637000001952
3316.7270656779656,3432.2836798199164,1.3883624999998574
3316.7270656779656,3441.5377065677976,1.3937535000004573
3316.7270656779656,3469.54427039195,1.399214000000029
3316.7270656779656,3462.3615638241536,1.401829600000383
3316.7270656779656,3455.1152992584753,1.4044375000003129
3316.7270656779656,3429.691430084746,1.4096272000006138
3316.7270656779656,3453.7218564618643,1.4130927000005613
3316.7270656779656,3423.526679025424,1.4160947000000306
3316.7270656779656,3432.22844279661,1.418635500000164
3316.7270656779656,3447.2166737288135,1.4229973999999856
3316.7270656779656,3440.8740240995767,1.4269184000004316
3316.7270656779656,3441.7245180084747,1.430560599999808
3316.7270656779656,3422.162832362288,1.4331756999999925
3316.7270656779656,3462.8016247351693,1.437590999999884
3316.7270656779656,3448.6758408368637,1.4437042999998084
3316.7270656779656,3444.5295815677964,1.4488031000000774
3316.7270656779656,3437.385038400424,1.4531864000000496
3316.7270656779656,3436.5282521186455,1.455844099999922
3316.7270656779656,3434.681040783899,1.4597698000006858
3316.7270656779656,3435.440496557205,1.4649711000001844
3316.7270656779656,3455.0283381885592,1.4701324000006935
3316.7270656779656,3457.008571239408,1.4753092999999353
3316.7270656779656,3436.2828270656773,1.4804711000006137
3316.7270656779656,3441.8842386122888,1.4856487000006382
3316.7270656779656,3431.1438691737294,1.4908108999998149
3316.7270656779656,3433.1969094279657,1.494638300000588
3316.7270656779656,3427.4342452330498,1.4972051000004285
3316.7270656779656,3447.0435394597453,1.49974900000052
3316.7270656779656,3453.4818988347465,1.502656300000126
3316.7270656779656,3426.7056210275427,1.5054884999999558
3316.7270656779656,3422.255881885594,1.5090540000001056
3316.7270656779656,3441.970565413135,1.5116541000006691
3316.7270656779656,3440.005950741525,1.5142261000000872
3316.7270656779656,3432.6274351165257,1.5168242999998256
3316.7270656779656,3446.8958712923736,1.5194138000006205
3316.7270656779656,3458.1970643538134,1.5219537000002674
3316.7270656779656,3463.786822033899,1.5245976000005612
3316.7270656779656,3451.726763771187,1.52727060000052
3316.7270656779656,3433.7286281779657,1.5299221000004763
3316.7270656779656,3423.646440677967,1.5326522000004843
3310.4594650423724,3441.4256488347455,1.5352462999999261
3310.4594650423724,3474.6958209745767,1.5381093000005421
3310.4594650423724,3442.499225370763,1.540680500000235
3310.4594650423724,3445.723428230932,1.5440927999998166
3310.4594650423724,3436.315973252119,1.5490540000000692
3310.4594650423724,3435.4083527542375,1.5555951000005734
3310.4594650423724,3434.963090572034,1.5593901000002006
3310.4594650423724,3432.7836930614408,1.5622450000000754
3310.4594650423724,3425.78972325212,1.5647976000000199
3310.4594650423724,3459.132029925847,1.567363799999839
3310.4594650423724,3441.579360434322,1.5702050999998391
3310.4594650423724,3442.929226694915,1.5727802999999767
3310.4594650423724,3421.3101218220345,1.5754522000006546
3301.9072457627108,3428.4904025423734,1.578047200000583
3301.9072457627108,3431.4844425317806,1.580615100000614
3301.9072457627108,3424.873244173729,1.583181599999989
3301.9072457627108,3443.6112632415247,1.5858102000001963
3301.9072457627108,3456.3618326271194,1.5883490000005622
3301.9072457627108,3427.400251588983,1.5932573999998567
3301.9072457627108,3429.7414962923726,1.5958387999999104
3301.9072457627108,3429.728983050848,1.598447400000623
3301.9072457627108,3443.000560116526,1.6010034999999334
3301.9072457627108,3418.641234110169,1.6035759000005783
3301.9072457627108,3448.015537605932,1.606198399999812
3299.821626059322,3460.4498795021195,1.6088442999998733
3299.821626059322,3456.252755561441,1.6114576999998462
3299.821626059322,3435.9859096927976,1.614018500000384
3299.821626059322,3438.772719809323,1.616578699999991
3299.821626059322,3433.929132680085,1.6191611000003832
3299.821626059322,3425.1193034957637,1.6217089000001579
3299.821626059322,3428.5890439618643,1.624257899999975
3299.821626059322,3416.9875476694906,1.6267852999999377
3299.821626059322,3441.517480137712,1.629367600000478
3299.821626059322,3431.180597192797,1.6319259000001693
3299.821626059322,3448.0525887182207,1.6344785999999658
3299.821626059322,3444.117427171612,1.6375828000000183
3299.821626059322,3442.710503177967,1.6425543000004836
3299.821626059322,3479.817918432204,1.6468804000005548
3299.821626059322,3431.998264036018,1.6504524000001766
3299.821626059322,3423.357812500001,1.6560960000006162
3299.821626059322,3418.2405402542377,1.6612103000006755
3291.6397828389827,3431.7355270127123,1.6663422999999966
3291.6397828389827,3414.12786414195,1.671613100000286
3291.6397828389827,3448.3390214512715,1.6767742000001817
3291.6397828389827,3436.646720074152,1.6819132999999056
3291.6397828389827,3432.188170021186,1.6870300000000498
3291.6397828389827,3440.864798728814,1.6927314000004117
3291.6397828389827,3437.8733792372886,1.698238400000264
3291.6397828389827,3467.4499337923744,1.7038540000003195
3291.6397828389827,3421.0857838983056,1.7090815000001385
3291.6397828389827,3447.7764168432204,1.7141656000003422
3291.6397828389827,3441.45178628178,1.7192706000005273
3291.6397828389827,3404.909386917373,1.7245874000000185
3291.6397828389827,3430.1774258474575,1.7303038000000015
3291.6397828389827,3439.2489989406786,1.7358085000005303
3291.6397828389827,3424.1704422669495,1.7398147000003519
3291.6397828389827,3464.0387778072027,1.7424238000003243
3291.6397828389827,3416.832470868644,1.7452907000006235
3291.6397828389827,3463.6888996292373,1.7478590000000622
3291.6397828389827,3436.6147748940675,1.7504163000003246
3291.6397828389827,3420.0928707627104,1.753264500000114
3291.6397828389827,3416.1811043432213,1.758334900000591
3291.6397828389827,3439.9968352754245,1.763878000000659
3291.6397828389827,3449.467133209746,1.7686600000006365
3291.6397828389827,3423.0690677966118,1.7712956000004851
3291.6397828389827,3422.708058792373,1.7741370000003371
3291.6397828389827,3440.3651853813567,1.7767484000005425
3291.6397828389827,3430.836632680084,1.779281600000104
3291.6397828389827,3450.596403601696,1.7821444000001065
3291.6397828389827,3442.9340267478815,1.785225100000389
3291.6397828389827,3454.8647126588985,1.7881254000003537
3291.6397828389827,3436.3953932733057,1.790689100000236
3291.6397828389827,3424.2324496822034,1.7932653000007122
3291.6397828389827,3430.539488877118,1.7961395000002085
3291.6397828389827,3422.156170550847,1.7987386000004335
3291.6397828389827,3438.067509269069,1.8013294000002134
3291.6397828389827,3462.2278760593226,1.8041794999999183
3291.6397828389827,3415.926972987289,1.8069310999999288
3291.6397828389827,3444.029231991526,1.8126478000003772
3291.6397828389827,3428.33469809322,1.816387100000611
3291.6397828389827,3436.9913771186434,1.821586400000342
3291.6397828389827,3434.8304210805095,1.825929100000394
3291.6397828389827,3437.013963188559,1.8285427999999229
3291.6397828389827,3424.581949152543,1.8311453000005713
3291.6397828389827,3401.9921014300835,1.8340507000002617
3291.6397828389827,3418.7292213983055,1.8366906000001109
3291.6397828389827,3414.678340836864,1.839501299999938
3291.6397828389827,3462.098461334745,1.8421077000002697
3291.6397828389827,3444.2376853813557,1.8446733999999196
3291.6397828389827,3435.1458037605935,1.8475318000000698
3291.6397828389827,3432.954662341103,1.8501073000006727
3291.6397828389827,3422.9441763771188,1.8527239000004556
3291.6397828389827,3437.2385858050848,1.8556901000001744
3291.6397828389827,3432.3428456038146,1.8583005999998932
3291.6397828389827,3420.767011387712,1.860881900000095
3291.6397828389827,3432.594307468222,1.8637189999999464
3291.6397828389827,3436.8848821504234,1.8663464000001113
3291.6397828389827,3418.7953641419494,1.8691884999998365
3291.6397828389827,3440.8281197033903,1.8718361000001096
3291.6397828389827,3432.2017306673724,1.8744182999998884
3291.6397828389827,3434.2458686440687,1.8774643000006108
3291.6397828389827,3455.889490201271,1.880064100000709
3291.6397828389827,3422.1619200211867,1.882649300000594
3291.6397828389827,3425.2290823622893,1.8855045000000246
3291.6397828389827,3426.042265625001,1.8880915999998251
3291.6397828389827,3410.4437923728815,1.8909614000003785
3291.6397828389827,3437.206232786018,1.8935705000003509
3291.6397828389827,3441.150831567796,1.896435300000121
3291.6397828389827,3436.2811414194916,1.9020842999998422
3291.6397828389827,3414.0046980932207,1.906980000000658
3291.6397828389827,3445.452496027541,1.9095956000001024
3291.6397828389827,3448.814800052967,1.9121587999998155
3291.6397828389827,3445.600394597457,1.9150637000002462
3291.6397828389827,3414.011185116526,1.9188533000005918
3291.6397828389827,3422.160961334747,1.921758399999817
3291.6397828389827,3433.00257282839,1.9243311000000176
3291.6397828389827,3436.4469663665254,1.926914200000283
3291.6397828389827,3440.134095603814,1.9297998000001826
3291.6397828389827,3428.4852025953396,1.9323995000004288
3291.6397828389827,3442.104126059322,1.9352818000006664
3291.6397828389827,3433.173655985171,1.938371900000675
3291.6397828389827,3442.4137632415254,1.9410882000001948
3291.6397828389827,3427.2324801377126,1.9439483000005566
3291.6397828389827,3460.598703654662,1.9465589999999793
3291.6397828389827,3433.0700039724575,1.9492762999998376
3291.6397828389827,3436.8297219279666,1.9520419999998921
3291.6397828389827,3428.254429290255,1.9545931000002383
3291.6397828389827,3458.931445974576,1.9578239000002213
3291.6397828389827,3430.440397245763,1.9606186999999409
3291.6397828389827,3437.015320444916,1.9632388999998511
3291.6397828389827,3433.469834480933,1.9659073000002536
3291.6397828389827,3429.9994915254247,1.9686400999999023
3291.6397828389827,3429.792248411017,1.9729223000003913
3291.6397828389827,3427.224600105933,1.975538200000301
3291.6397828389827,3414.073134269068,1.9796065000000453
3291.6397828389827,3447.8525913665267,1.9822987000006833
3291.6397828389827,3409.7598463983045,1.9848455999999715
3291.6397828389827,3430.541941207626,1.9877600999998322
3291.6397828389827,3420.679957627119,1.9915123000000676
3291.6397828389827,3444.3553522245766,1.9971681000006356
3291.6397828389827,3448.923254766949,1.9998123000004853
3291.6397828389827,3461.619586864408,2.0026723000000857
3291.6397828389827,3450.0843948622887,2.0052628000003097
3291.6397828389827,3447.373711599577,2.008429299999989
3291.6397828389827,3431.6346954449155,2.0116250000000946
3291.6397828389827,3406.717995233051,2.014291000000412
3291.6397828389827,3443.2865479343222,2.0171874000006937
3291.6397828389827,3426.7347325211867,2.019837499999994
3291.6397828389827,3452.476092425848,2.022399100000257
3291.6397828389827,3428.1420391949164,2.0252500000005966
3291.6397828389827,3458.5015439618646,2.0281226000006427
3291.6397828389827,3445.4632070974585,2.0315209000000323
3291.6397828389827,3446.6474112817796,2.0344389000001684
3291.6397828389827,3418.690467425848,2.0370057999998608
3291.6397828389827,3453.546226165254,2.0399003000002267
3291.6397828389827,3420.0250013241534,2.0424787000001743
3291.6397828389827,3426.7012539724587,2.0453864000000976
3291.6397828389827,3417.7624099576287,2.0479988000006415
3291.6397828389827,3423.8487380826273,2.0506350000005114
3291.6397828389827,3447.563693061441,2.0535328000005393
3291.6397828389827,3435.8230349576274,2.0561163000002125
3291.6397828389827,3435.9098212394074,2.05870540000069
3291.6397828389827,3438.165918961866,2.0616108000003806
3291.6397828389827,3448.2510844809326,2.0642140999998446
3291.6397828389827,3418.051761122881,2.06685379999999
3291.6397828389827,3436.280289989408,2.070021999999881
3291.6397828389827,3425.8604316737296,2.0728235000005952
3291.6397828389827,3429.4891207627124,2.0756828000003225
3291.6397828389827,3412.5994253177973,2.0782294999999067
3291.6397828389827,3431.0552608580506,2.0808362000007037
3291.6397828389827,3421.6091260593216,2.0837663000002067
3291.6397828389827,3440.014418697034,2.086374700000306
3291.6397828389827,3417.7441181144072,2.089333400000214
3291.6397828389827,3442.0802648305093,2.092635599999994
3291.6397828389827,3446.3833461334743,2.095205700000406
3291.6397828389827,3449.8491869703385,2.097772800000712
3291.6397828389827,3459.181022245763,2.1003490000002785
3291.6397828389827,3449.1007574152536,2.102918900000077
3291.6397828389827,3438.2291829978826,2.105498500000067
3291.6397828389827,3469.656508209747,2.1080305000004955
3291.6397828389827,3441.194389565678,2.111724100000174
3291.6397828389827,3405.135192002119,2.1142958000000363
3291.6397828389827,3451.0765611758484,2.1169015000004947
3291.6397828389827,3427.950873940679,2.1194781000003786
3291.6397828389827,3465.378491790255,2.1220963000005213
3291.6397828389827,3422.78976032839,2.124673000000257
3291.6397828389827,3439.010226430086,2.1272515999999086
3291.6397828389827,3435.761419491526,2.130861300000106
3291.6397828389827,3446.588530190679,2.1362981000002037
3291.6397828389827,3443.538748675848,2.141930200000388
3291.6397828389827,3464.1250635593233,2.1472861000002013
3291.6397828389827,3453.036240730932,2.1526951000005283
3291.6397828389827,3463.0344028072036,2.159708099999989
3291.6397828389827,3447.888655985169,2.16501210000024
3291.6397828389827,3427.8270696504246,2.1688285999998698
3291.6397828389827,3426.6639989406785,2.1721496000000116
3291.6397828389827,3431.213677171611,2.1753458000002865
3291.6397828389827,3449.135786546611,2.17860440000004
3291.6397828389827,3447.657997881356,2.1834787000007054
3291.6397828389827,3424.46859904661,2.1861282999998366
3291.6397828389827,3416.7906488347467,2.190384200000153
3291.6397828389827,3453.7052899894074,2.193582700000661
3291.6397828389827,3409.354005561441,2.196634100000665
3291.6397828389827,3419.1032176906783,2.1993688000002294
3291.6397828389827,3437.4907004766947,2.2020737000002555
3291.6397828389827,3409.1219729872882,2.2057733000001463
3291.6397828389827,3440.338246822034,2.2086127000002307
3291.6397828389827,3453.562693326271,2.2119917999998506
3291.6397828389827,3460.335918961866,2.2146309999998266
3291.6397828389827,3443.955455508475,2.2172350999999253
3291.6397828389827,3455.123106461865,2.219805499999893
3291.6397828389827,3421.8484666313566,2.2223675000004732
3291.6397828389827,3419.621835275423,2.2261229000005187
3291.6397828389827,3441.37895259534,2.231271800000286
3291.6397828389827,3422.4947987288133,2.234661899999992
3291.6397828389827,3434.6366393008484,2.2372825000002194
3291.6397828389827,3431.749123411017,2.2398755000003803
3291.6397828389827,3422.0081726694916,2.2424251000002187
3291.6397828389827,3421.6028111758487,2.245366799999829
3291.6397828389827,3432.4968802966105,2.2479542000000947
3291.6397828389827,3454.175289989407,2.2521769000004497
3291.6397828389827,3427.7392862817796,2.2565457999999126
3291.6397828389827,3450.83576536017,2.260693700000047
3291.6397828389827,3446.0906051377115,2.2658535000000484
3291.6397828389827,3423.411400953389,2.270971100000679
3291.6397828389827,3440.1798742055093,2.2755944000000454
3291.6397828389827,3435.2199761652546,2.2786337000006824
3291.6397828389827,3417.3016167902542,2.281264100000044
3291.6397828389827,3441.719212129238,2.284048100000291
3291.6397828389827,3442.7384613347463,2.2892382999998517
3291.6397828389827,3427.559242584747,2.294433900000513
3291.6397828389827,3414.1249814618645,2.298870900000111
3291.6397828389827,3413.3952727754236,2.301499799999874
3291.6397828389827,3440.8344120762713,2.304091900000458
3291.6397828389827,3419.4658792372875,2.306700799999817
3291.6397828389827,3475.885764036017,2.3101416999998037
3291.6397828389827,3425.108049523305,2.312988100000439
3291.6397828389827,3435.868000529662,2.315611400000307
3291.6397828389827,3441.116747881356,2.3182158999998137
3291.6397828389827,3463.989528601695,2.320764500000223
3291.6397828389827,3422.2391962394067,2.3233506000005946
3291.6397828389827,3437.482326536018,2.3269120000004477
3291.6397828389827,3439.9998172669502,2.3295478000000003
3291.6397828389827,3432.3899668961867,2.3322195000000647
3291.6397828389827,3462.538184586864,2.3348574999999983
3291.6397828389827,3468.7195683262703,2.337441200000285
3291.6397828389827,3431.0535513771197,2.340044399999897
3291.6397828389827,3427.9544835805086,2.3426219000002675
3291.6397828389827,3441.1729594809326,2.3452870000000985
3291.6397828389827,3448.7506832627128,2.347910200000115
3291.6397828389827,3434.20895789195,2.350498400000106
3291.6397828389827,3422.829002913136,2.353057600000284
3291.6397828389827,3451.6232759533896,2.355637700000443
3291.6397828389827,3418.5273384533907,2.3582170999998198
3291.6397828389827,3434.1636573093224,2.3608328000000256
3291.6397828389827,3433.022975370763,2.3634337000003143
3291.6397828389827,3451.629849046611,2.3673053000002255
3291.6397828389827,3473.078233580509,2.369951499999843
3291.6397828389827,3433.8540730932214,2.372584000000643
3291.6397828389827,3417.588767213984,2.375163700000485
3291.6397828389827,3416.4799748411015,2.3780329999999594
3291.6397828389827,3425.6428787076284,2.3806291000000783
3291.6397828389827,3418.03450476695,2.3832351999999446
3291.6397828389827,3434.845858050848,2.3858217000006334
3291.6397828389827,3433.3272457627118,2.388418100000308
3291.6397828389827,3426.9988042902546,2.3909957000005306
3291.6397828389827,3414.027548993645,2.393550000000687
3291.6397828389827,3420.1595140360178,2.396659600000021
3291.6397828389827,3453.1519213453394,2.402130500000567
3291.6397828389827,3417.899047934323,2.4083159000001615
3291.6397828389827,3429.030231726695,2.414141400000517
3291.6397828389827,3427.5338095868656,2.419346200000291
3291.6397828389827,3448.06678628178,2.4245472000002337
3291.6397828389827,3415.760610434322,2.4297458999999435
3291.6397828389827,3446.62238479873,2.4349192999998195
3291.6397828389827,3433.059936440679,2.440218000000641
3291.6397828389827,3432.7775715042376,2.44568690000051
3291.6397828389827,3420.75282838983,2.449501400000372
3291.6397828389827,3442.820304555086,2.452131900000495
3291.6397828389827,3445.316084480933,2.454764900000555
3291.6397828389827,3426.330819650424,2.457371100000273
3291.6397828389827,3438.5384520656794,2.4599686999999903
3291.6397828389827,3435.934398834747,2.462523300000612
3291.6397828389827,3447.7039155190673,2.46507819999988
3291.6397828389827,3450.546389036018,2.4686630000005607
3291.6397828389827,3417.6946782309337,2.47136060000048
3291.6397828389827,3428.838429555085,2.4739024000000427
3291.6397828389827,3445.1674152542378,2.4764865000006466
3291.6397828389827,3427.324570974577,2.479035400000612
3291.6397828389827,3449.1888493114416,2.4816368000001603
3291.6397828389827,3428.510426377119,2.484195600000021
3291.6397828389827,3430.8108911546606,2.486774200000582
3291.6397828389827,3444.530373411017,2.490673600000264
3291.6397828389827,3423.0414684851694,2.493249900000592
3291.6397828389827,3434.1664088983066,2.4958157999999457
3291.6397828389827,3433.6413453389823,2.4983806999998706
3291.6397828389827,3440.3749417372887,2.5009340000005977
3291.6397828389827,3458.567909163136,2.5034475000002203
3291.6397828389827,3431.036105667373,2.5060151000006954
3291.6397828389827,3435.611260593221,2.508955300000707
3291.6397828389827,3427.836512182204,2.511526899999808
3291.6397828389827,3407.4080865995766,2.514106300000094
3291.6397828389827,3425.6277131885595,2.516673900000569
3291.6397828389827,3437.7337261652556,2.519224900000154
3291.6397828389827,3428.3446385063567,2.5217787999999928
3291.6397828389827,3456.86756753178,2.5243481000006796
3291.6397828389827,3431.5593405720338,2.5268884000006437
3291.6397828389827,3432.1646729343224,2.530091500000708
3291.6397828389827,3432.0406170550846,2.5326959000003626
3291.6397828389827,3466.484871557204,2.535302799999954
3291.6397828389827,3404.0971438029665,2.5378430000000662
3291.6397828389827,3433.835925582627,2.540444400000524
3291.6397828389827,3418.4375675317797,2.54296179999983
3291.6397828389827,3461.7467213983036,2.5455603999998857
3291.6397828389827,3453.643209745764,2.5485060999999405
3291.6397828389827,3422.2608951271186,2.5536832000007053
3291.6397828389827,3439.795440942797,2.5588556000002427
3291.6397828389827,3426.5285262182197,2.563989500000389
3291.6397828389827,3434.4885182733055,2.5691907000000356
3291.6397828389827,3448.598089247882,2.574345600000015
3291.6397828389827,3441.4564049258474,2.5778158000002804
3291.6397828389827,3434.610891154661,2.580952199999956
3291.6397828389827,3471.7074682203393,2.585380299999997
3291.6397828389827,3425.2200145656784,2.588272099999813
3291.6397828389827,3439.8874139300847,2.5913820000005217
3291.6397828389827,3432.0586136122884,2.59516320000057
3291.6397828389827,3429.9470683262716,2.598032900000362
3291.6397828389827,3443.5802952860176,2.600695099999939
3291.6397828389827,3446.7561109639837,2.603334100000211
3291.6397828389827,3425.4157971398304,2.6061505000006946
3291.6397828389827,3475.62181276483,2.609917700000551
3291.6397828389827,3427.854777542373,2.613191100000222
3291.6397828389827,3435.5241803495774,2.615978100000575
3291.6397828389827,3465.9619081038145,2.6187725999998293
3291.6397828389827,3434.3419862288147,2.6223479000000225
3291.6397828389827,3449.394250529661,2.6260416000004625
3291.6397828389827,3424.110340307203,2.6299182000002475
3291.6397828389827,3456.045120497882,2.6326278000005914
3291.6397828389827,3435.163209745763,2.6354762999999366
3291.6397828389827,3419.388448093221,2.63815810000051
3291.6397828389827,3411.1700556144065,2.6407512000005227
3291.6397828389827,3464.7162632415257,2.6443632999998954
3291.6397828389827,3437.331871027543,2.647278400000687
3291.6397828389827,3417.9532547669496,2.6501134999998612
3291.6397828389827,3442.204557733052,2.652763500000219
3291.6397828389827,3435.40866128178,2.655347300000358
3291.6397828389827,3432.059173728814,2.6587782000005973
3291.6397828389827,3431.620387976696,2.661525200000142
3291.6397828389827,3446.327208686441,2.664831800000684
3291.6397828389827,3432.160030455509,2.667467000000215
3291.6397828389827,3416.5652754237294,2.670015499999863
3291.6397828389827,3458.430181408898,2.672855000000709
3291.6397828389827,3440.5428800317804,2.6768300000003364
3291.6397828389827,3440.9003151483057,2.6806863000001613
3291.6397828389827,3447.89490598517,2.683347500000309
3291.6397828389827,3431.9192558262716,2.6866735000003246
3291.6397828389827,3421.781792902543,2.6893207000002803
3291.6397828389827,3428.1039843749995,2.6933304000003773
3291.6397828389827,3440.5485778601696,2.695935200000349
3291.6397828389827,3420.9327489406783,2.6985414999999193
3291.6397828389827,3412.6109732521186,2.7017663000005996
3291.6397828389827,3424.7352489406785,2.704409100000703
3291.6397828389827,3416.038340836864,2.707010799999807
3291.6397828389827,3425.357625794492,2.7112262999999075
3291.6397828389827,3421.115961334746,2.713886999999886
3291.6397828389827,3441.309482256356,2.716582300000482
3291.6397828389827,3448.001746557204,2.7191600000005565
3291.6397828389827,3442.9808011122886,2.72258039999997
3291.6397828389827,3408.712766154659,2.7267688000001726
3291.6397828389827,3455.491959745763,2.7294165000002977
3291.6397828389827,3435.129887447035,2.7325791000002937
3291.6397828389827,3437.096047404661,2.735206299999845
3291.6397828389827,3437.0467584745766,2.7377856000002794
3291.6397828389827,3444.6621451271203,2.7403342000006887
3291.6397828389827,3476.424269067797,2.74375930000042
3291.6397828389827,3434.859127383475,2.746785500000442
3291.6397828389827,3414.3755865995768,2.7493646000002627
3291.6397828389827,3429.2267134533895,2.752650899999935
3291.6397828389827,3422.568450741526,2.7552347999999256
3291.6397828389827,3450.6033752648323,2.757885300000453
3291.6397828389827,3421.3965823622893,2.762408000000505
3291.6397828389827,3428.623764565678,2.7650133000006463
3291.6397828389827,3454.108595074152,2.7680442999999286
3291.6397828389827,3441.1904846398315,2.7708106999998563
3291.6397828389827,3411.76686440678,2.7736126999998305
3291.6397828389827,3442.232206038136,2.7762744999999995
3291.6397828389827,3448.6886016949165,2.7792396000004373
3291.6397828389827,3454.519777542374,2.7820741000005
3291.6397828389827,3438.6426271186438,2.785752499999944
3291.6397828389827,3459.550150953391,2.7886105000006864
3291.6397828389827,3420.344066472457,2.791339600000356
3291.6397828389827,3427.1457388771196,2.794021800000337
3291.6397828389827,3427.705496557204,2.7968494000006103
3291.6397828389827,3412.0543313029666,2.7995578999998543
3291.6397828389827,3438.419815942796,2.80249140000069
3291.6397828389827,3457.2946345338983,2.805320500000562
3291.6397828389827,3450.961725370764,2.807937100000345
3291.6397828389827,3406.788289194915,2.810812000000624
3291.6397828389827,3451.8147086864415,2.81343250000009
3291.6397828389827,3424.8729250529673,2.8160665000004883
3291.6397828389827,3426.919307468221,2.8189773000003697
3291.6397828389827,3438.2529992055083,2.8215925000004063
3291.6397828389827,3451.0196451271186,2.8242574000005334
3291.6397828389827,3413.0381038135592,2.827120800000557
3291.6397828389827,3428.3862288135592,2.829686600000059
3291.6397828389827,3425.881610169492,2.832586000000447
3291.6397828389827,3418.514565677967,2.835160500000711
3291.6397828389827,3445.375005296611,2.83771760000036
3291.6397828389827,3498.6461573093225,2.840570899999875
3291.6397828389827,3459.628834745764,2.8432097000004433
3291.6397828389827,3461.904214777542,2.845839000000524
3291.6397828389827,3431.763261387713,2.848680400000376
3291.6397828389827,3450.923592425848,2.8512556000005134
3291.6397828389827,3431.4661295021187,2.853802900000119
3291.6397828389827,3439.9121954449156,2.856694800000696
3291.6397828389827,3417.192609904661,2.859280100000433
3291.6397828389827,3421.016792902543,2.862127000000328
3291.6397828389827,3432.0864618644073,2.8658912000000782
3291.6397828389827,3435.9682693326276,2.8684942999998384
3291.6397828389827,3437.1776072563566,2.8713889999999083
3291.6397828389827,3442.2829025423716,2.8739516000005096
3291.6397828389827,3459.2761493644066,2.8768261000004713
3291.6397828389827,3413.801840572034,2.8794237000001885
3291.6397828389827,3428.524487552967,2.8819772000006196
3291.6397828389827,3425.7343538135597,2.8856485000005705
3291.6397828389827,3467.337032574153,2.8882284999999683
3291.6397828389827,3437.0056673728814,2.890931400000227
3291.6397828389827,3412.241419491525,2.8936377999998513
3291.6397828389827,3420.354103548729,2.8962148000000525
3291.6397828389827,3456.547049788137,2.8990701000002446
3291.6397828389827,3451.302096133475,2.90165640000032
3291.6397828389827,3447.9396782309313,2.9051877000001696
3291.6397828389827,3421.8212168961863,2.9081166000005396
3291.6397828389827,3448.815930879238,2.910660999999891
3291.6397828389827,3444.5883686440684,2.913521600000422
3291.6397828389827,3431.8884533898304,2.91617480000059
3291.6397828389827,3418.6934242584757,2.9187626000002638
3291.6397828389827,3433.7167306673737,2.92162720000033
3291.6397828389827,3438.5660275423734,2.9249408000005133
3291.6397828389827,3429.5027277542376,2.9282028000006903
3291.6397828389827,3449.2386996822042,2.930770800000573
3291.6397828389827,3430.6011162605937,2.9333432000003086
3291.6397828389827,3434.2706183792375,2.936220000000503
3291.6397828389827,3469.5273384533907,2.938782500000343
3291.6397828389827,3427.5963704978803,2.9413063000001785
3291.6397828389827,3456.504308792373,2.9445513000000574
3291.6397828389827,3432.3031435381354,2.9479635000006965
3291.6397828389827,3425.0321239406776,2.950815700000021
3291.6397828389827,3428.865054290254,2.9534106999999494
3291.6397828389827,3449.9581355932214,2.9560332000000926
3291.6397828389827,3441.2702661546605,2.958903600000667
3291.6397828389827,3430.176608845339,2.9615105000002586
3291.6397828389827,3427.5706686970343,2.9640845000003537
3291.6397828389827,3424.419341896187,2.966764200000398
3291.6397828389827,3438.6510950741526,2.9693510000006427
3291.6397828389827,3433.3131435381356,2.9721975000002203
3291.6397828389827,3424.5900754766944,2.9748484000001554
3291.6397828389827,3421.7197921080515,2.9774476000002323
3291.6397828389827,3435.1121782309324,2.9803141000002142
3291.6397828389827,3431.2949814618655,2.9828741999999693
3291.6397828389827,3424.3348000529677,2.9857043000001795
3291.6397828389827,3418.5971001059324,2.990360000000692
3291.6397828389827,3428.0584560381362,2.995637699999861
3291.6397828389827,3438.900844809323,2.998228200000085
3291.6397828389827,3432.697566207629,3.000809300000583
3291.6397828389827,3433.872461599576,3.0033855000001495
3291.6397828389827,3432.975431673729,3.007100900000296
3291.6397828389827,3411.6046265889836,3.009683600000244
3291.6397828389827,3441.64014565678,3.012217500000588
3291.6397828389827,3443.4997669491536,3.0147666000002573
3291.6397828389827,3439.841246027543,3.0189018000000942
3291.6397828389827,3415.0096769067804,3.024464600000101
3291.6397828389827,3421.2745259533913,3.0299916000003577
3291.6397828389827,3431.370370762712,3.0355337000000873
3291.6397828389827,3470.6840439618654,3.041021600000022
3291.6397828389827,3443.5246517478813,3.0435904000005394
3291.6397828389827,3417.714748411017,3.0478123000002597
3291.6397828389827,3433.664304819916,3.0533571000005395
3291.6397828389827,3420.614299523306,3.058941500000401
3291.6397828389827,3443.356461864408,3.0643848999998227
3291.6397828389827,3417.1537168961872,3.068873100000019
3291.6397828389827,3435.0531064618654,3.0714687999998205
3291.6397828389827,3422.520701800848,3.0740190000005896
3291.6397828389827,3434.3119200211872,3.078768100000161
3291.6397828389827,3447.7838930084754,3.0842280000006213
3291.6397828389827,3449.1527277542377,3.0898770000003424
3291.6397828389827,3444.5151840572034,3.095449500000541
3291.6397828389827,3416.6344650423734,3.099228099999891
3291.6397828389827,3451.0132693326273,3.1018053000007058
3291.6397828389827,3469.298791048729,3.104395299999851
3291.6397828389827,3429.3005640889824,3.1090911000001142
3291.6397828389827,3422.8268299788137,3.1145965000005162
3291.6397828389827,3451.221191737289,3.1202014000000418
3291.6397828389827,3434.780237023306,3.1257556999998997
3291.6397828389827,3433.612856197034,3.129485100000238
3291.6397828389827,3430.3059269067808,3.1330830000006245
3291.6397828389827,3437.154026747882,3.138274900000397
3291.6397828389827,3456.066110963983,3.1446043000005375
3291.6397828389827,3455.238501059322,3.1488112000006367
3291.6397828389827,3416.3820286016958,3.1526455000002898
3291.6397828389827,3415.5625648834753,3.1582501000002594
3291.6397828389827,3427.858226959747,3.163464700000077
3291.6397828389827,3455.444157838984,3.166077700000642
3291.6397828389827,3442.6632322563564,3.1687072000004264
3291.6397828389827,3428.5439194915252,3.1713158000002295
3291.6397828389827,3452.700762711864,3.174037600000702
3291.6397828389827,3427.5721292372878,3.1766765000002124
3291.6397828389827,3420.248869173729,3.1793334000003597
3291.6397828389827,3419.109367055084,3.1818718000004083
3291.6397828389827,3415.458064088983,3.1844694999999774
3291.6397828389827,3415.9900238347464,3.1871547999999166
3291.6397828389827,3429.406212923728,3.189740800000436
3291.6397828389827,3423.1517690677965,3.193175600000359
3291.6397828389827,3434.4637460275426,3.1957963000004384
3291.6397828389827,3452.4302873411016,3.1983424000000014
3291.6397828389827,3421.370937500001,3.200909000000138
3291.6397828389827,3452.4994478283897,3.203504800000701
3291.6397828389827,3429.5873980402553,3.206088200000522
3291.6397828389827,3445.149740466102,3.208678800000598
3291.6397828389827,3452.1285527012715,3.2112369000005856
3291.6397828389827,3417.1873715572046,3.2146999000005962
3291.6397828389827,3414.798866525424,3.2200847000003705
3291.6397828389827,3420.6110381355934,3.2256814000002123
3291.6397828389827,3431.703387182204,3.2283014000004187
3291.6397828389827,3434.1352635063568,3.2308951000004527
3291.6397828389827,3435.8236030190683,3.2334545000003345
3291.6397828389827,3440.4258686440685,3.2360600000001796
3291.6397828389827,3447.5282984639844,3.238671900000554
3291.6397828389827,3443.859541843221,3.2412724000005255
3291.6397828389827,3446.62280720339,3.2443049000003157
3291.6397828389827,3432.8565174788146,3.247005799999897
3291.6397828389827,3431.845658103814,3.2495655000002444
3291.6397828389827,3402.9139314088984,3.2521024000006946
3291.6397828389827,3438.7089804025427,3.2547049000004336
3291.6397828389827,3422.5245272775433,3.2572776000006343
3291.6397828389827,3434.7086215572035,3.2599402000005284
3291.6397828389827,3420.9668591101704,3.2625300999998217
3291.6397828389827,3450.058393802966,3.265124900000046
3291.6397828389827,3425.2855455508475,3.267717600000651
3291.6397828389827,3433.124785487288,3.270333700000265
3291.6397828389827,3439.4835394597458,3.272893700000168
3291.6397828389827,3416.893444120762,3.275539799999933
3291.6397828389827,3450.274993379238,3.278118400000494
3291.6397828389827,3442.264547139831,3.2806869000005463
3291.6397828389827,3417.129574947034,3.283241000000089
3291.6397828389827,3434.1863506355935,3.2857818000002226
3291.6397828389827,3425.324928495763,3.2883292000005895
3291.6397828389827,3441.5996888241525,3.291718000000401
3291.6397828389827,3444.1743048199155,3.2981929000006858
3291.6397828389827,3411.9427886652534,3.303856100000303
3291.6397828389827,3438.5108236228803,3.3095327000000907
3291.6397828389827,3427.531863082627,3.314689300000282
3291.6397828389827,3441.3904581567804,3.319799200000489
3291.6397828389827,3417.7813215042383,3.325521800000388
3291.6397828389827,3458.561235434322,3.3305350999999064
3291.6397828389827,3435.4584507415266,3.3357824000004257
3291.6397828389827,3439.288438824153,3.338386000000355
3291.6397828389827,3443.6920007944923,3.341278500000044
3291.6397828389827,3434.38163532839,3.346673200000623
3291.6397828389827,3444.4334878177965,3.352218200000607
3291.6397828389827,3414.1242280190686,3.3573513000001185
3291.6397828389827,3443.9501059322038,3.363199400000667
3291.6397828389827,3428.542850900424,3.368777200000295
3291.6397828389827,3447.7058818855935,3.3742161000000124
3291.6397828389827,3436.713719544492,3.3799237000002904
3291.6397828389827,3429.1270153601704,3.385483000000022
3291.6397828389827,3436.2906753177967,3.3911826000003202
3291.6397828389827,3436.659299523305,3.3968112000002293
3291.6397828389827,3466.565663400424,3.400163799999973
3291.6397828389827,3433.318695709746,3.4027851999999257
3291.6397828389827,3439.200552171611,3.4053235000001223
3291.6397828389827,3437.5656422139828,3.4078896000000896
3291.6397828389827,3427.1967240466106,3.4116196000004493
3291.6397828389827,3436.4279793432206,3.414202699999805
3291.6397828389827,3433.8775569385602,3.4167929000004733
3291.6397828389827,3428.04414592161,3.4193749000005482
3291.6397828389827,3452.555912341103,3.421934200000578
3291.6397828389827,3436.420205243645,3.4245159000001877
3291.6397828389827,3426.3434149894083,3.4294980000004216
3291.6397828389827,3414.2158130296616,3.4375914000002012
3291.6397828389827,3483.8420948093217,3.4425694999999905
3291.6397828389827,3412.1884427966097,3.4451661000002787
3291.6397828389827,3472.8907878707637,3.44971760000044
3291.6397828389827,3460.4093220338996,3.4555544000004375
3291.6397828389827,3431.913003177967,3.4604297000005317
3291.6397828389827,3418.615971927966,3.465700800000377
3291.6397828389827,3443.4110963983053,3.4704151000005368
3291.6397828389827,3434.540467425848,3.476107299999967
3291.6397828389827,3470.481828654661,3.4812494000007064
3291.6397828389827,3448.4613254766955,3.486840800000209
3291.6397828389827,3436.1536679025426,3.492591600000196
3291.6397828389827,3463.4969928495775,3.4981639000006908
3291.6397828389827,3431.2991419491536,3.503668500000458
3291.6397828389827,3425.650777277542,3.509463400000641
3291.6397828389827,3441.645818326271,3.515033300000141
3291.6397828389827,3408.8606144067808,3.519067900000664
3291.6397828389827,3439.836965042374,3.521614600000248
3291.6397828389827,3434.4765876588995,3.5241562999999587
3291.6397828389827,3442.5567452330515,3.528007300000354
3291.6397828389827,3429.285333686442,3.533783900000344
3291.6397828389827,3407.253126324153,3.539454400000068
3291.6397828389827,3439.0779091631366,3.5449364000005517
3291.6397828389827,3447.24826006356,3.549411400000281
3291.6397828389827,3435.384184322035,3.552004900000611
3291.6397828389827,3439.563632150425,3.5550555999998323
3291.6397828389827,3476.3139817266947,3.5592074000005596
3291.6397828389827,3462.3870246292377,3.5621485000001485
3291.6397828389827,3411.3971106991526,3.5650806000003286
3291.6397828389827,3440.9730839512713,3.5680191000001287
3291.6397828389827,3427.2691141419486,3.570964399999866
3291.6397828389827,3428.0310818326284,3.573893400000088
3291.6397828389827,3450.873277277542,3.5767617999999857
3291.6397828389827,3424.8077582097476,3.5793423000004623
3291.6397828389827,3444.4925317796606,3.5818755999998757
3291.6397828389827,3440.3029661016944,3.5844735000000583
3291.6397828389827,3433.0466459216104,3.587074300000495
3291.6397828389827,3422.955296610169,3.5896585999998933
3291.6397828389827,3432.08637976695,3.5922340000006443
3291.6397828389827,3447.0294094279666,3.5947931999999128
3291.6397828389827,3425.4623781779665,3.599835200000598
3291.6397828389827,3436.6045100635592,3.60496349999994
3291.6397828389827,3412.323130296609,3.610102100000404
3291.6397828389827,3446.110700476695,3.615224600000147
3291.6397828389827,3420.495615730932,3.620368800000506
3291.6397828389827,3432.4727767478826,3.62543259999984
3291.6397828389827,3438.3669968220343,3.6293415999998615
3291.6397828389827,3422.911201006357,3.632229200000438
3291.6397828389827,3467.602486758475,3.635181999999986
3291.6397828389827,3454.004439883475,3.638921000000664
3291.6397828389827,3449.857093485171,3.6415192000004026
3291.6397828389827,3441.843105137712,3.644097000000329
3291.6397828389827,3424.0383024364414,3.646696000000702
3291.6397828389827,3446.4962274894074,3.6492809999999736
3291.6397828389827,3437.5726231461867,3.651843800000279
3291.6397828389827,3435.7840704449163,3.6544133000006696
3291.6397828389827,3447.0288413665257,3.65700040000047
3291.6397828389827,3445.2728270656776,3.6595766999998887
3291.6397828389827,3462.7940572033904,3.662136900000405
3291.6397828389827,3431.2722947563566,3.6647148000001835
3291.6397828389827,3430.3889684851697,3.6673004000003857
3291.6397828389827,3432.8860248940673,3.669872100000248
3291.6397828389827,3441.593360699153,3.672426000000087
3291.6397828389827,3429.1766856461863,3.674980499999947
3291.6397828389827,3423.367045815678,3.677622000000156
3291.6397828389827,3413.7237513241525,3.6801900999998907
3291.6397828389827,3439.191532044492,3.682766100000663
3291.6397828389827,3425.30301509534,3.6853533000003154
3291.6397828389827,3420.483830773306,3.6879060999999638
3291.6397828389827,3425.527300052966,3.6904645000004166
3291.6397828389827,3441.4431422139837,3.6930301000002146
3291.6397828389827,3422.854966896187,3.695591200000308
3291.6397828389827,3436.6055799788146,3.6993069999998625
3291.6397828389827,3441.9837884004246,3.7018895999999586
3291.6397828389827,3454.6690214512714,3.7044826000001194
3291.6397828389827,3429.6838863877124,3.707040899999811
3291.6397828389827,3418.138871822034,3.7095994000001156
3291.6397828389827,3420.5715611758483,3.7121900000001915
3291.6397828389827,3443.4579210805105,3.7147695000003296
3291.6397828389827,3426.598942002118,3.718453000000409
3291.6397828389827,3412.594532574153,3.7236415000006673
3291.6397828389827,3423.8053389830516,3.72887720000017
3291.6397828389827,3434.87147378178,3.734096099999988
3291.6397828389827,3427.759796080508,3.7387376000006043
3291.6397828389827,3425.444829184323,3.74180830000023
3291.6397828389827,3414.093744703391,3.744818099999975
3291.6397828389827,3434.31896318856,3.7474009000006845
3291.6397828389827,3435.237153072035,3.7499811000006957
3291.6397828389827,3446.6898808262713,3.7525532999998177
3291.6397828389827,3429.876040783898,3.7551289000002726
3291.6397828389827,3434.667224576271,3.757744399999865
3291.6397828389827,3431.3960460805088,3.760957500000586
3291.6397828389827,3428.521910752119,3.7635706999999456
3291.6397828389827,3419.8884904661027,3.7661501000002318
3291.6397828389827,3418.8673834745755,3.7688371000003826
3291.6397828389827,3438.2467783368643,3.771426600000268
3291.6397828389827,3424.119104872882,3.774021900000662
3291.6397828389827,3442.6122351694908,3.776587600000312
3291.6397828389827,3431.393076006356,3.7791956999999456
3291.6397828389827,3431.784394862288,3.7818004999999175
3291.6397828389827,3421.7285831567797,3.7844249999998283
3291.6397828389827,3424.1630415783907,3.787000000000262
3291.6397828389827,3434.395313824153,3.7895877000000837
3291.6397828389827,3433.4390320444923,3.79219330000069
3291.6397828389827,3418.73826006356,3.7947429000005286
3291.6397828389827,3427.963870497881,3.797324199999821
3291.6397828389827,3428.3830865995774,3.8022078000003603
3291.6397828389827,3429.349450476696,3.8067494000006263
3291.6397828389827,3447.960903072034,3.8128821999998763
3291.6397828389827,3438.1817756885603,3.818841700000121
3291.6397828389827,3461.001675052966,3.8240338000005067
3291.6397828389827,3429.820546875002,3.829069899999922
3291.6397828389827,3425.675071504238,3.83172150000064
3291.6397828389827,3437.587452330509,3.8343002000001434
3291.6397828389827,3428.906211599577,3.8368946000000506
3291.6397828389827,3430.922737023306,3.8395203000000038
3291.6397828389827,3419.2333024364407,3.8435207000002265
3291.6397828389827,3435.7421702860165,3.8461459999998624
3291.6397828389827,3435.242349046611,3.8488397999999506
3291.6397828389827,3415.4220034427967,3.8514094000001933
3291.6397828389827,3416.120909692797,3.8539748000002874
3291.6397828389827,3435.309418697034,3.856565099999898
3291.6397828389827,3434.2327462923727,3.8604709000001094
3291.6397828389827,3430.583557997882,3.8631186000002344
3291.6397828389827,3439.777558262713,3.8657130999999936
3291.6397828389827,3442.9428098516964,3.868289900000491
3291.6397828389827,3427.297907838984,3.8709758000004513
3291.6397828389827,3419.768666578389,3.8735348999998678
3291.6397828389827,3408.9649894067798,3.8761045999999624
3291.6397828389827,3425.1098821504247,3.8786635000005845
3291.6397828389827,3431.739708686441,3.8814048000003822
3291.6397828389827,3457.223576536018,3.8840139000003546
3291.6397828389827,3436.5365691207626,3.8869031000003815
3291.6397828389827,3415.726310911017,3.889589899999919
3291.6397828389827,3438.7267187500015,3.892291799999839
3291.6397828389827,3436.793183262713,3.8948436000000584
3291.6397828389827,3440.6302105402547,3.8974207000001115
3291.6397828389827,3416.735352224576,3.900015799999892
3291.6397828389827,3418.5696729343226,3.9025762999999642
3291.6397828389827,3453.7156038135595,3.905116900000394
3291.6397828389827,3423.8061347987295,3.907662900000105
3291.6397828389827,3457.8294319385595,3.9116093000002365
3291.6397828389827,3432.2854978813566,3.916840900000352
3291.6397828389827,3450.3015188029663,3.922037299999829
3291.6397828389827,3441.6778032309326,3.927169900000081
3291.6397828389827,3471.675423728813,3.932403599999816
3291.6397828389827,3420.452629766949,3.9375714000007065
3291.6397828389827,3430.182012711865,3.942848700000468
3291.6397828389827,3427.998682468221,3.9479301000001215
3291.6397828389827,3423.804735169492,3.9532054999999673
3291.6397828389827,3442.1017094809326,3.958349800000178
3291.6397828389827,3429.448217690678,3.9634839999998803
3291.6397828389827,3423.7727582097464,3.9687112999999954
3291.6397828389827,3437.559581567797,3.9742936000002373
3291.6397828389827,3432.3532666843225,3.9793829999998707
3291.6397828389827,3439.1508289194917,3.9844920000005004
3291.6397828389827,3438.0309030720337,3.9895980000001146
3291.6397828389827,3422.219899364407,3.994789200000014
3291.6397828389827,3422.1492147775425,3.9998699000007036
3291.6397828389827,3437.8313281250003,4.005047999999988
3291.6397828389827,3456.734406779661,4.0102114000001166
3291.6397828389827,3410.825897775424,4.015426200000547
3291.6397828389827,3432.614290254237,4.020593100000042
3291.6397828389827,3454.3253257415254,4.025697600000058
3291.6397828389827,3442.7871305614412,4.030818900000668
3291.6397828389827,3409.9398027012717,4.0359605000003285
3291.6397828389827,3447.988428230933,4.041112100000646
3291.6397828389827,3420.101628707627,4.0462806000005
3291.6397828389827,3431.096566472458,4.051343000000088
3291.6397828389827,3447.3482335805083,4.0565543000002435
3291.6397828389827,3414.871489671611,4.061608300000444
3291.6397828389827,3434.369610699153,4.065458000000035
3291.6397828389827,3411.796582362289,4.068065700000261
3291.6397828389827,3456.703511652543,4.0706538000004
3291.6397828389827,3417.890507150424,4.074393300000338
3291.6397828389827,3458.3535394597466,4.077019899999868
3291.6397828389827,3438.8522960805094,4.079556900000171
3291.6397828389827,3443.704516684322,4.082095000000663
3291.6397828389827,3415.9352608580516,4.084634599999845
3291.6397828389827,3424.4297431144073,4.08721289999994
3291.6397828389827,3437.17240598517,4.089744100000644
3291.6397828389827,3446.355157574153,4.092350400000214
3291.6397828389827,3424.7412433792374,4.096056800000042
3291.6397828389827,3426.4180574682214,4.098649999999907
3291.6397828389827,3402.425799788136,4.101191800000379
3291.6397828389827,3434.543878442797,4.103765900000326
3291.6397828389827,3415.065059586865,4.106343999999808
3291.6397828389827,3471.7210116525434,4.108912700000474
3291.6397828389827,3432.8506978283904,4.111486100000548
3291.6397828389827,3439.6759745762715,4.114080400000603
3291.6397828389827,3429.0804859639834,4.11665499999981
3291.6397828389827,3421.965407838984,4.119207300000198
3291.6397828389827,3433.0096080508474,4.1217648000001645
3291.6397828389827,3442.858266684323,4.124394000000393
3291.6397828389827,3420.97256753178,4.126951100000042
3291.6397828389827,3424.139862288136,4.129525000000285
3291.6397828389827,3429.2464856991523,4.132072400000652
3291.6397828389827,3448.4145365466115,4.134686000000329
3291.6397828389827,3433.3552568855926,4.1373217000000295
3291.6397828389827,3432.074757680086,4.139897400000336
3291.6397828389827,3426.478531514831,4.142806400000154
3291.6397828389827,3423.9581448622876,4.146792999999889
3291.6397828389827,3438.3659043961866,4.152366400000574
3291.6397828389827,3441.57467161017,4.157327300000361
3291.6397828389827,3426.3754939089,4.162858900000174
3291.6397828389827,3430.9106223516956,4.165739400000348
3291.6397828389827,3420.6649642478824,4.168731200000366
3291.6397828389827,3416.0352198093224,4.171366900000066
3291.6397828389827,3445.3163969809325,4.173972800000229
3291.6397828389827,3446.3884229343234,4.177215900000192
3291.6397828389827,3472.710613082628,4.179936700000326
3291.6397828389827,3434.3213003177966,4.182536400000572
3291.6397828389827,3448.6562129237295,4.185152400000334
3291.6397828389827,3427.349690148306,4.187708400000702
3291.6397828389827,3439.063787076272,4.190292500000396
3291.6397828389827,3441.163289194916,4.1944895000006
3291.6397828389827,3429.711567796611,4.197173300000031
3291.6397828389827,3407.8271782309325,4.199759900000572
3291.6397828389827,3445.244609375,4.202339999999822
3291.6397828389827,3435.006207627119,4.205637099999876
3291.6397828389827,3424.7535460805084,4.21087930000067
3291.6397828389827,3434.9365704449156,4.216060499999912
3291.6397828389827,3438.4250569385604,4.219842700000299
3291.6397828389827,3429.9684560381365,4.222787499999868
3291.6397828389827,3444.1388599046613,4.22560330000033
3291.6397828389827,3428.0312447033903,4.229313800000455
3291.6397828389827,3468.9208686440684,4.2319578000006
3291.6397828389827,3434.149789459747,4.234528699999828
3291.6397828389827,3476.8143829449145,4.237168000000565
3291.6397828389827,3429.052778072034,4.23975800000062
3291.6397828389827,3421.8528813559333,4.242359900000338
3291.6397828389827,3431.9948808262707,4.24568200000067
3291.6397828389827,3433.489553760594,4.25097470000037
3291.6397828389827,3429.030858050847,4.256207899999936
3291.6397828389827,3447.4686361228814,4.262092800000573
3291.6397828389827,3426.3991856461867,4.267638299999817
3291.6397828389827,3418.669887447035,4.273064099999829
3291.6397828389827,3437.908032309322,4.278868400000647
3291.6397828389827,3454.654940413136,4.281571100000292
3291.6397828389827,3407.961604872881,4.284179700000095
3291.6397828389827,3433.4706461864407,4.286828100000093
3291.6397828389827,3419.449756355933,4.289386400000694
3291.6397828389827,3463.643780455509,4.292626600000403
3291.6397828389827,3438.69229210805,4.295296400000552
3291.6397828389827,3415.0038241525417,4.299016599999959
3291.6397828389827,3418.2536043432206,4.301611900000353
3291.6397828389827,3429.457931673729,4.304167000000234
3291.6397828389827,3458.8684864936445,4.306788200000483
3291.6397828389827,3422.319262447034,4.310068000000683
3291.6397828389827,3433.3203456038136,4.31341330000032
3291.6397828389827,3414.879909957627,4.316008200000397
3291.6397828389827,3442.662828389832,4.320034899999882
3291.6397828389827,3432.638327595339,4.322997799999939
3291.6397828389827,3421.13694253178,4.326267000000371
3291.6397828389827,3455.330933527543,4.328939300000457
3291.6397828389827,3428.4348079978818,4.331533900000068
3291.6397828389827,3436.4695060911026,4.334108400000332
3291.6397828389827,3441.246583686441,4.336722000000009
3291.6397828389827,3440.02071371822,4.33929470000021
3291.6397828389827,3445.2372391419503,4.3419957000005525
3291.6397828389827,3429.055278072034,4.344588200000544
3291.6397828389827,3430.087134533899,4.347169900000154
3291.6397828389827,3445.610801112289,4.349757800000589
3291.6397828389827,3426.524255826272,4.352316900000005
3291.6397828389827,3450.8026867055087,4.35486949999995
3291.6397828389827,3436.05764565678,4.357484500000282
3291.6397828389827,3440.3145100635593,4.3601007000006575
3291.6397828389827,3442.3662089512723,4.362660700000561
3291.6397828389827,3425.256689618645,4.365213699999913
3291.6397828389827,3435.1654104872878,4.367818200000329
3291.6397828389827,3447.6429978813567,4.37039410000034
3291.6397828389827,3438.811120233051,4.37297800000033
3291.6397828389827,3451.446485699153,4.375543600000128
3291.6397828389827,3432.191342690678,4.3781097000000955
3291.6397828389827,3403.977815148305,4.380663100000675
3291.6397828389827,3424.538064088984,4.383223900000303
3291.6397828389827,3427.215691207628,4.385793299999932
3291.6397828389827,3411.5046424788134,4.388350600000194
3291.6397828389827,3435.010262182203,4.3909592999998495
3291.6397828389827,3429.311961069917,4.393493200000194
3291.6397828389827,3418.023056144068,4.396053000000393
3291.6397828389827,3431.3461784957626,4.399769800000286
3291.6397828389827,3418.5360963983053,4.402316900000187
3291.6397828389827,3440.5550251588984,4.404882100000577
3291.6397828389827,3436.151334745763,4.407471000000442
3291.6397828389827,3424.1023225635604,4.4100561000004745
3291.6397828389827,3424.183320974577,4.41265680000015
3291.6397828389827,3434.5022510593226,4.415225100000498
3291.6397828389827,3424.923302436441,4.417797900000551
3291.6397828389827,3455.6696967690673,4.421425399999862
3291.6397828389827,3472.631024894068,4.424034100000426
3291.6397828389827,3415.7392611228825,4.426622900000439
3291.6397828389827,3423.189980137711,4.429182200000469
3291.6397828389827,3417.1112195444907,4.431775699999889
3291.6397828389827,3419.491592955509,4.434330099999897
3291.6397828389827,3448.813048199152,4.436938400000145
3291.6397828389827,3416.635602489406,4.440826900000502
3291.6397828389827,3452.012441737289,4.443406600000344
3291.6397828389827,3444.6262420550847,4.4459593000001405
3291.6397828389827,3428.10396318856,4.448513800000001
3291.6397828389827,3441.0499920550856,4.451087800000096
3291.6397828389827,3407.2252714512715,4.4536378000002514
3291.6397828389827,3415.727600635594,4.456178200000068
3291.6397828389827,3476.450311175848,4.458788599999934
3291.6397828389827,3431.131420815678,4.461927500000456
3291.6397828389827,3438.6701310911017,4.464477399999851
3291.6397828389827,3450.078007150424,4.467050000000199
3291.6397828389827,3439.1037473516953,4.469606100000419
3291.6397828389827,3437.3451814088976,4.472169499999836
3291.6397828389827,3444.848787076272,4.474747000000207
3291.6397828389827,3424.746464512712,4.477323900000556
3291.6397828389827,3433.2760579978813,4.481044099999963
3291.6397828389827,3413.344184322034,4.483629500000461
3291.6397828389827,3425.660582627119,4.486210000000028
3291.6397828389827,3459.843734110169,4.488742000000457
3291.6397828389827,3442.5690717690686,4.491273900000124
3291.6397828389827,3443.044829184322,4.493868600000496
3291.6397828389827,3460.6724364406778,4.496413300000313
3291.6397828389827,3436.1792147775423,4.498975299999984
3291.6397828389827,3442.7670180084747,4.504092000000128
3291.6397828389827,3425.023830773306,4.509228599999915
3291.6397828389827,3428.680178760593,4.514475200000561
3291.6397828389827,3419.367988612288,4.519620400000349
3291.6397828389827,3430.086295021187,4.524781699999949
3291.6397828389827,3434.2240426377125,4.529976300000271
3291.6397828389827,3440.6899655720345,4.533517500000016
3291.6397828389827,3441.7695113877126,4.536144600000625
3291.6397828389827,3429.129720603813,4.53871479999998
3291.6397828389827,3436.356020921611,4.544168400000672
3291.6397828389827,3431.6834785487295,4.5482206000006045
3291.6397828389827,3426.918915519068,4.552527900000314
3291.6397828389827,3413.428634798729,4.5565231000000495
3291.6397828389827,3441.7726443326274,4.560360600000422
3291.6397828389827,3416.800047669492,4.566074899999876
3291.6397828389827,3421.100244968221,4.569504200000665
3291.6397828389827,3439.6783911546613,4.573861599999873
3291.6397828389827,3426.7908858580513,4.577364400000079
3291.6397828389827,3437.315338983051,4.5811460000004445
3291.6397828389827,3425.596836599577,4.583799900000486
3291.6397828389827,3434.378463983052,4.586387299999842
3291.6397828389827,3445.6148040254243,4.588999000000513
3291.6397828389827,3432.5760315148304,4.591611800000464
3291.6397828389827,3424.6880349576268,4.5943426000003456
3291.6397828389827,3420.3945709745763,4.596915000000081
3291.6397828389827,3425.817268273306,4.599468200000047
3291.6397828389827,3433.7927542372886,4.602645900000425
3291.6397828389827,3422.983033633475,4.606975200000306
3291.6397828389827,3433.4590333686438,4.610365000000456
3291.6397828389827,3440.5575754766955,4.6166509000004226
3291.6397828389827,3428.8578548728824,4.621877300000051
3291.6397828389827,3441.396002383476,4.627141699999811
3291.6397828389827,3431.095519067796,4.631919100000232
3291.6397828389827,3425.179425317797,4.63636039999983
3291.6397828389827,3416.8013493114404,4.639290600000095
3291.6397828389827,3454.066367849577,4.641907700000047
3291.6397828389827,3464.798849311441,4.647190200000296
3291.6397828389827,3409.271378442797,4.652963600000476
3291.6397828389827,3418.1607018008485,4.657342000000426
3291.6397828389827,3437.7165598516954,4.660204200000408
3291.6397828389827,3433.750315148306,4.663793700000497
3291.6397828389827,3417.5719226694914,4.667878700000074
3291.6397828389827,3431.530820974577,4.671200100000533
3291.6397828389827,3423.500618379237,4.676816900000631
3291.6397828389827,3432.264606726695,4.680651800000305
3291.6397828389827,3456.5293524894064,4.68337640000027
3291.6397828389827,3446.623132944915,4.687585499999841
3291.6397828389827,3444.107045815678,4.693508500000462
3291.6397828389827,3433.4577793961867,4.700135099999898
3291.6397828389827,3427.386927966102,4.706066300000202
3291.6397828389827,3426.7078959216105,4.710242900000594
3291.6397828389827,3404.7533408368645,4.7138058999998975
3291.6397828389827,3419.1811533368646,4.718144000000393
3291.6397828389827,3438.692248411017,4.723230700000386
3291.6397828389827,3421.9071080508475,4.727198999999928
3291.6397828389827,3429.587682733052,4.729786700000659
3291.6397828389827,3439.435662076272,4.732378200000312
3291.6397828389827,3433.697354343221,4.734952800000428
3291.6397828389827,3431.87608845339,4.737904600000547
3291.6397828389827,3422.4010248940685,4.740525300000627
3291.6397828389827,3431.1174642478813,4.743120300000555
3291.6397828389827,3446.116144067797,4.745821200000137
3291.6397828389827,3445.3839115466103,4.7483710000005885
3291.6397828389827,3463.4360143008485,4.750947000000451
3291.6397828389827,3429.347421875001,4.753631399999904
3291.6397828389827,3427.1967995233063,4.757568600000013
3291.6397828389827,3408.3106951800846,4.760378400000263
3291.6397828389827,3440.6324960275438,4.7630724999999074
3291.6397828389827,3459.764721927967,4.768071999999847
3291.6397828389827,3457.2619014830516,4.770656400000007
3291.6397828389827,3443.8986122881365,4.77319770000031
3291.6397828389827,3441.067110699153,4.775799099999858
3291.6397828389827,3458.5137936970345,4.778385300000082
3291.6397828389827,3422.0123132944914,4.783521600000313
3291.6397828389827,3447.3959772245757,4.78648290000001
3291.6397828389827,3426.3732441737284,4.791290799999842
3291.6397828389827,3441.1695471398316,4.794644100000369
3291.6397828389827,3421.6376112288135,4.797453099999984
3291.6397828389827,3426.9455349576274,4.800011500000437
3291.6397828389827,3437.7856965042383,4.807182300000022
3291.6397828389827,3444.227537076271,4.813604900000428
3291.6397828389827,3425.8245617055086,4.822000600000138
3291.6397828389827,3448.4221001059323,4.828741600000285
3291.6397828389827,3467.4368326271187,4.8339842000004865
3291.6397828389827,3455.8784414724587,4.838198200000079
3291.6397828389827,3421.513857256356,4.8433780000004845
3291.6397828389827,3432.3477356991525,4.848922400000447
3291.6397828389827,3427.3433633474583,4.854480500000136
3291.6397828389827,3443.720472722458,4.858885499999815
3291.6397828389827,3422.778213718221,4.864612000000307
3291.6397828389827,3431.019386917373,4.868307600000662
3291.6397828389827,3422.303927436441,4.87253469999996
3291.6397828389827,3430.12124470339,4.877384400000665
3291.6397828389827,3426.708028336864,4.882885300000453
3291.6397828389827,3435.563283898305,4.888450200000079
3291.6397828389827,3412.8139631885597,4.8939995999999155
3291.6397828389827,3432.5039830508467,4.900180100000398
3291.6397828389827,3466.5708249470345,4.9065432000006695
3291.6397828389827,3447.440504502119,4.911842299999989
3291.6397828389827,3442.8482388771185,4.917429600000105
3291.6397828389827,3428.4929528601697,4.922854400000688
3291.6397828389827,3414.5854091631363,4.927824400000645
3291.6397828389827,3425.927273569915,4.932969700000285
3291.6397828389827,3455.2838479872885,4.936955300000591
3291.6397828389827,3437.37021848517,4.940114900000481
3291.6397828389827,3427.794028072035,4.944144600000072
3291.6397828389827,3441.0340227754236,4.94785469999988
3291.6397828389827,3426.5647219279667,4.95051870000043
3291.6397828389827,3434.152870762713,4.953164200000174
3291.6397828389827,3449.7868683792367,4.955766900000526
3291.6397828389827,3409.4437089512717,4.958968700000696
3291.6397828389827,3416.9027674788144,4.962780700000621
3291.6397828389827,3437.1513334216097,4.965398899999855
3291.6397828389827,3441.697813824153,4.967967000000499
3291.6397828389827,3410.242639036016,4.970520700000634
3291.6397828389827,3438.965180084747,4.973088600000665
3291.6397828389827,3427.5098953919505,4.975876500000595
3291.6397828389827,3449.8219782838983,4.978436500000498
3291.6397828389827,3444.5847047139837,4.981026100000236
3291.6397828389827,3428.632526483052,4.983623600000101
3291.6397828389827,3444.2306355932205,4.986223800000516
3291.6397828389827,3427.661084480932,4.988773900000524
3291.6397828389827,3431.107514565678,4.991394900000159
3291.6397828389827,3402.7222801906782,4.993964799999958
3291.6397828389827,3415.424077065678,4.996610799999871
3291.6397828389827,3445.596080508475,4.999221699999907
3291.6397828389827,3435.338720868645,5.001912700000503
3291.6397828389827,3443.5886864406784,5.004961000000549
3291.6397828389827,3436.962595338983,5.009657999999945
3291.6397828389827,3439.6139486228817,5.013392900000326
3291.6397828389827,3458.7679435911023,5.020792299999812
3291.6397828389827,3421.252421875001,5.024130400000104
3291.6397828389827,3413.3509004237294,5.030778600000303
3291.6397828389827,3476.6318564618655,5.041608399999859
3291.6397828389827,3443.113356726695,5.049591800000599
3291.6397828389827,3432.176085805085,5.055460500000663
3291.6397828389827,3408.799039989407,5.060309100000268
3291.6397828389827,3436.929091631356,5.0636552000005395
3291.6397828389827,3456.8391988877124,5.066859000000477
3291.6397828389827,3423.6446808792375,5.069514800000434
3291.6397828389827,3461.766283103814,5.0720916999998735
3291.6397828389827,3444.253528866526,5.074768700000277
3291.6397828389827,3439.261745233053,5.080264900000657
3291.6397828389827,3416.9214221398306,5.082873800000016
3291.6397828389827,3438.136402277543,5.085414799999853
3291.6397828389827,3434.313303760594,5.08800599999995
3291.6397828389827,3434.1541882944916,5.090601700000661
3291.6397828389827,3442.8504925847456,5.093184800000017
3291.6397828389827,3415.393764565678,5.09618490000048
3291.6397828389827,3452.8413771186447,5.098784000000705
3291.6397828389827,3435.0949351165264,5.101342500000101
3291.6397828389827,3420.9034043961865,5.103928600000472
3291.6397828389827,3441.020593220339,5.106519900000421
3291.6397828389827,3434.012775423729,5.109116100000392
3291.6397828389827,3450.9714367055094,5.111755300000368
3291.6397828389827,3426.663875794491,5.114361500000086
3291.6397828389827,3446.5252436440683,5.116943500000161
3291.6397828389827,3425.385832891948,5.119503700000678
3291.6397828389827,3449.9301946504233,5.122094299999844
3291.6397828389827,3453.1834851694916,5.124696200000471
3291.6397828389827,3426.4357587394065,5.127387800000179
3291.6397828389827,3430.299555084746,5.130040800000643
3291.6397828389827,3417.8971901483055,5.132674600000428
3291.6397828389827,3433.1326681673727,5.13525430000027
3291.6397828389827,3445.619785487289,5.137823400000343
3291.6397828389827,3436.1567465572048,5.140396900000269
3291.6397828389827,3424.989147245763,5.142982400000619
3291.6397828389827,3426.622076271187,5.145533700000669
3291.6397828389827,3436.109292902543,5.148103500000616
3291.6397828389827,3439.3621318855944,5.15066410000054
3291.6397828389827,3426.017845603814,5.153210500000569
3291.6397828389827,3439.1412327860166,5.155779200000325
3291.6397828389827,3477.4455402542376,5.1584749000003285
3291.6397828389827,3419.2312725105944,5.161060100000213
3291.6397828389827,3440.9162473516953,5.163644100000056
3291.6397828389827,3417.486888241526,5.1662983000005624
3291.6397828389827,3464.7614433262715,5.1688702000001285
3291.6397828389827,3412.7859944385596,5.171496300000399
3291.6397828389827,3508.4154568326276,5.1740935000007084
3291.6397828389827,3449.8001496292386,5.176665099999809
3291.6397828389827,3418.7545736228826,5.179246499999863
3291.6397828389827,3459.4388003177974,5.181857100000343
3291.6397828389827,3449.664341896187,5.184437500000058
3291.6397828389827,3425.3501456567797,5.188283899999988
3291.6397828389827,3428.152396716102,5.19270730000062
3291.6397828389827,3416.407447033898,5.196577700000489
3291.6397828389827,3429.949710010593,5.199205100000654
3291.6397828389827,3415.52132282839,5.20180210000035
3291.6397828389827,3420.0672338453383,5.204449800000475
3291.6397828389827,3438.0819094279664,5.207016199999998
3291.6397828389827,3446.0065744173726,5.209564700000556
3291.6397828389827,3426.3362301377124,5.212127700000565
3291.6397828389827,3433.202399364407,5.2147036000005755
3291.6397828389827,3417.6061083156787,5.217296900000292
3291.6397828389827,3429.648832097458,5.219877999999881
3291.6397828389827,3406.5126721398315,5.222449800000504
3291.6397828389827,3458.3599457097457,5.225014300000112
3291.6397828389827,3461.4646451271196,5.227811600000678
3291.6397828389827,3447.558997616526,5.2303967000007106
3291.6397828389827,3466.494606726695,5.233119500000612
3291.6397828389827,3464.760403866526,5.235790900000211
3291.6397828389827,3421.43211467161,5.238351900000453
3291.6397828389827,3420.292979343221,5.240952000000107
3291.6397828389827,3431.7649205508483,5.243568800000503
3291.6397828389827,3431.2629700741527,5.246158599999944
3291.6397828389827,3431.809017478814,5.248725100000229
3291.6397828389827,3430.112240466101,5.251362300000437
3291.6397828389827,3404.099045286017,5.254001000000244
3291.6397828389827,3416.749729872881,5.256794900000386
3291.6397828389827,3420.1878495762708,5.259404100000211
3291.6397828389827,3456.2035990466106,5.262064000000464
3291.6397828389827,3443.1505124470336,5.264658600000075
3291.6397828389827,3412.0315280720342,5.267298100000517
3291.6397828389827,3437.605186705509,5.269892500000424
3291.6397828389827,3433.85449947034,5.272467200000392
3291.6397828389827,3478.5127899894073,5.275055699999939
3291.6397828389827,3434.7998172669486,5.2776016000007075
3291.6397828389827,3461.382233845339,5.28020110000034
3291.6397828389827,3414.653478548729,5.283668200000648
3291.6397828389827,3435.91591101695,5.287492800000109
3291.6397828389827,3450.9850172139836,5.290089200000693
3291.6397828389827,3425.970234375,5.29264670000066
3291.6397828389827,3459.6176403601708,5.295224500000586
3291.6397828389827,3435.818714247882,5.297786400000405
3291.6397828389827,3452.5538612288146,5.300366899999972
3291.6397828389827,3432.341565148305,5.302958100000069
3291.6397828389827,3423.868767213984,5.305551899999955
3291.6397828389827,3455.676880296611,5.308120200000303
3291.6397828389827,3458.373719544493,5.3106547000006685
3291.6397828389827,3431.641472457627,5.313236900000447
3291.6397828389827,3416.636334745763,5.3164479000006395
3291.6397828389827,3451.574443855933,5.319086700000298
3291.6397828389827,3418.1224642478815,5.321647499999926
3291.6397828389827,3468.3512301377123,5.324226700000509
3291.6397828389827,3449.714969544492,5.326808900000287
3291.6397828389827,3485.9994412076276,5.329389999999876
3291.6397828389827,3458.22426509534,5.336589300000014
3291.6397828389827,3416.415852754237,5.342252700000245
3291.6397828389827,3450.1856700211865,5.3480571000000054
3291.6397828389827,3421.717372881357,5.351116499999989
3291.6397828389827,3421.8868842690677,5.354414800000086
3291.6397828389827,3424.4766657838986,5.3577829000005295
3291.6397828389827,3411.810317796611,5.362994900000558
3291.6397828389827,3440.2996663135596,5.368088300000636
3291.6397828389827,3461.0660076800855,5.373305099999925
3291.6397828389827,3429.2043087923735,5.378545000000486
3291.6397828389827,3440.6922974046615,5.383060699999987
3291.6397828389827,3438.716913400424,5.385687099999814
3291.6397828389827,3440.0503283898306,5.388282500000059
3291.6397828389827,3439.1414870233048,5.39093800000046
3291.6397828389827,3442.4505190677964,5.393594300000586
3291.6397828389827,3442.300591896187,5.397168800000145
3291.6397828389827,3416.8800794491526,5.402083100000709
3291.6397828389827,3423.938610963984,5.404706299999816
3291.6397828389827,3412.7412195444917,5.408121500000561
3291.6397828389827,3426.145450211864,5.412840900000447
3291.6397828389827,3433.8696835275423,5.417042200000651
3291.6397828389827,3442.8827661546616,5.41965590000018
3291.6397828389827,3407.0178005826274,5.422274300000026
3291.6397828389827,3413.5182799258478,5.428127900000618
3291.6397828389827,3436.642886652543,5.436256900000444
3291.6397828389827,3432.3971954449166,5.444541400000162
3291.6397828389827,3452.6334269067806,5.449821900000643
3291.6397828389827,3428.564688824153,5.452807200000279
3291.6397828389827,3417.352425847458,5.4567658000005395
3291.6397828389827,3429.585429025424,5.4637876000006145
3291.6397828389827,3424.3243074682196,5.4710916000003635
3291.6397828389827,3420.9505481991523,5.4797552
3291.6397828389827,3400.0309401483055,5.487505400000373
3291.6397828389827,3418.7445974576276,5.49826480000047
3291.6397828389827,3428.799320709747,5.505107200000566
3291.6397828389827,3445.2182719809325,5.513934500000687
3291.6397828389827,3426.0424801377126,5.520833900000071
3291.6397828389827,3441.7513546080504,5.531449300000531
3291.6397828389827,3444.5410619703384,5.537904200000412
3291.6397828389827,3423.352674788136,5.545854200000576
3291.6397828389827,3429.6752635063567,5.552296900000329
3291.6397828389827,3423.196901483051,5.559229200000118
3291.6397828389827,3419.139819915254,5.5658735000006345
3291.6397828389827,3433.2415161546605,5.571335499999805
3291.6397828389827,3413.9579157839,5.576619999999821
3291.6397828389827,3424.9773053495765,5.581878800000595
3291.6397828389827,3423.040023834745,5.587144200000694
3291.6397828389827,3437.777907838984,5.592504199999894
3291.6397828389827,3423.12970206568,5.597753800000646
3291.6397828389827,3426.2668882415264,5.60351189999983
3291.6397828389827,3420.622024629237,5.60930610000014
3291.6397828389827,3444.9659030720345,5.614551800000299
3291.6397828389827,3420.4104661016954,5.619502000000466
3291.6397828389827,3442.7822841631355,5.622159000000465
3291.6397828389827,3438.5758302436443,5.624763200000416
3291.6397828389827,3435.6679316737295,5.627687300000616
3291.6397828389827,3425.1687208686453,5.632895600000666
3291.6397828389827,3471.5046490995765,5.639239200000702
3291.6397828389827,3446.963446769068,5.647111199999927
3291.6397828389827,3446.6628535487293,5.653413400000318
3291.6397828389827,3438.965455508474,5.6585439999998925
3291.6397828389827,3441.6337486758484,5.663720200000171
3291.6397828389827,3426.0165307203397,5.668978200000311
3291.6397828389827,3416.2861480402557,5.674151400000483
3291.6397828389827,3418.36846398305,5.679353800000172
3291.6397828389827,3416.766941207628,5.684526300000471
3291.6397828389827,3442.619805349577,5.6897248000004765
3291.6397828389827,3468.3870948093227,5.69489220000014
3291.6397828389827,3435.4955084745766,5.700114100000064
3291.6397828389827,3426.865070180084,5.705326000000241
3291.6397828389827,3436.128028336864,5.710937800000465
3291.6397828389827,3435.9054144597467,5.713869799999884
3291.6397828389827,3424.991554555085,5.716578700000355
3291.6397828389827,3464.105688559323,5.719279700000698
3291.6397828389827,3440.480335010594,5.722534200000155
3291.6397828389827,3432.3684427966105,5.725361100000555
3291.6397828389827,3476.961064618645,5.728042900000219
3291.6397828389827,3426.2595113877123,5.730745100000604
3291.6397828389827,3455.466888241526,5.733368199999859
3291.6397828389827,3461.5490545550856,5.736012200000005
3291.6397828389827,3457.905402542373,5.741288700000041
3291.6397828389827,3442.9832958156785,5.746499100000619
3291.6397828389827,3438.9494173728813,5.751796000000468
3291.6397828389827,3419.983001853814,5.757082000000082
3291.6397828389827,3439.359556408899,5.76247020000028
3291.6397828389827,3426.7215399894058,5.767756300000656
3291.6397828389827,3421.4708421610176,5.773097100000086
3291.6397828389827,3431.9877396716106,5.77770800000053
3291.6397828389827,3422.1447921080517,5.7831310000001395
3291.6397828389827,3420.859529925847,5.787008199999946
3291.6397828389827,3432.4782997881357,5.78987860000052
3291.6397828389827,3439.42327065678,5.79492670000036
3291.6397828389827,3426.5028151483057,5.800808599999982
3291.6397828389827,3433.689392213984,5.8042937000000165
3291.6397828389827,3446.456867055085,5.8085077000005185
3291.6397828389827,3423.98318193856,5.811461300000701
3291.6397828389827,3451.1432110699157,5.814119800000299
3291.6397828389827,3438.993846663135,5.816756799999894
3291.6397828389827,3458.089273040255,5.819468000000597
3291.6397828389827,3436.5327701271185,5.822733800000606
3291.6397828389827,3419.6685447563555,5.826512800000273
3291.6397828389827,3429.6347298728815,5.829224200000681
3291.6397828389827,3411.5820696504243,5.831843400000253
3291.6397828389827,3421.112864141949,5.836488400000235
3291.6397828389827,3432.104028072034,5.841212100000121
3291.6397828389827,3423.588516949152,5.844470800000636
3291.6397828389827,3439.404651747883,5.847178500000155
3291.6397828389827,3428.7636626059325,5.850290100000166
3291.6397828389827,3433.519032044492,5.853228599999966
3291.6397828389827,3450.0657004766954,5.856520000000273
3291.6397828389827,3423.7557097457625,5.86191719999988
3291.6397828389827,3417.9296517478815,5.867101800000455
3291.6397828389827,3426.7668074682215,5.87273020000066
3291.6397828389827,3414.1249576271193,5.878903400000127
3291.6397828389827,3434.306122881356,5.882191800000328
3291.6397828389827,3421.0356408898315,5.886148200000207
3291.6397828389827,3437.1663387182207,5.889436200000091
3291.6397828389827,3425.3700569385596,5.8946043000005375
3291.6397828389827,3433.967057733051,5.897600100000091
3291.6397828389827,3435.794831832627,5.901698900000156
3291.6397828389827,3415.268655985169,5.907667100000253
3291.6397828389827,3446.985639565678,5.913388800000575
3291.6397828389827,3461.11372881356,5.917641800000638
3291.6397828389827,3473.105397245763,5.920361100000264
3291.6397828389827,3429.843151483052,5.9238804000005985
3291.6397828389827,3469.612763506357,5.930054600000403
3291.6397828389827,3427.24115598517,5.933944000000338
3291.6397828389827,3436.9611824682206,5.939826499999981
3291.6397828389827,3425.9337804555084,5.944594800000232
3291.6397828389827,3423.1825278072038,5.948504800000592
3291.6397828389827,3429.656696239407,5.9539871000006315
3291.6397828389827,3430.001453919492,5.959275700000035
3291.6397828389827,3440.1607349046617,5.9637714000000415
3291.6397828389827,3447.574182997883,5.969548900000518
3291.6397828389827,3442.5305667372877,5.974528499999906
3291.6397828389827,3435.042983315678,5.979882700000417
3291.6397828389827,3433.3637579449155,5.985296900000321
3291.6397828389827,3428.7463599046614,5.990671200000179
3291.6397828389827,3451.6307838983057,5.998159300000225
3291.6397828389827,3438.826824682204,6.001927100000103
3291.6397828389827,3459.475933527543,6.00558060000003
3291.6397828389827,3439.052304025424,6.009049700000105
3291.6397828389827,3448.2435858050853,6.01228859999992
3291.6397828389827,3444.2576218220347,6.014923200000339
3291.6397828389827,3422.653780455509,6.017736100000548
3291.6397828389827,3469.466003707628,6.020663000000241
3291.6397828389827,3450.603685116526,6.023337999999967
3291.6397828389827,3462.467915783898,6.027192000000468
3291.6397828389827,3439.480234375001,6.030725100000382
3291.6397828389827,3422.9581342690676,6.035155900000063
3291.6397828389827,3430.583971133475,6.040328500000214
3291.6397828389827,3417.1068246822038,6.045833400000447
3291.6397828389827,3423.152366260593,6.052398499999981
3291.6397828389827,3425.4860725635594,6.057759299999816
3291.6397828389827,3427.414631885594,6.066841800000475
3291.6397828389827,3440.627347722458,6.073969000000034
3291.6397828389827,3434.906489671611,6.0793948999998975
3291.6397828389827,3428.398993644068,6.084671300000082
3291.6397828389827,3441.11560381356,6.090023800000381
3291.6397828389827,3443.4166777012715,6.096225000000231
3291.6397828389827,3442.2437539724588,6.1019788000003246
3291.6397828389827,3448.7782627118645,6.109337200000482
3291.6397828389827,3429.479271716102,6.115224000000126
3291.6397828389827,3443.840384004238,6.121912800000246
3291.6397828389827,3418.8347563559323,6.129374000000098
3291.6397828389827,3424.1011784957627,6.13509780000004
3291.6397828389827,3448.6384149894075,6.143951099999867
3291.6397828389827,3422.023156779661,6.1523172000006525
3291.6397828389827,3420.842114671611,6.15776360000018
3291.6397828389827,3425.7089804025427,6.16358450000007
3291.6397828389827,3452.1914009533903,6.170771099999911
3291.6397828389827,3421.461591631357,6.180158900000606
3291.6397828389827,3444.5692306673736,6.188876199999868
3291.6397828389827,3439.319243908899,6.1941898000004585
3291.6397828389827,3455.1018313029667,6.197319400000197
3291.6397828389827,3441.9580839512714,6.201360500000192
3291.6397828389827,3427.522870762712,6.210566600000675
3291.6397828389827,3427.56068723517,6.21495110000069
3291.6397828389827,3451.9240704449157,6.218992900000558
3291.6397828389827,3437.4224271716116,6.221800500000427
3291.6397828389827,3447.619218750002,6.226677999999993
3291.6397828389827,3442.119568326272,6.232007200000226
3291.6397828389827,3431.497872086865,6.237264700000196
3291.6397828389827,3432.0609017478814,6.242587400000048
3291.6397828389827,3450.5953614936443,6.247841899999912
3291.6397828389827,3423.482625794492,6.2511811000003945
3291.6397828389827,3448.6552025953392,6.254552000000331
3291.6397828389827,3441.0831091101704,6.257955900000525
3291.6397828389827,3443.5012010063574,6.262243799999851
3291.6397828389827,3429.440938824153,6.2648667000003115
3291.6397828389827,3426.7437645656787,6.268246700000418
3291.6397828389827,3447.0228694385596,6.273584500000652
3291.6397828389827,3425.4854396186447,6.279246000000057
3291.6397828389827,3417.98469279661,6.284723700000541
3291.6397828389827,3447.9610659427963,6.289933800000654
3291.6397828389827,3414.7273808262717,6.295292800000425
3291.6397828389827,3429.280414459746,6.299923200000194
3291.6397828389827,3449.452360963983,6.302637000000686
3291.6397828389827,3439.394298199153,6.305808200000683
3291.6397828389827,3420.8472974046617,6.310826700000689
3291.6397828389827,3445.3154965572035,6.31460320000042
3291.6397828389827,3435.655256885593,6.317240000000311
3291.6397828389827,3427.628809586865,6.320777200000521
3291.6397828389827,3432.4549205508474,6.323542300000554
3291.6397828389827,3432.3989499470345,6.3288345000000845
3291.6397828389827,3432.644982786018,6.33390640000016
3291.6397828389827,3440.7521914724584,6.33674930000052
3291.6397828389827,3463.055332362289,6.340120900000329
3291.6397828389827,3446.55255693856,6.3455736000005345
3291.6397828389827,3435.128463983051,6.350811299999805
3291.6397828389827,3443.190574682203,6.3560393000007025
3291.6397828389827,3457.335146980932,6.360802700000022
3291.6397828389827,3452.1145749470343,6.363913199999843
3291.6397828389827,3424.814990730933,6.366513900000427
3291.6397828389827,3427.414149894068,6.369159599999875
3291.6397828389827,3424.9057918432213,6.372883099999854
3291.6397828389827,3459.970476694917,6.377167999999983
3291.6397828389827,3437.3074801377124,6.382268899999872
3291.6397828389827,3417.3423172669495,6.3875293000000966
3291.6397828389827,3432.511908103814,6.39275280000038
3291.6397828389827,3437.0680376059327,6.397928500000489
3291.6397828389827,3425.085757415255,6.40311389999988
3291.6397828389827,3423.375758739407,6.408297699999821
3291.6397828389827,3438.32844279661,6.411539300000186
3291.6397828389827,3450.267894597457,6.414142999999967
3291.6397828389827,3435.35578125,6.417762699999912
3291.6397828389827,3430.478536811441,6.420391200000267
3291.6397828389827,3426.4783990995775,6.423841599999832
3291.6397828389827,3428.9579449152548,6.426854600000297
3291.6397828389827,3440.506273834747,6.429516000000149
3291.6397828389827,3430.0926178495765,6.432159200000569
3291.6397828389827,3454.2130045021195,6.434761900000012
3291.6397828389827,3436.3015280720333,6.437380500000472
3291.6397828389827,3430.2974390889835,6.441294900000685
3291.6397828389827,3433.5574827860173,6.445511500000066
3291.6397828389827,3409.76287473517,6.450198100000307
3291.6397828389827,3445.9958183262715,6.455725499999971
3291.6397828389827,3410.074137976695,6.460750000000189
3291.6397828389827,3444.354956302966,6.46525070000007
3291.6397828389827,3421.1914830508485,6.470576700000493
3291.6397828389827,3434.4161639300855,6.475896200000534
3291.6397828389827,3424.985181408899,6.481012400000509
3291.6397828389827,3437.3993697033907,6.486157600000297
3291.6397828389827,3443.0918882415262,6.491314500000044
3291.6397828389827,3438.90240598517,6.496083500000168
3291.6397828389827,3437.09098384534,6.501722900000459
3291.6397828389827,3427.14102092161,6.50750010000047
3291.6397828389827,3420.65653601695,6.513129300000401
3291.6397828389827,3431.79827065678,6.5177676000002975
3291.6397828389827,3446.3273238877123,6.52334620000056
3291.6397828389827,3432.8667730402544,6.528935100000126
3291.6397828389827,3446.6005336334756,6.53457520000029
3291.6397828389827,3424.0234043961877,6.539898200000607
3291.6397828389827,3443.7081395656787,6.5458746000003885
3291.6397828389827,3420.12827065678,6.55319210000016
3291.6397828389827,3428.8161996822037,6.558538400000543
3291.6397828389827,3428.384118114407,6.5637643000000025
3291.6397828389827,3435.3981845868643,6.569002900000669
3291.6397828389827,3443.5174073093226,6.574220600000444
3291.6397828389827,3423.520046345338,6.5794511000003695
3291.6397828389827,3431.0892266949145,6.584664699999848
3291.6397828389827,3424.139182997882,6.589333599999918
3291.6397828389827,3433.552568855933,6.5947030000006635
3291.6397828389827,3439.4755839512713,6.599142300000494
3291.6397828389827,3475.8861321504237,6.604722300000503
3291.6397828389827,3487.0511387711867,6.609873800000059
3291.6397828389827,3430.9041671080513,6.61856859999989
3291.6397828389827,3420.2491909427963,6.6287284
3291.6397828389827,3434.064968220339,6.635891800000536
3291.6397828389827,3423.9314539194916,6.64166750000004
3291.6397828389827,3427.602400688559,6.648009600000478
3291.6397828389827,3439.3459560381357,6.654004800000621
3291.6397828389827,3458.5455018538146,6.659698899999967
3291.6397828389827,3451.932431144068,6.666356000000633
3291.6397828389827,3458.4860315148308,6.67195460000039
3291.6397828389827,3427.9745961334743,6.677589400000215
3291.6397828389827,3425.269070444915,6.6834451000004265
3291.6397828389827,3451.535429025424,6.688138999999865
3291.6397828389827,3441.176639300848,6.6923164999998335
3291.6397828389827,3416.6784163135603,6.697815900000023
3291.6397828389827,3411.5813956567804,6.7031369000005725
3291.6397828389827,3441.6088373940675,6.70789909999985
3291.6397828389827,3431.631675052966,6.713696599999821
3291.6397828389827,3451.3826443326275,6.7193059000001085
3291.6397828389827,3454.1583183262715,6.725899800000661
3291.6397828389827,3427.5373265360176,6.732547999999952
3291.6397828389827,3439.2989115466107,6.738017100000434
3291.6397828389827,3444.1170524364406,6.744859700000234
3291.6397828389827,3435.042632415255,6.750398799999857
3291.6397828389827,3424.3032759533908,6.755154600000424
3291.6397828389827,3449.1640995762723,6.7615473000005295
3291.6397828389827,3434.827850900424,6.767071700000088
3291.6397828389827,3438.3416061970347,6.772333599999911
3291.6397828389827,3423.2622457627117,6.7786261000001105
3291.6397828389827,3427.7685646186446,6.78245539999989
3291.6397828389827,3432.144149894068,6.7851383000006535
3291.6397828389827,3429.09280720339,6.7878153000001475
3291.6397828389827,3437.2709494173737,6.792522000000645
3291.6397828389827,3429.0355336334746,6.798741500000688
3291.6397828389827,3424.153175317798,6.8039661000002525
3291.6397828389827,3427.0026297669497,6.809502200000679
3291.6397828389827,3427.815615730933,6.815990900000543
3291.6397828389827,3421.4229475635593,6.824649500000305
3291.6397828389827,3431.616779661017,6.831068500000583
3291.6397828389827,3435.993653336865,6.836546999999882
3291.6397828389827,3422.1426430084753,6.841622300000381
3291.6397828389827,3423.517650953389,6.8473321999999825
3291.6397828389827,3442.5521875,6.852784200000315
3291.6397828389827,3427.3844610699157,6.858419400000457
3291.6397828389827,3427.211272510593,6.866206900000179
3291.6397828389827,3439.423564618644,6.874000700000579
3291.6397828389827,3415.1454038665256,6.880900400000428
3291.6397828389827,3455.7696782309326,6.887284500000533
3291.6397828389827,3439.354805349575,6.894946800000071
3291.6397828389827,3441.802918432204,6.899381900000662
3291.6397828389827,3472.6871332097458,6.904596400000628
3291.6397828389827,3437.0323967161025,6.910826799999995
3291.6397828389827,3417.674077065678,6.9134232000005795
3291.6397828389827,3455.141136122882,6.9191429000002245
3291.6397828389827,3439.9053879766966,6.924386400000003
3291.6397828389827,3460.921112288136,6.928347200000644
3291.6397828389827,3432.4869094279666,6.934071900000163
3291.6397828389827,3442.8349947033903,6.940930600000684
3291.6397828389827,3427.5427409957624,6.9486829000006765
3291.6397828389827,3418.1004886122882,6.952717900000607
3291.6397828389827,3440.3329104872887,6.959513200000401
3291.6397828389827,3428.0368816207633,6.966652900000554
3291.6397828389827,3431.485301906781,6.97208480000063
3291.6397828389827,3442.7730786546613,6.980085000000145
3291.6397828389827,3446.380746822035,6.985986200000298
3291.6397828389827,3430.269907309322,6.992423900000176
3291.6397828389827,3443.8825344279667,6.998288100000536
3291.6397828389827,3433.275732256356,7.004261900000529
3291.6397828389827,3422.754408103814,7.009543500000291
3291.6397828389827,3425.306873675847,7.014830800000709
3291.6397828389827,3429.3100384004238,7.020204899999953
3291.6397828389827,3453.6552899894073,7.025565200000528
3291.6397828389827,3466.3763479872887,7.031180100000711
3291.6397828389827,3434.2759838453394,7.039777200000572
3291.6397828389827,3444.631432733051,7.045745299999908
3291.6397828389827,3428.6943233580523,7.051009400000112
3291.6397828389827,3446.9027370233052,7.056247999999869
3291.6397828389827,3422.231758474577,7.06163640000068
3291.6397828389827,3429.863127648306,7.06694570000036
3291.6397828389827,3431.1274523305083,7.072850500000641
3291.6397828389827,3430.440292637713,7.080348999999842
3291.6397828389827,3433.496065942797,7.0880434000000605
3291.6397828389827,3441.9209573622875,7.0948998000003485
3291.6397828389827,3428.7701774364414,7.102758400000312
3291.6397828389827,3470.5142333156778,7.10952830000042
3291.6397828389827,3454.4395299258476,7.116079100000206
3291.6397828389827,3432.710193326271,7.120086400000218
3287.9639300847452,3436.6213479872886,7.1250097000001915
3287.9639300847452,3415.545259533898,7.131791100000555
3287.9639300847452,3409.1199324682207,7.139719300000252
3287.9639300847452,3441.369872881356,7.145759200000612
3287.9639300847452,3413.860683262712,7.151335200000176
3287.9639300847452,3433.2298967161028,7.16079130000071
3287.9639300847452,3437.550685911017,7.166227300000173
3287.9639300847452,3446.1740850105934,7.171471200000269
3287.9639300847452,3448.5524417372876,7.176172399999814
3287.9639300847452,3446.370589247881,7.181492300000173
3287.9639300847452,3425.8072682733055,7.186755400000038
3287.9639300847452,3414.709564353814,7.192100400000527
3287.9639300847452,3453.276194385594,7.197393899999952
3287.9639300847452,3434.8291962394073,7.204257000000325
3287.9639300847452,3443.912743644068,7.211074400000143
3287.9639300847452,3447.348283898305,7.216483100000005
3287.9639300847452,3458.1627436440685,7.224344700000074
3287.9639300847452,3432.6204952330518,7.231976500000201
3287.9639300847452,3433.2584361758486,7.237210300000697
3287.9639300847452,3403.434762976695,7.243179600000076
3287.9639300847452,3442.426637976695,7.248690400000669
3287.9639300847452,3428.528200476695,7.252285800000209
3287.9639300847452,3451.61780190678,7.255740900000092
3287.9639300847452,3413.7168405720354,7.260303699999895
3287.9639300847452,3424.234871557204,7.26553370000056
3287.9639300847452,3430.8764936440684,7.270186700000522
3287.9639300847452,3429.8745948093224,7.27284950000012
3287.9639300847452,3434.859422669491,7.277776700000686
3287.9639300847452,3447.9189088983053,7.2824255000005
3287.9639300847452,3460.7936083156787,7.286893000000418
3287.9639300847452,3447.254762976695,7.290685400000257
3287.9639300847452,3466.259185646187,7.294584600000235
3287.9639300847452,3440.315391949153,7.297224800000549
3287.9639300847452,3441.326709480932,7.301878000000215
3287.9639300847452,3442.6425781250014,7.306272700000591
3287.9639300847452,3438.133252118645,7.311836200000471
3287.9639300847452,3424.4985579978816,7.316099900000154
3287.9639300847452,3420.0144637182207,7.320008900000175
3287.9639300847452,3426.929851694916,7.32810900000004
3287.9639300847452,3437.779416048729,7.333705900000496
3287.9639300847452,3444.836573093221,7.338934500000505
3287.9639300847452,3420.940115201272,7.34436900000037
3287.9639300847452,3418.40514565678,7.349616999999853
3287.9639300847452,3438.4223463983058,7.354707500000586
3287.9639300847452,3422.2006700211864,7.359940800000004
3287.9639300847452,3445.1206673728816,7.365155299999969
3287.9639300847452,3416.460131091102,7.37030330000016
3287.9639300847452,3442.951603548729,7.375482700000248
3287.9639300847452,3424.001092425848,7.380823800000144
3287.9639300847452,3496.622539724576,7.386126299999887
3287.9639300847452,3446.099480932204,7.391395000000557
3287.9639300847452,3415.9475754766954,7.3965750000006665
3287.9639300847452,3450.666631355932,7.401784800000314
3287.9639300847452,3446.014340572034,7.406979400000637
3287.9639300847452,3412.4407190148313,7.412139099999877
3287.9639300847452,3435.4723556673725,7.417669000000387
3287.9639300847452,3431.1106488347464,7.422909599999912
3287.9639300847452,3430.3979171080514,7.428155399999923
3287.9639300847452,3420.0833143538143,7.4320010999999795
3287.9639300847452,3435.67960407839,7.4376492999999755
3287.9639300847452,3449.485133739408,7.443266799999947
3287.9639300847452,3439.3541432733055,7.448947300000327
3287.9639300847452,3449.143307733051,7.45417180000004
3287.9639300847452,3441.3280932203397,7.45932350000021
3287.9639300847452,3417.131395656781,7.46449180000036
3287.9639300847452,3413.510015889831,7.469728099999884
3287.9639300847452,3427.477905190679,7.474999400000343
3287.9639300847452,3412.3489353813547,7.478315000000293
3287.9639300847452,3443.199708686441,7.481733500000701
3287.9639300847452,3450.677351694916,7.484552900000381
3287.9639300847452,3425.424471663136,7.490255400000024
3287.9639300847452,3439.1126509533906,7.494641400000546
3287.9639300847452,3444.4970630296616,7.49762120000014
3287.9639300847452,3412.0578323622885,7.501107200000661
3287.9639300847452,3424.8646173199154,7.506278200000452
3287.9639300847452,3435.7612764830515,7.510762700000669
3287.9639300847452,3456.4945153601693,7.5134023999999044
3287.9639300847452,3431.1209997351707,7.516077500000392
3287.9639300847452,3427.4599549788136,7.5189727000006314
3287.9639300847452,3440.7364393538137,7.521600699999908
3287.9639300847452,3409.217599311441,7.525390800000423
3287.9639300847452,3451.113633474577,7.528001900000163
3287.9639300847452,3434.877972722458,7.53058510000028
3287.9639300847452,3414.755762711865,7.533672399999887
3287.9639300847452,3438.272470868644,7.5364675999999236
3287.9639300847452,3446.085958686441,7.539118900000176
3287.9639300847452,3440.3388109110183,7.542970100000275
3287.9639300847452,3432.2177833686437,7.545576100000289
3287.9639300847452,3430.587448358051,7.54910800000016
3287.9639300847452,3436.7215638241537,7.554363300000659
3287.9639300847452,3412.8852184851703,7.55950380000013
3287.9639300847452,3444.6257613877115,7.5647249000003285
3287.9639300847452,3436.273744703391,7.569951399999809
3287.9639300847452,3414.4142280190677,7.575495300000512
3287.9639300847452,3415.9583381885595,7.580774800000654
3287.9639300847452,3421.9462605932204,7.586072200000672
3287.9639300847452,3450.29863479873,7.591485700000703
3287.9639300847452,3437.12169756356,7.596731499999805
3287.9639300847452,3437.739879502118,7.601924700000382
3287.9639300847452,3431.6894650423737,7.606279100000393
3287.9639300847452,3415.4966631355937,7.6120498000000225
3287.9639300847452,3447.0397801906784,7.616491300000234
3287.9639300847452,3439.7773384533903,7.6201694999999745
3287.9639300847452,3435.5528998940686,7.625650200000564
3287.9639300847452,3412.321814088983,7.630097000000205
3287.9639300847452,3439.7241472457636,7.6345875000006345
3287.9639300847452,3418.7284454449155,7.638973600000099
3287.9639300847452,3424.1051999470337,7.644623199999842
3287.9639300847452,3425.181841896187,7.649908000000323
3287.9639300847452,3426.867654925848,7.655072800000198
3287.9639300847452,3426.517236493644,7.66021660000024
3287.9639300847452,3434.8705932203397,7.665413900000203
3287.9639300847452,3437.84684851695,7.669687200000226
3287.9639300847452,3428.2561414194925,7.675237299999935
3287.9639300847452,3443.222545021187,7.680857400000605
3287.9639300847452,3435.6794412076274,7.6863155999999435
3287.9639300847452,3438.1100105932214,7.6896849000004295
3287.9639300847452,3416.053262711865,7.6951827000002595
3287.9639300847452,3427.0856448622885,7.700098799999978
3287.9639300847452,3433.9551681673734,7.70434860000023
3287.9639300847452,3405.804751059323,7.710199300000568
3287.9639300847452,3473.795871292373,7.715553600000021
3287.9639300847452,3417.804426641949,7.720822799999951
3287.9639300847452,3415.518505031781,7.726041100000657
3287.9639300847452,3473.1048953919494,7.731266600000708
3287.9639300847452,3444.8418034957635,7.734801399999924
3287.9639300847452,3436.997413930085,7.737533700000313
3287.9639300847452,3425.158763241526,7.741541000000325
3287.9639300847452,3424.2925397245763,7.744180200000301
3287.9639300847452,3434.5709467690685,7.747059000000263
3287.9639300847452,3437.7961043432206,7.749690200000259
3287.9639300847452,3419.4570471398297,7.752284600000166
3287.9639300847452,3434.585000000001,7.755182800000512
3287.9639300847452,3423.23474443856,7.7577735000004395
3287.9639300847452,3431.6683315677974,7.760645199999999
3287.9639300847452,3425.1948543432213,7.763276300000143
3287.9639300847452,3447.43703654661,7.765906300000097
3287.9639300847452,3424.0293577860175,7.768793300000652
3287.9639300847452,3429.7531263241526,7.771374300000389
3287.9639300847452,3424.7293286546615,7.773914600000353
3287.9639300847452,3447.1396451271185,7.776769200000672
3287.9639300847452,3418.5471332097477,7.7793375999999625
3287.9639300847452,3432.8672643008476,7.781931100000293
3287.9639300847452,3434.465184057204,7.784863200000473
3287.9639300847452,3438.0270537605948,7.787431700000525
3287.9639300847452,3431.039508739407,7.790678600000319
3287.9639300847452,3450.693975105932,7.793301100000463
3287.9639300847452,3445.9103270656788,7.795884000000115
3287.9639300847452,3438.5420391949156,7.79871170000024
3287.9639300847452,3456.1825092690688,7.80135220000011
3287.9639300847452,3446.0901469809332,7.803954400000293
3287.9639300847452,3420.304069120763,7.806536099999903
3287.9639300847452,3418.1338704978825,7.809145300000637
3287.9639300847452,3421.5785977224587,7.811914300000353
3287.9639300847452,3438.7033924788143,7.814621600000464
3287.9639300847452,3424.868976430084,7.817884800000684
3287.9639300847452,3435.6061109639836,7.823016100000132
3287.9639300847452,3478.3215783898313,7.8281597000004695
3287.9639300847452,3415.4792068326283,7.8316717000006975
3287.9639300847452,3454.9308699682206,7.834606299999905
3287.9639300847452,3432.8626019597464,7.8387995000002775
3287.9639300847452,3454.8980905720337,7.842371600000661
3287.9639300847452,3421.119421345339,7.845659900000101
3287.9639300847452,3420.294274364407,7.848225900000216
3287.9639300847452,3420.6581938559325,7.852131999999983
3287.9639300847452,3441.4057097457626,7.854750299999978
3287.9639300847452,3450.938017743644,7.858270100000482
3287.9639300847452,3424.8883474576273,7.860894899999948
3287.9639300847452,3445.1694186970344,7.8636074000005465
3287.9639300847452,3417.6647974046614,7.868419800000083
3287.9639300847452,3436.373667902543,7.873566300000675
3287.9639300847452,3406.6601178495757,7.8784231999998156
3287.9639300847452,3450.2244769597455,7.88106980000066
3287.9639300847452,3434.338720868645,7.883693400000084
3287.9639300847452,3419.9986533368647,7.886371800000234
3287.9639300847452,3433.2153945974587,7.8912804999999935
3287.9639300847452,3418.269819915255,7.8942636000001585
3287.9639300847452,3461.743539459747,7.896906699999818
3287.9639300847452,3437.2061414194914,7.8995169999998325
3287.9639300847452,3429.424447828391,7.902149300000019
3287.9639300847452,3436.4197801906785,7.904743699999926
3287.9639300847452,3426.4035831567808,7.907378400000198
3287.9639300847452,3445.1942584745775,7.909966500000337
3287.9639300847452,3416.5213135593226,7.91319139999996
3287.9639300847452,3441.0032574152556,7.918335299999853
3287.9639300847452,3409.4318034957614,7.923478400000022
3287.9639300847452,3415.4026072563565,7.928605400000379
3287.9639300847452,3436.826321504237,7.933747900000526
3287.9639300847452,3412.371974311442,7.938870699999825
3287.9639300847452,3438.124149894068,7.94399870000052
3287.9639300847452,3452.5571927966103,7.949120700000094
3287.9639300847452,3431.1496067266953,7.954318699999931
3287.9639300847452,3417.205054290254,7.958121000000574
3287.9639300847452,3422.448658633476,7.961063900000227
3287.9639300847452,3422.820726959745,7.963760200000252
3287.9639300847452,3431.621992849577,7.967215800000304
3287.9639300847452,3425.2360103283904,7.969877500000621
3287.9639300847452,3412.2831978283903,7.974177400000372
3287.9639300847452,3441.5560315148314,7.978703499999938
3287.9639300847452,3455.2950820974584,7.9818504000004395
3287.9639300847452,3439.125111228814,7.98449410000012
3287.9639300847452,3421.8258064088986,7.987088400000175
3287.9639300847452,3430.681615466102,7.989652900000692
3287.9639300847452,3429.352703919493,7.992818499999885
3287.9639300847452,3423.9034057203385,7.99852650000048
3287.9639300847452,3423.011894862289,8.004000900000392
3287.9639300847452,3448.82253045551,8.010377000000517
3287.9639300847452,3449.513994968221,8.01569180000024
3287.9639300847452,3418.3596146716104,8.02079970000068
3287.9639300847452,3463.422893273306,8.024117500000102
3287.9639300847452,3439.5262248411027,8.029120500000317
3287.9639300847452,3423.6909322033907,8.034327000000303
3287.9639300847452,3439.4845524364414,8.039784200000213
3287.9639300847452,3414.6590519067804,8.0447793000003
3287.9639300847452,3440.6432627118647,8.048195299999861
3287.9639300847452,3410.6098808262727,8.050832700000683
3287.9639300847452,3457.60738479873,8.053912899999887
3287.9639300847452,3441.8477661546626,8.059616900000037
3287.9639300847452,3446.3065545550853,8.06495619999987
3287.9639300847452,3440.5754396186458,8.07019180000043
3287.9639300847452,3432.060711069916,8.075509799999963
3287.9639300847452,3461.551461864406,8.080808300000172
3287.9639300847452,3427.229001588984,8.086057000000437
3287.9639300847452,3430.2517240466113,8.091272100000424
3287.9639300847452,3437.9979277012717,8.096057000000656
3287.9639300847452,3441.8716485699156,8.098732200000086
3287.9639300847452,3474.607812500001,8.10202389999995
3287.9639300847452,3431.170323093221,8.104654700000538
3287.9639300847452,3445.3409653072044,8.107562099999996
3287.9639300847452,3438.3659666313556,8.11026000000038
3287.9639300847452,3435.1659970868654,8.112890899999911
3287.9639300847452,3439.665895127119,8.115547100000185
3287.9639300847452,3441.671165254238,8.118197000000691
3287.9639300847452,3419.8339962923733,8.12080700000024
3287.9639300847452,3447.701522775423,8.123615999999856
3287.9639300847452,3444.847211334747,8.126250400000572
3287.9639300847452,3418.957841631356,8.128796699999839
3287.9639300847452,3460.7855998411014,8.131385800000317
3287.9639300847452,3431.099088983052,8.136515000000145
3287.9639300847452,3436.8716565148306,8.141758400000072
3287.9639300847452,3420.4534931144076,8.146971600000143
3287.9639300847452,3432.1642823093225,8.150305400000434
3287.9639300847452,3435.051818061441,8.152912700000343
3287.9639300847452,3415.409482256357,8.15548250000029
3287.9639300847452,3430.446643273306,8.158089700000346
3287.9639300847452,3446.846930614408,8.160700899999938
3287.9639300847452,3423.694303495762,8.163287700000183
3287.9639300847452,3434.203621557204,8.169154799999887
3287.9639300847452,3417.6469835805087,8.174368900000445
3287.9639300847452,3430.2807335805082,8.179666300000463
3287.9639300847452,3437.3819332627118,8.182341400000041
3287.9639300847452,3417.7947523834746,8.18487069999992
3287.9639300847452,3453.7972325211863,8.187485800000104
3287.9639300847452,3431.7880945444927,8.190069000000221
3287.9639300847452,3429.7029674258483,8.192720200000622
3287.9639300847452,3412.1510553495764,8.195432999999866
3287.9639300847452,3423.417510593221,8.200705000000198
3287.9639300847452,3423.283972457628,8.20590170000014
3287.9639300847452,3432.1599814618658,8.211115699999937
3287.9639300847452,3443.1816419491524,8.216779100000167
3287.9639300847452,3419.851073887712,8.22187010000016
3287.9639300847452,3453.23426509534,8.227064400000017
3287.9639300847452,3483.9985368114408,8.23225040000034
3287.9639300847452,3425.2811043432207,8.237395099999958
3287.9639300847452,3410.1337976694927,8.242547900000318
3287.9639300847452,3434.0621702860176,8.247834400000102
3287.9639300847452,3406.0661665783896,8.252930200000264
3287.9639300847452,3440.3032137182213,8.258098600000267
3287.9639300847452,3417.210688559322,8.262405800000124
3287.9639300847452,3397.443209745764,8.265005000000201
3287.9639300847452,3458.6050741525423,8.267618800000491
3287.9639300847452,3415.374947033899,8.270174000000225
3287.9639300847452,3421.6058302436454,8.272740899999917
3287.9639300847452,3433.6990611758483,8.275394500000402
3287.9639300847452,3414.9800966631346,8.27798410000014
3287.9639300847452,3412.8112076271177,8.280587600000217
3287.9639300847452,3445.60192134534,8.283182400000442
3287.9639300847452,3423.117482786018,8.285789800000202
3287.9639300847452,3428.3472841631365,8.288409400000091
3287.9639300847452,3416.5803879766954,8.291428700000324
3287.9639300847452,3440.2406263241533,8.296530800000255
3287.9639300847452,3425.068012447035,8.301682899999832
3287.9639300847452,3442.7404422669492,8.306863200000407
3287.9639300847452,3466.6602780720345,8.312074600000415
3287.9639300847452,3436.585970603814,8.317219999999907
3287.9639300847452,3439.6822709216103,8.32236230000035
3287.9639300847452,3420.4879541843225,8.326618500000222
3287.9639300847452,3421.169878177966,8.329225399999814
3287.9639300847452,3450.5928509004257,8.331824200000483
3287.9639300847452,3436.9788493114415,8.33497510000052
3287.9639300847452,3440.3295537605936,8.337578800000301
3287.9639300847452,3432.051917372882,8.340267900000072
3287.9639300847452,3424.112592690678,8.342866900000445
3287.9639300847452,3422.0547576800845,8.345457000000351
3287.9639300847452,3439.3438757944923,8.348014199999852
3287.9639300847452,3422.0312447033893,8.350595500000054
3287.9639300847452,3426.611875,8.353146800000104
3287.9639300847452,3421.013335540255,8.355881800000134
3287.9639300847452,3439.27764036017,8.35843180000029
3287.9639300847452,3450.3999483580515,8.361002700000427
3287.9639300847452,3436.2693233580517,8.363626000000295
3287.9639300847452,3417.8025834216096,8.366185800000494
3287.9639300847452,3423.780630296612,8.368750100000398
3287.9639300847452,3437.184235963984,8.37276600000041
3287.9639300847452,3418.3533090572046,8.376528900000267
3287.9639300847452,3491.5798238877114,8.379161900000327
3287.9639300847452,3433.7500860699156,8.381755299999895
3287.9639300847452,3422.6951946504237,8.384337899999991
3287.9639300847452,3457.936494968221,8.389600200000132
3287.9639300847452,3440.234543167373,8.396010299999944
3287.9639300847452,3434.810537605933,8.401232700000037
3287.9639300847452,3412.676574417374,8.405490500000269
3287.9639300847452,3466.2081024894073,8.409453900000699
3287.9639300847452,3429.2947364936445,8.412045200000648
3287.9639300847452,3418.9691220868644,8.414614100000108
3287.9639300847452,3429.1374311440686,8.417757199999869
3287.9639300847452,3425.888245497882,8.423334900000555
3287.9639300847452,3412.691336069916,8.425958300000275
3287.9639300847452,3442.7033792372886,8.428557100000035
3287.9639300847452,3422.538603019068,8.431155100000069
3287.9639300847452,3424.3019067796617,8.433843400000114
3287.9639300847452,3417.1478191207634,8.43646500000068
3287.9639300847452,3441.18060911017,8.439073100000314
3287.9639300847452,3425.6704886122884,8.44177209999998
3287.9639300847452,3432.682048463984,8.444380599999931
3287.9639300847452,3414.103425582628,8.446939999999813
3287.9639300847452,3430.6091128177973,8.449857600000541
3287.9639300847452,3425.072673463982,8.452496599999904
3287.9639300847452,3456.6593339512715,8.455093300000044
3287.9639300847452,3436.831812764831,8.45775279999998
3287.9639300847452,3440.497134533899,8.460373100000652
3287.9639300847452,3449.4067492055083,8.46295100000043
3287.9639300847452,3424.9329806673745,8.465890700000273
3287.9639300847452,3415.2360248940686,8.46847340000022
3287.9639300847452,3420.7286109639836,8.471111800000472
3287.9639300847452,3417.3762884004245,8.473753000000215
3287.9639300847452,3448.774488877119,8.47627680000005
3287.9639300847452,3460.0674523305092,8.478918700000577
3287.9639300847452,3457.401705508475,8.482849400000305
3287.9639300847452,3441.1988175317797,8.488163400000303
3287.9639300847452,3428.8510632944926,8.493440300000657
3287.9639300847452,3421.209384269068,8.498758100000487
3287.9639300847452,3423.7267015360176,8.503963199999816
3287.9639300847452,3413.9311387711873,8.50915410000016
3287.9639300847452,3456.599327330509,8.514540000000125
3287.9639300847452,3417.077505296612,8.519732200000362
3287.9639300847452,3436.144466366526,8.524933000000601
3287.9639300847452,3413.408511652543,8.530199300000277
3287.9639300847452,3423.9069544491526,8.533301299999948
3287.9639300847452,3431.549658368644,8.536137800000688
3287.9639300847452,3432.8807349046624,8.538771000000452
3287.9639300847452,3433.0331263241537,8.543025699999816
3287.9639300847452,3443.0223040254236,8.546309100000144
3287.9639300847452,3435.6772523834748,8.5490247000007
3287.9639300847452,3444.077517213984,8.55166520000057
3287.9639300847452,3427.835676641949,8.554247800000667
3287.9639300847452,3416.6080746822045,8.556932399999823
3287.9639300847452,3421.397858845339,8.560324900000523
3287.9639300847452,3426.902204713984,8.563140000000203
3287.9639300847452,3418.306702860171,8.565696200000275
3287.9639300847452,3433.2821239406785,8.568305000000692
3287.9639300847452,3430.672852224576,8.572502699999859
3287.9639300847452,3420.132955508476,8.575148900000386
3287.9639300847452,3439.6573675847467,8.579940200000237
3287.9639300847452,3425.110621027543,8.585185700000693
3287.9639300847452,3420.118344809323,8.590421800000513
3287.9639300847452,3427.60716101695,8.595123800000692
3287.9639300847452,3408.3636056673727,8.597809100000632
3287.9639300847452,3432.340030455509,8.601722400000654
3287.9639300847452,3450.6352595338976,8.604486100000031
3287.9639300847452,3434.1365956038135,8.607318500000474
3287.9639300847452,3441.9620378707637,8.609946000000491
3287.9639300847452,3439.4905667372886,8.61247110000022
3287.9639300847452,3435.9479581567807,8.61500630000046
3287.9639300847452,3425.0432309322027,8.61756510000032
3287.9639300847452,3432.126170550848,8.621409200000016
3287.9639300847452,3458.129229343221,8.62444349999987
3287.9639300847452,3422.2552012711867,8.627019300000029
3287.9639300847452,3433.160479343221,8.630223900000601
3287.9639300847452,3424.895215836865,8.633756400000493
3287.9639300847452,3421.0879118114403,8.636430399999881
3287.9639300847452,3417.925998411017,8.639222400000108
3287.9639300847452,3432.638155455509,8.644376700000066
3287.9639300847452,3430.964785487289,8.649578900000051
3287.9639300847452,3424.9799364406776,8.654708000000028
3287.9639300847452,3414.9307852224583,8.659373100000266
3287.9639300847452,3440.3046994173737,8.663424000000305
3287.9639300847452,3415.8654462394074,8.666018500000064
3287.9639300847452,3434.115385328391,8.668628600000375
3287.9639300847452,3414.787903866526,8.673532400000113
3287.9639300847452,3442.9243577860175,8.67876890000025
3287.9639300847452,3428.5210460805083,8.683928700000251
3287.9639300847452,3430.4472868114412,8.689093300000422
3287.9639300847452,3423.6425357521193,8.694172999999864
3287.9639300847452,3424.407349046611,8.696790699999838
3287.9639300847452,3440.2468273305094,8.699363700000504
3287.9639300847452,3433.6941724046605,8.701908099999855
3287.9639300847452,3449.3639102224583,8.705069800000274
3287.9639300847452,3428.552711864407,8.70765829999982
3287.9639300847452,3440.559066472458,8.711097000000336
3287.9639300847452,3413.2422259004243,8.713695100000223
3287.9639300847452,3429.136565148306,8.716253800000231
3287.9639300847452,3448.4424112817806,8.718953399999918
3287.9639300847452,3428.1016710805093,8.721531700000014
3287.9639300847452,3420.747715836865,8.724114499999814
3287.9639300847452,3431.258024364407,8.726686200000586
3287.9639300847452,3447.9632018008483,8.729237800000192
3287.9639300847452,3435.3169213453402,8.731788200000665
3287.9639300847452,3406.606918697035,8.734935999999834
3287.9639300847452,3447.401207627119,8.74007359999996
3287.9639300847452,3426.46491128178,8.745211700000254
3287.9639300847452,3426.07488479873,8.7505469000007
3287.9639300847452,3417.9127582097453,8.755070600000181
3287.9639300847452,3449.8940929555083,8.758375000000342
3287.9639300847452,3471.495021186441,8.762791300000572
3287.9639300847452,3450.1561056673736,8.768013800000517
3287.9639300847452,3458.171893538136,8.772041100000024
3287.9639300847452,3410.625991790255,8.77837450000061
3287.9639300847452,3469.16859375,8.783543200000167
3287.9639300847452,3441.483898305086,8.788742800000364
3287.9639300847452,3437.0447934322046,8.793835100000251
3287.9639300847452,3434.70917108051,8.796461400000226
3287.9639300847452,3441.9316181144072,8.801638200000525
3287.9639300847452,3433.418299788136,8.806898300000285
3287.9639300847452,3432.6314075741534,8.812066100000266
3287.9639300847452,3454.686596927966,8.817270999999892
3287.9639300847452,3430.814057203391,8.822463299999981
3287.9639300847452,3425.752449682204,8.827838400000473
3287.9639300847452,3427.012752913137,8.832987600000706
3287.9639300847452,3433.547680084746,8.83814910000001
3287.9639300847452,3414.697297404661,8.843162600000142
3287.9639300847452,3435.8783898305096,8.845841700000165
3287.9639300847452,3429.133061440679,8.848468700000012
3287.9639300847452,3426.3430336334745,8.852017900000646
3287.9639300847452,3449.7673238877123,8.855072400000608
3287.9639300847452,3406.9896994173732,8.857685599999968
3287.9639300847452,3419.45153072034,8.862366100000145
3287.9639300847452,3429.5562367584753,8.864949300000262
3287.9639300847452,3432.354745762712,8.867536100000507
3287.9639300847452,3435.9681753177974,8.870452799999839
3287.9639300847452,3420.4702648305088,8.874352499999986
3287.9639300847452,3423.768375264831,8.877025300000241
3287.9639300847452,3413.2396689618645,8.881221800000276
3287.9639300847452,3441.319615995763,8.883828200000607
3287.9639300847452,3421.183310381357,8.886407099999815
3287.9639300847452,3431.143138241526,8.889536800000315
3287.9639300847452,3445.100953389831,8.89471070000036
3287.9639300847452,3441.325550847458,8.899853200000507
3287.9639300847452,3443.184793432204,8.903441600000406
3287.9639300847452,3434.653362023306,8.906013800000437
3287.9639300847452,3444.89592690678,8.908687699999973
3287.9639300847452,3453.2685275423737,8.91218949999984
3287.9639300847452,3411.3042055084748,8.914860500000032
3287.9639300847452,3442.0375900423737,8.918395600000622
3287.9639300847452,3434.730177436441,8.924259600000369
3287.9639300847452,3436.7787605932217,8.929499700000633
3287.9639300847452,3409.845176112288,8.934980900000483
3287.9639300847452,3432.7971080508487,8.940498699999807
3287.9639300847452,3427.5437420550847,8.946196200000486
3287.9639300847452,3440.3754382944917,8.949196600000505
3287.9639300847452,3443.841097722459,8.952900300000692
3287.9639300847452,3433.4539830508484,8.956562100000156
3287.9639300847452,3432.1732534427965,8.961771000000226
3287.9639300847452,3415.381046080509,8.966928700000608
3287.9639300847452,3460.977425847457,8.971597300000212
3287.9639300847452,3437.2954488877117,8.975730699999986
3287.9639300847452,3448.6568723516957,8.980905800000073
3287.9639300847452,3444.2499417372883,8.984035000000404
3287.9639300847452,3429.39497351695,8.987533200000144
3287.9639300847452,3469.17723914195,8.990754999999808
3287.9639300847452,3450.2836030190683,8.993433100000402
3287.9639300847452,3437.045787870763,8.996041100000184
3287.9639300847452,3430.5397100105924,8.998626999999942
3287.9639300847452,3420.17234904661,9.001216800000293
3287.9639300847452,3429.6726112288143,9.00544870000067
3287.9639300847452,3427.91896848517,9.008087900000646
3287.9639300847452,3420.884528601695,9.010701300000619
3287.9639300847452,3456.0917266949155,9.013338900000235
3287.9639300847452,3459.3074271716105,9.015948000000208
3287.9639300847452,3430.9651496292377,9.019714900000508
3287.9639300847452,3425.0934494173744,9.025273900000684
3287.9639300847452,3426.8994729872884,9.030746500000532
3287.9639300847452,3434.9831647245774,9.03633979999995
3287.9639300847452,3418.6000225105945,9.040796400000545
3287.9639300847452,3437.1228283898317,9.044360300000335
3287.9639300847452,3416.3896702860175,9.049980100000539
3287.9639300847452,3432.1821318855946,9.054410499999904
3287.9639300847452,3460.008924788136,9.059897099999944
3287.9639300847452,3432.5313479872884,9.065887400000065
3287.9639300847452,3442.7467002118656,9.071278000000348
3287.9639300847452,3404.767974046611,9.076719800000319
3287.9639300847452,3417.170860699153,9.082389500000318
3287.9639300847452,3435.4813254766946,9.08754300000055
3287.9639300847452,3421.3646504237295,9.092441300000246
3287.9639300847452,3431.3540532309335,9.096629000000576
3287.9639300847452,3424.8539327330523,9.100627499999973
3287.9639300847452,3404.1719412076272,9.103193300000385
3287.9639300847452,3419.4460963983056,9.10577210000065
3287.9639300847452,3431.2238612288143,9.109172200000103
3287.9639300847452,3405.264956302966,9.111776499999905
3287.9639300847452,3425.3502370233064,9.115990700000111
3287.9639300847452,3461.6133924788137,9.121177699999862
3287.9639300847452,3429.850904396187,9.126358800000162
3287.9639300847452,3452.992734375001,9.13037710000026
3287.9639300847452,3448.4488122351704,9.134166499999992
3287.9639300847452,3445.424189618645,9.1381635000007
3287.9639300847452,3417.1179210805085,9.140735800000584
3287.9639300847452,3427.2171318855935,9.14344170000004
3287.9639300847452,3416.8732944915255,9.14736080000057
3287.9639300847452,3431.885255561441,9.149972000000162
3287.9639300847452,3444.88704581568,9.152569900000344
3287.9639300847452,3434.9509732521196,9.156873200000518
3287.9639300847452,3416.7713652012717,9.159448200000043
3287.9639300847452,3422.9880587923735,9.163441800000328
3287.9639300847452,3426.680737552967,9.168599900000117
3287.9639300847452,3448.6924589512714,9.171668699999827
3287.9639300847452,3430.841367849577,9.174661699999888
3287.9639300847452,3434.9165042372892,9.177967399999943
3287.9639300847452,3444.021492319915,9.181515900000704
3287.9639300847452,3430.5253575211887,9.184120100000655
3287.9639300847452,3420.062461599576,9.186767400000463
3287.9639300847452,3421.1156011652542,9.189415300000292
3287.9639300847452,3436.3693617584754,9.192040100000668
3287.9639300847452,3421.967918432204,9.195772200000647
3287.9639300847452,3431.6549947033905,9.198923800000557
3285.990650158898,3431.161771716102,9.204059400000006
3285.990650158898,3439.9924377648317,9.209189000000151
3285.990650158898,3442.594273040255,9.214689500000532
3285.990650158898,3444.067763506356,9.220067300000665
3285.990650158898,3421.539612023306,9.226194400000168
3285.990650158898,3416.8505746822048,9.229657800000496
3285.990650158898,3447.2044279661004,9.232278500000575
3285.990650158898,3412.205414459746,9.234910799999852
3285.990650158898,3450.850350900425,9.237511500000437
3285.990650158898,3437.310733580508,9.241452400000526
3285.990650158898,3421.6890598516948,9.244108200000483
3285.990650158898,3416.322451006356,9.246758400000544
3285.990650158898,3443.204880826272,9.249358200000643
3285.990650158898,3411.0360844809325,9.251947900000232
3285.990650158898,3426.81729608051,9.25456160000067
3285.990650158898,3435.4201496292376,9.258979400000499
3285.990650158898,3417.2178575211865,9.264237200000025
3285.990650158898,3426.944940413136,9.267788199999814
3285.990650158898,3465.561328125,9.270753300000251
3285.990650158898,3445.233007150424,9.273508700000093
3285.990650158898,3437.160177436442,9.276089099999808
3285.990650158898,3448.818702330509,9.278716700000587
3285.990650158898,3421.979466366525,9.281333599999925
3285.990650158898,3419.9112645656783,9.28393320000032
3285.990650158898,3417.1943114406786,9.286506800000097
3285.990650158898,3419.111514830509,9.289450400000533
3285.990650158898,3424.3612261652547,9.292085600000064
3285.990650158898,3443.4454369703403,9.294713500000398
3285.990650158898,3436.7262817796613,9.297338800000034
3285.990650158898,3425.2485725635597,9.29991500000051
3285.990650158898,3442.0572417902554,9.302507700000206
3285.990650158898,3425.7341393008483,9.30696320000061
3285.990650158898,3449.9308395127123,9.312115800000356
3285.990650158898,3426.2776814088993,9.317283500000485
3285.990650158898,3438.865409163136,9.32239490000029
3285.990650158898,3412.810509798729,9.327503200000137
3285.990650158898,3452.601925317797,9.331352000000152
3285.990650158898,3419.88367717161,9.334351999999853
3285.990650158898,3428.537147775424,9.339026000000558
3285.990650158898,3436.62101032839,9.344199900000604
3285.990650158898,3432.303906250002,9.349383000000671
3285.990650158898,3436.947828389831,9.354616800000258
3285.990650158898,3428.3925476694913,9.359814100000222
3285.990650158898,3418.7308752648305,9.364969400000518
3285.990650158898,3430.8015889830513,9.368354400000499
3285.990650158898,3437.1674337923737,9.3735099000005
3285.990650158898,3406.3114870233053,9.37857940000049
3285.990650158898,3427.850321769069,9.383706100000381
3285.990650158898,3435.2581859110173,9.388827900000251
3285.990650158898,3436.7265704449155,9.39397420000023
3285.990650158898,3429.504160487287,9.399144900000465
3285.990650158898,3427.3571438029667,9.404340500000217
3285.990650158898,3428.6733977754257,9.409473400000024
3285.990650158898,3424.3420365466104,9.41458109999985
3285.990650158898,3454.628752648305,9.419667300000583
3285.990650158898,3424.486689618644,9.424838500000078
3285.990650158898,3426.7471954449147,9.427966799999922
3285.990650158898,3430.9286864406786,9.431008200000178
3285.990650158898,3433.4615929555084,9.436829400000533
3271.1855270127116,3439.3845762711867,9.442050399999971
3271.1855270127116,3416.1596292372897,9.447245400000611
3271.1855270127116,3415.848068061441,9.45239550000042
3271.1855270127116,3418.701563824152,9.457310900000266
3271.1855270127116,3429.0502290783897,9.462266399999862
3271.1855270127116,3445.2500039724587,9.46785920000002
3271.1855270127116,3427.698007150424,9.473492300000544
3271.1855270127116,3420.371304290255,9.479053699999895
3271.1855270127116,3413.9789287605936,9.48419720000038
3271.1855270127116,3436.9035619703395,9.4890503000006
3271.1855270127116,3440.428429555086,9.494194300000345
3271.1855270127116,3444.2184110169496,9.499184400000559
3271.1855270127116,3412.0571265889835,9.504805800000213
3271.1855270127116,3396.2726085805075,9.51032320000013
3271.1855270127116,3425.111165254238,9.515882800000327
3271.1855270127116,3434.811069915255,9.520335100000011
3271.1855270127116,3408.59563559322,9.525906700000633
3271.1855270127116,3426.3398649364412,9.531508900000517
3271.1855270127116,3419.8775145656778,9.53613089999999
3271.1855270127116,3424.7154051906787,9.541570100000172
3271.1855270127116,3434.7506461864414,9.547122699999818
3271.1855270127116,3415.3272113347457,9.551593400000456
3271.1855270127116,3437.218812235171,9.556713699999818
3271.1855270127116,3412.68202595339,9.562351800000215
3271.1855270127116,3449.4276920021193,9.567576100000224
3271.1855270127116,3443.6413042902554,9.572820700000193
3271.1855270127116,3428.0479634533904,9.578537100000176
3271.1855270127116,3415.9888810911025,9.584022000000004
3271.1855270127116,3418.83653601695,9.587039200000618
3271.1855270127116,3403.0403217690687,9.58989400000064
3271.1855270127116,3420.2317121292376,9.59248370000023
3271.1855270127116,3442.3747020656783,9.595065600000453
3271.1855270127116,3405.1503681144063,9.597619600000144
3271.1855270127116,3444.4876668432216,9.60022410000056
3271.1855270127116,3426.000325741526,9.602784200000315
3271.1855270127116,3428.2542412605935,9.605441900000187
3271.1855270127116,3439.8875529661036,9.608050900000308
3271.1855270127116,3421.357097457627,9.610617400000592
3271.1855270127116,3421.1858103813556,9.613177500000347
3271.1855270127116,3417.60606726695,9.615806200000407
3271.1855270127116,3398.150721663136,9.618355800000245
3271.1855270127116,3420.451252648305,9.620996700000433
3271.1855270127116,3429.019578919492,9.623600500000066
3271.1855270127116,3429.523000529662,9.626158800000667
3271.1855270127116,3426.768855932204,9.628745699999854
3271.1855270127116,3419.2212195444918,9.631320999999843
3271.1855270127116,3444.4768935381353,9.633953900000051
3271.1855270127116,3425.7033951271187,9.636522900000273
3271.1855270127116,3427.8083871822028,9.641983299999993
3271.1855270127116,3418.170717690677,9.647267199999987
3271.1855270127116,3429.7465730932204,9.650626900000134
3271.1855270127116,3418.8240585275425,9.65394170000036
3271.1855270127116,3429.632971398305,9.659139700000196
3271.1855270127116,3426.6434666313567,9.664375400000608
3271.1855270127116,3401.969427966102,9.669543099999828
3271.1855270127116,3412.825789194916,9.674669900000481
3271.1855270127116,3422.974061175847,9.679860500000359
3271.1855270127116,3406.6685911016953,9.68500099999983
3271.1855270127116,3417.03809851695,9.690157
3271.1855270127116,3398.83498411017,9.695290700000442
3271.1855270127116,3406.866422139831,9.700435000000653
3271.1855270127116,3423.2926641949157,9.70554810000067
3271.1855270127116,3405.855659427966,9.710718400000587
3271.1855270127116,3413.852819120763,9.715310600000521
3271.1855270127116,3415.9260368114415,9.717959900000096
3271.1855270127116,3413.2927105402555,9.720569900000555
3271.1855270127116,3435.4068392478816,9.723204599999917
3271.1855270127116,3438.2416445974586,9.72581530000025
3271.1855270127116,3420.163675847458,9.728430799999842
3271.1855270127116,3440.5062301377134,9.731002900000021
3271.1855270127116,3414.2745074152544,9.734603400000196
3271.1855270127116,3420.3772351694925,9.739994000000479
3271.1855270127116,3424.750431673728,9.745187000000442
3271.1855270127116,3436.2088784427965,9.749489100000574
3271.1855270127116,3424.337677436441,9.755066499999884
3271.1855270127116,3438.3095484639834,9.758863200000633
3271.1855270127116,3402.752734375,9.764267300000029
3271.1855270127116,3400.044205508475,9.769707200000084
3271.1855270127116,3423.094968220339,9.775190199999997
3271.1855270127116,3419.6103297139834,9.78028970000014
3271.1855270127116,3448.896935911016,9.785682600000655
3271.1855270127116,3415.8596782309332,9.79158020000068
3271.1855270127116,3441.786761122882,9.797486600000411
3271.1855270127116,3412.8676655190675,9.802648599999884
3271.1855270127116,3424.956030190678,9.807888000000275
3271.1855270127116,3425.383490466102,9.810713800000485
3271.1855270127116,3425.209319385593,9.813396600000488
3271.1855270127116,3409.619678230933,9.816010399999868
3271.1855270127116,3432.722774099576,9.819588100000146
3271.1855270127116,3407.4048609639835,9.822210400000586
3271.1855270127116,3446.3484149894057,9.827228199999809
3271.1855270127116,3416.881949152543,9.832396800000424
3271.1855270127116,3412.663544756357,9.837597100000494
3271.1855270127116,3429.9873331567806,9.842222300000685
3271.1855270127116,3413.3200278072036,9.845369499999833
3271.1855270127116,3416.5321040783897,9.849013300000479
3271.1855270127116,3430.0000542902544,9.851656400000138
3271.1855270127116,3427.712997881357,9.855348500000218
3271.1855270127116,3443.239274364407,9.857965700000022
3271.1855270127116,3405.7310791843224,9.861240400000497
3271.1855270127116,3411.412277542374,9.864435100000264
3271.1855270127116,3435.421628707627,9.867548600000191
3271.1855270127116,3421.873507680085,9.870764300000701
3271.1855270127116,3419.5980124470343,9.873545600000398
3271.1855270127116,3421.142055084746,9.876618400000552
3271.1855270127116,3433.2965227754235,9.879206500000691
3271.1855270127116,3446.6088095868645,9.881818800000474
3271.1855270127116,3430.22871822034,9.88552350000009
3271.1855270127116,3426.5258659957635,9.88812390000021
3271.1855270127116,3426.208291843222,9.89068700000007
3271.1855270127116,3417.988675847457,9.893390600000203
3271.1855270127116,3441.0912963453397,9.897016100000656
3271.1855270127116,3430.524731197034,9.899624700000459
3271.1855270127116,3421.775105932204,9.902585400000135
3271.1855270127116,3426.892999205509,9.906253099999958
3271.1855270127116,3425.331332097458,9.90943580000021
3271.1855270127116,3416.711377118644,9.912845100000595
3271.1855270127116,3438.5858540783906,9.916539599999851
3271.1855270127116,3441.019316737289,9.919158400000015
3271.1855270127116,3421.91569782839,9.92181090000031
3271.1855270127116,3433.2193140889826,9.92551309999999
3271.1855270127116,3399.354210805084,9.928080800000316
3271.1855270127116,3410.463948622882,9.9306830000005
3271.1855270127116,3414.0184043961863,9.93329150000045
3271.1855270127116,3431.617878707628,9.93699000000015
3271.1855270127116,3405.934759004236,9.939613500000632
3271.1855270127116,3429.6196106991533,9.942232000000331
3271.1855270127116,3460.0304713983055,9.945908300000156
3271.1855270127116,3415.9863638771194,9.948493800000506
3271.1855270127116,3431.4592015360176,9.951070600000094
3271.1855270127116,3414.173657309323,9.954069000000345
3271.1855270127116,3440.1987725105937,9.957377499999893
3271.1855270127116,3421.808085275424,9.959992099999909
3271.1855270127116,3425.318740730933,9.962542500000382
3271.1855270127116,3434.1532719809325,9.966223899999932
3271.1855270127116,3464.725485963984,9.968819000000622
3271.1855270127116,3411.0813969809333,9.971468300000197
3271.1855270127116,3439.468755296612,9.976647700000285
3271.1855270127116,3420.716733315678,9.981773399999838
3271.1855270127116,3450.443041578392,9.986954900000455
3271.1855270127116,3424.8274218750007,9.992116899999928
3271.1855270127116,3421.6017068326273,9.997287099999994
3271.1855270127116,3420.231533368644,10.001312299999881
3271.1855270127116,3418.322695974577,10.005521000000044
3271.1855270127116,3422.6775251588992,10.010707100000218
3271.1855270127116,3428.054578919492,10.015887500000645
3271.1855270127116,3444.8033355402545,10.0210261000002
3271.1855270127116,3432.397611228813,10.026285100000678
3271.1855270127116,3438.7907547669492,10.031537700000627
3271.1855270127116,3425.589529925847,10.036742799999956
3271.1855270127116,3448.8655203919498,10.04191080000055
3271.1855270127116,3414.882722457628,10.047064700000192
3271.1855270127116,3412.186253972457,10.052372699999978
3271.1855270127116,3421.1768087923733,10.057551400000193
3271.1855270127116,3425.773195180085,10.062749900000199
3271.1855270127116,3417.2898543432198,10.068015599999853
3271.1855270127116,3419.8539433262704,10.070991100000356
3271.1855270127116,3438.576639300847,10.073620900000606
3271.1855270127116,3420.253391154662,10.077814100000069
3271.1855270127116,3436.7424192266953,10.080551400000331
3271.1855270127116,3414.5197576800847,10.08480039999995
3271.1855270127116,3423.1864830508475,10.08742540000003
3271.1855270127116,3422.6241379766957,10.090648500000498
3271.1855270127116,3413.6819491525425,10.093316000000414
3271.1855270127116,3410.5400556144077,10.097702099999879
3271.1855270127116,3422.9686189088993,10.100292200000695
3271.1855270127116,3399.5390029131354,10.102926800000205
3271.1855270127116,3416.7104819915253,10.107138500000474
3271.1855270127116,3424.434715307204,10.109744700000192
3271.1855270127116,3420.0284255826273,10.112344000000121
3271.1855270127116,3432.5093630826277,10.116617399999996
3271.1855270127116,3417.8334957627117,10.119245700000647
3271.1855270127116,3424.943401747881,10.121832200000426
3271.1855270127116,3419.6933633474587,10.125403500000175
3271.1855270127116,3405.1280203919505,10.128646600000138
3271.1855270127116,3398.155987817797,10.133881600000677
3271.1855270127116,3426.55248411017,10.139068500000576
3271.1855270127116,3426.7904687500004,10.144291800000246
3271.1855270127116,3427.475544226695,10.149853700000676
3271.1855270127116,3409.082623146186,10.152958300000137
3271.1855270127116,3414.5393101165255,10.157157000000552
3271.1855270127116,3423.0720630296614,10.159750599999825
3271.1855270127116,3443.1833898305085,10.163810900000499
3271.1855270127116,3458.0831554555093,10.167768400000568
3271.1855270127116,3425.556529396187,10.170342500000515
3271.1855270127116,3447.9121954449165,10.172948200000064
3271.1855270127116,3465.399327330508,10.177172300000166
3271.1855270127116,3413.726742584747,10.17980290000014
3271.1855270127116,3424.003156779661,10.182401800000662
3271.1855270127116,3420.4640426377114,10.18682330000047
3271.1855270127116,3424.09741128178,10.189469800000552
3271.1855270127116,3439.985679290255,10.19448360000024
3271.1855270127116,3449.4612248411026,10.198028400000112
3271.1855270127116,3404.7577899894077,10.20061059999989
3271.1855270127116,3438.8483448093234,10.204277700000603
3271.1855270127116,3437.0733514300846,10.207078500000534
3271.1855270127116,3412.5919676906788,10.210987000000387
3271.1855270127116,3399.5391247351695,10.216077699999914
3271.1855270127116,3417.681882944916,10.222136500000488
3271.1855270127116,3415.434606726695,10.22730589999992
3271.1855270127116,3420.244237288135,10.230840900000658
3271.1855270127116,3411.3354475635592,10.233634700000039
3271.1855270127116,3408.895952065678,10.23624319999999
3271.1855270127116,3427.7181104343217,10.239043200000197
3271.1855270127116,3417.2862764830506,10.244556499999817
3271.1855270127116,3425.320222457627,10.249709800000346
3271.1855270127116,3436.1842147775437,10.254960900000697
3271.1855270127116,3407.0643048199154,10.260116100000232
3271.1855270127116,3409.003085275425,10.265263600000253
3271.1855270127116,3421.057280190678,10.27044930000011
3271.1855270127116,3426.4924377648313,10.275669700000435
3271.1855270127116,3450.3063387182206,10.280827399999907
3271.1855270127116,3422.167779396187,10.285972499999843
3271.1855270127116,3411.644830508475,10.289189900000565
3271.1855270127116,3431.6106461864415,10.29180929999984
3271.1855270127116,3426.8443736758477,10.29456029999983
3271.1855270127116,3427.042832362288,10.298011599999882
3271.1855270127116,3445.2138122351694,10.300611200000276
3271.1855270127116,3450.038731461865,10.303304000000026
3271.1855270127116,3418.378679819915,10.305962600000385
3271.1855270127116,3410.7157203389834,10.308547100000396
3271.1855270127116,3421.0167174258468,10.311128800000006
3271.1855270127116,3418.7147801906785,10.313753400000678
3271.1855270127116,3424.103951271187,10.316325499999948
3271.1855270127116,3411.1085195974583,10.31895700000041
3271.1855270127116,3406.576027542373,10.32149920000029
3271.1855270127116,3410.071916048729,10.32410549999986
3271.1855270127116,3449.8261824682204,10.326656500000354
3271.1855270127116,3434.8690823622883,10.329230700000153
3271.1855270127116,3435.527627118644,10.331874000000425
3271.1855270127116,3418.232415254238,10.334526300000107
3271.1855270127116,3411.388780455509,10.337117699999908
3271.1855270127116,3450.2763678495758,10.339733900000283
3271.1855270127116,3438.528188559322,10.342285100000481
3271.1855270127116,3425.1713691737295,10.344842900000003
3271.1855270127116,3423.18303628178,10.347426500000438
3271.1855270127116,3425.7402701271194,10.350072900000669
3271.1855270127116,3429.856404925849,10.352778399999806
3271.1855270127116,3409.841369173729,10.355324799999835
3271.1855270127116,3424.592993908899,10.357903900000565
3271.1855270127116,3420.2919014830513,10.360491299999921
3271.1855270127116,3408.194731197033,10.3631232000007
3271.1855270127116,3448.3178734110174,10.36572520000027
3271.1855270127116,3421.038882415255,10.368428300000232
3271.1855270127116,3414.3000410487293,10.371086699999978
3271.1855270127116,3410.250132415255,10.373671400000603
3271.1855270127116,3416.0391657838973,10.37634960000014
3271.1855270127116,3418.2897139830516,10.378947000000153
3271.1855270127116,3428.691867055085,10.381530499999826
3271.1855270127116,3428.7063506355935,10.38420159999987
3271.1855270127116,3413.4755045021193,10.386843300000692
3271.1855270127116,3399.879303495763,10.389466500000708
3271.1855270127116,3415.5504118114395,10.392106899999817
3271.1855270127116,3433.9633911546616,10.3947134
3271.1855270127116,3421.904104872882,10.39734050000061
3271.1855270127116,3416.754087658899,10.40044350000062
3271.1855270127116,3417.536288400424,10.40308880000066
3271.1855270127116,3435.349071769067,10.405747300000257
3271.1855270127116,3437.9874417372885,10.408393600000636
3271.1855270127116,3471.8356779661012,10.410983200000373
3271.1855270127116,3416.1214605402556,10.413621800000328
3271.1855270127116,3409.7930693855933,10.418826000000081
3271.1855270127116,3402.6194173728813,10.424040900000364
3271.1855270127116,3411.97482256356,10.42925600000035
3271.1855270127116,3443.593015095339,10.434364800000367
3271.1855270127116,3404.5108434851695,10.439466700000594
3271.1855270127116,3452.3795352224565,10.444662800000515
3271.1855270127116,3497.5412897245765,10.447835100000702
3271.1855270127116,3460.028328919492,10.450428300000567
3271.1855270127116,3441.0942174258485,10.453166799999963
3271.1855270127116,3411.241398305085,10.456033899999966
3271.1855270127116,3426.36668167373,10.458619400000316
3271.1855270127116,3432.451755826272,10.461224600000605
3271.1855270127116,3409.101117584746,10.466013799999928
3271.1855270127116,3429.4744862288135,10.469433199999912
3271.1855270127116,3443.6964777542375,10.47203890000037
3271.1855270127116,3437.461407574154,10.474641000000702
3271.1855270127116,3430.471746557205,10.477844900000491
3271.1855270127116,3407.906839247882,10.481225900000027
3271.1855270127116,3430.2221279131363,10.48418860000038
3271.1855270127116,3420.9308448093216,10.487076500000512
3271.1855270127116,3421.2776800847455,10.489984300000287
3271.1855270127116,3410.117836334746,10.493416000000252
3271.1855270127116,3442.8528058792385,10.497683800000232
3271.1855270127116,3423.9227886652543,10.500295200000437
3271.1855270127116,3414.0790346927965,10.502906900000198
3271.1855270127116,3420.2400529661027,10.50555600000007
3271.1855270127116,3428.3416406250003,10.509742900000674
3271.1855270127116,3433.8143988347456,10.51236020000033
3271.1855270127116,3421.8203879766947,10.514951900000597
3271.1855270127116,3456.9775979872884,10.517535599999974
3271.1855270127116,3431.437101430084,10.520119100000557
3271.1855270127116,3429.6058289194925,10.522994100000687
3271.1855270127116,3417.5093458686433,10.526161400000092
3271.1855270127116,3426.899235963984,10.528741300000547
3271.1855270127116,3435.7673265360163,10.531330000000708
3271.1855270127116,3423.2703442796615,10.533924899999874
3271.1855270127116,3419.414944385593,10.536472300000241
3271.1855270127116,3415.138805614406,10.539057500000126
3271.1855270127116,3442.2309798728816,10.541722599999957
3271.1855270127116,3433.6241578389845,10.544306000000688
3271.1855270127116,3406.403115730932,10.546903999999813
3271.1855270127116,3424.9733699682206,10.549458800000139
3271.1855270127116,3448.659453125001,10.552021000000423
3271.1855270127116,3409.484654396187,10.554790300000604
3271.1855270127116,3404.433920815677,10.557742200000575
3271.1855270127116,3418.7650066207634,10.560441999999966
3271.1855270127116,3408.3026112288135,10.563033500000529
3271.1855270127116,3394.8897179555083,10.565637900000183
3271.1855270127116,3417.1159838453395,10.568235200000345
3271.1855270127116,3412.2415201271183,10.570824100000209
3271.1855270127116,3417.9273516949156,10.573478700000123
3271.1855270127116,3422.1913069385605,10.576080900000306
3271.1855270127116,3450.185432997882,10.57863290000023
3271.1855270127116,3401.6237182203404,10.581207100000029
3271.1855270127116,3414.3002251059324,10.583801100000528
3271.1855270127116,3428.326745233051,10.586337100000492
3271.1855270127116,3412.6932812500004,10.588945800000147
3271.1855270127116,3412.6147219279674,10.591550500000267
3271.1855270127116,3403.3128773834756,10.59411739999996
3271.1855270127116,3404.714182997882,10.596704700000373
3271.1855270127116,3406.9541207627117,10.599293600000237
3271.1855270127116,3420.104847722458,10.60195350000049
3271.1855270127116,3426.8349430614408,10.605871200000365
3271.1855270127116,3447.01155720339,10.60912989999997
3271.1855270127116,3456.6272960805095,10.61197440000069
3271.1855270127116,3428.289555084748,10.614603900000475
3271.1855270127116,3428.5918617584744,10.617759900000237
3271.1855270127116,3420.827778072034,10.620398099999875
3271.1855270127116,3410.7540466101705,10.622972799999843
3271.1855270127116,3433.6582997881364,10.625518400000146
3271.1855270127116,3419.4435963983055,10.62808320000022
3271.1855270127116,3425.4869928495773,10.63070500000049
3271.1855270127116,3409.248845338984,10.633288699999866
3271.1855270127116,3417.933117055085,10.63592349999999
3271.1855270127116,3431.01310911017,10.638515600000574
3271.1855270127116,3439.0164592161013,10.641090099999928
3271.1855270127116,3426.856685646187,10.643684399999984
3271.1855270127116,3413.86971398305,10.646338700000342
3271.1855270127116,3412.955234375,10.648939100000462
3271.1855270127116,3416.532616525425,10.651622800000041
3271.1855270127116,3399.212661546611,10.654175300000134
3271.1855270127116,3406.0571729343224,10.656802000000425
3271.1855270127116,3434.3894782838984,10.659410600000228
3271.1855270127116,3417.227296080508,10.66199400000005
3271.1855270127116,3420.624769597457,10.664577700000336
3271.1855270127116,3399.7034322033905,10.667442800000572
3271.1855270127116,3440.9500052966105,10.672304800000347
3271.1855270127116,3457.9330045021193,10.677989800000432
3271.1855270127116,3431.47618246822,10.683580300000358
3271.1855270127116,3439.2218630826274,10.68864670000039
3271.1855270127116,3428.115777277543,10.693768099999943
3271.1855270127116,3423.065019862288,10.698876999999811
3271.1855270127116,3423.9588042902546,10.704251000000113
3271.1855270127116,3435.996003707628,10.709817699999803
3271.1855270127116,3443.142763506356,10.715368600000147
3271.1855270127116,3408.2133990995762,10.719864300000154
3271.1855270127116,3434.39457362288,10.725436800000352
3271.1855270127116,3460.8757110699153,10.730985500000315
3271.1855270127116,3438.3246014300867,10.736589500000264
3271.1855270127116,3454.548871822034,10.742173800000273
3271.1855270127116,3412.481399629238,10.746816100000615
3271.1855270127116,3410.5729369703395,10.750111500000457
3271.1855270127116,3455.578670550847,10.75532209999983
3271.1855270127116,3424.625887182203,10.76094009999997
3271.1855270127116,3443.0177582097463,10.766234800000348
3271.1855270127116,3423.4420233050846,10.771119900000485
3271.1855270127116,3413.0541419491533,10.776683300000514
3271.1855270127116,3421.650701800848,10.781199500000184
3271.1855270127116,3418.7958858580514,10.78677610000068
3271.1855270127116,3410.8820074152554,10.792242999999871
3271.1855270127116,3391.866995497881,10.796788300000117
3271.1855270127116,3408.8206369173727,10.801206799999818
3271.1855270127116,3425.9781925317798,10.806745500000034
3271.1855270127116,3424.89890625,10.811223499999869
3271.1855270127116,3418.7557018008483,10.817069800000354
3271.1855270127116,3393.825206567797,10.822169099999883
3271.1855270127116,3406.852247086864,10.829535300000316
3271.1855270127116,3442.4163254766945,10.83324470000025
3271.1855270127116,3450.0355813029673,10.835872100000415
3271.1855270127116,3407.8533222987285,10.83848450000005
3271.1855270127116,3432.6292968750013,10.843468099999882
3271.1855270127116,3429.7812049788145,10.848642100000689
3271.1855270127116,3410.616636652543,10.85243730000002
3271.1855270127116,3423.511436705509,10.855066799999804
3271.1855270127116,3448.460839512713,10.858445300000312
3271.1855270127116,3436.5662089512707,10.861034300000028
3271.1855270127116,3417.733331567797,10.863673500000004
3271.1855270127116,3421.8795312500015,10.866815200000019
3271.1855270127116,3430.8556289724593,10.869401200000539
3271.1855270127116,3422.1708527542387,10.87206900000001
3271.1855270127116,3415.4470762711867,10.875953600000685
3271.1855270127116,3423.917815148306,10.878587600000174
3271.1855270127116,3427.6789843750007,10.881170499999826
3271.1855270127116,3466.902881355932,10.883800700000393
3271.1855270127116,3414.3395590572036,10.886473800000203
3271.1855270127116,3417.2950185381355,10.889643000000433
3271.1855270127116,3437.431921345339,10.892308299999968
3271.1855270127116,3419.5779872881353,10.894910200000595
3271.1855270127116,3446.2021676377126,10.898445300000276
3271.1855270127116,3409.3957163665264,10.901110100000551
3271.1855270127116,3437.2088718220343,10.903724599999805
3271.1855270127116,3417.145954713983,10.906899700000395
3271.1855270127116,3436.643760593221,10.909501300000557
3271.1855270127116,3423.1357507944913,10.912144200000512
3271.1855270127116,3410.7614830508487,10.914727600000333
3271.1855270127116,3415.399229343221,10.917369300000246
3271.1855270127116,3429.090317796611,10.919964499999878
3271.1855270127116,3416.3664909957633,10.923165400000471
3271.1855270127116,3415.3303614936444,10.925790300000699
3271.1855270127116,3429.985282044491,10.928473900000427
3271.1855270127116,3418.3384772245763,10.931089499999871
3271.1855270127116,3408.5057521186436,10.933681200000137
3271.1855270127116,3408.6921530720338,10.93667860000005
3271.1855270127116,3445.7514804025423,10.93944670000019
3271.1855270127116,3431.805799788137,10.942044899999928
3271.1855270127116,3442.0286626059324,10.944634000000406
3271.1855270127116,3437.0174602754246,10.947245400000611
3271.1855270127116,3435.4921371822024,10.949821500000326
3271.1855270127116,3434.383708951271,10.952872700000626
3271.1855270127116,3406.6867465572036,10.955574700000398
3271.1855270127116,3446.905381355933,10.95822490000046
3271.1855270127116,3413.400103283899,10.960798900000555
3271.1855270127116,3409.6635831567805,10.963380000000143
3271.1855270127116,3459.8381236758482,10.965983800000686
3271.1855270127116,3410.4472153072043,10.968596600000637
3271.1855270127116,3417.7600979872896,10.971151300000201
3271.1855270127116,3426.219096927967,10.973741100000552
3271.1855270127116,3414.9359123411023,10.976372300000548
3271.1855270127116,3443.2129687500005,10.978946000000178
3271.1855270127116,3419.126370497882,10.98153689999981
3271.1855270127116,3422.9640956038133,10.984331300000122
3271.1855270127116,3434.9469650423744,10.987322500000118
3271.1855270127116,3405.6213638771187,10.989928800000598
3271.1855270127116,3450.289302171611,10.992558800000552
3271.1855270127116,3471.6128191207627,10.995149100000162
3271.1855270127116,3420.778621557204,10.997764300000199
3271.1855270127116,3417.2245683262718,11.000371300000552
3271.1855270127116,3413.3905243644076,11.003012300000591
3271.1855270127116,3412.3289684851698,11.005655500000103
3271.1855270127116,3431.203953919491,11.008286899999803
3271.1855270127116,3433.7459454449154,11.010861800000384
3271.1855270127116,3390.0650489936443,11.013428400000521
3271.1855270127116,3415.290818326272,11.016159400000106
3271.1855270127116,3422.074668961864,11.019191899999896
3271.1855270127116,3404.6363983050855,11.021769400000267
3271.1855270127116,3410.8182402012726,11.024342300000171
3271.1855270127116,3429.2597815148306,11.026939000000311
3271.1855270127116,3439.553380561442,11.029549599999882
3271.1855270127116,3408.6855760063563,11.032529300000533
3271.1855270127116,3422.150885858051,11.037706400000388
3271.1855270127116,3454.0283302436446,11.041716000000633
3271.1855270127116,3433.856611493645,11.046951100000115
3271.1855270127116,3406.632199417373,11.052102700000432
3271.1855270127116,3441.8641551906785,11.057359800000086
3271.1855270127116,3417.7417849576264,11.061154300000453
3271.1855270127116,3406.6542809851703,11.06382769999982
3271.1855270127116,3425.4736109639844,11.066473599999881
3271.1855270127116,3394.3876853813554,11.069078700000318
3271.1855270127116,3402.88669226695,11.071645300000455
3271.1855270127116,3422.715103283899,11.074244000000363
3271.1855270127116,3412.5178535487294,11.076829000000544
3271.1855270127116,3433.1545974576275,11.080774500000189
3271.1855270127116,3413.8218524894073,11.085946199999853
3271.1855270127116,3430.6855945444927,11.089603200000056
3271.1855270127116,3417.8581130826274,11.092564800000218
3271.1855270127116,3422.3692809851705,11.09545100000014
3271.1855270127116,3424.997322563561,11.098066100000324
3271.1855270127116,3413.34586996822,11.100640800000292
3271.1855270127116,3413.546382415254,11.103185500000109
3271.1855270127116,3405.541528072033,11.10574650000035
3271.1855270127116,3434.838441472458,11.108351800000491
3271.1855270127116,3390.9327595338987,11.111090400000649
3271.1855270127116,3467.363853283899,11.113680299999942
3271.1855270127116,3409.369937764831,11.116371300000537
3271.1855270127116,3427.040778601695,11.118993099999898
3271.1855270127116,3431.546647245763,11.121610799999871
3271.1855270127116,3426.9287778072035,11.124223700000584
3271.1855270127116,3415.435076800848,11.12681750000047
3271.1855270127116,3407.180952065677,11.129391500000565
3271.1855270127116,3434.281318855932,11.132109799999853
3271.1855270127116,3415.937256355932,11.134760100000676
3271.1855270127116,3408.3388201800853,11.137360000000626
3271.1855270127116,3408.8429197563564,11.139979999999923
3271.1855270127116,3392.495309851695,11.143112800000381
3271.1855270127116,3426.964134004239,11.148267800000212
3271.1855270127116,3427.867657574153,11.152602900000602
3271.1855270127116,3409.953571239407,11.155618300000242
3271.1855270127116,3406.1031673728803,11.158519000000524
3271.1855270127116,3444.9091393008475,11.161089500000344
3271.1855270127116,3423.9432733050844,11.163696900000105
3271.1855270127116,3432.821663135594,11.168305700000019
3271.1855270127116,3405.269201536017,11.175600000000486
3271.1855270127116,3430.941836599576,11.18094850000034
3271.1855270127116,3420.705305879238,11.187320500000169
3271.1855270127116,3440.7158037605936,11.193208000000595
3271.1855270127116,3411.9978787076266,11.198683399999936
3271.1855270127116,3424.858801641949,11.20405110000047
3271.1855270127116,3404.420815677966,11.209530500000255
3271.1855270127116,3424.7950092690676,11.21491690000039
3271.1855270127116,3431.8144888771194,11.220781200000602
3271.1855270127116,3436.9227171610173,11.22896750000018
3271.1855270127116,3443.1103641419495,11.23162130000037
3271.1855270127116,3445.4050715042385,11.234282800000074
3271.1855270127116,3440.4732680084753,11.237879700000121
3271.1855270127116,3415.848838718221,11.243877700000667
3271.1855270127116,3412.3396279131357,11.249135099999876
3271.1855270127116,3417.7366578389833,11.254411200000504
3271.1855270127116,3419.0975039724567,11.259991400000217
3271.1855270127116,3437.0707097457635,11.265286100000594
3271.1855270127116,3413.7951721398317,11.270452400000067
3271.1855270127116,3429.7160156249997,11.27615700000024
3271.1855270127116,3423.2971001059323,11.281446699999833
3271.1855270127116,3418.518167372881,11.288985500000308
3271.1855270127116,3423.6602105402553,11.29327319999993
3271.1855270127116,3432.15589512712,11.296083700000054
3271.1855270127116,3436.6784123411007,11.29925860000003
3271.1855270127116,3411.068863877119,11.301906400000007
3271.1855270127116,3440.1460579978825,11.30459350000001
3271.1855270127116,3449.276297669492,11.307332700000188
3271.1855270127116,3421.6037539724584,11.309996400000273
3271.1855270127116,3425.721394332628,11.31265010000061
3271.1855270127116,3428.473563294491,11.315448000000288
3271.1855270127116,3423.798240201272,11.318128200000501
3271.1855270127116,3434.5306408898323,11.320677499999874
3271.1855270127116,3418.9809202860174,11.32329050000044
3271.1855270127116,3424.1621663135606,11.325913200000286
3271.1855270127116,3412.60044756356,11.328509900000427
3271.1855270127116,3440.277607256356,11.33142130000033
3271.1855270127116,3442.3854899364414,11.334081699999842
3271.1855270127116,3411.070132415254,11.336750999999822
3271.1855270127116,3425.703851959745,11.339386999999988
3271.1855270127116,3399.6711387711866,11.342003400000067
3271.1855270127116,3418.0715002648312,11.344652900000256
3271.1855270127116,3414.3833143538145,11.347467900000083
3271.1855270127116,3422.1915254237288,11.350096799999847
3271.1855270127116,3441.3985394597476,11.352705899999819
3271.1855270127116,3434.0174721927965,11.3553294000003
3271.1855270127116,3456.1365161546614,11.357954500000233
3271.1855270127116,3460.529402807204,11.360829700000068
3271.1855270127116,3422.152657574152,11.363492800000131
3271.1855270127116,3419.0144306144066,11.36619950000022
3271.1855270127116,3417.206121557204,11.369517900000574
3271.1855270127116,3419.104862288136,11.374848800000109
3271.1855270127116,3421.72412473517,11.377993699999934
3271.1855270127116,3419.923652012713,11.380621400000564
3271.1855270127116,3447.5063943326286,11.383257100000264
3271.1855270127116,3421.4432084216105,11.385858200000257
3271.1855270127116,3398.8202370233053,11.38936990000002
3271.1855270127116,3399.694010858052,11.392037000000528
3271.1855270127116,3442.111909427967,11.395277600000554
3271.1855270127116,3460.0606263241534,11.39794880000045
3271.1855270127116,3424.261500264831,11.40116990000024
3271.1855270127116,3406.046822033899,11.403990000000704
3271.1855270127116,3394.2424205508482,11.406710700000076
3271.1855270127116,3421.3991300317803,11.409883500000433
3271.1855270127116,3406.4325357521184,11.412549499999841
3271.1855270127116,3420.570282044492,11.415244100000564
3271.1855270127116,3417.896326800847,11.417905600000267
3271.1855270127116,3431.004388241526,11.42049980000047
3271.1855270127116,3391.803475900424,11.42311030000019
3271.1855270127116,3416.603128972458,11.426403400000709
3271.1855270127116,3410.7750635593225,11.429078300000583
3271.1855270127116,3399.880135063559,11.431680100000449
3271.1855270127116,3418.1281223516953,11.434283300000061
3271.1855270127116,3423.843497086864,11.436979000000065
3271.1855270127116,3429.534635858052,11.439655300000595
3271.1855270127116,3420.519653072034,11.442281999999977
3271.1855270127116,3418.2822881355933,11.44489490000069
3271.1855270127116,3433.8469213453395,11.447537000000011
3271.1855270127116,3432.617409957627,11.450171999999839
3271.1855270127116,3421.6746663135596,11.452830000000176
3271.1855270127116,3407.329797404662,11.456056200000603
3271.1855270127116,3421.7724112817805,11.458725700000286
3271.1855270127116,3425.563436175848,11.461350000000493
3271.1855270127116,3436.4682838983053,11.464030099999945
3271.1855270127116,3416.7326893538134,11.466687000000093
3271.1855270127116,3440.6244849046616,11.469334700000218
3271.1855270127116,3433.181660487288,11.472101000000293
3271.1855270127116,3430.669111493644,11.47470980000071
3271.1855270127116,3443.5898172669495,11.477417900000546
3271.1855270127116,3400.354948358051,11.480027700000392
3271.1855270127116,3424.281007680085,11.482660900000155
3271.1855270127116,3415.985786546611,11.485253200000443
3271.1855270127116,3423.0167624470346,11.49068460000035
3271.1855270127116,3410.5852542372886,11.494364199999836
3271.1855270127116,3425.6492611228814,11.497063000000708
3271.1855270127116,3453.358278601696,11.499745699999949
3271.1855270127116,3407.9945775953383,11.502624400000059
3271.1855270127116,3409.153204449153,11.505252300000393
3271.1855270127116,3417.0166220868646,11.508225399999901
3271.1855270127116,3409.0860447563564,11.510943600000246
3271.1855270127116,3440.0042439088984,11.513590500000646
3271.1855270127116,3415.65827065678,11.516247399999884
3271.1855270127116,3424.9419491525414,11.519216100000449
3271.1855270127116,3427.40207229873,11.521886700000323
3271.1855270127116,3421.6475132415258,11.52453719999994
3271.1855270127116,3444.6456236758463,11.527146000000357
3271.1855270127116,3429.265647510593,11.529841300000044
3271.1855270127116,3432.195019862288,11.532469499999934
3271.1855270127116,3436.2347801906785,11.535674900000231
3271.1855270127116,3422.8445881885596,11.538298600000417
3271.1855270127116,3414.9874364406787,11.541684100000566
3271.1855270127116,3437.4077462923733,11.544511600000078
3271.1855270127116,3429.378399099577,11.54712230000041
3271.1855270127116,3449.355771980933,11.550665000000663
3271.1855270127116,3434.602519862288,11.553286000000298
3271.1855270127116,3416.3749602754237,11.555892100000165
3271.1855270127116,3437.790000000002,11.558463400000619
3271.1855270127116,3430.0317915783903,11.561129300000175
3271.1855270127116,3424.1807229872893,11.566773399999875
3271.1855270127116,3436.212795286017,11.573282800000015
3271.1855270127116,3417.6011811440676,11.5760149000007
3271.1855270127116,3425.164807997882,11.580627800000002
3271.1855270127116,3406.3909401483047,11.58603519999997
3271.1855270127116,3428.601579713984,11.591285000000425
3271.1855270127116,3403.5769107521187,11.596562400000039
3271.1855270127116,3416.423403072033,11.601628500000515
3271.1855270127116,3405.069643802965,11.604640999999901
3271.1855270127116,3435.4292518538145,11.607441199999812
3271.1855270127116,3429.13168167373,11.611434600000393
3271.1855270127116,3419.077360963984,11.614125699999931
3271.1855270127116,3403.5691141419493,11.616895199999817
3271.1855270127116,3432.7391909427965,11.619723100000556
3271.1855270127116,3433.124623940678,11.622366600000532
3271.1855270127116,3424.2600211864415,11.625412000000324
3271.1855270127116,3436.3120881885598,11.6306639000004
3271.1855270127116,3426.747347722458,11.635982100000547
3271.1855270127116,3428.8847391419495,11.6390793999999
3271.1855270127116,3402.496514830508,11.643056200000501
3271.1855270127116,3422.8953005826265,11.64750069999991
3271.1855270127116,3411.757200741526,11.653297800000473
3271.1855270127116,3423.213634798729,11.658961799999815
3271.1855270127116,3419.64743246822,11.663683200000378
3271.1855270127116,3420.909753707628,11.666296299999885
3271.1855270127116,3428.2566843220347,11.671557399999983
3271.1855270127116,3409.3268458686443,11.676633900000525
3271.1855270127116,3412.4026496292377,11.683169400000224
3271.1855270127116,3446.615064883475,11.688601200000448
3271.1855270127116,3446.29228151483,11.693666300000586
3271.1855270127116,3407.0598569915255,11.69662470000003
3271.1855270127116,3419.508136917372,11.69969040000069
3271.1855270127116,3433.525471398306,11.702316900000369
3271.1855270127116,3417.032194120763,11.707162700000481
3271.1855270127116,3410.4375993114418,11.712524399999893
3271.1855270127116,3438.5881289724566,11.718233300000065
3271.1855270127116,3432.347620497882,11.724521099999947
3271.1855270127116,3447.4359613347456,11.730638699999872
3271.1855270127116,3414.912640360171,11.736423899999863
3271.1855270127116,3425.712370233052,11.742854699999953
3271.1855270127116,3424.0119623940686,11.749298900000213
3271.1855270127116,3429.0180945444927,11.754586300000483
3271.1855270127116,3440.406851165255,11.759309300000496
3271.1855270127116,3436.1899430614417,11.762926700000207
3271.1855270127116,3406.564811970339,11.765827199999876
3271.1855270127116,3404.154960275424,11.769230300000345
3271.1855270127116,3406.354257150425,11.775025800000549
3271.1855270127116,3440.7611242055086,11.780890900000486
3271.1855270127116,3427.8004753707637,11.786150300000372
3271.1855270127116,3423.0441406250006,11.79149039999993
3271.1855270127116,3431.7087261652546,11.796730500000194
3271.1855270127116,3405.161001059322,11.801913899999818
3271.1855270127116,3411.709188294492,11.807479300000523
3271.1855270127116,3420.819136652541,11.810169000000315
3271.1855270127116,3419.7047510593225,11.812815500000397
3271.1855270127116,3412.724993379238,11.815529399999832
3271.1855270127116,3409.4429488877117,11.818248500000664
3271.1855270127116,3421.452586069915,11.821007100000315
3271.1855270127116,3439.446423463982,11.82474430000002
3271.1855270127116,3421.214755031781,11.827611400000023
3271.1855270127116,3438.468430879238,11.830253500000254
3271.1855270127116,3403.450826271186,11.834182300000066
3271.1855270127116,3419.8648185911024,11.836906399999862
3271.1855270127116,3416.3604952330516,11.840530299999955
3271.1855270127116,3413.6904369703384,11.84569509999983
3271.1855270127116,3418.1636056673733,11.850905300000704
3271.1855270127116,3431.2375013241535,11.856122099999993
3271.1855270127116,3421.9473384533912,11.86068400000022
3271.1855270127116,3423.7909759004233,11.866227900000013
3271.1855270127116,3408.893768538136,11.87175660000048
3271.1855270127116,3434.696398305085,11.87714700000015
3271.1855270127116,3424.6163347457637,11.88141640000049
3271.1855270127116,3421.374608050848,11.885846000000129
3271.1855270127116,3425.6018299788147,11.890513000000283
3271.1855270127116,3406.542537076272,11.89561120000053
3271.1855270127116,3434.1992915783903,11.899936400000115
3271.1855270127116,3424.5756342690675,11.904938600000605
3271.1855270127116,3431.890354872882,11.909728399999949
3271.1855270127116,3414.4004819915253,11.915310800000043
3271.1855270127116,3442.543530190679,11.920158100000663
3271.1855270127116,3420.8084732521183,11.925691100000222
3271.1855270127116,3415.341586334746,11.93020560000059
3271.1855270127116,3418.117905190679,11.935197400000106
3271.1855270127116,3424.727827065678,11.940463400000226
3271.1855270127116,3426.680190677966,11.946027699999831
3271.1855270127116,3421.711979608051,11.949719500000356
3271.1855270127116,3414.7078085275416,11.95428400000037
3271.1855270127116,3429.8700993114403,11.959959400000116
3271.1855270127116,3418.829218749999,11.965965800000049
3271.1855270127116,3416.1281210275424,11.97127140000066
3271.1855270127116,3405.4601681673735,11.976737800000592
3271.1855270127116,3425.670644862289,11.98045330000059
3271.1855270127116,3435.158608315678,11.983280299999933
3271.1855270127116,3422.773368644068,11.987302200000158
3271.1855270127116,3429.9967955508478,11.99133940000047
3271.1855270127116,3443.726251324154,11.996727300000202
3271.1855270127116,3406.6686096398303,12.00197560000015
3271.1855270127116,3426.2305971927967,12.007524499999818
3271.1855270127116,3417.95060381356,12.010140800000045
3271.1855270127116,3422.4358699682207,12.01393040000039
3271.1855270127116,3421.4406316207633,12.017101600000387
3271.1855270127116,3422.607768802967,12.0211761999999
3271.1855270127116,3426.7493564618653,12.029745300000286
3271.1855270127116,3424.095225105933,12.03521770000043
3271.1855270127116,3464.1769028072044,12.039936900000612
3271.1855270127116,3397.2517717161027,12.04336880000028
3271.1855270127116,3440.8561520127123,12.048606600000312
3271.1855270127116,3420.683339512712,12.053079500000422
3271.1855270127116,3424.836599576272,12.056144000000131
3271.1855270127116,3423.49887447034,12.061490000000049
3271.1855270127116,3433.62219809322,12.066444099999899
3271.1855270127116,3401.9133434851683,12.07383420000042
3271.1855270127116,3431.218379237289,12.079563899999812
3271.1855270127116,3430.203701006356,12.086522000000514
3271.1855270127116,3430.4479952330503,12.09200090000013
3271.1855270127116,3421.7061480402544,12.097312700000657
3271.1855270127116,3414.385632944915,12.102692800000113
3271.1855270127116,3438.5019107521193,12.108271900000545
3271.1855270127116,3412.041374470339,12.113688299999922
3271.1855270127116,3415.7097047139823,12.118006900000182
3271.1855270127116,3462.4426549258483,12.12105690000044
3271.1855270127116,3407.708867849577,12.12659530000019
3271.1855270127116,3432.086406250001,12.13188799999989
3271.1855270127116,3416.9374682203397,12.137180499999886
3271.1855270127116,3406.1015823622884,12.14254609999989
3271.1855270127116,3419.6898278601693,12.148132299999816
3271.1855270127116,3413.9926416843227,12.154197900000327
3271.1855270127116,3410.9762658898308,12.158682600000247
3271.1855270127116,3412.940777277542,12.16383279999991
3271.1855270127116,3397.959719279662,12.16901880000023
3271.1855270127116,3417.8845127118657,12.174747099999877
3271.1855270127116,3408.5256117584754,12.180180700000165
3271.1855270127116,3409.7716075211865,12.185381500000403
3271.1855270127116,3416.625989141949,12.190737800000534
3271.1855270127116,3418.5910354872876,12.194307700000536
3271.1855270127116,3431.2550185381356,12.19880270000067
3271.1855270127116,3421.0367942266957,12.203724599999987
3271.1855270127116,3420.249461069916,12.208085700000083
3271.1855270127116,3432.184707362288,12.214172099999814
3271.1855270127116,3416.9094809322037,12.219435500000145
3271.1855270127116,3433.358645391949,12.225265900000522
3271.1855270127116,3411.648557997882,12.230607299999974
3271.1855270127116,3398.285303230933,12.236765600000581
3271.1855270127116,3418.992021980932,12.242770100000598
3271.1855270127116,3415.5961996822043,12.246841400000449
3271.1855270127116,3420.8598040254246,12.25224849999995
3271.1855270127116,3413.3629382944914,12.254936899999848
3271.1855270127116,3416.4909427966104,12.261162000000695
3271.1855270127116,3412.5928614936447,12.267060900000615
3271.1855270127116,3413.3707349046604,12.273003400000562
3271.1855270127116,3417.0382269597458,12.283343800000694
3271.1855270127116,3425.3298397775425,12.291447600000538
3271.1855270127116,3419.8187023305086,12.29686430000038
3271.1855270127116,3427.030252913136,12.302218700000594
3271.1855270127116,3477.690157574152,12.308618400000341
3271.1855270127116,3429.294543167373,12.313833799999884
3271.1855270127116,3422.8703456038147,12.31923210000059
3271.1855270127116,3390.8125542902535,12.325257600000441
3271.1855270127116,3421.2818697033904,12.331449199999952
3271.1855270127116,3415.798395127119,12.334591900000305
3271.1855270127116,3430.5282931673737,12.341421900000569
3271.1855270127116,3442.334062500001,12.347878000000492
3271.1855270127116,3419.4007296080513,12.35530850000032
3271.1855270127116,3413.885560116525,12.360976500000106
3271.1855270127116,3435.464674258475,12.366734300000644
3271.1855270127116,3420.053928760593,12.372083500000372
3271.1855270127116,3413.1981925317796,12.37746900000002
3271.1855270127116,3417.518079978814,12.382733100000223
3271.1855270127116,3418.314063824152,12.386406700000407
3271.1855270127116,3438.8806064618648,12.390421699999933
3271.1855270127116,3433.2315492584744,12.394239400000515
3271.1855270127116,3425.568908898305,12.399013500000365
3271.1855270127116,3441.447431144068,12.404231299999992
3271.1855270127116,3408.784322033898,12.409507000000303
3271.1855270127116,3403.891555879237,12.413160300000527
3271.1855270127116,3414.8310897775427,12.41574170000058
3271.1855270127116,3418.2226721398315,12.419575900000382
3271.1855270127116,3397.993471927967,12.425333400000454
3271.1855270127116,3418.071918697034,12.429407200000242
3271.1855270127116,3431.224789459746,12.435099899999841
3271.1855270127116,3425.9172854872886,12.440879000000677
3271.1855270127116,3425.165075476695,12.448216900000261
3271.1855270127116,3432.138613612289,12.453620000000228
3271.1855270127116,3438.750492584746,12.46036439999989
3271.1855270127116,3405.1335010593225,12.464792700000544
3271.1855270127116,3421.1805230402542,12.469316200000321
3271.1855270127116,3411.8293988347473,12.475034600000072
3271.1855270127116,3404.769585540254,12.480205500000011
3271.1855270127116,3422.763540783898,12.485368800000288
3271.1855270127116,3421.9618034957625,12.490595100000064
3271.1855270127116,3416.907999205508,12.498009900000397
3271.1855270127116,3448.9534454449167,12.503931500000363
3271.1855270127116,3425.498499735169,12.510707600000387
3271.1855270127116,3405.5107428495776,12.517852200000561
3271.1855270127116,3431.600611758475,12.529876800000238
3271.1855270127116,3412.787891949153,12.535739800000556
3271.1855270127116,3412.323516949153,12.542601500000274
3271.1855270127116,3425.6018948622886,12.5499362999999
3271.1855270127116,3413.5680362817798,12.555170200000248
3271.1855270127116,3434.037191472458,12.565886899999896
3271.1855270127116,3431.608013771186,12.574763200000234
3271.1855270127116,3419.407997881357,12.583465400000023
3271.1855270127116,3427.235745497882,12.590268400000241
3271.1855270127116,3420.1009308792372,12.606016000000636
3271.1855270127116,3446.635096663136,12.614950400000453
3271.1855270127116,3429.7834772245765,12.620641100000284
3271.1855270127116,3432.0107666843223,12.62918930000069
3271.1855270127116,3431.6751681673736,12.6345723000004
3271.1855270127116,3423.9726827330514,12.645050099999935
3271.1855270127116,3419.87167637712,12.651145400000132
3271.1855270127116,3438.6966260593226,12.660264600000119
3271.1855270127116,3405.301018273305,12.665481500000169
3271.1855270127116,3428.5760738877125,12.670686500000556
3271.1855270127116,3427.41155190678,12.682049000000006
3271.1855270127116,3420.4453509004243,12.687291400000504
3271.1855270127116,3421.147024629237,12.693340900000294
3271.1855270127116,3422.484443855932,12.699579200000699
3271.1855270127116,3427.044649099576,12.705302899999879
3271.1855270127116,3417.4714194915264,12.711666700000023
3271.1855270127116,3439.0381514830506,12.71724710000035
3271.1855270127116,3435.880418432203,12.727111300000615
3271.1855270127116,3424.4326152012713,12.7353262000006
3271.1855270127116,3410.0432507944915,12.74160800000027
3271.1855270127116,3406.6031554555098,12.747074500000053
3271.1855270127116,3427.019316737289,12.752650500000527
3271.1855270127116,3432.4325185381367,12.758663500000694
3271.1855270127116,3415.15796875,12.764061900000343
3271.1855270127116,3425.904596133475,12.76954139999998
3271.1855270127116,3410.052150423729,12.774887200000194
3271.1855270127116,3408.9965850105937,12.782390700000178
3271.1855270127116,3435.1814340572046,12.788626999999906
3271.1855270127116,3405.4869729872894,12.794229500000256
3271.1855270127116,3435.8707733050846,12.799716000000444
3271.1855270127116,3425.2150013241526,12.805784099999983
3271.1855270127116,3398.5695895127124,12.814108600000509
3271.1855270127116,3407.711357256356,12.820614199999909
3271.1855270127116,3398.4233845338986,12.827743400000145
3271.1855270127116,3419.0405177436455,12.833064000000377
3271.1855270127116,3424.7934295550863,12.838331599999947
3271.1855270127116,3415.2615413135604,12.874921600000562
3271.1855270127116,3442.9755720338994,12.880202899999858
3271.1855270127116,3410.570283368644,12.885141200000362
3271.1855270127116,3410.152992584746,12.891139000000294
3271.1855270127116,3420.000909692797,12.896336100000553
3271.1855270127116,3420.091291048728,12.901668100000279
3271.1855270127116,3414.6217743644074,12.907161500000257
3271.1855270127116,3424.055116525424,12.933251700000255
3271.1855270127116,3438.2139525953403,12.93855110000004
3271.1855270127116,3429.654736493644,12.943853100000524
3271.1855270127116,3421.961136122882,12.949602100000448
3271.1855270127116,3420.05153601695,12.955011300000479
3271.1855270127116,3424.0622113347467,12.960526599999866
3271.1855270127116,3423.0858183262703,12.980057100000522
3271.1855270127116,3425.540956038136,12.985332700000072
3271.1855270127116,3447.568975105932,12.990936099999999
3271.1855270127116,3442.0141803495776,12.998783500000172
3271.1855270127116,3416.9707256355937,13.00555340000028
3271.1855270127116,3411.5314724576274,13.011691600000631
3271.1855270127116,3428.4031607521197,13.017543500000102
3271.1855270127116,3423.1493445444917,13.024333000000297
3271.1855270127116,3411.531431408899,13.0303885000003
3271.1855270127116,3421.1503283898314,13.036027500000273
3271.1855270127116,3418.4243975105937,13.041306600000098
3271.1855270127116,3432.2423132944923,13.052705099999912
3271.1855270127116,3429.7654290254236,13.063249100000576
3271.1855270127116,3457.2654528601706,13.070060900000499
3271.1855270127116,3457.6475450211865,13.078739800000221
3271.1855270127116,3429.7359480932214,13.087008600000445
3271.1855270127116,3421.028928760594,13.092526500000531
3271.1855270127116,3447.754258474576,13.097806700000547
3271.1855270127116,3437.742558262712,13.103010800000447
3271.1855270127116,3421.222274894068,13.108315600000424
3271.1855270127116,3437.115552171612,13.113674100000026
3271.1855270127116,3410.672325211864,13.122374000000491
3271.1855270127116,3399.618203125,13.128058199999941
3271.1855270127116,3434.4801085805093,13.133339699999851
3271.1855270127116,3415.607500000001,13.138948900000287
3271.1855270127116,3437.3074179025425,13.145846299999903
3271.1855270127116,3423.7176324152542,13.154343300000619
3271.1855270127116,3441.6367505296607,13.159655999999814
3271.1855270127116,3425.1503336864416,13.164912799999911
3271.1855270127116,3401.860758739407,13.170250300000589
3271.1855270127116,3431.7592266949155,13.176320900000064
3271.1855270127116,3414.9593114406784,13.183487600000262
3271.1855270127116,3425.459613347458,13.187108699999953
3271.1855270127116,3422.4808818855936,13.191624400000364
3271.1855270127116,3417.5388810911018,13.194571099999848
3271.1855270127116,3431.2168418961874,13.197541600000477
3271.1855270127116,3438.736440677967,13.200409000000036
3271.1855270127116,3428.1306753177973,13.203027700000348
3271.1855270127116,3417.203115730933,13.20726410000043
3271.1855270127116,3423.0700039724575,13.21250450000025
3271.1855270127116,3402.8140611758477,13.217569899999944
3271.1855270127116,3433.679733845339,13.222361600000113
3271.1855270127116,3414.8076536016956,13.22774070000014
3271.1855270127116,3461.551939883475,13.233120100000633
3271.1855270127116,3408.620303230933,13.237700600000608
3271.1855270127116,3413.7283236228827,13.24153860000024
3271.1855270127116,3406.2416896186446,13.244237400000202
3271.1855270127116,3423.2927555614415,13.252189800000451
3271.1855270127116,3410.8581369173726,13.2585196
3271.1855270127116,3405.3544835805087,13.263741100000516
3271.1855270127116,3421.6489340572043,13.268933199999992
3271.1855270127116,3423.8161917372895,13.274597600000561
3271.1855270127116,3428.8298384533905,13.2778928000007
3271.1855270127116,3409.4826231461875,13.28073250000034
3271.1855270127116,3424.8984666313563,13.284138900000471
3271.1855270127116,3429.3028350105947,13.286901800000123
3271.1855270127116,3444.806992849577,13.28965270000026
3271.1855270127116,3419.042766154662,13.292842500000006
3271.1855270127116,3421.708238877119,13.295685900000535
3271.1855270127116,3414.58680217161,13.299180500000148
3271.1855270127116,3401.8703204449153,13.301856200000657
3271.1855270127116,3443.944409427966,13.30454390000068
3271.1855270127116,3422.8352290783905,13.30757210000047
3271.1855270127116,3449.005683262712,13.310280300000159
3271.1855270127116,3418.481818061441,13.313372300000083
3271.1855270127116,3430.08547404661,13.31617660000029
3271.1855270127116,3413.794503442798,13.319386699999995
3271.1855270127116,3411.1567465572034,13.322586500000398
3271.1855270127116,3416.918436175847,13.325300700000298
3271.1855270127116,3422.0872576800857,13.328002100000049
3271.1855270127116,3419.868362023305,13.33210020000024
3271.1855270127116,3409.2574986758473,13.33967870000015
3271.1855270127116,3426.2696067266947,13.344755500000247
3271.1855270127116,3418.690356197035,13.354312299999947
3271.1855270127116,3451.4822139830503,13.359457999999904
3271.1855270127116,3441.691416843221,13.369268500000544
3271.1855270127116,3408.5341538665252,13.375496800000292
3271.1855270127116,3422.8073318326274,13.381583400000636
3271.1855270127116,3448.001610169492,13.386603700000705
3271.1855270127116,3423.2996636652542,13.393805100000463
3271.1855270127116,3403.7185500529663,13.39937800000007
3271.1855270127116,3434.98934851695,13.404820200000358
3271.1855270127116,3428.422964777542,13.411947399999917
3271.1855270127116,3406.4649126059326,13.417342900000222
3271.1855270127116,3433.351763771187,13.423017500000242
3271.1855270127116,3396.6442770127123,13.428452500000276
3271.1855270127116,3437.757356991526,13.434061200000542
3271.1855270127116,3408.1486824682206,13.441144100000201
3271.1855270127116,3433.4645219809336,13.447273300000234
3271.1855270127116,3409.459653072034,13.451561599999877
3271.1855270127116,3443.4220815677972,13.454879300000357
3271.1855270127116,3417.0736202330513,13.460161900000458
3271.1855270127116,3407.685084745763,13.46535970000059
3271.1855270127116,3419.07131753178,13.470578600000408
3271.1855270127116,3436.3488599046614,13.476022900000316
3271.1855270127116,3435.555725635594,13.479056799999853
3271.1855270127116,3416.683008474576,13.483304299999872
3271.1855270127116,3427.942235169491,13.48602480000045
3271.1855270127116,3416.887380826272,13.488876100000198
3271.1855270127116,3421.2228681144074,13.492945599999985
3271.1855270127116,3408.1856329449165,13.495812500000284
3271.1855270127116,3426.029928495763,13.498728800000208
3271.1855270127116,3414.6429886122883,13.50246160000006
3271.1855270127116,3432.027668167373,13.507678200000555
3271.1855270127116,3435.0987619173734,13.51325260000067
3271.1855270127116,3444.775046345339,13.517186400000355
3271.1855270127116,3391.5117862817806,13.520141800000602
3271.1855270127116,3423.6860513771194,13.524333600000318
3271.1855270127116,3438.9152251059318,13.52953880000041
3271.1855270127116,3423.373346133475,13.534751000000142
3271.1855270127116,3445.6649020127124,13.540270299999975
3271.1855270127116,3415.2144345868646,13.54542870000023
3271.1855270127116,3429.315673993643,13.550627900000109
3271.1855270127116,3426.1932507944907,13.555763800000022
3271.1855270127116,3411.7781038135595,13.560956600000281
3271.1855270127116,3433.5558871822036,13.566159200000584
3271.1855270127116,3407.1626125529674,13.571315900000627
3271.1855270127116,3409.2589247881356,13.576433400000496
3271.1855270127116,3418.5359666313566,13.581641600000694
3271.1855270127116,3407.791096398305,13.586767400000099
3271.1855270127116,3395.4402304025425,13.591930600000524
3271.1855270127116,3414.8749563029655,13.597027000000708
3271.1855270127116,3418.0268260063563,13.602169100000538
3271.1855270127116,3425.0270113877127,13.607348900000034
3271.1855270127116,3407.871023569916,13.612678100000267
3271.1855270127116,3428.9691591631354,13.61784979999993
3271.1855270127116,3407.7014989406784,13.623012500000186
3271.1855270127116,3418.6794014830507,13.62820660000034
3271.1855270127116,3421.4091181144067,13.633408200000304
3271.1855270127116,3424.08970868644,13.638707200000681
3271.1855270127116,3411.80523967161,13.643876799999816
3271.1855270127116,3428.946599576271,13.649025300000176
3271.1855270127116,3451.3787857521193,13.6541543000003
3271.1855270127116,3424.4180826271186,13.659308899999814
3271.1855270127116,3414.016169226695,13.66448760000003
3271.1855270127116,3403.0316075211863,13.669707900000503
3271.1855270127116,3433.385472722459,13.674910499999896
3271.1855270127116,3409.923200476695,13.680067899999813
3271.1855270127116,3414.566644597458,13.685141599999952
3271.1855270127116,3418.0505283368648,13.690337400000317
3271.1855270127116,3413.6060606461865,13.695491200000106
3271.1855270127116,3416.410141684322,13.70062980000057
3271.1855270127116,3423.2874788135596,13.705779200000507
3271.1855270127116,3427.586588983051,13.711000199999944
3271.1855270127116,3411.684637182203,13.716175600000497
3271.1855270127116,3445.1791498940675,13.72142630000053
3271.1855270127116,3436.564397510593,13.72658649999994
3271.1855270127116,3442.757868114408,13.73179270000037
3271.1855270127116,3450.329398834747,13.737036600000465
3271.1855270127116,3409.711914724577,13.742172400000527
3271.1855270127116,3405.6766498940683,13.747286700000586
3271.1855270127116,3416.7466591631355,13.752519300000131
3271.1855270127116,3438.48845868644,13.757701999999881
3271.1855270127116,3428.7058712923726,13.762851299999966
3271.1855270127116,3415.6950595868648,13.76794080000036
3271.1855270127116,3413.8491551906777,13.773135000000366
3271.1855270127116,3410.015209216102,13.778327600000011
3271.1855270127116,3418.4251310911022,13.78346590000001
3271.1855270127116,3432.237923728814,13.788654900000438
3271.1855270127116,3431.3989936440676,13.793877300000531
3271.1855270127116,3427.555038400424,13.798980600000505
3271.1855270127116,3431.174173728814,13.804218799999944
3271.1855270127116,3405.578851959746,13.809387799999968
3271.1855270127116,3398.366419491526,13.814552800000456
3271.1855270127116,3441.952591366525,13.819784700000127
3271.1855270127116,3424.743219014831,13.82495100000051
3271.1855270127116,3443.8747682733056,13.830050399999891
3271.1855270127116,3433.519523305085,13.835238000000572
3271.1855270127116,3421.6166445974586,13.840850100000353
3271.1855270127116,3418.9638890360184,13.845946000000367
3271.1855270127116,3428.6939102224583,13.848582399999941
3271.1855270127116,3418.10193193856,13.853792100000646
3271.1855270127116,3441.255146980933,13.859060200000386
3271.1855270127116,3409.933924788136,13.863375900000392
3271.1855270127116,3416.100105932203,13.866735600000538
3271.1855270127116,3422.243682468222,13.87198410000019
3271.1855270127116,3451.432923728814,13.877237200000309
3271.1855270127116,3393.4258289194922,13.882494800000131
3271.1855270127116,3414.4648238877116,13.887694800000645
3271.1855270127116,3402.825872616526,13.89318650000041
3271.1855270127116,3407.444635858051,13.898425899999893
3271.1855270127116,3413.3275966631354,13.903709300000628
3271.1855270127116,3405.59036943856,13.907728099999986
3271.1855270127116,3423.847311970339,13.910529300000235
3271.1855270127116,3406.098433527542,13.916208700000425
3271.1855270127116,3433.249892743643,13.92166189999989
3271.1855270127116,3423.512265625001,13.926463400000102
3271.1855270127116,3402.058716896187,13.93040100000053
3271.1855270127116,3455.2267889300856,13.935714900000676
3271.1855270127116,3418.7774510063564,13.94111950000024
3271.1855270127116,3418.7356872351697,13.946552500000507
3271.1855270127116,3413.7105323093215,13.95179520000056
3271.1855270127116,3442.4589883474587,13.957131000000118
3271.1855270127116,3428.470963983052,13.962426200000664
3271.1855270127116,3409.653155455508,13.967694400000255
3271.1855270127116,3411.540920286017,13.972908100000495
3271.1855270127116,3405.9136533368646,13.978189000000384
3271.1855270127116,3425.8806806144075,13.983368400000472
3271.1855270127116,3432.926099046612,13.988612099999955
3271.1855270127116,3414.9709547139837,13.993826500000068
3271.1855270127116,3431.271096398307,13.999001500000304
3271.1855270127116,3468.4144014830517,14.004234300000462
3271.1855270127116,3421.249670286018,14.009485600000517
3271.1855270127116,3437.6782150423737,14.014780500000597
3271.1855270127116,3420.4023927436438,14.020026600000165
3271.1855270127116,3448.453512976695,14.025273199999901
3271.1855270127116,3439.18172272246,14.030496000000312
3271.1855270127116,3420.7940055614404,14.035762800000157
3271.1855270127116,3412.590654131357,14.040940400000181
3271.1855270127116,3416.7621967690684,14.04612679999991
3271.1855270127116,3424.1132441737295,14.051353599999857
3271.1855270127116,3410.0025344279675,14.056573700000627
3271.1855270127116,3409.6500397245763,14.061865399999988
3271.1855270127116,3434.4573755296615,14.067097799999829
3271.1855270127116,3441.5146120233057,14.072354700000687
3271.1855270127116,3442.8935805084743,14.07761440000013
3271.1855270127116,3407.484503442797,14.082838500000435
3271.1855270127116,3440.484998675848,14.088055199999872
3271.1855270127116,3421.4396596927963,14.093343200000163
3271.1855270127116,3443.045566737288,14.098516300000483
3271.1855270127116,3449.835989141949,14.10385910000059
3271.1855270127116,3428.120876588984,14.109142400000565
3271.1855270127116,3427.805099311439,14.114376600000469
3271.1855270127116,3414.9883448093224,14.117759800000385
3271.1855270127116,3416.0842465572036,14.120542700000442
3271.1855270127116,3414.108438824153,14.123505600000499
3271.1855270127116,3444.2260619703393,14.126190099999803
3271.1855270127116,3433.0841194385603,14.128823800000646
3271.1855270127116,3434.0240346927967,14.133603400000538
3271.1855270127116,3411.064177701271,14.13903350000055
3271.1855270127116,3413.9786202330506,14.144236099999944
3271.1855270127116,3414.2143193855936,14.149439800000437
3271.1855270127116,3438.840883209746,14.15455650000058
3271.1855270127116,3416.1007137182205,14.159752800000206
3271.1855270127116,3438.520402542373,14.16500460000043
3271.1855270127116,3408.472923728814,14.170241599999827
3271.1855270127116,3409.7219001588987,14.175482800000282
3271.1855270127116,3410.278801641949,14.180667200000244
3271.1855270127116,3407.1398225635603,14.188667100000202
3271.1855270127116,3386.829127383475,14.195394100000158
3271.1855270127116,3428.41553628178,14.199126100000285
3271.1855270127116,3436.4174258474577,14.205322000000706
3271.1855270127116,3408.06389036017,14.210555399999976
3271.1855270127116,3441.265170815678,14.215742299999874
3271.1855270127116,3412.812249735169,14.220985400000245
3271.1855270127116,3421.3633911546617,14.226137200000267
3271.1855270127116,3419.109022775425,14.231355599999915
3271.1855270127116,3420.015940148305,14.236605000000054
3271.1855270127116,3399.930856726695,14.241716200000155
3271.1855270127116,3403.3032468220345,14.246933700000227
3271.1855270127116,3402.8910619703393,14.252127499999915
3271.1855270127116,3403.9515757415256,14.257254799999828
3271.1855270127116,3400.8419690148303,14.262983300000087
3271.1855270127116,3422.105783898305,14.26820140000018
3271.1855270127116,3415.092028601695,14.273438700000042
3271.1855270127116,3420.3109229343227,14.27864640000007
3271.1855270127116,3440.117601959746,14.283892200000082
3271.1855270127116,3414.824340572034,14.289103500000238
3271.1855270127116,3428.659201536017,14.294315500000266
3271.1855270127116,3435.0050185381356,14.299485000000459
3271.1855270127116,3423.4819769597466,14.304715400000532
3271.1855270127116,3411.82940545551,14.309911000000284
3271.1855270127116,3429.008520921611,14.315241199999946
3271.1855270127116,3417.263542108051,14.320468599999913
3271.1855270127116,3440.3045762711868,14.325674900000195
3271.1855270127116,3420.4106289724577,14.330909100000099
3271.1855270127116,3427.523771186442,14.336157400000047
3271.1855270127116,3430.5794623940683,14.342046600000685
3271.1855270127116,3430.460280720339,14.347341900000174
3271.1855270127116,3411.7354700741516,14.353055200000199
3271.1855270127116,3410.0092041843227,14.358912400000008
3271.1855270127116,3423.1796702860174,14.36417320000055
3271.1855270127116,3407.807014036017,14.369405700000243
3271.1855270127116,3460.387151747881,14.373348300000544
3271.1855270127116,3415.698322298729,14.37634750000052
3271.1855270127116,3430.0945696504236,14.379058299999997
3271.1855270127116,3426.7257335805093,14.382001300000411
3271.1855270127116,3410.71669756356,14.38464329999988
3271.1855270127116,3428.6962076271193,14.387228900000082
3271.1855270127116,3424.4432229872878,14.392270400000598
3271.1855270127116,3418.504405455509,14.397411400000237
3271.1855270127116,3433.225764036017,14.401581400000396
3271.1855270127116,3409.2453177966095,14.404524000000492
3271.1855270127116,3411.187797934323,14.409552400000393
3271.1855270127116,3429.8787394067804,14.414686800000709
3271.1855270127116,3437.938265360169,14.419949000000088
3271.1855270127116,3443.915188029661,14.425227000000632
3271.1855270127116,3455.4979568326266,14.430429699999877
3271.1855270127116,3423.565881885593,14.435868700000356
3271.1855270127116,3428.420075476695,14.441230700000233
3271.1855270127116,3424.815104608052,14.446436900000663
3271.1855270127116,3407.5511784957635,14.451579600000514
3271.1855270127116,3429.652421875,14.456851100000677
3271.1855270127116,3450.2951880296614,14.46203289999994
3271.1855270127116,3437.219917902542,14.467175100000532
3271.1855270127116,3401.4837063029654,14.472344800000428
3271.1855270127116,3419.531970338983,14.477431400000569
3271.1855270127116,3414.465871292374,14.483267800000249
3271.1855270127116,3428.6375648834746,14.488574400000289
3271.1855270127116,3395.1080137711856,14.494311999999809
3271.1855270127116,3415.2904621292378,14.499456500000633
3271.1855270127116,3410.3753323622877,14.50244449999991
3271.1855270127116,3439.2094888771194,14.505782000000181
3271.1855270127116,3430.206829978814,14.510957999999846
3271.1855270127116,3411.870966631356,14.513903600000049
3271.1855270127116,3410.1437910487284,14.517089800000576
3271.1855270127116,3441.937409957627,14.51973369999996
3271.1855270127116,3428.5587420550846,14.524218500000643
3271.1855270127116,3414.4615201271185,14.527034300000196
3271.1855270127116,3413.23228681144,14.529966900000545
3271.1855270127116,3464.340113877119,14.533182000000124
3271.1855270127116,3413.4017319915265,14.535834400000567
3271.1855270127116,3430.48254634534,14.539183100000628
3271.1855270127116,3421.3098252118643,14.542215299999953
3271.1855270127116,3422.545434322035,14.544807100000071
3271.1855270127116,3425.5003376588993,14.548877199999879
3271.1855270127116,3416.549148569915,14.554064500000095
3271.1855270127116,3407.9396212923734,14.559240999999929
3271.1855270127116,3417.5469186970336,14.564599100000123
3271.1855270127116,3428.8399761652545,14.569828000000598
3271.1855270127116,3418.6413254766953,14.575044100000014
3271.1855270127116,3437.701120233051,14.58029020000049
3271.1855270127116,3405.6175979872883,14.585487899999862
3271.1855270127116,3421.2766022245755,14.590733600000021
3271.1855270127116,3424.0587380826273,14.595923900000344
3271.1855270127116,3415.748640095339,14.601132400000097
3271.1855270127116,3425.755832891949,14.60631790000025
3271.1855270127116,3421.1187023305083,14.611494900000253
3271.1855270127116,3430.9025423728813,14.616702400000577
3271.1855270127116,3406.627637711865,14.621898400000646
3271.1855270127116,3403.2119014830505,14.626829499999985
3271.1855270127116,3420.8614327330506,14.629789300000084
3271.1855270127116,3425.785345603814,14.632782800000314
3271.1855270127116,3419.0666009004244,14.637277499999982
3271.1855270127116,3396.9257507944913,14.642591900000298
3271.1855270127116,3423.1928959216098,14.6478874000004
3271.1855270127116,3431.064912605933,14.653643100000409
3271.1855270127116,3428.2715148305097,14.65901389999999
3271.1855270127116,3448.9748861228827,14.664222500000506
3271.1855270127116,3438.241698887712,14.669463300000643
3271.1855270127116,3410.464453125,14.674935200000618
3271.1855270127116,3437.6118551377117,14.68021680000038
3271.1855270127116,3427.0605839512714,14.68551269999989
3271.1855270127116,3410.3684149894075,14.690611200000603
3271.1855270127116,3409.8945789194913,14.693589800000154
3271.1855270127116,3438.453125,14.696561300000212
3271.1855270127116,3433.6040982521195,14.700623100000485
3271.1855270127116,3432.495164194916,14.703902000000198
3271.1855270127116,3432.186136122881,14.708379400000013
3271.1855270127116,3422.351240730932,14.713569300000017
3271.1855270127116,3433.785255561441,14.718673000000308
3271.1855270127116,3423.882608580508,14.72385579999991
3271.1855270127116,3416.281520127119,14.728953800000454
3271.1855270127116,3410.284965572034,14.734072000000197
3271.1855270127116,3436.9386784957633,14.739190199999939
3271.1855270127116,3433.5237248411026,14.74434090000068
3271.1855270127116,3414.469157838982,14.74947229999998
3271.1855270127116,3422.911428760593,14.754614600000423
3271.1855270127116,3410.3811626059323,14.75972450000063
3271.1855270127116,3407.0857084216104,14.764876700000059
3271.1855270127116,3410.5748397775433,14.770051700000295
3271.1855270127116,3413.8044385593234,14.77521810000053
3271.1855270127116,3407.6259785487287,14.780387900000278
3271.1855270127116,3406.021061970339,14.785516300000381
3271.1855270127116,3469.781259269068,14.788816199999928
3271.1855270127116,3440.3832057733057,14.791416900000513
3271.1855270127116,3406.623188559322,14.7941064000006
3271.1855270127116,3425.611065942797,14.797763300000042
3271.1855270127116,3407.9737552966108,14.800952399999915
3271.1855270127116,3433.301015625001,14.803811200000382
3271.1855270127116,3400.966939883475,14.807572000000619
3271.1855270127116,3414.228330243645,14.812521200000447
3271.1855270127116,3435.8237844279665,14.818913900000553
3271.1855270127116,3438.2711890889827,14.824923900000613
3271.1855270127116,3411.1760235699157,14.830573799999911
3271.1855270127116,3431.8781567796614,14.835792599999877
3271.1855270127116,3417.561900158898,14.841746600000079
3271.1855270127116,3413.2336387711875,14.845224400000006
3271.1855270127116,3434.4834163135592,14.84789550000005
3271.1855270127116,3434.340497881357,14.850503000000572
3271.1855270127116,3401.1644041313557,14.85316899999998
3271.1855270127116,3409.220080773305,14.856343800000104
3271.1855270127116,3427.3851257944925,14.858974800000396
3271.1855270127116,3417.65487023305,14.861662700000124
3271.1855270127116,3423.9073358050855,14.86431040000025
3271.1855270127116,3431.1421927966103,14.866899900000135
3271.1855270127116,3428.72957759534,14.869474799999807
3271.1855270127116,3410.9184811970335,14.873051600000508
3271.1855270127116,3410.9085076800848,14.875927099999899
3271.1855270127116,3410.9924721927964,14.878553999999895
3271.1855270127116,3428.280293961865,14.881160700000692
3271.1855270127116,3439.6143061440675,14.883766100000685
3271.1855270127116,3428.1195391949163,14.886370900000657
3271.1855270127116,3408.300606461864,14.889515300000312
3271.1855270127116,3435.717167637713,14.89261450000049
3271.1855270127116,3410.972319915255,14.895243100000698
3271.1855270127116,3414.318604343221,14.897870000000694
3271.1855270127116,3405.0822431144074,14.900481300000138
3271.1855270127116,3444.927105402541,14.903078700000151
3271.1855270127116,3419.268704978814,14.905700400000569
3271.1855270127116,3423.4587248411026,14.908320200000162
3271.1855270127116,3440.06059851695,14.912892199999987
3271.1855270127116,3422.505664724578,14.918337500000234
3271.1855270127116,3446.502880031781,14.923549400000411
3271.1855270127116,3399.2015717690674,14.928706700000475
3271.1855270127116,3423.798501059322,14.93386400000054
3271.1855270127116,3447.8913082627128,14.939089800000147
3271.1855270127116,3418.6880468750005,14.944305400000303
3271.1855270127116,3430.925451536018,14.94946390000041
3271.1855270127116,3409.733862552966,14.95464500000071
3271.1855270127116,3415.471937235169,14.959952000000158
3271.1855270127116,3427.149651747882,14.965159200000016
3271.1855270127116,3433.5889459745754,14.970331299999998
3271.1855270127116,3420.9854846398302,14.975460800000292
3271.1855270127116,3420.0481872351693,14.98064609999983
3271.1855270127116,3422.856751853814,14.985787700000401
3271.1855270127116,3435.237954184323,14.990986499999963
3271.1855270127116,3450.32935381356,14.996209800000543
3271.1855270127116,3403.35688559322,15.001337700000477
3271.1855270127116,3435.818246822034,15.006498300000203
3271.1855270127116,3430.0199152542377,15.011099400000603
3271.1855270127116,3426.6315148305084,15.014070199999878
3271.1855270127116,3405.4273093220336,15.017006300000503
3271.1855270127116,3417.750393273305,15.01990300000034
3271.1855270127116,3409.7324470338986,15.02245370000037
3271.1855270127116,3433.607394067797,15.025021299999935
3271.1855270127116,3414.5899880826273,15.027623900000435
3271.1855270127116,3430.805534957628,15.030212200000278
3271.1855270127116,3408.96835407839,15.032801100000142
3271.1855270127116,3442.2343564618645,15.035416400000031
3271.1855270127116,3403.3661387711873,15.037998200000402
3271.1855270127116,3418.603649364407,15.040602699999909
3271.1855270127116,3402.764606726695,15.043173699999898
3271.1855270127116,3445.724835805085,15.046572900000683
3271.1855270127116,3416.0845286016947,15.04917960000057
3271.1855270127116,3421.305470074153,15.052471400000286
3271.1855270127116,3448.6720656779676,15.055099500000324
3271.1855270127116,3425.9815770656783,15.057727200000045
3271.1855270127116,3411.3992121292376,15.060324400000354
3271.1855270127116,3422.374923199153,15.062928100000136
3271.1855270127116,3430.9041750529664,15.065491700000166
3271.1855270127116,3419.660109904661,15.069767400000273
3271.1855270127116,3419.276845868644,15.07495950000066
3271.1855270127116,3434.458981726696,15.080136100000345
3271.1855270127116,3413.436201006356,15.085246300000108
3271.1855270127116,3428.083040254238,15.090452500000538
3271.1855270127116,3414.930503177966,15.095600499999819
3271.1855270127116,3432.911966366525,15.100328900000022
3271.1855270127116,3414.93193723517,15.102983300000233
3271.1855270127116,3407.621656514831,15.106220399999984
3271.1855270127116,3415.685572033898,15.1088479
3271.1855270127116,3429.0725384004245,15.111472100000356
3271.1855270127116,3416.911897510594,15.114081200000328
3271.1855270127116,3431.4353522245765,15.116815500000484
3271.1855270127116,3437.7737486758474,15.119425100000626
3271.1855270127116,3446.298515625001,15.122018099999877
3271.1855270127116,3430.3957613877133,15.12459360000048
3271.1855270127116,3443.780958686442,15.12719930000003
3271.1855270127116,3425.8193167372874,15.130432200000541
3271.1855270127116,3434.2729766949155,15.135665100000551
3271.1855270127116,3409.2460632944913,15.140900299999885
3271.1855270127116,3438.229263771187,15.146139299999959
3271.1855270127116,3413.025601165254,15.151272300000528
3271.1855270127116,3413.888834745763,15.156439200000023
3271.1855270127116,3421.3634878177977,15.16161160000047
3271.1855270127116,3414.252139830508,15.16675530000066
3271.1855270127116,3414.462100105933,15.170562100000097
3271.1855270127116,3424.4259427966103,15.173506900000575
3271.1855270127116,3424.050263506356,15.176331600000594
3271.1855270127116,3424.588818855932,15.180115000000114
3271.1855270127116,3446.5384136652547,15.183438600000045
3271.1855270127116,3391.938992319916,15.186026600000332
3271.1855270127116,3433.4550675317805,15.189692800000557
3271.1855270127116,3417.003507680086,15.192416300000332
3271.1855270127116,3446.3552409957633,15.195043499999883
3271.1855270127116,3431.021640625001,15.19820770000024
3271.1855270127116,3398.0737168961864,15.201965100000052
3271.1855270127116,3422.693792372882,15.204590400000598
3271.1855270127116,3420.2476469809326,15.207244100000025
3271.1855270127116,3423.431790254237,15.211444200000187
3271.1855270127116,3421.0639843750005,15.214060400000562
3271.1855270127116,3426.4515903072033,15.216627000000699
3271.1855270127116,3412.9525291313566,15.220290000000205
3271.1855270127116,3425.4733050847467,15.222875000000386
3271.1855270127116,3406.64035354873,15.225480900000548
3271.1855270127116,3405.0494531249997,15.228920600000492
3271.1855270127116,3408.5919054555093,15.232271400000172
3271.1855270127116,3410.1783580508472,15.234874200000377
3271.1855270127116,3466.2089102224586,15.239021800000046
3271.1855270127116,3418.374921875001,15.242361300000084
3271.1855270127116,3423.2259030720343,15.24496100000033
3271.1855270127116,3425.361526747882,15.247829700000693
3271.1855270127116,3418.2067425847463,15.25118780000048
3271.1855270127116,3420.426618114407,15.253790800000388
3271.1855270127116,3424.4282322563568,15.256388000000698
3271.1855270127116,3427.6961109639833,15.261212200000045
3271.1855270127116,3423.245785222459,15.266583600000558
3271.1855270127116,3420.71433262712,15.27178129999993
3271.1855270127116,3440.028220338984,15.27698700000019
3271.1855270127116,3431.4960831567805,15.282299800000146
3271.1855270127116,3416.224304819915,15.287488400000257
3271.1855270127116,3437.172168961864,15.292680999999902
3271.1855270127116,3402.5851893538133,15.297423400000298
3271.1855270127116,3403.4414499470345,15.30168219999996
3271.1855270127116,3458.0235527012715,15.304322599999978
3271.1855270127116,3422.386128177967,15.306947800000671
3271.1855270127116,3417.405893802966,15.310653500000626
3271.1855270127116,3433.6761308262708,15.313225599999896
3271.1855270127116,3409.5046583686453,15.315811000000394
3271.1855270127116,3415.3187447033893,15.319470899999942
3271.1855270127116,3443.4893922139827,15.322621000000254
3271.1855270127116,3417.715046345339,15.325259500000357
3271.1855270127116,3417.4876363877124,15.329558899999938
3271.1855270127116,3417.369846398306,15.332325700000183
3271.1855270127116,3445.1596292372888,15.334900700000617
3271.1855270127116,3402.7060447563563,15.338774599999851
3271.1855270127116,3411.8474655720343,15.34391820000019
3271.1855270127116,3442.710218485171,15.34904060000008
3271.1855270127116,3455.312530455508,15.354185000000143
3271.1855270127116,3417.909243908899,15.359317999999803
3271.1855270127116,3423.4801959745764,15.364564900000005
3271.1855270127116,3442.7535116525437,15.369916399999966
3271.1855270127116,3427.0635844809326,15.374990700000126
3271.1855270127116,3423.770390625001,15.380147599999873
3271.1855270127116,3402.2474324682207,15.385237899999993
3271.1855270127116,3442.043736758475,15.390373900000668
3271.1855270127116,3423.9351469809317,15.394261100000222
3271.1855270127116,3442.5857772775435,15.397021800000402
3271.1855270127116,3428.2264393538144,15.400768399999833
3271.1855270127116,3417.2446583686437,15.403413400000318
3271.1855270127116,3428.2428826800847,15.405998900000668
3271.1855270127116,3412.4340029131363,15.410163300000022
3271.1855270127116,3440.588923463984,15.412796399999934
3271.1855270127116,3417.3351774364405,15.416896400000041
3271.1855270127116,3412.8241340042377,15.423396900000625
3271.1855270127116,3401.106735963983,15.428620000000592
3271.1855270127116,3419.4399695444918,15.43461120000029
3271.1855270127116,3410.2072576800856,15.439740800000436
3271.1855270127116,3427.445768008474,15.444200100000671
3271.1855270127116,3425.656738612288,15.448009300000194
3271.1855270127116,3436.1244372351694,15.45324680000067
3271.1855270127116,3429.5155508474595,15.457841100000223
3271.1855270127116,3405.5138784427972,15.460983300000407
3271.1855270127116,3410.224002913136,15.463846999999987
3271.1855270127116,3433.6799126059327,15.466431800000464
3271.1855270127116,3398.4459719279666,15.469014600000264
3271.1855270127116,3414.1098927436447,15.472032300000137
3271.1855270127116,3409.9762301377114,15.477153300000282
3271.1855270127116,3403.8223596398307,15.482425799999874
3271.1855270127116,3433.1719081038136,15.487579800000276
3271.1855270127116,3420.004498146187,15.493087100000594
3271.1855270127116,3423.2858964512716,15.498223399999915
3271.1855270127116,3433.5353257415254,15.503377699999874
3271.1855270127116,3438.783371292374,15.50854900000013
3271.1855270127116,3412.85453125,15.513709200000449
3271.1855270127116,3404.919032044492,15.5188562000003
3271.1855270127116,3407.7425331038135,15.523986400000467
3271.1855270127116,3419.1361202330513,15.526931700000205
3271.1855270127116,3434.982028601695,15.530890900000486
3271.1855270127116,3412.5570206567804,15.533533499999976
3271.1855270127116,3453.8192280190688,15.536122000000432
3271.1855270127116,3436.410713718222,15.53912550000041
3271.1855270127116,3424.164792108052,15.54470990000027
3271.1855270127116,3433.1652740995764,15.551065000000563
3271.1855270127116,3463.077584745763,15.556608800000504
3271.1855270127116,3410.0988837394075,15.563609599999836
3271.1855270127116,3421.980210540256,15.569040500000483
3271.1855270127116,3453.1096610169493,15.575441900000442
3271.1855270127116,3437.1167134533916,15.580729300000712
3271.1855270127116,3440.9829541843224,15.585859599999822
3271.1855270127116,3421.7971504237294,15.58973640000022
3271.1855270127116,3425.7006766419486,15.592312200000379
3271.1855270127116,3411.867962129238,15.59487320000062
3271.1855270127116,3417.471093750001,15.597465900000316
3271.1855270127116,3409.7896822033886,15.600046399999883
3271.1855270127116,3413.577936970338,15.60262430000057
3271.1855270127116,3428.6010725635597,15.60608830000001
3271.1855270127116,3416.3845908368644,15.611276000000544
3271.1855270127116,3421.9387288135604,15.616357700000663
3271.1855270127116,3435.5359123411026,15.621554500000457
3271.1855270127116,3456.74668697034,15.626692700000604
3271.1855270127116,3443.151610169492,15.631895700000314
3271.1855270127116,3419.3043908898317,15.637060099999871
3271.1855270127116,3414.2992386122883,15.642275000000154
3271.1855270127116,3406.054834480933,15.647401500000342
3271.1855270127116,3425.9429939088986,15.652576700000282
3271.1855270127116,3447.4229647775414,15.657802900000206
3271.1855270127116,3453.1688850635596,15.663028699999813
3271.1855270127116,3408.1996199682203,15.668173200000638
3271.1855270127116,3416.7576085805094,15.671158600000126
3271.1855270127116,3431.801020921611,15.673733000000539
3271.1855270127116,3426.2401430084756,15.676306500000464
3271.1855270127116,3434.5513850635602,15.678900599999906
3271.1855270127116,3402.411667108051,15.681456299999809
3271.1855270127116,3423.5479846398302,15.68417970000064
3271.1855270127116,3441.8230362817803,15.686861700000009
3271.1855270127116,3439.605419756356,15.689484500000617
3271.1855270127116,3446.7404250529653,15.692070699999931
3271.1855270127116,3457.2124801377126,15.6946453999999
3271.1855270127116,3417.769679555085,15.697229000000334
3271.1855270127116,3411.6354846398303,15.699878200000057
3271.1855270127116,3411.6774907309327,15.702514900000097
3271.1855270127116,3411.607003442797,15.705115400000068
3271.1855270127116,3430.028988347458,15.707686400000057
3271.1855270127116,3424.5832905190678,15.710310899999968
3271.1855270127116,3422.3405601165255,15.712924100000237
3271.1855270127116,3395.331986228814,15.715509700000439
3271.1855270127116,3429.6507680084746,15.718273299999964
3271.1855270127116,3427.5196093750005,15.720888599999853
3271.1855270127116,3442.605051641949,15.723460500000328
3271.1855270127116,3462.456265889831,15.726124400000117
3271.1855270127116,3421.1532666843227,15.728703800000403
3271.1855270127116,3431.7519412076276,15.731330399999933
3271.1855270127116,3412.6392862817806,15.733989600000314
3271.1855270127116,3441.2969663665262,15.736560600000303
3271.1855270127116,3431.849894067798,15.739174400000593
3271.1855270127116,3422.1844014830517,15.741774900000564
3271.1855270127116,3420.250160222458,15.744409599999926
3271.1855270127116,3405.0385725635597,15.747019200000068
3271.1855270127116,3435.8739923199155,15.74967960000049
3271.1855270127116,3425.476853813559,15.752295100000083
3271.1855270127116,3412.87701536017,15.75485910000043
3271.1855270127116,3420.9187129237293,15.757474300000467
3271.1855270127116,3428.4592876059323,15.760044700000435
3271.1855270127116,3432.1163307733063,15.762620900000002
3271.1855270127116,3419.264167108051,15.765277000000424
3271.1855270127116,3399.8951668432196,15.767859300000055
3271.1855270127116,3410.1731422139837,15.770414800000253
3271.1855270127116,3424.5660394597458,15.773101200000383
3271.1855270127116,3424.140493908899,15.77568169999995
3271.1855270127116,3416.1331250000007,15.778232300000127
3271.1855270127116,3394.305793167374,15.780900600000678
3271.1855270127116,3430.6661440677967,15.783534900000632
3271.1855270127116,3413.0408726165247,15.786129200000687
3271.1855270127116,3414.5660990466113,15.78881630000069
3271.1855270127116,3413.5233726165256,15.791406700000152
3271.1855270127116,3443.928400423729,15.794017500000336
3271.1855270127116,3441.238132944915,15.796660800000609
3271.1855270127116,3412.0003654661014,15.79933930000061
3271.1855270127116,3418.1122788665257,15.801913100000093
3271.1855270127116,3424.1607256355933,15.804507700000613
3271.1855270127116,3452.6553217690685,15.807104299999992
3271.1855270127116,3427.5851575741526,15.809628099999827
3271.1855270127116,3422.637153072034,15.812481100000696
3271.1855270127116,3412.7765121822035,15.815100800000437
3271.1855270127116,3431.4278972457637,15.817842000000383
3271.1855270127116,3424.52063559322,15.820438800000375
3271.1855270127116,3442.346502913136,15.823035000000345
3271.1855270127116,3423.1549139300846,15.825695700000324
3271.1855270127116,3413.125712394067,15.828572899999926
3271.1855270127116,3428.582948887713,15.831234100000074
3271.1855270127116,3411.863077330509,15.83380709999983
3271.1855270127116,3405.2142703919503,15.836422899999889
3271.1855270127116,3405.872501324153,15.839061600000605
3271.1855270127116,3410.9632031250003,15.841629800000192
3271.1855270127116,3439.9399735169504,15.844792300000336
3271.1855270127116,3420.49677568856,15.84739880000052
3271.1855270127116,3425.507979343221,15.849990900000194
3271.1855270127116,3419.0655786546617,15.85258210000029
3271.1855270127116,3410.474976165255,15.855144199999813
3271.1855270127116,3424.0409202860174,15.857686600000306
3271.1855270127116,3432.3471623411024,15.860340799999904
3271.1855270127116,3448.2263003177973,15.8629389000007
3271.1855270127116,3432.887073622882,15.865526300000056
3271.1855270127116,3414.1848291843226,15.86809489999996
3271.1855270127116,3413.905639565678,15.870697800000016
3271.1855270127116,3423.20296875,15.873301999999967
3271.1855270127116,3415.779201536017,15.87597629999982
3271.1855270127116,3417.5262923728815,15.878557699999874
3271.1855270127116,3442.6976509533897,15.881132900000011
3271.1855270127116,3407.96310911017,15.88370010000017
3271.1855270127116,3397.1910354872884,15.88631450000048
3271.1855270127116,3411.9007693326275,15.88887960000011
3271.1855270127116,3421.836483050847,15.891456899999866
3271.1855270127116,3417.6006408898306,15.894091600000138
3271.1855270127116,3406.9346570444923,15.896820200000548
3271.1855270127116,3422.0814049258474,15.899407300000348
3271.1855270127116,3423.5178363347463,15.901972499999829
3271.1855270127116,3417.4992333156783,15.904562000000624
3271.1855270127116,3405.547502648305,15.90746720000061
3271.1855270127116,3435.0747457627135,15.91033570000036
3271.1855270127116,3419.321344014831,15.91293290000067
3271.1855270127116,3422.6039512711864,15.915546300000642
3271.1855270127116,3444.218882415254,15.918113900000208
3271.1855270127116,3444.186231461865,15.920728099999906
3271.1855270127116,3423.919341896186,15.92329990000053
3271.1855270127116,3428.6377251059325,15.925938700000188
3271.1855270127116,3456.8454065148308,15.9286017000004
3271.1855270127116,3425.817101430084,15.931187900000623
3271.1855270127116,3430.6694067796616,15.933780299999853
3271.1855270127116,3427.9166101694923,15.936360700000478
3271.1855270127116,3428.4792280190704,15.938976000000366
3271.1855270127116,3414.3641088453396,15.941621100000702
3271.1855270127116,3421.9381422139827,15.94425719999981
3271.1855270127116,3399.2560116525424,15.946834899999885
3271.1855270127116,3448.697792637712,15.949413600000298
3271.1855270127116,3448.933065413136,15.951982999999927
3271.1855270127116,3462.4747894597463,15.954589699999815
3271.1855270127116,3422.1121994173727,15.957205300000169
3271.1855270127116,3399.047705243644,15.959791199999927
3271.1855270127116,3409.3528826800857,15.962358400000085
3271.1855270127116,3413.5248265360174,15.964951400000245
3271.1855270127116,3466.8002674788136,15.967532900000151
3271.1855270127116,3416.8381263241517,15.97014070000023
3271.1855270127116,3428.6256792902545,15.97276630000033
3271.1855270127116,3411.4584229343227,15.975444000000607
3271.1855270127116,3408.9099218749993,15.978001999999833
3271.1855270127116,3424.436035487289,15.980594100000417
3271.1855270127116,3411.540405190679,15.983194400000684
3271.1855270127116,3449.493814883476,15.9857535000001
3271.1855270127116,3440.280168167373,15.988981200000126
3271.1855270127116,3419.9674483580516,15.994130600000062
3271.1855270127116,3431.4402661546615,15.999301200000446
3271.1855270127116,3429.2992690677975,16.003224600000067
3271.1855270127116,3416.697472192797,16.00819279999996
3271.1855270127116,3410.9409984110184,16.013333700000658
3271.1855270127116,3415.430233050847,16.01893790000031
3271.1855270127116,3433.655990466103,16.024124600000505
3271.1855270127116,3398.7196557203392,16.02929200000017
3271.1855270127116,3417.8247153072034,16.034495300000344
3271.1855270127116,3443.0779343220343,16.04139970000051
3271.1855270127116,3415.9695405190682,16.04877370000031
3271.1855270127116,3440.602216631357,16.051985500000228
3271.1855270127116,3422.770609110169,16.05586519999997
3271.1855270127116,3440.577800582628,16.06143190000057
3271.1855270127116,3414.83475503178,16.066381600000568
3271.1855270127116,3423.409757680086,16.071594600000026
3271.1855270127116,3433.300619703389,16.07634550000057
3271.1855270127116,3419.3504422669494,16.08184380000057
3271.1855270127116,3418.684139300847,16.086997899999915
3271.1855270127116,3410.521007680085,16.092767500000264
3271.1855270127116,3419.2727621822037,16.09857330000068
3271.1855270127116,3425.2362804555078,16.103579399999944
3271.1855270127116,3414.17936440678,16.109118400000625
3271.1855270127116,3414.5440108580506,16.11467150000044
3271.1855270127116,3402.6898781779655,16.119240099999843
3271.1855270127116,3417.9767545021186,16.124710800000685
3271.1855270127116,3436.973850635593,16.130298800000674
3271.1855270127116,3435.1271716101687,16.135676500000045
3271.1855270127116,3413.0612301377123,16.141233000000284
3271.1855270127116,3402.3101787605938,16.146821500000442
3271.1855270127116,3419.5715638241536,16.151222000000416
3271.1855270127116,3420.8278893008473,16.155640500000118
3271.1855270127116,3428.126802171611,16.1607383999999
3271.1855270127116,3404.0793935381357,16.16583730000002
3271.1855270127116,3414.532583421611,16.171717900000658
3271.1855270127116,3405.344704713984,16.176106900000377
3271.1855270127116,3403.397486758474,16.180604099999982
3271.1855270127116,3399.3064645127115,16.185806800000137
3271.1855270127116,3406.985289989407,16.19051860000036
3271.1855270127116,3417.263828125,16.195287600000484
3271.1855270127116,3418.530810381355,16.20070339999984
3271.1855270127116,3445.0286731991537,16.2050990000007
3271.1855270127116,3442.4737460275423,16.20963269999993
3271.1855270127116,3419.583565942797,16.214839300000676
3271.1855270127116,3419.2657388771195,16.220031500000005
3271.1855270127116,3414.0895828919497,16.22521340000003
3271.1855270127116,3452.1333156779674,16.228701900000488
3271.1855270127116,3425.0134308792376,16.231900200000382
3271.1855270127116,3395.6714314088977,16.234460200000285
3271.1855270127116,3430.411497616526,16.23712010000054
3271.1855270127116,3416.9068829449157,16.24249510000027
3271.1855270127116,3426.873291843221,16.24795919999997
3271.1855270127116,3440.980696504239,16.253346700000293
3271.1855270127116,3421.1952449682212,16.261801200000264
3271.1855270127116,3425.328344809321,16.26767480000035
3271.1855270127116,3414.664748411017,16.275583300000108
3271.1855270127116,3425.3201721398304,16.281114100000195
3271.1855270127116,3457.6721398305085,16.286446200000682
3271.1855270127116,3431.416872351696,16.2927337000001
3271.1855270127116,3435.0004025423727,16.30099539999992
3271.1855270127116,3414.304980137712,16.308309500000178
3271.1855270127116,3392.080099311441,16.313773900000342
3271.1855270127116,3412.9667902542365,16.31909799999994
3271.1855270127116,3420.2598927436443,16.324408100000255
3271.1855270127116,3453.5608302436435,16.32761710000068
3271.1855270127116,3431.971309586865,16.330261600000085
3271.1855270127116,3417.8691856461874,16.332896599999913
3271.1855270127116,3400.154649099577,16.336714800000664
3271.1855270127116,3419.4504819915264,16.343431000000237
3271.1855270127116,3421.31334878178,16.348804300000666
3271.1855270127116,3423.8677926377122,16.354132400000708
3271.1855270127116,3422.6688188559333,16.359465399999863
3271.1855270127116,3425.3881673728815,16.369368399999985
3271.1855270127116,3399.2526112288124,16.37777880000067
3271.1855270127116,3426.0843948622887,16.384630200000174
3271.1855270127116,3422.9787605932215,16.391079900000477
3271.1855270127116,3424.37225503178,16.394978100000117
3271.1855270127116,3405.82481197034,16.398055900000145
3271.1855270127116,3412.3596914724567,16.400673799999822
3271.1855270127116,3458.1119345868633,16.40329650000058
3271.1855270127116,3421.424553760593,16.40592800000013
3271.1855270127116,3420.103610963984,16.40872540000055
3271.1855270127116,3417.4526575741525,16.41137020000042
3271.1855270127116,3417.9544570974585,16.414063400000487
3271.1855270127116,3406.465493908899,16.416677600000185
3271.1855270127116,3418.233134269068,16.419300600000497
3271.1855270127116,3410.507837658898,16.421920800000407
3271.1855270127116,3425.2251787605933,16.42453999999998
3271.1855270127116,3445.6636003707636,16.427142000000458
3271.1855270127116,3413.9987685381348,16.430300500000158
3271.1855270127116,3409.1104581567806,16.432880000000296
3271.1855270127116,3426.742097457627,16.435497299999952
3271.1855270127116,3428.0877396716105,16.438107400000263
3271.1855270127116,3451.0261440677978,16.440718500000003
3271.1855270127116,3397.086235434322,16.44332459999987
3271.1855270127116,3441.329365730933,16.44599180000023
3271.1855270127116,3420.9186215572026,16.448617500000182
3271.1855270127116,3405.8631422139833,16.451242799999818
3271.1855270127116,3423.85397378178,16.453859500000362
3271.1855270127116,3395.0925357521187,16.45670229999996
3271.1855270127116,3406.1031872351696,16.459327900000062
3271.1855270127116,3424.920238347457,16.461974800000462
3271.1855270127116,3401.950431673729,16.46459390000018
3271.1855270127116,3426.945814353814,16.467203000000154
3271.1855270127116,3401.45194253178,16.469870100000662
3271.1855270127116,3416.283207097458,16.472436500000185
3271.1855270127116,3439.532680084746,16.475048799999968
3271.1855270127116,3413.1836996822044,16.47780630000034
3271.1855270127116,3419.966215572034,16.48041420000027
3271.1855270127116,3410.9248371292374,16.483097600000292
3271.1855270127116,3436.155572033899,16.485675700000684
3271.1855270127116,3436.414564353815,16.488277299999936
3271.1855270127116,3408.712837658899,16.492097100000137
3271.1855270127116,3419.230406514831,16.498579500000233
3271.1855270127116,3426.642600635594,16.502100200000314
3271.1855270127116,3433.5625887182196,16.506052000000636
3271.1855270127116,3417.511414194917,16.509874800000034
3271.1855270127116,3422.111925317797,16.514175799999975
3271.1855270127116,3442.4396901483046,16.51942240000062
3271.1855270127116,3419.109487552966,16.523444200000085
3271.1855270127116,3435.1476377118647,16.53018620000057
3271.1855270127116,3424.895153601696,16.535816800000248
3271.1855270127116,3405.055047669492,16.541252600000007
3271.1855270127116,3447.712740995763,16.547969100000046
3271.1855270127116,3436.615338983051,16.553331699999944
3271.1855270127116,3429.7700436970335,16.55781240000033
3271.1855270127116,3424.1148424258477,16.560465900000054
3271.1855270127116,3411.917723781781,16.563075000000026
3271.1855270127116,3405.8825304555075,16.56565370000044
3271.1855270127116,3445.8907865466103,16.56840050000028
3271.1855270127116,3426.768151483051,16.571780900000704
3271.1855270127116,3477.795877913137,16.577061300000423
3271.1855270127116,3425.213882415254,16.582257600000048
3271.1855270127116,3423.8927860169497,16.587443899999926
3271.1855270127116,3438.3579184322043,16.592663600000378
3271.1855270127116,3437.530409163136,16.597841300000255
3271.1855270127116,3426.594774894069,16.603138800000124
3271.1855270127116,3400.6690783898302,16.60830160000023
3271.1855270127116,3426.254398834746,16.613523300000452
3271.1855270127116,3424.8034401483064,16.618445099999917
3271.1855270127116,3438.889936440678,16.62119299999995
3271.1855270127116,3402.9719014830507,16.623807699999816
3271.1855270127116,3438.831400953391,16.62640830000055
3271.1855270127116,3419.864786811442,16.629030500000226
3271.1855270127116,3419.254504766949,16.631643800000347
3271.1855270127116,3441.7004171080507,16.634301099999902
3271.1855270127116,3421.0877595338984,16.636904400000276
3271.1855270127116,3437.216424788136,16.640133900000365
3271.1855270127116,3456.950883209747,16.64410720000069
3271.1855270127116,3442.367296080509,16.64674869999999
3271.1855270127116,3422.2546080508496,16.649383100000705
3271.1855270127116,3420.1198132944933,16.652008099999875
3271.1855270127116,3417.2208328919496,16.654597200000353
3271.1855270127116,3414.728388506356,16.657193500000176
3271.1855270127116,3411.880180084746,16.65978300000006
3271.1855270127116,3425.502167637713,16.662362099999882
3271.1855270127116,3414.4843471927957,16.664979700000004
3271.1855270127116,3435.9558434851697,16.667615299999852
3271.1855270127116,3461.6161400953397,16.6702049000005
3271.1855270127116,3424.9239353813564,16.67278890000034
3271.1855270127116,3433.9481872351703,16.675408099999913
3271.1855270127116,3448.571018273305,16.680372400000124
3271.1855270127116,3411.111451271187,16.686026200000015
3271.1855270127116,3439.9336996822044,16.68960060000063
3271.1855270127116,3448.4830640889836,16.69538999999986
3271.1855270127116,3415.269161811441,16.7026192000003
3271.1855270127116,3400.2760765360163,16.709690800000317
3271.1855270127116,3423.0075105932206,16.71489400000064
3271.1855270127116,3428.9835143008486,16.71844349999992
3271.1855270127116,3405.0653641419494,16.724821100000554
3271.1855270127116,3410.818624205509,16.730099299999893
3271.1855270127116,3405.898546080508,16.73543890000019
3271.1855270127116,3427.305001324153,16.741177700000662
3271.1855270127116,3418.3992849576284,16.746797800000422
3271.1855270127116,3430.0069253177962,16.75280070000008
3271.1855270127116,3423.20936970339,16.758388500000365
3271.1855270127116,3423.828087923729,16.761609700000008
3271.1855270127116,3414.5937592690684,16.76708570000028
3271.1855270127116,3415.3787566207625,16.77390640000067
3271.1855270127116,3408.098101165255,16.77858220000053
3271.1855270127116,3412.8469809322037,16.783459400000538
3271.1855270127116,3422.543401747881,16.78887500000019
3271.1855270127116,3445.9851655190682,16.794486900000265
3271.1855270127116,3433.910499205509,16.797520500000246
3271.1855270127116,3427.886806144068,16.800155700000687
3271.1855270127116,3433.3834308792366,16.80368510000062
3271.1855270127116,3432.4502330508476,16.809010699999817
3271.1855270127116,3400.2625278072032,16.814752600000247
3271.1855270127116,3449.4891896186455,16.819890700000542
3271.1855270127116,3415.5955971927965,16.82537020000018
3271.1855270127116,3401.3001800847464,16.830602500000168
3271.1855270127116,3414.3314274364416,16.835227300000042
3271.1855270127116,3447.0554091631366,16.84175460000006
3271.1855270127116,3444.1675609110184,16.847947000000204
3271.1855270127116,3411.8348702330504,16.854257599999983
3271.1855270127116,3443.720133739407,16.860462000000553
3271.1855270127116,3436.39011917373,16.863946299999952
3271.1855270127116,3416.5033395127116,16.869663299999957
3271.1855270127116,3422.186942531781,16.87557460000062
3271.1855270127116,3442.845311175848,16.88095880000037
3271.1855270127116,3436.674112817796,16.887106700000004
3271.1855270127116,3435.8361904131357,16.89249370000016
3271.1855270127116,3443.604254502119,16.897863600000164
3271.1855270127116,3428.993475900424,16.903175500000543
3271.1855270127116,3423.0289128707627,16.90839330000017
3271.1855270127116,3418.2887804555085,16.913766300000134
3271.1855270127116,3416.5592717161007,16.91905140000017
3271.1855270127116,3425.0116671080505,16.924375700000382
3271.1855270127116,3428.5251602224594,16.92962870000065
3271.1855270127116,3432.064443855932,16.93491830000039
3271.1855270127116,3430.027506620763,16.940216500000133
3271.1855270127116,3405.2433554025424,16.945473400000083
3271.1855270127116,3439.5808275953395,16.950683400000344
3271.1855270127116,3439.2483659957643,16.955939999999828
3271.1855270127116,3414.6748636122884,16.96120610000071
3271.1855270127116,3433.8660037076274,16.96643210000002
3271.1855270127116,3423.535754766949,16.971792899999855
3271.1855270127116,3413.9987764830507,16.97711320000053
3271.1855270127116,3429.240579978813,16.982612200000403
3271.1855270127116,3440.972489406781,16.987432800000533
3271.1855270127116,3421.3355865995754,16.990747800000463
3271.1855270127116,3403.4931673728806,16.993496800000685
3271.1855270127116,3418.5582587394074,16.996098900000106
3271.1855270127116,3426.0136016949155,16.998691800000415
3271.1855270127116,3417.2044597457634,17.001355700000204
3271.1855270127116,3425.2897590042385,17.00395329999992
3271.1855270127116,3423.6018975105935,17.00948210000024
3271.1855270127116,3451.9693352754243,17.01510330000019
3271.1855270127116,3413.840962658898,17.020462500000576
3271.1855270127116,3416.582029925848,17.026079799999934
3271.1855270127116,3414.574549788136,17.031763900000442
3271.1855270127116,3427.5611295021204,17.036982900000112
3271.1855270127116,3405.5083130296603,17.040103700000145
3271.1855270127116,3433.7767902542378,17.04471150000063
3271.1855270127116,3415.4081250000013,17.04996829999982
3271.1855270127116,3429.305455508475,17.055703600000015
3271.1855270127116,3427.744414724576,17.06056880000051
3271.1855270127116,3409.186003707627,17.066958200000045
3271.1855270127116,3411.969555084746,17.079571400000532
3271.1855270127116,3427.0114314088987,17.085648900000706
3271.1855270127116,3413.7507984639824,17.092219199999818
3271.1855270127116,3424.196533368645,17.0976227000001
3271.1855270127116,3409.759524629238,17.10285500000009
3271.1855270127116,3431.2444637182202,17.108392099999946
3271.1855270127116,3450.908723516949,17.1142061999999
3271.1855270127116,3434.4165161546625,17.1207129000004
3271.1855270127116,3434.737832362289,17.126565700000356
3271.1855270127116,3418.0666591631366,17.131715800000165
3271.1855270127116,3428.670313824153,17.140549900000224
3271.1855270127116,3445.413155455509,17.145601300000635
3271.1855270127116,3444.6808951271196,17.151527500000157
3271.1855270127116,3402.6282891949163,17.159357900000032
3271.1855270127116,3441.618849311441,17.16818710000007
3271.1855270127116,3407.0628720868644,17.177434600000197
3271.1855270127116,3423.4652926377125,17.183296400000472
3271.1855270127116,3421.9785023834747,17.18871279999985
3271.1855270127116,3455.898077330509,17.19482710000011
3271.1855270127116,3453.5597470868647,17.200128500000574
3271.1855270127116,3441.9453403072034,17.205508699999882
3271.1855270127116,3427.577709216102,17.20950880000055
3271.1855270127116,3446.4324457097455,17.214796100000058
3271.1855270127116,3424.010239671611,17.218081200000597
3271.1855270127116,3415.721251324152,17.22143000000051
3271.1855270127116,3401.4722192796607,17.22662880000007
3271.1855270127116,3408.692040519068,17.231954800000494
3271.1855270127116,3423.114233315679,17.237234199999875
3271.1855270127116,3414.673385858051,17.24329579999994
3271.1855270127116,3402.6458487817786,17.246916000000056
3271.1855270127116,3407.2291260593215,17.25192900000002
3271.1855270127116,3422.4336877648316,17.257364600000074
3271.1855270127116,3431.4872709216106,17.26262180000049
3271.1855270127116,3407.1937486758466,17.26792680000017
3271.1855270127116,3408.737470868645,17.273811699999897
3271.1855270127116,3401.42864009534,17.281976600000235
3271.1855270127116,3407.033548728814,17.28718089999984
3271.1855270127116,3428.6857878707633,17.293199700000514
3271.1855270127116,3410.4707335805097,17.298402100000203
3271.1855270127116,3418.683896980933,17.30380620000051
3271.1855270127116,3420.050975900424,17.3093357000007
3271.1855270127116,3437.3608262711873,17.31455090000054
3271.1855270127116,3449.338893008475,17.320683800000552
3271.1855270127116,3411.2368273305083,17.32614420000027
3271.1855270127116,3422.6348212394064,17.33138280000003
3271.1855270127116,3437.0258355402552,17.336981400000695
3271.1855270127116,3439.198629502119,17.341623100000106
3271.1855270127116,3409.79258342161,17.34423490000063
3271.1855270127116,3432.9068445444914,17.348230500000682
3271.1855270127116,3428.364169756356,17.356114700000035
3271.1855270127116,3402.3104515360174,17.361353400000553
3271.1855270127116,3432.4472179555087,17.366540900000473
3271.1855270127116,3400.2259427966105,17.372484800000166
3271.1855270127116,3413.691361228814,17.3776699
3271.1855270127116,3417.623303760594,17.382935100000395
3271.1855270127116,3427.79224443856,17.388223100000687
3271.1855270127116,3437.422897245764,17.393567099999927
3271.1855270127116,3441.13545286017,17.398845400000027
3271.1855270127116,3413.9809759004233,17.404341299999942
3271.1855270127116,3422.370394597458,17.407338900000468
3271.1855270127116,3424.695141684323,17.411144499999864
3271.1855270127116,3418.259998675847,17.416401500000575
3271.1855270127116,3402.4314830508483,17.422210100000484
3271.1855270127116,3400.967502648305,17.42734030000065
3271.1855270127116,3440.8221093750003,17.43267139999989
3271.1855270127116,3415.272968750001,17.438432300000386
3271.1855270127116,3438.3473000529675,17.443531800000528
3271.1855270127116,3423.8161983580508,17.446273200000178
3271.1855270127116,3412.2148530190684,17.449853900000562
3271.1855270127116,3415.491353283898,17.453359600000113
3271.1855270127116,3400.949618644069,17.458943900000122
3271.1855270127116,3433.9599033368645,17.464249000000564
3271.1855270127116,3434.2476880296617,17.46948710000015
3271.1855270127116,3411.6599337923735,17.47428900000068
3271.1855270127116,3429.4553760593217,17.47969270000067
3271.1855270127116,3414.067721133474,17.482322900000327
3271.1855270127116,3406.1250225105946,17.48496720000003
3271.1855270127116,3411.821483050848,17.490650300000198
3271.1855270127116,3423.4122484110185,17.496030500000415
3271.1855270127116,3443.5806369173742,17.501410400000168
3271.1855270127116,3419.2936957097463,17.506897799999933
3271.1855270127116,3430.725210540254,17.5121680000002
3271.1855270127116,3427.8276377118646,17.517323099999885
3271.1855270127116,3417.8258620233055,17.523286000000553
3271.1855270127116,3429.8468895656774,17.528910400000314
3271.1855270127116,3428.6064009533898,17.533255600000302
3271.1855270127116,3422.125120497881,17.535932700000558
3271.1855270127116,3442.1090598516957,17.540333900000405
3271.1855270127116,3397.836737288136,17.54342120000001
3271.1855270127116,3412.248526218221,17.546243499999946
3271.1855270127116,3425.393395127119,17.548907299999883
3271.1855270127116,3423.7160421080516,17.55233219999991
3271.1855270127116,3419.1767359639834,17.5581087999999
3271.1855270127116,3421.802149099577,17.56330530000014
3271.1855270127116,3411.5874523305083,17.56846140000016
3271.1855270127116,3433.6119716631365,17.573967600000287
3271.1855270127116,3408.9912036546607,17.57934540000042
3271.1855270127116,3413.019271716102,17.584653900000376
3271.1855270127116,3434.455101959746,17.58998109999993
3271.1855270127116,3449.3372417902547,17.59515190000002
3271.1855270127116,3422.7408474576278,17.600349800000004
3271.1855270127116,3400.387684057204,17.60550880000028
3271.1855270127116,3414.3268246822045,17.610763900000165
3271.1855270127116,3450.5350436970343,17.613498800000343
3271.1855270127116,3394.3729634533893,17.617475099999865
3271.1855270127116,3412.661851165253,17.622547699999814
3271.1855270127116,3412.6494928495763,17.627664100000402
3271.1855270127116,3428.613409692797,17.632835600000362
3271.1855270127116,3408.7210447563566,17.637978400000065
3271.1855270127116,3436.188878442797,17.643177700000706
3271.1855270127116,3424.101777012713,17.648361300000033
3271.1855270127116,3429.245456832628,17.65351009999995
3271.1855270127116,3413.329151218222,17.65869180000027
3271.1855270127116,3428.5135394597464,17.66431939999984
3271.1855270127116,3436.763989671611,17.669562600000063
3271.1855270127116,3414.6194822563575,17.674929300000258
3271.1855270127116,3413.3857031249995,17.680199400000674
3271.1855270127116,3420.7435169491537,17.6853744
3271.1855270127116,3424.2095802436456,17.689262900000358
3271.1855270127116,3430.547454978815,17.691984900000534
3271.1855270127116,3427.231755826272,17.69527199999993
3271.1855270127116,3426.598818855932,17.698064300000624
3271.1855270127116,3402.8687778072044,17.703760899999907
3271.1855270127116,3437.937106726695,17.709690300000148
3271.1855270127116,3413.087482786018,17.715688799999953
3271.1855270127116,3438.557366260594,17.72090930000013
3271.1855270127116,3446.3721583686447,17.726658900000075
3271.1855270127116,3431.146877648306,17.732121500000176
3271.1855270127116,3417.7714181673728,17.737328799999887
3271.1855270127116,3462.132445709747,17.74279949999982
3271.1855270127116,3404.9655270127123,17.74881540000024
3271.1855270127116,3429.1939618644064,17.754044899999826
3271.1855270127116,3412.8033302436447,17.759640500000387
3271.1855270127116,3421.912436440678,17.765450100000635
3271.1855270127116,3429.963695709747,17.770672999999988
3271.1855270127116,3429.3917836334754,17.776989900000444
3271.1855270127116,3457.655842161017,17.782888400000047
3271.1855270127116,3426.1058487817795,17.78859139999986
3271.1855270127116,3422.2865995762713,17.79527490000055
3271.1855270127116,3438.8009586864414,17.801490700000613
3271.1855270127116,3412.2666234110166,17.80751220000002
3271.1855270127116,3424.7818511652536,17.81276919999982
3271.1855270127116,3399.1062605932198,17.81795080000029
3271.1855270127116,3422.248389830508,17.823598400000265
3271.1855270127116,3446.7707958156784,17.827287699999943
3271.1855270127116,3408.43521848517,17.834140599999955
3271.1855270127116,3419.666863082628,17.84226530000069
3271.1855270127116,3412.5130045021197,17.84749019999981
3271.1855270127116,3415.7006024894063,17.85265049999998
3271.1855270127116,3431.5022298728823,17.86069310000039
3271.1855270127116,3425.804071769068,17.865871200000583
3271.1855270127116,3428.7699218750013,17.871068999999807
3271.1855270127116,3421.890722987288,17.876575100000082
3271.1855270127116,3418.1456607521186,17.882967700000336
3271.1855270127116,3433.757910487289,17.888597300000583
3271.1855270127116,3405.443882415255,17.89466210000046
3271.1855270127116,3420.14715572034,17.899826300000313
3271.1855270127116,3404.895615730932,17.905070400000113
3271.1855270127116,3420.9805892478817,17.91053170000032
3271.1855270127116,3425.227439088983,17.915786399999888
3271.1855270127116,3439.6236811440676,17.921367800000553
3271.1855270127116,3418.9886400953383,17.926677600000403
3271.1855270127116,3430.0136599576276,17.930862600000182
3271.1855270127116,3435.0123543432205,17.93349230000058
3271.1855270127116,3412.845193326271,17.939567700000225
3271.1855270127116,3427.4016618114415,17.944968900000276
3271.1855270127116,3415.8678085275437,17.950212800000372
3271.1855270127116,3416.0237433792377,17.955425400000422
3271.1855270127116,3428.943990995763,17.960657399999945
3271.1855270127116,3414.171281779661,17.965888499999892
3271.1855270127116,3428.056460540254,17.971210200000314
3271.1855270127116,3405.9280985169494,17.976421100000152
3271.1855270127116,3428.499426641949,17.981776999999965
3271.1855270127116,3436.355675317797,17.98768100000052
3271.1855270127116,3419.7755707097463,17.99325990000034
3271.1855270127116,3437.955704449153,17.998565300000337
3271.1855270127116,3402.2209785487285,18.003913100000318
3271.1855270127116,3435.3367531779672,18.009407000000465
3271.1855270127116,3420.903134269069,18.014644100000623
3271.1855270127116,3418.3225635593226,18.01982880000014
3271.1855270127116,3428.228171345338,18.025351799999953
3271.1855270127116,3402.158433527544,18.030502600000545
3271.1855270127116,3431.27290651483,18.035706100000425
3271.1855270127116,3406.5451694915255,18.041582500000004
3271.1855270127116,3430.8251628707635,18.04720929999985
3271.1855270127116,3423.7285765360166,18.052452200000516
3271.1855270127116,3416.3705879237295,18.057817400000204
3271.1855270127116,3438.354899364406,18.06302289999985
3271.1855270127116,3428.4815267478816,18.068179700000655
3271.1855270127116,3430.314528601695,18.073790299999928
3271.1855270127116,3417.395362817798,18.078977699999996
3271.1855270127116,3422.9467134533907,18.08415590000004
3271.1855270127116,3427.6040002648306,18.089321800000107
3271.1855270127116,3443.11859904661,18.094530000000304
3271.1855270127116,3434.9054329978826,18.099740000000565
3271.1855270127116,3417.3074351165255,18.10496880000028
3271.1855270127116,3418.8963003177973,18.110152300000664
3271.1855270127116,3432.7603389830515,18.11537000000044
3271.1855270127116,3429.444357786018,18.12061730000005
3271.1855270127116,3447.1254912605928,18.125805700000456
3271.1855270127116,3419.35835407839,18.129348700000264
3271.1855270127116,3458.851272510593,18.134873099999822
3271.1855270127116,3450.3886798199146,18.140050500000143
3271.1855270127116,3433.791457891951,18.145232599999872
3271.1855270127116,3420.038330243644,18.150409700000637
3271.1855270127116,3431.7989870233055,18.15565229999993
3271.1855270127116,3407.3797311970334,18.1609054999999
3271.1855270127116,3420.9981951800846,18.166193699999894
3271.1855270127116,3395.929931144068,18.171415900000284
3271.1855270127116,3411.42185381356,18.17658500000016
3271.1855270127116,3446.312886652543,18.181776400000672
3271.1855270127116,3423.4470577330508,18.186987500000214
3271.1855270127116,3404.6297576800844,18.19222880000052
3271.1855270127116,3412.644957627119,18.195640599999933
3271.1855270127116,3423.3287500000006,18.20200939999995
3271.1855270127116,3422.5444279661024,18.207369499999913
3271.1855270127116,3393.6721133474575,18.2125644000007
3271.1855270127116,3432.8741419491525,18.217861099999936
3271.1855270127116,3424.042281514831,18.22427190000053
3271.1855270127116,3420.697007415255,18.23259870000038
3271.1855270127116,3401.8639777542376,18.24034380000012
3271.1855270127116,3435.4424629237287,18.246039700000438
3271.1855270127116,3430.2407428495767,18.248846700000286
3271.1855270127116,3427.9445537605934,18.25343580000026
3271.1855270127116,3420.164576271187,18.259043800000654
3271.1855270127116,3436.721032838983,18.261683200000334
3271.1855270127116,3414.0988400423735,18.2654734000007
3271.1855270127116,3434.420198622882,18.269941800000197
3271.1855270127116,3411.251953125001,18.275864199999887
3271.1855270127116,3418.395713718219,18.28110470000047
3271.1855270127116,3425.793726165254,18.286402600000656
3271.1855270127116,3445.8451125529664,18.291963800000303
3271.1855270127116,3443.5634878177975,18.29754159999993
3271.1855270127116,3447.205778601696,18.303609100000358
3271.1855270127116,3404.8020206567803,18.309170399999857
3271.1855270127116,3418.8393577860174,18.314921199999844
3271.1855270127116,3474.6006713453385,18.320218900000327
3271.1855270127116,3417.8924576271193,18.32545829999981
3271.1855270127116,3414.272114671611,18.33066460000009
3271.1855270127116,3439.8584904661016,18.335889200000565
3271.1855270127116,3420.5013757944926,18.342251000000033
3271.1855270127116,3413.8120815677967,18.34750560000066
3271.1855270127116,3438.85912473517,18.35279730000002
3271.1855270127116,3424.821950476695,18.358071000000564
3271.1855270127116,3437.30690545551,18.363288300000022
3271.1855270127116,3427.346248675848,18.368504400000347
3271.1855270127116,3431.6451430084753,18.37394949999998
3271.1855270127116,3427.420013241526,18.37922930000059
3271.1855270127116,3425.8710791843228,18.384474200000113
3271.1855270127116,3431.8484229343226,18.389844400000584
3271.1855270127116,3416.3810209216094,18.395464000000175
3271.1855270127116,3412.043117055085,18.400735300000633
3271.1855270127116,3431.392684057205,18.407715899999857
3271.1855270127116,3416.825037076271,18.41319410000051
3271.1855270127116,3409.6476178495777,18.419900700000653
3271.1855270127116,3438.63889036017,18.427263500000663
3271.1855270127116,3406.7203323622884,18.432892100000572
3271.1855270127116,3432.670158898306,18.441942600000402
3271.1855270127116,3421.20788532839,18.449886700000206
3271.1855270127116,3424.0388082627123,18.45255249999991
3271.1855270127116,3418.996677701271,18.456920399999944
3271.1855270127116,3431.887118644069,18.46211510000012
3271.1855270127116,3398.6966671080504,18.46726690000014
3271.1855270127116,3421.6289923199156,18.47248219999983
3271.1855270127116,3440.3187301377125,18.477669800000513
3271.1855270127116,3435.0747907838986,18.48498710000058
3271.1855270127116,3414.8651496292387,18.492127900000014
3271.1855270127116,3403.1642889300847,18.49741129999984
3271.1855270127116,3445.2582070974586,18.502680200000214
3271.1855270127116,3445.6356753177956,18.508657200000016
3271.1855270127116,3394.021966366526,18.51418079999985
3271.1855270127116,3412.1706938559323,18.520487900000262
3271.1855270127116,3407.5922510593223,18.528393600000527
3271.1855270127116,3403.797057733051,18.53486310000062
3271.1855270127116,3413.6913003177974,18.54097550000006
3271.1855270127116,3419.8513029661026,18.546492999999828
3271.1855270127116,3398.616742584746,18.555908299999828
3271.1855270127116,3440.686863082628,18.561527599999863
3271.1855270127116,3406.8998516949155,18.56692699999985
3271.1855270127116,3420.3657547669495,18.572230600000694
3271.1855270127116,3410.9498013771185,18.577545199999804
3271.1855270127116,3404.2876350635593,18.58282710000003
3271.1855270127116,3413.410291313559,18.588082700000086
3271.1855270127116,3424.6003932733056,18.59334900000067
3271.1855270127116,3407.9283302436447,18.59858820000045
3271.1855270127116,3416.4301006355936,18.603820799999994
3271.1855270127116,3419.9851761122877,18.60910000000058
3271.1855270127116,3437.5110116525434,18.61444930000016
3271.1855270127116,3426.696565148306,18.61971100000028
3271.1855270127116,3409.900990466102,18.625039399999878
3271.1855270127116,3465.06232256356,18.63036430000011
3271.1855270127116,3430.5277092161023,18.635632700000315
3271.1855270127116,3408.085418432204,18.64094220000061
3271.1855270127116,3405.0142386122884,18.646372500000325
3271.1855270127116,3415.7129290254243,18.651630500000465
3271.1855270127116,3406.8630892478823,18.657223400000476
3271.1855270127116,3404.1714168432204,18.6626397
3271.1855270127116,3431.35888506356,18.66799970000011
3271.1855270127116,3410.140583951271,18.673353600000155
3271.1855270127116,3422.710013241526,18.678972600000634
3271.1855270127116,3419.144880826271,18.68434690000049
3271.1855270127116,3416.173077330508,18.68982599999981
3271.1855270127116,3406.4010262182205,18.69510640000044
3271.1855270127116,3429.099512711864,18.70059450000008
3271.1855270127116,3431.433870497882,18.705833699999857
3271.1855270127116,3464.132644332628,18.711161600000196
3271.1855270127116,3426.9930481991537,18.71648400000049
3271.1855270127116,3429.5143842690686,18.72405280000021
3271.1855270127116,3412.664087658899,18.72928039999988
3271.1855270127116,3436.2794769597467,18.73509710000053
3271.1855270127116,3416.3793008474586,18.74058960000002
3271.1855270127116,3419.9939790783906,18.746106999999938
3271.1855270127116,3409.9360063559316,18.751475300000493
3271.1855270127116,3420.651412870764,18.758668899999975
3271.1855270127116,3416.99129104873,18.763855199999853
3271.1855270127116,3417.3537592690686,18.7689704000004
3271.1855270127116,3436.54934851695,18.77418840000064
3271.1855270127116,3419.986178495764,18.779546000000664
3271.1855270127116,3435.507725105933,18.78529080000044
3271.1855270127116,3443.139842425848,18.792769300000145
3271.1855270127116,3440.7949510063568,18.799703700000464
3271.1855270127116,3441.8372656250003,18.804944800000158
3271.1855270127116,3427.580961334746,18.810239100000217
3271.1855270127116,3413.557227224577,18.81556140000066
3271.1855270127116,3408.913877118645,18.82445259999986
3271.1855270127116,3436.1800198622886,18.831997300000694
3271.1855270127116,3434.5465267478817,18.84421100000054
3271.1855270127116,3427.1668140889833,18.851810600000135
3271.1855270127116,3415.5664804025428,18.859300400000393
3271.1855270127116,3418.7201588983057,18.865185600000586
3271.1855270127116,3422.73376059322,18.870388000000275
3271.1855270127116,3405.1342995233044,18.87692969999989
3271.1855270127116,3418.6045855402544,18.882985400000507
3271.1855270127116,3433.2398874470346,18.888580800000454
3271.1855270127116,3419.9424576271194,18.894010099999832
3271.1855270127116,3412.618605667373,18.89969040000051
3271.1855270127116,3424.6073808262713,18.90561450000041
3271.1855270127116,3429.8361692266953,18.910963899999842
3271.1855270127116,3414.0549258474584,18.916206400000192
3271.1855270127116,3447.357837658899,18.92156310000064
3271.1855270127116,3428.656253972458,18.92601150000064
3271.1855270127116,3410.9065810381367,18.933170400000563
3271.1855270127116,3420.744171080509,18.94157869999981
3271.1855270127116,3422.7338029661023,18.948565300000155
3271.1855270127116,3419.2697232521186,18.95508130000053
3271.1855270127116,3433.6097404661023,18.960402600000634
3271.1855270127116,3437.977857521187,18.965653000000202
3271.1855270127116,3438.9647709216106,18.970983400000478
3271.1855270127116,3417.447586069915,18.97624470000028
3271.1855270127116,3437.650041048729,18.981522900000527
3271.1855270127116,3435.1898344809324,18.987036200000148
3271.1855270127116,3419.2646001059334,18.992551899999853
3271.1855270127116,3419.8153482521197,18.99793899999986
3271.1855270127116,3415.4851615466105,19.003679000000375
3271.1855270127116,3446.6515730932206,19.010574400000223
3271.1855270127116,3432.4304819915264,19.016278500000226
3271.1855270127116,3407.4395272775428,19.022825699999885
3271.1855270127116,3423.4313056144074,19.02882800000043
3271.1855270127116,3426.8208964512714,19.03458529999989
3271.1855270127116,3428.5811003707627,19.040105800000674
3271.1855270127116,3410.0809904661014,19.04573849999997
3271.1855270127116,3431.638387182203,19.051058099999864
3271.1855270127116,3437.623675847458,19.056370100000095
3271.1855270127116,3404.24255164195,19.061701300000095
3271.1855270127116,3426.5031011652545,19.067031999999926
3271.1855270127116,3409.0690492584745,19.07336149999992
3271.1855270127116,3402.731472457628,19.078932200000054
3271.1855270127116,3440.7664592161027,19.08448959999987
3271.1855270127116,3399.8246305614407,19.090233900000385
3271.1855270127116,3434.192862817797,19.09564870000031
3271.1855270127116,3441.8976893538143,19.100843799999893
3271.1855270127116,3407.57317664195,19.107302899999922
3271.1855270127116,3423.1431038135597,19.113127700000405
3271.1855270127116,3419.009443855932,19.118659300000218
3271.1855270127116,3406.6242968750003,19.124897700000474
3271.1855270127116,3418.890460805085,19.130068600000413
3271.1855270127116,3438.635462129238,19.135469300000295
3271.1855270127116,3415.3353561970343,19.141430499999842
3271.1855270127116,3419.001542637712,19.14470960000017
3271.1855270127116,3435.7922020656783,19.150531199999932
3271.1855270127116,3429.5657521186445,19.156172400000287
3271.1855270127116,3408.4877648305087,19.162189700000454
3271.1855270127116,3425.6561255296624,19.16775460000008
3271.1855270127116,3406.314633209746,19.17313590000049
3271.1855270127116,3403.644768273305,19.178286299999854
3271.1855270127116,3411.5873967161033,19.18368410000039
3271.1855270127116,3428.3437301377126,19.188985400000092
3271.1855270127116,3399.323621557203,19.194336600000497
3271.1855270127116,3426.6663718220348,19.19955620000019
3271.1855270127116,3421.7325026483054,19.204729500000212
3271.1855270127116,3419.168990995763,19.20753229999991
3271.1855270127116,3436.3534361758475,19.21069770000031
3271.1855270127116,3424.4857799258484,19.21609080000053
3271.1855270127116,3420.524985434323,19.22128040000007
3271.1855270127116,3409.9446385063566,19.226494500000626
3271.1855270127116,3428.4199417372893,19.231782900000326
3271.1855270127116,3438.4897060381372,19.23800240000037
3271.1855270127116,3410.6285143008477,19.243491900000663
3271.1855270127116,3441.7930429025437,19.248755200000232
3271.1855270127116,3430.6201509533903,19.254097699999875
3271.1855270127116,3423.1537711864403,19.2574295000004
3271.1855270127116,3431.697666843221,19.26263999999992
3271.1855270127116,3436.236873675847,19.2678633000005
3271.1855270127116,3405.15405190678,19.273024500000247
3271.1855270127116,3468.1505045021186,19.278206200000568
3271.1855270127116,3414.565373411016,19.283455600000707
3271.1855270127116,3412.395263506355,19.2862724000006
3271.1855270127116,3443.1603138241535,19.290945300000203
3271.1855270127116,3438.7883911546614,19.29605030000039
3271.1855270127116,3432.6620140360174,19.30117969999992
3271.1855270127116,3461.960901747883,19.30489260000013
3271.1855270127116,3432.165760063559,19.30748290000065
3271.1855270127116,3400.1501761122886,19.310097900000073
3271.1855270127116,3428.5156792902535,19.314086600000337
3271.1855270127116,3414.466087129238,19.316905800000313
3271.1855270127116,3443.933434851696,19.3201624000003
3271.1855270127116,3415.534936440679,19.324653200000284
3271.1855270127116,3422.7051112288127,19.32726030000049
3271.1855270127116,3406.572964777543,19.32985869999993
3271.1855270127116,3420.3562354343226,19.334151300000485
3271.1855270127116,3406.4168948622882,19.33950150000055
3271.1855270127116,3429.0116750529655,19.344662500000595
3271.1855270127116,3425.2406872351703,19.3500281000006
3271.1855270127116,3401.683385858051,19.355616499999996
3271.1855270127116,3409.2679250529673,19.360810799999854
3271.1855270127116,3418.9905998411027,19.365997800000514
3271.1855270127116,3433.5700582627123,19.37185970000064
3271.1855270127116,3420.176281779661,19.37702090000039
3271.1855270127116,3415.7404263771195,19.38224640000044
3271.1855270127116,3450.310466101695,19.38776440000038
3271.1855270127116,3418.250654131357,19.39304650000031
3271.1855270127116,3441.7323291843227,19.398220900000524
3271.1855270127116,3398.372886652543,19.401734500000202
3271.1855270127116,3423.45142743644,19.404881400000704
3271.1855270127116,3413.495582627118,19.407474999999977
3271.1855270127116,3426.1742399364416,19.41010439999991
3271.1855270127116,3433.3535010593228,19.412733400000434
3271.1855270127116,3428.971836599576,19.416403700000046
3271.1855270127116,3411.4782534427964,19.421578500000578
3271.1855270127116,3415.310965307204,19.426743400000305
3271.1855270127116,3414.9849443855937,19.432072800000242
3271.1855270127116,3425.1778151483063,19.43713790000038
3271.1855270127116,3454.530463453391,19.439749099999972
3271.1855270127116,3426.3962936970347,19.4424183000001
3271.1855270127116,3438.991651218221,19.44788990000052
3271.1855270127116,3417.179804025425,19.450476300000446
3271.1855270127116,3450.0371623411015,19.45369650000066
3271.1855270127116,3423.5892306673727,19.456854200000635
3271.1855270127116,3440.570235699152,19.459467499999846
3271.1855270127116,3405.803403072034,19.463774900000317
3271.1855270127116,3408.3037380826268,19.467196200000217
3271.1855270127116,3432.3622854872897,19.472336700000596
3271.1855270127116,3418.882386122881,19.47773850000067
3271.1855270127116,3433.294278336865,19.48144390000016
3271.1855270127116,3445.8796093749997,19.48404600000049
3271.1855270127116,3417.836484375,19.48668970000017
3271.1855270127116,3409.3428840042384,19.492204500000298
3271.1855270127116,3418.4178217690674,19.497331900000063
3271.1855270127116,3427.108993644067,19.50246909999987
3271.1855270127116,3424.0154952330504,19.507871400000113
3271.1855270127116,3418.9578959216096,19.513058999999885
3271.1855270127116,3437.3247060381364,19.518157399999836
3271.1855270127116,3449.6178032309326,19.523306500000217
3271.1855270127116,3418.5138148834753,19.528537300000608
3271.1855270127116,3414.8005164194924,19.533702700000504
3271.1855270127116,3429.416112288137,19.53894020000007
3271.1855270127116,3412.388640095339,19.54210409999996
3271.1855270127116,3420.513697033898,19.544705899999826
3271.1855270127116,3426.864288930085,19.54728299999988
3271.1855270127116,3452.7128760593214,19.54988980000053
3271.1855270127116,3440.419594809323,19.55250310000065
3271.1855270127116,3436.154586864408,19.55681199999981
3271.1855270127116,3416.9398596398305,19.561983700000383
3271.1855270127116,3431.4773490466114,19.56717900000058
3271.1855270127116,3426.334122086865,19.572351000000708
3271.1855270127116,3456.8582958156785,19.577498800000285
3271.1855270127116,3433.6690082097466,19.582660600000054
3271.1855270127116,3432.734020127119,19.587881899999957
3271.1855270127116,3424.827486758475,19.59294150000005
3271.1855270127116,3425.221967690679,19.59811239999999
3271.1855270127116,3423.4246967690683,19.60326400000031
3271.1855270127116,3431.3705203919494,19.60847240000021
3271.1855270127116,3436.8659679555085,19.613591799999995
3271.1855270127116,3421.0544941737285,19.61884210000062
3271.1855270127116,3448.750150953391,19.62401829999999
3271.1855270127116,3403.1873636122878,19.62921929999993
3271.1855270127116,3415.159623940677,19.63436929999989
3271.1855270127116,3419.27373411017,19.639580500000193
3271.1855270127116,3429.6264287605936,19.64476840000043
3271.1855270127116,3430.697980667374,19.649930399999903
3271.1855270127116,3436.8114036016964,19.655055400000492
3271.1855270127116,3425.640652807204,19.660261099999843
3271.1855270127116,3428.6776747881363,19.66539980000016
3271.1855270127116,3413.9781395656787,19.66922590000013
3271.1855270127116,3411.438834745763,19.67181040000014
3271.1855270127116,3435.7900317796616,19.674437300000136
3271.1855270127116,3419.039451800849,19.67705190000015
3271.1855270127116,3430.888752648305,19.67964269999993
3271.1855270127116,3415.606273834747,19.684764300000097
3271.1855270127116,3409.053103813558,19.689941700000418
3271.1855270127116,3438.198208421609,19.69506580000052
3271.1855270127116,3414.537247086864,19.700202400000308
3271.1855270127116,3421.4563215042376,19.705337000000327
3271.1855270127116,3413.405201271186,19.710481099999924
3271.1855270127116,3402.250504502119,19.715646300000117
3271.1855270127116,3433.3717240466112,19.720847200000208
3271.1855270127116,3405.340495233051,19.725938500000666
3271.1855270127116,3443.576353283898,19.731065100000706
3271.1855270127116,3412.0999126059332,19.736229099999946
3271.1855270127116,3428.0785738877125,19.741381900000306
3271.1855270127116,3419.7507044491526,19.746460000000297
3271.1855270127116,3407.9910500529663,19.751653899999837
3271.1855270127116,3450.9654422669496,19.756786800000555
3271.1855270127116,3431.72779661017,19.76193990000047
3271.1855270127116,3403.058495762712,19.76709420000043
3271.1855270127116,3430.6090903072018,19.772180699999808
3271.1855270127116,3404.254465042372,19.777322100000674
3271.1855270127116,3430.133788400425,19.78249060000053
3271.1855270127116,3414.6935235699157,19.787568800000372
3271.1855270127116,3401.29045815678,19.79273170000033
3271.1855270127116,3424.777151747882,19.79789179999989
3271.1855270127116,3407.316452595339,19.80296890000045
3271.1855270127116,3423.096647245762,19.808114800000112
3271.1855270127116,3443.135195974577,19.81323330000032
3271.1855270127116,3467.48817134534,19.81843200000003
3271.1855270127116,3427.832314618646,19.823521000000255
3271.1855270127116,3423.499495497881,19.828846299999896
3271.1855270127116,3420.755495233051,19.834006000000045
3271.1855270127116,3411.595703125001,19.839225200000328
3271.1855270127116,3401.0294412076264,19.844420600000376
3271.1855270127116,3433.8987460275416,19.848899700000402
3271.1855270127116,3418.2072974046614,19.851593800000046
3271.1855270127116,3414.492012711865,19.85548850000032
3271.1855270127116,3412.17244835805,19.8606204000007
3271.1855270127116,3439.458311705509,19.865742599999976
3271.1855270127116,3417.5531183792373,19.870845000000372
3271.1855270127116,3418.2751959745756,19.876041100000293
3271.1855270127116,3471.3008302436438,19.881182600000102
3271.1855270127116,3422.51398967161,19.8863936000007
3271.1855270127116,3416.704315413137,19.891487300000335
3271.1855270127116,3429.5851906779653,19.896660000000338
3271.1855270127116,3431.305018538136,19.90176490000067
3271.1855270127116,3426.1463148834746,19.906941400000505
3271.1855270127116,3400.3815717690695,19.9120511000001
3271.1855270127116,3452.88936440678,19.917211599999973
3271.1855270127116,3411.594324682204,19.922374200000377
3271.1855270127116,3391.369360434322,19.927578100000574
3271.1855270127116,3450.0494134004243,19.932712700000593
3271.1855270127116,3444.9142359639827,19.937850500000422
3271.1855270127116,3428.727081567797,19.9430310000007
3271.1855270127116,3399.200603813559,19.948192100000597
3271.1855270127116,3405.9871451271183,19.95332899999994
3271.1855270127116,3420.411438029661,19.958458500000233
3271.1855270127116,3436.336550582627,19.96356470000046
3271.1855270127116,3406.5152688029657,19.9687143000001
3271.1855270127116,3415.0377330508477,19.973806400000285
3271.1855270127116,3433.889160487289,19.977521499999966
3271.1855270127116,3417.489667637713,19.980094500000632
3271.1855270127116,3405.2398463983054,19.985332799999924
3271.1855270127116,3411.6717439088984,19.990572100000463
3271.1855270127116,3413.134944385593,19.995718699999998
3271.1855270127116,3443.871623411017,19.999151500000153
3271.1855270127116,3413.057122616526,20.001761700000316
3271.1855270127116,3414.9720908368645,20.00515499999983
3271.1855270127116,3416.9458130296616,20.00845670000035
3271.1855270127116,3409.3008951271186,20.011038100000405
3271.1855270127116,3422.742832362289,20.01564159999998
3271.1855270127116,3418.4620458156783,20.021620399999847
3271.1855270127116,3437.8715982521194,20.028416400000424
3271.1855270127116,3410.0448967161024,20.034939099999974
3271.1855270127116,3406.8840161546614,20.040779200000543
3271.1855270127116,3422.485745497882,20.04610760000014
3271.1855270127116,3428.105997086865,20.051245999999992
3271.1855270127116,3461.481742584746,20.05625670000063
3271.1855270127116,3444.3418710275428,20.061403300000165
3271.1855270127116,3432.8697537076278,20.066618599999856
3271.1855270127116,3442.126890889831,20.07205460000023
3271.1855270127116,3405.606681673729,20.077522200000203
3271.1855270127116,3419.372915783899,20.08113180000055
3271.1855270127116,3396.5295603813565,20.086280800000168
3271.1855270127116,3405.2221901483044,20.091654500000004
3271.1855270127116,3416.708185911017,20.095273300000372
3271.1855270127116,3418.4454912605934,20.097886200000175
3271.1855270127116,3420.2915929555093,20.102533700000095
3271.1855270127116,3418.993257415256,20.10781130000032
3271.1855270127116,3408.8422073622887,20.11159420000058
3271.1855270127116,3405.6800582627125,20.11444550000033
3271.1855270127116,3436.9514181673735,20.11883940000007
3271.1855270127116,3417.9549059851706,20.123972100000174
3271.1855270127116,3400.1261784957637,20.129085399999894
3271.1855270127116,3420.1152025953406,20.134222300000147
3271.1855270127116,3422.8241763771193,20.139453000000685
3271.1855270127116,3422.2200648834746,20.14487629999985
3271.1855270127116,3411.5578124999993,20.150036699999873
3271.1855270127116,3416.522799258474,20.15527220000058
3271.1855270127116,3427.6281713453395,20.160443800000394
3271.1855270127116,3416.890097987288,20.165625100000398
3271.1855270127116,3425.8571530720346,20.170834999999897
3271.1855270127116,3427.3199788135607,20.175994500000343
3271.1855270127116,3426.31887976695,20.181177800000114
3271.1855270127116,3407.2734944385593,20.186384999999973
3271.1855270127116,3420.790847457627,20.19150669999999
3271.1855270127116,3417.4961943855933,20.196639800000412
3271.1855270127116,3417.5909229343215,20.201902200000404
3271.1855270127116,3415.809096927966,20.20707880000009
3271.1855270127116,3446.6488612288135,20.212206199999855
3271.1855270127116,3437.0219756355937,20.21738230000028
3271.1855270127116,3437.102672139831,20.222582700000203
3271.1855270127116,3414.9816843220347,20.227766500000143
3271.1855270127116,3420.882789989407,20.23293720000038
3271.1855270127116,3402.823571239408,20.238568900000246
3271.1855270127116,3430.8372550317804,20.243745300000228
3271.1855270127116,3422.3922444385607,20.248925800000507
3271.1855270127116,3415.170263506355,20.253367600000274
3271.1855270127116,3430.682187499999,20.256980199999816
3271.1855270127116,3423.0759970868635,20.261341600000378
3271.1855270127116,3422.515871292373,20.26745260000007
3271.1855270127116,3433.9039340572044,20.271198899999945
3271.1855270127116,3409.205732256356,20.275502500000584
3271.1855270127116,3405.7822537076268,20.2806427000005
3271.1855270127116,3407.412556938559,20.283870000000206
3271.1855270127116,3439.9507415254247,20.28697050000028
3271.1855270127116,3428.1381342690675,20.290145800000573
3271.1855270127116,3425.4589141949155,20.292751099999805
3271.1855270127116,3410.6285553495763,20.295348800000284
3271.1855270127116,3425.9219425317797,20.298878100000366
3271.1855270127116,3408.5039804025428,20.304067800000666
3271.1855270127116,3430.2735579978835,20.309322400000383
3271.1855270127116,3407.750472722457,20.314698600000156
3271.1855270127116,3442.465525688561,20.320026100000177
3271.1855270127116,3419.5700450211875,20.32517470000039
3271.1855270127116,3426.387868114407,20.330406200000652
3271.1855270127116,3432.011816737288,20.335591800000657
3271.1855270127116,3414.048845338984,20.340765900000406
3271.1855270127116,3420.7133090572042,20.34642950000034
3271.1855270127116,3419.8155190677976,20.35073310000007
3271.1855270127116,3441.633253442797,20.357025199999953
3271.1855270127116,3406.156118908899,20.362641800000347
3271.1855270127116,3416.26230137712,20.36819370000012
3271.1855270127116,3440.4604634533903,20.373704499999803
3271.1855270127116,3426.5695140360167,20.378985100000136
3271.1855270127116,3439.2301602224584,20.384189100000185
3271.1855270127116,3421.500426377118,20.389433800000006
3271.1855270127116,3458.7587182203392,20.394680899999912
3271.1855270127116,3409.1586533368636,20.399877200000446
3271.1855270127116,3415.147268273305,20.405551100000594
3271.1855270127116,3405.6176244703393,20.410625900000014
3271.1855270127116,3420.1927105402538,20.415834800000084
3271.1855270127116,3415.6628111758473,20.4209922
3271.1855270127116,3414.1864168432207,20.426128000000062
3271.1855270127116,3425.01607786017,20.429580400000305
3271.1855270127116,3406.7651893538136,20.43215390000023
3271.1855270127116,3404.6545590572036,20.434770500000013
3271.1855270127116,3424.5397457627123,20.437450000000354
3271.1855270127116,3420.5218935381354,20.4426069000001
3271.1855270127116,3440.3325648834752,20.4478067
3271.1855270127116,3413.3694186970342,20.452920300000187
3271.1855270127116,3398.573302436441,20.458085900000697
3271.1855270127116,3423.2656236758476,20.463210700000673
3271.1855270127116,3450.7523900953393,20.468336400000226
3271.1855270127116,3412.8636890889834,20.473490700000184
3271.1855270127116,3461.725677966102,20.478623300000436
3271.1855270127116,3466.1439578919494,20.483792099999846
3271.1855270127116,3412.934036016949,20.488964699999997
3271.1855270127116,3415.125227754237,20.494102499999826
3271.1855270127116,3437.3346186440685,20.49925500000063
3271.1855270127116,3410.501472457627,20.50441899999987
3271.1855270127116,3432.381634004237,20.509580700000697
3271.1855270127116,3438.219210805085,20.514790500000345
3271.1855270127116,3431.9512963453394,20.520318599999882
3271.1855270127116,3398.483565942797,20.523720900000626
3271.1855270127116,3423.232580773306,20.526369500000328
3271.1855270127116,3451.935158898306,20.530070900000283
3271.1855270127116,3422.412196769068,20.53395679999994
3271.1855270127116,3440.4526708156777,20.539236900000105
3271.1855270127116,3404.0902237817795,20.541855600000417
3271.1855270127116,3416.741652542374,20.544664800000646
3271.1855270127116,3410.4230058262715,20.547342100000606
3271.1855270127116,3433.507789989406,20.551187000000027
3271.1855270127116,3423.7192253707626,20.555628300000535
3271.1855270127116,3423.399212129238,20.55833630000052
3271.1855270127116,3432.3344729872892,20.562199500000133
3271.1855270127116,3410.9221358580508,20.564842300000237
3271.1855270127116,3414.556411546611,20.567433600000186
3271.1855270127116,3406.615713718221,20.570659800000612
3271.1855270127116,3454.7485195974577,20.573275800000374
3271.1855270127116,3411.1345908368635,20.575828200000615
3271.1855270127116,3425.7310950741535,20.57843910000065
3271.1855270127116,3413.407613877119,20.582816099999945
3271.1855270127116,3427.082913135593,20.585432500000024
3271.1855270127116,3437.1416009004247,20.58979790000012
3271.1855270127116,3412.697944915255,20.592974700000013
3271.1855270127116,3429.3654899364415,20.595632399999886
3271.1855270127116,3437.104793432203,20.598321000000396
3271.1855270127116,3413.040519067796,20.602002200000243
3271.1855270127116,3426.6946914724567,20.604579400000148
3271.1855270127116,3406.4963215042376,20.607175000000097
3271.1855270127116,3436.2058911546615,20.610688100000516
3271.1855270127116,3420.211875000001,20.613966599999912
3271.1855270127116,3417.761426112289,20.61661720000029
3271.1855270127116,3423.6200211864407,20.619608099999823
3271.1855270127116,3416.310681938559,20.622908199999983
3271.1855270127116,3423.674743114407,20.625532600000042
3271.1855270127116,3421.4509785487294,20.628600500000175
3271.1855270127116,3420.5256077860176,20.6321410999999
3271.1855270127116,3413.511471133475,20.634764700000233
3271.1855270127116,3427.142264300848,20.63738590000048
3271.1855270127116,3415.6304515360175,20.64079529999981
3271.1855270127116,3430.493493114407,20.64371990000018
3271.1855270127116,3419.371537341103,20.6463188000007
3271.1855270127116,3420.300214512713,20.648902500000077
3271.1855270127116,3423.1262460275425,20.65260390000003
3271.1855270127116,3426.6298450741524,20.655197500000213
3271.1855270127116,3419.653530190678,20.65779620000012
3271.1855270127116,3419.1083368644076,20.662081399999806
3271.1855270127116,3457.546163930084,20.664678400000412
3271.1855270127116,3397.9140466101694,20.667250000000422
3271.1855270127116,3434.4903787076273,20.670631900000444
3271.1855270127116,3419.4603350105926,20.673601000000417
3271.1855270127116,3412.3228005826286,20.67625120000048
3271.1855270127116,3438.1548424258485,20.67888900000071
3271.1855270127116,3430.730549523305,20.682638000000225
3271.1855270127116,3436.223331567797,20.685234800000217
3271.1855270127116,3420.1370007944906,20.687840600000527
3271.1855270127116,3417.8465095338984,20.691702400000395
3271.1855270127116,3428.338094544493,20.695725999999922
3271.1855270127116,3436.818191207628,20.698379600000408
3271.1855270127116,3400.606484375,20.702044300000125
3271.1855270127116,3454.3335090042383,20.70464820000052
3271.1855270127116,3415.2363506355937,20.707265500000176
3271.1855270127116,3423.3589684851695,20.71063090000007
3271.1855270127116,3427.6134639830516,20.713607800000318
3271.1855270127116,3426.973158103813,20.716183600000477
3271.1855270127116,3415.043228283898,20.718767299999854
3271.1855270127116,3431.2309017478824,20.722467900000083
3271.1855270127116,3418.5486824682202,20.72523860000001
3271.1855270127116,3412.2963056144063,20.72784000000047
3271.1855270127116,3424.7480429025427,20.73152670000036
3271.1855270127116,3433.633395127118,20.73409679999986
3271.1855270127116,3408.3044941737294,20.73675809999986
3271.1855270127116,3445.205421080509,20.73943539999982
3271.1855270127116,3423.705905720339,20.743063700000675
3271.1855270127116,3400.6118299788136,20.74562320000041
3271.1855270127116,3440.8697497351704,20.748227099999895
3271.1855270127116,3430.181236758474,20.751894099999845
3271.1855270127116,3428.2922166313556,20.75452580000001
3271.1855270127116,3429.4555111228815,20.757096500000443
3271.1855270127116,3397.8552899894066,20.760069400000248
3271.1855270127116,3434.7100635593224,20.763400800000454
3271.1855270127116,3420.3716406250005,20.765986800000064
3271.1855270127116,3437.535677966102,20.76865690000068
3271.1855270127116,3418.855994438559,20.77304820000063
3271.1855270127116,3418.716757150424,20.77634230000058
3271.1855270127116,3423.6652807203404,20.778977800000575
3271.1855270127116,3437.8756554555084,20.78268410000055
3271.1855270127116,3407.9561480402544,20.78527639999993
3271.1855270127116,3406.7823358050846,20.787907100000666
3271.1855270127116,3412.981607521187,20.791606200000388
3271.1855270127116,3417.5487685381354,20.794194900000548
3271.1855270127116,3423.6642597987297,20.796830400000545
3271.1855270127116,3426.912413930085,20.799601200000325
3271.1855270127116,3432.9396054025424,20.80319109999982
3271.1855270127116,3415.041521451271,20.805895700000292
3271.1855270127116,3419.9751655190685,20.80851260000054
3271.1855270127116,3415.1219173728823,20.812203899999986
3271.1855270127116,3413.755583951271,20.814787299999807
3271.1855270127116,3424.138253442797,20.817374400000517
3271.1855270127116,3417.764727224577,20.82069440000032
3271.1855270127116,3424.5532388771185,20.825807300000633
3271.1855270127116,3415.6404329978814,20.831032900000537
3271.1855270127116,3452.0749298199153,20.836149300000216
3271.1855270127116,3416.420373411018,20.841334499999903
3271.1855270127116,3411.439543167373,20.846491799999967
3271.1855270127116,3422.8654687500007,20.851681500000268
3271.1855270127116,3436.9313691737293,20.856863099999828
3271.1855270127116,3443.2665174788135,20.861977700000352
3271.1855270127116,3440.9667955508476,20.867153700000017
3271.1855270127116,3399.892319915255,20.87233809999998
3271.1855270127116,3420.5565307203397,20.877496099999917
3271.1855270127116,3434.2500066207635,20.882679700000153
3271.1855270127116,3425.9023027012713,20.8875979000004
3271.1855270127116,3425.8391300317803,20.8903049999999
3271.1855270127116,3420.9864671610167,20.892914800000653
3271.1855270127116,3425.6138612288146,20.895532300000013
3271.1855270127116,3417.670231726695,20.89813099999992
3271.1855270127116,3471.5030865995773,20.901320100000703
3271.1855270127116,3414.525478019068,20.903917900000124
3271.1855270127116,3423.1860275423733,20.906510800000433
3271.1855270127116,3425.040377383475,20.90908320000017
3271.1855270127116,3419.0161586334743,20.911684400000013
3271.1855270127116,3420.320785222458,20.914286700000048
3271.1855270127116,3402.031627383475,20.91696580000007
3271.1855270127116,3429.7980256885603,20.92014040000049
3271.1855270127116,3409.0885315148316,20.922717400000693
3271.1855270127116,3425.7821173199154,20.925414500000443
3271.1855270127116,3411.1280587923734,20.92798279999988
3271.1855270127116,3430.62337526483,20.9305473000004
3271.1855270127116,3432.648650688559,20.9334687999999
3271.1855270127116,3432.763687764832,20.93606550000004
3271.1855270127116,3422.505266154662,20.93867020000016
3271.1855270127116,3411.8680111228814,20.941259199999877
3271.1855270127116,3396.7670736228824,20.943790700000136
3271.1855270127116,3399.681394332628,20.946342900000673
3271.1855270127116,3423.588814883475,20.94909850000022
3271.1855270127116,3426.3595113877127,20.95171399999981
3271.1855270127116,3450.7210143008483,20.95429039999999
3271.1855270127116,3416.4563612288134,20.95687590000034
3271.1855270127116,3423.4310553495757,20.959567200000492
3271.1855270127116,3425.8917108050846,20.96214980000059
3271.1855270127116,3417.1988215042384,20.964817900000526
3271.1855270127116,3433.271126853814,20.967400600000474
3271.1855270127116,3429.3641114936445,20.969961599999806
3271.1855270127116,3414.9162552966104,20.972595199999887
3271.1855270127116,3438.4134096927964,20.97518930000024
3271.1855270127116,3439.7022298728816,20.977773900000102
3271.1855270127116,3425.6363400423743,20.980499100000088
3271.1855270127116,3441.6996543961873,20.983100400000694
3271.1855270127116,3433.6819134004236,20.987107700000706
3271.1855270127116,3420.3904634533906,20.99224030000005
3271.1855270127116,3414.9553482521187,20.99736060000032
3271.1855270127116,3422.4933858580525,21.002563300000475
3271.1855270127116,3421.06802568856,21.007630500000232
3271.1855270127116,3429.749430614408,21.01287990000037
3271.1855270127116,3420.6778111758476,21.016739200000302
3271.1855270127116,3410.241204978814,21.019316700000672
3271.1855270127116,3400.3402330508484,21.021873400000004
3271.1855270127116,3416.5055323093234,21.02442830000018
3271.1855270127116,3413.497770127119,21.02698800000053
3271.1855270127116,3421.889925847457,21.031972400000086
3271.1855270127116,3421.1521173199153,21.037143399999877
3271.1855270127116,3413.022861493645,21.04240579999987
3271.1855270127116,3429.6895127118646,21.047605000000658
3271.1855270127116,3421.654727224576,21.052758700000595
3271.1855270127116,3425.3462989936434,21.057923899999878
3271.1855270127116,3447.283825476694,21.063372900000104
3271.1855270127116,3408.7049523305095,21.06694299999981
3271.1855270127116,3432.0175503177975,21.07093210000039
3271.1855270127116,3438.434921875001,21.07399760000044
3271.1855270127116,3446.7637884004234,21.07666490000065
3271.1855270127116,3432.5413797669494,21.079251199999817
3271.1855270127116,3444.16001588983,21.08184970000002
3271.1855270127116,3410.625009269069,21.084447799999907
3271.1855270127116,3423.64016684322,21.08763530000033
3271.1855270127116,3416.9949986758475,21.090849300000627
3271.1855270127116,3419.0018180614406,21.09342050000032
3271.1855270127116,3409.1199351165255,21.096221599999808
3271.1855270127116,3431.686398305085,21.09882319999997
3271.1855270127116,3409.264780190678,21.101400800000192
3271.1855270127116,3414.3535990466107,21.10405770000034
3271.1855270127116,3442.9986784957637,21.10674530000051
3271.1855270127116,3407.1432296080516,21.111925500000325
3271.1855270127116,3423.297714512712,21.117049000000407
3271.1855270127116,3412.523118379237,21.122201199999836
3271.1855270127116,3437.2913400423736,21.127369499999986
3271.1855270127116,3415.4862764830514,21.133940200000325
3271.1855270127116,3441.13473914195,21.138081600000078
3271.1855270127116,3426.9747775423725,21.1416377000005
3271.1855270127116,3413.765617055085,21.144259700000475
3271.1855270127116,3422.907580773306,21.14694630000031
3271.1855270127116,3409.9043207097466,21.149549600000682
3271.1855270127116,3405.7696875000006,21.152132000000165
3271.1855270127116,3432.871052701271,21.15479260000029
3271.1855270127116,3418.7734520656786,21.157426700000542
3271.1855270127116,3421.095074152543,21.160527800000636
3271.1855270127116,3402.530353548729,21.16420130000006
3271.1855270127116,3425.5438493114416,21.16706620000059
3271.1855270127116,3422.791645921611,21.16964470000039
3271.1855270127116,3424.240488612288,21.17248749999999
3271.1855270127116,3411.2334851694923,21.17506930000036
3271.1855270127116,3414.9809692796616,21.17786520000027
3271.1855270127116,3428.8956329449165,21.180502400000478
3271.1855270127116,3423.5778138241526,21.183098299999983
3271.1855270127116,3432.662559586864,21.185710200000358
3271.1855270127116,3443.024895391951,21.188368600000103
3271.1855270127116,3408.8861983580514,21.19093890000022
3271.1855270127116,3458.5794637182203,21.19351110000025
3271.1855270127116,3415.4858448093223,21.196050999999898
3271.1855270127116,3403.911340042374,21.198624999999993
3271.1855270127116,3397.5518193855937,21.201571800000238
3271.1855270127116,3411.605846133475,21.205794999999853
3271.1855270127116,3414.883154131356,21.208398700000544
3271.1855270127116,3418.33911016949,21.210970400000406
3271.1855270127116,3397.310335010594,21.213519900000392
3271.1855270127116,3421.5847126589,21.216107799999918
3271.1855270127116,3416.1063268008493,21.218884400000206
3271.1855270127116,3411.3654886122886,21.224358600000414
3271.1855270127116,3426.3532256355925,21.22942310000053
3271.1855270127116,3422.545532309321,21.23456780000015
3271.1855270127116,3428.858640095339,21.23975849999988
3271.1855270127116,3426.5925794491536,21.24492569999984
3271.1855270127116,3419.5847298728822,21.250150200000462
3271.1855270127116,3419.7035738877116,21.255305900000167
3271.1855270127116,3414.9902542372884,21.2604237000005
3271.1855270127116,3446.1381660487305,21.26557430000048
3271.1855270127116,3417.681888241526,21.27074309999989
3271.1855270127116,3409.2996888241523,21.275907900000675
3271.1855270127116,3412.794494173729,21.28098290000071
3271.1855270127116,3419.6575264830517,21.286087999999836
3271.1855270127116,3463.3597523834737,21.288686700000653
3271.1855270127116,3417.6384096927977,21.291255699999965
3271.1855270127116,3411.077184851695,21.293824500000483
3271.1855270127116,3422.193237552966,21.296429699999862
3271.1855270127116,3396.1015240995775,21.299037600000702
3271.1855270127116,3438.667870762712,21.301883699999962
3271.1855270127116,3431.0442028601697,21.304515300000276
3271.1855270127116,3435.2996663135605,21.307152899999892
3271.1855270127116,3423.1716538665264,21.30979320000006
3271.1855270127116,3415.981867055085,21.313075600000047
3271.1855270127116,3418.296902807202,21.317464100000507
3271.1855270127116,3415.304478283898,21.32257690000006
3271.1855270127116,3423.7668034957637,21.327811300000576
3271.1855270127116,3414.879053230932,21.33304170000065
3271.1855270127116,3431.976396980933,21.33818020000035
3271.1855270127116,3418.9194319385606,21.343283600000177
3271.1855270127116,3419.7860460805086,21.348525600000357
3271.1855270127116,3418.7148702330505,21.353742400000556
3271.1855270127116,3432.3300715042383,21.358941100000266
3271.1855270127116,3430.2396133474585,21.364596000000347
3271.1855270127116,3426.4006117584754,21.370670400000563
3271.1855270127116,3430.8939194915247,21.375473900000543
3271.1855270127116,3434.5042068326275,21.37827710000056
3271.1855270127116,3435.894300847458,21.38092770000003
3271.1855270127116,3446.852437764831,21.38460490000034
3271.1855270127116,3416.573769862289,21.38720210000065
3271.1855270127116,3440.6737327860174,21.389856599999803
3271.1855270127116,3392.4841234110168,21.393565000000308
3271.1855270127116,3428.994643802968,21.396182500000577
3271.1855270127116,3451.151396980932,21.39903409999988
3271.1855270127116,3416.974471663136,21.40225780000037
3271.1855270127116,3411.9140492584743,21.405336300000272
3271.1855270127116,3412.5510884533905,21.40792800000054
3271.1855270127116,3403.8218842690676,21.410570400000324
3271.1855270127116,3413.664495497882,21.413976100000582
3271.1855270127116,3419.636414194915,21.416571800000384
3271.1855270127116,3417.4950370762713,21.420357400000285
3271.1855270127116,3438.505954713984,21.42486540000027
3271.1855270127116,3399.131420815678,21.430001400000037
3271.1855270127116,3430.410699152543,21.435175600000548
3271.1855270127116,3451.101230137713,21.440371400000004
3271.1855270127116,3426.2689817266946,21.445537100000365
3271.1855270127116,3403.849284957628,21.450713000000178
3271.1855270127116,3405.2098490466096,21.455863600000157
3271.1855270127116,3448.9728058792375,21.461057500000607
3271.1855270127116,3419.8485778601703,21.466232100000525
3271.1855270127116,3408.292383474577,21.471356000000014
3271.1855270127116,3431.3165254237297,21.476478500000667
3271.1855270127116,3453.199976165254,21.479108200000155
3271.1855270127116,3414.862489406779,21.481692000000294
3271.1855270127116,3444.207989936441,21.48428370000056
3271.1855270127116,3405.0120352224585,21.486847900000612
3271.1855270127116,3421.061974311442,21.489656700000523
3271.1855270127116,3417.1157812499996,21.49226060000001
3271.1855270127116,3420.4337658898307,21.494866300000467
3271.1855270127116,3424.030079449154,21.497450100000606
3271.1855270127116,3434.018605667374,21.50007689999984
3271.1855270127116,3420.773003177967,21.502776500000436
3271.1855270127116,3410.3726178495767,21.505510800000593
3271.1855270127116,3420.682872086865,21.508109200000035
3271.1855270127116,3434.96717690678,21.510699299999942
3271.1855270127116,3403.962541048729,21.513366099999985
3271.1855270127116,3446.611362552967,21.515985400000318
3271.1855270127116,3442.6757971398315,21.518569599999864
3271.1855270127116,3405.044723252117,21.521158999999898
3271.1855270127116,3421.5321265889834,21.523768500000187
3271.1855270127116,3401.2836295021193,21.526447900000676
3271.1855270127116,3426.204322033898,21.529074300000502
3271.1855270127116,3428.0098331567797,21.53163670000049
3271.1855270127116,3414.865818326271,21.534218100000544
3271.1855270127116,3434.6595842161014,21.536901500000567
3271.1855270127116,3410.90040651483,21.539477400000578
3271.1855270127116,3448.966937235171,21.542111400000067
3271.1855270127116,3419.617989936441,21.544630500000494
3271.1855270127116,3407.7106263241517,21.54718430000048
3271.1855270127116,3415.801451271187,21.549736900000426
3271.1855270127116,3410.935766684322,21.552309600000626
3271.1855270127116,3414.6251933262715,21.55780659999982
3271.1855270127116,3409.0077621822047,21.567891100000452
3271.1855270127116,3443.8785752118656,21.576033400000597
3271.1855270127116,3456.1072166313566,21.585485800000242
3271.1855270127116,3413.7323914194926,21.588743899999827
3271.1855270127116,3432.2569001588986,21.59232130000055
3271.1855270127116,3445.3526668432214,21.595014500000616
3271.1855270127116,3415.792767478814,21.597597400000268
3271.1855270127116,3410.5746663135596,21.601402899999812
3271.1855270127116,3421.723792372881,21.605158600000323
3271.1855270127116,3422.4096332097465,21.61036150000018
3271.1855270127116,3411.561476430085,21.615545999999995
3271.1855270127116,3443.280174788136,21.62076630000047
3271.1855270127116,3415.813179290255,21.6259485999999
3271.1855270127116,3404.9855548199157,21.63107780000064
3271.1855270127116,3407.4031832627134,21.636206900000616
3271.1855270127116,3420.093294491527,21.64136360000066
3271.1855270127116,3422.088287870763,21.646505900000193
3271.1855270127116,3440.5024284957635,21.6516558000003
3271.1855270127116,3430.588536811442,21.656837200000155
3271.1855270127116,3411.8540664724583,21.66198970000005
3271.1855270127116,3428.724123411018,21.667124999999942
3271.1855270127116,3462.854373675847,21.672386400000505
3271.1855270127116,3407.6239102224577,21.677522099999806
3271.1855270127116,3449.6210699152552,21.6827600000006
3271.1855270127116,3426.0193008474594,21.68791870000041
3271.1855270127116,3426.9096848516956,21.693019899999854
3271.1855270127116,3415.280230402543,21.698220900000706
3271.1855270127116,3459.4128217690686,21.70341280000048
3271.1855270127116,3467.4706647245766,21.708783800000674
3271.1855270127116,3434.689785487289,21.714100199999848
3271.1855270127116,3440.575881885594,21.72092310000062
3271.1855270127116,3420.5213426906776,21.727370700000392
3271.1855270127116,3412.4346795550855,21.732500300000538
3271.1855270127116,3445.523675847457,21.737957500000448
3271.1855270127116,3429.1673702330518,21.743313699999817
3271.1855270127116,3436.1934189618655,21.7485142000005
3271.1855270127116,3406.6946001059328,21.754148500000156
3271.1855270127116,3411.074757680084,21.759603100000277
3271.1855270127116,3413.6566724046606,21.764773300000343
3271.1855270127116,3415.627464247882,21.770124900000155
3271.1855270127116,3407.468387182204,21.772739900000488
3271.1855270127116,3429.4705164194925,21.775392600000487
3271.1855270127116,3417.711509533899,21.777979000000414
3271.1855270127116,3446.711488347458,21.78059680000024
3271.1855270127116,3428.566129502119,21.783267599999817
3271.1855270127116,3426.4626588983047,21.785850300000675
3271.1855270127116,3428.166103019068,21.78850180000063
3271.1855270127116,3402.041028866525,21.791209200000594
3271.1855270127116,3413.1686996822027,21.793851899999936
3271.1855270127116,3419.6277899894076,21.7964206000006
3271.1855270127116,3417.3111573093224,21.799007399999937
3271.1855270127116,3417.038319650425,21.801682600000277
3271.1855270127116,3420.0792028601704,21.804254800000308
3271.1855270127116,3413.696743908898,21.806850699999814
3271.1855270127116,3409.4129700741523,21.810293300000012
3271.1855270127116,3414.220865995762,21.815529600000445
3271.1855270127116,3423.3592293432202,21.820714999999836
3271.1855270127116,3426.673463983051,21.82596629999989
3271.1855270127116,3429.4600145656796,21.83110949999991
3271.1855270127116,3451.8290611758484,21.836302000000614
3271.1855270127116,3426.0661453919497,21.839936400000624
3271.1855270127116,3414.4250635593235,21.84267820000059
3271.1855270127116,3425.344201536018,21.845262700000603
3271.1855270127116,3439.588523569915,21.847869700000047
3271.1855270127116,3413.7601469809324,21.85044900000048
3271.1855270127116,3436.2528866525417,21.853555000000597
3271.1855270127116,3423.0379303495765,21.856163700000252
3271.1855270127116,3430.080762711866,21.858772200000203
3271.1855270127116,3430.6140452860177,21.86138200000005
3271.1855270127116,3418.7366445974585,21.863954899999953
3271.1855270127116,3442.0848040254255,21.866666100000657
3271.1855270127116,3424.3089909957635,21.869401599999946
3271.1855270127116,3407.333013771187,21.871990900000128
3271.1855270127116,3410.0742611228825,21.87456160000056
3271.1855270127116,3416.937012711865,21.877126899999894
3271.1855270127116,3426.7216578389834,21.879716299999927
3271.1855270127116,3410.7685235699164,21.88231200000064
3271.1855270127116,3431.4396265889827,21.884934600000634
3271.1855270127116,3408.932473516948,21.88756040000044
3271.1855270127116,3444.3704488877124,21.89016670000001
3271.1855270127116,3430.9291340042373,21.892825599999924
3271.1855270127116,3421.9085434322033,21.895452400000067
3271.1855270127116,3419.7114327330514,21.898043099999995
3271.1855270127116,3435.9378177966114,21.900771600000553
3271.1855270127116,3434.1301893538125,21.90346740000041
3271.1855270127116,3420.818969809321,21.906132900000557
3271.1855270127116,3416.8402714512717,21.908776600000238
3271.1855270127116,3433.76756753178,21.911371600000166
3271.1855270127116,3471.6192955508473,21.913964400000623
3271.1855270127116,3450.5503601694913,21.916561
3271.1855270127116,3421.0679409427976,21.919185600000674
3271.1855270127116,3408.081396980931,21.92176070000005
3271.1855270127116,3425.005419756356,21.92443060000005
3271.1855270127116,3411.069292902543,21.92965700000059
3271.1855270127116,3414.391110963984,21.934140899999875
3271.1855270127116,3410.9518948622886,21.939363800000137
3271.1855270127116,3413.666272510594,21.944587900000442
3271.1855270127116,3438.6337208686446,21.949781799999982
3271.1855270127116,3406.5520643538143,21.95497390000037
3271.1855270127116,3429.6275873940676,21.960109000000557
3271.1855270127116,3417.7125622351705,21.965225900000405
3271.1855270127116,3403.206720074154,21.97040620000007
3271.1855270127116,3408.3218061440675,21.975605700000415
3271.1855270127116,3405.916763771187,21.980752200000097
3271.1855270127116,3446.2000701800853,21.985901600000034
3271.1855270127116,3424.6230203919495,21.99107830000048
3271.1855270127116,3413.2133024364407,21.99626470000021
3271.1855270127116,3434.9370087394072,22.001440699999876
3271.1855270127116,3435.285863347458,22.00663369999984
3271.1855270127116,3412.722959480932,22.011799500000052
3271.1855270127116,3421.468441472458,22.01697890000014
3271.1855270127116,3433.741966366527,22.02211990000069
3271.1855270127116,3439.700019862289,22.02724279999984
3271.1855270127116,3408.307726430085,22.03244690000065
3271.1855270127116,3420.360860699153,22.037631900000633
3271.1855270127116,3427.172917108052,22.04273910000029
3271.1855270127116,3413.7676588983045,22.04796940000051
3271.1855270127116,3444.18683792373,22.05318780000016
3271.1855270127116,3424.423299788137,22.058375700000397
3271.1855270127116,3424.324664989407,22.06389709999985
3271.1855270127116,3412.836663135594,22.069076300000233
3271.1855270127116,3405.445795815678,22.074313200000688
3271.1855270127116,3442.408893008475,22.079619699999967
3271.1855270127116,3440.6583328919487,22.084809300000416
3271.1855270127116,3449.3458050847457,22.090084000000388
3271.1855270127116,3406.0660328389836,22.09524330000022
3271.1855270127116,3438.01451536017,22.100414399999863
3271.1855270127116,3431.010286016949,22.105620299999828
3271.1855270127116,3425.539619968222,22.111223599999903
3271.1855270127116,3415.069423993644,22.116467400000147
3271.1855270127116,3431.978845338983,22.12248400000044
3271.1855270127116,3444.9519292902546,22.12843350000003
3271.1855270127116,3427.776976959746,22.133663999999953
3271.1855270127116,3433.6592028601704,22.13962249999986
3271.1855270127116,3422.591994173729,22.14540240000042
3271.1855270127116,3452.7502317266953,22.15065229999982
3271.1855270127116,3430.532603283899,22.15601400000014
3271.1855270127116,3405.871758474577,22.159760300000016
3271.1855270127116,3420.9177701271187,22.16273160000037
3271.1855270127116,3432.6280468749997,22.16629540000031
3271.1855270127116,3426.9990055614403,22.169029100000444
3271.1855270127116,3407.10097854873,22.174060700000155
3271.1855270127116,3439.838842690678,22.179239600000074
3271.1855270127116,3436.1771371822038,22.184398899999906
3271.1855270127116,3415.3754171080504,22.18961330000002
3271.1855270127116,3419.9896358580513,22.194807500000024
3271.1855270127116,3390.334769597458,22.19987300000048
3271.1855270127116,3420.947147775425,22.203964199999973
3271.1855270127116,3418.0874563029656,22.206579000000602
3271.1855270127116,3441.781878972456,22.20919270000013
3271.1855270127116,3412.233555349576,22.214299400000527
3271.1855270127116,3443.8893882415255,22.219536999999946
3271.1855270127116,3414.362927701271,22.22340350000013
3271.1855270127116,3416.222739671611,22.227115600000616
3271.1855270127116,3423.253258739407,22.230009100000643
3271.1855270127116,3408.539647775424,22.23287580000033
3271.1855270127116,3412.330066207628,22.236850600000253
3271.1855270127116,3422.811682997882,22.23951390000002
3271.1855270127116,3434.1903826800853,22.242101300000286
3271.1855270127116,3416.25275556144,22.244675900000402
3271.1855270127116,3402.9465876588997,22.248433700000533
3271.1855270127116,3414.6724152542374,22.251682800000708
3271.1855270127116,3423.7973742055096,22.254294700000173
3271.1855270127116,3422.9696742584733,22.258331300000464
3271.1855270127116,3442.668142213983,22.26092680000056
3271.1855270127116,3432.4899470338987,22.263497100000677
3271.1855270127116,3433.778670550847,22.267264400000386
3271.1855270127116,3419.557503972458,22.2698719
3271.1855270127116,3417.157989936441,22.272408499999983
3271.1855270127116,3418.9047179555087,22.275200200000654
3271.1855270127116,3424.8839552436443,22.278663600000073
3271.1855270127116,3429.1092545021193,22.281275299999834
3271.1855270127116,3417.4976734639827,22.287324400000216
3271.1855270127116,3427.0386904131356,22.293306000000484
3271.1855270127116,3426.902476165255,22.299099700000625
3271.1855270127116,3451.735900423728,22.30497530000048
3271.1855270127116,3443.3862407309325,22.309478500000296
3271.1855270127116,3410.1430309851694,22.312121100000695
3271.1855270127116,3422.9822709216105,22.31571780000013
3271.1855270127116,3408.6033342161027,22.32097590000012
3271.1855270127116,3438.4769253177965,22.32642279999982
3271.1855270127116,3424.130423728813,22.33164990000023
3271.1855270127116,3412.842335805085,22.33709060000001
3271.1855270127116,3419.6224324682203,22.342270900000585
3271.1855270127116,3420.0310434322028,22.347501799999918
3271.1855270127116,3402.9002092161013,22.352751600000374
3271.1855270127116,3397.1812579449156,22.360179600000265
3271.1855270127116,3410.055429025424,22.366661300000487
3271.1855270127116,3415.248956567797,22.37213620000057
3271.1855270127116,3439.1090969279667,22.375660000000607
3271.1855270127116,3439.6425450211873,22.380895500000406
3271.1855270127116,3422.671031514831,22.386276199999884
3271.1855270127116,3413.5933593750005,22.391455900000437
3271.1855270127116,3422.006391684322,22.39654950000022
3271.1855270127116,3425.777779396186,22.401793900000484
3271.1855270127116,3404.598109110169,22.406969499999832
3271.1855270127116,3420.871573093221,22.412067900000693
3271.1855270127116,3417.2205190677973,22.41728400000011
3271.1855270127116,3415.2032349046613,22.42245129999992
3271.1855270127116,3417.573220338984,22.427583100000447
3271.1855270127116,3425.875598516949,22.432717100000445
3271.1855270127116,3402.209380296611,22.440238400000453
3271.1855270127116,3411.340190677966,22.446823300000688
3271.1855270127116,3409.4241856461867,22.452947600000698
3271.1855270127116,3400.3165399894074,22.45877180000025
3271.1855270127116,3390.2896001059325,22.46387380000033
3271.1855270127116,3414.140342955509,22.46904750000067
3271.1855270127116,3443.2714036016946,22.47420560000046
3271.1855270127116,3427.1609017478813,22.479408500000318
3271.1855270127116,3424.0935924258483,22.484777399999984
3271.1855270127116,3421.9281898834734,22.49047210000026
3271.1855270127116,3416.4964128707625,22.49566640000012
3271.1855270127116,3428.8910963983053,22.50076369999988
3271.1855270127116,3428.40249470339,22.506024000000252
3271.1855270127116,3452.5073238877126,22.511273600000095
3271.1855270127116,3414.6678469279673,22.516459999999825
3271.1855270127116,3423.3078442796614,22.521627300000546
3271.1855270127116,3438.304837129237,22.526801300000443
3271.1855270127116,3466.796806144068,22.53197470000032
3271.1855270127116,3425.9127740995764,22.53709609999987
3271.1855270127116,3412.360030455509,22.542355200000202
3271.1855270127116,3407.636370497881,22.54750730000069
3271.1855270127116,3427.414251853814,22.55266290000054
3271.1855270127116,3439.6032865466104,22.557830400000057
3271.1855270127116,3430.1929356461865,22.56301650000023
3271.1855270127116,3436.0382256355947,22.56820130000051
3271.1855270127116,3414.9630508474575,22.57329850000042
3271.1855270127116,3418.436675052966,22.578538800000388
3271.1855270127116,3424.400300582627,22.58368640000026
3271.1855270127116,3427.043408368644,22.588838399999986
3271.1855270127116,3429.3247550317797,22.59400310000001
3271.1855270127116,3425.5068922139826,22.59914900000058
3271.1855270127116,3409.054581567797,22.604268500000217
3271.1855270127116,3423.65458289195,22.609434699999838
3271.1855270127116,3430.6011030190684,22.614586700000473
3271.1855270127116,3420.3768087923722,22.619725600000493
3271.1855270127116,3412.914392213984,22.62493910000012
3271.1855270127116,3403.1862354343225,22.630083000000013
3271.1855270127116,3412.0322073622883,22.635161500000322
3271.1855270127116,3432.1613810911026,22.640326600000662
3271.1855270127116,3415.8156329449153,22.64549150000039
3271.1855270127116,3452.089984110169,22.650630200000705
3271.1855270127116,3422.160129766949,22.655793700000686
3271.1855270127116,3400.657195444916,22.6609083000003
3271.1855270127116,3418.150010593221,22.667578600000525
3271.1855270127116,3421.3975701800855,22.67364499999985
3271.1855270127116,3412.2185288665264,22.679057000000284
3271.1855270127116,3438.9733646716104,22.685729200000424
3271.1855270127116,3418.861778336864,22.691752600000655
3271.1855270127116,3414.7692213983055,22.69688330000008
3271.1855270127116,3441.911520127118,22.702033100000335
3271.1855270127116,3414.2222126588986,22.70728650000001
3271.1855270127116,3433.3602171610173,22.71243560000039
3271.1855270127116,3418.0606581038137,22.717649500000334
3271.1855270127116,3400.7724986758476,22.72278450000067
3271.1855270127116,3427.7985977224575,22.7280109000003
3271.1855270127116,3434.839993379238,22.73326090000046
3271.1855270127116,3406.381828654662,22.738459199999852
3271.1855270127116,3415.474641154661,22.74367489999986
3271.1855270127116,3441.260374735169,22.748849999999948
3271.1855270127116,3411.8134560381363,22.753985100000136
3271.1855270127116,3436.4917889300855,22.759155300000202
3271.1855270127116,3421.03076536017,22.764324400000078
3271.1855270127116,3408.3301271186438,22.76948320000065
3271.1855270127116,3457.211023569915,22.774632499999825
3271.1855270127116,3428.8468365995764,22.779948100000183
3271.1855270127116,3420.9392823093226,22.78514940000059
3271.1855270127116,3422.704322033899,22.79032090000055
3271.1855270127116,3404.9694809322036,22.795453600000656
3271.1855270127116,3404.68180217161,22.800717000000077
3271.1855270127116,3424.937633739408,22.80595489999996
3271.1855270127116,3411.561178495762,22.81121179999991
3271.1855270127116,3400.0752926377127,22.816437600000427
3271.1855270127116,3421.075131091102,22.82159649999994
3271.1855270127116,3418.983095868644,22.82677280000007
3271.1855270127116,3411.271999470339,22.832034200000635
3271.1855270127116,3418.525489936441,22.837263400000666
3271.1855270127116,3424.6549973516953,22.842482500000187
3271.1855270127116,3426.5665863347463,22.847739900000306
3271.1855270127116,3435.6496782309323,22.85294849999991
3271.1855270127116,3417.0998702330508,22.858176900000217
3271.1855270127116,3425.4562155720346,22.863300200000594
3271.1855270127116,3430.7485752118646,22.868532399999822
3271.1855270127116,3421.784049258475,22.873709299999973
3271.1855270127116,3427.829807997882,22.878937600000427
3271.1855270127116,3425.1774020127123,22.88411559999986
3271.1855270127116,3418.28226032839,22.889286200000242
3271.1855270127116,3418.441704184323,22.89450250000027
3271.1855270127116,3411.6582428495767,22.899867600000107
3271.1855270127116,3441.98363479873,22.905729000000065
3271.1855270127116,3420.6536202330512,22.91094290000001
3271.1855270127116,3420.3774602754247,22.916725800000677
3271.1855270127116,3429.028591101696,22.922476200000347
3271.1855270127116,3437.2607838983045,22.927796100000705
3271.1855270127116,3430.4482349046607,22.932448500000646
3271.1855270127116,3407.807612552966,22.93790760000047
3271.1855270127116,3414.4689724576283,22.94341540000005
3271.1855270127116,3435.1653575211867,22.949040500000592
3271.1855270127116,3418.1334030720354,22.954535200000464
3271.1855270127116,3435.343076006356,22.959821400000692
3271.1855270127116,3393.4409653072044,22.965004399999998
3271.1855270127116,3421.3182137182207,22.970194300000003
3271.1855270127116,3407.0345524364407,22.975334000000657
3271.1855270127116,3446.3028350105933,22.9804950000007
3271.1855270127116,3439.3664367055094,22.98574809999991
3271.1855270127116,3420.3812076271197,22.99101090000022
3271.1855270127116,3423.5983196504253,22.996262700000443
3271.1855270127116,3424.3640956038143,23.001509700000497
3271.1855270127116,3415.4739512711867,23.006672600000456
3271.1855270127116,3394.572449682204,23.011840099999972
3271.1855270127116,3435.1633050847463,23.01706110000032
3271.1855270127116,3421.7310619703394,23.02229290000014
3271.1855270127116,3395.3815373411026,23.0274373000002
3271.1855270127116,3428.970252913136,23.032640899999933
3271.1855270127116,3405.9163678495775,23.037870300000577
3271.1855270127116,3411.0070709745764,23.043079699999907
3271.1855270127116,3400.072538400423,23.048323099999834
3271.1855270127116,3429.705177436441,23.0535146000002
3271.1855270127116,3417.8599165783908,23.058790000000045
3271.1855270127116,3431.3363916843227,23.063999300000432
3271.1855270127116,3401.3326046080515,23.069196700000248
3271.1855270127116,3418.5963890360167,23.074401599999874
3271.1855270127116,3418.7701628707628,23.07963640000071
3271.1855270127116,3449.5351761122884,23.084842900000694
3271.1855270127116,3456.811714777543,23.09015510000063
3271.1855270127116,3441.8788042902547,23.095318399999996
3271.1855270127116,3429.613918167374,23.100577900000644
3271.1855270127116,3422.518271980931,23.105758100000457
3271.1855270127116,3410.6786745233053,23.111002000000553
3271.1855270127116,3440.6370617055086,23.116229799999928
3271.1855270127116,3423.6353906249997,23.121478000000025
3271.1855270127116,3433.30583289195,23.12675399999989
3271.1855270127116,3425.7925264830506,23.13194680000015
3271.1855270127116,3428.5141604872883,23.137165099999947
3271.1855270127116,3417.1004740466105,23.14241310000034
3271.1855270127116,3425.4949602754236,23.147629800000686
3271.1855270127116,3434.02653601695,23.152774400000453
3271.1855270127116,3419.149450476695,23.158032100000128
3271.1855270127116,3433.9871822033906,23.163187400000425
3271.1855270127116,3418.5436136122894,23.1684451000001
3271.1855270127116,3400.5634984110184,23.17365770000015
3271.1855270127116,3417.6364208156792,23.178823100000045
3271.1855270127116,3418.5111546610174,23.184027600000263
3271.1855270127116,3410.108568591103,23.18791610000062
3271.1855270127116,3406.7399192266953,23.19266299999981
3271.1855270127116,3435.985251588982,23.19779170000038
3271.1855270127116,3416.771616790253,23.20304269999997
3271.1855270127116,3427.644263771187,23.20827939999981
3271.1855270127116,3431.4532176906782,23.21344399999998
3271.1855270127116,3426.9657905190684,23.218588900000213
3271.1855270127116,3410.894917902542,23.223729899999853
3271.1855270127116,3413.569270391949,23.228928800000176
3271.1855270127116,3418.3785527012715,23.234053400000448
3271.1855270127116,3408.2286480402545,23.23930890000065
3271.1855270127116,3410.2476959745777,23.2445103
3271.1855270127116,3423.0190042372897,23.249609200000123
3271.1855270127116,3426.533581832627,23.25483070000064
3271.1855270127116,3403.2132362288144,23.259959200000594
3271.1855270127116,3414.6082150423745,23.265133500000047
3271.1855270127116,3417.426309586865,23.27028320000045
3271.1855270127116,3424.6197523834753,23.275435300000026
3271.1855270127116,3426.6538201800863,23.280436900000495
3271.1855270127116,3425.0407984639833,23.28306260000045
3271.1855270127116,3410.562115995764,23.285667099999955
3271.1855270127116,3425.6298265360165,23.288252100000136
3271.1855270127116,3412.1528866525423,23.291141000000607
3271.1855270127116,3419.762061705509,23.293731200000366
3271.1855270127116,3399.031689618644,23.29638680000062
3271.1855270127116,3434.577666843222,23.29899320000004
3271.1855270127116,3436.1895087394078,23.301578900000095
3271.1855270127116,3429.928716896187,23.304732600000534
3271.1855270127116,3410.9753985699163,23.309847100000297
3271.1855270127116,3423.278445444915,23.314957600000525
3271.1855270127116,3433.807266949153,23.320093299999826
3271.1855270127116,3412.699670286016,23.32528960000036
3271.1855270127116,3404.598469279661,23.330471400000533
3271.1855270127116,3417.53413532839,23.335624700000153
3271.1855270127116,3412.837190148305,23.340766799999983
3271.1855270127116,3424.783123675847,23.345930399999816
3271.1855270127116,3425.657545021187,23.351074199999857
3271.1855270127116,3406.043501059322,23.356250400000135
3271.1855270127116,3412.725663400424,23.36135370000011
3271.1855270127116,3451.5255945444924,23.366513699999814
3271.1855270127116,3417.9438625529674,23.37164920000032
3271.1855270127116,3416.3394769597458,23.37676090000059
3271.1855270127116,3412.748503707628,23.381960300000173
3271.1855270127116,3437.729231991526,23.387084800000594
3271.1855270127116,3440.877035222458,23.39230310000039
3271.1855270127116,3407.675632944916,23.39498259999982
3271.1855270127116,3432.693408368645,23.397561800000403
3271.1855270127116,3427.3257494703394,23.400167499999952
3271.1855270127116,3406.5413148834746,23.402731199999835
3271.1855270127116,3447.5114539194924,23.405314399999952
3271.1855270127116,3433.5939698093234,23.40789020000011
3271.1855270127116,3430.437523834747,23.411299299999882
3271.1855270127116,3455.067721133475,23.41648669999995
3271.1855270127116,3416.57805746822,23.42292069999985
3271.1855270127116,3421.109761652543,23.429086000000098
3271.1855270127116,3415.166267213984,23.434546700000283
3271.1855270127116,3476.496481726695,23.44181970000045
3271.1855270127116,3429.9783606991537,23.44706490000044
3271.1855270127116,3416.6159163135594,23.45227370000066
3271.1855270127116,3416.4114327330517,23.45783829999982
3271.1855270127116,3411.060362817797,23.463035499999933
3271.1855270127116,3398.922229872882,23.468234200000552
3271.1855270127116,3401.285300582628,23.472724500000368
3271.1855270127116,3419.0682335805086,23.475365400000555
3271.1855270127116,3412.170112552967,23.477976000000126
3271.1855270127116,3450.5145471398305,23.481781800000135
3271.1855270127116,3424.783678495764,23.484428200000366
3271.1855270127116,3450.140431673729,23.48743900000045
3271.1855270127116,3438.9024510063555,23.492162600000484
3271.1855270127116,3443.0277370233052,23.494788099999823
3271.1855270127116,3420.224459745763,23.497621900000013
3271.1855270127116,3428.290409163135,23.501604699999916
3271.1855270127116,3425.3037102754247,23.50718870000037
3271.1855270127116,3413.065813029662,23.512370999999803
3271.1855270127116,3414.4509401483056,23.51746220000041
3271.1855270127116,3433.245595868645,23.52285380000012
3271.1855270127116,3458.5163069385603,23.5280915000003
3271.1855270127116,3418.728777807203,23.53323520000049
3271.1855270127116,3396.15546345339,23.53846169999997
3271.1855270127116,3418.4686957097465,23.54364480000004
3271.1855270127116,3408.1614618644066,23.548813500000506
3271.1855270127116,3410.257454978814,23.553990899999917
3271.1855270127116,3423.671533368645,23.55915189999996
3271.1855270127116,3411.78455243644,23.564509400000134
3271.1855270127116,3419.26099973517,23.569813300000533
3271.1855270127116,3416.03647378178,23.573309100000188
3271.1855270127116,3408.9354157838984,23.575908200000413
3271.1855270127116,3424.6215744173724,23.578739500000665
3271.1855270127116,3416.8651615466106,23.582682500000374
3271.1855270127116,3436.3148755296634,23.585248400000637
3271.1855270127116,3448.092934322034,23.587824799999908
3271.1855270127116,3412.9879396186457,23.591547099999843
3271.1855270127116,3409.8509970868636,23.594119700000192
3271.1855270127116,3412.9845577330507,23.59684560000005
3271.1855270127116,3410.4188466631367,23.59955330000048
3271.1855270127116,3412.7506686970337,23.603130299999975
3271.1855270127116,3442.628931408898,23.60578179999993
3271.1855270127116,3419.5591313559316,23.608442300000206
3271.1855270127116,3427.815409163136,23.612195600000632
3271.1855270127116,3448.8260990466115,23.614842500000123
3271.1855270127116,3437.043154131356,23.617459800000688
3271.1855270127116,3412.6183580508477,23.62075840000034
3271.1855270127116,3437.110627648305,23.62376690000019
3271.1855270127116,3440.480761387713,23.626347100000203
3271.1855270127116,3417.783225635593,23.629144600000473
3271.1855270127116,3424.1803628177977,23.633436000000074
3271.1855270127116,3423.631271186441,23.638587400000688
3271.1855270127116,3419.5195286016947,23.643780000000334
3271.1855270127116,3440.369570974577,23.648928999999953
3271.1855270127116,3412.9073490466103,23.65409450000061
3271.1855270127116,3403.051305614407,23.65933480000058
3271.1855270127116,3426.0115426377115,23.664463800000703
3271.1855270127116,3431.9375251588995,23.66967720000048
3271.1855270127116,3441.8670643538144,23.674969800000326
3271.1855270127116,3412.7858633474575,23.68037390000063
3271.1855270127116,3417.154349841103,23.68706209999982
3271.1855270127116,3427.9017981991537,23.692766300000585
3271.1855270127116,3438.77703125,23.699139600000308
3271.1855270127116,3410.3738268008474,23.70660070000031
3271.1855270127116,3429.021404925848,23.71339910000006
3271.1855270127116,3423.715885858051,23.718889600000693
3271.1855270127116,3412.176986228814,23.72522190000018
3271.1855270127116,3424.8337142478817,23.732159000000138
3271.1855270127116,3419.34950476695,23.73996360000001
3271.1855270127116,3438.587478813559,23.745363900000484
3271.1855270127116,3434.983420286017,23.750625200000286
3271.1855270127116,3453.5471636652546,23.75654250000025
3271.1855270127116,3428.6341551906776,23.76187250000021
3271.1855270127116,3424.933215042374,23.767058200000065
3271.1855270127116,3446.9883368644073,23.77241159999994
3271.1855270127116,3423.4421358580516,23.777613700000074
3271.1855270127116,3413.914792108051,23.782853100000466
3271.1855270127116,3427.585545550847,23.7881668
3271.1855270127116,3416.5897206038144,23.79345850000027
3271.1855270127116,3428.036443326271,23.798775100000057
3271.1855270127116,3419.426966366526,23.804013800000575
3271.1855270127116,3420.0234706038145,23.809337400000004
3271.1855270127116,3422.0845961334753,23.81454550000035
3271.1855270127116,3418.453356726695,23.81979170000068
3271.1855270127116,3443.4472272245766,23.825028199999906
3271.1855270127116,3424.5497457627125,23.830278600000383
3271.1855270127116,3417.3972100105934,23.835605500000383
3271.1855270127116,3409.4863983050845,23.840854600000057
3271.1855270127116,3429.1826734639835,23.846118899999965
3271.1855270127116,3412.311949152543,23.851455300000453
3271.1855270127116,3402.1762711864403,23.856729300000552
3271.1855270127116,3407.0426959745773,23.862228800000594
3271.1855270127116,3431.7092319915255,23.868085400000382
3271.1855270127116,3459.28349973517,23.875193100000615
3271.1855270127116,3410.9876721398314,23.881424100000004
3271.1855270127116,3408.9027330508475,23.887704400000075
3271.1855270127116,3420.808123675847,23.894322099999954
3271.1855270127116,3441.1905958686443,23.89971289999994
3271.1855270127116,3443.6195497881354,23.904932100000224
3271.1855270127116,3420.2947748940696,23.9103154000004
3271.1855270127116,3417.9203138241537,23.915577900000244
3271.1855270127116,3411.792748940678,23.920873300000494
3271.1855270127116,3434.7137261652556,23.92614709999998
3271.1855270127116,3418.6537526483057,23.931409100000565
3271.1855270127116,3427.6059653072043,23.936631500000658
3271.1855270127116,3429.9117412605938,23.941936799999894
3271.1855270127116,3420.1115744173726,23.947224200000164
3271.1855270127116,3456.0024033368645,23.952458800000386
3271.1855270127116,3415.3597497351707,23.957755100000213
3271.1855270127116,3429.8593074682212,23.963064500000655
3271.1855270127116,3408.7368882415253,23.96821970000019
3271.1855270127116,3418.63725503178,23.973477500000627
3271.1855270127116,3431.510538930085,23.97864870000012
3271.1855270127116,3420.5613056144066,23.98395040000014
3271.1855270127116,3413.300934851695,23.989286099999845
3271.1855270127116,3441.3577648305095,23.994532000000618
3271.1855270127116,3424.959932468221,23.999848600000405
3271.1855270127116,3464.3415929555085,24.00520349999988
3271.1855270127116,3426.045908368645,24.010490000000573
3271.1855270127116,3410.7082375529662,24.01580770000055
3271.1855270127116,3418.504500794492,24.02111490000061
3271.1855270127116,3447.3464698093226,24.026321400000597
3271.1855270127116,3450.230296610169,24.031555300000036
3271.1855270127116,3438.804716631357,24.036862500000097
3271.1855270127116,3443.920353548729,24.04217830000016
3271.1855270127116,3408.372498675847,24.047420599999896
3271.1855270127116,3430.1940240995777,24.052735600000233
3271.1855270127116,3423.8468154131356,24.05801750000046
3271.1855270127116,3441.5400370762727,24.063284800000474
3271.1855270127116,3422.0708977754243,24.06852500000059
3271.1855270127116,3449.4026906779663,24.0737251999999
3271.1855270127116,3445.158559322034,24.078948299999865
3271.1855270127116,3419.9955813029665,24.08424660000037
3271.1855270127116,3420.0944028072036,24.08950470000036
3271.1855270127116,3417.192710540255,24.09470539999984
3271.1855270127116,3435.491302966102,24.100073900000098
3271.1855270127116,3444.323625529662,24.105891400000473
3271.1855270127116,3426.8722656250006,24.11113310000019
3271.1855270127116,3423.4186242055084,24.116392400000223
3271.1855270127116,3421.2902502648303,24.122390800000176
3271.1855270127116,3415.2013850635594,24.127666000000318
3271.1855270127116,3427.7483779131358,24.132975700000316
3271.1855270127116,3419.2444160487294,24.138190900000154
3271.1855270127116,3422.0090492584754,24.143477300000086
3271.1855270127116,3428.6432137182205,24.148755600000186
3271.1855270127116,3428.894715307202,24.154034400000455
3271.1855270127116,3435.8858209745763,24.159394899999825
3271.1855270127116,3409.7088347457634,24.164676000000327
3271.1855270127116,3418.3299536546624,24.170346100000643
3271.1855270127116,3425.516983580509,24.175967000000128
3271.1855270127116,3426.345505826272,24.18116790000022
3271.1855270127116,3433.469570974577,24.187023200000112
3271.1855270127116,3424.575666048729,24.192455299999892
3271.1855270127116,3404.0274589512715,24.198561000000154
3271.1855270127116,3418.2130971927977,24.204754899999898
3271.1855270127116,3439.1258765889834,24.210476700000072
3271.1855270127116,3433.0831898834754,24.215099800000644
3271.1855270127116,3415.404500794492,24.220956600000136
3271.1855270127116,3426.5801125529665,24.228963500000646
3271.1855270127116,3437.7608911546617,24.23625710000033
3271.1855270127116,3404.712951536018,24.24286209999991
3271.1855270127116,3453.4316088453397,24.248735000000124
3271.1855270127116,3417.4464790783895,24.255989500000396
3271.1855270127116,3402.9827383474576,24.261893599999894
3271.1855270127116,3417.732970074153,24.26872270000058
3271.1855270127116,3420.6462102754235,24.27510170000005
3271.1855270127116,3435.4686718750004,24.28075110000009
3271.1855270127116,3411.937710540255,24.287501499999962
3271.1855270127116,3409.6479303495757,24.29433490000065
3271.1855270127116,3414.564467690678,24.30298270000003
3271.1855270127116,3416.739140624999,24.314967600000273
3271.1855270127116,3430.7202860169505,24.323544900000343
3271.1855270127116,3405.879823887713,24.331850399999894
3271.1855270127116,3429.2372934322034,24.33865160000005
3271.1855270127116,3455.3821451271183,24.343856700000288
3271.1855270127116,3410.783634798729,24.349254900000233
3271.1855270127116,3406.0973225635594,24.354996500000198
3271.1855270127116,3417.1325370762715,24.360631399999875
3271.1855270127116,3420.083205773306,24.365762800000084
3271.1855270127116,3443.7493485169507,24.370969100000366
3271.1855270127116,3421.2031263241524,24.376081200000044
3271.1855270127116,3422.924856991525,24.38130270000056
3271.1855270127116,3437.44794756356,24.386469200000647
3271.1855270127116,3455.3802370233047,24.391572300000007
3271.1855270127116,3440.7389022775433,24.396665300000677
3271.1855270127116,3427.334940413136,24.401795499999935
3271.1855270127116,3415.867633739408,24.406869700000243
3271.1855270127116,3447.0389962923737,24.41209660000004
3271.1855270127116,3416.91545286017,24.415169800000513
3271.1855270127116,3423.6591644597456,24.420323400000598
3271.1855270127116,3414.9266498940674,24.425482300000112
3271.1855270127116,3431.942394067796,24.43073490000006
3271.1855270127116,3429.155295286018,24.435961000000134
3271.1855270127116,3444.9881726694925,24.441219199999978
3271.1855270127116,3422.246357256356,24.446696599999996
3271.1855270127116,3409.7680177436446,24.450277100000676
3271.1855270127116,3457.076804819915,24.45427870000003
3271.1855270127116,3433.2507666843217,24.45942400000058
3271.1855270127116,3401.697919756356,24.464876500000173
3271.1855270127116,3424.069853019068,24.47012480000012
3271.1855270127116,3443.1594981461863,24.475288999999975
3271.1855270127116,3430.9433037605936,24.48049979999996
3271.1855270127116,3420.4719756355944,24.485683900000367
3271.1855270127116,3400.8451072563566,24.49116310000045
3271.1855270127116,3418.8334388241537,24.496310500000618
3271.1855270127116,3434.6958209745762,24.501485400000092
3271.1855270127116,3427.8427952860175,24.507195300000603
3271.1855270127116,3427.011234110169,24.512477400000535
3271.1855270127116,3405.367488082628,24.517614700000195
3271.1855270127116,3421.2329912605937,24.522865900000397
3271.1855270127116,3405.5810672669486,24.528067799999917
3271.1855270127116,3396.381126853813,24.53325500000028
3271.1855270127116,3444.050832891949,24.53852050000023
3271.1855270127116,3418.1783196504234,24.543767099999968
3271.1855270127116,3432.7706514830516,24.54902630000015
3271.1855270127116,3429.4213903601694,24.554221899999902
3271.1855270127116,3420.0616472457627,24.559905600000093
3271.1855270127116,3428.9257666843228,24.565416800000094
3271.1855270127116,3424.189184322034,24.57156329999998
3271.1855270127116,3445.731598252119,24.577477900000304
3271.1855270127116,3409.6909414724573,24.58516250000048
3271.1855270127116,3436.62785354873,24.593003599999975
3271.1855270127116,3425.3308368644075,24.599394900000334
3271.1855270127116,3439.449639830508,24.60497480000049
3271.1855270127116,3443.0599231991523,24.610828100000617
3271.1855270127116,3423.395045021188,24.61597990000064
3271.1855270127116,3426.4145895127126,24.619717300000048
3271.1855270127116,3454.8642955508485,24.62556290000066
3271.1855270127116,3430.638072033899,24.63118350000059
3271.1855270127116,3444.1822311970345,24.637123800000154
3271.1855270127116,3420.0009772245767,24.64244190000045
3271.1855270127116,3401.8438956567798,24.647765000000618
3271.1855270127116,3411.9429872881374,24.653608200000235
3271.1855270127116,3437.0942584745767,24.659427399999913
3271.1855270127116,3432.6497669491528,24.664689700000054
3271.1855270127116,3423.7238625529662,24.671260099999927
3271.1855270127116,3418.5908461334743,24.676986500000567
3271.1855270127116,3459.2794862288147,24.682351700000254
3271.1855270127116,3428.192403336865,24.685254099999838
3271.1855270127116,3422.5063638771185,24.6905612999999
3271.1855270127116,3428.722070974578,24.695853700000043
3271.1855270127116,3429.071250000001,24.701123400000142
3271.1855270127116,3395.1361321504237,24.70942230000037
3271.1855270127116,3413.977632415256,24.71495110000069
3271.1855270127116,3414.8577105402537,24.722197600000072
3271.1855270127116,3433.227084216102,24.72836989999996
3271.1855270127116,3428.6651933262724,24.73405559999992
3271.1855270127116,3393.7243736758473,24.739879400000063
3271.1855270127116,3411.8873821504253,24.74506720000045
3271.1855270127116,3459.8864486228827,24.750923200000216
3271.1855270127116,3441.9458117055096,24.755224999999882
3271.1855270127116,3413.740213188559,24.760468800000126
3271.1855270127116,3416.5126946504242,24.76565710000068
3271.1855270127116,3422.960476694916,24.771556900000178
3271.1855270127116,3436.160144332627,24.77746879999995
3271.1855270127116,3448.157678760593,24.784486100000322
3271.1855270127116,3427.216890889831,24.791426000000683
3271.1855270127116,3453.2038400423735,24.797769800000424
3271.1855270127116,3419.6106885593217,24.80669940000007
3271.1855270127116,3419.3388665254242,24.8161125000006
3271.1855270127116,3418.282799258474,24.8276620000006
3271.1855270127116,3420.0163268008473,24.837030400000003
3271.1855270127116,3438.8875278072037,24.844151199999942
3271.1855270127116,3426.144860963984,24.850962500000605
3271.1855270127116,3434.320707097458,24.8565492000007
3271.1855270127116,3399.6082150423736,24.862210700000105
3271.1855270127116,3424.2478760593217,24.868399500000123
3271.1855270127116,3417.1293379237295,24.875659799999994
3271.1855270127116,3434.3533249470347,24.88200340000003
3271.1855270127116,3408.530235699153,24.889666099999886
3271.1855270127116,3406.4868644067806,24.8948891
3271.1855270127116,3422.038195180085,24.90056259999983
3271.1855270127116,3426.053238877119,24.90865060000033
3271.1855270127116,3418.84819253178,24.916719800000465
3271.1855270127116,3435.3450582627115,24.92641840000033
3271.1855270127116,3422.181318855932,24.93424159999995
3271.1855270127116,3409.2168869173734,24.956621199999972
3271.1855270127116,3416.42578654661,24.962974900000518
3271.1855270127116,3421.8060871292378,24.970144700000674
3271.1855270127116,3407.57438559322,24.975695900000574
3271.1855270127116,3407.572567531779,24.980904300000475
3271.1855270127116,3440.5110222457633,24.992439300000115
3271.1855270127116,3434.247360963984,25.002489700000297
3271.1855270127116,3431.1316538665264,25.007983600000443
3271.1855270127116,3426.247685381357,25.013208000000304
3271.1855270127116,3421.8158540783907,25.01893629999995
3271.1855270127116,3437.29595338983,25.024210500000663
3271.1855270127116,3408.6538810911024,25.036197500000526
3271.1855270127116,3421.222864141949,25.04548690000047
3271.1855270127116,3398.1714698093224,25.05513930000052
3271.1855270127116,3421.5863188559333,25.060733400000572
3271.1855270127116,3462.8594650423734,25.066756199999872
3271.1855270127116,3430.84160354873,25.074686800000563
3271.1855270127116,3426.2788506355937,25.08119799999986
3271.1855270127116,3402.176157309323,25.087800000000243
3271.1855270127116,3432.588453389831,25.09468790000028
3271.1855270127116,3407.879756355933,25.10145879999982
3271.1855270127116,3424.682662870763,25.10962710000058
3271.1855270127116,3451.890581302966,25.11523860000034
3271.1855270127116,3407.3668127648307,25.120970800000578
3271.1855270127116,3414.0836798199152,25.129410700000335
3271.1855270127116,3438.4009719279666,25.13483300000007
3271.1855270127116,3409.7251562499996,25.143493700000363
3271.1855270127116,3414.225144332627,25.153239199999916
3271.1855270127116,3446.4911824682213,25.15941120000025
3271.1855270127116,3420.7959745762723,25.164693100000477
3271.1855270127116,3429.141524099577,25.173027200000433
3271.1855270127116,3430.984128707627,25.179335200000423
3271.1855270127116,3419.0867280190673,25.184840200000508
3271.1855270127116,3417.649368379238,25.192662299999938
3271.1855270127116,3420.334165783898,25.198111400000016
3271.1855270127116,3396.3218551377113,25.209745300000577
3271.1855270127116,3447.03747351695,25.216621500000656
3271.1855270127116,3433.0447484110177,25.225384000000304
3271.1855270127116,3415.674810646186,25.23167420000027
3271.1855270127116,3404.2111043432215,25.240795300000173
3271.1855270127116,3418.5236904131357,25.24650130000009
3271.1855270127116,3405.495471398305,25.253936600000088
3271.1855270127116,3414.6716618114415,25.259687900000245
3271.1855270127116,3422.593196504237,25.26488909999989
3271.1855270127116,3449.2159613347458,25.27081520000047
3271.1855270127116,3424.292913135594,25.276328700000704
3271.1855270127116,3435.1791194385596,25.293461500000376
3271.1855270127116,3422.5342637711865,25.298978100000568
3271.1855270127116,3415.876171875001,25.30456409999988
3271.1855270127116,3410.962364936441,25.310892800000147
3271.1855270127116,3425.132198093221,25.317686299999878
3271.1855270127116,3413.4842386122873,25.325202200000604
3271.1855270127116,3444.965914989408,25.331854900000508
3271.1855270127116,3402.7949510063563,25.33735440000055
3271.1855270127116,3416.4571252648307,25.342687899999873
3271.1855270127116,3412.6693180614398,25.348146799999995
3271.1855270127116,3440.6547854872897,25.3559623000001
3271.1855270127116,3458.211974311441,25.363220100000035
3271.1855270127116,3441.1575675317804,25.36857880000025
3271.1855270127116,3439.6737923728824,25.375883600000634
3271.1855270127116,3423.470056938559,25.382059700000354
3271.1855270127116,3413.1021239406778,25.39038040000014
3271.1855270127116,3434.4749496822046,25.395695900000646
3271.1855270127116,3425.9214049258485,25.40238330000011
3271.1855270127116,3424.210448887713,25.407800200000565
3271.1855270127116,3408.1013029661026,25.413075700000263
3271.1855270127116,3438.1967492055096,25.4184094000002
3271.1855270127116,3408.9304078389832,25.424815200000012
3271.1855270127116,3435.9564843750013,25.436351899999863
3271.1855270127116,3431.334333951272,25.44311430000016
3271.1855270127116,3437.4884163135594,25.45597590000034
3271.1855270127116,3434.339024099577,25.462493400000312
3271.1855270127116,3430.0744544491527,25.468705500000397
3271.1855270127116,3407.922566207627,25.4745982000004
3271.1855270127116,3415.863114406781,25.479906800000208
3271.1855270127116,3426.610227754237,25.48506129999987
3271.1855270127116,3413.1235884533908,25.491687200000342
3271.1855270127116,3428.980319120763,25.49828340000022
3271.1855270127116,3431.840050317797,25.505260500000077
3271.1855270127116,3443.9641366525416,25.516312600000674
3271.1855270127116,3436.259729872882,25.52242639999986
3271.1855270127116,3410.012793961864,25.527705600000445
3271.1855270127116,3423.7785010593216,25.532905500000197
3271.1855270127116,3424.539809322034,25.538295700000162
3271.1855270127116,3423.2082269597454,25.54356740000003
3271.1855270127116,3425.8326880296618,25.55677150000065
3271.1855270127116,3439.369442531781,25.56484619999992
3271.1855270127116,3438.9263122351704,25.57223200000044
3271.1855270127116,3451.0077939618654,25.577801100000215
3271.1855270127116,3439.476288400425,25.582998300000327
3271.1855270127116,3444.617906514831,25.590441100000135
3271.1855270127116,3427.2750278072044,25.596181900000374
3271.1855270127116,3422.389609375,25.601803700000346
3271.1855270127116,3456.1795948093227,25.606967700000496
3271.1855270127116,3424.4116366525427,25.612205200000062
3271.1855270127116,3427.7140532309336,25.617394300000342
3271.1855270127116,3405.766422139831,25.62293090000003
3271.1855270127116,3415.392768802966,25.628520500000377
3271.1855270127116,3433.350695180086,25.633675699999912
3271.1855270127116,3418.2319028072034,25.638845700000275
3271.1855270127116,3427.3751443326273,25.644094100000075
3271.1855270127116,3432.0498463983054,25.649250200000097
3271.1855270127116,3417.5865254237287,25.654996700000083
3271.1855270127116,3467.6577304025436,25.66104059999998
3271.1855270127116,3431.8776032838987,25.666329800000312
3271.1855270127116,3414.5904939088987,25.67207580000013
3271.1855270127116,3404.5740214512716,25.67744860000039
3271.1855270127116,3433.388712923729,25.68276220000007
3271.1855270127116,3430.310440942798,25.688955800000258
3271.1855270127116,3424.215434322035,25.69451130000016
3271.1855270127116,3434.349888771187,25.69984840000052
3271.1855270127116,3423.541665783898,25.706208500000685
3271.1855270127116,3444.518650688559,25.712280000000646
3271.1855270127116,3424.7499364406785,25.72198389999994
3271.1855270127116,3419.336950476695,25.73068180000064
3271.1855270127116,3416.8903230932206,25.736020100000133
3271.1855270127116,3449.0995709745775,25.742503000000397
3271.1855270127116,3440.034952330509,25.74887040000067
3271.1855270127116,3438.8372073622895,25.756971499999963
3271.1855270127116,3414.870617055085,25.76497500000005
3271.1855270127116,3443.9418683792383,25.772285400000328
3271.1855270127116,3435.2464036016954,25.778266500000427
3271.1855270127116,3405.121917372881,25.7840027000002
3271.1855270127116,3420.964788135594,25.792517100000623
3271.1855270127116,3413.725679290253,25.797762400000465
3271.1855270127116,3414.118189883474,25.80288720000044
3271.1855270127116,3407.028444120763,25.80803780000042
3271.1855270127116,3430.149461069916,25.825201700000434
3271.1855270127116,3442.2362288135596,25.834918600000492
3271.1855270127116,3423.8286414194918,25.840546500000528
3271.1855270127116,3439.0619968220344,25.847316299999875
3271.1855270127116,3432.8523980402547,25.852857300000323
3271.1855270127116,3412.332856197034,25.858083799999804
3271.1855270127116,3406.3743458686454,25.86327429999983
3271.1855270127116,3420.2843352754235,25.87340949999998
3271.1855270127116,3424.7506925317794,25.87862099999984
3271.1855270127116,3436.2999086334735,25.8838439000001
3271.1855270127116,3430.8000172139837,25.88902810000036
3271.1855270127116,3443.8949854343223,25.894271900000604
3271.1855270127116,3402.9626747881352,25.899499600000127
3271.1855270127116,3412.7366644597464,25.90465570000015
3271.1855270127116,3433.12521848517,25.91105719999996
3271.1855270127116,3411.1763625529666,25.917623400000593
3271.1855270127116,3425.6634719279664,25.924419100000705
3271.1855270127116,3422.594247881355,25.93015960000048
3271.1855270127116,3435.4021424788143,25.93928700000015
3271.1855270127116,3419.39832229873,25.94591920000039
3271.1855270127116,3424.73952065678,25.95129690000067
3271.1855270127116,3414.1373755296618,25.958941400000185
3271.1855270127116,3424.7473463983056,25.96648809999988
3271.1855270127116,3403.44964645127,25.984776400000555
3271.1855270127116,3417.0756117584738,25.991339100000005
3271.1855270127116,3440.4432547669494,25.997468300000037
3271.1855270127116,3431.3398159427966,26.003663399999823
3271.1855270127116,3424.1475198622884,26.008992099999887
3271.1855270127116,3437.5434798728816,26.014163900000312
3271.1855270127116,3405.6539314088977,26.021964900000057
3271.1855270127116,3444.6236268538137,26.028283999999985
3271.1855270127116,3430.2707627118652,26.03556579999986
3271.1855270127116,3423.9468127648315,26.044898799999828
3271.1855270127116,3434.5789499470343,26.05032459999984
3271.1855270127116,3442.295651483052,26.057494399999996
3271.1855270127116,3416.8385487288137,26.063383600000634
3271.1855270127116,3423.853389830509,26.06870440000057
3271.1855270127116,3444.0995815677975,26.07573709999997
3271.1855270127116,3419.657468220339,26.081014600000344
3271.1855270127116,3418.1583580508477,26.086943500000416
3271.1855270127116,3416.3322113347467,26.113305100000616
3271.1855270127116,3410.141101694916,26.11951390000013
3271.1855270127116,3424.4732560911016,26.12528890000067
3271.1855270127116,3411.062893273306,26.1305667000006
3271.1855270127116,3408.3624629237283,26.13595280000027
3271.1855270127116,3444.3164936440685,26.141122400000313
3271.1855270127116,3404.082943591102,26.146396099999947
3271.1855270127116,3433.055756091102,26.151681800000006
3271.1855270127116,3422.5003681144067,26.157295900000463
3271.1855270127116,3446.9442664194917,26.163973200000328
3271.1855270127116,3416.7086334745763,26.172675700000582
3271.1855270127116,3431.1937089512717,26.17828980000013
3271.1855270127116,3404.932844279662,26.183872300000075
3271.1855270127116,3414.655579978814,26.189396200000374
3271.1855270127116,3415.018469279661,26.194573100000525
3271.1855270127116,3429.2507958156775,26.200031200000012
3271.1855270127116,3450.3590307203394,26.205380100000184
3271.1855270127116,3410.7129303495767,26.210609200000363
3271.1855270127116,3418.2579833156783,26.21592520000013
3271.1855270127116,3422.900350900424,26.22181510000064
3271.1855270127116,3444.695337658898,26.22911280000062
3271.1855270127116,3429.2139843750015,26.23486800000046
3271.1855270127116,3424.361277807204,26.240955000000213
3271.1855270127116,3412.8209719279666,26.24628290000055
3271.1855270127116,3433.841867055086,26.251619200000277
3271.1855270127116,3406.748344809323,26.260307500000636
3271.1855270127116,3426.4940108580513,26.265893400000095
3271.1855270127116,3415.089589512713,26.272255700000642
3271.1855270127116,3423.472829713984,26.2779814000005
3271.1855270127116,3425.3158620233053,26.283386500000233
3271.1855270127116,3411.311476430086,26.287629200000083
3271.1855270127116,3434.9284944385604,26.293807600000036
3271.1855270127116,3413.4895722987294,26.2989948000004
3271.1855270127116,3424.896492319917,26.304679700000634
3271.1855270127116,3448.8209123411016,26.309902599999987
3271.1855270127116,3415.046939883475,26.31505070000003
3271.1855270127116,3423.7179210805098,26.320489499999894
3271.1855270127116,3452.1968008474587,26.32571530000041
3271.1855270127116,3407.2366512182207,26.331031100000473
3271.1855270127116,3416.3727568855934,26.33627620000061
3271.1855270127116,3423.843256091103,26.34186800000043
3271.1855270127116,3420.4104647775443,26.347865499999898
3271.1855270127116,3426.2628879766958,26.354370300000483
3271.1855270127116,3415.584679555085,26.35968370000046
3271.1855270127116,3438.942635063559,26.3649546000006
3271.1855270127116,3434.5486745233056,26.370606299999963
3271.1855270127116,3402.9238095868654,26.375866500000484
3271.1855270127116,3404.324544491526,26.38108100000045
3271.1855270127116,3410.022502648305,26.386444900000242
3271.1855270127116,3441.31195842161,26.391680499999893
3271.1855270127116,3408.1313109110174,26.39689129999988
3271.1855270127116,3412.8935076800853,26.402145800000653
3271.1855270127116,3416.3655071504245,26.40734539999994
3271.1855270127116,3416.353409692796,26.41246930000034
3271.1855270127116,3408.59319782839,26.417722300000605
3271.1855270127116,3415.2017359639835,26.422942900000635
3271.1855270127116,3421.374751059321,26.42814559999988
3271.1855270127116,3424.9243935381355,26.43339560000004
3271.1855270127116,3409.606346663135,26.4381441000005
3271.1855270127116,3420.6400662076276,26.440786900000603
3271.1855270127116,3427.704096927966,26.44654470000023
3271.1855270127116,3431.8429753707633,26.451931000000513
3271.1855270127116,3445.660218485171,26.457512699999825
3271.1855270127116,3406.6165836864407,26.4609887000006
3271.1855270127116,3424.772631091102,26.4642487000001
3271.1855270127116,3413.0953773834744,26.468313299999863
3271.1855270127116,3408.1147086864403,26.471552599999995
3271.1855270127116,3424.5721001059333,26.47420770000008
3271.1855270127116,3418.008957891949,26.477571800000078
3271.1855270127116,3408.4494094279667,26.48051250000026
3271.1855270127116,3414.8462447033908,26.483213700000306
3271.1855270127116,3433.1484600105937,26.488211200000478
3271.1855270127116,3413.7053853283905,26.490781600000446
3271.1855270127116,3436.7756951800848,26.493390900000122
3271.1855270127116,3433.72498411017,26.495960000000196
3271.1855270127116,3417.7382640360174,26.500678000000335
3271.1855270127116,3417.0834706038136,26.503556800000297
3271.1855270127116,3436.0207693326265,26.506187500000124
3271.1855270127116,3430.6982759533903,26.509834800000135
3271.1855270127116,3409.291218220339,26.512395600000673
3271.1855270127116,3421.5978336864414,26.515869800000473
3271.1855270127116,3422.380983845339,26.521042400000624
3271.1855270127116,3450.6004263771188,26.52619120000054
3271.1855270127116,3439.4881461864416,26.53159870000036
3271.1855270127116,3417.349192266951,26.536735700000463
3271.1855270127116,3421.9316763771185,26.541874600000483
3271.1855270127116,3419.5580005296606,26.547006700000566
3271.1855270127116,3441.467243114408,26.552197900000465
3271.1855270127116,3426.10960407839,26.55745190000016
3271.1855270127116,3403.8187473516955,26.563018300000294
3271.1855270127116,3398.6782799258485,26.56825360000039
3271.1855270127116,3437.119686175848,26.573421800000688
3271.1855270127116,3434.4331157309334,26.578841300000022
3271.1855270127116,3442.463362023306,26.58419640000011
3271.1855270127116,3427.909731197033,26.58937800000058
3271.1855270127116,3436.0721795550858,26.59456440000031
3271.1855270127116,3427.769631885594,26.599717400000372
3271.1855270127116,3416.8063877118643,26.60484220000035
3271.1855270127116,3423.0469690148307,26.61002550000012
3271.1855270127116,3421.545707097457,26.615166900000077
3271.1855270127116,3416.9385632944914,26.62031830000069
3271.1855270127116,3421.344883474577,26.625456400000076
3271.1855270127116,3434.2938718220335,26.63067090000004
3271.1855270127116,3428.746549258476,26.635914800000137
3271.1855270127116,3413.7971927966105,26.64106129999982
3271.1855270127116,3406.2648185911016,26.64616500000011
3271.1855270127116,3408.735814353814,26.65136220000022
3271.1855270127116,3411.8783646716106,26.656520999999884
3271.1855270127116,3409.938403072033,26.66178149999996
3271.1855270127116,3426.126537341102,26.666970300000685
3271.1855270127116,3415.3142650953405,26.672091600000385
3271.1855270127116,3418.901656514831,26.67723240000032
3271.1855270127116,3428.256246027543,26.68241180000041
3271.1855270127116,3422.175904396187,26.687582000000475
3271.1855270127116,3427.115227754238,26.692742400000498
3271.1855270127116,3427.5687036546615,26.69788140000037
3271.1855270127116,3428.0921954449154,26.703010900000663
3271.1855270127116,3433.047849576271,26.709837100000186
3271.1855270127116,3440.9957587394074,26.71501950000038
3271.1855270127116,3414.514802701272,26.720172600000296
3271.1855270127116,3417.1318988347457,26.725584900000285
3271.1855270127116,3415.1642703919492,26.73079659999985
3271.1855270127116,3443.2876099046625,26.735932999999932
3271.1855270127116,3433.807199417374,26.743529000000308
3271.1855270127116,3421.6993021716107,26.75114930000018
3271.1855270127116,3445.6660540254234,26.759163900000203
3271.1855270127116,3433.2413400423734,26.76717710000048
3271.1855270127116,3410.573644067797,26.77528859999984
3271.1855270127116,3436.904768273306,26.783073100000365
3271.1855270127116,3416.3523728813557,26.792150900000706
3271.1855270127116,3422.3515744173737,26.80392430000029
3271.1855270127116,3416.7115744173734,26.81211380000059
3271.1855270127116,3444.0699880826282,26.817452400000548
3271.1855270127116,3428.132705243645,26.822682900000473
3271.1855270127116,3430.8833818855933,26.827983900000618
3271.1855270127116,3427.870350900424,26.833206600000267
3271.1855270127116,3393.434981461865,26.838423199999852
3271.1855270127116,3412.573706302968,26.84362670000064
3271.1855270127116,3410.8791512182197,26.848794800000178
3271.1855270127116,3418.5707057733066,26.8540737000003
3271.1855270127116,3407.968940677966,26.85929650000071
3271.1855270127116,3425.041676377119,26.86447230000067
3271.1855270127116,3436.4933871822036,26.869748800000707
3271.1855270127116,3432.1810315148314,26.874974000000293
3271.1855270127116,3446.714167108051,26.880194700000175
3271.1855270127116,3411.167711864407,26.885319699999854
3271.1855270127116,3415.7173344809325,26.89051810000001
3271.1855270127116,3408.6719451800845,26.895682000000306
3271.1855270127116,3426.7657018008476,26.900868200000332
3271.1855270127116,3412.7389128707623,26.905988999999863
3271.1855270127116,3428.6125410487302,26.911175400000502
3271.1855270127116,3423.5952966101704,26.916327400000227
3271.1855270127116,3429.207154396186,26.921656900000016
3271.1855270127116,3404.8727370233055,26.92677730000014
3271.1855270127116,3410.612828389829,26.931929400000627
3271.1855270127116,3447.7686016949165,26.937026000000515
3271.1855270127116,3422.922061705509,26.94228699999985
3271.1855270127116,3434.426195709747,26.94747280000047
3271.1855270127116,3436.887101430085,26.952653000000282
3271.1855270127116,3405.287023305085,26.957862100000057
3271.1855270127116,3408.3751840572036,26.963043000000653
3271.1855270127116,3468.426600900423,26.968208600000253
3271.1855270127116,3420.2756898834755,26.973369600000296
3271.1855270127116,3433.086810116526,26.978616800000054
3271.1855270127116,3427.943938029661,26.98374109999986
3271.1855270127116,3427.7702423199153,26.988954500000546
3271.1855270127116,3416.2844173728818,26.994122699999934
3271.1855270127116,3408.813134269068,26.999334400000407
3271.1855270127116,3431.8632521186446,27.00456530000065
3271.1855270127116,3429.5111295021175,27.009783000000425
3271.1855270127116,3428.174024099577,27.014927300000636
3271.1855270127116,3413.2798795021195,27.020074800000657
3271.1855270127116,3410.161073887712,27.02525440000045
3271.1855270127116,3419.0182084216103,27.030478100000437
3271.1855270127116,3408.053163400424,27.035593999999946
3271.1855270127116,3426.8741935911034,27.04087729999992
3271.1855270127116,3434.3034110169506,27.0461236000001
3271.1855270127116,3425.3241829978815,27.05137730000024
3271.1855270127116,3434.7495312500005,27.05843090000053
3271.1855270127116,3408.4280587923736,27.06459670000004
3271.1855270127116,3415.038771186442,27.070265400000608
3271.1855270127116,3428.357628442797,27.07576870000048
3271.1855270127116,3432.7708077330512,27.081036700000368
3271.1855270127116,3412.9499390889837,27.0863145000003
3271.1855270127116,3417.115534957627,27.091637300000002
3271.1855270127116,3409.239524629238,27.096944700000677
3271.1855270127116,3407.9935990466106,27.1021810000002
3271.1855270127116,3429.9137579449157,27.107418800000232
3271.1855270127116,3403.1206183792383,27.11262380000062
3271.1855270127116,3418.082092161018,27.11780809999982
3271.1855270127116,3399.085414459746,27.12301590000061
3271.1855270127116,3453.7014088983055,27.12842940000064
3271.1855270127116,3443.954940413136,27.133737900000597
3271.1855270127116,3421.932304025425,27.1390521000003
3271.1855270127116,3423.1426337394073,27.14431539999987
3271.1855270127116,3422.877014036016,27.149520300000404
3271.1855270127116,3427.7796186440683,27.154790100000355
3271.1855270127116,3436.669908633476,27.160122899999806
3271.1855270127116,3428.402202065678,27.1656909000003
3271.1855270127116,3424.1457944915264,27.170981400000528
3271.1855270127116,3410.158191207628,27.176177400000597
3271.1855270127116,3444.755356197034,27.181393200000457
3271.1855270127116,3438.3981395656783,27.18658039999991
3271.1855270127116,3411.524141949153,27.191846000000623
3271.1855270127116,3411.415586599577,27.19697180000003
3271.1855270127116,3433.174083686441,27.20220380000046
3271.1855270127116,3416.3056210275427,27.207337599999846
3271.1855270127116,3419.6971676377116,27.21249440000065
3271.1855270127116,3415.2696054025428,27.217748500000198
3271.1855270127116,3434.6781594279673,27.22331480000048
3271.1855270127116,3407.6565466101715,27.228506899999957
3271.1855270127116,3422.113460010593,27.233684800000447
3271.1855270127116,3430.348699682204,27.23959290000039
3271.1855270127116,3420.764639830509,27.24551210000027
3271.1855270127116,3414.989163135594,27.251085100000637
3271.1855270127116,3409.775201271188,27.257411100000354
3271.1855270127116,3406.0335076800857,27.262679700000263
3271.1855270127116,3406.938098516949,27.266104899999846
3271.1855270127116,3424.3044623940677,27.270194700000502
3271.1855270127116,3410.7196490995766,27.27540670000053
3271.1855270127116,3427.606341366525,27.280587600000217
3271.1855270127116,3411.115736228814,27.286437200000364
3271.1855270127116,3419.999059851695,27.291580400000385
3271.1855270127116,3433.828728813559,27.296787100000074
3271.1855270127116,3449.8423027012714,27.30196960000012
3271.1855270127116,3409.988090572034,27.307165900000655
3271.1855270127116,3424.207347722458,27.3131484000005
3271.1855270127116,3429.7109282309325,27.318266799999947
3271.1855270127116,3432.0746186440683,27.323522000000594
3271.1855270127116,3424.617464247882,27.32868899999994
3271.1855270127116,3439.7599258474593,27.333822700000383
3271.1855270127116,3426.0884414724583,27.33906460000071
3271.1855270127116,3428.505642213984,27.344381200000498
3271.1855270127116,3414.1127926377126,27.349575900000673
3271.1855270127116,3432.192191472458,27.35475459999998
3271.1855270127116,3423.3679819915255,27.361744599999838
3271.1855270127116,3436.936721398306,27.370035599999937
3271.1855270127116,3398.037216631357,27.378888000000188
3271.1855270127116,3421.273687764831,27.384094099999857
3271.1855270127116,3456.687590042374,27.38996110000062
3271.1855270127116,3403.504797404661,27.395177200000035
3271.1855270127116,3430.516709480932,27.400397899999916
3271.1855270127116,3434.5248463983053,27.40574160000051
3271.1855270127116,3424.149568326271,27.41090880000047
3271.1855270127116,3457.855799788136,27.416065500000514
3271.1855270127116,3412.5917346398305,27.421309700000165
3271.1855270127116,3417.8932878707615,27.426546200000303
3271.1855270127116,3404.7687367584754,27.43170000000009
3271.1855270127116,3428.61380693856,27.43682760000047
3271.1855270127116,3433.9019067796617,27.44201239999984
3271.1855270127116,3413.9847841631367,27.447108500000468
3271.1855270127116,3424.4369623940697,27.452286700000514
3271.1855270127116,3423.6611387711864,27.457641900000453
3271.1855270127116,3417.094234639831,27.462844800000312
3271.1855270127116,3425.6231408898316,27.467952300000434
3271.1855270127116,3420.0961109639848,27.473110599999927
3271.1855270127116,3444.6206157309325,27.478313500000695
3271.1855270127116,3413.858250794491,27.483425000000352
3271.1855270127116,3430.5828826800853,27.488658199999918
3271.1855270127116,3416.093430879237,27.493814200000088
3271.1855270127116,3430.5242492055104,27.498915500000294
3271.1855270127116,3409.90834348517,27.504116300000533
3271.1855270127116,3408.4280760063566,27.509275700000217
3271.1855270127116,3426.2847364936433,27.51440360000015
3271.1855270127116,3418.990650158898,27.51957020000009
3271.1855270127116,3416.4713599046613,27.524753200000305
3271.1855270127116,3405.685644862288,27.529881400000704
3271.1855270127116,3429.4214989406787,27.535005800000363
3271.1855270127116,3407.6221517478816,27.540188200000557
3271.1855270127116,3419.2457481461865,27.54526480000004
3271.1855270127116,3408.5493180614394,27.550412999999935
3271.1855270127116,3410.2233964512707,27.555566300000464
3271.1855270127116,3444.814720603814,27.560671100000036
3271.1855270127116,3456.645158898304,27.565833600000587
3271.1855270127116,3420.054210805085,27.57094589999997
3271.1855270127116,3434.9552423199157,27.57615900000019
3271.1855270127116,3408.779059851695,27.581377700000303
3271.1855270127116,3449.0908726165258,27.586556700000074
3271.1855270127116,3403.5276218220333,27.59181030000036
3271.1855270127116,3406.4162738347463,27.596847300000263
3271.1855270127116,3440.5555508474577,27.601988899999924
3271.1855270127116,3430.5693670550863,27.608929400000306
3271.1855270127116,3414.455352224577,27.616108799999893
3271.1855270127116,3425.9544054555085,27.625314400000207
3271.1855270127116,3429.325405190679,27.630872600000657
3271.1855270127116,3400.248322298729,27.636233500000344
3271.1855270127116,3416.576264565678,27.64181820000067
3271.1855270127116,3434.997767478815,27.647130800000014
3271.1855270127116,3435.489120762712,27.652368500000193
3271.1855270127116,3414.647701271187,27.657619800000248
3271.1855270127116,3406.322443061441,27.662799000000632
3271.1855270127116,3436.774445180086,27.667962200000147
3271.1855270127116,3424.685628972458,27.6732449000001
3271.1855270127116,3444.89944253178,27.67846929999996
3271.1855270127116,3417.08078654661,27.683692900000096
3271.1855270127116,3426.2440293961868,27.68888909999987
3271.1855270127116,3424.272033898304,27.694046100000378
3271.1855270127116,3420.485928230932,27.699197800000547
3271.1855270127116,3424.100542902543,27.704392200000257
3271.1855270127116,3425.835125794492,27.709515000000465
3271.1855270127116,3405.9380614406787,27.714693800000532
3271.1855270127116,3431.4207997881354,27.719927799999823
3271.1855270127116,3424.1432203389827,27.725115900000674
3271.1855270127116,3409.9914618644075,27.730446500000653
3271.1855270127116,3411.5976138771184,27.73567869999988
3271.1855270127116,3447.24045815678,27.740859999999884
3271.1855270127116,3446.018840042372,27.74608309999985
3271.1855270127116,3439.7475066207626,27.7512540000007
3271.1855270127116,3415.9170444915253,27.756434800000534
3271.1855270127116,3425.077349046611,27.761614400000326
3271.1855270127116,3400.058257415255,27.7667962000005
3271.1855270127116,3408.0728641419487,27.77201260000038
3271.1855270127116,3429.536097722458,27.777214100000492
3271.1855270127116,3419.3225238347463,27.782379199999923
3271.1855270127116,3416.6968008474587,27.787554999999884
3271.1855270127116,3419.5881779661013,27.792736299999888
3271.1855270127116,3419.9884785487293,27.797970200000236
3271.1855270127116,3416.1337354343214,27.80309550000038
3271.1855270127116,3428.3135023834757,27.808611000000383
3271.1855270127116,3430.7402356991533,27.813802800000303
3271.1855270127116,3428.39144729873,27.819083800000044
3271.1855270127116,3406.0990744173723,27.82690940000066
3271.1855270127116,3419.3003800317797,27.83340860000044
3271.1855270127116,3411.1858328919493,27.838874800000667
3271.1855270127116,3416.064467690679,27.844050800000332
3271.1855270127116,3433.209300847458,27.849230300000272
3271.1855270127116,3422.9530270127116,27.854467699999987
3271.1855270127116,3412.8635527012716,27.85960570000043
3271.1855270127116,3439.6742068326275,27.864740200000597
3271.1855270127116,3401.4188162076257,27.869880199999898
3271.1855270127116,3399.858657309321,27.8750428000003
3271.1855270127116,3401.76246292373,27.880168400000002
3271.1855270127116,3449.860435646188,27.885358700000324
3271.1855270127116,3417.1652224576274,27.8905407000002
3271.1855270127116,3417.775190677967,27.895699000000604
3271.1855270127116,3429.3936109639835,27.901048200000332
3271.1855270127116,3401.392710540255,27.906275800000003
3271.1855270127116,3442.9462394067814,27.911462200000642
3271.1855270127116,3413.034817266949,27.917038000000503
3271.1855270127116,3402.9221027542367,27.91967879999993
3271.1855270127116,3405.5242597987294,27.922292500000367
3271.1855270127116,3426.0831130826273,27.92599700000028
3271.1855270127116,3409.3363559322042,27.928582100000312
3271.1855270127116,3431.035995762713,27.931242000000566
3271.1855270127116,3426.780574682203,27.934319900000446
3271.1855270127116,3408.444092955509,27.93730289999985
3271.1855270127116,3425.846359904662,27.939911500000562
3271.1855270127116,3401.295534957627,27.94249470000068
3271.1855270127116,3425.943224311441,27.945663600000444
3271.1855270127116,3421.136543961865,27.948460200000227
3271.1855270127116,3428.1745246292376,27.951098300000012
3271.1855270127116,3465.731308262714,27.954649500000414
3271.1855270127116,3414.04374470339,27.95750070000031
3271.1855270127116,3442.1215810381354,27.960201700000653
3271.1855270127116,3418.1731263241522,27.962810200000604
3271.1855270127116,3411.248838718221,27.965608800000155
3271.1855270127116,3452.8124894067805,27.96826510000028
3271.1855270127116,3425.7191340042373,27.970862099999977
3271.1855270127116,3413.2905058262722,27.973988400000053
3271.1855270127116,3418.893708951271,27.97711419999996
3271.1855270127116,3411.7819915254245,27.979940199999874
3271.1855270127116,3431.0715717690678,27.98258750000059
3271.1855270127116,3420.0254978813555,27.9862763000001
3271.1855270127116,3436.1309123411024,27.988858200000323
3271.1855270127116,3403.0953336864404,27.991435400000228
3271.1855270127116,3431.6586745233058,27.995089400000325
3271.1855270127116,3409.3193485169495,27.998958400000447
3271.1855270127116,3440.81854608051,28.001597700000275
3271.1855270127116,3432.6744994703386,28.005408800000623
3271.1855270127116,3405.576865730933,28.00801589999992
3271.1855270127116,3422.0938453389836,28.01116869999987
3271.1855270127116,3416.805746822034,28.015943700000207
3271.1855270127116,3430.597591366527,28.018529599999965
3271.1855270127116,3450.200262182203,28.021117799999956
3271.1855270127116,3427.9144451800853,28.024200900000324
3271.1855270127116,3420.1595100635604,28.027512700000443
3271.1855270127116,3416.341407574153,28.030077600000368
3271.1855270127116,3401.819933792374,28.035497800000485
3271.1855270127116,3423.7135063559326,28.04073419999986
3271.1855270127116,3432.1361427436455,28.046029400000407
3271.1855270127116,3452.775820974577,28.051232700000583
3271.1855270127116,3403.0706739936445,28.057156800000485
3271.1855270127116,3419.6587831038137,28.062492099999872
3271.1855270127116,3472.6313850635597,28.067689000000428
3271.1855270127116,3438.869363082627,28.07318639999994
3271.1855270127116,3410.0711679025426,28.07847540000057
3271.1855270127116,3412.8130746822044,28.083674900000005
3271.1855270127116,3416.7944478283907,28.088972300000023
3271.1855270127116,3412.065219809322,28.094168000000536
3271.1855270127116,3416.5369835805077,28.099305900000218
3271.1855270127116,3425.698552701271,28.10455290000027
3271.1855270127116,3429.84241657839,28.10978470000009
3271.1855270127116,3426.207784692797,28.114950500000305
3271.1855270127116,3416.8541035487287,28.12014360000012
3271.1855270127116,3414.593467955509,28.12541920000058
3271.1855270127116,3421.911648569916,28.130568600000515
3271.1855270127116,3431.6995537605935,28.135815000000548
3271.1855270127116,3444.4871610169507,28.1409936
3271.1855270127116,3403.2616075211868,28.146307699999852
3271.1855270127116,3442.9161599576273,28.151498600000195
3271.1855270127116,3415.5599510063557,28.15665530000024
3271.1855270127116,3404.98982256356,28.16190319999987
3271.1855270127116,3425.6312884004237,28.16717460000018
3271.1855270127116,3440.7032229872875,28.17231559999982
3271.1855270127116,3447.7935169491525,28.177557200000592
3271.1855270127116,3412.0972007415257,28.18278139999984
3271.1855270127116,3413.6112870762718,28.188651700000264
3271.1855270127116,3414.419018802966,28.1949967999999
3271.1855270127116,3424.1911612817803,28.202781900000446
3271.1855270127116,3456.007995233051,28.208892300000116
3271.1855270127116,3419.3441167902547,28.213988500000596
3271.1855270127116,3419.202654925848,28.22047819999989
3271.1855270127116,3430.759871557205,28.22600610000063
3271.1855270127116,3402.8786387711866,28.231178200000613
3271.1855270127116,3420.20841631356,28.237194700000146
3271.1855270127116,3423.0258077330514,28.242463800000223
3271.1855270127116,3434.7066631355947,28.24762650000048
3271.1855270127116,3440.358800317797,28.25317030000042
3271.1855270127116,3431.8236083156785,28.25836359999994
3271.1855270127116,3422.9776350635593,28.263498700000127
3271.1855270127116,3402.8981157309327,28.269232300000112
3271.1855270127116,3429.9585990466103,28.274408900000708
3271.1855270127116,3405.7586824682203,28.279533599999922
3271.1855270127116,3418.211383739408,28.28468669999984
3271.1855270127116,3425.0254978813564,28.289861400000518
3271.1855270127116,3432.2793723516943,28.295137900000555
3271.1855270127116,3431.5030190677962,28.300335400000222
3271.1855270127116,3432.3638559322026,28.305428499999834
3271.1855270127116,3420.140341631356,28.3105742000007
3271.1855270127116,3426.1883170021188,28.315956700000243
3271.1855270127116,3420.8646623411014,28.321120200000223
3271.1855270127116,3425.440656779661,28.326225000000704
3271.1855270127116,3430.04223384534,28.332093099999838
3271.1855270127116,3426.7999735169487,28.33740410000064
3271.1855270127116,3404.112717161018,28.342555000000175
3271.1855270127116,3450.278305084746,28.34767120000015
3271.1855270127116,3422.4208567266946,28.353010499999982
3271.1855270127116,3410.322594014831,28.358314699999937
3271.1855270127116,3428.1932759533897,28.363504700000703
3271.1855270127116,3421.843842690678,28.368704600000456
3271.1855270127116,3415.8323967161023,28.37395430000015
3271.1855270127116,3439.468003177966,28.379190499999822
3271.1855270127116,3437.4440704449153,28.38442870000017
3271.1855270127116,3455.426835275424,28.38976730000013
3271.1855270127116,3456.195320444915,28.395066099999895
3271.1855270127116,3424.811298993644,28.400268100000176
3271.1855270127116,3416.4947153072035,28.40548310000031
3271.1855270127116,3419.2204343220346,28.410763900000347
3271.1855270127116,3434.690998411017,28.416264200000114
3271.1855270127116,3419.965303230933,28.421573900000112
3271.1855270127116,3425.0900397245778,28.426754800000708
3271.1855270127116,3450.8749642478815,28.43198940000002
3271.1855270127116,3413.60077065678,28.43722870000056
3271.1855270127116,3430.2592955508476,28.442418700000417
3271.1855270127116,3445.8880137711867,28.44795400000021
3271.1855270127116,3430.8767227224585,28.45320520000041
3271.1855270127116,3409.566600900423,28.45947729999989
3271.1855270127116,3423.433193855933,28.468965400000343
3271.1855270127116,3428.02745233051,28.47670939999989
3271.1855270127116,3429.305403866527,28.482022700000016
3271.1855270127116,3405.4883832097466,28.488219400000162
3271.1855270127116,3411.4038744703394,28.49330110000028
3271.1855270127116,3429.2860010593226,28.498459500000536
3271.1855270127116,3405.011984904661,28.503554200000508
3271.1855270127116,3429.0573715572036,28.508720599999833
3271.1855270127116,3426.686949152542,28.513894200000323
3271.1855270127116,3414.8966962394065,28.518961499999932
3271.1855270127116,3412.567089512712,28.524084700000458
3271.1855270127116,3430.7983302436455,28.529252299999825
3271.1855270127116,3425.9320180084746,28.53445830000055
3271.1855270127116,3429.589200211865,28.539625100000194
3271.1855270127116,3422.0342836334744,28.54472960000021
3271.1855270127116,3423.554335275424,28.549871500000336
3271.1855270127116,3444.6165267478814,28.55507149999994
3271.1855270127116,3465.732457627119,28.56024570000045
3271.1855270127116,3405.070982521187,28.565375099999983
3271.1855270127116,3426.1267452330503,28.570500100000572
3271.1855270127116,3426.7725397245767,28.575647499999832
3271.1855270127116,3426.2965148305093,28.580776900000274
3271.1855270127116,3410.5292637711873,28.585931399999936
3271.1855270127116,3438.0004250529673,28.591209300000628
3271.1855270127116,3424.0896543961862,28.5964156
3271.1855270127116,3418.1697139830508,28.601538800000526
3271.1855270127116,3405.3986824682206,28.606717800000297
3271.1855270127116,3397.0333130296617,28.611898400000428
3271.1855270127116,3407.882791313559,28.617075099999965
3271.1855270127116,3416.917607256356,28.622204500000407
3271.1855270127116,3452.5032613877115,28.627452200000334
3271.1855270127116,3421.577171610171,28.632649300000594
3271.1855270127116,3424.395406514832,28.637780099999873
3271.1855270127116,3451.084502118645,28.64296970000032
3271.1855270127116,3415.7861665783907,28.648154800000157
3271.1855270127116,3456.94693723517,28.654287100000147
3271.1855270127116,3428.0994796080513,28.661757100000614
3271.1855270127116,3407.761822033898,28.670250000000124
3271.1855270127116,3399.2244610699154,28.677854200000183
3271.1855270127116,3426.751011652542,28.68303999999989
3271.1855270127116,3417.188005826272,28.688871299999846
3271.1855270127116,3428.4542518538137,28.694083299999875
3271.1855270127116,3420.0998411016953,28.699300300000687
3271.1855270127116,3425.757256355933,28.704513200000292
3271.1855270127116,3414.257764830509,28.70967060000021
3271.1855270127116,3432.8741829978826,28.714899100000366
3271.1855270127116,3419.0196292372875,28.720156500000485
3271.1855270127116,3418.160199947034,28.725326499999937
3271.1855270127116,3465.759120762712,28.730500000000575
3271.1855270127116,3437.938226959745,28.735731200000373
3271.1855270127116,3418.898094544492,28.740962100000615
3271.1855270127116,3409.23540121822,28.746089600000232
3271.1855270127116,3432.714700741527,28.751304000000346
3271.1855270127116,3424.546853813559,28.75644530000045
3271.1855270127116,3415.244445180084,28.76167119999991
3271.1855270127116,3448.221370497882,28.76679510000031
3271.1855270127116,3420.6227661546604,28.77199770000061
3271.1855270127116,3416.871754502119,28.77715470000021
3271.1855270127116,3419.5002171610176,28.782331400000658
3271.1855270127116,3410.1828469279662,28.787734500000624
3271.1855270127116,3441.7512844279663,28.792976600000657
3271.1855270127116,3443.8316340042375,28.79820759999984
3271.1855270127116,3417.9535619703397,28.803445600000487
3271.1855270127116,3433.6909388241534,28.80866479999986
3271.1855270127116,3428.845115201271,28.81386290000046
3271.1855270127116,3421.0662010063566,28.81904720000057
3271.1855270127116,3414.388564618644,28.824200699999892
3271.1855270127116,3427.9227211334755,28.829413999999815
3271.1855270127116,3442.990858050849,28.83457610000005
3271.1855270127116,3420.543927436441,28.839857400000255
3271.1855270127116,3426.665305879237,28.845054400000663
3271.1855270127116,3391.635084745763,28.850241000000096
3271.1855270127116,3402.0345683262717,28.85543140000027
3271.1855270127116,3418.443440148305,28.860724199999822
3271.1855270127116,3415.7037592690676,28.865885199999866
3271.1855270127116,3443.781517478814,28.87172290000035
3271.1855270127116,3425.425683262712,28.876952399999936
3271.1855270127116,3436.034666313559,28.88250280000011
3271.1855270127116,3436.54325476695,28.887748900000588
3271.1855270127116,3419.113148834746,28.892916400000104
3271.1855270127116,3396.600399894069,28.89850000000024
3271.1855270127116,3410.509702065679,28.903985200000534
3271.1855270127116,3428.3728005826274,28.90976469999987
3271.1855270127116,3436.825430349575,28.917076100000486
3271.1855270127116,3436.0803244173735,28.923372400000517
3271.1855270127116,3412.455642213984,28.929069200000413
3271.1855270127116,3426.366193061441,28.93733169999996
3271.1855270127116,3429.205709745763,28.946436100000028
3271.1855270127116,3413.9402688029654,28.956055200000264
3271.1855270127116,3423.1872033898308,28.962206199999855
3271.1855270127116,3419.388266684322,28.96741060000022
3271.1855270127116,3418.0165823622874,28.97520440000062
3271.1855270127116,3404.437703919491,28.98043779999989
3271.1855270127116,3422.7463228283905,28.986405399999967
3271.1855270127116,3410.4460725635595,28.99530010000035
3271.1855270127116,3437.265617055085,29.007658800000172
3271.1855270127116,3406.913633474577,29.013256700000056
3271.1855270127116,3409.5149390889837,29.021331500000088
3271.1855270127116,3418.791702860171,29.028511900000012
3271.1855270127116,3429.017603283898,29.03377510000064
3271.1855270127116,3452.8051668432204,29.04070420000062
3271.1855270127116,3440.7204634533905,29.047988899999837
3271.1855270127116,3410.6648344809323,29.055911800000104
3271.1855270127116,3433.8843445444927,29.06306350000068
3271.1855270127116,3428.9460659427964,29.069764900000337
3271.1855270127116,3443.3553389830513,29.07781960000011
3271.1855270127116,3420.3982799258474,29.085259999999835
3271.1855270127116,3426.204189618645,29.092021100000238
3271.1855270127116,3412.092314618643,29.09868280000046
3271.1855270127116,3434.21521848517,29.106196000000637
3271.1855270127116,3425.0516710805095,29.11367490000066
3271.1855270127116,3416.3943233580517,29.11903070000062
3271.1855270127116,3425.0680574682215,29.124291600000106
3271.1855270127116,3417.7204687500002,29.129456600000594
3271.1855270127116,3415.505881885594,29.134685300000456
3271.1855270127116,3409.9086414194912,29.139924400000382
3271.1855270127116,3425.9872735699155,29.146652200000062
3271.1855270127116,3408.6198503707624,29.153853900000286
3271.1855270127116,3434.3348556673727,29.1609926000001
3271.1855270127116,3403.0538440148307,29.167445099999895
3271.1855270127116,3415.506371822034,29.17427039999984
3271.1855270127116,3425.464005561441,29.179617400000097
3271.1855270127116,3414.762367584747,29.184801200000038
3271.1855270127116,3432.0865505826278,29.19042249999984
3271.1855270127116,3447.767127913136,29.195758100000603
3271.1855270127116,3430.721325476695,29.20091010000033
3271.1855270127116,3425.35795815678,29.206566800000473
3271.1855270127116,3425.294694120762,29.21177220000027
3271.1855270127116,3416.1782799258476,29.216941300000144
3271.1855270127116,3424.8938162076274,29.223352300000442
3271.1855270127116,3423.7604806673735,29.228540000000066
3271.1855270127116,3441.5916035487294,29.233763799999906
3271.1855270127116,3437.4582176906783,29.239827299999888
3271.1855270127116,3396.6799324682197,29.24623049999991
3271.1855270127116,3416.6835593220353,29.252185600000303
3271.1855270127116,3413.4493313029675,29.260060200000225
3271.1855270127116,3419.181693591102,29.265497600000344
3271.1855270127116,3395.6902039194915,29.271661400000085
3271.1855270127116,3408.025436970339,29.279840400000467
3271.1855270127116,3417.6107574152543,29.285731599999963
3271.1855270127116,3410.592232521187,29.293462900000122
3271.1855270127116,3410.5136745233053,29.29967949999991
3271.1855270127116,3413.8220868644075,29.306496100000004
3271.1855270127116,3445.44258871822,29.313686299999972
3271.1855270127116,3407.1287592690683,29.32107840000026
3271.1855270127116,3454.4175278072044,29.32784840000022
3271.1855270127116,3410.125373411017,29.334997900000417
3271.1855270127116,3413.4859586864404,29.341836300000068
3271.1855270127116,3412.0438903601694,29.348355699999956
3271.1855270127116,3428.5673225635583,29.355696100000387
3271.1855270127116,3434.343344809323,29.3625976000003
3271.1855270127116,3408.59248940678,29.369726800000535
3271.1855270127116,3437.6614486228823,29.3764613000003
3271.1855270127116,3456.1049390889834,29.38350100000025
3271.1855270127116,3404.021122881356,29.388930200000686
3271.1855270127116,3427.997268273305,29.3945975000006
3271.1855270127116,3424.3498675847445,29.401107200000297
3271.1855270127116,3433.7363969809326,29.40673169999991
3271.1855270127116,3411.3272259004243,29.41185620000033
3271.1855270127116,3426.0822192796604,29.417065300000104
3271.1855270127116,3411.8361083156788,29.425196099999994
3271.1855270127116,3432.7430429025435,29.433699300000626
3271.1855270127116,3436.883262711865,29.43942100000004
3271.1855270127116,3415.8551085805093,29.444601799999873
3271.1855270127116,3411.297310646187,29.449933800000508
3271.1855270127116,3452.170128442797,29.45512289999988
3271.1855270127116,3426.8324907309316,29.460285000000113
3271.1855270127116,3429.082235169491,29.46545960000003
3271.1855270127116,3418.2562579449145,29.471328399999948
3271.1855270127116,3405.135158898305,29.478697600000487
3271.1855270127116,3411.1694928495763,29.487422199999855
3271.1855270127116,3430.4697643008476,29.496649400000024
3271.1855270127116,3448.9823106461868,29.50448310000047
3271.1855270127116,3440.57055746822,29.512555500000417
3271.1855270127116,3426.3751244703385,29.518477100000382
3271.1855270127116,3410.8494067796614,29.525327299999844
3271.1855270127116,3410.275737552966,29.531058900000062
3271.1855270127116,3416.8815280720337,29.537347399999817
3271.1855270127116,3433.3509189618644,29.54296770000019
3271.1855270127116,3430.97419756356,29.548186600000008
3271.1855270127116,3406.5228945974577,29.55382809999992
3271.1855270127116,3436.0050317796617,29.559385600000496
3271.1855270127116,3410.2199510063565,29.564567800000077
3271.1855270127116,3436.824382944916,29.570013200000176
3271.1855270127116,3397.7457415254235,29.575924800000394
3271.1855270127116,3435.6794465042376,29.581518400000277
3271.1855270127116,3421.6928879766956,29.589244700000563
3271.1855270127116,3440.9849880826273,29.595401100000345
3271.1855270127116,3415.574217425847,29.604698200000712
3271.1855270127116,3419.9365121822043,29.61293310000019
3271.1855270127116,3408.5298874470336,29.620709900000293
3271.1855270127116,3435.7006634004247,29.62642610000057
3271.1855270127116,3422.695188029662,29.632761400000163
3271.1855270127116,3455.683808262712,29.639446600000156
3271.1855270127116,3417.971522775425,29.645884300000034
3271.1855270127116,3433.283557997883,29.652090800000224
3271.1855270127116,3415.6452860169493,29.65790030000062
3271.1855270127116,3420.4786295021186,29.663192900000467
3271.1855270127116,3432.2040466101703,29.66877740000018
3271.1855270127116,3418.264912605932,29.67399000000023
3271.1855270127116,3433.909581567796,29.679396300000008
3271.1855270127116,3419.5810169491538,29.68491780000022
3271.1855270127116,3420.0259639830515,29.690186599999834
3271.1855270127116,3445.6885169491534,29.695372099999986
3271.1855270127116,3400.5238095868644,29.700590100000227
3271.1855270127116,3440.5893167372883,29.705829900000026
3271.1855270127116,3419.9937341101695,29.711602700000185
3271.1855270127116,3428.733356726695,29.716865899999902
3271.1855270127116,3430.9561784957637,29.722079900000608
3271.1855270127116,3416.155146980932,29.727231500000016
3271.1855270127116,3410.3655733580504,29.732410300000083
3271.1855270127116,3430.452678760594,29.737687700000606
3271.1855270127116,3426.501860434321,29.74344050000036
3271.1855270127116,3406.5517862817806,29.748620100000153
3271.1855270127116,3410.762207362289,29.753785200000493
3271.1855270127116,3447.6308924788145,29.759046000000126
3271.1855270127116,3417.174197563559,29.764242700000068
3271.1855270127116,3443.9608037605935,29.769457299999885
3271.1855270127116,3426.334396186441,29.77523840000049
3271.1855270127116,3435.5010659427976,29.780565600000045
3271.1855270127116,3432.738383209746,29.785856700000295
3271.1855270127116,3428.9039751059336,29.791123800000605
3271.1855270127116,3414.2600715042377,29.796322400000463
3271.1855270127116,3446.418973781779,29.80158819999997
3271.1855270127116,3446.1392955508472,29.807457400000203
3271.1855270127116,3422.4149854343223,29.813031000000592
3271.1855270127116,3407.3988307733066,29.818602199999987
3271.1855270127116,3442.99403601695,29.824183700000503
3271.1855270127116,3434.5833911546615,29.829666499999803
3271.1855270127116,3426.36045286017,29.83558919999996
3271.1855270127116,3420.361967690678,29.842304700000568
3271.1855270127116,3437.9874059851704,29.848592199999985
3271.1855270127116,3405.9924298199153,29.85469430000012
3271.1855270127116,3439.8460738877125,29.86003680000067
3271.1855270127116,3418.816762447034,29.86521510000057
3271.1855270127116,3404.205283368644,29.871769200000017
3271.1855270127116,3423.886754502118,29.87771000000066
3271.1855270127116,3395.991288400424,29.88349240000025
3271.1855270127116,3420.3734626588985,29.889096599999903
3271.1855270127116,3423.5794465042377,29.894282600000224
3271.1855270127116,3421.3643365995767,29.899435600000288
3271.1855270127116,3415.655781250001,29.904693600000428
3271.1855270127116,3420.6979621292385,29.9099341000001
3271.1855270127116,3444.709597457627,29.915331600000172
3271.1855270127116,3406.4225357521186,29.921188400000574
3271.1855270127116,3415.423629502119,29.927444100000685
3271.1855270127116,3408.370010593221,29.933584299999893
3271.1855270127116,3428.3181051377114,29.946747200000573
3271.1855270127116,3423.042265625,29.95218830000067
3271.1855270127116,3402.9248424258485,29.957397799999853
3271.1855270127116,3424.6674814618646,29.962568800000554
3271.1855270127116,3433.8043842690686,29.967819999999847
3271.1855270127116,3456.0358527542376,29.97309790000054
3271.1855270127116,3412.656722722458,29.97880520000035
3271.1855270127116,3411.4446438029663,29.98413680000067
3271.1855270127116,3410.9264062499997,29.989344999999958
3271.1855270127116,3399.136189088983,29.994565599999987
3271.1855270127116,3444.233189883476,29.999737900000582
3271.1855270127116,3398.7904939088994,30.00502300000062
3271.1855270127116,3430.346547934322,30.01241140000002
3271.1855270127116,3437.9924563029667,30.019847000000482
3271.1855270127116,3405.0850489936447,30.025281500000347
3271.1855270127116,3433.9674510063555,30.03087820000019
3271.1855270127116,3442.7107878707625,30.03855939999994
3271.1855270127116,3444.008837394069,30.043994900000143
3271.1855270127116,3404.1088294491524,30.049645400000372
3271.1855270127116,3404.965643538135,30.056749899999886
3271.1855270127116,3447.2370352224575,30.06192100000044
3271.1855270127116,3426.7102846927964,30.067554100000052
3271.1855270127116,3428.928589777543,30.075096100000337
3271.1855270127116,3413.891925317797,30.080872200000158
3271.1855270127116,3426.8281091101708,30.088118000000577
3271.1855270127116,3418.8086665783903,30.093374200000653
3271.1855270127116,3438.6607190148316,30.098618900000474
3271.1855270127116,3430.360378707627,30.105220000000372
3271.1855270127116,3421.375365466103,30.110486000000492
3271.1855270127116,3418.5163426906784,30.11590630000046
3271.1855270127116,3413.90123411017,30.12305970000034
3271.1855270127116,3437.533469279662,30.13025970000035
3271.1855270127116,3446.217220603814,30.138622100000248
3271.1855270127116,3422.5224258474586,30.144374100000277
3271.1855270127116,3399.1946014300843,30.150333100000353
3271.1855270127116,3424.886167902543,30.157955100000436
3271.1855270127116,3437.575962658899,30.16389650000019
3271.1855270127116,3418.359634533898,30.170324800000344
3271.1855270127116,3428.189353813559,30.176239800000076
3271.1855270127116,3415.4159573622874,30.1817187000006
3271.1855270127116,3421.49671345339,30.187989000000016
3271.1855270127116,3408.0012751588984,30.19400620000033
3271.1855270127116,3436.104498146186,30.199984400000176
3271.1855270127116,3426.496943855932,30.205556800000522
3271.1855270127116,3434.7038850635586,30.210922400000527
3271.1855270127116,3437.1913241525435,30.2166729999999
3271.1855270127116,3444.704561705509,30.22530749999987
3271.1855270127116,3403.944913930085,30.23119680000036
3271.1855270127116,3408.152951536017,30.237576999999874
3271.1855270127116,3414.678450741526,30.243213300000207
3271.1855270127116,3404.9475662076275,30.248555500000293
3271.1855270127116,3460.7440413135605,30.25413800000024
3271.1855270127116,3437.987080243644,30.25943240000015
3271.1855270127116,3421.5345815677965,30.26470590000008
3271.1855270127116,3408.69944782839,30.270713300000352
3271.1855270127116,3437.9413056144067,30.276159000000007
3271.1855270127116,3405.581908103814,30.281434100000297
3271.1855270127116,3453.917674788136,30.287096200000633
3271.1855270127116,3427.129495497882,30.292383599999994
3271.1855270127116,3417.090621027543,30.297632599999815
3271.1855270127116,3422.0323874470355,30.30335230000037
3271.1855270127116,3430.8272364936433,30.308641100000386
3271.1855270127116,3411.4444134004243,30.313777899999877
3271.1855270127116,3432.9553191207633,30.319828900000175
3271.1855270127116,3412.6361268538135,30.325698300000113
3271.1855270127116,3419.3458196504243,30.330929300000207
3271.1855270127116,3430.220803760594,30.336553000000094
3271.1855270127116,3436.769992055085,30.341901700000562
3271.1855270127116,3424.6733792372884,30.347216799999842
3271.1855270127116,3409.4342518538137,30.35418590000063
3271.1855270127116,3403.928454713984,30.359719600000062
3271.1855270127116,3408.7317319915255,30.36506780000036
3271.1855270127116,3428.4906117584746,30.370872999999847
3271.1855270127116,3416.9784719279664,30.376188000000184
3271.1855270127116,3417.5457507944925,30.381312600000456
3271.1855270127116,3430.0609864936446,30.387174500000583
3271.1855270127116,3411.878738082628,30.392982700000175
3271.1855270127116,3416.263460010593,30.398251500000697
3271.1855270127116,3443.0499258474583,30.403828200000135
3271.1855270127116,3414.87623940678,30.40909660000034
3271.1855270127116,3435.3083752648304,30.414373999999953
3271.1855270127116,3423.690450211865,30.419712200000504
3271.1855270127116,3412.6541181144066,30.426562900000135
3271.1855270127116,3411.9986798199157,30.43181530000038
3271.1855270127116,3406.079337923729,30.437531800000215
3271.1855270127116,3459.9090823622882,30.443202200000087
3271.1855270127116,3412.341602224577,30.448378500000217
3271.1855270127116,3407.7501959745773,30.455162300000666
3271.1855270127116,3409.270549523306,30.46063940000022
3271.1855270127116,3456.96325476695,30.46585320000031
3271.1855270127116,3411.4929184322036,30.471304200000304
3271.1855270127116,3420.981108315678,30.476493900000605
3271.1855270127116,3440.2403323622893,30.48165180000069
3271.1855270127116,3440.3180190677967,30.487127899999905
3271.1855270127116,3417.8959931144072,30.492420000000493
3271.1855270127116,3428.645440942797,30.497601300000497
3271.1855270127116,3413.1040214512714,30.50282520000019
3271.1855270127116,3402.2384176377122,30.508002200000192
3271.1855270127116,3421.167601959746,30.51321100000041
3271.1855270127116,3409.349433262712,30.518562600000223
3271.1855270127116,3438.6895431673734,30.524003900000025
3271.1855270127116,3453.2724258474577,30.529325999999855
3271.1855270127116,3422.014658368644,30.535954300000412
3271.1855270127116,3424.089075741525,30.54120310000053
3271.1855270127116,3428.041007680086,30.54646010000033
3271.1855270127116,3430.0861202330507,30.554789300000266
3271.1855270127116,3418.15145259534,30.560140800000227
3271.1855270127116,3411.8296583686442,30.565594200000305
3271.1855270127116,3415.87717690678,30.57378779999999
3271.1855270127116,3407.882535752119,30.57925030000024
3271.1855270127116,3423.326794226695,30.58728500000052
3271.1855270127116,3419.248404396187,30.59318500000063
3271.1855270127116,3452.5637605932216,30.599393800000144
3271.1855270127116,3422.1006567796608,30.609116900000117
3271.1855270127116,3424.249858315678,30.614704399999937
3271.1855270127116,3411.182400688559,30.621711300000243
3271.1855270127116,3418.8619134004243,30.627477400000316
3271.1855270127116,3427.7660738877125,30.632726300000286
3271.1855270127116,3424.22036943856,30.63893940000071
3271.1855270127116,3427.5382163665254,30.644522399999914
3271.1855270127116,3395.292243114406,30.649757099999988
3271.1855270127116,3421.3993697033893,30.655266900000242
3271.1855270127116,3430.88593220339,30.660880800000086
3271.1855270127116,3449.1412552966103,30.666270499999882
3271.1855270127116,3426.6975185381366,30.671508400000675
3271.1855270127116,3408.206490995764,30.676775900000393
3271.1855270127116,3423.7599933792376,30.68196320000061
3271.1855270127116,3433.565667372881,30.687192700000196
3271.1855270127116,3403.8773450741523,30.692596500000036
3271.1855270127116,3446.3766710805075,30.697879500000454
3271.1855270127116,3448.695376059322,30.703136099999938
3271.1855270127116,3421.6100304555084,30.70831840000028
3271.1855270127116,3436.533699682204,30.713550999999825
3271.1855270127116,3430.2717266949153,30.71873340000002
3271.1855270127116,3424.091295021187,30.723960100000113
3271.1855270127116,3399.874001588982,30.729601099999854
3271.1855270127116,3404.421624735169,30.734825900000033
3271.1855270127116,3433.878828125001,30.740095099999962
3271.1855270127116,3429.455131091103,30.745297299999947
3271.1855270127116,3418.4973503707633,30.750441000000137
3271.1855270127116,3421.4692862817806,30.755604500000118
3271.1855270127116,3419.3835659427978,30.76120340000034
3271.1855270127116,3410.962597987289,30.766414100000475
3271.1855270127116,3417.061367849576,30.77163400000063
3271.1855270127116,3433.83370233051,30.776914099999885
3271.1855270127116,3423.0662751588984,30.78213340000002
3271.1855270127116,3427.5555879237286,30.787360199999966
3271.1855270127116,3435.1347960805087,30.793163000000277
3271.1855270127116,3437.6715240995773,30.79839979999997
3271.1855270127116,3423.926773040255,30.803610400000252
3271.1855270127116,3417.936873675848,30.809000400000514
3271.1855270127116,3416.781984904661,30.81418029999986
3271.1855270127116,3433.9354568326276,30.819487100000515
3271.1855270127116,3396.948351430085,30.825385500000266
3271.1855270127116,3411.996449947035,30.830563299999994
3271.1855270127116,3413.748221663136,30.838625400000637
3271.1855270127116,3425.564609375001,30.848443599999882
3271.1855270127116,3432.484976165255,30.869590600000265
3271.1855270127116,3413.104819915254,30.89374780000071
3271.1855270127116,3432.155387976696,30.899624600000607
3271.1855270127116,3414.72905190678,30.909313199999815
3271.1855270127116,3417.150007944916,30.914899100000184
3271.1855270127116,3406.470009269068,30.921456200000648
3271.1855270127116,3419.884973516948,30.927700600000207
3271.1855270127116,3440.867768802967,30.9485751000002
3271.1855270127116,3417.4279555084754,30.958126999999877
3271.1855270127116,3419.565715042373,30.9642216000002
3271.1855270127116,3403.338697033898,30.971665300000495
3271.1855270127116,3400.6284202860174,30.977283199999874
3271.1855270127116,3410.7197960805097,30.982557799999995
3271.1855270127116,3399.321432733052,30.989821199999824
3271.1855270127116,3434.62511917373,30.995849900000394
3271.1855270127116,3410.8182203389842,31.002792799999952
3271.1855270127116,3404.635672669492,31.00947619999988
3271.1855270127116,3463.088450741526,31.01527260000057
3271.1855270127116,3416.1207653601705,31.033597399999962
3271.1855270127116,3428.178542108052,31.04002440000022
3271.1855270127116,3417.308674523306,31.045243000000482
3271.1855270127116,3437.3406064618644,31.054500400000506
3271.1855270127116,3417.8055826271197,31.05994180000016
3271.1855270127116,3436.4644147245763,31.065101799999866
3271.1855270127116,3412.879476959746,31.07206000000042
3271.1855270127116,3419.8313916843226,31.07943780000005
3271.1855270127116,3401.158384533898,31.084718900000553
3271.1855270127116,3445.1866313559326,31.090022500000487
3271.1855270127116,3405.1263612288153,31.095194000000447
3271.1855270127116,3426.363547404662,31.100335400000404
3271.1855270127116,3445.0405177436437,31.105955099999846
3271.1855270127116,3419.8789909957627,31.111354499999834
3271.1855270127116,3415.581726694916,31.116585200000372
3271.1855270127116,3426.122605932204,31.12178750000021
3271.1855270127116,3444.639621292373,31.126666699999987
3271.1855270127116,3425.3561136122885,31.131658199999947
3271.1855270127116,3410.6489751059325,31.139504400000078
3271.1855270127116,3430.5511414194925,31.144713600000614
3271.1855270127116,3405.2374629237297,31.149752600000284
3271.1855270127116,3416.815234375001,31.155944699999964
3271.1855270127116,3417.8302992584754,31.162187100000665
3271.1855270127116,3411.882175582628,31.169914699999936
3271.1855270127116,3444.6805654131363,31.207017100000485
3271.1855270127116,3420.8619001588977,31.212379900000087
3271.1855270127116,3425.9298424258477,31.21881730000041
3271.1855270127116,3419.739262447034,31.2248096000003
3271.1855270127116,3409.873629502119,31.23019269999986
3271.1855270127116,3440.0714804025447,31.240172300000268
3271.1855270127116,3453.3815677966095,31.246379100000013
3271.1855270127116,3423.8102462923734,31.25330750000012
3271.1855270127116,3475.152078919492,31.25977730000068
3271.1855270127116,3418.198699682204,31.265873700000157
3271.1855270127116,3452.669001588984,31.277411800000664
3271.1855270127116,3422.4385010593214,31.30460159999984
3271.1855270127116,3419.270529661018,31.310122599999886
3271.1855270127116,3420.1672073622885,31.315953100000115
3271.1855270127116,3428.8113029661026,31.321949199999835
3271.1855270127116,3409.456285752118,31.32727520000026
3271.1855270127116,3399.664122086865,31.332914500000697
3271.1855270127116,3407.4726019597465,31.33952600000066
3271.1855270127116,3446.9250622351697,31.34489880000001
3271.1855270127116,3412.049189618645,31.356822300000204
3271.1855270127116,3406.566543961864,31.364916999999878
3271.1855270127116,3437.062002118645,31.378140700000586
3271.1855270127116,3420.0910646186435,31.387040100000377
3271.1855270127116,3423.3645233050856,31.392702699999973
3271.1855270127116,3431.376829978815,31.399914900000113
3271.1855270127116,3415.0207693326265,31.407175700000153
3271.1855270127116,3420.37953125,31.412681599999814
3271.1855270127116,3440.0531435381363,31.41897450000033
3271.1855270127116,3424.72991657839,31.42692640000041
3271.1855270127116,3455.3017041843223,31.432841599999847
3271.1855270127116,3435.137601959747,31.440813100000014
3271.1855270127116,3416.601043432204,31.446670899999845
3271.1855270127116,3418.8154555084748,31.45491099999981
3271.1855270127116,3427.6946636652547,31.460105699999986
3271.1855270127116,3421.892903866527,31.465286300000116
3271.1855270127116,3440.7954819915267,31.473557000000255
3271.1855270127116,3421.5200463453384,31.479841600000327
3271.1855270127116,3425.303283898306,31.493801300000086
3271.1855270127116,3426.166725370763,31.499428300000545
3271.1855270127116,3404.9534149894066,31.508029999999962
3271.1855270127116,3415.4555429025427,31.51448049999999
3271.1855270127116,3401.512379502118,31.520819700000175
3271.1855270127116,3424.1577449682213,31.52708690000054
3271.1855270127116,3409.705460805085,31.53299270000025
3271.1855270127116,3416.3722484110176,31.54125920000024
3271.1855270127116,3439.6536453919493,31.547617000000173
3271.1855270127116,3424.1161334745766,31.553875300000072
3271.1855270127116,3421.817791313559,31.55934690000049
3271.1855270127116,3412.554902012712,31.564598699999806
3271.1855270127116,3421.1774774894075,31.571233499999835
3271.1855270127116,3415.781888241526,31.576662000000397
3271.1855270127116,3413.466588983051,31.58194370000001
3271.1855270127116,3411.9275158898313,31.587487499999952
3271.1855270127116,3424.067511917373,31.59272460000011
3271.1855270127116,3421.0773503707624,31.60549380000066
3271.1855270127116,3467.240046345339,31.610813100000087
3271.1855270127116,3429.303068061441,31.61635800000022
3271.1855270127116,3405.6463029661018,31.62880580000001
3271.1855270127116,3415.825165519068,31.63896190000014
3271.1855270127116,3432.076438029661,31.647388400000636
3271.1855270127116,3430.756596927966,31.66059420000056
3271.1855270127116,3444.4071543961873,31.67050130000007
3271.1855270127116,3409.8221226165256,31.67690330000005
3271.1855270127116,3418.3106898834753,31.683823800000027
3271.1855270127116,3420.829396186441,31.695276899999953
3271.1855270127116,3422.0068180614417,31.703538700000536
3271.1855270127116,3416.983221663136,31.719094099999893
3271.1855270127116,3457.9839724576273,31.724716100000478
3271.1855270127116,3415.962164989407,31.729950500000086
3271.1855270127116,3429.681314883474,31.737402400000065
3271.1855270127116,3429.186976959746,31.74309760000051
3271.1855270127116,3429.2100556144073,31.748332300000584
3271.1855270127116,3408.662457627118,31.75445050000053
3271.1855270127116,3415.5459322033894,31.759896900000058
3271.1855270127116,3426.9620034427976,31.765397099999973
3271.1855270127116,3452.6257123940672,31.771752300000117
3271.1855270127116,3428.6458712923745,31.77697360000002
3271.1855270127116,3409.9520617055095,31.782469200000378
3271.1855270127116,3408.255354872881,31.789363500000036
3271.1855270127116,3439.499344544492,31.800551700000142
3271.1855270127116,3416.6770934851697,31.807177100000445
3271.1855270127116,3416.587018008475,31.82932140000048
3271.1855270127116,3442.733348781779,31.835268200000428
3271.1855270127116,3419.3107362288147,31.840832500000033
3271.1855270127116,3415.842935646187,31.845990100000563
3271.1855270127116,3439.0018736758484,31.852613400000337
3271.1855270127116,3431.0342147775423,31.85813640000015
3271.1855270127116,3426.005382680086,31.863702999999987
3271.1855270127116,3420.9434825211874,31.86997640000027
3271.1855270127116,3442.271581038135,31.87556080000013
3271.1855270127116,3436.413612288137,31.880754300000262
3271.1855270127116,3435.5315373411013,31.88616230000025
3271.1855270127116,3421.286091101694,31.891638300000523
3271.1855270127116,3403.777068326271,31.89719359999981
3271.1855270127116,3402.771591631356,31.90284150000025
3271.1855270127116,3435.0273278601703,31.908116900000095
3271.1855270127116,3419.5862685381358,31.913706500000444
3271.1855270127116,3410.9634427966107,31.919330900000205
3271.1855270127116,3402.821665783899,31.925426900000275
3271.1855270127116,3436.0538956567802,31.930669500000477
3271.1855270127116,3414.495259533898,31.936237800000526
3271.1855270127116,3424.6590108580504,31.941553499999827
3271.1855270127116,3448.1551800847465,31.94681120000041
3271.1855270127116,3422.512996557204,31.952836500000558
3271.1855270127116,3409.0233951271193,31.958085199999914
3271.1855270127116,3423.1733381885597,31.963763000000654
3271.1855270127116,3430.548175317797,31.970906399999876
3271.1855270127116,3420.3573106461877,31.97647589999997
3271.1855270127116,3405.006361228814,31.981678099999954
3271.1855270127116,3420.6643061440677,31.987353800000164
3271.1855270127116,3404.7645736228806,31.996165000000474
3271.1855270127116,3419.749094279661,32.002138700000614
3271.1855270127116,3431.3809149894078,32.00994580000042
3271.1855270127116,3408.512374205509,32.01908570000069
3271.1855270127116,3422.6004409427965,32.02456239999992
3271.1855270127116,3413.041211599577,32.044498100000055
3271.1855270127116,3435.344202860171,32.04988790000061
3271.1855270127116,3401.5571106991524,32.05583139999999
3271.1855270127116,3416.3359348516956,32.06129240000064
3271.1855270127116,3448.1140982521197,32.066555600000356
3271.1855270127116,3397.3181316207633,32.07257920000029
3271.1855270127116,3421.5337235169504,32.07992640000066
3271.1855270127116,3409.063957891949,32.0865217999999
3271.1855270127116,3426.541157309322,32.09254620000047
3271.1855270127116,3436.2317386122877,32.098055500000555
3271.1855270127116,3412.088122351696,32.10376890000043
3271.1855270127116,3462.0642823093212,32.10905660000026
3271.1855270127116,3432.379039989408,32.114492300000165
3271.1855270127116,3419.115119173729,32.122614599999906
3271.1855270127116,3404.335292637712,32.129261200000656
3271.1855270127116,3424.0736745233057,32.138340399999834
3271.1855270127116,3431.5946927966097,32.14416609999989
3271.1855270127116,3422.5693577860166,32.153933999999936
3271.1855270127116,3424.92125529661,32.159843600000386
3271.1855270127116,3455.323164724577,32.165657500000634
3271.1855270127116,3422.2787738347465,32.17292390000057
3271.1855270127116,3430.7446755826277,32.17970680000053
3271.1855270127116,3442.541701536017,32.188274699999965
3271.1855270127116,3431.7091459216103,32.194533599999886
3271.1855270127116,3425.895203919491,32.200757100000374
3271.1855270127116,3418.5239578919495,32.20605860000069
3271.1855270127116,3403.4743207097463,32.21132970000053
3271.1855270127116,3423.416994173729,32.21659770000042
3271.1855270127116,3423.942143802966,32.22933590000048
3271.1855270127116,3422.97952065678,32.235774600000696
3271.1855270127116,3411.5673318326276,32.24128879999989
3271.1855270127116,3421.48353681144,32.24659330000031
3271.1855270127116,3403.20884931144,32.25243320000027
3271.1855270127116,3411.4894544491535,32.25767750000068
3271.1855270127116,3414.5413268008474,32.26454190000004
3271.1855270127116,3422.35469279661,32.27052800000001
3271.1855270127116,3426.724827860169,32.27601719999984
3271.1855270127116,3406.3537685381357,32.281383300000016
3271.1855270127116,3424.026340042374,32.28678589999981
3271.1855270127116,3405.779655720338,32.29195990000062
3271.1855270127116,3414.3203257415257,32.300096300000405
3271.1855270127116,3413.4578681144076,32.305645899999945
3271.1855270127116,3425.185671345339,32.31085450000046
3271.1855270127116,3444.458571239408,32.31641110000055
3271.1855270127116,3444.294985434322,32.32185759999993
3271.1855270127116,3429.3537433792385,32.3280663000005
3271.1855270127116,3421.985471398306,32.33422830000018
3271.1855270127116,3425.812383474577,32.33949459999985
3271.1855270127116,3438.4147470868647,32.34464019999996
3271.1855270127116,3411.13702065678,32.34992510000029
3271.1855270127116,3416.6513294491524,32.35517179999988
3271.1855270127116,3418.99977092161,32.360441900000296
3271.1855270127116,3421.0716207627133,32.36674510000012
3271.1855270127116,3427.6115519067803,32.3720229999999
3271.1855270127116,3431.2740638241535,32.37728100000004
3271.1855270127116,3426.7432693326273,32.38259520000065
3271.1855270127116,3405.5296729343227,32.38786049999999
3271.1855270127116,3430.9818246822033,32.39376679999987
3271.1855270127116,3430.230382680085,32.40188500000022
3271.1855270127116,3411.938085275425,32.40711460000057
3271.1855270127116,3434.1900675317806,32.41234179999992
3271.1855270127116,3425.922547669493,32.41756549999991
3271.1855270127116,3426.8567849576266,32.42280850000043
3271.1855270127116,3436.204695444916,32.429001500000595
3271.1855270127116,3438.443093220339,32.43423880000046
3271.1855270127116,3405.6542995233053,32.43944730000021
3271.1855270127116,3427.7021649894054,32.44462550000026
3271.1855270127116,3423.903258739407,32.44974490000004
3271.1855270127116,3391.1274563029665,32.45518600000014
3271.1855270127116,3425.185097987289,32.47273270000005
3271.1855270127116,3447.731358580509,32.47825929999999
3271.1855270127116,3424.5449020127135,32.48351640000055
3271.1855270127116,3438.8664896716114,32.48883790000036
3271.1855270127116,3465.056022245763,32.49406040000031
3271.1855270127116,3398.4704833156784,32.499364199999945
3271.1855270127116,3408.617307997882,32.53815089999989
3271.1855270127116,3422.828575211865,32.54480599999988
3271.1855270127116,3445.816472457628,32.55001429999993
3271.1855270127116,3412.1487725105935,32.55615690000013
3271.1855270127116,3422.774954978813,32.5619413000004
3271.1855270127116,3420.4180548199156,32.56848910000008
3271.1855270127116,3397.7277476165254,32.57715610000014
3271.1855270127116,3407.371739936441,32.58610860000044
3271.1855270127116,3419.46381223517,32.59253890000036
3271.1855270127116,3429.975953389831,32.608334300000024
3271.1855270127116,3442.6588585805093,32.61313719999998
3271.1855270127116,3447.9175675317806,32.64110239999991
3271.1855270127116,3414.8558289194902,32.650631200000134
3271.1855270127116,3452.911578389832,32.65672280000035
3271.1855270127116,3425.2145828919492,32.66194270000051
3271.1855270127116,3424.7828429555093,32.670378300000266
3271.1855270127116,3412.3424231991526,32.678141600000345
3271.1855270127116,3444.8473344809327,32.68362410000009
3271.1855270127116,3425.18016684322,32.689688899999965
3271.1855270127116,3442.4092942266952,32.695045200000095
3271.1855270127116,3408.238523569916,32.700274400000126
3271.1855270127116,3418.678110434323,32.705677700000706
3271.1855270127116,3429.338634798729,32.72009170000001
3271.1855270127116,3408.689259798729,32.72643980000066
3271.1855270127116,3402.045393273305,32.731730000000425
3271.1855270127116,3424.276182468221,32.737001899999996
3271.1855270127116,3412.4771689618647,32.74233050000021
3271.1855270127116,3399.9399046610165,32.74941290000061
3271.1855270127116,3410.166819385592,32.75490600000012
3271.1855270127116,3424.577355667373,32.76015220000045
3271.1855270127116,3411.7116935911026,32.76534300000003
3271.1855270127116,3429.348572563559,32.77147909999985
3271.1855270127116,3414.4314618644075,32.777048200000536
3271.1855270127116,3436.320478019068,32.787854700000025
3271.1855270127116,3437.7719491525427,32.79306009999982
3271.1855270127116,3416.1374629237284,32.79921370000011
3271.1855270127116,3422.875423728813,32.80533480000031
3271.1855270127116,3411.979347192798,32.81064349999997
3271.1855270127116,3421.8921120233063,32.81584290000046
3271.1855270127116,3429.584229343221,32.82996020000064
3271.1855270127116,3443.5630918961865,32.8388257000006
3271.1855270127116,3443.1892981991537,32.84412430000066
3271.1855270127116,3416.2449006885604,32.85010070000044
3271.1855270127116,3446.538318326272,32.85559640000065
3271.1855270127116,3419.200566737289,32.86459150000064
3271.1855270127116,3404.5639592161015,32.87112750000051
3271.1855270127116,3412.836381091103,32.87667930000043
3271.1855270127116,3448.968606991526,32.88194720000047
3271.1855270127116,3436.4481064618653,32.8876250000003
3271.1855270127116,3404.8520074152534,32.892896199999996
3271.1855270127116,3424.960333686441,32.89811559999998
3271.1855270127116,3417.8547338453395,32.90333330000067
3271.1855270127116,3430.8824152542375,32.908512599999995
3271.1855270127116,3428.2296159957627,32.913743900000554
3271.1855270127116,3423.812421875001,32.91900480000004
3271.1855270127116,3429.029253177967,32.92437700000028
3271.1855270127116,3415.1571941207626,32.92996519999997
3271.1855270127116,3417.410068855933,32.935888400000294
3271.1855270127116,3430.4743988347464,32.94130320000022
3271.1855270127116,3423.3091909427976,32.94648270000016
3271.1855270127116,3430.165630296611,32.951713700000255
3271.1855270127116,3469.7204872881352,32.95695390000037
3271.1855270127116,3414.028269332627,32.96232400000008
3271.1855270127116,3420.9357905190686,32.96875170000021
3271.1855270127116,3423.9631355932197,32.974138100000346
3271.1855270127116,3408.3068101165254,32.979432900000575
3271.1855270127116,3435.2799245233055,32.98468890000004
3271.1855270127116,3428.976040783898,32.989977199999885
3271.1855270127116,3399.77055746822,32.99729130000014
3271.1855270127116,3389.5402555614414,33.00361630000043
3271.1855270127116,3450.001216896188,33.010598500000015
3271.1855270127116,3437.6508911546607,33.0164020000002
3271.1855270127116,3441.9559560381354,33.02457850000064
3271.1855270127116,3433.110576006356,33.03039970000009
3271.1855270127116,3424.7716128177963,33.03613250000035
3271.1855270127116,3411.19974443856,33.041409500000555
3271.1855270127116,3451.4967876059327,33.04673730000013
3271.1855270127116,3404.016079184322,33.053096700000424
3271.1855270127116,3466.087086864408,33.05847679999988
3271.1855270127116,3409.9248013771194,33.06444629999987
3271.1855270127116,3424.7628257415263,33.07052780000049
3271.1855270127116,3424.32559322034,33.07578270000067
3271.1855270127116,3407.538753972458,33.08107999999993
3271.1855270127116,3425.4106872351713,33.08718409999983
3271.1855270127116,3424.7522907838993,33.09309140000005
3271.1855270127116,3439.6656011652553,33.09990370000014
3271.1855270127116,3411.9270166843216,33.10559360000025
3271.1855270127116,3425.792398040254,33.1108092000004
3271.1855270127116,3426.5298795021185,33.116087600000355
3271.1855270127116,3444.033122351695,33.122118400000545
3271.1855270127116,3416.5032441737294,33.128161000000546
3271.1855270127116,3466.1477833686445,33.135051700000076
3271.1855270127116,3415.0210566737296,33.14033720000043
3271.1855270127116,3431.951097722458,33.14557310000055
3271.1855270127116,3466.2137341101698,33.15147539999998
3271.1855270127116,3422.5500489936435,33.15771270000005
3271.1855270127116,3451.3641326800853,33.16400090000025
3271.1855270127116,3431.364629237288,33.1713948000006
3271.1855270127116,3424.232413930085,33.1774817000005
3271.1855270127116,3432.74029661017,33.1826787
3271.1855270127116,3435.8820815677973,33.1887684000003
3271.1855270127116,3423.5326628707635,33.19529969999985
3271.1855270127116,3409.5345948093222,33.20252590000018
3271.1855270127116,3406.1686679025433,33.20912970000063
3271.1855270127116,3418.693347457628,33.2143145
3271.1855270127116,3429.6108924788136,33.21993090000069
3271.1855270127116,3415.3911175847456,33.225756800000454
3271.1855270127116,3406.3782759533897,33.23161609999988
3271.1855270127116,3423.250699152544,33.23845260000053
3271.1855270127116,3429.321823358052,33.2453787000004
3271.1855270127116,3436.210337658899,33.25321080000049
3271.1855270127116,3443.177913135594,33.258880899999895
3271.1855270127116,3435.1725582627114,33.26522410000052
3271.1855270127116,3434.207537076271,33.27802789999987
3271.1855270127116,3429.14265625,33.28339700000015
3271.1855270127116,3430.344085010594,33.28891980000026
3271.1855270127116,3422.0519372351696,33.2940994999999
3271.1855270127116,3429.599159163137,33.29927829999997
3271.1855270127116,3431.372227224577,33.30471530000068
3271.1855270127116,3430.202842955509,33.31251710000015
3271.1855270127116,3447.1175317796615,33.31870500000059
3271.1855270127116,3422.324474311441,33.32410720000007
3271.1855270127116,3432.952105402544,33.32928070000071
3271.1855270127116,3459.7251708156787,33.334597800000665
3271.1855270127116,3427.5942055084747,33.33989550000024
3271.1855270127116,3427.994393538136,33.34576460000062
3271.1855270127116,3446.2650993114407,33.351013700000294
3271.1855270127116,3421.348556673729,33.35632100000021
3271.1855270127116,3432.099123411017,33.36147700000038
3271.1855270127116,3419.840802436441,33.36670740000045
3271.1855270127116,3434.887190148306,33.37195510000038
3271.1855270127116,3424.9291909427966,33.37720210000043
3271.1855270127116,3430.5701191737294,33.38246040000013
3271.1855270127116,3419.846300317798,33.38771840000027
3271.1855270127116,3399.4465240995764,33.392924499999936
3271.1855270127116,3426.929924523304,33.39811480000026
3271.1855270127116,3426.803489141949,33.40336800000023
3271.1855270127116,3421.65096398305,33.40853849999985
3271.1855270127116,3429.0037989936454,33.413797300000624
3271.1855270127116,3454.3892531779666,33.419255700000576
3271.1855270127116,3432.8354290254238,33.42442960000062
3271.1855270127116,3420.563328919492,33.43009710000024
3271.1855270127116,3421.91357256356,33.43635170000016
3271.1855270127116,3402.039270391949,33.44261450000067
3271.1855270127116,3452.568302436441,33.44779000000017
3271.1855270127116,3436.9037897245776,33.454541099999915
3271.1855270127116,3410.42095338983,33.46041030000015
3271.1855270127116,3423.4298146186443,33.46619970000029
3271.1855270127116,3429.598418961866,33.471752299999935
3271.1855270127116,3427.643021716103,33.47701490000054
3271.1855270127116,3407.3548967161023,33.48224630000004
3271.1855270127116,3410.5950132415264,33.48759860000064
3271.1855270127116,3424.1666975635594,33.492837700000564
3271.1855270127116,3415.899503442797,33.49814950000018
3271.1855270127116,3436.5664512711874,33.50416150000001
3271.1855270127116,3417.3668855932196,33.51029440000002
3271.1855270127116,3431.5904912605924,33.51618790000066
3271.1855270127116,3405.3304435911023,33.522743000000446
3271.1855270127116,3444.2190360169498,33.52829560000009
3271.1855270127116,3421.3082997881365,33.53471189999982
3271.1855270127116,3411.44452595339,33.54050490000009
3271.1855270127116,3429.208877118644,33.5458991000005
3271.1855270127116,3438.1086917372886,33.55160160000014
3271.1855270127116,3408.221771716103,33.55689119999988
3271.1855270127116,3397.9878614936442,33.56224030000067
3271.1855270127116,3429.22233315678,33.5675940000001
3271.1855270127116,3423.3715426377134,33.57309450000048
3271.1855270127116,3426.7535791843225,33.57828909999989
3271.1855270127116,3420.9010871292376,33.58340769999995
3271.1855270127116,3442.814533898306,33.58877930000017
3271.1855270127116,3413.0865519067793,33.59399800000028
3271.1855270127116,3448.9982640360176,33.59918890000063
3271.1855270127116,3411.156872351696,33.60442730000068
3271.1855270127116,3430.110488612289,33.6097120000004
3271.1855270127116,3418.069423993645,33.61511140000039
3271.1855270127116,3415.068523569916,33.620254400000704
3271.1855270127116,3437.4847364936454,33.62542230000054
3271.1855270127116,3405.8142677436435,33.630580800000644
3271.1855270127116,3407.209087658898,33.63580809999985
3271.1855270127116,3424.5051377118652,33.64127880000069
3271.1855270127116,3417.313972457627,33.647657000000436
3271.1855270127116,3434.076863082628,33.654019900000094
3271.1855270127116,3409.768436175847,33.65926420000051
3271.1855270127116,3419.305444915254,33.6644311
3271.1855270127116,3402.1510513771195,33.669856399999844
3271.1855270127116,3423.787862817797,33.67507320000004
3271.1855270127116,3432.7648212394074,33.680238400000235
3271.1855270127116,3432.1905336334758,33.68543520000003
3271.1855270127116,3416.640369438561,33.69054060000053
3271.1855270127116,3424.959678230932,33.69629590000022
3271.1855270127116,3412.476889565678,33.70218250000016
3271.1855270127116,3422.3651933262718,33.708656700000574
3271.1855270127116,3423.964102224576,33.71384360000047
3271.1855270127116,3421.1793855932215,33.72148720000041
3271.1855270127116,3434.6365638241537,33.72669399999995
3271.1855270127116,3408.356439353814,33.73197359999995
3271.1855270127116,3420.2700198622883,33.73944680000022
3271.1855270127116,3405.4688612288137,33.74498510000012
3271.1855270127116,3416.2274033368644,33.75168089999988
3271.1855270127116,3426.8058024364404,33.75691220000044
3271.1855270127116,3427.946581038136,33.76291949999995
3271.1855270127116,3429.6370471398304,33.76846900000055
3271.1855270127116,3416.459523305085,33.77367690000028
3271.1855270127116,3421.741269862289,33.77884170000016
3271.1855270127116,3438.837922404662,33.78416509999988
3271.1855270127116,3429.2430349576275,33.78943840000011
3271.1855270127116,3423.031545286017,33.79461619999984
3271.1855270127116,3425.5234149894077,33.79979259999982
3271.1855270127116,3421.4639433262714,33.8056030000007
3271.1855270127116,3392.9651920021183,33.8117656000004
3271.1855270127116,3418.205903072034,33.818534300000465
3271.1855270127116,3424.2867836334754,33.82433459999993
3271.1855270127116,3417.5164883474586,33.82976790000066
3271.1855270127116,3420.433273305085,33.83579009999994
3271.1855270127116,3425.5107018008475,33.84152010000071
3271.1855270127116,3408.674192266949,33.847228700000414
3271.1855270127116,3438.945095338983,33.85449130000052
3271.1855270127116,3425.3968127648304,33.85966139999982
3271.1855270127116,3427.786052701272,33.86520430000019
3271.1855270127116,3412.020879237288,33.87159690000044
3271.1855270127116,3428.292611228815,33.87759069999993
3271.1855270127116,3439.4042346398314,33.88307140000052
3271.1855270127116,3406.8044306144075,33.88854859999992
3271.1855270127116,3426.9038585805088,33.893845800000236
3271.1855270127116,3447.3425172139823,33.89932670000053
3271.1855270127116,3424.5365929555087,33.90575400000034
3271.1855270127116,3422.005434322035,33.91105100000004
3271.1855270127116,3425.560734904661,33.916242300000704
3271.1855270127116,3441.3039300847468,33.92239090000021
3271.1855270127116,3419.0957388771185,33.927624599999945
3271.1855270127116,3430.1571888241533,33.9328301000005
3271.1855270127116,3411.0727118644068,33.93839509999998
3271.1855270127116,3418.5759070444924,33.94365190000008
3271.1855270127116,3439.5882057733056,33.94881870000063
3271.1855270127116,3423.5165638241533,33.95492950000062
3271.1855270127116,3415.323175317798,33.960122700000284
3271.1855270127116,3430.3816538665255,33.96543770000062
3271.1855270127116,3425.912383474577,33.97097590000067
3271.1855270127116,3428.819804025424,33.976240200000575
3271.1855270127116,3419.678942002119,33.98143859999982
3271.1855270127116,3417.289912605933,33.98668170000019
3271.1855270127116,3404.267631091101,33.991877000000386
3271.1855270127116,3448.727543697034,33.9971400000004
3271.1855270127116,3413.868483845339,34.00235729999986
3271.1855270127116,3425.3177939618645,34.007564500000626
3271.1855270127116,3437.9779025423745,34.01267150000058
3271.1855270127116,3414.574402807204,34.01788060000035
3271.1855270127116,3410.8017849576268,34.023100299999896
3271.1855270127116,3420.330505826271,34.02833720000035
3271.1855270127116,3419.2686957097458,34.03376180000032
3271.1855270127116,3415.2760368114414,34.03900849999991
3271.1855270127116,3447.7801152012707,34.04421150000053
3271.1855270127116,3413.8149351165266,34.04942310000024
3271.1855270127116,3425.8441935911014,34.05463240000063
3271.1855270127116,3417.706878972457,34.05989630000022
3271.1855270127116,3398.471659163136,34.06529310000042
3271.1855270127116,3405.4517266949147,34.070850600000085
3271.1855270127116,3405.3593167372887,34.07611830000042
3271.1855270127116,3423.2927370233047,34.081274699999994
3271.1855270127116,3433.054206832628,34.08648369999992
3271.1855270127116,3425.629028072034,34.09171620000052
3271.1855270127116,3435.1214009533905,34.0971042000001
3271.1855270127116,3398.300583951272,34.1026724000003
3271.1855270127116,3446.182331832627,34.107842000000346
3271.1855270127116,3449.658237552966,34.113070100000186
3271.1855270127116,3411.8517664194915,34.118535800000245
3271.1855270127116,3427.8168524894077,34.12421650000033
3271.1855270127116,3415.4986864406787,34.12953340000058
3271.1855270127116,3395.156347987289,34.13504929999999
3271.1855270127116,3403.7365307203404,34.14036540000052
3271.1855270127116,3408.4352370233064,34.14574420000008
3271.1855270127116,3441.968674523306,34.15113950000068
3271.1855270127116,3414.1830455508475,34.1566298000007
3271.1855270127116,3430.463134269068,34.161951000000045
3271.1855270127116,3413.296216896187,34.167585600000166
3271.1855270127116,3406.959831832627,34.17329849999987
3271.1855270127116,3439.471851165256,34.17850410000028
3271.1855270127116,3423.150638241527,34.183822099999816
3271.1855270127116,3396.384002913135,34.189719900000455
3271.1855270127116,3429.581712129239,34.19555480000054
3271.1855270127116,3415.1076628707633,34.20173570000043
3271.1855270127116,3423.58826536017,34.20699080000031
3271.1855270127116,3403.6065704449156,34.212095700000646
3271.1855270127116,3419.4007256355935,34.21786969999994
3271.1855270127116,3432.9479329978817,34.22356519999994
3271.1855270127116,3448.30989009534,34.22902900000008
3271.1855270127116,3414.1045815677967,34.234208700000636
3271.1855270127116,3416.4134348516955,34.24078360000021
3271.1855270127116,3432.6702542372877,34.24598320000041
3271.1855270127116,3412.095928230931,34.252065000000584
3271.1855270127116,3437.188791048729,34.25733620000028
3271.1855270127116,3416.490975900424,34.26250590000018
3271.1855270127116,3398.5488175317796,34.26787080000031
3271.1855270127116,3422.162290783899,34.27318110000033
3271.1855270127116,3420.9307176906777,34.27842830000009
3271.1855270127116,3417.140295286018,34.28374530000019
3271.1855270127116,3410.3768061440683,34.28897810000035
3271.1855270127116,3410.800675317798,34.2942694000003
3271.1855270127116,3439.2485248940675,34.299478900000395
3271.1855270127116,3423.147890625001,34.30480540000008
3271.1855270127116,3394.268004502119,34.30996740000046
3271.1855270127116,3410.060737552965,34.31512920000023
3271.1855270127116,3422.5790532309325,34.32031160000042
3271.1855270127116,3413.197811175848,34.32562300000063
3271.1855270127116,3443.17014565678,34.33086920000005
3271.1855270127116,3417.575487288136,34.33606150000014
3271.1855270127116,3432.982891949153,34.34131630000047
3271.1855270127116,3423.980251588984,34.347009699999944
3271.1855270127116,3404.5880468749997,34.352179700000306
3271.1855270127116,3412.10342690678,34.357338300000265
3271.1855270127116,3415.517232521186,34.362542900000335
3271.1855270127116,3425.200250264831,34.36770130000059
3271.1855270127116,3418.321424788137,34.37433400000009
3271.1855270127116,3406.125712394068,34.379439600000296
3271.1855270127116,3419.995786546611,34.38503110000056
3271.1855270127116,3411.4030839512707,34.390247100000124
3271.1855270127116,3431.5211864406783,34.39545960000032
3271.1855270127116,3420.1103919491534,34.40066960000058
3271.1855270127116,3430.799837129237,34.405982700000095
3271.1855270127116,3460.3687023305088,34.4113526000001
3271.1855270127116,3423.7733037605926,34.41689190000034
3271.1855270127116,3423.867223252119,34.42219699999987
3271.1855270127116,3404.1973702330515,34.42742480000015
3271.1855270127116,3416.190497881357,34.432597900000474
3271.1855270127116,3410.0542531779665,34.437752400000136
3271.1855270127116,3420.097991260592,34.443192000000636
3271.1855270127116,3478.278016419492,34.448867099999916
3271.1855270127116,3417.202922404661,34.45402689999992
3271.1855270127116,3438.5789671610164,34.45923709999988
3271.1855270127116,3429.119943061441,34.46443270000054
3271.1855270127116,3422.8154568326268,34.4696440000007
3271.1855270127116,3437.5763373940686,34.47497530000055
3271.1855270127116,3428.180225105933,34.480228200000056
3271.1855270127116,3421.9382613877115,34.48609380000016
3271.1855270127116,3411.7764777542384,34.49154859999999
3271.1855270127116,3445.8434970868648,34.49699380000038
3271.1855270127116,3403.857070974576,34.50255670000024
3271.1855270127116,3436.5126337394086,34.507962300000145
3271.1855270127116,3444.2659043961867,34.51320570000007
3271.1855270127116,3389.541704184322,34.51857199999995
3271.1855270127116,3422.2949298199155,34.52379070000006
3271.1855270127116,3421.262564883474,34.52895440000066
3271.1855270127116,3428.150316472458,34.53427660000034
3271.1855270127116,3428.8806501588992,34.5399838000003
3271.1855270127116,3429.2378072033903,34.545257100000526
3271.1855270127116,3448.084491525424,34.55174170000009
3271.1855270127116,3430.4333249470337,34.55720720000045
3271.1855270127116,3419.1215346927975,34.5627899000001
3271.1855270127116,3438.4609984110175,34.568592500000705
3271.1855270127116,3436.163412341102,34.574066900000616
3271.1855270127116,3420.5051072563556,34.580792000000656
3271.1855270127116,3411.9978694385604,34.586125200000424
3271.1855270127116,3414.835234374999,34.591808400000446
3271.1855270127116,3397.4968723516945,34.597268200000144
3271.1855270127116,3420.713935381355,34.604094299999815
3271.1855270127116,3405.846257944916,34.6101421000003
3271.1855270127116,3440.1651893538146,34.6158030000006
3271.1855270127116,3416.028012447035,34.62325180000062
3271.1855270127116,3437.433808262712,34.63006159999986
3271.1855270127116,3414.6949086334744,34.63716950000071
3271.1855270127116,3421.1510844809322,34.64288140000008
3271.1855270127116,3415.218136917373,34.64847370000007
3271.1855270127116,3410.7613334216107,34.66569150000032
3271.1855270127116,3396.494257150424,34.67116560000068
3271.1855270127116,3407.86773967161,34.67634720000024
3271.1855270127116,3422.5282335805086,34.681622699999934
3271.1855270127116,3433.6893140889833,34.686834799999815
3271.1855270127116,3410.3744663665257,34.692061900000226
3271.1855270127116,3416.034441207627,34.6975338000002
3271.1855270127116,3399.1308474576267,34.702964000000065
3271.1855270127116,3436.2661308262723,34.70811659999981
3271.1855270127116,3410.6963334216116,34.71328810000068
3271.1855270127116,3422.45747881356,34.719765499999994
3271.1855270127116,3423.2272841631357,34.72898309999982
3271.1855270127116,3431.443462658899,34.74296400000003
3271.1855270127116,3415.9410288665267,34.748121900000115
3271.1855270127116,3428.389492849576,34.753452599999946
3271.1855270127116,3422.0182123940676,34.760282300000654
3271.1855270127116,3409.385775953391,34.76546360000066
3271.1855270127116,3423.4869253177976,34.77487890000066
3271.1855270127116,3424.8816313559314,34.78179189999992
3271.1855270127116,3418.199314088984,34.789148800000476
3271.1855270127116,3428.819804025424,34.79437969999981
3271.1855270127116,3427.0206104343224,34.80130960000042
3271.1855270127116,3414.692425847458,34.80670970000028
3271.1855270127116,3423.3719134004236,34.811920300000565
3271.1855270127116,3417.0725000000007,34.817175000000134
3271.1855270127116,3438.2757349046606,34.82297259999996
3271.1855270127116,3414.09459348517,34.82815389999996
3271.1855270127116,3412.3969438559334,34.83461790000001
3271.1855270127116,3430.3207693326276,34.83998920000067
3271.1855270127116,3427.3853535487297,34.846586800000296
3271.1855270127116,3427.84232256356,34.852057300000524
3271.1855270127116,3423.710018538136,34.857226099999934
3271.1855270127116,3439.583678495764,34.862486800000624
3271.1855270127116,3406.876676377119,34.86772910000036
3271.1855270127116,3448.7525357521185,34.87298499999997
3271.1855270127116,3429.194605402542,34.878178500000104
3271.1855270127116,3410.959303495763,34.88378710000052
3271.1855270127116,3423.0319425317803,34.88904100000036
3271.1855270127116,3430.7274986758475,34.89499680000063
3271.1855270127116,3422.6185050317795,34.90034700000069
3271.1855270127116,3428.0904753707628,34.90584740000031
3271.1855270127116,3429.188216366525,34.9115924000007
3271.1855270127116,3431.4556024894073,34.92799560000003
3271.1855270127116,3430.2338599046616,34.93335500000012
3271.1855270127116,3418.2495868644073,34.93876060000002
3271.1855270127116,3428.2336943855944,34.947989000000234
3271.1855270127116,3425.403008474577,34.95868690000043
3271.1855270127116,3444.604455773306,34.98988300000019
3271.1855270127116,3446.4460805084755,34.99514200000067
3271.1855270127116,3424.188734110169,35.001620600000024
3271.1855270127116,3417.9153945974585,35.00751970000056
3271.1855270127116,3421.538944650424,35.013591500000075
3271.1855270127116,3422.8228813559326,35.019645299999866
3271.1855270127116,3407.3981859110177,35.050152400000115
3271.1855270127116,3420.461826006356,35.055519300000014
3271.1855270127116,3442.2207640360175,35.06914500000039
3271.1855270127116,3456.442341101695,35.082664999999906
3271.1855270127116,3425.36311440678,35.08782930000052
3271.1855270127116,3432.574385593221,35.09630150000066
3271.1855270127116,3426.3646292372887,35.10871170000064
3271.1855270127116,3431.4232441737295,35.114643400000205
3271.1855270127116,3428.15662473517,35.12057450000066
3271.1855270127116,3440.3526085805092,35.12679230000049
3271.1855270127116,3420.858795021187,35.139838600000076
3271.1855270127116,3408.628048199153,35.1910355
3271.1855270127116,3418.597206038136,35.19633359999989
3271.1855270127116,3440.485975900424,35.202260000000024
3271.1855270127116,3425.598965836866,35.20851870000024
3271.1855270127116,3409.461945180085,35.21389260000069
3271.1855270127116,3411.056583686441,35.23409520000041
3271.1855270127116,3426.3224748411026,35.23987720000059
3271.1855270127116,3411.4973662605935,35.24576479999996
3271.1855270127116,3434.208143538136,35.251811900000575
3271.1855270127116,3445.8471927966107,35.26053300000058
3271.1855270127116,3421.718130296611,35.28635889999987
3271.1855270127116,3418.5041220868643,35.299030300000595
3271.1855270127116,3430.763951271186,35.304913200000556
3271.1855270127116,3416.8179965572035,35.31029540000054
3271.1855270127116,3425.959707362289,35.31600250000065
3271.1855270127116,3422.2985778601696,35.32285010000032
3271.1855270127116,3455.6926840572037,35.35670200000004
3271.1855270127116,3420.597787341101,35.36188250000032
3271.1855270127116,3427.8638307733054,35.37037169999985
3271.1855270127116,3414.9307905190685,35.37581020000016
3271.1855270127116,3430.407756885594,35.3810512
3271.1855270127116,3418.39750529661,35.40609930000028
3271.1855270127116,3431.910844809321,35.411410499999874
3271.1855270127116,3438.1504091631364,35.41769320000003
3271.1855270127116,3423.7825357521187,35.424100300000646
3271.1855270127116,3410.2710858050837,35.429643899999974
3271.1855270127116,3437.5085394597454,35.439919600000394
3271.1855270127116,3436.2202555614413,35.47416669999984
3271.1855270127116,3445.4828191207635,35.479837700000644
3271.1855270127116,3414.156298993644,35.48719400000027
3271.1855270127116,3428.1851747881374,35.49345110000013
3271.1855270127116,3414.449981461864,35.49911650000013
3271.1855270127116,3415.013804290255,35.54040400000031
3271.1855270127116,3403.4671795550853,35.545605799999976
3271.1855270127116,3425.805930879237,35.551437900000565
3271.1855270127116,3445.9646610169502,35.55663840000034
3271.1855270127116,3472.553445444915,35.56183310000051
3271.1855270127116,3462.522376853814,35.56704979999995
3271.1855270127116,3442.371867055086,35.605622800000674
3271.1855270127116,3427.0468657309316,35.61307080000006
3271.1855270127116,3415.241637976695,35.61827810000068
3271.1855270127116,3440.520042372882,35.62342760000047
3271.1855270127116,3422.015419756357,35.62861410000005
3271.1855270127116,3430.8699774894076,35.63378439999997
3271.1855270127116,3421.389876853814,35.638890000000174
3271.1855270127116,3436.316269862288,35.645373700000164
3271.1855270127116,3413.1307653601702,35.65059960000053
3271.1855270127116,3418.1999907309328,35.65572930000053
3271.1855270127116,3418.1626522775427,35.66090890000032
3271.1855270127116,3422.6128601694927,35.666127999999844
3271.1855270127116,3422.2994001588995,35.67121230000066
3271.1855270127116,3436.9709375000016,35.72270230000049
3271.1855270127116,3434.588152807204,35.727778399999806
3271.1855270127116,3430.929147245763,35.7328035999999
3271.1855270127116,3423.94841631356,35.73775819999992
3271.1855270127116,3451.2240320444926,35.74279939999997
3271.1855270127116,3418.179416048729,35.74783220000063
3271.1855270127116,3402.9379237288144,35.75308000000041
3271.1855270127116,3415.4895603813557,35.78893710000011
3271.1855270127116,3425.9507322563563,35.79450630000065
3271.1855270127116,3405.80647378178,35.80012270000043
3271.1855270127116,3432.7264300847455,35.806357800000114
3271.1855270127116,3405.4020484639823,35.81234080000013
3271.1855270127116,3445.704224046611,35.81760840000061
3271.1855270127116,3424.536186440679,35.840504200000396
3271.1855270127116,3422.739678230933,35.84575230000064
3271.1855270127116,3423.6246411546617,35.8509853000005
3271.1855270127116,3397.9963268008482,35.856690999999955
3271.1855270127116,3428.0490188029676,35.86220250000042
3271.1855270127116,3408.3626933262717,35.87036480000006
3271.1855270127116,3434.3978575211877,35.877016899999944
3271.1855270127116,3437.905954713984,35.88324780000039
3271.1855270127116,3418.8805045021195,35.889106300000094
3271.1855270127116,3423.585327065679,35.89779249999992
3271.1855270127116,3435.9376297669505,35.90347819999988
3271.1855270127116,3410.4038996292365,35.90880190000007
3271.1855270127116,3421.454500794491,35.92752930000006
3271.1855270127116,3416.966631355932,35.93449370000053
3271.1855270127116,3415.690625,35.941241000000446
3271.1855270127116,3437.601914724576,35.94668600000023
3271.1855270127116,3430.419288930086,35.95350950000011
3271.1855270127116,3433.796665783898,35.95924220000052
3271.1855270127116,3450.1862658898312,35.96493190000001
3271.1855270127116,3445.314124735168,35.97051770000053
3271.1855270127116,3426.4422854872887,35.97609680000005
3271.1855270127116,3443.1025542902553,35.98155200000019
3271.1855270127116,3423.3996980932206,35.98697290000018
3271.1855270127116,3438.497206038136,35.993864800000665
3271.1855270127116,3403.8002688029665,35.99933659999988
3271.1855270127116,3420.8765903072035,36.00469359999988
3271.1855270127116,3444.2901178495763,36.009858800000075
3271.1855270127116,3437.5457997881354,36.01498530000026
3271.1855270127116,3418.6722378177965,36.02009799999996
3271.1855270127116,3431.512635063561,36.0259558000007
3271.1855270127116,3423.2501972987293,36.031077700000424
3271.1855270127116,3445.305279396188,36.03654310000002
3271.1855270127116,3423.500887182204,36.0417723999999
3271.1855270127116,3415.266260593221,36.04688239999996
3271.1855270127116,3459.6528932733067,36.05199559999983
3271.1855270127116,3399.6663704978823,36.057582000000366
3271.1855270127116,3412.9764711334747,36.06327070000043
3271.1855270127116,3415.7070021186437,36.06852770000023
3271.1855270127116,3403.1831395656786,36.07392450000043
3271.1855270127116,3423.7031951800855,36.07903249999981
3271.1855270127116,3401.060863347459,36.08426539999982
3271.1855270127116,3423.049981461865,36.09028240000043
3271.1855270127116,3420.9468591101695,36.097988200000145
3271.1855270127116,3419.117816472459,36.10453039999993
3271.1855270127116,3415.5577846927968,36.11081900000045
3271.1855270127116,3443.87066075212,36.11765869999999
3271.1855270127116,3430.082505296611,36.12349919999997
3271.1855270127116,3415.708722192797,36.12997820000055
3271.1855270127116,3438.380656779662,36.13576009999997
3271.1855270127116,3402.4321570444918,36.14095189999989
3271.1855270127116,3419.591600900423,36.14614429999983
3271.1855270127116,3414.858462658898,36.15135079999982
3271.1855270127116,3404.131477754237,36.156771500000104
3271.1855270127116,3402.143155455509,36.1620810000004
3271.1855270127116,3423.403144862288,36.16729810000015
3271.1855270127116,3437.577907838984,36.17265029999999
3271.1855270127116,3412.649512711865,36.1781531000006
3271.1855270127116,3444.44077065678,36.183614900000066
3271.1855270127116,3415.584804025424,36.18906659999993
3271.1855270127116,3411.761737288136,36.19433550000031
3271.1855270127116,3420.062175582628,36.199482300000454
3271.1855270127116,3425.0778734110177,36.204842300000564
3271.1855270127116,3444.7065691207636,36.21039480000036
3271.1855270127116,3435.898311705508,36.21557699999994
3271.1855270127116,3435.3065876589,36.22204460000012
3271.1855270127116,3425.9503535487293,36.227416700000504
3271.1855270127116,3437.5329700741536,36.23256930000025
3271.1855270127116,3442.9055693855935,36.23802660000001
3271.1855270127116,3422.688053495763,36.243356400000266
3271.1855270127116,3468.8095365466115,36.24855710000065
3271.1855270127116,3421.44223384534,36.253811500000666
3271.1855270127116,3446.5049470338986,36.25894169999992
3271.1855270127116,3432.662684057204,36.26405849999992
3271.1855270127116,3443.008753972458,36.269501700000546
3271.1855270127116,3416.826656514831,36.27496990000054
3271.1855270127116,3432.384940413137,36.280201300000044
3271.1855270127116,3404.688710275424,36.28585000000021
3271.1855270127116,3424.670181408899,36.29099839999981
3271.1855270127116,3434.625299258475,36.29617490000055
3271.1855270127116,3407.3206766419485,36.30168580000009
3271.1855270127116,3430.511463188559,36.307234200000494
3271.1855270127116,3426.801637976696,36.312427100000605
3271.1855270127116,3402.3884811970347,36.31815330000063
3271.1855270127116,3416.2598106461865,36.323403000000326
3271.1855270127116,3440.39303628178,36.32849940000051
3271.1855270127116,3418.8226218220343,36.333882100000665
3271.1855270127116,3421.1104038665244,36.33937610000066
3271.1855270127116,3443.175267478815,36.34456170000067
3271.1855270127116,3424.7488638771197,36.35018279999986
3271.1855270127116,3445.7811731991533,36.355442300000504
3271.1855270127116,3437.7315201271194,36.36062519999996
3271.1855270127116,3422.12273967161,36.36615789999996
3271.1855270127116,3420.235360169492,36.37137740000071
3271.1855270127116,3437.105777277543,36.37654250000014
3271.1855270127116,3421.9043458686438,36.38222589999987
3271.1855270127116,3413.6561334745757,36.38737070000025
3271.1855270127116,3418.532104078391,36.392540400000144
3271.1855270127116,3398.9380574682214,36.397667700000056
3271.1855270127116,3414.6271755826274,36.40305770000032
3271.1855270127116,3436.680267478814,36.40820570000051
3271.1855270127116,3422.6638148834754,36.414244300000064
3271.1855270127116,3395.4295736228814,36.41941600000064
3271.1855270127116,3419.8688069385603,36.425165800000286
3271.1855270127116,3433.2295815677976,36.4333529000005
3271.1855270127116,3425.4178641419494,36.43889190000027
3271.1855270127116,3429.361558527544,36.44402330000048
3271.1855270127116,3435.875748146187,36.459951900000306
3271.1855270127116,3444.982202065679,36.46782450000046
3271.1855270127116,3424.4611679025415,36.473029900000256
3271.1855270127116,3409.9338532838983,36.50260460000027
3271.1855270127116,3414.4227582097465,36.51031880000028
3271.1855270127116,3419.037771451271,36.527286399999866
3271.1855270127116,3429.281273834746,36.535147500000676
3271.1855270127116,3421.241863082627,36.541021
3271.1855270127116,3407.456105667373,36.549022199999854
3271.1855270127116,3418.361790254238,36.55491070000062
3271.1855270127116,3405.4149615995766,36.56239679999999
3271.1855270127116,3430.802029925848,36.57293480000044
3271.1855270127116,3420.1770193326274,36.578594800000246
3271.1855270127116,3432.1083461334747,36.584284800000205
3271.1855270127116,3413.742835010594,36.59061610000026
3271.1855270127116,3434.793123675848,36.597127699999874
3271.1855270127116,3418.4193961864407,36.610611200000676
3271.1855270127116,3436.513776483051,36.615846700000475
3271.1855270127116,3419.808087923729,36.62537510000038
3271.1855270127116,3426.160745497882,36.63101920000008
3271.1855270127116,3403.330590572034,36.63739100000021
3271.1855270127116,3405.2435871292378,36.642891899999995
3271.1855270127116,3416.7840876588984,36.648710700000265
3271.1855270127116,3420.596506885594,36.65441610000016
3271.1855270127116,3416.9839420021194,36.65957160000016
3271.1855270127116,3412.67189088983,36.66473110000061
3271.1855270127116,3421.5541128177965,36.67017240000041
3271.1855270127116,3443.1145100635595,36.67688590000034
3271.1855270127116,3424.646992849577,36.690375799999856
3271.1855270127116,3434.6646186440685,36.69605180000053
3271.1855270127116,3434.97633342161,36.7022508
3271.1855270127116,3428.637574152543,36.70778930000051
3271.1855270127116,3461.308736758475,36.71315920000052
3271.1855270127116,3432.193032309322,36.71980200000053
3271.1855270127116,3407.799798728813,36.726397700000234
3271.1855270127116,3429.958077330509,36.73216860000048
3271.1855270127116,3427.2079343220335,36.74154060000001
3271.1855270127116,3439.122184851695,36.746706700000686
3271.1855270127116,3425.242582097458,36.757240200000524
3271.1855270127116,3436.5916101694925,36.76344340000014
3271.1855270127116,3405.151934586864,36.77057370000057
3271.1855270127116,3409.0556594279674,36.77792899999986
3271.1855270127116,3448.5050900423744,36.7834141000003
3271.1855270127116,3438.87188029661,36.79053810000005
3271.1855270127116,3424.1058103813566,36.796338500000275
3271.1855270127116,3424.9461440677974,36.802881500000694
3271.1855270127116,3414.523814883475,36.80980920000002
3271.1855270127116,3420.0084361758486,36.8151512000004
3271.1855270127116,3434.702784692797,36.82107619999988
3271.1855270127116,3434.0945881885605,36.82765010000003
3271.1855270127116,3421.809326006356,36.83372280000003
3271.1855270127116,3409.498109110169,36.8393614000006
3271.1855270127116,3427.811073887712,36.84473049999997
3271.1855270127116,3408.1323768538145,36.851446900000155
3271.1855270127116,3423.0662500000008,36.85651400000006
3271.1855270127116,3432.5460143008486,36.86173770000005
3271.1855270127116,3432.1072325211876,36.86772759999985
3271.1855270127116,3398.990143008476,36.872950500000115
3271.1855270127116,3410.2466287076268,36.87857510000049
3271.1855270127116,3450.8459282309327,36.88396470000043
3271.1855270127116,3432.9346318855937,36.88960380000026
3271.1855270127116,3417.1322311970334,36.89479920000031
3271.1855270127116,3416.7997695974586,36.90075820000038
3271.1855270127116,3407.5205309851694,36.90767850000066
3271.1855270127116,3439.8952595338988,36.91295470000023
3271.1855270127116,3422.5186202330506,36.9186866
3271.1855270127116,3417.544765625,36.92410160000054
3271.1855270127116,3427.4313268008477,36.9292374000006
3271.1855270127116,3414.4960421080514,36.934646200000316
3271.1855270127116,3424.555590572035,36.93997920000038
3271.1855270127116,3418.6835116525426,36.94516139999996
3271.1855270127116,3422.284239936441,36.95054979999986
3271.1855270127116,3400.5378972457625,36.95573289999993
3271.1855270127116,3420.3959719279665,36.961037699999906
3271.1855270127116,3416.562852224576,36.966828600000554
3271.1855270127116,3425.0789446504245,36.97266219999983
3271.1855270127116,3415.2477688029667,36.97839560000011
3271.1855270127116,3423.0209070444917,36.985206800000014
3271.1855270127116,3417.147288135594,36.990669900000285
3271.1855270127116,3415.5130402542372,36.99711990000014
3271.1855270127116,3420.8926125529665,37.00478740000017
3271.1855270127116,3440.60660354873,37.011152300000504
3271.1855270127116,3440.3060235699168,37.01754770000025
3271.1855270127116,3422.107023305085,37.02311340000051
3271.1855270127116,3419.2949020127116,37.02953440000056
3271.1855270127116,3419.411888241526,37.0369711000003
3271.1855270127116,3398.0213956567804,37.042499099999986
3271.1855270127116,3414.271263241525,37.04817300000013
3271.1855270127116,3410.061230137712,37.05448190000061
3271.1855270127116,3423.0854277012722,37.059852800000044
3271.1855270127116,3424.329856991526,37.06509230000029
3271.1855270127116,3450.990243644069,37.08702450000055
3271.1855270127116,3421.9270603813566,37.09317379999993
3271.1855270127116,3453.979212129238,37.09841850000066
3271.1855270127116,3435.2279250529655,37.103603999999905
3271.1855270127116,3414.9515770656785,37.10896370000046
3271.1855270127116,3415.6841684322035,37.11422829999992
3271.1855270127116,3424.4211784957624,37.122229399999924
3271.1855270127116,3419.9703098516934,37.127557400000114
3271.1855270127116,3411.558163400424,37.13311210000029
3271.1855270127116,3451.2273424258487,37.1383550999999
3271.1855270127116,3409.563711599577,37.1435934000001
3271.1855270127116,3426.1480309851686,37.14873290000014
3271.1855270127116,3406.9878429555088,37.15390949999983
3271.1855270127116,3444.8039525953404,37.16093120000005
3271.1855270127116,3421.6383805614405,37.170886700000665
3271.1855270127116,3443.769580243644,37.18027250000068
3271.1855270127116,3401.963534163136,37.19081249999999
3271.1855270127116,3426.632978019068,37.200156800000514
3271.1855270127116,3409.223029661017,37.209393699999964
3271.1855270127116,3408.9020286016953,37.218680300000415
3271.1855270127116,3435.760344279661,37.232431700000234
3271.1855270127116,3415.1518657309325,37.2375492000001
3271.1855270127116,3428.513167372882,37.243161899999905
3271.1855270127116,3403.550835540255,37.24854200000027
3271.1855270127116,3420.5341909427975,37.25378330000058
3271.1855270127116,3423.8291406249996,37.25915210000039
3271.1855270127116,3410.5777648305084,37.290789399999994
3271.1855270127116,3412.8783964512722,37.29600290000053
3271.1855270127116,3408.130123146187,37.30418220000047
3271.1855270127116,3436.8225940148313,37.30981320000046
3271.1855270127116,3398.2049192266954,37.31530730000031
3271.1855270127116,3396.5889486228816,37.320848400000614
3271.1855270127116,3426.965292637712,37.32829630000015
3271.1855270127116,3417.1142399364403,37.333549400000265
3271.1855270127116,3394.853945974577,37.3387943000007
3271.1855270127116,3429.795327065678,37.3439913000002
3271.1855270127116,3398.8216843220343,37.34922600000027
3271.1855270127116,3447.370896451272,37.35439430000042
3271.1855270127116,3415.3825238347454,37.360061000000314
3271.1855270127116,3425.3726046080515,37.36546030000045
3271.1855270127116,3436.4938175317798,37.37076220000017
3271.1855270127116,3442.1403072033895,37.37597629999982
3271.1855270127116,3429.3898225635594,37.38119890000053
3271.1855270127116,3406.1893710275426,37.38644970000041
3271.1855270127116,3430.415300582628,37.392221600000084
3271.1855270127116,3423.6884759004242,37.39754170000015
3271.1855270127116,3418.0328283898307,37.403659999999945
3271.1855270127116,3436.5260023834758,37.41037850000066
3271.1855270127116,3402.132792637712,37.41662380000071
3271.1855270127116,3444.2332521186445,37.421853400000145
3271.1855270127116,3409.315622351696,37.42706690000068
3271.1855270127116,3427.7015399894076,37.43251610000061
3271.1855270127116,3412.5086784957616,37.43770399999994
3271.1855270127116,3397.902274894069,37.44283350000023
3271.1855270127116,3425.463493114407,37.449398000000656
3271.1855270127116,3431.9154157838984,37.4548421999998
3271.1855270127116,3423.837746292374,37.46058400000038
3271.1855270127116,3425.67676509534,37.46605140000065
3271.1855270127116,3431.5820961334753,37.47122490000038
3271.1855270127116,3405.974300847458,37.47639919999983
3271.1855270127116,3419.8643273305097,37.48158330000024
3271.1855270127116,3403.246035487289,37.48703830000068
3271.1855270127116,3412.232951536017,37.49311480000051
3271.1855270127116,3415.7455574682213,37.49939960000029
3271.1855270127116,3420.782106726695,37.50526059999993
3271.1855270127116,3424.4489102224575,37.51116540000021
3271.1855270127116,3452.162452330509,37.51898170000004
3271.1855270127116,3418.347248411018,37.52653629999986
3271.1855270127116,3418.1861573093224,37.533159600000545
3271.1855270127116,3432.266133474576,37.54041890000008
3271.1855270127116,3401.559009533898,37.54823900000065
3271.1855270127116,3411.050746822035,37.55500329999995
3271.1855270127116,3431.2333395127125,37.56121460000031
3271.1855270127116,3440.686069915255,37.56864190000033
3271.1855270127116,3433.8189896716112,37.57611300000008
3271.1855270127116,3406.8745961334744,37.582818200000474
3271.1855270127116,3434.222073622882,37.58816230000048
3271.1855270127116,3453.4705508474576,37.5933883000007
3271.1855270127116,3423.4274020127127,37.59898990000056
3271.1855270127116,3438.320478019067,37.606456600000456
3271.1855270127116,3412.6461083156782,37.61282149999988
3271.1855270127116,3441.5805045021184,37.61946739999985
3271.1855270127116,3404.944723252119,37.62656430000061
3271.1855270127116,3404.5585752118645,37.63331329999983
3271.1855270127116,3416.0983222987284,37.64062389999981
3271.1855270127116,3422.9944001589,37.64786069999991
3271.1855270127116,3428.5706766419494,37.65342790000068
3271.1855270127116,3416.703000529661,37.658577799999875
3271.1855270127116,3443.056165254237,37.66379589999997
3271.1855270127116,3408.4503787076274,37.669052700000066
3271.1855270127116,3430.494748411018,37.674313299999994
3271.1855270127116,3440.6536109639837,37.67943060000016
3271.1855270127116,3419.72039592161,37.68550140000025
3271.1855270127116,3432.689773569915,37.69136460000027
3271.1855270127116,3414.9384308792373,37.69653180000023
3271.1855270127116,3436.955237023305,37.70218019999993
3271.1855270127116,3429.5182600635603,37.70887690000018
3271.1855270127116,3408.7182574152534,37.71612650000043
3271.1855270127116,3428.561471133475,37.72153740000067
3271.1855270127116,3403.7979568326273,37.72819020000043
3271.1855270127116,3416.57876588983,37.734697300000335
3271.1855270127116,3436.1457349046614,37.74319850000029
3271.1855270127116,3436.1940174788137,37.74937630000022
3271.1855270127116,3405.3415532309323,37.75455690000035
3271.1855270127116,3451.736324152543,37.76051920000009
3271.1855270127116,3438.3132547669493,37.76558610000029
3271.1855270127116,3438.1695312500005,37.77088100000037
3271.1855270127116,3418.1316829978814,37.77636380000058
3271.1855270127116,3402.271655190678,37.781521599999905
3271.1855270127116,3394.8741657838987,37.78702890000022
3271.1855270127116,3434.288434851696,37.82418870000038
3271.1855270127116,3410.036080508475,37.82927319999999
3271.1855270127116,3424.190899099576,37.84405240000069
3271.1855270127116,3440.5849020127125,37.84992860000057
3271.1855270127116,3426.6834043961867,37.855797000000166
3271.1855270127116,3418.1113016419504,37.861872700000276
3271.1855270127116,3428.0015413135607,37.86760779999986
3271.1855270127116,3407.269092955507,37.8742299000005
3271.1855270127116,3431.4059414724575,37.89446600000065
3271.1855270127116,3427.4780614406777,37.90839210000013
3271.1855270127116,3417.5959825211867,37.915921900000285
3271.1855270127116,3421.59185911017,37.9247146000007
3271.1855270127116,3424.2229846398313,37.93072579999989
3271.1855270127116,3435.620640889831,37.9581646000006
3271.1855270127116,3423.7627820444927,37.96663390000049
3271.1855270127116,3423.0826668432205,37.97462630000064
3271.1855270127116,3424.970730932204,37.980210600000646
3271.1855270127116,3402.091738612288,37.99246959999982
3271.1855270127116,3420.5409427966115,38.02277420000064
3271.1855270127116,3415.172884004237,38.041359900000316
3271.1855270127116,3416.255097987288,38.04837399999997
3271.1855270127116,3447.006457891949,38.05802270000004
3271.1855270127116,3428.2106594279658,38.065555799999856
3271.1855270127116,3387.7748636122888,38.07773200000065
3271.1855270127116,3424.9535063559333,38.085899900000186
3271.1855270127116,3424.9160527012714,38.092911200000344
3271.1855270127116,3416.386904131356,38.10296699999981
3271.1855270127116,3420.3537010063565,38.11180779999995
3271.1855270127116,3414.6668524894076,38.12925439999981
3271.1855270127116,3398.840806408899,38.13888490000045
3271.1855270127116,3408.7946305614405,38.144892600000276
3271.1855270127116,3423.6254396186446,38.151787499999955
3271.1855270127116,3405.3223583156787,38.16127930000039
3271.1855270127116,3429.3586493644066,38.17075180000029
3271.1855270127116,3406.8661374470335,38.178914500000246
3271.1855270127116,3440.7342359639833,38.18547089999993
3271.1855270127116,3401.5109441207633,38.191548000000694
3271.1855270127116,3434.210918961865,38.197824500000024
3271.1855270127116,3423.867884004237,38.21949339999992
3271.1855270127116,3402.3693538135603,38.22635270000046
3271.1855270127116,3426.716573093221,38.23365389999981
3271.1855270127116,3414.9130124470344,38.240134200000284
3271.1855270127116,3412.9204740466107,38.24584640000012
3271.1855270127116,3416.9791141419496,38.26565269999992
3271.1855270127116,3423.363446769068,38.27258600000005
3271.1855270127116,3443.409878177967,38.279244299999846
3271.1855270127116,3418.296179819916,38.286928100000296
3271.1855270127116,3420.1129303495777,38.294052600000214
3271.1855270127116,3430.006492319916,38.32430910000039
3271.1855270127116,3414.1637857521187,38.32950650000021
3271.1855270127116,3432.0989102224585,38.3357003000001
3271.1855270127116,3425.8751920021195,38.34095800000068
3271.1855270127116,3413.8710619703397,38.34635160000016
3271.1855270127116,3414.1079833156778,38.355652799999916
3271.1855270127116,3412.5138678495764,38.38384260000021
3271.1855270127116,3432.11488479873,38.39083110000047
3271.1855270127116,3399.4363652012707,38.397354100000484
3271.1855270127116,3459.371999470339,38.40378740000051
3271.1855270127116,3432.2123490466106,38.408898700000464
3271.1855270127116,3419.0667889300844,38.41396160000022
3271.1855270127116,3431.1705177436447,38.42488200000025
3271.1855270127116,3427.9270047669493,38.43010090000007
3271.1855270127116,3427.5556144067796,38.43542190000062
3271.1855270127116,3420.181685646188,38.44060900000022
3271.1855270127116,3427.527819120764,38.44579640000029
3271.1855270127116,3424.2517505296614,38.451123599999846
3271.1855270127116,3422.5337089512723,38.47769470000003
3271.1855270127116,3406.4018644067805,38.48572940000031
3271.1855270127116,3428.005335010593,38.491345000000365
3271.1855270127116,3401.597404661017,38.496350400000665
3271.1855270127116,3415.751048728814,38.50165660000039
3271.1855270127116,3398.202392743645,38.50693520000004
3271.1855270127116,3405.8995206567806,38.520384400000694
3271.1855270127116,3437.368903601696,38.52718350000032
3271.1855270127116,3391.7354409427962,38.53830079999989
3271.1855270127116,3456.583364671611,38.54447820000041
3271.1855270127116,3417.917490730933,38.55220820000068
3271.1855270127116,3418.4768233580517,38.566650000000664
3271.1855270127116,3408.0746954449164,38.574303899999904
3271.1855270127116,3420.181144067797,38.584641500000544
3271.1855270127116,3424.696717425847,38.59261040000001
3271.1855270127116,3405.922489406781,38.61471849999998
3271.1855270127116,3410.06867717161,38.62380350000058
3271.1855270127116,3433.4844835805093,38.62910170000032
3271.1855270127116,3426.005820974576,38.637890200000584
3271.1855270127116,3436.413702330509,38.64375670000027
3271.1855270127116,3435.27853681144,38.651676399999815
3271.1855270127116,3428.1628204449157,38.668917500000134
3271.1855270127116,3415.075838188559,38.674548400000276
3271.1855270127116,3451.6085911016953,38.68092299999989
3271.1855270127116,3410.515397245764,38.698117800000546
3271.1855270127116,3436.285180084745,38.707751400000234
3271.1855270127116,3438.7364804025433,38.72545489999993
3271.1855270127116,3449.4015055614395,38.739863499999956
3271.1855270127116,3394.146227489407,38.746047000000544
3271.1855270127116,3411.080715042373,38.75692909999998
3271.1855270127116,3408.719066472458,38.76245860000017
3271.1855270127116,3417.1354343220355,38.7815442000001
3271.1855270127116,3428.2920908368656,38.79073030000018
3271.1855270127116,3403.3405058262715,38.79716009999993
3271.1855270127116,3422.0902198093227,38.805886300000566
3271.1855270127116,3439.9693207097466,38.81457420000061
3271.1855270127116,3428.525413135593,38.84197640000002
3271.1855270127116,3445.5492280190674,38.84853870000006
3271.1855270127116,3427.8923040254244,38.860095699999874
3271.1855270127116,3408.5159480932202,38.8652417000003
3271.1855270127116,3410.4553058792376,38.87377819999983
3271.1855270127116,3440.415647510593,38.88290899999993
3271.1855270127116,3455.1684110169504,38.8916248000005
3271.1855270127116,3427.1312711864416,38.896814700000505
3271.1855270127116,3406.0149589512707,38.90596430000005
3271.1855270127116,3394.9304343220333,38.91216420000001
3271.1855270127116,3415.7445233050844,38.922567999999956
3271.1855270127116,3455.793523569916,38.92777190000015
3271.1855270127116,3419.6062274894066,38.9339116000001
3271.1855270127116,3422.928380561441,38.94227140000021
3271.1855270127116,3422.192460275425,38.9541904000007
3271.1855270127116,3419.2071755826273,38.9636358000007
3271.1855270127116,3460.310414459746,38.975886600000194
3271.1855270127116,3433.514294226695,38.989612500000476
3271.1855270127116,3414.5929859639837,38.994990600000165
3271.1855270127116,3441.913988347458,39.0120538000001
3271.1855270127116,3402.2693802966105,39.02891929999987
3271.1855270127116,3405.4843048199155,39.03822330000003
3271.1855270127116,3423.1297020656784,39.04415289999997
3271.1855270127116,3401.107756885594,39.05366120000053
3271.1855270127116,3412.924658368645,39.06140260000029
3271.1855270127116,3431.8933620233065,39.12427509999998
3271.1855270127116,3418.0666949152537,39.14264600000024
3271.1855270127116,3404.7667968749997,39.15187200000037
3271.1855270127116,3417.133462658899,39.16007770000033
3271.1855270127116,3415.737388771187,39.17900390000068
3271.1855270127116,3477.842376853815,39.190610700000434
3271.1855270127116,3446.117155720339,39.1961151000005
3271.1855270127116,3420.9537566207628,39.202084900000045
3271.1855270127116,3421.492436440678,39.20838340000046
3271.1855270127116,3413.915152277543,39.2135315000005
3271.1855270127116,3409.5418710275426,39.238829500000065
3271.1855270127116,3418.948783103814,39.244051700000455
3271.1855270127116,3429.5836281779666,39.25211000000036
3271.1855270127116,3442.5162288135602,39.25944620000064
3271.1855270127116,3424.119050582626,39.265159000000494
3271.1855270127116,3412.5892372881353,39.29042019999997
3271.1855270127116,3407.139521980932,39.29749080000056
3271.1855270127116,3430.877444385594,39.305270400000154
3271.1855270127116,3434.669823887711,39.31161969999994
3271.1855270127116,3418.1462870762716,39.341049999999996
3271.1855270127116,3414.9626734639837,39.34708420000061
3271.1855270127116,3406.755811705508,39.36397029999989
3271.1855270127116,3421.0751152012726,39.37428530000034
3271.1855270127116,3416.782574152542,39.39356820000012
3271.1855270127116,3440.2956647245765,39.40220180000051
3271.1855270127116,3429.2040267478815,39.410203500000534
3271.1855270127116,3439.821293697034,39.42432050000025
3271.1855270127116,3412.860485963983,39.429552100000365
3271.1855270127116,3418.355047669492,39.4479422000004
3271.1855270127116,3423.896561175848,39.46231119999993
3271.1855270127116,3429.7987208686445,39.46966590000011
3271.1855270127116,3407.1419570974576,39.47712219999994
3271.1855270127116,3433.292816472457,39.48417640000025
3271.1855270127116,3411.9028058792364,39.494609800000035
3271.1855270127116,3416.5910540254235,39.50090350000028
3271.1855270127116,3426.296630031781,39.509072200000446
3271.1855270127116,3460.590479343221,39.52543530000003
3271.1855270127116,3442.824521980933,39.53985580000062
3271.1855270127116,3392.177354343221,39.55835200000001
3271.1855270127116,3400.761837923729,39.56640570000036
3271.1855270127116,3398.7612513241534,39.58013800000026
3271.1855270127116,3426.0543154131365,39.588935100000526
3271.1855270127116,3417.623648040254,39.61218160000044
3271.1855270127116,3412.455725635594,39.6277441000002
3271.1855270127116,3411.0674126059334,39.64277360000051
3271.1855270127116,3418.949226694916,39.65173719999984
3271.1855270127116,3441.065696504239,39.68261480000001
3271.1855270127116,3407.7117597987303,39.689425700000356
3271.1855270127116,3415.271969014831,39.69684870000037
3271.1855270127116,3433.21928098517,39.70849830000043
3271.1855270127116,3409.8316459216103,39.720655400000396
3271.1855270127116,3406.8826165254236,39.748518800000056
3271.1855270127116,3441.170828919492,39.75933260000056
3271.1855270127116,3403.2699152542373,39.7680562000005
3271.1855270127116,3414.298069385593,39.77391239999997
3271.1855270127116,3431.0637513241522,39.7814956000002
3271.1855270127116,3396.3625463453386,39.80429689999983
3271.1855270127116,3442.0553177966117,39.81006549999984
3271.1855270127116,3430.903826800848,39.81533020000006
3271.1855270127116,3430.971550582627,39.822520100000474
3271.1855270127116,3404.9771358580506,39.8313117000007
3271.1855270127116,3419.6863440148313,39.83999850000055
3271.1855270127116,3416.3811546610173,39.84551470000042
3271.1855270127116,3432.116276483051,39.85141360000034
3271.1855270127116,3410.709234639831,39.85665849999987
3271.1855270127116,3428.0191048728816,39.861882799999876
3271.1855270127116,3430.8183289194926,39.86983719999989
3271.1855270127116,3442.6267187500007,39.87565040000027
3271.1855270127116,3424.453007150425,39.88189270000021
3271.1855270127116,3412.7377277542378,39.88924320000024
3271.1855270127116,3411.2734931144078,39.89443560000018
3271.1855270127116,3421.3146477754235,39.902091900000414
3271.1855270127116,3434.7775476694924,39.91394290000062
3271.1855270127116,3438.024402807203,39.92125180000039
3271.1855270127116,3424.240499205509,39.926455499999975
3271.1855270127116,3432.7977886652548,39.93156920000001
3271.1855270127116,3437.597865466101,39.938114999999925
3271.1855270127116,3411.9814353813563,39.95318550000047
3271.1855270127116,3453.8366538665246,39.95849300000009
3271.1855270127116,3429.5834653072043,39.964895900000556
3271.1855270127116,3442.4262658898306,39.9746810000006
3271.1855270127116,3409.5392981991513,39.98194779999994
3271.1855270127116,3443.88927039195,39.98876680000012
3271.1855270127116,3432.2426204978815,39.998558199999934
3271.1855270127116,3429.505701800849,40.00641970000015
3271.1855270127116,3438.647086864406,40.01245629999994
3271.1855270127116,3482.4502449682195,40.02132620000066
3271.1855270127116,3416.8314036016955,40.02756120000049
3271.1855270127116,3446.0284864936434,40.03489130000071
3271.1855270127116,3412.9843365995766,40.040065799999866
3271.1855270127116,3420.3433130296603,40.04534150000018
3271.1855270127116,3422.017766154662,40.05391700000018
3271.1855270127116,3439.203693061442,40.05934190000062
3271.1855270127116,3435.359017478814,40.06453430000056
3271.1855270127116,3425.2525105932204,40.08006730000034
3271.1855270127116,3441.684878177967,40.08810619999986
3271.1855270127116,3420.9055971927964,40.09350429999995
3271.1855270127116,3407.9833077330513,40.098799899999904
3271.1855270127116,3446.7059017478814,40.10474179999983
3271.1855270127116,3430.3602383474586,40.10990660000061
3271.1855270127116,3428.13650556144,40.124512600000344
3271.1855270127116,3434.782876059324,40.1344751000006
3271.1855270127116,3394.1046769067802,40.14015569999992
3271.1855270127116,3406.121035487288,40.163934100000006
3271.1855270127116,3449.0457282838993,40.169119500000306
3271.1855270127116,3420.9806647245773,40.17795560000013
3271.1855270127116,3443.8306898834753,40.18571780000002
3271.1855270127116,3438.2353535487296,40.19282209999983
3271.1855270127116,3433.5692266949154,40.20041300000048
3271.1855270127116,3443.88231726695,40.20629580000059
3271.1855270127116,3422.4938744703404,40.21287769999981
3271.1855270127116,3406.9946305614408,40.21843530000024
3271.1855270127116,3423.564671610169,40.226269600000705
3271.1855270127116,3407.6425092690674,40.23319720000018
3271.1855270127116,3399.696428760594,40.238349799999924
3271.1855270127116,3403.7458275953395,40.25743229999989
3271.1855270127116,3417.0052277542377,40.26580860000013
3271.1855270127116,3419.4794703389825,40.27294419999998
3271.1855270127116,3423.597085540254,40.27971600000001
3271.1855270127116,3418.688800317798,40.28787250000005
3271.1855270127116,3440.2315704449156,40.302054200000384
3271.1855270127116,3443.324065148307,40.3074974000001
3271.1855270127116,3417.135178760594,40.313849900000605
3271.1855270127116,3426.544153866526,40.31976870000017
3271.1855270127116,3423.004682203391,40.325134499999876
3271.1855270127116,3416.746826006356,40.3303147000006
3271.1855270127116,3413.6062473516954,40.33706849999999
3271.1855270127116,3424.531530720339,40.34228130000065
3271.1855270127116,3450.4190770656787,40.34746710000036
3271.1855270127116,3449.2552198093226,40.35267400000066
3271.1855270127116,3431.459070444916,40.357840800000304
3271.1855270127116,3411.082860169492,40.362987800000155
3271.1855270127116,3439.0639327330514,40.36812280000049
3271.1855270127116,3417.886626059322,40.3746185
3271.1855270127116,3422.554732521188,40.37977310000042
3271.1855270127116,3421.5929674258473,40.38497970000026
3271.1855270127116,3433.802808527543,40.39008290000038
3271.1855270127116,3428.9504687500003,40.395256300000256
3271.1855270127116,3470.838890360169,40.400442699999985
3271.1855270127116,3402.1847404661016,40.418507400000635
3271.1855270127116,3391.5893683792374,40.42366790000051
3271.1855270127116,3410.609061175848,40.428818299999875
3271.1855270127116,3421.188757944916,40.43402730000071
3271.1855270127116,3409.394020127119,40.43918920000033
3271.1855270127116,3443.991253972458,40.445780600000035
3271.1855270127116,3435.2929674258485,40.45647890000055
3271.1855270127116,3443.5701708156785,40.46170960000018
3271.1855270127116,3407.8088943326275,40.466852100000324
3271.1855270127116,3414.772100105933,40.47198340000068
3271.1855270127116,3419.825818326272,40.477238399999806
3271.1855270127116,3442.9604263771184,40.48240100000021
3271.1855270127116,3428.2256157309325,40.49776740000016
3271.1855270127116,3418.274153866525,40.5037411000003
3271.1855270127116,3456.823461334746,40.50894100000005
3271.1855270127116,3412.9379819915266,40.51411470000039
3271.1855270127116,3438.754883474577,40.51927710000018
3271.1855270127116,3415.09140095339,40.52447470000061
3271.1855270127116,3420.5229661016956,40.53669369999989
3271.1855270127116,3431.9600198622884,40.542283200000384
3271.1855270127116,3424.2677039194923,40.54854040000009
3271.1855270127116,3420.316104343221,40.554074700000456
3271.1855270127116,3409.6233262711858,40.56177590000061
3271.1855270127116,3418.790969279661,40.579181099999914
3271.1855270127116,3407.8403561970345,40.584765399999924
3271.1855270127116,3430.6887672139833,40.58994480000001
3271.1855270127116,3424.0018816207626,40.595052399999986
3271.1855270127116,3430.569964247881,40.60129830000005
3271.1855270127116,3406.10379634534,40.62038200000006
3271.1855270127116,3416.537526483051,40.62682959999984
3271.1855270127116,3410.5440280720336,40.63203440000052
3271.1855270127116,3436.6721014300856,40.63742710000042
3271.1855270127116,3418.9765942796607,40.642562900000485
3271.1855270127116,3421.8046239406785,40.65000240000063
3271.1855270127116,3422.258828125001,40.65996360000008
3271.1855270127116,3447.326456567797,40.66799970000011
3271.1855270127116,3414.975001324154,40.673127699999895
3271.1855270127116,3415.577293432203,40.67834649999986
3271.1855270127116,3407.8395431673744,40.68367430000035
3271.1855270127116,3418.931396980933,40.69494519999989
3271.1855270127116,3417.517820444916,40.70018849999997
3271.1855270127116,3408.9147007415268,40.70551299999988
3271.1855270127116,3432.404663665254,40.710711300000185
3271.1855270127116,3435.577105402542,40.71821970000019
3271.1855270127116,3409.987105402542,40.72377510000024
3271.1855270127116,3421.2646716101694,40.729952100000446
3271.1855270127116,3421.0735871292363,40.735102700000425
3271.1855270127116,3419.8429462394074,40.74026540000068
3271.1855270127116,3393.136914724577,40.745402900000045
3271.1855270127116,3438.5505071504235,40.753197
3271.1855270127116,3413.640038400425,40.76105900000039
3271.1855270127116,3425.1475251588986,40.767295399999966
3271.1855270127116,3449.0594663665242,40.77244190000056
3271.1855270127116,3424.2952158368653,40.777619600000435
3271.1855270127116,3425.8559904661024,40.78289500000028
3271.1855270127116,3432.1136334745765,40.78810900000008
3271.1855270127116,3425.501212923729,40.79327090000061
3271.1855270127116,3440.74910884534,40.8111957000001
3271.1855270127116,3424.199340572033,40.81712520000019
3271.1855270127116,3409.667424523305,40.8237723000002
3271.1855270127116,3412.8532282838983,40.83094820000042
3271.1855270127116,3435.2014327330508,40.838161100000434
3271.1855270127116,3448.122045815678,40.85023379999984
3271.1855270127116,3451.771154661018,40.859337900000355
3271.1855270127116,3404.173768538135,40.86583220000011
3271.1855270127116,3420.0955283368658,40.8710388999998
3271.1855270127116,3419.2979634533895,40.8762870999999
3271.1855270127116,3405.9225940148294,40.89211080000041
3271.1855270127116,3403.8702608580516,40.89730990000044
3271.1855270127116,3470.5623715572033,40.90256640000007
3271.1855270127116,3429.778352754238,40.90774479999982
3271.1855270127116,3446.35552568856,40.91291050000018
3271.1855270127116,3457.500119173729,40.91847890000008
3271.1855270127116,3423.8537049788138,40.92369770000005
3271.1855270127116,3423.5665545550846,40.92889689999993
3271.1855270127116,3465.8637725105937,40.933974300000045
3271.1855270127116,3464.5229435911015,40.93914860000041
3271.1855270127116,3417.125985169491,40.94434460000048
3271.1855270127116,3420.2433712923735,40.94947899999988
3271.1855270127116,3424.775626324154,40.95462570000018
3271.1855270127116,3412.6088877118655,40.96094710000034
3271.1855270127116,3435.7517055084754,40.96644220000053
3271.1855270127116,3432.5406739936443,40.97301200000038
3271.1855270127116,3421.7528548728815,40.980958199999804
3271.1855270127116,3414.4193697033897,40.98873270000058
3271.1855270127116,3425.176682997882,41.00530560000061
3271.1855270127116,3412.261420815678,41.01609510000071
3271.1855270127116,3419.5688042902543,41.02205250000043
3271.1855270127116,3457.497796610171,41.02712640000027
3271.1855270127116,3418.7670272775426,41.034906500000034
3271.1855270127116,3398.229363082628,41.04479679999986
3271.1855270127116,3426.6382428495776,41.053823700000066
3271.1855270127116,3422.626081832628,41.061199300000226
3271.1855270127116,3421.727767478814,41.066466900000705
3271.1855270127116,3418.7835553495765,41.07234890000018
3271.1855270127116,3416.0175278072034,41.07822390000001
3271.1855270127116,3422.441999470339,41.08424389999982
3271.1855270127116,3417.6774457097463,41.103864600000634
3271.1855270127116,3418.496316207628,41.10988080000061
3271.1855270127116,3426.8332216631356,41.11620640000001
3271.1855270127116,3425.302237817797,41.12917500000003
3271.1855270127116,3450.1415585275427,41.1346610999999
3271.1855270127116,3457.634278336864,41.149051500000496
3271.1855270127116,3423.077985963984,41.1573341000003
3271.1855270127116,3429.129030720339,41.16543619999993
3271.1855270127116,3414.573309057204,41.173743000000286
3271.1855270127116,3425.4494028072045,41.178909100000055
3271.1855270127116,3454.7069809322043,41.1842230000002
3271.1855270127116,3436.9568471927973,41.189348200000495
3271.1855270127116,3398.5009825211864,41.19641580000007
3271.1855270127116,3421.3642081567805,41.20347690000017
3271.1855270127116,3434.62621292373,41.21094410000023
3271.1855270127116,3413.175593220339,41.22113960000024
3271.1855270127116,3407.2042293432214,41.226704800000334
3271.1855270127116,3409.326435381356,41.23181850000037
3271.1855270127116,3426.468731461864,41.237816900000325
3271.1855270127116,3424.9285990466105,41.243047699999806
3271.1855270127116,3388.276623411017,41.248211600000104
3271.1855270127116,3412.9057004766946,41.263343100000384
3271.1855270127116,3427.6800979872887,41.26851549999992
3271.1855270127116,3397.709168432204,41.2737431000005
3271.1855270127116,3408.906671080509,41.27890310000021
3271.1855270127116,3417.581941207627,41.284077100000104
3271.1855270127116,3433.3931316207636,41.29070279999996
3271.1855270127116,3411.322692002119,41.31577939999988
3271.1855270127116,3425.571116260594,41.321473800000604
3271.1855270127116,3417.789217425848,41.32680789999995
3271.1855270127116,3414.107619173729,41.33191480000005
3271.1855270127116,3422.891346663135,41.337136699999974
3271.1855270127116,3419.72061970339,41.34231610000006
3271.1855270127116,3414.113637447035,41.347419900000205
3271.1855270127116,3420.238466631356,41.354011600000376
3271.1855270127116,3453.3046199682203,41.35957839999992
3271.1855270127116,3418.990826271188,41.36479920000056
3271.1855270127116,3449.2785553495764,41.37021910000021
3271.1855270127116,3426.253951271187,41.37541880000026
3271.1855270127116,3419.1021941207623,41.38158019999992
3271.1855270127116,3421.5858977754233,41.387751400000525
3271.1855270127116,3421.6308924788136,41.39357170000039
3271.1855270127116,3407.4201310911017,41.399133200000506
3271.1855270127116,3429.1852608580507,41.4049272000002
3271.1855270127116,3416.64256753178,41.41077000000041
3271.1855270127116,3421.262578125001,41.41661980000026
3271.1855270127116,3468.4667624470344,41.42264560000058
3271.1855270127116,3422.8869279661017,41.42788300000029
3271.1855270127116,3409.4127370233045,41.433871300000646
3271.1855270127116,3407.235809057204,41.43932350000068
3271.1855270127116,3414.4216896186445,41.44681270000001
3271.1855270127116,3455.720027807203,41.45413710000048
3271.1855270127116,3445.3124735169486,41.46181620000061
3271.1855270127116,3437.9181117584753,41.4670758000002
3271.1855270127116,3402.7817161016956,41.473148400000355
3271.1855270127116,3433.5131408898296,41.48036000000047
3271.1855270127116,3417.8154435911024,41.48826319999989
3271.1855270127116,3412.216750529661,41.49498649999987
3271.1855270127116,3421.238365995763,41.50022770000032
3271.1855270127116,3429.152936970339,41.506340900000396
3271.1855270127116,3408.9766273834757,41.51157719999992
3271.1855270127116,3427.0225238347466,41.51708240000062
3271.1855270127116,3413.7463188559323,41.524011900000005
3271.1855270127116,3424.5986361228825,41.5294844
3271.1855270127116,3414.7140770656783,41.536653500000284
3271.1855270127116,3426.0481620762716,41.54344980000042
3271.1855270127116,3413.074173728816,41.55157120000058
3271.1855270127116,3448.139516684323,41.5589856000006
3271.1855270127116,3448.0895736228813,41.565827600000375
3271.1855270127116,3419.101424788136,41.57096030000048
3271.1855270127116,3429.507907838984,41.57878620000065
3271.1855270127116,3437.53136387712,41.58595130000049
3271.1855270127116,3466.6829118114415,41.59104800000023
3271.1855270127116,3414.250515095339,41.597920300000624
3271.1855270127116,3406.357294756356,41.60300610000013
3271.1855270127116,3403.390011917373,41.60809599999993
3271.1855270127116,3428.0089565677968,41.61321860000044
3271.1855270127116,3406.578278601695,41.618339300000116
3271.1855270127116,3450.2321901483047,41.624435800000356
3271.1855270127116,3414.2052688029667,41.63216300000022
3271.1855270127116,3422.59951006356,41.638604900000246
3271.1855270127116,3428.3496226165244,41.64377240000067
3271.1855270127116,3439.6815399894067,41.64896680000038
3271.1855270127116,3417.5148437500006,41.65411700000004
3271.1855270127116,3437.2448291843225,41.65929570000026
3271.1855270127116,3415.981906779662,41.66453100000035
3271.1855270127116,3422.639392213983,41.6703449000006
3271.1855270127116,3440.1572695974583,41.67562200000066
3271.1855270127116,3427.2408779131356,41.68069090000063
3271.1855270127116,3429.0001628707632,41.6858487999998
3271.1855270127116,3416.5558275953395,41.69096030000037
3271.1855270127116,3440.3668802966104,41.69608840000001
3271.1855270127116,3422.4618750000013,41.701327100000526
3271.1855270127116,3416.70304157839,41.706522600000426
3271.1855270127116,3408.7116618114405,41.711602100000164
3271.1855270127116,3451.346620762713,41.716781600000104
3271.1855270127116,3418.388695709746,41.72191770000063
3271.1855270127116,3442.224353813559,41.72701920000054
3271.1855270127116,3391.2227529131355,41.73213829999986
3271.1855270127116,3411.826771716101,41.73796390000007
3271.1855270127116,3434.2180336334754,41.74311350000062
3271.1855270127116,3415.8023689088996,41.75155220000033
3271.1855270127116,3431.384834480933,41.75722339999993
3271.1855270127116,3445.4064472987293,41.76267060000009
3271.1855270127116,3408.039188294492,41.76814920000015
3271.1855270127116,3406.753580508475,41.776011500000095
3271.1855270127116,3438.0857812500008,41.781908200000544
3271.1855270127116,3437.959434586866,41.78920460000063
3271.1855270127116,3428.7219491525434,41.79689000000053
3271.1855270127116,3427.1542280190683,41.80240330000015
3271.1855270127116,3432.0856170550846,41.80836510000063
3271.1855270127116,3415.1264512711878,41.81356349999987
3271.1855270127116,3413.87467161017,41.81871769999998
3271.1855270127116,3421.380855402543,41.82395530000031
3271.1855270127116,3426.5597166313555,41.82911730000069
3271.1855270127116,3422.563287870763,41.83431590000055
3271.1855270127116,3414.8289684851707,41.83944580000025
3271.1855270127116,3400.4964300847464,41.845481199999995
3271.1855270127116,3453.0053469279665,41.85056820000045
3271.1855270127116,3444.686610169491,41.85601510000015
3271.1855270127116,3419.662498675848,41.86113730000034
3271.1855270127116,3416.490538930084,41.867431800000304
3271.1855270127116,3412.030673993643,41.87288010000066
3271.1855270127116,3430.374927171611,41.87860290000026
3271.1855270127116,3430.406769067797,41.8840682
3271.1855270127116,3455.1495166843224,41.8897721000003
3271.1855270127116,3419.0244690148306,41.89600900000005
3271.1855270127116,3420.0573424258473,41.90442170000006
3271.1855270127116,3409.220161546611,41.90988870000001
3271.1855270127116,3410.803095868644,41.91557130000001
3271.1855270127116,3431.621332097458,41.920744099999865
3271.1855270127116,3419.4339221398313,41.926741199999924
3271.1855270127116,3459.2940942796627,41.93187709999984
3271.1855270127116,3453.3368260063557,41.93698519999998
3271.1855270127116,3427.1674457097465,41.942071500000566
3271.1855270127116,3415.4353336864415,41.94879029999993
3271.1855270127116,3422.3825211864423,41.9545547000007
3271.1855270127116,3417.3924311440687,41.95962959999997
3271.1855270127116,3413.50560381356,41.96477219999997
3271.1855270127116,3401.9678191207627,41.96991150000031
3271.1855270127116,3428.183918167373,41.97507980000046
3271.1855270127116,3422.118753972458,41.98025250000046
3271.1855270127116,3409.9655177436443,41.98627949999991
3271.1855270127116,3438.195413135593,41.99151680000068
3271.1855270127116,3391.291577065678,41.99796240000069
3271.1855270127116,3412.7900105932194,42.00505980000071
3271.1855270127116,3445.765054290255,42.01024580000012
3271.1855270127116,3404.7275344279665,42.01677980000022
3271.1855270127116,3429.5865982521186,42.02197460000025
3271.1855270127116,3405.3178429555082,42.02726859999984
3271.1855270127116,3450.0412672139837,42.03248100000019
3271.1855270127116,3426.5989009533896,42.03789440000037
3271.1855270127116,3407.1322179555095,42.043668199999956
3271.1855270127116,3401.439196239407,42.05194449999999
3271.1855270127116,3415.2673358050856,42.057892800000445
3271.1855270127116,3416.5504422669496,42.06310470000062
3271.1855270127116,3424.096064618644,42.068232500000704
3271.1855270127116,3403.6347775423724,42.07334940000055
3271.1855270127116,3439.329237288135,42.07851590000064
3271.1855270127116,3444.22779131356,42.083757700000206
3271.1855270127116,3422.731300317797,42.09040249999998
3271.1855270127116,3414.4519001589,42.09576490000018
3271.1855270127116,3420.140075476694,42.100906399999985
3271.1855270127116,3413.9933090572035,42.10604670000066
3271.1855270127116,3416.381716101696,42.11118590000024
3271.1855270127116,3424.6235421080514,42.11631420000049
3271.1855270127116,3418.987546345339,42.121418800000356
3271.1855270127116,3437.685413135593,42.12737629999992
3271.1855270127116,3435.4108262711866,42.13252850000026
3271.1855270127116,3438.542398040255,42.13776890000008
3271.1855270127116,3449.9717187499996,42.142921300000125
3271.1855270127116,3422.346302966103,42.14811379999992
3271.1855270127116,3401.9940320444925,42.153205999999955
3271.1855270127116,3416.190181408898,42.16018820000045
3271.1855270127116,3429.928645391951,42.16658989999996
3271.1855270127116,3431.5568379237284,42.17168500000025
3271.1855270127116,3409.679510063559,42.1768576000004
3271.1855270127116,3450.841471133476,42.18198660000053
3271.1855270127116,3412.859372351695,42.18709350000063
3271.1855270127116,3453.5989062500003,42.19229859999996
3271.1855270127116,3415.7403283898293,42.20120390000011
3271.1855270127116,3406.1048953919494,42.2082616000007
3271.1855270127116,3403.1984639830507,42.2146201000005
3271.1855270127116,3405.578928760594,42.219819500000085
3271.1855270127116,3424.4910553495756,42.225588100000095
3271.1855270127116,3428.3888148834753,42.23145910000039
3271.1855270127116,3417.195021186441,42.236645599999974
3271.1855270127116,3445.818474576272,42.2418002000004
3271.1855270127116,3416.458158103814,42.24700560000019
3271.1855270127116,3419.131857786018,42.25225370000044
3271.1855270127116,3419.0428270656785,42.257469400000446
3271.1855270127116,3413.9664923199157,42.26262889999998
3271.1855270127116,3459.5366538665253,42.26836700000058
3271.1855270127116,3424.1495180084758,42.27350110000043
3271.1855270127116,3422.0083196504233,42.27870460000031
3271.1855270127116,3422.076087129238,42.28388410000025
3271.1855270127116,3416.763466631355,42.28899940000065
3271.1855270127116,3438.277934322035,42.29412769999999
3271.1855270127116,3444.0410725635597,42.301171900000554
3271.1855270127116,3387.3580031779666,42.30847790000007
3271.1855270127116,3450.0096212923722,42.31360399999994
3271.1855270127116,3441.132778072034,42.32024770000044
3271.1855270127116,3390.370582627118,42.32728959999986
3271.1855270127116,3414.031337394068,42.33580840000013
3271.1855270127116,3418.9797497351697,42.34127230000013
3271.1855270127116,3437.8246861758485,42.34647880000011
3271.1855270127116,3423.8675251588984,42.35164580000037
3271.1855270127116,3414.8705971927966,42.356800399999884
3271.1855270127116,3416.523634798728,42.36201299999993
3271.1855270127116,3413.1505389300846,42.36755670000002
3271.1855270127116,3441.257117319915,42.375636900000245
3271.1855270127116,3413.793746027542,42.380791300000055
3271.1855270127116,3433.934952330509,42.38592659999995
3271.1855270127116,3441.5163983050857,42.39108550000037
3271.1855270127116,3443.0639830508485,42.39625510000042
3271.1855270127116,3414.517269597457,42.401328800000556
3271.1855270127116,3433.1509216101704,42.4071770999999
3271.1855270127116,3430.0219054555087,42.415313000000424
3271.1855270127116,3419.0648305084756,42.42058150000048
3271.1855270127116,3440.053498411018,42.42570070000056
3271.1855270127116,3409.3640797139833,42.43083579999984
3271.1855270127116,3419.5544954978814,42.43600670000069
3271.1855270127116,3415.951134798729,42.44390050000038
3271.1855270127116,3413.200932203389,42.45026360000065
3271.1855270127116,3443.533538135593,42.45542430000023
3271.1855270127116,3430.467689353815,42.46073280000019
3271.1855270127116,3413.1496596927973,42.46586260000004
3271.1855270127116,3413.095210540255,42.47105350000038
3271.1855270127116,3437.0210579978816,42.4763068000002
3271.1855270127116,3446.3543802966105,42.4845863999999
3271.1855270127116,3415.200602489407,42.492303200000606
3271.1855270127116,3406.337697298729,42.49928060000002
3271.1855270127116,3427.3245418432207,42.50743650000004
3271.1855270127116,3400.289381620764,42.513677500000085
3271.1855270127116,3420.8010606461867,42.520673400000305
3271.1855270127116,3464.2702118644074,42.5281973000001
3271.1855270127116,3418.017827065679,42.53620210000008
3271.1855270127116,3450.720199947035,42.541721500000676
3271.1855270127116,3409.9453787076263,42.547324500000286
3271.1855270127116,3400.522184851695,42.554963300000054
3271.1855270127116,3416.3322245762706,42.562224700000115
3271.1855270127116,3430.1295140360176,42.56901360000029
3271.1855270127116,3431.711324152542,42.577066800000466
3271.1855270127116,3428.184809322034,42.5845018
3271.1855270127116,3415.7363162076267,42.5906128000006
3271.1855270127116,3418.685789194915,42.59893710000051
3271.1855270127116,3404.9617280190673,42.60415130000001
3271.1855270127116,3433.4893922139836,42.609524299999975
3271.1855270127116,3436.3939870233044,42.61512800000037
3271.1855270127116,3423.9837301377115,42.62053850000029
3271.1855270127116,3420.7968750000005,42.62565309999991
3271.1855270127116,3469.735991790255,42.63165089999984
3271.1855270127116,3431.0946795550844,42.63678119999986
3271.1855270127116,3425.0070881885595,42.643895400000474
3271.1855270127116,3419.187023305085,42.65121900000031
3271.1855270127116,3394.1028469279663,42.65634839999984
3271.1855270127116,3415.2820603813566,42.662205300000096
3271.1855270127116,3428.6852145127127,42.667355300000054
3271.1855270127116,3411.2499298199155,42.672561500000484
3271.1855270127116,3427.140873940678,42.67776659999981
3271.1855270127116,3435.845904396187,42.68521899999996
3271.1855270127116,3411.2714353813562,42.69312420000006
3271.1855270127116,3420.5540214512716,42.69883269999991
3271.1855270127116,3427.6018869173736,42.70704569999998
3271.1855270127116,3417.8194584216103,42.713453800000025
3271.1855270127116,3417.867180879238,42.71968250000009
3271.1855270127116,3412.165038400424,42.724780500000634
3271.1855270127116,3430.514259798729,42.73017880000043
3271.1855270127116,3404.207334480933,42.73534480000035
3271.1855270127116,3429.1429555084746,42.740461700000196
3271.1855270127116,3453.7576734639833,42.74563730000045
3271.1855270127116,3431.75235831568,42.75098430000071
3271.1855270127116,3434.032939618644,42.75647980000031
3271.1855270127116,3425.825572033899,42.762648300000365
3271.1855270127116,3429.8242478813554,42.76807069999995
3271.1855270127116,3422.1821173199164,42.77423220000037
3271.1855270127116,3416.4067240466106,42.78074540000034
3271.1855270127116,3421.3204038665253,42.78728740000042
3271.1855270127116,3422.8722921080503,42.793180600000596
3271.1855270127116,3439.2727065677973,42.79867439999998
3271.1855270127116,3415.4887685381364,42.80480720000014
3271.1855270127116,3417.4716406250004,42.810769300000175
3271.1855270127116,3422.692302701271,42.81875690000015
3271.1855270127116,3409.2598331567806,42.824589599999854
3271.1855270127116,3407.9053389830515,42.82995940000001
3271.1855270127116,3428.3236281779664,42.83517759999995
3271.1855270127116,3404.148969809323,42.840404800000215
3271.1855270127116,3438.8009997351705,42.84559580000041
3271.1855270127116,3421.4244875529666,42.850785200000246
3271.1855270127116,3442.0744292902546,42.85596020000048
3271.1855270127116,3439.2457203389836,42.86176250000062
3271.1855270127116,3411.6478072033897,42.86694669999997
3271.1855270127116,3409.3372669491528,42.87205260000064
3271.1855270127116,3421.152531779662,42.87717590000011
3271.1855270127116,3430.13657838983,42.88234780000039
3271.1855270127116,3438.175039724577,42.88741050000044
3271.1855270127116,3398.093369968221,42.8936235000001
3271.1855270127116,3431.059397510593,42.89978350000001
3271.1855270127116,3407.1061612817794,42.90504740000051
3271.1855270127116,3413.423458686442,42.911003100000016
3271.1855270127116,3418.754079713983,42.91660540000066
3271.1855270127116,3416.794736493644,42.92245700000058
3271.1855270127116,3416.9118061440686,42.92999820000023
3271.1855270127116,3448.1281832627124,42.937683500000276
3271.1855270127116,3419.946709480933,42.943061100000705
3271.1855270127116,3437.169206832628,42.94819850000022
3271.1855270127116,3414.2546875000003,42.95335630000045
3271.1855270127116,3398.089128707627,42.958365600000434
3271.1855270127116,3429.2192478813568,42.96490340000037
3271.1855270127116,3391.310932203391,42.971767900000486
3271.1855270127116,3412.932029925849,42.976954200000364
3271.1855270127116,3418.2940399894073,42.9821350000002
3271.1855270127116,3414.215582627119,42.98731720000069
3271.1855270127116,3411.362891949153,42.99238400000013
3271.1855270127116,3423.9692359639826,42.99752500000068
3271.1855270127116,3446.2157494703392,43.00461220000034
3271.1855270127116,3424.585623675848,43.0099651999999
3271.1855270127116,3432.915658103814,43.01725549999992
3271.1855270127116,3424.719096927967,43.024579100000665
3271.1855270127116,3429.560501853814,43.03055210000002
3271.1855270127116,3418.101105667373,43.03606579999996
3271.1855270127116,3420.2522417902546,43.04235310000058
3271.1855270127116,3465.4231382415264,43.04797850000068
3271.1855270127116,3434.3767041843225,43.05340049999995
3271.1855270127116,3444.31327065678,43.058555100000376
3271.1855270127116,3415.4301165254246,43.06483819999994
3271.1855270127116,3418.81621292373,43.07311220000065
3271.1855270127116,3414.3145034427966,43.08023510000021
3271.1855270127116,3422.760790519068,43.08538510000017
3271.1855270127116,3438.6202158368656,43.09065400000054
3271.1855270127116,3418.951289724577,43.095777100000305
3271.1855270127116,3426.738829449153,43.10093490000054
3271.1855270127116,3419.2016962394064,43.1065535000007
3271.1855270127116,3429.7172762182204,43.113003800000115
3271.1855270127116,3422.03296875,43.11983599999985
3271.1855270127116,3448.486929290255,43.12532910000027
3271.1855270127116,3414.147955508475,43.13089480000053
3271.1855270127116,3412.0808818855935,43.138748500000474
3271.1855270127116,3445.1186957097466,43.14540279999983
3271.1855270127116,3435.7927065677964,43.150838399999884
3271.1855270127116,3412.9809719279665,43.15596490000007
3271.1855270127116,3420.471099046609,43.161063900000045
3271.1855270127116,3439.1310858050856,43.1662581999999
3271.1855270127116,3418.371957097458,43.17139330000009
3271.1855270127116,3411.7276231461874,43.17695069999991
3271.1855270127116,3412.452842955508,43.18318410000029
3271.1855270127116,3443.7846438029674,43.191284700000324
3271.1855270127116,3431.056133474576,43.19676479999998
3271.1855270127116,3440.883564618645,43.20225870000013
3271.1855270127116,3416.996722722458,43.20998320000035
3271.1855270127116,3427.70810381356,43.21640480000042
3271.1855270127116,3411.7639936440687,43.22154469999987
3271.1855270127116,3419.469935116526,43.226700100000016
3271.1855270127116,3417.447874735171,43.23178530000041
3271.1855270127116,3406.7615413135604,43.23694650000016
3271.1855270127116,3400.1095087394074,43.24207060000026
3271.1855270127116,3424.241194385594,43.249559700000646
3271.1855270127116,3431.1449999999995,43.25779000000057
3271.1855270127116,3437.727633739407,43.26450090000071
3271.1855270127116,3410.4883832097457,43.26962590000039
3271.1855270127116,3410.9377052436444,43.27573080000002
3271.1855270127116,3428.2896490995768,43.28396969999994
3271.1855270127116,3435.8446689618645,43.289206999999806
3271.1855270127116,3415.8555362817806,43.29430550000052
3271.1855270127116,3418.9152688029662,43.29943689999982
3271.1855270127116,3404.5501297669493,43.30460740000035
3271.1855270127116,3422.420227754237,43.309699100000216
3271.1855270127116,3394.0436281779666,43.31637630000023
3271.1855270127116,3422.9433236228824,43.32164180000018
3271.1855270127116,3413.946918697034,43.32691440000053
3271.1855270127116,3426.49623940678,43.33214399999997
3271.1855270127116,3431.772970074153,43.337282600000435
3271.1855270127116,3412.583311705509,43.34246400000029
3271.1855270127116,3427.9386652542385,43.3479425000005
3271.1855270127116,3436.4539327330504,43.35337640000034
3271.1855270127116,3426.4387513241527,43.35853920000045
3271.1855270127116,3409.763200476695,43.363725300000624
3271.1855270127116,3424.548074682204,43.36891150000065
3271.1855270127116,3430.161434057204,43.37404460000016
3271.1855270127116,3424.409059851694,43.37930890000007
3271.1855270127116,3427.016201006356,43.38573030000043
3271.1855270127116,3409.861566472458,43.39080190000004
3271.1855270127116,3443.1792465572044,43.39676200000031
3271.1855270127116,3418.4628575211864,43.40192380000008
3271.1855270127116,3421.25380693856,43.40794790000018
3271.1855270127116,3431.0065903072045,43.413151700000526
3271.1855270127116,3411.9453654661015,43.418405400000665
3271.1855270127116,3409.6387645656782,43.42360240000016
3271.1855270127116,3421.3483501059327,43.42877790000057
3271.1855270127116,3402.633706302967,43.43395969999983
3271.1855270127116,3437.1404078389833,43.43914930000028
3271.1855270127116,3409.3437950211874,43.44507849999991
3271.1855270127116,3412.3081382415257,43.45065909999994
3271.1855270127116,3421.597288135594,43.455864500000644
3271.1855270127116,3411.852838983051,43.4609831000007
3271.1855270127116,3440.15301509534,43.466207000000395
3271.1855270127116,3419.610242319915,43.47142590000021
3271.1855270127116,3415.5027449682207,43.476654699999926
3271.1855270127116,3421.544283633474,43.48183920000065
3271.1855270127116,3418.243988347457,43.489436800000476
3271.1855270127116,3422.7288996292377,43.496882400000686
3271.1855270127116,3419.9347484110162,43.50205730000016
3271.1855270127116,3409.953138241526,43.50725820000025
3271.1855270127116,3424.8769716631355,43.51242910000019
3271.1855270127116,3452.92875529661,43.51786940000056
3271.1855270127116,3432.201475105933,43.52339910000046
3271.1855270127116,3421.968625529661,43.52847610000026
3271.1855270127116,3408.4905826271192,43.53359090000049
3271.1855270127116,3412.5991379766947,43.53867679999985
3271.1855270127116,3426.3002356991524,43.54385309999998
3271.1855270127116,3432.5456620762716,43.549025500000425
3271.1855270127116,3420.0889115466107,43.55429189999995
3271.1855270127116,3422.563486493643,43.559470400000464
3271.1855270127116,3413.9957560911025,43.56460220000008
3271.1855270127116,3425.9197669491527,43.571933100000024
3271.1855270127116,3407.578662605932,43.57796529999996
3271.1855270127116,3421.5169796080513,43.58313360000011
3271.1855270127116,3400.0866551906784,43.58888079999997
3271.1855270127116,3437.5452356991523,43.59401000000071
3271.1855270127116,3419.031488347459,43.602289600000404
3271.1855270127116,3410.5580402542373,43.610621300000275
3271.1855270127116,3434.318175317798,43.61735260000023
3271.1855270127116,3399.931157309323,43.62245870000061
3271.1855270127116,3424.7971875000003,43.62862750000022
3271.1855270127116,3424.119274364408,43.63374060000024
3271.1855270127116,3422.230256885595,43.6392177000007
3271.1855270127116,3423.525328389831,43.64428660000067
3271.1855270127116,3403.9833448093223,43.650273400000515
3271.1855270127116,3427.507264300849,43.65576820000024
3271.1855270127116,3412.7615585275425,43.662821100000656
3271.1855270127116,3434.5405587923733,43.668966199999886
3271.1855270127116,3413.711861758475,43.67414050000025
3271.1855270127116,3423.5099761652555,43.67973290000009
3271.1855270127116,3424.744658368644,43.68492370000058
3271.1855270127116,3416.8737619173735,43.69204290000016
3271.1855270127116,3417.962290783899,43.69919860000027
3271.1855270127116,3393.2444544491514,43.70428360000005
3271.1855270127116,3395.937771451271,43.709460500000205
3271.1855270127116,3400.2085579978816,43.71459800000048
3271.1855270127116,3441.411538665254,43.71977160000006
3271.1855270127116,3421.4443127648315,43.72495350000008
3271.1855270127116,3413.641207627119,43.733198700000685
3271.1855270127116,3428.799196239407,43.73912290000044
3271.1855270127116,3435.85929157839,43.74429120000059
3271.1855270127116,3420.077608580509,43.749523899999986
3271.1855270127116,3438.7859507415255,43.75462150000021
3271.1855270127116,3415.0634706038145,43.759992899999816
3271.1855270127116,3427.032574152542,43.76551650000056
3271.1855270127116,3422.960813029661,43.77073930000006
3271.1855270127116,3432.1235301906777,43.775862000000416
3271.1855270127116,3416.445300582628,43.781020100000205
3271.1855270127116,3437.7219014830516,43.786233700000594
3271.1855270127116,3416.7550331038146,43.79134090000025
3271.1855270127116,3438.0760262182202,43.79664380000031
3271.1855270127116,3405.1711718750003,43.80479130000003
3271.1855270127116,3453.415934851695,43.811585899999955
3271.1855270127116,3423.8152648305086,43.817415399999845
3271.1855270127116,3398.5338294491535,43.82260409999981
3271.1855270127116,3418.8009917902555,43.82781580000028
3271.1855270127116,3416.949229343221,43.8330018000006
3271.1855270127116,3442.1956845868644,43.839583900000434
3271.1855270127116,3412.401024894068,43.84512640000048
3271.1855270127116,3423.8845153601706,43.85045040000023
3271.1855270127116,3418.0436612817794,43.85564820000036
3271.1855270127116,3434.2814631885594,43.86375320000025
3271.1855270127116,3419.330373411017,43.87204960000054
3271.1855270127116,3437.7465797139844,43.87997059999998
3271.1855270127116,3439.9992213983055,43.887631800000236
3271.1855270127116,3430.539156514831,43.89275640000051
3271.1855270127116,3428.7512526483056,43.897857200000544
3271.1855270127116,3426.3641485699154,43.90334640000037
3271.1855270127116,3434.4595934851695,43.90940730000057
3271.1855270127116,3417.337268273305,43.91486040000018
3271.1855270127116,3394.362809851695,43.92045000000053
3271.1855270127116,3425.742219279662,43.92593290000059
3271.1855270127116,3409.832383474578,43.933748400000695
3271.1855270127116,3426.193060116526,43.9414282000007
3271.1855270127116,3433.441199682203,43.94690570000057
3271.1855270127116,3408.150777277542,43.95325000000048
3271.1855270127116,3424.8913387182206,43.95854000000054
3271.1855270127116,3425.5083117055074,43.96630069999992
3271.1855270127116,3459.538961864408,43.9746767000006
3271.1855270127116,3397.4993273305085,43.981899299999895
3271.1855270127116,3421.9253019067796,43.988812999999936
3271.1855270127116,3415.914314088983,43.99696600000061
3271.1855270127116,3408.861857786017,44.00311800000054
3271.1855270127116,3431.29867717161,44.00850690000061
3271.1855270127116,3413.5186480402544,44.013630000000376
3271.1855270127116,3405.5732944915258,44.01880650000021
3271.1855270127116,3424.197073622882,44.0266115000004
3271.1855270127116,3441.848290519068,44.03205630000048
3271.1855270127116,3417.302915783899,44.03718200000003
3271.1855270127116,3420.6463201800843,44.044187800000145
3271.1855270127116,3428.398524894068,44.050936399999955
3271.1855270127116,3448.573890360171,44.05634379999992
3271.1855270127116,3450.47255164195,44.062533400000575
3271.1855270127116,3423.700650158899,44.06808150000052
3271.1855270127116,3435.2962698622887,44.07529539999996
3271.1855270127116,3404.6983077330515,44.081658200000675
3271.1855270127116,3419.076612817797,44.086860600000364
3271.1855270127116,3431.871046080508,44.09329290000005
3271.1855270127116,3422.4830998411007,44.10049600000002
3271.1855270127116,3426.169486228814,44.10873040000024
3271.1855270127116,3410.216563824153,44.11693920000016
3271.1855270127116,3412.73373411017,44.12418220000018
3271.1855270127116,3430.371526747882,44.13123150000047
3271.1855270127116,3433.042151747881,44.139087200000176
3271.1855270127116,3430.8904555084755,44.14471159999994
3271.1855270127116,3425.307371557204,44.150800000000345
3271.1855270127116,3445.1304806673725,44.15878920000068
3271.1855270127116,3419.2890505826276,44.16533049999998
3271.1855270127116,3404.8266843220335,44.17218140000023
3271.1855270127116,3417.165662076272,44.17829260000053
3271.1855270127116,3430.035859375,44.18425449999995
3271.1855270127116,3407.123119703391,44.1897084000002
3271.1855270127116,3433.5702793961864,44.194855600000665
3271.1855270127116,3409.828757944916,44.2008237
3271.1855270127116,3409.172689353814,44.205953800000316
3271.1855270127116,3462.6969902012715,44.21105570000054
3271.1855270127116,3432.2436440677966,44.216203800000585
3271.1855270127116,3432.093044226695,44.221858700000666
3271.1855270127116,3399.284198887712,44.22695720000047
3271.1855270127116,3422.072661546611,44.23205320000034
3271.1855270127116,3410.2608487817806,44.2372562999999
3271.1855270127116,3443.6477886652538,44.24246000000039
3271.1855270127116,3431.453140889831,44.247586800000136
3271.1855270127116,3457.6877846927964,44.25307780000003
3271.1855270127116,3425.2302740995756,44.25864300000012
3271.1855270127116,3425.7308818855945,44.263851000000614
3271.1855270127116,3419.549390889831,44.268994800000655
3271.1855270127116,3410.4023583156786,44.27418050000051
3271.1855270127116,3419.7698516949154,44.27933740000026
3271.1855270127116,3439.907184851695,44.28452809999999
3271.1855270127116,3403.5782349046613,44.290030500000285
3271.1855270127116,3434.758720868643,44.29561620000004
3271.1855270127116,3413.020373411018,44.30182599999989
3271.1855270127116,3413.071167902541,44.3098157000004
3271.1855270127116,3423.90223914195,44.31508240000039
3271.1855270127116,3415.1601774364403,44.3202510000001
3271.1855270127116,3449.2886374470345,44.32640010000068
3271.1855270127116,3415.008102489408,44.3317520999999
3271.1855270127116,3415.818090572035,44.336828100000275
3271.1855270127116,3424.084584216102,44.342784100000245
3271.1855270127116,3402.347059057203,44.347941200000605
3271.1855270127116,3413.390986493645,44.35313480000059
3271.1855270127116,3396.57204184322,44.358236600000055
3271.1855270127116,3407.8625873940678,44.36418529999992
3271.1855270127116,3412.9720603813557,44.36996420000014
3271.1855270127116,3423.236443326273,44.37563709999995
3271.1855270127116,3429.039378972459,44.38113560000056
3271.1855270127116,3420.2385129766935,44.38774190000004
3271.1855270127116,3425.962421875,44.39427330000035
3271.1855270127116,3434.0977913135603,44.401470300000256
3271.1855270127116,3431.056279131356,44.406963800000085
3271.1855270127116,3436.0750397245783,44.41383000000042
3271.1855270127116,3416.9659043961865,44.42200540000067
3271.1855270127116,3425.936423463983,44.42815690000043
3271.1855270127116,3414.5426641949166,44.43416210000032
3271.1855270127116,3427.3890505826275,44.44237299999986
3271.1855270127116,3447.5800132415247,44.44793260000006
3271.1855270127116,3419.90730137712,44.455098700000235
3271.1855270127116,3426.5090015889823,44.46310270000049
3271.1855270127116,3417.3766300317793,44.468246700000236
3271.1855270127116,3410.3118670550843,44.47538650000024
3271.1855270127116,3445.2604131355934,44.48287520000031
3271.1855270127116,3420.434590836865,44.48994450000009
3271.1855270127116,3414.4749417372886,44.50557029999982
3271.1855270127116,3420.113618908899,44.51140160000068
3271.1855270127116,3414.3946490995777,44.51949590000004
3271.1855270127116,3432.470276747883,44.526145100000576
3271.1855270127116,3435.17606726695,44.531697800000074
3271.1855270127116,3426.2129581567797,44.5404638
3271.1855270127116,3428.313842690678,44.54865560000053
3271.1855270127116,3407.521937235168,44.55684780000047
3271.1855270127116,3418.4793975105936,44.56342930000028
3271.1855270127116,3417.7979594809326,44.571862599999804
3271.1855270127116,3416.4875172139837,44.57706920000055
3271.1855270127116,3427.1412341101695,44.582174600000144
3271.1855270127116,3431.169140625,44.58996430000025
3271.1855270127116,3405.016435381356,44.595566599999984
3271.1855270127116,3427.507737023305,44.600737100000515
3271.1855270127116,3443.204090307204,44.618047100000695
3271.1855270127116,3419.561588983051,44.62435660000028
3271.1855270127116,3416.1003998940682,44.63250630000039
3271.1855270127116,3417.100254237288,44.63916210000025
3271.1855270127116,3449.7726920021196,44.644922500000575
3271.1855270127116,3421.902580773305,44.65016970000033
3271.1855270127116,3418.952873411017,44.65652990000035
3271.1855270127116,3399.641591631356,44.66162299999996
3271.1855270127116,3405.0627025953395,44.66677130000062
3271.1855270127116,3403.5648358050844,44.67192990000058
3271.1855270127116,3416.392354343221,44.6770876999999
3271.1855270127116,3425.166843220339,44.68221220000032
3271.1855270127116,3419.4567134533904,44.687362399999984
3271.1855270127116,3398.565846133475,44.69324150000011
3271.1855270127116,3416.930924258475,44.698548800000026
3271.1855270127116,3415.970436970339,44.70487670000057
3271.1855270127116,3425.089018802967,44.71325470000011
3271.1855270127116,3428.7928813559324,44.71859089999998
3271.1855270127116,3417.992507944916,44.72513059999983
3271.1855270127116,3416.603437499999,44.73072899999988
3271.1855270127116,3406.407788665255,44.739320800000314
3271.1855270127116,3408.157929025423,44.74606769999991
3271.1855270127116,3435.749962923729,44.75120390000029
3271.1855270127116,3422.8368061440688,44.756573200000275
3271.1855270127116,3419.4828588453397,44.761718000000656
3271.1855270127116,3410.6817425847457,44.767337000000225
3271.1855270127116,3437.796138771188,44.772556100000656
3271.1855270127116,3416.2783765889835,44.778463399999964
3271.1855270127116,3415.4710752118644,44.78357500000038
3271.1855270127116,3405.803441472458,44.78877040000043
3271.1855270127116,3419.8047894597457,44.79392940000071
3271.1855270127116,3425.407938294492,44.801784000000225
3271.1855270127116,3425.219507415255,44.80805430000055
3271.1855270127116,3466.3423411016956,44.813233599999876
3271.1855270127116,3431.380231726695,44.818317500000376
3271.1855270127116,3414.742574152543,44.82348710000042
3271.1855270127116,3399.332988612288,44.82861219999995
3271.1855270127116,3432.6441313559326,44.834841800000504
3271.1855270127116,3412.1231660487288,44.84074320000036
3271.1855270127116,3422.9739155190678,44.846849000000475
3271.1855270127116,3424.565321769068,44.85482769999999
3271.1855270127116,3415.4232362288144,44.86008889999994
3271.1855270127116,3443.2866816737296,44.86680729999989
3271.1855270127116,3427.458150158899,44.87231250000059
3271.1855270127116,3435.5259613347457,44.87882679999984
3271.1855270127116,3423.6706130826283,44.88401900000008
3271.1855270127116,3418.9646239406784,44.88919810000061
3271.1855270127116,3430.947346398306,44.89437460000045
3271.1855270127116,3413.9592386122895,44.899490400000104
3271.1855270127116,3433.7354621292384,44.905336499999976
3271.1855270127116,3406.4573636122886,44.913452900000266
3271.1855270127116,3421.5029700741525,44.91972590000023
3271.1855270127116,3417.348404396187,44.92487400000027
3271.1855270127116,3418.7525675317793,44.93049090000022
3271.1855270127116,3407.0387089512724,44.935930100000405
3271.1855270127116,3437.3581528072027,44.9440510000004
3271.1855270127116,3438.2829528601696,44.95220370000061
3271.1855270127116,3419.11304157839,44.9579334
3271.1855270127116,3416.4363122351697,44.96307390000038
3271.1855270127116,3440.418046875001,44.970479600000544
3271.1855270127116,3405.9123821504245,44.97762469999998
3271.1855270127116,3441.2832163665257,44.985434799999894
3271.1855270127116,3431.3696292372883,44.99133299999994
3271.1855270127116,3427.492548993645,44.99762050000027
3271.1855270127116,3412.800390625,45.00548330000038
3271.1855270127116,3436.1426178495776,45.01908090000052
3271.1855270127116,3430.5389009533906,45.02426210000067
3271.1855270127116,3402.921194385593,45.02933540000049
3271.1855270127116,3440.66990598517,45.034494200000154
3271.1855270127116,3431.894511387712,45.039737300000525
3271.1855270127116,3418.8648159427967,45.04493700000057
3271.1855270127116,3422.4529992055086,45.05229899999995
3271.1855270127116,3413.7285990466116,45.05833170000005
3271.1855270127116,3421.1431461864413,45.06343660000039
3271.1855270127116,3430.9802290783905,45.068599500000346
3271.1855270127116,3414.3894756355935,45.07379949999995
3271.1855270127116,3426.895331038137,45.0789891000004
3271.1855270127116,3443.5045113877122,45.08411520000027
3271.1855270127116,3437.1257415254254,45.090038400000594
3271.1855270127116,3406.7479237288135,45.09518500000013
3271.1855270127116,3419.748177966102,45.10034640000049
3271.1855270127116,3410.9331130826267,45.10545270000057
3271.1855270127116,3431.0503945974583,45.11064350000015
3271.1855270127116,3432.6553111758476,45.11583620000056
3271.1855270127116,3412.414572298729,45.12330980000024
3271.1855270127116,3407.0726536016946,45.12922979999985
3271.1855270127116,3421.3241366525426,45.1343310000002
3271.1855270127116,3429.030337658899,45.141449400000056
3271.1855270127116,3414.863326271187,45.14814819999992
3271.1855270127116,3426.483326271188,45.15336930000012
3271.1855270127116,3433.2993498411024,45.15900690000035
3271.1855270127116,3413.484859639831,45.16415599999982
3271.1855270127116,3409.499163135593,45.16936470000019
3271.1855270127116,3439.3320828919504,45.17447390000052
3271.1855270127116,3431.9446292372877,45.18049510000037
3271.1855270127116,3437.2674788135596,45.18569200000002
3271.1855270127116,3446.7549271716107,45.192782300000545
3271.1855270127116,3417.794572298729,45.199229700000615
3271.1855270127116,3426.7087010063565,45.20442020000064
3271.1855270127116,3434.3625079449157,45.21039879999989
3271.1855270127116,3448.0483024364407,45.216656200000216
3271.1855270127116,3408.0160447563567,45.221929600000294
3271.1855270127116,3436.582090836865,45.22764450000068
3271.1855270127116,3431.1819862288135,45.23374150000018
3271.1855270127116,3435.435415783897,45.24041219999981
3271.1855270127116,3406.957850900424,45.24852310000006
3271.1855270127116,3406.3154237288136,45.25658250000015
3271.1855270127116,3397.408469279661,45.26452870000048
3271.1855270127116,3414.115847457628,45.26995260000058
3271.1855270127116,3412.4322603283895,45.27514800000063
3271.1855270127116,3407.2104290254238,45.28045199999997
3271.1855270127116,3413.2150648834754,45.28562790000069
3271.1855270127116,3432.7779833156783,45.29223430000002
3271.1855270127116,3421.815922934322,45.299977800000306
3271.1855270127116,3409.900625,45.30511620000016
3271.1855270127116,3434.1914764300855,45.312372100000175
3271.1855270127116,3416.1458448093213,45.31973050000033
3271.1855270127116,3432.329788135594,45.324913899999956
3271.1855270127116,3405.929431938558,45.33044950000021
3271.1855270127116,3417.4141379766947,45.33592110000063
3271.1855270127116,3416.122531779662,45.34119749999991
3271.1855270127116,3425.2256197033907,45.346301100000346
3271.1855270127116,3423.1443657309333,45.35147830000005
3271.1855270127116,3433.7693802966105,45.356560700000045
3271.1855270127116,3450.95848914195,45.36174160000064
3271.1855270127116,3426.7595921610173,45.36692480000056
3271.1855270127116,3435.3674867584746,45.37229600000046
3271.1855270127116,3458.7207600635597,45.37744030000067
3271.1855270127116,3433.020307203391,45.382608800000526
3271.1855270127116,3409.08536943856,45.38782050000009
3271.1855270127116,3417.397429819916,45.39291680000042
3271.1855270127116,3426.931628707627,45.39802420000069
3271.1855270127116,3418.2722550317803,45.40590460000021
3271.1855270127116,3422.0594412076275,45.411603300000024
3271.1855270127116,3438.596615466102,45.416758800000025
3271.1855270127116,3422.8983342161027,45.42191809999986
3271.1855270127116,3415.340160222458,45.427077199999985
3271.1855270127116,3416.129335275424,45.43224220000047
3271.1855270127116,3388.5974470338983,45.43746050000027
3271.1855270127116,3443.02743114407,45.4430626000003
3271.1855270127116,3415.308599046611,45.448265200000606
3271.1855270127116,3433.874008209747,45.453420100000585
3271.1855270127116,3440.194855667373,45.4585775000005
3271.1855270127116,3438.4465439618652,45.463775300000634
3271.1855270127116,3462.681320180086,45.46891169999981
3271.1855270127116,3435.8023146186447,45.47671300000002
3271.1855270127116,3421.5787778072045,45.48240170000008
3271.1855270127116,3406.5752582097466,45.48757850000038
3271.1855270127116,3430.62833289195,45.492715500000486
3271.1855270127116,3430.119373675847,45.49781600000006
3271.1855270127116,3441.5486467161027,45.5030041
3271.1855270127116,3446.328960540254,45.508119799999804
3271.1855270127116,3441.796755826272,45.514327400000184
3271.1855270127116,3448.2630799788135,45.519636200000605
3271.1855270127116,3424.617196769068,45.527473300000565
3271.1855270127116,3402.7590413135595,45.53576040000007
3271.1855270127116,3437.621607521186,45.54421520000051
3271.1855270127116,3399.620070180085,45.551803199999995
3271.1855270127116,3427.2565188029666,45.55689429999984
3271.1855270127116,3406.9846967690673,45.56212510000023
3271.1855270127116,3439.5199682203393,45.56729110000015
3271.1855270127116,3449.775679290254,45.5724153000001
3271.1855270127116,3439.620631620763,45.577581100000316
3271.1855270127116,3422.215885858052,45.58321310000065
3271.1855270127116,3463.745809057204,45.588391400000546
3271.1855270127116,3411.2495934851704,45.593569800000296
3271.1855270127116,3437.6967213983057,45.5987638000006
3271.1855270127116,3431.4367915783905,45.60397009999997
3271.1855270127116,3418.543377913136,45.60919809999996
3271.1855270127116,3428.651714777541,45.61456679999992
3271.1855270127116,3415.287837658898,45.62005820000013
3271.1855270127116,3431.646204978815,45.62566590000006
3271.1855270127116,3411.6294968220354,45.631918699999915
3271.1855270127116,3406.7289102224577,45.63716990000012
3271.1855270127116,3412.2615519067804,45.6441233000005
3271.1855270127116,3416.0487235169503,45.652951800000665
3271.1855270127116,3427.127239141949,45.660539000000426
3271.1855270127116,3457.390411811441,45.66571990000011
3271.1855270127116,3419.950223781779,45.67088020000028
3271.1855270127116,3437.4546848516957,45.67598670000007
3271.1855270127116,3433.7516869703386,45.68122130000029
3271.1855270127116,3430.482645656779,45.68668830000024
3271.1855270127116,3403.4489141949152,45.69274459999997
3271.1855270127116,3445.088177966102,45.69785090000005
3271.1855270127116,3395.889951006356,45.702960800000255
3271.1855270127116,3441.2741962394066,45.70812670000032
3271.1855270127116,3404.607658898305,45.71325760000036
3271.1855270127116,3427.0916393008483,45.71841550000045
3271.1855270127116,3415.416469809323,45.72586090000004
3271.1855270127116,3401.7448609639832,45.734027100000276
3271.1855270127116,3428.5789724576284,45.73948830000063
3271.1855270127116,3446.25672404661,45.745499100000416
3271.1855270127116,3404.994008209746,45.75092889999996
3271.1855270127116,3437.7490876588986,45.75991560000057
3271.1855270127116,3448.4497166313563,45.76523350000025
3271.1855270127116,3406.0424748411024,45.770370000000185
3271.1855270127116,3421.488524894069,45.77550169999995
3271.1855270127116,3429.874523305085,45.780643500000224
3271.1855270127116,3420.222984639829,45.78578629999993
3271.1855270127116,3419.741675052966,45.79132710000067
3271.1855270127116,3440.370642213982,45.79959310000049
3271.1855270127116,3434.573295815678,45.80568620000031
3271.1855270127116,3461.557760858052,45.81084120000014
3271.1855270127116,3427.836084480932,45.817950000000565
3271.1855270127116,3405.2793564618646,45.82509200000004
3271.1855270127116,3421.3404819915268,45.83043610000004
3271.1855270127116,3423.981861758475,45.837401100000534
3271.1855270127116,3430.282270921611,45.84384730000056
3271.1855270127116,3409.9476734639825,45.84898710000016
3271.1855270127116,3417.868078654661,45.8550122000006
3271.1855270127116,3413.3626483050857,45.860149699999965
3271.1855270127116,3416.098495762711,45.86802340000031
3271.1855270127116,3429.940128442797,45.87525900000037
3271.1855270127116,3414.632293432204,45.88308760000018
3271.1855270127116,3414.317085540254,45.88823769999999
3271.1855270127116,3427.688367319916,45.89507760000015
3271.1855270127116,3412.3146252648307,45.90255740000066
3271.1855270127116,3425.121975635593,45.90776000000005
3271.1855270127116,3416.820313824154,45.912952399999995
3271.1855270127116,3417.825003972457,45.921039500000006
3271.1855270127116,3421.1075754766953,45.92636490000041
3271.1855270127116,3418.5433686440683,45.931562400000075
3271.1855270127116,3419.7941035487283,45.93984580000051
3271.1855270127116,3443.0692055084746,45.94631620000018
3271.1855270127116,3417.8347907838993,45.95224760000019
3271.1855270127116,3425.079883474577,45.96039010000004
3271.1855270127116,3420.885399894068,45.96811059999982
3271.1855270127116,3414.697824417373,45.97457089999989
3271.1855270127116,3423.9573636122896,45.9797709000004
3271.1855270127116,3423.3241207627134,45.98593239999991
3271.1855270127116,3422.925991790255,45.9913903000006
3271.1855270127116,3425.9889565677963,45.99740870000005
3271.1855270127116,3423.063364671611,46.00298449999991
3271.1855270127116,3480.445225105932,46.008400800000345
3271.1855270127116,3407.6707402012707,46.013720800000556
3271.1855270127116,3438.3554210805087,46.021609600000374
3271.1855270127116,3426.70720338983,46.02757819999988
3271.1855270127116,3426.0520286016945,46.03299490000063
3271.1855270127116,3430.793540783899,46.039533900000606
3271.1855270127116,3415.809905985171,46.045009700000264
3271.1855270127116,3447.4772457627123,46.05011620000005
3271.1855270127116,3431.8648265360175,46.05532099999982
3271.1855270127116,3412.612286811441,46.06043080000018
3271.1855270127116,3404.508575211865,46.06563290000031
3271.1855270127116,3421.9586771716104,46.0707981000005
3271.1855270127116,3412.976075211864,46.077461900000344
3271.1855270127116,3442.3260434322046,46.08288470000025
3271.1855270127116,3416.9947179555093,46.08802890000061
3271.1855270127116,3417.274496822034,46.093204400000104
3271.1855270127116,3425.0981488347466,46.098394100000405
3271.1855270127116,3431.8333527542372,46.103524400000424
3271.1855270127116,3421.826598252119,46.110843400000704
3271.1855270127116,3415.0495736228822,46.11650920000011
3271.1855270127116,3415.061238082627,46.121680400000514
3271.1855270127116,3422.3980614406787,46.12739740000052
3271.1855270127116,3399.58779661017,46.13249590000032
3271.1855270127116,3414.30407838983,46.14007380000021
3271.1855270127116,3443.222068326272,46.14665109999987
3271.1855270127116,3418.8920233050862,46.15182629999981
3271.1855270127116,3418.0583050847463,46.15695349999987
3271.1855270127116,3416.4564962923732,46.16209909999998
3271.1855270127116,3442.6195775953393,46.167340400000285
3271.1855270127116,3404.231260593221,46.17247330000009
3271.1855270127116,3417.0666657838997,46.17917699999998
3271.1855270127116,3446.616293697034,46.18447560000004
3271.1855270127116,3456.37296875,46.189626899999894
3271.1855270127116,3415.2705614406786,46.19519120000041
3271.1855270127116,3432.8021716101694,46.20069349999994
3271.1855270127116,3407.931656514831,46.20581390000007
3271.1855270127116,3428.4495828919494,46.21093710000059
3271.1855270127116,3419.0427793961867,46.21699360000002
3271.1855270127116,3451.4660063559327,46.22210780000023
3271.1855270127116,3435.2539909957623,46.22734190000028
3271.1855270127116,3418.7065360169495,46.23242980000032
3271.1855270127116,3413.3251986228825,46.237571700000444
3271.1855270127116,3416.4896861758484,46.242709600000126
3271.1855270127116,3408.998417637713,46.248384100000294
3271.1855270127116,3430.1507216631367,46.25382609999997
3271.1855270127116,3443.390127118645,46.25900249999995
3271.1855270127116,3426.1864671610174,46.26414199999999
3271.1855270127116,3412.9181236758473,46.269317400000546
3271.1855270127116,3431.702509269069,46.27444689999993
3271.1855270127116,3436.6303389830514,46.27964580000025
3271.1855270127116,3405.4825503177976,46.28477340000063
3271.1855270127116,3438.912272245763,46.29089850000037
3271.1855270127116,3427.535565413135,46.29603870000028
3271.1855270127116,3425.6351509533893,46.30123679999997
3271.1855270127116,3432.1371967690693,46.30636570000024
3271.1855270127116,3415.610448887712,46.31146239999998
3271.1855270127116,3425.0578509004245,46.3165439000004
3271.1855270127116,3419.9248106461864,46.32460260000062
3271.1855270127116,3401.386295021187,46.3299061000007
3271.1855270127116,3418.5379343220343,46.33494410000003
3271.1855270127116,3438.8522868114405,46.34008880000056
3271.1855270127116,3454.1453376588984,46.345249400000284
3271.1855270127116,3413.511398305085,46.35033269999985
3271.1855270127116,3430.7098530190683,46.35570499999994
3271.1855270127116,3429.299732521186,46.361003099999834
3271.1855270127116,3428.981109639832,46.36614030000055
3271.1855270127116,3418.538829449153,46.37121340000067
3271.1855270127116,3386.112894597458,46.376357400000416
3271.1855270127116,3434.1709838453394,46.38149550000071
3271.1855270127116,3450.2874073093235,46.386704100000316
3271.1855270127116,3425.9023093220344,46.39212300000054
3271.1855270127116,3409.2061705508477,46.398136499999964
3271.1855270127116,3442.359430614407,46.40334460000031
3271.1855270127116,3427.818053495763,46.40912500000013
3271.1855270127116,3400.466990201272,46.41421940000055
3271.1855270127116,3407.522061705508,46.41947290000007
3271.1855270127116,3451.545056938559,46.42471530000057
3271.1855270127116,3423.964841101696,46.43230670000048
3271.1855270127116,3442.5108964512715,46.43892210000013
3271.1855270127116,3433.419013506357,46.44435920000069
3271.1855270127116,3430.715444915254,46.449838100000306
3271.1855270127116,3427.1965254237293,46.455005700000584
3271.1855270127116,3417.148117055084,46.460856000000604
3271.1855270127116,3408.931276483052,46.466421200000696
3271.1855270127116,3415.2871265889835,46.4718197000002
3271.1855270127116,3444.6021014300854,46.477373000000625
3271.1855270127116,3421.49390095339,46.4828578000006
3271.1855270127116,3420.414230667373,46.488415599999826
3271.1855270127116,3421.7014261122886,46.49353250000058
3271.1855270127116,3422.1394107521187,46.500262999999904
3271.1855270127116,3408.20359904661,46.508041300000514
3271.1855270127116,3430.4698874470346,46.51360079999995
3271.1855270127116,3437.637007415254,46.518888500000685
3271.1855270127116,3424.2889962923737,46.52399280000009
3271.1855270127116,3446.3447338453393,46.52973490000022
3271.1855270127116,3407.9293365995763,46.53517770000053
3271.1855270127116,3436.883111758476,46.54046010000002
3271.1855270127116,3443.85431276483,46.545554500000435
3271.1855270127116,3416.068389830509,46.550660900000366
3271.1855270127116,3404.852921080509,46.555770400000256
3271.1855270127116,3402.5064340572035,46.56087860000025
3271.1855270127116,3418.9089287605943,46.56606509999983
3271.1855270127116,3406.389928495763,46.57206110000061
3271.1855270127116,3425.813199152543,46.57762309999998
3271.1855270127116,3447.6526920021206,46.58593360000032
3271.1855270127116,3447.690448887712,46.594237400000566
3271.1855270127116,3406.147547669491,46.60160859999996
3271.1855270127116,3424.144831832626,46.60925310000039
3271.1855270127116,3419.813250794492,46.61442890000035
3271.1855270127116,3403.329512711864,46.62021940000068
3271.1855270127116,3417.924884798729,46.62540679999984
3271.1855270127116,3422.2208567266957,46.630929599999945
3271.1855270127116,3420.3567174258474,46.636027399999875
3271.1855270127116,3410.563930084745,46.644289599999865
3271.1855270127116,3405.7083858580518,46.65057130000059
3271.1855270127116,3437.1209348516954,46.655676600000334
3271.1855270127116,3410.836122881357,46.66086890000042
3271.1855270127116,3436.9473344809335,46.66605260000051
3271.1855270127116,3416.862360963982,46.671647199999825
3271.1855270127116,3406.9049364406783,46.67674700000043
3271.1855270127116,3423.4928482521195,46.68288010000015
3271.1855270127116,3391.149928495763,46.68890139999985
3271.1855270127116,3431.0698225635606,46.69456440000067
3271.1855270127116,3399.9323556673726,46.70014100000026
3271.1855270127116,3430.957448358052,46.70569160000014
3271.1855270127116,3422.9142783368648,46.71208269999988
3271.1855270127116,3426.68729608051,46.71757880000041
3271.1855270127116,3408.3170762711857,46.72468560000016
3271.1855270127116,3413.2297788665264,46.731568100000004
3271.1855270127116,3385.3516710805084,46.737033299999894
3271.1855270127116,3423.391518802967,46.74323050000021
3271.1855270127116,3407.547443061441,46.74931730000026
3271.1855270127116,3432.070305879238,46.75471310000012
3271.1855270127116,3433.211616790254,46.75997910000024
3271.1855270127116,3426.8635659427973,46.76629159999993
3271.1855270127116,3460.899092955509,46.77232880000065
3271.1855270127116,3408.4006263241527,46.77742590000071
3271.1855270127116,3421.1861586334753,46.78378370000064
3271.1855270127116,3425.4812288135595,46.789485700000114
3271.1855270127116,3421.8489499470343,46.79478389999986
3271.1855270127116,3443.8612698622887,46.800218100000166
3271.1855270127116,3405.2505879237297,46.80543940000007
3271.1855270127116,3415.656333421611,46.81197280000015
3271.1855270127116,3413.936949152542,46.81716050000068
3271.1855270127116,3413.276998146187,46.82329519999985
3271.1855270127116,3409.2624364406784,46.828734700000496
3271.1855270127116,3408.8612341101693,46.83413340000061
3271.1855270127116,3413.6083474576276,46.839674700000614
3271.1855270127116,3420.648781779661,46.84555249999994
3271.1855270127116,3467.2212433792374,46.85185000000001
3271.1855270127116,3435.0417372881366,46.85701659999995
3271.1855270127116,3416.4284361758464,46.86321020000014
3271.1855270127116,3433.287521186441,46.871136800000386
3271.1855270127116,3425.289446504238,46.87635349999982
3271.1855270127116,3421.351549258474,46.881879200000185
3271.1855270127116,3415.3616896186445,46.89029399999981
3271.1855270127116,3415.707893273304,46.895676099999946
3271.1855270127116,3426.1017690677963,46.901717100000496
3271.1855270127116,3428.223718220339,46.90685310000026
3271.1855270127116,3429.8785897775433,46.91260969999985
3271.1855270127116,3425.0586308262714,46.91777340000044
3271.1855270127116,3431.0760778601707,46.92351420000068
3271.1855270127116,3444.481979608051,46.92861020000055
3271.1855270127116,3410.6484242584747,46.93485030000011
3271.1855270127116,3423.7793975105933,46.940799300000435
3271.1855270127116,3427.572564883475,46.94797590000053
3271.1855270127116,3425.9493061440676,46.95371479999994
3271.1855270127116,3423.720940148305,46.95887420000054
3271.1855270127116,3418.382954184323,46.9650443999999
3271.1855270127116,3448.2408779131365,46.9706141000006
3271.1855270127116,3420.1086003707637,46.97813230000065
3271.1855270127116,3415.9652476165256,46.984584100000575
3271.1855270127116,3431.7849668961853,46.9897131000007
3271.1855270127116,3436.888625529661,47.00202380000064
3271.1855270127116,3465.7847179555083,47.00727730000017
3271.1855270127116,3450.577126588983,47.01252610000029
3271.1855270127116,3424.1405865995753,47.01763530000062
3271.1855270127116,3409.7775092690686,47.0235947000001
3271.1855270127116,3429.17014036017,47.0292014000006
3271.1855270127116,3431.426132150424,47.03536880000047
3271.1855270127116,3427.6072960805086,47.040614800000185
3271.1855270127116,3409.2953945974587,47.046243400000094
3271.1855270127116,3417.567480137711,47.05192400000033
3271.1855270127116,3425.201863082628,47.05739600000015
3271.1855270127116,3413.769131355932,47.06293640000058
3271.1855270127116,3430.602342425848,47.07097000000067
3271.1855270127116,3429.9113969809323,47.07610310000018
3271.1855270127116,3421.400125794492,47.0813263
3271.1855270127116,3422.2326708156784,47.08646950000002
3271.1855270127116,3423.618315677966,47.091604799999914
3271.1855270127116,3423.091643273305,47.096793400000024
3271.1855270127116,3432.835495233051,47.10204729999987
3271.1855270127116,3457.9869332627122,47.107533299999886
3271.1855270127116,3424.354463718221,47.11296490000041
3271.1855270127116,3408.672635063559,47.118050900000526
3271.1855270127116,3463.8031011652547,47.12327390000064
3271.1855270127116,3438.4538201800856,47.12848020000001
3271.1855270127116,3440.49342690678,47.1390293000004
3271.1855270127116,3402.851582362288,47.14596830000028
3271.1855270127116,3410.0388201800847,47.15101540000069
3271.1855270127116,3420.734296874999,47.1561128000003
3271.1855270127116,3425.063546080509,47.16122910000013
3271.1855270127116,3409.251158633475,47.166343800000504
3271.1855270127116,3423.2302899894075,47.171464500000184
3271.1855270127116,3428.757437764832,47.17740330000015
3271.1855270127116,3429.452354343221,47.1825544000003
3271.1855270127116,3420.0014472987286,47.18765600000006
3271.1855270127116,3413.5127780720336,47.19280590000017
3271.1855270127116,3430.4237341101702,47.1979237000005
3271.1855270127116,3419.6145934851706,47.203095400000166
3271.1855270127116,3410.914453125,47.20979530000022
3271.1855270127116,3436.4029740466103,47.21701740000026
3271.1855270127116,3443.437792637713,47.22462160000032
3271.1855270127116,3414.683027012713,47.229810499999985
3271.1855270127116,3421.8707759533895,47.23577180000029
3271.1855270127116,3431.1490783898307,47.240913399999954
3271.1855270127116,3417.4583951271184,47.246783600000526
3271.1855270127116,3428.8076337394077,47.251957100000254
3271.1855270127116,3412.285513771186,47.2583181
3271.1855270127116,3406.6424788135596,47.26407259999996
3271.1855270127116,3419.659402807204,47.26931830000012
3271.1855270127116,3442.4227767478824,47.27473970000028
3271.1855270127116,3413.833248146186,47.283112000000074
3271.1855270127116,3430.1798331567807,47.288433700000496
3271.1855270127116,3432.096647245763,47.2942708999999
3271.1855270127116,3418.2877886652545,47.30251150000004
3271.1855270127116,3444.648783103813,47.3107387
3271.1855270127116,3404.6612579449156,47.318627700000434
3271.1855270127116,3434.9645908368648,47.32619200000045
3271.1855270127116,3398.0678760593228,47.33446150000054
3271.1855270127116,3411.5166326800854,47.339988700000504
3271.1855270127116,3409.1882680084746,47.3462956000003
3271.1855270127116,3426.857722457628,47.35145150000062
3271.1855270127116,3435.813573887712,47.35766049999984
3271.1855270127116,3425.0667319915265,47.36280690000058
3271.1855270127116,3413.7411639300863,47.36853060000067
3271.1855270127116,3418.5235447563555,47.37372510000023
3271.1855270127116,3421.5110222457633,47.37896430000001
3271.1855270127116,3427.992943591102,47.384355700000015
3271.1855270127116,3420.606215572034,47.389685799999825
3271.1855270127116,3407.658485169491,47.39475519999996
3271.1855270127116,3417.7528694385583,47.39987269999983
3271.1855270127116,3440.397689353814,47.405092900000454
3271.1855270127116,3402.744993379237,47.41022030000022
3271.1855270127116,3416.424643802965,47.41683390000071
3271.1855270127116,3437.2160911016954,47.42297240000062
3271.1855270127116,3432.15171875,47.42811160000019
3271.1855270127116,3454.3037274894077,47.43330229999992
3271.1855270127116,3421.639596133474,47.43846949999988
3271.1855270127116,3412.1659282309315,47.44361889999982
3271.1855270127116,3414.243583156779,47.450703700000304
3271.1855270127116,3421.4367902542376,47.45685080000021
3271.1855270127116,3437.654732521188,47.4620459000007
3271.1855270127116,3428.480342955509,47.46723750000001
3271.1855270127116,3447.894421345339,47.47233099999994
3271.1855270127116,3412.7460407838985,47.4774797
3271.1855270127116,3435.970818326271,47.482563200000186
3271.1855270127116,3414.739022775423,47.48850459999994
3271.1855270127116,3422.0218220338984,47.49363230000017
3271.1855270127116,3422.0566287076285,47.49874960000034
3271.1855270127116,3404.2508832097456,47.5040441000001
3271.1855270127116,3427.380504502119,47.50981690000026
3271.1855270127116,3397.0941975635596,47.515030800000204
3271.1855270127116,3458.5790677966097,47.52020110000012
3271.1855270127116,3465.0942849576268,47.5260674000001
3271.1855270127116,3417.2409348516953,47.53153790000033
3271.1855270127116,3447.011904131357,47.53675860000021
3271.1855270127116,3410.215017213984,47.54194960000041
3271.1855270127116,3436.343387182204,47.54718730000059
3271.1855270127116,3424.2401668432212,47.55237240000042
3271.1855270127116,3416.5477052436445,47.55961759999991
3271.1855270127116,3412.414131355932,47.56653869999991
3271.1855270127116,3423.9403350105936,47.57170110000061
3271.1855270127116,3419.9575847457627,47.57684550000067
3271.1855270127116,3435.2371702860173,47.58212430000003
3271.1855270127116,3413.016106991525,47.58809470000051
3271.1855270127116,3422.9793405720343,47.59661270000015
3271.1855270127116,3428.150329713983,47.60178290000022
3271.1855270127116,3418.524314088983,47.606971400000475
3271.1855270127116,3440.294372351695,47.61213550000048
3271.1855270127116,3406.5954674258473,47.61728200000016
3271.1855270127116,3435.818355402543,47.62242640000022
3271.1855270127116,3440.7786864406776,47.6278812999999
3271.1855270127116,3418.51146318856,47.633069700000306
3271.1855270127116,3411.7080071504242,47.63817910000034
3271.1855270127116,3408.4753429555085,47.643368300000475
3271.1855270127116,3404.8809295550845,47.64902620000066
3271.1855270127116,3440.225169491526,47.654233600000225
3271.1855270127116,3427.0573066737293,47.659519400000136
3271.1855270127116,3433.679104872881,47.66469770000003
3271.1855270127116,3433.7437288135598,47.6715279
3271.1855270127116,3414.406159957627,47.67660870000054
3271.1855270127116,3418.5291657838998,47.68176010000025
3271.1855270127116,3423.118401747881,47.68703540000024
3271.1855270127116,3409.611471133476,47.692147800000384
3271.1855270127116,3414.187272245763,47.702294200000324
3271.1855270127116,3429.568858580509,47.707719400000315
3271.1855270127116,3447.74572431144,47.71285870000065
3271.1855270127116,3441.2944544491525,47.718039400000634
3271.1855270127116,3406.4301099046606,47.723200200000065
3271.1855270127116,3413.726484375001,47.72841220000009
3271.1855270127116,3413.20772378178,47.73355900000024
3271.1855270127116,3417.334462394067,47.73985780000021
3271.1855270127116,3431.3017505296616,47.744989599999826
3271.1855270127116,3448.391423463983,47.750184500000614
3271.1855270127116,3424.0323159427976,47.75535560000026
3271.1855270127116,3423.5394504766955,47.7605151000007
3271.1855270127116,3418.3769213453393,47.76567849999992
3271.1855270127116,3404.850912341102,47.77309520000017
3271.1855270127116,3435.7771305614415,47.77864300000056
3271.1855270127116,3428.2229727224585,47.78479860000061
3271.1855270127116,3462.244051906779,47.790805000000546
3271.1855270127116,3428.23286414195,47.796294200000375
3271.1855270127116,3444.9432693326285,47.8017318000002
3271.1855270127116,3428.6903270656785,47.80800910000016
3271.1855270127116,3415.2421716101694,47.813558800000465
3271.1855270127116,3434.530954713984,47.819584900000336
3271.1855270127116,3404.5857852224585,47.825093400000696
3271.1855270127116,3433.9112566207637,47.83146740000029
3271.1855270127116,3407.252335805085,47.83665310000015
3271.1855270127116,3415.7629316737293,47.84479790000023
3271.1855270127116,3410.7325847457637,47.851310200000626
3271.1855270127116,3435.877041843221,47.856541400000424
3271.1855270127116,3416.221751853814,47.86462889999984
3271.1855270127116,3406.5873093220343,47.87135120000039
3271.1855270127116,3408.4815823622885,47.87657290000061
3271.1855270127116,3438.3822378177965,47.88458630000059
3271.1855270127116,3414.0928641419487,47.891288599999825
3271.1855270127116,3416.174141949151,47.896407799999906
3271.1855270127116,3419.214741790254,47.90156019999995
3271.1855270127116,3453.446991525423,47.90668640000058
3271.1855270127116,3406.850680614407,47.91226060000008
3271.1855270127116,3424.242595338983,47.91754949999995
3271.1855270127116,3433.7165505826283,47.92314040000019
3271.1855270127116,3421.298825476696,47.9282604
3271.1855270127116,3439.0269332627117,47.93342140000004
3271.1855270127116,3408.1719782838973,47.93857100000059
3271.1855270127116,3427.933568591102,47.94373150000047
3271.1855270127116,3442.479752383475,47.9493252000002
3271.1855270127116,3422.1379131355934,47.95462940000016
3271.1855270127116,3421.9376641949157,47.95984090000002
3271.1855270127116,3395.8560195974587,47.96503399999983
3271.1855270127116,3396.927799258475,47.970992800000204
3271.1855270127116,3458.6186162605936,47.97609800000009
3271.1855270127116,3443.7909798728833,47.98239590000048
3271.1855270127116,3420.383311705509,47.990107000000535
3271.1855270127116,3408.1328561970336,47.995295000000624
3271.1855270127116,3424.8687248411015,48.00221469999997
3271.1855270127116,3418.6028363347455,48.009577400000126
3271.1855270127116,3434.9853601694927,48.01473350000015
3271.1855270127116,3406.6867492055076,48.02046380000047
3271.1855270127116,3438.6131051377115,48.02571810000063
3271.1855270127116,3417.9569292902547,48.03143390000059
3271.1855270127116,3428.988539459745,48.036571800000274
3271.1855270127116,3448.7879065148313,48.04176960000041
3271.1855270127116,3442.1414194915255,48.046944700000495
3271.1855270127116,3410.3989234639835,48.05213080000067
3271.1855270127116,3423.6515452860176,48.05724270000064
3271.1855270127116,3439.041721398305,48.06325910000032
3271.1855270127116,3411.7985937500002,48.06861990000016
3271.1855270127116,3421.660696504238,48.074337600000035
3271.1855270127116,3404.5123132944914,48.079471200000626
3271.1855270127116,3403.008667902543,48.08466219999991
3271.1855270127116,3443.6052476165246,48.08979830000044
3271.1855270127116,3448.11139565678,48.09663069999988
3271.1855270127116,3416.6103588453393,48.10190070000044
3271.1855270127116,3407.1707706567804,48.10698769999999
3271.1855270127116,3431.1904939089,48.11283840000033
3271.1855270127116,3427.554821239408,48.117940799999815
3271.1855270127116,3420.927496027544,48.12390289999985
3271.1855270127116,3421.8202529131368,48.12900020000052
3271.1855270127116,3424.5462473516955,48.137313500000346
3271.1855270127116,3421.430217161017,48.14249210000071
3271.1855270127116,3427.237688029661,48.14771269999983
3271.1855270127116,3393.06115068856,48.153426100000615
3271.1855270127116,3413.3501906779666,48.1586154000006
3271.1855270127116,3462.0991777012714,48.16648650000025
3271.1855270127116,3443.3880005296623,48.17363800000021
3271.1855270127116,3404.250712394069,48.17876940000042
3271.1855270127116,3457.7691565148307,48.18386170000031
3271.1855270127116,3433.704156514831,48.18914720000066
3271.1855270127116,3406.9906382415265,48.19438650000029
3271.1855270127116,3423.431818061441,48.199608900000385
3271.1855270127116,3417.6693471927965,48.20501870000044
3271.1855270127116,3414.6127913135597,48.21052659999987
3271.1855270127116,3439.379842425847,48.215756200000214
3271.1855270127116,3424.539761652543,48.22095140000056
3271.1855270127116,3437.8836149364415,48.226128100000096
3271.1855270127116,3422.8572391419502,48.23123459999988
3271.1855270127116,3412.2327489406775,48.236455000000205
3271.1855270127116,3464.3483964512725,48.242472400000224
3271.1855270127116,3428.4545405190675,48.24759390000054
3271.1855270127116,3413.8934255826284,48.25343150000026
3271.1855270127116,3404.5816882944923,48.25859240000045
3271.1855270127116,3445.452006091103,48.26454019999983
3271.1855270127116,3418.3783951271184,48.269648000000416
3271.1855270127116,3412.1617637711875,48.27490350000062
3271.1855270127116,3444.371257944915,48.28008090000003
3271.1855270127116,3430.744376324152,48.28525780000018
3271.1855270127116,3414.88747351695,48.29044520000025
3271.1855270127116,3425.94334348517,48.29556020000018
3271.1855270127116,3412.377326536018,48.30061830000068
3271.1855270127116,3444.766054025424,48.3058331000002
3271.1855270127116,3388.1204886122873,48.311407600000166
3271.1855270127116,3432.290993114407,48.3168854000005
3271.1855270127116,3407.189086334746,48.32198460000018
3271.1855270127116,3420.5996663135597,48.32710800000041
3271.1855270127116,3453.7504925847456,48.33230650000041
3271.1855270127116,3430.3498861228823,48.33743240000058
3271.1855270127116,3422.3943816207634,48.34264059999987
3271.1855270127116,3435.516092425848,48.35080720000042
3271.1855270127116,3411.7568087923732,48.356316600000355
3271.1855270127116,3407.428612288136,48.3615362999999
3271.1855270127116,3400.7466803495768,48.36663430000044
3271.1855270127116,3407.760332362287,48.372242800000095
3271.1855270127116,3415.210889830509,48.37759410000035
3271.1855270127116,3434.2389552436443,48.383585100000346
3271.1855270127116,3408.8641432733048,48.38909800000056
3271.1855270127116,3415.1884361758484,48.394991300000584
3271.1855270127116,3419.921430084747,48.400079000000005
3271.1855270127116,3418.007176906781,48.40767010000036
3271.1855270127116,3417.1022960805094,48.41472860000067
3271.1855270127116,3430.9437327860182,48.4198578000005
3271.1855270127116,3403.269401483052,48.42499469999984
3271.1855270127116,3409.003695709747,48.43009710000024
3271.1855270127116,3441.022625794491,48.4364742000007
3271.1855270127116,3419.498573887712,48.443527400000676
3271.1855270127116,3417.3361228813555,48.448644900000545
3271.1855270127116,3455.6253403072033,48.4549691000002
3271.1855270127116,3415.9452740995757,48.460108400000536
3271.1855270127116,3419.0037592690683,48.465269199999966
3271.1855270127116,3426.859502118644,48.470376600000236
3271.1855270127116,3420.0744292902546,48.47588330000053
3271.1855270127116,3432.7003826800856,48.48099160000038
3271.1855270127116,3422.110274099576,48.48767409999982
3271.1855270127116,3396.755268802967,48.49496890000046
3271.1855270127116,3417.4457243114407,48.50009460000001
3271.1855270127116,3419.418885063559,48.50690020000002
3271.1855270127116,3427.4253336864417,48.51478529999986
3271.1855270127116,3433.056812764832,48.51994150000064
3271.1855270127116,3419.519740466102,48.52594760000011
3271.1855270127116,3417.1471252648316,48.53117370000018
3271.1855270127116,3428.7036851165262,48.53642149999996
3271.1855270127116,3422.886782309322,48.541524400000526
3271.1855270127116,3411.1020074152543,48.54729260000022
3271.1855270127116,3428.374612023306,48.55302389999997
3271.1855270127116,3433.8510606461878,48.55932320000011
3271.1855270127116,3428.031827330509,48.56532100000004
3271.1855270127116,3423.671443326272,48.57047070000044
3271.1855270127116,3415.8807084216096,48.57773230000021
3271.1855270127116,3420.6063029661027,48.584906000000046
3271.1855270127116,3412.6114406779666,48.59325070000068
3271.1855270127116,3430.740030455509,48.598677200000566
3271.1855270127116,3446.202115995764,48.604673300000286
3271.1855270127116,3414.925338983052,48.612804100000176
3271.1855270127116,3407.5757891949147,48.61828890000015
3271.1855270127116,3419.1312460275435,48.623431699999855
3271.1855270127116,3401.6058514300853,48.630192100000386
3271.1855270127116,3413.800172139831,48.6360451999999
3271.1855270127116,3458.8239486228817,48.64123689999997
3271.1855270127116,3415.5997020656764,48.64730190000046
3271.1855270127116,3439.328005826272,48.65457849999984
3271.1855270127116,3409.991091101695,48.65972210000018
3271.1855270127116,3411.8414472987306,48.6662452999999
3271.1855270127116,3428.344277012712,48.673525000000154
3271.1855270127116,3412.30175979873,48.679221000000325
3271.1855270127116,3415.6782123940675,48.68439750000016
3271.1855270127116,3425.545092690679,48.68962850000025
3271.1855270127116,3426.6035434322025,48.69480790000034
3271.1855270127116,3387.0309891419492,48.700415899999825
3271.1855270127116,3415.0898887711874,48.70557840000038
3271.1855270127116,3404.776970338983,48.71078200000011
3271.1855270127116,3445.8757229872876,48.71644689999994
3271.1855270127116,3429.118372616526,48.72159009999996
3271.1855270127116,3411.0570908368636,48.72670740000012
3271.1855270127116,3435.823663930085,48.7317664000002
3271.1855270127116,3420.06546875,48.73969480000051
3271.1855270127116,3430.743904925848,48.74492199999986
3271.1855270127116,3410.3848980402545,48.750099700000646
3271.1855270127116,3429.2572510593227,48.75538710000001
3271.1855270127116,3406.0666128177963,48.76060680000046
3271.1855270127116,3400.5368498411026,48.76667840000027
3271.1855270127116,3413.468780455508,48.774495800000295
3271.1855270127116,3430.1363996292375,48.77971330000037
3271.1855270127116,3407.4268816207637,48.7848668000006
3271.1855270127116,3429.340734904661,48.79261839999981
3271.1855270127116,3432.925814353814,48.79829460000019
3271.1855270127116,3419.451414194917,48.80338550000033
3271.1855270127116,3390.6761281779673,48.80933980000009
3271.1855270127116,3410.7059467690674,48.81447759999992
3271.1855270127116,3410.295813029661,48.819574699999976
3271.1855270127116,3406.6134322033904,48.82518020000043
3271.1855270127116,3414.117835010593,48.830640300000596
3271.1855270127116,3435.3797788665265,48.83577200000036
3271.1855270127116,3433.1456077860166,48.84157400000004
3271.1855270127116,3424.602628442797,48.846799300000384
3271.1855270127116,3431.5384335275426,48.85198010000022
3271.1855270127116,3422.6743260063563,48.857769799999915
3271.1855270127116,3436.832439088982,48.86286580000069
3271.1855270127116,3441.8923808262716,48.86909220000052
3271.1855270127116,3436.6519769597458,48.87676069999998
3271.1855270127116,3436.0591777012723,48.88229910000064
3271.1855270127116,3413.3864367055085,48.88907259999996
3271.1855270127116,3401.144134004238,48.89635739999994
3271.1855270127116,3415.695454184323,48.90258420000009
3271.1855270127116,3422.319774894069,48.9092911000007
3271.1855270127116,3425.862555614407,48.914475600000515
3271.1855270127116,3435.552179555086,48.920161900000494
3271.1855270127116,3412.2223874470333,48.925476600000366
3271.1855270127116,3448.840370762712,48.93340780000017
3271.1855270127116,3416.308648040254,48.93945540000004
3271.1855270127116,3419.497398040254,48.9449596000004
3271.1855270127116,3445.7704978813576,48.95118309999998
3271.1855270127116,3409.982894597458,48.95682730000044
3271.1855270127116,3422.9056250000003,48.962057700000514
3271.1855270127116,3408.7574086334753,48.96731020000061
3271.1855270127116,3410.26818723517,48.97282460000042
3271.1855270127116,3420.6005760063567,48.978867300000275
3271.1855270127116,3425.0475238347453,48.98399700000027
3271.1855270127116,3423.670681938561,48.99147020000055
3271.1855270127116,3432.0269570974583,48.99909949999983
3271.1855270127116,3441.468518273305,49.00425650000034
3271.1855270127116,3413.826611493645,49.010340100000576
3271.1855270127116,3412.560581302967,49.0159321000001
3271.1855270127116,3406.705899099577,49.02251849999993
3271.1855270127116,3424.176497616526,49.02813900000001
3271.1855270127116,3407.2262844279667,49.0364096000003
3271.1855270127116,3431.209185646187,49.04457960000036
3271.1855270127116,3400.7033077330516,49.05189040000005
3271.1855270127116,3418.026091101696,49.059457600000314
3271.1855270127116,3439.979735169492,49.064579500000036
3271.1855270127116,3412.1914499470336,49.07063310000012
3271.1855270127116,3435.176065942797,49.07707970000047
3271.1855270127116,3420.47949947034,49.082392000000254
3271.1855270127116,3411.8730508474587,49.08851750000031
3271.1855270127116,3423.2445656779655,49.096934400000464
3271.1855270127116,3425.779819915254,49.102451000000656
3271.1855270127116,3423.936169226695,49.10802860000058
3271.1855270127116,3460.7906567796613,49.113584400000036
3271.1855270127116,3421.7016088453393,49.11999300000025
3271.1855270127116,3431.539267743643,49.12512479999987
3271.1855270127116,3416.0347921080515,49.13051660000019
3271.1855270127116,3428.656582362289,49.13560990000042
3271.1855270127116,3425.5710778601697,49.143174900000304
3271.1855270127116,3427.5862870762717,49.148372600000584
3271.1855270127116,3413.0895974576274,49.15652490000048
3271.1855270127116,3423.5220471398306,49.161972900000364
3271.1855270127116,3399.428846663136,49.16725210000004
3271.1855270127116,3413.1667929025434,49.17331749999994
3271.1855270127116,3412.9798755296606,49.17873039999995
3271.1855270127116,3394.3002992584743,49.1858129000002
3271.1855270127116,3427.581318855932,49.19362040000033
3271.1855270127116,3440.094695444915,49.19937459999983
3271.1855270127116,3409.530719014831,49.204564100000425
3271.1855270127116,3405.574778866526,49.20990470000015
3271.1855270127116,3398.1445550847457,49.21537850000004
3271.1855270127116,3412.0368379237293,49.221153700000286
3271.1855270127116,3434.8646888241533,49.22629880000022
3271.1855270127116,3430.7705097987296,49.23233100000016
3271.1855270127116,3447.3966816737297,49.23754000000008
3271.1855270127116,3415.941784957628,49.24270890000025
3271.1855270127116,3419.0579833156785,49.24809550000009
3271.1855270127116,3433.4861546610164,49.253770299999815
3271.1855270127116,3428.6800436970348,49.2589123000007
3271.1855270127116,3425.0491432733047,49.2642407000003
3271.1855270127116,3436.968403072034,49.26937429999998
3271.1855270127116,3423.7225807733066,49.27457349999986
3271.1855270127116,3399.0725105932206,49.27975830000014
3271.1855270127116,3416.880331038136,49.285229699999945
3271.1855270127116,3417.4864261122884,49.29067740000028
3271.1855270127116,3422.753279925848,49.29582550000032
3271.1855270127116,3410.386235434322,49.30188050000015
3271.1855270127116,3430.7128694385606,49.307084099999884
3271.1855270127116,3409.178960540255,49.312250300000414
3271.1855270127116,3430.023428230933,49.317403699999886
3271.1855270127116,3433.65456170551,49.32347620000019
3271.1855270127116,3416.55890625,49.329113900000266
3271.1855270127116,3428.5407031249997,49.33724380000058
3271.1855270127116,3424.1949629237283,49.342983900000036
3271.1855270127116,3416.7796875000004,49.34832760000063
3271.1855270127116,3412.3244968220342,49.354745399999956
3271.1855270127116,3450.1450397245767,49.36068720000003
3271.1855270127116,3424.965781249999,49.36584630000016
3271.1855270127116,3433.1805601165265,49.37186400000064
3271.1855270127116,3417.6553985699165,49.37941080000019
3271.1855270127116,3427.2713347457625,49.38497559999996
3271.1855270127116,3462.1632150423734,49.39095290000023
3271.1855270127116,3419.578849311441,49.39612060000036
3271.1855270127116,3441.2271875000015,49.40187270000024
3271.1855270127116,3452.1793379237292,49.40730570000051
3271.1855270127116,3413.1581077860174,49.414853300000686
3271.1855270127116,3418.4435487288133,49.42157430000043
3271.1855270127116,3433.144813294493,49.426698000000215
3271.1855270127116,3410.2345365466113,49.43272160000015
3271.1855270127116,3469.2766949152556,49.43788360000053
3271.1855270127116,3408.7312910487294,49.443796999999904
3271.1855270127116,3420.49621292373,49.449137800000244
3271.1855270127116,3445.0273040254233,49.45749210000031
3271.1855270127116,3431.4460010593225,49.463722500000586
3271.1855270127116,3411.7788678495767,49.46893060000002
3271.1855270127116,3468.7039234639833,49.47603750000053
3271.1855270127116,3455.719298199153,49.48290780000025
3271.1855270127116,3431.9561890889836,49.48809549999987
3271.1855270127116,3422.165240995763,49.49352660000022
3271.1855270127116,3421.4558514300857,49.498679500000435
3271.1855270127116,3421.1148755296604,49.50669689999995
3271.1855270127116,3408.2678244173726,49.51337560000047
3271.1855270127116,3410.6964247881365,49.5188876000002
3271.1855270127116,3412.2038625529667,49.52490040000066
3271.1855270127116,3440.720656779661,49.53044260000024
3271.1855270127116,3414.976677701272,49.53600610000012
3271.1855270127116,3429.9982190148307,49.541140299999824
3271.1855270127116,3440.991235434323,49.54677460000039
3271.1855270127116,3441.304467690678,49.55222580000009
3271.1855270127116,3406.4558924788134,49.557682900000145
3271.1855270127116,3447.7721490995764,49.56350150000071
3271.1855270127116,3423.881336069916,49.56858960000045
3271.1855270127116,3409.313591101695,49.573739899999964
3271.1855270127116,3442.258746027543,49.57883570000013
3271.1855270127116,3422.7757733050857,49.58459790000052
3271.1855270127116,3414.65570842161,49.589742000000115
3271.1855270127116,3447.2360924258464,49.597847
3271.1855270127116,3434.0128932733055,49.603865699999915
3271.1855270127116,3442.374026747881,49.6090506999999
3271.1855270127116,3442.3529674258475,49.61572460000025
3271.1855270127116,3408.9593802966097,49.62253690000034
3271.1855270127116,3450.0337063029665,49.62761640000008
3271.1855270127116,3417.8806091101696,49.63277990000006
3271.1855270127116,3449.909661016949,49.63791730000048
3271.1855270127116,3424.0424721927966,49.64307180000014
3271.1855270127116,3425.7126152012715,49.648153200000706
3271.1855270127116,3403.0392386122885,49.65432310000051
3271.1855270127116,3439.5046067266953,49.659868600000664
3271.1855270127116,3439.4450675317794,49.66508410000006
3271.1855270127116,3437.196317531779,49.6702279000001
3271.1855270127116,3414.1083990995767,49.67544330000055
3271.1855270127116,3411.362223252119,49.68057480000061
3271.1855270127116,3444.2861043432213,49.68628970000009
3271.1855270127116,3412.605430349576,49.691474400000516
3271.1855270127116,3427.743845338983,49.696620800000346
3271.1855270127116,3414.742816472459,49.702308700000685
3271.1855270127116,3434.2418630826273,49.70758240000032
3271.1855270127116,3415.9178667902543,49.71356030000061
3271.1855270127116,3415.237648305085,49.71867030000067
3271.1855270127116,3425.3942981991545,49.725349899999856
3271.1855270127116,3418.9908554025433,49.73356310000054
3271.1855270127116,3425.347884004237,49.741647300000295
3271.1855270127116,3420.3372894597455,49.74731150000025
3271.1855270127116,3417.657364936441,49.75411299999996
3271.1855270127116,3433.2533448093227,49.759483300000284
3271.1855270127116,3416.0470842161026,49.76540720000048
3271.1855270127116,3428.4735818326276,49.77274699999998
3271.1855270127116,3446.368559322035,49.78071060000002
3271.1855270127116,3412.1964618644074,49.78772730000037
3271.1855270127116,3431.5721451271193,49.79617320000034
3271.1855270127116,3396.8695789194926,49.801723100000345
3271.1855270127116,3442.5592889300865,49.80741699999999
3271.1855270127116,3414.07125,49.8128185000005
3271.1855270127116,3434.3821808792377,49.82083370000055
3271.1855270127116,3457.2302277542376,49.82806239999991
3271.1855270127116,3414.175434322035,49.833948800000144
3271.1855270127116,3429.9828350105945,49.83978410000054
3271.1855270127116,3408.8905958686437,49.84579880000001
3271.1855270127116,3405.594801377119,49.85091150000062
3271.1855270127116,3413.5362711864414,49.85778660000051
3271.1855270127116,3400.8154065148306,49.86390010000014
3271.1855270127116,3414.3906051377126,49.871376500000224
3271.1855270127116,3439.857086864407,49.87805350000053
3271.1855270127116,3409.8953138241523,49.88371390000066
3271.1855270127116,3424.822784692797,49.890830299999834
3271.1855270127116,3416.59584348517,49.89876430000004
3271.1855270127116,3415.1246729343225,49.90418510000018
3271.1855270127116,3452.0327688029665,49.90993800000069
3271.1855270127116,3414.3255998411014,49.915128200000254
3271.1855270127116,3422.6721398305094,49.920261900000696
3271.1855270127116,3432.8936347987287,49.925870200000645
3271.1855270127116,3475.829255826271,49.93107080000027
3271.1855270127116,3422.2157216631354,49.93624100000034
3271.1855270127116,3425.4309864936445,49.941359999999804
3271.1855270127116,3419.5670034427967,49.946563000000424
3271.1855270127116,3406.7397722457627,49.951641100000415
3271.1855270127116,3467.2626681673723,49.95756440000059
3271.1855270127116,3432.1641750529666,49.963179899999886
3271.1855270127116,3424.0223291843226,49.96854350000012
3271.1855270127116,3431.8386109639837,49.97379710000041
3271.1855270127116,3455.89609375,49.979807900000196
3271.1855270127116,3439.892846927966,49.98542069999985
3271.1855270127116,3427.722408633475,49.99089410000033
3271.1855270127116,3451.6085487288137,49.996215799999845
3271.1855270127116,3448.953850635594,50.00440680000065
3271.1855270127116,3413.3376456567803,50.01051910000024
3271.1855270127116,3419.8526138771185,50.01690039999994
3271.1855270127116,3430.276471133476,50.02515680000033
3271.1855270127116,3429.371510858051,50.03084360000048
3271.1855270127116,3432.8132123940686,50.03607120000015
3271.1855270127116,3404.2352979343223,50.04396340000039
3271.1855270127116,3403.8580548199157,50.05101819999982
3271.1855270127116,3426.9757322563573,50.05621020000035
3271.1855270127116,3441.146096398306,50.06139380000059
3271.1855270127116,3418.040154925847,50.066607400000066
3271.1855270127116,3428.40570842161,50.07492580000053
3271.1855270127116,3422.6771861758475,50.08065870000064
3271.1855270127116,3425.8195564088996,50.08590530000038
3271.1855270127116,3424.7201747881372,50.09149520000028
3271.1855270127116,3421.2078336864406,50.097791600000164
3271.1855270127116,3428.037625794492,50.104089999999815
3271.1855270127116,3426.418706302966,50.10940220000066
3271.1855270127116,3409.253115730934,50.1145161000004
3271.1855270127116,3423.438512976696,50.11960780000027
3271.1855270127116,3421.9737235169496,50.12478220000048
3271.1855270127116,3416.1012036546613,50.12995099999989
3271.1855270127116,3427.136046080509,50.13513260000036
3271.1855270127116,3444.6366737288145,50.14070559999982
3271.1855270127116,3434.2041565148306,50.14585520000037
3271.1855270127116,3411.874239936441,50.15093849999994
3271.1855270127116,3405.5000635593224,50.15613300000041
3271.1855270127116,3426.605325741526,50.161271699999816
3271.1855270127116,3422.9714976165255,50.166447900000094
3271.1855270127116,3418.4165055614417,50.17226630000005
3271.1855270127116,3422.8513029661017,50.17776330000015
3271.1855270127116,3398.823277277542,50.18286369999987
3271.1855270127116,3428.884518008476,50.18802860000051
3271.1855270127116,3419.6124218750006,50.19320229999994
3271.1855270127116,3428.925709745763,50.198399700000664
3271.1855270127116,3425.9562513241535,50.20352379999986
3271.1855270127116,3415.6868326271187,50.20954640000036
3271.1855270127116,3400.884344544491,50.2146986000007
3271.1855270127116,3404.220235699153,50.219890600000326
3271.1855270127116,3430.764160487288,50.22508470000048
3271.1855270127116,3419.2883673199162,50.23022159999982
3271.1855270127116,3420.9226880296624,50.235398100000566
3271.1855270127116,3423.034827860169,50.24067439999999
3271.1855270127116,3439.0805137711855,50.24587520000023
3271.1855270127116,3402.7790704449158,50.251004300000204
3271.1855270127116,3431.945427701271,50.25621240000055
3271.1855270127116,3403.5472801906785,50.26139090000015
3271.1855270127116,3414.1936056673726,50.266503800000464
3271.1855270127116,3416.931318855932,50.27162440000029
3271.1855270127116,3407.8149973516947,50.277253300000666
3271.1855270127116,3412.699372351695,50.282771900000625
3271.1855270127116,3417.4672629766956,50.28793630000018
3271.1855270127116,3417.9219796080506,50.29595470000004
3271.1855270127116,3434.552366260594,50.30181570000059
3271.1855270127116,3444.2970828919497,50.3074445000002
3271.1855270127116,3411.572231197034,50.31584780000048
3271.1855270127116,3406.913017743644,50.32121040000038
3271.1855270127116,3411.363883739407,50.32641469999999
3271.1855270127116,3435.0242942266955,50.3315175000007
3271.1855270127116,3417.707049788137,50.3366915000006
3271.1855270127116,3436.18582759534,50.34183570000005
3271.1855270127116,3418.3949046610182,50.34737360000054
3271.1855270127116,3430.297731726695,50.35290299999997
3271.1855270127116,3424.7341088453386,50.35807660000046
3271.1855270127116,3401.2016750529674,50.36325350000061
3271.1855270127116,3414.1946199682206,50.3683688000001
3271.1855270127116,3432.500999735169,50.37354110000069
3271.1855270127116,3411.782337129237,50.3787355000004
3271.1855270127116,3439.3440929555095,50.38702100000046
3271.1855270127116,3435.3485672669494,50.392183200000545
3271.1855270127116,3431.4598781779664,50.39731530000063
3271.1855270127116,3414.3549721927975,50.402429000000666
3271.1855270127116,3432.097631091103,50.40757080000003
3271.1855270127116,3405.324467690679,50.412718500000665
3271.1855270127116,3415.2755389300855,50.41793140000027
3271.1855270127116,3413.3648596398307,50.423059300000205
3271.1855270127116,3410.0433262711867,50.42816550000043
3271.1855270127116,3391.79126059322,50.4332514000007
3271.1855270127116,3427.9419028072048,50.438405500000044
3271.1855270127116,3454.427950211865,50.44368769999983
3271.1855270127116,3427.4201377118648,50.448859600000105
3271.1855270127116,3416.485516419492,50.45677560000058
3271.1855270127116,3411.0520299258483,50.46304969999983
3271.1855270127116,3412.6836824682205,50.468639200000325
3271.1855270127116,3432.286550582628,50.47690599999987
3271.1855270127116,3409.236508209746,50.48434069999985
3271.1855270127116,3423.5029237288127,50.49279939999997
3271.1855270127116,3404.9607018008473,50.501097800000025
3271.1855270127116,3425.0227568855935,50.507417599999826
3271.1855270127116,3429.262196769069,50.51310250000006
3271.1855270127116,3407.8333990995766,50.518940900000416
3271.1855270127116,3417.339769597459,50.526783700000124
3271.1855270127116,3416.4739923199145,50.53238440000041
3271.1855270127116,3426.8051284427975,50.53748220000034
3271.1855270127116,3425.5164578919507,50.54313270000057
3271.1855270127116,3438.9199801377117,50.549257800000305
3271.1855270127116,3418.126508209746,50.55741550000039
3271.1855270127116,3418.3609613347453,50.565772100000686
3271.1855270127116,3406.3642545021194,50.57405850000032
3271.1855270127116,3424.885349576271,50.58123109999997
3271.1855270127116,3425.5282335805086,50.588791400000446
3271.1855270127116,3402.7661520127117,50.59717060000003
3271.1855270127116,3410.235162870763,50.603650000000016
3271.1855270127116,3427.991729343221,50.60881530000006
3271.1855270127116,3440.2145286016944,50.615076600000066
3271.1855270127116,3437.6457415254235,50.62066050000067
3271.1855270127116,3451.5359719279663,50.62719280000056
3271.1855270127116,3422.94933262712,50.633397000000514
3271.1855270127116,3426.5798795021196,50.63889190000009
3271.1855270127116,3417.149576271187,50.644800699999905
3271.1855270127116,3417.593279925848,50.65060050000011
3271.1855270127116,3403.1961030190687,50.65634130000035
3271.1855270127116,3429.625971927966,50.66249610000068
3271.1855270127116,3422.47467161017,50.66764419999981
3271.1855270127116,3417.9748252118643,50.67288120000012
3271.1855270127116,3418.879686175848,50.67796499999986
3271.1855270127116,3432.5459282309325,50.68325830000049
3271.1855270127116,3428.467191472457,50.68838870000036
3271.1855270127116,3415.7663493114414,50.693582300000344
3271.1855270127116,3403.9679661016944,50.698678499999914
3271.1855270127116,3409.8626469809324,50.70385510000051
3271.1855270127116,3426.594858315678,50.7090117000007
3271.1855270127116,3399.7569729872894,50.71406040000056
3271.1855270127116,3408.0434348516956,50.71927090000008
3271.1855270127116,3422.6587274894073,50.72523580000052
3271.1855270127116,3406.263777807204,50.73036980000052
3271.1855270127116,3403.685936175848,50.73655390000022
3271.1855270127116,3425.7494531250004,50.74283900000046
3271.1855270127116,3395.140726959747,50.74831619999986
3271.1855270127116,3422.363565942796,50.7557383000003
3271.1855270127116,3399.6504661016947,50.76270260000001
3271.1855270127116,3403.2137420550857,50.767865200000415
3271.1855270127116,3418.919196239407,50.77389579999999
3271.1855270127116,3422.445312500001,50.779051000000436
3271.1855270127116,3425.340270127118,50.78467350000028
3271.1855270127116,3417.605779925846,50.78977590000068
3271.1855270127116,3423.158596398306,50.795022000000245
3271.1855270127116,3450.278360699154,50.80010980000043
3271.1855270127116,3440.4245749470347,50.805775700000595
3271.1855270127116,3407.807208686441,50.810993699999926
3271.1855270127116,3437.2926708156774,50.8161826000005
3271.1855270127116,3432.0074642478826,50.8214353000003
3271.1855270127116,3424.582562235171,50.82657740000013
3271.1855270127116,3428.054157838983,50.83178720000069
3271.1855270127116,3413.0830587923742,50.83695429999989
3271.1855270127116,3431.1247735699158,50.84218360000068
3271.1855270127116,3423.9017637711877,50.849969700000656
3271.1855270127116,3432.3504925847474,50.85552950000056
3271.1855270127116,3429.2140280720346,50.86063830000057
3271.1855270127116,3404.695164194915,50.865758599999936
3271.1855270127116,3437.19481726695,50.87087960000008
3271.1855270127116,3442.0981528072043,50.87629870000001
3271.1855270127116,3430.508253442797,50.881474900000285
3271.1855270127116,3433.3297232521186,50.88659330000064
3271.1855270127116,3418.938969809322,50.89177180000024
3271.1855270127116,3418.7187354343228,50.89688000000024
3271.1855270127116,3408.5474801377113,50.90201470000011
3271.1855270127116,3413.0706038135586,50.90754620000007
3271.1855270127116,3411.954936440678,50.912736700000096
3271.1855270127116,3421.970741525424,50.91789539999991
3271.1855270127116,3425.019747086865,50.9230864000001
3271.1855270127116,3420.96147378178,50.92821670000012
3271.1855270127116,3413.946712129237,50.933339199999864
3271.1855270127116,3413.8646967690675,50.93850930000008
3271.1855270127116,3422.757644332628,50.944406500000696
3271.1855270127116,3415.422554290254,50.94956749999983
3271.1855270127116,3457.7860368114407,50.95476830000007
3271.1855270127116,3409.149830508474,50.9598773000007
3271.1855270127116,3426.388220338983,50.96506020000015
3271.1855270127116,3430.5917028601693,50.97018840000055
3271.1855270127116,3434.7283156779663,50.97573319999992
3271.1855270127116,3457.5703072033907,50.98129670000071
3271.1855270127116,3417.8843776483054,50.98813370000062
3271.1855270127116,3420.3581117584754,50.99482840000019
3271.1855270127116,3424.5524337923734,50.99997239999993
3271.1855270127116,3438.479842425847,51.00510510000004
3271.1855270127116,3425.23599443856,51.010262599999805
3271.1855270127116,3421.110729608051,51.01572750000014
3271.1855270127116,3430.9192809851706,51.020920699999806
3271.1855270127116,3406.9295007944916,51.026180200000454
3271.1855270127116,3429.7245458156785,51.03128970000034
3271.1855270127116,3404.341355932203,51.03641040000002
3271.1855270127116,3413.256975635593,51.04154920000019
3271.1855270127116,3430.4915307203396,51.046796300000096
3271.1855270127116,3418.7576178495765,51.05185280000023
3271.1855270127116,3443.639429290253,51.05701930000032
3271.1855270127116,3412.132231197034,51.0622256000006
3271.1855270127116,3429.021381091102,51.067456499999935
3271.1855270127116,3433.869847722458,51.072572500000206
3271.1855270127116,3435.5790611758484,51.07792169999993
3271.1855270127116,3437.0229846398297,51.083441499999935
3271.1855270127116,3416.289410752119,51.088571400000546
3271.1855270127116,3438.7305852754243,51.09372799999983
3271.1855270127116,3417.964120762713,51.098909500000445
3271.1855270127116,3445.066500264831,51.10409780000009
3271.1855270127116,3440.315074152542,51.109314299999824
3271.1855270127116,3443.4671795550857,51.11522570000034
3271.1855270127116,3424.483274629238,51.12041240000053
3271.1855270127116,3417.831366525424,51.1255529
3271.1855270127116,3408.5822073622876,51.13067769999998
3271.1855270127116,3427.441306938559,51.135857000000215
3271.1855270127116,3443.7790386652546,51.14104709999992
3271.1855270127116,3429.1423940677973,51.14809000000059
3271.1855270127116,3400.941832627118,51.15411630000017
3271.1855270127116,3427.6000979872892,51.15929250000045
3271.1855270127116,3412.454151218221,51.16501380000045
3271.1855270127116,3404.0769518008483,51.170361200000116
3271.1855270127116,3410.5933037605932,51.175474900000154
3271.1855270127116,3427.804508739407,51.180582400000276
3271.1855270127116,3420.550123146188,51.18653280000035
3271.1855270127116,3446.0414141949163,51.19169289999991
3271.1855270127116,3421.9102489406782,51.19689449999987
3271.1855270127116,3436.4654674258477,51.20204830000057
3271.1855270127116,3434.9731898834752,51.20719000000008
3271.1855270127116,3411.8996530720337,51.212303899999824
3271.1855270127116,3404.9914141949157,51.21824939999988
3271.1855270127116,3437.1805614406794,51.22343530000035
3271.1855270127116,3411.3215346927973,51.22872069999994
3271.1855270127116,3441.630316472457,51.233909600000516
3271.1855270127116,3421.5579780190683,51.24200810000002
3271.1855270127116,3435.9553893008474,51.248069000000214
3271.1855270127116,3441.133229608051,51.253259200000684
3271.1855270127116,3437.2810884533906,51.25897570000052
3271.1855270127116,3423.548307733052,51.2641050000002
3271.1855270127116,3434.9033739406786,51.27099410000028
3271.1855270127116,3414.605247616526,51.27656840000054
3271.1855270127116,3428.232231197035,51.28173960000004
3271.1855270127116,3414.9734229343217,51.287128300000404
3271.1855270127116,3433.3127926377124,51.2926221000007
3271.1855270127116,3407.6997775423715,51.29986120000012
3271.1855270127116,3453.941969014831,51.30586820000008
3271.1855270127116,3411.1218657309328,51.31144680000034
3271.1855270127116,3419.2072020656783,51.31748289999996
3271.1855270127116,3408.5454078389844,51.32265170000028
3271.1855270127116,3416.559045286018,51.329568400000426
3271.1855270127116,3410.394487552966,51.33691750000071
3271.1855270127116,3414.7288069385604,51.34217700000045
3271.1855270127116,3416.719944385592,51.34866240000065
3271.1855270127116,3417.664825211864,51.356323500000144
3271.1855270127116,3421.043516949153,51.364226800000324
3271.1855270127116,3410.059494173729,51.369856500000424
3271.1855270127116,3414.303264036018,51.37496900000042
3271.1855270127116,3434.6947868114416,51.380055300000095
3271.1855270127116,3433.3615532309313,51.38518060000024
3271.1855270127116,3410.674152542374,51.39030180000009
3271.1855270127116,3455.0466578389846,51.39548569999988
3271.1855270127116,3426.6152568855937,51.401450500000465
3271.1855270127116,3480.6617889300846,51.40666460000011
3271.1855270127116,3432.9836242055085,51.411772600000404
3271.1855270127116,3426.001287076271,51.41691129999981
3271.1855270127116,3427.18898967161,51.422031300000526
3271.1855270127116,3396.6532097457634,51.42717309999989
3271.1855270127116,3412.9375331038136,51.435212299999876
3271.1855270127116,3434.168019067797,51.44350630000008
3271.1855270127116,3410.344373675847,51.450437800000145
3271.1855270127116,3439.9635315148316,51.45557009999993
3271.1855270127116,3422.8110116525427,51.46135620000041
3271.1855270127116,3396.2337831038135,51.46686990000035
3271.1855270127116,3415.2221186440684,51.472406500000034
3271.1855270127116,3398.3244160487293,51.47750420000011
3271.1855270127116,3426.3134745762704,51.48272559999987
3271.1855270127116,3463.817032574154,51.48790370000006
3271.1855270127116,3437.6577952860184,51.49306979999983
3271.1855270127116,3432.039427966102,51.49862160000066
3271.1855270127116,3401.4523040254244,51.50377420000041
3271.1855270127116,3402.598269332627,51.509452400000555
3271.1855270127116,3413.6350145656784,51.51643300000069
3271.1855270127116,3425.661737288135,51.52468990000034
3271.1855270127116,3425.153103813559,51.530575200000385
3271.1855270127116,3410.535501853814,51.53573360000064
3271.1855270127116,3412.8198199152553,51.54157430000032
3271.1855270127116,3438.3676814088994,51.54667049999989
3271.1855270127116,3436.518397775424,51.551857700000255
3271.1855270127116,3442.53585407839,51.557104000000436
3271.1855270127116,3433.3419994703386,51.56342810000024
3271.1855270127116,3432.026562500001,51.56872579999981
3271.1855270127116,3419.963899629237,51.57703190000029
3271.1855270127116,3429.508066737288,51.58414670000002
3271.1855270127116,3410.1530124470337,51.59117030000016
3271.1855270127116,3415.530802436441,51.598493999999846
3271.1855270127116,3422.7852952860176,51.60373410000011
3271.1855270127116,3431.244185646187,51.61000590000003
3271.1855270127116,3403.073512976695,51.615171100000225
3271.1855270127116,3438.8012063029664,51.62035460000061
3271.1855270127116,3436.5151350635592,51.62547900000027
3271.1855270127116,3426.960079449152,51.63070070000049
3271.1855270127116,3400.139519332628,51.63586110000051
3271.1855270127116,3415.6467929025416,51.6423235000002
3271.1855270127116,3415.8682468220336,51.64922170000045
3271.1855270127116,3433.5125794491523,51.654356500000176
3271.1855270127116,3443.2622987288137,51.659484100000554
3271.1855270127116,3463.846193061441,51.66459459999987
3271.1855270127116,3418.698620233051,51.669767299999876
3271.1855270127116,3419.7060328389844,51.674901299999874
3271.1855270127116,3391.421398305085,51.68116910000026
3271.1855270127116,3437.4955495233057,51.686635600000045
3271.1855270127116,3425.81654661017,51.69344980000005
3271.1855270127116,3426.00827065678,51.7013594
3271.1855270127116,3429.7325384004234,51.70690000000013
3271.1855270127116,3418.6629475635586,51.71287530000063
3271.1855270127116,3425.706243379238,51.718817599999966
3271.1855270127116,3414.496116260594,51.72701330000018
3271.1855270127116,3405.35477621822,51.73532150000028
3271.1855270127116,3408.7757044491527,51.743024200000036
3271.1855270127116,3428.1077423199154,51.748828499999945
3271.1855270127116,3423.105458156781,51.754419200000484
3271.1855270127116,3410.3570272775423,51.75958890000038
3271.1855270127116,3445.5317081567805,51.76469140000063
3271.1855270127116,3423.3080918961864,51.76986930000021
3271.1855270127116,3419.512964777542,51.77501089999987
3271.1855270127116,3418.977235169491,51.780170400000316
3271.1855270127116,3404.9992955508483,51.78636910000023
3271.1855270127116,3424.7026920021185,51.79239839999991
3271.1855270127116,3416.269862288136,51.79756890000044
3271.1855270127116,3441.3719994703397,51.803767000000335
3271.1855270127116,3406.000924258475,51.809624200000144
3271.1855270127116,3392.0437168961857,51.81495309999991
3271.1855270127116,3424.597433792372,51.82031790000019
3271.1855270127116,3427.5181912076278,51.82578689999991
3271.1855270127116,3425.071694915254,51.83114130000013
3271.1855270127116,3427.640221133475,51.83629650000057
3271.1855270127116,3408.9089009533895,51.84172579999995
3271.1855270127116,3436.639929819916,51.84693940000034
3271.1855270127116,3420.483294491526,51.85273760000018
3271.1855270127116,3415.351892213984,51.85818019999988
3271.1855270127116,3423.6709639830524,51.863350900000114
3271.1855270127116,3418.0462314618653,51.86847980000039
3271.1855270127116,3415.3038625529657,51.87362260000009
3271.1855270127116,3417.1750741525425,51.87877759999992
3271.1855270127116,3404.486219544492,51.883977000000414
3271.1855270127116,3412.1085553495764,51.88969619999989
3271.1855270127116,3415.8668273305084,51.89677540000048
3271.1855270127116,3446.106394332628,51.90265900000031
3271.1855270127116,3453.089476959746,51.91074800000024
3271.1855270127116,3429.425957362289,51.916079000000536
3271.1855270127116,3409.6901628707633,51.922321800000645
3271.1855270127116,3416.6338850635593,51.92844960000002
3271.1855270127116,3398.1509851694927,51.936141600000155
3271.1855270127116,3442.7574536546613,51.94352590000017
3271.1855270127116,3433.861194385594,51.94965899999988
3271.1855270127116,3410.2169822563555,51.95791230000032
3271.1855270127116,3421.30202595339,51.9631715000005
3271.1855270127116,3462.2754833156782,51.9683199000001
3271.1855270127116,3422.9958328919492,51.97356330000002
3271.1855270127116,3430.6417094809317,51.97873820000041
3271.1855270127116,3422.696951800848,51.983931499999926
3271.1855270127116,3446.0762380826272,51.989051700000346
3271.1855270127116,3408.7727012711866,51.99687940000058
3271.1855270127116,3419.2614314088987,52.00365860000056
3271.1855270127116,3445.3271133474577,52.0120364000004
3271.1855270127116,3415.5272351694916,52.020287299999836
3271.1855270127116,3429.3457229872884,52.02552950000063
3271.1855270127116,3429.3569014830505,52.0309729999999
3271.1855270127116,3428.5252304025425,52.038692200000696
3271.1855270127116,3432.8381528072046,52.044855900000584
3271.1855270127116,3422.78911943856,52.053117000000384
3271.1855270127116,3419.630393273305,52.060802400000284
3271.1855270127116,3434.492024629238,52.066235100000085
3271.1855270127116,3412.887731726695,52.07133920000069
3271.1855270127116,3457.321545286017,52.076566900000216
3271.1855270127116,3426.8861109639847,52.08174250000047
3271.1855270127116,3416.7619120762715,52.08692700000029
3271.1855270127116,3410.0604528601702,52.0921244000001
3271.1855270127116,3424.931888241526,52.09773300000052
3271.1855270127116,3412.315505826271,52.10308690000056
3271.1855270127116,3428.444438559323,52.108174200000576
3271.1855270127116,3428.5061334745765,52.113366399999904
3271.1855270127116,3419.181391684321,52.118478600000344
3271.1855270127116,3414.566222192797,52.123633600000176
3271.1855270127116,3412.306175847458,52.12877420000041
3271.1855270127116,3436.2489896716097,52.13421860000017
3271.1855270127116,3426.3053535487293,52.13941840000007
3271.1855270127116,3452.541505561441,52.14465310000014
3271.1855270127116,3435.838756620764,52.149803899999824
3271.1855270127116,3436.6910394597453,52.155039000000215
3271.1855270127116,3418.745509798728,52.16016860000036
3271.1855270127116,3431.4686771716106,52.16682250000031
3271.1855270127116,3439.5602661546623,52.17360330000065
3271.1855270127116,3421.808746027542,52.17877420000059
3271.1855270127116,3420.7281832627123,52.18391410000004
3271.1855270127116,3412.4144054555095,52.189058800000566
3271.1855270127116,3415.8358275953397,52.194192800000565
3271.1855270127116,3416.656040783898,52.19926670000041
3271.1855270127116,3426.1971080508492,52.20524780000051
3271.1855270127116,3422.031295021187,52.21043009999994
3271.1855270127116,3422.7901840572044,52.21562919999997
3271.1855270127116,3407.6383315677967,52.22082899999987
3271.1855270127116,3440.382298728814,52.22597980000046
3271.1855270127116,3436.8871226165265,52.23108890000003
3271.1855270127116,3411.1270881885594,52.23666950000006
3271.1855270127116,3418.7305879237288,52.241772800000035
3271.1855270127116,3462.5992558262724,52.24690670000018
3271.1855270127116,3435.1610871292387,52.25209450000057
3271.1855270127116,3437.7211453919504,52.25727189999998
3271.1855270127116,3425.073327595339,52.262427200000275
3271.1855270127116,3433.082233845339,52.268042600000626
3271.1855270127116,3433.3881475105936,52.273213500000566
3271.1855270127116,3410.169815942797,52.27834299999995
3271.1855270127116,3413.015949417373,52.283465100000285
3271.1855270127116,3418.0169160487285,52.28857980000066
3271.1855270127116,3413.9733726165255,52.29365710000002
3271.1855270127116,3423.0711083156784,52.298774500000036
3271.1855270127116,3416.212543697035,52.30434800000057
3271.1855270127116,3431.8106739936447,52.312357599999814
3271.1855270127116,3456.00468220339,52.31978680000066
3271.1855270127116,3442.4605614406782,52.32781270000032
3271.1855270127116,3423.484094279661,52.33374340000046
3271.1855270127116,3419.0263294491533,52.33959390000018
3271.1855270127116,3423.7726032838978,52.34474709999995
3271.1855270127116,3424.786402277544,52.349926900000355
3271.1855270127116,3419.467259004238,52.355111200000465
3271.1855270127116,3448.329484904662,52.36042650000036
3271.1855270127116,3438.5199801377116,52.36561720000009
3271.1855270127116,3433.9913479872894,52.37078950000068
3271.1855270127116,3417.4282534427975,52.37677970000004
3271.1855270127116,3416.515356197034,52.38454400000046
3271.1855270127116,3409.28841631356,52.392428300000574
3271.1855270127116,3431.5458262711863,52.398736900000586
3271.1855270127116,3438.25696371822,52.404350000000704
3271.1855270127116,3445.612154396187,52.41019560000041
3271.1855270127116,3439.805033103814,52.415562400000454
3271.1855270127116,3396.02876059322,52.42071450000003
3271.1855270127116,3438.5482375529664,52.42646789999981
3271.1855270127116,3420.6911559851696,52.432015299999875
3271.1855270127116,3414.315475370764,52.43811090000054
3271.1855270127116,3396.8401443326284,52.44328610000048
3271.1855270127116,3447.6159057203386,52.44914330000029
3271.1855270127116,3450.0159269067794,52.45480790000056
3271.1855270127116,3453.2435672669485,52.46129060000021
3271.1855270127116,3410.7300384004243,52.46813650000058
3271.1855270127116,3428.680287341103,52.47613799999999
3271.1855270127116,3393.707665519068,52.48130440000023
3271.1855270127116,3439.69653601695,52.48802870000054
3271.1855270127116,3425.2524735169495,52.496262200000274
3271.1855270127116,3434.074568326273,52.50442440000006
3271.1855270127116,3405.4010778601696,52.5102037000006
3271.1855270127116,3426.5064075741534,52.515892800000074
3271.1855270127116,3429.5499589512706,52.52106020000065
3271.1855270127116,3416.85393273305,52.52621080000063
3271.1855270127116,3442.6290929555084,52.53134450000016
3271.1855270127116,3415.437462923729,52.5364926000002
3271.1855270127116,3413.1635275423737,52.54164219999984
3271.1855270127116,3419.9351536016966,52.54716780000035
3271.1855270127116,3410.4807719809323,52.554991200000586
3271.1855270127116,3422.340749470338,52.56020940000053
3271.1855270127116,3428.905056938559,52.565545100000236
3271.1855270127116,3434.6263903601703,52.57092890000058
3271.1855270127116,3429.239409427967,52.57708840000032
3271.1855270127116,3406.243955243644,52.58220630000051
3271.1855270127116,3417.72509401483,52.58825770000021
3271.1855270127116,3431.471543961865,52.59338370000023
3271.1855270127116,3403.723596398306,52.59936790000029
3271.1855270127116,3426.134405455509,52.60459780000019
3271.1855270127116,3444.2559229343224,52.61001519999991
3271.1855270127116,3414.8937089512715,52.615229800000634
3271.1855270127116,3404.066130826272,52.6230144000001
3271.1855270127116,3428.1516935911004,52.628892700000506
3271.1855270127116,3419.952586069916,52.634007499999825
3271.1855270127116,3435.3571477754253,52.639164600000186
3271.1855270127116,3448.964755031779,52.64433960000042
3271.1855270127116,3413.2660646186446,52.64944319999995
3271.1855270127116,3406.6648689088984,52.65456730000005
3271.1855270127116,3451.985705773306,52.6609524000005
3271.1855270127116,3441.8126562500006,52.66686740000023
3271.1855270127116,3416.4576099046603,52.672157300000435
3271.1855270127116,3430.1212579449148,52.677562200000466
3271.1855270127116,3420.87668697034,52.68263070000012
3271.1855270127116,3438.2139393538137,52.68838610000057
3271.1855270127116,3412.678973781781,52.6964796000002
3271.1855270127116,3407.7847007415253,52.70419790000051
3271.1855270127116,3444.903057468221,52.71235770000021
3271.1855270127116,3420.2320934851687,52.718722999999954
3271.1855270127116,3400.853471927967,52.72395229999984
3271.1855270127116,3452.430521716102,52.72999489999984
3271.1855270127116,3425.483428230934,52.73518940000031
3271.1855270127116,3423.481820709746,52.74041120000038
3271.1855270127116,3411.747362288136,52.7455202000001
3271.1855270127116,3413.3766459216117,52.750751200000195
3271.1855270127116,3415.352774099577,52.755908300000556
3271.1855270127116,3410.8662314618646,52.762285200000406
3271.1855270127116,3415.8591909427973,52.767707099999825
3271.1855270127116,3428.283364671611,52.7727859000006
3271.1855270127116,3424.1344054555093,52.77795109999988
3271.1855270127116,3416.495944120764,52.783049100000426
3271.1855270127116,3414.2466896186447,52.7881754
3271.1855270127116,3410.9108222987297,52.7932335000005
3271.1855270127116,3417.2971729343226,52.79910960000052
3271.1855270127116,3415.6277992584755,52.80419840000013
3271.1855270127116,3450.980227754237,52.809454400000504
3271.1855270127116,3432.6241181144073,52.81454940000003
3271.1855270127116,3430.1439194915256,52.819684699999925
3271.1855270127116,3414.325369438559,52.824756900000466
3271.1855270127116,3400.8827807203384,52.83079530000032
3271.1855270127116,3414.8031276483052,52.83772660000068
3271.1855270127116,3449.4315293961868,52.84293650000018
3271.1855270127116,3431.055233050848,52.84808609999982
3271.1855270127116,3407.1721822033896,52.8531952000003
3271.1855270127116,3422.095971927966,52.85839020000003
3271.1855270127116,3424.4673477224587,52.863524500000494
3271.1855270127116,3409.3455918961868,52.869980500000565
3271.1855270127116,3417.3608024364407,52.87815060000048
3271.1855270127116,3413.2183818855933,52.88349890000063
3271.1855270127116,3420.5499324682205,52.8894693000002
3271.1855270127116,3416.56421345339,52.89460300000064
3271.1855270127116,3421.39119835805,52.902148000000125
3271.1855270127116,3422.974372351694,52.90736520000064
3271.1855270127116,3414.4498675847453,52.9126124000004
3271.1855270127116,3419.5558275953395,52.917805099999896
3271.1855270127116,3440.127150423729,52.923633400000654
3271.1855270127116,3428.550211864407,52.92885579999984
3271.1855270127116,3432.649120762712,52.93397670000013
3271.1855270127116,3421.8765479343224,52.94231459999992
3271.1855270127116,3410.8157243114397,52.94949980000001
3271.1855270127116,3442.8208805614418,52.9545990000006
3271.1855270127116,3420.2540161546613,52.959803900000225
3271.1855270127116,3416.5843392478823,52.96505200000047
3271.1855270127116,3425.623156779661,52.97451060000003
3271.1855270127116,3461.2377820444913,52.98111590000008
3271.1855270127116,3434.0773795021187,52.98628860000008
3271.1855270127116,3400.153634798728,52.99140840000018
3271.1855270127116,3411.1186136122883,52.99654820000069
3271.1855270127116,3413.911341366526,53.00173520000044
3271.1855270127116,3409.6340876588974,53.006903200000124
3271.1855270127116,3422.05188029661,53.012925500000165
3271.1855270127116,3410.168866525424,53.018014799999946
3271.1855270127116,3442.899237288136,53.02323660000002
3271.1855270127116,3399.4768736758465,53.02835210000012
3271.1855270127116,3428.5825662076277,53.03356369999983
3271.1855270127116,3436.8674999999994,53.03872540000066
3271.1855270127116,3416.51782309322,53.045889300000454
3271.1855270127116,3408.9986440677967,53.053188599999885
3271.1855270127116,3412.075771980932,53.06092669999998
3271.1855270127116,3430.4478747351695,53.065989900000204
3271.1855270127116,3428.3434864936444,53.07170870000027
3271.1855270127116,3401.878825476696,53.07718670000031
3271.1855270127116,3409.705944120763,53.08246529999997
3271.1855270127116,3430.014945709747,53.087727000000086
3271.1855270127116,3407.4908024364413,53.092914400000154
3271.1855270127116,3426.807115995763,53.09803860000011
3271.1855270127116,3437.7653204449157,53.10321860000022
3271.1855270127116,3450.765478019068,53.10838690000037
3271.1855270127116,3433.475550847458,53.11361709999983
3271.1855270127116,3426.778311705509,53.11867260000054
3271.1855270127116,3414.827300052966,53.123745200000485
3271.1855270127116,3401.141440677967,53.128885699999955
3271.1855270127116,3399.4854965572044,53.134059800000614
3271.1855270127116,3430.9531660487296,53.139215799999874
3271.1855270127116,3404.447653601694,53.144568900000195
3271.1855270127116,3426.203054819916,53.14974419999999
3271.1855270127116,3431.00036943856,53.154977000000144
3271.1855270127116,3465.2064261122887,53.16019200000028
3271.1855270127116,3428.5581130826276,53.16529300000002
3271.1855270127116,3435.247939618645,53.170485000000554
3271.1855270127116,3404.20139036017,53.17570960000012
3271.1855270127116,3424.592241790255,53.18163910000021
3271.1855270127116,3418.9485844809333,53.18693330000042
3271.1855270127116,3423.5434931144073,53.192130700000234
3271.1855270127116,3415.244487552967,53.19731890000003
3271.1855270127116,3421.9923861228817,53.20250980000037
3271.1855270127116,3413.345250264831,53.207674600000246
3271.1855270127116,3430.6791128177974,53.21306330000061
3271.1855270127116,3420.509678230934,53.21858299999985
3271.1855270127116,3440.973869173729,53.223837300000014
3271.1855270127116,3422.508605667373,53.22905280000032
3271.1855270127116,3409.7960924258477,53.23417810000046
3271.1855270127116,3411.9157004766953,53.2393191000001
3271.1855270127116,3448.247097457628,53.244706500000575
3271.1855270127116,3424.2248847987294,53.25022870000066
3271.1855270127116,3416.329511387712,53.255435099999886
3271.1855270127116,3430.507710540254,53.26065470000049
3271.1855270127116,3433.4098252118647,53.265714400000434
3271.1855270127116,3418.852162341103,53.27079910000066
3271.1855270127116,3430.9576363877122,53.27608560000044
3271.1855270127116,3427.4179462394077,53.28150520000054
3271.1855270127116,3451.99748940678,53.28665880000062
3271.1855270127116,3405.923213718221,53.29182850000052
3271.1855270127116,3417.6010513771184,53.29696520000016
3271.1855270127116,3425.084302171609,53.302062800000385
3271.1855270127116,3422.3305362817805,53.307230500000514
3271.1855270127116,3409.7778495762714,53.31348370000069
3271.1855270127116,3426.624903336865,53.32181450000007
3271.1855270127116,3452.4953310381366,53.32743930000015
3271.1855270127116,3438.3867174258485,53.33270040000025
3271.1855270127116,3433.484956302966,53.33822610000061
3271.1855270127116,3440.998657309322,53.3441499999999
3271.1855270127116,3432.111292372881,53.3505367000007
3271.1855270127116,3408.4909798728813,53.3575950000004
3271.1855270127116,3427.9633712923733,53.36415560000023
3271.1855270127116,3408.4059745762715,53.372000899999875
3271.1855270127116,3425.268138241526,53.37832530000014
3271.1855270127116,3447.250414459746,53.38463570000022
3271.1855270127116,3420.978428230933,53.389706699999806
3271.1855270127116,3412.1830190677974,53.39548130000003
3271.1855270127116,3447.876847192796,53.400570300000254
3271.1855270127116,3419.3821596927964,53.406503500000326
3271.1855270127116,3402.1755733580508,53.41187489999993
3271.1855270127116,3422.611144067797,53.41813430000002
3271.1855270127116,3419.978073358052,53.424406300000555
3271.1855270127116,3412.2669425317786,53.43212680000033
3271.1855270127116,3438.60564618644,53.43948850000015
3271.1855270127116,3441.693665254238,53.445770500000435
3271.1855270127116,3419.9250688559323,53.451227700000345
3271.1855270127116,3436.156182468221,53.45941709999988
3271.1855270127116,3437.890088718221,53.466305800000555
3271.1855270127116,3401.927545021187,53.471475700000155
3271.1855270127116,3429.5529422669497,53.476708600000165
3271.1855270127116,3424.782951536017,53.481778600000325
3271.1855270127116,3410.9660235699143,53.48891129999993
3271.1855270127116,3420.5201204978816,53.49612789999992
3271.1855270127116,3443.7047894597463,53.50351890000002
3271.1855270127116,3430.625683262713,53.50871129999996
3271.1855270127116,3418.2288969809333,53.51389670000026
3271.1855270127116,3404.911203654662,53.51904640000066
3271.1855270127116,3437.535455508475,53.52504399999998
3271.1855270127116,3425.776852489407,53.53007860000071
3271.1855270127116,3413.0401853813555,53.535284200000206
3271.1855270127116,3418.77353151483,53.54047040000023
3271.1855270127116,3409.4517690677967,53.54568710000058
3271.1855270127116,3417.9921040783906,53.55095160000019
3271.1855270127116,3415.181267213983,53.55644470000061
3271.1855270127116,3451.904823887712,53.561981200000446
3271.1855270127116,3445.196976959747,53.56801059999998
3271.1855270127116,3422.542125264831,53.573499600000105
3271.1855270127116,3402.4616340042367,53.581076100000246
3271.1855270127116,3410.0038903601694,53.58942130000014
3271.1855270127116,3411.776256620762,53.596772599999895
3271.1855270127116,3412.6713506355936,53.60224600000038
3271.1855270127116,3430.068293167373,53.60747300000003
3271.1855270127116,3428.867461599577,53.612648600000284
3271.1855270127116,3441.6079859639844,53.61779970000043
3271.1855270127116,3433.7540267478826,53.62300039999991
3271.1855270127116,3446.229690148305,53.630303700000695
3271.1855270127116,3432.9283368644083,53.636973200000284
3271.1855270127116,3424.1326840572037,53.642380300000696
3271.1855270127116,3410.097550317797,53.650363200000356
3271.1855270127116,3419.5986665783894,53.65730750000057
3271.1855270127116,3431.161971663136,53.66250900000068
3271.1855270127116,3425.3033050847444,53.66833310000038
3271.1855270127116,3398.1732666843227,53.67343340000025
3271.1855270127116,3457.710802436441,53.67856930000016
3271.1855270127116,3420.239200211864,53.68369419999999
3271.1855270127116,3421.3877065677966,53.68879610000022
3271.1855270127116,3412.046648569915,53.69398379999984
3271.1855270127116,3416.461583686441,53.70049960000051
3271.1855270127116,3415.2002277542383,53.70758680000017
3271.1855270127116,3419.2593935381365,53.713925900000504
3271.1855270127116,3430.1434229343226,53.719624000000294
3271.1855270127116,3415.0506819385596,53.7248309000006
3271.1855270127116,3411.411247351696,53.730055200000606
3271.1855270127116,3432.690459480932,53.73711340000045
3271.1855270127116,3425.1280468750015,53.743736600000375
3271.1855270127116,3396.7867068326277,53.74883039999986
3271.1855270127116,3412.3720643538127,53.753958400000556
3271.1855270127116,3407.3771265889836,53.75906230000055
3271.1855270127116,3412.2612632415257,53.764187600000696
3271.1855270127116,3421.2363572563563,53.77169409999988
3271.1855270127116,3412.1227449682206,53.77760980000039
3271.1855270127116,3408.72585407839,53.78266330000042
3271.1855270127116,3429.2232163665267,53.78782570000021
3271.1855270127116,3412.02620365466,53.792942800000674
3271.1855270127116,3400.52359375,53.79806749999989
3271.1855270127116,3441.0018445444916,53.80316420000054
3271.1855270127116,3418.6277158368657,53.80926600000021
3271.1855270127116,3398.6756673728814,53.81433620000007
3271.1855270127116,3445.050966631357,53.81944530000055
3271.1855270127116,3427.721103019068,53.82459890000064
3271.1855270127116,3411.834940413137,53.82971140000063
3271.1855270127116,3447.768610963984,53.83481690000008
3271.1855270127116,3429.5015386652544,53.84297570000035
3271.1855270127116,3418.839721927966,53.848457600000074
3271.1855270127116,3405.804085010594,53.85363300000063
3271.1855270127116,3401.0798093220337,53.8588649000003
3271.1855270127116,3412.285851430084,53.86397560000023
3271.1855270127116,3427.9186718749997,53.869145100000424
3271.1855270127116,3423.035785222458,53.87485090000064
3271.1855270127116,3422.569997351695,53.88050170000042
3271.1855270127116,3415.0550132415265,53.88568060000034
3271.1855270127116,3433.706898834747,53.890811700000086
3271.1855270127116,3430.383030985169,53.89588420000018
3271.1855270127116,3414.0996941207636,53.90104969999993
3271.1855270127116,3419.621588983051,53.90611820000049
3271.1855270127116,3420.256333421611,53.91422650000004
3271.1855270127116,3419.553491790255,53.91946410000037
3271.1855270127116,3424.5690135063564,53.92464160000054
3271.1855270127116,3455.785436970339,53.92978159999984
3271.1855270127116,3417.707229872882,53.934877400000005
3271.1855270127116,3422.9284931144075,53.9400940000005
3271.1855270127116,3409.0991061970344,53.94634130000031
3271.1855270127116,3406.2040691207635,53.955174000000625
3271.1855270127116,3428.280513771186,53.96037179999985
3271.1855270127116,3421.0156978283903,53.96553959999983
3271.1855270127116,3401.0833448093226,53.970648399999845
3271.1855270127116,3448.6744226694914,53.975798000000395
3271.1855270127116,3430.745166843222,53.98558289999983
3271.1855270127116,3409.585427701272,53.99078610000015
3271.1855270127116,3428.753726165255,53.99595060000047
3271.1855270127116,3410.383740730933,54.00108530000034
3271.1855270127116,3424.57067664195,54.00620489999983
3271.1855270127116,3427.791186440678,54.01138609999998
3271.1855270127116,3438.995197298729,54.016723900000216
3271.1855270127116,3411.2055534957626,54.02192340000056
3271.1855270127116,3433.088203125001,54.02709170000071
3271.1855270127116,3426.5264631885602,54.03228339999987
3271.1855270127116,3428.6648887711863,54.03745590000017
3271.1855270127116,3439.50692664195,54.04259129999991
3271.1855270127116,3437.2351920021183,54.047822200000155
3271.1855270127116,3410.07826536017,54.05298630000016
3271.1855270127116,3461.451387711865,54.05810999999994
3271.1855270127116,3437.4096424788145,54.06326470000022
3271.1855270127116,3417.23628177966,54.068458000000646
3271.1855270127116,3399.7330137711865,54.0735752999999
3271.1855270127116,3415.188462658899,54.0787420000006
3271.1855270127116,3436.7857905190685,54.08391300000039
3271.1855270127116,3407.0547841631364,54.08954530000028
3271.1855270127116,3425.8138268008483,54.09766740000032
3271.1855270127116,3443.7743313029664,54.10520170000018
3271.1855270127116,3417.9029382944914,54.112662600000476
3271.1855270127116,3426.9878416313563,54.12006120000024
3271.1855270127116,3430.119430614408,54.127798800000164
3271.1855270127116,3412.8568617584756,54.13299470000038
3271.1855270127116,3439.060607786017,54.13820120000037
3271.1855270127116,3434.6522139830527,54.14346620000015
3271.1855270127116,3428.163557997881,54.148691000000326
3271.1855270127116,3420.513560646187,54.15388630000052
3271.1855270127116,3463.09492717161,54.159472400000595
3271.1855270127116,3432.932861493645,54.167579599999954
3271.1855270127116,3406.3707203389836,54.17521769999985
3271.1855270127116,3407.1735023834744,54.18231190000006
3271.1855270127116,3439.781018273306,54.190650200000164
3271.1855270127116,3450.0872192796605,54.197003700000096
3271.1855270127116,3426.1433249470356,54.20305280000048
3271.1855270127116,3411.620321769069,54.208865500000684
3271.1855270127116,3419.070721663136,54.21419640000022
3271.1855270127116,3417.3514764300853,54.22019309999996
3271.1855270127116,3415.981048728814,54.2253797000003
3271.1855270127116,3417.49013506356,54.23143340000024
3271.1855270127116,3451.704688824152,54.23658230000001
3271.1855270127116,3425.2853813559327,54.24256770000011
3271.1855270127116,3408.873927436441,54.24782830000004
3271.1855270127116,3423.141126853814,54.255062799999905
3271.1855270127116,3410.0088360699165,54.261396400000194
3271.1855270127116,3461.6322166313566,54.266656599999806
3271.1855270127116,3406.8034255826274,54.27179860000069
3271.1855270127116,3452.5845338983054,54.276963700000124
3271.1855270127116,3427.572639036017,54.282181200000196
3271.1855270127116,3417.3246067266946,54.287316900000405
3271.1855270127116,3415.106252648304,54.29251090000071
3271.1855270127116,3425.357527807203,54.297658700000284
3271.1855270127116,3408.3345670021195,54.30339920000006
3271.1855270127116,3430.2898119703386,54.30889230000048
3271.1855270127116,3411.826018273305,54.317241800000374
3271.1855270127116,3414.9189128707626,54.32553470000039
3271.1855270127116,3438.956394332627,54.33177450000039
3271.1855270127116,3452.300579978815,54.33692560000054
3271.1855270127116,3443.427836334745,54.34211320000031
3271.1855270127116,3407.083306408899,54.347250700000586
3271.1855270127116,3415.5226562500006,54.35239960000035
3271.1855270127116,3403.7302727754245,54.35753900000054
3271.1855270127116,3407.8105164194917,54.362672199999906
3271.1855270127116,3418.552211334745,54.36775380000017
3271.1855270127116,3405.7697576800847,54.375816900000245
3271.1855270127116,3409.6267571504236,54.38289460000033
3271.1855270127116,3432.179217425847,54.39019450000069
3271.1855270127116,3413.995086069916,54.398050599999806
3271.1855270127116,3399.2101019597453,54.40361010000015
3271.1855270127116,3413.003369968221,54.409354800000074
3271.1855270127116,3429.4430164194914,54.41748120000011
3271.1855270127116,3417.739831832628,54.42404110000007
3271.1855270127116,3418.6043670550844,54.429345399999875
3271.1855270127116,3436.237654925848,54.43749190000017
3271.1855270127116,3416.68787473517,54.44423730000017
3271.1855270127116,3421.579533898306,54.44973100000061
3271.1855270127116,3397.5670166843224,54.45703810000032
3271.1855270127116,3430.538355402544,54.46301570000014
3271.1855270127116,3407.240985169491,54.4681786000001
3271.1855270127116,3443.836682997882,54.47588739999992
3271.1855270127116,3435.224118114407,54.48294510000051
3271.1855270127116,3407.946978283898,54.488498400000026
3271.1855270127116,3438.815350900424,54.49455200000011
3271.1855270127116,3430.778605667374,54.49979480000002
3271.1855270127116,3404.5541114936445,54.50712149999981
3271.1855270127116,3409.302356991526,54.513554600000134
3271.1855270127116,3434.856995497882,54.51867310000034
3271.1855270127116,3421.7417161016947,54.52378779999981
3271.1855270127116,3438.8245471398313,54.52891170000021
3271.1855270127116,3427.1873490466105,54.53407580000021
3271.1855270127116,3401.084642478813,54.539148700000624
3271.1855270127116,3427.312032574153,54.544342099999994
3271.1855270127116,3430.4048728813573,54.54949350000061
3271.1855270127116,3423.18073887712,54.55469919999996
3271.1855270127116,3418.33384401483,54.55985940000028
3271.1855270127116,3439.9048252118646,54.56497750000017
3271.1855270127116,3404.21199417373,54.57013310000002
3271.1855270127116,3407.286432733051,54.575198999999884
3271.1855270127116,3412.5367399364413,54.581932699999925
3271.1855270127116,3410.6392333156787,54.587427400000706
3271.1855270127116,3432.4449682203394,54.594585100000586
3271.1855270127116,3431.0032468220347,54.59989560000031
3271.1855270127116,3405.040225105932,54.6052107000005
3271.1855270127116,3408.1569743114414,54.610508600000685
3271.1855270127116,3433.884333951271,54.616261699999995
3271.1855270127116,3415.7755971927963,54.62162030000036
3271.1855270127116,3412.9774668961863,54.62995420000061
3271.1855270127116,3420.516487023305,54.63563680000061
3271.1855270127116,3440.115209216102,54.64088119999997
3271.1855270127116,3421.1923265360165,54.64845180000066
3271.1855270127116,3405.388710275424,54.65363160000015
3271.1855270127116,3405.980778601696,54.65873240000019
3271.1855270127116,3434.624012182204,54.663806399999885
3271.1855270127116,3418.241539989408,54.66891840000062
3271.1855270127116,3418.3103005826265,54.6740961000005
3271.1855270127116,3427.1065201271185,54.67919940000047
3271.1855270127116,3442.8678191207628,54.68568050000067
3271.1855270127116,3452.877192796611,54.693795500000306
3271.1855270127116,3428.7923728813557,54.700246000000334
3271.1855270127116,3420.95872351695,54.70647580000059
3271.1855270127116,3423.900960010594,54.711833500000466
3271.1855270127116,3412.387143802967,54.71795790000033
3271.1855270127116,3415.2165466101706,54.72308090000024
3271.1855270127116,3447.419507415255,54.7281794999999
3271.1855270127116,3410.594302171611,54.73332710000068
3271.1855270127116,3424.652184851695,54.73845070000061
3271.1855270127116,3416.646378442797,54.7436144000003
3271.1855270127116,3428.6241988877123,54.748708400000396
3271.1855270127116,3454.259165783898,54.7548824000005
3271.1855270127116,3400.2388413665262,54.76029079999989
3271.1855270127116,3411.802884004238,54.7670392
3271.1855270127116,3418.7847073622893,54.77333510000062
3271.1855270127116,3431.577517213984,54.77878740000051
3271.1855270127116,3437.582816472457,54.78578480000033
3271.1855270127116,3413.8181686970347,54.793809700000565
3271.1855270127116,3413.6634653072038,54.7989735000001
3271.1855270127116,3430.1169173728817,54.80426030000035
3271.1855270127116,3426.3146702860167,54.80943400000069
3271.1855270127116,3443.436019597458,54.81661560000066
3271.1855270127116,3407.9346689618637,54.825070300000334
3271.1855270127116,3429.602008739407,54.83267789999991
3271.1855270127116,3390.518061440678,54.84018520000063
3271.1855270127116,3413.5838678495757,54.848444799999925
3271.1855270127116,3404.788678495763,54.85612480000054
3271.1855270127116,3436.7448437500007,54.86318780000056
3271.1855270127116,3419.0010076800836,54.8685832000001
3271.1855270127116,3421.9536904131364,54.87378489999992
3271.1855270127116,3414.0377913135594,54.87926620000053
3271.1855270127116,3417.984433262712,54.88450190000003
3271.1855270127116,3402.377049788136,54.88963690000037
3271.1855270127116,3439.6611930614404,54.8965446000002
3271.1855270127116,3425.170335010593,54.90466740000011
3271.1855270127116,3439.191130826272,54.912763400000586
3271.1855270127116,3425.750192002119,54.92085080000015
3271.1855270127116,3438.0371212923746,54.92735080000057
3271.1855270127116,3460.017706567796,54.932460699999865
3271.1855270127116,3417.453936705509,54.940526299999874
3271.1855270127116,3419.658000529661,54.947890700000244
3271.1855270127116,3432.4621040783895,54.95368510000026
3271.1855270127116,3414.916224841101,54.96138880000035
3271.1855270127116,3413.9192161016954,54.967786799999885
3271.1855270127116,3409.2327846927965,54.97290310000062
3271.1855270127116,3418.365448887712,54.97807330000069
3271.1855270127116,3427.933356726696,54.983243000000584
3271.1855270127116,3446.8084375000008,54.98841960000027
3271.1855270127116,3403.0298742055083,54.993620100000044
3271.1855270127116,3406.233569915255,54.99879990000045
3271.1855270127116,3407.721242055084,55.00467639999988
3271.1855270127116,3410.674958951272,55.012918600000376
3271.1855270127116,3425.2890148305087,55.01883809999981
3271.1855270127116,3420.5577423199156,55.024438700000246
3271.1855270127116,3427.8281845868646,55.029647500000465
3271.1855270127116,3424.274043961865,55.035346100000424
3271.1855270127116,3408.807731726696,55.040546500000346
3271.1855270127116,3440.2944292902557,55.04578300000048
3271.1855270127116,3401.0853601694917,55.051021300000684
3271.1855270127116,3431.3406157309328,55.05624820000048
3271.1855270127116,3423.2453720868652,55.06138490000012
3271.1855270127116,3430.30913003178,55.06660009999996
3271.1855270127116,3406.1969332627123,55.07169849999991
3271.1855270127116,3416.711800847458,55.076927400000386
3271.1855270127116,3405.231318855932,55.0820633000003
3271.1855270127116,3438.2191684322033,55.087315700000545
3271.1855270127116,3428.879021451272,55.09244900000067
3271.1855270127116,3437.6731951800857,55.097741399999904
3271.1855270127116,3429.743132944916,55.10289390000071
3271.1855270127116,3416.7936957097454,55.1109290000004
3271.1855270127116,3444.4988996292377,55.11914560000059
3271.1855270127116,3403.7054290254246,55.12608249999994
3271.1855270127116,3408.9975357521207,55.13122420000036
3271.1855270127116,3437.9476906779673,55.13672959999985
3271.1855270127116,3443.271170550849,55.14181640000061
3271.1855270127116,3453.629593485171,55.14698159999989
3271.1855270127116,3413.005758739407,55.1520715000006
3271.1855270127116,3425.8943021716113,55.157293400000526
3271.1855270127116,3420.251497616526,55.16247160000057
3271.1855270127116,3462.705881885594,55.16889790000005
3271.1855270127116,3416.9758487817794,55.175803400000405
3271.1855270127116,3429.1125304555085,55.18093769999996
3271.1855270127116,3427.882398040255,55.18615769999997
3271.1855270127116,3450.8932640360167,55.191236100000424
3271.1855270127116,3433.8560315148306,55.19640640000034
3271.1855270127116,3418.9163029661026,55.201579700000366
3271.1855270127116,3412.077621822034,55.20754399999987
3271.1855270127116,3406.6502899894067,55.21275770000011
3271.1855270127116,3424.141359904661,55.21788259999994
3271.1855270127116,3424.6284123411024,55.222975399999996
3271.1855270127116,3406.3901734639826,55.22824600000058
3271.1855270127116,3428.31717690678,55.23340350000035
3271.1855270127116,3419.0740704449145,55.24018380000052
3271.1855270127116,3415.4275781250008,55.24598010000045
3271.1855270127116,3422.2282799258487,55.251152800000455
3271.1855270127116,3434.068773834746,55.25694900000053
3271.1855270127116,3436.9507600635598,55.26205519999985
3271.1855270127116,3462.551173199153,55.267885000000206
3271.1855270127116,3435.518148834746,55.275862999999845
3271.1855270127116,3412.2039420021183,55.28101460000016
3271.1855270127116,3430.2096398305093,55.286139800000456
3271.1855270127116,3416.6193180614405,55.29129820000071
3271.1855270127116,3422.87537473517,55.29646610000054
3271.1855270127116,3430.6390810381367,55.30159900000035
3271.1855270127116,3424.5331739936455,55.30692040000031
3271.1855270127116,3412.360519067797,55.3152256000003
3271.1855270127116,3415.2546557203395,55.32344290000037
3271.1855270127116,3422.980111228813,55.33060970000042
3271.1855270127116,3418.1634255826275,55.33780019999995
3271.1855270127116,3413.466742584746,55.34617210000033
3271.1855270127116,3423.6097391419507,55.35153780000019
3271.1855270127116,3459.715793167373,55.356748700000026
3271.1855270127116,3455.370205243644,55.36187990000053
3271.1855270127116,3441.6182375529665,55.367002400000274
3271.1855270127116,3414.3566406250006,55.37211590000061
3271.1855270127116,3432.6005760063563,55.3776213000001
3271.1855270127116,3454.9687248411024,55.38598000000002
3271.1855270127116,3422.9556713453394,55.39422850000028
3271.1855270127116,3417.8116406250006,55.399806600000375
3271.1855270127116,3411.3564817266956,55.40509920000022
3271.1855270127116,3427.0085381355934,55.41100580000057
3271.1855270127116,3427.8094120762726,55.41667200000029
3271.1855270127116,3447.7768922139835,55.421930299999985
3271.1855270127116,3444.0484441207627,55.42712759999995
3271.1855270127116,3426.9968140889832,55.43226390000018
3271.1855270127116,3425.89063559322,55.437405700000454
3271.1855270127116,3415.8507057733054,55.442574499999864
3271.1855270127116,3415.3584494173733,55.44797749999998
3271.1855270127116,3463.386006355932,55.45590119999997
3271.1855270127116,3424.8731845868638,55.461159399999815
3271.1855270127116,3444.882138506355,55.466349000000264
3271.1855270127116,3447.1742650953393,55.47155300000031
3271.1855270127116,3446.7571490995774,55.476681799999824
3271.1855270127116,3420.65498940678,55.48181999999997
3271.1855270127116,3409.3510037076267,55.48770479999985
3271.1855270127116,3435.8527701271187,55.49535370000012
3271.1855270127116,3425.71340042373,55.503392700000404
3271.1855270127116,3434.12980667373,55.51159390000066
3271.1855270127116,3405.5174298199163,55.518751300000076
3271.1855270127116,3408.3979065148305,55.52431340000021
3271.1855270127116,3425.5522868114417,55.530645100000584
3271.1855270127116,3424.9509308792385,55.538038400000005
3271.1855270127116,3450.1695007944913,55.543212500000664
3271.1855270127116,3432.3851483050867,55.54854560000058
3271.1855270127116,3432.413046875,55.55673610000031
3271.1855270127116,3423.276567796611,55.56412679999994
3271.1855270127116,3421.8501377118655,55.57243389999985
3271.1855270127116,3408.4782428495764,55.579467999999906
3271.1855270127116,3439.1138863877136,55.584580700000515
3271.1855270127116,3418.0991260593223,55.5915001000003
3271.1855270127116,3425.8055865995757,55.597050800000034
3271.1855270127116,3402.1176615466097,55.60216980000041
3271.1855270127116,3419.348449417373,55.60730719999992
3271.1855270127116,3436.646280455509,55.61249550000048
3271.1855270127116,3424.048832097458,55.61762720000024
3271.1855270127116,3434.263068061441,55.62273980000009
3271.1855270127116,3410.1750225105934,55.628645300000244
3271.1855270127116,3414.0982891949143,55.636633000000074
3271.1855270127116,3415.01853151483,55.64368900000045
3271.1855270127116,3433.0157521186447,55.64939560000039
3271.1855270127116,3423.4591724046622,55.65747629999987
3271.1855270127116,3427.105517743644,55.66448430000037
3271.1855270127116,3405.6248477224576,55.67070930000045
3271.1855270127116,3418.466320180086,55.676167200000236
3271.1855270127116,3424.236060646187,55.68160040000021
3271.1855270127116,3430.083089247881,55.68677040000057
3271.1855270127116,3419.7807891949165,55.69466680000005
3271.1855270127116,3427.8580402542375,55.70197180000014
3271.1855270127116,3430.8517240466117,55.707146300000204
3271.1855270127116,3431.254017478814,55.71235460000025
3271.1855270127116,3418.3608832097466,55.71745869999995
3271.1855270127116,3442.8084269067804,55.722670900000594
3271.1855270127116,3433.633482521187,55.72783690000051
3271.1855270127116,3453.8189737817797,55.73508270000002
3271.1855270127116,3406.6142200741524,55.74230700000044
3271.1855270127116,3448.5049483580515,55.7487842999999
3271.1855270127116,3430.040663400424,55.753981800000474
3271.1855270127116,3424.74050450212,55.76003250000031
3271.1855270127116,3399.5736228813557,55.7669278000003
3271.1855270127116,3409.8911546610175,55.77517100000023
3271.1855270127116,3453.6667121292376,55.78214459999981
3271.1855270127116,3421.2163532838986,55.7899809999999
3271.1855270127116,3404.5020709745772,55.79514930000005
3271.1855270127116,3423.6328588453384,55.80186289999983
3271.1855270127116,3417.49583818856,55.80926670000008
3271.1855270127116,3431.465617055086,55.8143869000005
3271.1855270127116,3423.2581819385596,55.81957160000002
3271.1855270127116,3414.6458699682203,55.82473130000017
3271.1855270127116,3410.376030190678,55.82989350000025
3271.1855270127116,3428.333371292374,55.83504919999996
3271.1855270127116,3427.067866790255,55.84050019999995
3271.1855270127116,3413.381414194915,55.84568440000021
3271.1855270127116,3425.491035487289,55.85159509999994
3271.1855270127116,3412.3422351694917,55.85672909999994
3271.1855270127116,3449.828891684322,55.863093500000105
3271.1855270127116,3422.1730177436434,55.87134260000039
3271.1855270127116,3454.8191565148304,55.879286800000045
3271.1855270127116,3421.9664181673734,55.88454030000048
3271.1855270127116,3441.973663930084,55.89061480000055
3271.1855270127116,3452.4532507944928,55.89573030000065
3271.1855270127116,3423.98786414195,55.90249589999985
3271.1855270127116,3412.133413665255,55.91064559999995
3271.1855270127116,3458.632729078391,55.91579920000004
3271.1855270127116,3452.2654078389824,55.92241379999996
3271.1855270127116,3431.5860659427967,55.93062430000009
3271.1855270127116,3420.529455773304,55.937584600000264
3271.1855270127116,3440.8559494173737,55.943854699999974
3271.1855270127116,3424.8524735169494,55.94903620000059
3271.1855270127116,3420.1836347987296,55.95580750000045
3271.1855270127116,3409.922563559323,55.961255000000165
3271.1855270127116,3419.8968207097455,55.96628370000053
3271.1855270127116,3421.726716101696,55.972933800000646
3271.1855270127116,3424.522752913137,55.978218400000515
3271.1855270127116,3415.2010248940687,55.986056000000644
3271.1855270127116,3440.762595338984,55.993398000000525
3271.1855270127116,3425.6655971927976,55.999390300000414
3271.1855270127116,3445.9104594809323,56.00661840000066
3271.1855270127116,3428.1635222457626,56.015500900000006
3271.1855270127116,3419.7732640360173,56.02097450000019
3271.1855270127116,3415.1843485169493,56.02611010000055
3271.1855270127116,3426.9028866525427,56.031204300000354
3271.1855270127116,3414.431345338984,56.036363500000334
3271.1855270127116,3411.4573477224576,56.041534500000125
3271.1855270127116,3407.469149894068,56.04670309999983
3271.1855270127116,3426.5910765360186,56.05200210000021
3271.1855270127116,3404.8296014300845,56.05721280000034
3271.1855270127116,3440.4079197563565,56.06412090000049
3271.1855270127116,3407.2738360699154,56.071415700000216
3271.1855270127116,3444.748433527542,56.07677750000039
3271.1855270127116,3424.6893644067795,56.082881299999826
3271.1855270127116,3409.337286811442,56.087993400000414
3271.1855270127116,3425.856414194916,56.09319770000002
3271.1855270127116,3432.3187473516964,56.09830140000031
3271.1855270127116,3409.603420286017,56.103492400000505
3271.1855270127116,3423.6224761652556,56.10856440000043
3271.1855270127116,3435.010950741526,56.11377140000059
3271.1855270127116,3432.300127118645,56.11893180000061
3271.1855270127116,3455.7265413135597,56.124981599999956
3271.1855270127116,3430.825899099576,56.13018270000066
3271.1855270127116,3421.499969544492,56.135364100000515
3271.1855270127116,3455.572021980933,56.14059730000008
3271.1855270127116,3435.8226178495765,56.14574730000004
3271.1855270127116,3408.659835805084,56.15090550000059
3271.1855270127116,3398.1934811970336,56.15775459999986
3271.1855270127116,3425.5056408898313,56.16307010000037
3271.1855270127116,3458.403841366525,56.16822950000005
3271.1855270127116,3407.343784427966,56.173481300000276
3271.1855270127116,3426.234604078391,56.17864660000032
3271.1855270127116,3444.174000264831,56.183895199999824
3271.1855270127116,3453.2685328389834,56.18946120000055
3271.1855270127116,3423.0203800317804,56.194704399999864
3271.1855270127116,3430.5727582097456,56.19987130000027
3271.1855270127116,3416.4442452330513,56.20502800000031
3271.1855270127116,3412.3634891419497,56.21018350000031
3271.1855270127116,3418.026898834746,56.215333699999974
3271.1855270127116,3410.7261851165254,56.22052900000017
3271.1855270127116,3455.1873371292377,56.228719900000215
3271.1855270127116,3422.6771159957634,56.23701190000065
3271.1855270127116,3444.0717253707626,56.24376740000025
3271.1855270127116,3445.635033103814,56.249215200000435
3271.1855270127116,3418.247288135594,56.25577780000003
3271.1855270127116,3411.02188029661,56.26294169999983
3271.1855270127116,3398.453617584746,56.268036700000266
3271.1855270127116,3430.6200423728815,56.27324800000042
3271.1855270127116,3418.0374695444916,56.27839170000061
3271.1855270127116,3427.85669226695,56.28363189999982
3271.1855270127116,3424.351721398306,56.28874690000066
3271.1855270127116,3415.603988347458,56.294819100000495
3271.1855270127116,3417.685037076272,56.29991960000007
3271.1855270127116,3443.968945974577,56.305100100000345
3271.1855270127116,3432.345549523305,56.31023710000045
3271.1855270127116,3417.8214353813573,56.31541819999984
3271.1855270127116,3437.1541922669494,56.3204910000004
3271.1855270127116,3422.0519637182215,56.32694609999999
3271.1855270127116,3436.9885262182206,56.33266790000016
3271.1855270127116,3400.8306448622884,56.3377717000003
3271.1855270127116,3427.6522709216115,56.34286169999996
3271.1855270127116,3394.161685646187,56.34801890000017
3271.1855270127116,3431.506812764832,56.35317339999983
3271.1855270127116,3436.329148569915,56.35828010000023
3271.1855270127116,3419.6120378707647,56.364241799999945
3271.1855270127116,3447.7517280190677,56.36933700000009
3271.1855270127116,3413.0154581567795,56.37614290000056
3271.1855270127116,3434.849716631356,56.38430160000007
3271.1855270127116,3393.7781885593213,56.392598100000214
3271.1855270127116,3410.813746027543,56.400368000000526
3271.1855270127116,3431.060083421611,56.40644590000011
3271.1855270127116,3429.0022100105925,56.41158450000057
3271.1855270127116,3418.6982388771194,56.41954429999987
3271.1855270127116,3420.6566300317795,56.425062600000274
3271.1855270127116,3437.6681594279667,56.4305516000004
3271.1855270127116,3445.0200569385597,56.43818220000048
3271.1855270127116,3420.2567518538144,56.4447882000004
3271.1855270127116,3432.9946769067797,56.450292000000445
3271.1855270127116,3405.0034467690675,56.45618540000032
3271.1855270127116,3414.000934851695,56.46135690000028
3271.1855270127116,3431.9609335275422,56.46748650000063
3271.1855270127116,3434.0779250529663,56.473138199999994
3271.1855270127116,3442.6313360699155,56.48077199999989
3271.1855270127116,3442.57348384534,56.48756659999981
3271.1855270127116,3463.286500264832,56.493363800000225
3271.1855270127116,3420.386602224575,56.5014885999999
3271.1855270127116,3448.740587923729,56.507879600000706
3271.1855270127116,3427.367751588984,56.51314210000055
3271.1855270127116,3395.274299523306,56.51841500000046
3271.1855270127116,3404.2845550847464,56.52358110000023
3271.1855270127116,3428.5797722457637,56.528728300000694
3271.1855270127116,3410.1538215042365,56.53390209999998
3271.1855270127116,3436.3450066207633,56.54158460000053
3271.1855270127116,3446.135011917372,56.54730130000007
3271.1855270127116,3424.9950873940675,56.552477700000054
3271.1855270127116,3407.0827476165255,56.55763879999995
3271.1855270127116,3460.0495458156784,56.56271629999992
3271.1855270127116,3436.0125622351693,56.567886400000134
3271.1855270127116,3415.0588042902546,56.57321670000056
3271.1855270127116,3426.241632680086,56.58137020000049
3271.1855270127116,3447.447652277543,56.587403300000005
3271.1855270127116,3426.1763691737297,56.59251889999996
3271.1855270127116,3420.0591618114418,56.597713600000134
3271.1855270127116,3406.043397775424,56.602910800000245
3271.1855270127116,3432.4765876588986,56.609781099999964
3271.1855270127116,3435.764172404661,56.61715670000012
3271.1855270127116,3404.064357786018,56.62227190000067
3271.1855270127116,3420.1638718220343,56.62944990000051
3271.1855270127116,3428.2097298728822,56.63702740000008
3271.1855270127116,3416.706787605932,56.64217480000025
3271.1855270127116,3418.7295656779665,56.647962500000176
3271.1855270127116,3424.5804939088994,56.65313270000024
3271.1855270127116,3429.1186679025427,56.65827730000001
3271.1855270127116,3440.090406514831,56.663439500000095
3271.1855270127116,3417.366655190678,56.66856250000001
3271.1855270127116,3421.708637447035,56.67375390000052
3271.1855270127116,3446.7388969809326,56.68044650000047
3271.1855270127116,3442.2411056673745,56.68715450000036
3271.1855270127116,3426.952037870763,56.69521970000005
3271.1855270127116,3435.3832852224587,56.70332899999994
3271.1855270127116,3445.8451032839,56.71083350000026
3271.1855270127116,3437.8371212923726,56.71792360000018
3271.1855270127116,3444.3174258474583,56.723031900000024
3271.1855270127116,3434.920517743645,56.728207799999836
3271.1855270127116,3432.82727621822,56.73322980000012
3271.1855270127116,3430.974258474576,56.7383576000002
3271.1855270127116,3423.852045815679,56.74345770000036
3271.1855270127116,3416.8595219809326,56.75012570000035
3271.1855270127116,3431.741845868645,56.75696450000032
3271.1855270127116,3417.371743908898,56.7621678000005
3271.1855270127116,3406.861264565679,56.76734320000014
3271.1855270127116,3418.392408633475,56.77248000000054
3271.1855270127116,3407.359103548729,56.77762560000065
3271.1855270127116,3435.948380561441,56.78279770000063
3271.1855270127116,3425.11105667373,56.78897430000052
3271.1855270127116,3416.1337844279665,56.79406370000015
3271.1855270127116,3393.280405190679,56.80124690000048
3271.1855270127116,3441.8565783898307,56.8085772000004
3271.1855270127116,3413.8592597987295,56.81621230000019
3271.1855270127116,3412.8042412605932,56.82140150000032
3271.1855270127116,3441.4273755296617,56.826615500000116
3271.1855270127116,3418.268555349577,56.83179150000069
3271.1855270127116,3444.3277807203394,56.836919400000625
3271.1855270127116,3425.3441009004255,56.842027900000176
3271.1855270127116,3414.101057997881,56.8472369000001
3271.1855270127116,3412.2351403601697,56.855370700000094
3271.1855270127116,3418.2945180084753,56.86273369999981
3271.1855270127116,3406.4671782309324,56.86941879999995
3271.1855270127116,3423.4684480932206,56.87462570000025
3271.1855270127116,3432.429675582628,56.8802426000002
3271.1855270127116,3415.5265624999997,56.88601819999985
3271.1855270127116,3421.2123146186445,56.89168520000021
3271.1855270127116,3423.74513506356,56.89690000000064
3271.1855270127116,3448.358142213984,56.90496170000006
3271.1855270127116,3424.4303138241535,56.910186400000384
3271.1855270127116,3425.693413665256,56.915236200000436
3271.1855270127116,3427.0348397775433,56.92083720000028
3271.1855270127116,3409.7019531250007,56.92674440000064
3271.1855270127116,3430.835683262713,56.93205760000001
3271.1855270127116,3434.844506091102,56.938127800000075
3271.1855270127116,3405.581779661017,56.94356190000053
3271.1855270127116,3415.471027542374,56.94983980000052
3271.1855270127116,3398.7664181673726,56.954963099999986
3271.1855270127116,3425.1400966631354,56.96344349999981
3271.1855270127116,3418.0879925847466,56.97049370000059
3271.1855270127116,3426.2837645656778,56.97709870000017
3271.1855270127116,3421.154446504237,56.98225480000019
3271.1855270127116,3428.7504780190684,56.9874032000007
3271.1855270127116,3414.390192002119,56.99295940000047
3271.1855270127116,3420.2387473516956,56.99976250000054
3271.1855270127116,3407.4797669491522,57.00502850000066
3271.1855270127116,3418.109372351696,57.011061100000006
3271.1855270127116,3419.7956104343225,57.01633360000051
3271.1855270127116,3437.2718895656776,57.023742200000015
3271.1855270127116,3423.7416353283907,57.03204950000054
3271.1855270127116,3424.6773556673743,57.038669700000355
3271.1855270127116,3429.884552436442,57.04386479999994
3271.1855270127116,3417.2549695444923,57.049014300000636
3271.1855270127116,3428.2836705508485,57.054132300000674
3271.1855270127116,3418.33639565678,57.05994110000029
3271.1855270127116,3416.292428495761,57.06755920000069
3271.1855270127116,3411.018816207629,57.075249800000165
3271.1855270127116,3416.363237552966,57.08139610000035
3271.1855270127116,3420.280459480932,57.086541800000305
3271.1855270127116,3420.616549258474,57.09367720000046
3271.1855270127116,3435.0284891419496,57.100746699999945
3271.1855270127116,3411.6165611758474,57.10584199999994
3271.1855270127116,3415.752895921611,57.112213899999915
3271.1855270127116,3409.3544769597465,57.11730510000052
3271.1855270127116,3418.6329435911025,57.12242289999995
3271.1855270127116,3434.4173927436436,57.12763249999989
3271.1855270127116,3442.934745762712,57.13532579999992
3271.1855270127116,3441.7799351165263,57.14103630000045
3271.1855270127116,3422.294876853814,57.14620449999984
3271.1855270127116,3453.2031753177966,57.15138170000046
3271.1855270127116,3403.895611758475,57.15650360000018
3271.1855270127116,3435.7661665783908,57.16164900000058
3271.1855270127116,3423.963418961864,57.166783900000155
3271.1855270127116,3422.356490995764,57.172833500000706
3271.1855270127116,3416.4432176906785,57.17799340000056
3271.1855270127116,3419.00070842161,57.18314509999982
3271.1855270127116,3401.3624695444923,57.18826119999994
3271.1855270127116,3435.2333024364407,57.193395400000554
3271.1855270127116,3423.4886056673736,57.198463300000185
3271.1855270127116,3395.8752184851687,57.20413530000042
3271.1855270127116,3416.4163334216105,57.21051070000067
3271.1855270127116,3432.2472987288133,57.21612880000066
3271.1855270127116,3400.9066406250013,57.2214840000006
3271.1855270127116,3402.6789711334745,57.2267382
3271.1855270127116,3395.511780985169,57.23275030000059
3271.1855270127116,3414.7940929555084,57.238164100000176
3271.1855270127116,3427.606201006356,57.24345050000011
3271.1855270127116,3410.8322431144074,57.2485858
3271.1855270127116,3426.0269663665263,57.254530900000645
3271.1855270127116,3401.577055084746,57.2596781000002
3271.1855270127116,3427.059202860171,57.26476960000036
3271.1855270127116,3421.1412010063573,57.27012550000018
3271.1855270127116,3453.726481726696,57.27538989999994
3271.1855270127116,3427.1281157309327,57.28051460000006
3271.1855270127116,3441.602637711865,57.28564689999985
3271.1855270127116,3435.269535222457,57.29086330000064
3271.1855270127116,3424.803515625001,57.2959922
3271.1855270127116,3418.7219544491527,57.301198099999965
3271.1855270127116,3416.440813029662,57.30635880000045
3271.1855270127116,3406.5557494703385,57.312407299999904
3271.1855270127116,3421.3338519597473,57.31754650000039
3271.1855270127116,3409.911892213984,57.322743300000184
3271.1855270127116,3403.3685341631362,57.327858700000434
3271.1855270127116,3428.1043617584764,57.33297159999984
3271.1855270127116,3427.2824589512716,57.338018999999804
3271.1855270127116,3422.917795286018,57.343545700000504
3271.1855270127116,3423.2086109639836,57.348684700000376
3271.1855270127116,3439.3328085275425,57.35381000000052
3271.1855270127116,3412.3285090042373,57.3589935
3271.1855270127116,3411.7147100105926,57.36409210000056
3271.1855270127116,3417.761975635594,57.36925239999982
3271.1855270127116,3420.555432997882,57.37440240000069
3271.1855270127116,3425.458339512711,57.38006860000041
3271.1855270127116,3414.063642743644,57.385262000000694
3271.1855270127116,3412.735642213983,57.3903392000002
3271.1855270127116,3436.3828230932213,57.39549160000024
3271.1855270127116,3429.3114168432203,57.40063650000047
3271.1855270127116,3416.430491260594,57.4057700000003
3271.1855270127116,3434.9503826800856,57.41166030000022
3271.1855270127116,3433.254822563559,57.41707560000032
3271.1855270127116,3438.7501840572045,57.42223220000051
3271.1855270127116,3413.7249033368644,57.42775960000017
3271.1855270127116,3431.3190280720332,57.43571150000025
3271.1855270127116,3411.2248516949157,57.44086750000042
3271.1855270127116,3443.1545722987294,57.44674130000021
3271.1855270127116,3424.8313572563566,57.45193300000028
3271.1855270127116,3414.313701006356,57.4570733999999
3271.1855270127116,3435.1533381885592,57.46230920000016
3271.1855270127116,3419.2871808792374,57.468265800000154
3271.1855270127116,3431.33571371822,57.473385500000404
3271.1855270127116,3437.1367823093224,57.4793595000001
3271.1855270127116,3428.692027277543,57.48762739999984
3271.1855270127116,3425.9623397775435,57.49278529999992
3271.1855270127116,3424.4040095338987,57.49967379999998
3271.1855270127116,3437.356325476695,57.50521509999999
3271.1855270127116,3423.365251588984,57.51039850000052
3271.1855270127116,3437.85833289195,57.515523300000496
3271.1855270127116,3422.738613612289,57.52069759999995
3271.1855270127116,3402.88331700212,57.526025900000604
3271.1855270127116,3441.8550344279665,57.53172170000016
3271.1855270127116,3414.8551867055094,57.53684590000012
3271.1855270127116,3427.235276747881,57.54209129999981
3271.1855270127116,3425.137942266949,57.54718750000029
3271.1855270127116,3412.9734706038134,57.55537210000057
3271.1855270127116,3417.1908792372888,57.56247910000002
3271.1855270127116,3421.4213056144067,57.57057570000052
3271.1855270127116,3453.0659427966107,57.57614580000063
3271.1855270127116,3442.019778866525,57.58136110000032
3271.1855270127116,3427.0163148834745,57.58693570000014
3271.1855270127116,3402.3535209216107,57.59234389999983
3271.1855270127116,3418.6586890889844,57.598011099999894
3271.1855270127116,3432.162660222458,57.60316169999987
3271.1855270127116,3414.205884533899,57.60930950000056
3271.1855270127116,3439.123522245764,57.61448300000029
3271.1855270127116,3408.1665572033894,57.6198488
3271.1855270127116,3422.3406885593226,57.62491839999984
3271.1855270127116,3450.29479608051,57.63069150000047
3271.1855270127116,3414.577394067796,57.638488900000084
3271.1855270127116,3399.2531435381356,57.64655440000024
3271.1855270127116,3422.483256091102,57.651762399999825
3271.1855270127116,3403.5051257944915,57.657435400000395
3271.1855270127116,3406.4953641419497,57.66281990000061
3271.1855270127116,3406.1318948622884,57.668789299999844
3271.1855270127116,3414.870283368644,57.67396650000046
3271.1855270127116,3436.378065413137,57.679455899999994
3271.1855270127116,3412.440530985168,57.68732439999985
3271.1855270127116,3428.0762989936443,57.69248990000051
3271.1855270127116,3408.8794054555087,57.69769610000003
3271.1855270127116,3421.583943326271,57.70540280000023
3271.1855270127116,3426.8196729343226,57.7111046
3271.1855270127116,3415.7699443855936,57.71618920000037
3271.1855270127116,3453.3669849046614,57.72170650000044
3271.1855270127116,3428.0820021186446,57.72685350000029
3271.1855270127116,3415.6485646186447,57.7328107000003
3271.1855270127116,3423.431169226696,57.73802290000003
3271.1855270127116,3431.134128707627,57.74315790000037
3271.1855270127116,3412.292526483051,57.74836910000067
3271.1855270127116,3429.662578125,57.755656100000124
3271.1855270127116,3452.452206038135,57.762087000000065
3271.1855270127116,3430.449163135593,57.767806400000154
3271.1855270127116,3444.7241459216116,57.772975200000474
3271.1855270127116,3413.060742849576,57.77813380000043
3271.1855270127116,3434.015105932204,57.7833098000001
3271.1855270127116,3455.912180879238,57.78917080000065
3271.1855270127116,3440.101941207628,57.79443320000064
3271.1855270127116,3402.122368908898,57.79969239999991
3271.1855270127116,3407.1530058262724,57.80488400000013
3271.1855270127116,3434.972939618644,57.81002440000066
3271.1855270127116,3432.6594134004254,57.81516250000004
3271.1855270127116,3448.8163320974577,57.82078730000012
3271.1855270127116,3403.827311970339,57.82772730000033
3271.1855270127116,3415.2884719279664,57.83307610000065
3271.1855270127116,3430.52894200212,57.838198500000544
3271.1855270127116,3438.6811731991525,57.84335960000044
3271.1855270127116,3399.7280137711864,57.848533500000485
3271.1855270127116,3419.7599417372876,57.85374540000066
3271.1855270127116,3407.537743644067,57.85936320000019
3271.1855270127116,3406.333249470338,57.86479370000052
3271.1855270127116,3412.0330733580504,57.87044760000026
3271.1855270127116,3419.472338453391,57.875552999999854
3271.1855270127116,3408.1560805084755,57.880728300000555
3271.1855270127116,3445.474120762713,57.8858865000002
3271.1855270127116,3466.3883090572044,57.8915491000007
3271.1855270127116,3434.0636189088987,57.89922269999988
3271.1855270127116,3421.8023781779657,57.90693050000027
3271.1855270127116,3464.6358209745763,57.912599899999805
3271.1855270127116,3397.4596742584754,57.917710499999885
3271.1855270127116,3419.2537314618658,57.92286690000037
3271.1855270127116,3426.7837036546607,57.92799720000039
3271.1855270127116,3404.4365254237287,57.933973700000024
3271.1855270127116,3416.2513360699154,57.93922470000052
3271.1855270127116,3410.4183448093227,57.94435640000029
3271.1855270127116,3423.923332891949,57.94950570000037
3271.1855270127116,3404.3142002118648,57.95466120000037
3271.1855270127116,3421.437727754236,57.959812000000056
3271.1855270127116,3420.0574655720347,57.96764090000033
3271.1855270127116,3398.1664075741533,57.9749453000004
3271.1855270127116,3414.414397510593,57.98014580000017
3271.1855270127116,3430.4260341631357,57.98533860000043
3271.1855270127116,3410.3274139300856,57.99048149999999
3271.1855270127116,3419.5651522775415,57.995596300000216
3271.1855270127116,3413.529311440679,58.00153600000067
3271.1855270127116,3425.1013916843217,58.006687000000056
3271.1855270127116,3437.139283633475,58.01282360000005
3271.1855270127116,3433.976811440678,58.017943700000615
3271.1855270127116,3453.510544226695,58.023172799999884
3271.1855270127116,3430.315390625,58.028306500000326
3271.1855270127116,3409.4927674788137,58.03480949999994
3271.1855270127116,3431.8897192796626,58.04186340000069
3271.1855270127116,3404.6997073622883,58.04733040000065
3271.1855270127116,3433.1426615466107,58.052634200000284
3271.1855270127116,3404.239900688559,58.05777620000026
3271.1855270127116,3423.4472656249995,58.06295600000067
3271.1855270127116,3423.0629382944917,58.06804280000051
3271.1855270127116,3419.9837619173736,58.073995300000206
3271.1855270127116,3428.224695444915,58.079655399999865
3271.1855270127116,3432.0676602224576,58.08473850000064
3271.1855270127116,3449.1084838453407,58.089908700000706
3271.1855270127116,3413.7404144597467,58.09505320000062
3271.1855270127116,3433.1788175317793,58.10014870000032
3271.1855270127116,3403.9764036016954,58.107202600000164
3271.1855270127116,3410.594502118645,58.11318080000001
3271.1855270127116,3428.4130031779664,58.1197044999999
3271.1855270127116,3424.3222113347456,58.12483669999983
3271.1855270127116,3422.5334613347463,58.130321300000105
3271.1855270127116,3416.3239353813565,58.13563370000065
3271.1855270127116,3416.445263506357,58.1414550999998
3271.1855270127116,3425.757940942797,58.146828100000675
3271.1855270127116,3411.861002383475,58.1525685000006
3271.1855270127116,3440.5649112817814,58.15776100000039
3271.1855270127116,3417.235248940679,58.16384500000004
3271.1855270127116,3405.455414459746,58.169326600000204
3271.1855270127116,3420.427102754238,58.17747680000048
3271.1855270127116,3437.256204978815,58.184579900000244
3271.1855270127116,3430.207925052967,58.19177840000066
3271.1855270127116,3409.6039420021184,58.197959600000104
3271.1855270127116,3466.1231978283904,58.2030549000001
3271.1855270127116,3415.5724682203395,58.20819610000035
3271.1855270127116,3419.2510500529656,58.2134003000001
3271.1855270127116,3440.3405865995765,58.21847800000069
3271.1855270127116,3409.3791406249993,58.22445169999992
3271.1855270127116,3438.1150582627133,58.22958420000032
3271.1855270127116,3415.629128707628,58.234744800000044
3271.1855270127116,3426.383099841102,58.23991780000051
3271.1855270127116,3444.2827648305083,58.24505480000062
3271.1855270127116,3428.450376059323,58.250260400000116
3271.1855270127116,3409.684819915255,58.25755550000031
3271.1855270127116,3406.361167902542,58.26464550000037
3271.1855270127116,3424.6979277012715,58.272050800000216
3271.1855270127116,3409.627664194915,58.27716109999983
3271.1855270127116,3413.132689353815,58.28228649999983
3271.1855270127116,3411.7530071504243,58.28783360000034
3271.1855270127116,3430.3287844279666,58.293234000000666
3271.1855270127116,3418.811565148306,58.29839110000012
3271.1855270127116,3422.4880746822046,58.30398289999994
3271.1855270127116,3417.1270630296617,58.309167600000364
3271.1855270127116,3414.8693511652555,58.31432649999988
3271.1855270127116,3420.419344544492,58.31946810000045
3271.1855270127116,3432.3088400423735,58.3268508000001
3271.1855270127116,3409.2424721927973,58.33372899999995
3271.1855270127116,3439.101880296611,58.33885100000043
3271.1855270127116,3445.193201800848,58.34400060000007
3271.1855270127116,3410.375807733051,58.34918800000014
3271.1855270127116,3425.955263506356,58.36165119999987
3271.1855270127116,3416.8852846927975,58.36681540000063
3271.1855270127116,3416.966293697035,58.371931499999846
3271.1855270127116,3425.555452860171,58.37710740000057
3271.1855270127116,3449.509017478814,58.38227800000004
3271.1855270127116,3418.437000794492,58.3889521000001
3271.1855270127116,3412.501313559322,58.395139900000686
3271.1855270127116,3413.874732521186,58.40023110000038
3271.1855270127116,3420.80351032839,58.40533409999989
3271.1855270127116,3421.730248940678,58.41045630000008
3271.1855270127116,3409.4945233050844,58.415543300000536
3271.1855270127116,3411.9738506355934,58.42069520000041
3271.1855270127116,3411.2741406250007,58.42804030000025
3271.1855270127116,3418.4098358050846,58.43454639999982
3271.1855270127116,3417.095803760594,58.43968810000024
3271.1855270127116,3418.64672934322,58.4448553000002
3271.1855270127116,3444.7244544491537,58.44993909999994
3271.1855270127116,3431.8711083156786,58.45583870000064
3271.1855270127116,3409.3569412076276,58.464048300000286
3271.1855270127116,3415.095497881356,58.46923000000061
3271.1855270127116,3422.6045233050854,58.47436970000035
3271.1855270127116,3399.7601959745775,58.47953200000029
3271.1855270127116,3416.9965386652552,58.48478150000028
3271.1855270127116,3446.236800847457,58.48991810000007
3271.1855270127116,3417.6570312500003,58.49647600000026
3271.1855270127116,3409.085654131356,58.50202480000007
3271.1855270127116,3416.8824960275424,58.50921070000004
3271.1855270127116,3407.96491657839,58.51560940000036
3271.1855270127116,3406.076922669492,58.52066139999988
3271.1855270127116,3410.605090042373,58.52589700000044
3271.1855270127116,3411.120704449153,58.53107799999998
3271.1855270127116,3422.0203773834746,58.53679660000034
3271.1855270127116,3404.078164724576,58.54190449999987
3271.1855270127116,3422.958237552967,58.54813319999994
3271.1855270127116,3408.7082507944933,58.55374269999993
3271.1855270127116,3461.5077714512713,58.5590415000006
3271.1855270127116,3422.3869438559327,58.56438650000018
3271.1855270127116,3419.374786811442,58.570637499999975
3271.1855270127116,3431.277527807204,58.576927900000555
3271.1855270127116,3437.5946159957625,58.58504300000004
3271.1855270127116,3403.6159070444924,58.590205000000424
3271.1855270127116,3407.6636334745767,58.595344000000296
3271.1855270127116,3420.7513082627124,58.6026996999999
3271.1855270127116,3414.210716366525,58.60792700000002
3271.1855270127116,3426.222240466102,58.61306960000002
3271.1855270127116,3415.1182402012705,58.618971100000635
3271.1855270127116,3424.949457097458,58.624220000000605
3271.1855270127116,3410.3102767478813,58.62932600000022
3271.1855270127116,3420.2878734110177,58.635081000000355
3271.1855270127116,3415.041415519068,58.64035100000001
3271.1855270127116,3401.343535487289,58.645513700000265
3271.1855270127116,3453.150609110169,58.650630099999944
3271.1855270127116,3437.3374536546607,58.65586369999983
3271.1855270127116,3434.4087910487287,58.66099699999995
3271.1855270127116,3422.330956038136,58.66657279999981
3271.1855270127116,3421.107813824153,58.67338810000001
3271.1855270127116,3409.305650158899,58.67854820000048
3271.1855270127116,3426.026877648306,58.6836559000003
3271.1855270127116,3413.3991710805094,58.68874390000019
3271.1855270127116,3417.895279396186,58.69394629999988
3271.1855270127116,3424.664860963984,58.69908399999986
3271.1855270127116,3423.09701536017,58.70474590000049
3271.1855270127116,3428.513547404661,58.71031480000056
3271.1855270127116,3408.1333395127117,58.71536680000008
3271.1855270127116,3432.6718498411014,58.720504800000526
3271.1855270127116,3414.4182838983056,58.725560900000346
3271.1855270127116,3427.1012314618647,58.73065940000015
3271.1855270127116,3438.874182997882,58.73580099999981
3271.1855270127116,3425.411920021187,58.74404760000016
3271.1855270127116,3443.1331316207634,58.74918080000043
3271.1855270127116,3444.3424351165254,58.754306100000576
3271.1855270127116,3406.4738969809314,58.75948400000016
3271.1855270127116,3407.973557997881,58.76463330000024
3271.1855270127116,3430.3733064088988,58.76980240000012
3271.1855270127116,3427.21839512712,58.775470399999904
3271.1855270127116,3396.9995828919496,58.78081950000069
3271.1855270127116,3419.4844438559335,58.786079999999856
3271.1855270127116,3415.447742319915,58.79127030000018
3271.1855270127116,3418.2895987817806,58.79636540000047
3271.1855270127116,3408.6000807733053,58.801438500000586
3271.1855270127116,3438.9323358050856,58.80670960000043
3271.1855270127116,3422.716146716102,58.81478430000061
3271.1855270127116,3421.015863347457,58.81991199999993
3271.1855270127116,3415.1758646716107,58.82505870000023
3271.1855270127116,3417.6430389300854,58.83029130000068
3271.1855270127116,3411.2377211334738,58.83545959999992
3271.1855270127116,3433.381754502119,58.840644100000645
3271.1855270127116,3411.941500264831,58.84662639999988
3271.1855270127116,3414.1786043432217,58.85172169999987
3271.1855270127116,3442.734377648306,58.85685749999993
3271.1855270127116,3425.978110434323,58.86198450000029
3271.1855270127116,3420.9500225105935,58.86711960000048
3271.1855270127116,3431.003502383475,58.87217099999998
3271.1855270127116,3417.4825794491526,58.877890700000535
3271.1855270127116,3427.995060911018,58.88531400000011
3271.1855270127116,3423.875771980932,58.890493400000196
3271.1855270127116,3396.83177568856,58.89564200000041
3271.1855270127116,3408.9310169491523,58.90075560000059
3271.1855270127116,3410.3907176906782,58.90588470000057
3271.1855270127116,3438.9260672669498,58.91104700000051
3271.1855270127116,3424.9096279131372,58.916850200000226
3271.1855270127116,3426.939945709746,58.92216069999995
3271.1855270127116,3415.294382944916,58.92878380000002
3271.1855270127116,3428.834663665255,58.93640820000019
3271.1855270127116,3416.717008739407,58.94157919999998
3271.1855270127116,3422.057950211864,58.94675540000026
3271.1855270127116,3429.4188373940688,58.954613800000516
3271.1855270127116,3421.721819385594,58.96024440000019
3271.1855270127116,3462.3427793961864,58.965368500000295
3271.1855270127116,3440.1963095868655,58.97051520000059
3271.1855270127116,3410.641175847458,58.975670900000296
3271.1855270127116,3434.4786970339,58.980775099999846
3271.1855270127116,3451.233294491525,58.98626550000063
3271.1855270127116,3423.3007415254233,58.991948500000035
3271.1855270127116,3433.0815386652544,58.997102299999824
3271.1855270127116,3429.860483315678,59.00226520000069
3271.1855270127116,3417.300668697033,59.007386100000076
3271.1855270127116,3439.9062102754247,59.01252130000012
3271.1855270127116,3457.7082613877114,59.01776990000053
3271.1855270127116,3421.7606528072033,59.02610400000049
3271.1855270127116,3421.939153866525,59.03121139999985
3271.1855270127116,3421.8089155190687,59.03632160000052
3271.1855270127116,3416.2293167372886,59.04143910000039
3271.1855270127116,3421.9446490995765,59.04652570000053
3271.1855270127116,3402.4991194385607,59.051653100000294
3271.1855270127116,3432.371234110169,59.05726140000024
3271.1855270127116,3415.9893683792366,59.06264490000012
3271.1855270127116,3443.017925052967,59.06790640000054
3271.1855270127116,3429.5897391419494,59.07308050000029
3271.1855270127116,3449.53894729873,59.07829709999987
3271.1855270127116,3422.880885858052,59.08341939999991
3271.1855270127116,3449.9443564618646,59.08869719999984
3271.1855270127116,3451.8880230402547,59.095428300000094
3271.1855270127116,3403.78115598517,59.100586999999905
3271.1855270127116,3424.2441009004237,59.105725400000665
3271.1855270127116,3465.2358236228815,59.1108935000002
3271.1855270127116,3426.89529131356,59.115996300000006
3271.1855270127116,3423.1069160487295,59.12115090000043
3271.1855270127116,3409.493264036017,59.12626540000019
3271.1855270127116,3415.3616724046615,59.132188999999926
3271.1855270127116,3440.2750768008486,59.13734269999986
3271.1855270127116,3453.6749774894083,59.142546900000525
3271.1855270127116,3409.8333871822024,59.14770140000019
3271.1855270127116,3418.567470868645,59.152785100000074
3271.1855270127116,3423.7508474576284,59.15795010000056
3271.1855270127116,3424.992698622881,59.16564550000021
3271.1855270127116,3414.871790254239,59.171349199999895
3271.1855270127116,3400.8805217161016,59.17644250000012
3271.1855270127116,3434.932006091102,59.18171390000043
3271.1855270127116,3436.778614936441,59.18683830000009
3271.1855270127116,3435.48447960805,59.2047806999999
3271.1855270127116,3426.4017174258474,59.21145460000025
3271.1855270127116,3425.8012950211864,59.21697200000017
3271.1855270127116,3419.13474443856,59.224501200000304
3271.1855270127116,3410.4164512711864,59.230519200000344
3271.1855270127116,3444.754304819916,59.23598010000023
3271.1855270127116,3434.9369915254233,59.24254340000061
3271.1855270127116,3424.7150701800856,59.24762020000071
3271.1855270127116,3430.7865969279655,59.253619200000685
3271.1855270127116,3436.937770127119,59.25927850000062
3271.1855270127116,3411.8785990466104,59.26475140000002
3271.1855270127116,3431.988531514831,59.26993700000003
3271.1855270127116,3424.481971663136,59.27812520000043
3271.1855270127116,3418.7699364406785,59.283292600000095
3271.1855270127116,3423.2707733050856,59.28848720000042
3271.1855270127116,3430.5313757944923,59.29353020000053
3271.1855270127116,3437.3822563559334,59.29866420000053
3271.1855270127116,3407.049780190678,59.30377920000046
3271.1855270127116,3436.6199404131357,59.30935170000066
3271.1855270127116,3432.6041565148307,59.31496000000061
3271.1855270127116,3396.559838453391,59.32008810000025
3271.1855270127116,3419.034731197034,59.325259400000505
3271.1855270127116,3419.0278548728816,59.331165800000235
3271.1855270127116,3411.780703125001,59.33631610000066
3271.1855270127116,3418.0061480402537,59.34204000000045
3271.1855270127116,3450.514904661017,59.349675899999966
3271.1855270127116,3421.694368379238,59.35482589999992
3271.1855270127116,3420.6470074152553,59.36000510000031
3271.1855270127116,3397.064559057204,59.36790629999996
3271.1855270127116,3405.9206806144075,59.373365000000376
3271.1855270127116,3419.088765889831,59.37850880000042
3271.1855270127116,3420.864107521187,59.38386179999998
3271.1855270127116,3422.139751059322,59.38898390000031
3271.1855270127116,3415.919797404662,59.394134099999974
3271.1855270127116,3430.7728601694926,59.39934069999981
3271.1855270127116,3411.1112433792377,59.40517970000019
3271.1855270127116,3414.658380561441,59.410345600000255
3271.1855270127116,3441.9854833156787,59.41818520000015
3271.1855270127116,3430.6947166313557,59.4238105000004
3271.1855270127116,3418.333732786018,59.42896120000023
3271.1855270127116,3411.483669226696,59.43573389999983
3271.1855270127116,3407.568207097458,59.44119940000019
3271.1855270127116,3460.4029157838986,59.44635879999987
3271.1855270127116,3429.239951006356,59.452313000000686
3271.1855270127116,3417.838078654662,59.45746020000024
3271.1855270127116,3429.06990068856,59.46257560000049
3271.1855270127116,3439.1760566737285,59.46768539999994
3271.1855270127116,3411.918237552966,59.47357610000017
3271.1855270127116,3433.75474973517,59.47873290000007
3271.1855270127116,3436.255896451272,59.48541810000006
3271.1855270127116,3410.021982256356,59.49309330000051
3271.1855270127116,3415.2852661546613,59.49820060000002
3271.1855270127116,3415.314688824153,59.50452270000005
3271.1855270127116,3421.089875529661,59.51008730000012
3271.1855270127116,3421.7931395656783,59.516326500000105
3271.1855270127116,3442.8498887711867,59.521942899999885
3271.1855270127116,3426.3170338983055,59.527287900000374
3271.1855270127116,3425.579717955509,59.53310469999997
3271.1855270127116,3421.4116988877126,59.541384400000425
3271.1855270127116,3425.05755693856,59.54680550000012
3271.1855270127116,3410.6347974046616,59.55191210000066
3271.1855270127116,3418.535116525424,59.55992800000058
3271.1855270127116,3425.505892478814,59.56529150000006
3271.1855270127116,3411.6277131885604,59.5704667
3271.1855270127116,3396.6764340572036,59.576038100000005
3271.1855270127116,3423.403605667372,59.581206400000156
3271.1855270127116,3415.6655865995763,59.58637720000024
3271.1855270127116,3439.564120762713,59.59230519999983
3271.1855270127116,3433.9651152012716,59.59762580000006
3271.1855270127116,3416.6311559851697,59.602826899999855
3271.1855270127116,3433.168379237289,59.60794249999981
3271.1855270127116,3413.7321782309327,59.61390650000067
3271.1855270127116,3435.8732627118648,59.61899369999992
3271.1855270127116,3435.012318591102,59.626362699999845
3271.1855270127116,3413.4452529131363,59.63317520000055
3271.1855270127116,3415.991065942797,59.638264100000015
3271.1855270127116,3405.0212049788133,59.643834500000594
3271.1855270127116,3439.70520789195,59.65164900000036
3271.1855270127116,3440.093706302967,59.65683100000024
3271.1855270127116,3425.6211374470345,59.66285779999998
3271.1855270127116,3420.8962367584745,59.66804469999988
3271.1855270127116,3411.99259401483,59.67316660000051
3271.1855270127116,3420.643408368645,59.678336500000114
3271.1855270127116,3421.726685646187,59.68433460000051
3271.1855270127116,3421.186815413136,59.689541000000645
3271.1855270127116,3439.3359017478815,59.696242600000005
3271.1855270127116,3428.038523569916,59.70190850000017
3271.1855270127116,3416.045154925848,59.707022399999914
3271.1855270127116,3431.6019729872887,59.712165700000696
3271.1855270127116,3422.162183527543,59.71900600000026
3271.1855270127116,3426.8873172669496,59.72433880000062
3271.1855270127116,3397.2818816207628,59.729466499999944
3271.1855270127116,3398.565182733051,59.73473300000023
3271.1855270127116,3419.243115730933,59.739814800000204
3271.1855270127116,3436.4044173728826,59.74499480000031
3271.1855270127116,3423.0743471927976,59.7500571999999
3271.1855270127116,3422.321917372882,59.755335200000445
3271.1855270127116,3424.832881355932,59.76047860000017
3271.1855270127116,3400.044087658898,59.766076599999906
3271.1855270127116,3417.867105402543,59.77168470000015
3271.1855270127116,3448.438798993644,59.778947800000424
3271.1855270127116,3411.490820974577,59.7859511000006
3271.1855270127116,3424.214277012712,59.7937823000002
3271.1855270127116,3413.20430217161,59.80221590000019
3271.1855270127116,3432.516833951272,59.80948770000032
3271.1855270127116,3413.5456051377123,59.81626310000047
3271.1855270127116,3418.3977330508487,59.821343500000694
3271.1855270127116,3400.765720338983,59.82723530000021
3271.1855270127116,3448.9766445974583,59.83247840000058
3271.1855270127116,3464.2064923199164,59.83998849999989
3271.1855270127116,3413.642771451272,59.84595580000041
3271.1855270127116,3438.097151747881,59.85110480000003
3271.1855270127116,3437.5172828389836,59.85745010000028
3271.1855270127116,3421.5292584745775,59.863402300000416
3271.1855270127116,3429.8850357521187,59.87141169999995
3271.1855270127116,3425.8883024364413,59.877784500000416
3271.1855270127116,3428.9909811970347,59.88330440000027
3271.1855270127116,3406.614907309323,59.888821100000314
3271.1855270127116,3429.4396729343225,59.89523410000038
3271.1855270127116,3417.5396914724583,59.90031540000018
3271.1855270127116,3424.1373569915254,59.907724800000324
3271.1855270127116,3410.2160129766958,59.915020400000685
3271.1855270127116,3419.9529369703405,59.920571600000585
3271.1855270127116,3415.6345299258487,59.927890100000695
3271.1855270127116,3463.6393207097453,59.93493500000022
3271.1855270127116,3425.47677568856,59.94140310000057
3271.1855270127116,3430.1992200741533,59.94670279999991
3271.1855270127116,3445.671407574153,59.951818900000035
3271.1855270127116,3425.7384944385594,59.957960800000365
3271.1855270127116,3432.1520312500006,59.96389510000063
3271.1855270127116,3399.5398914194916,59.97199060000003
3271.1855270127116,3402.4825542902545,59.98050969999986
3271.1855270127116,3428.636022245764,59.987477200000285
3271.1855270127116,3421.3129369703393,59.99566610000056
3271.1855270127116,3433.750814353815,60.00369349999983
3271.1855270127116,3403.9985262182204,60.00898649999999
3271.1855270127116,3434.4700622351693,60.01477200000045
3271.1855270127116,3421.1895087394064,60.02275960000043
3271.1855270127116,3433.094506091102,60.03021010000066
3271.1855270127116,3405.9214499470336,60.03841449999982
3271.1855270127116,3415.1969306144083,60.04553759999999
3271.1855270127116,3415.1480971927967,60.05364060000011
3271.1855270127116,3448.164123411017,60.06101920000037
3271.1855270127116,3431.2643167372885,60.067891200000304
3271.1855270127116,3426.3658275953394,60.07304850000037
3271.1855270127116,3414.1427052436434,60.07897950000006
3271.1855270127116,3453.2559639830506,60.084238800000094
3271.1855270127116,3422.196381091101,60.08945670000048
3271.1855270127116,3418.870810381356,60.09515290000036
3271.1855270127116,3425.650170815678,60.10046560000046
3271.1855270127116,3432.310427701272,60.10571600000003
3271.1855270127116,3427.374287605933,60.11077949999981
3271.1855270127116,3430.3313599046605,60.11643220000042
3271.1855270127116,3423.315934851695,60.12192370000048
3271.1855270127116,3445.822987288136,60.12744860000021
3271.1855270127116,3433.0142836334744,60.132561800000076
3271.1855270127116,3418.735701800847,60.139895199999955
3271.1855270127116,3431.8210699152546,60.14819360000001
3271.1855270127116,3453.378465307203,60.15350810000018
3271.1855270127116,3410.3882216631364,60.16169830000035
3271.1855270127116,3406.8134626588985,60.16855450000003
3271.1855270127116,3402.9315558792373,60.17366149999998
3271.1855270127116,3409.989609375,60.18164810000053
3271.1855270127116,3457.6648503707634,60.18818950000059
3271.1855270127116,3410.851731991526,60.19372750000002
3271.1855270127116,3431.4653866525427,60.198970200000076
3271.1855270127116,3411.8800225105924,60.2040863000002
3271.1855270127116,3426.5318154131355,60.211049900000035
3271.1855270127116,3440.032469544492,60.21642940000038
3271.1855270127116,3396.694470338983,60.22156460000042
3271.1855270127116,3413.287237817797,60.22734110000056
3271.1855270127116,3419.970043697035,60.23251100000016
3271.1855270127116,3412.448923463983,60.23767649999991
3271.1855270127116,3424.0738241525437,60.242854900000566
3271.1855270127116,3434.5259639830515,60.24812629999997
3271.1855270127116,3423.6108064088985,60.25329330000022
3271.1855270127116,3454.3851377118654,60.259569900000315
3271.1855270127116,3410.1658673199163,60.26661880000029
3271.1855270127116,3425.457850900424,60.2717818000001
3271.1855270127116,3450.8424655720346,60.27720230000068
3271.1855270127116,3425.253306408899,60.285186400000384
3271.1855270127116,3412.0757123940684,60.290303900000254
3271.1855270127116,3437.7795736228823,60.295940599999994
3271.1855270127116,3420.0708381885593,60.30144410000048
3271.1855270127116,3438.788212394067,60.30664650000017
3271.1855270127116,3420.151141419493,60.3118228000003
3271.1855270127116,3437.3105270127126,60.31775280000056
3271.1855270127116,3430.480691207627,60.32288359999984
3271.1855270127116,3423.498021716102,60.32886060000055
3271.1855270127116,3423.070066207628,60.33631349999996
3271.1855270127116,3404.4767531779667,60.341453699999875
3271.1855270127116,3422.253516949153,60.34653100000014
3271.1855270127116,3409.785092690678,60.35270980000041
3271.1855270127116,3429.526399629238,60.35812570000053
3271.1855270127116,3423.7635527012712,60.36326590000044
3271.1855270127116,3422.4769306144053,60.36927950000063
3271.1855270127116,3436.4723596398317,60.374446499999976
3271.1855270127116,3423.5919623940677,60.37952570000016
3271.1855270127116,3405.4228734110175,60.3846867000002
3271.1855270127116,3415.195022510593,60.39063020000049
3271.1855270127116,3403.913413665254,60.395789300000615
3271.1855270127116,3395.4849046610175,60.40091250000023
3271.1855270127116,3418.5552529131355,60.40608450000036
3271.1855270127116,3433.7883315677977,60.411244500000066
3271.1855270127116,3445.2614578919492,60.41636319999998
3271.1855270127116,3410.140733580508,60.423805500000526
3271.1855270127116,3426.3085950741533,60.42969559999983
3271.1855270127116,3416.86905720339,60.43482630000017
3271.1855270127116,3437.0219716631364,60.440507600000274
3271.1855270127116,3420.485569385594,60.445593100000224
3271.1855270127116,3408.4824417372897,60.45076049999989
3271.1855270127116,3423.4452979343223,60.455986400000256
3271.1855270127116,3418.0119385593225,60.46319570000014
3271.1855270127116,3426.087535752119,60.47023590000026
3271.1855270127116,3420.2842121292374,60.475666600000295
3271.1855270127116,3460.1313135593227,60.483866900000066
3271.1855270127116,3443.8619743114405,60.49234500000057
3271.1855270127116,3422.6177515889835,60.499384400000054
3271.1855270127116,3434.494980137712,60.50628790000064
3271.1855270127116,3411.3704925847474,60.51147270000001
3271.1855270127116,3424.2521835275434,60.51703600000019
3271.1855270127116,3414.125757415255,60.52527139999984
3271.1855270127116,3437.7449841101693,60.53100979999999
3271.1855270127116,3427.550331038136,60.53668220000054
3271.1855270127116,3429.3702727754253,60.54194550000011
3271.1855270127116,3423.987809851696,60.54711279999992
3271.1855270127116,3414.9757560911016,60.55228260000058
3271.1855270127116,3417.9232719809324,60.55746650000037
3271.1855270127116,3419.0897735699155,60.56263020000006
3271.1855270127116,3425.535831567798,60.5678797999999
3271.1855270127116,3426.195677966103,60.57549150000068
3271.1855270127116,3442.614809322035,60.58066710000003
3271.1855270127116,3426.7930587923734,60.58588180000061
3271.1855270127116,3411.4807137182215,60.591048899999805
3271.1855270127116,3418.489637182203,60.59621890000017
3271.1855270127116,3416.2329263771185,60.60152830000061
3271.1855270127116,3445.7024165783905,60.6067665999999
3271.1855270127116,3460.7154065148316,60.612705300000016
3271.1855270127116,3424.043391154662,60.617867699999806
3271.1855270127116,3397.7170828919493,60.62300750000031
3271.1855270127116,3486.105724311442,60.62887320000027
3271.1855270127116,3421.964231991527,60.634491900000285
3271.1855270127116,3434.8728893008474,60.640403700000206
3271.1855270127116,3409.7281713453394,60.64802839999993
3271.1855270127116,3403.7034242584746,60.65309239999988
3271.1855270127116,3421.5463162076276,60.65824570000041
3271.1855270127116,3406.965050317797,60.66337180000028
3271.1855270127116,3420.1150026483056,60.66934149999997
3271.1855270127116,3445.520207891949,60.67452980000053
3271.1855270127116,3407.271103019068,60.680481899999904
3271.1855270127116,3408.4536374470345,60.6856115999999
3271.1855270127116,3402.4629806673724,60.69072150000011
3271.1855270127116,3423.8834759004244,60.69577500000014
3271.1855270127116,3430.2127012711867,60.701057300000684
3271.1855270127116,3407.21999470339,60.70619960000022
3271.1855270127116,3420.55311970339,60.71280089999982
3271.1855270127116,3438.020315148305,60.72037319999981
3271.1855270127116,3467.916386387712,60.72562900000048
3271.1855270127116,3431.288820180085,60.73289300000033
3271.1855270127116,3405.443792372881,60.740636300000006
3271.1855270127116,3436.998189883476,60.74569650000012
3271.1855270127116,3399.8252025953393,60.751473199999964
3271.1855270127116,3416.0453985699155,60.75669840000046
3271.1855270127116,3431.451762447036,60.762970300000234
3271.1855270127116,3419.7105283368646,60.76842209999995
3271.1855270127116,3434.952269597458,60.77566500000012
3271.1855270127116,3430.144280985169,60.78202500000043
3271.1855270127116,3437.9890466101697,60.78947530000005
3271.1855270127116,3422.6465730932205,60.79749179999999
3271.1855270127116,3424.5574006885604,60.80366779999986
3271.1855270127116,3423.8717584745773,60.8093157000003
3271.1855270127116,3423.349928495764,60.81456330000037
3271.1855270127116,3429.5689552436443,60.82066290000057
3271.1855270127116,3428.1822086864418,60.82579160000023
3271.1855270127116,3414.0081329449163,60.832644600000094
3271.1855270127116,3402.9771702860166,60.840888700000505
3271.1855270127116,3428.3990585275433,60.84691770000063
3271.1855270127116,3411.5043922139835,60.8536038000002
3271.1855270127116,3415.04435381356,60.86179179999999
3271.1855270127116,3417.4911599576267,60.86911710000004
3271.1855270127116,3416.327443061441,60.87659840000015
3271.1855270127116,3450.782975370764,60.883533199999874
3271.1855270127116,3419.6169028072036,60.88911520000056
3271.1855270127116,3421.2537738347473,60.89672570000039
3271.1855270127116,3449.202519862289,60.90497770000002
3271.1855270127116,3413.3367770127124,60.912193000000116
3271.1855270127116,3413.3315519067796,60.91834740000013
3271.1855270127116,3403.5690002648316,60.92649260000053
3271.1855270127116,3416.7480071504247,60.93376590000025
3271.1855270127116,3407.6314420021185,60.94113560000005
3271.1855270127116,3407.9089155190672,60.949088700000175
3271.1855270127116,3423.1598503707623,60.95663440000044
3271.1855270127116,3431.4437221927983,60.96328119999998
3271.1855270127116,3458.6570219809314,60.96849639999982
3271.1855270127116,3418.142955508475,60.97469640000054
3271.1855270127116,3457.1729382944923,60.98090349999984
3271.1855270127116,3420.161522775424,60.989061300000685
3271.1855270127116,3430.781073887712,60.996198700000605
3271.1855270127116,3420.7475741525436,61.003647999999885
3271.1855270127116,3428.0757309322053,61.009076400000595
3271.1855270127116,3416.726525423729,61.017391500000485
3271.1855270127116,3405.903053495763,61.02517640000042
3271.1855270127116,3428.4594173728815,61.030645700000605
3271.1855270127116,3412.156896186441,61.03588260000015
3271.1855270127116,3413.530058262712,61.041306400000394
3271.1855270127116,3419.8144676906777,61.04948599999989
3271.1855270127116,3417.0977277542374,61.057700500000465
3271.1855270127116,3426.2329952330506,61.066303999999946
3271.1855270127116,3423.0491869703396,61.074452900000324
3271.1855270127116,3427.487443061442,61.08287150000069
3271.1855270127116,3438.28740598517,61.090559100000064
3271.1855270127116,3407.886676377119,61.09713890000057
3271.1855270127116,3403.404801377119,61.10294140000042
3271.1855270127116,3420.5692836334747,61.110725900000034
3271.1855270127116,3418.3834586864414,61.118484500000704
3271.1855270127116,3412.2778509004247,61.12614070000018
3271.1855270127116,3413.5494994703395,61.1327639000001
3271.1855270127116,3417.8478138241526,61.13790240000071
3271.1855270127116,3438.0802992584745,61.14307390000067
3271.1855270127116,3398.9813122351698,61.14827580000019
3271.1855270127116,3417.1077767478823,61.153472599999986
3271.1855270127116,3426.0280773305094,61.15858920000028
3271.1855270127116,3437.2679687500013,61.166068700000324
3271.1855270127116,3397.3093339512716,61.172040299999935
3271.1855270127116,3402.9198146186445,61.177201100000275
3271.1855270127116,3429.0646292372894,61.182370500000616
3271.1855270127116,3427.0090982521187,61.187514700000065
3271.1855270127116,3411.1777542372884,61.19278140000006
3271.1855270127116,3444.406416843221,61.19794230000025
3271.1855270127116,3430.670430349576,61.203991000000315
3271.1855270127116,3420.6443498411027,61.209110100000544
3271.1855270127116,3427.7287963453396,61.215073700000175
3271.1855270127116,3433.94647907839,61.22024539999984
3271.1855270127116,3408.351904131356,61.2272851000007
3271.1855270127116,3408.6839698093227,61.23376139999982
3271.1855270127116,3412.0882243114406,61.238971499999934
3271.1855270127116,3415.861588983051,61.245319100000415
3271.1855270127116,3429.7225370762726,61.25253669999984
3271.1855270127116,3425.6973847987297,61.257678699999815
3271.1855270127116,3417.709868908899,61.26280039999983
3271.1855270127116,3465.9392597987285,61.26792010000008
3271.1855270127116,3417.2891777012724,61.27394390000063
3271.1855270127116,3432.9762063029657,61.27914560000045
3271.1855270127116,3432.8746954449152,61.284384300000056
3271.1855270127116,3422.2828005826273,61.28959600000053
3271.1855270127116,3413.71996292373,61.29477889999998
3271.1855270127116,3414.439951006357,61.29997319999984
3271.1855270127116,3409.0052264300853,61.30571120000059
3271.1855270127116,3436.826734639832,61.31088619999991
3271.1855270127116,3414.5514141949147,61.31597409999995
3271.1855270127116,3436.111285752119,61.32115030000023
3271.1855270127116,3431.1760699152546,61.32627930000035
3271.1855270127116,3409.0810632944913,61.33139089999986
3271.1855270127116,3437.1892121292376,61.3379373000007
3271.1855270127116,3429.1909004237295,61.34423060000063
3271.1855270127116,3413.283346133475,61.349364499999865
3271.1855270127116,3423.4178985699164,61.354534400000375
3271.1855270127116,3424.642217955508,61.359677600000396
3271.1855270127116,3434.0114817266954,61.36487930000021
3271.1855270127116,3413.423865201272,61.370050399999855
3271.1855270127116,3404.8274020127114,61.37641890000032
3271.1855270127116,3422.0979118114415,61.38430060000064
3271.1855270127116,3408.0816644597458,61.38934789999985
3271.1855270127116,3436.91500529661,61.39538200000061
3271.1855270127116,3412.008918167372,61.400517000000036
3271.1855270127116,3435.8701602224587,61.40650860000005
3271.1855270127116,3426.796980932204,61.411922199999935
3271.1855270127116,3469.162666843221,61.41782950000015
3271.1855270127116,3405.901557203391,61.423023500000454
3271.1855270127116,3401.547440413137,61.43110400000023
3271.1855270127116,3424.780160222458,61.436520199999904
3271.1855270127116,3411.0774536546614,61.44160929999998
3271.1855270127116,3400.7060619703393,61.44733720000022
3271.1855270127116,3411.0657534427964,61.45291189999989
3271.1855270127116,3402.6948530190684,61.458183600000666
3271.1855270127116,3394.209590836865,61.464311000000635
3271.1855270127116,3432.505034427966,61.472471800000676
3271.1855270127116,3436.1963612288137,61.4807466000002
3271.1855270127116,3419.183115730933,61.487166900000375
3271.1855270127116,3419.51238479873,61.49235640000006
3271.1855270127116,3420.360390625,61.49742520000018
3271.1855270127116,3419.284062500001,61.50259790000018
3271.1855270127116,3414.2365068855934,61.507735300000604
3271.1855270127116,3426.3866485699164,61.51304340000024
3271.1855270127116,3427.9397497351692,61.51842130000023
3271.1855270127116,3411.671700211864,61.5235775000001
3271.1855270127116,3406.900749470339,61.52869620000001
3271.1855270127116,3421.0627860169493,61.53379440000026
3271.1855270127116,3436.3866604872887,61.53888619999998
3271.1855270127116,3422.678405720339,61.544016400000146
3271.1855270127116,3430.8053985699157,61.552155700000185
3271.1855270127116,3438.8959123411014,61.558222800000294
3271.1855270127116,3407.0811162605937,61.56381169999986
3271.1855270127116,3415.904408103814,61.57178980000026
3271.1855270127116,3430.0275145656783,61.57921780000015
3271.1855270127116,3407.0821345338986,61.58751930000017
3271.1855270127116,3416.136663135593,61.59349320000001
3271.1855270127116,3414.808143538135,61.60093070000039
3271.1855270127116,3404.371855137712,61.60907950000001
3271.1855270127116,3407.7012552966103,61.61619200000041
3271.1855270127116,3415.740090042374,61.62168720000045
3271.1855270127116,3400.7073874470343,61.627778500000204
3271.1855270127116,3443.4625423728817,61.63320870000007
3271.1855270127116,3422.086890889831,61.640355600000476
3271.1855270127116,3408.0861295021186,61.64761240000007
3271.1855270127116,3433.781620762712,61.65493200000037
3271.1855270127116,3430.1673159427983,61.660773399999925
3271.1855270127116,3426.3704409427964,61.667908200000056
3271.1855270127116,3475.307346398306,61.676110000000335
3271.1855270127116,3421.4192756885595,61.6813645000002
3271.1855270127116,3418.3411824682207,61.68753259999994
3271.1855270127116,3437.921497616526,61.693029600000045
3271.1855270127116,3449.631778336864,61.6987721000005
3271.1855270127116,3410.2334957627118,61.70495750000009
3271.1855270127116,3417.69375529661,61.71322700000019
3271.1855270127116,3409.58718220339,61.72032010000021
3271.1855270127116,3435.4161758474584,61.726270099999965
3271.1855270127116,3426.7921716101696,61.73456609999994
3271.1855270127116,3396.8948305084755,61.742614000000685
3271.1855270127116,3431.6121424788143,61.74922670000069
3271.1855270127116,3411.705034427966,61.755258799999865
3271.1855270127116,3416.695864671609,61.760581399999865
3271.1855270127116,3431.207452330509,61.76621150000028
3271.1855270127116,3438.6319862288137,61.77138720000039
3271.1855270127116,3466.7278720868653,61.77734430000055
3271.1855270127116,3436.60092161017,61.78246660000059
3271.1855270127116,3421.170309851696,61.788025100000596
3271.1855270127116,3423.8791009004244,61.79374170000028
3271.1855270127116,3424.7747881355936,61.802079300000514
3271.1855270127116,3420.707604608052,61.80784130000029
3271.1855270127116,3439.998601694915,61.81298049999987
3271.1855270127116,3427.7926721398308,61.81816600000002
3271.1855270127116,3431.063765889831,61.82334030000038
3271.1855270127116,3434.336310911017,61.830190000000584
3271.1855270127116,3418.6453230932216,61.83774369999992
3271.1855270127116,3435.040730932203,61.842929899999945
3271.1855270127116,3423.949642478814,61.84808870000052
3271.1855270127116,3414.880511122881,61.853337500000634
3271.1855270127116,3416.429785487288,61.8584692000004
3271.1855270127116,3428.5697762182217,61.86358019999989
3271.1855270127116,3422.495455508474,61.86926230000063
3271.1855270127116,3434.668776483052,61.87448190000032
3271.1855270127116,3440.0578111758477,61.87972770000033
3271.1855270127116,3421.0953548728817,61.88482340000064
3271.1855270127116,3415.1483024364416,61.88997780000045
3271.1855270127116,3437.3784997351704,61.89520369999991
3271.1855270127116,3439.212317266949,61.902780400000665
3271.1855270127116,3443.090074152543,61.91135000000031
3271.1855270127116,3428.7387751588985,61.9177849000007
3271.1855270127116,3420.0412142478817,61.92289310000069
3271.1855270127116,3420.0175344279664,61.92902380000032
3271.1855270127116,3409.6811930614413,61.93633370000043
3271.1855270127116,3394.8690121822037,61.944516000000476
3271.1855270127116,3426.007962129237,61.952648399999816
3271.1855270127116,3425.785365466102,61.96078850000049
3271.1855270127116,3426.710736228813,61.96669580000071
3271.1855270127116,3398.9126933262723,61.974947700000484
3271.1855270127116,3429.804257150424,61.98087560000022
3271.1855270127116,3401.9721848516942,61.98607859999993
3271.1855270127116,3404.088358050848,61.99386670000058
3271.1855270127116,3419.477433792373,61.99950799999988
3271.1855270127116,3400.487975370762,62.00465820000045
3271.1855270127116,3414.954545815679,62.01158680000026
3271.1855270127116,3417.165952065678,62.018859200000406
3271.1855270127116,3418.8941975635607,62.02691400000003
3271.1855270127116,3435.7204475635594,62.032484000000295
3271.1855270127116,3409.792717161018,62.039393400000336
3271.1855270127116,3418.2671464512705,62.04769850000048
3271.1855270127116,3412.6519160487296,62.05290940000032
3271.1855270127116,3416.1586943855937,62.05987880000066
3271.1855270127116,3430.956476430086,62.06719969999995
3271.1855270127116,3427.1078601694917,62.07245469999998
3271.1855270127116,3417.3042478813572,62.07901850000053
3271.1855270127116,3432.7221159957635,62.08669970000028
3271.1855270127116,3423.3589459745767,62.093173000000206
3271.1855270127116,3415.9686400953387,62.09892940000009
3271.1855270127116,3413.563403072035,62.10702399999991
3271.1855270127116,3418.8747934322037,62.11536520000027
3271.1855270127116,3427.01724443856,62.1213443000006
3271.1855270127116,3413.1734944385594,62.12664390000009
3271.1855270127116,3396.6837884004235,62.13419620000059
3271.1855270127116,3434.086591631356,62.141963600000054
3271.1855270127116,3415.8170603813564,62.149105899999995
3271.1855270127116,3429.6309666313564,62.15738240000064
3271.1855270127116,3434.2239843750003,62.16281070000059
3271.1855270127116,3431.814762976695,62.1688350000004
3271.1855270127116,3451.5240346927967,62.173960300000545
3271.1855270127116,3457.1957786016956,62.1792703000001
3271.1855270127116,3437.374980137713,62.18451240000013
3271.1855270127116,3410.984259798729,62.190594200000305
3271.1855270127116,3433.5024642478807,62.195679100000234
3271.1855270127116,3431.075938824153,62.20159980000062
3271.1855270127116,3440.36146848517,62.20700470000065
3271.1855270127116,3432.577517213983,62.21526189999986
3271.1855270127116,3447.86600503178,62.22243210000033
3271.1855270127116,3416.8511255296607,62.228776500000095
3271.1855270127116,3412.165937500001,62.237047800000255
3271.1855270127116,3442.522028601694,62.245260800000324
3271.1855270127116,3421.0233514300835,62.25173059999997
3271.1855270127116,3453.3988559322056,62.257068300000356
3271.1855270127116,3431.4667809851694,62.262835800000175
3271.1855270127116,3411.776906779661,62.26818520000052
3271.1855270127116,3430.2658858580508,62.275938300000234
3271.1855270127116,3413.8842399364407,62.28306740000062
3271.1855270127116,3421.003784427967,62.290990200000124
3271.1855270127116,3411.1832693326282,62.29643850000048
3271.1855270127116,3436.2864036016954,62.3045587000006
3271.1855270127116,3438.171524099578,62.31134870000005
3271.1855270127116,3394.7779713983055,62.31649920000018
3271.1855270127116,3437.3182825741533,62.32450140000037
3271.1855270127116,3403.1859560381363,62.33276410000053
3271.1855270127116,3416.759762976696,62.339938600000096
3271.1855270127116,3425.5454462394073,62.34826410000005
3271.1855270127116,3447.620643538135,62.356529200000296
3271.1855270127116,3421.388044226696,62.364402000000155
3271.1855270127116,3419.1545855402546,62.36972900000001
3271.1855270127116,3408.7151761122877,62.37484290000066
3271.1855270127116,3419.7955813029653,62.3798953000005
3271.1855270127116,3417.2679819915256,62.38505620000069
3271.1855270127116,3429.040523040254,62.390304800000195
3271.1855270127116,3423.5216379766957,62.3958719000002
3271.1855270127116,3415.197560911017,62.40098399999988
3271.1855270127116,3418.0888744703393,62.4061042000003
3271.1855270127116,3436.5085129766944,62.41125850000026
3271.1855270127116,3417.5655958686452,62.416430900000705
3271.1855270127116,3427.4068220338972,62.42158569999992
3271.1855270127116,3421.7653019067798,62.427406700000574
3271.1855270127116,3402.70976032839,62.435000200000104
3271.1855270127116,3411.6642280190677,62.44015430000036
3271.1855270127116,3402.93169226695,62.446308900000076
3271.1855270127116,3419.6960540254245,62.45428510000056
3271.1855270127116,3439.8755415783903,62.46155900000031
3271.1855270127116,3405.918800317797,62.467709900000045
3271.1855270127116,3418.082420550848,62.47276800000054
3271.1855270127116,3437.213904925847,62.47793410000031
3271.1855270127116,3398.299798728814,62.48306980000052
3271.1855270127116,3419.3960487288136,62.48815680000007
3271.1855270127116,3437.873335540255,62.49329420000049
3271.1855270127116,3422.6509083686437,62.49865360000058
3271.1855270127116,3417.370390625001,62.503853700000036
3271.1855270127116,3420.9772007415254,62.50905690000036
3271.1855270127116,3414.639420021187,62.51427770000009
3271.1855270127116,3426.7232574152545,62.5194433000006
3271.1855270127116,3424.145431673729,62.52463609999995
3271.1855270127116,3407.6421385063554,62.529756500000076
3271.1855270127116,3404.6291975635595,62.535030500000175
3271.1855270127116,3429.695725635593,62.54216619999988
3271.1855270127116,3408.914625264831,62.54921869999998
3271.1855270127116,3420.7404992055094,62.55440230000022
3271.1855270127116,3427.4068961864414,62.56005929999992
3271.1855270127116,3411.2584361758486,62.5653925000006
3271.1855270127116,3399.2001191737286,62.57158840000011
3271.1855270127116,3420.7028906250007,62.57681880000018
3271.1855270127116,3430.0022801906794,62.6036309000001
3271.1855270127116,3415.640289989406,62.6118378000001
3271.1855270127116,3432.4637314618653,62.620140099999844
3271.1855270127116,3413.233302436441,62.62718550000045
3271.1855270127116,3428.1897272245774,62.63545770000019
3271.1855270127116,3427.632232521187,62.641458500000226
3271.1855270127116,3408.5559017478813,62.646582899999885
3271.1855270127116,3422.354351165254,62.65174790000037
3271.1855270127116,3418.807701271187,62.65702070000043
3271.1855270127116,3411.1167081567805,62.66218720000052
3271.1855270127116,3421.519633209746,62.66737580000063
3271.1855270127116,3410.0692664194917,62.672497000000476
3271.1855270127116,3430.2779925847467,62.67759060000026
3271.1855270127116,3411.4756660487296,62.68474320000041
3271.1855270127116,3424.7842505296617,62.691710400000375
3271.1855270127116,3442.126611493645,62.69866020000063
3271.1855270127116,3431.817976694916,62.703828100000464
3271.1855270127116,3419.5858448093213,62.70902280000064
3271.1855270127116,3431.20654131356,62.71419060000062
3271.1855270127116,3412.158483845339,62.71954350000033
3271.1855270127116,3410.3379118114403,62.72468430000026
3271.1855270127116,3418.6611149364426,62.73039620000054
3271.1855270127116,3414.7834136652536,62.73559530000057
3271.1855270127116,3412.7444306144066,62.74082840000028
3271.1855270127116,3419.783673199153,62.745996800000285
3271.1855270127116,3412.422846927966,62.751272999999856
3271.1855270127116,3424.1828376588974,62.75640639999983
3271.1855270127116,3427.118689088983,62.763630500000545
3271.1855270127116,3428.757366260593,62.76989670000057
3271.1855270127116,3418.4797748940673,62.77510979999988
3271.1855270127116,3438.6281223516953,62.78027520000069
3271.1855270127116,3456.586583686442,62.785348200000044
3271.1855270127116,3427.315820974577,62.79053879999992
3271.1855270127116,3423.5639102224586,62.795694500000536
3271.1855270127116,3413.951402277543,62.80179320000025
3271.1855270127116,3442.3194809322044,62.80697830000008
3271.1855270127116,3411.218027012712,62.8121570000003
3271.1855270127116,3456.2223781779667,62.81747030000042
3271.1855270127116,3417.227425847458,62.82318120000036
3271.1855270127116,3421.905842161018,62.828256700000566
3271.1855270127116,3433.699238612289,62.83338069999991
3271.1855270127116,3429.306373146187,62.83853420000014
3271.1855270127116,3455.5969954978823,62.84366349999982
3271.1855270127116,3413.6862619173735,62.848856600000545
3271.1855270127116,3422.171779661018,62.85693549999996
3271.1855270127116,3406.219494173729,62.86239209999985
3271.1855270127116,3425.8829065148316,62.86783530000048
3271.1855270127116,3416.7726787605934,62.87356129999989
3271.1855270127116,3411.120260858052,62.87868080000044
3271.1855270127116,3425.3984692796607,62.883845700000165
3271.1855270127116,3419.816682997882,62.88989170000059
3271.1855270127116,3407.7247722457637,62.89499270000033
3271.1855270127116,3417.746087129237,62.90077639999981
3271.1855270127116,3421.009102224576,62.90844560000005
3271.1855270127116,3415.860112552967,62.913607200000115
3271.1855270127116,3409.5194147245766,62.91874650000045
3271.1855270127116,3443.1938744703393,62.925552400000015
3271.1855270127116,3414.6105839512707,62.93084739999995
3271.1855270127116,3436.79890625,62.93592340000032
3271.1855270127116,3418.432803230933,62.94113800000014
3271.1855270127116,3442.180733580509,62.94632080000065
3271.1855270127116,3421.0079237288137,62.95154080000066
3271.1855270127116,3421.046954449153,62.95671829999992
3271.1855270127116,3468.6891843220337,62.96266079999987
3271.1855270127116,3441.0298384533908,62.96789140000055
3271.1855270127116,3436.407882680084,62.97427560000051
3271.1855270127116,3430.3855190677978,62.97997490000034
3271.1855270127116,3414.8614777542366,62.98511060000055
3271.1855270127116,3430.941403601696,62.990245800000594
3271.1855270127116,3426.9891671080522,62.995401300000594
3271.1855270127116,3409.11461996822,63.00064340000063
3271.1855270127116,3427.419956302967,63.005712700000004
3271.1855270127116,3460.689397510593,63.01182550000067
3271.1855270127116,3414.456396980933,63.016992500000015
3271.1855270127116,3405.087359639831,63.02218360000006
3271.1855270127116,3427.3299668961877,63.027317400000356
3271.1855270127116,3448.9446411546605,63.033279199999924
3271.1855270127116,3441.27014565678,63.038510500000484
3271.1855270127116,3406.572037870763,63.04557019999993
3271.1855270127116,3429.5703191207626,63.05122200000005
3271.1855270127116,3433.7277780720356,63.0563144000007
3271.1855270127116,3414.7753151483053,63.06145259999994
3271.1855270127116,3411.937574152543,63.06662800000049
3271.1855270127116,3410.484598781779,63.071774600000026
3271.1855270127116,3433.420237023307,63.07688099999996
3271.1855270127116,3407.7696424788132,63.08206430000064
3271.1855270127116,3428.0983249470346,63.087265500000285
3271.1855270127116,3428.2904647775426,63.09261980000065
3271.1855270127116,3401.5091750529655,63.09778860000006
3271.1855270127116,3412.689251853814,63.10302000000047
3271.1855270127116,3416.840900423729,63.10820710000007
3271.1855270127116,3406.197159692797,63.11536210000031
3271.1855270127116,3397.7037195444914,63.12244390000069
3271.1855270127116,3437.3352237817808,63.128314800000226
3271.1855270127116,3419.8815651483055,63.13348920000044
3271.1855270127116,3434.506081832628,63.13869119999981
3271.1855270127116,3442.056349311441,63.143873500000154
3271.1855270127116,3423.1605892478806,63.14901770000051
3271.1855270127116,3432.106095074152,63.15480840000055
3271.1855270127116,3441.872102754238,63.16071180000017
3271.1855270127116,3399.3008805614413,63.16604189999998
3271.1855270127116,3456.3381978283905,63.17122500000005
3271.1855270127116,3411.2334017478825,63.179407399999945
3271.1855270127116,3410.2300900423734,63.186644200000046
3271.1855270127116,3420.1860447563568,63.19285940000009
3271.1855270127116,3405.65976032839,63.19797650000055
3271.1855270127116,3418.167519862289,63.20325250000042
3271.1855270127116,3406.8569703389844,63.20832980000068
3271.1855270127116,3430.3842399364407,63.21349420000024
3271.1855270127116,3437.320809057204,63.21859630000017
3271.1855270127116,3419.011788930085,63.224661500000366
3271.1855270127116,3421.743079978814,63.22991559999991
3271.1855270127116,3420.1626986228816,63.23520450000069
3271.1855270127116,3428.1935447563574,63.240360100000544
3271.1855270127116,3442.607502648305,63.245492699999886
3271.1855270127116,3416.762191472458,63.2506669000004
3271.1855270127116,3400.6951257944925,63.256495200000245
3271.1855270127116,3444.6774682203395,63.26202580000063
3271.1855270127116,3412.6771557203397,63.269990300000245
3271.1855270127116,3438.3340916313573,63.27520420000019
3271.1855270127116,3420.5336665783907,63.28036390000034
3271.1855270127116,3430.0342518538137,63.28557319999982
3271.1855270127116,3411.192044491526,63.29135250000036
3271.1855270127116,3417.373629502119,63.29673840000032
3271.1855270127116,3400.6073503707635,63.30191840000043
3271.1855270127116,3411.620538930085,63.30713470000046
3271.1855270127116,3419.1165452860187,63.31233650000013
3271.1855270127116,3403.132231197035,63.31745360000059
3271.1855270127116,3418.0354594809332,63.32283000000007
3271.1855270127116,3422.879409427967,63.330758800000694
3271.1855270127116,3440.5676522775434,63.33587249999982
3271.1855270127116,3439.5454753707627,63.34100649999982
3271.1855270127116,3421.8772722457634,63.346179799999845
3271.1855270127116,3411.414903336865,63.351292500000454
3271.1855270127116,3421.4259189618647,63.356413200000134
3271.1855270127116,3433.9342770127123,63.36222980000002
3271.1855270127116,3445.82520789195,63.36754699999983
3271.1855270127116,3425.597727754238,63.37295979999999
3271.1855270127116,3427.4362433792385,63.37805380000009
3271.1855270127116,3408.692339777543,63.38319240000055
3271.1855270127116,3400.0929859639837,63.38840020000043
3271.1855270127116,3433.1784533898312,63.39428970000063
3271.1855270127116,3441.358090572034,63.40256540000064
3271.1855270127116,3420.0178561970347,63.40818000000036
3271.1855270127116,3454.2873649364415,63.415105800000674
3271.1855270127116,3437.505766684322,63.42235770000025
3271.1855270127116,3423.2562725105927,63.42762640000001
3271.1855270127116,3411.507542372881,63.433447700000215
3271.1855270127116,3421.972186175848,63.43859150000026
3271.1855270127116,3441.5206395656783,63.44410320000043
3271.1855270127116,3417.7513824152543,63.44929289999982
3271.1855270127116,3447.5586586334753,63.45454020000034
3271.1855270127116,3448.7578244173733,63.459683800000676
3271.1855270127116,3423.4523543432206,63.46610529999998
3271.1855270127116,3406.9304700741523,63.471310700000686
3271.1855270127116,3401.2352237817795,63.47950410000067
3271.1855270127116,3432.8540095338985,63.48542840000027
3271.1855270127116,3429.3734454449163,63.49065100000007
3271.1855270127116,3427.346389036017,63.49581649999982
3271.1855270127116,3410.1778019067806,63.5009297000006
3271.1855270127116,3444.0844875529674,63.50930590000007
3271.1855270127116,3411.435667372882,63.517587000000276
3271.1855270127116,3436.2697881355944,63.52584260000003
3271.1855270127116,3410.897910487288,63.532572600000094
3271.1855270127116,3427.2586679025426,63.53879450000022
3271.1855270127116,3424.604773569916,63.54459570000017
3271.1855270127116,3435.213081302967,63.55010829999992
3271.1855270127116,3427.874037341102,63.557652399999824
3271.1855270127116,3415.7445789194917,63.5643312000002
3271.1855270127116,3409.5826946504244,63.569769600000654
3271.1855270127116,3416.72395391949,63.57622919999994
3271.1855270127116,3432.514947033898,63.5813404999999
3271.1855270127116,3423.0033064088984,63.58844450000015
3271.1855270127116,3424.2742981991523,63.5948042
3271.1855270127116,3421.7618392478826,63.600386699999945
3271.1855270127116,3437.4765757415257,63.606794100000116
3271.1855270127116,3426.1429608050857,63.612284900000304
3271.1855270127116,3424.079964247882,63.619526999999835
3271.1855270127116,3435.496863082628,63.627375400000346
3271.1855270127116,3414.0698371292374,63.6329353000001
3271.1855270127116,3451.082196769068,63.63878440000008
3271.1855270127116,3430.335025158899,63.64502989999983
3271.1855270127116,3424.325002648305,63.653290400000515
3271.1855270127116,3416.304327330509,63.65867170000001
3271.1855270127116,3404.9586996822036,63.66385790000004
3271.1855270127116,3413.2400052966113,63.6689894000001
3271.1855270127116,3437.54504634534,63.674139800000376
3271.1855270127116,3423.367278866526,63.6821815000003
3271.1855270127116,3419.3690929555087,63.689202900000055
3271.1855270127116,3411.7666644597457,63.695548900000176
3271.1855270127116,3429.8100317796616,63.70071220000045
3271.1855270127116,3417.8847497351694,63.70588550000048
3271.1855270127116,3451.897391419493,63.711122100000466
3271.1855270127116,3404.0991340042374,63.7210098000005
3271.1855270127116,3412.275274099577,63.72625909999988
3271.1855270127116,3412.2061493644064,63.731441599999926
3271.1855270127116,3424.0898066737295,63.7366449000001
3271.1855270127116,3417.2314711334757,63.74183820000053
3271.1855270127116,3443.2083183262707,63.74698679999983
3271.1855270127116,3419.022170286017,63.75212980000015
3271.1855270127116,3443.832744968221,63.760340599999836
3271.1855270127116,3407.665218485169,63.76643140000033
3271.1855270127116,3455.889000264831,63.771659800000634
3271.1855270127116,3423.9318207097463,63.776860100000704
3271.1855270127116,3442.345242319916,63.782111200000145
3271.1855270127116,3407.6705561440685,63.787692400000196
3271.1855270127116,3443.3430813029668,63.793302900000526
3271.1855270127116,3418.2112420550848,63.80163679999987
3271.1855270127116,3425.977168961865,63.80827750000026
3271.1855270127116,3392.614182997882,63.81339780000053
3271.1855270127116,3416.380217161018,63.818560000000616
3271.1855270127116,3443.7089088983057,63.823908200000005
3271.1855270127116,3451.1128482521194,63.829360600000655
3271.1855270127116,3435.3435977224585,63.83455630000026
3271.1855270127116,3434.9238837394078,63.83969059999981
3271.1855270127116,3403.748269332627,63.844833400000425
3271.1855270127116,3399.4119239936445,63.84995810000055
3271.1855270127116,3411.8303482521196,63.8550451000001
3271.1855270127116,3411.432409957627,63.86113710000063
3271.1855270127116,3423.0796477754234,63.866457200000696
3271.1855270127116,3423.1069173728815,63.87161230000038
3271.1855270127116,3417.9487645656786,63.876793200000066
3271.1855270127116,3408.489639830508,63.881867500000226
3271.1855270127116,3431.061492319916,63.887084900000445
3271.1855270127116,3435.9368564618653,63.89227170000049
3271.1855270127116,3428.489957627118,63.898442100000466
3271.1855270127116,3432.139581567797,63.90357480000057
3271.1855270127116,3436.0248887711864,63.908751900000425
3271.1855270127116,3410.773409692797,63.91384199999993
3271.1855270127116,3437.0715121822027,63.9190021000004
3271.1855270127116,3404.627837658899,63.92412930000046
3271.1855270127116,3424.0103932733055,63.9304259999999
3271.1855270127116,3446.4208170021193,63.935616100000516
3271.1855270127116,3440.144724576272,63.94072800000049
3271.1855270127116,3426.5677688029664,63.94595590000063
3271.1855270127116,3432.9539247881344,63.95112320000044
3271.1855270127116,3420.872016684322,63.956226100000094
3271.1855270127116,3412.9369703389834,63.96146450000015
3271.1855270127116,3444.0855045021185,63.967596100000264
3271.1855270127116,3403.749496822034,63.972668299999896
3271.1855270127116,3427.9751575741525,63.97782090000055
3271.1855270127116,3436.7922788665264,63.98298390000036
3271.1855270127116,3412.072194120763,63.988070100000186
3271.1855270127116,3402.5688281249995,63.993167200000244
3271.1855270127116,3428.439498146187,63.99882780000007
3271.1855270127116,3418.4795828919487,64.0039254000003
3271.1855270127116,3416.7326324152546,64.01187759999993
3271.1855270127116,3414.6979952330516,64.02010520000022
3271.1855270127116,3432.7534560381355,64.02739230000043
3271.1855270127116,3433.3309520656794,64.03245160000006
3271.1855270127116,3450.8551774364414,64.0378537000006
3271.1855270127116,3405.0442796610164,64.04297940000015
3271.1855270127116,3418.6154078389836,64.04819159999988
3271.1855270127116,3408.7752807203397,64.05330970000068
3271.1855270127116,3407.093277277543,64.0584503
3271.1855270127116,3432.015121822034,64.06359510000038
3271.1855270127116,3420.894815942797,64.06953060000069
3271.1855270127116,3429.927105402542,64.07469000000037
3271.1855270127116,3429.7620378707625,64.0798850000001
3271.1855270127116,3423.30927568856,64.08505930000047
3271.1855270127116,3411.838219014831,64.09021260000009
3271.1855270127116,3401.359331302966,64.09534590000021
3271.1855270127116,3427.8141618114414,64.10049680000066
3271.1855270127116,3422.1441498940685,64.10575430000063
3271.1855270127116,3456.074739141949,64.11092250000002
3271.1855270127116,3432.6628072033905,64.11605850000069
3271.1855270127116,3430.6058434851698,64.12124350000067
3271.1855270127116,3414.4745047669494,64.12637730000006
3271.1855270127116,3432.297179555085,64.13156549999985
3271.1855270127116,3436.792710540255,64.13672459999998
3271.1855270127116,3409.8026628707644,64.14756940000007
3271.1855270127116,3418.573147510593,64.15282980000029
3271.1855270127116,3422.8361493644065,64.15865870000016
3271.1855270127116,3409.696496292373,64.16670070000055
3271.1855270127116,3452.3578919491524,64.17218589999993
3271.1855270127116,3406.9158249470343,64.17894290000004
3271.1855270127116,3428.149985434322,64.18413640000017
3271.1855270127116,3411.578286546611,64.19056960000034
3271.1855270127116,3403.743362023306,64.19871120000062
3271.1855270127116,3417.911496292373,64.20669220000036
3271.1855270127116,3438.7021504237296,64.2148216000005
3271.1855270127116,3414.9751549258476,64.22029670000029
3271.1855270127116,3428.816585010594,64.22546580000017
3271.1855270127116,3424.5100317796623,64.23060340000029
3271.1855270127116,3411.512310646188,64.23576450000019
3271.1855270127116,3420.3065638241533,64.2409803999999
3271.1855270127116,3433.1388294491535,64.24651790000007
3271.1855270127116,3414.793323622882,64.25283360000049
3271.1855270127116,3419.535264830509,64.25978850000047
3271.1855270127116,3408.1160129766963,64.26722340000015
3271.1855270127116,3423.517611228814,64.27334100000007
3271.1855270127116,3422.411912076271,64.27943670000059
3271.1855270127116,3428.465725635594,64.28457919999983
3271.1855270127116,3415.7454131355944,64.29060600000048
3271.1855270127116,3422.7653124999993,64.29575980000027
3271.1855270127116,3401.4396742584745,64.30093709999983
3271.1855270127116,3426.416272510593,64.30605190000006
3271.1855270127116,3419.7473861228823,64.31192319999991
3271.1855270127116,3424.618309057204,64.31775999999991
3271.1855270127116,3408.61975503178,64.3260736000002
3271.1855270127116,3412.53268273305,64.33415860000059
3271.1855270127116,3411.4245352224584,64.34002500000042
3271.1855270127116,3417.171536016949,64.34810079999988
3271.1855270127116,3413.711334745763,64.3561623000005
3271.1855270127116,3440.866763771188,64.36325060000036
3271.1855270127116,3411.843016419491,64.36954510000032
3271.1855270127116,3430.054364406781,64.37506550000035
3271.1855270127116,3452.8907838983064,64.38143000000036
3271.1855270127116,3431.2650701800853,64.3869908000006
3271.1855270127116,3428.731659163135,64.39434789999996
3271.1855270127116,3423.2529462394073,64.40147849999994
3271.1855270127116,3414.4887036546615,64.4075186
3271.1855270127116,3422.6525993114406,64.41507580000052
3271.1855270127116,3419.792722457627,64.4215505000002
3271.1855270127116,3427.1553456038137,64.42669010000009
3271.1855270127116,3430.8657163665266,64.43258479999986
3271.1855270127116,3416.1504250529665,64.43772720000015
3271.1855270127116,3430.56900026483,64.44290100000035
3271.1855270127116,3429.4583368644076,64.44805559999986
3271.1855270127116,3422.355639565678,64.45609289999993
3271.1855270127116,3456.7715267478825,64.46158210000067
3271.1855270127116,3428.2557256355944,64.46672960000069
3271.1855270127116,3420.635625,64.47192559999985
3271.1855270127116,3426.3931051377135,64.47703300000012
3271.1855270127116,3446.3134494173737,64.48223570000027
3271.1855270127116,3421.268395127119,64.48756649999996
3271.1855270127116,3419.594500794493,64.49332140000024
3271.1855270127116,3415.819397510593,64.49843670000064
3271.1855270127116,3400.1750542902532,64.50357640000038
3271.1855270127116,3416.9843471927975,64.5087309999999
3271.1855270127116,3451.460194650424,64.51388300000053
3271.1855270127116,3402.802023305085,64.51897439999993
3271.1855270127116,3416.9476257944916,64.5241844000002
3271.1855270127116,3412.3207216631367,64.52929250000034
3271.1855270127116,3413.3017068326276,64.53453420000005
3271.1855270127116,3437.266706832628,64.53971439999987
3271.1855270127116,3421.7936361228813,64.5448051000003
3271.1855270127116,3426.930586599577,64.5500402000007
3271.1855270127116,3416.1016922669487,64.55513539999993
3271.1855270127116,3450.18692134534,64.56069340000067
3271.1855270127116,3442.0320696504236,64.56580389999999
3271.1855270127116,3442.668797669492,64.57097890000023
3271.1855270127116,3407.138053495763,64.57619729999988
3271.1855270127116,3450.9709216101683,64.5813734000003
3271.1855270127116,3429.9966763771185,64.58655850000014
3271.1855270127116,3407.2646186440684,64.59280390000004
3271.1855270127116,3425.0251628707633,64.59980780000024
3271.1855270127116,3417.1705097987287,64.60493610000049
3271.1855270127116,3426.7632865466117,64.61006940000061
3271.1855270127116,3438.6055296610166,64.61519550000048
3271.1855270127116,3424.777074947034,64.6203389000002
3271.1855270127116,3415.878166048729,64.62546750000001
3271.1855270127116,3445.5027727754245,64.63144430000011
3271.1855270127116,3415.2646557203393,64.63655500000004
3271.1855270127116,3409.766896186441,64.6416962000003
3271.1855270127116,3413.058710275424,64.64680580000004
3271.1855270127116,3438.5065532309322,64.65191090000008
3271.1855270127116,3406.7332375529663,64.65697140000066
3271.1855270127116,3423.330272775424,64.66257510000014
3271.1855270127116,3404.472077595339,64.66806720000022
3271.1855270127116,3437.8981263241535,64.67323980000037
3271.1855270127116,3401.7696557203385,64.67832379999982
3271.1855270127116,3412.106976959746,64.68343199999981
3271.1855270127116,3423.705928230933,64.68858950000049
3271.1855270127116,3440.8618511652553,64.69370760000038
3271.1855270127116,3430.0121543961873,64.69895840000027
3271.1855270127116,3421.1304899364413,64.70468580000033
3271.1855270127116,3413.121632680086,64.70997540000008
3271.1855270127116,3437.9094332627124,64.71511850000024
3271.1855270127116,3421.832314618645,64.72031680000055
3271.1855270127116,3423.937714512713,64.72839980000026
3271.1855270127116,3431.568557997883,64.73661970000012
3271.1855270127116,3452.8661361228815,64.74354930000027
3271.1855270127116,3426.581125529662,64.75103279999985
3271.1855270127116,3427.857437764831,64.75929710000037
3271.1855270127116,3428.8746623411025,64.76739120000002
3271.1855270127116,3434.16836996822,64.77416520000043
3271.1855270127116,3432.269352489408,64.7793399000002
3271.1855270127116,3406.425217161018,64.78445730000021
3271.1855270127116,3413.9645749470346,64.78968030000033
3271.1855270127116,3421.4752171610166,64.79485000000022
3271.1855270127116,3416.1753230932213,64.80001280000033
3271.1855270127116,3421.601855137712,64.80522999999994
3271.1855270127116,3408.8673583156788,64.81029990000025
3271.1855270127116,3421.295006620763,64.81539840000005
3271.1855270127116,3414.1143630826273,64.82051630000024
3271.1855270127116,3431.1076019597463,64.8256792000002
3271.1855270127116,3423.6496318855925,64.83077930000036
3271.1855270127116,3430.6573225635602,64.83591909999996
3271.1855270127116,3414.797394067798,64.84190480000052
3271.1855270127116,3420.0415280720335,64.84700520000024
3271.1855270127116,3412.4861427436445,64.8521808000005
3271.1855270127116,3424.062661546611,64.85731690000011
3271.1855270127116,3442.4460116525424,64.86245750000035
3271.1855270127116,3428.0188850635595,64.86761380000007
3271.1855270127116,3422.9783117055085,64.87354659999983
3271.1855270127116,3417.692541048729,64.88099779999993
3271.1855270127116,3420.904152542374,64.88610610000069
3271.1855270127116,3435.051688294492,64.89130710000063
3271.1855270127116,3420.3008554025428,64.89639210000041
3271.1855270127116,3414.022289459745,64.90152519999992
3271.1855270127116,3419.682243114408,64.9066843999999
3271.1855270127116,3408.6467545021183,64.91267760000028
3271.1855270127116,3447.79326536017,64.91779000000042
3271.1855270127116,3437.166510858051,64.92505919999985
3271.1855270127116,3413.89131753178,64.93337410000004
3271.1855270127116,3412.1443286546614,64.9409682000005
3271.1855270127116,3432.048334216102,64.9466151000006
3271.1855270127116,3421.0055852754244,64.95210899999984
3271.1855270127116,3430.2298636122887,64.96046550000028
3271.1855270127116,3399.874629237289,64.96621899999991
3271.1855270127116,3413.6298212394076,64.97143050000068
3271.1855270127116,3407.2401906779664,64.97876400000041
3271.1855270127116,3411.7610063559323,64.98453920000065
3271.1855270127116,3433.9105693855945,64.98958840000068
3271.1855270127116,3419.4670259533896,64.99481000000014
3271.1855270127116,3414.792587394068,64.99988949999988
3271.1855270127116,3425.3547298728804,65.00504430000001
3271.1855270127116,3419.260258209747,65.01018910000039
3271.1855270127116,3413.3690267478814,65.01708169999984
3271.1855270127116,3428.1566551906785,65.0254244000007
3271.1855270127116,3434.13842690678,65.03254050000032
3271.1855270127116,3406.0630799788146,65.03776580000067
3271.1855270127116,3392.8640889830513,65.04325539999991
3271.1855270127116,3435.0228932733066,65.05174890000035
3271.1855270127116,3441.9322987288133,65.05727949999982
3271.1855270127116,3413.3443180614404,65.06238070000018
3271.1855270127116,3441.3845670021187,65.06759200000033
3271.1855270127116,3402.1909004237277,65.07272990000001
3271.1855270127116,3417.2647391419505,65.0778263000002
3271.1855270127116,3423.748789724577,65.08306470000025
3271.1855270127116,3425.844148569916,65.08814549999988
3271.1855270127116,3404.3647775423724,65.09334840000065
3271.1855270127116,3414.9409136652557,65.0985868000007
3271.1855270127116,3413.257354343221,65.10376280000037
3271.1855270127116,3405.275726959747,65.10891059999994
3271.1855270127116,3415.827999205509,65.11411690000023
3271.1855270127116,3420.513229608052,65.11923670000033
3271.1855270127116,3415.4563493114415,65.12534630000027
3271.1855270127116,3411.8549020127107,65.1304568000005
3271.1855270127116,3419.703106461865,65.13570450000043
3271.1855270127116,3418.3528575211867,65.14094900000055
3271.1855270127116,3434.749332627118,65.14610979999998
3271.1855270127116,3417.2278257415255,65.1513087000003
3271.1855270127116,3425.019478283898,65.15687789999993
3271.1855270127116,3404.4132203389836,65.16238280000016
3271.1855270127116,3406.0899523305084,65.16752610000003
3271.1855270127116,3424.2797629766956,65.17271770000025
3271.1855270127116,3446.5070749470333,65.1778903000004
3271.1855270127116,3417.742609904661,65.18309880000015
3271.1855270127116,3408.1868087923726,65.18824380000024
3271.1855270127116,3435.7979846398307,65.19385450000027
3271.1855270127116,3412.947503972457,65.19898100000046
3271.1855270127116,3430.5115479343212,65.20410110000012
3271.1855270127116,3431.780953389831,65.20919500000036
3271.1855270127116,3420.7880442266955,65.21433200000047
3271.1855270127116,3424.6045974576277,65.2194926000002
3271.1855270127116,3438.2038506355925,65.22509050000008
3271.1855270127116,3424.371878972458,65.23017780000009
3271.1855270127116,3427.1420127118645,65.23537190000025
3271.1855270127116,3414.168797669491,65.24047299999984
3271.1855270127116,3440.056092425848,65.24562789999982
3271.1855270127116,3433.368572563559,65.25082770000063
3271.1855270127116,3403.6210328389834,65.2560113999998
3271.1855270127116,3413.3686970338986,65.2612022000003
3271.1855270127116,3435.75858845339,65.26636409999992
3271.1855270127116,3418.308773834746,65.27148519999992
3271.1855270127116,3415.717719809322,65.27663630000006
3271.1855270127116,3402.5194663665266,65.2816972999999
3271.1855270127116,3423.8605998411026,65.28681940000024
3271.1855270127116,3427.4535050317786,65.2919909000002
3271.1855270127116,3432.694437235171,65.29817970000022
3271.1855270127116,3413.23461467161,65.30409940000027
3271.1855270127116,3398.71526615466,65.30965910000032
3271.1855270127116,3413.2088890360164,65.31488119999995
3271.1855270127116,3406.2237129237283,65.32009090000065
3271.1855270127116,3418.936269862287,65.32693780000045
3271.1855270127116,3394.265732256356,65.33449509999991
3271.1855270127116,3423.894549788136,65.34260340000037
3271.1855270127116,3412.420672669491,65.35009489999993
3271.1855270127116,3448.3665691207634,65.35655640000004
3271.1855270127116,3436.1152462923737,65.3646589
3271.1855270127116,3427.7072947563574,65.37280780000037
3271.1855270127116,3402.7721040783895,65.38018210000064
3271.1855270127116,3414.534449152543,65.38653599999998
3271.1855270127116,3421.9449271716094,65.39166569999998
3271.1855270127116,3424.0320246292385,65.39709089999997
3271.1855270127116,3424.1892213983047,65.40225989999999
3271.1855270127116,3406.1243445444925,65.40740880000067
3271.1855270127116,3450.1407931673734,65.4125868000001
3271.1855270127116,3416.5519637182206,65.4191477000004
3271.1855270127116,3449.404913930085,65.42593600000055
3271.1855270127116,3406.899720603814,65.43099979999988
3271.1855270127116,3398.9838413665257,65.43722370000069
3271.1855270127116,3419.936671080508,65.44539640000039
3271.1855270127116,3413.3717425847453,65.45357969999986
3271.1855270127116,3417.5126231461854,65.4616145
3271.1855270127116,3426.2012778072044,65.4690298000005
3271.1855270127116,3434.2657176906787,65.47601889999987
3271.1855270127116,3421.4199602754234,65.48121179999998
3271.1855270127116,3429.5968087923725,65.48636520000036
3271.1855270127116,3423.061477754237,65.49151570000049
3271.1855270127116,3421.162646980932,65.49670349999997
3271.1855270127116,3414.7931382415254,65.50183930000003
3271.1855270127116,3412.4901469809324,65.50695670000005
3271.1855270127116,3410.590348252119,65.51206989999991
3271.1855270127116,3413.687911811441,65.51717390000067
3271.1855270127116,3432.641692266951,65.52228970000033
3271.1855270127116,3406.702097457627,65.5274999000003
3271.1855270127116,3413.7982309322033,65.53263030000016
3271.1855270127116,3422.376631355933,65.5379640000001
3271.1855270127116,3398.314972192797,65.54311120000057
3271.1855270127116,3449.969161811441,65.54831420000028
3271.1855270127116,3420.1394107521196,65.55342759999985
3271.1855270127116,3438.6890320444927,65.5586714000001
3271.1855270127116,3421.6464221398314,65.56382500000018
3271.1855270127116,3425.587555614408,65.5693252000001
3271.1855270127116,3449.230248940678,65.57443010000043
3271.1855270127116,3413.933726165254,65.57959710000068
3271.1855270127116,3406.6965452860163,65.5847389999999
3271.1855270127116,3413.0761546610174,65.59005140000045
3271.1855270127116,3415.993501059323,65.59522560000005
3271.1855270127116,3439.781214247883,65.6003795000006
3271.1855270127116,3429.827239141949,65.60590339999999
3271.1855270127116,3434.784954978815,65.61155280000003
3271.1855270127116,3427.263389830509,65.61756710000009
3271.1855270127116,3443.049420021187,65.62269980000019
3271.1855270127116,3417.0237513241527,65.62797300000057
3271.1855270127116,3398.6037049788138,65.63304250000056
3271.1855270127116,3418.3950105932217,65.63993990000017
3271.1855270127116,3434.3874364406774,65.64716839999983
3271.1855270127116,3425.682178230932,65.65234049999981
3271.1855270127116,3403.0921199682202,65.65754170000037
3271.1855270127116,3447.8698993644066,65.66270850000001
3271.1855270127116,3416.847252383475,65.66793790000065
3271.1855270127116,3437.6292492055077,65.67349319999994
3271.1855270127116,3414.9004541843233,65.67881209999996
3271.1855270127116,3417.0534427966113,65.6839589000001
3271.1855270127116,3422.436612817797,65.68910010000036
3271.1855270127116,3440.0749298199153,65.69427350000024
3271.1855270127116,3444.6669610699155,65.6994508000007
3271.1855270127116,3452.5625489936438,65.70457799999986
3271.1855270127116,3420.365762711866,65.71056560000034
3271.1855270127116,3430.2429515360172,65.71562710000035
3271.1855270127116,3421.6026522775437,65.72078710000005
3271.1855270127116,3401.3530813029665,65.72591000000011
3271.1855270127116,3394.336393008475,65.73104990000047
3271.1855270127116,3405.2954224046607,65.7361922
3271.1855270127116,3441.5727423199155,65.74335640000027
3271.1855270127116,3417.3956395656787,65.75051100000019
3271.1855270127116,3410.332970074152,65.75644480000028
3271.1855270127116,3449.1109864936448,65.76352709999992
3271.1855270127116,3434.8102489406797,65.77047270000003
3271.1855270127116,3427.341672404662,65.77565490000052
3271.1855270127116,3416.5627913135595,65.78425520000019
3271.1855270127116,3409.7753204449145,65.7907796999998
3271.1855270127116,3412.6024629237286,65.79588330000024
3271.1855270127116,3411.0372100105933,65.80259939999996
3271.1855270127116,3417.760054290256,65.80931430000055
3271.1855270127116,3441.3710500529664,65.81455100000039
3271.1855270127116,3425.207605932203,65.82162920000064
3271.1855270127116,3408.9907137182213,65.82873170000039
3271.1855270127116,3451.6449020127125,65.83434579999994
3271.1855270127116,3438.6424801377134,65.84138410000014
3271.1855270127116,3406.5216154661016,65.8491582000006
3271.1855270127116,3423.572056408898,65.85430770000039
3271.1855270127116,3452.929182997881,65.85943620000035
3271.1855270127116,3411.191344014831,65.8645916000005
3271.1855270127116,3406.294797404661,65.8697802000006
3271.1855270127116,3437.692662870763,65.87490059999982
3271.1855270127116,3419.9442174258484,65.88052460000017
3271.1855270127116,3444.4602542372886,65.88597470000059
3271.1855270127116,3395.9787579449157,65.89380799999981
3271.1855270127116,3417.7687036546613,65.90002809999987
3271.1855270127116,3417.6097987288144,65.90516449999996
3271.1855270127116,3421.1198940677964,65.9110827000004
3271.1855270127116,3407.953951271187,65.91619820000051
3271.1855270127116,3426.2003720868643,65.92241689999992
3271.1855270127116,3434.2070842161015,65.92806280000059
3271.1855270127116,3414.9760116525417,65.93556900000021
3271.1855270127116,3430.070426377119,65.94148550000045
3271.1855270127116,3409.033180614407,65.9466167999999
3271.1855270127116,3434.8390691207633,65.95270280000022
3271.1855270127116,3411.1193657309327,65.95779870000024
3271.1855270127116,3396.808738082627,65.96296119999988
3271.1855270127116,3423.574304819915,65.96805930000028
3271.1855270127116,3431.0387778072045,65.97328860000016
3271.1855270127116,3421.4377621822046,65.97848830000021
3271.1855270127116,3408.737398040254,65.9836894
3271.1855270127116,3413.5665267478817,65.98889620000045
3271.1855270127116,3406.439384269068,65.99658050000016
3271.1855270127116,3416.473282574153,66.00298420000036
3271.1855270127116,3432.707280190678,66.00851060000059
3271.1855270127116,3419.447506620763,66.01694860000043
3271.1855270127116,3441.1434136652547,66.02388570000039
3271.1855270127116,3407.2152330508484,66.03026099999988
3271.1855270127116,3410.9563572563566,66.03833190000023
3271.1855270127116,3416.145593220339,66.04411570000048
3271.1855270127116,3420.225581302967,66.04936830000042
3271.1855270127116,3418.4135659427966,66.05452270000023
3271.1855270127116,3413.927587394068,66.06074700000045
3271.1855270127116,3431.7571927966105,66.06588150000061
3271.1855270127116,3440.077726430086,66.07104460000028
3271.1855270127116,3411.32613082627,66.07629910000014
3271.1855270127116,3425.4159600105936,66.08146250000027
3271.1855270127116,3434.093136917373,66.08662189999995
3271.1855270127116,3416.940511122881,66.0923771000007
3271.1855270127116,3426.995887182205,66.09745000000021
3271.1855270127116,3423.244674258475,66.1034081000007
3271.1855270127116,3425.9567862817803,66.10849860000053
3271.1855270127116,3427.87275026483,66.11356250000063
3271.1855270127116,3427.467842955509,66.11869920000026
3271.1855270127116,3413.3165532309313,66.12388439999995
3271.1855270127116,3429.855176112288,66.12955210000018
3271.1855270127116,3413.7029382944916,66.13481980000051
3271.1855270127116,3413.1985447563566,66.14005970000017
3271.1855270127116,3431.454449152543,66.14525159999994
3271.1855270127116,3425.1554806673735,66.15037840000059
3271.1855270127116,3411.3232984639844,66.15556460000062
3271.1855270127116,3417.6861864406783,66.16073880000022
3271.1855270127116,3416.692669491525,66.1663922000007
3271.1855270127116,3426.040550847458,66.17235580000033
3271.1855270127116,3428.69358845339,66.17783940000027
3271.1855270127116,3439.2523159427974,66.18349060000037
3271.1855270127116,3435.2190744173745,66.18895049999992
3271.1855270127116,3418.427605932203,66.19461630000023
3271.1855270127116,3439.146243379237,66.20038639999984
3271.1855270127116,3433.2717730402555,66.20834819999982
3271.1855270127116,3426.754727224577,66.21441529999993
3271.1855270127116,3432.514363082627,66.21991810000054
3271.1855270127116,3412.2734176377116,66.2261066000001
3271.1855270127116,3429.690805084746,66.23697340000035
3271.1855270127116,3410.9040188029667,66.2429245000003
3271.1855270127116,3433.536819385593,66.2481026000005
3271.1855270127116,3421.2173212394073,66.25327629999992
3271.1855270127116,3408.256175847457,66.25846730000012
3271.1855270127116,3421.099442531781,66.26358210000035
3271.1855270127116,3399.60655190678,66.26871670000037
3271.1855270127116,3418.7789989406774,66.27434679999988
3271.1855270127116,3421.1323556673724,66.27943440000035
3271.1855270127116,3400.3777740995765,66.28458649999993
3271.1855270127116,3423.528842690678,66.28972700000031
3271.1855270127116,3416.832028601695,66.2949021000004
3271.1855270127116,3423.5532269597466,66.30004550000012
3271.1855270127116,3445.7196212923736,66.30749710000055
3271.1855270127116,3416.976986228814,66.31348830000024
3271.1855270127116,3414.0978005826278,66.31856510000034
3271.1855270127116,3419.472993908899,66.3237149000006
3271.1855270127116,3421.9647643008484,66.32888230000026
3271.1855270127116,3409.5528270656787,66.33401260000028
3271.1855270127116,3435.1603681144065,66.33913480000047
3271.1855270127116,3439.3781951800847,66.34512059999997
3271.1855270127116,3430.0006594279657,66.35024750000048
3271.1855270127116,3423.7981766419493,66.35537050000039
3271.1855270127116,3421.1689446504242,66.36050169999999
3271.1855270127116,3415.1203204449153,66.36566420000054
3271.1855270127116,3426.8824563029675,66.37079780000022
3271.1855270127116,3438.5532216631364,66.37640319999991
3271.1855270127116,3431.3729396186454,66.38182349999988
3271.1855270127116,3449.202296080509,66.38695800000005
3271.1855270127116,3416.2399483580516,66.3920920999999
3271.1855270127116,3427.1909692796617,66.39727399999992
3271.1855270127116,3437.3225648834746,66.40246200000001
3271.1855270127116,3412.6653310381353,66.40759700000035
3271.1855270127116,3414.951518802967,66.41321770000013
3271.1855270127116,3422.138523569915,66.41832400000021
3271.1855270127116,3423.5972073622884,66.42349420000028
3271.1855270127116,3427.3551430084754,66.42859769999995
3271.1855270127116,3462.3522086864405,66.43386840000039
3271.1855270127116,3412.7786718750003,66.4389783000006
3271.1855270127116,3420.177697298729,66.44521299999997
3271.1855270127116,3420.045818326271,66.45172410000032
3271.1855270127116,3420.2131408898304,66.45685800000047
3271.1855270127116,3439.4874549788137,66.4619859000004
3271.1855270127116,3419.2935778601695,66.46713230000023
3271.1855270127116,3416.9340095338994,66.47229080000034
3271.1855270127116,3435.5282057733057,66.47739640000054
3271.1855270127116,3421.1649907309325,66.48356070000045
3271.1855270127116,3436.5312539724587,66.48910870000054
3271.1855270127116,3412.6710844809327,66.49533020000035
3271.1855270127116,3424.098595074153,66.50086920000012
3271.1855270127116,3469.1792902542375,66.50679709999986
3271.1855270127116,3401.449208156781,66.51215330000014
3271.1855270127116,3405.47172934322,66.51811640000051
3271.1855270127116,3441.665920286017,66.52414550000049
3271.1855270127116,3440.8502939618656,66.52922320000016
3271.1855270127116,3447.590758739408,66.53447500000038
3271.1855270127116,3432.8938016419497,66.53963329999988
3271.1855270127116,3407.2625092690687,66.54698100000041
3271.1855270127116,3430.4257838983053,66.55453300000045
3271.1855270127116,3412.1423569915264,66.55965319999996
3271.1855270127116,3434.9096795550854,66.56486070000028
3271.1855270127116,3427.880364141949,66.57005509999999
3271.1855270127116,3428.7190651483056,66.5752108000006
3271.1855270127116,3401.077890625,66.58034150000003
3271.1855270127116,3442.2841313559334,66.5859059000004
3271.1855270127116,3437.1236149364413,66.59142800000063
3271.1855270127116,3408.2808977754253,66.59665140000016
3271.1855270127116,3413.1806329449155,66.60186669999985
3271.1855270127116,3424.0826933262715,66.60910950000016
3271.1855270127116,3423.8719054555086,66.61681620000036
3271.1855270127116,3414.928980402543,66.62283690000004
3271.1855270127116,3415.584365730933,66.62836419999985
3271.1855270127116,3423.8850092690673,66.63352480000049
3271.1855270127116,3435.6034997351703,66.63873260000037
3271.1855270127116,3433.082703919493,66.64388150000013
3271.1855270127116,3417.8413440148306,66.64901590000045
3271.1855270127116,3409.158560646187,66.65428490000068
3271.1855270127116,3416.9375529661024,66.66249180000068
3271.1855270127116,3411.899634533899,66.67075699999987
3271.1855270127116,3398.1726575741527,66.67724429999998
3271.1855270127116,3430.2080614406777,66.68263900000056
3271.1855270127116,3421.08435911017,66.68784190000042
3271.1855270127116,3424.6999020127114,66.69343620000018
3271.1855270127116,3427.0693260063563,66.69865819999995
3271.1855270127116,3411.367345074153,66.70477120000032
3271.1855270127116,3405.523965836865,66.71207420000064
3271.1855270127116,3456.419077065678,66.72004749999996
3271.1855270127116,3438.0722285487304,66.72833260000061
3271.1855270127116,3420.620975900424,66.73513290000028
3271.1855270127116,3412.8685023834746,66.74070670000037
3271.1855270127116,3414.154261122882,66.74799660000008
3271.1855270127116,3419.222563559322,66.75622480000038
3271.1855270127116,3430.9287552966107,66.76250840000012
3271.1855270127116,3413.996314883475,66.76851270000043
3271.1855270127116,3445.4220948093225,66.77414490000046
3271.1855270127116,3423.579699417374,66.7799485000005
3271.1855270127116,3444.6073013771183,66.78613680000035
3271.1855270127116,3418.8352780720347,66.79125540000041
3271.1855270127116,3453.6145590572023,66.79886429999988
3271.1855270127116,3445.6819915254246,66.80433580000044
3271.1855270127116,3426.5818511652533,66.80947770000057
3271.1855270127116,3429.118471927967,66.81459210000048
3271.1855270127116,3447.0214406779664,66.81976209999993
3271.1855270127116,3419.5582534427963,66.82491470000059
3271.1855270127116,3416.445613082627,66.83007850000013
3271.1855270127116,3411.4663916843224,66.8364889000004
3271.1855270127116,3428.8997206038134,66.84239310000066
3271.1855270127116,3408.5001827330516,66.85005460000048
3271.1855270127116,3406.6406885593224,66.85827760000029
3271.1855270127116,3433.0533090572035,66.86596460000055
3271.1855270127116,3414.937510593221,66.87254050000047
3271.1855270127116,3414.9470034427964,66.8777497000001
3271.1855270127116,3426.8014367055084,66.88284380000005
3271.1855270127116,3411.8710619703397,66.88804110000001
3271.1855270127116,3441.7528177966105,66.89319979999982
3271.1855270127116,3447.4199721927976,66.89831570000024
3271.1855270127116,3419.9027979343223,66.90342599999985
3271.1855270127116,3409.3243723516953,66.90968520000024
3271.1855270127116,3407.6603694385585,66.91487580000012
3271.1855270127116,3416.5189446504246,66.91999300000043
3271.1855270127116,3443.533233580508,66.92507449999994
3271.1855270127116,3421.0079051906787,66.93021829999998
3271.1855270127116,3407.3674589512707,66.93540110000049
3271.1855270127116,3419.648493114407,66.94340300000022
3271.1855270127116,3435.051246027543,66.94954839999991
3271.1855270127116,3411.085819650424,66.95492980000017
3271.1855270127116,3427.7636030190683,66.96046040000056
3271.1855270127116,3424.1582004766956,66.9670485000006
3271.1855270127116,3428.0948927436452,66.97516450000057
3271.1855270127116,3430.625161546611,66.98348840000017
3271.1855270127116,3418.5014367055096,66.98889690000033
3271.1855270127116,3421.9509004237293,66.99404700000014
3271.1855270127116,3436.386918697035,66.99928040000032
3271.1855270127116,3426.097325211865,67.00456459999987
3271.1855270127116,3443.822101430085,67.01198030000069
3271.1855270127116,3444.378068061441,67.01801740000064
3271.1855270127116,3434.8595127118656,67.02326830000038
3271.1855270127116,3431.0996967690685,67.02842109999983
3271.1855270127116,3454.6100675317803,67.03351160000057
3271.1855270127116,3421.087821769067,67.0386911000005
3271.1855270127116,3414.486790254237,67.0438167000002
3271.1855270127116,3422.8245497881353,67.0500606000005
3271.1855270127116,3453.9339592161023,67.05559700000049
3271.1855270127116,3433.4066657838985,67.06369100000029
3271.1855270127116,3429.0753111758486,67.06942700000036
3271.1855270127116,3412.079696769068,67.07462269999996
3271.1855270127116,3426.7862447033904,67.08278500000051
3271.1855270127116,3396.012811175848,67.09092479999981
3271.1855270127116,3421.6593313029666,67.0964926000006
3271.1855270127116,3431.648452065678,67.10166389999995
3271.1855270127116,3414.2679727224568,67.10690740000064
3271.1855270127116,3431.330557468221,67.11210630000005
3271.1855270127116,3424.236941207628,67.11799400000018
3271.1855270127116,3410.713851959746,67.12313619999986
3271.1855270127116,3439.3671848516947,67.1283170000006
3271.1855270127116,3416.00576536017,67.13344750000033
3271.1855270127116,3411.4120590572043,67.13867269999992
3271.1855270127116,3415.184756355932,67.14392080000016
3271.1855270127116,3416.6982521186446,67.15007260000039
3271.1855270127116,3422.7888996292386,67.1574443999998
3271.1855270127116,3432.9053389830515,67.1635366999999
3271.1855270127116,3417.2880799788145,67.16986650000035
3271.1855270127116,3435.9969796080504,67.1773374000004
3271.1855270127116,3418.8381197033905,67.18610369999988
3271.1855270127116,3406.5111242055086,67.19181590000062
3271.1855270127116,3425.6367690677976,67.19698270000026
3271.1855270127116,3440.7732256355935,67.20217480000065
3271.1855270127116,3432.451665783899,67.20725540000058
3271.1855270127116,3465.132114671611,67.21241379999992
3271.1855270127116,3437.1564539194915,67.21759930000007
3271.1855270127116,3403.018613612288,67.22603500000059
3271.1855270127116,3430.4071424788135,67.23430220000046
3271.1855270127116,3432.597310646186,67.24045240000032
3271.1855270127116,3401.2496835275433,67.24559660000068
3271.1855270127116,3417.0082070974577,67.2515629999998
3271.1855270127116,3408.922664194915,67.25694759999988
3271.1855270127116,3417.7191512182208,67.26209620000009
3271.1855270127116,3425.1699748411024,67.26723910000055
3271.1855270127116,3425.237754237289,67.2723777000001
3271.1855270127116,3399.4340307203393,67.27751189999981
3271.1855270127116,3448.4948000529657,67.28267800000049
3271.1855270127116,3421.1010593220344,67.28785380000045
3271.1855270127116,3414.967820444916,67.29602780000005
3271.1855270127116,3411.6126972987286,67.30125290000069
3271.1855270127116,3454.590348252119,67.30635690000054
3271.1855270127116,3430.4070378707625,67.31153280000035
3271.1855270127116,3442.60018802966,67.31665040000007
3271.1855270127116,3414.1786930614408,67.32184190000044
3271.1855270127116,3433.197236493645,67.32760529999996
3271.1855270127116,3420.7289909957626,67.33380660000057
3271.1855270127116,3403.021144067796,67.33933140000045
3271.1855270127116,3420.3585632944933,67.34450509999988
3271.1855270127116,3413.468542108051,67.34991330000048
3271.1855270127116,3423.534306144068,67.35510330000034
3271.1855270127116,3422.325703125,67.36134120000042
3271.1855270127116,3431.4134533898305,67.36655020000035
3271.1855270127116,3433.204964247882,67.37190490000012
3271.1855270127116,3433.868102489407,67.3772426000005
3271.1855270127116,3426.4221279131357,67.38391580000007
3271.1855270127116,3424.6428336864406,67.39048009999988
3271.1855270127116,3421.3277489406782,67.39888560000054
3271.1855270127116,3427.499647775424,67.4040931999998
3271.1855270127116,3423.1882375529676,67.4092070000006
3271.1855270127116,3413.2606792902543,67.41430840000066
3271.1855270127116,3411.6488532838985,67.41942990000007
3271.1855270127116,3435.3021173199154,67.42461420000018
3271.1855270127116,3413.9746385063554,67.42992150000009
3271.1855270127116,3420.2211586334734,67.43508800000018
3271.1855270127116,3437.639028072035,67.44022039999982
3271.1855270127116,3439.3459613347454,67.44540229999984
3271.1855270127116,3448.321169226695,67.45052920000035
3271.1855270127116,3403.364556408899,67.4556435000004
3271.1855270127116,3420.3013532839,67.46081460000005
3271.1855270127116,3396.1467531779667,67.4658774999998
3271.1855270127116,3405.355766684322,67.4718455000002
3271.1855270127116,3419.05979608051,67.47694190000038
3271.1855270127116,3424.4457097457625,67.48213339999984
3271.1855270127116,3421.845108580509,67.48728410000058
3271.1855270127116,3397.900153601695,67.49243920000026
3271.1855270127116,3429.3345193326277,67.49763310000071
3271.1855270127116,3424.63723384534,67.50357010000062
3271.1855270127116,3406.8454740466104,67.509008
3271.1855270127116,3408.7910540254234,67.51416160000008
3271.1855270127116,3417.737817796611,67.51929860000018
3271.1855270127116,3425.114371027543,67.52449570000044
3271.1855270127116,3423.930617055085,67.52971570000045
3271.1855270127116,3403.4264327330516,67.53489960000024
3271.1855270127116,3419.587403336863,67.54028990000006
3271.1855270127116,3418.8927039194923,67.54539420000037
3271.1855270127116,3440.1578945974575,67.55056240000067
3271.1855270127116,3419.2943418961863,67.55566060000001
3271.1855270127116,3425.121214247881,67.56084970000029
3271.1855270127116,3406.2538837394063,67.5659525000001
3271.1855270127116,3452.056489671611,67.57168900000033
3271.1855270127116,3410.8282203389836,67.57995610000035
3271.1855270127116,3408.419266419491,67.58563140000024
3271.1855270127116,3402.3782468220343,67.59100279999984
3271.1855270127116,3426.5249814618655,67.59626730000036
3271.1855270127116,3421.5334057203395,67.60313070000029
3271.1855270127116,3414.951726694916,67.61124180000024
3271.1855270127116,3417.316720074153,67.61636360000011
3271.1855270127116,3422.1508183262713,67.62154550000014
3271.1855270127116,3412.704439883475,67.62670340000022
3271.1855270127116,3446.7814009533895,67.63187970000035
3271.1855270127116,3431.614539194916,67.63703140000052
3271.1855270127116,3447.238220338984,67.64342399999987
3271.1855270127116,3431.839580243644,67.65068669999982
3271.1855270127116,3416.204028072034,67.65584130000025
3271.1855270127116,3427.3189976165245,67.66097050000008
3271.1855270127116,3426.3047232521185,67.66606020000017
3271.1855270127116,3421.179723252119,67.67121740000039
3271.1855270127116,3417.5779250529677,67.67637790000026
3271.1855270127116,3420.0092597987286,67.6820072999999
3271.1855270127116,3434.678934057205,67.68718979999994
3271.1855270127116,3445.951918697034,67.69263630000023
3271.1855270127116,3406.1560527012707,67.69772280000052
3271.1855270127116,3417.005999735169,67.70306130000063
3271.1855270127116,3416.006389036016,67.70855759999995
3271.1855270127116,3422.377564883475,67.71643380000023
3271.1855270127116,3448.3934547139843,67.72262300000057
3271.1855270127116,3408.5066326800847,67.72779830000036
3271.1855270127116,3434.046860434323,67.7329264
3271.1855270127116,3436.2322735699154,67.73805559999983
3271.1855270127116,3424.97022907839,67.7431617000002
3271.1855270127116,3430.2292690677973,67.74827120000009
3271.1855270127116,3425.653606991526,67.7552297000002
3271.1855270127116,3429.021754502119,67.76160299999992
3271.1855270127116,3406.070493908899,67.76808100000017
3271.1855270127116,3425.2439327330526,67.77416420000009
3271.1855270127116,3431.4184176377116,67.78145649999988
3271.1855270127116,3415.8736347987297,67.7888124000001
3271.1855270127116,3434.457517213984,67.79491130000042
3271.1855270127116,3429.6612367584758,67.80020080000031
3271.1855270127116,3406.7308527542373,67.80596520000017
3271.1855270127116,3416.7720325741534,67.81178080000063
3271.1855270127116,3415.5362870762715,67.81996990000061
3271.1855270127116,3442.623735434321,67.82589270000062
3271.1855270127116,3425.188309057204,67.83101179999994
3271.1855270127116,3421.424078389831,67.83619499999986
3271.1855270127116,3457.5824986758485,67.84144050000032
3271.1855270127116,3411.604324682203,67.8466655000002
3271.1855270127116,3438.710766684322,67.85190440000042
3271.1855270127116,3473.765275423728,67.85946870000043
3271.1855270127116,3421.4618789724586,67.86551719999989
3271.1855270127116,3415.7551800847464,67.87095110000064
3271.1855270127116,3427.1633421610177,67.87690060000023
3271.1855270127116,3435.0449774894064,67.88309889999982
3271.1855270127116,3437.83508342161,67.88828970000031
3271.1855270127116,3402.594253177967,67.89425710000069
3271.1855270127116,3410.9654952330516,67.89944470000046
3271.1855270127116,3425.5181024894073,67.90457330000027
3271.1855270127116,3420.244220074153,67.90970430000016
3271.1855270127116,3425.9018551377126,67.91487580000012
3271.1855270127116,3425.3415479343216,67.92003900000054
3271.1855270127116,3437.9945564088985,67.9258103000002
3271.1855270127116,3411.800618379238,67.93100219999997
3271.1855270127116,3430.378617584746,67.93616960000054
3271.1855270127116,3407.9408752648305,67.94125190000068
3271.1855270127116,3406.1652304025415,67.9463708000003
3271.1855270127116,3434.213079978814,67.95153650000066
3271.1855270127116,3421.58484904661,67.95662520000042
3271.1855270127116,3414.0341856461855,67.96238799999992
3271.1855270127116,3428.9287407309316,67.96857590000036
3271.1855270127116,3412.4699761652546,67.97443550000025
3271.1855270127116,3458.2976496292385,67.98262470000009
3271.1855270127116,3444.331706832628,67.98789900000065
3271.1855270127116,3455.181461864408,67.99446690000059
3271.1855270127116,3409.009519332627,68.00209300000006
3271.1855270127116,3420.9025158898303,68.00727009999991
3271.1855270127116,3427.344998675848,68.01243090000025
3271.1855270127116,3410.6124642478812,68.01755330000015
3271.1855270127116,3410.2464790783893,68.02265990000069
3271.1855270127116,3434.2416697563563,68.0277829000006
3271.1855270127116,3434.597935646186,68.03294470000037
3271.1855270127116,3412.266199682204,68.0381311000001
3271.1855270127116,3417.5405190677966,68.04328170000008
3271.1855270127116,3424.851863082628,68.04834650000066
3271.1855270127116,3418.6955190677972,68.05349269999988
3271.1855270127116,3432.0241366525433,68.05857759999981
3271.1855270127116,3432.3739645127116,68.06381210000018
3271.1855270127116,3436.6328164724587,68.07209270000021
3271.1855270127116,3433.4796226165254,68.07740960000046
3271.1855270127116,3421.0697510593227,68.08323010000004
3271.1855270127116,3414.4674192266957,68.09139180000057
3271.1855270127116,3423.9426946504245,68.0986139000006
3271.1855270127116,3446.0290956038143,68.1057965
3271.1855270127116,3429.120030455508,68.11088740000014
3271.1855270127116,3422.5836731991526,68.11741140000049
3271.1855270127116,3446.9463453389835,68.12445170000046
3271.1855270127116,3406.435766684322,68.13081030000012
3271.1855270127116,3427.0187500000006,68.14094010000008
3271.1855270127116,3409.0119478283905,68.14767029999985
3271.1855270127116,3441.0330203919493,68.15376939999987
3271.1855270127116,3453.9208712923737,68.15912639999988
3271.1855270127116,3427.977869438559,68.16464400000041
3271.1855270127116,3420.5819081038135,68.16972590000023
3271.1855270127116,3426.913064088983,68.17543569999998
3271.1855270127116,3445.413538135593,68.18062220000047
3271.1855270127116,3431.966271186441,68.18677889999981
3271.1855270127116,3417.4501324152543,68.19401540000035
3271.1855270127116,3422.714859639832,68.19915990000027
3271.1855270127116,3429.219001588984,68.20556780000061
3271.1855270127116,3398.4973914194925,68.2110373000005
3271.1855270127116,3414.0307031250004,68.21709760000067
3271.1855270127116,3425.2201138771197,68.22220000000016
3271.1855270127116,3425.2549033368655,68.22734410000066
3271.1855270127116,3414.8757256355934,68.23249550000037
3271.1855270127116,3452.7581170550857,68.2376503000005
3271.1855270127116,3440.7252476165268,68.24347920000037
3271.1855270127116,3422.5667399364415,68.24858630000017
3271.1855270127116,3420.1079131355928,68.25370600000042
3271.1855270127116,3414.813433527543,68.25879990000067
3271.1855270127116,3409.762513241526,68.26388140000017
3271.1855270127116,3443.3758077330504,68.2690063
3271.1855270127116,3413.9663837394082,68.27503780000006
3271.1855270127116,3420.6942134533897,68.28015880000021
3271.1855270127116,3419.7071292372884,68.28529479999997
3271.1855270127116,3410.2824126059313,68.29044290000002
3271.1855270127116,3444.793457362288,68.29563969999981
3271.1855270127116,3441.939511387713,68.30070440000054
3271.1855270127116,3444.785758739408,68.30594290000045
3271.1855270127116,3428.7447364936434,68.3109742000006
3271.1855270127116,3438.494238612288,68.31612600000062
3271.1855270127116,3415.180726959746,68.32122470000013
3271.1855270127116,3426.082086864407,68.32720750000044
3271.1855270127116,3443.274375000001,68.33239970000068
3271.1855270127116,3428.82852092161,68.33755420000034
3271.1855270127116,3423.9360977224587,68.34266800000023
3271.1855270127116,3419.098252118645,68.34794580000016
3271.1855270127116,3428.07652542373,68.35312359999989
3271.1855270127116,3435.7031634004243,68.35827960000006
3271.1855270127116,3419.5822285487293,68.36344030000055
3271.1855270127116,3441.4506183792378,68.36859640000057
3271.1855270127116,3423.7799695444924,68.37371799999983
3271.1855270127116,3429.573285222459,68.37912599999981
3271.1855270127116,3412.0886467161035,68.3845596000001
3271.1855270127116,3399.0201761122885,68.38974210000015
3271.1855270127116,3415.5540730932203,68.39482110000063
3271.1855270127116,3430.64898967161,68.3999117000003
3271.1855270127116,3428.9923331567798,68.40513360000023
3271.1855270127116,3420.6999721927973,68.41029510000044
3271.1855270127116,3420.377943591103,68.41668329999993
3271.1855270127116,3421.4791737288133,68.42445140000018
3271.1855270127116,3422.6262195444915,68.42995580000024
3271.1855270127116,3421.7325384004243,68.43629460000011
3271.1855270127116,3416.7577012711863,68.44242040000063
3271.1855270127116,3420.4953919491536,68.44863020000048
3271.1855270127116,3430.72461467161,68.4541865000001
3271.1855270127116,3442.195271451271,68.45929150000029
3271.1855270127116,3425.866412870762,68.46437820000028
3271.1855270127116,3429.6751641949163,68.46953720000056
3271.1855270127116,3431.8540068855946,68.47470669999984
3271.1855270127116,3422.3734414724595,68.47989719999987
3271.1855270127116,3410.1583765889836,68.48576970000067
3271.1855270127116,3432.0679316737296,68.49100100000032
3271.1855270127116,3413.776806144068,68.49745239999993
3271.1855270127116,3411.644206832628,68.50577729999986
3271.1855270127116,3430.926902807204,68.51113460000033
3271.1855270127116,3399.804435911017,68.51724920000015
3271.1855270127116,3428.066264565679,68.52240100000017
3271.1855270127116,3410.8168882415266,68.52760630000012
3271.1855270127116,3417.8625225105934,68.53272150000066
3271.1855270127116,3418.878413665254,68.53992319999998
3271.1855270127116,3415.8812764830514,68.54716890000054
3271.1855270127116,3421.2921027542375,68.55540939999992
3271.1855270127116,3414.253193855932,68.56106929999987
3271.1855270127116,3404.885071504237,68.56629210000028
3271.1855270127116,3424.52487023305,68.57149180000033
3271.1855270127116,3436.5839737817814,68.57664410000052
3271.1855270127116,3428.3898516949157,68.58189500000026
3271.1855270127116,3439.4577092161016,68.58774189999986
3271.1855270127116,3417.1069239936446,68.59404590000031
3271.1855270127116,3415.061582362288,68.59990730000027
3271.1855270127116,3407.890023834746,68.60507990000042
3271.1855270127116,3411.0050768008477,68.61309450000044
3271.1855270127116,3431.79988479873,68.62011919999986
3271.1855270127116,3419.6992492055097,68.62831970000025
3271.1855270127116,3405.6991432733053,68.63377070000024
3271.1855270127116,3403.338638771187,68.63967170000069
3271.1855270127116,3393.8148821504237,68.64482469999984
3271.1855270127116,3408.585619703389,68.65107410000019
3271.1855270127116,3416.9141061970336,68.6562186000001
3271.1855270127116,3411.2937155720338,68.66358360000049
3271.1855270127116,3408.9620047669487,68.66921809999985
3271.1855270127116,3425.918930084747,68.67432280000048
3271.1855270127116,3429.7496782309327,68.67949050000061
3271.1855270127116,3404.6023132944915,68.68463380000048
3271.1855270127116,3427.450827595339,68.6899755000004
3271.1855270127116,3400.4371014300855,68.69505420000041
3271.1855270127116,3437.515068855933,68.70131149999997
3271.1855270127116,3431.9801628707633,68.7067020000004
3271.1855270127116,3420.8340214512723,68.71222930000022
3271.1855270127116,3406.302668167373,68.71742170000016
3271.1855270127116,3453.6915850105934,68.72294529999999
3271.1855270127116,3434.8401416843226,68.72853160000068
3271.1855270127116,3414.3047338453384,68.73408329999984
3271.1855270127116,3442.7449920550853,68.73996249999982
3271.1855270127116,3417.8739433262713,68.74503510000068
3271.1855270127116,3422.639592161017,68.75147500000003
3271.1855270127116,3393.3175556144074,68.75968030000058
3271.1855270127116,3432.9553482521187,68.76797420000003
3271.1855270127116,3409.918561970339,68.77335149999999
3271.1855270127116,3427.018890360169,68.7785285
3271.1855270127116,3409.102433792373,68.78371120000065
3271.1855270127116,3433.72872351695,68.78878720000012
3271.1855270127116,3423.8036824682204,68.79390030000013
3271.1855270127116,3433.9889075741535,68.79978399999982
3271.1855270127116,3409.6661798199157,68.80554889999985
3271.1855270127116,3396.9460659427964,68.81110810000064
3271.1855270127116,3413.4439949682205,68.8167839000007
3271.1855270127116,3422.4610699152554,68.82311350000055
3271.1855270127116,3424.900390625001,68.82836140000018
3271.1855270127116,3416.418334216102,68.83397130000048
3271.1855270127116,3399.1537804555087,68.84029009999995
3271.1855270127116,3425.3286347987287,68.84558180000022
3271.1855270127116,3447.297993908899,68.85255480000069
3271.1855270127116,3409.670360169492,68.85804330000065
3271.1855270127116,3418.5550794491546,68.86554000000069
3271.1855270127116,3418.17249470339,68.87395079999988
3271.1855270127116,3439.9003350105936,68.8804055999999
3271.1855270127116,3439.059470338983,68.88556510000035
3271.1855270127116,3419.096057997881,68.89156220000041
3271.1855270127116,3460.2333262711877,68.89672070000051
3271.1855270127116,3437.9025979872886,68.90193610000006
3271.1855270127116,3407.402305349577,68.90706469999986
3271.1855270127116,3441.7690982521185,68.91316030000053
3271.1855270127116,3411.6825926906786,68.91869740000038
3271.1855270127116,3436.0253813559334,68.92427850000058
3271.1855270127116,3421.390672669492,68.92940490000001
3271.1855270127116,3420.587600635594,68.93462490000002
3271.1855270127116,3438.7047272245763,68.9398056
3271.1855270127116,3419.5346570444935,68.94833520000066
3271.1855270127116,3420.602391419492,68.95653050000055
3271.1855270127116,3438.066297669492,68.96289410000009
3271.1855270127116,3426.973796345339,68.96851240000069
3271.1855270127116,3423.325013241525,68.97672610000063
3271.1855270127116,3440.2383845338986,68.98506820000057
3271.1855270127116,3417.4819729872875,68.99330920000011
3271.1855270127116,3422.9568577860173,69.00152570000046
3271.1855270127116,3410.0447656250003,69.00827860000027
3271.1855270127116,3406.4714274364405,69.01687560000028
3271.1855270127116,3427.085266154662,69.02528170000005
3271.1855270127116,3429.1317055084746,69.03160079999998
3271.1855270127116,3428.0260659427972,69.0367655
3271.1855270127116,3425.8035527012726,69.0418522
3271.1855270127116,3428.498401747882,69.04698710000048
3271.1855270127116,3420.9742518538137,69.05362479999985
3271.1855270127116,3417.2564420021195,69.05897790000017
3271.1855270127116,3448.6910606461865,69.06468750000022
3271.1855270127116,3432.492911811441,69.06992810000065
3271.1855270127116,3416.4842571504223,69.07780460000049
3271.1855270127116,3424.350643538137,69.08422789999986
3271.1855270127116,3422.1462685381357,69.08966959999998
3271.1855270127116,3428.3969041313567,69.09780240000055
3271.1855270127116,3404.7857441737297,69.10372749999988
3271.1855270127116,3411.3221252648304,69.10940560000017
3271.1855270127116,3413.9378098516954,69.11755690000064
3271.1855270127116,3414.413452065677,69.12607790000038
3271.1855270127116,3411.357492055085,69.13335720000032
3271.1855270127116,3420.3568445444926,69.13857220000045
3271.1855270127116,3415.6900384004234,69.14376240000001
3271.1855270127116,3431.761324152541,69.1488401000006
3271.1855270127116,3413.1619544491523,69.15446690000044
3271.1855270127116,3469.579627913135,69.15965800000049
3271.1855270127116,3450.7587672139834,69.16485060000014
3271.1855270127116,3426.0863599046606,69.17051249999986
3271.1855270127116,3428.305564088984,69.1771260000005
3271.1855270127116,3403.6023106461853,69.1824445000002
3271.1855270127116,3418.5649563029665,69.18764869999995
3271.1855270127116,3444.5669994703394,69.19615609999983
3271.1855270127116,3428.3646702860174,69.20264060000045
3271.1855270127116,3415.2863400423735,69.20776879999994
3271.1855270127116,3417.6321954449145,69.21286770000006
3271.1855270127116,3403.6895007944927,69.21804440000051
3271.1855270127116,3400.5362248411016,69.22412950000034
3271.1855270127116,3412.399883474577,69.23184440000023
3271.1855270127116,3418.172799258475,69.23700689999987
3271.1855270127116,3423.6470219809316,69.24223340000026
3271.1855270127116,3421.1409533898313,69.24737490000007
3271.1855270127116,3399.364615995763,69.25250959999994
3271.1855270127116,3397.829209480933,69.25759340000059
3271.1855270127116,3404.1954978813555,69.26419970000006
3271.1855270127116,3423.457105402542,69.27153910000015
3271.1855270127116,3432.391976959746,69.27674240000033
3271.1855270127116,3406.3729118114406,69.28189040000052
3271.1855270127116,3449.0980323093236,69.28701309999997
3271.1855270127116,3421.047286811441,69.29214600000068
3271.1855270127116,3439.74222854873,69.29794410000068
3271.1855270127116,3414.6888877118645,69.30377589999989
3271.1855270127116,3414.6597537076273,69.30898119999983
3271.1855270127116,3420.5476416843217,69.31494139999995
3271.1855270127116,3446.8897179555083,69.32009420000031
3271.1855270127116,3438.6558739406782,69.32536870000058
3271.1855270127116,3407.8822272245766,69.33070029999999
3271.1855270127116,3462.5650873940685,69.33827139999994
3271.1855270127116,3411.594737817798,69.34507209999992
3271.1855270127116,3425.8211798199163,69.35018500000024
3271.1855270127116,3415.8309745762717,69.3571866000002
3271.1855270127116,3427.5580283368645,69.3642376000007
3271.1855270127116,3435.3123013771183,69.3696989
3271.1855270127116,3424.0132640360166,69.37526450000041
3271.1855270127116,3404.790068855933,69.38036230000034
3271.1855270127116,3416.5386242055083,69.38558439999997
3271.1855270127116,3437.368761917374,69.39073129999997
3271.1855270127116,3405.668106461864,69.39668340000026
3271.1855270127116,3415.646007680085,69.4036642000001
3271.1855270127116,3430.5221490995777,69.40892190000068
3271.1855270127116,3410.9752621822036,69.4158754
3271.1855270127116,3412.366705508475,69.42395900000065
3271.1855270127116,3411.343593750001,69.4300131
3271.1855270127116,3419.1661877648316,69.43599790000007
3271.1855270127116,3408.385847457627,69.44113990000005
3271.1855270127116,3422.106796875001,69.44705049999993
3271.1855270127116,3444.83127118644,69.45300099999986
3271.1855270127116,3412.8038863877114,69.46113610000066
3271.1855270127116,3409.2425331038144,69.46730840000055
3271.1855270127116,3431.4925820974577,69.4725156000004
3271.1855270127116,3431.19585407839,69.47787680000056
3271.1855270127116,3410.303068061441,69.48353380000026
3271.1855270127116,3421.8461162605936,69.48882120000053
3271.1855270127116,3439.9338546080517,69.49485980000009
3271.1855270127116,3423.766175847458,69.50036580000051
3271.1855270127116,3424.650021186441,69.50649450000037
3271.1855270127116,3413.7185646186445,69.51165889999993
3271.1855270127116,3401.15771848517,69.51758719999998
3271.1855270127116,3399.616761122882,69.5227377000001
3271.1855270127116,3405.830234375001,69.52786910000032
3271.1855270127116,3436.457940942797,69.53299010000046
3271.1855270127116,3424.777175582628,69.53815730000042
3271.1855270127116,3412.578465307204,69.54327740000008
3271.1855270127116,3435.999762976695,69.55102700000043
3271.1855270127116,3422.4327621822026,69.5593112000006
3271.1855270127116,3421.3321941207632,69.57276940000065
3271.1855270127116,3445.6706210275424,69.59234509999987
3271.1855270127116,3418.0645087394078,69.60665909999989
3271.1855270127116,3412.294296875001,69.61984240000038
3271.1855270127116,3413.917092161017,69.63295509999989
3271.1855270127116,3404.4277145127126,69.64529350000066
3271.1855270127116,3415.6724920550846,69.65969850000056
3271.1855270127116,3412.671336069915,69.6742247000002
3271.1855270127116,3424.887347722458,69.68404700000065
3271.1855270127116,3417.627797934322,69.69430770000054
3271.1855270127116,3431.326604872882,69.71081190000041
3271.1855270127116,3409.1382190148306,69.72151610000037
3271.1855270127116,3428.392502648305,69.73431320000054
3271.1855270127116,3407.3438135593233,69.74768350000068
3271.1855270127116,3419.6906117584754,69.76059170000008
3271.1855270127116,3441.813859904662,69.77516480000031
3271.1855270127116,3422.9029886122876,69.78800920000049
3271.1855270127116,3421.10046345339,69.7979691999999
3271.1855270127116,3440.9109229343226,69.80893100000048
3271.1855270127116,3420.5100105932206,69.8185452000007
3271.1855270127116,3412.8921755826277,69.83902519999992
3271.1855270127116,3420.6568908898303,69.85004300000037
3271.1855270127116,3424.150246292374,69.85905230000026
3271.1855270127116,3411.4856038135595,69.86807630000021
3271.1855270127116,3433.048351430086,69.87706740000067
3271.1855270127116,3404.7192161016947,69.89090220000071
3271.1855270127116,3438.944502118645,69.94967950000046
3271.1855270127116,3415.29275026483,69.9590444000005
3271.1855270127116,3427.6908699682217,69.97070500000063
3271.1855270127116,3416.696775688558,70.0195020000001
3271.1855270127116,3442.7708898305095,70.03484590000062
3271.1855270127116,3455.217231197034,70.04879179999989
3271.1855270127116,3421.3058434851696,70.0948741000002
3271.1855270127116,3428.7710235699155,70.10623130000022
3271.1855270127116,3411.062154396186,70.1189374000005
3271.1855270127116,3422.371888241525,70.1696694000002
3271.1855270127116,3425.03082759534,70.18362680000064
3271.1855270127116,3409.203303760594,70.22645150000062
3271.1855270127116,3420.466912076272,70.23815000000013
3271.1855270127116,3403.0809480932203,70.24818740000046
3271.1855270127116,3432.9861281779667,70.29314590000013
3271.1855270127116,3433.1980376059328,70.30229430000054
3271.1855270127116,3426.0932799258476,70.31119040000067
3271.1855270127116,3411.912637711864,70.32017189999988
3271.1855270127116,3417.7828323622894,70.34446089999983
3271.1855270127116,3405.698893008474,70.35441470000023
3271.1855270127116,3435.3962486758464,70.41971379999995
3271.1855270127116,3416.7742055084746,70.43869570000061
3271.1855270127116,3408.759498146186,70.44877950000046
3271.1855270127116,3429.7957150423745,70.49708240000018
3271.1855270127116,3412.7369875529657,70.50779750000038
3271.1855270127116,3425.73333818856,70.52139609999995
3271.1855270127116,3444.3810090042393,70.60287680000056
3271.1855270127116,3433.5642412605935,70.61661379999987
3271.1855270127116,3427.1970683262716,70.67823230000067
3271.1855270127116,3434.2187327860174,70.68777320000027
3271.1855270127116,3419.678253442797,70.69696490000024
3271.1855270127116,3422.7525754766953,70.70612919999985
3271.1855270127116,3409.968471927966,70.73517140000058
3271.1855270127116,3429.707644332628,70.74458770000001
3271.1855270127116,3415.1666644597453,70.75378290000026
3271.1855270127116,3397.773229608051,70.7987361000005
3271.1855270127116,3421.9786626059336,70.8088714000005
3271.1855270127116,3431.079870233051,70.81810750000022
3271.1855270127116,3421.399503442797,70.82728769999994
3271.1855270127116,3447.8976774364414,70.87525600000026
3271.1855270127116,3437.5329833156784,70.88459899999998
3271.1855270127116,3402.238618908898,70.89359960000002
3271.1855270127116,3403.145165519068,70.94333710000046
3271.1855270127116,3408.640458156781,70.95315440000013
3271.1855270127116,3427.817515889832,70.96431260000008
3271.1855270127116,3434.3107799258487,70.98630289999983
3271.1855270127116,3398.9540439618645,71.00587110000015
3271.1855270127116,3431.968773834745,71.01693350000005
3271.1855270127116,3400.552650953391,71.06151970000064
3271.1855270127116,3406.381871027543,71.07539140000063
3271.1855270127116,3414.3100198622888,71.08458950000022
3271.1855270127116,3429.649226694915,71.11746390000008
3271.1855270127116,3424.908990995763,71.12814070000059
3271.1855270127116,3398.497525158899,71.13849130000017
3271.1855270127116,3413.369807997882,71.15053110000008
3271.1855270127116,3418.062396716102,71.1663365000004
3271.1855270127116,3449.404299523304,71.17599719999998
3271.1855270127116,3411.9795564088977,71.18635530000029
3271.1855270127116,3436.705842161017,71.21844490000058
3271.1855270127116,3431.181293697033,71.22810639999989
3271.1855270127116,3414.9324271716105,71.23729550000007
3271.1855270127116,3420.5577039194923,71.24634640000022
3271.1855270127116,3420.3955640889826,71.26621720000003
3271.1855270127116,3420.554908633475,71.27651849999984
3271.1855270127116,3412.444114141949,71.2855325999999
3271.1855270127116,3421.4682243114407,71.29460670000026
3271.1855270127116,3429.699492849576,71.3431298000005
3271.1855270127116,3413.6815744173728,71.35750700000062
3271.1855270127116,3412.374661016949,71.38186159999987
3271.1855270127116,3438.5966538665257,71.39593610000065
3271.1855270127116,3430.6922470868644,71.4170911000001
3271.1855270127116,3414.4194239936437,71.4289443000007
3271.1855270127116,3433.770876588984,71.44053309999981
3271.1855270127116,3409.9907123940698,71.46273360000032
3271.1855270127116,3401.884976165254,71.4769438000003
3271.1855270127116,3413.328678495763,71.48572250000052
3271.1855270127116,3401.4925092690687,71.51468819999991
3271.1855270127116,3406.8981686970346,71.5209461000004
3271.1855270127116,3404.5455495233055,71.52618820000043
3271.1855270127116,3445.612840307204,71.53136059999997
3271.1855270127116,3415.463887711865,71.53651309999987
3271.1855270127116,3431.7871901483063,71.54173040000023
3271.1855270127116,3427.6058871822033,71.55935339999996
3271.1855270127116,3412.403552701272,71.56494160000057
3271.1855270127116,3411.3622762182204,71.57098300000052
3271.1855270127116,3415.8153098516964,71.57626859999982
3271.1855270127116,3443.7927992584755,71.58518650000042
3271.1855270127116,3425.417747616527,71.59318320000057
3271.1855270127116,3418.4223900953402,71.63046900000063
3271.1855270127116,3418.612081567797,71.64039020000018
3271.1855270127116,3432.918268008475,71.64791810000042
3271.1855270127116,3418.3584282309325,71.65620560000025
3271.1855270127116,3454.6491684322036,71.66138940000019
3271.1855270127116,3403.1277370233056,71.67455539999992
3271.1855270127116,3412.355941472458,71.68296370000007
3271.1855270127116,3419.2638029661025,71.6992350999999
3271.1855270127116,3405.1954250529666,71.70441519999986
3271.1855270127116,3416.9683474576277,71.70955140000024
3271.1855270127116,3426.8281302966107,71.71478500000012
3271.1855270127116,3412.9008540783902,71.74404260000028
3271.1855270127116,3417.277621822035,71.75222209999993
3271.1855270127116,3419.671865730932,71.76087770000049
3271.1855270127116,3426.1811175847456,71.76906490000056
3271.1855270127116,3405.813576536017,71.77718989999994
3271.1855270127116,3440.047007415255,71.80192070000066
3271.1855270127116,3444.4343776483065,71.80975530000069
3271.1855270127116,3434.9566393008477,71.8149540000004
3271.1855270127116,3418.576565148305,71.82012380000015
3271.1855270127116,3425.7617876059326,71.8253009
3271.1855270127116,3430.2342902542373,71.86316710000028
3271.1855270127116,3417.0901059322036,71.87233560000004
3271.1855270127116,3421.039961599576,71.8807411000007
3271.1855270127116,3405.8651403601693,71.88589289999982
3271.1855270127116,3415.8480124470343,71.90450400000009
3271.1855270127116,3424.961087129238,71.91280850000021
3271.1855270127116,3429.8007627118636,71.9208937000003
3271.1855270127116,3439.2443405720337,71.9288260000003
3271.1855270127116,3419.0867703919494,71.93686179999986
3271.1855270127116,3399.126841896187,71.94933000000037
3271.1855270127116,3420.0848397775426,71.95676140000069
3271.1855270127116,3413.8538638771192,71.96510610000041
3271.1855270127116,3415.793334216103,71.97317230000044
3271.1855270127116,3434.7711758474584,71.9946461999998
3271.1855270127116,3416.7228773834745,72.00198739999996
3271.1855270127116,3428.6579025423734,72.00802500000009
3271.1855270127116,3422.278151483052,72.01413480000065
3271.1855270127116,3431.551443326272,72.01933290000034
3271.1855270127116,3420.6146438029655,72.02793600000041
3271.1855270127116,3399.0489962923725,72.0594770000007
3271.1855270127116,3408.1147616525436,72.06759620000048
3271.1855270127116,3416.307813824152,72.07384920000004
3271.1855270127116,3425.030758739407,72.07900340000015
3271.1855270127116,3417.4969690148305,72.08584680000058
3271.1855270127116,3426.0447695974576,72.11484090000067
3271.1855270127116,3426.4860301906774,72.12007080000058
3271.1855270127116,3410.555737552966,72.12525590000041
3271.1855270127116,3426.214553760594,72.13039070000013
3271.1855270127116,3424.9312221927976,72.13771300000008
3271.1855270127116,3415.9688334216103,72.1462603
3271.1855270127116,3432.2752833686445,72.16473930000029
3271.1855270127116,3397.2048702330503,72.16994680000062
3271.1855270127116,3422.7703588453396,72.1781447000003
3271.1855270127116,3446.8153654661023,72.18699220000053
3271.1855270127116,3443.8975860699156,72.21378350000032
3271.1855270127116,3455.517575476695,72.22183640000003
3271.1855270127116,3429.887747616525,72.22912189999988
3271.1855270127116,3427.9571769067798,72.23607170000014
3271.1855270127116,3410.681187764831,72.24119940000037
3271.1855270127116,3446.013670550848,72.25895300000047
3271.1855270127116,3410.8228840042366,72.26743170000009
3271.1855270127116,3412.7906607521186,72.27593810000053
3271.1855270127116,3411.954519332627,72.28451469999982
3271.1855270127116,3422.1504661016947,72.2957707000005
3271.1855270127116,3418.328732786018,72.30335530000048
3271.1855270127116,3462.086174523306,72.30851090000033
3271.1855270127116,3415.1286718750007,72.31370890000017
3271.1855270127116,3422.1436731991525,72.31889260000025
3271.1855270127116,3419.3810606461866,72.32396419999986
3271.1855270127116,3421.4286493644076,72.33190009999998
3271.1855270127116,3412.248916843221,72.34044020000056
3271.1855270127116,3418.104141949152,72.34791649999988
3271.1855270127116,3423.962782044492,72.3565120000003
3271.1855270127116,3425.6182070974587,72.3653159000005
3271.1855270127116,3393.1730415783895,72.38617740000063
3271.1855270127116,3432.9646543961867,72.39134990000002
3271.1855270127116,3429.737473516949,72.3965216000006
3271.1855270127116,3420.3846769067804,72.40314960000069
3271.1855270127116,3424.115123146186,72.41177430000062
3271.1855270127116,3403.920251588984,72.42036420000022
3271.1855270127116,3406.533274629238,72.43816640000023
3271.1855270127116,3417.1832706567798,72.44342980000056
3271.1855270127116,3428.517289459746,72.44879980000042
3271.1855270127116,3467.495871292373,72.45412490000035
3271.1855270127116,3438.245346927966,72.45933270000023
3271.1855270127116,3428.877934322034,72.46459529999993
3271.1855270127116,3413.8676867055083,72.46980260000055
3271.1855270127116,3396.1560182733047,72.47730800000045
3271.1855270127116,3409.429398834747,72.48256029999993
3271.1855270127116,3413.6798953919483,72.4879062
3271.1855270127116,3434.8669637182215,72.49352470000031
3271.1855270127116,3437.9068471927962,72.49902090000069
3271.1855270127116,3413.26109375,72.50434829999995
3271.1855270127116,3404.3132786016963,72.52800990000014
3271.1855270127116,3437.6716644597464,72.53322560000015
3271.1855270127116,3414.970427701272,72.53883440000027
3271.1855270127116,3421.1059507415257,72.54407570000058
3271.1855270127116,3449.5803879766954,72.54935750000004
3271.1855270127116,3417.5497060381367,72.55449750000025
3271.1855270127116,3413.6744147245763,72.55979470000057
3271.1855270127116,3426.087110699152,72.57781200000045
3271.1855270127116,3411.3940956038145,72.58387500000026
3271.1855270127116,3430.4141445974587,72.59173379999993
3271.1855270127116,3401.6600384004255,72.60015370000019
3271.1855270127116,3403.0440055614413,72.60637440000028
3271.1855270127116,3436.0502304025426,72.61436970000068
3271.1855270127116,3412.712660222457,72.63260710000031
3271.1855270127116,3425.550476694915,72.64079540000057
3271.1855270127116,3412.115558792373,72.64891690000059
3271.1855270127116,3409.170003972458,72.65647440000066
3271.1855270127116,3432.954216101695,72.6828613000007
3271.1855270127116,3413.700162870763,72.68990800000029
3271.1855270127116,3431.9678800317806,72.69817830000011
3271.1855270127116,3435.7965929555085,72.70646860000033
3271.1855270127116,3424.2312235169497,72.7146585999999
3271.1855270127116,3452.758849311441,72.73090779999984
3271.1855270127116,3427.7227754237297,72.73643830000037
3271.1855270127116,3418.23169226695,72.74588120000044
3271.1855270127116,3430.538743379239,72.7546226000004
3271.1855270127116,3442.438099841102,72.79025040000033
3271.1855270127116,3415.4327436440685,72.79536220000045
3271.1855270127116,3422.6995537605944,72.8005892000001
3271.1855270127116,3419.569939088983,72.80583830000069
3271.1855270127116,3436.0589486228823,72.81102929999997
3271.1855270127116,3430.870945444916,72.81618780000008
3271.1855270127116,3425.043185911017,72.83194060000005
3271.1855270127116,3459.185716366527,72.83960569999999
3271.1855270127116,3444.966955773306,72.84719620000033
3271.1855270127116,3429.591533368646,72.85556499999984
3271.1855270127116,3419.8642439088976,72.8622331000006
3271.1855270127116,3441.367829713983,72.86781450000035
3271.1855270127116,3459.690527012713,72.87593920000018
3271.1855270127116,3418.7461546610166,72.88407929999994
3271.1855270127116,3434.1898742055087,72.89134079999985
3271.1855270127116,3441.8834957627128,72.8967859000004
3271.1855270127116,3430.4640625000006,72.90589210000053
3271.1855270127116,3444.9638493114408,72.91400040000008
3271.1855270127116,3428.418044226695,72.92305560000023
3271.1855270127116,3428.0314247881365,72.93061810000017
3271.1855270127116,3419.1862963453386,72.94078179999997
3271.1855270127116,3422.971731991526,72.94591339999988
3271.1855270127116,3420.324434586865,72.95102790000055
3271.1855270127116,3441.2714247881368,72.9561717000006
3271.1855270127116,3409.6502356991523,72.96178610000061
3271.1855270127116,3417.1077648305086,72.96689690000039
3271.1855270127116,3441.2605071504245,72.97207580000031
3271.1855270127116,3409.059247881356,72.97725890000038
3271.1855270127116,3441.1170299258483,72.98516730000028
3271.1855270127116,3397.0660844809327,72.99330540000028
3271.1855270127116,3446.23211467161,73.00063490000048
3271.1855270127116,3431.9511731991533,73.0091026
3271.1855270127116,3417.1063850635596,73.01772059999985
3271.1855270127116,3446.9476099046615,73.03291780000018
3271.1855270127116,3415.357355667373,73.03807930000039
3271.1855270127116,3409.619805349577,73.04328130000067
3271.1855270127116,3431.7508368644067,73.04845550000027
3271.1855270127116,3432.976309586864,73.05606239999997
3271.1855270127116,3423.648858580508,73.09027520000018
3271.1855270127116,3441.2629382944924,73.09845990000031
3271.1855270127116,3408.532186175848,73.1065449000007
3271.1855270127116,3433.5824059851693,73.11472800000047
3271.1855270127116,3420.987889300847,73.12243940000008
3271.1855270127116,3403.0309401483055,73.12762650000059
3271.1855270127116,3412.6559096927967,73.13280459999987
3271.1855270127116,3412.1259030720344,73.13800489999994
3271.1855270127116,3434.9294716631366,73.14316560000043
3271.1855270127116,3437.379845074153,73.14833920000001
3271.1855270127116,3429.7944954978816,73.15750490000028
3271.1855270127116,3445.094429290255,73.16413830000056
3271.1855270127116,3410.193642743645,73.16936400000031
3271.1855270127116,3427.0272563559324,73.1770804000007
3271.1855270127116,3442.845156249999,73.1842059999999
3271.1855270127116,3398.8822576800853,73.19253570000001
3271.1855270127116,3433.621840572035,73.22642640000049
3271.1855270127116,3405.7747590042377,73.23161530000016
3271.1855270127116,3419.8906739936447,73.23678530000052
3271.1855270127116,3409.6114883474575,73.24203530000068
3271.1855270127116,3421.828903601695,73.2472273000003
3271.1855270127116,3427.695709745762,73.2737102000001
3271.1855270127116,3421.653449417373,73.28169210000033
3271.1855270127116,3415.3764433262722,73.28692000000046
3271.1855270127116,3422.6677317266935,73.2921022999999
3271.1855270127116,3422.372827065679,73.29720249999991
3271.1855270127116,3440.8553204449154,73.30235700000048
3271.1855270127116,3418.4991009004243,73.31905110000025
3271.1855270127116,3442.8770511122884,73.32776650000051
3271.1855270127116,3420.1024364406767,73.33417710000049
3271.1855270127116,3441.2823927436457,73.34273920000032
3271.1855270127116,3410.1750860699153,73.34835440000006
3271.1855270127116,3419.3904581567795,73.35555019999993
3271.1855270127116,3420.0104012182196,73.36067080000066
3271.1855270127116,3421.7010818326276,73.3658675000006
3271.1855270127116,3418.0194875529664,73.37103070000012
3271.1855270127116,3432.9386440677963,73.3761998
3271.1855270127116,3434.336216896187,73.38141069999983
3271.1855270127116,3439.3647748940693,73.38676550000037
3271.1855270127116,3440.4520762711863,73.3919108
3271.1855270127116,3401.3787884004237,73.41007450000052
3271.1855270127116,3438.2035937500004,73.41826300000048
3271.1855270127116,3413.390105932204,73.42565879999984
3271.1855270127116,3410.2920471398306,73.43392980000044
3271.1855270127116,3404.781514830509,73.45201970000016
3271.1855270127116,3400.7875357521184,73.45748689999982
3271.1855270127116,3415.7851006355922,73.46264550000069
3271.1855270127116,3427.6600648834747,73.46857550000004
3271.1855270127116,3414.667976694916,73.47416870000052
3271.1855270127116,3429.866946504237,73.48202440000023
3271.1855270127116,3442.9160023834743,73.48972420000064
3271.1855270127116,3432.579894067797,73.49498420000054
3271.1855270127116,3421.866998146186,73.50011910000012
3271.1855270127116,3414.4659520656774,73.50524450000012
3271.1855270127116,3433.332191472458,73.51040400000056
3271.1855270127116,3416.932094809322,73.51636690000032
3271.1855270127116,3430.124907309322,73.52156449999984
3271.1855270127116,3423.233038930085,73.54066210000019
3271.1855270127116,3434.9156634004235,73.54716700000063
3271.1855270127116,3443.0609798728824,73.55265920000056
3271.1855270127116,3398.5710195974575,73.55950620000021
3271.1855270127116,3412.90878177966,73.56700400000045
3271.1855270127116,3420.047259004237,73.59636010000031
3271.1855270127116,3409.798923463983,73.60155209999994
3271.1855270127116,3412.2878919491527,73.60788020000018
3271.1855270127116,3404.2253707627124,73.61554370000067
3271.1855270127116,3423.1981634004233,73.62091580000015
3271.1855270127116,3415.3626536016955,73.62626780000028
3271.1855270127116,3410.1644954978815,73.6321222000006
3271.1855270127116,3438.9463916843233,73.64315940000051
3271.1855270127116,3411.237809851697,73.64950000000044
3271.1855270127116,3406.6104144597457,73.65495530000044
3271.1855270127116,3407.4897815148306,73.66028259999985
3271.1855270127116,3408.5662076271187,73.66609130000052
3271.1855270127116,3427.52967161017,73.67403540000032
3271.1855270127116,3401.4580945444927,73.71752860000015
3271.1855270127116,3413.9297894597466,73.72340780000013
3271.1855270127116,3418.56961467161,73.72613200000069
3271.1855270127116,3425.57240068856,73.7285821000005
3271.1855270127116,3417.8480587923723,73.73069130000022
3271.1855270127116,3443.7911347987283,73.73279009999987
3271.1855270127116,3440.5151536016956,73.73492410000017
3271.1855270127116,3426.4132163665254,73.7370690000007
3271.1855270127116,3431.933027012712,73.73918510000021
3271.1855270127116,3453.1856091101713,73.74130950000017
3271.1855270127116,3419.5563704978817,73.7434315999999
3271.1855270127116,3417.8457865466107,73.75646430000052
3271.1855270127116,3433.903914194916,73.76015420000022
3271.1855270127116,3476.9745338983053,73.76353600000039
3271.1855270127116,3431.243456038136,73.76633020000008
3271.1855270127116,3417.1942399364425,73.76844220000021
3271.1855270127116,3410.6253707627125,73.77054860000044
3271.1855270127116,3406.5421874999997,73.77265030000035
3271.1855270127116,3442.795470074153,73.77476879999995
3271.1855270127116,3411.730611758475,73.77688960000069
3271.1855270127116,3419.4937989936434,73.77898189999996
3271.1855270127116,3425.6766816737295,73.78107720000025
3271.1855270127116,3429.946647245763,73.78318930000023
3271.1855270127116,3412.526653866525,73.7853496000007
3271.1855270127116,3414.1350172139832,73.78890910000064
3271.1855270127116,3467.4222285487285,73.79184500000065
3271.1855270127116,3452.2633077330515,73.79470709999987
3271.1855270127116,3419.807366260594,73.81477210000048
3271.1855270127116,3432.5838665254246,73.81793470000048
3271.1855270127116,3448.7490572033903,73.82019190000028
3271.1855270127116,3409.2041300317806,73.82242600000063
3271.1855270127116,3415.6804978813566,73.82471090000035
3271.1855270127116,3418.882719809322,73.82701009999982
3271.1855270127116,3437.925785222458,73.8300721000005
3271.1855270127116,3458.2280005296616,73.83221810000032
3271.1855270127116,3418.20388506356,73.83431710000059
3271.1855270127116,3447.0591949152554,73.83706789999997
3271.1855270127116,3417.061667108051,73.83959770000001
3271.1855270127116,3420.0294332627122,73.8416772999999
3271.1855270127116,3416.433542108051,73.84378350000043
3271.1855270127116,3419.0877701271193,73.84799440000006
3271.1855270127116,3413.1781276483052,73.8514023000007
3271.1855270127116,3427.8089671610173,73.85482640000009
3271.1855270127116,3427.3393180614403,73.85901250000006
3271.1855270127116,3416.0457349046615,73.86563070000011
3271.1855270127116,3400.9910116525425,73.86852069999986
3271.1855270127116,3413.3101310911015,73.87061890000041
3271.1855270127116,3433.79457229873,73.87275700000009
3271.1855270127116,3415.92615598517,73.87486810000064
3271.1855270127116,3413.659107521187,73.8769753000006
3271.1855270127116,3413.619483580508,73.87911200000053
3271.1855270127116,3427.0386255296617,73.88124180000068
3271.1855270127116,3421.74942664195,73.88335069999994
3271.1855270127116,3438.2315611758495,73.88546720000068
3271.1855270127116,3436.4025609110167,73.89084860000003
3271.1855270127116,3403.134071769068,73.89428670000052
3271.1855270127116,3409.755264830508,73.89778060000026
3271.1855270127116,3422.0314009533895,73.90032909999991
3271.1855270127116,3427.9354859639834,73.90245750000031
3271.1855270127116,3415.4971438029665,73.90458949999993
3271.1855270127116,3402.886232786018,73.90671930000008
3271.1855270127116,3410.974845074152,73.90885000000071
3271.1855270127116,3426.880324417374,73.91097930000069
3271.1855270127116,3430.607208686441,73.91310260000046
3271.1855270127116,3413.2375357521187,73.91524570000001
3271.1855270127116,3440.3979369703397,73.91737150000063
3271.1855270127116,3433.885716366526,73.92052500000045
3271.1855270127116,3409.843076006357,73.92393520000041
3271.1855270127116,3402.32623940678,73.92748590000065
3271.1855270127116,3419.5095060911026,73.93017180000061
3271.1855270127116,3442.352633739408,73.93246110000018
3271.1855270127116,3464.5829594809325,73.9347372000002
3271.1855270127116,3429.3849496822045,73.95763119999992
3271.1855270127116,3452.905123146187,73.9598931999999
3271.1855270127116,3417.358775158899,73.96211769999991
3271.1855270127116,3429.6860421080505,73.96438860000035
3271.1855270127116,3428.906136122881,73.96668339999997
3271.1855270127116,3417.7167571504247,73.96890750000057
3271.1855270127116,3416.47661943856,73.97100660000069
3271.1855270127116,3435.437575476695,73.97311179999997
3271.1855270127116,3414.236109639831,73.97571049999988
3271.1855270127116,3439.924969544493,73.99486780000007
3271.1855270127116,3430.0705627648313,73.99759730000005
3271.1855270127116,3431.087779396187,74.00145220000013
3271.1855270127116,3416.2580071504244,74.0047312000006
3271.1855270127116,3415.425248940678,74.00816300000042
3271.1855270127116,3401.70067664195,74.01082760000008
3271.1855270127116,3430.64084878178,74.0129950999999
3271.1855270127116,3405.493383209745,74.01513270000032
3271.1855270127116,3425.3397338453406,74.01741889999994
3271.1855270127116,3412.4730627648305,74.01976040000045
3271.1855270127116,3402.3501496292374,74.02193380000062
3271.1855270127116,3419.042208686441,74.02412540000023
3271.1855270127116,3429.29131753178,74.02656680000018
3271.1855270127116,3416.766578389831,74.04125470000054
3271.1855270127116,3417.709789459747,74.04340719999982
3271.1855270127116,3410.00148967161,74.04551770000035
3271.1855270127116,3392.90122881356,74.04852240000037
3271.1855270127116,3443.9091340042373,74.05558629999996
3271.1855270127116,3404.6535129766953,74.05980559999989
3271.1855270127116,3403.0158196504235,74.06325150000066
3271.1855270127116,3430.566132150425,74.0709796000001
3271.1855270127116,3444.0482971398296,74.07330439999987
3271.1855270127116,3441.744970868645,74.07550790000005
3271.1855270127116,3415.3417134533897,74.07802460000039
3271.1855270127116,3446.4071570444917,74.08030860000054
3271.1855270127116,3441.992848252118,74.08242800000062
3271.1855270127116,3423.987485434323,74.08456910000041
3271.1855270127116,3418.0683832097466,74.09445899999992
3271.1855270127116,3445.7128098516955,74.09958390000065
3271.1855270127116,3416.621714777542,74.10186359999989
3271.1855270127116,3430.058384533898,74.10453450000023
3271.1855270127116,3405.600569385594,74.10682300000008
3271.1855270127116,3421.9541763771185,74.10896469999989
3271.1855270127116,3419.9519888771206,74.1121092000003
3271.1855270127116,3412.931653866525,74.11421359999986
3271.1855270127116,3425.1847854872876,74.11642160000065
3271.1855270127116,3423.208535487289,74.11990320000041
3271.1855270127116,3409.7074231991537,74.12343620000047
3271.1855270127116,3416.9914088983046,74.12659320000057
3271.1855270127116,3420.243354078391,74.1306470999998
3271.1855270127116,3422.760807733051,74.1334053999999
3271.1855270127116,3412.6508593750004,74.1356452
3271.1855270127116,3429.079847722458,74.13819710000007
3271.1855270127116,3414.932274894068,74.14040300000033
3271.1855270127116,3418.7033289194915,74.14254600000004
3271.1855270127116,3443.1545524364406,74.14469259999987
3271.1855270127116,3424.732163665253,74.14685999999983
3271.1855270127116,3414.9018670550845,74.14971260000038
3271.1855270127116,3417.619663665255,74.15184510000017
3271.1855270127116,3421.2532958156785,74.1539431000001
3271.1855270127116,3414.742882680085,74.15604910000002
3271.1855270127116,3440.470384004238,74.15819650000049
3271.1855270127116,3431.585047669492,74.1603124000003
3271.1855270127116,3430.17383342161,74.16243550000036
3271.1855270127116,3405.5885460805084,74.1645354000002
3271.1855270127116,3409.5944650423735,74.16664820000005
3271.1855270127116,3431.517266949153,74.1879127000002
3271.1855270127116,3424.3922192796613,74.19131430000016
3271.1855270127116,3436.0552131885597,74.1945338000005
3271.1855270127116,3447.3159083686446,74.19732019999992
3271.1855270127116,3412.5155587923728,74.19996810000066
3271.1855270127116,3416.326663135593,74.20255710000038
3271.1855270127116,3398.6977568855923,74.20514670000011
3271.1855270127116,3469.241231461864,74.20780620000005
3271.1855270127116,3430.2234335275425,74.21000650000042
3271.1855270127116,3441.0193922139833,74.21211360000052
3271.1855270127116,3412.42576006356,74.21418850000009
3271.1855270127116,3428.8672854872893,74.21631390000039
3271.1855270127116,3438.190378707627,74.2313995000004
3271.1855270127116,3404.3645961334746,74.23472840000068
3271.1855270127116,3433.001092425847,74.23811650000061
3271.1855270127116,3422.1111189088992,74.24073399999997
3271.1855270127116,3420.126681673729,74.24285550000059
3271.1855270127116,3415.536165254238,74.24496820000059
3271.1855270127116,3427.835528336865,74.24708850000025
3271.1855270127116,3423.2349112817797,74.2500372000004
3271.1855270127116,3423.734294226695,74.2521499000004
3271.1855270127116,3425.652027277543,74.25428760000068
3271.1855270127116,3454.815390625,74.25641110000015
3271.1855270127116,3447.5183845338997,74.25851899999998
3271.1855270127116,3425.8147153072046,74.2606507999999
3271.1855270127116,3420.22823887712,74.2627309999998
3271.1855270127116,3415.2714036016946,74.26483960000041
3271.1855270127116,3470.105019862288,74.2669507999999
3271.1855270127116,3420.616096398305,74.27259330000015
3271.1855270127116,3418.1628601694924,74.27506970000013
3271.1855270127116,3414.5070828919497,74.2772302000003
3271.1855270127116,3417.225345603814,74.27945379999983
3271.1855270127116,3424.371308262712,74.28161580000051
3271.1855270127116,3423.9430111228803,74.28377590000036
3271.1855270127116,3416.7471848516952,74.28868140000031
3271.1855270127116,3414.5104025423734,74.29082620000008
3271.1855270127116,3430.5314605402546,74.29294089999985
3271.1855270127116,3405.5159480932207,74.295075
3271.1855270127116,3415.5557613877127,74.29718950000006
3271.1855270127116,3413.560078125,74.29933160000019
3271.1855270127116,3419.3097338453395,74.30148360000021
3271.1855270127116,3437.3939751059315,74.30364129999998
3271.1855270127116,3422.8438771186447,74.30578570000034
3271.1855270127116,3414.016186440678,74.3099656000004
3271.1855270127116,3424.425108580508,74.31265580000036
3271.1855270127116,3434.1371517478815,74.3147869000004
3271.1855270127116,3417.604250529662,74.31699350000054
3271.1855270127116,3422.200390625,74.31918959999985
3271.1855270127116,3425.5513678495763,74.32139460000053
3271.1855270127116,3431.153804290255,74.32352559999981
3271.1855270127116,3440.0617889300847,74.32568739999988
3271.1855270127116,3419.609819915254,74.32794869999998
3271.1855270127116,3438.5565188029664,74.33019530000001
3271.1855270127116,3403.6141141419494,74.33235330000025
3271.1855270127116,3425.592122616525,74.33451909999985
3271.1855270127116,3405.497162341102,74.33664730000055
3271.1855270127116,3433.58990598517,74.33884360000047
3271.1855270127116,3455.415748146187,74.34108610000021
3271.1855270127116,3416.5019451800854,74.34326210000017
3271.1855270127116,3410.402047139831,74.34543680000024
3271.1855270127116,3426.1696093750006,74.3476283
3271.1855270127116,3406.1191750529665,74.34988930000054
3271.1855270127116,3424.262396716102,74.35210790000019
3271.1855270127116,3416.2993511652558,74.35427210000034
3271.1855270127116,3444.3176708156793,74.35644719999982
3271.1855270127116,3449.0906024894066,74.35875190000024
3271.1855270127116,3429.907970074153,74.36095990000013
3271.1855270127116,3411.3014909957633,74.36310690000028
3271.1855270127116,3434.378959216102,74.36523829999987
3271.1855270127116,3444.783126324153,74.3673761
3271.1855270127116,3444.7187605932218,74.3698046999998
3271.1855270127116,3430.0672232521197,74.37199700000019
3271.1855270127116,3433.9365519067796,74.3741886000007
3271.1855270127116,3424.6419902012717,74.3763214999999
3271.1855270127116,3387.081171875,74.37875760000043
3271.1855270127116,3402.880544226696,74.39336660000026
3271.1855270127116,3406.4064909957624,74.3955519000001
3271.1855270127116,3401.177126588984,74.39773719999994
3271.1855270127116,3441.543783103814,74.39987410000049
3271.1855270127116,3413.2081607521195,74.40204970000013
3271.1855270127116,3390.509625264831,74.4041986000002
3271.1855270127116,3435.3370378707627,74.40631670000039
3271.1855270127116,3416.4427979343213,74.40844749999997
3271.1855270127116,3408.908726165254,74.41057600000022
3271.1855270127116,3417.576840572034,74.41267190000053
3271.1855270127116,3418.73115068856,74.41478770000049
3271.1855270127116,3414.5301483050857,74.41691840000021
3271.1855270127116,3394.9818908898305,74.41953629999989
3271.1855270127116,3418.880936175847,74.4220335
3271.1855270127116,3428.2495524364413,74.42432480000025
3271.1855270127116,3417.5758858580507,74.42659950000052
3271.1855270127116,3422.925166843221,74.4302673000002
3271.1855270127116,3429.952496027543,74.43287360000068
3271.1855270127116,3440.392893273305,74.43510210000022
3271.1855270127116,3422.591849841101,74.43734660000064
3271.1855270127116,3439.2508249470347,74.4516609000002
3271.1855270127116,3425.4095431673727,74.45388470000034
3271.1855270127116,3402.8085129766946,74.45611700000063
3271.1855270127116,3412.790636917374,74.4583474000001
3271.1855270127116,3416.793483845339,74.46155270000054
3271.1855270127116,3424.5357640360176,74.46461420000014
3271.1855270127116,3422.228277277543,74.46690399999989
3271.1855270127116,3419.018785752118,74.46921910000037
3271.1855270127116,3415.6857176906788,74.4714229000001
3271.1855270127116,3430.847448358052,74.47350740000002
3271.1855270127116,3430.6973795021195,74.47563910000008
3271.1855270127116,3414.3360209216107,74.47776620000059
3271.1855270127116,3406.7640757415256,74.49354529999982
3271.1855270127116,3438.350587923728,74.49695599999995
3271.1855270127116,3427.008148834746,74.50015320000057
3271.1855270127116,3388.458049523306,74.50347990000046
3271.1855270127116,3415.6990625000003,74.50684960000035
3271.1855270127116,3416.5075039724584,74.50944230000005
3271.1855270127116,3428.0525331038134,74.51228270000047
3271.1855270127116,3413.0319359110176,74.51561990000027
3271.1855270127116,3413.26186970339,74.51900260000002
3271.1855270127116,3437.9149020127115,74.52238570000009
3271.1855270127116,3500.2115982521195,74.5329840000004
3271.1855270127116,3416.0171835275423,74.53632449999986
3271.1855270127116,3442.4583606991523,74.53860590000022
3271.1855270127116,3419.3377039194925,74.54073000000062
3271.1855270127116,3428.23098384534,74.54402530000061
3271.1855270127116,3450.976950476696,74.54728000000068
3271.1855270127116,3424.7093511652547,74.55072210000071
3271.1855270127116,3411.556137447035,74.55409469999995
3271.1855270127116,3434.2104753707636,74.55636850000064
3271.1855270127116,3425.7847153072044,74.55880950000028
3271.1855270127116,3412.3724880826276,74.5609972000002
3271.1855270127116,3405.492886652543,74.56326420000005
3271.1855270127116,3418.248062764831,74.56552310000006
3271.1855270127116,3419.0438863877116,74.56778829999985
3271.1855270127116,3411.9045378707633,74.57131780000054
3271.1855270127116,3446.8285619703406,74.58035830000063
3271.1855270127116,3427.6053177966105,74.58253140000033
3271.1855270127116,3426.9102039194913,74.58465370000067
3271.1855270127116,3408.009169756356,74.58675870000025
3271.1855270127116,3419.756068591101,74.58887170000071
3271.1855270127116,3417.2127886652547,74.59099870000045
3271.1855270127116,3414.3630097987298,74.59311700000035
3271.1855270127116,3430.9201443326283,74.5952556000002
3271.1855270127116,3435.8052582097457,74.59740390000024
3271.1855270127116,3425.9090572033906,74.59955369999989
3271.1855270127116,3412.678561970339,74.60169450000012
3271.1855270127116,3426.917550317796,74.60381790000065
3271.1855270127116,3416.580305879239,74.60593100000006
3271.1855270127116,3421.7538056144076,74.60803300000043
3271.1855270127116,3413.4954846398305,74.61101930000041
3271.1855270127116,3414.0072192796624,74.61439210000026
3271.1855270127116,3408.4555693855937,74.61780910000016
3271.1855270127116,3420.8923371292376,74.62038970000049
3271.1855270127116,3432.9348953919493,74.62254250000024
3271.1855270127116,3434.4989420021193,74.62466070000028
3271.1855270127116,3426.3886149364416,74.62677489999987
3271.1855270127116,3419.661117584746,74.62886250000065
3271.1855270127116,3430.9572007415263,74.63098530000025
3271.1855270127116,3432.5640095338977,74.63310120000006
3271.1855270127116,3427.5903998940676,74.63519610000003
3271.1855270127116,3433.199529925848,74.63730160000068
3271.1855270127116,3441.6158156779666,74.63941800000066
3271.1855270127116,3430.9292372881364,74.64191970000047
3271.1855270127116,3422.153445444916,74.64526620000015
3271.1855270127116,3407.1166803495757,74.64841210000031
3271.1855270127116,3409.2948384533897,74.6515287000002
3271.1855270127116,3431.178498411017,74.6537769000006
3271.1855270127116,3430.443467955508,74.65607240000008
3271.1855270127116,3414.2251602224583,74.65839390000019
3271.1855270127116,3423.8746438029666,74.66056930000013
3271.1855270127116,3412.251599576272,74.66270470000018
3271.1855270127116,3410.109197563559,74.66481780000049
3271.1855270127116,3411.578128972457,74.66695820000041
3271.1855270127116,3450.879126059323,74.66908180000064
3271.1855270127116,3436.2588479872884,74.67242830000032
3271.1855270127116,3420.5273013771184,74.67577250000068
3271.1855270127116,3397.6235672669504,74.67905410000003
3271.1855270127116,3411.1829104872886,74.6845213000006
3271.1855270127116,3439.8468432203385,74.6873927000006
3271.1855270127116,3400.4538307733055,74.6898355000003
3271.1855270127116,3441.9097603283903,74.69249649999983
3271.1855270127116,3431.8108487817804,74.69461610000053
3271.1855270127116,3438.6545497881357,74.69672489999994
3271.1855270127116,3416.902935646187,74.69882790000065
3271.1855270127116,3427.3700940148315,74.7009638999998
3271.1855270127116,3416.781365201271,74.70308660000046
3271.1855270127116,3435.6985977224585,74.70519830000012
3271.1855270127116,3427.5253681144063,74.7072676000007
3271.1855270127116,3402.3082680084744,74.70936350000011
3271.1855270127116,3407.058135593222,74.71150149999994
3271.1855270127116,3410.7789870233046,74.7193143000004
3271.1855270127116,3450.5847391419493,74.72227790000034
3271.1855270127116,3419.095956038137,74.72439920000033
3271.1855270127116,3429.7295881885607,74.7265210000005
3271.1855270127116,3406.7291472457637,74.72865890000048
3271.1855270127116,3409.994947033899,74.73159920000035
3271.1855270127116,3417.6524112817797,74.7336935000003
3271.1855270127116,3443.208482521187,74.73581420000028
3271.1855270127116,3435.127931673729,74.73792349999985
3271.1855270127116,3397.101581038135,74.74004700000023
3271.1855270127116,3446.1838572563556,74.74225000000024
3271.1855270127116,3416.206954449152,74.74438830000054
3271.1855270127116,3485.2010063559323,74.74652610000066
3271.1855270127116,3451.471338718221,74.74865970000064
3271.1855270127116,3436.2910685911024,74.7516312000007
3271.1855270127116,3431.1627290783913,74.75493720000031
3271.1855270127116,3433.7756422139832,74.75857890000043
3271.1855270127116,3422.290015889832,74.76319150000018
3271.1855270127116,3421.0868869173732,74.76649230000021
3271.1855270127116,3432.7807706567796,74.77027009999983
3271.1855270127116,3422.950384004237,74.77363570000034
3271.1855270127116,3407.1864274364416,74.77693110000018
3271.1855270127116,3427.5105177436444,74.78002819999983
3271.1855270127116,3416.516975635594,74.78335940000034
3271.1855270127116,3417.1515889830516,74.78821220000009
3271.1855270127116,3407.0570775953397,74.79046430000017
3271.1855270127116,3406.7104846398306,74.7933978000001
3271.1855270127116,3434.352762182205,74.79675210000005
3271.1855270127116,3451.0539036016958,74.80012799999986
3271.1855270127116,3406.6835460805087,74.80346980000013
3271.1855270127116,3404.8183289194917,74.80677259999993
3271.1855270127116,3413.800663400424,74.80945740000061
3271.1855270127116,3430.898142213983,74.8123329
3271.1855270127116,3406.947911811441,74.81444079999983
3271.1855270127116,3419.361689618645,74.81656230000044
3271.1855270127116,3413.120427701271,74.81867229999989
3271.1855270127116,3422.7479713983053,74.82273290000012
3271.1855270127116,3435.761790254238,74.82602240000051
3271.1855270127116,3424.306186440679,74.82933159999993
3271.1855270127116,3413.254397510593,74.84293059999982
3271.1855270127116,3409.890202595339,74.8469739000002
3271.1855270127116,3407.7148887711865,74.84912560000066
3271.1855270127116,3427.854970868644,74.8512498
3271.1855270127116,3447.5533580508486,74.8533625
3271.1855270127116,3391.2102595338984,74.85548139999992
3271.1855270127116,3419.952714512711,74.85759860000053
3271.1855270127116,3428.4399284957626,74.85973210000066
3271.1855270127116,3426.865679290254,74.86240840000028
3271.1855270127116,3412.834683527543,74.86479400000007
3271.1855270127116,3410.7457812500006,74.86724520000007
3271.1855270127116,3450.0466684322037,74.86962820000008
3271.1855270127116,3436.463693061441,74.87353799999983
3271.1855270127116,3413.4687102754233,74.87583630000063
3271.1855270127116,3418.866550582627,74.8785826000003
3271.1855270127116,3444.3278456038133,74.88155760000063
3271.1855270127116,3423.683875794492,74.88389890000053
3271.1855270127116,3422.3120815677958,74.88616679999996
3271.1855270127116,3433.3474126059323,74.88842540000041
3271.1855270127116,3447.6487486758474,74.89068430000043
3271.1855270127116,3441.3471610169495,74.89315979999992
3271.1855270127116,3415.3341088453394,74.89547480000056
3271.1855270127116,3429.5073477224582,74.89776110000003
3271.1855270127116,3426.967501324153,74.9000544999999
3271.1855270127116,3434.603237552966,74.90294950000043
3271.1855270127116,3400.2745034427967,74.90507630000047
3271.1855270127116,3418.508399099577,74.90721680000024
3271.1855270127116,3416.828189883475,74.90934340000058
3271.1855270127116,3418.341061970339,74.91174480000063
3271.1855270127116,3440.0628270656784,74.91391280000062
3271.1855270127116,3444.5381739936447,74.91605549999986
3271.1855270127116,3419.48686440678,74.91818270000022
3271.1855270127116,3416.9343087923726,74.92030750000049
3271.1855270127116,3430.407917108051,74.92248780000045
3271.1855270127116,3441.1607190148316,74.92475000000013
3271.1855270127116,3447.642256355933,74.92707340000015
3271.1855270127116,3406.03413003178,74.92920740000045
3271.1855270127116,3407.4417399364415,74.93171950000033
3271.1855270127116,3434.1781316207635,74.93398119999983
3271.1855270127116,3434.5959348516953,74.93636680000054
3271.1855270127116,3429.6726575741527,74.93865210000058
3271.1855270127116,3407.6727873411023,74.94178199999988
3271.1855270127116,3450.205744173729,74.94575710000026
3271.1855270127116,3427.3293008474575,74.94800040000064
3271.1855270127116,3420.4133474576274,74.95019620000039
3271.1855270127116,3415.2021199682213,74.95485170000029
3271.1855270127116,3405.4831236758473,74.9584046
3271.1855270127116,3413.3517280190686,74.96112619999985
3271.1855270127116,3413.3392478813566,74.9640817999998
3271.1855270127116,3444.472110699153,74.96672000000035
3271.1855270127116,3431.4126377118646,74.96902060000048
3271.1855270127116,3443.4766684322035,74.9711784000001
3271.1855270127116,3414.374316737289,74.97332129999995
3271.1855270127116,3405.797255031781,74.98071080000045
3271.1855270127116,3429.4975278072043,74.98327510000036
3271.1855270127116,3439.2282759533914,74.98592400000052
3271.1855270127116,3411.0492783368645,75.00439110000025
3271.1855270127116,3435.1842862817803,75.00843309999982
3271.1855270127116,3415.9463042902544,75.01107779999984
3271.1855270127116,3419.128565942796,75.01336580000043
3271.1855270127116,3412.0104925847454,75.01554390000001
3271.1855270127116,3404.012351694915,75.0178108
3271.1855270127116,3419.794966896187,75.02072170000065
3271.1855270127116,3410.3569319385597,75.02313640000011
3271.1855270127116,3423.261051377119,75.03085210000063
3271.1855270127116,3449.3686493644072,75.07075090000035
3271.1855270127116,3441.25121822034,75.07634790000066
3271.1855270127116,3405.59717161017,75.08417590000045
3271.1855270127116,3409.375113877119,75.0897713000004
3271.1855270127116,3401.7460950741533,75.09795699999995
3271.1855270127116,3420.9050900423736,75.10080350000044
3271.1855270127116,3425.792084216104,75.10307499999999
3271.1855270127116,3437.51074947034,75.11050150000028
3271.1855270127116,3415.1823742055094,75.1141518000004
3271.1855270127116,3422.3455376059333,75.11644820000038
3271.1855270127116,3397.620278072033,75.13851690000047
3271.1855270127116,3406.994096927966,75.15030079999997
3271.1855270127116,3426.03618246822,75.15284400000019
3271.1855270127116,3424.8011308262708,75.15542170000026
3271.1855270127116,3416.146218220339,75.15847510000003
3271.1855270127116,3432.4444385593224,75.16241320000063
3271.1855270127116,3413.970969279661,75.16654689999996
3271.1855270127116,3403.4928085275424,75.16877449999993
3271.1855270127116,3422.4790466101695,75.17095320000044
3271.1855270127116,3457.559457097458,75.17311940000036
3271.1855270127116,3435.564326006356,75.18033400000058
3271.1855270127116,3420.565076800848,75.20258950000061
3271.1855270127116,3407.804163135593,75.20552310000039
3271.1855270127116,3429.1485341631374,75.20826620000025
3271.1855270127116,3442.309500794491,75.21203080000032
3271.1855270127116,3416.893336864406,75.21609840000019
3271.1855270127116,3420.3473252118647,75.21902730000056
3271.1855270127116,3403.109872881356,75.22190870000031
3271.1855270127116,3404.7885924258476,75.22432840000056
3271.1855270127116,3422.609331302966,75.23229770000034
3271.1855270127116,3437.250729608051,75.23517360000005
3271.1855270127116,3428.6398384533904,75.23879670000042
3271.1855270127116,3428.0545365466105,75.25571840000066
3271.1855270127116,3406.966771716102,75.26377950000006
3271.1855270127116,3426.81115068856,75.26693430000068
3271.1855270127116,3441.290043697033,75.26907980000033
3271.1855270127116,3429.565945444914,75.2712031000001
3271.1855270127116,3400.2701999470346,75.27551370000037
3271.1855270127116,3441.5897722457626,75.2788255000005
3271.1855270127116,3418.8200489936444,75.28361730000051
3271.1855270127116,3418.758809586865,75.28578160000052
3271.1855270127116,3413.863314353813,75.28797410000061
3271.1855270127116,3435.2266353283903,75.29627909999999
3271.1855270127116,3410.956079184323,75.29892019999988
3271.1855270127116,3445.4785156250005,75.30194080000001
3271.1855270127116,3419.0378813559323,75.30418910000026
3271.1855270127116,3436.4484136652545,75.3073543999999
3271.1855270127116,3458.8566194385603,75.31242070000008
3271.1855270127116,3424.688070709746,75.31556960000034
3271.1855270127116,3452.5924112817806,75.3178383000004
3271.1855270127116,3435.3546663135603,75.32000690000041
3271.1855270127116,3448.102346398305,75.32226270000046
3271.1855270127116,3420.831159957627,75.35361490000014
3271.1855270127116,3431.3284944385596,75.35617720000027
3271.1855270127116,3418.3480720338994,75.35931130000063
3271.1855270127116,3407.294230667373,75.36160860000018
3271.1855270127116,3456.1267055084754,75.40110550000009
3271.1855270127116,3411.618584480933,75.40340079999987
3271.1855270127116,3427.3265095338984,75.40560280000045
3271.1855270127116,3444.1982322563567,75.40896320000047
3271.1855270127116,3417.711690942797,75.41273220000039
3271.1855270127116,3402.0254568326277,75.41533130000062
3271.1855270127116,3409.0357256355937,75.41823639999984
3271.1855270127116,3426.457296080509,75.42047880000064
3271.1855270127116,3442.7054872881363,75.42261740000049
3271.1855270127116,3443.0285858050847,75.42546610000045
3271.1855270127116,3427.3069716631353,75.43109920000006
3271.1855270127116,3422.4821451271187,75.4333760999998
3271.1855270127116,3407.5022404661026,75.4635503999998
3271.1855270127116,3398.6297590042373,75.46632750000026
3271.1855270127116,3400.2062049788146,75.46898860000056
3271.1855270127116,3430.829956302967,75.47122190000027
3271.1855270127116,3418.9861533368653,75.47617260000061
3271.1855270127116,3425.8867425847457,75.47954350000055
3271.1855270127116,3413.0515876588984,75.48224800000025
3271.1855270127116,3413.8170722987293,75.4844634000001
3271.1855270127116,3425.4213744703397,75.4867632000005
3271.1855270127116,3395.790287341102,75.48897649999981
3271.1855270127116,3422.836914724576,75.49172840000028
3271.1855270127116,3411.522860169491,75.4940032000004
3271.1855270127116,3410.4740863347465,75.50380490000043
3271.1855270127116,3441.7252979343225,75.51048450000053
3271.1855270127116,3458.768322298729,75.5148779000001
3271.1855270127116,3420.8394398834753,75.51713530000052
3271.1855270127116,3440.679668961866,75.51943290000054
3271.1855270127116,3436.6249655720335,75.52212750000035
3271.1855270127116,3406.085586599577,75.52568680000059
3271.1855270127116,3432.1717902542373,75.52885409999999
3271.1855270127116,3421.4238863877117,75.53149590000066
3271.1855270127116,3449.2034560381358,75.53364870000041
3271.1855270127116,3437.4134851694917,75.53580260000035
3271.1855270127116,3429.102605932203,75.53792160000012
3271.1855270127116,3404.865164194916,75.55494799999997
3271.1855270127116,3401.8152383474576,75.5623555000002
3271.1855270127116,3427.9875013241526,75.56502040000032
3271.1855270127116,3419.7015558792373,75.56718780000028
3271.1855270127116,3427.215275423729,75.56930850000026
3271.1855270127116,3422.0262261652547,75.57141260000026
3271.1855270127116,3397.2146265889833,75.58265120000033
3271.1855270127116,3433.1891194385594,75.58478330000071
3271.1855270127116,3423.5239486228816,75.58691710000039
3271.1855270127116,3421.560941472459,75.58905099999993
3271.1855270127116,3443.5448993644086,75.59505919999992
3271.1855270127116,3432.457917108052,75.59777530000065
3271.1855270127116,3435.1096001059327,75.60029140000006
3271.1855270127116,3422.600066207627,75.60332920000019
3271.1855270127116,3438.048033633475,75.6064849000004
3271.1855270127116,3421.0776522775423,75.61324839999997
3271.1855270127116,3415.798314353814,75.61540890000015
3271.1855270127116,3445.102609904661,75.61753130000034
3271.1855270127116,3416.1220881885592,75.61969170000066
3271.1855270127116,3434.7760262182205,75.62185910000062
3271.1855270127116,3423.8031819385606,75.62834250000014
3271.1855270127116,3459.5106210275417,75.63091020000047
3271.1855270127116,3428.9043048199146,75.63304650000009
3271.1855270127116,3423.892306673729,75.6355392000005
3271.1855270127116,3429.5622775423735,75.63766889999988
3271.1855270127116,3412.914413400424,75.64014450000013
3271.1855270127116,3423.2726416843225,75.64819640000042
3271.1855270127116,3420.43431806144,75.65039630000047
3271.1855270127116,3429.5062261652556,75.65285339999991
3271.1855270127116,3443.7775211864405,75.65574300000026
3271.1855270127116,3425.2037976694915,75.65962070000023
3271.1855270127116,3435.072726430085,75.66324580000037
3271.1855270127116,3420.968540783898,75.66538330000003
3271.1855270127116,3422.140439618645,75.6679251000005
3271.1855270127116,3432.4681951800853,75.67206400000032
3271.1855270127116,3450.4420365466103,75.67481150000003
3271.1855270127116,3422.3484732521188,75.67809240000042
3271.1855270127116,3425.5602727754244,75.68103100000008
3271.1855270127116,3425.3708593750007,75.6841542000002
3271.1855270127116,3416.691851165254,75.68636040000001
3271.1855270127116,3431.736820709746,75.68865570000071
3271.1855270127116,3418.268376588983,75.69204170000012
3271.1855270127116,3428.2579091631364,75.69493370000055
3271.1855270127116,3422.8963387182207,75.69808900000044
3271.1855270127116,3415.3826085805085,75.7002824000001
3271.1855270127116,3403.025254237288,75.70254019999993
3271.1855270127116,3414.136383739408,75.70582019999983
3271.1855270127116,3412.3780773305093,75.71013180000045
3271.1855270127116,3428.7450979872892,75.7137303999998
3271.1855270127116,3440.4640015889836,75.7179143000003
3271.1855270127116,3419.838629502119,75.72078200000033
3271.1855270127116,3430.721769067798,75.72339310000007
3271.1855270127116,3427.41242717161,75.72954610000033
3271.1855270127116,3412.3776800847468,75.73232689999986
3271.1855270127116,3429.9213983050854,75.73446250000052
3271.1855270127116,3424.3076178495758,75.7365920000002
3271.1855270127116,3412.405146980932,75.73869060000015
3271.1855270127116,3429.693895656779,75.74148650000006
3271.1855270127116,3400.3634825211875,75.7444959000004
3271.1855270127116,3411.1023013771187,75.74714850000055
3271.1855270127116,3405.1845881885592,75.74935920000007
3271.1855270127116,3409.7839565677978,75.7533613000005
3271.1855270127116,3421.5846120233055,75.7555013000001
3271.1855270127116,3412.643246822034,75.76311859999987
3271.1855270127116,3426.9901774364407,75.76561339999989
3271.1855270127116,3417.8772007415255,75.76789680000002
3271.1855270127116,3404.24837526483,75.7699935999999
3271.1855270127116,3404.810462129238,75.77251119999983
3271.1855270127116,3425.249780190678,75.78075450000051
3271.1855270127116,3428.6444147245775,75.78312379999988
3271.1855270127116,3436.2214539194924,75.78533740000057
3271.1855270127116,3403.9562327860176,75.78748350000023
3271.1855270127116,3424.2695789194927,75.78960199999983
3271.1855270127116,3436.778793697034,75.79330519999985
3271.1855270127116,3403.7781435381353,75.79833680000047
3271.1855270127116,3421.970280720339,75.8005664000002
3271.1855270127116,3405.13530190678,75.8028602000004
3271.1855270127116,3403.828013771186,75.80568670000048
3271.1855270127116,3416.691832627119,75.80864770000062
3271.1855270127116,3416.777527807203,75.81191040000067
3271.1855270127116,3418.985582627118,75.81597280000005
3271.1855270127116,3409.0168975105944,75.81809770000018
3271.1855270127116,3410.2509825211873,75.82023990000016
3271.1855270127116,3427.328066737287,75.82245520000015
3271.1855270127116,3413.5488731461865,75.82554620000064
3271.1855270127116,3396.6118087923733,75.82866710000053
3271.1855270127116,3409.3980561440685,75.83180150000044
3271.1855270127116,3422.80983315678,75.83500000000004
3271.1855270127116,3426.825591896187,75.8371016000001
3271.1855270127116,3415.4879899364414,75.83923659999982
3271.1855270127116,3402.925655455508,75.84196760000032
3271.1855270127116,3411.9071848516955,75.84494340000037
3271.1855270127116,3425.1258130296615,75.84739570000056
3271.1855270127116,3447.665695180084,75.84955340000033
3271.1855270127116,3394.905671345339,75.85168930000054
3271.1855270127116,3435.0774470338993,75.85382740000023
3271.1855270127116,3398.9317862817798,75.85594320000018
3271.1855270127116,3439.4471874999995,75.85846560000027
3271.1855270127116,3429.6194928495765,75.86072400000012
3271.1855270127116,3425.0538347457637,75.86284250000062
3271.1855270127116,3408.6880654131364,75.86639490000016
3271.1855270127116,3418.712799258474,75.8685089999999
3271.1855270127116,3422.551608845339,75.87064610000016
3271.1855270127116,3414.6330309851705,75.87274489999982
3271.1855270127116,3422.039453125001,75.87506639999992
3271.1855270127116,3424.3335315148315,75.87731230000009
3271.1855270127116,3421.5493723516943,75.87943410000025
3271.1855270127116,3426.4217650953387,75.88154610000038
3271.1855270127116,3442.7428072033904,75.88366399999995
3271.1855270127116,3400.2198305084744,75.88578560000042
3271.1855270127116,3423.4280045021187,75.88792270000067
3271.1855270127116,3426.3160182733045,75.89006430000063
3271.1855270127116,3427.2745233050855,75.89219589999993
3271.1855270127116,3409.6510513771186,75.89430660000016
3271.1855270127116,3414.668046875001,75.89645160000055
3271.1855270127116,3406.6979343220346,75.89859310000065
3271.1855270127116,3424.902558262712,75.90099259999988
3271.1855270127116,3438.4490148305085,75.90387069999997
3271.1855270127116,3419.7210076800857,75.90611750000062
3271.1855270127116,3430.9152211334754,75.90844340000058
3271.1855270127116,3403.07818193856,75.91130450000037
3271.1855270127116,3407.7158739406786,75.91432440000062
3271.1855270127116,3410.197876059323,75.91646820000005
3271.1855270127116,3429.6854965572043,75.91859850000037
3271.1855270127116,3412.585211864408,75.92083510000066
3271.1855270127116,3408.525722987288,75.92337210000005
3271.1855270127116,3426.5155879237295,75.92564630000015
3271.1855270127116,3420.3789724576277,75.92791990000023
3271.1855270127116,3427.159715307205,75.93022560000009
3271.1855270127116,3405.893086599576,75.93258060000062
3271.1855270127116,3403.24735434322,75.93600760000027
3271.1855270127116,3431.5991220868655,75.93902810000054
3271.1855270127116,3424.9000344279675,75.94120380000004
3271.1855270127116,3401.734433262712,75.9433254000005
3271.1855270127116,3412.459500794492,75.94544250000035
3271.1855270127116,3428.7931965042367,75.94826000000012
3271.1855270127116,3417.5745511122886,75.95167769999989
3271.1855270127116,3433.1366287076285,75.9552622000001
3271.1855270127116,3441.6406859110166,75.95862230000057
3271.1855270127116,3425.457051112288,75.96219569999994
3271.1855270127116,3445.2517425847464,75.96436320000066
3271.1855270127116,3418.844796080509,75.9664872000003
3271.1855270127116,3441.2405587923736,75.96857940000064
3271.1855270127116,3410.609306144068,75.97226779999983
3271.1855270127116,3422.4645868644075,75.97580800000014
3271.1855270127116,3441.8808765889844,75.9779152000001
3271.1855270127116,3421.720705773306,75.98002009999982
3271.1855270127116,3428.6369518008482,75.98599920000015
3271.1855270127116,3428.756317531781,75.98938270000053
3271.1855270127116,3413.26959348517,75.99182000000019
3271.1855270127116,3403.288086599577,75.99392360000002
3271.1855270127116,3408.8114367055095,75.99604510000063
3271.1855270127116,3432.9452145127125,75.99814330000027
3271.1855270127116,3436.1170127118653,76.00026330000037
3271.1855270127116,3415.346108315678,76.0034525000001
3271.1855270127116,3427.7021239406777,76.00682030000007
3271.1855270127116,3440.0270007944923,76.0101353
3271.1855270127116,3431.936938559322,76.01954139999998
3271.1855270127116,3421.632186175847,76.02297110000018
3271.1855270127116,3424.500872616526,76.02649520000068
3271.1855270127116,3434.0267796610174,76.02987829999984
3271.1855270127116,3411.7240108580513,76.03304790000038
3271.1855270127116,3434.908646716102,76.03516480000053
3271.1855270127116,3420.4535354872883,76.03728640000008
3271.1855270127116,3421.5656130826283,76.03943410000011
3271.1855270127116,3395.724819915254,76.04162570000062
3271.1855270127116,3430.0031249999997,76.04446280000047
3271.1855270127116,3433.4134322033897,76.04707440000038
3271.1855270127116,3410.786106991526,76.04914960000042
3271.1855270127116,3407.701872351695,76.05172660000062
3271.1855270127116,3416.688266684321,76.0542089999999
3271.1855270127116,3419.5203707627115,76.05636210000011
3271.1855270127116,3420.976896186441,76.05850020000071
3271.1855270127116,3405.0873225635596,76.06061339999997
3271.1855270127116,3429.1440466101694,76.06354210000063
3271.1855270127116,3415.8690638241533,76.06566590000057
3271.1855270127116,3419.498902277543,76.06779310000002
3271.1855270127116,3424.132827065678,76.06989620000058
3271.1855270127116,3439.57359375,76.07282209999994
3271.1855270127116,3422.556269862289,76.07495269999981
3271.1855270127116,3424.5508368644073,76.07707740000023
3271.1855270127116,3439.1607746292375,76.0791775000007
3271.1855270127116,3421.2523106461877,76.0816459000007
3271.1855270127116,3410.741761122882,76.0847947000002
3271.1855270127116,3418.5125860699154,76.0870560000003
3271.1855270127116,3420.910039724577,76.08931540000049
3271.1855270127116,3415.9560090042382,76.09206799999993
3271.1855270127116,3425.7068697033906,76.09548330000052
3271.1855270127116,3425.7783620233045,76.09829040000022
3271.1855270127116,3436.1239406779673,76.1005384
3271.1855270127116,3419.45241128178,76.10341419999986
3271.1855270127116,3417.4102714512705,76.10582609999983
3271.1855270127116,3416.8949602754246,76.10808100000031
3271.1855270127116,3411.637730402542,76.11032690000047
3271.1855270127116,3403.2830918961877,76.1135204000002
3271.1855270127116,3409.5219809322034,76.11666140000034
3271.1855270127116,3411.837684057203,76.11877270000059
3271.1855270127116,3410.7270458156777,76.12329649999992
3271.1855270127116,3400.3114353813557,76.12670359999993
3271.1855270127116,3419.4805548199156,76.13010600000052
3271.1855270127116,3422.6225264830523,76.13294200000018
3271.1855270127116,3418.117796610169,76.1350809000005
3271.1855270127116,3406.3932931673726,76.13717460000044
3271.1855270127116,3414.5810063559325,76.13928810000016
3271.1855270127116,3437.491935911017,76.14143380000041
3271.1855270127116,3445.7411983580514,76.14392829999997
3271.1855270127116,3439.2025807733053,76.14727910000056
3271.1855270127116,3419.5057176906776,76.15060200000062
3271.1855270127116,3420.976250000001,76.15309760000036
3271.1855270127116,3418.6433580508474,76.15523080000003
3271.1855270127116,3414.372789989407,76.15736680000009
3271.1855270127116,3403.847061705509,76.15950500000054
3271.1855270127116,3414.3334692796616,76.16223230000014
3271.1855270127116,3418.348162076272,76.16561820000061
3271.1855270127116,3416.4733077330516,76.16902370000025
3271.1855270127116,3445.0681144067808,76.17232899999999
3271.1855270127116,3412.556260593221,76.17473190000055
3271.1855270127116,3413.967646980933,76.17684999999983
3271.1855270127116,3426.9653257415266,76.17899420000049
3271.1855270127116,3417.228388506356,76.18113300000005
3271.1855270127116,3435.7331779661026,76.18465900000047
3271.1855270127116,3418.706359904662,76.18969500000003
3271.1855270127116,3411.1973993644074,76.19351720000031
3271.1855270127116,3435.4179171080514,76.22951000000012
3271.1855270127116,3422.3771742584754,76.23296260000006
3271.1855270127116,3412.244132680084,76.23640119999982
3271.1855270127116,3441.908707627119,76.23976610000045
3271.1855270127116,3423.2249510063566,76.2426476999999
3271.1855270127116,3414.650881885593,76.24530820000018
3271.1855270127116,3412.704695444916,76.24789320000036
3271.1855270127116,3418.799639830509,76.25123870000061
3271.1855270127116,3423.9623993644072,76.25414920000003
3271.1855270127116,3423.8286559851695,76.25664480000069
3271.1855270127116,3418.0414314088994,76.25882410000031
3271.1855270127116,3424.105230402542,76.26099500000055
3271.1855270127116,3446.175693855931,76.27229429999988
3271.1855270127116,3437.6988810911025,76.2756530000006
3271.1855270127116,3440.2424708686435,76.27894060000017
3271.1855270127116,3413.387852224576,76.28224750000027
3271.1855270127116,3433.8880442266945,76.28527850000046
3271.1855270127116,3399.8368313029655,76.28750620000028
3271.1855270127116,3435.468142213984,76.28978999999981
3271.1855270127116,3414.873038930085,76.2920494
3271.1855270127116,3431.63004634534,76.29426839999996
3271.1855270127116,3403.859770921609,76.29649100000006
3271.1855270127116,3412.190660752119,76.2986847000002
3271.1855270127116,3430.0716790254246,76.30082970000058
3271.1855270127116,3415.22114539195,76.30347290000009
3271.1855270127116,3421.4873278601704,76.30560520000017
3271.1855270127116,3418.4024761652536,76.30781500000012
3271.1855270127116,3440.6644610699163,76.31041770000047
3271.1855270127116,3406.088281250001,76.31326040000022
3271.1855270127116,3419.0534414724584,76.31611020000037
3271.1855270127116,3422.027322563559,76.31840280000051
3271.1855270127116,3406.968015095339,76.32052620000013
3271.1855270127116,3431.414254502119,76.32269270000052
3271.1855270127116,3438.554168432204,76.32526779999989
3271.1855270127116,3410.489511387712,76.3273947000007
3271.1855270127116,3410.364420021187,76.32991110000057
3271.1855270127116,3440.3689870233056,76.33259850000013
3271.1855270127116,3419.40560911017,76.3570835999999
3271.1855270127116,3441.62435911017,76.35932320000029
3271.1855270127116,3418.5783752648317,76.36147720000008
3271.1855270127116,3427.9681753177965,76.36390819999997
3271.1855270127116,3438.4808421610187,76.36605020000025
3271.1855270127116,3417.3557931673736,76.36818040000071
3271.1855270127116,3407.2013983050847,76.37027120000039
3271.1855270127116,3421.600570709746,76.3724116000003
3271.1855270127116,3418.9016154661026,76.37451599999986
3271.1855270127116,3421.7758342161014,76.37661870000011
3271.1855270127116,3408.4017425847455,76.37874100000045
3271.1855270127116,3425.609706038136,76.3808708000006
3271.1855270127116,3413.9127423199147,76.38297690000036
3271.1855270127116,3427.5977449682205,76.38514360000045
3271.1855270127116,3414.9719279661017,76.38729109999986
3271.1855270127116,3417.094136652543,76.39275420000013
3271.1855270127116,3434.020331038135,76.39597080000021
3271.1855270127116,3403.0334494173726,76.3981862999999
3271.1855270127116,3422.168581832628,76.40071210000042
3271.1855270127116,3418.4071517478815,76.40287700000044
3271.1855270127116,3431.0565651483053,76.40498840000055
3271.1855270127116,3431.133264036017,76.4071229000001
3271.1855270127116,3433.9237036546606,76.40924450000057
3271.1855270127116,3421.340209216102,76.41149459999997
3271.1855270127116,3397.154895391949,76.41361580000012
3271.1855270127116,3435.201884269068,76.41576179999993
3271.1855270127116,3422.614086334746,76.41789299999982
3271.1855270127116,3435.896935911018,76.42001380000056
3271.1855270127116,3424.7258792372877,76.42372820000037
3271.1855270127116,3428.372915783899,76.42599340000015
3271.1855270127116,3414.442702595339,76.4281219000004
3271.1855270127116,3434.2483580508474,76.43025470000066
3271.1855270127116,3418.546559851695,76.4324873000005
3271.1855270127116,3430.2780150953395,76.43473840000024
3271.1855270127116,3420.9693736758486,76.43692420000025
3271.1855270127116,3446.0641273834754,76.43902609999986
3271.1855270127116,3412.219572298729,76.44114020000052
3271.1855270127116,3432.0520206567808,76.4432781000005
3271.1855270127116,3415.570198622882,76.44543049999993
3271.1855270127116,3410.04938029661,76.44756630000029
3271.1855270127116,3429.6744094279657,76.44970749999993
3271.1855270127116,3404.1833699682206,76.45181270000012
3271.1855270127116,3398.18597854873,76.45391530000052
3271.1855270127116,3429.7183368644064,76.46509180000066
3271.1855270127116,3436.9521054025427,76.46779289999995
3271.1855270127116,3419.4549112817804,76.46994670000004
3271.1855270127116,3433.9810752118656,76.4720683000005
3271.1855270127116,3447.1892425847454,76.4749995000002
3271.1855270127116,3421.862195444915,76.47721679999995
3271.1855270127116,3441.5484229343238,76.47934170000008
3271.1855270127116,3416.2600039724566,76.48148769999989
3271.1855270127116,3426.4002184851693,76.4836266000002
3271.1855270127116,3422.2904012182203,76.48574590000044
3271.1855270127116,3429.206566472458,76.48787559999982
3271.1855270127116,3418.0526588983053,76.49002420000033
3271.1855270127116,3426.6462738347454,76.4921514000007
3271.1855270127116,3415.964691472459,76.49428669999998
3271.1855270127116,3433.393997616526,76.49816120000014
3271.1855270127116,3421.7690068855936,76.50043430000005
3271.1855270127116,3417.699266419491,76.50336049999987
3271.1855270127116,3427.4767319915263,76.51330830000006
3271.1855270127116,3409.3381342690677,76.51547740000024
3271.1855270127116,3438.4761652542375,76.51764960000037
3271.1855270127116,3417.3196901483047,76.52062720000049
3271.1855270127116,3428.1687380826265,76.52285740000025
3271.1855270127116,3410.6809639830512,76.52552000000014
3271.1855270127116,3411.238368644068,76.52767740000036
3271.1855270127116,3437.121277807204,76.5298771000007
3271.1855270127116,3418.507831038137,76.53211960000044
3271.1855270127116,3429.404090307203,76.53426130000025
3271.1855270127116,3441.8486308262723,76.54387690000021
3271.1855270127116,3415.211726694916,76.54609700000037
3271.1855270127116,3404.6924112817796,76.54825950000031
3271.1855270127116,3422.5091419491537,76.55042020000019
3271.1855270127116,3436.034752383476,76.55708420000065
3271.1855270127116,3414.5955760063566,76.57455350000055
3271.1855270127116,3420.2454780190683,76.58343539999987
3271.1855270127116,3426.4369663665266,76.58597129999998
3271.1855270127116,3432.5468961864417,76.58816190000016
3271.1855270127116,3413.8732521186453,76.59034320000046
3271.1855270127116,3442.2674179025425,76.59293750000052
3271.1855270127116,3420.2755177436443,76.59508740000001
3271.1855270127116,3453.2468313029667,76.60052780000024
3271.1855270127116,3416.084024099577,76.61378330000025
3271.1855270127116,3435.6726443326284,76.61596890000055
3271.1855270127116,3417.018160752119,76.6186201999999
3271.1855270127116,3420.7510513771185,76.62078310000015
3271.1855270127116,3408.8187195444916,76.62303960000008
3271.1855270127116,3442.015809057203,76.62519130000055
3271.1855270127116,3426.305487288135,76.6273627999999
3271.1855270127116,3412.2896001059335,76.62952889999997
3271.1855270127116,3425.3720709745767,76.63644750000003
3271.1855270127116,3424.3065307203397,76.64802599999985
3271.1855270127116,3396.202564883475,76.65034830000059
3271.1855270127116,3434.74521848517,76.6525672000007
3271.1855270127116,3407.209382944916,76.66532240000015
3271.1855270127116,3407.4307812500006,76.66920160000063
3271.1855270127116,3413.7575715042367,76.67958480000016
3271.1855270127116,3433.970700476695,76.6817172000001
3271.1855270127116,3411.736202330509,76.6838187000003
3271.1855270127116,3427.2818869173734,76.68597180000052
3271.1855270127116,3444.628903601696,76.68809990000045
3271.1855270127116,3425.0810050317796,76.69025710000005
3271.1855270127116,3423.6686374470355,76.69236210000054
3271.1855270127116,3457.6429104872886,76.69715520000045
3271.1855270127116,3422.195590572034,76.70511280000028
3271.1855270127116,3425.170195974577,76.71030109999992
3271.1855270127116,3419.920353548729,76.71247660000063
3271.1855270127116,3426.5987645656783,76.71458310000071
3271.1855270127116,3434.7182018008484,76.71669090000069
3271.1855270127116,3426.457028601696,76.71879450000051
3271.1855270127116,3421.4703085275432,76.72092820000034
3271.1855270127116,3452.1996159957635,76.72305400000005
3271.1855270127116,3417.4349165783915,76.7251913
3271.1855270127116,3409.9409732521185,76.7276421000006
3271.1855270127116,3419.0209520656776,76.72979920000034
3271.1855270127116,3400.760454184323,76.7319637999999
3271.1855270127116,3455.7538784427966,76.73409400000037
3271.1855270127116,3412.8323980402533,76.7362535000002
3271.1855270127116,3412.5000463453393,76.73840079999991
3271.1855270127116,3434.951688294492,76.74057940000057
3271.1855270127116,3440.6839459745775,76.76558730000033
3271.1855270127116,3405.2982203389843,76.7698177000002
3271.1855270127116,3454.0351310911024,76.77351050000016
3271.1855270127116,3405.937298728814,76.77562690000013
3271.1855270127116,3416.3372457627115,76.7777272000003
3271.1855270127116,3428.1408606991527,76.77984379999998
3271.1855270127116,3415.246583686441,76.78197309999996
3271.1855270127116,3418.339315413136,76.7864196999999
3271.1855270127116,3415.055693855931,76.80700950000028
3271.1855270127116,3437.6668975105936,76.81783170000017
3271.1855270127116,3410.964631885595,76.82000880000032
3271.1855270127116,3434.344147245763,76.82261699999981
3271.1855270127116,3436.041729343221,76.82483279999997
3271.1855270127116,3434.208918167373,76.82703840000067
3271.1855270127116,3403.257872086864,76.82915670000057
3271.1855270127116,3421.974050582626,76.8312891000005
3271.1855270127116,3389.110133739406,76.83352389999982
3271.1855270127116,3420.388735434322,76.8356633000003
3271.1855270127116,3420.524262447034,76.83779950000007
3271.1855270127116,3411.202886652543,76.83992300000045
3271.1855270127116,3426.97044226695,76.84208600000056
3271.1855270127116,3434.731818061441,76.84423810000044
3271.1855270127116,3412.28780190678,76.85066240000015
3271.1855270127116,3428.219389565679,76.85276470000008
3271.1855270127116,3440.554394862288,76.85488239999995
3271.1855270127116,3402.829928495762,76.8569991000004
3271.1855270127116,3420.929340572034,76.85910150000018
3271.1855270127116,3430.1836784957636,76.86119690000032
3271.1855270127116,3446.273397775424,76.86331590000009
3271.1855270127116,3432.1651085805092,76.86543919999986
3271.1855270127116,3412.832403336865,76.87724330000037
3271.1855270127116,3433.6965744173726,76.87938149999991
3271.1855270127116,3421.4885579978827,76.88167740000063
3271.1855270127116,3407.3448530190676,76.8838354999998
3271.1855270127116,3425.833262711865,76.88593630000014
3271.1855270127116,3406.093768538136,76.88802450000003
3271.1855270127116,3412.3346318855934,76.89514070000041
3271.1855270127116,3429.209069120763,76.8973386000007
3271.1855270127116,3398.7718908898305,76.89948040000036
3271.1855270127116,3440.640754766949,76.90242399999988
3271.1855270127116,3422.536626059322,76.90580490000048
3271.1855270127116,3393.501843220339,76.91154540000025
3271.1855270127116,3439.179804025424,76.91482750000068
3271.1855270127116,3405.7221120233044,76.91853100000026
3271.1855270127116,3416.019874205509,76.92068040000049
3271.1855270127116,3426.728773834747,76.92283290000069
3271.1855270127116,3416.4521120233053,76.92525900000055
3271.1855270127116,3411.580761387713,76.92751170000065
3271.1855270127116,3422.4127158368647,76.93776890000026
3271.1855270127116,3455.1290598516944,76.94091459999981
3271.1855270127116,3435.5733050847457,76.94381370000065
3271.1855270127116,3410.151779661017,76.94592199999988
3271.1855270127116,3411.0138532838987,76.94894030000069
3271.1855270127116,3412.799413400425,76.95108419999997
3271.1855270127116,3410.7533289194917,76.9531907999999
3271.1855270127116,3426.0908170021203,76.95578019999994
3271.1855270127116,3413.6843260063565,76.95835799999986
3271.1855270127116,3432.801142743645,76.96062830000028
3271.1855270127116,3429.656379766949,76.96277420000024
3271.1855270127116,3425.8436930614403,76.96532209999987
3271.1855270127116,3407.215644862288,76.96745160000046
3271.1855270127116,3410.417950211865,76.9696356000004
3271.1855270127116,3405.53175450212,76.9725570999999
3271.1855270127116,3399.6013479872877,76.97480090000045
3271.1855270127116,3415.1473609639843,76.97696480000013
3271.1855270127116,3437.0986943855933,76.97907230000055
3271.1855270127116,3435.567587394069,76.98242310000023
3271.1855270127116,3424.47497351695,76.98452429999998
3271.1855270127116,3430.035278072034,76.98665220000021
3271.1855270127116,3406.571610169492,76.98875970000063
3271.1855270127116,3430.6391763771194,76.99118220000037
3271.1855270127116,3432.5517809851694,76.99361450000015
3271.1855270127116,3418.453992319916,76.99587490000067
3271.1855270127116,3417.5364499470347,76.99868740000056
3271.1855270127116,3423.2237447033904,77.0020070999999
3271.1855270127116,3422.4744782838984,77.00439740000002
3271.1855270127116,3431.238351430085,77.00680120000015
3271.1855270127116,3399.826329449153,77.00901760000033
3271.1855270127116,3428.9209096927975,77.01172610000049
3271.1855270127116,3400.204074417373,77.0139908000001
3271.1855270127116,3415.823493114408,77.0161007000006
3271.1855270127116,3396.840192002118,77.01822140000058
3271.1855270127116,3405.3297166313573,77.02032850000069
3271.1855270127116,3416.1280773305098,77.02242930000011
3271.1855270127116,3416.3033593750015,77.02539720000004
3271.1855270127116,3411.243576536018,77.02840590000051
3271.1855270127116,3450.504902012712,77.03148150000015
3271.1855270127116,3400.2877052436434,77.03366310000001
3271.1855270127116,3424.795406514831,77.03579870000067
3271.1855270127116,3424.7240029131344,77.03889250000066
3271.1855270127116,3417.0038003177965,77.04118319999998
3271.1855270127116,3412.4057282838985,77.04457970000021
3271.1855270127116,3425.9352648305094,77.04670450000049
3271.1855270127116,3451.174898040255,77.0488204000003
3271.1855270127116,3433.0938585805084,77.05134360000011
3271.1855270127116,3433.7736639300856,77.05347720000009
3271.1855270127116,3439.1003628177973,77.05561430000034
3271.1855270127116,3394.7403853283895,77.05828290000045
3271.1855270127116,3415.9613519597456,77.06045360000007
3271.1855270127116,3399.3143670550853,77.06312059999982
3271.1855270127116,3405.421880296611,77.06916450000062
3271.1855270127116,3432.183984375,77.07146629999988
3271.1855270127116,3437.3494173728814,77.08724600000005
3271.1855270127116,3437.635741525424,77.0908143000006
3271.1855270127116,3433.2950662076273,77.09310550000009
3271.1855270127116,3437.8478826800847,77.09538020000036
3271.1855270127116,3414.339994703389,77.09764900000027
3271.1855270127116,3422.0383381885595,77.09979040000053
3271.1855270127116,3427.541183792373,77.10193190000064
3271.1855270127116,3399.7227264300845,77.10408199999983
3271.1855270127116,3424.819651747881,77.10621730000003
3271.1855270127116,3430.157261652542,77.10833510000066
3271.1855270127116,3416.854641154661,77.11043890000019
3271.1855270127116,3444.3880574682203,77.11259040000004
3271.1855270127116,3430.098616260594,77.11470259999987
3271.1855270127116,3418.284008209746,77.1168043000007
3271.1855270127116,3413.8058368644074,77.12205619999986
3271.1855270127116,3416.230852754238,77.12499579999985
3271.1855270127116,3407.8157719809315,77.12716189999992
3271.1855270127116,3424.533034957627,77.12931840000056
3271.1855270127116,3423.349698093221,77.13429140000062
3271.1855270127116,3415.694811970339,77.13752079999995
3271.1855270127116,3423.4535513771184,77.13966170000003
3271.1855270127116,3430.429960275424,77.14182190000065
3271.1855270127116,3433.3201708156785,77.14396350000061
3271.1855270127116,3437.140218485171,77.14607760000035
3271.1855270127116,3411.893871822034,77.14818280000054
3271.1855270127116,3406.491489671611,77.15029970000069
3271.1855270127116,3432.240977224577,77.15308069999992
3271.1855270127116,3403.7422259004243,77.15678750000006
3271.1855270127116,3421.042215307204,77.15890339999987
3271.1855270127116,3435.2827317266965,77.16100650000044
3271.1855270127116,3434.015769332627,77.16313320000063
3271.1855270127116,3444.2852211334757,77.16527920000044
3271.1855270127116,3426.0088943326264,77.16782140000032
3271.1855270127116,3435.2641882944918,77.16994520000026
3271.1855270127116,3445.7595193326274,77.17209490000005
3271.1855270127116,3407.962576800848,77.17420660000062
3271.1855270127116,3417.717748940679,77.17633230000047
3271.1855270127116,3424.6584798728813,77.17848930000036
3271.1855270127116,3434.8911202330505,77.18066009999984
3271.1855270127116,3419.3197431144076,77.18289820000064
3271.1855270127116,3420.4852780720335,77.1850527000006
3271.1855270127116,3426.2759163135597,77.18718020000051
3271.1855270127116,3424.9384149894076,77.18948100000034
3271.1855270127116,3443.4137989936444,77.19161890000032
3271.1855270127116,3430.361976959746,77.19371300000057
3271.1855270127116,3414.195822298729,77.19582870000067
3271.1855270127116,3433.60287473517,77.19834210000045
3271.1855270127116,3438.410787870763,77.2005595999999
3271.1855270127116,3408.5134997351684,77.20288280000022
3271.1855270127116,3422.7434891419493,77.20498469999984
3271.1855270127116,3411.0313426906787,77.20709400000032
3271.1855270127116,3423.69296875,77.2092192
3271.1855270127116,3417.9876668432207,77.21135420000064
3271.1855270127116,3452.167358315679,77.21480190000057
3271.1855270127116,3418.928470603813,77.21810770000047
3271.1855270127116,3419.0635434322035,77.22222220000003
3271.1855270127116,3434.5767055084743,77.22525630000018
3271.1855270127116,3410.315304555084,77.2286780000004
3271.1855270127116,3426.340459480932,77.23230820000026
3271.1855270127116,3433.117145127119,77.23553940000056
3271.1855270127116,3407.4771358580506,77.23895670000002
3271.1855270127116,3421.030088718221,77.24225960000058
3271.1855270127116,3420.9763215042376,77.24579750000066
3271.1855270127116,3415.8904422669484,77.24805670000023
3271.1855270127116,3417.951758474577,77.25027870000031
3271.1855270127116,3430.934200211865,77.25250899999992
3271.1855270127116,3431.491614141949,77.25793780000004
3271.1855270127116,3422.688279925848,77.2612680000002
3271.1855270127116,3438.3641181144076,77.26344120000067
3271.1855270127116,3419.7731912076283,77.26579420000053
3271.1855270127116,3412.429572298728,77.2680962000004
3271.1855270127116,3442.2718313029663,77.27055360000031
3271.1855270127116,3444.210499205509,77.27279300000009
3271.1855270127116,3442.360123146186,77.27568640000027
3271.1855270127116,3414.7985315148317,77.28101040000001
3271.1855270127116,3424.234580243645,77.2843911
3271.1855270127116,3431.414610699153,77.28777210000044
3271.1855270127116,3412.6225304555096,77.29119380000066
3271.1855270127116,3430.6377807203403,77.29828630000065
3271.1855270127116,3422.2150132415254,77.3005219000006
3271.1855270127116,3411.8058222987297,77.30266380000012
3271.1855270127116,3394.080342955508,77.30480650000027
3271.1855270127116,3420.7830243644066,77.3069402000001
3271.1855270127116,3428.505912341102,77.30964600000061
3271.1855270127116,3409.8472484110175,77.31225260000065
3271.1855270127116,3405.5104965572036,77.31440160000056
3271.1855270127116,3417.107531779661,77.3165312000001
3271.1855270127116,3434.230572033899,77.31866249999985
3271.1855270127116,3415.5057044491527,77.32076099999995
3271.1855270127116,3441.4307031250005,77.32288560000052
3271.1855270127116,3414.671995497882,77.32545630000004
3271.1855270127116,3445.0302740995767,77.32761949999986
3271.1855270127116,3429.7497113347467,77.33636970000043
3271.1855270127116,3439.6999986758474,77.33858730000065
3271.1855270127116,3411.5410235699164,77.34436600000026
3271.1855270127116,3421.6313387182204,77.34712560000025
3271.1855270127116,3434.8550198622893,77.34976340000048
3271.1855270127116,3428.5101284427974,77.35188790000029
3271.1855270127116,3416.4434653072035,77.35404019999987
3271.1855270127116,3444.6495484639827,77.35627440000007
3271.1855270127116,3419.5726363877116,77.35947470000065
3271.1855270127116,3426.0084242584744,77.3616278999998
3271.1855270127116,3437.5768538135594,77.36377710000033
3271.1855270127116,3403.3869531249998,77.36595690000013
3271.1855270127116,3423.1896120233064,77.3681230000002
3271.1855270127116,3445.4480402542376,77.37076609999986
3271.1855270127116,3429.802767478814,77.3898205000005
3271.1855270127116,3417.9039658368642,77.39194080000016
3271.1855270127116,3432.936792902544,77.3940392000004
3271.1855270127116,3413.2939698093223,77.39619210000001
3271.1855270127116,3423.7423490466103,77.39837549999993
3271.1855270127116,3419.2481077860184,77.40050020000035
3271.1855270127116,3422.0062407309324,77.40305050000006
3271.1855270127116,3430.171906779661,77.40577519999988
3271.1855270127116,3421.2505336334757,77.40792520000014
3271.1855270127116,3431.0879210805087,77.41019320000032
3271.1855270127116,3417.8491777012714,77.41273160000037
3271.1855270127116,3429.0698371292365,77.41486830000031
3271.1855270127116,3405.9051218220343,77.41700120000041
3271.1855270127116,3451.145297934322,77.41912230000071
3271.1855270127116,3425.2523768538144,77.44720310000048
3271.1855270127116,3429.529167108052,77.45002579999982
3271.1855270127116,3427.2807825741525,77.45225329999994
3271.1855270127116,3424.9709348516953,77.45443820000037
3271.1855270127116,3415.04095338983,77.45661449999989
3271.1855270127116,3430.399096927966,77.45883490000051
3271.1855270127116,3448.275387976696,77.46103200000016
3271.1855270127116,3452.1621080508467,77.46319930000027
3271.1855270127116,3428.282682733051,77.4659829000002
3271.1855270127116,3396.3362129237294,77.46814010000071
3271.1855270127116,3427.0226125529657,77.47034919999987
3271.1855270127116,3436.00452595339,77.47252370000024
3271.1855270127116,3392.424823887712,77.47467039999992
3271.1855270127116,3419.563577860171,77.4768309000001
3271.1855270127116,3419.187809851695,77.48677889999999
3271.1855270127116,3411.298282574153,77.49019660000067
3271.1855270127116,3408.621202330509,77.4935387000005
3271.1855270127116,3424.5232269597464,77.49643650000053
3271.1855270127116,3432.461263241526,77.49861640000017
3271.1855270127116,3413.136279131356,77.50079619999997
3271.1855270127116,3409.8270246292377,77.50296979999985
3271.1855270127116,3424.485736228814,77.50517020000007
3271.1855270127116,3407.640411811441,77.5075409000001
3271.1855270127116,3423.580823622882,77.51155800000015
3271.1855270127116,3414.2239168432206,77.51375499999995
3271.1855270127116,3420.727588718221,77.51591000000008
3271.1855270127116,3422.4112142478816,77.53534480000053
3271.1855270127116,3439.6332812500013,77.53984540000056
3271.1855270127116,3429.394819915254,77.54377999999997
3271.1855270127116,3435.314725900424,77.5459523999998
3271.1855270127116,3418.294108845339,77.5483049000004
3271.1855270127116,3408.5862380826266,77.55058460000055
3271.1855270127116,3446.411371822034,77.55283270000018
3271.1855270127116,3416.110033103813,77.55572240000038
3271.1855270127116,3436.994790783899,77.55819930000052
3271.1855270127116,3420.8792862817795,77.56049110000004
3271.1855270127116,3428.9850410487284,77.56275920000007
3271.1855270127116,3446.4069756355934,77.56708030000027
3271.1855270127116,3424.2323516949164,77.59964320000017
3271.1855270127116,3421.0172497351696,77.60193750000053
3271.1855270127116,3423.5076019597473,77.60437480000019
3271.1855270127116,3440.4923556673725,77.60718129999987
3271.1855270127116,3420.6843365995765,77.60965750000014
3271.1855270127116,3415.470278072035,77.61276700000053
3271.1855270127116,3399.8972987288134,77.6161759000006
3271.1855270127116,3415.8431845868645,77.61961100000008
3271.1855270127116,3426.055611758475,77.62367710000035
3271.1855270127116,3424.8105932203393,77.6263413000006
3271.1855270127116,3424.600565413136,77.62911750000058
3271.1855270127116,3422.1090029131356,77.63169939999989
3271.1855270127116,3448.0490307203386,77.65533810000034
3271.1855270127116,3444.016438029661,77.65754160000051
3271.1855270127116,3409.134945709746,77.66002900000058
3271.1855270127116,3428.2406792902557,77.66242930000044
3271.1855270127116,3419.2138347457635,77.66480190000038
3271.1855270127116,3432.35953125,77.66781210000045
3271.1855270127116,3410.608826800847,77.67013159999988
3271.1855270127116,3454.0013479872887,77.67229620000035
3271.1855270127116,3418.059491525424,77.6744650999999
3271.1855270127116,3437.192910487289,77.67663590000029
3271.1855270127116,3415.5799205508465,77.67880990000049
3271.1855270127116,3416.7422444385597,77.68098310000005
3271.1855270127116,3427.5982044491534,77.68311760000051
3271.1855270127116,3414.626700211865,77.68571090000023
3271.1855270127116,3413.7851032838994,77.68840180000007
3271.1855270127116,3423.2487076271195,77.69080000000031
3271.1855270127116,3403.5642717161004,77.69306450000022
3271.1855270127116,3413.15449417373,77.69522730000062
3271.1855270127116,3470.1435447563563,77.69758390000061
3271.1855270127116,3428.9172603283914,77.70048380000026
3271.1855270127116,3418.0533170021195,77.70263390000036
3271.1855270127116,3405.10171875,77.70528009999998
3271.1855270127116,3408.5447788665256,77.70779550000043
3271.1855270127116,3398.6162182203393,77.71015530000022
3271.1855270127116,3432.0004608050845,77.71243140000024
3271.1855270127116,3424.160534957628,77.71466190000046
3271.1855270127116,3415.4146212923733,77.71728220000023
3271.1855270127116,3419.760836864407,77.7340505000002
3271.1855270127116,3405.8052846927967,77.73632570000063
3271.1855270127116,3423.1007984639846,77.73851650000051
3271.1855270127116,3424.91509401483,77.74067139999988
3271.1855270127116,3422.385454184322,77.74311530000068
3271.1855270127116,3441.3787010063566,77.74634890000016
3271.1855270127116,3416.379876853813,77.7503727000003
3271.1855270127116,3414.7214578919497,77.75378600000022
3271.1855270127116,3440.3147232521187,77.75708269999996
3271.1855270127116,3414.737153072035,77.76044499999989
3271.1855270127116,3450.1045219809325,77.76372420000007
3271.1855270127116,3404.5570021186445,77.77357759999995
3271.1855270127116,3420.788302436441,77.77578859999994
3271.1855270127116,3414.094876853814,77.77792790000058
3271.1855270127116,3420.3102767478827,77.7805656999999
3271.1855270127116,3410.1795259533897,77.78293020000001
3271.1855270127116,3426.426820709746,77.7863213999999
3271.1855270127116,3431.0712129237295,77.7893625000006
3271.1855270127116,3422.510699152542,77.79725260000032
3271.1855270127116,3416.2537394067804,77.80022150000059
3271.1855270127116,3425.8818855932204,77.80389480000031
3271.1855270127116,3408.394475635594,77.8061660000003
3271.1855270127116,3427.869310116527,77.80912119999994
3271.1855270127116,3419.398334216102,77.81522720000066
3271.1855270127116,3413.525867319916,77.81796399999985
3271.1855270127116,3414.9801204978817,77.8204953000004
3271.1855270127116,3458.9539962923736,77.82394950000071
3271.1855270127116,3450.225599841103,77.82641730000068
3271.1855270127116,3438.3207468220353,77.82871030000024
3271.1855270127116,3427.0880362817807,77.83087119999982
3271.1855270127116,3434.923479872881,77.83298490000016
3271.1855270127116,3425.4671543961877,77.83512299999984
3271.1855270127116,3445.4745511122883,77.83724549999988
3271.1855270127116,3433.4105031779673,77.83937109999988
3271.1855270127116,3398.7749443855946,77.84149940000043
3271.1855270127116,3407.832345074152,77.8436228999999
3271.1855270127116,3431.039177701271,77.84576300000026
3271.1855270127116,3431.290317796611,77.85507599999983
3271.1855270127116,3421.935287341102,77.85725290000028
3271.1855270127116,3421.7947921080513,77.86035670000001
3271.1855270127116,3443.633585805086,77.86442890000035
3271.1855270127116,3413.962955508475,77.86751700000059
3271.1855270127116,3421.4385195974583,77.87063100000069
3271.1855270127116,3414.826284427967,77.87349460000041
3271.1855270127116,3432.4682693326286,77.87564509999993
3271.1855270127116,3411.211565148306,77.87777689999984
3271.1855270127116,3435.9068948622894,77.87991229999989
3271.1855270127116,3418.3901933262714,77.88204459999997
3271.1855270127116,3416.9000238347467,77.8841768000002
3271.1855270127116,3424.41956700212,77.88674679999986
3271.1855270127116,3422.3221596927974,77.88888769999994
3271.1855270127116,3430.386379766949,77.89103090000026
3271.1855270127116,3430.7240386652543,77.89317320000009
3271.1855270127116,3401.249185646187,77.89528700000028
3271.1855270127116,3416.654723252119,77.89740690000053
3271.1855270127116,3421.92195842161,77.89954230000058
3271.1855270127116,3407.5886904131357,77.90166630000022
3271.1855270127116,3428.3453336864404,77.90376890000061
3271.1855270127116,3383.842513241526,77.90647140000056
3271.1855270127116,3442.826142743644,77.9098014000001
3271.1855270127116,3406.65532309322,77.91233800000009
3271.1855270127116,3432.9583580508483,77.9144552000007
3271.1855270127116,3414.1502078919493,77.91657200000009
3271.1855270127116,3401.975546875,77.9197052999998
3271.1855270127116,3439.719798728813,77.92185940000036
3271.1855270127116,3420.691272510593,77.92397549999987
3271.1855270127116,3402.2672987288142,77.92612050000025
3271.1855270127116,3409.4921967690684,77.92824910000036
3271.1855270127116,3429.3430945444916,77.93036160000065
3271.1855270127116,3422.6245948093215,77.9324846999998
3271.1855270127116,3411.964929819916,77.93459340000027
3271.1855270127116,3442.1303959216107,77.93674079999982
3271.1855270127116,3421.7714102224586,77.93887069999982
3271.1855270127116,3406.097204713983,77.94102199999998
3271.1855270127116,3469.8015863347464,77.94403060000059
3271.1855270127116,3409.008095868644,77.94627310000033
3271.1855270127116,3409.57616128178,77.94950670000071
3271.1855270127116,3420.735670021187,77.95487760000015
3271.1855270127116,3406.132176906779,77.95720660000006
3271.1855270127116,3438.342545021187,77.95952840000064
3271.1855270127116,3436.711128177967,77.96209850000014
3271.1855270127116,3417.3784123411024,77.96419750000041
3271.1855270127116,3402.5617876059314,77.96632050000062
3271.1855270127116,3408.3156144067807,77.96896509999988
3271.1855270127116,3414.0876231461866,77.97330080000029
3271.1855270127116,3430.876251324152,77.9754311000006
3271.1855270127116,3417.1984626588983,77.97871420000047
3271.1855270127116,3411.437840307204,77.98112370000035
3271.1855270127116,3446.836264565679,77.9832462000004
3271.1855270127116,3416.063389830508,77.98576279999997
3271.1855270127116,3424.6003853283896,77.9900559000007
3271.1855270127116,3425.7136943855935,77.99220640000021
3271.1855270127116,3404.1428244173726,77.9945189
3271.1855270127116,3413.365217161016,77.99672629999986
3271.1855270127116,3411.4920113877124,77.99896340000032
3271.1855270127116,3410.2940956038137,78.00153230000069
3271.1855270127116,3407.959002913135,78.0036571999999
3271.1855270127116,3432.2149059851695,78.00628779999988
3271.1855270127116,3434.697163665255,78.00848709999991
3271.1855270127116,3447.0374165783915,78.0106679999999
3271.1855270127116,3429.507149099577,78.01296379999985
3271.1855270127116,3417.398747351694,78.01508970000032
3271.1855270127116,3429.948016419492,78.01766010000028
3271.1855270127116,3442.240652807204,78.01996409999992
3271.1855270127116,3440.977951536018,78.02325980000023
3271.1855270127116,3434.2357070974567,78.02544470000066
3271.1855270127116,3415.809870233052,78.02759969999988
3271.1855270127116,3406.635835540254,78.02972060000047
3271.1855270127116,3408.443828125001,78.03185389999999
3271.1855270127116,3441.5829806673737,78.0339982000005
3271.1855270127116,3429.453667902543,78.03611400000045
3271.1855270127116,3448.707249735171,78.03824350000014
3271.1855270127116,3428.7970206567807,78.04041740000048
3271.1855270127116,3422.5201562500015,78.04259610000008
3271.1855270127116,3403.418681144068,78.0454894000004
3271.1855270127116,3409.0393816207625,78.04813379999996
3271.1855270127116,3402.4638042902548,78.0502374000007
3271.1855270127116,3405.6993087923734,78.0523544000007
3271.1855270127116,3425.318965836864,78.06452870000066
3271.1855270127116,3452.518199152543,78.06665390000035
3271.1855270127116,3444.6735659427973,78.06879149999986
3271.1855270127116,3431.1995617055086,78.07095220000065
3271.1855270127116,3421.9155958686447,78.07309369999984
3271.1855270127116,3447.9622894597464,78.07520610000029
3271.1855270127116,3415.8092876059327,78.07734140000048
3271.1855270127116,3452.1940903072036,78.07991130000028
3271.1855270127116,3427.6634706038135,78.08203390000017
3271.1855270127116,3403.2166419491523,78.08413720000044
3271.1855270127116,3411.91951006356,78.08625000000029
3271.1855270127116,3421.7999139300855,78.08838710000055
3271.1855270127116,3426.074332627119,78.09051460000046
3271.1855270127116,3410.188495762712,78.0926473999998
3271.1855270127116,3436.1594213453395,78.09477270000025
3271.1855270127116,3419.375076800848,78.09761960000014
3271.1855270127116,3430.4194597457627,78.0998440000003
3271.1855270127116,3410.666657838984,78.10202389999995
3271.1855270127116,3444.6005799788145,78.10423300000002
3271.1855270127116,3400.674339247882,78.10656730000028
3271.1855270127116,3417.88184322034,78.1088135
3271.1855270127116,3413.9109719279663,78.11198150000018
3271.1855270127116,3425.0051814088984,78.11521989999983
3271.1855270127116,3424.300528336865,78.1173275000001
3271.1855270127116,3403.941075211865,78.11943500000052
3271.1855270127116,3415.074172404662,78.1215560999999
3271.1855270127116,3424.187387447035,78.12370770000052
3271.1855270127116,3420.405895127119,78.12590009999985
3271.1855270127116,3451.7316260593216,78.12980490000064
3271.1855270127116,3415.918163400424,78.13300160000017
3271.1855270127116,3440.4715558792377,78.13548870000068
3271.1855270127116,3432.0836837923734,78.13780270000007
3271.1855270127116,3430.8636374470343,78.14002460000029
3271.1855270127116,3413.302313294492,78.1422093000001
3271.1855270127116,3421.1834878177965,78.14432920000036
3271.1855270127116,3404.617057733052,78.14664799999991
3271.1855270127116,3423.2436030190684,78.1488173000007
3271.1855270127116,3411.3280296610164,78.15127050000046
3271.1855270127116,3426.5896742584746,78.1534657000002
3271.1855270127116,3431.0841393008477,78.15562339999997
3271.1855270127116,3404.340750794492,78.15818230000059
3271.1855270127116,3408.59345338983,78.16039720000026
3271.1855270127116,3417.885349576271,78.16371870000057
3271.1855270127116,3412.04040121822,78.1658926
3271.1855270127116,3413.9680521716095,78.16884430000027
3271.1855270127116,3432.22544226695,78.17229790000056
3271.1855270127116,3436.1502873411014,78.1870914000001
3271.1855270127116,3412.8415956038143,78.18931220000013
3271.1855270127116,3445.1766962394076,78.19253870000011
3271.1855270127116,3418.029165783899,78.19550280000021
3271.1855270127116,3406.1042253707624,78.1976080000004
3271.1855270127116,3423.2721358580507,78.19975900000009
3271.1855270127116,3414.8684030720347,78.20199300000058
3271.1855270127116,3438.912302701272,78.2048190000005
3271.1855270127116,3418.5704065148316,78.2078277999999
3271.1855270127116,3415.5515135063556,78.23000039999988
3271.1855270127116,3450.2951403601696,78.23253269999987
3271.1855270127116,3432.419766949153,78.23466120000012
3271.1855270127116,3412.9731475105937,78.2369262000002
3271.1855270127116,3415.7836851165252,78.23964630000046
3271.1855270127116,3429.2023927436444,78.24287370000002
3271.1855270127116,3421.944308792373,78.2461385000006
3271.1855270127116,3410.989416048729,78.2493785000006
3271.1855270127116,3424.051898834746,78.25222440000016
3271.1855270127116,3429.08462394068,78.25437690000035
3271.1855270127116,3413.940538930085,78.25655840000036
3271.1855270127116,3427.782076271187,78.25876560000052
3271.1855270127116,3426.7021054025427,78.27186410000013
3271.1855270127116,3413.960083421611,78.27403279999999
3271.1855270127116,3418.5534970868653,78.27622239999982
3271.1855270127116,3436.7542147775425,78.27851700000065
3271.1855270127116,3440.0005548199156,78.2806244000003
3271.1855270127116,3443.2686096398306,78.28314230000069
3271.1855270127116,3417.7058964512717,78.28636490000008
3271.1855270127116,3413.2737725105944,78.28886460000012
3271.1855270127116,3445.6743127648315,78.2912178000006
3271.1855270127116,3417.7817306673737,78.29375859999982
3271.1855270127116,3421.552695974576,78.29761820000022
3271.1855270127116,3432.8060447563557,78.30015309999999
3271.1855270127116,3442.8290757415266,78.30226070000026
3271.1855270127116,3426.2528985699164,78.30439070000011
3271.1855270127116,3406.0876575741527,78.31001620000006
3271.1855270127116,3411.3204118114418,78.31218489999992
3271.1855270127116,3396.8386705508474,78.31469290000041
3271.1855270127116,3425.924735169492,78.31684410000071
3271.1855270127116,3416.1097047139833,78.31906720000006
3271.1855270127116,3386.255289989406,78.32122170000002
3271.1855270127116,3406.9978906250003,78.32334870000068
3271.1855270127116,3406.0592425847462,78.32558430000063
3271.1855270127116,3438.309067796611,78.32791129999987
3271.1855270127116,3433.4890558792376,78.33086140000069
3271.1855270127116,3429.148759269069,78.33300450000024
3271.1855270127116,3458.9681024894076,78.33517070000016
3271.1855270127116,3426.0530137711867,78.33801500000027
3271.1855270127116,3421.640879237287,78.36414940000031
3271.1855270127116,3418.528138241526,78.36638130000028
3271.1855270127116,3421.2656382415253,78.36852390000058
3271.1855270127116,3410.534416048729,78.37071000000014
3271.1855270127116,3437.236800847457,78.37368330000027
3271.1855270127116,3424.061882944915,78.37705189999997
3271.1855270127116,3408.026731991526,78.38073080000049
3271.1855270127116,3410.210390624999,78.38287760000003
3271.1855270127116,3411.9559361758484,78.38499130000037
3271.1855270127116,3413.7204118114405,78.38718980000067
3271.1855270127116,3441.1425198622883,78.38954590000048
3271.1855270127116,3421.0343061440685,78.39167410000027
3271.1855270127116,3411.513708951272,78.39417959999992
3271.1855270127116,3428.0033686440675,78.40393159999985
3271.1855270127116,3429.3614790783886,78.40790490000018
3271.1855270127116,3438.8972364936444,78.4102928000002
3271.1855270127116,3432.2854766949163,78.41243870000017
3271.1855270127116,3433.5541565148324,78.41456430000017
3271.1855270127116,3455.710086069916,78.41674690000036
3271.1855270127116,3429.4843299788145,78.41899890000059
3271.1855270127116,3411.808115730932,78.42113560000053
3271.1855270127116,3421.336882944916,78.4237004000006
3271.1855270127116,3406.58372881356,78.42587360000016
3271.1855270127116,3447.50754634534,78.42813639999986
3271.1855270127116,3440.901710805086,78.43034309999985
3271.1855270127116,3434.8915479343227,78.43291240000053
3271.1855270127116,3421.8207944915257,78.43507110000064
3271.1855270127116,3407.3338413665265,78.43913789999988
3271.1855270127116,3421.594810646186,78.4413370000002
3271.1855270127116,3415.3236308262703,78.44346550000046
3271.1855270127116,3417.690295286017,78.44559320000008
3271.1855270127116,3423.3242968749996,78.44781130000047
3271.1855270127116,3417.992274894069,78.45008690000031
3271.1855270127116,3452.0444478283916,78.45222240000021
3271.1855270127116,3447.9479766949153,78.45437810000021
3271.1855270127116,3405.0141340042373,78.45654300000024
3271.1855270127116,3406.346305614408,78.45887850000054
3271.1855270127116,3443.943916843222,78.46099990000039
3271.1855270127116,3411.5621464512715,78.46308320000026
3271.1855270127116,3416.3796014300847,78.46520770000006
3271.1855270127116,3453.4932521186447,78.46738860000005
3271.1855270127116,3430.1020987817797,78.47013779999997
3271.1855270127116,3423.2069703389825,78.47287800000049
3271.1855270127116,3407.126410222458,78.47505650000039
3271.1855270127116,3407.535266154661,78.47719770000003
3271.1855270127116,3409.3851708156794,78.47936800000025
3271.1855270127116,3416.0229025423737,78.4815349999999
3271.1855270127116,3429.168319650425,78.48364570000012
3271.1855270127116,3433.2293577860173,78.48575160000019
3271.1855270127116,3388.748201800847,78.48796000000038
3271.1855270127116,3412.887884004237,78.49006999999983
3271.1855270127116,3421.3654369703395,78.49217769999996
3271.1855270127116,3412.523859904661,78.49428309999985
3271.1855270127116,3438.4412500000003,78.49643910000032
3271.1855270127116,3411.5774735169493,78.49854300000061
3271.1855270127116,3428.299074417374,78.50065780000023
3271.1855270127116,3422.808996292373,78.50362720000066
3271.1855270127116,3407.134164459746,78.50577550000071
3271.1855270127116,3429.930317796611,78.50803429999996
3271.1855270127116,3419.849604078391,78.51025300000038
3271.1855270127116,3412.8847828389826,78.51241420000042
3271.1855270127116,3420.1893220338984,78.5152762000007
3271.1855270127116,3456.820150953391,78.51876280000033
3271.1855270127116,3404.5917439088985,78.52148480000051
3271.1855270127116,3425.2168617584744,78.52363789999981
3271.1855270127116,3401.058271980932,78.52584610000031
3271.1855270127116,3439.6425940148315,78.52807100000064
3271.1855270127116,3413.1001032838985,78.53030480000052
3271.1855270127116,3422.824320709746,78.53250079999998
3271.1855270127116,3424.249217425848,78.53477280000061
3271.1855270127116,3420.32576536017,78.5370284999999
3271.1855270127116,3405.7155627648303,78.53926130000036
3271.1855270127116,3418.4964420021197,78.5413993000002
3271.1855270127116,3445.000700476695,78.54360670000005
3271.1855270127116,3400.5814909957635,78.54575819999991
3271.1855270127116,3439.2900569385597,78.547912
3271.1855270127116,3406.0102105402552,78.5500845000006
3271.1855270127116,3433.916645921611,78.55223710000064
3271.1855270127116,3446.165203919492,78.55439100000058
3271.1855270127116,3424.889649099577,78.55651620000026
3271.1855270127116,3412.4913638771186,78.55863690000024
3271.1855270127116,3425.922545021187,78.56074340000032
3271.1855270127116,3450.323375264831,78.56289110000034
3271.1855270127116,3405.7318975105945,78.56502150000051
3271.1855270127116,3419.8080177436445,78.56727649999993
3271.1855270127116,3423.2716366525424,78.56955749999997
3271.1855270127116,3415.7084984110165,78.57168989999991
3271.1855270127116,3435.9051880296606,78.57505990000027
3271.1855270127116,3411.6056951800856,78.57775350000065
3271.1855270127116,3397.317670815679,78.58008289999998
3271.1855270127116,3428.144981461866,78.58222120000028
3271.1855270127116,3409.394764300848,78.58434100000068
3271.1855270127116,3401.3178350105936,78.58643930000017
3271.1855270127116,3428.6055654131364,78.58856520000063
3271.1855270127116,3401.968106461865,78.59069379999983
3271.1855270127116,3406.6535672669493,78.59281050000027
3271.1855270127116,3413.929806673729,78.59512970000014
3271.1855270127116,3429.2109282309325,78.5976754000003
3271.1855270127116,3420.160573358051,78.60138490000008
3271.1855270127116,3416.471737288135,78.60350540000036
3271.1855270127116,3416.3273556673744,78.60643789999995
3271.1855270127116,3432.481215572034,78.60909600000014
3271.1855270127116,3394.117756885593,78.61194979999982
3271.1855270127116,3425.813408368645,78.61411730000054
3271.1855270127116,3437.161731991527,78.6162729000007
3271.1855270127116,3431.366215572034,78.61850500000037
3271.1855270127116,3422.5235897775424,78.62065710000024
3271.1855270127116,3412.070672669491,78.62280569999984
3271.1855270127116,3415.249449152543,78.62520099999983
3271.1855270127116,3410.4887884004247,78.6278626000003
3271.1855270127116,3443.817730402543,78.63005770000018
3271.1855270127116,3430.6694465042374,78.63239900000008
3271.1855270127116,3409.9961003707626,78.63452550000056
3271.1855270127116,3397.2765585275424,78.63663960000031
3271.1855270127116,3434.256389036016,78.63873890000013
3271.1855270127116,3444.8941618114404,78.64085580000028
3271.1855270127116,3412.3807786016955,78.64298870000039
3271.1855270127116,3438.0427476165255,78.6451563999999
3271.1855270127116,3407.8607322563557,78.64729179999995
3271.1855270127116,3438.3108434851692,78.64938150000035
3271.1855270127116,3403.335691207626,78.65149060000022
3271.1855270127116,3414.585646186441,78.65359040000021
3271.1855270127116,3418.6023953919494,78.65569210000012
3271.1855270127116,3438.308433527543,78.65782430000036
3271.1855270127116,3442.693131620764,78.65993020000042
3271.1855270127116,3442.1898834745766,78.66208160000042
3271.1855270127116,3427.715722987289,78.66432669999995
3271.1855270127116,3411.4318193855943,78.66646589999982
3271.1855270127116,3421.1386930614417,78.66858980000052
3271.1855270127116,3419.2825105932206,78.67072000000007
3271.1855270127116,3422.332043167373,78.6728189000005
3271.1855270127116,3408.1668988347456,78.67493879999984
3271.1855270127116,3412.5938294491525,78.67714070000056
3271.1855270127116,3408.240124470339,78.67936960000043
3271.1855270127116,3417.8804634533894,78.68149059999996
3271.1855270127116,3414.2791843220352,78.68365710000035
3271.1855270127116,3449.583363347458,78.68580030000066
3271.1855270127116,3429.8264724576275,78.6879515999999
3271.1855270127116,3408.287236493643,78.69064090000029
3271.1855270127116,3430.716641949152,78.69337520000045
3271.1855270127116,3420.5675410487293,78.70876130000033
3271.1855270127116,3431.8172311970343,78.71222190000026
3271.1855270127116,3424.951427436442,78.71681919999992
3271.1855270127116,3411.0983064088987,78.72526640000069
3271.1855270127116,3431.923509004237,78.72875320000003
3271.1855270127116,3416.2017809851704,78.73204460000034
3271.1855270127116,3445.069940413135,78.73539450000044
3271.1855270127116,3412.565366790255,78.73830160000034
3271.1855270127116,3425.654569650425,78.740812
3271.1855270127116,3413.5064380296612,78.74308230000042
3271.1855270127116,3431.897788665254,78.74531990000014
3271.1855270127116,3424.0785434322042,78.76455380000061
3271.1855270127116,3438.123003177966,78.76670809999996
3271.1855270127116,3401.3997854872878,78.76884490000066
3271.1855270127116,3428.558424258476,78.77113800000006
3271.1855270127116,3425.0337023305083,78.77329850000024
3271.1855270127116,3402.458023040255,78.77545460000056
3271.1855270127116,3426.356173199153,78.77757770000062
3271.1855270127116,3434.4985460805087,78.77973819999988
3271.1855270127116,3442.7922086864414,78.78187880000041
3271.1855270127116,3421.6201403601704,78.78400390000024
3271.1855270127116,3399.453833421611,78.78712460000042
3271.1855270127116,3421.54886917373,78.79044969999995
3271.1855270127116,3420.6627158368647,78.79372200000034
3271.1855270127116,3433.977294756356,78.80343650000032
3271.1855270127116,3417.4185884533913,78.8057632
3271.1855270127116,3411.3294319385586,78.80803019999985
3271.1855270127116,3409.624032044492,78.81017020000036
3271.1855270127116,3459.142628442797,78.81269370000064
3271.1855270127116,3417.7871888241534,78.81653340000048
3271.1855270127116,3422.202522510593,78.81883160000052
3271.1855270127116,3421.730100635594,78.82110160000047
3271.1855270127116,3420.2703257415255,78.8234895000005
3271.1855270127116,3436.751438029661,78.82606620000024
3271.1855270127116,3408.6421080508476,78.82969500000036
3271.1855270127116,3434.4946861758476,78.83331309999994
3271.1855270127116,3447.104834480933,78.8564679000001
3271.1855270127116,3412.23516154661,78.86000779999995
3271.1855270127116,3425.7266009004234,78.86405930000001
3271.1855270127116,3396.6629475635586,78.87358730000051
3271.1855270127116,3442.5521941207626,78.87595460000011
3271.1855270127116,3418.549634533899,78.87841260000005
3271.1855270127116,3408.998380561441,78.88062070000069
3271.1855270127116,3408.049943061442,78.8828125
3271.1855270127116,3443.8019067796613,78.88498690000051
3271.1855270127116,3424.284429290255,78.88749989999997
3271.1855270127116,3423.1509163135606,78.88970440000048
3271.1855270127116,3414.7934454449164,78.89193440000054
3271.1855270127116,3411.677654925847,78.91243570000006
3271.1855270127116,3428.944385593221,78.91586450000068
3271.1855270127116,3414.8985632944914,78.9192051
3271.1855270127116,3438.892480137712,78.9225151999999
3271.1855270127116,3416.4124602754246,78.92544760000055
3271.1855270127116,3445.922345074153,78.92778390000058
3271.1855270127116,3420.825675317797,78.92991350000011
3271.1855270127116,3427.2193432203385,78.93205170000056
3271.1855270127116,3421.0508779131355,78.9341699000006
3271.1855270127116,3445.866843220338,78.93664780000017
3271.1855270127116,3426.38404131356,78.93877950000024
3271.1855270127116,3455.251159957628,78.94090550000055
3271.1855270127116,3421.2720087394064,78.95739150000009
3271.1855270127116,3438.9127065677976,78.95979760000046
3271.1855270127116,3457.896208951272,78.96321010000065
3271.1855270127116,3413.198298463984,78.97069640000063
3271.1855270127116,3412.690132415254,78.97627600000033
3271.1855270127116,3425.5275953389837,78.98502290000033
3271.1855270127116,3413.5631819385594,78.9971217000002
3271.1855270127116,3424.260680614408,79.00139820000004
3271.1855270127116,3410.58846398305,79.01147170000058
3271.1855270127116,3391.0231130826282,79.0541374000004
3271.1855270127116,3440.3463294491526,79.05641780000042
3271.1855270127116,3446.24340042373,79.05852099999993
3271.1855270127116,3448.544274364407,79.06063410000024
3271.1855270127116,3418.3982984639833,79.06276520000029
3271.1855270127116,3404.9551085805083,79.0648826000006
3271.1855270127116,3438.6665399894077,79.06765730000006
3271.1855270127116,3439.708969809323,79.07050960000015
3271.1855270127116,3422.6196292372883,79.07328080000025
3271.1855270127116,3416.7311440677972,79.07600550000006
3271.1855270127116,3419.401970338984,79.07866160000049
3271.1855270127116,3413.8618299788136,79.08130110000002
3271.1855270127116,3456.198886387711,79.08397839999998
3271.1855270127116,3417.5810394597465,79.09971219999989
3271.1855270127116,3432.1335765360177,79.10215980000066
3271.1855270127116,3441.8785566737292,79.10427609999988
3271.1855270127116,3436.866528072034,79.10651670000061
3271.1855270127116,3417.096480402542,79.10875490000035
3271.1855270127116,3449.109010858051,79.11095410000053
3271.1855270127116,3405.390378707628,79.11326650000046
3271.1855270127116,3416.1165320444916,79.11620820000007
3271.1855270127116,3432.0408461334764,79.12042460000066
3271.1855270127116,3445.0350873940683,79.13504130000001
3271.1855270127116,3455.6712685381362,79.13729160000003
3271.1855270127116,3445.8204051906782,79.13946670000041
3271.1855270127116,3449.258825476696,79.15475700000025
3271.1855270127116,3401.247032574152,79.1582427000003
3271.1855270127116,3409.8217664194917,79.16174130000036
3271.1855270127116,3413.326583686441,79.16453480000018
3271.1855270127116,3425.373110434323,79.16673420000006
3271.1855270127116,3430.922999205509,79.1688979999999
3271.1855270127116,3396.186795550848,79.1710563000006
3271.1855270127116,3438.564314088984,79.17316910000045
3271.1855270127116,3407.483347457627,79.17530420000003
3271.1855270127116,3419.200211864408,79.17744540000058
3271.1855270127116,3433.490067531781,79.18156929999986
3271.1855270127116,3408.9113585805094,79.18371840000054
3271.1855270127116,3422.036183792374,79.1858645000002
3271.1855270127116,3425.511692266949,79.21739070000058
3271.1855270127116,3419.968228283898,79.21981570000025
3271.1855270127116,3432.1987963453394,79.22192730000006
3271.1855270127116,3446.2554528601704,79.22405880000042
3271.1855270127116,3429.885594544492,79.22627470000043
3271.1855270127116,3407.6523490466107,79.2288010000002
3271.1855270127116,3408.6459520656786,79.2309365000001
3271.1855270127116,3449.5689737817793,79.23594200000025
3271.1855270127116,3421.7797351694926,79.23824510000031
3271.1855270127116,3425.1837354343234,79.24724359999982
3271.1855270127116,3430.438895656781,79.2513471000002
3271.1855270127116,3412.482225900424,79.25466570000026
3271.1855270127116,3430.4131210275427,79.2584566000005
3271.1855270127116,3428.741574417373,79.2672290999999
3271.1855270127116,3405.168377913136,79.26942039999994
3271.1855270127116,3429.3892505296603,79.27159819999997
3271.1855270127116,3413.61191075212,79.27445080000052
3271.1855270127116,3421.0576152012723,79.2785244000006
3271.1855270127116,3423.666382415255,79.28214770000068
3271.1855270127116,3434.2131395656793,79.28463809999994
3271.1855270127116,3404.3442266949146,79.28701210000054
3271.1855270127116,3420.7916684322036,79.28963350000049
3271.1855270127116,3432.7007997881365,79.29202900000018
3271.1855270127116,3411.029266419492,79.29431470000054
3271.1855270127116,3414.2861480402553,79.29654879999998
3271.1855270127116,3459.1093008474572,79.31823270000041
3271.1855270127116,3425.3088599046605,79.32150000000001
3271.1855270127116,3439.0110381355944,79.32520360000035
3271.1855270127116,3423.2104634533894,79.32731700000022
3271.1855270127116,3427.0478244173732,79.32943990000058
3271.1855270127116,3410.149088983051,79.33155960000022
3271.1855270127116,3420.379302171611,79.33370090000062
3271.1855270127116,3415.0198331567785,79.33583630000066
3271.1855270127116,3413.405430349576,79.33797520000007
3271.1855270127116,3429.379781514831,79.34013250000044
3271.1855270127116,3423.6124973516958,79.34225960000003
3271.1855270127116,3407.451165254238,79.3443842000006
3271.1855270127116,3418.3944862288145,79.34653320000052
3271.1855270127116,3427.641656514831,79.34868050000023
3271.1855270127116,3434.1647669491535,79.35740799999985
3271.1855270127116,3431.664336599577,79.36006350000025
3271.1855270127116,3441.866680349577,79.36218960000042
3271.1855270127116,3407.9257507944903,79.36429010000029
3271.1855270127116,3402.1090161546613,79.3664445000004
3271.1855270127116,3433.108617584746,79.36854949999997
3271.1855270127116,3424.9063175317797,79.37221469999986
3271.1855270127116,3421.3659891419493,79.37454100000014
3271.1855270127116,3412.642064353814,79.37681010000051
3271.1855270127116,3402.514858315678,79.37894460000007
3271.1855270127116,3433.7023305084745,79.38106530000005
3271.1855270127116,3422.7480534957645,79.38333409999996
3271.1855270127116,3431.4023543432213,79.38562160000038
3271.1855270127116,3421.14866128178,79.38784329999999
3271.1855270127116,3428.5787036546617,79.39113110000017
3271.1855270127116,3428.8402423199163,79.39325809999991
3271.1855270127116,3417.471905455509,79.39538810000067
3271.1855270127116,3426.6507375529663,79.39752080000017
3271.1855270127116,3417.3870524364415,79.39964320000036
3271.1855270127116,3427.6982587394077,79.40198650000002
3271.1855270127116,3431.71849443856,79.40456010000071
3271.1855270127116,3415.8574695444913,79.40680090000023
3271.1855270127116,3438.127469544492,79.40909199999987
3271.1855270127116,3441.691305614407,79.41126050000003
3271.1855270127116,3436.5918207097457,79.4133924000007
3271.1855270127116,3426.108544756357,79.4157038000003
3271.1855270127116,3411.9189618644073,79.41794110000046
3271.1855270127116,3436.5983885063556,79.42037870000058
3271.1855270127116,3425.6687274894066,79.44938660000025
3271.1855270127116,3407.8364645127112,79.45167670000046
3271.1855270127116,3416.827171610169,79.45391170000039
3271.1855270127116,3413.5585500529664,79.45636150000064
3271.1855270127116,3413.3408289194927,79.45852190000005
3271.1855270127116,3416.155741525424,79.46071610000035
3271.1855270127116,3412.528164724576,79.46292859999994
3271.1855270127116,3434.3502396716103,79.46513110000069
3271.1855270127116,3410.699691472458,79.46731720000025
3271.1855270127116,3438.700043697034,79.46952460000011
3271.1855270127116,3407.4689949682215,79.47190010000031
3271.1855270127116,3412.269683527543,79.4743570999999
3271.1855270127116,3433.141442002119,79.47649080000065
3271.1855270127116,3432.8547285487293,79.47865060000004
3271.1855270127116,3429.56649496822,79.48133659999985
3271.1855270127116,3413.8244729872886,79.48351720000028
3271.1855270127116,3450.6811043432213,79.48634750000019
3271.1855270127116,3440.2291988877128,79.48856080000041
3271.1855270127116,3438.954702065679,79.49081230000047
3271.1855270127116,3433.157833686442,79.4932744000007
3271.1855270127116,3404.975936175848,79.49820660000023
3271.1855270127116,3450.200401218221,79.50031750000016
3271.1855270127116,3451.7190135063574,79.50260359999993
3271.1855270127116,3452.37775556144,79.50485579999986
3271.1855270127116,3426.1041618114414,79.50705509999989
3271.1855270127116,3426.208554025424,79.5141564000005
3271.1855270127116,3412.148261387712,79.51637140000003
3271.1855270127116,3440.079132680086,79.51857280000058
3271.1855270127116,3436.055806408898,79.5448766999998
3271.1855270127116,3420.5909586864414,79.54764840000007
3271.1855270127116,3416.0250026483054,79.54976760000045
3271.1855270127116,3413.9929012182206,79.55190670000047
3271.1855270127116,3424.1480058262723,79.55755219999992
3271.1855270127116,3407.4336864406782,79.56107470000006
3271.1855270127116,3437.5399337923723,79.5632097000007
3271.1855270127116,3402.0945802436445,79.56532470000002
3271.1855270127116,3406.5760500529655,79.56746180000027
3271.1855270127116,3421.8674430614406,79.5695753
3271.1855270127116,3411.1546411546606,79.57168929999989
3271.1855270127116,3428.4216816737294,79.57405610000023
3271.1855270127116,3437.6902171610163,79.5796349000002
3271.1855270127116,3395.249238612288,79.5819274000005
3271.1855270127116,3411.30516684322,79.59702950000064
3271.1855270127116,3414.3511573093224,79.60095869999986
3271.1855270127116,3418.2093988347456,79.60467460000018
3271.1855270127116,3452.3989631885597,79.60730180000064
3271.1855270127116,3416.6987367584757,79.62120110000069
3271.1855270127116,3439.1395683262713,79.62485790000028
3271.1855270127116,3415.2218922139837,79.62712400000055
3271.1855270127116,3441.179631885593,79.63342960000045
3271.1855270127116,3406.8969120762704,79.63594019999982
3271.1855270127116,3416.336516154661,79.63940080000066
3271.1855270127116,3414.893581832628,79.67252740000004
3271.1855270127116,3403.66832229873,79.67711920000056
3271.1855270127116,3416.975132415255,79.7017848000005
3271.1855270127116,3428.0798411016954,79.71171140000024
3271.1855270127116,3411.438603019068,79.7161171000007
3271.1855270127116,3436.950745497883,79.71892209999987
3271.1855270127116,3419.556745233052,79.7282739000002
3271.1855270127116,3412.1639592161023,79.73125750000054
3271.1855270127116,3426.0306329449154,79.73411840000063
3271.1855270127116,3422.4057587394072,79.7417774000005
3271.1855270127116,3418.7643776483046,79.76631300000008
3271.1855270127116,3439.4372643008473,79.7684259000007
3271.1855270127116,3428.6283355402547,79.7705375000005
3271.1855270127116,3407.7887579449157,79.7726247999999
3271.1855270127116,3422.48623411017,79.77473110000028
3271.1855270127116,3440.203485169491,79.7768575
3271.1855270127116,3410.688465307202,79.7794926000006
3271.1855270127116,3408.929661016949,79.78164060000017
3271.1855270127116,3408.0193193855935,79.7838752000007
3271.1855270127116,3404.331525423729,79.78608340000028
3271.1855270127116,3417.9589261122883,79.78820410000026
3271.1855270127116,3451.8531144067792,79.79037299999982
3271.1855270127116,3416.016363877119,79.79245870000068
3271.1855270127116,3418.6837632415254,79.79512870000053
3271.1855270127116,3405.1258514300844,79.81641360000049
3271.1855270127116,3429.098575211865,79.81855309999992
3271.1855270127116,3406.5032428495756,79.82065990000046
3271.1855270127116,3404.265374735169,79.82476920000045
3271.1855270127116,3431.5474880826264,79.82751350000035
3271.1855270127116,3445.800078125001,79.82963699999982
3271.1855270127116,3401.038079978814,79.83174589999999
3271.1855270127116,3426.5458090572038,79.83384240000032
3271.1855270127116,3422.042975370763,79.83618560000014
3271.1855270127116,3435.141304290255,79.84041950000028
3271.1855270127116,3417.4993273305076,79.8437629
3271.1855270127116,3417.7358117055096,79.84714900000017
3271.1855270127116,3395.0695709745764,79.85809620000055
3271.1855270127116,3421.7295762711874,79.86035309999988
3271.1855270127116,3403.676831302967,79.86248890000024
3271.1855270127116,3419.907815148306,79.86481710000044
3271.1855270127116,3414.4363943326275,79.8670488000007
3271.1855270127116,3412.703564618644,79.869189
3271.1855270127116,3439.50667108051,79.87138090000008
3271.1855270127116,3438.4793246822046,79.8739071
3271.1855270127116,3429.663612288136,79.87622100000044
3271.1855270127116,3406.3248596398316,79.87919860000056
3271.1855270127116,3416.495544226695,79.8813467
3271.1855270127116,3408.072106726695,79.88345480000044
3271.1855270127116,3414.713121027543,79.88564760000008
3271.1855270127116,3423.8850463453396,79.88866340000004
3271.1855270127116,3440.4493961864414,79.89871279999988
3271.1855270127116,3403.4181951800842,79.90518789999987
3271.1855270127116,3438.880410487289,79.9076984000003
3271.1855270127116,3442.9197033898304,79.90984850000041
3271.1855270127116,3410.3576085805084,79.9119666000006
3271.1855270127116,3412.029058527543,79.91406520000055
3271.1855270127116,3422.7350807733064,79.91620130000047
3271.1855270127116,3428.1338400423733,79.91832299999987
3271.1855270127116,3431.06967690678,79.92123720000018
3271.1855270127116,3413.041275158899,79.92373490000045
3271.1855270127116,3414.6831673728825,79.92597430000023
3271.1855270127116,3405.341962394068,79.92890179999995
3271.1855270127116,3395.210974576271,79.93221280000034
3271.1855270127116,3444.577909163136,79.96553490000042
3271.1855270127116,3420.4289764300847,79.96877029999996
3271.1855270127116,3431.4349337923727,79.97162939999998
3271.1855270127116,3433.4395431673743,79.97517909999988
3271.1855270127116,3452.2674814618645,79.97838349999984
3271.1855270127116,3419.6413718220338,79.98118430000068
3271.1855270127116,3435.758203125,79.98338790000071
3271.1855270127116,3399.873667902542,79.98590860000058
3271.1855270127116,3426.1162420550845,79.98803680000037
3271.1855270127116,3447.4598755296615,79.99152520000007
3271.1855270127116,3441.8497563559336,79.99484470000061
3271.1855270127116,3438.4419200211873,80.02100109999992
3271.1855270127116,3407.7897033898316,80.02327810000043
3271.1855270127116,3448.8556422139836,80.02575590000015
3271.1855270127116,3393.690336334746,80.02789949999988
3271.1855270127116,3433.1821318855937,80.03078340000047
3271.1855270127116,3412.6307216631362,80.03404860000046
3271.1855270127116,3432.12918167373,80.0365683
3271.1855270127116,3445.9278125000005,80.03873050000038
3271.1855270127116,3450.834707362288,80.04086749999988
3271.1855270127116,3433.242219279661,80.04298550000021
3271.1855270127116,3420.3471980932213,80.04674380000051
3271.1855270127116,3435.8101588983054,80.04999380000027
3271.1855270127116,3427.9459427966103,80.05788050000046
3271.1855270127116,3418.0248278601694,80.06006140000045
3271.1855270127116,3415.5021755826265,80.0622715999998
3271.1855270127116,3440.4884997351696,80.0661756999998
3271.1855270127116,3453.624757680086,80.06858310000007
3271.1855270127116,3424.115713718221,80.0707581000006
3271.1855270127116,3424.1651178495767,80.07418330000019
3271.1855270127116,3416.2990267478813,80.07749880000028
3271.1855270127116,3408.0522841631364,80.08090720000018
3271.1855270127116,3415.9275966631362,80.08435160000045
3271.1855270127116,3462.5857084216104,80.0885773
3271.1855270127116,3405.205158898304,80.11649480000051
3271.1855270127116,3439.9624099576286,80.11989850000009
3271.1855270127116,3414.971676377119,80.12336500000038
3271.1855270127116,3402.3826800847464,80.1270170000007
3271.1855270127116,3418.8445299258483,80.13343110000005
3271.1855270127116,3431.8120497881364,80.13698620000014
3271.1855270127116,3430.97794226695,80.14096770000015
3271.1855270127116,3411.743118379238,80.14356250000037
3271.1855270127116,3434.8722550317807,80.14577590000044
3271.1855270127116,3419.484071769067,80.14794070000062
3271.1855270127116,3453.529935116526,80.15008790000047
3271.1855270127116,3431.3562950211867,80.1522201000007
3271.1855270127116,3423.6477436440673,80.17294820000006
3271.1855270127116,3386.1104316737287,80.1759333
3271.1855270127116,3433.818824152543,80.17877190000036
3271.1855270127116,3454.1605971927975,80.18090990000019
3271.1855270127116,3420.208305084746,80.18302350000067
3271.1855270127116,3439.4330627648314,80.18544380000003
3271.1855270127116,3438.1124867584754,80.18872780000038
3271.1855270127116,3439.93146848517,80.19202469999982
3271.1855270127116,3427.3017041843227,80.1961882000005
3271.1855270127116,3409.606600900424,80.19947469999988
3271.1855270127116,3441.890076800848,80.20282409999982
3271.1855270127116,3423.880573358051,80.21598450000056
3271.1855270127116,3400.9364155190688,80.21835270000065
3271.1855270127116,3419.8009494173725,80.22048330000052
3271.1855270127116,3419.526383739407,80.22362750000048
3271.1855270127116,3453.4991684322035,80.22579660000065
3271.1855270127116,3426.032048463984,80.22791589999997
3271.1855270127116,3413.873460010594,80.23030730000028
3271.1855270127116,3410.832779396187,80.23274540000057
3271.1855270127116,3445.1609957627124,80.23505470000055
3271.1855270127116,3406.8215691207624,80.23743449999984
3271.1855270127116,3424.7193988347462,80.23990120000053
3271.1855270127116,3421.201193061441,80.24216160000014
3271.1855270127116,3420.275335010594,80.24451250000038
3271.1855270127116,3423.270790519068,80.2488929000001
3271.1855270127116,3435.751477754237,80.25124180000057
3271.1855270127116,3438.7140439618643,80.25393890000032
3271.1855270127116,3414.968735434322,80.25621110000066
3271.1855270127116,3427.7473159427973,80.25852639999994
3271.1855270127116,3431.968883739408,80.26067049999983
3271.1855270127116,3413.560266154661,80.26297290000002
3271.1855270127116,3442.7550158898307,80.26521440000033
3271.1855270127116,3415.7868273305075,80.26795959999981
3271.1855270127116,3439.2846676377126,80.27157870000065
3271.1855270127116,3398.6960659427973,80.27388500000052
3271.1855270127116,3441.4026496292367,80.27652370000033
3271.1855270127116,3421.7155362817803,80.2799326000004
3271.1855270127116,3417.9336890889826,80.29743520000011
3271.1855270127116,3432.096056673729,80.2999561000006
3271.1855270127116,3402.4640638241517,80.3020774000006
3271.1855270127116,3412.426166578391,80.30419789999996
3271.1855270127116,3427.5036612817794,80.30635100000018
3271.1855270127116,3425.4180150953403,80.30852310000046
3271.1855270127116,3415.153579184323,80.31074510000053
3271.1855270127116,3419.4013029661023,80.31283770000027
3271.1855270127116,3433.6782865466103,80.31495590000031
3271.1855270127116,3433.219818591103,80.31788200000028
3271.1855270127116,3430.670211864406,80.3212667000007
3271.1855270127116,3423.494821239407,80.32467550000001
3271.1855270127116,3419.8997775423736,80.32794040000044
3271.1855270127116,3448.043352754238,80.33009680000032
3271.1855270127116,3434.494242584747,80.34910000000036
3271.1855270127116,3434.4260381355934,80.35148970000046
3271.1855270127116,3410.484188294492,80.35376050000013
3271.1855270127116,3438.2016194385596,80.35664750000069
3271.1855270127116,3455.690715042372,80.3595421
3271.1855270127116,3409.9105097987285,80.3628533000001
3271.1855270127116,3415.2354846398316,80.36593690000063
3271.1855270127116,3434.5227409957633,80.36805470000036
3271.1855270127116,3434.696782309322,80.37019220000002
3271.1855270127116,3411.706236758475,80.37231539999993
3271.1855270127116,3427.940103283898,80.37445320000006
3271.1855270127116,3432.783216366526,80.37658379999993
3271.1855270127116,3423.5854277012704,80.37871820000055
3271.1855270127116,3432.282470868645,80.3817708000006
3271.1855270127116,3421.82293167373,80.38425760000064
3271.1855270127116,3423.0470431673734,80.38657310000053
3271.1855270127116,3425.0826575741526,80.38872080000056
3271.1855270127116,3427.0867240466105,80.39084189999994
3271.1855270127116,3420.6874046610174,80.39296999999988
3271.1855270127116,3408.6139420021195,80.3951519000002
3271.1855270127116,3422.742987288135,80.3977147000005
3271.1855270127116,3424.544263771187,80.39988270000049
3271.1855270127116,3435.499990730933,80.40252099999998
3271.1855270127116,3441.136483050847,80.40483159999985
3271.1855270127116,3424.5918736758485,80.40709220000008
3271.1855270127116,3428.0126138771193,80.41003780000028
3271.1855270127116,3396.404341896187,80.41779190000034
3271.1855270127116,3416.3787579449154,80.42040129999987
3271.1855270127116,3393.8139896716107,80.42288540000027
3271.1855270127116,3425.8586374470333,80.42543440000009
3271.1855270127116,3416.0217333156793,80.43004269999983
3271.1855270127116,3401.4631554555094,80.43220079999992
3271.1855270127116,3413.8527621822045,80.43435700000009
3271.1855270127116,3407.733303760593,80.4364813000002
3271.1855270127116,3422.9016167902546,80.43864050000047
3271.1855270127116,3442.245108580509,80.44079099999999
3271.1855270127116,3449.3117439089,80.4433798
3271.1855270127116,3415.0687619173727,80.44642759999988
3271.1855270127116,3439.1645060911014,80.44994850000057
3271.1855270127116,3434.2240254237304,80.45265999999992
3271.1855270127116,3429.941847192797,80.45503270000063
3271.1855270127116,3449.7894081038144,80.45720059999985
3271.1855270127116,3409.4376363877122,80.45960250000007
3271.1855270127116,3420.884451800847,80.4617444000005
3271.1855270127116,3435.277296080509,80.46385980000014
3271.1855270127116,3411.692179555086,80.46598730000005
3271.1855270127116,3407.0335209216096,80.4681287000003
3271.1855270127116,3424.3140293961874,80.47022860000015
3271.1855270127116,3420.1625569385596,80.4723367000006
3271.1855270127116,3416.240586599576,80.47461230000044
3271.1855270127116,3414.5440969279666,80.47673459999987
3271.1855270127116,3427.26302568856,80.4791008000002
3271.1855270127116,3403.2107057733056,80.48216180000054
3271.1855270127116,3409.085540254237,80.49260560000039
3271.1855270127116,3414.9567028601696,80.49490550000064
3271.1855270127116,3421.0671954449163,80.49702880000041
3271.1855270127116,3432.0245338983054,80.49919990000035
3271.1855270127116,3402.5993140889827,80.50131070000043
3271.1855270127116,3404.7916353283913,80.50340740000047
3271.1855270127116,3409.1708779131363,80.50551590000032
3271.1855270127116,3426.517646980933,80.50765469999988
3271.1855270127116,3412.5765876588994,80.50978420000047
3271.1855270127116,3418.284430614406,80.5119394000003
3271.1855270127116,3431.7331686970347,80.51501890000054
3271.1855270127116,3402.8939605402547,80.51779850000003
3271.1855270127116,3418.1290320444905,80.51997140000003
3271.1855270127116,3415.888990995763,80.52254040000025
3271.1855270127116,3389.9398715572033,80.52635499999997
3271.1855270127116,3439.6433289194915,80.5286130000004
3271.1855270127116,3422.9738956567808,80.53083120000065
3271.1855270127116,3409.5394623940683,80.5330426999999
3271.1855270127116,3432.767100105933,80.53532240000004
3271.1855270127116,3412.1894226694917,80.53786760000003
3271.1855270127116,3413.64951536017,80.54004870000063
3271.1855270127116,3412.769846398306,80.54293289999987
3271.1855270127116,3435.069172404662,80.54508500000065
3271.1855270127116,3415.2817876059316,80.5472049
3271.1855270127116,3413.7689075741528,80.55125010000029
3271.1855270127116,3434.7609269067802,80.55454999999984
3271.1855270127116,3431.7860646186446,80.5568960999999
3271.1855270127116,3438.1176549258475,80.56101500000022
3271.1855270127116,3420.1722682733057,80.56438700000035
3271.1855270127116,3429.7657918432196,80.56904360000044
3271.1855270127116,3415.379543167374,80.57149590000063
3271.1855270127116,3429.831656514832,80.57367440000053
3271.1855270127116,3427.0681316207633,80.57649350000065
3271.1855270127116,3433.535534957627,80.57861990000038
3271.1855270127116,3419.423612288136,80.58077200000025
3271.1855270127116,3443.0468087923737,80.58296680000058
3271.1855270127116,3411.9042439088985,80.58885160000045
3271.1855270127116,3454.654100900424,80.59628150000026
3271.1855270127116,3458.667873411017,80.60091370000009
3271.1855270127116,3418.0911374470334,80.64065440000013
3271.1855270127116,3436.5099801377123,80.64350360000026
3271.1855270127116,3426.3847073622883,80.64602300000024
3271.1855270127116,3416.33247351695,80.64818150000065
3271.1855270127116,3415.1671133474592,80.65033800000037
3271.1855270127116,3447.4743591101715,80.65253910000047
3271.1855270127116,3441.80599973517,80.65471230000003
3271.1855270127116,3419.9654793432205,80.65709539999989
3271.1855270127116,3410.933409692796,80.65979700000025
3271.1855270127116,3415.2001218220344,80.66240600000037
3271.1855270127116,3427.8327105402545,80.66453490000004
3271.1855270127116,3435.775176112288,80.66668100000061
3271.1855270127116,3413.033836069915,80.66881300000023
3271.1855270127116,3447.3542174258478,80.67095169999993
3271.1855270127116,3431.9858898305088,80.68286770000032
3271.1855270127116,3409.8646226165265,80.68501370000013
3271.1855270127116,3475.2326575741536,80.69387319999987
3271.1855270127116,3423.2549324682213,80.69660170000043
3271.1855270127116,3412.4973967161013,80.6993295000002
3271.1855270127116,3426.0988559322022,80.70207990000017
3271.1855270127116,3415.695124470338,80.70453600000019
3271.1855270127116,3417.455425052966,80.70667540000068
3271.1855270127116,3434.56827065678,80.70915180000065
3271.1855270127116,3426.924267743645,80.71245069999986
3271.1855270127116,3402.0381594279675,80.71541470000011
3271.1855270127116,3405.9393180614397,80.7178614000004
3271.1855270127116,3417.6390055614406,80.74918270000035
3271.1855270127116,3411.948463983051,80.75187940000069
3271.1855270127116,3422.031287076271,80.75639990000036
3271.1855270127116,3445.1440929555074,80.75919220000014
3271.1855270127116,3424.7725675317797,80.76199059999999
3271.1855270127116,3435.6595948093236,80.76519999999982
3271.1855270127116,3427.339745762711,80.76826930000061
3271.1855270127116,3432.652627118645,80.77127850000034
3271.1855270127116,3414.625885858051,80.77341660000002
3271.1855270127116,3424.166673728814,80.77553750000061
3271.1855270127116,3424.3130601165267,80.77764149999985
3271.1855270127116,3404.8515730932204,80.7797915000001
3271.1855270127116,3460.646155985171,80.78505089999999
3271.1855270127116,3426.6000807733053,80.78763909999998
3271.1855270127116,3410.005962658899,80.79001770000013
3271.1855270127116,3402.9869597457628,80.79259189999993
3271.1855270127116,3406.752088188559,80.79473550000057
3271.1855270127116,3431.8194226694923,80.79684200000065
3271.1855270127116,3425.329842425848,80.79896960000042
3271.1855270127116,3407.797730402542,80.80122370000026
3271.1855270127116,3412.273832097458,80.80381649999981
3271.1855270127116,3410.323033633475,80.80601879999995
3271.1855270127116,3423.519228019068,80.8081387000002
3271.1855270127116,3421.3303005826265,80.8103415000005
3271.1855270127116,3455.707514565678,80.81252550000045
3271.1855270127116,3417.333322298729,80.81473310000001
3271.1855270127116,3418.7610381355944,80.82200620000003
3271.1855270127116,3427.4535248940692,80.82412879999993
3271.1855270127116,3433.5673543432204,80.82621329999984
3271.1855270127116,3419.5081329449163,80.82833140000002
3271.1855270127116,3414.3587420550857,80.83044410000002
3271.1855270127116,3419.7368538135597,80.83257480000066
3271.1855270127116,3403.12842690678,80.8352416000007
3271.1855270127116,3414.820357521186,80.83787240000038
3271.1855270127116,3427.3840201271196,80.84052400000019
3271.1855270127116,3426.146355932203,80.84317439999995
3271.1855270127116,3418.1798821504244,80.84587199999987
3271.1855270127116,3427.971145391951,80.8485768999999
3271.1855270127116,3413.8911546610175,80.85127360000024
3271.1855270127116,3444.3500940148306,80.8685144000001
3271.1855270127116,3435.867828389831,80.87073090000013
3271.1855270127116,3418.4163201800848,80.87294930000007
3271.1855270127116,3438.2315333686447,80.87510320000001
3271.1855270127116,3409.363992319916,80.87725150000006
3271.1855270127116,3419.6986824682213,80.8794428000001
3271.1855270127116,3444.860289989407,80.88215630000013
3271.1855270127116,3416.665773305085,80.88484990000052
3271.1855270127116,3426.4367452330516,80.8874005000007
3271.1855270127116,3416.1724192266947,80.88952830000017
3271.1855270127116,3414.3418604343233,80.891662
3271.1855270127116,3432.495391949153,80.89376549999997
3271.1855270127116,3427.782162341103,80.8959034999998
3271.1855270127116,3430.7815558792377,80.89800040000046
3271.1855270127116,3440.275847457628,80.90990349999993
3271.1855270127116,3451.264794756356,80.91212439999981
3271.1855270127116,3400.818479872881,80.91765120000036
3271.1855270127116,3418.769098252119,80.92102250000062
3271.1855270127116,3411.283163400424,80.92330410000068
3271.1855270127116,3415.6704740466093,80.92541830000027
3271.1855270127116,3408.2247854872885,80.92752430000019
3271.1855270127116,3416.282350370763,80.93009500000062
3271.1855270127116,3429.6569028072045,80.93231210000067
3271.1855270127116,3435.9320060911027,80.93454830000064
3271.1855270127116,3428.750327065679,80.93719200000032
3271.1855270127116,3446.4994253177965,80.93936459999986
3271.1855270127116,3446.8199814618647,80.9419613
3271.1855270127116,3399.9387672139833,80.9446695000006
3271.1855270127116,3424.7122854872887,80.9477450000004
3271.1855270127116,3431.8439141949157,80.94990159999998
3271.1855270127116,3434.0460076800855,80.95209530000011
3271.1855270127116,3436.34820842161,80.95423070000015
3271.1855270127116,3421.950068855933,80.95633309999994
3271.1855270127116,3425.5919094279666,80.95844130000023
3271.1855270127116,3411.6151588983053,80.96094910000011
3271.1855270127116,3422.7134176377126,80.96308700000009
3271.1855270127116,3428.1143034957627,80.96522460000051
3271.1855270127116,3430.7661771716103,80.96734060000017
3271.1855270127116,3412.2084070444917,80.96944650000023
3271.1855270127116,3445.2375331038133,80.97173079999993
3271.1855270127116,3431.1079356461873,80.97387680000065
3271.1855270127116,3422.053724841102,80.97622469999988
3271.1855270127116,3423.0429912605937,80.9783879000006
3271.1855270127116,3402.7440757415256,80.98063700000057
3271.1855270127116,3427.070810381356,80.98282449999988
3271.1855270127116,3403.5234692796607,80.98496539999996
3271.1855270127116,3418.0551549258475,80.98721680000017
3271.1855270127116,3470.243748675847,80.98936760000015
3271.1855270127116,3406.451075211864,80.99168760000066
3271.1855270127116,3408.106374470338,80.99410090000038
3271.1855270127116,3401.7240479343222,80.99620240000058
3271.1855270127116,3426.9321345338985,80.99834920000012
3271.1855270127116,3413.29141154661,81.00048770000012
3271.1855270127116,3428.929145921611,81.00261580000006
3271.1855270127116,3409.372134533899,81.00480080000034
3271.1855270127116,3425.5169001588984,81.0069151000007
3271.1855270127116,3423.3804568326277,81.00945950000005
3271.1855270127116,3438.315785222458,81.01195689999986
3271.1855270127116,3423.191955773306,81.01423390000036
3271.1855270127116,3414.7681501588986,81.01635660000011
3271.1855270127116,3418.741570444915,81.01854150000054
3271.1855270127116,3443.6890161546617,81.02066620000005
3271.1855270127116,3419.472762182203,81.02282420000029
3271.1855270127116,3427.8735090042383,81.02493370000047
3271.1855270127116,3437.0802767478817,81.02707470000041
3271.1855270127116,3413.2930760063564,81.0291971000006
3271.1855270127116,3421.7547113347455,81.03133969999999
3271.1855270127116,3417.2701046080515,81.03347500000018
3271.1855270127116,3449.2078204449153,81.03573750000032
3271.1855270127116,3405.6157229872883,81.03845200000069
3271.1855270127116,3408.601481726695,81.04098860000067
3271.1855270127116,3414.713348781779,81.04313400000046
3271.1855270127116,3428.131432733051,81.04529739999998
3271.1855270127116,3397.961637976696,81.04742729999998
3271.1855270127116,3411.851886917372,81.0495504999999
3271.1855270127116,3435.3926880296617,81.05169389999992
3271.1855270127116,3416.714887447034,81.05379380000068
3271.1855270127116,3452.073833421611,81.05598850000024
3271.1855270127116,3414.6329700741526,81.05811850000009
3271.1855270127116,3438.8358527542373,81.06022399999983
3271.1855270127116,3443.7708143538134,81.06236100000024
3271.1855270127116,3410.440025158899,81.06448150000051
3271.1855270127116,3430.4869835805084,81.06661239999994
3271.1855270127116,3421.410715042374,81.06874150000021
3271.1855270127116,3441.1006461864404,81.07090470000003
3271.1855270127116,3429.8125423728816,81.07321450000018
3271.1855270127116,3417.5597285487293,81.07551310000053
3271.1855270127116,3434.4123953919493,81.07790970000042
3271.1855270127116,3411.438701006356,81.08007009999983
3271.1855270127116,3432.10419756356,81.08230540000022
3271.1855270127116,3424.538538135594,81.08441529999982
3271.1855270127116,3440.7704065148314,81.08652710000024
3271.1855270127116,3417.5614724576276,81.08882150000045
3271.1855270127116,3404.996738612289,81.09102320000056
3271.1855270127116,3414.907006091102,81.09331380000003
3271.1855270127116,3424.523858580508,81.09543190000022
3271.1855270127116,3442.8899006885604,81.09756340000058
3271.1855270127116,3409.83637976695,81.09971730000052
3271.1855270127116,3439.064524629237,81.10532280000007
3271.1855270127116,3411.6307653601702,81.10747140000058
3271.1855270127116,3415.264038665254,81.10960030000024
3271.1855270127116,3422.827207362288,81.11209539999982
3271.1855270127116,3423.4330905720344,81.11424150000039
3271.1855270127116,3409.4704091631365,81.11635560000013
3271.1855270127116,3422.7547007415264,81.1184675000004
3271.1855270127116,3411.0544438559327,81.12099070000022
3271.1855270127116,3404.197852224576,81.12405209999997
3271.1855270127116,3393.720683262712,81.12619429999995
3271.1855270127116,3428.5512804555096,81.12831040000037
3271.1855270127116,3398.1361334745757,81.1306869
3271.1855270127116,3415.288211069916,81.13361600000007
3271.1855270127116,3418.820709745763,81.13615590000063
3271.1855270127116,3453.0734798728818,81.14052679999986
3271.1855270127116,3404.685650158899,81.14295130000028
3271.1855270127116,3410.482074947035,81.14508260000002
3271.1855270127116,3442.299510063559,81.14718540000013
3271.1855270127116,3411.1333355402544,81.14929089999987
3271.1855270127116,3453.9976231461865,81.15185810000003
3271.1855270127116,3426.7570140360176,81.15396650000002
3271.1855270127116,3429.550668697035,81.15607600000021
3271.1855270127116,3456.174961599577,81.15826379999999
3271.1855270127116,3440.6626575741534,81.16047600000002
3271.1855270127116,3428.5928800317797,81.16260190000048
3271.1855270127116,3410.4112552966108,81.16475080000055
3271.1855270127116,3444.618665254237,81.16688770000019
3271.1855270127116,3412.145006620764,81.16910150000058
3271.1855270127116,3421.9223649364403,81.1734006000006
3271.1855270127116,3412.9242240466106,81.1755204000001
3271.1855270127116,3399.2470709745767,81.17762959999982
3271.1855270127116,3411.0897563559324,81.17973220000022
3271.1855270127116,3456.589585540255,81.1818346
3271.1855270127116,3431.799454449153,81.18408790000012
3271.1855270127116,3424.4035950741536,81.18621030000031
3271.1855270127116,3423.476124205509,81.18852040000002
3271.1855270127116,3431.291003707628,81.19085580000046
3271.1855270127116,3413.512776747882,81.19301160000032
3271.1855270127116,3407.996256620763,81.19525070000054
3271.1855270127116,3418.03020259534,81.19748880000043
3271.1855270127116,3408.512102754238,81.19970250000006
3271.1855270127116,3432.4240863347463,81.2018594000001
3271.1855270127116,3417.0026893538143,81.20408800000041
3271.1855270127116,3428.437713188559,81.20629410000038
3271.1855270127116,3424.92065545551,81.2083991999998
3271.1855270127116,3452.113678495762,81.21055260000048
3271.1855270127116,3425.6106170550856,81.21265840000069
3271.1855270127116,3422.7413559322035,81.21475540000029
3271.1855270127116,3422.1626337394073,81.21688119999999
3271.1855270127116,3422.7083501059333,81.21903520000069
3271.1855270127116,3432.121240730933,81.22115010000016
3271.1855270127116,3424.7851959745776,81.2253969000003
3271.1855270127116,3417.1880918961865,81.22751490000064
3271.1855270127116,3411.84702065678,81.23003750000044
3271.1855270127116,3425.6721623411017,81.23245430000043
3271.1855270127116,3414.8257997881365,81.23459270000058
3271.1855270127116,3424.5065135063564,81.23690170000009
3271.1855270127116,3422.262864141949,81.2404045000003
3271.1855270127116,3417.734228019068,81.24375810000038
3271.1855270127116,3418.86286414195,81.24715910000032
3271.1855270127116,3415.5301522775417,81.25054580000051
3271.1855270127116,3428.2816604872883,81.25392760000068
3271.1855270127116,3403.9141869703385,81.25721450000037
3271.1855270127116,3427.1901628707624,81.26045570000042
3271.1855270127116,3446.2104435911024,81.26307439999982
3271.1855270127116,3438.647967425848,81.26640390000011
3271.1855270127116,3403.2707282838987,81.26944120000007
3271.1855270127116,3422.473507680085,81.27208090000022
3271.1855270127116,3403.43304157839,81.27419530000043
3271.1855270127116,3438.9797722457643,81.27630690000024
3271.1855270127116,3404.0650238347457,81.27948780000042
3271.1855270127116,3403.047697298729,81.28179090000049
3271.1855270127116,3417.548318326272,81.28403020000042
3271.1855270127116,3415.583681144069,81.28681219999999
3271.1855270127116,3400.071941207628,81.29246030000013
3271.1855270127116,3408.9458289194918,81.29518780000035
3271.1855270127116,3418.100459480932,81.29994280000028
3271.1855270127116,3411.6979488877114,81.30339170000025
3271.1855270127116,3411.0842796610177,81.30591770000046
3271.1855270127116,3415.1715664724584,81.31142830000044
3271.1855270127116,3426.5303111758485,81.31398510000054
3271.1855270127116,3422.5420749470345,81.31614440000067
3271.1855270127116,3413.568306408899,81.31824959999994
3271.1855270127116,3417.0615307203398,81.32038379999995
3271.1855270127116,3430.0551814088976,81.32252020000033
3271.1855270127116,3419.2118405720344,81.32476409999981
3271.1855270127116,3421.742319915255,81.32690240000011
3271.1855270127116,3416.1487592690673,81.3290192000004
3271.1855270127116,3429.215128442797,81.33112110000002
3271.1855270127116,3402.7919173728824,81.33322899999985
3271.1855270127116,3439.500193326271,81.33534750000035
3271.1855270127116,3429.6815214512726,81.33746780000001
3271.1855270127116,3412.565442266949,81.33956610000041
3271.1855270127116,3417.301317531779,81.34657800000059
3271.1855270127116,3441.089478283899,81.34990520000065
3271.1855270127116,3409.2328482521184,81.35323580000022
3271.1855270127116,3450.683846663135,81.35752610000054
3271.1855270127116,3410.454570974576,81.35988110000017
3271.1855270127116,3424.340957362289,81.3624660000005
3271.1855270127116,3420.3746054025423,81.3653073000005
3271.1855270127116,3411.768372616526,81.36771860000044
3271.1855270127116,3410.1182057733054,81.37021129999994
3271.1855270127116,3403.7712870762707,81.37245179999991
3271.1855270127116,3427.2481197033912,81.3749441
3271.1855270127116,3416.624797404662,81.37817720000021
3271.1855270127116,3419.0762129237296,81.38793540000006
3271.1855270127116,3414.2928720868645,81.39200700000038
3271.1855270127116,3438.976414194915,81.3952788000006
3271.1855270127116,3442.226733315678,81.3989644000003
3271.1855270127116,3424.1071001059317,81.40231600000061
3271.1855270127116,3424.2709772245767,81.40578310000001
3271.1855270127116,3427.242145127119,81.40903720000006
3271.1855270127116,3410.0965744173723,81.41170750000038
3271.1855270127116,3430.713908898305,81.41382040000008
3271.1855270127116,3414.924920550848,81.41593620000003
3271.1855270127116,3418.1649457097465,81.41804839999986
3271.1855270127116,3423.928125000001,81.42104520000066
3271.1855270127116,3450.25605137712,81.4231507000004
3271.1855270127116,3413.1292108050857,81.42524800000047
3271.1855270127116,3455.2398397775423,81.42737990000023
3271.1855270127116,3419.76196371822,81.42948510000042
3271.1855270127116,3429.643283898306,81.43161340000006
3271.1855270127116,3420.630681938559,81.43378970000049
3271.1855270127116,3411.138085275424,81.43594590000066
3271.1855270127116,3441.0690956038134,81.43809830000009
3271.1855270127116,3429.457709216103,81.44020650000039
3271.1855270127116,3389.942370233051,81.4423153000007
3271.1855270127116,3435.1198053495764,81.44442040000013
3271.1855270127116,3427.0778270656783,81.44685910000044
3271.1855270127116,3438.4354502118645,81.45017069999994
3271.1855270127116,3431.4353998940683,81.45775520000007
3271.1855270127116,3412.9263082627135,81.45998500000042
3271.1855270127116,3416.528381885594,81.46212050000031
3271.1855270127116,3425.917837658899,81.4642842000003
3271.1855270127116,3443.891803495763,81.46661219999987
3271.1855270127116,3433.5830799788137,81.4690055000001
3271.1855270127116,3424.7071411546613,81.47121960000004
3271.1855270127116,3429.3322285487284,81.47345680000035
3271.1855270127116,3416.822274894068,81.47563600000012
3271.1855270127116,3442.3699748411013,81.47777070000029
3271.1855270127116,3421.9219518008476,81.48008850000042
3271.1855270127116,3419.488801641948,81.4829552000001
3271.1855270127116,3444.55001059322,81.4859961000002
3271.1855270127116,3401.546682997882,81.49417320000066
3271.1855270127116,3426.707016684323,81.49634080000033
3271.1855270127116,3406.0056872351706,81.49994670000069
3271.1855270127116,3404.816990201272,81.50327270000071
3271.1855270127116,3425.0118167372893,81.50599550000061
3271.1855270127116,3454.153816207627,81.50817340000049
3271.1855270127116,3427.254684851695,81.51053440000032
3271.1855270127116,3430.430311175848,81.5132422000006
3271.1855270127116,3420.9890717690682,81.51540280000063
3271.1855270127116,3417.352472192797,81.5178593999999
3271.1855270127116,3418.312550317797,81.52002730000004
3271.1855270127116,3435.953938029662,81.5221762000001
3271.1855270127116,3433.758040254238,81.52432660000068
3271.1855270127116,3456.373095868643,81.53215009999985
3271.1855270127116,3472.649085010594,81.53430360000038
3271.1855270127116,3416.5821133474574,81.53665069999988
3271.1855270127116,3423.0511083156784,81.54065100000025
3271.1855270127116,3428.406949152542,81.54286980000052
3271.1855270127116,3411.742223252119,81.54726029999983
3271.1855270127116,3414.20545815678,81.54942590000064
3271.1855270127116,3437.546871027543,81.55158780000056
3271.1855270127116,3456.497432468221,81.55376090000027
3271.1855270127116,3421.1281541313565,81.55590290000055
3271.1855270127116,3440.654179025425,81.5585856000007
3271.1855270127116,3432.8951204978825,81.56207970000014
3271.1855270127116,3405.4266949152557,81.56489330000022
3271.1855270127116,3451.8712036546626,81.56761610000012
3271.1855270127116,3434.9555164194926,81.56982160000007
3271.1855270127116,3409.3142055084754,81.57235050000054
3271.1855270127116,3418.638433527542,81.57637720000002
3271.1855270127116,3416.6606620762723,81.57958090000011
3271.1855270127116,3425.246050052967,81.59217309999985
3271.1855270127116,3426.6542558262718,81.59717450000062
3271.1855270127116,3416.0035765360167,81.5993698000002
3271.1855270127116,3423.5693458686446,81.60337080000045
3271.1855270127116,3416.4444557733054,81.60557880000033
3271.1855270127116,3413.93256753178,81.60785459999988
3271.1855270127116,3407.8044239936435,81.60994840000058
3271.1855270127116,3413.2264446504237,81.61710740000035
3271.1855270127116,3444.053649364407,81.61924820000058
3271.1855270127116,3403.044193591102,81.62194980000004
3271.1855270127116,3399.9072735699156,81.62488209999992
3271.1855270127116,3419.996841896186,81.6276312
3271.1855270127116,3416.342113347458,81.63059599999997
3271.1855270127116,3421.3971040783904,81.63384920000044
3271.1855270127116,3419.2272417902554,81.63602960000026
3271.1855270127116,3418.0254740466103,81.63863889999993
3271.1855270127116,3427.757198093221,81.64088020000054
3271.1855270127116,3419.2511784957637,81.64301549999982
3271.1855270127116,3403.399768273305,81.64512749999994
3271.1855270127116,3435.853485169492,81.64724670000032
3271.1855270127116,3400.193698358051,81.65880879999986
3271.1855270127116,3450.0258593750004,81.66103910000038
3271.1855270127116,3432.7838095868656,81.6631965000006
3271.1855270127116,3407.0451085805084,81.66569710000022
3271.1855270127116,3447.7762182203405,81.66908980000062
3271.1855270127116,3444.4537989936443,81.67235900000014
3271.1855270127116,3420.488128972458,81.67562950000047
3271.1855270127116,3405.708765889831,81.67779400000018
3271.1855270127116,3397.110087394068,81.68006440000045
3271.1855270127116,3447.584053230932,81.68222710000009
3271.1855270127116,3432.8466962394073,81.6843286000003
3271.1855270127116,3422.7329939088986,81.68703390000064
3271.1855270127116,3426.705491260594,81.70849540000017
3271.1855270127116,3407.5717266949155,81.71243959999993
3271.1855270127116,3413.3985699152545,81.71534880000036
3271.1855270127116,3417.7029290254236,81.71799869999995
3271.1855270127116,3415.1408765889837,81.72015310000006
3271.1855270127116,3429.7897841631357,81.72231060000013
3271.1855270127116,3421.7758739406786,81.72445700000026
3271.1855270127116,3450.741242055085,81.72659320000002
3271.1855270127116,3424.7351536016954,81.7287150000002
3271.1855270127116,3429.401483050849,81.73082930000055
3271.1855270127116,3432.4838572563567,81.7329878999999
3271.1855270127116,3444.8689393538134,81.73514669999986
3271.1855270127116,3460.0576165254242,81.73729510000067
3271.1855270127116,3418.8716935911016,81.73941640000066
3271.1855270127116,3404.4239512711856,81.74624070000027
3271.1855270127116,3430.9624761652544,81.74850229999993
3271.1855270127116,3417.82125529661,81.75096060000033
3271.1855270127116,3438.889438559322,81.7530698999999
3271.1855270127116,3425.2788109110184,81.75518629999988
3271.1855270127116,3453.7837910487297,81.75732049999988
3271.1855270127116,3428.8718365995774,81.75946139999996
3271.1855270127116,3435.7230402542373,81.7615679999999
3271.1855270127116,3409.2719729872883,81.76367870000013
3271.1855270127116,3446.9738188559327,81.76593020000018
3271.1855270127116,3457.6829012182216,81.76804260000063
3271.1855270127116,3438.238698358051,81.77019410000048
3271.1855270127116,3426.8428058792374,81.77233609999985
3271.1855270127116,3416.344862288135,81.7750431000004
3271.1855270127116,3420.4348874470343,81.77805520000038
3271.1855270127116,3429.9030071504244,81.78338990000066
3271.1855270127116,3411.27053098517,81.78550590000032
3271.1855270127116,3464.0791035487287,81.78846120000071
3271.1855270127116,3422.013906250001,81.79172620000008
3271.1855270127116,3419.821347987288,81.79501859999982
3271.1855270127116,3387.9082057733053,81.79781860000003
3271.1855270127116,3405.2734467690675,81.79993280000053
3271.1855270127116,3414.2024814618644,81.80205560000013
3271.1855270127116,3398.937967425847,81.80417480000051
3271.1855270127116,3392.701489671611,81.80630560000009
3271.1855270127116,3418.077305349576,81.80840400000034
3271.1855270127116,3416.1984414724575,81.81049530000018
3271.1855270127116,3416.9103879766953,81.81297610000001
3271.1855270127116,3400.3213042902553,81.82413780000024
3271.1855270127116,3417.429996027542,81.82632840000042
3271.1855270127116,3407.8685831567805,81.82986540000002
3271.1855270127116,3427.7144120762723,81.83312010000009
3271.1855270127116,3428.621455243644,81.83651290000034
3271.1855270127116,3401.2988704978807,81.83988050000062
3271.1855270127116,3423.3674457097463,81.8420530000003
3271.1855270127116,3414.1994292902536,81.84489180000037
3271.1855270127116,3418.0669570974583,81.85216190000028
3271.1855270127116,3448.6769584216113,81.85547159999987
3271.1855270127116,3422.8285023834756,81.85765720000018
3271.1855270127116,3445.9269703389837,81.86258129999987
3271.1855270127116,3431.5640863347476,81.86481749999984
3271.1855270127116,3399.399888771187,81.86794350000037
3271.1855270127116,3406.443512976695,81.87086670000008
3271.1855270127116,3416.709098252118,81.88540420000027
3271.1855270127116,3415.8240174788143,81.88754990000052
3271.1855270127116,3412.8992770127115,81.89013090000026
3271.1855270127116,3475.2033593749998,81.89332430000013
3271.1855270127116,3437.3608275953393,81.89545570000064
3271.1855270127116,3437.526505561442,81.89764520000062
3271.1855270127116,3409.3959533898296,81.8998986000006
3271.1855270127116,3440.1400331038144,81.90219010000055
3271.1855270127116,3434.166994173729,81.90429800000038
3271.1855270127116,3442.286713453391,81.90746200000012
3271.1855270127116,3398.735434322034,81.92365289999998
3271.1855270127116,3426.0715810381357,81.92579800000021
3271.1855270127116,3417.356926641951,81.92790940000032
3271.1855270127116,3399.763070709745,81.93004240000027
3271.1855270127116,3427.2817015360174,81.9321729000003
3271.1855270127116,3444.043052171611,81.93433470000036
3271.1855270127116,3391.752996557204,81.93645259999994
3271.1855270127116,3439.0101310911027,81.93906450000031
3271.1855270127116,3408.5123344809317,81.94134420000046
3271.1855270127116,3421.36965572034,81.94353080000019
3271.1855270127116,3413.2099549788154,81.94569839999986
3271.1855270127116,3425.848326271186,81.9479437
3271.1855270127116,3417.4917597987287,81.95058109999991
3271.1855270127116,3429.7553879766947,81.9535620000006
3271.1855270127116,3427.4907388771185,81.97178990000066
3271.1855270127116,3411.6751496292372,81.97534859999996
3271.1855270127116,3421.5971133474586,81.97750210000049
3271.1855270127116,3425.9348596398304,81.9796509000007
3271.1855270127116,3423.439111493644,81.98179859999982
3271.1855270127116,3438.5803403072046,81.98391930000071
3271.1855270127116,3438.5475291313564,81.98647160000019
3271.1855270127116,3416.1076390360176,81.98876590000054
3271.1855270127116,3416.1033209745765,81.9917331000006
3271.1855270127116,3420.542137182204,81.9938916000001
3271.1855270127116,3397.3886679025422,81.99602219999997
3271.1855270127116,3398.2250317796606,81.99813119999999
3271.1855270127116,3421.5946146716096,82.0002413000002
3271.1855270127116,3410.665873940679,82.02553540000008
3271.1855270127116,3444.85317134534,82.0282156000003
3271.1855270127116,3421.458405720339,82.03090950000023
3271.1855270127116,3421.0428244173727,82.03382000000056
3271.1855270127116,3419.1842743644074,82.03677779999998
3271.1855270127116,3414.7742531779663,82.03907720000007
3271.1855270127116,3433.8753720868635,82.04128270000001
3271.1855270127116,3420.496038135593,82.04340730000058
3271.1855270127116,3406.418638771187,82.04550520000066
3271.1855270127116,3421.9014923199165,82.04782270000032
3271.1855270127116,3406.3048411016957,82.05039850000048
3271.1855270127116,3426.2654449152556,82.05253410000023
3271.1855270127116,3442.7009891419507,82.05466090000027
3271.1855270127116,3410.4738440148312,82.06633719999991
3271.1855270127116,3415.7836189088985,82.06869439999991
3271.1855270127116,3432.2744081038136,82.07097700000031
3271.1855270127116,3429.1337804555096,82.07344809999995
3271.1855270127116,3422.371014300848,82.07681200000025
3271.1855270127116,3428.676350635593,82.07899050000015
3271.1855270127116,3404.625144332627,82.08122850000018
3271.1855270127116,3448.1535090042375,82.08339350000006
3271.1855270127116,3432.0368948622886,82.08557160000055
3271.1855270127116,3440.55123940678,82.08767570000055
3271.1855270127116,3408.764168432203,82.09274450000066
3271.1855270127116,3445.8925317796616,82.09488880000026
3271.1855270127116,3425.8930839512705,82.09751750000032
3271.1855270127116,3409.6223172669493,82.10684970000057
3271.1855270127116,3410.665659427967,82.10995730000013
3271.1855270127116,3434.9626840572023,82.11247660000026
3271.1855270127116,3423.220631620764,82.11461360000067
3271.1855270127116,3410.187145127119,82.11682380000002
3271.1855270127116,3409.851472457627,82.11999830000059
3271.1855270127116,3428.1205865995767,82.12244390000069
3271.1855270127116,3434.889604078391,82.1245671000006
3271.1855270127116,3425.1413585805103,82.12691720000021
3271.1855270127116,3418.9789870233053,82.12936450000052
3271.1855270127116,3431.6582825741525,82.13244040000063
3271.1855270127116,3416.722848252119,82.13463060000049
3271.1855270127116,3443.71965042373,82.13705410000057
3271.1855270127116,3393.960863347458,82.14068550000047
3271.1855270127116,3410.2179541843225,82.14341860000059
3271.1855270127116,3421.843663930085,82.14554500000031
3271.1855270127116,3451.4732454978816,82.14776130000064
3271.1855270127116,3438.208891684322,82.15004990000034
3271.1855270127116,3400.548723516949,82.15217610000036
3271.1855270127116,3409.2254118114415,82.15427929999987
3271.1855270127116,3424.223810911017,82.1582513000003
3271.1855270127116,3412.1809017478813,82.16054190000068
3271.1855270127116,3421.563670550849,82.16266890000043
3271.1855270127116,3411.2524788135593,82.16478910000023
3271.1855270127116,3397.2178230932204,82.16702179999993
3271.1855270127116,3422.768068061441,82.16926240000066
3271.1855270127116,3428.539609375001,82.17176660000041
3271.1855270127116,3419.037950211865,82.1760019000003
3271.1855270127116,3409.509371027542,82.17824350000046
3271.1855270127116,3462.3389737817815,82.18049530000008
3271.1855270127116,3435.7149059851704,82.18272230000002
3271.1855270127116,3430.704944385593,82.18482500000027
3271.1855270127116,3416.603393802967,82.18702910000047
3271.1855270127116,3414.029680879238,82.19006960000024
3271.1855270127116,3405.3702436440685,82.19256780000069
3271.1855270127116,3420.7506276483055,82.19470760000058
3271.1855270127116,3405.6569385593225,82.19688810000025
3271.1855270127116,3424.728964512713,82.19912440000007
3271.1855270127116,3418.745544226695,82.20163420000063
3271.1855270127116,3424.682117319915,82.20416170000044
3271.1855270127116,3404.840875264831,82.20872680000048
3271.1855270127116,3416.6159904661017,82.21091710000019
3271.1855270127116,3396.267464247882,82.21462419999989
3271.1855270127116,3435.707559586864,82.22630710000067
3271.1855270127116,3432.956672404661,82.25108780000028
3271.1855270127116,3419.8804555084735,82.25379140000041
3271.1855270127116,3439.0137897245763,82.25712590000057
3271.1855270127116,3438.129430614407,82.26078210000014
3271.1855270127116,3414.3216935911023,82.26342590000058
3271.1855270127116,3434.7194412076274,82.26636010000038
3271.1855270127116,3407.2309745762705,82.26876220000031
3271.1855270127116,3411.7719597457635,82.27087930000016
3271.1855270127116,3443.081679025424,82.29913860000033
3271.1855270127116,3412.6399470338984,82.30185130000064
3271.1855270127116,3415.6201774364413,82.30452940000032
3271.1855270127116,3405.378816207627,82.30796770000052
3271.1855270127116,3423.8888506355943,82.31025810000028
3271.1855270127116,3405.8412195444917,82.31241630000022
3271.1855270127116,3445.3773781779664,82.31452150000041
3271.1855270127116,3416.338854608049,82.31662310000047
3271.1855270127116,3410.9835937500006,82.31874359999983
3271.1855270127116,3421.7549629237296,82.32085720000032
3271.1855270127116,3426.909402807204,82.32312140000067
3271.1855270127116,3409.247538400424,82.32562740000049
3271.1855270127116,3417.5644014830505,82.32794160000049
3271.1855270127116,3402.223943326271,82.33423550000043
3271.1855270127116,3421.1581753177966,82.33636000000024
3271.1855270127116,3410.6815677966106,82.33848040000066
3271.1855270127116,3412.490007944915,82.34088220000012
3271.1855270127116,3410.057108050848,82.34305780000068
3271.1855270127116,3417.3654515360163,82.34523309999986
3271.1855270127116,3412.8227145127125,82.34736080000039
3271.1855270127116,3416.624100900424,82.34947220000049
3271.1855270127116,3427.588943326272,82.35156069999994
3271.1855270127116,3427.3154939088986,82.35367810000025
3271.1855270127116,3409.277905190678,82.35576089999995
3271.1855270127116,3458.089625264831,82.35819360000005
3271.1855270127116,3442.5544796080517,82.36033740000039
3271.1855270127116,3400.7789605402545,82.36244520000037
3271.1855270127116,3412.164981461865,82.36457140000039
3271.1855270127116,3398.4236758474576,82.37402680000014
3271.1855270127116,3419.443949947033,82.37643170000047
3271.1855270127116,3453.2474417372887,82.37855070000023
3271.1855270127116,3412.9445299258473,82.3806556999998
3271.1855270127116,3397.588163400424,82.38347250000061
3271.1855270127116,3457.0155309851702,82.38565040000049
3271.1855270127116,3439.5483275953384,82.38796100000036
3271.1855270127116,3426.3221729343218,82.39092340000025
3271.1855270127116,3443.2899205508484,82.39386840000043
3271.1855270127116,3424.868414989407,82.39622430000054
3271.1855270127116,3417.091060646187,82.39859220000017
3271.1855270127116,3425.001158633475,82.40088220000052
3271.1855270127116,3432.160082097458,82.40305850000004
3271.1855270127116,3429.507285487288,82.40528260000065
3271.1855270127116,3414.2264393538135,82.41079100000024
3271.1855270127116,3422.9588281250008,82.41295059999993
3271.1855270127116,3435.3219332627104,82.41510840000046
3271.1855270127116,3416.1165095338993,82.41720470000018
3271.1855270127116,3438.1129051906787,82.41933150000023
3271.1855270127116,3440.494018802966,82.42166420000012
3271.1855270127116,3428.445801112289,82.42406440000013
3271.1855270127116,3400.6351112288135,82.42642179999984
3271.1855270127116,3415.134937764831,82.42857520000052
3271.1855270127116,3427.2496583686448,82.43070309999985
3271.1855270127116,3424.5818048199158,82.43282240000008
3271.1855270127116,3424.1514102224583,82.43505330000062
3271.1855270127116,3409.2908964512717,82.43735990000005
3271.1855270127116,3408.6183117055084,82.43998770000053
3271.1855270127116,3430.606030190678,82.44331820000025
3271.1855270127116,3411.7300648834753,82.4454564000007
3271.1855270127116,3409.344830508475,82.44767980000051
3271.1855270127116,3416.2043776483056,82.44986479999989
3271.1855270127116,3415.816954449154,82.45203320000019
3271.1855270127116,3433.3866167902556,82.45413180000014
3271.1855270127116,3425.0100701800848,82.4580777000001
3271.1855270127116,3421.351126853813,82.46034080000027
3271.1855270127116,3433.6608699682206,82.46247480000056
3271.1855270127116,3416.342582097459,82.46460670000033
3271.1855270127116,3450.0401085805092,82.46683040000062
3271.1855270127116,3420.6062791313557,82.46916620000047
3271.1855270127116,3420.378976430084,82.4713053000005
3271.1855270127116,3436.1094081038127,82.47592320000058
3271.1855270127116,3426.5955402542377,82.4781509000004
3271.1855270127116,3426.3574324682204,82.4802980000004
3271.1855270127116,3418.181427436441,82.48240830000032
3271.1855270127116,3419.8960315148306,82.48453030000019
3271.1855270127116,3409.828187235171,82.48705419999987
3271.1855270127116,3415.034115466102,82.4911718000003
3271.1855270127116,3426.201415519068,82.49348970000028
3271.1855270127116,3424.8504475635596,82.49563250000028
3271.1855270127116,3432.832367584745,82.4977512000005
3271.1855270127116,3408.1860103283902,82.49987779999992
3271.1855270127116,3424.421487023305,82.50201879999986
3271.1855270127116,3420.1171782309325,82.50423959999989
3271.1855270127116,3419.094120762712,82.50823190000028
3271.1855270127116,3417.4039565677967,82.5111966000004
3271.1855270127116,3401.3439578919492,82.51339800000005
3271.1855270127116,3408.727976694914,82.51561889999994
3271.1855270127116,3435.1287884004237,82.51813300000049
3271.1855270127116,3422.6211453919495,82.52070490000006
3271.1855270127116,3456.5316432733057,82.52294090000032
3271.1855270127116,3433.498076006356,82.52538850000019
3271.1855270127116,3397.0078469279665,82.52752810000038
3271.1855270127116,3421.4406064618643,82.52964500000053
3271.1855270127116,3416.6073808262718,82.53177120000055
3271.1855270127116,3417.6546994173727,82.5340296000004
3271.1855270127116,3417.36850503178,82.53628570000001
3271.1855270127116,3414.646040783898,82.53843700000016
3271.1855270127116,3421.5149774894066,82.54097710000042
3271.1855270127116,3415.5293564618646,82.54564149999987
3271.1855270127116,3411.85624470339,82.54774980000002
3271.1855270127116,3425.9297020656795,82.54986749999989
3271.1855270127116,3428.4004051906786,82.55222510000021
3271.1855270127116,3406.8740664724583,82.55509429999984
3271.1855270127116,3422.4609613347466,82.56012960000044
3271.1855270127116,3411.115832891948,82.56340739999996
3271.1855270127116,3424.51669226695,82.5667067000004
3271.1855270127116,3426.820659427966,82.56942020000042
3271.1855270127116,3406.261432733051,82.57155980000061
3271.1855270127116,3431.2909560381363,82.57510770000044
3271.1855270127116,3416.413854608052,82.57844149999983
3271.1855270127116,3409.1630839512723,82.5943556000002
3271.1855270127116,3431.3819531249997,82.59657500000048
3271.1855270127116,3417.7611043432203,82.59879060000003
3271.1855270127116,3418.338330243644,82.60097120000046
3271.1855270127116,3429.5007865466114,82.6030810000002
3271.1855270127116,3439.3630932203396,82.6051981999999
3271.1855270127116,3415.8090452860188,82.60759880000023
3271.1855270127116,3403.548924788135,82.60972500000025
3271.1855270127116,3401.8108567266954,82.61186600000019
3271.1855270127116,3426.774842425848,82.61399270000038
3271.1855270127116,3435.9898119703407,82.6167077
3271.1855270127116,3406.224703389831,82.61902989999999
3271.1855270127116,3420.2804899364396,82.6211475
3271.1855270127116,3434.1455773305083,82.62325810000038
3271.1855270127116,3418.5975728283893,82.62785110000004
3271.1855270127116,3425.0601880296626,82.63124450000032
3271.1855270127116,3429.706806144068,82.63407610000013
3271.1855270127116,3411.374134004237,82.63621680000051
3271.1855270127116,3419.710414459746,82.63843040000029
3271.1855270127116,3394.4882733050845,82.64072490000035
3271.1855270127116,3434.7576999470334,82.64299310000024
3271.1855270127116,3409.972427171611,82.64526360000036
3271.1855270127116,3414.4451721398323,82.64818130000003
3271.1855270127116,3405.946377118644,82.65030509999997
3271.1855270127116,3411.5359136652546,82.65244750000056
3271.1855270127116,3420.926836599576,82.6545487000003
3271.1855270127116,3419.5469703389836,82.65690580000046
3271.1855270127116,3412.665109904662,82.65907779999998
3271.1855270127116,3410.42801509534,82.66117430000031
3271.1855270127116,3431.2935275423733,82.66332670000065
3271.1855270127116,3396.0992650953394,82.66551470000013
3271.1855270127116,3443.1547073622883,82.66842090000046
3271.1855270127116,3428.106394332627,82.6705765000006
3271.1855270127116,3421.473107786017,82.6726692000002
3271.1855270127116,3398.612145127119,82.67477270000018
3271.1855270127116,3410.462123940679,82.6769291999999
3271.1855270127116,3470.6136069915256,82.67904540000018
3271.1855270127116,3411.2058090572045,82.68115880000005
3271.1855270127116,3418.1521954449163,82.68327099999988
3271.1855270127116,3421.7806011652547,82.68542160000015
3271.1855270127116,3404.5254502118655,82.6879472999999
3271.1855270127116,3402.01827595339,82.6900856000002
3271.1855270127116,3435.4267597987305,82.69220219999988
3271.1855270127116,3413.71244306144,82.69430050000028
3271.1855270127116,3411.6106991525435,82.69640570000047
3271.1855270127116,3428.9424761652554,82.69920880000063
3271.1855270127116,3394.596207627118,82.70260790000066
3271.1855270127116,3425.959078389831,82.70522560000063
3271.1855270127116,3399.8649854343216,82.70811800000047
3271.1855270127116,3435.9846835275425,82.71023190000051
3271.1855270127116,3419.0318710275437,82.7123160000001
3271.1855270127116,3446.967984639831,82.71441630000027
3271.1855270127116,3424.529185646187,82.71652360000007
3271.1855270127116,3412.2273331567794,82.7193068000006
3271.1855270127116,3410.942195444915,82.72270600000047
3271.1855270127116,3431.210221133475,82.72592440000062
3271.1855270127116,3413.358311705509,82.72813180000048
3271.1855270127116,3431.797084216102,82.73026840000057
3271.1855270127116,3436.2273768538143,82.73239199999989
3271.1855270127116,3423.5715717690687,82.7345189000007
3271.1855270127116,3420.1334308792375,82.73826689999987
3271.1855270127116,3430.3329859639844,82.74774320000051
3271.1855270127116,3421.4468061440684,82.75067430000036
3271.1855270127116,3417.5554515360172,82.75303110000004
3271.1855270127116,3429.096230137712,82.75539900000058
3271.1855270127116,3416.338358050847,82.75770180000018
3271.1855270127116,3438.9070087394066,82.7598379000001
3271.1855270127116,3420.7009719279667,82.76200659999995
3271.1855270127116,3415.854070444916,82.76412909999999
3271.1855270127116,3424.5285805084745,82.76660460000039
3271.1855270127116,3398.952591366526,82.76914440000019
3271.1855270127116,3416.592816472458,82.77125260000048
3271.1855270127116,3427.3847298728833,82.7733446000002
3271.1855270127116,3437.2345100635594,82.7754214000006
3271.1855270127116,3428.873956567797,82.77905830000054
3271.1855270127116,3406.675545550848,82.78139520000059
3271.1855270127116,3411.7895815677966,82.78366170000027
3271.1855270127116,3411.3402608580514,82.78604140000061
3271.1855270127116,3442.176659163135,82.78943650000019
3271.1855270127116,3411.4621967690687,82.79283600000053
3271.1855270127116,3427.374092955509,82.79612940000061
3271.1855270127116,3415.968310381356,82.79867130000002
3271.1855270127116,3398.8344610699146,82.80203419999998
3271.1855270127116,3427.942646980933,82.80531960000008
3271.1855270127116,3438.920439618645,82.80779640000037
3271.1855270127116,3407.1798940677972,82.8193252000001
3271.1855270127116,3429.258207097458,82.82273549999991
3271.1855270127116,3433.602959480933,82.8252607000004
3271.1855270127116,3435.9599814618655,82.82760670000062
3271.1855270127116,3404.731302966102,82.82977819999996
3271.1855270127116,3399.589573622882,82.83188980000068
3271.1855270127116,3410.569557733051,82.83398960000068
3271.1855270127116,3405.39349973517,82.83617870000035
3271.1855270127116,3432.561839247882,82.83899040000051
3271.1855270127116,3391.4126257944918,82.84108180000021
3271.1855270127116,3403.814725900424,82.8432042000004
3271.1855270127116,3415.1619478283897,82.8453341000004
3271.1855270127116,3424.7843697033904,82.84869560000061
3271.1855270127116,3422.744315413135,82.85172930000044
3271.1855270127116,3413.05317664195,82.85396990000027
3271.1855270127116,3428.78356197034,82.85610980000001
3271.1855270127116,3431.234054555086,82.8582079000007
3271.1855270127116,3419.515508474576,82.86030720000053
3271.1855270127116,3464.357666843221,82.86240820000057
3271.1855270127116,3416.5665850105934,82.86452559999998
3271.1855270127116,3428.2457918432215,82.86680660000002
3271.1855270127116,3414.2475013241524,82.86902460000056
3271.1855270127116,3405.4229356461874,82.8711430000003
3271.1855270127116,3437.7894160487285,82.87325240000064
3271.1855270127116,3402.3110527012714,82.87536970000019
3271.1855270127116,3416.0626602224584,82.8883020000003
3271.1855270127116,3404.5092611228815,82.89041890000044
3271.1855270127116,3441.620946769068,82.89256560000013
3271.1855270127116,3423.388637447035,82.89469000000008
3271.1855270127116,3401.105297934322,82.89717199999996
3271.1855270127116,3424.488303760593,82.89966430000004
3271.1855270127116,3423.194551112289,82.90178960000048
3271.1855270127116,3431.3416777012717,82.90389409999989
3271.1855270127116,3430.931672404661,82.90600160000031
3271.1855270127116,3422.9523424258487,82.90886790000059
3271.1855270127116,3443.1300860699157,82.91106709999985
3271.1855270127116,3411.9608885063562,82.91317299999992
3271.1855270127116,3409.1001059322034,82.91529480000008
3271.1855270127116,3409.548377913136,82.91795280000042
3271.1855270127116,3410.0846146716112,82.92023390000031
3271.1855270127116,3432.905920286017,82.92234890000054
3271.1855270127116,3406.9962738347454,82.92444280000018
3271.1855270127116,3422.9637063029672,82.92662460000065
3271.1855270127116,3435.0113519597453,82.92880920000061
3271.1855270127116,3441.5383050847468,82.93108980000034
3271.1855270127116,3400.6173252118647,82.93333510000048
3271.1855270127116,3408.3654833156784,82.93557930000043
3271.1855270127116,3430.9434811970355,82.93772700000045
3271.1855270127116,3423.0658990995767,82.93986159999986
3271.1855270127116,3421.5228072033897,82.94196360000024
3271.1855270127116,3421.1867995233047,82.94408269999985
3271.1855270127116,3409.211627383476,82.94619070000044
3271.1855270127116,3409.1822033898316,82.94832159999987
3271.1855270127116,3431.2189194915263,82.95046490000004
3271.1855270127116,3433.1853429555094,82.95341860000008
3271.1855270127116,3409.415238347457,82.95607110000037
3271.1855270127116,3427.7288969809324,82.95847920000051
3271.1855270127116,3434.5378442796623,82.96065180000005
3271.1855270127116,3410.6574867584745,82.96276570000009
3271.1855270127116,3420.937878707628,82.96937820000039
3271.1855270127116,3422.464042637711,82.97153090000029
3271.1855270127116,3421.975813029662,82.97508210000069
3271.1855270127116,3400.2100450211865,82.97849219999989
3271.1855270127116,3407.1809811970343,82.98192600000039
3271.1855270127116,3457.204887447035,82.98531240000011
3271.1855270127116,3420.1893670550853,82.98841240000002
3271.1855270127116,3414.3219928495764,82.99079140000049
3271.1855270127116,3430.7850900423728,82.9930817000004
3271.1855270127116,3430.849613347459,82.99533510000037
3271.1855270127116,3426.479465042373,82.99796470000001
3271.1855270127116,3434.919786811441,83.00025430000005
3271.1855270127116,3447.1491710805094,83.0024669000004
3271.1855270127116,3438.2228879766953,83.00473300000067
3271.1855270127116,3394.4951218220335,83.00782479999998
3271.1855270127116,3420.3791538665264,83.0112595999999
3271.1855270127116,3423.882451006356,83.0146764000001
3271.1855270127116,3443.93073887712,83.01721580000049
3271.1855270127116,3446.0000648834753,83.02005530000042
3271.1855270127116,3427.1679780190684,83.02219280000008
3271.1855270127116,3426.7056250000005,83.02435220000007
3271.1855270127116,3429.3813347457626,83.02646249999998
3271.1855270127116,3445.2585527012716,83.02874729999985
3271.1855270127116,3437.2982971398314,83.0311270000002
3271.1855270127116,3449.809915254238,83.03780869999991
3271.1855270127116,3405.0475410487293,83.04081880000012
3271.1855270127116,3404.5570153601707,83.04320090000056
3271.1855270127116,3398.5957150423724,83.04540950000046
3271.1855270127116,3470.70442134534,83.05642690000059
3271.1855270127116,3422.902167637713,83.0598514000003
3271.1855270127116,3397.662662870763,83.06217190000007
3271.1855270127116,3427.053793697034,83.06505389999984
3271.1855270127116,3412.77287473517,83.06803420000051
3271.1855270127116,3419.3448556673734,83.07017110000015
3271.1855270127116,3406.256563824152,83.07233009999982
3271.1855270127116,3438.46915651483,83.07528360000015
3271.1855270127116,3444.5481726694925,83.07784559999982
3271.1855270127116,3398.7388943326264,83.08040250000067
3271.1855270127116,3416.9269862288143,83.0825091000006
3271.1855270127116,3422.1775145656784,83.08463519999987
3271.1855270127116,3452.9398702330514,83.08675560000029
3271.1855270127116,3427.5602065677976,83.09915960000035
3271.1855270127116,3413.2170444915255,83.10257230000025
3271.1855270127116,3423.9992823093226,83.10496890000013
3271.1855270127116,3416.6195511122883,83.10734219999995
3271.1855270127116,3418.9780654131364,83.10960070000056
3271.1855270127116,3431.4239645127113,83.11170560000028
3271.1855270127116,3409.8912049788128,83.11382839999987
3271.1855270127116,3423.0736480402543,83.11596790000021
3271.1855270127116,3448.280648834747,83.11809429999994
3271.1855270127116,3434.694752383475,83.12019520000013
3271.1855270127116,3403.660989141948,83.12228480000067
3271.1855270127116,3405.6535063559336,83.12436179999986
3271.1855270127116,3428.6448834745765,83.12646039999981
3271.1855270127116,3420.74827065678,83.12909040000068
3271.1855270127116,3420.122894597459,83.15007710000009
3271.1855270127116,3414.4836215572045,83.1521814000007
3271.1855270127116,3420.490123146187,83.15433250000024
3271.1855270127116,3423.818540783899,83.15644659999998
3271.1855270127116,3409.6248728813553,83.15858110000045
3271.1855270127116,3418.0600039724573,83.16070810000019
3271.1855270127116,3426.7175278072036,83.16282850000061
3271.1855270127116,3430.5413930084756,83.16492449999987
3271.1855270127116,3422.822966101696,83.16703409999991
3271.1855270127116,3423.885176112288,83.16994350000004
3271.1855270127116,3425.0023609639843,83.17208310000024
3271.1855270127116,3427.1485460805084,83.17419550000068
3271.1855270127116,3411.6563479872893,83.17631210000036
3271.1855270127116,3428.2241882944923,83.17844080000032
3271.1855270127116,3434.1088479872883,83.19623480000064
3271.1855270127116,3416.8964367055096,83.19962010000017
3271.1855270127116,3427.206704184323,83.2034349000005
3271.1855270127116,3413.2655654131363,83.20817460000035
3271.1855270127116,3414.0286467161004,83.21043689999988
3271.1855270127116,3459.9143630826266,83.21262040000056
3271.1855270127116,3418.610773305085,83.21486430000004
3271.1855270127116,3457.623224311441,83.21709079999982
3271.1855270127116,3413.023948622882,83.21987830000035
3271.1855270127116,3430.3287897245773,83.22199249999994
3271.1855270127116,3457.1496040783895,83.22411120000015
3271.1855270127116,3422.588340836866,83.22621919999983
3271.1855270127116,3454.8507031250006,83.22916390000046
3271.1855270127116,3462.5572272245763,83.23134560000017
3271.1855270127116,3415.1745312500007,83.23349640000015
3271.1855270127116,3403.4556686970345,83.23557320000054
3271.1855270127116,3436.934943061441,83.23775960000057
3271.1855270127116,3404.815572033899,83.24011640000026
3271.1855270127116,3421.900826271186,83.24227120000069
3271.1855270127116,3411.387178230932,83.24444159999985
3271.1855270127116,3403.099237288137,83.24659740000061
3271.1855270127116,3414.041897510594,83.24943010000061
3271.1855270127116,3409.288433527543,83.25163430000066
3271.1855270127116,3425.896297669492,83.25373170000057
3271.1855270127116,3418.71780190678,83.25600850000046
3271.1855270127116,3440.465606461864,83.25861050000003
3271.1855270127116,3429.0309136652554,83.2611281999998
3271.1855270127116,3401.4344518008484,83.26321300000018
3271.1855270127116,3417.1054316737286,83.26532270000007
3271.1855270127116,3414.066465836865,83.26745710000068
3271.1855270127116,3407.371130826272,83.27051070000016
3271.1855270127116,3407.058432203389,83.27280090000022
3271.1855270127116,3437.3137500000007,83.27505389999988
3271.1855270127116,3407.503025688559,83.27721110000039
3271.1855270127116,3414.192318591102,83.27929510000013
3271.1855270127116,3406.2769862288133,83.28142149999985
3271.1855270127116,3427.4972695974575,83.28353599999991
3271.1855270127116,3454.2669451800857,83.28563320000012
3271.1855270127116,3416.693253442796,83.28776259999995
3271.1855270127116,3416.86084348517,83.29041480000069
3271.1855270127116,3453.6051443326273,83.29253510000035
3271.1855270127116,3425.5278720868646,83.29462349999994
3271.1855270127116,3420.4809772245753,83.29675940000016
3271.1855270127116,3410.43131223517,83.29889960000037
3271.1855270127116,3426.102664194914,83.30192700000043
3271.1855270127116,3422.67785884534,83.3053243000004
3271.1855270127116,3420.0235805084744,83.30805490000057
3271.1855270127116,3413.2560010593234,83.31103359999997
3271.1855270127116,3413.2949655720345,83.31606980000015
3271.1855270127116,3434.6178509004244,83.31889779999983
3271.1855270127116,3446.599687500001,83.3210312000001
3271.1855270127116,3419.484398834746,83.32331250000061
3271.1855270127116,3411.4505654131362,83.32567180000024
3271.1855270127116,3413.255308527543,83.32798530000036
3271.1855270127116,3443.6149258474575,83.33087479999995
3271.1855270127116,3401.414329978813,83.33301860000029
3271.1855270127116,3417.0630296610184,83.33513149999999
3271.1855270127116,3432.670173463983,83.33722790000047
3271.1855270127116,3416.4159970868654,83.3503137000007
3271.1855270127116,3407.8856024894067,83.35360700000001
3271.1855270127116,3404.7543524894077,83.3568651000005
3271.1855270127116,3417.512501324153,83.3601294
3271.1855270127116,3412.9112142478816,83.36333160000049
3271.1855270127116,3414.925530985169,83.36596090000057
3271.1855270127116,3447.883757944916,83.36819550000018
3271.1855270127116,3437.922462923729,83.37046340000052
3271.1855270127116,3418.369210805085,83.37258699999984
3271.1855270127116,3455.9675370762707,83.37468950000039
3271.1855270127116,3428.5687208686445,83.37679440000011
3271.1855270127116,3438.8937208686457,83.37892370000009
3271.1855270127116,3410.7914684851703,83.38161720000062
3271.1855270127116,3434.69555217161,83.38496709999981
3271.1855270127116,3460.8698490466113,83.38733520000005
3271.1855270127116,3421.942793961866,83.39020990000063
3271.1855270127116,3438.9189605402544,83.39232609999999
3271.1855270127116,3438.17662473517,83.39441840000018
3271.1855270127116,3447.4865015889827,83.39652879999994
3271.1855270127116,3402.3082547669496,83.39862650000032
3271.1855270127116,3431.6821014300854,83.40073720000055
3271.1855270127116,3434.2614962923735,83.402873
3271.1855270127116,3434.060427701272,83.40499100000034
3271.1855270127116,3418.0027913135596,83.40712350000013
3271.1855270127116,3439.738961864407,83.41005720000067
3271.1855270127116,3414.330211864407,83.41239039999982
3271.1855270127116,3414.5061692266945,83.4146294000002
3271.1855270127116,3404.0205084745767,83.41689480000059
3271.1855270127116,3409.5071875000003,83.41975390000061
3271.1855270127116,3452.3623914194923,83.42210580000028
3271.1855270127116,3400.762158368644,83.42425040000035
3271.1855270127116,3433.538998940679,83.42637700000068
3271.1855270127116,3421.767511917374,83.42869100000007
3271.1855270127116,3416.2576588983047,83.43124100000023
3271.1855270127116,3451.5427105402546,83.4333400000005
3271.1855270127116,3449.5740479343217,83.43545859999995
3271.1855270127116,3428.020740201271,83.43758200000048
3271.1855270127116,3424.1922444385605,83.43973820000065
3271.1855270127116,3439.7465916313568,83.44187719999991
3271.1855270127116,3418.1069716631364,83.44399330000033
3271.1855270127116,3423.6930309851696,83.44612400000005
3271.1855270127116,3407.865713718221,83.4482364000005
3271.1855270127116,3437.4449218750015,83.45044959999996
3271.1855270127116,3418.177854872881,83.4538491000003
3271.1855270127116,3448.602266949152,83.45665910000025
3271.1855270127116,3427.3866114936454,83.45877360000031
3271.1855270127116,3449.9185288665253,83.4608804999998
3271.1855270127116,3438.9261056673727,83.46299309999995
3271.1855270127116,3425.376841896187,83.46509610000066
3271.1855270127116,3409.006334745763,83.46719040000062
3271.1855270127116,3448.1586970338985,83.46932560000005
3271.1855270127116,3417.533873146188,83.4721296000007
3271.1855270127116,3425.4208964512723,83.47554709999986
3271.1855270127116,3418.3421848516955,83.47876869999982
3271.1855270127116,3426.9656898834746,83.48090020000018
3271.1855270127116,3408.6623622881343,83.48302200000035
3271.1855270127116,3421.4742942266957,83.48514720000003
3271.1855270127116,3415.0851814088983,83.48726570000053
3271.1855270127116,3422.0271199682206,83.48964530000012
3271.1855270127116,3439.271318855932,83.49183129999983
3271.1855270127116,3460.5450900423725,83.49397210000006
3271.1855270127116,3421.0064128707627,83.49610269999994
3271.1855270127116,3412.8656091101698,83.49821640000027
3271.1855270127116,3424.9511639300854,83.50030740000057
3271.1855270127116,3424.0152409957636,83.50242880000042
3271.1855270127116,3422.332592690678,83.50454750000063
3271.1855270127116,3434.5439618644077,83.50666069999988
3271.1855270127116,3438.734589512713,83.50884750000023
3271.1855270127116,3413.703520921611,83.51140160000068
3271.1855270127116,3416.595590572034,83.51482590000069
3271.1855270127116,3428.5912831038127,83.51789199999985
3271.1855270127116,3423.7946451271205,83.52015130000018
3271.1855270127116,3426.442232521187,83.53836870000032
3271.1855270127116,3415.8591525423744,83.54050970000026
3271.1855270127116,3457.7640227754227,83.54265320000013
3271.1855270127116,3443.977692002119,83.54475040000034
3271.1855270127116,3418.9537725105934,83.54688030000034
3271.1855270127116,3428.1100516419497,83.54926270000033
3271.1855270127116,3438.38342161017,83.5519290000002
3271.1855270127116,3427.683551377119,83.5540488000006
3271.1855270127116,3402.7698847987285,83.55614260000038
3271.1855270127116,3437.892617849576,83.55826900000011
3271.1855270127116,3412.497190148305,83.56036399999994
3271.1855270127116,3425.453581832627,83.56247970000004
3271.1855270127116,3415.278454713983,83.56486529999984
3271.1855270127116,3417.010936175848,83.56704179999997
3271.1855270127116,3458.851833951272,83.56929260000015
3271.1855270127116,3409.0352171610184,83.57227260000036
3271.1855270127116,3434.561014300848,83.57447020000018
3271.1855270127116,3427.1034269067804,83.57660260000011
3271.1855270127116,3428.864079713982,83.57903030000034
3271.1855270127116,3440.579384269068,83.58143530000052
3271.1855270127116,3424.5753588453395,83.5847788000001
3271.1855270127116,3425.825568061442,83.58722949999992
3271.1855270127116,3431.8192213983057,83.59020779999992
3271.1855270127116,3425.12395789195,83.59283440000036
3271.1855270127116,3417.91919756356,83.59631630000058
3271.1855270127116,3427.761863082628,83.59858440000062
3271.1855270127116,3412.659116790255,83.60193640000034
3271.1855270127116,3420.4370034427975,83.60452239999995
3271.1855270127116,3416.7098993644067,83.60774200000014
3271.1855270127116,3419.703670550848,83.61045000000013
3271.1855270127116,3407.5135593220343,83.61375660000067
3271.1855270127116,3406.104287605932,83.61663230000067
3271.1855270127116,3418.8537513241527,83.61916810000002
3271.1855270127116,3450.993674523306,83.62200930000017
3271.1855270127116,3424.567112023306,83.62429179999981
3271.1855270127116,3442.623681144069,83.62654500000008
3271.1855270127116,3431.534533898305,83.62880360000054
3271.1855270127116,3439.942601959746,83.63123300000007
3271.1855270127116,3413.7494835805073,83.63353199999983
3271.1855270127116,3429.916634004237,83.63584119999996
3271.1855270127116,3408.4993723516945,83.63823000000048
3271.1855270127116,3403.1288983050845,83.6403820000005
3271.1855270127116,3438.459690148306,83.64252020000004
3271.1855270127116,3405.306615466102,83.64483360000031
3271.1855270127116,3400.4135818326267,83.6471074000001
3271.1855270127116,3418.726204978814,83.64970340000036
3271.1855270127116,3413.203601694916,83.65282650000063
3271.1855270127116,3417.064560381357,83.65539619999981
3271.1855270127116,3421.599837129237,83.65903489999982
3271.1855270127116,3405.914405455509,83.66117800000029
3271.1855270127116,3427.3276483050854,83.6632754000002
3271.1855270127116,3438.7467995233046,83.66536300000007
3271.1855270127116,3421.4919107521187,83.66765050000049
3271.1855270127116,3428.239845074154,83.67034810000041
3271.1855270127116,3456.2983977754243,83.67433530000017
3271.1855270127116,3407.3847033898305,83.67659360000016
3271.1855270127116,3424.8279157838983,83.67892910000046
3271.1855270127116,3441.052067002119,83.68229270000029
3271.1855270127116,3430.3580283368647,83.6851200000001
3271.1855270127116,3441.1428707627124,83.68721749999986
3271.1855270127116,3426.996334745763,83.68958350000048
3271.1855270127116,3412.712065677965,83.69167000000016
3271.1855270127116,3444.022402012713,83.6937624000002
3271.1855270127116,3441.9950092690688,83.69594330000018
3271.1855270127116,3420.2102317266963,83.69822120000026
3271.1855270127116,3406.5829965572043,83.7003795999999
3271.1855270127116,3426.1223781779668,83.70250380000016
3271.1855270127116,3390.253373940678,83.7060349000003
3271.1855270127116,3418.112555614407,83.70842830000038
3271.1855270127116,3425.7527436440682,83.71115220000047
3271.1855270127116,3429.6507613877134,83.71342989999994
3271.1855270127116,3404.905579978814,83.71568180000031
3271.1855270127116,3426.717849576271,83.71783589999995
3271.1855270127116,3420.134197563561,83.71996050000052
3271.1855270127116,3418.21146318856,83.72205759999997
3271.1855270127116,3400.749384269068,83.72416760000033
3271.1855270127116,3414.5682772775435,83.72626330000003
3271.1855270127116,3422.5721146716105,83.7283666000003
3271.1855270127116,3421.037485434322,83.73047450000013
3271.1855270127116,3405.476181144068,83.73259610000059
3271.1855270127116,3418.199304819916,83.73470550000002
3271.1855270127116,3411.5048702330514,83.73679300000003
3271.1855270127116,3433.2850741525426,83.73893360000056
3271.1855270127116,3423.267911811441,83.74103830000058
3271.1855270127116,3418.872358315679,83.74424890000046
3271.1855270127116,3409.7214155190677,83.74765370000023
3271.1855270127116,3494.5276999470343,83.75039650000053
3271.1855270127116,3407.667625794491,83.75252189999992
3271.1855270127116,3420.690181408899,83.75459950000004
3271.1855270127116,3421.6586228813567,83.7566938
3271.1855270127116,3398.4642743644076,83.75880710000001
3271.1855270127116,3425.515973252119,83.76093050000054
3271.1855270127116,3414.974302171611,83.76306990000012
3271.1855270127116,3425.9767756885603,83.76516290000018
3271.1855270127116,3411.0502992584757,83.76726240000062
3271.1855270127116,3414.357068326272,83.76936230000047
3271.1855270127116,3427.112482786018,83.7714974999999
3271.1855270127116,3430.2300172139835,83.77361540000038
3271.1855270127116,3411.9922788665262,83.77570999999989
3271.1855270127116,3403.437501324151,83.77781690000029
3271.1855270127116,3403.2931753177963,83.78027930000007
3271.1855270127116,3442.890335010593,83.78282560000025
3271.1855270127116,3432.968454713983,83.78494349999983
3271.1855270127116,3420.468073358051,83.7870567
3271.1855270127116,3404.926484375,83.78915490000054
3271.1855270127116,3440.7603681144074,83.79129360000024
3271.1855270127116,3450.9035301906774,83.79342859999997
3271.1855270127116,3404.464813294492,83.79552270000022
3271.1855270127116,3417.477339777542,83.79764470000009
3271.1855270127116,3444.9878866525423,83.7997705000007
3271.1855270127116,3417.3287420550855,83.8019161000002
3271.1855270127116,3421.687955508475,83.80402959999992
3271.1855270127116,3439.306235434323,83.80613480000011
3271.1855270127116,3421.3230402542376,83.8082471000007
3271.1855270127116,3428.7294001588994,83.81087970000044
3271.1855270127116,3410.257427171611,83.81442020000031
3271.1855270127116,3415.144344544491,83.81674209999983
3271.1855270127116,3422.9835619703395,83.81899410000005
3271.1855270127116,3414.7543273305087,83.8214093000006
3271.1855270127116,3425.2457190148316,83.82362689999991
3271.1855270127116,3420.1014062499994,83.8258080000005
3271.1855270127116,3429.4860090042375,83.82831299999998
3271.1855270127116,3399.8191604872877,83.8309650000001
3271.1855270127116,3441.0661467161017,83.83396020000055
3271.1855270127116,3458.0003866525426,83.83624000000054
3271.1855270127116,3415.9380468750005,83.83847060000062
3271.1855270127116,3433.7865227754237,83.84069530000033
3271.1855270127116,3420.338610963984,83.84283190000042
3271.1855270127116,3419.4099086334754,83.84494619999987
3271.1855270127116,3418.046758474577,83.84704479999982
3271.1855270127116,3422.350079449153,83.84918370000014
3271.1855270127116,3445.011734639831,83.85240210000029
3271.1855270127116,3411.7829899364397,83.85509060000004
3271.1855270127116,3440.9583222987294,83.85757720000038
3271.1855270127116,3408.3290042372882,83.85970260000067
3271.1855270127116,3398.0120286016945,83.86275860000023
3271.1855270127116,3444.5344782838993,83.86516200000005
3271.1855270127116,3415.6595908368654,83.86742680000043
3271.1855270127116,3455.406836599577,83.86976400000003
3271.1855270127116,3429.5326257944926,83.87192659999982
3271.1855270127116,3423.0200993114404,83.87403180000001
3271.1855270127116,3453.351243379239,83.87611340000058
3271.1855270127116,3435.6786784957617,83.87822640000013
3271.1855270127116,3419.3899377648313,83.88035089999994
3271.1855270127116,3427.7915664724583,83.8830194000002
3271.1855270127116,3403.9026536016954,83.88528200000019
3271.1855270127116,3446.3102158368647,83.88755519999995
3271.1855270127116,3449.977407309323,83.8898377000005
3271.1855270127116,3449.3825754766954,83.89269730000069
3271.1855270127116,3425.50866128178,83.89481250000063
3271.1855270127116,3423.5911440677974,83.89692700000069
3271.1855270127116,3445.5490240995764,83.89902230000007
3271.1855270127116,3436.103727489407,83.90110689999983
3271.1855270127116,3413.215758739406,83.90325740000026
3271.1855270127116,3434.724245233052,83.90535020000061
3271.1855270127116,3427.6428495762716,83.90748280000025
3271.1855270127116,3412.121121557204,83.90962450000006
3271.1855270127116,3407.897780720339,83.9126881000002
3271.1855270127116,3425.8225542902546,83.91483760000028
3271.1855270127116,3407.59224443856,83.91937310000048
3271.1855270127116,3413.4469359110176,83.92164830000002
3271.1855270127116,3435.9865267478826,83.92394349999995
3271.1855270127116,3427.4321530720354,83.9260862000001
3271.1855270127116,3439.4237063029677,83.92833090000022
3271.1855270127116,3414.954717955508,83.93093620000036
3271.1855270127116,3419.389506091102,83.93381920000047
3271.1855270127116,3428.4044054555093,83.93719650000003
3271.1855270127116,3470.936292372882,83.93953890000012
3271.1855270127116,3418.461208951271,83.942857
3271.1855270127116,3421.2579515360176,83.94626049999988
3271.1855270127116,3411.862200741525,83.94851830000061
3271.1855270127116,3416.2817108050854,83.95379610000055
3271.1855270127116,3427.916812764831,83.95776120000028
3271.1855270127116,3423.283334216102,83.96150690000013
3271.1855270127116,3431.3622643008484,83.9639017999998
3271.1855270127116,3413.7921438029657,83.96728560000065
3271.1855270127116,3401.507522510593,83.96984060000068
3271.1855270127116,3406.360715042374,83.97206610000012
3271.1855270127116,3439.771489671611,83.97423170000002
3271.1855270127116,3425.549896716102,83.97637149999991
3271.1855270127116,3402.617106726695,83.97850890000063
3271.1855270127116,3426.6443869173722,83.98060090000035
3271.1855270127116,3420.7507123940686,83.98315679999996
3271.1855270127116,3437.379208156781,83.9857449000001
3271.1855270127116,3408.088952595339,83.98787119999997
3271.1855270127116,3422.677595338984,83.99493429999984
3271.1855270127116,3427.2067094809336,83.9973129
3271.1855270127116,3454.6898424258475,83.9995872999998
3271.1855270127116,3414.5882322563552,84.00190010000006
3271.1855270127116,3425.4842028601697,84.0044824000006
3271.1855270127116,3424.8875145656784,84.00677890000043
3271.1855270127116,3404.27710407839,84.00903710000057
3271.1855270127116,3412.315578654661,84.01203340000029
3271.1855270127116,3419.763874470339,84.01419669999996
3271.1855270127116,3435.684780190678,84.01630660000046
3271.1855270127116,3408.2613281249996,84.01842720000059
3271.1855270127116,3430.0656673728818,84.02067609999995
3271.1855270127116,3421.076738612288,84.02331719999984
3271.1855270127116,3419.261476430085,84.02544070000022
3271.1855270127116,3394.5759308792367,84.03486130000056
3271.1855270127116,3428.655877913136,84.03699959999994
3271.1855270127116,3405.301022245763,84.03911659999994
3271.1855270127116,3418.566046080509,84.04125440000007
3271.1855270127116,3434.206216896188,84.04338189999999
3271.1855270127116,3415.5489804025433,84.04552909999984
3271.1855270127116,3417.5123278601695,84.0476593000003
3271.1855270127116,3408.598567266949,84.04975730000024
3271.1855270127116,3422.3180323093225,84.05190570000013
3271.1855270127116,3401.4212155720343,84.05402349999986
3271.1855270127116,3458.9583448093226,84.05615649999982
3271.1855270127116,3422.9160129766965,84.05826119999983
3271.1855270127116,3425.2755309851705,84.06037340000057
3271.1855270127116,3414.6569968220338,84.06333840000025
3271.1855270127116,3413.2642809851695,84.06546320000052
3271.1855270127116,3442.5166035487287,84.06759080000029
3271.1855270127116,3436.8717002118638,84.06969300000037
3271.1855270127116,3434.8867717161024,84.07182100000045
3271.1855270127116,3422.8774059851703,84.07391700000062
3271.1855270127116,3443.736264565678,84.07602880000013
3271.1855270127116,3415.391731991525,84.07844810000006
3271.1855270127116,3417.2341141419497,84.08178150000003
3271.1855270127116,3410.5330998411014,84.0851218000007
3271.1855270127116,3411.018248146187,84.08736810000028
3271.1855270127116,3428.690365466102,84.08963949999998
3271.1855270127116,3454.180771980932,84.09278480000012
3271.1855270127116,3404.8169451800854,84.09491580000031
3271.1855270127116,3407.5573649364414,84.09707810000054
3271.1855270127116,3414.2856634004243,84.09919380000065
3271.1855270127116,3444.4134454449154,84.1014439999999
3271.1855270127116,3424.4818591101707,84.10418110000046
3271.1855270127116,3453.1265810381365,84.10707249999996
3271.1855270127116,3438.1650648834748,84.1093133000004
3271.1855270127116,3418.2088082627115,84.11151710000013
3271.1855270127116,3412.6776774364407,84.11363690000053
3271.1855270127116,3441.613808262712,84.11572909999995
3271.1855270127116,3430.5121106991523,84.11785340000006
3271.1855270127116,3414.7425119173736,84.11998360000052
3271.1855270127116,3435.4970312499995,84.12211970000044
3271.1855270127116,3423.3715227754246,84.12424790000023
3271.1855270127116,3432.538152807204,84.12637230000018
3271.1855270127116,3423.117960805085,84.12845000000016
3271.1855270127116,3436.31684851695,84.1305468999999
3271.1855270127116,3424.217170286018,84.13651879999998
3271.1855270127116,3428.6806686970353,84.13990990000002
3271.1855270127116,3437.184148569916,84.14327589999994
3271.1855270127116,3414.283399099576,84.14543850000064
3271.1855270127116,3427.9157441737293,84.14754970000013
3271.1855270127116,3406.818650688559,84.14966640000057
3271.1855270127116,3396.604412076272,84.15229110000018
3271.1855270127116,3438.515830243645,84.15454320000026
3271.1855270127116,3431.335997086864,84.15714250000019
3271.1855270127116,3414.492198093221,84.15951200000018
3271.1855270127116,3413.859406779662,84.1622997000004
3271.1855270127116,3422.6379038665264,84.16453880000063
3271.1855270127116,3437.64216101695,84.16708980000021
3271.1855270127116,3415.178441472457,84.16934700000002
3271.1855270127116,3409.7554237288136,84.17173860000003
3271.1855270127116,3422.69773967161,84.17412250000052
3271.1855270127116,3429.5289962923734,84.1763447000003
3271.1855270127116,3423.6101933262717,84.17865570000049
3271.1855270127116,3457.880938824153,84.18180380000013
3271.1855270127116,3423.748490466102,84.18490870000005
3271.1855270127116,3440.376649894067,84.1871329000005
3271.1855270127116,3457.955233050847,84.19014169999991
3271.1855270127116,3412.417016684323,84.19357870000022
3271.1855270127116,3450.2385752118653,84.19651310000063
3271.1855270127116,3423.512309322034,84.19877850000012
3271.1855270127116,3426.7853601694915,84.20123390000026
3271.1855270127116,3437.5528363347444,84.20474220000051
3271.1855270127116,3429.359381620764,84.20690040000045
3271.1855270127116,3418.089986758475,84.20902949999982
3271.1855270127116,3421.0280534957637,84.21150930000022
3271.1855270127116,3425.761289724577,84.21409649999987
3271.1855270127116,3410.814079713983,84.21624020000036
3271.1855270127116,3448.4352105402545,84.2183401000002
3271.1855270127116,3429.1676549258477,84.2204343000003
3271.1855270127116,3464.0516684322038,84.2229999000001
3271.1855270127116,3445.3392968750004,84.22601040000063
3271.1855270127116,3409.6648940677965,84.22811730000012
3271.1855270127116,3424.8928032309327,84.23035540000001
3271.1855270127116,3423.148675847458,84.23306279999997
3271.1855270127116,3423.346046080509,84.23525359999985
3271.1855270127116,3413.0638400423736,84.23749380000027
3271.1855270127116,3412.2093816207625,84.24003770000036
3271.1855270127116,3408.6996040783893,84.24274620000051
3271.1855270127116,3416.1709255826286,84.24520070000017
3271.1855270127116,3420.9698953919496,84.2477202
3271.1855270127116,3438.75084878178,84.24981639999987
3271.1855270127116,3428.281001059323,84.25223740000001
3271.1855270127116,3403.705884533899,84.25445920000038
3271.1855270127116,3421.098824152543,84.25657120000051
3271.1855270127116,3402.697525158899,84.25867910000034
3271.1855270127116,3438.3542783368657,84.26078779999989
3271.1855270127116,3398.9852264300857,84.26371449999988
3271.1855270127116,3431.9830468749997,84.26584230000026
3271.1855270127116,3417.916065942797,84.2679619999999
3271.1855270127116,3416.8905177436445,84.27006849999998
3271.1855270127116,3441.342950211865,84.27219000000059
3271.1855270127116,3393.8372033898313,84.27431940000042
3271.1855270127116,3410.9934931144076,84.2764987999999
3271.1855270127116,3400.502317266949,84.28140440000061
3271.1855270127116,3404.4538241525424,84.28488190000007
3271.1855270127116,3441.9387063029667,84.28718910000043
3271.1855270127116,3444.2680905720335,84.28949180000018
3271.1855270127116,3422.709053230933,84.29190240000025
3271.1855270127116,3418.5505707097454,84.29417530000046
3271.1855270127116,3408.8344213453393,84.29642140000033
3271.1855270127116,3415.9716167902534,84.29904870000064
3271.1855270127116,3411.0532786016956,84.3013176000004
3271.1855270127116,3413.9018299788136,84.3042830000004
3271.1855270127116,3443.166844544491,84.30704659999992
3271.1855270127116,3436.1159957627124,84.30929610000021
3271.1855270127116,3440.568731461864,84.3118000000004
3271.1855270127116,3407.807960805085,84.3150125000002
3271.1855270127116,3448.858013771186,84.31757560000005
3271.1855270127116,3419.9115770656786,84.31983670000045
3271.1855270127116,3448.424051906779,84.32239519999985
3271.1855270127116,3411.847309322034,84.32504580000023
3271.1855270127116,3418.808996292373,84.32735289999982
3271.1855270127116,3429.7536281779667,84.32961020000039
3271.1855270127116,3424.688567266949,84.33235690000038
3271.1855270127116,3418.76141154661,84.33465070000057
3271.1855270127116,3427.02682733051,84.33688510000047
3271.1855270127116,3436.444506091103,84.33902230000058
3271.1855270127116,3402.0860672669496,84.34113479999996
3271.1855270127116,3410.6014565677965,84.34407670000019
3271.1855270127116,3423.856451271187,84.34629510000013
3271.1855270127116,3439.639935116526,84.3485681000002
3271.1855270127116,3448.173154131357,84.35082590000002
3271.1855270127116,3422.4664459745763,84.35382560000016
3271.1855270127116,3422.6004674258475,84.35610600000018
3271.1855270127116,3433.9794915254242,84.35836030000064
3271.1855270127116,3426.538460010594,84.36060410000027
3271.1855270127116,3436.41887976695,84.36336590000064
3271.1855270127116,3424.682646980934,84.36598400000003
3271.1855270127116,3433.104769597458,84.36827520000043
3271.1855270127116,3425.349880826271,84.37049800000023
3271.1855270127116,3405.6860646186433,84.3733613000004
3271.1855270127116,3409.6596530720335,84.37559500000043
3271.1855270127116,3426.8222960805087,84.37771359999988
3271.1855270127116,3412.063769862289,84.37981240000045
3271.1855270127116,3446.2087738347464,84.38193630000023
3271.1855270127116,3435.057963453389,84.38403280000057
3271.1855270127116,3445.1019531250013,84.38612499999999
3271.1855270127116,3409.4940214512717,84.38822390000041
3271.1855270127116,3413.4415466101705,84.39032640000005
3271.1855270127116,3411.537492055085,84.39246800000001
3271.1855270127116,3419.9951840572035,84.39460140000028
3271.1855270127116,3425.2370643538147,84.39668710000024
3271.1855270127116,3421.0821543961874,84.39880910000011
3271.1855270127116,3437.068564618645,84.40090640000017
3271.1855270127116,3410.066600900425,84.40354360000038
3271.1855270127116,3425.2609123411025,84.40568770000027
3271.1855270127116,3441.2465664724577,84.40790580000066
3271.1855270127116,3418.695521716103,84.40998130000025
3271.1855270127116,3428.953547404662,84.41236160000062
3271.1855270127116,3393.7145789194915,84.41565850000006
3271.1855270127116,3420.97765095339,84.41839390000041
3271.1855270127116,3423.537321239408,84.42064440000013
3271.1855270127116,3409.4875979872877,84.42283620000035
3271.1855270127116,3436.5879078389835,84.42497800000001
3271.1855270127116,3407.2586692266955,84.42711719999988
3271.1855270127116,3447.566469809323,84.42925760000071
3271.1855270127116,3429.33811970339,84.43135900000016
3271.1855270127116,3423.4420722987293,84.44198779999988
3271.1855270127116,3430.8436003707648,84.44488140000067
3271.1855270127116,3410.824386917372,84.44699649999984
3271.1855270127116,3418.057778072034,84.44925340000009
3271.1855270127116,3416.07795815678,84.45135089999985
3271.1855270127116,3424.0821901483055,84.45443000000068
3271.1855270127116,3412.171851165255,84.45691669999997
3271.1855270127116,3404.630610434322,84.4590446000002
3271.1855270127116,3424.805037076271,84.46117690000028
3271.1855270127116,3420.202321239406,84.46333060000052
3271.1855270127116,3407.284853019067,84.46545400000014
3271.1855270127116,3414.7788638771194,84.46759750000001
3271.1855270127116,3423.864455773305,84.46969650000028
3271.1855270127116,3411.312738347458,84.47179490000053
3271.1855270127116,3433.333011122882,84.47522600000048
3271.1855270127116,3410.8447656249996,84.47796850000032
3271.1855270127116,3428.9310182733066,84.4802410000002
3271.1855270127116,3430.6078323622887,84.48249000000033
3271.1855270127116,3449.70782309322,84.48460630000045
3271.1855270127116,3423.45576006356,84.48673770000005
3271.1855270127116,3406.0362010063554,84.48886390000007
3271.1855270127116,3421.9746305614412,84.49095130000023
3271.1855270127116,3437.5991975635607,84.49304380000012
3271.1855270127116,3408.3909375000003,84.49515250000059
3271.1855270127116,3427.712882680086,84.49725209999997
3271.1855270127116,3452.832183527543,84.4993543999999
3271.1855270127116,3436.742428495763,84.5014557000004
3271.1855270127116,3405.28744306144,84.50354500000049
3271.1855270127116,3439.4480998411022,84.50566640000034
3271.1855270127116,3425.513121027542,84.50780570000006
3271.1855270127116,3414.0355045021183,84.5099207000003
3271.1855270127116,3431.720011917373,84.51200779999999
3271.1855270127116,3397.142873411017,84.51492940000026
3271.1855270127116,3414.4846438029663,84.51704620000055
3271.1855270127116,3417.1272656250007,84.5191703999999
3271.1855270127116,3401.2394465042375,84.52126399999997
3271.1855270127116,3443.134233315678,84.52361350000047
3271.1855270127116,3405.507236493645,84.52579220000007
3271.1855270127116,3438.4457018008475,84.52792180000051
3271.1855270127116,3409.366337394067,84.53003660000013
3271.1855270127116,3410.098065413136,84.53218930000003
3271.1855270127116,3431.607793961866,84.53559630000018
3271.1855270127116,3417.6423344809327,84.5382110999999
3271.1855270127116,3426.8915519067787,84.54046900000048
3271.1855270127116,3425.2551588983056,84.54303740000069
3271.1855270127116,3404.3385156250006,84.54620090000026
3271.1855270127116,3423.30632282839,84.54886960000022
3271.1855270127116,3430.4756329449156,84.55111949999991
3271.1855270127116,3432.8445842161013,84.55400590000045
3271.1855270127116,3416.130835540255,84.5567787
3271.1855270127116,3419.415500529661,84.55907079999997
3271.1855270127116,3454.1331144067804,84.56134320000001
3271.1855270127116,3418.789541843221,84.56400300000041
3271.1855270127116,3434.389703389832,84.56612290000066
3271.1855270127116,3422.5812261652536,84.56820740000057
3271.1855270127116,3401.460918961865,84.57034629999998
3271.1855270127116,3414.513701006356,84.57262870000068
3271.1855270127116,3430.2709123411014,84.57536540000001
3271.1855270127116,3416.1559361758473,84.57753560000037
3271.1855270127116,3448.0685090042384,84.57964249999986
3271.1855270127116,3413.2521226165254,84.58175240000037
3271.1855270127116,3447.724839777542,84.5847029000006
3271.1855270127116,3422.310173463984,84.58681660000002
3271.1855270127116,3434.3494359110177,84.58893630000057
3271.1855270127116,3415.4168630826275,84.59122639999987
3271.1855270127116,3427.883212394068,84.59380370000054
3271.1855270127116,3425.5157759533904,84.59595020000052
3271.1855270127116,3438.4617452330504,84.59820149999996
3271.1855270127116,3393.0222748940687,84.6002954000005
3271.1855270127116,3419.59309851695,84.60325069999999
3271.1855270127116,3412.6500940148303,84.60581040000034
3271.1855270127116,3409.1437367584754,84.60796860000028
3271.1855270127116,3389.7853469279667,84.61032049999994
3271.1855270127116,3405.2647828389836,84.6129389000007
3271.1855270127116,3422.9076946504256,84.61562360000062
3271.1855270127116,3424.8424165783904,84.6177314000006
3271.1855270127116,3409.2989711334753,84.61985210000057
3271.1855270127116,3454.7093379237303,84.62197130000004
3271.1855270127116,3420.0270272775433,84.62498060000053
3271.1855270127116,3425.5437963453387,84.6271142000005
3271.1855270127116,3416.4867492055096,84.62921030000052
3271.1855270127116,3429.6945775953395,84.63133819999985
3271.1855270127116,3421.557106726696,84.63414869999997
3271.1855270127116,3424.718392478813,84.63644990000012
3271.1855270127116,3466.271978283898,84.63905860000068
3271.1855270127116,3455.3351363877123,84.64143049999984
3271.1855270127116,3424.3982613877115,84.64441090000037
3271.1855270127116,3433.018826800848,84.64712910000071
3271.1855270127116,3397.1064711334748,84.6494216000001
3271.1855270127116,3420.600504502119,84.6516771000006
3271.1855270127116,3414.625011917373,84.6545885000005
3271.1855270127116,3419.2196120233048,84.6568425000005
3271.1855270127116,3419.639312764831,84.65909069999998
3271.1855270127116,3434.0586334745767,84.66800450000028
3271.1855270127116,3413.7256779661025,84.67029140000068
3271.1855270127116,3409.020556144067,84.67281439999988
3271.1855270127116,3416.9243392478816,84.6763789000006
3271.1855270127116,3432.362828389831,84.67979500000001
3271.1855270127116,3428.1746755826275,84.68311989999984
3271.1855270127116,3433.695685911017,84.68524570000045
3271.1855270127116,3418.960974576272,84.68737920000058
3271.1855270127116,3408.435556144068,84.68952700000045
3271.1855270127116,3417.297032574154,84.6917796000007
3271.1855270127116,3402.58364009534,84.6939669000003
3271.1855270127116,3435.9983792372877,84.69607869999982
3271.1855270127116,3444.0200463453393,84.6983377000006
3271.1855270127116,3433.838748675848,84.70053350000035
3271.1855270127116,3432.3227198093227,84.70263350000005
3271.1855270127116,3431.1269716631355,84.70686990000013
3271.1855270127116,3401.1700503177963,84.71043790000022
3271.1855270127116,3417.777375529661,84.71723970000039
3271.1855270127116,3435.883473252119,84.72029629999997
3271.1855270127116,3408.059985434322,84.72319500000049
3271.1855270127116,3429.2135248940685,84.72619380000015
3271.1855270127116,3400.4402211334746,84.72844239999995
3271.1855270127116,3409.926682997882,84.7307080999999
3271.1855270127116,3428.155748146187,84.73299290000068
3271.1855270127116,3397.8795868644083,84.73652670000047
3271.1855270127116,3434.1473861228815,84.73941130000003
3271.1855270127116,3420.4542386122876,84.74275060000036
3271.1855270127116,3434.344958951272,84.74613320000026
3271.1855270127116,3419.391914724576,84.74904599999991
3271.1855270127116,3428.7108050847455,84.75117099999989
3271.1855270127116,3408.835524364408,84.75346830000035
3271.1855270127116,3440.740985169492,84.75659710000036
3271.1855270127116,3412.6846398305083,84.75887469999998
3271.1855270127116,3432.121355932204,84.7611710000001
3271.1855270127116,3425.8397563559315,84.76346999999987
3271.1855270127116,3432.0879753707636,84.76558810000006
3271.1855270127116,3412.66140095339,84.7677007000002
3271.1855270127116,3440.8731700211865,84.7698220000002
3271.1855270127116,3427.244098252119,84.77229810000063
3271.1855270127116,3439.457837658899,84.77494460000071
3271.1855270127116,3407.3357587394066,84.77843370000028
3271.1855270127116,3410.640205243644,84.78168800000003
3271.1855270127116,3461.663588453391,84.78446940000049
3271.1855270127116,3457.917137182204,84.7873382000007
3271.1855270127116,3417.9394981461874,84.79005760000018
3271.1855270127116,3431.548375264831,84.79259869999987
3271.1855270127116,3426.8222669491533,84.79476630000045
3271.1855270127116,3409.4811361228813,84.7969006000003
3271.1855270127116,3413.257705243643,84.79904080000051
3271.1855270127116,3416.8852860169495,84.80130800000006
3271.1855270127116,3423.4399404131364,84.80353580000065
3271.1855270127116,3469.1955918961867,84.80565000000024
3271.1855270127116,3423.3291247351694,84.80806339999981
3271.1855270127116,3409.17255164195,84.81033780000053
3271.1855270127116,3441.058841366526,84.81272270000045
3271.1855270127116,3454.6225516419495,84.81580060000033
3271.1855270127116,3401.277284163136,84.81800699999985
3271.1855270127116,3433.4511573093228,84.82020130000001
3271.1855270127116,3428.758711599577,84.8227381000006
3271.1855270127116,3409.436231461864,84.82503220000035
3271.1855270127116,3418.2908434851697,84.82810680000057
3271.1855270127116,3407.471753177966,84.83048719999988
3271.1855270127116,3444.446583686441,84.83295110000017
3271.1855270127116,3412.4243140889835,84.8361330000007
3271.1855270127116,3431.910234375001,84.83848639999997
3271.1855270127116,3433.5371861758485,84.8408857000004
3271.1855270127116,3435.92990068856,84.84364809999988
3271.1855270127116,3417.750615730932,84.84623079999983
3271.1855270127116,3434.5468405720344,84.84957930000019
3271.1855270127116,3414.890268802967,84.85212440000032
3271.1855270127116,3425.646868379238,84.85428480000064
3271.1855270127116,3465.764563029661,84.85641709999982
3271.1855270127116,3427.9010474046618,84.85853230000066
3271.1855270127116,3416.3212725105936,84.8606376000007
3271.1855270127116,3420.631909427967,84.86275340000066
3271.1855270127116,3442.552429819916,84.86487219999981
3271.1855270127116,3413.7835288665265,84.86700990000008
3271.1855270127116,3415.055464777542,84.86909620000006
3271.1855270127116,3456.6662910487285,84.87119900000016
3271.1855270127116,3402.582445709746,84.87331600000016
3271.1855270127116,3422.664606726696,84.87669710000046
3271.1855270127116,3424.9744359110173,84.88006860000041
3271.1855270127116,3414.722518538136,84.88231429999996
3271.1855270127116,3447.5535540254236,84.88451930000065
3271.1855270127116,3406.3684811970343,84.8866267000003
3271.1855270127116,3425.5524774894084,84.88874790000045
3271.1855270127116,3439.5589168432216,84.8908592000007
3271.1855270127116,3406.2206938559316,84.89298690000032
3271.1855270127116,3402.336969014831,84.89510710000013
3271.1855270127116,3419.721721398306,84.89722630000051
3271.1855270127116,3422.675078124999,84.89936510000007
3271.1855270127116,3430.7094226694917,84.90149079999992
3271.1855270127116,3413.9225556144074,84.9036888999999
3271.1855270127116,3440.0664314088976,84.90650760000062
3271.1855270127116,3418.6362778072034,84.9086197000006
3271.1855270127116,3440.138789724577,84.91076179999982
3271.1855270127116,3422.5104780190686,84.91289270000016
3271.1855270127116,3438.3117889300847,84.91541610000058
3271.1855270127116,3401.462891949152,84.91853360000005
3271.1855270127116,3401.9361864406783,84.92064650000066
3271.1855270127116,3441.758866525424,84.92282169999999
3271.1855270127116,3410.914839777543,84.92582290000064
3271.1855270127116,3418.556522775424,84.9279475000003
3271.1855270127116,3414.9291618114403,84.93020820000038
3271.1855270127116,3435.521272510594,84.93272200000047
3271.1855270127116,3438.4117690677976,84.93564670000069
3271.1855270127116,3421.4708885063555,84.93850629999997
3271.1855270127116,3428.4062791313563,84.94071030000032
3271.1855270127116,3414.175672669492,84.9428453999999
3271.1855270127116,3473.054336599577,84.94814279999991
3271.1855270127116,3417.079144597458,84.95040740000059
3271.1855270127116,3409.765501853813,84.95264240000051
3271.1855270127116,3419.0856872351696,84.9548691
3271.1855270127116,3409.735933527543,84.95700380000017
3271.1855270127116,3416.1520206567798,84.95913030000065
3271.1855270127116,3422.700238347458,84.9612502
3271.1855270127116,3458.1228654661018,84.96334680000018
3271.1855270127116,3410.46537473517,84.96564269999999
3271.1855270127116,3420.1230813029665,84.96790810000039
3271.1855270127116,3446.6605349576294,84.97015499999998
3271.1855270127116,3402.3762049788147,84.97232010000062
3271.1855270127116,3420.9870974576274,84.97470930000054
3271.1855270127116,3424.528219014831,84.97877810000045
3271.1855270127116,3448.7545550847453,84.98091060000024
3271.1855270127116,3425.2004197563565,84.98302800000056
3271.1855270127116,3412.9053111758476,84.98515640000005
3271.1855270127116,3412.3767664194925,84.98728000000028
3271.1855270127116,3421.701468485169,84.98950940000032
3271.1855270127116,3452.1706806144057,84.99180359999991
3271.1855270127116,3400.392551641949,84.9944432000002
3271.1855270127116,3431.010529661018,84.99720310000066
3271.1855270127116,3439.1571226165256,84.99946540000019
3271.1855270127116,3422.5601046080506,85.0017628000005
3271.1855270127116,3469.9275913665256,85.0040112000006
3271.1855270127116,3449.5910540254235,85.00617000000057
3271.1855270127116,3389.6790572033906,85.00833630000034
3271.1855270127116,3430.3251893538136,85.01046750000023
3271.1855270127116,3447.470203919493,85.01260570000068
3271.1855270127116,3440.0907560911014,85.01476090000051
3271.1855270127116,3418.6475013241525,85.01759370000036
3271.1855270127116,3445.4048040254243,85.02154080000037
3271.1855270127116,3449.3793220338994,85.02487759999985
3271.1855270127116,3435.5577966101687,85.02818050000042
3271.1855270127116,3414.1633951271187,85.03154940000059
3271.1855270127116,3421.114676906781,85.05536240000038
3271.1855270127116,3459.2340982521196,85.05861760000062
3271.1855270127116,3442.695440942798,85.06189129999984
3271.1855270127116,3444.7248622881357,85.0651914
3271.1855270127116,3456.3038519597453,85.06876840000041
3271.1855270127116,3433.261484375001,85.07170330000008
3271.1855270127116,3427.740987817797,85.07394690000001
3271.1855270127116,3440.5330998411023,85.07664610000029
3271.1855270127116,3414.5632203389832,85.07877310000003
3271.1855270127116,3424.150636917374,85.08172270000068
3271.1855270127116,3420.6749470338987,85.08517610000035
3271.1855270127116,3415.5390373411024,85.09446060000028
3271.1855270127116,3436.2020325741532,85.09791440000026
3271.1855270127116,3422.3681355932204,85.10142030000043
3271.1855270127116,3464.980831567798,85.10407459999988
3271.1855270127116,3425.289780190677,85.1064720000004
3271.1855270127116,3405.390854078392,85.10859470000014
3271.1855270127116,3414.124704713983,85.11079060000066
3271.1855270127116,3427.3313625529663,85.11293810000006
3271.1855270127116,3398.0669650423733,85.11516440000014
3271.1855270127116,3434.058298463983,85.11820700000044
3271.1855270127116,3435.9203826800854,85.12176249999993
3271.1855270127116,3407.4596490995764,85.12437610000052
3271.1855270127116,3433.508948622882,85.1265186999999
3271.1855270127116,3410.907208686441,85.12967190000018
3271.1855270127116,3402.411995497881,85.13278220000029
3271.1855270127116,3447.634896716103,85.13630860000012
3271.1855270127116,3424.119476959746,85.14008090000061
3271.1855270127116,3426.241738612289,85.14222770000015
3271.1855270127116,3414.120545550848,85.14432440000019
3271.1855270127116,3412.312210010595,85.14645870000004
3271.1855270127116,3442.59592161017,85.14855520000037
3271.1855270127116,3404.682194120763,85.15067069999986
3271.1855270127116,3416.6941353283896,85.15280429999984
3271.1855270127116,3420.636631355932,85.15534910000042
3271.1855270127116,3420.9691009004246,85.15902140000071
3271.1855270127116,3451.5695471398312,85.16753590000008
3271.1855270127116,3407.6238281250007,85.17010800000025
3271.1855270127116,3394.992138506356,85.17246880000039
3271.1855270127116,3433.5825595868646,85.17456850000053
3271.1855270127116,3435.32735434322,85.17748010000014
3271.1855270127116,3433.459797404662,85.17958750000071
3271.1855270127116,3408.444127383476,85.1816985000005
3271.1855270127116,3438.173457362289,85.18380040000011
3271.1855270127116,3431.4731673728807,85.18592290000015
3271.1855270127116,3423.0940373411026,85.18809750000037
3271.1855270127116,3436.691518802966,85.19044370000029
3271.1855270127116,3407.421337394069,85.1926954999999
3271.1855270127116,3431.759792108052,85.19516180000028
3271.1855270127116,3455.146142743644,85.19791140000052
3271.1855270127116,3422.8261745233062,85.20003670000006
3271.1855270127116,3399.784723252119,85.20227410000007
3271.1855270127116,3406.5177807203386,85.20490270000028
3271.1855270127116,3414.818979078389,85.20782210000016
3271.1855270127116,3404.525309851695,85.20995840000069
3271.1855270127116,3430.591978283899,85.21217359999991
3271.1855270127116,3427.0361043432204,85.21430479999981
3271.1855270127116,3418.2219610699162,85.21685310000066
3271.1855270127116,3412.3259507415255,85.21992290000071
3271.1855270127116,3456.1795246292377,85.22210739999991
3271.1855270127116,3432.683154131357,85.22426750000068
3271.1855270127116,3419.1722285487294,85.2268339000002
3271.1855270127116,3442.936222192797,85.23018240000056
3271.1855270127116,3403.140267478814,85.23380189999989
3271.1855270127116,3419.68678628178,85.23644520000016
3271.1855270127116,3431.873589777543,85.24015130000043
3271.1855270127116,3437.6451840572045,85.24291520000043
3271.1855270127116,3425.3605746822036,85.2451641000007
3271.1855270127116,3440.5547206038145,85.24737030000051
3271.1855270127116,3421.0155389300853,85.25075610000022
3271.1855270127116,3413.340132415255,85.2531399999998
3271.1855270127116,3406.580663400425,85.25532380000004
3271.1855270127116,3439.5991459216098,85.25776279999991
3271.1855270127116,3405.681835275424,85.26110779999999
3271.1855270127116,3398.061790254238,85.26393970000026
3271.1855270127116,3399.2048185911026,85.26631869999983
3271.1855270127116,3413.9683606991525,85.26864000000023
3271.1855270127116,3423.634341896187,85.27114260000053
3271.1855270127116,3449.475107256356,85.27342779999981
3271.1855270127116,3403.3237725105937,85.27604320000046
3271.1855270127116,3442.8655481991527,85.27885730000071
3271.1855270127116,3410.5189287605926,85.28097740000067
3271.1855270127116,3434.223689088984,85.28317100000004
3271.1855270127116,3434.6120974576284,85.28537990000041
3271.1855270127116,3455.4206978283905,85.28831880000052
3271.1855270127116,3396.623663930085,85.29045940000015
3271.1855270127116,3408.448769862289,85.29257280000002
3271.1855270127116,3432.4779462394076,85.29467100000056
3271.1855270127116,3435.571835275424,85.29754400000002
3271.1855270127116,3407.981014300848,85.29979259999982
3271.1855270127116,3425.993228283899,85.30188520000047
3271.1855270127116,3456.3995021186456,85.30411470000035
3271.1855270127116,3419.8342558262716,85.30665370000042
3271.1855270127116,3432.407024629238,85.30926499999987
3271.1855270127116,3436.693543432203,85.31146780000017
3271.1855270127116,3424.8610725635594,85.31359860000066
3271.1855270127116,3430.867894597459,85.31594200000018
3271.1855270127116,3402.5378985699153,85.3191268999999
3271.1855270127116,3420.6342333156795,85.32139740000002
3271.1855270127116,3404.988502383474,85.32362629999989
3271.1855270127116,3445.610673993645,85.32589240000016
3271.1855270127116,3427.786542637712,85.32802110000011
3271.1855270127116,3412.879275688559,85.33011400000032
3271.1855270127116,3417.729210805085,85.33224680000058
3271.1855270127116,3422.759110169492,85.33438569999998
3271.1855270127116,3406.581616790255,85.33651540000028
3271.1855270127116,3424.189453125001,85.33985570000004
3271.1855270127116,3426.7380058262697,85.34341290000066
3271.1855270127116,3423.562493379237,85.34632000000056
3271.1855270127116,3431.079226694917,85.34859560000041
3271.1855270127116,3455.511577065679,85.3508595000003
3271.1855270127116,3401.685597192797,85.35345839999991
3271.1855270127116,3411.0605998411015,85.35564720000002
3271.1855270127116,3424.73184322034,85.3579647000006
3271.1855270127116,3407.491575741526,85.36022540000067
3271.1855270127116,3422.133144862288,85.3623864000001
3271.1855270127116,3427.571611493644,85.36469190000025
3271.1855270127116,3419.540029131356,85.36733580000055
3271.1855270127116,3410.149545815678,85.36951409999983
3271.1855270127116,3428.0092796610174,85.37172370000008
3271.1855270127116,3413.9210858050865,85.37389350000012
3271.1855270127116,3407.264684851695,85.37679350000053
3271.1855270127116,3410.6242703919493,85.37911540000005
3271.1855270127116,3400.747531779661,85.38129430000026
3271.1855270127116,3410.910814353814,85.38357820000056
3271.1855270127116,3431.2340995762706,85.3859024000003
3271.1855270127116,3438.266424788136,85.38808479999989
3271.1855270127116,3402.6962831038136,85.39064680000047
3271.1855270127116,3425.647907838983,85.39278569999988
3271.1855270127116,3441.177016684323,85.3949545000005
3271.1855270127116,3427.621639300847,85.39739420000024
3271.1855270127116,3445.6719849046617,85.3995562
3271.1855270127116,3442.669308792373,85.40166970000064
3271.1855270127116,3423.999273040255,85.4037599000003
3271.1855270127116,3414.8657494703402,85.40585050000027
3271.1855270127116,3423.7091445974584,85.40843420000056
3271.1855270127116,3432.3217836334743,85.41101960000015
3271.1855270127116,3414.1782229872883,85.41332370000055
3271.1855270127116,3438.3019041313564,85.41571569999996
3271.1855270127116,3434.81939618644,85.4191292000005
3271.1855270127116,3402.508902277543,85.42259590000049
3271.1855270127116,3408.6087433792372,85.42593670000042
3271.1855270127116,3436.9675304555085,85.42931550000048
3271.1855270127116,3416.307465572034,85.43253650000042
3271.1855270127116,3416.166873675848,85.43585010000061
3271.1855270127116,3430.225043697035,85.43915110000034
3271.1855270127116,3396.083923463983,85.4425624000005
3271.1855270127116,3429.7210050317804,85.44597909999993
3271.1855270127116,3431.903150158899,85.4659386000003
3271.1855270127116,3436.887364936442,85.46940540000014
3271.1855270127116,3428.9591962394074,85.47257050000007
3271.1855270127116,3436.303596398305,85.47590130000026
3271.1855270127116,3420.3409361758477,85.47996400000011
3271.1855270127116,3419.424357786017,85.48277159999998
3271.1855270127116,3415.5059573622875,85.48509819999981
3271.1855270127116,3403.418196504238,85.48789940000006
3271.1855270127116,3427.823040254238,85.49158100000022
3271.1855270127116,3423.555802436441,85.49494240000058
3271.1855270127116,3446.0271702860173,85.51755279999998
3271.1855270127116,3442.307985963984,85.52123070000016
3271.1855270127116,3423.706223516949,85.52468180000051
3271.1855270127116,3418.316039459746,85.5274900000004
3271.1855270127116,3434.462172934322,85.52961670000059
3271.1855270127116,3425.9337155720345,85.53170829999999
3271.1855270127116,3417.8195749470337,85.53384340000048
3271.1855270127116,3409.4551602224583,85.53597249999984
3271.1855270127116,3432.525700476695,85.53887870000017
3271.1855270127116,3417.841553230932,85.54098750000048
3271.1855270127116,3422.983339512712,85.54311560000042
3271.1855270127116,3425.9709388241527,85.54522960000031
3271.1855270127116,3444.8300278072047,85.54734680000001
3271.1855270127116,3415.624484904662,85.55756870000005
3271.1855270127116,3442.6036440677963,85.55968699999994
3271.1855270127116,3403.103516949153,85.56180850000055
3271.1855270127116,3436.55131223517,85.56393209999987
3271.1855270127116,3424.0435209216107,85.56606370000009
3271.1855270127116,3409.4925529661027,85.5681994000006
3271.1855270127116,3405.6154104872885,85.57035799999994
3271.1855270127116,3440.159238612289,85.57264579999992
3271.1855270127116,3395.2057044491517,85.57490980000057
3271.1855270127116,3419.5404104872896,85.57723309999983
3271.1855270127116,3428.791676377118,85.58008400000017
3271.1855270127116,3423.1789036016958,85.58220840000013
3271.1855270127116,3435.933144862289,85.58431329999985
3271.1855270127116,3423.5125503177965,85.5864276000002
3271.1855270127116,3450.1327529131354,85.58858560000044
3271.1855270127116,3428.4325516419494,85.59125570000015
3271.1855270127116,3412.7348728813563,85.59351820000029
3271.1855270127116,3430.430930879238,85.59601440000006
3271.1855270127116,3421.0200476694927,85.59904580000057
3271.1855270127116,3412.7347007415256,85.60117940000055
3271.1855270127116,3437.8586467161026,85.60491330000059
3271.1855270127116,3433.315840836865,85.60743730000013
3271.1855270127116,3463.0315889830513,85.61068030000024
3271.1855270127116,3399.076402277542,85.61411990000033
3271.1855270127116,3422.1247695974585,85.61739130000024
3271.1855270127116,3460.9980190677966,85.62015849999989
3271.1855270127116,3425.9635566737284,85.62225540000054
3271.1855270127116,3411.374801377119,85.62435180000011
3271.1855270127116,3455.6410765360165,85.62645810000049
3271.1855270127116,3421.456561175847,85.62917370000014
3271.1855270127116,3407.757917108051,85.63132500000029
3271.1855270127116,3414.5204171080513,85.63345560000016
3271.1855270127116,3437.902600635594,85.63557290000062
3271.1855270127116,3457.099300847458,85.63774290000038
3271.1855270127116,3431.3304594809324,85.63988210000025
3271.1855270127116,3425.8102502648303,85.64200560000063
3271.1855270127116,3411.5340704449163,85.6441076000001
3271.1855270127116,3429.6388704978817,85.64622770000005
3271.1855270127116,3422.3154661016956,85.6482973000002
3271.1855270127116,3425.1814764300852,85.65038450000065
3271.1855270127116,3456.9033885063564,85.65253780000057
3271.1855270127116,3442.7448252118643,85.65465300000051
3271.1855270127116,3419.304250529661,85.65677099999994
3271.1855270127116,3446.9130813029665,85.65992860000006
3271.1855270127116,3418.570789194916,85.66219350000028
3271.1855270127116,3414.461100370763,85.66444690000026
3271.1855270127116,3451.3082176906787,85.66667430000052
3271.1855270127116,3421.8712513241526,85.66882110000006
3271.1855270127116,3426.5333911546622,85.67096320000019
3271.1855270127116,3430.916340042374,85.67440660000011
3271.1855270127116,3416.011136122881,85.67724480000015
3271.1855270127116,3453.1517823093227,85.6801516000005
3271.1855270127116,3412.2612288135597,85.68226820000018
3271.1855270127116,3412.279100900424,85.68436620000011
3271.1855270127116,3413.803539459746,85.6864757000003
3271.1855270127116,3442.7920789194914,85.68862520000039
3271.1855270127116,3438.6529502118638,85.69074360000013
3271.1855270127116,3428.68873411017,85.69287350000013
3271.1855270127116,3436.9014155190675,85.69497760000013
3271.1855270127116,3422.6433090572036,85.69707740000013
3271.1855270127116,3433.8573331567786,85.69958260000021
3271.1855270127116,3404.447159692797,85.70168860000013
3271.1855270127116,3446.077407309323,85.70377730000018
3271.1855270127116,3422.355203919492,85.70588430000043
3271.1855270127116,3446.184694120763,85.7079934000003
3271.1855270127116,3399.479304819916,85.7100833000004
3271.1855270127116,3412.8775225105924,85.71219460000066
3271.1855270127116,3431.1233858580526,85.71431060000032
3271.1855270127116,3451.110201271187,85.71642930000053
3271.1855270127116,3432.912726430086,85.71860900000047
3271.1855270127116,3413.410683262712,85.72212459999992
3271.1855270127116,3410.6674245233057,85.7243210000006
3271.1855270127116,3405.539180349576,85.72644260000015
3271.1855270127116,3449.7969438559335,85.72879430000012
3271.1855270127116,3411.150957362288,85.73100700000032
3271.1855270127116,3428.6188413665254,85.73325970000042
3271.1855270127116,3417.226543961865,85.73590820000027
3271.1855270127116,3425.766705508474,85.73863119999987
3271.1855270127116,3421.607821769068,85.74119070000052
3271.1855270127116,3425.6497722457634,85.74366610000015
3271.1855270127116,3443.2698027012716,85.74602790000063
3271.1855270127116,3408.3138029661022,85.7487744
3271.1855270127116,3438.920703125001,85.75155280000035
3271.1855270127116,3402.4582375529662,85.75371069999983
3271.1855270127116,3417.9878283898306,85.75590939999984
3271.1855270127116,3421.025971927965,85.7584483999999
3271.1855270127116,3415.375871292373,85.76118889999998
3271.1855270127116,3425.640709745764,85.76333580000028
3271.1855270127116,3458.454496822034,85.76585820000037
3271.1855270127116,3411.8204992055093,85.76803360000031
3271.1855270127116,3427.6763943326278,85.77020380000067
3271.1855270127116,3432.1941538665264,85.77232920000006
3271.1855270127116,3440.62108845339,85.77445179999995
3271.1855270127116,3443.56241657839,85.77657690000069
3271.1855270127116,3412.442804555085,85.77870320000056
3271.1855270127116,3424.764194915254,85.78081010000005
3271.1855270127116,3412.281283103814,85.78291950000039
3271.1855270127116,3420.0361917372884,85.78501250000045
3271.1855270127116,3434.8528522245765,85.78709450000042
3271.1855270127116,3410.763077330509,85.78922599999987
3271.1855270127116,3431.836351959747,85.79134410000006
3271.1855270127116,3435.952563559323,85.7934796999998
3271.1855270127116,3424.2200158898313,85.79560410000067
3271.1855270127116,3418.9440982521196,85.79771609999989
3271.1855270127116,3414.994279661017,85.80066110000007
3271.1855270127116,3408.943861228814,85.80588590000025
3271.1855270127116,3423.010528336865,85.80801880000035
3271.1855270127116,3434.7840836864416,85.8101815
3271.1855270127116,3405.58057335805,85.81228960000044
3271.1855270127116,3421.2697020656788,85.81440440000006
3271.1855270127116,3432.336173199152,85.81655339999998
3271.1855270127116,3419.104659692797,85.81889349999983
3271.1855270127116,3421.4778283898304,85.82185000000027
3271.1855270127116,3410.7495405190684,85.82440029999998
3271.1855270127116,3414.979209480933,85.82666800000061
3271.1855270127116,3430.7465545550863,85.82886719999988
3271.1855270127116,3418.213534163135,85.83128370000031
3271.1855270127116,3433.7976204978813,85.83456380000007
3271.1855270127116,3421.6801403601703,85.83938200000011
3271.1855270127116,3418.114298199153,85.84276600000067
3271.1855270127116,3436.943303760593,85.8460998999999
3271.1855270127116,3428.049826536018,85.84822820000045
3271.1855270127116,3395.299717955509,85.85034160000032
3271.1855270127116,3417.410117849576,85.85249160000058
3271.1855270127116,3417.8903177966104,85.8560851000002
3271.1855270127116,3417.6000198622883,85.85967570000048
3271.1855270127116,3402.055601165254,85.8630946000003
3271.1855270127116,3414.3261679025427,85.86646350000046
3271.1855270127116,3412.2905349576276,85.86917619999986
3271.1855270127116,3428.101079184322,85.8886266999998
3271.1855270127116,3418.460987817797,85.89164810000057
3271.1855270127116,3435.043442796611,85.89548569999988
3271.1855270127116,3460.8921517478825,85.89864820000003
{"problem_size": "65", "temperature": 50.0, "k": 0.001, "num_neighbours": 20, "best_fitness": 3271.1855270127116, "task_time": 619.7, "task_cost": 8195.372934322035, "iteration": 2404, "conv_limit_reach": true, "time": 85.89939969999978, "best_gen": ["S", "S", "J", "C", "J", "C", "S", "J", "C", "J", "J", "J", "J", "C", "J", "S", "C", "J", "C", "S", "J", "J", "J", "C", "C", "J", "J", "C", "S", "C", "S", "C", "C", "C", "J", "J", "J", "J", "S", "J", "C", "J", "J", "S", "C", "J", "J", "C", "J", "C", "J", "J", "J", "J", "J", "J", "S", "S", "J", "J", "J", "S", "S", "J", "J"]}
